fantrax_player_id,season_id,player_name,premier_league_club,fantrax_position,fantrax_projected_points,team_2627,position_2627,fantrax_position_eligibility,fantrax_adp,fantrax_overall_rank,fantrax_adp_rank,fantrax_projected_points_draft,fantrax_projected_ppg,drafted_pct,rostered_pct,fantrax_ros_pct,fantrax_plus_minus_pct,fantrax_status,opening_opponent,player_name_key,is_free_agent,is_draft_eligible,draft_eligibility_status,registry_player_id,fpl_player_id,historical_player_id,canonical_name,fpl_name,current_team,current_team_code,current_position,active_epl,availability_status,injury_news,historical_team,historical_position,registry_status,match_method,identity_confidence,source,last_verified,historical_fantrax_player_id,eligibility_source,squad_match_method,current_epl_team,eligibility_reason,eligibility_override,historical_name,team_2526,position_2526,weeks_available,minutes_2526,starts_2526,fantasy_points_2526,ghost_points_2526,goals_2526,assists_2526,understat_xg_2526,understat_xa_2526,understat_npxg_2526,understat_key_passes_2526,understat_minutes_2526,understat_player_id,recent_minutes_6,recent_starts_6,recent_fp_6,fantasy_ppg_2526,ghost_ppg_2526,fantasy_fp90_2526,xgi90_2526,start_rate_2526,recent_start_rate_6,has_historical_identity,has_historical_data,historical_match_status,historical_match_method,historical_match_confidence,ghost_points_2526_authoritative,ghost_ppg_2526_authoritative,ghost_appearances_2526,ghost_source_fantasy_points_2526,ghost_fp90_2526,ghost_share_pct_2526,team_attack_rating,team_defense_rating,team_strength_rating,fixture_ease_next_3,fixture_ease_next_5,fixture_ease_next_10,projected_minutes_share,minutes_outlook,minutes_confidence,team_changed,production_score,ghost_score,attacking_score,minutes_score,team_context_score,fixture_score,draft_score,data_confidence,overall_rank,tier,value_vs_adp,adp_status,registry_player_id_ownership,canonical_name_ownership,ownership_status,current_manager_id,current_manager_name,current_fantasy_team,roster_status,lineup_status,available,ownership_change_count,last_change_event,last_change_at,drafted_manager,drafted_manager_id,drafted_round,drafted_overall_pick,still_with_drafting_manager,currently_free_agent,drafted,draft_round,overall_pick,draft_rank,adp,canonical_position,latest_roster_event,latest_roster_event_at,historical_fantasy_points,historical_points_per_appearance,historical_points_per_90,historical_ghost_points,historical_ghost_per_appearance,historical_ghost_per_90,historical_minutes,historical_starts,historical_start_percentage,historical_xg,historical_xa,historical_xgi_per_90,projected_minutes_percentage,team_strength_percentile,next_five_fixture_ease_percentile,historical_appearances,historical_points_per_start,historical_ghost_per_start,historical_xgi,historical_xg_per_90,historical_xa_per_90,historical_minutes_percentage,current_fantasy_points,current_ghost_points,current_minutes,current_starts,current_appearances,current_xg,current_xa,current_xgi,current_points_per_game,current_points_per_90,current_ghost_per_90,current_xgi_per_90,rolling_form,last_refreshed,position_group,position_assignment_source,club_id,fixture_match_id,fixture_date,fixture_kickoff_time,fixture_competition,fixture_competition_type,fixture_status,fixture_fantrax_period,fixture_completed,fixture_club_id,fixture_club,fixture_opponent_id,fixture_opponent,fixture_home_away,fixture_venue,fixture_goals_for,fixture_goals_against,fixture_overall_fixture_ease,fixture_fixture_difficulty,fixture_fixture_band,fixture_team_elo,fixture_opponent_elo,fixture_opponent_elo_rank_pl,fixture_elo_difference,feature_class,contains_prediction
06ex2,2627,Aaron Bott,NOT,G,0.0,,,,,,,,,,,,,,,,,,,,,,,,,,,,,,,,,,,,,,,,,,,,,,,,,,,,,,,,,,,,,,,,,,,,,,,,,,,,,,,,,,,,,,,,,,,,,,,,,,,,,,,Free Agent,,,,,,True,0,,,,,,,False,True,False,,,,,,,,,,,,,,,,,,,,,,,,,,,,,,,,,,,,,,,,,,,2026-08-14T20:59:07.776936+00:00,GK,first valid Fantrax position,,,,,,,,,,,,,,,,,,,,,,,,,derived feature frame,False
062og,2627,Aaron Hickey,BRF,D,11.5,BRF,D,D,,490.0,,11.5,3.83,0.0,,1.0,-1.0,FA,TOT Sat 11:30AM,aaron hickey,False,True,Matched eligible,pr_1510228b020f41c1,90.0,062og,Aaron Hickey,Aaron Hickey,Brentford,BRF,D,True,a,,BRF,D,Confirmed,Exact Name + Club,95.0,Official FPL API,2026-07-30T01:09:03.040438+00:00,062og,Player Registry,Exact Name + Club,BRF,Confirmed,False,Aaron Hickey,BRF,D,38.0,0.0,0.0,0.0,0.0,0.0,0.0,0.5498570688068865,0.6038424372673035,0.0,1.0,668.0,8942.0,0.0,0.0,0.0,0.0,0.0,,0.1554385562076004,0.0,0.0,True,True,matched by historical Fantrax ID,normalized Fantrax ID,1.0,,,,,,,29.4,35.6,32.6,45.36666666666667,47.48,44.42,0.0,Unknown / New Arrival,25.0,False,13.7,22.8,41.3,0.0,20.9,78.0,23.6,66.2,333.0,Deep,,ADP unavailable,,,Free Agent,,,,,,True,0,,,,,,,False,True,False,,,333.0,,D,,,0.0,0.0,,,,,0.0,0.0,0.0,0.5498570688068865,0.6038424372673035,0.1554385562076004,0.0,32.6,47.48,38.0,,,1.15369950607419,0.0740825392105086,0.0813560169970917,0.0,,,,,,,,,,,,,,2026-08-14T20:59:07.776936+00:00,DEF,canonical primary position,brentford,soccerdata:sofascore:16363242,2026-08-22,2026-08-22T16:30:00+00:00,Premier League,league,scheduled,1.0,False,brentford,Brentford,tottenham_hotspur,Tottenham Hotspur,H,Home,,,51.6,48.4,Neutral,,,,,derived feature frame,False
04amh,2627,Aaron Ramsdale,NEW,G,0.0,,,,,,,,,,,,,,,,,,,,,,,,,,,,,,,,,,,,,,,,,,,,,,,,,,,,,,,,,,,,,,,,,,,,,,,,,,,,,,,,,,,,,,,,,,,,,,,,,,,,,,,Free Agent,,,,,,True,0,,,,,,,False,True,False,,,,,,,,,,,,,,,,,,,,,,,,,,,,,,,,,,,,,,,,,,,2026-08-14T20:59:07.776936+00:00,GK,first valid Fantrax position,newcastle_united,soccerdata:sofascore:16363246,2026-08-23,2026-08-23T15:30:00+00:00,Premier League,league,scheduled,1.0,False,newcastle_united,Newcastle United,liverpool,Liverpool FC,H,Home,,,31.6,68.4,Very difficult,,,,,derived feature frame,False
06xzn,2627,Abdoullah Ba,SUN,M,5.5,SUN,M,M,,527.0,,4.5,4.5,0.0,,1.0,-1.0,FA,@IPS Sat 9:00AM,abdoullah ba,True,False,Inactive / historical only,pr_f872fd66151b13fc,,06xzn,Abdoullah Ba,,SUN,SUN,M,False,unverified,,SUN,M,Historical Only,Unresolved,0.0,Fantrax / historical,,06xzn,Player Registry,Unresolved,SUN,Historical Only,False,,SUN,M,38.0,0.0,0.0,0.0,0.0,0.0,0.0,0.0,0.0,0.0,0.0,0.0,,0.0,0.0,0.0,0.0,0.0,,,0.0,0.0,True,True,matched by historical Fantrax ID,normalized Fantrax ID,1.0,,,,,,,7.9,49.1,27.1,43.6,42.0,37.67,0.0,Unknown / New Arrival,25.0,False,13.7,22.8,0.0,0.0,3.8,23.7,10.27,46.2,,,,Not draft eligible,,,Free Agent,,,,,,True,0,,,,,,,False,True,False,,,,,M,,,0.0,0.0,,,,,0.0,0.0,0.0,0.0,0.0,,0.0,27.1,42.0,38.0,,,0.0,,,0.0,,,,,,,,,,,,,,2026-08-14T20:59:07.776936+00:00,MID,canonical primary position,sunderland,soccerdata:sofascore:16363636,2026-08-22,2026-08-22T14:00:00+00:00,Premier League,league,scheduled,1.0,False,sunderland,Sunderland,ipswich_town,Ipswich Town,A,Away,,,44.4,55.6,Difficult,,,,,derived feature frame,False
06r9w,2627,Abdukodir Khusanov,MCI,D,195.0,MCI,D,D,239.4,182.0,239.4,195.5,7.24,39.0,,26.0,-1.0,FA,BOU Sun 8:00AM,abdukodir khusanov,False,True,Matched eligible,pr_3c47bf23d6df03cb,393.0,06r9w,Abdukodir Khusanov,Abdukodir Khusanov,Man City,MCI,D,True,a,,MCI,D,Confirmed,Exact Name + Club,95.0,Official FPL API,2026-07-30T01:09:03.040438+00:00,06r9w,Player Registry,Exact Name + Club,MCI,Confirmed,False,Abdukodir Khusanov,MCI,D,38.0,630.0,7.0,72.5,60.5,0.0,0.0,0.6727990191429851,0.5715384930372237,0.0,6.0,1421.0,11763.0,450.0,5.0,57.5,1.9078947368421053,8.643,10.357142857142856,0.0788109613625748,0.1842105263157894,0.8333333333333334,True,True,matched by historical Fantrax ID,normalized Fantrax ID,1.0,60.5,8.643,7.0,72.5,8.642857142857144,83.44827586206897,98.2,94.1,96.1,43.93333333333333,42.42,45.38,44.4,Rotation Risk,55.0,False,62.7,94.8,22.2,44.4,96.2,30.3,57.9,79.8,132.0,Tier 5,107.4,Strong value,pr_3c47bf23d6df03cb,Abdukodir Khusanov,Rostered,acjx0vg4mrp1z5vo,yudesh,yudesh,ACTIVE,ACTIVE,False,0,,,yudesh,acjx0vg4mrp1z5vo,13.0,151.0,True,False,True,13.0,151.0,132.0,239.4,D,,,72.5,1.9078947368421053,10.357142857142856,60.5,8.643,8.642857142857144,630.0,7.0,0.1842105263157894,0.6727990191429851,0.5715384930372237,0.0788109613625748,44.4,96.1,42.42,38.0,10.357142857142858,8.642857142857142,1.2443375121802087,0.042612182774714,0.0361987785878607,18.421052631578945,,,,,,,,,,,,,,2026-08-14T20:59:07.776936+00:00,DEF,canonical primary position,manchester_city,soccerdata:sofascore:16363243,2026-08-23,2026-08-23T13:00:00+00:00,Premier League,league,scheduled,1.0,False,manchester_city,Manchester City,afc_bournemouth,Bournemouth,H,Home,,,49.6,50.4,Neutral,,,,,derived feature frame,False
060u6,2627,Abu Kamara,HUL,D,35.0,HUL,M,"D,F",,407.0,,27.0,6.75,0.0,,1.0,0.0,FA,MUN Sat 6:30AM,abu kamara,False,True,Matched eligible,pr_4226ea012c13c56b,293.0,060u6,Abu Kamara,Abu Kamara,Hull City,HUL,M,True,a,,,,New EPL Arrival,Exact Name + Club,95.0,Official FPL API,2026-07-30T01:09:03.040438+00:00,060u6,Player Registry,Exact Name + Club,HUL,New EPL Arrival,False,,,,,,,,,,,,,,,,,,,,,,,,,,False,False,no 2025/26 record for bridged ID,none,0.0,,,,,,,,,,38.13333333333333,40.5,42.74,0.0,Unknown / New Arrival,25.0,False,0.0,0.0,0.0,0.0,0.0,11.8,1.18,11.2,585.0,Deep,,ADP unavailable,,,Free Agent,,,,,,True,0,,,,,,,False,True,False,,,585.0,,M,,,,,,,,,,,,,,,0.0,,40.5,,,,,,,,,,,,,,,,,,,,,2026-08-14T20:59:07.776936+00:00,MID,canonical primary position,hull_city,soccerdata:sofascore:16363634,2026-08-22,2026-08-22T11:30:00+00:00,Premier League,league,scheduled,1.0,False,hull_city,Hull City,manchester_united,Manchester United,H,Home,,,32.0,68.0,Very difficult,,,,,derived feature frame,False
06zef,2627,Adam Aznou,EVE,D,10.0,EVE,D,D,,498.0,,10.0,10.0,0.0,,2.0,-1.0,FA,CRY Sat 9:00AM,adam aznou,False,True,Matched eligible,pr_0cbe461f3ce81ac5,235.0,06zef,Adam Aznou,Adam Aznou,Everton,EVE,D,True,a,,EVE,D,Confirmed,Exact Name + Club,95.0,Official FPL API,2026-07-30T01:09:03.040438+00:00,06zef,Player Registry,Exact Name + Club,EVE,Confirmed,False,,EVE,D,38.0,0.0,0.0,0.0,0.0,0.0,0.0,0.0,0.0,0.0,0.0,0.0,,0.0,0.0,0.0,0.0,0.0,,,0.0,0.0,True,True,matched by historical Fantrax ID,normalized Fantrax ID,1.0,,,,,,,18.7,43.5,29.0,42.06666666666666,41.9,42.48,0.0,Unknown / New Arrival,25.0,False,13.7,22.8,0.0,0.0,13.5,18.7,10.74,46.2,489.0,Deep,,ADP unavailable,,,Free Agent,,,,,,True,0,,,,,,,False,True,False,,,489.0,,D,,,0.0,0.0,,,,,0.0,0.0,0.0,0.0,0.0,,0.0,29.0,41.9,38.0,,,0.0,,,0.0,,,,,,,,,,,,,,2026-08-14T20:59:07.776936+00:00,DEF,canonical primary position,everton,soccerdata:sofascore:16363635,2026-08-22,2026-08-22T14:00:00+00:00,Premier League,league,scheduled,1.0,False,everton,Everton,crystal_palace,Crystal Palace,H,Home,,,56.0,44.0,Favorable,,,,,derived feature frame,False
06ids,2627,Adam Harrison,NEW,G,0.0,,,,,,,,,,,,,,,,,,,,,,,,,,,,,,,,,,,,,,,,,,,,,,,,,,,,,,,,,,,,,,,,,,,,,,,,,,,,,,,,,,,,,,,,,,,,,,,,,,,,,,,Free Agent,,,,,,True,0,,,,,,,False,True,False,,,,,,,,,,,,,,,,,,,,,,,,,,,,,,,,,,,,,,,,,,,2026-08-14T20:59:07.776936+00:00,GK,first valid Fantrax position,newcastle_united,soccerdata:sofascore:16363246,2026-08-23,2026-08-23T15:30:00+00:00,Premier League,league,scheduled,1.0,False,newcastle_united,Newcastle United,liverpool,Liverpool FC,H,Home,,,31.6,68.4,Very difficult,,,,,derived feature frame,False
02lp5,2627,Adam Smith,BOU,D,155.0,BOU,D,D,,219.0,,154.5,5.33,0.0,,2.0,-1.0,FA,@MCI Sun 8:00AM,adam smith,False,True,Matched eligible,pr_550394fa3afd9d07,64.0,02lp5,Adam Smith,Adam Smith,Bournemouth,BOU,D,True,a,,BOU,D,Confirmed,Exact Name + Club,95.0,Official FPL API,2026-07-30T01:09:03.040438+00:00,02lp5,Player Registry,Exact Name + Club,BOU,Confirmed,False,Adam Smith,BOU,D,38.0,88.0,1.0,6.0,6.0,0.0,0.0,0.0,0.4984638234600423,0.0,6.0,1079.0,825.0,88.0,1.0,6.0,0.1578947368421052,6.0,6.136363636363636,0.0415771493154808,0.0263157894736842,0.1666666666666666,True,True,matched by historical Fantrax ID,normalized Fantrax ID,1.0,6.0,6.0,1.0,6.0,6.136363636363636,100.0,73.4,43.8,58.6,39.93333333333333,43.7,39.440000000000005,8.1,Bench / Unknown,55.0,False,33.8,78.6,14.6,8.1,64.2,57.7,37.92,79.8,258.0,Tier 6,,ADP unavailable,,,Free Agent,,,,,,True,0,,,,,,,False,True,False,,,258.0,,D,,,6.0,0.1578947368421052,6.136363636363636,6.0,6.0,6.136363636363636,88.0,1.0,0.0263157894736842,0.0,0.4984638234600423,0.0415771493154808,8.1,58.6,43.7,38.0,6.0,6.0,0.4984638234600423,0.0,0.0415771493154808,2.5730994152046787,,,,,,,,,,,,,,2026-08-14T20:59:07.776936+00:00,DEF,canonical primary position,afc_bournemouth,soccerdata:sofascore:16363243,2026-08-23,2026-08-23T13:00:00+00:00,Premier League,league,scheduled,1.0,False,afc_bournemouth,Bournemouth,manchester_city,Manchester City,A,Away,,,16.8,83.2,Very difficult,,,,,derived feature frame,False
056ir,2627,Adam Webster,BHA,D,0.0,,,,,,,,,,,,,,,,,,,,,,,,,,,,,,,,,,,,,,,,,,,,,,,,,,,,,,,,,,,,,,,,,,,,,,,,,,,,,,,,,,,,,,,,,,,,,,,,,,,,,,,Free Agent,,,,,,True,0,,,,,,,False,True,False,,,,,,,,,,,,,,,,,,,,,,,,,,,,,,,,,,,,,,,,,,,2026-08-14T20:59:07.776936+00:00,DEF,first valid Fantrax position,brighton_hove_albion,soccerdata:sofascore:16363236,2026-08-23,2026-08-23T13:00:00+00:00,Premier League,league,scheduled,1.0,False,brighton_hove_albion,Brighton & Hove Albion,aston_villa,Aston Villa,H,Home,,,39.0,61.0,Difficult,,,,,derived feature frame,False
06jgs,2627,Adam Wharton,CRY,M,282.5,CRY,M,M,118.4,69.0,118.4,278.5,8.7,100.0,,89.0,-2.0,FA,@EVE Sat 9:00AM,adam wharton,False,True,Matched eligible,pr_9012ceb6fec27970,210.0,06jgs,Adam Wharton,Adam Wharton,Crystal Palace,CRY,M,True,d,Ankle injury - 75% chance of playing,CRY,M,Confirmed,Exact Name + Club,95.0,Official FPL API,2026-07-30T01:09:03.040438+00:00,06jgs,Player Registry,Exact Name + Club,CRY,Confirmed,False,Adam Wharton,CRY,M,38.0,2547.0,29.0,267.5,214.5,1.0,6.0,1.152096004225313,6.624566432088613,0.0,44.0,2596.0,12409.0,362.0,3.0,55.5,7.039473684210527,5.645,9.452296819787986,0.2696069411665074,0.7631578947368421,0.5,True,True,matched by historical Fantrax ID,normalized Fantrax ID,1.0,214.5,5.645,38.0,267.5,7.579505300353357,80.18691588785046,18.2,57.9,33.9,40.0,40.32,42.81,70.2,Likely Starter,90.0,False,70.4,76.3,60.8,70.2,19.2,7.1,58.38,95.5,129.0,Tier 5,-10.599999999999994,Reach,pr_9012ceb6fec27970,Adam Wharton,Rostered,acjx0vg4mrp1z5vo,yudesh,yudesh,RESERVE,RESERVE,False,0,,,yudesh,acjx0vg4mrp1z5vo,10.0,114.0,True,False,True,10.0,114.0,129.0,118.4,M,,,267.5,7.039473684210527,9.452296819787986,214.5,5.645,7.579505300353357,2547.0,29.0,0.7631578947368421,1.152096004225313,6.624566432088613,0.2696069411665074,70.2,33.9,40.32,38.0,9.224137931034482,7.396551724137931,7.776662436313925,0.0399416950617404,0.229665246104767,74.47368421052632,,,,,,,,,,,,,,2026-08-14T20:59:07.776936+00:00,MID,canonical primary position,crystal_palace,soccerdata:sofascore:16363635,2026-08-22,2026-08-22T14:00:00+00:00,Premier League,league,scheduled,1.0,False,crystal_palace,Crystal Palace,everton,Everton,A,Away,,,51.6,48.4,Neutral,,,,,derived feature frame,False
06uyc,2627,Adrien Truffert,BOU,D,349.5,BOU,D,D,65.1,19.0,65.1,345.0,9.86,100.0,,98.0,0.0,FA,@MCI Sun 8:00AM,adrien truffert,False,True,Matched eligible,pr_7fc5fe0598e32d38,61.0,06uyc,Adrien Truffert,Adrien Truffert,Bournemouth,BOU,D,True,a,,BOU,D,Confirmed,Exact Name + Club,95.0,Official FPL API,2026-07-30T01:09:03.040438+00:00,06uyc,Player Registry,Exact Name + Club,BOU,Confirmed,False,Adrien Truffert,BOU,D,38.0,3378.0,38.0,416.5,348.5,1.0,6.0,1.9886900894343849,4.408130643889307,0.0,33.0,3391.0,8640.0,540.0,6.0,94.5,10.960526315789474,9.171,11.096802841918295,0.1697770173987414,1.0,1.0,True,True,matched by historical Fantrax ID,normalized Fantrax ID,1.0,348.5,9.171,38.0,416.5,9.285079928952042,83.6734693877551,73.4,43.8,58.6,39.93333333333333,43.7,39.440000000000005,99.5,Locked Starter,90.0,False,85.7,96.5,44.2,99.5,64.2,57.7,78.9,95.5,22.0,Tier 2,43.1,Strong value,pr_7fc5fe0598e32d38,Adrien Truffert,Rostered,2dxfjlk0mrp1z5vo,nhauptma,nhauptma,ACTIVE,ACTIVE,False,0,,,nhauptma,2dxfjlk0mrp1z5vo,5.0,56.0,True,False,True,5.0,56.0,22.0,65.1,D,,,416.5,10.960526315789474,11.096802841918295,348.5,9.171,9.285079928952042,3378.0,38.0,1.0,1.9886900894343849,4.408130643889307,0.1697770173987414,99.5,58.6,43.7,38.0,10.960526315789474,9.171052631578949,6.396820733323692,0.0527815122527557,0.1169955051459857,98.7719298245614,,,,,,,,,,,,,,2026-08-14T20:59:07.776936+00:00,DEF,canonical primary position,afc_bournemouth,soccerdata:sofascore:16363243,2026-08-23,2026-08-23T13:00:00+00:00,Premier League,league,scheduled,1.0,False,afc_bournemouth,Bournemouth,manchester_city,Manchester City,A,Away,,,16.8,83.2,Very difficult,,,,,derived feature frame,False
06v0u,2627,Ahmed Abdullahi,SUN,F,0.0,SUN,F,F,,550.0,,0.0,0.0,0.0,,1.0,-1.0,FA,@IPS Sat 9:00AM,ahmed abdullahi,True,False,Inactive / historical only,pr_1a83a12a8cc412a5,,06v0u,Ahmed Abdullahi,,SUN,SUN,F,False,unverified,,SUN,F,Historical Only,Unresolved,0.0,Fantrax / historical,,06v0u,Player Registry,Unresolved,SUN,Historical Only,False,,SUN,F,38.0,0.0,0.0,0.0,0.0,0.0,0.0,0.0,0.0,0.0,0.0,0.0,,0.0,0.0,0.0,0.0,0.0,,,0.0,0.0,True,True,matched by historical Fantrax ID,normalized Fantrax ID,1.0,,,,,,,7.9,49.1,27.1,43.6,42.0,37.67,0.0,Unknown / New Arrival,25.0,False,13.7,22.8,0.0,0.0,3.8,23.7,10.27,46.2,,,,Not draft eligible,,,Free Agent,,,,,,True,0,,,,,,,False,True,False,,,,,F,,,0.0,0.0,,,,,0.0,0.0,0.0,0.0,0.0,,0.0,27.1,42.0,38.0,,,0.0,,,0.0,,,,,,,,,,,,,,2026-08-14T20:59:07.776936+00:00,FWD,canonical primary position,sunderland,soccerdata:sofascore:16363636,2026-08-22,2026-08-22T14:00:00+00:00,Premier League,league,scheduled,1.0,False,sunderland,Sunderland,ipswich_town,Ipswich Town,A,Away,,,44.4,55.6,Difficult,,,,,derived feature frame,False
06h1g,2627,Aidan Harris,NEW,G,0.0,NEW,G,G,288.1,595.0,288.1,0.0,0.0,4.0,,1.0,1.0,FA,LIV Sun 10:30AM,aidan harris,True,False,Inactive / historical only,pr_43b3efdee9bd9456,,06h1g,Aidan Harris,,NEW,NEW,G,False,unverified,,NEW,G,Historical Only,Unresolved,0.0,Fantrax / historical,,06h1g,Player Registry,Unresolved,NEW,Historical Only,False,,NEW,G,38.0,0.0,0.0,0.0,0.0,0.0,0.0,0.0,0.0,0.0,0.0,0.0,,0.0,0.0,0.0,0.0,0.0,,,0.0,0.0,True,True,matched by historical Fantrax ID,normalized Fantrax ID,1.0,,,,,,,62.2,27.4,49.3,42.16666666666666,42.86,46.68,0.0,Unknown / New Arrival,25.0,False,13.7,22.8,0.0,0.0,53.2,36.6,16.49,46.2,,,,Not draft eligible,,,Free Agent,,,,,,True,0,,,,,,,False,True,False,,,,288.1,G,,,0.0,0.0,,,,,0.0,0.0,0.0,0.0,0.0,,0.0,49.3,42.86,38.0,,,0.0,,,0.0,,,,,,,,,,,,,,2026-08-14T20:59:07.776936+00:00,GK,canonical primary position,newcastle_united,soccerdata:sofascore:16363246,2026-08-23,2026-08-23T15:30:00+00:00,Premier League,league,scheduled,1.0,False,newcastle_united,Newcastle United,liverpool,Liverpool FC,H,Home,,,31.6,68.4,Very difficult,,,,,derived feature frame,False
059tu,2627,Akin Famewo,HUL,D,32.5,,,,,,,,,,,,,,,,,,,,,,,,,,,,,,,,,,,,,,,,,,,,,,,,,,,,,,,,,,,,,,,,,,,,,,,,,,,,,,,,,,,,,,,,,,,,,,,,,,,,,,,Free Agent,,,,,,True,0,,,,,,,False,True,False,,,,,,,,,,,,,,,,,,,,,,,,,,,,,,,,,,,,,,,,,,,2026-08-14T20:59:07.776936+00:00,DEF,first valid Fantrax position,hull_city,soccerdata:sofascore:16363634,2026-08-22,2026-08-22T11:30:00+00:00,Premier League,league,scheduled,1.0,False,hull_city,Hull City,manchester_united,Manchester United,H,Home,,,32.0,68.0,Very difficult,,,,,derived feature frame,False
060wh,2627,Alejandro Garnacho,AVL,"M,F",40.5,AVL,M,"M,F",198.9,338.0,198.9,40.5,6.75,57.0,,53.0,-1.0,FA,@BHA Sun 8:00AM,alejandro garnacho,False,True,Matched eligible,pr_d978bf39fdd9f739,160.0,060wh,Alejandro Garnacho Ferreyra,Alejandro Garnacho Ferreyra,Aston Villa,AVL,M,True,a,,MUN/CHE,"M,F",Transferred,Ordered Token Expanded Name,85.0,Official FPL API,2026-07-30T01:09:03.040438+00:00,060wh,Player Registry,Ordered Token Expanded Name,AVL,Transferred,False,Alejandro Garnacho,MUN/CHE,"M,F",38.0,1256.0,14.0,141.0,108.0,1.0,4.0,4.111795756965875,4.21896393597126,0.0,29.0,1285.0,10552.0,119.0,0.0,8.5,3.710526315789474,3.484,10.103503184713375,0.5834773325792546,0.3684210526315789,0.0,True,True,matched by historical Fantrax ID,normalized Fantrax ID,1.0,108.0,3.484,31.0,141.0,7.738853503184713,76.59574468085107,57.9,54.1,59.0,40.96666666666667,44.9,48.31,20.7,Rotation Risk,60.0,True,66.7,60.4,87.8,20.7,53.4,62.1,57.92,82.0,131.0,Tier 5,67.9,Strong value,,,Free Agent,,,,,,True,0,,,tpem,,,,False,True,True,15.0,170.0,131.0,198.9,M,,,141.0,3.710526315789474,10.103503184713375,108.0,3.484,7.738853503184713,1256.0,14.0,0.3684210526315789,4.111795756965875,4.21896393597126,0.5834773325792546,20.7,59.0,44.9,38.0,10.071428571428571,7.714285714285714,8.330759692937136,0.2879856950404115,0.2954916375388431,36.72514619883041,,,,,,,,,,,,,,2026-08-14T20:59:07.776936+00:00,MID,canonical primary position,aston_villa,soccerdata:sofascore:16363236,2026-08-23,2026-08-23T13:00:00+00:00,Premier League,league,scheduled,1.0,False,aston_villa,Aston Villa,brighton_hove_albion,Brighton & Hove Albion,A,Away,,,38.5,61.5,Difficult,,,,,derived feature frame,False
06uzw,2627,Alex Cairns,LEE,G,0.0,LEE,G,G,,566.0,,0.0,0.0,0.0,,1.0,0.0,FA,@NOT Sat 9:00AM,alex cairns,True,False,Inactive / historical only,pr_a7f555b4c4cafa75,,06uzw,Alex Cairns,,LEE,LEE,G,False,unverified,,LEE,G,Historical Only,Unresolved,0.0,Fantrax / historical,,06uzw,Player Registry,Unresolved,LEE,Historical Only,False,,LEE,G,38.0,0.0,0.0,0.0,0.0,0.0,0.0,0.0,0.0,0.0,0.0,0.0,,0.0,0.0,0.0,0.0,0.0,,,0.0,0.0,True,True,matched by historical Fantrax ID,normalized Fantrax ID,1.0,,,,,,,38.1,24.1,31.1,45.56666666666666,43.0,38.71,0.0,Unknown / New Arrival,25.0,False,13.7,22.8,0.0,0.0,30.4,42.0,14.77,46.2,,,,Not draft eligible,,,Free Agent,,,,,,True,0,,,,,,,False,True,False,,,,,G,,,0.0,0.0,,,,,0.0,0.0,0.0,0.0,0.0,,0.0,31.1,43.0,38.0,,,0.0,,,0.0,,,,,,,,,,,,,,2026-08-14T20:59:07.776936+00:00,GK,canonical primary position,leeds_united,soccerdata:sofascore:16363238,2026-08-22,2026-08-22T14:00:00+00:00,Premier League,league,scheduled,1.0,False,leeds_united,Leeds United,nottingham_forest,Nottingham Forest,A,Away,,,49.5,50.5,Neutral,,,,,derived feature frame,False
038ze,2627,Alex Iwobi,FUL,"M,F",291.0,FUL,M,"M,F",69.9,50.0,69.9,291.0,8.08,100.0,,98.0,0.0,FA,CHE Mon 2:00PM,alex iwobi,False,True,Matched eligible,pr_52921f64927bcbe4,261.0,038ze,Alex Iwobi,Alex Iwobi,Fulham,FUL,M,True,a,,FUL,"M,F",Confirmed,Exact Name + Club,95.0,Official FPL API,2026-07-30T01:09:03.040438+00:00,038ze,Player Registry,Exact Name + Club,FUL,Confirmed,False,Alex Iwobi,FUL,"M,F",38.0,2239.0,27.0,230.0,183.0,3.0,3.0,2.403212903998792,3.629966888576745,0.0,42.0,2473.0,500.0,198.0,3.0,24.5,6.052631578947368,5.229,9.245198749441714,0.2195657829890005,0.7105263157894737,0.5,True,True,matched by historical Fantrax ID,normalized Fantrax ID,1.0,183.0,5.229,35.0,230.0,7.355962483251451,79.56521739130434,33.8,50.9,42.5,48.0,41.08,42.540000000000006,56.4,Likely Rotation,90.0,False,66.7,72.7,53.2,56.4,38.0,15.4,55.5,95.5,155.0,Tier 5,-85.1,Major reach,pr_52921f64927bcbe4,Alex Iwobi,Rostered,qwkltl98mrp1z5vp,epatel3,epatel3,RESERVE,RESERVE,False,0,,,Berkshire's Club,h2e8dn5dmrp1z5vp,7.0,78.0,False,False,True,7.0,78.0,155.0,69.9,M,,,230.0,6.052631578947368,9.245198749441714,183.0,5.229,7.355962483251451,2239.0,27.0,0.7105263157894737,2.403212903998792,3.629966888576745,0.2195657829890005,56.4,42.5,41.08,38.0,8.518518518518519,6.777777777777778,6.033179792575536,0.0874602350828513,0.1321055479061492,65.46783625730994,,,,,,,,,,,,,,2026-08-14T20:59:07.776936+00:00,MID,canonical primary position,fulham,soccerdata:sofascore:16363244,2026-08-24,2026-08-24T19:00:00+00:00,Premier League,league,scheduled,1.0,False,fulham,Fulham,chelsea,Chelsea,H,Home,,,35.8,64.2,Difficult,,,,,derived feature frame,False
070gu,2627,Alex Jimenez,BOU,"D,M",228.0,,,,,,,,,,,,,,,,,,,,,,,,,,,,,,,,,,,,,,,,,,,,,,,,,,,,,,,,,,,,,,,,,,,,,,,,,,,,,,,,,,,,,,,,,,,,,,,,,,,,,,,Free Agent,,,,,,True,0,,,,,,,False,True,False,,,,,,,,,,,,,,,,,,,,,,,,,,,,,,,,,,,,,,,,,,,2026-08-14T20:59:07.776936+00:00,DEF,first valid Fantrax position,afc_bournemouth,soccerdata:sofascore:16363243,2026-08-23,2026-08-23T13:00:00+00:00,Premier League,league,scheduled,1.0,False,afc_bournemouth,Bournemouth,manchester_city,Manchester City,A,Away,,,16.8,83.2,Very difficult,,,,,derived feature frame,False
06ewy,2627,Alex Murphy,NEW,D,0.5,NEW,D,D,,549.0,,0.5,0.0,0.0,,1.0,-1.0,FA,LIV Sun 10:30AM,alex murphy,False,True,Matched eligible,pr_f1c71e8c4f65f5fb,451.0,06ewy,Alex Murphy,Alex Murphy,Newcastle,NEW,D,True,a,,NEW,D,Confirmed,Exact Name + Club,95.0,Official FPL API,2026-07-30T01:09:03.040438+00:00,06ewy,Player Registry,Exact Name + Club,NEW,Confirmed,False,Alex Murphy,NEW,D,38.0,0.0,0.0,0.0,0.0,0.0,0.0,0.0,0.0,0.0,0.0,2.0,12199.0,0.0,0.0,0.0,0.0,0.0,,0.0,0.0,0.0,True,True,matched by historical Fantrax ID,normalized Fantrax ID,1.0,,,,,,,62.2,27.4,49.3,42.16666666666666,42.86,46.68,0.0,Unknown / New Arrival,25.0,False,13.7,22.8,3.8,0.0,53.2,36.6,17.07,66.2,406.0,Deep,,ADP unavailable,,,Free Agent,,,,,,True,0,,,,,,,False,True,False,,,406.0,,D,,,0.0,0.0,,,,,0.0,0.0,0.0,0.0,0.0,0.0,0.0,49.3,42.86,38.0,,,0.0,0.0,0.0,0.0,,,,,,,,,,,,,,2026-08-14T20:59:07.776936+00:00,DEF,canonical primary position,newcastle_united,soccerdata:sofascore:16363246,2026-08-23,2026-08-23T15:30:00+00:00,Premier League,league,scheduled,1.0,False,newcastle_united,Newcastle United,liverpool,Liverpool FC,H,Home,,,31.6,68.4,Very difficult,,,,,derived feature frame,False
03p9y,2627,Alex Palmer,IPS,G,33.0,IPS,G,G,,357.0,,36.5,7.3,0.0,,1.0,-1.0,FA,SUN Sat 9:00AM,alex palmer,False,True,Matched eligible,pr_cc756f3a55baab41,301.0,03p9y,Alex Palmer,Alex Palmer,Ipswich Town,IPS,G,True,a,,,,New EPL Arrival,Exact Name + Club,95.0,Official FPL API,2026-07-30T01:09:03.040438+00:00,03p9y,Player Registry,Exact Name + Club,IPS,New EPL Arrival,False,,,,,,,,,,,,,,,,,,,,,,,,,,False,False,no 2025/26 record for bridged ID,none,0.0,,,,,,,,,,38.833333333333336,43.44,41.53,0.0,Unknown / New Arrival,25.0,False,0.0,0.0,0.0,0.0,0.0,47.0,4.7,11.2,540.0,Deep,,ADP unavailable,,,Free Agent,,,,,,True,0,,,,,,,False,True,False,,,540.0,,G,,,,,,,,,,,,,,,0.0,,43.44,,,,,,,,,,,,,,,,,,,,,2026-08-14T20:59:07.776936+00:00,GK,canonical primary position,ipswich_town,soccerdata:sofascore:16363636,2026-08-22,2026-08-22T14:00:00+00:00,Premier League,league,scheduled,1.0,False,ipswich_town,Ipswich Town,sunderland,Sunderland,H,Home,,,58.8,41.2,Favorable,,,,,derived feature frame,False
06f8y,2627,Alex Scott,BOU,M,248.5,BOU,M,M,86.8,121.0,86.8,244.0,7.62,100.0,,94.0,0.0,FA,@MCI Sun 8:00AM,alex scott,False,True,Matched eligible,pr_adf9492293f2d2b3,69.0,06f8y,Alex Scott,Alex Scott,Bournemouth,BOU,M,True,a,,BOU,M,Confirmed,Exact Name + Club,95.0,Official FPL API,2026-07-30T01:09:03.040438+00:00,06f8y,Player Registry,Exact Name + Club,BOU,Confirmed,False,Alex Scott,BOU,M,38.0,2516.0,29.0,258.5,220.5,2.0,2.0,3.5001351330429302,2.8919121669605365,0.0,26.0,2915.0,12149.0,448.0,5.0,42.0,6.802631578947368,6.682,9.246820349761526,0.1973530898800384,0.7631578947368421,0.8333333333333334,True,True,matched by historical Fantrax ID,normalized Fantrax ID,1.0,220.5,6.682,33.0,258.5,7.887519872813991,85.29980657640233,73.4,43.8,58.6,39.93333333333333,43.7,39.440000000000005,77.9,Likely Starter,90.0,False,68.6,84.5,49.5,77.9,64.2,57.7,68.44,95.5,60.0,Tier 3,26.8,Strong value,pr_adf9492293f2d2b3,Alex Scott,Rostered,rx9bjhp3mrp1z5vo,KindComet,KindComet,RESERVE,RESERVE,False,0,,,KindComet,rx9bjhp3mrp1z5vo,9.0,101.0,True,False,True,9.0,101.0,60.0,86.8,M,,,258.5,6.802631578947368,9.246820349761526,220.5,6.682,7.887519872813991,2516.0,29.0,0.7631578947368421,3.5001351330429302,2.8919121669605365,0.1973530898800384,77.9,58.6,43.7,38.0,8.913793103448276,7.603448275862069,6.392047300003467,0.1080659217749103,0.089287168105128,73.5672514619883,,,,,,,,,,,,,,2026-08-14T20:59:07.776936+00:00,MID,canonical primary position,afc_bournemouth,soccerdata:sofascore:16363243,2026-08-23,2026-08-23T13:00:00+00:00,Premier League,league,scheduled,1.0,False,afc_bournemouth,Bournemouth,manchester_city,Manchester City,A,Away,,,16.8,83.2,Very difficult,,,,,derived feature frame,False
072pc,2627,Alex Toth,BOU,M,11.5,BOU,M,M,,496.0,,10.5,10.5,0.0,,2.0,-1.0,FA,@MCI Sun 8:00AM,alex toth,False,True,Matched eligible,pr_69ecf977547f6e56,76.0,072pc,Alex Tóth,Alex Tóth,Bournemouth,BOU,M,True,a,,BOU,M,Confirmed,Exact Name + Club,95.0,Official FPL API,2026-07-30T01:09:03.040438+00:00,072pc,Player Registry,Exact Name + Club,BOU,Confirmed,False,Alex Toth,BOU,M,38.0,0.0,0.0,0.0,0.0,0.0,0.0,0.1811701506376264,0.3572214804589747,0.0,5.0,136.0,14374.0,0.0,0.0,0.0,0.0,0.0,,0.3562885794021626,0.0,0.0,True,True,matched by historical Fantrax ID,normalized Fantrax ID,1.0,,,,,,,73.4,43.8,58.6,39.93333333333333,43.7,39.440000000000005,0.0,Unknown / New Arrival,25.0,False,13.7,22.8,68.8,0.0,64.2,57.7,30.02,66.2,294.0,Tier 6,,ADP unavailable,,,Free Agent,,,,,,True,0,,,,,,,False,True,False,,,294.0,,M,,,0.0,0.0,,,,,0.0,0.0,0.0,0.1811701506376264,0.3572214804589747,0.3562885794021626,0.0,58.6,43.7,38.0,,,0.5383916310966012,0.1198920114513704,0.2363965679507921,0.0,,,,,,,,,,,,,,2026-08-14T20:59:07.776936+00:00,MID,canonical primary position,afc_bournemouth,soccerdata:sofascore:16363243,2026-08-23,2026-08-23T13:00:00+00:00,Premier League,league,scheduled,1.0,False,afc_bournemouth,Bournemouth,manchester_city,Manchester City,A,Away,,,16.8,83.2,Very difficult,,,,,derived feature frame,False
0646f,2627,Alexander Isak,LIV,F,213.5,LIV,F,F,20.2,160.0,20.2,213.5,7.36,100.0,,99.0,0.0,FA,@NEW Sun 10:30AM,alexander isak,False,True,Matched eligible,pr_9648b8844d3d1944,379.0,0646f,Alexander Isak,Alexander Isak,Liverpool,LIV,F,True,a,,NEW/LIV,F,Transferred,Exact Name + Club,95.0,Official FPL API,2026-07-30T01:09:03.040438+00:00,0646f,Player Registry,Exact Name + Club,LIV,Transferred,False,Alexander Isak,NEW/LIV,F,38.0,691.0,8.0,62.0,29.0,3.0,1.0,3.245308360084891,0.8461103290319442,0.0,2.0,717.0,5232.0,172.0,2.0,15.5,1.631578947368421,0.763,8.075253256150507,0.5135671994707324,0.2105263157894736,0.3333333333333333,True,True,matched by historical Fantrax ID,normalized Fantrax ID,1.0,29.0,0.763,38.0,62.0,3.7771345875542695,46.774193548387096,83.8,61.5,74.8,46.4,49.71999999999999,50.39,17.2,Bench / Unknown,40.0,True,49.1,46.5,83.9,17.2,77.2,90.1,54.46,73.0,159.0,Tier 5,-138.8,Major reach,pr_9648b8844d3d1944,Alexander Isak,Rostered,aup99ojzmrp1z5vp,The Facerockers,The Facerockers,ACTIVE,ACTIVE,False,0,,,The Facerockers,aup99ojzmrp1z5vp,2.0,16.0,True,False,True,2.0,16.0,159.0,20.2,F,,,62.0,1.631578947368421,8.075253256150507,29.0,0.763,3.7771345875542695,691.0,8.0,0.2105263157894736,3.245308360084891,0.8461103290319442,0.5135671994707324,17.2,74.8,49.71999999999999,38.0,7.75,3.625,4.091418689116835,0.4073608820190239,0.1062063174517084,20.2046783625731,,,,,,,,,,,,,,2026-08-14T20:59:07.776936+00:00,FWD,canonical primary position,liverpool,soccerdata:sofascore:16363246,2026-08-23,2026-08-23T15:30:00+00:00,Premier League,league,scheduled,1.0,False,liverpool,Liverpool FC,newcastle_united,Newcastle United,A,Away,,,48.2,51.8,Neutral,,,,,derived feature frame,False
06nk2,2627,Alexei Rojas Fedorushchenko,ARS,G,0.0,,,,,,,,,,,,,,,,,,,,,,,,,,,,,,,,,,,,,,,,,,,,,,,,,,,,,,,,,,,,,,,,,,,,,,,,,,,,,,,,,,,,,,,,,,,,,,,,,,,,,,,Free Agent,,,,,,True,0,,,,,,,False,True,False,,,,,,,,,,,,,,,,,,,,,,,,,,,,,,,,,,,,,,,,,,,2026-08-14T20:59:07.776936+00:00,GK,first valid Fantrax position,arsenal,soccerdata:sofascore:16363633,2026-08-21,2026-08-21T19:00:00+00:00,Premier League,league,scheduled,1.0,False,arsenal,Arsenal,coventry_city,Coventry City,H,Home,,,55.2,44.8,Favorable,,,,,derived feature frame,False
0522h,2627,Alexis Mac Allister,LIV,M,259.0,LIV,M,M,134.2,101.0,134.2,258.0,8.32,100.0,,88.0,-3.0,FA,@NEW Sun 10:30AM,alexis mac allister,False,True,Matched eligible,pr_9dffcfe274072c9c,372.0,0522h,Alexis Mac Allister,Alexis Mac Allister,Liverpool,LIV,M,True,a,,LIV,M,Confirmed,Exact Name + Club,95.0,Official FPL API,2026-07-30T01:09:03.040438+00:00,0522h,Player Registry,Exact Name + Club,LIV,Confirmed,False,Alexis Mac Allister,LIV,M,38.0,2018.0,24.0,168.5,124.5,1.0,5.0,4.071707676164805,2.849602391012012,0.0,34.0,2683.0,8379.0,186.0,2.0,26.0,4.434210526315789,4.016,7.514866204162537,0.232172160285469,0.631578947368421,0.3333333333333333,True,True,matched by historical Fantrax ID,normalized Fantrax ID,1.0,124.5,4.016,31.0,168.5,5.552527254707631,73.88724035608308,83.8,61.5,74.8,46.4,49.71999999999999,50.39,49.9,Likely Rotation,75.0,False,54.3,63.5,56.1,49.9,77.2,90.1,60.92,88.8,103.0,Tier 4,31.19999999999999,Strong value,pr_9dffcfe274072c9c,Alexis Mac Allister,Rostered,aup99ojzmrp1z5vp,The Facerockers,The Facerockers,RESERVE,RESERVE,False,0,,,The Facerockers,aup99ojzmrp1z5vp,14.0,160.0,True,False,True,14.0,160.0,103.0,134.2,M,,,168.5,4.434210526315789,7.514866204162537,124.5,4.016,5.552527254707631,2018.0,24.0,0.631578947368421,4.071707676164805,2.849602391012012,0.232172160285469,49.9,74.8,49.71999999999999,38.0,7.020833333333333,5.1875,6.921310067176817,0.1365835597669893,0.0955886005184797,59.00584795321637,,,,,,,,,,,,,,2026-08-14T20:59:07.776936+00:00,MID,canonical primary position,liverpool,soccerdata:sofascore:16363246,2026-08-23,2026-08-23T15:30:00+00:00,Premier League,league,scheduled,1.0,False,liverpool,Liverpool FC,newcastle_united,Newcastle United,A,Away,,,48.2,51.8,Neutral,,,,,derived feature frame,False
075zi,2627,Alfie Cresswell,LEE,M,0.0,LEE,M,M,,,,0.0,0.0,0.0,,1.0,1.0,W <small>(Tue)</small>,@NOT Sat 9:00AM,alfie cresswell,True,False,Inactive / historical only,pr_ac27de8bd8975535,,075zi,Alfie Cresswell,,LEE,LEE,M,False,unverified,,LEE,M,Historical Only,Unresolved,0.0,Fantrax / historical,,075zi,Player Registry,Unresolved,LEE,Historical Only,False,,LEE,M,3.0,0.0,0.0,0.0,0.0,0.0,0.0,0.0,0.0,0.0,0.0,0.0,,0.0,0.0,0.0,0.0,0.0,,,0.0,0.0,True,True,matched by historical Fantrax ID,normalized Fantrax ID,1.0,,,,,,,38.1,24.1,31.1,45.56666666666666,43.0,38.71,0.0,Unknown / New Arrival,25.0,False,13.7,22.8,0.0,0.0,30.4,42.0,14.77,46.2,,,,Not draft eligible,,,Free Agent,,,,,,True,0,,,,,,,False,True,False,,,,,M,,,0.0,0.0,,,,,0.0,0.0,0.0,0.0,0.0,,0.0,31.1,43.0,3.0,,,0.0,,,0.0,,,,,,,,,,,,,,2026-08-14T20:59:07.776936+00:00,MID,canonical primary position,leeds_united,soccerdata:sofascore:16363238,2026-08-22,2026-08-22T14:00:00+00:00,Premier League,league,scheduled,1.0,False,leeds_united,Leeds United,nottingham_forest,Nottingham Forest,A,Away,,,49.5,50.5,Neutral,,,,,derived feature frame,False
072jc,2627,Alfie McNally,FUL,G,0.0,,,,,,,,,,,,,,,,,,,,,,,,,,,,,,,,,,,,,,,,,,,,,,,,,,,,,,,,,,,,,,,,,,,,,,,,,,,,,,,,,,,,,,,,,,,,,,,,,,,,,,,Free Agent,,,,,,True,0,,,,,,,False,True,False,,,,,,,,,,,,,,,,,,,,,,,,,,,,,,,,,,,,,,,,,,,2026-08-14T20:59:07.776936+00:00,GK,first valid Fantrax position,fulham,soccerdata:sofascore:16363244,2026-08-24,2026-08-24T19:00:00+00:00,Premier League,league,scheduled,1.0,False,fulham,Fulham,chelsea,Chelsea,H,Home,,,35.8,64.2,Difficult,,,,,derived feature frame,False
04sjt,2627,Alisson,LIV,G,176.5,LIV,G,G,238.2,203.0,238.2,176.5,5.35,43.0,,50.0,-1.0,FA,@NEW Sun 10:30AM,alisson becker,False,True,Matched eligible,pr_883ca333cedd9e1d,350.0,04sjt,Alisson Becker,Alisson Becker,Liverpool,LIV,G,True,a,,LIV,G,Confirmed,Explicit Player Alias,92.0,Official FPL API,2026-07-30T01:09:03.040438+00:00,04sjt,Player Registry,Explicit Player Alias,LIV,Confirmed,False,Alisson,LIV,G,38.0,2340.0,26.0,179.5,157.5,0.0,0.0,0.0,0.0,0.0,0.0,2340.0,1257.0,90.0,1.0,2.0,4.723684210526316,4.145,6.903846153846154,0.0,0.6842105263157895,0.1666666666666666,True,True,matched by historical Fantrax ID,normalized Fantrax ID,1.0,157.5,4.145,38.0,179.5,6.057692307692308,87.74373259052925,83.8,61.5,74.8,46.4,49.71999999999999,50.39,47.7,Likely Rotation,90.0,False,52.5,64.6,3.8,47.7,77.2,90.1,52.29,95.5,171.0,Tier 5,67.19999999999999,Strong value,pr_883ca333cedd9e1d,Alisson Becker,Rostered,h1vdt8ynmrp1z5vp,Pot Splashers,Pot Splashers,ACTIVE,ACTIVE,False,0,,,Pot Splashers,h1vdt8ynmrp1z5vp,14.0,168.0,True,False,True,14.0,168.0,171.0,238.2,G,,,179.5,4.723684210526316,6.903846153846154,157.5,4.145,6.057692307692308,2340.0,26.0,0.6842105263157895,0.0,0.0,0.0,47.7,74.8,49.71999999999999,38.0,6.903846153846154,6.057692307692308,0.0,0.0,0.0,68.42105263157895,,,,,,,,,,,,,,2026-08-14T20:59:07.776936+00:00,GK,canonical primary position,liverpool,soccerdata:sofascore:16363246,2026-08-23,2026-08-23T15:30:00+00:00,Premier League,league,scheduled,1.0,False,liverpool,Liverpool FC,newcastle_united,Newcastle United,A,Away,,,48.2,51.8,Neutral,,,,,derived feature frame,False
06fx0,2627,Altay Bayindir,MUN,G,5.0,MUN,G,G,,524.0,,5.0,5.0,0.0,,2.0,-1.0,FA,@HUL Sat 6:30AM,altay bayindir,False,True,Matched eligible,pr_b06dc6e731edf7e6,413.0,06fx0,Altay Bayındır,Altay Bayındır,Man Utd,MUN,G,True,a,,MUN,G,Confirmed,Explicit Player Alias,92.0,Official FPL API,2026-07-30T01:09:03.040438+00:00,06fx0,Player Registry,Explicit Player Alias,MUN,Confirmed,False,Altay Bayindir,MUN,G,38.0,270.0,3.0,12.5,18.5,0.0,0.0,0.0,0.2939172387123108,0.0,1.0,540.0,12054.0,0.0,0.0,0.0,0.3289473684210526,6.167,4.166666666666666,0.0489862064520518,0.0789473684210526,0.0,True,True,matched by historical Fantrax ID,normalized Fantrax ID,1.0,18.5,6.167,3.0,12.5,6.166666666666667,148.0,90.6,59.4,72.4,44.06666666666666,49.54,46.89,4.7,Bench / Unknown,55.0,False,33.8,81.0,15.9,4.7,83.8,84.0,42.39,79.8,229.0,Tier 6,,ADP unavailable,,,Free Agent,,,,,,True,0,,,,,,,False,True,False,,,229.0,,G,,,12.5,0.3289473684210526,4.166666666666666,18.5,6.167,6.166666666666667,270.0,3.0,0.0789473684210526,0.0,0.2939172387123108,0.0489862064520518,4.7,72.4,49.54,38.0,4.166666666666667,6.166666666666667,0.2939172387123108,0.0,0.0489862064520517,7.894736842105263,,,,,,,,,,,,,,2026-08-14T20:59:07.776936+00:00,GK,canonical primary position,manchester_united,soccerdata:sofascore:16363634,2026-08-22,2026-08-22T11:30:00+00:00,Premier League,league,scheduled,1.0,False,manchester_united,Manchester United,hull_city,Hull City,A,Away,,,49.1,50.9,Neutral,,,,,derived feature frame,False
072j3,2627,Alysson,AVL,F,15.0,AVL,F,F,,470.0,,15.0,7.5,0.0,,2.0,-1.0,FA,@BHA Sun 8:00AM,alysson edward,True,False,Inactive / historical only,pr_54c7256afba4d21a,,072j3,Alysson,,AVL,AVL,F,False,unverified,,AVL,F,Historical Only,Unresolved,0.0,Fantrax / historical,,072j3,Player Registry,Unresolved,AVL,Historical Only,False,Alysson Edward Franco da Rocha dos Santos,AVL,F,38.0,0.0,0.0,0.0,0.0,0.0,0.0,0.052795436233282,0.0,0.0,0.0,34.0,14446.0,0.0,0.0,0.0,0.0,0.0,,0.1397526253233935,0.0,0.0,True,True,matched by historical Fantrax ID,normalized Fantrax ID,1.0,,,,,,,57.9,54.1,59.0,40.96666666666667,44.9,48.31,0.0,Unknown / New Arrival,25.0,False,13.7,22.8,37.6,0.0,53.4,62.1,24.7,66.2,,,,Not draft eligible,,,Free Agent,,,,,,True,0,,,,,,,False,True,False,,,,,F,,,0.0,0.0,,,,,0.0,0.0,0.0,0.052795436233282,0.0,0.1397526253233935,0.0,59.0,44.9,38.0,,,0.052795436233282,0.1397526253233935,0.0,0.0,,,,,,,,,,,,,,2026-08-14T20:59:07.776936+00:00,FWD,canonical primary position,aston_villa,soccerdata:sofascore:16363236,2026-08-23,2026-08-23T13:00:00+00:00,Premier League,league,scheduled,1.0,False,aston_villa,Aston Villa,brighton_hove_albion,Brighton & Hove Albion,A,Away,,,38.5,61.5,Difficult,,,,,derived feature frame,False
05r34,2627,Amad Diallo,MUN,"M,F",268.5,MUN,M,"M,F",54.6,77.0,54.6,268.5,8.95,100.0,,99.0,-1.0,FA,@HUL Sat 6:30AM,amad diallo,False,True,Matched eligible,pr_9a13c659886b570d,431.0,05r34,Amad Diallo,Amad Diallo,Man Utd,MUN,M,True,a,,MUN,"M,F",Confirmed,Exact Name + Club,95.0,Official FPL API,2026-07-30T01:09:03.040438+00:00,05r34,Player Registry,Exact Name + Club,MUN,Confirmed,False,Amad Diallo,MUN,"M,F",38.0,2333.0,27.0,283.5,230.5,2.0,5.0,5.730035418644547,5.64722729474306,0.0,40.0,2341.0,8127.0,354.0,4.0,35.5,7.4605263157894735,6.066,10.936562366052293,0.4374001043164821,0.7105263157894737,0.6666666666666666,True,True,matched by historical Fantrax ID,normalized Fantrax ID,1.0,230.5,6.066,38.0,283.5,8.891984569224176,81.30511463844798,90.6,59.4,72.4,44.06666666666666,49.54,46.89,67.8,Likely Rotation,90.0,False,78.6,80.2,79.4,67.8,83.8,84.0,77.86,95.5,24.0,Tier 2,30.6,Strong value,pr_9a13c659886b570d,Amad Diallo,Rostered,w2mnqywumrp1z5vp,tpem,tpem,ACTIVE,ACTIVE,False,0,,,tpem,w2mnqywumrp1z5vp,5.0,50.0,True,False,True,5.0,50.0,24.0,54.6,M,,,283.5,7.4605263157894735,10.936562366052293,230.5,6.066,8.891984569224176,2333.0,27.0,0.7105263157894737,5.730035418644547,5.64722729474306,0.4374001043164821,67.8,72.4,49.54,38.0,10.5,8.537037037037036,11.377262713387609,0.2202918358299911,0.217108268486491,68.21637426900585,,,,,,,,,,,,,,2026-08-14T20:59:07.776936+00:00,MID,canonical primary position,manchester_united,soccerdata:sofascore:16363634,2026-08-22,2026-08-22T11:30:00+00:00,Premier League,league,scheduled,1.0,False,manchester_united,Manchester United,hull_city,Hull City,A,Away,,,49.1,50.9,Neutral,,,,,derived feature frame,False
063hu,2627,Amadou Onana,AVL,M,68.0,AVL,M,M,,249.0,,67.0,8.38,0.0,,3.0,0.0,FA,@BHA Sun 8:00AM,amadou onana,False,True,Matched eligible,pr_99f943869296d19a,48.0,063hu,Amadou Onana,Amadou Onana,Aston Villa,AVL,M,True,i,Knee injury - Unknown return date,AVL,M,Confirmed,Exact Name + Club,95.0,Official FPL API,2026-07-30T01:09:03.040438+00:00,063hu,Player Registry,Exact Name + Club,AVL,Confirmed,False,Amadou Onana,AVL,M,38.0,88.0,1.0,10.0,9.0,0.0,0.0,2.772524105384946,0.5039298757910725,0.0,7.0,1793.0,9667.0,0.0,0.0,0.0,0.2631578947368421,4.5,10.227272727272728,0.1644622745710215,0.0263157894736842,0.0,True,True,matched by historical Fantrax ID,normalized Fantrax ID,1.0,9.0,4.5,2.0,10.0,9.204545454545457,90.0,57.9,54.1,59.0,40.96666666666667,44.9,48.31,1.6,Bench / Unknown,55.0,False,54.1,67.1,43.1,1.6,53.4,62.1,44.62,79.8,212.0,Tier 6,,ADP unavailable,,,Free Agent,,,,,,True,0,,,,,,,False,True,False,,,212.0,,M,,,10.0,0.2631578947368421,10.227272727272728,9.0,4.5,9.204545454545457,88.0,1.0,0.0263157894736842,2.772524105384946,0.5039298757910725,0.1644622745710215,1.6,59.0,44.9,38.0,10.0,9.0,3.2764539811760183,0.1391674118709677,0.0252948627000538,2.5730994152046787,,,,,,,,,,,,,,2026-08-14T20:59:07.776936+00:00,MID,canonical primary position,aston_villa,soccerdata:sofascore:16363236,2026-08-23,2026-08-23T13:00:00+00:00,Premier League,league,scheduled,1.0,False,aston_villa,Aston Villa,brighton_hove_albion,Brighton & Hove Albion,A,Away,,,38.5,61.5,Difficult,,,,,derived feature frame,False
06kud,2627,Amara Nallo,LIV,D,0.0,,,,,,,,,,,,,,,,,,,,,,,,,,,,,,,,,,,,,,,,,,,,,,,,,,,,,,,,,,,,,,,,,,,,,,,,,,,,,,,,,,,,,,,,,,,,,,,,,,,,,,,Free Agent,,,,,,True,0,,,,,,,False,True,False,,,,,,,,,,,,,,,,,,,,,,,,,,,,,,,,,,,,,,,,,,,2026-08-14T20:59:07.776936+00:00,DEF,first valid Fantrax position,liverpool,soccerdata:sofascore:16363246,2026-08-23,2026-08-23T15:30:00+00:00,Premier League,league,scheduled,1.0,False,liverpool,Liverpool FC,newcastle_united,Newcastle United,A,Away,,,48.2,51.8,Neutral,,,,,derived feature frame,False
070ci,2627,Amine Adli,BOU,"M,F",33.5,BOU,M,"M,F",289.2,369.0,289.2,33.5,6.7,4.0,,8.0,-2.0,FA,@MCI Sun 8:00AM,amine adli,False,True,Matched eligible,pr_73ff6a76b2d4d0f1,77.0,070ci,Amine Adli,Amine Adli,Bournemouth,BOU,M,True,a,,BOU,"M,F",Confirmed,Exact Name + Club,95.0,Official FPL API,2026-07-30T01:09:03.040438+00:00,070ci,Player Registry,Exact Name + Club,BOU,Confirmed,False,Amine Adli,BOU,"M,F",38.0,748.0,8.0,106.5,75.5,2.0,2.0,3.574474103748798,1.277919994667172,0.0,17.0,1036.0,8211.0,50.0,0.0,6.0,2.8026315789473686,3.775,12.81417112299465,0.4215400278546692,0.2105263157894736,0.0,True,True,matched by historical Fantrax ID,normalized Fantrax ID,1.0,75.5,3.775,20.0,106.5,9.08422459893048,70.89201877934272,73.4,43.8,58.6,39.93333333333333,43.7,39.440000000000005,15.7,Bench / Unknown,55.0,False,75.5,61.5,77.2,15.7,64.2,57.7,58.79,79.8,126.0,Tier 5,163.2,Strong value,,,Free Agent,,,,,,True,0,,,,,,,False,True,False,,,126.0,289.2,M,,,106.5,2.8026315789473686,12.81417112299465,75.5,3.775,9.08422459893048,748.0,8.0,0.2105263157894736,3.574474103748798,1.277919994667172,0.4215400278546692,15.7,58.6,43.7,38.0,13.3125,9.4375,4.85239409841597,0.3105238121017295,0.1110162157529396,21.87134502923977,,,,,,,,,,,,,,2026-08-14T20:59:07.776936+00:00,MID,canonical primary position,afc_bournemouth,soccerdata:sofascore:16363243,2026-08-23,2026-08-23T13:00:00+00:00,Premier League,league,scheduled,1.0,False,afc_bournemouth,Bournemouth,manchester_city,Manchester City,A,Away,,,16.8,83.2,Very difficult,,,,,derived feature frame,False
076dm,2627,Amir Hadziahmetovic,HUL,M,0.0,,,,,,,,,,,,,,,,,,,,,,,,,,,,,,,,,,,,,,,,,,,,,,,,,,,,,,,,,,,,,,,,,,,,,,,,,,,,,,,,,,,,,,,,,,,,,,,,,,,,,,,Free Agent,,,,,,True,0,,,,,,,False,True,False,,,,,,,,,,,,,,,,,,,,,,,,,,,,,,,,,,,,,,,,,,,2026-08-14T20:59:07.776936+00:00,MID,first valid Fantrax position,hull_city,soccerdata:sofascore:16363634,2026-08-22,2026-08-22T11:30:00+00:00,Premier League,league,scheduled,1.0,False,hull_city,Hull City,manchester_united,Manchester United,H,Home,,,32.0,68.0,Very difficult,,,,,derived feature frame,False
06zbq,2627,Andre Harriman-Annous,ARS,F,0.0,ARS,F,F,,594.0,,0.0,0.0,0.0,,1.0,1.0,W <small>(Tue)</small>,COV Fri 2:00PM,andre harriman annous,True,False,Inactive / historical only,pr_a6973b9490ccd905,,06zbq,Andre Harriman-Annous,,ARS,ARS,F,False,unverified,,ARS,F,Historical Only,Unresolved,0.0,Fantrax / historical,,06zbq,Player Registry,Unresolved,ARS,Historical Only,False,,ARS,F,38.0,0.0,0.0,0.0,0.0,0.0,0.0,0.0,0.0,0.0,0.0,0.0,,0.0,0.0,0.0,0.0,0.0,,,0.0,0.0,True,True,matched by historical Fantrax ID,normalized Fantrax ID,1.0,,,,,,,86.2,100.0,90.6,40.0,43.64,45.32000000000001,0.0,Unknown / New Arrival,25.0,False,13.7,22.8,0.0,0.0,84.0,52.3,21.15,46.2,,,,Not draft eligible,,,Free Agent,,,,,,True,0,,,,,,,False,True,False,,,,,F,,,0.0,0.0,,,,,0.0,0.0,0.0,0.0,0.0,,0.0,90.6,43.64,38.0,,,0.0,,,0.0,,,,,,,,,,,,,,2026-08-14T20:59:07.776936+00:00,FWD,canonical primary position,arsenal,soccerdata:sofascore:16363633,2026-08-21,2026-08-21T19:00:00+00:00,Premier League,league,scheduled,1.0,False,arsenal,Arsenal,coventry_city,Coventry City,H,Home,,,55.2,44.8,Favorable,,,,,derived feature frame,False
06r9v,2627,Andres Garcia,AVL,D,8.0,,,,,,,,,,,,,,,,,,,,,,,,,,,,,,,,,,,,,,,,,,,,,,,,,,,,,,,,,,,,,,,,,,,,,,,,,,,,,,,,,,,,,,,,,,,,,,,,,,,,,,,Free Agent,,,,,,True,0,,,,,,,False,True,False,,,,,,,,,,,,,,,,,,,,,,,,,,,,,,,,,,,,,,,,,,,2026-08-14T20:59:07.776936+00:00,DEF,first valid Fantrax position,aston_villa,soccerdata:sofascore:16363236,2026-08-23,2026-08-23T13:00:00+00:00,Premier League,league,scheduled,1.0,False,aston_villa,Aston Villa,brighton_hove_albion,Brighton & Hove Albion,A,Away,,,38.5,61.5,Difficult,,,,,derived feature frame,False
03gu5,2627,Andrew Robertson,TOT,D,27.0,TOT,D,D,185.7,409.0,185.7,27.0,6.75,83.0,,53.0,-2.0,FA,@BRF Sat 11:30AM,andrew robertson,False,True,Matched eligible,pr_69f760b81327318e,502.0,03gu5,Andrew Robertson,Andrew Robertson,Spurs,TOT,D,True,a,,LIV,D,Transferred,Exact Name + Club,95.0,Official FPL API,2026-07-30T01:09:03.040438+00:00,03gu5,Player Registry,Exact Name + Club,TOT,Transferred,False,Andrew Robertson,LIV,D,38.0,55.0,1.0,2.0,4.0,0.0,0.0,1.0473160762339824,1.5095006115734573,0.0,20.0,1160.0,1688.0,0.0,0.0,0.0,0.0526315789473684,4.0,3.2727272727272725,0.1983737085367841,0.0263157894736842,0.0,True,True,matched by historical Fantrax ID,normalized Fantrax ID,1.0,4.0,4.0,1.0,2.0,6.545454545454545,200.0,30.7,33.2,33.3,51.5,51.620000000000005,49.47,0.0,Bench / Unknown,40.0,True,29.2,62.9,49.7,0.0,28.3,96.5,38.13,73.0,256.0,Tier 6,-70.30000000000001,Major reach,,,Free Agent,,,,,,True,0,,,,,,,False,True,False,,,256.0,185.7,D,,,2.0,0.0526315789473684,3.2727272727272725,4.0,4.0,6.545454545454545,55.0,1.0,0.0263157894736842,1.0473160762339824,1.5095006115734573,0.1983737085367841,0.0,33.3,51.620000000000005,38.0,2.0,4.0,2.55681668780744,0.0812572817767744,0.1171164267600096,1.608187134502924,,,,,,,,,,,,,,2026-08-14T20:59:07.776936+00:00,DEF,canonical primary position,tottenham_hotspur,soccerdata:sofascore:16363242,2026-08-22,2026-08-22T16:30:00+00:00,Premier League,league,scheduled,1.0,False,tottenham_hotspur,Tottenham Hotspur,brentford,Brentford,A,Away,,,55.1,44.9,Favorable,,,,,derived feature frame,False
068a0,2627,Andrey Santos,MUN,M,31.5,MUN,M,M,256.1,381.0,256.1,32.5,6.5,30.0,,20.0,-2.0,FA,@HUL Sat 6:30AM,andrey santos,False,True,Matched eligible,pr_9e304676b4df73b8,162.0,068a0,Andrey Nascimento dos Santos,Andrey Nascimento dos Santos,Man Utd,MUN,M,True,a,,CHE,M,Transferred,Ordered Token Expanded Name,85.0,Official FPL API,2026-07-30T01:09:03.040438+00:00,068a0,Player Registry,Ordered Token Expanded Name,MUN,Transferred,False,Andrey Santos,CHE,M,38.0,0.0,0.0,0.0,0.0,0.0,0.0,2.5551512390375133,0.6883775070309635,0.0,8.0,1217.0,11808.0,0.0,0.0,0.0,0.0,0.0,,0.2398665465457378,0.0,0.0,True,True,matched by historical Fantrax ID,normalized Fantrax ID,1.0,,,,,,,90.6,59.4,72.4,44.06666666666666,49.54,46.89,0.0,Unknown / New Arrival,25.0,False,13.7,22.8,57.4,0.0,83.8,84.0,32.91,66.2,285.0,Tier 6,-28.899999999999977,Major reach,,,Free Agent,,,,,,True,0,,,,,,,False,True,False,,,285.0,256.1,M,,,0.0,0.0,,,,,0.0,0.0,0.0,2.5551512390375133,0.6883775070309635,0.2398665465457378,0.0,72.4,49.54,38.0,,,3.2435287460684767,0.1889594178417224,0.0509071287040153,0.0,,,,,,,,,,,,,,2026-08-14T20:59:07.776936+00:00,MID,canonical primary position,manchester_united,soccerdata:sofascore:16363634,2026-08-22,2026-08-22T11:30:00+00:00,Premier League,league,scheduled,1.0,False,manchester_united,Manchester United,hull_city,Hull City,A,Away,,,49.1,50.9,Neutral,,,,,derived feature frame,False
044i7,2627,Angus Gunn,NOT,G,0.0,,,,,,,,,,,,,,,,,,,,,,,,,,,,,,,,,,,,,,,,,,,,,,,,,,,,,,,,,,,,,,,,,,,,,,,,,,,,,,,,,,,,,,,,,,,,,,,,,,,,,,,Free Agent,,,,,,True,0,,,,,,,False,True,False,,,,,,,,,,,,,,,,,,,,,,,,,,,,,,,,,,,,,,,,,,,2026-08-14T20:59:07.776936+00:00,GK,first valid Fantrax position,,,,,,,,,,,,,,,,,,,,,,,,,derived feature frame,False
076dw,2627,Anis Mehmeti,IPS,M,52.0,IPS,M,M,,310.0,,46.0,6.57,0.0,,2.0,0.0,FA,SUN Sat 9:00AM,anis mehmeti,False,True,Matched eligible,pr_1e8ff68f8813db76,324.0,076dw,Anis Mehmeti,Anis Mehmeti,Ipswich Town,IPS,M,True,a,,,,New EPL Arrival,Exact Name + Club,95.0,Official FPL API,2026-07-30T01:09:03.040438+00:00,076dw,Player Registry,Exact Name + Club,IPS,New EPL Arrival,False,,,,,,,,,,,,,,,,,,,,,,,,,,False,False,no 2025/26 record for bridged ID,none,0.0,,,,,,,,,,38.833333333333336,43.44,41.53,0.0,Unknown / New Arrival,25.0,False,0.0,0.0,0.0,0.0,0.0,47.0,4.7,11.2,560.0,Deep,,ADP unavailable,,,Free Agent,,,,,,True,0,,,,,,,False,True,False,,,560.0,,M,,,,,,,,,,,,,,,0.0,,43.44,,,,,,,,,,,,,,,,,,,,,2026-08-14T20:59:07.776936+00:00,MID,canonical primary position,ipswich_town,soccerdata:sofascore:16363636,2026-08-22,2026-08-22T14:00:00+00:00,Premier League,league,scheduled,1.0,False,ipswich_town,Ipswich Town,sunderland,Sunderland,H,Home,,,58.8,41.2,Favorable,,,,,derived feature frame,False
05ogb,2627,Anthony Elanga,NEW,F,53.0,NEW,M,F,163.4,281.0,163.4,53.0,7.57,91.0,,50.0,-3.0,FA,LIV Sun 10:30AM,anthony elanga,False,True,Matched eligible,pr_8493b45afe280328,454.0,05ogb,Anthony Elanga,Anthony Elanga,Newcastle,NEW,M,True,a,,NEW,"M,F",Confirmed,Exact Name + Club,95.0,Official FPL API,2026-07-30T01:09:03.040438+00:00,05ogb,Player Registry,Exact Name + Club,NEW,Confirmed,False,Anthony Elanga,NEW,"M,F",38.0,312.0,3.0,21.0,21.0,0.0,0.0,1.4534468036144963,1.7495205141603944,0.0,15.0,1289.0,9524.0,0.0,0.0,0.0,0.5526315789473685,2.333,6.057692307692308,0.2236361975172538,0.0789473684210526,0.0,True,True,matched by historical Fantrax ID,normalized Fantrax ID,1.0,21.0,2.333,9.0,21.0,6.057692307692308,100.0,62.2,27.4,49.3,42.16666666666666,42.86,46.68,5.2,Bench / Unknown,55.0,False,37.1,51.3,54.0,5.2,53.2,36.6,36.93,79.8,264.0,Tier 6,-100.6,Major reach,,,Free Agent,,,,,,True,0,,,,,,,False,True,False,,,264.0,163.4,M,,,21.0,0.5526315789473685,6.057692307692308,21.0,2.333,6.057692307692308,312.0,3.0,0.0789473684210526,1.4534468036144963,1.7495205141603944,0.2236361975172538,5.2,49.3,42.86,38.0,7.0,7.0,3.202967317774891,0.1014819335339834,0.1221542639832703,9.12280701754386,,,,,,,,,,,,,,2026-08-14T20:59:07.776936+00:00,MID,canonical primary position,newcastle_united,soccerdata:sofascore:16363246,2026-08-23,2026-08-23T15:30:00+00:00,Premier League,league,scheduled,1.0,False,newcastle_united,Newcastle United,liverpool,Liverpool FC,H,Home,,,31.6,68.4,Very difficult,,,,,derived feature frame,False
04mdn,2627,Anthony Gordon,NEW,F,0.0,,,,,,,,,,,,,,,,,,,,,,,,,,,,,,,,,,,,,,,,,,,,,,,,,,,,,,,,,,,,,,,,,,,,,,,,,,,,,,,,,,,,,,,,,,,,,,,,,,,,,,,Free Agent,,,,,,True,0,,,,,,,False,True,False,,,,,,,,,,,,,,,,,,,,,,,,,,,,,,,,,,,,,,,,,,,2026-08-14T20:59:07.776936+00:00,FWD,first valid Fantrax position,newcastle_united,soccerdata:sofascore:16363246,2026-08-23,2026-08-23T15:30:00+00:00,Premier League,league,scheduled,1.0,False,newcastle_united,Newcastle United,liverpool,Liverpool FC,H,Home,,,31.6,68.4,Very difficult,,,,,derived feature frame,False
068y0,2627,Antoine Semenyo,MCI,"M,F",268.5,MCI,M,"M,F",5.0,75.0,5.0,271.0,9.03,100.0,,100.0,0.0,FA,BOU Sun 8:00AM,antoine semenyo,False,True,Matched eligible,pr_3983246d44ca60b7,397.0,068y0,Antoine Semenyo,Antoine Semenyo,Man City,MCI,M,True,a,,BOU/MCI,"M,F",Transferred,Exact Name + Club,95.0,Official FPL API,2026-07-30T01:09:03.040438+00:00,068y0,Player Registry,Exact Name + Club,MCI,Transferred,False,Antoine Semenyo,BOU/MCI,"M,F",38.0,3190.0,37.0,457.5,264.5,17.0,6.0,12.836786897853017,4.130169393494724,0.0,38.0,3220.0,11363.0,517.0,7.0,55.0,12.039473684210526,6.961,12.907523510971789,0.4742316975842535,0.9736842105263158,1.1666666666666667,True,True,matched by historical Fantrax ID,normalized Fantrax ID,1.0,264.5,6.961,38.0,457.5,7.462382445141065,57.81420765027322,98.2,94.1,96.1,43.93333333333333,42.42,45.38,87.5,Locked Starter,75.0,True,93.8,88.1,81.2,87.5,96.2,30.3,83.69,88.8,9.0,Tier 1,-4.0,Near market,pr_3983246d44ca60b7,Antoine Semenyo,Rostered,hpsurdtbmrp1z5vo,Count Doku,Count Doku,ACTIVE,ACTIVE,False,0,,,Count Doku,hpsurdtbmrp1z5vo,1.0,4.0,True,False,True,1.0,4.0,9.0,5.0,M,,,457.5,12.039473684210526,12.907523510971789,264.5,6.961,7.462382445141065,3190.0,37.0,0.9736842105263158,12.836786897853017,4.130169393494724,0.4742316975842535,87.5,96.1,42.42,38.0,12.364864864864863,7.148648648648648,16.966956291347742,0.3587921803747738,0.1154395172094798,93.27485380116958,,,,,,,,,,,,,,2026-08-14T20:59:07.776936+00:00,MID,canonical primary position,manchester_city,soccerdata:sofascore:16363243,2026-08-23,2026-08-23T13:00:00+00:00,Premier League,league,scheduled,1.0,False,manchester_city,Manchester City,afc_bournemouth,Bournemouth,H,Home,,,49.6,50.4,Neutral,,,,,derived feature frame,False
06zbx,2627,Anton Stach,LEE,M,410.0,LEE,M,M,13.5,3.0,13.5,414.0,12.55,100.0,,97.0,0.0,FA,@NOT Sat 9:00AM,anton stach,False,True,Matched eligible,pr_4f015cdefe445308,335.0,06zbx,Anton Stach,Anton Stach,Leeds,LEE,M,True,a,,LEE,M,Confirmed,Exact Name + Club,95.0,Official FPL API,2026-07-30T01:09:03.040438+00:00,06zbx,Player Registry,Exact Name + Club,LEE,Confirmed,False,Anton Stach,LEE,M,38.0,2278.0,27.0,374.5,293.5,5.0,5.0,2.9207701720297328,5.9581449162214986,0.0,61.0,2394.0,9910.0,234.0,3.0,36.5,9.855263157894736,8.153,14.79587357330992,0.3337938003101967,0.7105263157894737,0.5,True,True,matched by historical Fantrax ID,normalized Fantrax ID,1.0,293.5,8.153,36.0,374.5,11.595697980684813,78.37116154873164,38.1,24.1,31.1,45.56666666666666,43.0,38.71,58.9,Likely Rotation,90.0,False,96.0,92.9,67.5,58.9,30.4,42.0,71.89,95.5,44.0,Tier 3,-30.5,Major reach,pr_4f015cdefe445308,Anton Stach,Rostered,2dxfjlk0mrp1z5vo,nhauptma,nhauptma,ACTIVE,ACTIVE,False,0,,,nhauptma,2dxfjlk0mrp1z5vo,1.0,8.0,True,False,True,1.0,8.0,44.0,13.5,M,,,374.5,9.855263157894736,14.79587357330992,293.5,8.153,11.595697980684813,2278.0,27.0,0.7105263157894737,2.9207701720297328,5.9581449162214986,0.3337938003101967,58.9,31.1,43.0,38.0,13.87037037037037,10.87037037037037,8.878915088251231,0.1098033899259298,0.2239904103842668,66.60818713450293,,,,,,,,,,,,,,2026-08-14T20:59:07.776936+00:00,MID,canonical primary position,leeds_united,soccerdata:sofascore:16363238,2026-08-22,2026-08-22T14:00:00+00:00,Premier League,league,scheduled,1.0,False,leeds_united,Leeds United,nottingham_forest,Nottingham Forest,A,Away,,,49.5,50.5,Neutral,,,,,derived feature frame,False
03rzp,2627,Antonee Robinson,FUL,D,376.5,FUL,D,D,62.0,10.0,62.0,376.5,11.07,100.0,,98.0,0.0,FA,CHE Mon 2:00PM,antonee robinson,False,True,Matched eligible,pr_bcba710d6cc43263,254.0,03rzp,Antonee Robinson,Antonee Robinson,Fulham,FUL,D,True,a,,FUL,"D,M",Confirmed,Exact Name + Club,95.0,Official FPL API,2026-07-30T01:09:03.040438+00:00,03rzp,Player Registry,Exact Name + Club,FUL,Confirmed,False,Antonee Robinson,FUL,"D,M",38.0,1485.0,17.0,188.0,166.0,1.0,0.0,0.9772468740120528,1.0900280550122254,0.0,21.0,1484.0,8940.0,378.0,4.0,54.5,4.947368421052632,4.368,11.393939393939394,0.1253738164502594,0.4473684210526316,0.6666666666666666,True,True,matched by historical Fantrax ID,normalized Fantrax ID,1.0,166.0,4.368,38.0,188.0,10.06060606060606,88.29787234042553,33.8,50.9,42.5,48.0,41.08,42.540000000000006,54.0,Likely Rotation,75.0,False,75.0,66.3,33.3,54.0,38.0,15.4,53.59,88.8,164.0,Tier 5,-102.0,Major reach,pr_bcba710d6cc43263,Antonee Robinson,Rostered,2dxfjlk0mrp1z5vo,nhauptma,nhauptma,ACTIVE,ACTIVE,False,0,,,nhauptma,2dxfjlk0mrp1z5vo,3.0,32.0,True,False,True,3.0,32.0,164.0,62.0,D,,,188.0,4.947368421052632,11.393939393939394,166.0,4.368,10.06060606060606,1485.0,17.0,0.4473684210526316,0.9772468740120528,1.0900280550122254,0.1253738164502594,54.0,42.5,41.08,38.0,11.058823529411764,9.764705882352942,2.0672749290242782,0.0592669937069304,0.066106822743329,43.42105263157895,,,,,,,,,,,,,,2026-08-14T20:59:07.776936+00:00,DEF,canonical primary position,fulham,soccerdata:sofascore:16363244,2026-08-24,2026-08-24T19:00:00+00:00,Premier League,league,scheduled,1.0,False,fulham,Fulham,chelsea,Chelsea,H,Home,,,35.8,64.2,Difficult,,,,,derived feature frame,False
06y4g,2627,Antoni Milambo,BRF,M,9.5,BRF,M,M,,516.0,,8.5,4.25,0.0,,2.0,0.0,FA,TOT Sat 11:30AM,antoni milambo,False,True,Matched eligible,pr_d744dad9244199c1,99.0,06y4g,Antoni Milambo,Antoni Milambo,Brentford,BRF,M,True,d,Knee injury - 75% chance of playing,BRF,M,Confirmed,Exact Name + Club,95.0,Official FPL API,2026-07-30T01:09:03.040438+00:00,06y4g,Player Registry,Exact Name + Club,BRF,Confirmed,False,Antoni Milambo,BRF,M,38.0,0.0,0.0,0.0,0.0,0.0,0.0,0.0,0.0,0.0,0.0,50.0,13780.0,0.0,0.0,0.0,0.0,0.0,,0.0,0.0,0.0,True,True,matched by historical Fantrax ID,normalized Fantrax ID,1.0,,,,,,,29.4,35.6,32.6,45.36666666666667,47.48,44.42,0.0,Unknown / New Arrival,25.0,False,13.7,22.8,3.8,0.0,20.9,78.0,17.99,66.2,396.0,Deep,,ADP unavailable,,,Free Agent,,,,,,True,0,,,,,,,False,True,False,,,396.0,,M,,,0.0,0.0,,,,,0.0,0.0,0.0,0.0,0.0,0.0,0.0,32.6,47.48,38.0,,,0.0,0.0,0.0,0.0,,,,,,,,,,,,,,2026-08-14T20:59:07.776936+00:00,MID,canonical primary position,brentford,soccerdata:sofascore:16363242,2026-08-22,2026-08-22T16:30:00+00:00,Premier League,league,scheduled,1.0,False,brentford,Brentford,tottenham_hotspur,Tottenham Hotspur,H,Home,,,51.6,48.4,Neutral,,,,,derived feature frame,False
06r6s,2627,Antonin Kinsky,TOT,G,12.0,TOT,G,G,256.7,216.0,256.7,159.5,6.38,30.0,,22.0,3.0,FA,@BRF Sat 11:30AM,antonin kinsky,False,True,Matched eligible,pr_338677b0fe674e21,496.0,06r6s,Antonín Kinský,Antonín Kinský,Spurs,TOT,G,True,a,,TOT,G,Confirmed,Exact Name + Club,95.0,Official FPL API,2026-07-30T01:09:03.040438+00:00,06r6s,Player Registry,Exact Name + Club,TOT,Confirmed,False,,TOT,G,38.0,0.0,0.0,0.0,0.0,0.0,0.0,0.0,0.0,0.0,0.0,0.0,,0.0,0.0,0.0,0.0,0.0,,,0.0,0.0,True,True,matched by historical Fantrax ID,normalized Fantrax ID,1.0,,,,,,,30.7,33.2,33.3,51.5,51.620000000000005,49.47,0.0,Unknown / New Arrival,25.0,False,13.7,22.8,0.0,0.0,28.3,96.5,20.0,46.2,379.0,Deep,-122.3,Major reach,pr_338677b0fe674e21,Antonín Kinský,Rostered,hpsurdtbmrp1z5vo,Count Doku,Count Doku,ACTIVE,ACTIVE,False,0,,,Count Doku,hpsurdtbmrp1z5vo,10.0,117.0,True,False,True,10.0,117.0,379.0,256.7,G,,,0.0,0.0,,,,,0.0,0.0,0.0,0.0,0.0,,0.0,33.3,51.620000000000005,38.0,,,0.0,,,0.0,,,,,,,,,,,,,,2026-08-14T20:59:07.776936+00:00,GK,canonical primary position,tottenham_hotspur,soccerdata:sofascore:16363242,2026-08-22,2026-08-22T16:30:00+00:00,Premier League,league,scheduled,1.0,False,tottenham_hotspur,Tottenham Hotspur,brentford,Brentford,A,Away,,,55.1,44.9,Favorable,,,,,derived feature frame,False
06uzy,2627,Ao Tanaka,LEE,M,32.0,LEE,M,M,287.9,383.0,287.9,32.0,5.33,4.0,,4.0,-2.0,FA,@NOT Sat 9:00AM,ao tanaka,False,True,Matched eligible,pr_6a464e0bcff04ad8,345.0,06uzy,Tanaka Ao,Tanaka Ao,Leeds,LEE,M,True,a,,LEE,M,Confirmed,Explicit Player Alias,92.0,Official FPL API,2026-07-30T01:09:03.040438+00:00,06uzy,Player Registry,Explicit Player Alias,LEE,Confirmed,False,Ao Tanaka,LEE,M,38.0,0.0,0.0,0.0,0.0,0.0,0.0,2.198185000568628,1.3577267043292516,0.0,18.0,1330.0,13834.0,0.0,0.0,0.0,0.0,0.0,,0.2406256040908339,0.0,0.0,True,True,matched by historical Fantrax ID,normalized Fantrax ID,1.0,,,,,,,38.1,24.1,31.1,45.56666666666666,43.0,38.71,0.0,Unknown / New Arrival,25.0,False,13.7,22.8,57.7,0.0,30.4,42.0,23.42,66.2,335.0,Deep,-47.10000000000002,Major reach,,,Free Agent,,,,,,True,0,,,,,,,False,True,False,,,335.0,287.9,M,,,0.0,0.0,,,,,0.0,0.0,0.0,2.198185000568628,1.3577267043292516,0.2406256040908339,0.0,31.1,43.0,38.0,,,3.55591170489788,0.1487493609407342,0.0918762431500997,0.0,,,,,,,,,,,,,,2026-08-14T20:59:07.776936+00:00,MID,canonical primary position,leeds_united,soccerdata:sofascore:16363238,2026-08-22,2026-08-22T14:00:00+00:00,Premier League,league,scheduled,1.0,False,leeds_united,Leeds United,nottingham_forest,Nottingham Forest,A,Away,,,49.5,50.5,Neutral,,,,,derived feature frame,False
05y7c,2627,Archie Gray,TOT,M,26.0,TOT,M,M,,415.0,,25.0,6.25,0.0,,6.0,-2.0,FA,@BRF Sat 11:30AM,archie gray,False,True,Matched eligible,pr_f91c6aa94afb5d40,522.0,05y7c,Archie Gray,Archie Gray,Spurs,TOT,M,True,a,,TOT,"D,M",Confirmed,Exact Name + Club,95.0,Official FPL API,2026-07-30T01:09:03.040438+00:00,05y7c,Player Registry,Exact Name + Club,TOT,Confirmed,False,Archie Gray,TOT,"D,M",38.0,0.0,0.0,0.0,0.0,0.0,0.0,1.5885395640507338,1.6584226582199333,0.0,8.0,1497.0,10184.0,0.0,0.0,0.0,0.0,0.0,,0.195208149635511,0.0,0.0,True,True,matched by historical Fantrax ID,normalized Fantrax ID,1.0,,,,,,,30.7,33.2,33.3,51.5,51.620000000000005,49.47,0.0,Unknown / New Arrival,25.0,False,13.7,22.8,48.9,0.0,28.3,96.5,27.34,66.2,309.0,Deep,,ADP unavailable,,,Free Agent,,,,,,True,0,,,,,,,False,True,False,,,309.0,,M,,,0.0,0.0,,,,,0.0,0.0,0.0,1.5885395640507338,1.6584226582199333,0.195208149635511,0.0,33.3,51.620000000000005,38.0,,,3.246962222270667,0.0955033806042525,0.0997047690312585,0.0,,,,,,,,,,,,,,2026-08-14T20:59:07.776936+00:00,MID,canonical primary position,tottenham_hotspur,soccerdata:sofascore:16363242,2026-08-22,2026-08-22T16:30:00+00:00,Premier League,league,scheduled,1.0,False,tottenham_hotspur,Tottenham Hotspur,brentford,Brentford,A,Away,,,55.1,44.9,Favorable,,,,,derived feature frame,False
076df,2627,Archie Howard,HUL,G,0.0,,,,,,,,,,,,,,,,,,,,,,,,,,,,,,,,,,,,,,,,,,,,,,,,,,,,,,,,,,,,,,,,,,,,,,,,,,,,,,,,,,,,,,,,,,,,,,,,,,,,,,,Free Agent,,,,,,True,0,,,,,,,False,True,False,,,,,,,,,,,,,,,,,,,,,,,,,,,,,,,,,,,,,,,,,,,2026-08-14T20:59:07.776936+00:00,GK,first valid Fantrax position,hull_city,soccerdata:sofascore:16363634,2026-08-22,2026-08-22T11:30:00+00:00,Premier League,league,scheduled,1.0,False,hull_city,Hull City,manchester_united,Manchester United,H,Home,,,32.0,68.0,Very difficult,,,,,derived feature frame,False
0700q,2627,Archie Whitehall,NOT,M,0.0,,,,,,,,,,,,,,,,,,,,,,,,,,,,,,,,,,,,,,,,,,,,,,,,,,,,,,,,,,,,,,,,,,,,,,,,,,,,,,,,,,,,,,,,,,,,,,,,,,,,,,,Free Agent,,,,,,True,0,,,,,,,False,True,False,,,,,,,,,,,,,,,,,,,,,,,,,,,,,,,,,,,,,,,,,,,2026-08-14T20:59:07.776936+00:00,MID,first valid Fantrax position,,,,,,,,,,,,,,,,,,,,,,,,,derived feature frame,False
04gw6,2627,Arijanet Muric,IPS,G,0.0,,,,,,,,,,,,,,,,,,,,,,,,,,,,,,,,,,,,,,,,,,,,,,,,,,,,,,,,,,,,,,,,,,,,,,,,,,,,,,,,,,,,,,,,,,,,,,,,,,,,,,,Free Agent,,,,,,True,0,,,,,,,False,True,False,,,,,,,,,,,,,,,,,,,,,,,,,,,,,,,,,,,,,,,,,,,2026-08-14T20:59:07.776936+00:00,GK,first valid Fantrax position,ipswich_town,soccerdata:sofascore:16363636,2026-08-22,2026-08-22T14:00:00+00:00,Premier League,league,scheduled,1.0,False,ipswich_town,Ipswich Town,sunderland,Sunderland,H,Home,,,58.8,41.2,Favorable,,,,,derived feature frame,False
06v04,2627,Armin Pecsi,LIV,G,0.0,,,,,,,,,,,,,,,,,,,,,,,,,,,,,,,,,,,,,,,,,,,,,,,,,,,,,,,,,,,,,,,,,,,,,,,,,,,,,,,,,,,,,,,,,,,,,,,,,,,,,,,Free Agent,,,,,,True,0,,,,,,,False,True,False,,,,,,,,,,,,,,,,,,,,,,,,,,,,,,,,,,,,,,,,,,,2026-08-14T20:59:07.776936+00:00,GK,first valid Fantrax position,liverpool,soccerdata:sofascore:16363246,2026-08-23,2026-08-23T15:30:00+00:00,Premier League,league,scheduled,1.0,False,liverpool,Liverpool FC,newcastle_united,Newcastle United,A,Away,,,48.2,51.8,Neutral,,,,,derived feature frame,False
02lny,2627,Ashley Young,IPS,D,0.0,,,,,,,,,,,,,,,,,,,,,,,,,,,,,,,,,,,,,,,,,,,,,,,,,,,,,,,,,,,,,,,,,,,,,,,,,,,,,,,,,,,,,,,,,,,,,,,,,,,,,,,Free Agent,,,,,,True,0,,,,,,,False,True,False,,,,,,,,,,,,,,,,,,,,,,,,,,,,,,,,,,,,,,,,,,,2026-08-14T20:59:07.776936+00:00,DEF,first valid Fantrax position,ipswich_town,soccerdata:sofascore:16363636,2026-08-22,2026-08-22T14:00:00+00:00,Premier League,league,scheduled,1.0,False,ipswich_town,Ipswich Town,sunderland,Sunderland,H,Home,,,58.8,41.2,Favorable,,,,,derived feature frame,False
06kqy,2627,Ayden Heaven,MUN,D,13.0,MUN,D,D,,480.0,,13.0,6.5,0.0,,5.0,-2.0,FA,@HUL Sat 6:30AM,ayden heaven,False,True,Matched eligible,pr_2677baa48032bbaf,421.0,06kqy,Ayden Heaven,Ayden Heaven,Man Utd,MUN,D,True,a,,MUN,D,Confirmed,Exact Name + Club,95.0,Official FPL API,2026-07-30T01:09:03.040438+00:00,06kqy,Player Registry,Exact Name + Club,MUN,Confirmed,False,Ayden Heaven,MUN,D,38.0,254.0,3.0,10.5,12.5,0.0,0.0,0.2150531085208056,0.3654707893729209,0.0,2.0,923.0,13080.0,180.0,2.0,7.0,0.2763157894736842,2.083,3.720472440944882,0.0566057971944045,0.0789473684210526,0.3333333333333333,True,True,matched by historical Fantrax ID,normalized Fantrax ID,1.0,12.5,2.083,6.0,10.5,4.429133858267717,119.04761904761904,90.6,59.4,72.4,44.06666666666666,49.54,46.89,17.9,Bench / Unknown,55.0,False,32.2,50.6,18.0,17.9,83.8,84.0,40.32,79.8,241.0,Tier 6,,ADP unavailable,,,Free Agent,,,,,,True,0,,,,,,,False,True,False,,,241.0,,D,,,10.5,0.2763157894736842,3.720472440944882,12.5,2.083,4.429133858267717,254.0,3.0,0.0789473684210526,0.2150531085208056,0.3654707893729209,0.0566057971944045,17.9,72.4,49.54,38.0,3.5,4.166666666666667,0.5805238978937265,0.0209694255329062,0.0356363716614982,7.426900584795322,,,,,,,,,,,,,,2026-08-14T20:59:07.776936+00:00,DEF,canonical primary position,manchester_united,soccerdata:sofascore:16363634,2026-08-22,2026-08-22T11:30:00+00:00,Premier League,league,scheduled,1.0,False,manchester_united,Manchester United,hull_city,Hull City,A,Away,,,49.1,50.9,Neutral,,,,,derived feature frame,False
076du,2627,Azor Matusiwa,IPS,M,221.0,IPS,M,M,,155.0,,216.0,6.75,0.0,,6.0,-1.0,FA,SUN Sat 9:00AM,azor matusiwa,False,True,Matched eligible,pr_bcf88d9daa275568,310.0,076du,Azor Matusiwa,Azor Matusiwa,Ipswich Town,IPS,M,True,i,Muscular injury - Unknown return date,,,New EPL Arrival,Exact Name + Club,95.0,Official FPL API,2026-07-30T01:09:03.040438+00:00,076du,Player Registry,Exact Name + Club,IPS,New EPL Arrival,False,,,,,,,,,,,,,,,,,,,,,,,,,,False,False,no 2025/26 record for bridged ID,none,0.0,,,,,,,,,,38.833333333333336,43.44,41.53,0.0,Unknown / New Arrival,25.0,False,0.0,0.0,0.0,0.0,0.0,47.0,4.7,11.2,558.0,Deep,,ADP unavailable,,,Free Agent,,,,,,True,0,,,,,,,False,True,False,,,558.0,,M,,,,,,,,,,,,,,,0.0,,43.44,,,,,,,,,,,,,,,,,,,,,2026-08-14T20:59:07.776936+00:00,MID,canonical primary position,ipswich_town,soccerdata:sofascore:16363636,2026-08-22,2026-08-22T14:00:00+00:00,Premier League,league,scheduled,1.0,False,ipswich_town,Ipswich Town,sunderland,Sunderland,H,Home,,,58.8,41.2,Favorable,,,,,derived feature frame,False
0700u,2627,Bafode Diakite,BOU,D,248.0,BOU,D,D,289.4,111.0,289.4,248.5,8.28,4.0,,9.0,-2.0,FA,@MCI Sun 8:00AM,bafode diakite,False,True,Matched eligible,pr_4dcc796b6e90e41e,62.0,0700u,Bafodé Diakité,Bafodé Diakité,Bournemouth,BOU,D,True,a,,BOU,D,Confirmed,Exact Name + Club,95.0,Official FPL API,2026-07-30T01:09:03.040438+00:00,0700u,Player Registry,Exact Name + Club,BOU,Confirmed,False,Bafode Diakite,BOU,D,38.0,855.0,10.0,65.0,69.0,0.0,0.0,0.0138677563518285,0.0845660716295242,0.0,2.0,1276.0,7268.0,0.0,0.0,0.0,1.7105263157894737,5.308,6.842105263157895,0.0069428248576189,0.2631578947368421,0.0,True,True,matched by historical Fantrax ID,normalized Fantrax ID,1.0,69.0,5.308,13.0,65.0,7.263157894736842,106.15384615384616,73.4,43.8,58.6,39.93333333333333,43.7,39.440000000000005,15.3,Bench / Unknown,55.0,False,44.7,73.3,10.1,15.3,64.2,57.7,41.15,79.8,235.0,Tier 6,54.39999999999998,Strong value,,,Free Agent,,,,,,True,0,,,,,,,False,True,False,,,235.0,289.4,D,,,65.0,1.7105263157894737,6.842105263157895,69.0,5.308,7.263157894736842,855.0,10.0,0.2631578947368421,0.0138677563518285,0.0845660716295242,0.0069428248576189,15.3,58.6,43.7,38.0,6.5,6.9,0.0984338279813527,0.0009781332850035,0.0059646915726153,25.0,,,,,,,,,,,,,,2026-08-14T20:59:07.776936+00:00,DEF,canonical primary position,afc_bournemouth,soccerdata:sofascore:16363243,2026-08-23,2026-08-23T13:00:00+00:00,Premier League,league,scheduled,1.0,False,afc_bournemouth,Bournemouth,manchester_city,Manchester City,A,Away,,,16.8,83.2,Very difficult,,,,,derived feature frame,False
06cmu,2627,Bart Verbruggen,BHA,G,209.5,BHA,G,G,251.6,164.0,251.6,209.5,6.35,26.0,,28.0,-1.0,FA,AVL Sun 8:00AM,bart verbruggen,False,True,Matched eligible,pr_95a5f1d8265b3eb6,109.0,06cmu,Bart Verbruggen,Bart Verbruggen,Brighton,BHA,G,True,a,,BHA,G,Confirmed,Exact Name + Club,95.0,Official FPL API,2026-07-30T01:09:03.040438+00:00,06cmu,Player Registry,Exact Name + Club,BHA,Confirmed,False,Bart Verbruggen,BHA,G,38.0,1800.0,20.0,161.0,139.0,0.0,0.0,0.0,0.076464258134365,0.0,1.0,3420.0,11711.0,540.0,6.0,45.0,4.2368421052631575,6.95,8.049999999999999,0.0020122173193253,0.5263157894736842,1.0,True,True,matched by historical Fantrax ID,normalized Fantrax ID,1.0,139.0,6.95,20.0,161.0,6.95,86.33540372670807,,,,,,,71.6,Likely Starter,75.0,False,55.7,87.8,7.9,71.6,0.0,0.0,45.4,78.8,206.0,Tier 6,45.6,Strong value,pr_95a5f1d8265b3eb6,Bart Verbruggen,Rostered,aup99ojzmrp1z5vp,The Facerockers,The Facerockers,RESERVE,RESERVE,False,0,,,,,,,False,False,False,,,206.0,251.6,G,,,161.0,4.2368421052631575,8.049999999999999,139.0,6.95,6.95,1800.0,20.0,0.5263157894736842,0.0,0.076464258134365,0.0020122173193253,71.6,,,38.0,8.05,6.95,0.076464258134365,0.0,0.0020122173193253,52.63157894736842,,,,,,,,,,,,,,2026-08-14T20:59:07.776936+00:00,GK,canonical primary position,brighton_hove_albion,soccerdata:sofascore:16363236,2026-08-23,2026-08-23T13:00:00+00:00,Premier League,league,scheduled,1.0,False,brighton_hove_albion,Brighton & Hove Albion,aston_villa,Aston Villa,H,Home,,,39.0,61.0,Difficult,,,,,derived feature frame,False
072h8,2627,Ben Casey,CRY,F,0.0,,,,,,,,,,,,,,,,,,,,,,,,,,,,,,,,,,,,,,,,,,,,,,,,,,,,,,,,,,,,,,,,,,,,,,,,,,,,,,,,,,,,,,,,,,,,,,,,,,,,,,,Free Agent,,,,,,True,0,,,,,,,False,True,False,,,,,,,,,,,,,,,,,,,,,,,,,,,,,,,,,,,,,,,,,,,2026-08-14T20:59:07.776936+00:00,FWD,first valid Fantrax position,crystal_palace,soccerdata:sofascore:16363635,2026-08-22,2026-08-22T14:00:00+00:00,Premier League,league,scheduled,1.0,False,crystal_palace,Crystal Palace,everton,Everton,A,Away,,,51.6,48.4,Neutral,,,,,derived feature frame,False
02oo1,2627,Ben Davies,TOT,D,25.5,TOT,D,D,,413.0,,25.5,12.75,0.0,,1.0,-1.0,FA,@BRF Sat 11:30AM,ben davies,False,True,Matched eligible,pr_3089b3cdb5caeac1,508.0,02oo1,Ben Davies,Ben Davies,Spurs,TOT,D,True,a,,TOT,D,Confirmed,Exact Name + Club,95.0,Official FPL API,2026-07-30T01:09:03.040438+00:00,02oo1,Player Registry,Exact Name + Club,TOT,Confirmed,False,Ben Davies,TOT,D,38.0,0.0,0.0,0.0,0.0,0.0,0.0,0.7982581853866577,0.0247377622872591,0.0,1.0,137.0,660.0,0.0,0.0,0.0,0.0,0.0,,0.5406542721945439,0.0,0.0,True,True,matched by historical Fantrax ID,normalized Fantrax ID,1.0,,,,,,,30.7,33.2,33.3,51.5,51.620000000000005,49.47,0.0,Unknown / New Arrival,25.0,False,13.7,22.8,85.4,0.0,28.3,96.5,32.82,66.2,288.0,Tier 6,,ADP unavailable,,,Free Agent,,,,,,True,0,,,,,,,False,True,False,,,288.0,,D,,,0.0,0.0,,,,,0.0,0.0,0.0,0.7982581853866577,0.0247377622872591,0.5406542721945439,0.0,33.3,51.620000000000005,38.0,,,0.8229959476739168,0.5244031874802861,0.0162510847142578,0.0,,,,,,,,,,,,,,2026-08-14T20:59:07.776936+00:00,DEF,canonical primary position,tottenham_hotspur,soccerdata:sofascore:16363242,2026-08-22,2026-08-22T16:30:00+00:00,Premier League,league,scheduled,1.0,False,tottenham_hotspur,Tottenham Hotspur,brentford,Brentford,A,Away,,,55.1,44.9,Favorable,,,,,derived feature frame,False
066nn,2627,Ben Doak,BOU,"M,F",31.0,BOU,M,"M,F",279.0,390.0,279.0,31.0,10.33,9.0,,8.0,-2.0,FA,@MCI Sun 8:00AM,ben doak,False,True,Matched eligible,pr_d24cfb093c683bd1,72.0,066nn,Ben Gannon-Doak,Ben Gannon-Doak,Bournemouth,BOU,M,True,a,,LIV/BOU,F,Transferred,Ordered Token Expanded Name,85.0,Official FPL API,2026-07-30T01:09:03.040438+00:00,066nn,Player Registry,Ordered Token Expanded Name,BOU,Transferred,False,Ben Doak,LIV/BOU,F,38.0,0.0,0.0,0.0,0.0,0.0,0.0,0.44585083425045,0.4571621716022491,0.0,1.0,82.0,11231.0,0.0,0.0,0.0,0.0,0.0,,0.9911118356919868,0.0,0.0,True,True,matched by historical Fantrax ID,normalized Fantrax ID,1.0,,,,,,,73.4,43.8,58.6,39.93333333333333,43.7,39.440000000000005,0.0,Unknown / New Arrival,25.0,False,13.7,22.8,98.1,0.0,64.2,57.7,34.43,66.2,279.0,Tier 6,0.0,Near market,,,Free Agent,,,,,,True,0,,,,,,,False,True,False,,,279.0,279.0,M,,,0.0,0.0,,,,,0.0,0.0,0.0,0.44585083425045,0.4571621716022491,0.9911118356919868,0.0,58.6,43.7,38.0,,,0.9030130058526992,0.4893484766163476,0.5017633590756392,0.0,,,,,,,,,,,,,,2026-08-14T20:59:07.776936+00:00,MID,canonical primary position,afc_bournemouth,soccerdata:sofascore:16363243,2026-08-23,2026-08-23T13:00:00+00:00,Premier League,league,scheduled,1.0,False,afc_bournemouth,Bournemouth,manchester_city,Manchester City,A,Away,,,16.8,83.2,Very difficult,,,,,derived feature frame,False
04mcg,2627,Ben Johnson,IPS,D,20.0,IPS,D,D,,448.0,,18.5,6.17,0.0,,1.0,0.0,FA,SUN Sat 9:00AM,ben johnson,False,True,Matched eligible,pr_2d7c0ae2815b00ce,307.0,04mcg,Ben Johnson,Ben Johnson,Ipswich Town,IPS,D,True,a,,,,New EPL Arrival,Exact Name + Club,95.0,Official FPL API,2026-07-30T01:09:03.040438+00:00,04mcg,Player Registry,Exact Name + Club,IPS,New EPL Arrival,False,,,,,,,,,,,,,,,,,,,,,,,,,,False,False,no 2025/26 record for bridged ID,none,0.0,,,,,,,,,,38.833333333333336,43.44,41.53,0.0,Unknown / New Arrival,25.0,False,0.0,0.0,0.0,0.0,0.0,47.0,4.7,11.2,543.0,Deep,,ADP unavailable,,,Free Agent,,,,,,True,0,,,,,,,False,True,False,,,543.0,,D,,,,,,,,,,,,,,,0.0,,43.44,,,,,,,,,,,,,,,,,,,,,2026-08-14T20:59:07.776936+00:00,DEF,canonical primary position,ipswich_town,soccerdata:sofascore:16363636,2026-08-22,2026-08-22T14:00:00+00:00,Premier League,league,scheduled,1.0,False,ipswich_town,Ipswich Town,sunderland,Sunderland,H,Home,,,58.8,41.2,Favorable,,,,,derived feature frame,False
04e1e,2627,Ben White,ARS,D,39.5,ARS,D,D,280.7,345.0,280.7,39.5,9.88,9.0,,12.0,2.0,FA,COV Fri 2:00PM,ben white,False,True,Matched eligible,pr_d021188524f00bf9,10.0,04e1e,Benjamin White,Benjamin White,Arsenal,ARS,D,True,i,Knee injury - Expected back 21 Aug,ARS,D,Confirmed,Explicit Player Alias,92.0,Official FPL API,2026-07-30T01:09:03.040438+00:00,04e1e,Player Registry,Explicit Player Alias,ARS,Confirmed,False,Ben White,ARS,D,38.0,127.0,3.0,16.0,10.0,0.0,0.0,0.2829237170517443,1.5577813945710657,0.0,8.0,703.0,7298.0,27.0,1.0,0.0,0.4210526315789473,0.909,11.338582677165354,0.2356521480029202,0.0789473684210526,0.1666666666666666,True,True,matched by historical Fantrax ID,normalized Fantrax ID,1.0,10.0,0.909,11.0,16.0,7.086614173228346,62.5,86.2,100.0,90.6,40.0,43.64,45.32000000000001,6.2,Bench / Unknown,55.0,False,60.4,46.9,56.9,6.2,84.0,52.3,48.56,79.8,193.0,Tier 6,87.69999999999999,Strong value,pr_d021188524f00bf9,Benjamin White,Rostered,w2mnqywumrp1z5vp,tpem,tpem,ACTIVE,ACTIVE,False,1,MOVED_TO_ACTIVE,2026-08-14T19:02:29.346905+00:00,,,,,False,False,False,,,193.0,280.7,D,MOVED_TO_ACTIVE,2026-08-14T19:02:29.346905+00:00,16.0,0.4210526315789473,11.338582677165354,10.0,0.909,7.086614173228346,127.0,3.0,0.0789473684210526,0.2829237170517443,1.5577813945710657,0.2356521480029202,6.2,90.6,43.64,38.0,5.333333333333333,3.333333333333333,1.84070511162281,0.0362206750137368,0.1994314729891833,3.713450292397661,,,,,,,,,,,,,,2026-08-14T20:59:07.776936+00:00,DEF,canonical primary position,arsenal,soccerdata:sofascore:16363633,2026-08-21,2026-08-21T19:00:00+00:00,Premier League,league,scheduled,1.0,False,arsenal,Arsenal,coventry_city,Coventry City,H,Home,,,55.2,44.8,Favorable,,,,,derived feature frame,False
076cx,2627,Ben Wilson,COV,G,192.5,COV,G,G,,186.0,,192.5,8.02,0.0,,7.0,-1.0,FA,@ARS Fri 2:00PM,ben wilson,False,True,Matched eligible,pr_17c2bbcff72a5cf1,172.0,076cx,Ben Wilson,Ben Wilson,Coventry City,COV,G,True,a,,,,New EPL Arrival,Exact Name + Club,95.0,Official FPL API,2026-07-30T01:09:03.040438+00:00,076cx,Player Registry,Exact Name + Club,COV,New EPL Arrival,False,,,,,,,,,,,,,,,,,,,,,,,,,,False,False,no 2025/26 record for bridged ID,none,0.0,,,,,,,,,,28.066666666666663,30.12,40.8,0.0,Unknown / New Arrival,25.0,False,0.0,0.0,0.0,0.0,0.0,2.3,0.23,11.2,610.0,Deep,,ADP unavailable,,,Free Agent,,,,,,True,0,,,,,,,False,True,False,,,610.0,,G,,,,,,,,,,,,,,,0.0,,30.12,,,,,,,,,,,,,,,,,,,,,2026-08-14T20:59:07.776936+00:00,GK,canonical primary position,coventry_city,soccerdata:sofascore:16363633,2026-08-21,2026-08-21T19:00:00+00:00,Premier League,league,scheduled,1.0,False,coventry_city,Coventry City,arsenal,Arsenal,A,Away,,,18.9,81.1,Very difficult,,,,,derived feature frame,False
06tf6,2627,Bendito Mantato,MUN,"M,F",2.0,,,,,,,,,,,,,,,,,,,,,,,,,,,,,,,,,,,,,,,,,,,,,,,,,,,,,,,,,,,,,,,,,,,,,,,,,,,,,,,,,,,,,,,,,,,,,,,,,,,,,,,Free Agent,,,,,,True,0,,,,,,,False,True,False,,,,,,,,,,,,,,,,,,,,,,,,,,,,,,,,,,,,,,,,,,,2026-08-14T20:59:07.776936+00:00,MID,first valid Fantrax position,manchester_united,soccerdata:sofascore:16363634,2026-08-22,2026-08-22T11:30:00+00:00,Premier League,league,scheduled,1.0,False,manchester_united,Manchester United,hull_city,Hull City,A,Away,,,49.1,50.9,Neutral,,,,,derived feature frame,False
06zbw,2627,Benjamin Lecomte,FUL,G,27.0,FUL,G,G,,408.0,,27.0,6.75,0.0,,1.0,-1.0,FA,CHE Mon 2:00PM,benjamin lecomte,False,True,Matched eligible,pr_cd36c91775a4d330,251.0,06zbw,Benjamin Lecomte,Benjamin Lecomte,Fulham,FUL,G,True,a,,FUL,G,Confirmed,Exact Name + Club,95.0,Official FPL API,2026-07-30T01:09:03.040438+00:00,06zbw,Player Registry,Exact Name + Club,FUL,Confirmed,False,,FUL,G,38.0,0.0,0.0,0.0,0.0,0.0,0.0,0.0,0.0,0.0,0.0,0.0,,0.0,0.0,0.0,0.0,0.0,,,0.0,0.0,True,True,matched by historical Fantrax ID,normalized Fantrax ID,1.0,,,,,,,33.8,50.9,42.5,48.0,41.08,42.540000000000006,0.0,Unknown / New Arrival,25.0,False,13.7,22.8,0.0,0.0,38.0,15.4,12.86,46.2,459.0,Deep,,ADP unavailable,,,Free Agent,,,,,,True,0,,,,,,,False,True,False,,,459.0,,G,,,0.0,0.0,,,,,0.0,0.0,0.0,0.0,0.0,,0.0,42.5,41.08,38.0,,,0.0,,,0.0,,,,,,,,,,,,,,2026-08-14T20:59:07.776936+00:00,GK,canonical primary position,fulham,soccerdata:sofascore:16363244,2026-08-24,2026-08-24T19:00:00+00:00,Premier League,league,scheduled,1.0,False,fulham,Fulham,chelsea,Chelsea,H,Home,,,35.8,64.2,Difficult,,,,,derived feature frame,False
06zxy,2627,Benjamin Sesko,MUN,F,49.5,MUN,F,F,46.4,290.0,46.4,50.0,8.33,100.0,,94.0,-2.0,FA,@HUL Sat 6:30AM,benjamin sesko,False,True,Matched eligible,pr_df2652bcd562672c,439.0,06zxy,Benjamin Sesko,Benjamin Sesko,Man Utd,MUN,F,True,d,Shin injury - 75% chance of playing,MUN,F,Confirmed,Exact Name + Club,95.0,Official FPL API,2026-07-30T01:09:03.040438+00:00,06zxy,Player Registry,Exact Name + Club,MUN,Confirmed,False,Benjamin Sesko,MUN,F,38.0,1617.0,17.0,235.5,124.5,11.0,2.0,12.504127995111048,0.597737658768892,0.0,9.0,1636.0,11974.0,211.0,3.0,30.5,6.197368421052632,3.276,13.107606679035252,0.7207627804701678,0.4473684210526316,0.5,True,True,matched by historical Fantrax ID,normalized Fantrax ID,1.0,124.5,3.276,38.0,235.5,6.929499072356215,52.86624203821656,90.6,59.4,72.4,44.06666666666666,49.54,46.89,44.6,Rotation Risk,75.0,False,84.9,58.8,94.2,44.6,83.8,84.0,74.12,88.8,36.0,Tier 2,10.4,Value,pr_df2652bcd562672c,Benjamin Sesko,Rostered,h1vdt8ynmrp1z5vp,Pot Splashers,Pot Splashers,RESERVE,RESERVE,False,0,,,Pot Splashers,h1vdt8ynmrp1z5vp,7.0,73.0,True,False,True,7.0,73.0,36.0,46.4,F,,,235.5,6.197368421052632,13.107606679035252,124.5,3.276,6.929499072356215,1617.0,17.0,0.4473684210526316,12.504127995111048,0.597737658768892,0.7207627804701678,44.6,72.4,49.54,38.0,13.852941176470589,7.323529411764706,13.10186565387994,0.6878799019315369,0.0328828785386309,47.280701754385966,,,,,,,,,,,,,,2026-08-14T20:59:07.776936+00:00,FWD,canonical primary position,manchester_united,soccerdata:sofascore:16363634,2026-08-22,2026-08-22T11:30:00+00:00,Premier League,league,scheduled,1.0,False,manchester_united,Manchester United,hull_city,Hull City,A,Away,,,49.1,50.9,Neutral,,,,,derived feature frame,False
06804,2627,Benoit Badiashile,CHE,D,16.5,CHE,D,D,,461.0,,15.5,7.75,0.0,,1.0,0.0,FA,@FUL Mon 2:00PM,benoit badiashile,False,True,Matched eligible,pr_cca5072fcdc2d6be,146.0,06804,Benoît Badiashile Mukinayi,Benoît Badiashile Mukinayi,Chelsea,CHE,D,True,a,,CHE,D,Confirmed,Ordered Token Expanded Name,85.0,Official FPL API,2026-07-30T01:09:03.040438+00:00,06804,Player Registry,Ordered Token Expanded Name,CHE,Confirmed,False,Benoit Badiashile,CHE,D,38.0,0.0,0.0,0.0,0.0,0.0,0.0,0.0,0.0,0.0,0.0,478.0,7240.0,0.0,0.0,0.0,0.0,0.0,,0.0,0.0,0.0,True,True,matched by historical Fantrax ID,normalized Fantrax ID,1.0,,,,,,,68.4,56.8,65.6,50.53333333333333,46.98,47.54,0.0,Unknown / New Arrival,25.0,False,13.7,22.8,3.8,0.0,63.8,71.8,21.66,66.2,344.0,Deep,,ADP unavailable,,,Free Agent,,,,,,True,0,,,,,,,False,True,False,,,344.0,,D,,,0.0,0.0,,,,,0.0,0.0,0.0,0.0,0.0,0.0,0.0,65.6,46.98,38.0,,,0.0,0.0,0.0,0.0,,,,,,,,,,,,,,2026-08-14T20:59:07.776936+00:00,DEF,canonical primary position,chelsea,soccerdata:sofascore:16363244,2026-08-24,2026-08-24T19:00:00+00:00,Premier League,league,scheduled,1.0,False,chelsea,Chelsea,fulham,Fulham,A,Away,,,50.9,49.1,Neutral,,,,,derived feature frame,False
04fk6,2627,Bernardo Silva,MCI,M,0.0,,,,,,,,,,,,,,,,,,,,,,,,,,,,,,,,,,,,,,,,,,,,,,,,,,,,,,,,,,,,,,,,,,,,,,,,,,,,,,,,,,,,,,,,,,,,,,,,,,,,,,,Free Agent,,,,,,True,0,,,,,,,False,True,False,,,,,,,,,,,,,,,,,,,,,,,,,,,,,,,,,,,,,,,,,,,2026-08-14T20:59:07.776936+00:00,MID,first valid Fantrax position,manchester_city,soccerdata:sofascore:16363243,2026-08-23,2026-08-23T13:00:00+00:00,Premier League,league,scheduled,1.0,False,manchester_city,Manchester City,afc_bournemouth,Bournemouth,H,Home,,,49.6,50.4,Neutral,,,,,derived feature frame,False
04qor,2627,Bernd Leno,FUL,G,243.0,FUL,G,G,261.5,122.0,261.5,243.0,6.39,26.0,,24.0,0.0,FA,CHE Mon 2:00PM,bernd leno,False,True,Matched eligible,pr_d28fd72b75e43f2e,250.0,04qor,Bernd Leno,Bernd Leno,Fulham,FUL,G,True,a,,FUL,G,Confirmed,Exact Name + Club,95.0,Official FPL API,2026-07-30T01:09:03.040438+00:00,04qor,Player Registry,Exact Name + Club,FUL,Confirmed,False,Bernd Leno,FUL,G,38.0,2880.0,32.0,232.0,222.0,0.0,0.0,0.0,0.0,0.0,0.0,3420.0,181.0,540.0,6.0,65.0,6.105263157894737,6.938,7.250000000000001,0.0,0.8421052631578947,1.0,True,True,matched by historical Fantrax ID,normalized Fantrax ID,1.0,222.0,6.938,32.0,232.0,6.9375,95.6896551724138,33.8,50.9,42.5,48.0,41.08,42.540000000000006,90.5,Locked Starter,90.0,False,57.1,87.5,3.8,90.5,38.0,15.4,54.27,95.5,160.0,Tier 5,101.5,Strong value,,,Free Agent,,,,,,True,0,,,,,,,False,True,False,,,160.0,261.5,G,,,232.0,6.105263157894737,7.250000000000001,222.0,6.938,6.9375,2880.0,32.0,0.8421052631578947,0.0,0.0,0.0,90.5,42.5,41.08,38.0,7.25,6.9375,0.0,0.0,0.0,84.21052631578947,,,,,,,,,,,,,,2026-08-14T20:59:07.776936+00:00,GK,canonical primary position,fulham,soccerdata:sofascore:16363244,2026-08-24,2026-08-24T19:00:00+00:00,Premier League,league,scheduled,1.0,False,fulham,Fulham,chelsea,Chelsea,H,Home,,,35.8,64.2,Difficult,,,,,derived feature frame,False
035n1,2627,Bertrand Traore,SUN,"M,F",0.0,,,,,,,,,,,,,,,,,,,,,,,,,,,,,,,,,,,,,,,,,,,,,,,,,,,,,,,,,,,,,,,,,,,,,,,,,,,,,,,,,,,,,,,,,,,,,,,,,,,,,,,Free Agent,,,,,,True,0,,,,,,,False,True,False,,,,,,,,,,,,,,,,,,,,,,,,,,,,,,,,,,,,,,,,,,,2026-08-14T20:59:07.776936+00:00,MID,first valid Fantrax position,sunderland,soccerdata:sofascore:16363636,2026-08-22,2026-08-22T14:00:00+00:00,Premier League,league,scheduled,1.0,False,sunderland,Sunderland,ipswich_town,Ipswich Town,A,Away,,,44.4,55.6,Difficult,,,,,derived feature frame,False
06fvn,2627,Beto,EVE,F,200.5,EVE,F,F,105.4,177.0,105.4,200.5,6.91,96.0,,86.0,-5.0,FA,CRY Sat 9:00AM,beto,True,False,Inactive / historical only,pr_3d47d472fd72a71a,,06fvn,Beto,,EVE,EVE,F,False,unverified,,EVE,F,Historical Only,Unresolved,0.0,Fantrax / historical,,06fvn,Player Registry,Unresolved,EVE,Historical Only,False,Beto,EVE,F,38.0,593.0,8.0,60.0,33.0,3.0,0.0,10.947674445807934,1.004186304286122,0.0,12.0,1552.0,9983.0,210.0,3.0,23.5,1.5789473684210529,3.0,9.106239460370997,0.693084708446176,0.2105263157894736,0.5,True,True,matched by historical Fantrax ID,normalized Fantrax ID,1.0,33.0,3.0,11.0,60.0,5.008431703204048,55.00000000000001,18.7,43.5,29.0,42.06666666666666,41.9,42.48,27.8,Rotation Risk,55.0,False,54.1,56.2,92.6,27.8,13.5,18.7,47.34,79.8,,,,Not draft eligible,,,Free Agent,,,,,,True,0,,,,,,,False,True,False,,,,105.4,F,,,60.0,1.5789473684210529,9.106239460370997,33.0,3.0,5.008431703204048,593.0,8.0,0.2105263157894736,10.947674445807934,1.004186304286122,0.693084708446176,27.8,29.0,41.9,38.0,7.5,4.125,11.951860750094056,0.6348522552337075,0.0582324532124684,17.339181286549707,,,,,,,,,,,,,,2026-08-14T20:59:07.776936+00:00,FWD,canonical primary position,everton,soccerdata:sofascore:16363635,2026-08-22,2026-08-22T14:00:00+00:00,Premier League,league,scheduled,1.0,False,everton,Everton,crystal_palace,Crystal Palace,H,Home,,,56.0,44.0,Favorable,,,,,derived feature frame,False
05l2z,2627,Bobby Thomas,COV,D,375.0,COV,D,D,130.3,5.0,130.3,386.0,11.35,91.0,,71.0,-2.0,FA,@ARS Fri 2:00PM,bobby thomas,False,True,Matched eligible,pr_cd2d216755538e53,173.0,05l2z,Bobby Thomas,Bobby Thomas,Coventry City,COV,D,True,a,,,,New EPL Arrival,Exact Name + Club,95.0,Official FPL API,2026-07-30T01:09:03.040438+00:00,05l2z,Player Registry,Exact Name + Club,COV,New EPL Arrival,False,,,,,,,,,,,,,,,,,,,,,,,,,,False,False,no 2025/26 record for bridged ID,none,0.0,,,,,,,,,,28.066666666666663,30.12,40.8,0.0,Unknown / New Arrival,25.0,False,0.0,0.0,0.0,0.0,0.0,2.3,0.23,11.2,605.0,Deep,-474.7,Major reach,pr_cd2d216755538e53,Bobby Thomas,Rostered,2dxfjlk0mrp1z5vo,nhauptma,nhauptma,ACTIVE,ACTIVE,False,0,,,nhauptma,2dxfjlk0mrp1z5vo,2.0,17.0,True,False,True,2.0,17.0,605.0,130.3,D,,,,,,,,,,,,,,,0.0,,30.12,,,,,,,,,,,,,,,,,,,,,2026-08-14T20:59:07.776936+00:00,DEF,canonical primary position,coventry_city,soccerdata:sofascore:16363633,2026-08-21,2026-08-21T19:00:00+00:00,Premier League,league,scheduled,1.0,False,coventry_city,Coventry City,arsenal,Arsenal,A,Away,,,18.9,81.1,Very difficult,,,,,derived feature frame,False
06yey,2627,Borna Sosa,CRY,D,24.0,CRY,D,D,,443.0,,20.0,10.0,0.0,,1.0,0.0,FA,@EVE Sat 9:00AM,borna sosa,False,True,Matched eligible,pr_d3c6d9758c0d58f0,205.0,06yey,Borna Sosa,Borna Sosa,Crystal Palace,CRY,D,True,a,,CRY,D,Confirmed,Exact Name + Club,95.0,Official FPL API,2026-07-30T01:09:03.040438+00:00,06yey,Player Registry,Exact Name + Club,CRY,Confirmed,False,Borna Sosa,CRY,D,38.0,0.0,0.0,0.0,0.0,0.0,0.0,0.0390446111559867,0.0762657243758439,0.0,2.0,88.0,7075.0,0.0,0.0,0.0,0.0,0.0,,0.1179310249757358,0.0,0.0,True,True,matched by historical Fantrax ID,normalized Fantrax ID,1.0,,,,,,,18.2,57.9,33.9,40.0,40.32,42.81,0.0,Unknown / New Arrival,25.0,False,13.7,22.8,31.2,0.0,19.2,7.1,14.84,66.2,433.0,Deep,,ADP unavailable,,,Free Agent,,,,,,True,0,,,,,,,False,True,False,,,433.0,,D,,,0.0,0.0,,,,,0.0,0.0,0.0,0.0390446111559867,0.0762657243758439,0.1179310249757358,0.0,33.9,40.32,38.0,,,0.1153103355318306,0.0399319886822591,0.0779990362934767,0.0,,,,,,,,,,,,,,2026-08-14T20:59:07.776936+00:00,DEF,canonical primary position,crystal_palace,soccerdata:sofascore:16363635,2026-08-22,2026-08-22T14:00:00+00:00,Premier League,league,scheduled,1.0,False,crystal_palace,Crystal Palace,everton,Everton,A,Away,,,51.6,48.4,Neutral,,,,,derived feature frame,False
061va,2627,Boubacar Kamara,AVL,M,258.5,AVL,M,M,234.7,102.0,234.7,257.5,8.05,48.0,,37.0,-7.0,FA,@BHA Sun 8:00AM,boubacar kamara,False,True,Matched eligible,pr_b016316c46da3681,47.0,061va,Boubacar Kamara,Boubacar Kamara,Aston Villa,AVL,M,True,d,Knee injury - 75% chance of playing,AVL,M,Confirmed,Exact Name + Club,95.0,Official FPL API,2026-07-30T01:09:03.040438+00:00,061va,Player Registry,Exact Name + Club,AVL,Confirmed,False,Boubacar Kamara,AVL,M,38.0,679.0,8.0,61.5,43.5,1.0,1.0,1.0521572744473813,0.7290232917293901,0.0,15.0,1434.0,5789.0,0.0,0.0,0.0,1.618421052631579,4.35,8.151693667157584,0.1117895752830609,0.2105263157894736,0.0,True,True,matched by historical Fantrax ID,normalized Fantrax ID,1.0,43.5,4.35,10.0,61.5,5.765832106038291,70.73170731707317,57.9,54.1,59.0,40.96666666666667,44.9,48.31,12.2,Bench / Unknown,55.0,False,49.7,65.8,30.7,12.2,53.4,62.1,43.36,79.8,222.0,Tier 6,12.699999999999989,Value,,,Free Agent,,,,,,True,0,,,,,,,False,True,False,,,222.0,234.7,M,,,61.5,1.618421052631579,8.151693667157584,43.5,4.35,5.765832106038291,679.0,8.0,0.2105263157894736,1.0521572744473813,0.7290232917293901,0.1117895752830609,12.2,59.0,44.9,38.0,7.6875,5.4375,1.7811805661767712,0.0660349753837268,0.0457545998993341,19.853801169590643,,,,,,,,,,,,,,2026-08-14T20:59:07.776936+00:00,MID,canonical primary position,aston_villa,soccerdata:sofascore:16363236,2026-08-23,2026-08-23T13:00:00+00:00,Premier League,league,scheduled,1.0,False,aston_villa,Aston Villa,brighton_hove_albion,Brighton & Hove Albion,A,Away,,,38.5,61.5,Difficult,,,,,derived feature frame,False
06r7l,2627,Bradley Burrowes,AVL,M,0.0,,,,,,,,,,,,,,,,,,,,,,,,,,,,,,,,,,,,,,,,,,,,,,,,,,,,,,,,,,,,,,,,,,,,,,,,,,,,,,,,,,,,,,,,,,,,,,,,,,,,,,,Free Agent,,,,,,True,0,,,,,,,False,True,False,,,,,,,,,,,,,,,,,,,,,,,,,,,,,,,,,,,,,,,,,,,2026-08-14T20:59:07.776936+00:00,MID,first valid Fantrax position,aston_villa,soccerdata:sofascore:16363236,2026-08-23,2026-08-23T13:00:00+00:00,Premier League,league,scheduled,1.0,False,aston_villa,Aston Villa,brighton_hove_albion,Brighton & Hove Albion,A,Away,,,38.5,61.5,Difficult,,,,,derived feature frame,False
04t3n,2627,Bradley Collins,COV,G,0.0,,,,,,,,,,,,,,,,,,,,,,,,,,,,,,,,,,,,,,,,,,,,,,,,,,,,,,,,,,,,,,,,,,,,,,,,,,,,,,,,,,,,,,,,,,,,,,,,,,,,,,,Free Agent,,,,,,True,0,,,,,,,False,True,False,,,,,,,,,,,,,,,,,,,,,,,,,,,,,,,,,,,,,,,,,,,2026-08-14T20:59:07.776936+00:00,GK,first valid Fantrax position,coventry_city,soccerdata:sofascore:16363633,2026-08-21,2026-08-21T19:00:00+00:00,Premier League,league,scheduled,1.0,False,coventry_city,Coventry City,arsenal,Arsenal,A,Away,,,18.9,81.1,Very difficult,,,,,derived feature frame,False
072iu,2627,Braiden Graham,EVE,F,0.0,,,,,,,,,,,,,,,,,,,,,,,,,,,,,,,,,,,,,,,,,,,,,,,,,,,,,,,,,,,,,,,,,,,,,,,,,,,,,,,,,,,,,,,,,,,,,,,,,,,,,,,Free Agent,,,,,,True,0,,,,,,,False,True,False,,,,,,,,,,,,,,,,,,,,,,,,,,,,,,,,,,,,,,,,,,,2026-08-14T20:59:07.776936+00:00,FWD,first valid Fantrax position,everton,soccerdata:sofascore:16363635,2026-08-22,2026-08-22T14:00:00+00:00,Premier League,league,scheduled,1.0,False,everton,Everton,crystal_palace,Crystal Palace,H,Home,,,56.0,44.0,Favorable,,,,,derived feature frame,False
072x8,2627,Brando Bailey-Joseph,ARS,F,0.0,,,,,,,,,,,,,,,,,,,,,,,,,,,,,,,,,,,,,,,,,,,,,,,,,,,,,,,,,,,,,,,,,,,,,,,,,,,,,,,,,,,,,,,,,,,,,,,,,,,,,,,Free Agent,,,,,,True,0,,,,,,,False,True,False,,,,,,,,,,,,,,,,,,,,,,,,,,,,,,,,,,,,,,,,,,,2026-08-14T20:59:07.776936+00:00,FWD,first valid Fantrax position,arsenal,soccerdata:sofascore:16363633,2026-08-21,2026-08-21T19:00:00+00:00,Premier League,league,scheduled,1.0,False,arsenal,Arsenal,coventry_city,Coventry City,H,Home,,,55.2,44.8,Favorable,,,,,derived feature frame,False
04gyd,2627,Brandon Austin,TOT,G,2.0,TOT,G,G,,538.0,,2.0,0.0,0.0,,0.0,-1.0,FA,@BRF Sat 11:30AM,brandon austin,False,True,Matched eligible,pr_4b0a795381846473,495.0,04gyd,Brandon Austin,Brandon Austin,Spurs,TOT,G,True,a,,TOT,G,Confirmed,Exact Name + Club,95.0,Official FPL API,2026-07-30T01:09:03.040438+00:00,04gyd,Player Registry,Exact Name + Club,TOT,Confirmed,False,,TOT,G,38.0,0.0,0.0,0.0,0.0,0.0,0.0,0.0,0.0,0.0,0.0,0.0,,0.0,0.0,0.0,0.0,0.0,,,0.0,0.0,True,True,matched by historical Fantrax ID,normalized Fantrax ID,1.0,,,,,,,30.7,33.2,33.3,51.5,51.620000000000005,49.47,0.0,Unknown / New Arrival,25.0,False,13.7,22.8,0.0,0.0,28.3,96.5,20.0,46.2,373.0,Deep,,ADP unavailable,,,Free Agent,,,,,,True,0,,,,,,,False,True,False,,,373.0,,G,,,0.0,0.0,,,,,0.0,0.0,0.0,0.0,0.0,,0.0,33.3,51.620000000000005,38.0,,,0.0,,,0.0,,,,,,,,,,,,,,2026-08-14T20:59:07.776936+00:00,GK,canonical primary position,tottenham_hotspur,soccerdata:sofascore:16363242,2026-08-22,2026-08-22T16:30:00+00:00,Premier League,league,scheduled,1.0,False,tottenham_hotspur,Tottenham Hotspur,brentford,Brentford,A,Away,,,55.1,44.9,Favorable,,,,,derived feature frame,False
076db,2627,Brandon Thomas-Asante,COV,F,47.0,COV,F,F,286.0,298.0,286.0,48.0,6.86,4.0,,4.0,-1.0,FA,@ARS Fri 2:00PM,brandon thomas asante,False,True,Matched eligible,pr_93aaa65524dc1a19,194.0,076db,Brandon Thomas-Asante,Brandon Thomas-Asante,Coventry City,COV,F,True,a,,,,New EPL Arrival,Exact Name + Club,95.0,Official FPL API,2026-07-30T01:09:03.040438+00:00,076db,Player Registry,Exact Name + Club,COV,New EPL Arrival,False,,,,,,,,,,,,,,,,,,,,,,,,,,False,False,no 2025/26 record for bridged ID,none,0.0,,,,,,,,,,28.066666666666663,30.12,40.8,0.0,Unknown / New Arrival,25.0,False,0.0,0.0,0.0,0.0,0.0,2.3,0.23,11.2,620.0,Deep,-334.0,Major reach,,,Free Agent,,,,,,True,0,,,,,,,False,True,False,,,620.0,286.0,F,,,,,,,,,,,,,,,0.0,,30.12,,,,,,,,,,,,,,,,,,,,,2026-08-14T20:59:07.776936+00:00,FWD,canonical primary position,coventry_city,soccerdata:sofascore:16363633,2026-08-21,2026-08-21T19:00:00+00:00,Premier League,league,scheduled,1.0,False,coventry_city,Coventry City,arsenal,Arsenal,A,Away,,,18.9,81.1,Very difficult,,,,,derived feature frame,False
061vp,2627,Brenden Aaronson,LEE,"M,F",49.0,LEE,M,"M,F",212.0,293.0,212.0,49.0,6.12,70.0,,41.0,-9.0,FA,@NOT Sat 9:00AM,brenden aaronson,False,True,Matched eligible,pr_e6ad775ebcbdd929,337.0,061vp,Brenden Aaronson,Brenden Aaronson,Leeds,LEE,M,True,a,,LEE,"M,F",Confirmed,Exact Name + Club,95.0,Official FPL API,2026-07-30T01:09:03.040438+00:00,061vp,Player Registry,Exact Name + Club,LEE,Confirmed,False,Brenden Aaronson,LEE,"M,F",38.0,1902.0,24.0,195.0,122.0,4.0,5.0,5.881288753822445,5.662709843367337,0.0,34.0,2517.0,10751.0,387.0,5.0,36.0,5.131578947368421,4.357,9.227129337539433,0.4127770654537467,0.631578947368421,0.8333333333333334,True,True,matched by historical Fantrax ID,normalized Fantrax ID,1.0,122.0,4.357,28.0,195.0,5.772870662460568,62.56410256410256,38.1,24.1,31.1,45.56666666666666,43.0,38.71,64.7,Likely Rotation,75.0,False,64.5,66.1,76.2,64.7,30.4,42.0,60.86,88.8,104.0,Tier 4,108.0,Strong value,,,Free Agent,,,,,,True,0,,,,,,,False,True,False,,,104.0,212.0,M,,,195.0,5.131578947368421,9.227129337539433,122.0,4.357,5.772870662460568,1902.0,24.0,0.631578947368421,5.881288753822445,5.662709843367337,0.4127770654537467,64.7,31.1,43.0,38.0,8.125,5.083333333333333,11.543998597189782,0.2102963797552721,0.2024806856984745,55.614035087719294,,,,,,,,,,,,,,2026-08-14T20:59:07.776936+00:00,MID,canonical primary position,leeds_united,soccerdata:sofascore:16363238,2026-08-22,2026-08-22T14:00:00+00:00,Premier League,league,scheduled,1.0,False,leeds_united,Leeds United,nottingham_forest,Nottingham Forest,A,Away,,,49.5,50.5,Neutral,,,,,derived feature frame,False
061ya,2627,Brennan Johnson,CRY,"M,F",43.0,CRY,M,"M,F",270.7,313.0,270.7,45.0,6.43,22.0,,12.0,-1.0,FA,@EVE Sat 9:00AM,brennan johnson,False,True,Matched eligible,pr_8dd827936e2d9efa,209.0,061ya,Brennan Johnson,Brennan Johnson,Crystal Palace,CRY,M,True,a,,TOT/CRY,"M,F",Transferred,Exact Name + Club,95.0,Official FPL API,2026-07-30T01:09:03.040438+00:00,061ya,Player Registry,Exact Name + Club,CRY,Transferred,False,Brennan Johnson,TOT/CRY,"M,F",38.0,727.0,8.0,56.5,38.5,2.0,0.0,2.593419216573238,1.2810472846031185,0.0,19.0,1709.0,10760.0,0.0,0.0,0.0,1.486842105263158,2.265,6.9944979367262725,0.2040386103603698,0.2105263157894736,0.0,True,True,matched by historical Fantrax ID,normalized Fantrax ID,1.0,38.5,2.265,17.0,56.5,4.766162310866575,68.14159292035397,18.2,57.9,33.9,40.0,40.32,42.81,4.7,Bench / Unknown,40.0,True,43.8,51.2,50.3,4.7,19.2,7.1,31.93,73.0,290.0,Tier 6,-19.30000000000001,Reach,,,Free Agent,,,,,,True,0,,,,,,,False,True,False,,,290.0,270.7,M,,,56.5,1.486842105263158,6.9944979367262725,38.5,2.265,4.766162310866575,727.0,8.0,0.2105263157894736,2.593419216573238,1.2810472846031185,0.2040386103603698,4.7,33.9,40.32,38.0,7.0625,4.8125,3.874466501176357,0.1365756170225812,0.0674629933377885,21.257309941520468,,,,,,,,,,,,,,2026-08-14T20:59:07.776936+00:00,MID,canonical primary position,crystal_palace,soccerdata:sofascore:16363635,2026-08-22,2026-08-22T14:00:00+00:00,Premier League,league,scheduled,1.0,False,crystal_palace,Crystal Palace,everton,Everton,A,Away,,,51.6,48.4,Neutral,,,,,derived feature frame,False
070hc,2627,Brian Brobbey,SUN,F,152.5,SUN,F,F,100.3,220.0,100.3,152.5,5.08,96.0,,94.0,-2.0,FA,@IPS Sat 9:00AM,brian brobbey,False,True,Matched eligible,pr_3d7f59e97baad57a,552.0,070hc,Brian Brobbey,Brian Brobbey,Sunderland,SUN,F,True,a,,SUN,F,Confirmed,Exact Name + Club,95.0,Official FPL API,2026-07-30T01:09:03.040438+00:00,070hc,Player Registry,Exact Name + Club,SUN,Confirmed,False,Brian Brobbey,SUN,F,38.0,381.0,5.0,18.5,12.5,0.0,1.0,7.111885398626327,1.508433105424046,0.0,15.0,1943.0,9789.0,60.0,1.0,8.5,0.4868421052631579,2.5,4.3700787401574805,0.3992942178921942,0.131578947368421,0.1666666666666666,True,True,matched by historical Fantrax ID,normalized Fantrax ID,1.0,12.5,2.5,5.0,18.5,2.952755905511811,67.56756756756756,7.9,49.1,27.1,43.6,42.0,37.67,12.1,Bench / Unknown,55.0,False,35.1,51.9,75.4,12.1,3.8,23.7,34.8,79.8,275.0,Tier 6,-174.7,Major reach,pr_3d7f59e97baad57a,Brian Brobbey,Rostered,w2mnqywumrp1z5vp,tpem,tpem,RESERVE,RESERVE,False,1,MOVED_TO_RESERVE,2026-08-14T19:02:29.346905+00:00,tpem,w2mnqywumrp1z5vp,10.0,119.0,True,False,True,10.0,119.0,275.0,100.3,F,MOVED_TO_RESERVE,2026-08-14T19:02:29.346905+00:00,18.5,0.4868421052631579,4.3700787401574805,12.5,2.5,2.952755905511811,381.0,5.0,0.131578947368421,7.111885398626327,1.508433105424046,0.3992942178921942,12.1,27.1,42.0,38.0,3.7,2.5,8.620318504050372,0.3294234101267984,0.0698708077653958,11.140350877192985,,,,,,,,,,,,,,2026-08-14T20:59:07.776936+00:00,FWD,canonical primary position,sunderland,soccerdata:sofascore:16363636,2026-08-22,2026-08-22T14:00:00+00:00,Premier League,league,scheduled,1.0,False,sunderland,Sunderland,ipswich_town,Ipswich Town,A,Away,,,44.4,55.6,Difficult,,,,,derived feature frame,False
072mq,2627,Brian Madjo,AVL,F,14.0,AVL,F,F,,474.0,,14.0,7.0,0.0,,2.0,-1.0,FA,@BHA Sun 8:00AM,brian madjo,True,False,Inactive / historical only,pr_667cb2e8d58331b5,,072mq,Brian Madjo,,AVL,AVL,F,False,unverified,,AVL,F,Historical Only,Unresolved,0.0,Fantrax / historical,,072mq,Player Registry,Unresolved,AVL,Historical Only,False,,AVL,F,38.0,0.0,0.0,0.0,0.0,0.0,0.0,0.0,0.0,0.0,0.0,0.0,,0.0,0.0,0.0,0.0,0.0,,,0.0,0.0,True,True,matched by historical Fantrax ID,normalized Fantrax ID,1.0,,,,,,,57.9,54.1,59.0,40.96666666666667,44.9,48.31,0.0,Unknown / New Arrival,25.0,False,13.7,22.8,0.0,0.0,53.4,62.1,19.06,46.2,,,,Not draft eligible,,,Free Agent,,,,,,True,0,,,,,,,False,True,False,,,,,F,,,0.0,0.0,,,,,0.0,0.0,0.0,0.0,0.0,,0.0,59.0,44.9,38.0,,,0.0,,,0.0,,,,,,,,,,,,,,2026-08-14T20:59:07.776936+00:00,FWD,canonical primary position,aston_villa,soccerdata:sofascore:16363236,2026-08-23,2026-08-23T13:00:00+00:00,Premier League,league,scheduled,1.0,False,aston_villa,Aston Villa,brighton_hove_albion,Brighton & Hove Albion,A,Away,,,38.5,61.5,Difficult,,,,,derived feature frame,False
05gcr,2627,Bruno Fernandes,MUN,M,460.0,MUN,M,M,1.9,2.0,1.9,459.0,14.34,100.0,,100.0,0.0,FA,@HUL Sat 6:30AM,bruno fernandes,False,True,Matched eligible,pr_f442ad7acde27aaf,426.0,05gcr,Bruno Borges Fernandes,Bruno Borges Fernandes,Man Utd,MUN,M,True,a,,MUN,"M,F",Confirmed,Ordered Token Expanded Name,85.0,Official FPL API,2026-07-30T01:09:03.040438+00:00,05gcr,Player Registry,Ordered Token Expanded Name,MUN,Confirmed,False,Bruno Fernandes,MUN,"M,F",38.0,3061.0,35.0,675.5,449.5,9.0,24.0,11.931805820204316,17.75713463127613,0.0,137.0,3082.0,1228.0,538.0,6.0,131.0,17.776315789473685,11.829,19.861156484808888,0.8669710060458276,0.9210526315789472,1.0,True,True,matched by historical Fantrax ID,normalized Fantrax ID,1.0,449.5,11.829,38.0,675.5,13.21626919307416,66.54330125832718,90.6,59.4,72.4,44.06666666666666,49.54,46.89,94.1,Locked Starter,90.0,False,99.9,99.8,97.1,94.1,83.8,84.0,95.09,95.5,1.0,Tier 1,0.8999999999999999,Near market,pr_f442ad7acde27aaf,Bruno Borges Fernandes,Rostered,h1vdt8ynmrp1z5vp,Pot Splashers,Pot Splashers,ACTIVE,ACTIVE,False,0,,,Pot Splashers,h1vdt8ynmrp1z5vp,1.0,1.0,True,False,True,1.0,1.0,1.0,1.9,M,,,675.5,17.776315789473685,19.861156484808888,449.5,11.829,13.21626919307416,3061.0,35.0,0.9210526315789472,11.931805820204316,17.75713463127613,0.8669710060458276,94.1,72.4,49.54,38.0,19.3,12.842857142857143,29.68894045148045,0.34843041006437,0.5185405959814574,89.50292397660819,,,,,,,,,,,,,,2026-08-14T20:59:07.776936+00:00,MID,canonical primary position,manchester_united,soccerdata:sofascore:16363634,2026-08-22,2026-08-22T11:30:00+00:00,Premier League,league,scheduled,1.0,False,manchester_united,Manchester United,hull_city,Hull City,A,Away,,,49.1,50.9,Neutral,,,,,derived feature frame,False
05ylj,2627,Bruno Guimaraes,NEW,M,300.5,NEW,M,M,29.8,44.0,29.8,299.5,8.56,100.0,,100.0,0.0,FA,LIV Sun 10:30AM,bruno guimaraes,False,True,Matched eligible,pr_ed3f6fe23a1573ef,452.0,05ylj,Bruno Guimarães Rodriguez Moura,Bruno Guimarães Rodriguez Moura,Newcastle,NEW,M,True,a,,NEW,M,Confirmed,Ordered Token Expanded Name,85.0,Official FPL API,2026-07-30T01:09:03.040438+00:00,05ylj,Player Registry,Ordered Token Expanded Name,NEW,Confirmed,False,Bruno Guimaraes,NEW,M,38.0,2447.0,27.0,358.5,229.5,9.0,7.0,6.597308051772415,3.8693104553967705,0.0,44.0,2467.0,8327.0,433.0,5.0,49.0,9.43421052631579,6.039,13.18553330608909,0.3818385349190218,0.7105263157894737,0.8333333333333334,True,True,matched by historical Fantrax ID,normalized Fantrax ID,1.0,229.5,6.039,38.0,358.5,8.440948099713935,64.01673640167364,62.2,27.4,49.3,42.16666666666666,42.86,46.68,75.2,Likely Starter,90.0,False,93.0,79.3,73.0,75.2,53.2,36.6,74.77,95.5,33.0,Tier 2,-3.2,Near market,pr_ed3f6fe23a1573ef,Bruno Guimarães Rodriguez Moura,Rostered,acjx0vg4mrp1z5vo,yudesh,yudesh,ACTIVE,ACTIVE,False,0,,,yudesh,acjx0vg4mrp1z5vo,4.0,42.0,True,False,True,4.0,42.0,33.0,29.8,M,,,358.5,9.43421052631579,13.18553330608909,229.5,6.039,8.440948099713935,2447.0,27.0,0.7105263157894737,6.597308051772415,3.8693104553967705,0.3818385349190218,75.2,49.3,42.86,38.0,13.27777777777778,8.5,10.466618507169184,0.2406800667448388,0.1411584681741829,71.54970760233918,,,,,,,,,,,,,,2026-08-14T20:59:07.776936+00:00,MID,canonical primary position,newcastle_united,soccerdata:sofascore:16363246,2026-08-23,2026-08-23T15:30:00+00:00,Premier League,league,scheduled,1.0,False,newcastle_united,Newcastle United,liverpool,Liverpool FC,H,Home,,,31.6,68.4,Very difficult,,,,,derived feature frame,False
05trb,2627,Bryan Mbeumo,MUN,"M,F",267.0,MUN,M,"M,F",28.9,82.0,28.9,267.0,8.34,100.0,,100.0,0.0,FA,@HUL Sat 6:30AM,bryan mbeumo,False,True,Matched eligible,pr_13d2678f20f4b4d8,427.0,05trb,Bryan Mbeumo,Bryan Mbeumo,Man Utd,MUN,M,True,a,,MUN,"M,F",Confirmed,Exact Name + Club,95.0,Official FPL API,2026-07-30T01:09:03.040438+00:00,05trb,Player Registry,Exact Name + Club,MUN,Confirmed,False,Bryan Mbeumo,MUN,"M,F",38.0,2603.0,31.0,342.0,222.0,11.0,3.0,13.309208107180892,5.091009698808192,0.0,45.0,2676.0,6552.0,400.0,5.0,46.0,9.0,5.842,11.824817518248176,0.6188414060310231,0.8157894736842105,0.8333333333333334,True,True,matched by historical Fantrax ID,normalized Fantrax ID,1.0,222.0,5.842,38.0,342.0,7.675758739915482,64.91228070175438,90.6,59.4,72.4,44.06666666666666,49.54,46.89,77.3,Likely Starter,90.0,False,86.5,77.4,89.4,77.3,83.8,84.0,83.21,95.5,10.0,Tier 1,18.9,Value,pr_13d2678f20f4b4d8,Bryan Mbeumo,Rostered,w2mnqywumrp1z5vp,tpem,tpem,ACTIVE,ACTIVE,False,0,,,tpem,w2mnqywumrp1z5vp,2.0,23.0,True,False,True,2.0,23.0,10.0,28.9,M,,,342.0,9.0,11.824817518248176,222.0,5.842,7.675758739915482,2603.0,31.0,0.8157894736842105,13.309208107180892,5.091009698808192,0.6188414060310231,77.3,72.4,49.54,38.0,11.03225806451613,7.161290322580645,18.400217805989083,0.4476191067437519,0.171222299287271,76.11111111111111,,,,,,,,,,,,,,2026-08-14T20:59:07.776936+00:00,MID,canonical primary position,manchester_united,soccerdata:sofascore:16363634,2026-08-22,2026-08-22T11:30:00+00:00,Premier League,league,scheduled,1.0,False,manchester_united,Manchester United,hull_city,Hull City,A,Away,,,49.1,50.9,Neutral,,,,,derived feature frame,False
04y92,2627,Bukayo Saka,ARS,"M,F",462.0,ARS,M,"M,F",2.9,1.0,2.9,462.0,14.9,100.0,,100.0,0.0,FA,COV Fri 2:00PM,bukayo saka,False,True,Matched eligible,pr_349e8b56152838e2,12.0,04y92,Bukayo Saka,Bukayo Saka,Arsenal,ARS,M,True,a,,ARS,"M,F",Confirmed,Exact Name + Club,95.0,Official FPL API,2026-07-30T01:09:03.040438+00:00,04y92,Player Registry,Exact Name + Club,ARS,Confirmed,False,Bukayo Saka,ARS,"M,F",38.0,2212.0,25.0,435.5,304.5,7.0,10.0,8.701195661909876,8.552797641605139,0.0,62.0,2239.0,7322.0,223.0,3.0,52.0,11.460526315789474,8.013,17.719258589511753,0.6935504230979684,0.6578947368421053,0.5,True,True,matched by historical Fantrax ID,normalized Fantrax ID,1.0,304.5,8.013,38.0,435.5,12.389240506329116,69.91963260619977,86.2,100.0,90.6,40.0,43.64,45.32000000000001,56.4,Likely Rotation,90.0,False,98.3,92.5,92.9,56.4,84.0,52.3,82.19,95.5,11.0,Tier 1,-8.1,Reach,pr_349e8b56152838e2,Bukayo Saka,Rostered,cjn4stydmrp1z5vp,Robertske,Robertske,ACTIVE,ACTIVE,False,0,,,Robertske,cjn4stydmrp1z5vp,1.0,3.0,True,False,True,1.0,3.0,11.0,2.9,M,,,435.5,11.460526315789474,17.719258589511753,304.5,8.013,12.389240506329116,2212.0,25.0,0.6578947368421053,8.701195661909876,8.552797641605139,0.6935504230979684,56.4,90.6,43.64,38.0,17.42,12.18,17.253993303515017,0.3497577532701603,0.3437926698278081,64.6783625730994,,,,,,,,,,,,,,2026-08-14T20:59:07.776936+00:00,MID,canonical primary position,arsenal,soccerdata:sofascore:16363633,2026-08-21,2026-08-21T19:00:00+00:00,Premier League,league,scheduled,1.0,False,arsenal,Arsenal,coventry_city,Coventry City,H,Home,,,55.2,44.8,Favorable,,,,,derived feature frame,False
06nvb,2627,Caleb Kporha,CRY,D,0.5,,,,,,,,,,,,,,,,,,,,,,,,,,,,,,,,,,,,,,,,,,,,,,,,,,,,,,,,,,,,,,,,,,,,,,,,,,,,,,,,,,,,,,,,,,,,,,,,,,,,,,,Free Agent,,,,,,True,0,,,,,,,False,True,False,,,,,,,,,,,,,,,,,,,,,,,,,,,,,,,,,,,,,,,,,,,2026-08-14T20:59:07.776936+00:00,DEF,first valid Fantrax position,crystal_palace,soccerdata:sofascore:16363635,2026-08-22,2026-08-22T14:00:00+00:00,Premier League,league,scheduled,1.0,False,crystal_palace,Crystal Palace,everton,Everton,A,Away,,,51.6,48.4,Neutral,,,,,derived feature frame,False
06qqm,2627,Callum Bates,EVE,M,0.0,,,,,,,,,,,,,,,,,,,,,,,,,,,,,,,,,,,,,,,,,,,,,,,,,,,,,,,,,,,,,,,,,,,,,,,,,,,,,,,,,,,,,,,,,,,,,,,,,,,,,,,Free Agent,,,,,,True,0,,,,,,,False,True,False,,,,,,,,,,,,,,,,,,,,,,,,,,,,,,,,,,,,,,,,,,,2026-08-14T20:59:07.776936+00:00,MID,first valid Fantrax position,everton,soccerdata:sofascore:16363635,2026-08-22,2026-08-22T14:00:00+00:00,Premier League,league,scheduled,1.0,False,everton,Everton,crystal_palace,Crystal Palace,H,Home,,,56.0,44.0,Favorable,,,,,derived feature frame,False
04mi4,2627,Callum Hudson-Odoi,NOT,"M,F",67.5,NOT,M,"M,F",153.1,247.0,153.1,67.5,8.44,91.0,,58.0,-8.0,FA,LEE Sat 9:00AM,callum hudson odoi,False,True,Matched eligible,pr_6b4ee8cc0a3a552a,482.0,04mi4,Callum Hudson-Odoi,Callum Hudson-Odoi,Nott'm Forest,NOT,M,True,d,Thigh injury - 75% chance of playing,NOT,"M,F",Confirmed,Exact Name + Club,95.0,Official FPL API,2026-07-30T01:09:03.040438+00:00,04mi4,Player Registry,Exact Name + Club,NOT,Confirmed,False,Callum Hudson-Odoi,NOT,"M,F",38.0,971.0,11.0,122.5,95.5,1.0,3.0,2.9516881722956887,3.933808506466448,0.0,44.0,1857.0,6456.0,0.0,0.0,0.0,3.223684210526316,5.026,11.354273944387227,0.3337074319270825,0.2894736842105263,0.0,True,True,matched by historical Fantrax ID,normalized Fantrax ID,1.0,95.5,5.026,19.0,122.5,8.851699279093717,77.9591836734694,39.9,34.4,37.8,48.333333333333336,45.36,43.16,17.1,Bench / Unknown,55.0,False,70.7,70.2,67.2,17.1,43.2,66.2,56.18,79.8,147.0,Tier 5,6.099999999999994,Near market,,,Free Agent,,,,,,True,0,,,,,,,False,True,False,,,147.0,153.1,M,,,122.5,3.223684210526316,11.354273944387227,95.5,5.026,8.851699279093717,971.0,11.0,0.2894736842105263,2.9516881722956887,3.933808506466448,0.3337074319270825,17.1,37.8,45.36,38.0,11.136363636363637,8.681818181818182,6.885496678762136,0.1430543540692579,0.1906530778578246,28.391812865497077,,,,,,,,,,,,,,2026-08-14T20:59:07.776936+00:00,MID,canonical primary position,,,,,,,,,,,,,,,,,,,,,,,,,derived feature frame,False
06qq8,2627,Callum Olusesi,TOT,M,0.0,,,,,,,,,,,,,,,,,,,,,,,,,,,,,,,,,,,,,,,,,,,,,,,,,,,,,,,,,,,,,,,,,,,,,,,,,,,,,,,,,,,,,,,,,,,,,,,,,,,,,,,Free Agent,,,,,,True,0,,,,,,,False,True,False,,,,,,,,,,,,,,,,,,,,,,,,,,,,,,,,,,,,,,,,,,,2026-08-14T20:59:07.776936+00:00,MID,first valid Fantrax position,tottenham_hotspur,soccerdata:sofascore:16363242,2026-08-22,2026-08-22T16:30:00+00:00,Premier League,league,scheduled,1.0,False,tottenham_hotspur,Tottenham Hotspur,brentford,Brentford,A,Away,,,55.1,44.9,Favorable,,,,,derived feature frame,False
03r8x,2627,Callum Wilson,BRF,F,20.0,BRF,F,F,,414.0,,25.5,6.38,0.0,,2.0,-1.0,FA,TOT Sat 11:30AM,callum wilson,False,True,Matched eligible,pr_0c89d789a87ac7de,108.0,03r8x,Callum Wilson,Callum Wilson,Brentford,BRF,F,True,a,,WHU,F,Transferred,Exact Name + Club,95.0,Official FPL API,2026-07-30T01:09:03.040438+00:00,03r8x,Player Registry,Exact Name + Club,BRF,Transferred,False,Callum Wilson,WHU,F,38.0,229.0,3.0,9.0,3.0,0.0,1.0,7.602661198005079,1.026759289205074,0.0,8.0,1229.0,468.0,0.0,0.0,0.0,0.2368421052631578,1.0,3.537117903930131,0.6319347793725906,0.0789473684210526,0.0,True,True,matched by historical Fantrax ID,normalized Fantrax ID,1.0,3.0,1.0,3.0,9.0,1.1790393013100435,33.33333333333333,29.4,35.6,32.6,45.36666666666667,47.48,44.42,0.0,Bench / Unknown,40.0,True,31.5,47.5,90.5,0.0,20.9,78.0,40.05,73.0,245.0,Tier 6,,ADP unavailable,,,Free Agent,,,,,,True,0,,,,,,,False,True,False,,,245.0,,F,,,9.0,0.2368421052631578,3.537117903930131,3.0,1.0,1.1790393013100435,229.0,3.0,0.0789473684210526,7.602661198005079,1.026759289205074,0.6319347793725906,0.0,32.6,47.48,38.0,3.0,1.0,8.629420487210153,0.5567449209279554,0.0751898584446352,6.695906432748538,,,,,,,,,,,,,,2026-08-14T20:59:07.776936+00:00,FWD,canonical primary position,brentford,soccerdata:sofascore:16363242,2026-08-22,2026-08-22T16:30:00+00:00,Premier League,league,scheduled,1.0,False,brentford,Brentford,tottenham_hotspur,Tottenham Hotspur,H,Home,,,51.6,48.4,Neutral,,,,,derived feature frame,False
0554g,2627,Calvin Bassey,FUL,D,246.0,FUL,D,D,,119.0,,246.0,6.83,0.0,,13.0,0.0,FA,CHE Mon 2:00PM,calvin bassey,False,True,Matched eligible,pr_02b8492ea4da17a2,257.0,0554g,Calvin Bassey,Calvin Bassey,Fulham,FUL,D,True,a,,FUL,D,Confirmed,Exact Name + Club,95.0,Official FPL API,2026-07-30T01:09:03.040438+00:00,0554g,Player Registry,Exact Name + Club,FUL,Confirmed,False,Calvin Bassey,FUL,D,38.0,630.0,7.0,43.5,43.5,0.0,0.0,1.1909357141703365,0.4309475254267452,0.0,10.0,2523.0,11728.0,360.0,4.0,31.5,1.144736842105263,6.214,6.214285714285714,0.0578555257882431,0.1842105263157894,0.6666666666666666,True,True,matched by historical Fantrax ID,normalized Fantrax ID,1.0,43.5,6.214,7.0,43.5,6.214285714285714,100.0,33.8,50.9,42.5,48.0,41.08,42.540000000000006,37.7,Rotation Risk,55.0,False,40.6,81.2,18.5,37.7,38.0,15.4,40.0,79.8,246.0,Tier 6,,ADP unavailable,,,Free Agent,,,,,,True,0,,,,,,,False,True,False,,,246.0,,D,,,43.5,1.144736842105263,6.214285714285714,43.5,6.214,6.214285714285714,630.0,7.0,0.1842105263157894,1.1909357141703365,0.4309475254267452,0.0578555257882431,37.7,42.5,41.08,38.0,6.214285714285714,6.214285714285714,1.6218832395970817,0.0424828435494769,0.0153726822387661,18.421052631578945,,,,,,,,,,,,,,2026-08-14T20:59:07.776936+00:00,DEF,canonical primary position,fulham,soccerdata:sofascore:16363244,2026-08-24,2026-08-24T19:00:00+00:00,Premier League,league,scheduled,1.0,False,fulham,Fulham,chelsea,Chelsea,H,Home,,,35.8,64.2,Difficult,,,,,derived feature frame,False
061z5,2627,Calvin Ramsay,LIV,D,1.5,LIV,D,D,,543.0,,1.5,0.0,0.0,,1.0,0.0,FA,@NEW Sun 10:30AM,calvin ramsay,False,True,Matched eligible,pr_91ff980aa0d566ac,365.0,061z5,Calvin Ramsay,Calvin Ramsay,Liverpool,LIV,D,True,a,,LIV,D,Confirmed,Exact Name + Club,95.0,Official FPL API,2026-07-30T01:09:03.040438+00:00,061z5,Player Registry,Exact Name + Club,LIV,Confirmed,False,,LIV,D,38.0,0.0,0.0,0.0,0.0,0.0,0.0,0.0,0.0,0.0,0.0,0.0,,0.0,0.0,0.0,0.0,0.0,,,0.0,0.0,True,True,matched by historical Fantrax ID,normalized Fantrax ID,1.0,,,,,,,83.8,61.5,74.8,46.4,49.71999999999999,50.39,0.0,Unknown / New Arrival,25.0,False,13.7,22.8,0.0,0.0,77.2,90.1,24.24,46.2,327.0,Deep,,ADP unavailable,,,Free Agent,,,,,,True,0,,,,,,,False,True,False,,,327.0,,D,,,0.0,0.0,,,,,0.0,0.0,0.0,0.0,0.0,,0.0,74.8,49.71999999999999,38.0,,,0.0,,,0.0,,,,,,,,,,,,,,2026-08-14T20:59:07.776936+00:00,DEF,canonical primary position,liverpool,soccerdata:sofascore:16363246,2026-08-23,2026-08-23T15:30:00+00:00,Premier League,league,scheduled,1.0,False,liverpool,Liverpool FC,newcastle_united,Newcastle United,A,Away,,,48.2,51.8,Neutral,,,,,derived feature frame,False
045ob,2627,Caoimhin Kelleher,BRF,G,220.5,BRF,G,G,151.4,149.0,151.4,220.0,6.88,91.0,,91.0,-3.0,FA,TOT Sat 11:30AM,caoimhin kelleher,False,True,Matched eligible,pr_6758ee2f9c6c5ea3,82.0,045ob,Caoimhín Kelleher,Caoimhín Kelleher,Brentford,BRF,G,True,a,,BRF,G,Confirmed,Exact Name + Club,95.0,Official FPL API,2026-07-30T01:09:03.040438+00:00,045ob,Player Registry,Exact Name + Club,BRF,Confirmed,False,Caoimhin Kelleher,BRF,G,38.0,3330.0,37.0,332.5,316.5,0.0,0.0,0.0,0.1064014490693807,0.0,2.0,3330.0,7904.0,540.0,6.0,65.0,8.75,8.329,8.986486486486486,0.0028757148397129,0.9736842105263158,1.0,True,True,matched by historical Fantrax ID,normalized Fantrax ID,1.0,316.5,8.329,38.0,332.5,8.554054054054054,95.18796992481204,29.4,35.6,32.6,45.36666666666667,47.48,44.42,98.4,Locked Starter,90.0,False,70.9,94.0,8.7,98.4,20.9,78.0,66.27,95.5,74.0,Tier 4,77.4,Strong value,pr_6758ee2f9c6c5ea3,Caoimhín Kelleher,Rostered,w2mnqywumrp1z5vp,tpem,tpem,RESERVE,RESERVE,False,0,,,tpem,w2mnqywumrp1z5vp,14.0,167.0,True,False,True,14.0,167.0,74.0,151.4,G,,,332.5,8.75,8.986486486486486,316.5,8.329,8.554054054054054,3330.0,37.0,0.9736842105263158,0.0,0.1064014490693807,0.0028757148397129,98.4,32.6,47.48,38.0,8.986486486486486,8.554054054054054,0.1064014490693807,0.0,0.0028757148397129,97.36842105263158,,,,,,,,,,,,,,2026-08-14T20:59:07.776936+00:00,GK,canonical primary position,brentford,soccerdata:sofascore:16363242,2026-08-22,2026-08-22T16:30:00+00:00,Premier League,league,scheduled,1.0,False,brentford,Brentford,tottenham_hotspur,Tottenham Hotspur,H,Home,,,51.6,48.4,Neutral,,,,,derived feature frame,False
062ct,2627,Carl Rushworth,COV,G,47.5,BHA,G,G,281.4,292.0,281.4,49.5,6.19,13.0,,8.0,0.0,FA,AVL Sun 8:00AM,carl rushworth,False,True,Matched eligible,pr_5e49c1cd91f1f34d,110.0,062ct,Carl Rushworth,Carl Rushworth,Brighton,BHA,G,True,a,,,,New EPL Arrival,Exact Name,90.0,Official FPL API,2026-07-30T01:09:03.040438+00:00,062ct,Player Registry,Exact Name,BHA,New EPL Arrival,False,,,,,,,,,,,,,,,,,,,,,,,,,,False,False,no 2025/26 record for bridged ID,none,0.0,,,,,,,,,,,,,0.0,Unknown / New Arrival,25.0,False,0.0,0.0,0.0,0.0,0.0,0.0,0.0,11.2,627.0,Deep,-345.6,Major reach,,,Free Agent,,,,,,True,0,,,,,,,False,True,False,,,627.0,281.4,G,,,,,,,,,,,,,,,0.0,,,,,,,,,,,,,,,,,,,,,,,2026-08-14T20:59:07.776936+00:00,GK,canonical primary position,coventry_city,soccerdata:sofascore:16363633,2026-08-21,2026-08-21T19:00:00+00:00,Premier League,league,scheduled,1.0,False,coventry_city,Coventry City,arsenal,Arsenal,A,Away,,,18.9,81.1,Very difficult,,,,,derived feature frame,False
0687c,2627,Carlos Alcaraz,EVE,M,43.0,EVE,M,M,278.8,329.0,278.8,42.0,8.4,9.0,,8.0,-3.0,FA,CRY Sat 9:00AM,carlos alcaraz,False,True,Matched eligible,pr_8d3f0ea5951aca59,243.0,0687c,Carlos Alcaraz Durán,Carlos Alcaraz Durán,Everton,EVE,M,True,a,,EVE,M,Confirmed,Ordered Token Expanded Name,85.0,Official FPL API,2026-07-30T01:09:03.040438+00:00,0687c,Player Registry,Ordered Token Expanded Name,EVE,Confirmed,False,Carlos Alcaraz,EVE,M,38.0,253.0,3.0,20.0,19.0,0.0,0.0,1.008789571933448,1.2138494011014698,0.0,9.0,681.0,11297.0,0.0,0.0,0.0,0.5263157894736842,3.8,7.1146245059288535,0.293740833440738,0.0789473684210526,0.0,True,True,matched by historical Fantrax ID,normalized Fantrax ID,1.0,19.0,3.8,5.0,20.0,6.758893280632411,95.0,18.7,43.5,29.0,42.06666666666666,41.9,42.48,4.5,Bench / Unknown,55.0,False,39.7,61.7,63.2,4.5,13.5,18.7,34.79,79.8,276.0,Tier 6,2.800000000000012,Near market,,,Free Agent,,,,,,True,0,,,,,,,False,True,False,,,276.0,278.8,M,,,20.0,0.5263157894736842,7.1146245059288535,19.0,3.8,6.758893280632411,253.0,3.0,0.0789473684210526,1.008789571933448,1.2138494011014698,0.293740833440738,4.5,29.0,41.9,38.0,6.666666666666667,6.333333333333333,2.222638973034918,0.1333202077445085,0.1604206256962295,7.39766081871345,,,,,,,,,,,,,,2026-08-14T20:59:07.776936+00:00,MID,canonical primary position,everton,soccerdata:sofascore:16363635,2026-08-22,2026-08-22T14:00:00+00:00,Premier League,league,scheduled,1.0,False,everton,Everton,crystal_palace,Crystal Palace,H,Home,,,56.0,44.0,Favorable,,,,,derived feature frame,False
06fwi,2627,Carlos Baleba,BHA,M,40.0,BHA,M,M,,333.0,,41.5,6.92,0.0,,9.0,-2.0,FA,AVL Sun 8:00AM,carlos baleba,False,True,Matched eligible,pr_f75241e3fdbbceee,131.0,06fwi,Carlos Baleba,Carlos Baleba,Brighton,BHA,M,True,a,,BHA,M,Confirmed,Exact Name + Club,95.0,Official FPL API,2026-07-30T01:09:03.040438+00:00,06fwi,Player Registry,Exact Name + Club,BHA,Confirmed,False,Carlos Baleba,BHA,M,38.0,479.0,8.0,26.5,24.5,0.0,0.0,0.573349368758499,0.8124822005629537,0.0,9.0,1692.0,10527.0,0.0,0.0,0.0,0.6973684210526315,2.722,4.979123173277662,0.073714445176673,0.2105263157894736,0.0,True,True,matched by historical Fantrax ID,normalized Fantrax ID,1.0,24.5,2.722,9.0,26.5,4.603340292275574,92.45283018867924,,,,,,,9.8,Bench / Unknown,55.0,False,37.0,53.3,21.4,9.8,0.0,0.0,24.25,69.8,324.0,Deep,,ADP unavailable,,,Free Agent,,,,,,True,0,,,,,,,False,True,False,,,324.0,,M,,,26.5,0.6973684210526315,4.979123173277662,24.5,2.722,4.603340292275574,479.0,8.0,0.2105263157894736,0.573349368758499,0.8124822005629537,0.073714445176673,9.8,,,38.0,3.3125,3.0625,1.385831569321453,0.0304973068488563,0.0432171383278166,14.005847953216374,,,,,,,,,,,,,,2026-08-14T20:59:07.776936+00:00,MID,canonical primary position,brighton_hove_albion,soccerdata:sofascore:16363236,2026-08-23,2026-08-23T13:00:00+00:00,Premier League,league,scheduled,1.0,False,brighton_hove_albion,Brighton & Hove Albion,aston_villa,Aston Villa,H,Home,,,39.0,61.0,Difficult,,,,,derived feature frame,False
0642l,2627,Casemiro,MUN,M,0.0,,,,,,,,,,,,,,,,,,,,,,,,,,,,,,,,,,,,,,,,,,,,,,,,,,,,,,,,,,,,,,,,,,,,,,,,,,,,,,,,,,,,,,,,,,,,,,,,,,,,,,,Free Agent,,,,,,True,0,,,,,,,False,True,False,,,,,,,,,,,,,,,,,,,,,,,,,,,,,,,,,,,,,,,,,,,2026-08-14T20:59:07.776936+00:00,MID,first valid Fantrax position,manchester_united,soccerdata:sofascore:16363634,2026-08-22,2026-08-22T11:30:00+00:00,Premier League,league,scheduled,1.0,False,manchester_united,Manchester United,hull_city,Hull City,A,Away,,,49.1,50.9,Neutral,,,,,derived feature frame,False
076dk,2627,Cathal McCarthy,HUL,D,7.5,,,,,,,,,,,,,,,,,,,,,,,,,,,,,,,,,,,,,,,,,,,,,,,,,,,,,,,,,,,,,,,,,,,,,,,,,,,,,,,,,,,,,,,,,,,,,,,,,,,,,,,Free Agent,,,,,,True,0,,,,,,,False,True,False,,,,,,,,,,,,,,,,,,,,,,,,,,,,,,,,,,,,,,,,,,,2026-08-14T20:59:07.776936+00:00,DEF,first valid Fantrax position,hull_city,soccerdata:sofascore:16363634,2026-08-22,2026-08-22T11:30:00+00:00,Premier League,league,scheduled,1.0,False,hull_city,Hull City,manchester_united,Manchester United,H,Home,,,32.0,68.0,Very difficult,,,,,derived feature frame,False
073ac,2627,Ceadach O'Neill,ARS,F,0.0,ARS,F,F,,635.0,,0.0,0.0,0.0,,1.0,1.0,W <small>(Tue)</small>,COV Fri 2:00PM,ceadach o neill,True,False,Inactive / historical only,pr_ea7e5bbc6bc7c152,,073ac,Ceadach O'Neill,,ARS,ARS,F,False,unverified,,ARS,F,Historical Only,Unresolved,0.0,Fantrax / historical,,073ac,Player Registry,Unresolved,ARS,Historical Only,False,,ARS,F,38.0,0.0,0.0,0.0,0.0,0.0,0.0,0.0,0.0,0.0,0.0,0.0,,0.0,0.0,0.0,0.0,0.0,,,0.0,0.0,True,True,matched by historical Fantrax ID,normalized Fantrax ID,1.0,,,,,,,86.2,100.0,90.6,40.0,43.64,45.32000000000001,0.0,Unknown / New Arrival,25.0,False,13.7,22.8,0.0,0.0,84.0,52.3,21.15,46.2,,,,Not draft eligible,,,Free Agent,,,,,,True,0,,,,,,,False,True,False,,,,,F,,,0.0,0.0,,,,,0.0,0.0,0.0,0.0,0.0,,0.0,90.6,43.64,38.0,,,0.0,,,0.0,,,,,,,,,,,,,,2026-08-14T20:59:07.776936+00:00,FWD,canonical primary position,arsenal,soccerdata:sofascore:16363633,2026-08-21,2026-08-21T19:00:00+00:00,Premier League,league,scheduled,1.0,False,arsenal,Arsenal,coventry_city,Coventry City,H,Home,,,55.2,44.8,Favorable,,,,,derived feature frame,False
05o6g,2627,Cedric Kipre,IPS,D,55.5,IPS,D,D,,282.0,,53.0,7.57,0.0,,0.0,0.0,FA,SUN Sat 9:00AM,cedric kipre,False,True,Matched eligible,pr_a0302c0007a9a423,303.0,05o6g,Cédric Kipré,Cédric Kipré,Ipswich Town,IPS,D,True,a,,,,New EPL Arrival,Exact Name + Club,95.0,Official FPL API,2026-07-30T01:09:03.040438+00:00,05o6g,Player Registry,Exact Name + Club,IPS,New EPL Arrival,False,,,,,,,,,,,,,,,,,,,,,,,,,,False,False,no 2025/26 record for bridged ID,none,0.0,,,,,,,,,,38.833333333333336,43.44,41.53,0.0,Unknown / New Arrival,25.0,False,0.0,0.0,0.0,0.0,0.0,47.0,4.7,11.2,547.0,Deep,,ADP unavailable,,,Free Agent,,,,,,True,0,,,,,,,False,True,False,,,547.0,,D,,,,,,,,,,,,,,,0.0,,43.44,,,,,,,,,,,,,,,,,,,,,2026-08-14T20:59:07.776936+00:00,DEF,canonical primary position,ipswich_town,soccerdata:sofascore:16363636,2026-08-22,2026-08-22T14:00:00+00:00,Premier League,league,scheduled,1.0,False,ipswich_town,Ipswich Town,sunderland,Sunderland,H,Home,,,58.8,41.2,Favorable,,,,,derived feature frame,False
06mnn,2627,Chadi Riad,CRY,D,31.5,,,,,,,,,,,,,,,,,,,,,,,,,,,,,,,,,,,,,,,,,,,,,,,,,,,,,,,,,,,,,,,,,,,,,,,,,,,,,,,,,,,,,,,,,,,,,,,,,,,,,,,Free Agent,,,,,,True,0,,,,,,,False,True,False,,,,,,,,,,,,,,,,,,,,,,,,,,,,,,,,,,,,,,,,,,,2026-08-14T20:59:07.776936+00:00,DEF,first valid Fantrax position,crystal_palace,soccerdata:sofascore:16363635,2026-08-22,2026-08-22T14:00:00+00:00,Premier League,league,scheduled,1.0,False,crystal_palace,Crystal Palace,everton,Everton,A,Away,,,51.6,48.4,Neutral,,,,,derived feature frame,False
06xzd,2627,Charalampos Kostoulas,BHA,F,33.5,BHA,F,F,272.8,367.0,272.8,34.0,34.0,17.0,,12.0,1.0,FA,AVL Sun 8:00AM,charalampos kostoulas,False,True,Matched eligible,pr_843d241b1c35a592,138.0,06xzd,Charalampos Kostoulas,Charalampos Kostoulas,Brighton,BHA,F,True,a,,BHA,F,Confirmed,Exact Name + Club,95.0,Official FPL API,2026-07-30T01:09:03.040438+00:00,06xzd,Player Registry,Exact Name + Club,BHA,Confirmed,False,Charalampos Kostoulas,BHA,F,38.0,0.0,0.0,0.0,0.0,0.0,0.0,2.2569837048649783,1.2800643518567083,0.0,10.0,309.0,14118.0,0.0,0.0,0.0,0.0,0.0,,1.0302081718606857,0.0,0.0,True,True,matched by historical Fantrax ID,normalized Fantrax ID,1.0,,,,,,,,,,,,,0.0,Unknown / New Arrival,25.0,False,13.7,22.8,98.4,0.0,0.0,0.0,22.28,56.2,338.0,Deep,-65.19999999999999,Major reach,,,Free Agent,,,,,,True,0,,,,,,,False,True,False,,,338.0,272.8,F,,,0.0,0.0,,,,,0.0,0.0,0.0,2.2569837048649783,1.2800643518567083,1.0302081718606857,0.0,,,38.0,,,3.5370480567216864,0.6573738946208675,0.372834277239818,0.0,,,,,,,,,,,,,,2026-08-14T20:59:07.776936+00:00,FWD,canonical primary position,brighton_hove_albion,soccerdata:sofascore:16363236,2026-08-23,2026-08-23T13:00:00+00:00,Premier League,league,scheduled,1.0,False,brighton_hove_albion,Brighton & Hove Albion,aston_villa,Aston Villa,H,Home,,,39.0,61.0,Difficult,,,,,derived feature frame,False
06xzf,2627,Charlie Crew,LEE,M,0.0,LEE,M,M,,,,0.0,0.0,0.0,,1.0,1.0,W <small>(Tue)</small>,@NOT Sat 9:00AM,charlie crew,True,False,Inactive / historical only,pr_b456c1583442504d,,06xzf,Charlie Crew,,LEE,LEE,M,False,unverified,,LEE,M,Historical Only,Unresolved,0.0,Fantrax / historical,,06xzf,Player Registry,Unresolved,LEE,Historical Only,False,,LEE,M,38.0,0.0,0.0,0.0,0.0,0.0,0.0,0.0,0.0,0.0,0.0,0.0,,0.0,0.0,0.0,0.0,0.0,,,0.0,0.0,True,True,matched by historical Fantrax ID,normalized Fantrax ID,1.0,,,,,,,38.1,24.1,31.1,45.56666666666666,43.0,38.71,0.0,Unknown / New Arrival,25.0,False,13.7,22.8,0.0,0.0,30.4,42.0,14.77,46.2,,,,Not draft eligible,,,Free Agent,,,,,,True,0,,,,,,,False,True,False,,,,,M,,,0.0,0.0,,,,,0.0,0.0,0.0,0.0,0.0,,0.0,31.1,43.0,38.0,,,0.0,,,0.0,,,,,,,,,,,,,,2026-08-14T20:59:07.776936+00:00,MID,canonical primary position,leeds_united,soccerdata:sofascore:16363238,2026-08-22,2026-08-22T14:00:00+00:00,Premier League,league,scheduled,1.0,False,leeds_united,Leeds United,nottingham_forest,Nottingham Forest,A,Away,,,49.5,50.5,Neutral,,,,,derived feature frame,False
072ht,2627,Charlie Gray,MCI,M,0.0,,,,,,,,,,,,,,,,,,,,,,,,,,,,,,,,,,,,,,,,,,,,,,,,,,,,,,,,,,,,,,,,,,,,,,,,,,,,,,,,,,,,,,,,,,,,,,,,,,,,,,,Free Agent,,,,,,True,0,,,,,,,False,True,False,,,,,,,,,,,,,,,,,,,,,,,,,,,,,,,,,,,,,,,,,,,2026-08-14T20:59:07.776936+00:00,MID,first valid Fantrax position,manchester_city,soccerdata:sofascore:16363243,2026-08-23,2026-08-23T13:00:00+00:00,Premier League,league,scheduled,1.0,False,manchester_city,Manchester City,afc_bournemouth,Bournemouth,H,Home,,,49.6,50.4,Neutral,,,,,derived feature frame,False
0730i,2627,Charlie Holland,CHE,M,0.0,,,,,,,,,,,,,,,,,,,,,,,,,,,,,,,,,,,,,,,,,,,,,,,,,,,,,,,,,,,,,,,,,,,,,,,,,,,,,,,,,,,,,,,,,,,,,,,,,,,,,,,Free Agent,,,,,,True,0,,,,,,,False,True,False,,,,,,,,,,,,,,,,,,,,,,,,,,,,,,,,,,,,,,,,,,,2026-08-14T20:59:07.776936+00:00,MID,first valid Fantrax position,chelsea,soccerdata:sofascore:16363244,2026-08-24,2026-08-24T19:00:00+00:00,Premier League,league,scheduled,1.0,False,chelsea,Chelsea,fulham,Fulham,A,Away,,,50.9,49.1,Neutral,,,,,derived feature frame,False
076dh,2627,Charlie Hughes,HUL,D,236.0,HUL,D,D,277.9,128.0,277.9,238.5,7.01,13.0,,8.0,-1.0,FA,MUN Sat 6:30AM,charlie hughes,False,True,Matched eligible,pr_2496a21ed1877ded,278.0,076dh,Charlie Hughes,Charlie Hughes,Hull City,HUL,D,True,a,,,,New EPL Arrival,Exact Name + Club,95.0,Official FPL API,2026-07-30T01:09:03.040438+00:00,076dh,Player Registry,Exact Name + Club,HUL,New EPL Arrival,False,,,,,,,,,,,,,,,,,,,,,,,,,,False,False,no 2025/26 record for bridged ID,none,0.0,,,,,,,,,,38.13333333333333,40.5,42.74,0.0,Unknown / New Arrival,25.0,False,0.0,0.0,0.0,0.0,0.0,11.8,1.18,11.2,589.0,Deep,-311.1,Major reach,,,Free Agent,,,,,,True,0,,,,,,,False,True,False,,,589.0,277.9,D,,,,,,,,,,,,,,,0.0,,40.5,,,,,,,,,,,,,,,,,,,,,2026-08-14T20:59:07.776936+00:00,DEF,canonical primary position,hull_city,soccerdata:sofascore:16363634,2026-08-22,2026-08-22T11:30:00+00:00,Premier League,league,scheduled,1.0,False,hull_city,Hull City,manchester_united,Manchester United,H,Home,,,32.0,68.0,Very difficult,,,,,derived feature frame,False
072p7,2627,Charlie Stevens,BOU,M,0.0,,,,,,,,,,,,,,,,,,,,,,,,,,,,,,,,,,,,,,,,,,,,,,,,,,,,,,,,,,,,,,,,,,,,,,,,,,,,,,,,,,,,,,,,,,,,,,,,,,,,,,,Free Agent,,,,,,True,0,,,,,,,False,True,False,,,,,,,,,,,,,,,,,,,,,,,,,,,,,,,,,,,,,,,,,,,2026-08-14T20:59:07.776936+00:00,MID,first valid Fantrax position,afc_bournemouth,soccerdata:sofascore:16363243,2026-08-23,2026-08-23T13:00:00+00:00,Premier League,league,scheduled,1.0,False,afc_bournemouth,Bournemouth,manchester_city,Manchester City,A,Away,,,16.8,83.2,Very difficult,,,,,derived feature frame,False
06rwp,2627,Charlie Tasker,BHA,D,0.0,,,,,,,,,,,,,,,,,,,,,,,,,,,,,,,,,,,,,,,,,,,,,,,,,,,,,,,,,,,,,,,,,,,,,,,,,,,,,,,,,,,,,,,,,,,,,,,,,,,,,,,Free Agent,,,,,,True,0,,,,,,,False,True,False,,,,,,,,,,,,,,,,,,,,,,,,,,,,,,,,,,,,,,,,,,,2026-08-14T20:59:07.776936+00:00,DEF,first valid Fantrax position,brighton_hove_albion,soccerdata:sofascore:16363236,2026-08-23,2026-08-23T13:00:00+00:00,Premier League,league,scheduled,1.0,False,brighton_hove_albion,Brighton & Hove Albion,aston_villa,Aston Villa,H,Home,,,39.0,61.0,Difficult,,,,,derived feature frame,False
062ot,2627,Cheick Doucoure,CRY,M,23.5,CRY,M,M,,410.0,,26.5,5.3,0.0,,2.0,-1.0,FA,@EVE Sat 9:00AM,cheick doucoure,False,True,Matched eligible,pr_7edff555774d7c8e,218.0,062ot,Cheick Doucouré,Cheick Doucouré,Crystal Palace,CRY,M,True,a,,CRY,M,Confirmed,Exact Name + Club,95.0,Official FPL API,2026-07-30T01:09:03.040438+00:00,062ot,Player Registry,Exact Name + Club,CRY,Confirmed,False,,CRY,M,38.0,0.0,0.0,0.0,0.0,0.0,0.0,0.0,0.0,0.0,0.0,0.0,,0.0,0.0,0.0,0.0,0.0,,,0.0,0.0,True,True,matched by historical Fantrax ID,normalized Fantrax ID,1.0,,,,,,,18.2,57.9,33.9,40.0,40.32,42.81,0.0,Unknown / New Arrival,25.0,False,13.7,22.8,0.0,0.0,19.2,7.1,10.15,46.2,503.0,Deep,,ADP unavailable,,,Free Agent,,,,,,True,0,,,,,,,False,True,False,,,503.0,,M,,,0.0,0.0,,,,,0.0,0.0,0.0,0.0,0.0,,0.0,33.9,40.32,38.0,,,0.0,,,0.0,,,,,,,,,,,,,,2026-08-14T20:59:07.776936+00:00,MID,canonical primary position,crystal_palace,soccerdata:sofascore:16363635,2026-08-22,2026-08-22T14:00:00+00:00,Premier League,league,scheduled,1.0,False,crystal_palace,Crystal Palace,everton,Everton,A,Away,,,51.6,48.4,Neutral,,,,,derived feature frame,False
06ybq,2627,Chemsdine Talbi,SUN,"M,F",33.5,SUN,M,"M,F",285.3,375.0,285.3,33.5,5.58,4.0,,7.0,-2.0,FA,@IPS Sat 9:00AM,chemsdine talbi,False,True,Matched eligible,pr_6557f576afb774ae,549.0,06ybq,Chemsdine Talbi,Chemsdine Talbi,Sunderland,SUN,M,True,a,,SUN,"M,F",Confirmed,Exact Name + Club,95.0,Official FPL API,2026-07-30T01:09:03.040438+00:00,06ybq,Player Registry,Exact Name + Club,SUN,Confirmed,False,Chemsdine Talbi,SUN,"M,F",38.0,0.0,0.0,0.0,0.0,0.0,0.0,2.323773873038589,0.6003798525780435,0.0,12.0,1556.0,13717.0,0.0,0.0,0.0,0.0,0.0,,0.1691348555947923,0.0,0.0,True,True,matched by historical Fantrax ID,normalized Fantrax ID,1.0,,,,,,,7.9,49.1,27.1,43.6,42.0,37.67,0.0,Unknown / New Arrival,25.0,False,13.7,22.8,43.9,0.0,3.8,23.7,16.86,66.2,407.0,Deep,-121.7,Major reach,,,Free Agent,,,,,,True,0,,,,,,,False,True,False,,,407.0,285.3,M,,,0.0,0.0,,,,,0.0,0.0,0.0,2.323773873038589,0.6003798525780435,0.1691348555947923,0.0,27.1,42.0,38.0,,,2.924153725616633,0.1344085145073734,0.0347263410874189,0.0,,,,,,,,,,,,,,2026-08-14T20:59:07.776936+00:00,MID,canonical primary position,sunderland,soccerdata:sofascore:16363636,2026-08-22,2026-08-22T14:00:00+00:00,Premier League,league,scheduled,1.0,False,sunderland,Sunderland,ipswich_town,Ipswich Town,A,Away,,,44.4,55.6,Difficult,,,,,derived feature frame,False
06roj,2627,Chido Obi-Martin,MUN,F,0.0,,,,,,,,,,,,,,,,,,,,,,,,,,,,,,,,,,,,,,,,,,,,,,,,,,,,,,,,,,,,,,,,,,,,,,,,,,,,,,,,,,,,,,,,,,,,,,,,,,,,,,,Free Agent,,,,,,True,0,,,,,,,False,True,False,,,,,,,,,,,,,,,,,,,,,,,,,,,,,,,,,,,,,,,,,,,2026-08-14T20:59:07.776936+00:00,FWD,first valid Fantrax position,manchester_united,soccerdata:sofascore:16363634,2026-08-22,2026-08-22T11:30:00+00:00,Premier League,league,scheduled,1.0,False,manchester_united,Manchester United,hull_city,Hull City,A,Away,,,49.1,50.9,Neutral,,,,,derived feature frame,False
0635j,2627,Chris Richards,CRY,D,286.5,CRY,D,D,95.5,40.0,95.5,309.5,9.38,100.0,,92.0,1.0,FA,@EVE Sat 9:00AM,chris richards,False,True,Matched eligible,pr_b1a257b2771e2715,202.0,0635j,Chris Richards,Chris Richards,Crystal Palace,CRY,D,True,a,,CRY,D,Confirmed,Exact Name + Club,95.0,Official FPL API,2026-07-30T01:09:03.040438+00:00,0635j,Player Registry,Exact Name + Club,CRY,Confirmed,False,Chris Richards,CRY,D,38.0,2825.0,31.0,355.5,321.5,1.0,0.0,1.7814537715166805,0.4875335106626148,0.0,9.0,2819.0,8430.0,403.0,4.0,36.0,9.355263157894736,8.461,11.32566371681416,0.0724401757347061,0.8157894736842105,0.6666666666666666,True,True,matched by historical Fantrax ID,normalized Fantrax ID,1.0,321.5,8.461,38.0,355.5,10.242477876106197,90.43600562587903,18.2,57.9,33.9,40.0,40.32,42.81,78.4,Likely Starter,90.0,False,85.3,94.4,21.2,78.4,19.2,7.1,61.24,95.5,102.0,Tier 4,-6.5,Near market,pr_b1a257b2771e2715,Chris Richards,Rostered,acjx0vg4mrp1z5vo,yudesh,yudesh,ACTIVE,ACTIVE,False,0,,,yudesh,acjx0vg4mrp1z5vo,6.0,66.0,True,False,True,6.0,66.0,102.0,95.5,D,,,355.5,9.355263157894736,11.32566371681416,321.5,8.461,10.242477876106197,2825.0,31.0,0.8157894736842105,1.7814537715166805,0.4875335106626148,0.0724401757347061,78.4,33.9,40.32,38.0,11.46774193548387,10.370967741935484,2.268987282179295,0.056875076068287,0.015565099666419,82.60233918128655,,,,,,,,,,,,,,2026-08-14T20:59:07.776936+00:00,DEF,canonical primary position,crystal_palace,soccerdata:sofascore:16363635,2026-08-22,2026-08-22T14:00:00+00:00,Premier League,league,scheduled,1.0,False,crystal_palace,Crystal Palace,everton,Everton,A,Away,,,51.6,48.4,Neutral,,,,,derived feature frame,False
06v0l,2627,Chris Rigg,SUN,M,22.0,SUN,M,M,,438.0,,21.0,5.25,0.0,,4.0,-1.0,FA,@IPS Sat 9:00AM,chris rigg,False,True,Matched eligible,pr_1bc1d3a9dbe82787,548.0,06v0l,Chris Rigg,Chris Rigg,Sunderland,SUN,M,True,a,,SUN,M,Confirmed,Exact Name + Club,95.0,Official FPL API,2026-07-30T01:09:03.040438+00:00,06v0l,Player Registry,Exact Name + Club,SUN,Confirmed,False,Chris Rigg,SUN,M,38.0,0.0,0.0,0.0,0.0,0.0,0.0,0.8001006729900833,1.1892294473946092,0.0,9.0,780.0,13719.0,0.0,0.0,0.0,0.0,0.0,,0.2295380908136183,0.0,0.0,True,True,matched by historical Fantrax ID,normalized Fantrax ID,1.0,,,,,,,7.9,49.1,27.1,43.6,42.0,37.67,0.0,Unknown / New Arrival,25.0,False,13.7,22.8,55.6,0.0,3.8,23.7,18.6,66.2,393.0,Deep,,ADP unavailable,,,Free Agent,,,,,,True,0,,,,,,,False,True,False,,,393.0,,M,,,0.0,0.0,,,,,0.0,0.0,0.0,0.8001006729900833,1.1892294473946092,0.2295380908136183,0.0,27.1,42.0,38.0,,,1.9893301203846925,0.0923193084219326,0.1372187823916857,0.0,,,,,,,,,,,,,,2026-08-14T20:59:07.776936+00:00,MID,canonical primary position,sunderland,soccerdata:sofascore:16363636,2026-08-22,2026-08-22T14:00:00+00:00,Premier League,league,scheduled,1.0,False,sunderland,Sunderland,ipswich_town,Ipswich Town,A,Away,,,44.4,55.6,Difficult,,,,,derived feature frame,False
02m5b,2627,Chris Wood,NOT,F,180.5,NOT,F,F,149.9,200.0,149.9,180.5,5.82,91.0,,66.0,-3.0,FA,LEE Sat 9:00AM,chris wood,False,True,Matched eligible,pr_d55c7a75aa283f3e,490.0,02m5b,Chris Wood,Chris Wood,Nott'm Forest,NOT,F,True,a,,NOT,F,Confirmed,Exact Name + Club,95.0,Official FPL API,2026-07-30T01:09:03.040438+00:00,02m5b,Player Registry,Exact Name + Club,NOT,Confirmed,False,Chris Wood,NOT,F,38.0,536.0,7.0,46.0,28.0,2.0,0.0,3.365151971578598,0.3216942660510538,0.0,5.0,913.0,4456.0,0.0,0.0,0.0,1.2105263157894737,1.647,7.723880597014925,0.3634350069952559,0.1842105263157894,0.0,True,True,matched by historical Fantrax ID,normalized Fantrax ID,1.0,28.0,1.647,17.0,46.0,4.701492537313433,60.86956521739131,39.9,34.4,37.8,48.333333333333336,45.36,43.16,10.0,Bench / Unknown,55.0,False,46.1,48.5,70.1,10.0,43.2,66.2,44.55,79.8,213.0,Tier 6,-63.1,Major reach,,,Free Agent,,,,,,True,0,,,,,,,False,True,False,,,213.0,149.9,F,,,46.0,1.2105263157894737,7.723880597014925,28.0,1.647,4.701492537313433,536.0,7.0,0.1842105263157894,3.365151971578598,0.3216942660510538,0.3634350069952559,10.0,37.8,45.36,38.0,6.571428571428571,4.0,3.686846237629652,0.3317236335619647,0.0317113734332911,15.67251461988304,,,,,,,,,,,,,,2026-08-14T20:59:07.776936+00:00,FWD,canonical primary position,,,,,,,,,,,,,,,,,,,,,,,,,derived feature frame,False
070hh,2627,Christantus Uche,CRY,M,31.5,,,,,,,,,,,,,,,,,,,,,,,,,,,,,,,,,,,,,,,,,,,,,,,,,,,,,,,,,,,,,,,,,,,,,,,,,,,,,,,,,,,,,,,,,,,,,,,,,,,,,,,Free Agent,,,,,,True,0,,,,,,,False,True,False,,,,,,,,,,,,,,,,,,,,,,,,,,,,,,,,,,,,,,,,,,,2026-08-14T20:59:07.776936+00:00,MID,first valid Fantrax position,crystal_palace,soccerdata:sofascore:16363635,2026-08-22,2026-08-22T14:00:00+00:00,Premier League,league,scheduled,1.0,False,crystal_palace,Crystal Palace,everton,Everton,A,Away,,,51.6,48.4,Neutral,,,,,derived feature frame,False
05tr8,2627,Christian Norgaard,ARS,M,31.5,ARS,M,M,,394.0,,30.5,10.17,0.0,,6.0,3.0,FA,COV Fri 2:00PM,christian norgaard,False,True,Matched eligible,pr_89ad472a68c5f688,21.0,05tr8,Christian Nørgaard,Christian Nørgaard,Arsenal,ARS,M,True,a,,ARS,M,Confirmed,Unique Fuzzy,75.0,Official FPL API,2026-07-30T01:09:03.040438+00:00,05tr8,Player Registry,Unique Fuzzy,ARS,Confirmed,False,Christian Norgaard,ARS,M,38.0,1.0,0.0,0.5,0.5,0.0,0.0,0.0686947088688611,0.0,0.0,0.0,93.0,7083.0,0.0,0.0,0.0,0.0131578947368421,0.056,45.0,0.0664787505182526,0.0,0.0,True,True,matched by historical Fantrax ID,normalized Fantrax ID,1.0,0.5,0.056,9.0,0.5,45.0,100.0,86.2,100.0,90.6,40.0,43.64,45.32000000000001,0.0,Bench / Unknown,55.0,False,67.3,45.6,19.8,0.0,84.0,52.3,43.64,79.8,221.0,Tier 6,,ADP unavailable,,,Free Agent,,,,,,True,0,,,,,,,False,True,False,,,221.0,,M,,,0.5,0.0131578947368421,45.0,0.5,0.056,45.0,1.0,0.0,0.0,0.0686947088688611,0.0,0.0664787505182526,0.0,90.6,43.64,38.0,,,0.0686947088688611,0.0664787505182526,0.0,0.0292397660818713,,,,,,,,,,,,,,2026-08-14T20:59:07.776936+00:00,MID,canonical primary position,arsenal,soccerdata:sofascore:16363633,2026-08-21,2026-08-21T19:00:00+00:00,Premier League,league,scheduled,1.0,False,arsenal,Arsenal,coventry_city,Coventry City,H,Home,,,55.2,44.8,Favorable,,,,,derived feature frame,False
04fjz,2627,Christian Walton,IPS,G,185.5,IPS,G,G,280.0,311.0,280.0,46.0,7.67,17.0,,11.0,-3.0,FA,SUN Sat 9:00AM,christian walton,False,True,Matched eligible,pr_2df31e153a51599c,300.0,04fjz,Christian Walton,Christian Walton,Ipswich Town,IPS,G,True,a,,,,New EPL Arrival,Exact Name + Club,95.0,Official FPL API,2026-07-30T01:09:03.040438+00:00,04fjz,Player Registry,Exact Name + Club,IPS,New EPL Arrival,False,,,,,,,,,,,,,,,,,,,,,,,,,,False,False,no 2025/26 record for bridged ID,none,0.0,,,,,,,,,,38.833333333333336,43.44,41.53,0.0,Unknown / New Arrival,25.0,False,0.0,0.0,0.0,0.0,0.0,47.0,4.7,11.2,541.0,Deep,-261.0,Major reach,,,Free Agent,,,,,,True,0,,,,,,,False,True,False,,,541.0,280.0,G,,,,,,,,,,,,,,,0.0,,43.44,,,,,,,,,,,,,,,,,,,,,2026-08-14T20:59:07.776936+00:00,GK,canonical primary position,ipswich_town,soccerdata:sofascore:16363636,2026-08-22,2026-08-22T14:00:00+00:00,Premier League,league,scheduled,1.0,False,ipswich_town,Ipswich Town,sunderland,Sunderland,H,Home,,,58.8,41.2,Favorable,,,,,derived feature frame,False
072x6,2627,Christos Mandas,BOU,G,7.5,,,,,,,,,,,,,,,,,,,,,,,,,,,,,,,,,,,,,,,,,,,,,,,,,,,,,,,,,,,,,,,,,,,,,,,,,,,,,,,,,,,,,,,,,,,,,,,,,,,,,,,Free Agent,,,,,,True,0,,,,,,,False,True,False,,,,,,,,,,,,,,,,,,,,,,,,,,,,,,,,,,,,,,,,,,,2026-08-14T20:59:07.776936+00:00,GK,first valid Fantrax position,afc_bournemouth,soccerdata:sofascore:16363243,2026-08-23,2026-08-23T13:00:00+00:00,Premier League,league,scheduled,1.0,False,afc_bournemouth,Bournemouth,manchester_city,Manchester City,A,Away,,,16.8,83.2,Very difficult,,,,,derived feature frame,False
05uox,2627,Christos Tzolis,ARS,F,0.0,ARS,M,F,205.7,671.0,205.7,0.0,0.0,50.0,,46.0,11.0,FA,COV Fri 2:00PM,christos tzolis,False,True,Matched eligible,pr_975edca78e5e06f1,557.0,05uox,Christos Tzolis,Christos Tzolis,Arsenal,ARS,M,True,a,,,,New EPL Arrival,Exact Name + Club,95.0,Official FPL API,2026-07-30T01:09:03.040438+00:00,05uox,Player Registry,Exact Name + Club,ARS,New EPL Arrival,False,,,,,,,,,,,,,,,,,,,,,,,,,,False,False,no 2025/26 record for bridged ID,none,0.0,,,,,,,86.2,100.0,90.6,40.0,43.64,45.32000000000001,0.0,Unknown / New Arrival,25.0,False,0.0,0.0,0.0,0.0,84.0,52.3,13.63,21.2,444.0,Deep,-238.3,Major reach,pr_975edca78e5e06f1,Christos Tzolis,Rostered,rx9bjhp3mrp1z5vo,KindComet,KindComet,ACTIVE,ACTIVE,False,0,,,,,,,False,False,False,,,444.0,205.7,M,,,,,,,,,,,,,,,0.0,90.6,43.64,,,,,,,,,,,,,,,,,,,,,2026-08-14T20:59:07.776936+00:00,MID,canonical primary position,arsenal,soccerdata:sofascore:16363633,2026-08-21,2026-08-21T19:00:00+00:00,Premier League,league,scheduled,1.0,False,arsenal,Arsenal,coventry_city,Coventry City,H,Home,,,55.2,44.8,Favorable,,,,,derived feature frame,False
0326x,2627,Chuba Akpom,IPS,F,16.5,IPS,F,F,,471.0,,14.5,4.83,0.0,,1.0,1.0,FA,SUN Sat 9:00AM,chuba akpom,False,True,Matched eligible,pr_e4171337541c201c,320.0,0326x,Chuba Akpom,Chuba Akpom,Ipswich Town,IPS,F,True,a,,,,New EPL Arrival,Exact Name + Club,95.0,Official FPL API,2026-07-30T01:09:03.040438+00:00,0326x,Player Registry,Exact Name + Club,IPS,New EPL Arrival,False,,,,,,,,,,,,,,,,,,,,,,,,,,False,False,no 2025/26 record for bridged ID,none,0.0,,,,,,,,,,38.833333333333336,43.44,41.53,0.0,Unknown / New Arrival,25.0,False,0.0,0.0,0.0,0.0,0.0,47.0,4.7,11.2,538.0,Deep,,ADP unavailable,,,Free Agent,,,,,,True,0,,,,,,,False,True,False,,,538.0,,F,,,,,,,,,,,,,,,0.0,,43.44,,,,,,,,,,,,,,,,,,,,,2026-08-14T20:59:07.776936+00:00,FWD,canonical primary position,ipswich_town,soccerdata:sofascore:16363636,2026-08-22,2026-08-22T14:00:00+00:00,Premier League,league,scheduled,1.0,False,ipswich_town,Ipswich Town,sunderland,Sunderland,H,Home,,,58.8,41.2,Favorable,,,,,derived feature frame,False
05roa,2627,Cody Drameh,HUL,D,44.0,HUL,D,D,,309.0,,46.0,6.57,0.0,,0.0,0.0,FA,MUN Sat 6:30AM,cody drameh,False,True,Matched eligible,pr_8bf04b264cc9419e,281.0,05roa,Cody Drameh,Cody Drameh,Hull City,HUL,D,True,a,,,,New EPL Arrival,Exact Name + Club,95.0,Official FPL API,2026-07-30T01:09:03.040438+00:00,05roa,Player Registry,Exact Name + Club,HUL,New EPL Arrival,False,,,,,,,,,,,,,,,,,,,,,,,,,,False,False,no 2025/26 record for bridged ID,none,0.0,,,,,,,,,,38.13333333333333,40.5,42.74,0.0,Unknown / New Arrival,25.0,False,0.0,0.0,0.0,0.0,0.0,11.8,1.18,11.2,584.0,Deep,,ADP unavailable,,,Free Agent,,,,,,True,0,,,,,,,False,True,False,,,584.0,,D,,,,,,,,,,,,,,,0.0,,40.5,,,,,,,,,,,,,,,,,,,,,2026-08-14T20:59:07.776936+00:00,DEF,canonical primary position,hull_city,soccerdata:sofascore:16363634,2026-08-22,2026-08-22T11:30:00+00:00,Premier League,league,scheduled,1.0,False,hull_city,Hull City,manchester_united,Manchester United,H,Home,,,32.0,68.0,Very difficult,,,,,derived feature frame,False
067yv,2627,Cody Gakpo,LIV,"M,F",293.0,LIV,M,"M,F",26.9,48.0,26.9,293.0,9.45,100.0,,99.0,-1.0,FA,@NEW Sun 10:30AM,cody gakpo,False,True,Matched eligible,pr_fa8b9f746047b676,367.0,067yv,Cody Gakpo,Cody Gakpo,Liverpool,LIV,M,True,a,,LIV,"M,F",Confirmed,Exact Name + Club,95.0,Official FPL API,2026-07-30T01:09:03.040438+00:00,067yv,Player Registry,Exact Name + Club,LIV,Confirmed,False,Cody Gakpo,LIV,"M,F",38.0,2729.0,32.0,337.5,236.5,7.0,5.0,9.82609913870692,6.592332137748598,0.0,53.0,2758.0,11296.0,502.0,6.0,56.0,8.881578947368421,6.224,11.130450714547454,0.5357718690649009,0.8421052631578947,1.0,True,True,matched by historical Fantrax ID,normalized Fantrax ID,1.0,236.5,6.224,38.0,337.5,7.79956027849029,70.07407407407408,83.8,61.5,74.8,46.4,49.71999999999999,50.39,86.6,Locked Starter,90.0,False,83.2,81.3,85.2,86.6,77.2,90.1,83.97,95.5,8.0,Tier 1,18.9,Value,pr_fa8b9f746047b676,Cody Gakpo,Rostered,ayk8m85amrp1z5vo,Up the Arse-nal,Up the Arse-nal,ACTIVE,ACTIVE,False,0,,,Up the Arse-nal,ayk8m85amrp1z5vo,6.0,61.0,True,False,True,6.0,61.0,8.0,26.9,M,,,337.5,8.881578947368421,11.130450714547454,236.5,6.224,7.79956027849029,2729.0,32.0,0.8421052631578947,9.82609913870692,6.592332137748598,0.5357718690649009,86.6,74.8,49.71999999999999,38.0,10.546875,7.390625,16.418431276455518,0.3206486303421403,0.2151232387227606,79.7953216374269,,,,,,,,,,,,,,2026-08-14T20:59:07.776936+00:00,MID,canonical primary position,liverpool,soccerdata:sofascore:16363246,2026-08-23,2026-08-23T15:30:00+00:00,Premier League,league,scheduled,1.0,False,liverpool,Liverpool FC,newcastle_united,Newcastle United,A,Away,,,48.2,51.8,Neutral,,,,,derived feature frame,False
05l8q,2627,Cole Palmer,CHE,M,254.5,CHE,M,M,15.7,113.0,15.7,248.5,8.28,100.0,,100.0,0.0,FA,@FUL Mon 2:00PM,cole palmer,False,True,Matched eligible,pr_2713ca67fce06b42,154.0,05l8q,Cole Palmer,Cole Palmer,Chelsea,CHE,M,True,a,,CHE,M,Confirmed,Exact Name + Club,95.0,Official FPL API,2026-07-30T01:09:03.040438+00:00,05l8q,Player Registry,Exact Name + Club,CHE,Confirmed,False,Cole Palmer,CHE,M,38.0,1951.0,24.0,233.5,125.5,10.0,2.0,10.257518742233511,2.123134629800916,0.0,24.0,2007.0,8497.0,448.0,5.0,20.5,6.144736842105263,3.303,10.771399282419273,0.5551862498670147,0.631578947368421,0.8333333333333334,True,True,matched by historical Fantrax ID,normalized Fantrax ID,1.0,125.5,3.303,38.0,233.5,5.789338800615069,53.74732334047109,68.4,56.8,65.6,50.53333333333333,46.98,47.54,68.7,Likely Starter,75.0,False,74.8,59.8,86.2,68.7,63.8,71.8,71.65,88.8,46.0,Tier 3,-30.3,Major reach,pr_2713ca67fce06b42,Cole Palmer,Rostered,acjx0vg4mrp1z5vo,yudesh,yudesh,ACTIVE,ACTIVE,False,0,,,yudesh,acjx0vg4mrp1z5vo,1.0,7.0,True,False,True,1.0,7.0,46.0,15.7,M,,,233.5,6.144736842105263,10.771399282419273,125.5,3.303,5.789338800615069,1951.0,24.0,0.631578947368421,10.257518742233511,2.123134629800916,0.5551862498670147,68.7,65.6,46.98,38.0,9.729166666666666,5.229166666666667,12.380653372034429,0.4599784189342382,0.0952078309327764,57.04678362573099,,,,,,,,,,,,,,2026-08-14T20:59:07.776936+00:00,MID,canonical primary position,chelsea,soccerdata:sofascore:16363244,2026-08-24,2026-08-24T19:00:00+00:00,Premier League,league,scheduled,1.0,False,chelsea,Chelsea,fulham,Fulham,A,Away,,,50.9,49.1,Neutral,,,,,derived feature frame,False
05uhj,2627,Conor Bradley,LIV,D,47.0,LIV,D,D,281.9,303.0,281.9,47.0,7.83,9.0,,7.0,0.0,FA,@NEW Sun 10:30AM,conor bradley,False,True,Matched eligible,pr_2cb32cfd8f524c3c,360.0,05uhj,Conor Bradley,Conor Bradley,Liverpool,LIV,D,True,i,Knee injury - Unknown return date,LIV,D,Confirmed,Exact Name + Club,95.0,Official FPL API,2026-07-30T01:09:03.040438+00:00,05uhj,Player Registry,Exact Name + Club,LIV,Confirmed,False,Conor Bradley,LIV,D,38.0,155.0,2.0,20.5,8.5,0.0,0.0,0.2198291672393678,1.193710748106241,0.0,4.0,962.0,10120.0,0.0,0.0,0.0,0.5394736842105263,2.833,11.903225806451614,0.1322438590240174,0.0526315789473684,0.0,True,True,matched by historical Fantrax ID,normalized Fantrax ID,1.0,8.5,2.833,3.0,20.5,4.935483870967742,41.46341463414634,83.8,61.5,74.8,46.4,49.71999999999999,50.39,2.9,Bench / Unknown,55.0,False,63.4,55.0,35.4,2.9,77.2,90.1,49.89,79.8,186.0,Tier 6,95.89999999999998,Strong value,,,Free Agent,,,,,,True,0,,,,,,,False,True,False,,,186.0,281.9,D,,,20.5,0.5394736842105263,11.903225806451614,8.5,2.833,4.935483870967742,155.0,2.0,0.0526315789473684,0.2198291672393678,1.193710748106241,0.1322438590240174,2.9,74.8,49.71999999999999,38.0,10.25,4.25,1.4135399153456087,0.0205661383072173,0.1116777207168001,4.5321637426900585,,,,,,,,,,,,,,2026-08-14T20:59:07.776936+00:00,DEF,canonical primary position,liverpool,soccerdata:sofascore:16363246,2026-08-23,2026-08-23T15:30:00+00:00,Premier League,league,scheduled,1.0,False,liverpool,Liverpool FC,newcastle_united,Newcastle United,A,Away,,,48.2,51.8,Neutral,,,,,derived feature frame,False
06mg7,2627,Conor Chaplin,IPS,"M,F",0.0,,,,,,,,,,,,,,,,,,,,,,,,,,,,,,,,,,,,,,,,,,,,,,,,,,,,,,,,,,,,,,,,,,,,,,,,,,,,,,,,,,,,,,,,,,,,,,,,,,,,,,,Free Agent,,,,,,True,0,,,,,,,False,True,False,,,,,,,,,,,,,,,,,,,,,,,,,,,,,,,,,,,,,,,,,,,2026-08-14T20:59:07.776936+00:00,MID,first valid Fantrax position,ipswich_town,soccerdata:sofascore:16363636,2026-08-22,2026-08-22T14:00:00+00:00,Premier League,league,scheduled,1.0,False,ipswich_town,Ipswich Town,sunderland,Sunderland,H,Home,,,58.8,41.2,Favorable,,,,,derived feature frame,False
051k8,2627,Conor Gallagher,TOT,M,29.5,TOT,M,M,226.1,402.0,226.1,28.5,5.7,52.0,,22.0,-1.0,FA,@BRF Sat 11:30AM,conor gallagher,False,True,Matched eligible,pr_6fbd80db08cfaf36,519.0,051k8,Conor Gallagher,Conor Gallagher,Spurs,TOT,M,True,a,,CHE/TOT,M,Transferred,Exact Name + Club,95.0,Official FPL API,2026-07-30T01:09:03.040438+00:00,051k8,Player Registry,Exact Name + Club,TOT,Transferred,False,Conor Gallagher,CHE/TOT,M,38.0,837.0,10.0,66.5,59.5,0.0,1.0,1.5124119995161889,0.8551288228482002,0.0,13.0,1229.0,9040.0,261.0,3.0,16.5,1.75,5.409,7.150537634408603,0.1733756501324613,0.2631578947368421,0.5,True,True,matched by historical Fantrax ID,normalized Fantrax ID,1.0,59.5,5.409,11.0,66.5,6.397849462365591,89.47368421052632,30.7,33.2,33.3,51.5,51.620000000000005,49.47,26.6,Rotation Risk,40.0,True,46.1,74.0,45.2,26.6,28.3,96.5,49.53,73.0,188.0,Tier 6,38.1,Strong value,,,Free Agent,,,,,,True,0,,,,,,,False,True,False,,,188.0,226.1,M,,,66.5,1.75,7.150537634408603,59.5,5.409,6.397849462365591,837.0,10.0,0.2631578947368421,1.5124119995161889,0.8551288228482002,0.1733756501324613,26.6,33.3,51.620000000000005,38.0,6.65,5.95,2.367540822364389,0.1107543368238055,0.0626213133086558,24.47368421052632,,,,,,,,,,,,,,2026-08-14T20:59:07.776936+00:00,MID,canonical primary position,tottenham_hotspur,soccerdata:sofascore:16363242,2026-08-22,2026-08-22T16:30:00+00:00,Premier League,league,scheduled,1.0,False,tottenham_hotspur,Tottenham Hotspur,brentford,Brentford,A,Away,,,55.1,44.9,Favorable,,,,,derived feature frame,False
06mwx,2627,Conor McManus,BRF,"D,M",0.0,BRF,"D,M","D,M",,622.0,,0.0,0.0,0.0,,0.0,0.0,FA,TOT Sat 11:30AM,conor mcmanus,True,False,Inactive / historical only,pr_64950c41afd09b0a,,06mwx,Conor McManus,,BRF,BRF,"D,M",False,unverified,,BRF,"D,M",Historical Only,Unresolved,0.0,Fantrax / historical,,06mwx,Player Registry,Unresolved,BRF,Historical Only,False,,BRF,"D,M",10.0,0.0,0.0,0.0,0.0,0.0,0.0,0.0,0.0,0.0,0.0,0.0,,0.0,0.0,0.0,0.0,0.0,,,0.0,0.0,True,True,matched by historical Fantrax ID,normalized Fantrax ID,1.0,,,,,,,29.4,35.6,32.6,45.36666666666667,47.48,44.42,0.0,Unknown / New Arrival,25.0,False,13.7,22.8,0.0,0.0,20.9,78.0,17.41,46.2,,,,Not draft eligible,,,Free Agent,,,,,,True,0,,,,,,,False,True,False,,,,,D,,,0.0,0.0,,,,,0.0,0.0,0.0,0.0,0.0,,0.0,32.6,47.48,10.0,,,0.0,,,0.0,,,,,,,,,,,,,,2026-08-14T20:59:07.776936+00:00,DEF,canonical primary position,brentford,soccerdata:sofascore:16363242,2026-08-22,2026-08-22T16:30:00+00:00,Premier League,league,scheduled,1.0,False,brentford,Brentford,tottenham_hotspur,Tottenham Hotspur,H,Home,,,51.6,48.4,Neutral,,,,,derived feature frame,False
03297,2627,Conor Townsend,IPS,D,0.0,,,,,,,,,,,,,,,,,,,,,,,,,,,,,,,,,,,,,,,,,,,,,,,,,,,,,,,,,,,,,,,,,,,,,,,,,,,,,,,,,,,,,,,,,,,,,,,,,,,,,,,Free Agent,,,,,,True,0,,,,,,,False,True,False,,,,,,,,,,,,,,,,,,,,,,,,,,,,,,,,,,,,,,,,,,,2026-08-14T20:59:07.776936+00:00,DEF,first valid Fantrax position,ipswich_town,soccerdata:sofascore:16363636,2026-08-22,2026-08-22T14:00:00+00:00,Premier League,league,scheduled,1.0,False,ipswich_town,Ipswich Town,sunderland,Sunderland,H,Home,,,58.8,41.2,Favorable,,,,,derived feature frame,False
076kd,2627,Costinha,BHA,D,0.0,BHA,D,D,,617.0,,0.0,0.0,0.0,,2.0,0.0,FA,AVL Sun 8:00AM,costinha,False,True,Unresolved: no current FPL identity,pr_82f652c51bb536fc,,076kd,Costinha,,BHA,BHA,D,False,unverified,,,,Unresolved,Unresolved,0.0,Fantrax / historical,,076kd,Player Registry,Unresolved,BHA,Unresolved,False,,,,,,,,,,,,,,,,,,,,,,,,,,False,False,no 2025/26 record for bridged ID,none,0.0,,,,,,,,,,,,,0.0,Unknown / New Arrival,25.0,False,0.0,0.0,0.0,0.0,0.0,0.0,0.0,11.2,632.0,Deep,,ADP unavailable,,,Free Agent,,,,,,True,0,,,,,,,False,True,False,,,632.0,,D,,,,,,,,,,,,,,,0.0,,,,,,,,,,,,,,,,,,,,,,,2026-08-14T20:59:07.776936+00:00,DEF,canonical primary position,brighton_hove_albion,soccerdata:sofascore:16363236,2026-08-23,2026-08-23T13:00:00+00:00,Premier League,league,scheduled,1.0,False,brighton_hove_albion,Brighton & Hove Albion,aston_villa,Aston Villa,H,Home,,,39.0,61.0,Difficult,,,,,derived feature frame,False
06zbm,2627,Cristhian Mosquera,ARS,D,31.5,ARS,D,D,232.0,387.0,232.0,31.5,5.25,48.0,,35.0,6.0,FA,COV Fri 2:00PM,cristhian mosquera,False,True,Matched eligible,pr_1e3bcfa8d017dca2,11.0,06zbm,Cristhian Mosquera,Cristhian Mosquera,Arsenal,ARS,D,True,a,,ARS,D,Confirmed,Exact Name + Club,95.0,Official FPL API,2026-07-30T01:09:03.040438+00:00,06zbm,Player Registry,Exact Name + Club,ARS,Confirmed,False,Cristhian Mosquera,ARS,D,38.0,270.0,3.0,21.5,15.5,0.0,0.0,0.0858541056513786,0.2934531178325411,0.0,5.0,976.0,10024.0,180.0,2.0,20.0,0.5657894736842105,5.167,7.166666666666667,0.0349771005261811,0.0789473684210526,0.3333333333333333,True,True,matched by historical Fantrax ID,normalized Fantrax ID,1.0,15.5,5.167,3.0,21.5,5.166666666666667,72.09302325581395,86.2,100.0,90.6,40.0,43.64,45.32000000000001,18.1,Bench / Unknown,55.0,False,40.5,72.0,13.0,18.1,84.0,52.3,42.14,79.8,230.0,Tier 6,2.0,Near market,,,Free Agent,,,,,,True,0,,,,,,,False,True,False,,,230.0,232.0,D,,,21.5,0.5657894736842105,7.166666666666667,15.5,5.167,5.166666666666667,270.0,3.0,0.0789473684210526,0.0858541056513786,0.2934531178325411,0.0349771005261811,18.1,90.6,43.64,38.0,7.166666666666667,5.166666666666667,0.3793072234839196,0.007916874496541,0.02706022602964,7.894736842105263,,,,,,,,,,,,,,2026-08-14T20:59:07.776936+00:00,DEF,canonical primary position,arsenal,soccerdata:sofascore:16363633,2026-08-21,2026-08-21T19:00:00+00:00,Premier League,league,scheduled,1.0,False,arsenal,Arsenal,coventry_city,Coventry City,H,Home,,,55.2,44.8,Favorable,,,,,derived feature frame,False
05uoc,2627,Cristian Romero,TOT,D,85.0,TOT,D,D,254.1,234.0,254.1,85.0,12.14,30.0,,21.0,-8.0,FA,@BRF Sat 11:30AM,cristian romero,False,True,Matched eligible,pr_c0ccb29464e025e3,500.0,05uoc,Cristian Romero,Cristian Romero,Spurs,TOT,D,True,a,,TOT,D,Confirmed,Exact Name + Club,95.0,Official FPL API,2026-07-30T01:09:03.040438+00:00,05uoc,Player Registry,Exact Name + Club,TOT,Confirmed,False,Cristian Romero,TOT,D,38.0,1866.0,22.0,247.0,200.0,4.0,1.0,1.838162718340754,1.8169466238468883,0.0,12.0,1878.0,7218.0,0.0,0.0,0.0,6.5,6.25,11.913183279742764,0.1751649844498869,0.5789473684210527,0.0,True,True,matched by historical Fantrax ID,normalized Fantrax ID,1.0,200.0,6.25,32.0,247.0,9.646302250803858,80.97165991902834,30.7,33.2,33.3,51.5,51.620000000000005,49.47,33.4,Rotation Risk,75.0,False,81.1,81.9,45.8,33.4,28.3,96.5,62.63,88.8,96.0,Tier 4,158.1,Strong value,,,Free Agent,,,,,,True,0,,,,,,,False,True,False,,,96.0,254.1,D,,,247.0,6.5,11.913183279742764,200.0,6.25,9.646302250803858,1866.0,22.0,0.5789473684210527,1.838162718340754,1.8169466238468883,0.1751649844498869,33.4,33.3,51.620000000000005,38.0,11.227272727272728,9.090909090909092,3.655109342187642,0.0880908650962022,0.0870741193536847,54.56140350877193,,,,,,,,,,,,,,2026-08-14T20:59:07.776936+00:00,DEF,canonical primary position,tottenham_hotspur,soccerdata:sofascore:16363242,2026-08-22,2026-08-22T16:30:00+00:00,Premier League,league,scheduled,1.0,False,tottenham_hotspur,Tottenham Hotspur,brentford,Brentford,A,Away,,,55.1,44.9,Favorable,,,,,derived feature frame,False
04o82,2627,Curtis Jones,LIV,"D,M",47.5,LIV,M,"D,M",,307.0,,46.5,7.75,0.0,,4.0,-2.0,FA,@NEW Sun 10:30AM,curtis jones,False,True,Matched eligible,pr_8e1c01c626f74500,373.0,04o82,Curtis Jones,Curtis Jones,Liverpool,LIV,M,True,a,,LIV,"D,M",Confirmed,Exact Name + Club,95.0,Official FPL API,2026-07-30T01:09:03.040438+00:00,04o82,Player Registry,Exact Name + Club,LIV,Confirmed,False,Curtis Jones,LIV,"D,M",38.0,180.0,2.0,14.0,14.0,0.0,0.0,2.4063171884045,2.83409568760544,0.0,22.0,1910.0,6665.0,90.0,1.0,8.5,0.3684210526315789,7.0,7.0,0.2469304496549186,0.0526315789473684,0.1666666666666666,True,True,matched by historical Fantrax ID,normalized Fantrax ID,1.0,14.0,7.0,2.0,14.0,7.0,100.0,83.8,61.5,74.8,46.4,49.71999999999999,50.39,9.8,Bench / Unknown,55.0,False,38.7,88.4,59.5,9.8,77.2,90.1,52.46,79.8,170.0,Tier 5,,ADP unavailable,,,Free Agent,,,,,,True,0,,,,,,,False,True,False,,,170.0,,M,,,14.0,0.3684210526315789,7.0,14.0,7.0,7.0,180.0,2.0,0.0526315789473684,2.4063171884045,2.83409568760544,0.2469304496549186,9.8,74.8,49.71999999999999,38.0,7.0,7.0,5.24041287600994,0.1133866737991649,0.1335437758557537,5.263157894736842,,,,,,,,,,,,,,2026-08-14T20:59:07.776936+00:00,MID,canonical primary position,liverpool,soccerdata:sofascore:16363246,2026-08-23,2026-08-23T15:30:00+00:00,Premier League,league,scheduled,1.0,False,liverpool,Liverpool FC,newcastle_united,Newcastle United,A,Away,,,48.2,51.8,Neutral,,,,,derived feature frame,False
06mnc,2627,Daichi Kamada,CRY,"M,F",192.0,CRY,M,"M,F",289.5,185.0,289.5,194.0,6.26,4.0,,9.0,-3.0,FA,@EVE Sat 9:00AM,daichi kamada,False,True,Matched eligible,pr_5d553e6120b9bf92,214.0,06mnc,Daichi Kamada,Daichi Kamada,Crystal Palace,CRY,M,True,a,,CRY,"M,F",Confirmed,Exact Name + Club,95.0,Official FPL API,2026-07-30T01:09:03.040438+00:00,06mnc,Player Registry,Exact Name + Club,CRY,Confirmed,False,Daichi Kamada,CRY,"M,F",38.0,898.0,11.0,60.0,54.0,0.0,1.0,1.48718955181539,2.5857622567564245,0.0,20.0,1924.0,6145.0,0.0,0.0,0.0,1.5789473684210529,4.909,6.01336302895323,0.1905226937481618,0.2894736842105263,0.0,True,True,matched by historical Fantrax ID,normalized Fantrax ID,1.0,54.0,4.909,11.0,60.0,5.412026726057906,90.0,18.2,57.9,33.9,40.0,40.32,42.81,16.3,Bench / Unknown,55.0,False,41.7,69.2,48.7,16.3,19.2,7.1,36.1,79.8,267.0,Tier 6,22.5,Strong value,,,Free Agent,,,,,,True,0,,,,,,,False,True,False,,,267.0,289.5,M,,,60.0,1.5789473684210529,6.01336302895323,54.0,4.909,5.412026726057906,898.0,11.0,0.2894736842105263,1.48718955181539,2.5857622567564245,0.1905226937481618,16.3,33.9,40.32,38.0,5.454545454545454,4.909090909090909,4.072951808571815,0.0695670788271232,0.1209556149210385,26.257309941520468,,,,,,,,,,,,,,2026-08-14T20:59:07.776936+00:00,MID,canonical primary position,crystal_palace,soccerdata:sofascore:16363635,2026-08-22,2026-08-22T14:00:00+00:00,Premier League,league,scheduled,1.0,False,crystal_palace,Crystal Palace,everton,Everton,A,Away,,,51.6,48.4,Neutral,,,,,derived feature frame,False
02lsa,2627,Dan Burn,NEW,D,121.5,NEW,D,D,277.8,223.0,277.8,121.5,11.05,13.0,,17.0,-3.0,FA,LIV Sun 10:30AM,dan burn,False,True,Matched eligible,pr_e498483dbe5f9df9,448.0,02lsa,Dan Burn,Dan Burn,Newcastle,NEW,D,True,a,,NEW,D,Confirmed,Exact Name + Club,95.0,Official FPL API,2026-07-30T01:09:03.040438+00:00,02lsa,Player Registry,Exact Name + Club,NEW,Confirmed,False,Dan Burn,NEW,D,38.0,2193.0,25.0,267.0,230.0,1.0,3.0,0.9214910920709368,0.4085770333185788,0.0,7.0,2205.0,7382.0,384.0,4.0,46.0,7.026315789473684,6.053,10.957592339261286,0.0542884949138577,0.6578947368421053,0.6666666666666666,True,True,matched by historical Fantrax ID,normalized Fantrax ID,1.0,230.0,6.053,38.0,267.0,9.439124487004104,86.14232209737828,62.2,27.4,49.3,42.16666666666666,42.86,46.68,66.8,Likely Rotation,75.0,False,77.4,79.7,17.5,66.8,53.2,36.6,60.12,88.8,114.0,Tier 4,163.8,Strong value,pr_e498483dbe5f9df9,Dan Burn,Rostered,hpsurdtbmrp1z5vo,Count Doku,Count Doku,RESERVE,RESERVE,False,0,,,Count Doku,hpsurdtbmrp1z5vo,15.0,172.0,True,False,True,15.0,172.0,114.0,277.8,D,,,267.0,7.026315789473684,10.957592339261286,230.0,6.053,9.439124487004104,2193.0,25.0,0.6578947368421053,0.9214910920709368,0.4085770333185788,0.0542884949138577,66.8,49.3,42.86,38.0,10.68,9.2,1.3300681253895157,0.0376118813090178,0.0166766136048399,64.12280701754386,,,,,,,,,,,,,,2026-08-14T20:59:07.776936+00:00,DEF,canonical primary position,newcastle_united,soccerdata:sofascore:16363246,2026-08-23,2026-08-23T15:30:00+00:00,Premier League,league,scheduled,1.0,False,newcastle_united,Newcastle United,liverpool,Liverpool FC,H,Home,,,31.6,68.4,Very difficult,,,,,derived feature frame,False
06zna,2627,Dan Ndoye,NOT,"M,F",204.5,NOT,M,"M,F",224.0,169.0,224.0,204.5,7.05,57.0,,34.0,-5.0,FA,LEE Sat 9:00AM,dan ndoye,False,True,Matched eligible,pr_0ba804aa25588fd7,483.0,06zna,Dan Ndoye,Dan Ndoye,Nott'm Forest,NOT,M,True,a,,NOT,"M,F",Confirmed,Exact Name + Club,95.0,Official FPL API,2026-07-30T01:09:03.040438+00:00,06zna,Player Registry,Exact Name + Club,NOT,Confirmed,False,Dan Ndoye,NOT,"M,F",38.0,735.0,11.0,63.0,48.0,1.0,1.0,1.172407845035195,1.5528845675289629,0.0,14.0,1184.0,8662.0,0.0,0.0,0.0,1.6578947368421053,3.2,7.714285714285714,0.2071590516307214,0.2894736842105263,0.0,True,True,matched by historical Fantrax ID,normalized Fantrax ID,1.0,48.0,3.2,15.0,63.0,5.877551020408164,76.19047619047619,39.9,34.4,37.8,48.333333333333336,45.36,43.16,14.4,Bench / Unknown,55.0,False,47.8,58.2,50.8,14.4,43.2,66.2,44.51,79.8,214.0,Tier 6,10.0,Value,,,Free Agent,,,,,,True,0,,,,,,,False,True,False,,,214.0,224.0,M,,,63.0,1.6578947368421053,7.714285714285714,48.0,3.2,5.877551020408164,735.0,11.0,0.2894736842105263,1.172407845035195,1.5528845675289629,0.2071590516307214,14.4,37.8,45.36,38.0,5.727272727272728,4.363636363636363,2.7252924125641576,0.089118839571932,0.1180402120587894,21.49122807017544,,,,,,,,,,,,,,2026-08-14T20:59:07.776936+00:00,MID,canonical primary position,,,,,,,,,,,,,,,,,,,,,,,,,derived feature frame,False
06v0j,2627,Dan Neil,SUN,M,0.0,,,,,,,,,,,,,,,,,,,,,,,,,,,,,,,,,,,,,,,,,,,,,,,,,,,,,,,,,,,,,,,,,,,,,,,,,,,,,,,,,,,,,,,,,,,,,,,,,,,,,,,Free Agent,,,,,,True,0,,,,,,,False,True,False,,,,,,,,,,,,,,,,,,,,,,,,,,,,,,,,,,,,,,,,,,,2026-08-14T20:59:07.776936+00:00,MID,first valid Fantrax position,sunderland,soccerdata:sofascore:16363636,2026-08-22,2026-08-22T14:00:00+00:00,Premier League,league,scheduled,1.0,False,sunderland,Sunderland,ipswich_town,Ipswich Town,A,Away,,,44.4,55.6,Difficult,,,,,derived feature frame,False
068lx,2627,Dango Ouattara,BRF,"M,F",295.5,BRF,M,"M,F",48.6,51.0,48.6,291.0,9.09,100.0,,98.0,-1.0,FA,TOT Sat 11:30AM,dango ouattara,False,True,Matched eligible,pr_bbe3dd6e230317d6,95.0,068lx,Dango Ouattara,Dango Ouattara,Brentford,BRF,M,True,a,,BOU/BRF,"M,F",Transferred,Exact Name + Club,95.0,Official FPL API,2026-07-30T01:09:03.040438+00:00,068lx,Player Registry,Exact Name + Club,BRF,Transferred,False,Dango Ouattara,BOU/BRF,"M,F",38.0,2261.0,25.0,327.0,214.0,7.0,8.0,8.694322310388086,5.863189795985818,0.0,27.0,2303.0,9662.0,470.0,5.0,70.0,8.605263157894736,5.632,13.016364440513046,0.5688997349429663,0.6578947368421053,0.8333333333333334,True,True,matched by historical Fantrax ID,normalized Fantrax ID,1.0,214.0,5.632,38.0,327.0,8.518354710305175,65.4434250764526,29.4,35.6,32.6,45.36666666666667,47.48,44.42,66.0,Likely Rotation,75.0,True,90.0,76.2,87.3,66.0,20.9,78.0,74.61,88.8,35.0,Tier 2,13.6,Value,pr_bbe3dd6e230317d6,Dango Ouattara,Rostered,h2e8dn5dmrp1z5vp,Berkshire’s Club,Berkshire’s Club,ACTIVE,ACTIVE,False,0,,,Berkshire's Club,h2e8dn5dmrp1z5vp,4.0,43.0,True,False,True,4.0,43.0,35.0,48.6,M,,,327.0,8.605263157894736,13.016364440513046,214.0,5.632,8.518354710305175,2261.0,25.0,0.6578947368421053,8.694322310388086,5.863189795985818,0.5688997349429663,66.0,32.6,47.48,38.0,13.08,8.56,14.557512106373904,0.3397694346222005,0.2291303003207657,66.11111111111111,,,,,,,,,,,,,,2026-08-14T20:59:07.776936+00:00,MID,canonical primary position,brentford,soccerdata:sofascore:16363242,2026-08-22,2026-08-22T16:30:00+00:00,Premier League,league,scheduled,1.0,False,brentford,Brentford,tottenham_hotspur,Tottenham Hotspur,H,Home,,,51.6,48.4,Neutral,,,,,derived feature frame,False
03yr0,2627,Daniel James,LEE,"M,F",37.5,LEE,M,"M,F",283.9,355.0,283.9,36.5,7.3,4.0,,2.0,-1.0,FA,@NOT Sat 9:00AM,daniel james,False,True,Matched eligible,pr_9408d0ec5ea4f903,343.0,03yr0,Daniel James,Daniel James,Leeds,LEE,M,True,a,,LEE,"M,F",Confirmed,Exact Name + Club,95.0,Official FPL API,2026-07-30T01:09:03.040438+00:00,03yr0,Player Registry,Exact Name + Club,LEE,Confirmed,False,Daniel James,LEE,"M,F",38.0,142.0,2.0,6.0,5.0,0.0,0.0,0.7998631894588468,0.4895355738699433,0.0,9.0,538.0,5595.0,0.0,0.0,0.0,0.1578947368421052,2.5,3.8028169014084505,0.2156986778802809,0.0526315789473684,0.0,True,True,matched by historical Fantrax ID,normalized Fantrax ID,1.0,5.0,2.5,2.0,6.0,3.1690140845070425,83.33333333333334,38.1,24.1,31.1,45.56666666666666,43.0,38.71,2.7,Bench / Unknown,55.0,False,31.2,51.9,52.9,2.7,30.4,42.0,32.88,79.8,286.0,Tier 6,-2.1000000000000227,Near market,,,Free Agent,,,,,,True,0,,,,,,,False,True,False,,,286.0,283.9,M,,,6.0,0.1578947368421052,3.8028169014084505,5.0,2.5,3.1690140845070425,142.0,2.0,0.0526315789473684,0.7998631894588468,0.4895355738699433,0.2156986778802809,2.7,31.1,43.0,38.0,3.0,2.5,1.2893987633287902,0.1338061097607736,0.0818925681195072,4.152046783625731,,,,,,,,,,,,,,2026-08-14T20:59:07.776936+00:00,MID,canonical primary position,leeds_united,soccerdata:sofascore:16363238,2026-08-22,2026-08-22T14:00:00+00:00,Premier League,league,scheduled,1.0,False,leeds_united,Leeds United,nottingham_forest,Nottingham Forest,A,Away,,,49.5,50.5,Neutral,,,,,derived feature frame,False
06jgi,2627,Daniel Munoz,CRY,"D,M",402.5,CRY,D,"D,M",18.5,4.0,18.5,399.5,11.75,100.0,,99.0,-1.0,FA,@EVE Sat 9:00AM,daniel munoz,False,True,Matched eligible,pr_d97faf00cf6a46e9,201.0,06jgi,Daniel Muñoz Mejía,Daniel Muñoz Mejía,Crystal Palace,CRY,D,True,a,,CRY,"D,M",Confirmed,Ordered Token Expanded Name,85.0,Official FPL API,2026-07-30T01:09:03.040438+00:00,06jgi,Player Registry,Ordered Token Expanded Name,CRY,Confirmed,False,Daniel Munoz,CRY,"D,M",38.0,2398.0,29.0,344.0,243.0,4.0,4.0,3.1470039971172805,5.0660702623426905,0.0,27.0,2417.0,12408.0,531.0,7.0,64.5,9.052631578947368,6.395,12.910758965804837,0.3058240311755885,0.7631578947368421,1.1666666666666667,True,True,matched by historical Fantrax ID,normalized Fantrax ID,1.0,243.0,6.395,38.0,344.0,9.120100083402836,70.63953488372093,18.2,57.9,33.9,40.0,40.32,42.81,82.8,Likely Starter,90.0,False,91.0,82.8,64.6,82.8,19.2,7.1,68.58,95.5,58.0,Tier 3,-39.5,Major reach,pr_d97faf00cf6a46e9,Daniel Muñoz Mejía,Rostered,61fz0pmkmrp1z5vo,wmuck1,wmuck1,ACTIVE,ACTIVE,False,0,,,wmuck1,61fz0pmkmrp1z5vo,2.0,14.0,True,False,True,2.0,14.0,58.0,18.5,D,,,344.0,9.052631578947368,12.910758965804837,243.0,6.395,9.120100083402836,2398.0,29.0,0.7631578947368421,3.1470039971172805,5.0660702623426905,0.3058240311755885,82.8,33.9,40.32,38.0,11.862068965517242,8.379310344827585,8.21307425945997,0.1171826064296877,0.1886414247459008,70.11695906432749,,,,,,,,,,,,,,2026-08-14T20:59:07.776936+00:00,DEF,canonical primary position,crystal_palace,soccerdata:sofascore:16363635,2026-08-22,2026-08-22T14:00:00+00:00,Premier League,league,scheduled,1.0,False,crystal_palace,Crystal Palace,everton,Everton,A,Away,,,51.6,48.4,Neutral,,,,,derived feature frame,False
05nns,2627,Danny Ballard,SUN,D,361.5,SUN,D,D,67.9,14.0,67.9,361.5,11.66,100.0,,94.0,1.0,FA,@IPS Sat 9:00AM,danny ballard,False,True,Matched eligible,pr_16e9fdda80585024,532.0,05nns,Daniel Ballard,Daniel Ballard,Sunderland,SUN,D,True,a,,SUN,D,Confirmed,Explicit Player Alias,92.0,Official FPL API,2026-07-30T01:09:03.040438+00:00,05nns,Player Registry,Explicit Player Alias,SUN,Confirmed,False,Danny Ballard,SUN,D,38.0,1998.0,23.0,282.0,260.0,1.0,2.0,3.6954356245696536,1.5805855486541982,0.0,14.0,2143.0,13715.0,140.0,2.0,-5.0,7.421052631578948,7.647,12.702702702702704,0.2215781174009083,0.6052631578947368,0.3333333333333333,True,True,matched by historical Fantrax ID,normalized Fantrax ID,1.0,260.0,7.647,34.0,282.0,11.711711711711713,92.19858156028369,7.9,49.1,27.1,43.6,42.0,37.67,46.6,Likely Rotation,75.0,False,85.4,91.3,53.7,46.6,3.8,23.7,59.46,88.8,117.0,Tier 4,-49.1,Major reach,pr_16e9fdda80585024,Daniel Ballard,Rostered,cjn4stydmrp1z5vp,Robertske,Robertske,ACTIVE,ACTIVE,False,0,,,Robertske,cjn4stydmrp1z5vp,4.0,46.0,True,False,True,4.0,46.0,117.0,67.9,D,,,282.0,7.421052631578948,12.702702702702704,260.0,7.647,11.711711711711713,1998.0,23.0,0.6052631578947368,3.6954356245696536,1.5805855486541982,0.2215781174009083,46.6,27.1,42.0,38.0,12.26086956521739,11.304347826086955,5.276021173223851,0.1551979497019453,0.066380167698963,58.42105263157895,,,,,,,,,,,,,,2026-08-14T20:59:07.776936+00:00,DEF,canonical primary position,sunderland,soccerdata:sofascore:16363636,2026-08-22,2026-08-22T14:00:00+00:00,Premier League,league,scheduled,1.0,False,sunderland,Sunderland,ipswich_town,Ipswich Town,A,Away,,,44.4,55.6,Difficult,,,,,derived feature frame,False
02lnx,2627,Danny Welbeck,BHA,F,188.0,BHA,F,F,132.4,340.0,132.4,40.5,6.75,91.0,,81.0,-7.0,FA,@FUL Mon 2:00PM,danny welbeck,False,True,Matched eligible,pr_bb63dba0111b5f09,136.0,02lnx,Danny Welbeck,Danny Welbeck,Brighton,BHA,F,True,a,,BHA,F,Confirmed,Exact Name + Club,95.0,Official FPL API,2026-07-30T01:09:03.040438+00:00,02lnx,Player Registry,Exact Name + Club,BHA,Confirmed,False,Danny Welbeck,BHA,F,38.0,1895.0,22.0,191.0,104.0,9.0,1.0,12.718900069594383,2.2625304386019702,0.0,20.0,2286.0,501.0,357.0,5.0,36.0,5.026315789473684,3.25,9.071240105540896,0.5898200987478879,0.5789473684210527,0.8333333333333334,True,True,matched by historical Fantrax ID,normalized Fantrax ID,1.0,104.0,3.25,32.0,191.0,4.939313984168865,54.45026178010471,,,,,,,61.9,Likely Rotation,75.0,False,62.8,58.7,88.4,61.9,0.0,0.0,53.28,78.8,166.0,Tier 5,-33.599999999999994,Major reach,,,Free Agent,,,,,,True,0,,,epatel3,,,,False,True,True,15.0,178.0,166.0,132.4,F,,,191.0,5.026315789473684,9.071240105540896,104.0,3.25,4.939313984168865,1895.0,22.0,0.5789473684210527,12.718900069594383,2.2625304386019702,0.5898200987478879,61.9,,,38.0,8.681818181818182,4.727272727272728,14.981430508196354,0.5007440972281253,0.0890760015197626,55.4093567251462,,,,,,,,,,,,,,2026-08-14T20:59:07.776936+00:00,FWD,canonical primary position,brighton_hove_albion,soccerdata:sofascore:16363236,2026-08-23,2026-08-23T13:00:00+00:00,Premier League,league,scheduled,1.0,False,brighton_hove_albion,Brighton & Hove Albion,aston_villa,Aston Villa,H,Home,,,39.0,61.0,Difficult,,,,,derived feature frame,False
04gpx,2627,Dara O'Shea,IPS,D,274.5,IPS,D,D,266.6,83.0,266.6,267.0,8.09,22.0,,12.0,1.0,FA,SUN Sat 9:00AM,dara o shea,False,True,Matched eligible,pr_73bc3e2e40864d74,304.0,04gpx,Dara O'Shea,Dara O'Shea,Ipswich Town,IPS,D,True,a,,,,New EPL Arrival,Exact Name + Club,95.0,Official FPL API,2026-07-30T01:09:03.040438+00:00,04gpx,Player Registry,Exact Name + Club,IPS,New EPL Arrival,False,,,,,,,,,,,,,,,,,,,,,,,,,,False,False,no 2025/26 record for bridged ID,none,0.0,,,,,,,,,,38.833333333333336,43.44,41.53,0.0,Unknown / New Arrival,25.0,False,0.0,0.0,0.0,0.0,0.0,47.0,4.7,11.2,542.0,Deep,-275.4,Major reach,,,Free Agent,,,,,,True,0,,,,,,,False,True,False,,,542.0,266.6,D,,,,,,,,,,,,,,,0.0,,43.44,,,,,,,,,,,,,,,,,,,,,2026-08-14T20:59:07.776936+00:00,DEF,canonical primary position,ipswich_town,soccerdata:sofascore:16363636,2026-08-22,2026-08-22T14:00:00+00:00,Premier League,league,scheduled,1.0,False,ipswich_town,Ipswich Town,sunderland,Sunderland,H,Home,,,58.8,41.2,Favorable,,,,,derived feature frame,False
06uzv,2627,Dario Essugo,CHE,M,18.5,CHE,M,M,,467.0,,15.0,7.5,0.0,,2.0,-1.0,FA,@FUL Mon 2:00PM,dario essugo,False,True,Matched eligible,pr_8d7bd2aa76dc604e,163.0,06uzv,Dário Luís Essugo,Dário Luís Essugo,Chelsea,CHE,M,True,a,,CHE,M,Confirmed,Ordered Token Expanded Name,85.0,Official FPL API,2026-07-30T01:09:03.040438+00:00,06uzv,Player Registry,Ordered Token Expanded Name,CHE,Confirmed,False,,CHE,M,38.0,0.0,0.0,0.0,0.0,0.0,0.0,0.0,0.0,0.0,0.0,0.0,,0.0,0.0,0.0,0.0,0.0,,,0.0,0.0,True,True,matched by historical Fantrax ID,normalized Fantrax ID,1.0,,,,,,,68.4,56.8,65.6,50.53333333333333,46.98,47.54,0.0,Unknown / New Arrival,25.0,False,13.7,22.8,0.0,0.0,63.8,71.8,21.08,46.2,355.0,Deep,,ADP unavailable,,,Free Agent,,,,,,True,0,,,,,,,False,True,False,,,355.0,,M,,,0.0,0.0,,,,,0.0,0.0,0.0,0.0,0.0,,0.0,65.6,46.98,38.0,,,0.0,,,0.0,,,,,,,,,,,,,,2026-08-14T20:59:07.776936+00:00,MID,canonical primary position,chelsea,soccerdata:sofascore:16363244,2026-08-24,2026-08-24T19:00:00+00:00,Premier League,league,scheduled,1.0,False,chelsea,Chelsea,fulham,Fulham,A,Away,,,50.9,49.1,Neutral,,,,,derived feature frame,False
062du,2627,Darko Gyabi,HUL,M,33.5,HUL,M,M,,379.0,,33.0,5.5,0.0,,1.0,0.0,FA,MUN Sat 6:30AM,darko gyabi,False,True,Matched eligible,pr_c3e918a39e04702e,297.0,062du,Darko Gyabi,Darko Gyabi,Hull City,HUL,M,True,a,,LEE,M,Transferred,Exact Name + Club,95.0,Official FPL API,2026-07-30T01:09:03.040438+00:00,062du,Player Registry,Exact Name + Club,HUL,Transferred,False,,LEE,M,38.0,0.0,0.0,0.0,0.0,0.0,0.0,0.0,0.0,0.0,0.0,0.0,,0.0,0.0,0.0,0.0,0.0,,,0.0,0.0,True,True,matched by historical Fantrax ID,normalized Fantrax ID,1.0,,,,,,,,,,38.13333333333333,40.5,42.74,0.0,Unknown / New Arrival,25.0,False,13.7,22.8,0.0,0.0,0.0,11.8,8.7,36.2,528.0,Deep,,ADP unavailable,,,Free Agent,,,,,,True,0,,,,,,,False,True,False,,,528.0,,M,,,0.0,0.0,,,,,0.0,0.0,0.0,0.0,0.0,,0.0,,40.5,38.0,,,0.0,,,0.0,,,,,,,,,,,,,,2026-08-14T20:59:07.776936+00:00,MID,canonical primary position,hull_city,soccerdata:sofascore:16363634,2026-08-22,2026-08-22T11:30:00+00:00,Premier League,league,scheduled,1.0,False,hull_city,Hull City,manchester_united,Manchester United,H,Home,,,32.0,68.0,Very difficult,,,,,derived feature frame,False
03mga,2627,Darnell Furlong,IPS,D,175.0,IPS,D,D,,210.0,,170.0,5.31,0.0,,2.0,0.0,FA,SUN Sat 9:00AM,darnell furlong,False,True,Matched eligible,pr_e3de58b125594a8f,308.0,03mga,Darnell Furlong,Darnell Furlong,Ipswich Town,IPS,D,True,a,,,,New EPL Arrival,Exact Name + Club,95.0,Official FPL API,2026-07-30T01:09:03.040438+00:00,03mga,Player Registry,Exact Name + Club,IPS,New EPL Arrival,False,,,,,,,,,,,,,,,,,,,,,,,,,,False,False,no 2025/26 record for bridged ID,none,0.0,,,,,,,,,,38.833333333333336,43.44,41.53,0.0,Unknown / New Arrival,25.0,False,0.0,0.0,0.0,0.0,0.0,47.0,4.7,11.2,539.0,Deep,,ADP unavailable,,,Free Agent,,,,,,True,0,,,,,,,False,True,False,,,539.0,,D,,,,,,,,,,,,,,,0.0,,43.44,,,,,,,,,,,,,,,,,,,,,2026-08-14T20:59:07.776936+00:00,DEF,canonical primary position,ipswich_town,soccerdata:sofascore:16363636,2026-08-22,2026-08-22T14:00:00+00:00,Premier League,league,scheduled,1.0,False,ipswich_town,Ipswich Town,sunderland,Sunderland,H,Home,,,58.8,41.2,Favorable,,,,,derived feature frame,False
076dr,2627,David Akintola,HUL,"M,F",21.0,HUL,M,"M,F",,434.0,,21.0,7.0,0.0,,0.0,0.0,FA,MUN Sat 6:30AM,david akintola,False,True,Matched eligible,pr_53decb795fa1b0cc,296.0,076dr,David Akintola,David Akintola,Hull City,HUL,M,True,a,,,,New EPL Arrival,Exact Name + Club,95.0,Official FPL API,2026-07-30T01:09:03.040438+00:00,076dr,Player Registry,Exact Name + Club,HUL,New EPL Arrival,False,,,,,,,,,,,,,,,,,,,,,,,,,,False,False,no 2025/26 record for bridged ID,none,0.0,,,,,,,,,,38.13333333333333,40.5,42.74,0.0,Unknown / New Arrival,25.0,False,0.0,0.0,0.0,0.0,0.0,11.8,1.18,11.2,594.0,Deep,,ADP unavailable,,,Free Agent,,,,,,True,0,,,,,,,False,True,False,,,594.0,,M,,,,,,,,,,,,,,,0.0,,40.5,,,,,,,,,,,,,,,,,,,,,2026-08-14T20:59:07.776936+00:00,MID,canonical primary position,hull_city,soccerdata:sofascore:16363634,2026-08-22,2026-08-22T11:30:00+00:00,Premier League,league,scheduled,1.0,False,hull_city,Hull City,manchester_united,Manchester United,H,Home,,,32.0,68.0,Very difficult,,,,,derived feature frame,False
04rh9,2627,David Brooks,BOU,M,45.5,BOU,M,M,,326.0,,42.5,8.5,0.0,,1.0,-1.0,FA,@MCI Sun 8:00AM,david brooks,False,True,Matched eligible,pr_a892ecc8ca451d68,74.0,04rh9,David Brooks,David Brooks,Bournemouth,BOU,M,True,a,,BOU,M,Confirmed,Exact Name + Club,95.0,Official FPL API,2026-07-30T01:09:03.040438+00:00,04rh9,Player Registry,Exact Name + Club,BOU,Confirmed,False,David Brooks,BOU,M,38.0,401.0,5.0,30.5,27.5,0.0,0.0,6.54012631252408,4.196839664131403,0.0,25.0,1191.0,6820.0,0.0,0.0,0.0,0.8026315789473685,2.75,6.845386533665835,0.8113576304777443,0.131578947368421,0.0,True,True,matched by historical Fantrax ID,normalized Fantrax ID,1.0,27.5,2.75,10.0,30.5,6.1720698254364095,90.1639344262295,73.4,43.8,58.6,39.93333333333333,43.7,39.440000000000005,7.3,Bench / Unknown,55.0,False,40.5,53.8,95.8,7.3,64.2,57.7,48.22,79.8,195.0,Tier 6,,ADP unavailable,,,Free Agent,,,,,,True,0,,,,,,,False,True,False,,,195.0,,M,,,30.5,0.8026315789473685,6.845386533665835,27.5,2.75,6.1720698254364095,401.0,5.0,0.131578947368421,6.54012631252408,4.196839664131403,0.8113576304777443,7.3,58.6,43.7,38.0,6.1,5.5,10.736965976655483,0.4942160941453964,0.3171415363323478,11.725146198830409,,,,,,,,,,,,,,2026-08-14T20:59:07.776936+00:00,MID,canonical primary position,afc_bournemouth,soccerdata:sofascore:16363243,2026-08-23,2026-08-23T13:00:00+00:00,Premier League,league,scheduled,1.0,False,afc_bournemouth,Bournemouth,manchester_city,Manchester City,A,Away,,,16.8,83.2,Very difficult,,,,,derived feature frame,False
02t13,2627,David Button,IPS,G,0.0,IPS,G,G,287.9,564.0,287.9,0.0,0.0,4.0,,1.0,1.0,FA,SUN Sat 9:00AM,david button,False,True,Matched eligible,pr_1f29f11d0ef579ad,302.0,02t13,David Button,David Button,Ipswich Town,IPS,G,True,a,,,,New EPL Arrival,Exact Name + Club,95.0,Official FPL API,2026-07-30T01:09:03.040438+00:00,02t13,Player Registry,Exact Name + Club,IPS,New EPL Arrival,False,,,,,,,,,,,,,,,,,,,,,,,,,,False,False,no 2025/26 record for bridged ID,none,0.0,,,,,,,,,,38.833333333333336,43.44,41.53,0.0,Unknown / New Arrival,25.0,False,0.0,0.0,0.0,0.0,0.0,47.0,4.7,11.2,537.0,Deep,-249.1,Major reach,,,Free Agent,,,,,,True,0,,,,,,,False,True,False,,,537.0,287.9,G,,,,,,,,,,,,,,,0.0,,43.44,,,,,,,,,,,,,,,,,,,,,2026-08-14T20:59:07.776936+00:00,GK,canonical primary position,ipswich_town,soccerdata:sofascore:16363636,2026-08-22,2026-08-22T14:00:00+00:00,Premier League,league,scheduled,1.0,False,ipswich_town,Ipswich Town,sunderland,Sunderland,H,Home,,,58.8,41.2,Favorable,,,,,derived feature frame,False
05tqx,2627,David Raya,ARS,G,147.0,ARS,G,G,138.9,222.0,138.9,147.0,4.32,96.0,,95.0,0.0,FA,COV Fri 2:00PM,david raya,False,True,Matched eligible,pr_3b1295b024803db9,1.0,05tqx,David Raya Martín,David Raya Martín,Arsenal,ARS,G,True,a,,ARS,G,Confirmed,Ordered Token Expanded Name,85.0,Official FPL API,2026-07-30T01:09:03.040438+00:00,05tqx,Player Registry,Ordered Token Expanded Name,ARS,Confirmed,False,David Raya,ARS,G,38.0,3330.0,37.0,291.5,195.5,0.0,0.0,0.0,0.1493939720094202,0.0,3.0,3330.0,9676.0,450.0,5.0,48.5,7.671052631578948,5.145,7.878378378378379,0.0040376749191735,0.9736842105263158,0.8333333333333334,True,True,matched by historical Fantrax ID,normalized Fantrax ID,1.0,195.5,5.145,38.0,291.5,5.283783783783783,67.06689536878217,86.2,100.0,90.6,40.0,43.64,45.32000000000001,91.8,Locked Starter,90.0,False,62.8,71.3,9.3,91.8,84.0,52.3,62.91,95.5,94.0,Tier 4,44.900000000000006,Strong value,pr_3b1295b024803db9,David Raya Martín,Rostered,ayk8m85amrp1z5vo,Up the Arse-nal,Up the Arse-nal,ACTIVE,ACTIVE,False,0,,,Up the Arse-nal,ayk8m85amrp1z5vo,8.0,85.0,True,False,True,8.0,85.0,94.0,138.9,G,,,291.5,7.671052631578948,7.878378378378379,195.5,5.145,5.283783783783783,3330.0,37.0,0.9736842105263158,0.0,0.1493939720094202,0.0040376749191735,91.8,90.6,43.64,38.0,7.878378378378378,5.283783783783784,0.1493939720094202,0.0,0.0040376749191735,97.36842105263158,,,,,,,,,,,,,,2026-08-14T20:59:07.776936+00:00,GK,canonical primary position,arsenal,soccerdata:sofascore:16363633,2026-08-21,2026-08-21T19:00:00+00:00,Premier League,league,scheduled,1.0,False,arsenal,Arsenal,coventry_city,Coventry City,H,Home,,,55.2,44.8,Favorable,,,,,derived feature frame,False
06zod,2627,Dean Benamar,CRY,D,0.0,CRY,D,D,,558.0,,0.0,0.0,0.0,,1.0,0.0,FA,@EVE Sat 9:00AM,dean benamar,True,False,Inactive / historical only,pr_dd37029a24e9d4f9,,06zod,Dean Benamar,,CRY,CRY,D,False,unverified,,CRY,D,Historical Only,Unresolved,0.0,Fantrax / historical,,06zod,Player Registry,Unresolved,CRY,Historical Only,False,,CRY,D,38.0,0.0,0.0,0.0,0.0,0.0,0.0,0.0,0.0,0.0,0.0,0.0,,0.0,0.0,0.0,0.0,0.0,,,0.0,0.0,True,True,matched by historical Fantrax ID,normalized Fantrax ID,1.0,,,,,,,18.2,57.9,33.9,40.0,40.32,42.81,0.0,Unknown / New Arrival,25.0,False,13.7,22.8,0.0,0.0,19.2,7.1,10.15,46.2,,,,Not draft eligible,,,Free Agent,,,,,,True,0,,,,,,,False,True,False,,,,,D,,,0.0,0.0,,,,,0.0,0.0,0.0,0.0,0.0,,0.0,33.9,40.32,38.0,,,0.0,,,0.0,,,,,,,,,,,,,,2026-08-14T20:59:07.776936+00:00,DEF,canonical primary position,crystal_palace,soccerdata:sofascore:16363635,2026-08-22,2026-08-22T14:00:00+00:00,Premier League,league,scheduled,1.0,False,crystal_palace,Crystal Palace,everton,Everton,A,Away,,,51.6,48.4,Neutral,,,,,derived feature frame,False
03yww,2627,Dean Henderson,CRY,G,245.5,CRY,G,G,226.9,109.0,226.9,250.0,7.35,52.0,,52.0,-1.0,FA,@EVE Sat 9:00AM,dean henderson,False,True,Matched eligible,pr_5987c098c6f749a3,198.0,03yww,Dean Henderson,Dean Henderson,Crystal Palace,CRY,G,True,a,,CRY,G,Confirmed,Exact Name + Club,95.0,Official FPL API,2026-07-30T01:09:03.040438+00:00,03yww,Player Registry,Exact Name + Club,CRY,Confirmed,False,Dean Henderson,CRY,G,38.0,3330.0,37.0,301.0,287.0,0.0,0.0,0.0,0.0154756419360637,0.0,1.0,3330.0,7702.0,630.0,7.0,33.0,7.921052631578948,7.553,8.135135135135135,0.0004182605928665,0.9736842105263158,1.1666666666666667,True,True,matched by historical Fantrax ID,normalized Fantrax ID,1.0,287.0,7.553,38.0,301.0,7.756756756756757,95.34883720930232,18.2,57.9,33.9,40.0,40.32,42.81,98.4,Locked Starter,90.0,False,65.0,91.0,7.7,98.4,19.2,7.1,56.62,95.5,144.0,Tier 5,82.9,Strong value,pr_5987c098c6f749a3,Dean Henderson,Rostered,2dxfjlk0mrp1z5vo,nhauptma,nhauptma,ACTIVE,ACTIVE,False,0,,,nhauptma,2dxfjlk0mrp1z5vo,11.0,128.0,True,False,True,11.0,128.0,144.0,226.9,G,,,301.0,7.921052631578948,8.135135135135135,287.0,7.553,7.756756756756757,3330.0,37.0,0.9736842105263158,0.0,0.0154756419360637,0.0004182605928665,98.4,33.9,40.32,38.0,8.135135135135135,7.756756756756757,0.0154756419360637,0.0,0.0004182605928665,97.36842105263158,,,,,,,,,,,,,,2026-08-14T20:59:07.776936+00:00,GK,canonical primary position,crystal_palace,soccerdata:sofascore:16363635,2026-08-22,2026-08-22T14:00:00+00:00,Premier League,league,scheduled,1.0,False,crystal_palace,Crystal Palace,everton,Everton,A,Away,,,51.6,48.4,Neutral,,,,,derived feature frame,False
04agz,2627,Declan Rice,ARS,M,362.5,ARS,M,M,10.6,15.0,10.6,361.5,10.95,100.0,,100.0,0.0,FA,COV Fri 2:00PM,declan rice,False,True,Matched eligible,pr_45805a2b75c1e96f,13.0,04agz,Declan Rice,Declan Rice,Arsenal,ARS,M,True,a,,ARS,M,Confirmed,Exact Name + Club,95.0,Official FPL API,2026-07-30T01:09:03.040438+00:00,04agz,Player Registry,Exact Name + Club,ARS,Confirmed,False,Declan Rice,ARS,M,38.0,3092.0,35.0,454.0,346.0,4.0,9.0,3.720960887148976,8.159449681639671,0.0,63.0,3111.0,5553.0,423.0,5.0,30.0,11.947368421052632,9.105,13.214747736093145,0.3436955805821209,0.9210526315789472,0.8333333333333334,True,True,matched by historical Fantrax ID,normalized Fantrax ID,1.0,346.0,9.105,38.0,454.0,10.071151358344114,76.2114537444934,86.2,100.0,90.6,40.0,43.64,45.32000000000001,86.4,Locked Starter,90.0,False,95.3,96.3,68.0,86.4,84.0,52.3,84.14,95.5,7.0,Tier 1,3.6,Near market,pr_45805a2b75c1e96f,Declan Rice,Rostered,aup99ojzmrp1z5vp,The Facerockers,The Facerockers,ACTIVE,ACTIVE,False,0,,,The Facerockers,aup99ojzmrp1z5vp,1.0,9.0,True,False,True,1.0,9.0,7.0,10.6,M,,,454.0,11.947368421052632,13.214747736093145,346.0,9.105,10.071151358344114,3092.0,35.0,0.9210526315789472,3.720960887148976,8.159449681639671,0.3436955805821209,86.4,90.6,43.64,38.0,12.971428571428572,9.885714285714286,11.880410568788648,0.1076459273042133,0.2360496532779075,90.4093567251462,,,,,,,,,,,,,,2026-08-14T20:59:07.776936+00:00,MID,canonical primary position,arsenal,soccerdata:sofascore:16363633,2026-08-21,2026-08-21T19:00:00+00:00,Premier League,league,scheduled,1.0,False,arsenal,Arsenal,coventry_city,Coventry City,H,Home,,,55.2,44.8,Favorable,,,,,derived feature frame,False
05ylx,2627,Dejan Kulusevski,TOT,M,62.0,TOT,M,M,130.7,263.0,130.7,61.0,8.71,96.0,,73.0,-9.0,FA,@BRF Sat 11:30AM,dejan kulusevski,False,True,Matched eligible,pr_ea00cb9668884e19,521.0,05ylx,Dejan Kulusevski,Dejan Kulusevski,Spurs,TOT,M,True,i,Knee injury - Unknown return date,TOT,"M,F",Confirmed,Exact Name + Club,95.0,Official FPL API,2026-07-30T01:09:03.040438+00:00,05ylx,Player Registry,Exact Name + Club,TOT,Confirmed,False,,TOT,"M,F",38.0,0.0,0.0,0.0,0.0,0.0,0.0,0.0,0.0,0.0,0.0,0.0,,0.0,0.0,0.0,0.0,0.0,,,0.0,0.0,True,True,matched by historical Fantrax ID,normalized Fantrax ID,1.0,0.0,0.0,9.0,0.0,,,30.7,33.2,33.3,51.5,51.620000000000005,49.47,0.0,Unknown / New Arrival,25.0,False,13.7,22.8,0.0,0.0,28.3,96.5,20.0,46.2,374.0,Deep,-243.3,Major reach,,,Free Agent,,,,,,True,0,,,,,,,False,True,False,,,374.0,130.7,M,,,0.0,0.0,,0.0,0.0,,0.0,0.0,0.0,0.0,0.0,,0.0,33.3,51.620000000000005,38.0,,,0.0,,,0.0,,,,,,,,,,,,,,2026-08-14T20:59:07.776936+00:00,MID,canonical primary position,tottenham_hotspur,soccerdata:sofascore:16363242,2026-08-22,2026-08-22T16:30:00+00:00,Premier League,league,scheduled,1.0,False,tottenham_hotspur,Tottenham Hotspur,brentford,Brentford,A,Away,,,55.1,44.9,Favorable,,,,,derived feature frame,False
05g4d,2627,Dennis Cirkin,SUN,D,0.0,,,,,,,,,,,,,,,,,,,,,,,,,,,,,,,,,,,,,,,,,,,,,,,,,,,,,,,,,,,,,,,,,,,,,,,,,,,,,,,,,,,,,,,,,,,,,,,,,,,,,,,Free Agent,,,,,,True,0,,,,,,,False,True,False,,,,,,,,,,,,,,,,,,,,,,,,,,,,,,,,,,,,,,,,,,,2026-08-14T20:59:07.776936+00:00,DEF,first valid Fantrax position,sunderland,soccerdata:sofascore:16363636,2026-08-22,2026-08-22T14:00:00+00:00,Premier League,league,scheduled,1.0,False,sunderland,Sunderland,ipswich_town,Ipswich Town,A,Away,,,44.4,55.6,Difficult,,,,,derived feature frame,False
063y7,2627,Destiny Udogie,TOT,D,41.5,TOT,D,D,266.7,335.0,266.7,41.5,6.92,22.0,,9.0,0.0,FA,@BRF Sat 11:30AM,destiny udogie,False,True,Matched eligible,pr_ac6230daea5d3858,506.0,063y7,Destiny Udogie,Destiny Udogie,Spurs,TOT,D,True,a,,TOT,D,Confirmed,Exact Name + Club,95.0,Official FPL API,2026-07-30T01:09:03.040438+00:00,063y7,Player Registry,Exact Name + Club,TOT,Confirmed,False,Destiny Udogie,TOT,D,38.0,601.0,6.0,34.5,39.5,0.0,1.0,0.2184655116870997,1.1220016870647664,0.0,12.0,1342.0,8831.0,0.0,0.0,0.0,0.9078947368421052,2.633,5.166389351081531,0.0898972040891713,0.1578947368421052,0.0,True,True,matched by historical Fantrax ID,normalized Fantrax ID,1.0,39.5,2.633,15.0,34.5,5.915141430948419,114.4927536231884,30.7,33.2,33.3,51.5,51.620000000000005,49.47,10.2,Bench / Unknown,55.0,False,38.1,52.7,25.1,10.2,28.3,96.5,37.63,79.8,260.0,Tier 6,6.699999999999989,Near market,,,Free Agent,,,,,,True,0,,,,,,,False,True,False,,,260.0,266.7,D,,,34.5,0.9078947368421052,5.166389351081531,39.5,2.633,5.915141430948419,601.0,6.0,0.1578947368421052,0.2184655116870997,1.1220016870647664,0.0898972040891713,10.2,33.3,51.620000000000005,38.0,5.75,6.583333333333333,1.3404671987518662,0.0146511893083747,0.0752460147807965,17.57309941520468,,,,,,,,,,,,,,2026-08-14T20:59:07.776936+00:00,DEF,canonical primary position,tottenham_hotspur,soccerdata:sofascore:16363242,2026-08-22,2026-08-22T16:30:00+00:00,Premier League,league,scheduled,1.0,False,tottenham_hotspur,Tottenham Hotspur,brentford,Brentford,A,Away,,,55.1,44.9,Favorable,,,,,derived feature frame,False
06r5b,2627,Diego Gomez,BHA,"M,F",255.5,BHA,M,"M,F",110.2,108.0,110.2,250.0,8.33,100.0,,85.0,-4.0,FA,AVL Sun 8:00AM,diego gomez,False,True,Matched eligible,pr_329559eeac9e3565,127.0,06r5b,Diego Gómez Amarilla,Diego Gómez Amarilla,Brighton,BHA,M,True,a,,BHA,"M,F",Confirmed,Ordered Token Expanded Name,85.0,Official FPL API,2026-07-30T01:09:03.040438+00:00,06r5b,Player Registry,Ordered Token Expanded Name,BHA,Confirmed,False,Diego Gomez,BHA,"M,F",38.0,1264.0,16.0,130.0,101.0,2.0,1.0,6.417749766260385,2.092446397989988,0.0,20.0,2186.0,13364.0,102.0,2.0,5.5,3.421052631578948,4.81,9.256329113924052,0.3503740415290638,0.4210526315789473,0.3333333333333333,True,True,matched by historical Fantrax ID,normalized Fantrax ID,1.0,101.0,4.81,21.0,130.0,7.191455696202532,77.6923076923077,,,,,,,32.2,Rotation Risk,75.0,False,61.1,68.7,68.5,32.2,0.0,0.0,45.36,78.8,207.0,Tier 6,-96.8,Major reach,pr_329559eeac9e3565,Diego Gómez Amarilla,Rostered,61fz0pmkmrp1z5vo,wmuck1,wmuck1,RESERVE,RESERVE,False,0,,,wmuck1,61fz0pmkmrp1z5vo,13.0,155.0,True,False,True,13.0,155.0,207.0,110.2,M,,,130.0,3.421052631578948,9.256329113924052,101.0,4.81,7.191455696202532,1264.0,16.0,0.4210526315789473,6.417749766260385,2.092446397989988,0.3503740415290638,32.2,,,38.0,8.125,6.3125,8.510196164250372,0.2642257451799792,0.0861482963490846,36.95906432748538,,,,,,,,,,,,,,2026-08-14T20:59:07.776936+00:00,MID,canonical primary position,brighton_hove_albion,soccerdata:sofascore:16363236,2026-08-23,2026-08-23T13:00:00+00:00,Premier League,league,scheduled,1.0,False,brighton_hove_albion,Brighton & Hove Albion,aston_villa,Aston Villa,H,Home,,,39.0,61.0,Difficult,,,,,derived feature frame,False
06yb8,2627,Diego Leon,MUN,D,0.0,MUN,D,D,,614.0,,0.0,0.0,0.0,,2.0,-1.0,FA,@HUL Sat 6:30AM,diego leon,True,False,Inactive / historical only,pr_3625ca533f02d02c,,06yb8,Diego Leon,,MUN,MUN,D,False,unverified,,MUN,D,Historical Only,Unresolved,0.0,Fantrax / historical,,06yb8,Player Registry,Unresolved,MUN,Historical Only,False,,MUN,D,38.0,0.0,0.0,0.0,0.0,0.0,0.0,0.0,0.0,0.0,0.0,0.0,,0.0,0.0,0.0,0.0,0.0,,,0.0,0.0,True,True,matched by historical Fantrax ID,normalized Fantrax ID,1.0,,,,,,,90.6,59.4,72.4,44.06666666666666,49.54,46.89,0.0,Unknown / New Arrival,25.0,False,13.7,22.8,0.0,0.0,83.8,84.0,24.3,46.2,,,,Not draft eligible,,,Free Agent,,,,,,True,0,,,,,,,False,True,False,,,,,D,,,0.0,0.0,,,,,0.0,0.0,0.0,0.0,0.0,,0.0,72.4,49.54,38.0,,,0.0,,,0.0,,,,,,,,,,,,,,2026-08-14T20:59:07.776936+00:00,DEF,canonical primary position,manchester_united,soccerdata:sofascore:16363634,2026-08-22,2026-08-22T11:30:00+00:00,Premier League,league,scheduled,1.0,False,manchester_united,Manchester United,hull_city,Hull City,A,Away,,,49.1,50.9,Neutral,,,,,derived feature frame,False
070hn,2627,Dilane Bakwa,NOT,"M,F",62.0,NOT,M,"M,F",289.0,260.0,289.0,62.0,12.4,4.0,,3.0,0.0,FA,LEE Sat 9:00AM,dilane bakwa,False,True,Matched eligible,pr_7affe6c8600663d1,485.0,070hn,Dilane Bakwa,Dilane Bakwa,Nott'm Forest,NOT,M,True,a,,NOT,"M,F",Confirmed,Exact Name + Club,95.0,Official FPL API,2026-07-30T01:09:03.040438+00:00,070hn,Player Registry,Exact Name + Club,NOT,Confirmed,False,Dilane Bakwa,NOT,"M,F",38.0,0.0,0.0,0.0,0.0,0.0,0.0,0.7644308656454084,1.2161817625164983,0.0,11.0,556.0,8920.0,0.0,0.0,0.0,0.0,0.0,,0.3206027635513878,0.0,0.0,True,True,matched by historical Fantrax ID,normalized Fantrax ID,1.0,,,,,,,39.9,34.4,37.8,48.333333333333336,45.36,43.16,0.0,Unknown / New Arrival,25.0,False,13.7,22.8,66.1,0.0,43.2,66.2,28.38,66.2,305.0,Deep,-16.0,Reach,,,Free Agent,,,,,,True,0,,,,,,,False,True,False,,,305.0,289.0,M,,,0.0,0.0,,,,,0.0,0.0,0.0,0.7644308656454084,1.2161817625164983,0.3206027635513878,0.0,37.8,45.36,38.0,,,1.9806126281619068,0.1237388091872064,0.1968639543641814,0.0,,,,,,,,,,,,,,2026-08-14T20:59:07.776936+00:00,MID,canonical primary position,,,,,,,,,,,,,,,,,,,,,,,,,derived feature frame,False
076de,2627,Dillon Phillips,HUL,G,5.5,HUL,G,G,,523.0,,5.5,0.0,0.0,,0.0,0.0,FA,MUN Sat 6:30AM,dillon phillips,False,True,Matched eligible,pr_1a1b79aa0541bdf4,273.0,076de,Dillon Phillips,Dillon Phillips,Hull City,HUL,G,True,a,,,,New EPL Arrival,Exact Name + Club,95.0,Official FPL API,2026-07-30T01:09:03.040438+00:00,076de,Player Registry,Exact Name + Club,HUL,New EPL Arrival,False,,,,,,,,,,,,,,,,,,,,,,,,,,False,False,no 2025/26 record for bridged ID,none,0.0,,,,,,,,,,38.13333333333333,40.5,42.74,0.0,Unknown / New Arrival,25.0,False,0.0,0.0,0.0,0.0,0.0,11.8,1.18,11.2,587.0,Deep,,ADP unavailable,,,Free Agent,,,,,,True,0,,,,,,,False,True,False,,,587.0,,G,,,,,,,,,,,,,,,0.0,,40.5,,,,,,,,,,,,,,,,,,,,,2026-08-14T20:59:07.776936+00:00,GK,canonical primary position,hull_city,soccerdata:sofascore:16363634,2026-08-22,2026-08-22T11:30:00+00:00,Premier League,league,scheduled,1.0,False,hull_city,Hull City,manchester_united,Manchester United,H,Home,,,32.0,68.0,Very difficult,,,,,derived feature frame,False
04qfz,2627,Diogo Dalot,MUN,"D,M",257.0,MUN,D,"D,M",136.3,103.0,136.3,257.0,8.29,96.0,,81.0,-2.0,FA,@HUL Sat 6:30AM,diogo dalot,False,True,Matched eligible,pr_e7b617b33cb1864c,417.0,04qfz,Diogo Dalot Teixeira,Diogo Dalot Teixeira,Man Utd,MUN,D,True,a,,MUN,"D,M",Confirmed,Ordered Token Expanded Name,85.0,Official FPL API,2026-07-30T01:09:03.040438+00:00,04qfz,Player Registry,Ordered Token Expanded Name,MUN,Confirmed,False,Diogo Dalot,MUN,"D,M",38.0,2606.0,29.0,315.0,251.0,1.0,6.0,2.194661596789955,3.505806340835988,0.0,30.0,2614.0,7281.0,360.0,4.0,32.0,8.289473684210526,6.605,10.87874136607828,0.1962670674775573,0.7631578947368421,0.6666666666666666,True,True,matched by historical Fantrax ID,normalized Fantrax ID,1.0,251.0,6.605,38.0,315.0,8.668457405986185,79.68253968253968,90.6,59.4,72.4,44.06666666666666,49.54,46.89,72.4,Likely Starter,90.0,False,80.5,83.8,49.2,72.4,83.8,84.0,75.37,95.5,30.0,Tier 2,106.3,Strong value,pr_e7b617b33cb1864c,Diogo Dalot Teixeira,Rostered,qwkltl98mrp1z5vp,epatel3,epatel3,ACTIVE,ACTIVE,False,0,,,epatel3,qwkltl98mrp1z5vp,10.0,111.0,True,False,True,10.0,111.0,30.0,136.3,D,,,315.0,8.289473684210526,10.87874136607828,251.0,6.605,8.668457405986185,2606.0,29.0,0.7631578947368421,2.194661596789955,3.505806340835988,0.1962670674775573,72.4,72.4,49.54,38.0,10.862068965517242,8.655172413793103,5.700467937625943,0.0755621819858821,0.1207048854916751,76.19883040935672,,,,,,,,,,,,,,2026-08-14T20:59:07.776936+00:00,DEF,canonical primary position,manchester_united,soccerdata:sofascore:16363634,2026-08-22,2026-08-22T11:30:00+00:00,Premier League,league,scheduled,1.0,False,manchester_united,Manchester United,hull_city,Hull City,A,Away,,,49.1,50.9,Neutral,,,,,derived feature frame,False
062ts,2627,Djed Spence,TOT,"D,M",198.5,TOT,D,"D,M",187.4,181.0,187.4,198.5,7.09,78.0,,54.0,-5.0,FA,@BRF Sat 11:30AM,djed spence,False,True,Matched eligible,pr_2412df35ca732f0c,505.0,062ts,Djed Spence,Djed Spence,Spurs,TOT,D,True,a,,TOT,"D,M",Confirmed,Exact Name + Club,95.0,Official FPL API,2026-07-30T01:09:03.040438+00:00,062ts,Player Registry,Exact Name + Club,TOT,Confirmed,False,Djed Spence,TOT,"D,M",38.0,1015.0,12.0,55.5,49.5,0.0,0.0,1.1351130530238147,1.86031371820718,0.0,10.0,2068.0,10764.0,0.0,0.0,0.0,1.4605263157894737,2.912,4.921182266009852,0.1303619001019292,0.3157894736842105,0.0,True,True,matched by historical Fantrax ID,normalized Fantrax ID,1.0,49.5,2.912,17.0,55.5,4.389162561576354,89.1891891891892,30.7,33.2,33.3,51.5,51.620000000000005,49.47,18.2,Bench / Unknown,55.0,False,40.0,55.4,34.9,18.2,28.3,96.5,41.66,79.8,232.0,Tier 6,-44.6,Major reach,pr_2412df35ca732f0c,Djed Spence,Rostered,h1vdt8ynmrp1z5vp,Pot Splashers,Pot Splashers,RESERVE,RESERVE,False,0,,,Pot Splashers,h1vdt8ynmrp1z5vp,8.0,96.0,True,False,True,8.0,96.0,232.0,187.4,D,,,55.5,1.4605263157894737,4.921182266009852,49.5,2.912,4.389162561576354,1015.0,12.0,0.3157894736842105,1.1351130530238147,1.86031371820718,0.1303619001019292,18.2,33.3,51.620000000000005,38.0,4.625,4.125,2.9954267712309948,0.0494004713598371,0.0809614287420919,29.678362573099413,,,,,,,,,,,,,,2026-08-14T20:59:07.776936+00:00,DEF,canonical primary position,tottenham_hotspur,soccerdata:sofascore:16363242,2026-08-22,2026-08-22T16:30:00+00:00,Premier League,league,scheduled,1.0,False,tottenham_hotspur,Tottenham Hotspur,brentford,Brentford,A,Away,,,55.1,44.9,Favorable,,,,,derived feature frame,False
06fuw,2627,Djordje Petrovic,BOU,G,268.5,BOU,G,G,157.7,79.0,157.7,268.5,7.46,83.0,,89.0,-5.0,FA,@MCI Sun 8:00AM,djordje petrovic,False,True,Matched eligible,pr_b03c7ea777cad526,57.0,06fuw,Đorđe Petrović,Đorđe Petrović,Bournemouth,BOU,G,True,a,,BOU,G,Confirmed,Explicit Player Alias,92.0,Official FPL API,2026-07-30T01:09:03.040438+00:00,06fuw,Player Registry,Explicit Player Alias,BOU,Confirmed,False,Djordje Petrovic,BOU,G,38.0,2340.0,26.0,190.5,182.5,0.0,0.0,0.0,0.0,0.0,0.0,3420.0,12032.0,540.0,6.0,43.0,5.0131578947368425,7.019,7.326923076923077,0.0,0.6842105263157895,1.0,True,True,matched by historical Fantrax ID,normalized Fantrax ID,1.0,182.5,7.019,26.0,190.5,7.019230769230769,95.8005249343832,73.4,43.8,58.6,39.93333333333333,43.7,39.440000000000005,81.1,Likely Starter,90.0,False,55.0,88.7,3.8,81.1,64.2,57.7,58.77,95.5,127.0,Tier 5,30.69999999999999,Strong value,pr_b03c7ea777cad526,Đorđe Petrović,Rostered,rx9bjhp3mrp1z5vo,KindComet,KindComet,ACTIVE,ACTIVE,False,0,,,KindComet,rx9bjhp3mrp1z5vo,11.0,125.0,True,False,True,11.0,125.0,127.0,157.7,G,,,190.5,5.0131578947368425,7.326923076923077,182.5,7.019,7.019230769230769,2340.0,26.0,0.6842105263157895,0.0,0.0,0.0,81.1,58.6,43.7,38.0,7.326923076923077,7.019230769230769,0.0,0.0,0.0,68.42105263157895,,,,,,,,,,,,,,2026-08-14T20:59:07.776936+00:00,GK,canonical primary position,afc_bournemouth,soccerdata:sofascore:16363243,2026-08-23,2026-08-23T13:00:00+00:00,Premier League,league,scheduled,1.0,False,afc_bournemouth,Bournemouth,manchester_city,Manchester City,A,Away,,,16.8,83.2,Very difficult,,,,,derived feature frame,False
049tq,2627,Dominic Calvert-Lewin,LEE,F,200.0,LEE,F,F,51.5,172.0,51.5,202.5,6.33,100.0,,96.0,-1.0,FA,@NOT Sat 9:00AM,dominic calvert lewin,False,True,Matched eligible,pr_750d10429982dc3b,346.0,049tq,Dominic Calvert-Lewin,Dominic Calvert-Lewin,Leeds,LEE,F,True,a,,LEE,F,Confirmed,Exact Name + Club,95.0,Official FPL API,2026-07-30T01:09:03.040438+00:00,049tq,Player Registry,Exact Name + Club,LEE,Confirmed,False,Dominic Calvert-Lewin,LEE,F,38.0,2103.0,24.0,225.5,138.5,9.0,1.0,18.671318570151925,1.5441157519817343,0.0,20.0,2732.0,5555.0,514.0,6.0,74.5,5.934210526315789,5.327,9.650499286733238,0.6659550106120167,0.631578947368421,1.0,True,True,matched by historical Fantrax ID,normalized Fantrax ID,1.0,138.5,5.327,26.0,225.5,5.927246790299573,61.4190687361419,38.1,24.1,31.1,45.56666666666666,43.0,38.71,75.8,Likely Starter,75.0,False,68.5,73.7,91.8,75.8,30.4,42.0,67.77,88.8,66.0,Tier 3,-14.5,Reach,pr_750d10429982dc3b,Dominic Calvert-Lewin,Rostered,aup99ojzmrp1z5vp,The Facerockers,The Facerockers,ACTIVE,ACTIVE,False,0,,,The Facerockers,aup99ojzmrp1z5vp,6.0,64.0,True,False,True,6.0,64.0,66.0,51.5,F,,,225.5,5.934210526315789,9.650499286733238,138.5,5.327,5.927246790299573,2103.0,24.0,0.631578947368421,18.671318570151925,1.5441157519817343,0.6659550106120167,75.8,31.1,43.0,38.0,9.395833333333334,5.770833333333333,20.21543432213366,0.6150873613886066,0.0508676492234099,61.49122807017544,,,,,,,,,,,,,,2026-08-14T20:59:07.776936+00:00,FWD,canonical primary position,leeds_united,soccerdata:sofascore:16363238,2026-08-22,2026-08-22T14:00:00+00:00,Premier League,league,scheduled,1.0,False,leeds_united,Leeds United,nottingham_forest,Nottingham Forest,A,Away,,,49.5,50.5,Neutral,,,,,derived feature frame,False
03fgo,2627,Dominic Solanke,TOT,F,185.5,TOT,F,F,52.9,194.0,52.9,185.5,6.4,100.0,,97.0,-1.0,FA,@BRF Sat 11:30AM,dominic solanke,False,True,Matched eligible,pr_91cf519182d6d59f,526.0,03fgo,Dominic Solanke-Mitchell,Dominic Solanke-Mitchell,Spurs,TOT,F,True,a,,TOT,F,Confirmed,Ordered Token Expanded Name,85.0,Official FPL API,2026-07-30T01:09:03.040438+00:00,03fgo,Player Registry,Ordered Token Expanded Name,TOT,Confirmed,False,Dominic Solanke,TOT,F,38.0,993.0,11.0,101.5,74.5,3.0,0.0,3.5863640978932376,0.5976490452885626,0.0,6.0,989.0,1679.0,129.0,2.0,11.5,2.671052631578948,2.258,9.19939577039275,0.380749426578728,0.2894736842105263,0.3333333333333333,True,True,matched by historical Fantrax ID,normalized Fantrax ID,1.0,74.5,2.258,33.0,101.5,6.7522658610271895,73.39901477832512,30.7,33.2,33.3,51.5,51.620000000000005,49.47,27.9,Rotation Risk,55.0,False,58.1,51.0,72.8,27.9,28.3,96.5,54.05,79.8,162.0,Tier 5,-109.1,Major reach,,,Free Agent,,,,,,True,0,,,Berkshire's Club,,,,False,True,True,8.0,91.0,162.0,52.9,F,,,101.5,2.671052631578948,9.19939577039275,74.5,2.258,6.7522658610271895,993.0,11.0,0.2894736842105263,3.5863640978932376,0.5976490452885626,0.380749426578728,27.9,33.3,51.620000000000005,38.0,9.227272727272728,6.7727272727272725,4.1840131431818,0.3263627591611642,0.0543866674175638,29.035087719298247,,,,,,,,,,,,,,2026-08-14T20:59:07.776936+00:00,FWD,canonical primary position,tottenham_hotspur,soccerdata:sofascore:16363242,2026-08-22,2026-08-22T16:30:00+00:00,Premier League,league,scheduled,1.0,False,tottenham_hotspur,Tottenham Hotspur,brentford,Brentford,A,Away,,,55.1,44.9,Favorable,,,,,derived feature frame,False
06cmm,2627,Dominik Szoboszlai,LIV,"D,M",386.0,LIV,M,"D,M",5.8,7.0,5.8,385.0,12.03,100.0,,100.0,0.0,FA,@NEW Sun 10:30AM,dominik szoboszlai,False,True,Matched eligible,pr_fab432a2d50fcc13,368.0,06cmm,Dominik Szoboszlai,Dominik Szoboszlai,Liverpool,LIV,M,True,a,,LIV,"D,M",Confirmed,Exact Name + Club,95.0,Official FPL API,2026-07-30T01:09:03.040438+00:00,06cmm,Player Registry,Exact Name + Club,LIV,Confirmed,False,Dominik Szoboszlai,LIV,"D,M",38.0,3232.0,36.0,468.0,363.0,6.0,7.0,4.724170769564807,8.835168853402136,0.0,78.0,3236.0,9788.0,540.0,6.0,96.0,12.31578947368421,9.553,13.032178217821782,0.377113895570774,0.9473684210526316,1.0,True,True,matched by historical Fantrax ID,normalized Fantrax ID,1.0,363.0,9.553,38.0,468.0,10.10829207920792,77.56410256410257,83.8,61.5,74.8,46.4,49.71999999999999,50.39,96.7,Locked Starter,90.0,False,94.7,97.9,72.2,96.7,77.2,90.1,90.0,95.5,2.0,Tier 1,3.8,Near market,pr_fab432a2d50fcc13,Dominik Szoboszlai,Rostered,rx9bjhp3mrp1z5vo,KindComet,KindComet,ACTIVE,ACTIVE,False,0,,,KindComet,rx9bjhp3mrp1z5vo,1.0,5.0,True,False,True,1.0,5.0,2.0,5.8,M,,,468.0,12.31578947368421,13.032178217821782,363.0,9.553,10.10829207920792,3232.0,36.0,0.9473684210526316,4.724170769564807,8.835168853402136,0.377113895570774,96.7,74.8,49.71999999999999,38.0,13.0,10.083333333333334,13.559339622966943,0.1313891746788729,0.2457247208919012,94.5029239766082,,,,,,,,,,,,,,2026-08-14T20:59:07.776936+00:00,MID,canonical primary position,liverpool,soccerdata:sofascore:16363246,2026-08-23,2026-08-23T15:30:00+00:00,Premier League,league,scheduled,1.0,False,liverpool,Liverpool FC,newcastle_united,Newcastle United,A,Away,,,48.2,51.8,Neutral,,,,,derived feature frame,False
04ge7,2627,Donyell Malen,AVL,F,0.0,,,,,,,,,,,,,,,,,,,,,,,,,,,,,,,,,,,,,,,,,,,,,,,,,,,,,,,,,,,,,,,,,,,,,,,,,,,,,,,,,,,,,,,,,,,,,,,,,,,,,,,Free Agent,,,,,,True,0,,,,,,,False,True,False,,,,,,,,,,,,,,,,,,,,,,,,,,,,,,,,,,,,,,,,,,,2026-08-14T20:59:07.776936+00:00,FWD,first valid Fantrax position,aston_villa,soccerdata:sofascore:16363236,2026-08-23,2026-08-23T13:00:00+00:00,Premier League,league,scheduled,1.0,False,aston_villa,Aston Villa,brighton_hove_albion,Brighton & Hove Albion,A,Away,,,38.5,61.5,Difficult,,,,,derived feature frame,False
04spp,2627,Douglas Luiz,AVL,M,41.0,,,,,,,,,,,,,,,,,,,,,,,,,,,,,,,,,,,,,,,,,,,,,,,,,,,,,,,,,,,,,,,,,,,,,,,,,,,,,,,,,,,,,,,,,,,,,,,,,,,,,,,Free Agent,,,,,,True,0,,,,,,,False,True,False,,,,,,,,,,,,,,,,,,,,,,,,,,,,,,,,,,,,,,,,,,,2026-08-14T20:59:07.776936+00:00,MID,first valid Fantrax position,aston_villa,soccerdata:sofascore:16363236,2026-08-23,2026-08-23T13:00:00+00:00,Premier League,league,scheduled,1.0,False,aston_villa,Aston Villa,brighton_hove_albion,Brighton & Hove Albion,A,Away,,,38.5,61.5,Difficult,,,,,derived feature frame,False
04p0d,2627,Dwight McNeil,EVE,"M,F",55.0,EVE,M,"M,F",255.1,277.0,255.1,55.0,9.17,35.0,,16.0,-5.0,FA,CRY Sat 9:00AM,dwight mcneil,False,True,Matched eligible,pr_251f689ab7952402,241.0,04p0d,Dwight McNeil,Dwight McNeil,Everton,EVE,M,True,a,,EVE,"M,F",Confirmed,Exact Name + Club,95.0,Official FPL API,2026-07-30T01:09:03.040438+00:00,04p0d,Player Registry,Exact Name + Club,EVE,Confirmed,False,Dwight McNeil,EVE,"M,F",38.0,473.0,6.0,35.0,34.0,0.0,0.0,1.4632735215127464,1.7390878200531,0.0,15.0,1184.0,6756.0,0.0,0.0,0.0,0.9210526315789472,3.4,6.659619450317125,0.2434227371122687,0.1578947368421052,0.0,True,True,matched by historical Fantrax ID,normalized Fantrax ID,1.0,34.0,3.4,10.0,35.0,6.469344608879492,97.14285714285714,18.7,43.5,29.0,42.06666666666666,41.9,42.48,8.7,Bench / Unknown,55.0,False,40.6,60.2,58.7,8.7,13.5,18.7,34.97,79.8,274.0,Tier 6,-18.90000000000001,Reach,,,Free Agent,,,,,,True,0,,,,,,,False,True,False,,,274.0,255.1,M,,,35.0,0.9210526315789472,6.659619450317125,34.0,3.4,6.469344608879492,473.0,6.0,0.1578947368421052,1.4632735215127464,1.7390878200531,0.2434227371122687,8.7,29.0,41.9,38.0,5.833333333333333,5.666666666666667,3.2023613415658465,0.1112285616014756,0.132194175510793,13.830409356725143,,,,,,,,,,,,,,2026-08-14T20:59:07.776936+00:00,MID,canonical primary position,everton,soccerdata:sofascore:16363635,2026-08-22,2026-08-22T14:00:00+00:00,Premier League,league,scheduled,1.0,False,everton,Everton,crystal_palace,Crystal Palace,H,Home,,,56.0,44.0,Favorable,,,,,derived feature frame,False
05nt6,2627,Eberechi Eze,ARS,"M,F",186.5,ARS,M,"M,F",72.5,193.0,72.5,185.5,10.31,100.0,,99.0,1.0,FA,COV Fri 2:00PM,eberechi eze,False,True,Matched eligible,pr_cfdf3245ca15b1b5,14.0,05nt6,Eberechi Eze,Eberechi Eze,Arsenal,ARS,M,True,a,,CRY/ARS,"M,F",Transferred,Exact Name + Club,95.0,Official FPL API,2026-07-30T01:09:03.040438+00:00,05nt6,Player Registry,Exact Name + Club,ARS,Transferred,False,Eberechi Eze,CRY/ARS,"M,F",38.0,1877.0,22.0,220.0,125.0,7.0,3.0,4.807457456365227,2.63351690210402,0.0,17.0,1928.0,8706.0,355.0,5.0,30.0,5.789473684210527,3.289,10.54874800213106,0.3473483881028175,0.5789473684210527,0.8333333333333334,True,True,matched by historical Fantrax ID,normalized Fantrax ID,1.0,125.0,3.289,38.0,220.0,5.993606819392648,56.81818181818182,86.2,100.0,90.6,40.0,43.64,45.32000000000001,53.6,Likely Rotation,60.0,True,72.8,59.4,68.3,53.6,84.0,52.3,65.33,82.0,79.0,Tier 4,-6.5,Near market,pr_cfdf3245ca15b1b5,Eberechi Eze,Rostered,h1vdt8ynmrp1z5vp,Pot Splashers,Pot Splashers,ACTIVE,ACTIVE,False,0,,,Pot Splashers,h1vdt8ynmrp1z5vp,6.0,72.0,True,False,True,6.0,72.0,79.0,72.5,M,,,220.0,5.789473684210527,10.54874800213106,125.0,3.289,5.993606819392648,1877.0,22.0,0.5789473684210527,4.807457456365227,2.63351690210402,0.3473483881028175,53.6,90.6,43.64,38.0,10.0,5.681818181818182,7.440974358469247,0.2244145078178788,0.1229338802849386,54.88304093567251,,,,,,,,,,,,,,2026-08-14T20:59:07.776936+00:00,MID,canonical primary position,arsenal,soccerdata:sofascore:16363633,2026-08-21,2026-08-21T19:00:00+00:00,Premier League,league,scheduled,1.0,False,arsenal,Arsenal,coventry_city,Coventry City,H,Home,,,55.2,44.8,Favorable,,,,,derived feature frame,False
04ge9,2627,Eddie Nketiah,CRY,F,38.5,CRY,F,F,284.6,336.0,284.6,41.0,10.25,9.0,,7.0,0.0,FA,@EVE Sat 9:00AM,eddie nketiah,False,True,Matched eligible,pr_bb928273cdae7eea,224.0,04ge9,Eddie Nketiah,Eddie Nketiah,Crystal Palace,CRY,F,True,a,,CRY,F,Confirmed,Exact Name + Club,95.0,Official FPL API,2026-07-30T01:09:03.040438+00:00,04ge9,Player Registry,Exact Name + Club,CRY,Confirmed,False,Eddie Nketiah,CRY,F,38.0,166.0,2.0,24.5,15.5,1.0,0.0,1.9429647922515865,0.960513208992779,0.0,7.0,396.0,6482.0,0.0,0.0,0.0,0.6447368421052632,5.167,13.283132530120485,0.659881363919174,0.0526315789473684,0.0,True,True,matched by historical Fantrax ID,normalized Fantrax ID,1.0,15.5,5.167,3.0,24.5,8.403614457831324,63.26530612244898,18.2,57.9,33.9,40.0,40.32,42.81,3.0,Bench / Unknown,55.0,False,70.2,72.0,91.5,3.0,19.2,7.1,48.82,79.8,191.0,Tier 6,93.60000000000002,Strong value,,,Free Agent,,,,,,True,0,,,,,,,False,True,False,,,191.0,284.6,F,,,24.5,0.6447368421052632,13.283132530120485,15.5,5.167,8.403614457831324,166.0,2.0,0.0526315789473684,1.9429647922515865,0.960513208992779,0.659881363919174,3.0,33.9,40.32,38.0,12.25,7.75,2.9034780012443653,0.441582907329906,0.2182984565892679,4.853801169590644,,,,,,,,,,,,,,2026-08-14T20:59:07.776936+00:00,FWD,canonical primary position,crystal_palace,soccerdata:sofascore:16363635,2026-08-22,2026-08-22T14:00:00+00:00,Premier League,league,scheduled,1.0,False,crystal_palace,Crystal Palace,everton,Everton,A,Away,,,51.6,48.4,Neutral,,,,,derived feature frame,False
066r9,2627,Ehor Yarmolyuk,BRF,M,166.0,BRF,M,M,287.4,213.0,287.4,164.0,5.29,4.0,,7.0,-1.0,FA,TOT Sat 11:30AM,ehor yarmolyuk,False,True,Matched eligible,pr_3cf050eefa7ee764,102.0,066r9,Yehor Yarmoliuk,Yehor Yarmoliuk,Brentford,BRF,M,True,a,,BRF,M,Confirmed,Explicit Player Alias,92.0,Official FPL API,2026-07-30T01:09:03.040438+00:00,066r9,Player Registry,Explicit Player Alias,BRF,Confirmed,False,Ehor Yarmolyuk,BRF,M,38.0,437.0,6.0,35.0,28.0,0.0,1.0,1.3752933973446486,1.257387562654912,0.0,14.0,2679.0,11772.0,0.0,0.0,0.0,0.9210526315789472,4.667,7.208237986270023,0.0884439292273088,0.1578947368421052,0.0,True,True,matched by historical Fantrax ID,normalized Fantrax ID,1.0,28.0,4.667,6.0,35.0,5.766590389016018,80.0,29.4,35.6,32.6,45.36666666666667,47.48,44.42,8.3,Bench / Unknown,55.0,False,42.8,68.1,24.6,8.3,20.9,78.0,38.3,79.8,254.0,Tier 6,33.39999999999998,Strong value,,,Free Agent,,,,,,True,0,,,,,,,False,True,False,,,254.0,287.4,M,,,35.0,0.9210526315789472,7.208237986270023,28.0,4.667,5.766590389016018,437.0,6.0,0.1578947368421052,1.3752933973446486,1.257387562654912,0.0884439292273088,8.3,32.6,47.48,38.0,5.833333333333333,4.666666666666667,2.6326809599995604,0.0462024657562591,0.0422414634710496,12.777777777777777,,,,,,,,,,,,,,2026-08-14T20:59:07.776936+00:00,MID,canonical primary position,brentford,soccerdata:sofascore:16363242,2026-08-22,2026-08-22T16:30:00+00:00,Premier League,league,scheduled,1.0,False,brentford,Brentford,tottenham_hotspur,Tottenham Hotspur,H,Home,,,51.6,48.4,Neutral,,,,,derived feature frame,False
06xza,2627,Eli Kroupi,BOU,"M,F",171.5,BOU,M,"M,F",51.9,327.0,51.9,42.5,7.08,96.0,,94.0,-3.0,FA,@MCI Sun 8:00AM,eli kroupi,False,True,Matched eligible,pr_d2e3bb4c285697a7,78.0,06xza,Junior Kroupi,Junior Kroupi,Bournemouth,BOU,M,True,i,Foot injury - Unknown return date,BOU,"M,F",Confirmed,Explicit Player Alias,92.0,Official FPL API,2026-07-30T01:09:03.040438+00:00,06xza,Player Registry,Explicit Player Alias,BOU,Confirmed,False,Eli Kroupi,BOU,"M,F",38.0,1464.0,19.0,173.5,101.5,8.0,0.0,8.849121669307351,1.81576990429312,0.0,22.0,1708.0,11504.0,431.0,6.0,49.0,4.565789473684211,4.06,10.665983606557376,0.5619673545808211,0.5,1.0,True,True,matched by historical Fantrax ID,normalized Fantrax ID,1.0,101.5,4.06,25.0,173.5,6.239754098360655,58.501440922190206,73.4,43.8,58.6,39.93333333333333,43.7,39.440000000000005,61.1,Likely Rotation,75.0,False,70.7,64.0,86.8,61.1,64.2,57.7,68.24,88.8,61.0,Tier 3,-9.1,Reach,pr_d2e3bb4c285697a7,Junior Kroupi,Rostered,61fz0pmkmrp1z5vo,wmuck1,wmuck1,INJURED_RESERVE,INJURED_RESERVE,False,0,,,wmuck1,61fz0pmkmrp1z5vo,11.0,131.0,True,False,True,11.0,131.0,61.0,51.9,M,,,173.5,4.565789473684211,10.665983606557376,101.5,4.06,6.239754098360655,1464.0,19.0,0.5,8.849121669307351,1.81576990429312,0.5619673545808211,61.1,58.6,43.7,38.0,9.13157894736842,5.342105263157895,10.664891573600473,0.4662886125513241,0.0956787420294969,42.80701754385965,,,,,,,,,,,,,,2026-08-14T20:59:07.776936+00:00,MID,canonical primary position,afc_bournemouth,soccerdata:sofascore:16363243,2026-08-23,2026-08-23T13:00:00+00:00,Premier League,league,scheduled,1.0,False,afc_bournemouth,Bournemouth,manchester_city,Manchester City,A,Away,,,16.8,83.2,Very difficult,,,,,derived feature frame,False
06v0s,2627,Eliezer Mayenda,SUN,F,21.5,,,,,,,,,,,,,,,,,,,,,,,,,,,,,,,,,,,,,,,,,,,,,,,,,,,,,,,,,,,,,,,,,,,,,,,,,,,,,,,,,,,,,,,,,,,,,,,,,,,,,,,Free Agent,,,,,,True,0,,,,,,,False,True,False,,,,,,,,,,,,,,,,,,,,,,,,,,,,,,,,,,,,,,,,,,,2026-08-14T20:59:07.776936+00:00,FWD,first valid Fantrax position,sunderland,soccerdata:sofascore:16363636,2026-08-22,2026-08-22T14:00:00+00:00,Premier League,league,scheduled,1.0,False,sunderland,Sunderland,ipswich_town,Ipswich Town,A,Away,,,44.4,55.6,Difficult,,,,,derived feature frame,False
076dl,2627,Eliot Matazo,HUL,M,7.5,HUL,M,M,,521.0,,6.5,6.5,0.0,,0.0,0.0,FA,MUN Sat 6:30AM,eliot matazo,False,True,Matched eligible,pr_070e3e67919b4412,291.0,076dl,Eliot Matazo,Eliot Matazo,Hull City,HUL,M,True,i,Knee injury - Unknown return date,,,New EPL Arrival,Exact Name + Club,95.0,Official FPL API,2026-07-30T01:09:03.040438+00:00,076dl,Player Registry,Exact Name + Club,HUL,New EPL Arrival,False,,,,,,,,,,,,,,,,,,,,,,,,,,False,False,no 2025/26 record for bridged ID,none,0.0,,,,,,,,,,38.13333333333333,40.5,42.74,0.0,Unknown / New Arrival,25.0,False,0.0,0.0,0.0,0.0,0.0,11.8,1.18,11.2,591.0,Deep,,ADP unavailable,,,Free Agent,,,,,,True,0,,,,,,,False,True,False,,,591.0,,M,,,,,,,,,,,,,,,0.0,,40.5,,,,,,,,,,,,,,,,,,,,,2026-08-14T20:59:07.776936+00:00,MID,canonical primary position,hull_city,soccerdata:sofascore:16363634,2026-08-22,2026-08-22T11:30:00+00:00,Premier League,league,scheduled,1.0,False,hull_city,Hull City,manchester_united,Manchester United,H,Home,,,32.0,68.0,Very difficult,,,,,derived feature frame,False
06mn3,2627,Elkan Baggott,IPS,D,0.0,,,,,,,,,,,,,,,,,,,,,,,,,,,,,,,,,,,,,,,,,,,,,,,,,,,,,,,,,,,,,,,,,,,,,,,,,,,,,,,,,,,,,,,,,,,,,,,,,,,,,,,Free Agent,,,,,,True,0,,,,,,,False,True,False,,,,,,,,,,,,,,,,,,,,,,,,,,,,,,,,,,,,,,,,,,,2026-08-14T20:59:07.776936+00:00,DEF,first valid Fantrax position,ipswich_town,soccerdata:sofascore:16363636,2026-08-22,2026-08-22T14:00:00+00:00,Premier League,league,scheduled,1.0,False,ipswich_town,Ipswich Town,sunderland,Sunderland,H,Home,,,58.8,41.2,Favorable,,,,,derived feature frame,False
05u40,2627,Ellery Balcombe,BRF,G,0.0,BRF,G,G,,557.0,,0.0,0.0,0.0,,0.0,0.0,FA,TOT Sat 11:30AM,ellery balcombe,True,False,Inactive / historical only,pr_4dfedf6e2920efb8,,05u40,Ellery Balcombe,,BRF,BRF,G,False,unverified,,BRF,G,Historical Only,Unresolved,0.0,Fantrax / historical,,05u40,Player Registry,Unresolved,BRF,Historical Only,False,,BRF,G,38.0,0.0,0.0,0.0,0.0,0.0,0.0,0.0,0.0,0.0,0.0,0.0,,0.0,0.0,0.0,0.0,0.0,,,0.0,0.0,True,True,matched by historical Fantrax ID,normalized Fantrax ID,1.0,,,,,,,29.4,35.6,32.6,45.36666666666667,47.48,44.42,0.0,Unknown / New Arrival,25.0,False,13.7,22.8,0.0,0.0,20.9,78.0,17.41,46.2,,,,Not draft eligible,,,Free Agent,,,,,,True,0,,,,,,,False,True,False,,,,,G,,,0.0,0.0,,,,,0.0,0.0,0.0,0.0,0.0,,0.0,32.6,47.48,38.0,,,0.0,,,0.0,,,,,,,,,,,,,,2026-08-14T20:59:07.776936+00:00,GK,canonical primary position,brentford,soccerdata:sofascore:16363242,2026-08-22,2026-08-22T16:30:00+00:00,Premier League,league,scheduled,1.0,False,brentford,Brentford,tottenham_hotspur,Tottenham Hotspur,H,Home,,,51.6,48.4,Neutral,,,,,derived feature frame,False
05opj,2627,Elliot Anderson,MCI,M,69.0,MCI,M,M,35.5,244.0,35.5,72.5,10.36,100.0,,98.0,-1.0,FA,BOU Sun 8:00AM,elliot anderson,False,True,Matched eligible,pr_55592e1b99371400,481.0,05opj,Elliot Anderson,Elliot Anderson,Man City,MCI,M,True,a,,NOT,M,Transferred,Exact Name + Club,95.0,Official FPL API,2026-07-30T01:09:03.040438+00:00,05opj,Player Registry,Exact Name + Club,MCI,Transferred,False,Elliot Anderson,NOT,M,38.0,3330.0,37.0,435.0,359.0,4.0,5.0,3.444294469431042,4.842637189663946,0.0,55.0,3329.0,9154.0,469.0,5.0,77.0,11.447368421052632,9.447,11.756756756756756,0.2240384047217029,0.9736842105263158,0.8333333333333334,True,True,matched by historical Fantrax ID,normalized Fantrax ID,1.0,359.0,9.447,38.0,435.0,9.702702702702704,82.5287356321839,98.2,94.1,96.1,43.93333333333333,42.42,45.38,84.8,Locked Starter,75.0,True,88.9,97.3,54.2,84.8,96.2,30.3,79.0,88.8,21.0,Tier 2,14.5,Value,pr_55592e1b99371400,Elliot Anderson,Rostered,acjx0vg4mrp1z5vo,yudesh,yudesh,ACTIVE,ACTIVE,False,0,,,yudesh,acjx0vg4mrp1z5vo,3.0,31.0,True,False,True,3.0,31.0,21.0,35.5,M,,,435.0,11.447368421052632,11.756756756756756,359.0,9.447,9.702702702702704,3330.0,37.0,0.9736842105263158,3.444294469431042,4.842637189663946,0.2240384047217029,84.8,96.1,42.42,38.0,11.756756756756756,9.702702702702704,8.286931659094988,0.0931170027782498,0.130921401943453,97.36842105263158,,,,,,,,,,,,,,2026-08-14T20:59:07.776936+00:00,MID,canonical primary position,manchester_city,soccerdata:sofascore:16363243,2026-08-23,2026-08-23T13:00:00+00:00,Premier League,league,scheduled,1.0,False,manchester_city,Manchester City,afc_bournemouth,Bournemouth,H,Home,,,49.6,50.4,Neutral,,,,,derived feature frame,False
05m9r,2627,Ellis Simms,COV,F,25.5,COV,F,F,276.1,420.0,276.1,25.0,4.17,13.0,,4.0,1.0,FA,@ARS Fri 2:00PM,ellis simms,False,True,Matched eligible,pr_1cf49c747203c77b,195.0,05m9r,Ellis Simms,Ellis Simms,Coventry City,COV,F,True,a,,,,New EPL Arrival,Exact Name + Club,95.0,Official FPL API,2026-07-30T01:09:03.040438+00:00,05m9r,Player Registry,Exact Name + Club,COV,New EPL Arrival,False,,,,,,,,,,,,,,,,,,,,,,,,,,False,False,no 2025/26 record for bridged ID,none,0.0,,,,,,,,,,28.066666666666663,30.12,40.8,0.0,Unknown / New Arrival,25.0,False,0.0,0.0,0.0,0.0,0.0,2.3,0.23,11.2,606.0,Deep,-329.9,Major reach,,,Free Agent,,,,,,True,0,,,,,,,False,True,False,,,606.0,276.1,F,,,,,,,,,,,,,,,0.0,,30.12,,,,,,,,,,,,,,,,,,,,,2026-08-14T20:59:07.776936+00:00,FWD,canonical primary position,coventry_city,soccerdata:sofascore:16363633,2026-08-21,2026-08-21T19:00:00+00:00,Premier League,league,scheduled,1.0,False,coventry_city,Coventry City,arsenal,Arsenal,A,Away,,,18.9,81.1,Very difficult,,,,,derived feature frame,False
05746,2627,Emil Krafth,NEW,D,3.0,,,,,,,,,,,,,,,,,,,,,,,,,,,,,,,,,,,,,,,,,,,,,,,,,,,,,,,,,,,,,,,,,,,,,,,,,,,,,,,,,,,,,,,,,,,,,,,,,,,,,,,Free Agent,,,,,,True,0,,,,,,,False,True,False,,,,,,,,,,,,,,,,,,,,,,,,,,,,,,,,,,,,,,,,,,,2026-08-14T20:59:07.776936+00:00,DEF,first valid Fantrax position,newcastle_united,soccerdata:sofascore:16363246,2026-08-23,2026-08-23T15:30:00+00:00,Premier League,league,scheduled,1.0,False,newcastle_united,Newcastle United,liverpool,Liverpool FC,H,Home,,,31.6,68.4,Very difficult,,,,,derived feature frame,False
04sat,2627,Emile Smith Rowe,FUL,M,172.5,FUL,M,M,289.0,209.0,289.0,171.5,5.53,4.0,,14.0,1.0,FA,CHE Mon 2:00PM,emile smith rowe,False,True,Matched eligible,pr_4f308eeaba3c9505,262.0,04sat,Emile Smith Rowe,Emile Smith Rowe,Fulham,FUL,M,True,a,,FUL,M,Confirmed,Exact Name + Club,95.0,Official FPL API,2026-07-30T01:09:03.040438+00:00,04sat,Player Registry,Exact Name + Club,FUL,Confirmed,False,Emile Smith Rowe,FUL,M,38.0,178.0,2.0,10.5,8.5,0.0,0.0,4.261428236961364,1.4175983089953654,0.0,18.0,1933.0,7230.0,0.0,0.0,0.0,0.2763157894736842,2.833,5.308988764044944,0.2644140657713945,0.0526315789473684,0.0,True,True,matched by historical Fantrax ID,normalized Fantrax ID,1.0,8.5,2.833,3.0,10.5,4.297752808988764,80.95238095238095,33.8,50.9,42.5,48.0,41.08,42.540000000000006,3.1,Bench / Unknown,55.0,False,34.4,55.0,60.6,3.1,38.0,15.4,33.6,79.8,282.0,Tier 6,7.0,Near market,,,Free Agent,,,,,,True,0,,,,,,,False,True,False,,,282.0,289.0,M,,,10.5,0.2763157894736842,5.308988764044944,8.5,2.833,4.297752808988764,178.0,2.0,0.0526315789473684,4.261428236961364,1.4175983089953654,0.2644140657713945,3.1,42.5,41.08,38.0,5.25,4.25,5.679026545956729,0.198411040520705,0.0660030252506895,5.204678362573099,,,,,,,,,,,,,,2026-08-14T20:59:07.776936+00:00,MID,canonical primary position,fulham,soccerdata:sofascore:16363244,2026-08-24,2026-08-24T19:00:00+00:00,Premier League,league,scheduled,1.0,False,fulham,Fulham,chelsea,Chelsea,H,Home,,,35.8,64.2,Difficult,,,,,derived feature frame,False
051kl,2627,Emiliano Buendia,AVL,M,230.5,AVL,M,M,129.3,136.0,129.3,229.5,8.2,100.0,,82.0,-7.0,FA,@BHA Sun 8:00AM,emiliano buendia,False,True,Matched eligible,pr_101440a1c8f3673b,41.0,051kl,Emiliano Buendía Stati,Emiliano Buendía Stati,Aston Villa,AVL,M,True,a,,AVL,M,Confirmed,Ordered Token Expanded Name,85.0,Official FPL API,2026-07-30T01:09:03.040438+00:00,051kl,Player Registry,Ordered Token Expanded Name,AVL,Confirmed,False,Emiliano Buendia,AVL,M,38.0,1333.0,17.0,122.0,94.0,3.0,0.0,3.784483362920581,3.626239098608493,0.0,30.0,1778.0,2203.0,288.0,3.0,41.5,3.210526315789474,3.357,8.237059264816203,0.3751209344980971,0.4473684210526316,0.5,True,True,matched by historical Fantrax ID,normalized Fantrax ID,1.0,94.0,3.357,28.0,122.0,6.346586646661665,77.04918032786885,57.9,54.1,59.0,40.96666666666667,44.9,48.31,45.5,Likely Rotation,75.0,False,54.3,60.0,71.7,45.5,53.4,62.1,56.67,88.8,143.0,Tier 5,-13.699999999999989,Reach,,,Free Agent,,,,,,True,0,,,,,,,False,True,False,,,143.0,129.3,M,,,122.0,3.210526315789474,8.237059264816203,94.0,3.357,6.346586646661665,1333.0,17.0,0.4473684210526316,3.784483362920581,3.626239098608493,0.3751209344980971,45.5,59.0,44.9,38.0,7.176470588235294,5.529411764705882,7.410722461529074,0.1915655245572847,0.1835554099408123,38.9766081871345,,,,,,,,,,,,,,2026-08-14T20:59:07.776936+00:00,MID,canonical primary position,aston_villa,soccerdata:sofascore:16363236,2026-08-23,2026-08-23T13:00:00+00:00,Premier League,league,scheduled,1.0,False,aston_villa,Aston Villa,brighton_hove_albion,Brighton & Hove Albion,A,Away,,,38.5,61.5,Difficult,,,,,derived feature frame,False
02lz0,2627,Emiliano Martinez,AVL,G,248.0,AVL,G,G,190.8,115.0,190.8,248.0,7.29,78.0,,79.0,-4.0,FA,@BHA Sun 8:00AM,emiliano martinez,False,True,Matched eligible,pr_3e753e4ba583e8d5,28.0,02lz0,Emiliano Martínez Romero,Emiliano Martínez Romero,Aston Villa,AVL,G,True,a,,AVL,G,Confirmed,Ordered Token Expanded Name,85.0,Official FPL API,2026-07-30T01:09:03.040438+00:00,02lz0,Player Registry,Ordered Token Expanded Name,AVL,Confirmed,False,Emiliano Martinez,AVL,G,38.0,2025.0,23.0,200.5,200.5,0.0,1.0,0.0,0.3538400158286094,0.0,2.0,2837.0,4401.0,450.0,5.0,44.0,5.276315789473684,7.161,8.911111111111111,0.0112250974355216,0.6052631578947368,0.8333333333333334,True,True,matched by historical Fantrax ID,normalized Fantrax ID,1.0,200.5,7.161,28.0,200.5,8.911111111111111,100.0,57.9,54.1,59.0,40.96666666666667,44.9,48.31,69.1,Likely Starter,75.0,False,62.8,89.8,10.3,69.1,53.4,62.1,59.22,88.8,120.0,Tier 4,70.80000000000001,Strong value,pr_3e753e4ba583e8d5,Emiliano Martínez Romero,Rostered,h2e8dn5dmrp1z5vp,Berkshire’s Club,Berkshire’s Club,ACTIVE,ACTIVE,False,0,,,Berkshire's Club,h2e8dn5dmrp1z5vp,11.0,126.0,True,False,True,11.0,126.0,120.0,190.8,G,,,200.5,5.276315789473684,8.911111111111111,200.5,7.161,8.911111111111111,2025.0,23.0,0.6052631578947368,0.0,0.3538400158286094,0.0112250974355216,69.1,59.0,44.9,38.0,8.717391304347826,8.717391304347826,0.3538400158286094,0.0,0.0112250974355216,59.210526315789465,,,,,,,,,,,,,,2026-08-14T20:59:07.776936+00:00,GK,canonical primary position,aston_villa,soccerdata:sofascore:16363236,2026-08-23,2026-08-23T13:00:00+00:00,Premier League,league,scheduled,1.0,False,aston_villa,Aston Villa,brighton_hove_albion,Brighton & Hove Albion,A,Away,,,38.5,61.5,Difficult,,,,,derived feature frame,False
076kg,2627,Emmanuel Emegha,CHE,F,48.0,CHE,F,F,248.9,312.0,248.9,45.0,9.0,39.0,,15.0,-4.0,FA,@FUL Mon 2:00PM,emmanuel emegha,False,True,Matched eligible,pr_cee2a94e925904f7,170.0,076kg,Emmanuel Emegha,Emmanuel Emegha,Chelsea,CHE,F,True,d,Hamstring injury - 75% chance of playing,,,New EPL Arrival,Exact Name + Club,95.0,Official FPL API,2026-07-30T01:09:03.040438+00:00,076kg,Player Registry,Exact Name + Club,CHE,New EPL Arrival,False,,,,,,,,,,,,,,,,,,,,,,,,,,False,False,no 2025/26 record for bridged ID,none,0.0,,,,,,,68.4,56.8,65.6,50.53333333333333,46.98,47.54,0.0,Unknown / New Arrival,25.0,False,0.0,0.0,0.0,0.0,63.8,71.8,13.56,21.2,452.0,Deep,-203.1,Major reach,,,Free Agent,,,,,,True,0,,,,,,,False,True,False,,,452.0,248.9,F,,,,,,,,,,,,,,,0.0,65.6,46.98,,,,,,,,,,,,,,,,,,,,,2026-08-14T20:59:07.776936+00:00,FWD,canonical primary position,chelsea,soccerdata:sofascore:16363244,2026-08-24,2026-08-24T19:00:00+00:00,Premier League,league,scheduled,1.0,False,chelsea,Chelsea,fulham,Fulham,A,Away,,,50.9,49.1,Neutral,,,,,derived feature frame,False
03sbh,2627,Enes Unal,BOU,F,10.0,BOU,F,F,,500.0,,10.0,5.0,0.0,,1.0,0.0,FA,@MCI Sun 8:00AM,enes unal,False,True,Matched eligible,pr_bbad41ae89ec3d2a,80.0,03sbh,Enes Ünal,Enes Ünal,Bournemouth,BOU,F,True,a,,BOU,F,Confirmed,Exact Name + Club,95.0,Official FPL API,2026-07-30T01:09:03.040438+00:00,03sbh,Player Registry,Exact Name + Club,BOU,Confirmed,False,Enes Unal,BOU,F,38.0,0.0,0.0,0.0,0.0,0.0,0.0,2.3262749090790744,0.2841262817382812,0.0,1.0,158.0,6219.0,0.0,0.0,0.0,0.0,0.0,,1.4869373871744431,0.0,0.0,True,True,matched by historical Fantrax ID,normalized Fantrax ID,1.0,,,,,,,73.4,43.8,58.6,39.93333333333333,43.7,39.440000000000005,0.0,Unknown / New Arrival,25.0,False,13.7,22.8,99.7,0.0,64.2,57.7,34.67,66.2,278.0,Tier 6,,ADP unavailable,,,Free Agent,,,,,,True,0,,,,,,,False,True,False,,,278.0,,F,,,0.0,0.0,,,,,0.0,0.0,0.0,2.3262749090790744,0.2841262817382812,1.4869373871744431,0.0,58.6,43.7,38.0,,,2.610401190817356,1.3250933026399792,0.1618440845344639,0.0,,,,,,,,,,,,,,2026-08-14T20:59:07.776936+00:00,FWD,canonical primary position,afc_bournemouth,soccerdata:sofascore:16363243,2026-08-23,2026-08-23T13:00:00+00:00,Premier League,league,scheduled,1.0,False,afc_bournemouth,Bournemouth,manchester_city,Manchester City,A,Away,,,16.8,83.2,Very difficult,,,,,derived feature frame,False
068ym,2627,Enzo Fernandez,CHE,M,289.5,CHE,M,M,23.8,59.0,23.8,284.5,9.18,100.0,,100.0,0.0,FA,@FUL Mon 2:00PM,enzo fernandez,False,True,Matched eligible,pr_832cdd6809a3b44d,155.0,068ym,Enzo Fernández,Enzo Fernández,Chelsea,CHE,M,True,a,,CHE,M,Confirmed,Exact Name + Club,95.0,Official FPL API,2026-07-30T01:09:03.040438+00:00,068ym,Player Registry,Exact Name + Club,CHE,Confirmed,False,Enzo Fernandez,CHE,M,38.0,3113.0,35.0,386.5,258.5,10.0,5.0,11.91719657368958,8.865934781730175,0.0,68.0,3149.0,11356.0,537.0,6.0,75.5,10.171052631578949,6.803,11.174108576935431,0.593992322003105,0.9210526315789472,1.0,True,True,matched by historical Fantrax ID,normalized Fantrax ID,1.0,258.5,6.803,38.0,386.5,7.4734982332155475,66.88227684346701,68.4,56.8,65.6,50.53333333333333,46.98,47.54,94.7,Locked Starter,90.0,False,85.4,86.2,88.6,94.7,63.8,71.8,84.35,95.5,6.0,Tier 1,17.8,Value,pr_832cdd6809a3b44d,Enzo Fernández,Rostered,acjx0vg4mrp1z5vo,yudesh,yudesh,ACTIVE,ACTIVE,False,0,,,yudesh,acjx0vg4mrp1z5vo,5.0,55.0,True,False,True,5.0,55.0,6.0,23.8,M,,,386.5,10.171052631578949,11.174108576935431,258.5,6.803,7.4734982332155475,3113.0,35.0,0.9210526315789472,11.91719657368958,8.865934781730175,0.593992322003105,94.7,65.6,46.98,38.0,11.042857142857144,7.385714285714286,20.783131355419755,0.3405994574887463,0.2533928645143588,91.0233918128655,,,,,,,,,,,,,,2026-08-14T20:59:07.776936+00:00,MID,canonical primary position,chelsea,soccerdata:sofascore:16363244,2026-08-24,2026-08-24T19:00:00+00:00,Premier League,league,scheduled,1.0,False,chelsea,Chelsea,fulham,Fulham,A,Away,,,50.9,49.1,Neutral,,,,,derived feature frame,False
06v0p,2627,Enzo Le Fee,SUN,"M,F",348.0,SUN,M,"M,F",50.0,18.0,50.0,347.0,11.19,100.0,,99.0,1.0,FA,@IPS Sat 9:00AM,enzo le fee,False,True,Matched eligible,pr_b8e7051f339683f0,542.0,06v0p,Enzo Le Fée,Enzo Le Fée,Sunderland,SUN,M,True,a,,SUN,"M,F",Confirmed,Exact Name + Club,95.0,Official FPL API,2026-07-30T01:09:03.040438+00:00,06v0p,Player Registry,Exact Name + Club,SUN,Confirmed,False,Enzo Le Fee,SUN,"M,F",38.0,2297.0,26.0,292.5,221.5,4.0,5.0,5.268677884712814,7.546418207697569,0.0,53.0,2953.0,8651.0,538.0,6.0,84.5,7.697368421052632,7.911,11.460600783630824,0.3905718416244275,0.6842105263157895,1.0,True,True,matched by historical Fantrax ID,normalized Fantrax ID,1.0,221.5,7.911,28.0,292.5,8.678711362646931,75.72649572649573,7.9,49.1,27.1,43.6,42.0,37.67,80.4,Likely Starter,90.0,False,81.5,91.7,74.3,80.4,3.8,23.7,68.19,95.5,62.0,Tier 3,-12.0,Reach,pr_b8e7051f339683f0,Enzo Le Fée,Rostered,61fz0pmkmrp1z5vo,wmuck1,wmuck1,ACTIVE,ACTIVE,False,0,,,wmuck1,61fz0pmkmrp1z5vo,3.0,35.0,True,False,True,3.0,35.0,62.0,50.0,M,,,292.5,7.697368421052632,11.460600783630824,221.5,7.911,8.678711362646931,2297.0,26.0,0.6842105263157895,5.268677884712814,7.546418207697569,0.3905718416244275,80.4,27.1,42.0,38.0,11.25,8.51923076923077,12.815096092410384,0.1605760276410949,0.2299958139833326,67.16374269005848,,,,,,,,,,,,,,2026-08-14T20:59:07.776936+00:00,MID,canonical primary position,sunderland,soccerdata:sofascore:16363636,2026-08-22,2026-08-22T14:00:00+00:00,Premier League,league,scheduled,1.0,False,sunderland,Sunderland,ipswich_town,Ipswich Town,A,Away,,,44.4,55.6,Difficult,,,,,derived feature frame,False
076d9,2627,Ephron Mason-Clark,COV,"M,F",229.5,COV,M,"M,F",202.8,254.0,202.8,65.0,7.22,70.0,,40.0,-11.0,FA,@ARS Fri 2:00PM,ephron mason clark,False,True,Matched eligible,pr_c357333820dede1b,186.0,076d9,Ephron Mason-Clark,Ephron Mason-Clark,Coventry City,COV,M,True,a,,,,New EPL Arrival,Exact Name + Club,95.0,Official FPL API,2026-07-30T01:09:03.040438+00:00,076d9,Player Registry,Exact Name + Club,COV,New EPL Arrival,False,,,,,,,,,,,,,,,,,,,,,,,,,,False,False,no 2025/26 record for bridged ID,none,0.0,,,,,,,,,,28.066666666666663,30.12,40.8,0.0,Unknown / New Arrival,25.0,False,0.0,0.0,0.0,0.0,0.0,2.3,0.23,11.2,618.0,Deep,-415.2,Major reach,,,Free Agent,,,,,,True,0,,,Berkshire's Club,,,,False,True,True,15.0,174.0,618.0,202.8,M,,,,,,,,,,,,,,,0.0,,30.12,,,,,,,,,,,,,,,,,,,,,2026-08-14T20:59:07.776936+00:00,MID,canonical primary position,coventry_city,soccerdata:sofascore:16363633,2026-08-21,2026-08-21T19:00:00+00:00,Premier League,league,scheduled,1.0,False,coventry_city,Coventry City,arsenal,Arsenal,A,Away,,,18.9,81.1,Very difficult,,,,,derived feature frame,False
06mnd,2627,Eric da Silva Moreira,NOT,F,0.0,NOT,F,F,,682.0,,0.0,0.0,0.0,,1.0,-1.0,FA,LEE Sat 9:00AM,eric da silva moreira,True,False,Inactive / historical only,pr_d988a736c14abdd5,,06mnd,Eric da Silva Moreira,,NOT,NOT,F,False,unverified,,NOT,F,Historical Only,Unresolved,0.0,Fantrax / historical,,06mnd,Player Registry,Unresolved,NOT,Historical Only,False,,NOT,F,38.0,0.0,0.0,0.0,0.0,0.0,0.0,0.0,0.0,0.0,0.0,0.0,,0.0,0.0,0.0,0.0,0.0,,,0.0,0.0,True,True,matched by historical Fantrax ID,normalized Fantrax ID,1.0,,,,,,,39.9,34.4,37.8,48.333333333333336,45.36,43.16,0.0,Unknown / New Arrival,25.0,False,13.7,22.8,0.0,0.0,43.2,66.2,18.46,46.2,,,,Not draft eligible,,,Free Agent,,,,,,True,0,,,,,,,False,True,False,,,,,F,,,0.0,0.0,,,,,0.0,0.0,0.0,0.0,0.0,,0.0,37.8,45.36,38.0,,,0.0,,,0.0,,,,,,,,,,,,,,2026-08-14T20:59:07.776936+00:00,FWD,canonical primary position,,,,,,,,,,,,,,,,,,,,,,,,,derived feature frame,False
061vq,2627,Erling Haaland,MCI,F,252.5,MCI,F,F,1.6,107.0,1.6,252.5,8.42,100.0,,100.0,0.0,FA,BOU Sun 8:00AM,erling haaland,False,True,Matched eligible,pr_64e2084ca1afac52,411.0,061vq,Erling Haaland,Erling Haaland,Man City,MCI,F,True,a,,MCI,F,Confirmed,Exact Name + Club,95.0,Official FPL API,2026-07-30T01:09:03.040438+00:00,061vq,Player Registry,Exact Name + Club,MCI,Confirmed,False,Erling Haaland,MCI,F,38.0,2950.0,34.0,529.0,238.0,27.0,8.0,28.795336209237576,5.507687093690038,0.0,25.0,2979.0,8260.0,450.0,5.0,84.0,13.921052631578949,6.263,16.138983050847457,1.0363451148920728,0.8947368421052632,0.8333333333333334,True,True,matched by historical Fantrax ID,normalized Fantrax ID,1.0,238.0,6.263,38.0,529.0,7.261016949152543,44.99054820415879,98.2,94.1,96.1,43.93333333333333,42.42,45.38,85.7,Locked Starter,90.0,False,98.8,82.3,98.7,85.7,96.2,30.3,86.57,95.5,3.0,Tier 1,-1.4,Near market,pr_64e2084ca1afac52,Erling Haaland,Rostered,w2mnqywumrp1z5vp,tpem,tpem,ACTIVE,ACTIVE,False,0,,,tpem,w2mnqywumrp1z5vp,1.0,2.0,True,False,True,1.0,2.0,3.0,1.6,F,,,529.0,13.921052631578949,16.138983050847457,238.0,6.263,7.261016949152543,2950.0,34.0,0.8947368421052632,28.795336209237576,5.507687093690038,1.0363451148920728,85.7,96.1,42.42,38.0,15.558823529411764,7.0,34.30302330292761,0.8699497344180537,0.1663953804740192,86.25730994152046,,,,,,,,,,,,,,2026-08-14T20:59:07.776936+00:00,FWD,canonical primary position,manchester_city,soccerdata:sofascore:16363243,2026-08-23,2026-08-23T13:00:00+00:00,Premier League,league,scheduled,1.0,False,manchester_city,Manchester City,afc_bournemouth,Bournemouth,H,Home,,,49.6,50.4,Neutral,,,,,derived feature frame,False
06yxe,2627,Estevao,CHE,"M,F",37.0,CHE,M,"M,F",79.3,377.0,79.3,33.0,11.0,100.0,,91.0,-2.0,FA,@FUL Mon 2:00PM,estevao,False,True,Matched eligible,pr_c56dfb7c82cbcc0b,157.0,06yxe,Estêvão Almeida de Oliveira Gonçalves,Estêvão Almeida de Oliveira Gonçalves,Chelsea,CHE,M,True,a,,CHE,"M,F",Confirmed,Explicit Player Alias,92.0,Official FPL API,2026-07-30T01:09:03.040438+00:00,06yxe,Player Registry,Explicit Player Alias,CHE,Confirmed,False,Estevao Willian Almeida de Oliveira Goncalves,CHE,"M,F",38.0,552.0,8.0,102.5,59.5,2.0,4.0,3.874036334455013,2.8163073528558016,0.0,16.0,854.0,13775.0,0.0,0.0,0.0,2.6973684210526314,2.705,16.71195652173913,0.7050713487798282,0.2105263157894736,0.0,True,True,matched by historical Fantrax ID,normalized Fantrax ID,1.0,59.5,2.705,22.0,102.5,9.70108695652174,58.04878048780488,68.4,56.8,65.6,50.53333333333333,46.98,47.54,10.7,Bench / Unknown,55.0,False,80.1,52.9,93.7,10.7,63.8,71.8,61.72,79.8,101.0,Tier 4,-21.700000000000003,Major reach,pr_c56dfb7c82cbcc0b,Estêvão Almeida de Oliveira Gonçalves,Rostered,acjx0vg4mrp1z5vo,yudesh,yudesh,ACTIVE,ACTIVE,False,0,,,yudesh,acjx0vg4mrp1z5vo,7.0,79.0,True,False,True,7.0,79.0,101.0,79.3,M,,,102.5,2.6973684210526314,16.71195652173913,59.5,2.705,9.70108695652174,552.0,8.0,0.2105263157894736,3.874036334455013,2.8163073528558016,0.7050713487798282,10.7,65.6,46.98,38.0,12.8125,7.4375,6.690343687310815,0.408270808080739,0.2968005406990892,16.140350877192983,,,,,,,,,,,,,,2026-08-14T20:59:07.776936+00:00,MID,canonical primary position,chelsea,soccerdata:sofascore:16363244,2026-08-24,2026-08-24T19:00:00+00:00,Premier League,league,scheduled,1.0,False,chelsea,Chelsea,fulham,Fulham,A,Away,,,50.9,49.1,Neutral,,,,,derived feature frame,False
04lav,2627,Ethan Ampadu,LEE,"D,M",245.0,LEE,M,"D,M",131.8,124.0,131.8,242.5,7.13,96.0,,78.0,-6.0,FA,@NOT Sat 9:00AM,ethan ampadu,False,True,Matched eligible,pr_45275615e21639d9,338.0,04lav,Ethan Ampadu,Ethan Ampadu,Leeds,LEE,M,True,a,,LEE,"D,M",Confirmed,Exact Name + Club,95.0,Official FPL API,2026-07-30T01:09:03.040438+00:00,04lav,Player Registry,Exact Name + Club,LEE,Confirmed,False,Ethan Ampadu,LEE,"D,M",38.0,1440.0,16.0,159.0,143.0,0.0,3.0,1.946105619892477,1.176354668103158,0.0,19.0,3130.0,6369.0,540.0,6.0,60.0,4.184210526315789,8.938,9.9375,0.0897832031692035,0.4210526315789473,1.0,True,True,matched by historical Fantrax ID,normalized Fantrax ID,1.0,143.0,8.938,16.0,159.0,8.9375,89.937106918239,38.1,24.1,31.1,45.56666666666666,43.0,38.71,65.3,Likely Rotation,75.0,False,66.4,96.0,24.9,65.3,30.4,42.0,58.36,88.8,130.0,Tier 5,1.8000000000000114,Near market,pr_45275615e21639d9,Ethan Ampadu,Rostered,rx9bjhp3mrp1z5vo,KindComet,KindComet,ACTIVE,ACTIVE,False,0,,,KindComet,rx9bjhp3mrp1z5vo,13.0,149.0,True,False,True,13.0,149.0,130.0,131.8,M,,,159.0,4.184210526315789,9.9375,143.0,8.938,8.9375,1440.0,16.0,0.4210526315789473,1.946105619892477,1.176354668103158,0.0897832031692035,65.3,31.1,43.0,38.0,9.9375,8.9375,3.122460287995635,0.0559583085592086,0.0338248946099949,42.10526315789473,,,,,,,,,,,,,,2026-08-14T20:59:07.776936+00:00,MID,canonical primary position,leeds_united,soccerdata:sofascore:16363238,2026-08-22,2026-08-22T14:00:00+00:00,Premier League,league,scheduled,1.0,False,leeds_united,Leeds United,nottingham_forest,Nottingham Forest,A,Away,,,49.5,50.5,Neutral,,,,,derived feature frame,False
06dpx,2627,Ethan Brierley,BRF,M,0.0,,,,,,,,,,,,,,,,,,,,,,,,,,,,,,,,,,,,,,,,,,,,,,,,,,,,,,,,,,,,,,,,,,,,,,,,,,,,,,,,,,,,,,,,,,,,,,,,,,,,,,,Free Agent,,,,,,True,0,,,,,,,False,True,False,,,,,,,,,,,,,,,,,,,,,,,,,,,,,,,,,,,,,,,,,,,2026-08-14T20:59:07.776936+00:00,MID,first valid Fantrax position,brentford,soccerdata:sofascore:16363242,2026-08-22,2026-08-22T16:30:00+00:00,Premier League,league,scheduled,1.0,False,brentford,Brentford,tottenham_hotspur,Tottenham Hotspur,H,Home,,,51.6,48.4,Neutral,,,,,derived feature frame,False
05tr1,2627,Ethan Pinnock,BRF,D,32.0,BRF,D,D,,399.0,,29.5,7.38,0.0,,1.0,-1.0,FA,TOT Sat 11:30AM,ethan pinnock,False,True,Matched eligible,pr_0d497f94993867ad,91.0,05tr1,Ethan Pinnock,Ethan Pinnock,Brentford,BRF,D,True,a,,BRF,D,Confirmed,Exact Name + Club,95.0,Official FPL API,2026-07-30T01:09:03.040438+00:00,05tr1,Player Registry,Exact Name + Club,BRF,Confirmed,False,Ethan Pinnock,BRF,D,38.0,0.0,0.0,0.0,0.0,0.0,0.0,0.0091950073838233,0.0,0.0,0.0,330.0,9678.0,0.0,0.0,0.0,0.0,0.0,,0.0025077292864972,0.0,0.0,True,True,matched by historical Fantrax ID,normalized Fantrax ID,1.0,,,,,,,29.4,35.6,32.6,45.36666666666667,47.48,44.42,0.0,Unknown / New Arrival,25.0,False,13.7,22.8,8.5,0.0,20.9,78.0,18.68,66.2,392.0,Deep,,ADP unavailable,,,Free Agent,,,,,,True,0,,,,,,,False,True,False,,,392.0,,D,,,0.0,0.0,,,,,0.0,0.0,0.0,0.0091950073838233,0.0,0.0025077292864972,0.0,32.6,47.48,38.0,,,0.0091950073838233,0.0025077292864972,0.0,0.0,,,,,,,,,,,,,,2026-08-14T20:59:07.776936+00:00,DEF,canonical primary position,brentford,soccerdata:sofascore:16363242,2026-08-22,2026-08-22T16:30:00+00:00,Premier League,league,scheduled,1.0,False,brentford,Brentford,tottenham_hotspur,Tottenham Hotspur,H,Home,,,51.6,48.4,Neutral,,,,,derived feature frame,False
06p6j,2627,Evanilson,BOU,F,188.5,BOU,F,F,105.4,192.0,105.4,187.5,5.51,100.0,,89.0,-3.0,FA,@MCI Sun 8:00AM,evanilson,False,True,Matched eligible,pr_76f14d795dac1626,79.0,06p6j,Francisco Evanilson de Lima Barbosa,Francisco Evanilson de Lima Barbosa,Bournemouth,BOU,F,True,a,,BOU,F,Confirmed,Explicit Player Alias,92.0,Official FPL API,2026-07-30T01:09:03.040438+00:00,06p6j,Player Registry,Explicit Player Alias,BOU,Confirmed,False,Evanilson,BOU,F,38.0,2507.0,30.0,234.5,147.5,5.0,7.0,11.830083925276996,3.069119781255721,0.0,30.0,2810.0,12963.0,459.0,6.0,34.0,6.171052631578948,4.47,8.41842840047866,0.4771986952270265,0.7894736842105263,1.0,True,True,matched by historical Fantrax ID,normalized Fantrax ID,1.0,147.5,4.47,33.0,234.5,5.295173514160351,62.89978678038379,73.4,43.8,58.6,39.93333333333333,43.7,39.440000000000005,80.6,Likely Starter,90.0,False,62.5,66.7,81.7,80.6,64.2,57.7,69.31,95.5,55.0,Tier 3,50.400000000000006,Strong value,pr_76f14d795dac1626,Francisco Evanilson de Lima Barbosa,Rostered,ayk8m85amrp1z5vo,Up the Arse-nal,Up the Arse-nal,RESERVE,RESERVE,False,0,,,Up the Arse-nal,ayk8m85amrp1z5vo,14.0,157.0,True,False,True,14.0,157.0,55.0,105.4,F,,,234.5,6.171052631578948,8.41842840047866,147.5,4.47,5.295173514160351,2507.0,30.0,0.7894736842105263,11.830083925276996,3.069119781255721,0.4771986952270265,80.6,58.6,43.7,38.0,7.816666666666666,4.916666666666667,14.899203706532717,0.3788994851512205,0.098299210075806,73.30409356725146,,,,,,,,,,,,,,2026-08-14T20:59:07.776936+00:00,FWD,canonical primary position,afc_bournemouth,soccerdata:sofascore:16363243,2026-08-23,2026-08-23T13:00:00+00:00,Premier League,league,scheduled,1.0,False,afc_bournemouth,Bournemouth,manchester_city,Manchester City,A,Away,,,16.8,83.2,Very difficult,,,,,derived feature frame,False
06zwj,2627,Evann Guessand,AVL,"M,F",44.0,AVL,M,"M,F",286.8,320.0,286.8,44.0,7.33,4.0,,5.0,-1.0,FA,@BHA Sun 8:00AM,evann guessand,False,True,Matched eligible,pr_665420f3d472e10f,42.0,06zwj,Evann Guessand,Evann Guessand,Aston Villa,AVL,M,True,a,,AVL/CRY,"M,F",Transferred,Exact Name + Club,95.0,Official FPL API,2026-07-30T01:09:03.040438+00:00,06zwj,Player Registry,Exact Name + Club,AVL,Transferred,False,Evann Guessand,AVL/CRY,"M,F",38.0,0.0,0.0,0.0,0.0,0.0,0.0,1.8542680740356443,1.2377337515354154,0.0,5.0,920.0,8006.0,0.0,0.0,0.0,0.0,0.0,,0.3024784394580385,0.0,0.0,True,True,matched by historical Fantrax ID,normalized Fantrax ID,1.0,,,,,,,57.9,54.1,59.0,40.96666666666667,44.9,48.31,0.0,Unknown / New Arrival,25.0,False,13.7,22.8,64.0,0.0,53.4,62.1,28.67,66.2,303.0,Deep,-16.19999999999999,Reach,,,Free Agent,,,,,,True,0,,,,,,,False,True,False,,,303.0,286.8,M,,,0.0,0.0,,,,,0.0,0.0,0.0,1.8542680740356443,1.2377337515354154,0.3024784394580385,0.0,59.0,44.9,38.0,,,3.09200182557106,0.181395789851313,0.1210826496067254,0.0,,,,,,,,,,,,,,2026-08-14T20:59:07.776936+00:00,MID,canonical primary position,aston_villa,soccerdata:sofascore:16363236,2026-08-23,2026-08-23T13:00:00+00:00,Premier League,league,scheduled,1.0,False,aston_villa,Aston Villa,brighton_hove_albion,Brighton & Hove Albion,A,Away,,,38.5,61.5,Difficult,,,,,derived feature frame,False
076ki,2627,Ewen Jaouen,NEW,G,0.0,NEW,G,G,,599.0,,0.0,0.0,0.0,,3.0,0.0,FA,LIV Sun 10:30AM,ewen jaouen,False,True,Matched eligible,pr_99b2c4f6bac759dc,444.0,076ki,Ewen Jaouen,Ewen Jaouen,Newcastle,NEW,G,True,a,,,,New EPL Arrival,Exact Name + Club,95.0,Official FPL API,2026-07-30T01:09:03.040438+00:00,076ki,Player Registry,Exact Name + Club,NEW,New EPL Arrival,False,,,,,,,,,,,,,,,,,,,,,,,,,,False,False,no 2025/26 record for bridged ID,none,0.0,,,,,,,62.2,27.4,49.3,42.16666666666666,42.86,46.68,0.0,Unknown / New Arrival,25.0,False,0.0,0.0,0.0,0.0,53.2,36.6,8.97,21.2,517.0,Deep,,ADP unavailable,,,Free Agent,,,,,,True,0,,,,,,,False,True,False,,,517.0,,G,,,,,,,,,,,,,,,0.0,49.3,42.86,,,,,,,,,,,,,,,,,,,,,2026-08-14T20:59:07.776936+00:00,GK,canonical primary position,newcastle_united,soccerdata:sofascore:16363246,2026-08-23,2026-08-23T15:30:00+00:00,Premier League,league,scheduled,1.0,False,newcastle_united,Newcastle United,liverpool,Liverpool FC,H,Home,,,31.6,68.4,Very difficult,,,,,derived feature frame,False
052ca,2627,Ezri Konsa,AVL,D,202.5,AVL,D,D,255.1,174.0,255.1,202.5,5.96,26.0,,22.0,1.0,FA,@BHA Sun 8:00AM,ezri konsa,False,True,Matched eligible,pr_5fbb00ffe766ed76,31.0,052ca,Ezri Konsa Ngoyo,Ezri Konsa Ngoyo,Aston Villa,AVL,D,True,a,,AVL,D,Confirmed,Ordered Token Expanded Name,85.0,Official FPL API,2026-07-30T01:09:03.040438+00:00,052ca,Player Registry,Ordered Token Expanded Name,AVL,Confirmed,False,Ezri Konsa,AVL,D,38.0,245.0,3.0,21.0,9.0,0.0,0.0,1.0740509293973444,0.6014871783554553,0.0,5.0,3036.0,7726.0,90.0,1.0,3.0,0.5526315789473685,3.0,7.714285714285714,0.0496701020084821,0.0789473684210526,0.1666666666666666,True,True,matched by historical Fantrax ID,normalized Fantrax ID,1.0,9.0,3.0,3.0,21.0,3.306122448979592,42.85714285714285,57.9,54.1,59.0,40.96666666666667,44.9,48.31,11.1,Bench / Unknown,55.0,False,42.5,56.2,16.4,11.1,53.4,62.1,37.41,79.8,261.0,Tier 6,-5.900000000000006,Near market,,,Free Agent,,,,,,True,0,,,,,,,False,True,False,,,261.0,255.1,D,,,21.0,0.5526315789473685,7.714285714285714,9.0,3.0,3.306122448979592,245.0,3.0,0.0789473684210526,1.0740509293973444,0.6014871783554553,0.0496701020084821,11.1,59.0,44.9,38.0,7.0,3.0,1.6755381077527995,0.031839454428775,0.0178306475797071,7.163742690058479,,,,,,,,,,,,,,2026-08-14T20:59:07.776936+00:00,DEF,canonical primary position,aston_villa,soccerdata:sofascore:16363236,2026-08-23,2026-08-23T13:00:00+00:00,Premier League,league,scheduled,1.0,False,aston_villa,Aston Villa,brighton_hove_albion,Brighton & Hove Albion,A,Away,,,38.5,61.5,Difficult,,,,,derived feature frame,False
04tig,2627,Fabian Schar,NEW,D,100.0,NEW,D,D,276.4,227.0,276.4,100.0,10.0,13.0,,9.0,-1.0,FA,LIV Sun 10:30AM,fabian schar,False,True,Matched eligible,pr_29ff298a793a1acd,446.0,04tig,Fabian Schär,Fabian Schär,Newcastle,NEW,D,True,a,,NEW,D,Confirmed,Exact Name + Club,95.0,Official FPL API,2026-07-30T01:09:03.040438+00:00,04tig,Player Registry,Exact Name + Club,NEW,Confirmed,False,Fabian Schar,NEW,D,38.0,1087.0,11.0,154.0,136.0,0.0,0.0,0.963182300329208,0.162678058259189,0.0,4.0,1096.0,76.0,0.0,0.0,0.0,4.052631578947368,5.913,12.750689972401103,0.0924520367453975,0.2894736842105263,0.0,True,True,matched by historical Fantrax ID,normalized Fantrax ID,1.0,136.0,5.913,23.0,154.0,11.26034958601656,88.31168831168831,62.2,27.4,49.3,42.16666666666666,42.86,46.68,18.5,Bench / Unknown,55.0,False,78.0,77.7,25.7,18.5,53.2,36.6,51.58,79.8,175.0,Tier 5,101.39999999999998,Strong value,,,Free Agent,,,,,,True,0,,,,,,,False,True,False,,,175.0,276.4,D,,,154.0,4.052631578947368,12.750689972401103,136.0,5.913,11.26034958601656,1087.0,11.0,0.2894736842105263,0.963182300329208,0.162678058259189,0.0924520367453975,18.5,49.3,42.86,38.0,14.0,12.363636363636363,1.125860358588397,0.0790934370708291,0.0133585996745684,31.783625730994157,,,,,,,,,,,,,,2026-08-14T20:59:07.776936+00:00,DEF,canonical primary position,newcastle_united,soccerdata:sofascore:16363246,2026-08-23,2026-08-23T15:30:00+00:00,Premier League,league,scheduled,1.0,False,newcastle_united,Newcastle United,liverpool,Liverpool FC,H,Home,,,31.6,68.4,Very difficult,,,,,derived feature frame,False
05ojf,2627,Fabio Carvalho,BRF,M,16.0,BRF,M,M,,466.0,,15.0,7.5,0.0,,2.0,-1.0,FA,TOT Sat 11:30AM,fabio carvalho,False,True,Matched eligible,pr_fa029085253e7e22,100.0,05ojf,Fábio Freitas Gouveia Carvalho,Fábio Freitas Gouveia Carvalho,Brentford,BRF,M,True,i,Knee injury - Unknown return date,BRF,M,Confirmed,Ordered Token Expanded Name,85.0,Official FPL API,2026-07-30T01:09:03.040438+00:00,05ojf,Player Registry,Ordered Token Expanded Name,BRF,Confirmed,False,Fabio Carvalho,BRF,M,38.0,0.0,0.0,0.0,0.0,0.0,0.0,0.6895682029426098,0.0,0.0,0.0,97.0,9501.0,0.0,0.0,0.0,0.0,0.0,,0.639805549122009,0.0,0.0,True,True,matched by historical Fantrax ID,normalized Fantrax ID,1.0,,,,,,,29.4,35.6,32.6,45.36666666666667,47.48,44.42,0.0,Unknown / New Arrival,25.0,False,13.7,22.8,90.7,0.0,20.9,78.0,31.03,66.2,292.0,Tier 6,,ADP unavailable,,,Free Agent,,,,,,True,0,,,,,,,False,True,False,,,292.0,,M,,,0.0,0.0,,,,,0.0,0.0,0.0,0.6895682029426098,0.0,0.639805549122009,0.0,32.6,47.48,38.0,,,0.6895682029426098,0.639805549122009,0.0,0.0,,,,,,,,,,,,,,2026-08-14T20:59:07.776936+00:00,MID,canonical primary position,brentford,soccerdata:sofascore:16363242,2026-08-22,2026-08-22T16:30:00+00:00,Premier League,league,scheduled,1.0,False,brentford,Brentford,tottenham_hotspur,Tottenham Hotspur,H,Home,,,51.6,48.4,Neutral,,,,,derived feature frame,False
067yu,2627,Facundo Buonanotte,LEE,M,19.0,BHA,M,M,,441.0,,20.0,10.0,0.0,,3.0,-1.0,FA,AVL Sun 8:00AM,facundo buonanotte,False,True,Matched eligible,pr_ca13f74bf5d6dc32,128.0,067yu,Facundo Buonanotte,Facundo Buonanotte,Brighton,BHA,M,True,a,,BHA/CHE/LEE,M,Transferred,Exact Name,90.0,Official FPL API,2026-07-30T01:09:03.040438+00:00,067yu,Player Registry,Exact Name,BHA,Transferred,False,Facundo Buonanotte,BHA/CHE/LEE,M,38.0,0.0,0.0,0.0,0.0,0.0,0.0,0.075097182765603,0.3006448894739151,0.0,3.0,77.0,11362.0,0.0,0.0,0.0,0.0,0.0,,0.4391790454747614,0.0,0.0,True,True,matched by historical Fantrax ID,normalized Fantrax ID,1.0,,,,,,,,,,,,,0.0,Unknown / New Arrival,25.0,False,13.7,22.8,79.6,0.0,0.0,0.0,19.46,56.2,387.0,Deep,,ADP unavailable,,,Free Agent,,,,,,True,0,,,,,,,False,True,False,,,387.0,,M,,,0.0,0.0,,,,,0.0,0.0,0.0,0.075097182765603,0.3006448894739151,0.4391790454747614,0.0,,,38.0,,,0.3757420722395181,0.0877759279078476,0.3514031175669138,0.0,,,,,,,,,,,,,,2026-08-14T20:59:07.776936+00:00,MID,canonical primary position,leeds_united,soccerdata:sofascore:16363238,2026-08-22,2026-08-22T14:00:00+00:00,Premier League,league,scheduled,1.0,False,leeds_united,Leeds United,nottingham_forest,Nottingham Forest,A,Away,,,49.5,50.5,Neutral,,,,,derived feature frame,False
06phw,2627,Federico Chiesa,LIV,F,22.0,LIV,M,F,,429.0,,22.0,22.0,0.0,,6.0,-1.0,FA,@NEW Sun 10:30AM,federico chiesa,False,True,Matched eligible,pr_6db8ea0b44fd6606,370.0,06phw,Federico Chiesa,Federico Chiesa,Liverpool,LIV,M,True,a,,LIV,F,Confirmed,Exact Name + Club,95.0,Official FPL API,2026-07-30T01:09:03.040438+00:00,06phw,Player Registry,Exact Name + Club,LIV,Confirmed,False,Federico Chiesa,LIV,F,38.0,156.0,1.0,24.5,9.5,1.0,1.0,1.665826994925737,1.4720365405082705,0.0,3.0,247.0,1433.0,0.0,0.0,0.0,0.6447368421052632,0.95,14.134615384615383,1.1433510857856706,0.0263157894736842,0.0,True,True,matched by historical Fantrax ID,normalized Fantrax ID,1.0,9.5,0.95,10.0,24.5,5.480769230769231,38.775510204081634,83.8,61.5,74.8,46.4,49.71999999999999,50.39,2.4,Bench / Unknown,55.0,False,71.0,47.1,98.9,2.4,77.2,90.1,60.42,79.8,109.0,Tier 4,,ADP unavailable,,,Free Agent,,,,,,True,0,,,,,,,False,True,False,,,109.0,,M,,,24.5,0.6447368421052632,14.134615384615383,9.5,0.95,5.480769230769231,156.0,1.0,0.0263157894736842,1.665826994925737,1.4720365405082705,1.1433510857856706,2.4,74.8,49.71999999999999,38.0,24.5,9.5,3.137863535434008,0.6069814961267868,0.536369589658884,4.56140350877193,,,,,,,,,,,,,,2026-08-14T20:59:07.776936+00:00,MID,canonical primary position,liverpool,soccerdata:sofascore:16363246,2026-08-23,2026-08-23T15:30:00+00:00,Premier League,league,scheduled,1.0,False,liverpool,Liverpool FC,newcastle_united,Newcastle United,A,Away,,,48.2,51.8,Neutral,,,,,derived feature frame,False
06phe,2627,Ferdi Kadioglu,BHA,"D,M",253.0,BHA,D,"D,M",134.7,99.0,134.7,258.5,8.34,91.0,,76.0,-8.0,FA,AVL Sun 8:00AM,ferdi kadioglu,False,True,Matched eligible,pr_4dc99d3d6580cf12,113.0,06phe,Ferdi Kadıoğlu,Ferdi Kadıoğlu,Brighton,BHA,D,True,a,,BHA,"D,M",Confirmed,Unique Fuzzy,75.0,Official FPL API,2026-07-30T01:09:03.040438+00:00,06phe,Player Registry,Unique Fuzzy,BHA,Confirmed,False,Ferdi Kadioglu,BHA,"D,M",38.0,1618.0,18.0,153.0,126.0,1.0,0.0,2.0196209549903856,2.244557812809944,0.0,22.0,3145.0,13066.0,540.0,6.0,53.0,4.026315789473684,7.0,8.510506798516687,0.1220273733233798,0.4736842105263157,1.0,True,True,matched by historical Fantrax ID,normalized Fantrax ID,1.0,126.0,7.0,18.0,153.0,7.008652657601978,82.35294117647058,,,,,,,68.4,Likely Starter,75.0,False,57.5,88.4,32.3,68.4,0.0,0.0,49.02,78.8,189.0,Tier 6,-54.30000000000001,Major reach,pr_4dc99d3d6580cf12,Ferdi Kadıoğlu,Rostered,qwkltl98mrp1z5vp,epatel3,epatel3,ACTIVE,ACTIVE,False,0,,,epatel3,qwkltl98mrp1z5vp,12.0,135.0,True,False,True,12.0,135.0,189.0,134.7,D,,,153.0,4.026315789473684,8.510506798516687,126.0,7.0,7.008652657601978,1618.0,18.0,0.4736842105263157,2.0196209549903856,2.244557812809944,0.1220273733233798,68.4,,,38.0,8.5,7.0,4.264178767800329,0.0577951942604561,0.0642321790629236,47.30994152046784,,,,,,,,,,,,,,2026-08-14T20:59:07.776936+00:00,DEF,canonical primary position,brighton_hove_albion,soccerdata:sofascore:16363236,2026-08-23,2026-08-23T13:00:00+00:00,Premier League,league,scheduled,1.0,False,brighton_hove_albion,Brighton & Hove Albion,aston_villa,Aston Villa,H,Home,,,39.0,61.0,Difficult,,,,,derived feature frame,False
06nv3,2627,Filip Jorgensen,CHE,G,9.5,CHE,G,G,,504.0,,9.5,4.75,0.0,,3.0,0.0,FA,@FUL Mon 2:00PM,filip jorgensen,False,True,Matched eligible,pr_3c1a72d4038dcdcf,141.0,06nv3,Filip Jörgensen,Filip Jörgensen,Chelsea,CHE,G,True,a,,CHE,G,Confirmed,Exact Name + Club,95.0,Official FPL API,2026-07-30T01:09:03.040438+00:00,06nv3,Player Registry,Exact Name + Club,CHE,Confirmed,False,Filip Jorgensen,CHE,G,38.0,90.0,1.0,9.0,9.0,0.0,0.0,0.0,0.0,0.0,0.0,365.0,9272.0,0.0,0.0,0.0,0.2368421052631578,9.0,9.0,0.0,0.0263157894736842,0.0,True,True,matched by historical Fantrax ID,normalized Fantrax ID,1.0,9.0,9.0,1.0,9.0,9.0,100.0,68.4,56.8,65.6,50.53333333333333,46.98,47.54,1.6,Bench / Unknown,55.0,False,46.1,96.2,3.8,1.6,63.8,71.8,42.71,79.8,226.0,Tier 6,,ADP unavailable,,,Free Agent,,,,,,True,0,,,,,,,False,True,False,,,226.0,,G,,,9.0,0.2368421052631578,9.0,9.0,9.0,9.0,90.0,1.0,0.0263157894736842,0.0,0.0,0.0,1.6,65.6,46.98,38.0,9.0,9.0,0.0,0.0,0.0,2.631578947368421,,,,,,,,,,,,,,2026-08-14T20:59:07.776936+00:00,GK,canonical primary position,chelsea,soccerdata:sofascore:16363244,2026-08-24,2026-08-24T19:00:00+00:00,Premier League,league,scheduled,1.0,False,chelsea,Chelsea,fulham,Fulham,A,Away,,,50.9,49.1,Neutral,,,,,derived feature frame,False
073vo,2627,Finn Geragusyan,SUN,F,0.0,SUN,F,F,,589.0,,0.0,0.0,0.0,,1.0,0.0,FA,@IPS Sat 9:00AM,finn geragusyan,True,False,Inactive / historical only,pr_4bcd8464490aa45c,,073vo,Finn Geragusyan,,SUN,SUN,F,False,unverified,,SUN,F,Historical Only,Unresolved,0.0,Fantrax / historical,,073vo,Player Registry,Unresolved,SUN,Historical Only,False,,SUN,F,10.0,0.0,0.0,0.0,0.0,0.0,0.0,0.0,0.0,0.0,0.0,0.0,,0.0,0.0,0.0,0.0,0.0,,,0.0,0.0,True,True,matched by historical Fantrax ID,normalized Fantrax ID,1.0,,,,,,,7.9,49.1,27.1,43.6,42.0,37.67,0.0,Unknown / New Arrival,25.0,False,13.7,22.8,0.0,0.0,3.8,23.7,10.27,46.2,,,,Not draft eligible,,,Free Agent,,,,,,True,0,,,,,,,False,True,False,,,,,F,,,0.0,0.0,,,,,0.0,0.0,0.0,0.0,0.0,,0.0,27.1,42.0,10.0,,,0.0,,,0.0,,,,,,,,,,,,,,2026-08-14T20:59:07.776936+00:00,FWD,canonical primary position,sunderland,soccerdata:sofascore:16363636,2026-08-22,2026-08-22T14:00:00+00:00,Premier League,league,scheduled,1.0,False,sunderland,Sunderland,ipswich_town,Ipswich Town,A,Away,,,44.4,55.6,Difficult,,,,,derived feature frame,False
06v21,2627,Florian Wirtz,LIV,M,365.0,LIV,M,M,7.3,13.0,7.3,364.0,11.74,100.0,,100.0,0.0,FA,@NEW Sun 10:30AM,florian wirtz,False,True,Matched eligible,pr_2d7f985dd7974e87,366.0,06v21,Florian Wirtz,Florian Wirtz,Liverpool,LIV,M,True,a,,LIV,M,Confirmed,Exact Name + Club,95.0,Official FPL API,2026-07-30T01:09:03.040438+00:00,06v21,Player Registry,Exact Name + Club,LIV,Confirmed,False,Florian Wirtz,LIV,M,38.0,2367.0,27.0,308.0,229.0,5.0,4.0,7.576831823214888,5.384264823049306,0.0,60.0,2426.0,8397.0,304.0,3.0,33.0,8.105263157894736,6.026,11.71102661596958,0.4808321097130162,0.7105263157894737,0.5,True,True,matched by historical Fantrax ID,normalized Fantrax ID,1.0,229.0,6.026,38.0,308.0,8.70722433460076,74.35064935064936,83.8,61.5,74.8,46.4,49.71999999999999,50.39,63.8,Likely Rotation,90.0,False,83.5,79.0,82.3,63.8,77.2,90.1,78.73,95.5,23.0,Tier 2,-15.7,Reach,pr_2d7f985dd7974e87,Florian Wirtz,Rostered,ayk8m85amrp1z5vo,Up the Arse-nal,Up the Arse-nal,ACTIVE,ACTIVE,False,0,,,Up the Arse-nal,ayk8m85amrp1z5vo,2.0,13.0,True,False,True,2.0,13.0,23.0,7.3,M,,,308.0,8.105263157894736,11.71102661596958,229.0,6.026,8.70722433460076,2367.0,27.0,0.7105263157894737,7.576831823214888,5.384264823049306,0.4808321097130162,63.8,74.8,49.71999999999999,38.0,11.407407407407408,8.481481481481481,12.961096646264194,0.2810860940186891,0.1997460156943271,69.21052631578948,,,,,,,,,,,,,,2026-08-14T20:59:07.776936+00:00,MID,canonical primary position,liverpool,soccerdata:sofascore:16363246,2026-08-23,2026-08-23T15:30:00+00:00,Premier League,league,scheduled,1.0,False,liverpool,Liverpool FC,newcastle_united,Newcastle United,A,Away,,,48.2,51.8,Neutral,,,,,derived feature frame,False
073ab,2627,Floyd Samba,MCI,M,0.0,MCI,M,M,,647.0,,0.0,0.0,0.0,,3.0,3.0,W <small>(Tue)</small>,BOU Sun 8:00AM,floyd samba,True,False,Inactive / historical only,pr_0776977ccd7efd7f,,073ab,Floyd Samba,,MCI,MCI,M,False,unverified,,MCI,M,Historical Only,Unresolved,0.0,Fantrax / historical,,073ab,Player Registry,Unresolved,MCI,Historical Only,False,,MCI,M,38.0,0.0,0.0,0.0,0.0,0.0,0.0,0.0,0.0,0.0,0.0,0.0,,0.0,0.0,0.0,0.0,0.0,,,0.0,0.0,True,True,matched by historical Fantrax ID,normalized Fantrax ID,1.0,,,,,,,98.2,94.1,96.1,43.93333333333333,42.42,45.38,0.0,Unknown / New Arrival,25.0,False,13.7,22.8,0.0,0.0,96.2,30.3,20.17,46.2,,,,Not draft eligible,,,Free Agent,,,,,,True,0,,,,,,,False,True,False,,,,,M,,,0.0,0.0,,,,,0.0,0.0,0.0,0.0,0.0,,0.0,96.1,42.42,38.0,,,0.0,,,0.0,,,,,,,,,,,,,,2026-08-14T20:59:07.776936+00:00,MID,canonical primary position,manchester_city,soccerdata:sofascore:16363243,2026-08-23,2026-08-23T13:00:00+00:00,Premier League,league,scheduled,1.0,False,manchester_city,Manchester City,afc_bournemouth,Bournemouth,H,Home,,,49.6,50.4,Neutral,,,,,derived feature frame,False
05ue7,2627,Frank Onyeka,COV,M,183.0,COV,M,M,287.9,196.0,287.9,184.0,6.34,4.0,,4.0,-1.0,FA,@ARS Fri 2:00PM,frank onyeka,False,True,Matched eligible,pr_e6f716b92b2b5e00,104.0,05ue7,Frank Onyeka,Frank Onyeka,Coventry City,COV,M,True,a,,BRF,M,Transferred,Exact Name + Club,95.0,Official FPL API,2026-07-30T01:09:03.040438+00:00,05ue7,Player Registry,Exact Name + Club,COV,Transferred,False,Frank Onyeka,BRF,M,38.0,0.0,0.0,0.0,0.0,0.0,0.0,0.0,0.3706037104129791,0.0,1.0,68.0,9681.0,0.0,0.0,0.0,0.0,0.0,,0.4905049108407077,0.0,0.0,True,True,matched by historical Fantrax ID,normalized Fantrax ID,1.0,,,,,,,,,,28.066666666666663,30.12,40.8,0.0,Unknown / New Arrival,25.0,False,13.7,22.8,83.1,0.0,0.0,2.3,20.21,56.2,362.0,Deep,-74.10000000000002,Major reach,,,Free Agent,,,,,,True,0,,,,,,,False,True,False,,,362.0,287.9,M,,,0.0,0.0,,,,,0.0,0.0,0.0,0.0,0.3706037104129791,0.4905049108407077,0.0,,30.12,38.0,,,0.3706037104129791,0.0,0.4905049108407077,0.0,,,,,,,,,,,,,,2026-08-14T20:59:07.776936+00:00,MID,canonical primary position,coventry_city,soccerdata:sofascore:16363633,2026-08-21,2026-08-21T19:00:00+00:00,Premier League,league,scheduled,1.0,False,coventry_city,Coventry City,arsenal,Arsenal,A,Away,,,18.9,81.1,Very difficult,,,,,derived feature frame,False
02ltw,2627,Fraser Forster,BOU,G,9.0,BOU,G,G,,510.0,,9.0,9.0,0.0,,1.0,1.0,FA,@MCI Sun 8:00AM,fraser forster,False,True,Matched eligible,pr_e25a0fd8f803e984,58.0,02ltw,Fraser Forster,Fraser Forster,Bournemouth,BOU,G,True,a,,TOT/BOU,G,Transferred,Exact Name + Club,95.0,Official FPL API,2026-07-30T01:09:03.040438+00:00,02ltw,Player Registry,Exact Name + Club,BOU,Transferred,False,,TOT/BOU,G,38.0,0.0,0.0,0.0,0.0,0.0,0.0,0.0,0.0,0.0,0.0,0.0,,0.0,0.0,0.0,0.0,0.0,,,0.0,0.0,True,True,matched by historical Fantrax ID,normalized Fantrax ID,1.0,,,,,,,73.4,43.8,58.6,39.93333333333333,43.7,39.440000000000005,0.0,Unknown / New Arrival,25.0,False,13.7,22.8,0.0,0.0,64.2,57.7,19.71,46.2,383.0,Deep,,ADP unavailable,,,Free Agent,,,,,,True,0,,,,,,,False,True,False,,,383.0,,G,,,0.0,0.0,,,,,0.0,0.0,0.0,0.0,0.0,,0.0,58.6,43.7,38.0,,,0.0,,,0.0,,,,,,,,,,,,,,2026-08-14T20:59:07.776936+00:00,GK,canonical primary position,afc_bournemouth,soccerdata:sofascore:16363243,2026-08-23,2026-08-23T13:00:00+00:00,Premier League,league,scheduled,1.0,False,afc_bournemouth,Bournemouth,manchester_city,Manchester City,A,Away,,,16.8,83.2,Very difficult,,,,,derived feature frame,False
06s7r,2627,Freddie Simmonds,BHA,D,0.0,,,,,,,,,,,,,,,,,,,,,,,,,,,,,,,,,,,,,,,,,,,,,,,,,,,,,,,,,,,,,,,,,,,,,,,,,,,,,,,,,,,,,,,,,,,,,,,,,,,,,,,Free Agent,,,,,,True,0,,,,,,,False,True,False,,,,,,,,,,,,,,,,,,,,,,,,,,,,,,,,,,,,,,,,,,,2026-08-14T20:59:07.776936+00:00,DEF,first valid Fantrax position,brighton_hove_albion,soccerdata:sofascore:16363236,2026-08-23,2026-08-23T13:00:00+00:00,Premier League,league,scheduled,1.0,False,brighton_hove_albion,Brighton & Hove Albion,aston_villa,Aston Villa,H,Home,,,39.0,61.0,Difficult,,,,,derived feature frame,False
03m5i,2627,Freddie Woodman,LIV,G,23.0,LIV,G,G,,428.0,,23.0,5.75,0.0,,1.0,0.0,FA,@NEW Sun 10:30AM,freddie woodman,False,True,Matched eligible,pr_b334a8f437b9649d,352.0,03m5i,Freddie Woodman,Freddie Woodman,Liverpool,LIV,G,True,a,,LIV,G,Confirmed,Exact Name + Club,95.0,Official FPL API,2026-07-30T01:09:03.040438+00:00,03m5i,Player Registry,Exact Name + Club,LIV,Confirmed,False,,LIV,G,38.0,180.0,2.0,13.5,17.5,0.0,0.0,0.0,0.0,0.0,0.0,0.0,,180.0,2.0,13.5,0.3552631578947368,3.5,6.75,,0.0526315789473684,0.3333333333333333,True,True,matched by historical Fantrax ID,normalized Fantrax ID,1.0,17.5,3.5,5.0,13.5,8.75,129.62962962962962,83.8,61.5,74.8,46.4,49.71999999999999,50.39,16.5,Bench / Unknown,55.0,False,37.3,60.6,0.0,16.5,77.2,90.1,40.3,59.8,243.0,Tier 6,,ADP unavailable,,,Free Agent,,,,,,True,0,,,,,,,False,True,False,,,243.0,,G,,,13.5,0.3552631578947368,6.75,17.5,3.5,8.75,180.0,2.0,0.0526315789473684,0.0,0.0,,16.5,74.8,49.71999999999999,38.0,6.75,8.75,0.0,,,5.263157894736842,,,,,,,,,,,,,,2026-08-14T20:59:07.776936+00:00,GK,canonical primary position,liverpool,soccerdata:sofascore:16363246,2026-08-23,2026-08-23T15:30:00+00:00,Premier League,league,scheduled,1.0,False,liverpool,Liverpool FC,newcastle_united,Newcastle United,A,Away,,,48.2,51.8,Neutral,,,,,derived feature frame,False
06yb7,2627,Gabriel Gudmundsson,LEE,"D,M",229.0,LEE,D,"D,M",,134.0,,230.5,7.2,0.0,,5.0,0.0,FA,@NOT Sat 9:00AM,gabriel gudmundsson,False,True,Matched eligible,pr_870dfbdf3b841502,331.0,06yb7,Gabriel Gudmundsson,Gabriel Gudmundsson,Leeds,LEE,D,True,a,,LEE,"D,M",Confirmed,Exact Name + Club,95.0,Official FPL API,2026-07-30T01:09:03.040438+00:00,06yb7,Player Registry,Exact Name + Club,LEE,Confirmed,False,Gabriel Gudmundsson,LEE,"D,M",38.0,851.0,10.0,59.0,62.0,0.0,0.0,0.877728949300944,3.101393215358257,0.0,21.0,2657.0,9944.0,178.0,2.0,23.0,1.5526315789473684,6.889,6.239717978848414,0.1347839649301197,0.2631578947368421,0.3333333333333333,True,True,matched by historical Fantrax ID,normalized Fantrax ID,1.0,62.0,6.889,9.0,59.0,6.55699177438308,105.08474576271188,38.1,24.1,31.1,45.56666666666666,43.0,38.71,28.4,Rotation Risk,55.0,False,42.2,86.9,36.8,28.4,30.4,42.0,44.14,79.8,216.0,Tier 6,,ADP unavailable,,,Free Agent,,,,,,True,0,,,,,,,False,True,False,,,216.0,,D,,,59.0,1.5526315789473684,6.239717978848414,62.0,6.889,6.55699177438308,851.0,10.0,0.2631578947368421,0.877728949300944,3.101393215358257,0.1347839649301197,28.4,31.1,43.0,38.0,5.9,6.2,3.9791221646592008,0.0297311273756435,0.1050528375544761,24.883040935672515,,,,,,,,,,,,,,2026-08-14T20:59:07.776936+00:00,DEF,canonical primary position,leeds_united,soccerdata:sofascore:16363238,2026-08-22,2026-08-22T14:00:00+00:00,Premier League,league,scheduled,1.0,False,leeds_united,Leeds United,nottingham_forest,Nottingham Forest,A,Away,,,49.5,50.5,Neutral,,,,,derived feature frame,False
045c8,2627,Gabriel Jesus,ARS,F,21.5,ARS,F,F,,433.0,,21.5,7.17,0.0,,3.0,-1.0,FA,COV Fri 2:00PM,gabriel jesus,False,True,Matched eligible,pr_284e4e94d5730715,27.0,045c8,Gabriel Fernando de Jesus,Gabriel Fernando de Jesus,Arsenal,ARS,F,True,a,,ARS,F,Confirmed,Ordered Token Expanded Name,85.0,Official FPL API,2026-07-30T01:09:03.040438+00:00,045c8,Player Registry,Ordered Token Expanded Name,ARS,Confirmed,False,Gabriel Jesus,ARS,F,38.0,59.0,1.0,1.5,1.5,0.0,0.0,3.976480741053819,0.2085889764130114,0.0,3.0,395.0,5543.0,0.0,0.0,0.0,0.0394736842105263,1.5,2.288135593220339,0.9535601887899108,0.0263157894736842,0.0,True,True,matched by historical Fantrax ID,normalized Fantrax ID,1.0,1.5,1.5,1.0,1.5,2.288135593220339,100.0,86.2,100.0,90.6,40.0,43.64,45.32000000000001,1.2,Bench / Unknown,55.0,False,27.9,47.9,97.6,1.2,84.0,52.3,44.05,79.8,218.0,Tier 6,,ADP unavailable,,,Free Agent,,,,,,True,0,,,,,,,False,True,False,,,218.0,,F,,,1.5,0.0394736842105263,2.288135593220339,1.5,1.5,2.288135593220339,59.0,1.0,0.0263157894736842,3.976480741053819,0.2085889764130114,0.9535601887899108,1.2,90.6,43.64,38.0,1.5,1.5,4.18506971746683,0.9060335865692246,0.0475266022206861,1.725146198830409,,,,,,,,,,,,,,2026-08-14T20:59:07.776936+00:00,FWD,canonical primary position,arsenal,soccerdata:sofascore:16363633,2026-08-21,2026-08-21T19:00:00+00:00,Premier League,league,scheduled,1.0,False,arsenal,Arsenal,coventry_city,Coventry City,H,Home,,,55.2,44.8,Favorable,,,,,derived feature frame,False
05nzu,2627,Gabriel Magalhaes,ARS,D,288.5,ARS,D,D,27.6,55.0,27.6,288.5,8.74,100.0,,99.0,0.0,FA,COV Fri 2:00PM,gabriel magalhaes,False,True,Matched eligible,pr_244b54d86191f031,4.0,05nzu,Gabriel dos Santos Magalhães,Gabriel dos Santos Magalhães,Arsenal,ARS,D,True,a,,ARS,D,Confirmed,Ordered Token Expanded Name,85.0,Official FPL API,2026-07-30T01:09:03.040438+00:00,05nzu,Player Registry,Ordered Token Expanded Name,ARS,Confirmed,False,Gabriel Magalhaes,ARS,D,38.0,2749.0,30.0,446.0,289.0,3.0,5.0,4.649077512323856,2.7250300347805023,0.0,7.0,2748.0,5613.0,495.0,5.0,65.5,11.736842105263158,7.605,14.601673335758456,0.2415100725034178,0.7894736842105263,0.8333333333333334,True,True,matched by historical Fantrax ID,normalized Fantrax ID,1.0,289.0,7.605,38.0,446.0,9.461622408148418,64.79820627802691,86.2,100.0,90.6,40.0,43.64,45.32000000000001,83.8,Likely Starter,90.0,False,97.3,91.2,58.2,83.8,84.0,52.3,81.97,95.5,12.0,Tier 1,15.6,Value,pr_244b54d86191f031,Gabriel dos Santos Magalhães,Rostered,rx9bjhp3mrp1z5vo,KindComet,KindComet,ACTIVE,ACTIVE,False,0,,,KindComet,rx9bjhp3mrp1z5vo,2.0,20.0,True,False,True,2.0,20.0,12.0,27.6,D,,,446.0,11.736842105263158,14.601673335758456,289.0,7.605,9.461622408148418,2749.0,30.0,0.7894736842105263,4.649077512323856,2.7250300347805023,0.2415100725034178,83.8,90.6,43.64,38.0,14.866666666666667,9.633333333333333,7.374107547104359,0.1522623639407376,0.0892477085626802,80.38011695906432,,,,,,,,,,,,,,2026-08-14T20:59:07.776936+00:00,DEF,canonical primary position,arsenal,soccerdata:sofascore:16363633,2026-08-21,2026-08-21T19:00:00+00:00,Premier League,league,scheduled,1.0,False,arsenal,Arsenal,coventry_city,Coventry City,H,Home,,,55.2,44.8,Favorable,,,,,derived feature frame,False
052h5,2627,Gabriel Martinelli,ARS,"M,F",50.0,ARS,M,"M,F",183.1,289.0,183.1,50.0,10.0,74.0,,48.0,-6.0,FA,COV Fri 2:00PM,gabriel martinelli,False,True,Matched eligible,pr_f0ee48197b16402f,18.0,052h5,Gabriel Martinelli Silva,Gabriel Martinelli Silva,Arsenal,ARS,M,True,a,,ARS,"M,F",Confirmed,Ordered Token Expanded Name,85.0,Official FPL API,2026-07-30T01:09:03.040438+00:00,052h5,Player Registry,Ordered Token Expanded Name,ARS,Confirmed,False,Gabriel Martinelli,ARS,"M,F",38.0,208.0,2.0,27.0,18.0,1.0,0.0,5.357063241302966,2.5691713076084848,0.0,13.0,1025.0,7752.0,0.0,0.0,0.0,0.7105263157894737,1.8,11.682692307692308,0.6959620579532005,0.0526315789473684,0.0,True,True,matched by historical Fantrax ID,normalized Fantrax ID,1.0,18.0,1.8,10.0,27.0,7.788461538461538,66.66666666666666,86.2,100.0,90.6,40.0,43.64,45.32000000000001,3.5,Bench / Unknown,55.0,False,63.4,48.9,93.1,3.5,84.0,52.3,54.66,79.8,158.0,Tier 5,25.099999999999994,Strong value,,,Free Agent,,,,,,True,0,,,Up the Arse-nal,,,,False,True,True,15.0,180.0,158.0,183.1,M,,,27.0,0.7105263157894737,11.682692307692308,18.0,1.8,7.788461538461538,208.0,2.0,0.0526315789473684,5.357063241302966,2.5691713076084848,0.6959620579532005,3.5,90.6,43.64,38.0,13.5,9.0,7.92623454891145,0.4703762846022117,0.2255857733509889,6.081871345029239,,,,,,,,,,,,,,2026-08-14T20:59:07.776936+00:00,MID,canonical primary position,arsenal,soccerdata:sofascore:16363633,2026-08-21,2026-08-21T19:00:00+00:00,Premier League,league,scheduled,1.0,False,arsenal,Arsenal,coventry_city,Coventry City,H,Home,,,55.2,44.8,Favorable,,,,,derived feature frame,False
063c2,2627,Gabriel Slonina,CHE,G,0.0,CHE,G,G,285.3,659.0,285.3,0.0,0.0,4.0,,1.0,0.0,FA,@FUL Mon 2:00PM,gabriel slonina,True,False,Inactive / historical only,pr_3d77a84bfb4a3523,,063c2,Gabriel Slonina,,CHE,CHE,G,False,unverified,,CHE,G,Historical Only,Unresolved,0.0,Fantrax / historical,,063c2,Player Registry,Unresolved,CHE,Historical Only,False,,CHE,G,38.0,0.0,0.0,0.0,0.0,0.0,0.0,0.0,0.0,0.0,0.0,0.0,,0.0,0.0,0.0,0.0,0.0,,,0.0,0.0,True,True,matched by historical Fantrax ID,normalized Fantrax ID,1.0,,,,,,,68.4,56.8,65.6,50.53333333333333,46.98,47.54,0.0,Unknown / New Arrival,25.0,False,13.7,22.8,0.0,0.0,63.8,71.8,21.08,46.2,,,,Not draft eligible,,,Free Agent,,,,,,True,0,,,,,,,False,True,False,,,,285.3,G,,,0.0,0.0,,,,,0.0,0.0,0.0,0.0,0.0,,0.0,65.6,46.98,38.0,,,0.0,,,0.0,,,,,,,,,,,,,,2026-08-14T20:59:07.776936+00:00,GK,canonical primary position,chelsea,soccerdata:sofascore:16363244,2026-08-24,2026-08-24T19:00:00+00:00,Premier League,league,scheduled,1.0,False,chelsea,Chelsea,fulham,Fulham,A,Away,,,50.9,49.1,Neutral,,,,,derived feature frame,False
06zvn,2627,George Hemmings,AVL,M,0.0,,,,,,,,,,,,,,,,,,,,,,,,,,,,,,,,,,,,,,,,,,,,,,,,,,,,,,,,,,,,,,,,,,,,,,,,,,,,,,,,,,,,,,,,,,,,,,,,,,,,,,,Free Agent,,,,,,True,0,,,,,,,False,True,False,,,,,,,,,,,,,,,,,,,,,,,,,,,,,,,,,,,,,,,,,,,2026-08-14T20:59:07.776936+00:00,MID,first valid Fantrax position,aston_villa,soccerdata:sofascore:16363236,2026-08-23,2026-08-23T13:00:00+00:00,Premier League,league,scheduled,1.0,False,aston_villa,Aston Villa,brighton_hove_albion,Brighton & Hove Albion,A,Away,,,38.5,61.5,Difficult,,,,,derived feature frame,False
05m47,2627,George Hirst,IPS,F,31.5,IPS,F,F,272.0,384.0,272.0,31.5,6.3,22.0,,8.0,-3.0,FA,SUN Sat 9:00AM,george hirst,False,True,Matched eligible,pr_b8a65f264fd1e7e6,317.0,05m47,George Hirst,George Hirst,Ipswich Town,IPS,F,True,a,,,,New EPL Arrival,Exact Name + Club,95.0,Official FPL API,2026-07-30T01:09:03.040438+00:00,05m47,Player Registry,Exact Name + Club,IPS,New EPL Arrival,False,,,,,,,,,,,,,,,,,,,,,,,,,,False,False,no 2025/26 record for bridged ID,none,0.0,,,,,,,,,,38.833333333333336,43.44,41.53,0.0,Unknown / New Arrival,25.0,False,0.0,0.0,0.0,0.0,0.0,47.0,4.7,11.2,545.0,Deep,-273.0,Major reach,,,Free Agent,,,,,,True,0,,,,,,,False,True,False,,,545.0,272.0,F,,,,,,,,,,,,,,,0.0,,43.44,,,,,,,,,,,,,,,,,,,,,2026-08-14T20:59:07.776936+00:00,FWD,canonical primary position,ipswich_town,soccerdata:sofascore:16363636,2026-08-22,2026-08-22T14:00:00+00:00,Premier League,league,scheduled,1.0,False,ipswich_town,Ipswich Town,sunderland,Sunderland,H,Home,,,58.8,41.2,Favorable,,,,,derived feature frame,False
06ygl,2627,George King,CRY,D,0.0,CRY,D,D,,611.0,,0.0,0.0,0.0,,1.0,0.0,FA,@EVE Sat 9:00AM,george king,True,False,Inactive / historical only,pr_1c3bcec39b03dce4,,06ygl,George King,,CRY,CRY,D,False,unverified,,CRY,D,Historical Only,Unresolved,0.0,Fantrax / historical,,06ygl,Player Registry,Unresolved,CRY,Historical Only,False,,CRY,D,38.0,0.0,0.0,0.0,0.0,0.0,0.0,0.0,0.0,0.0,0.0,0.0,,0.0,0.0,0.0,0.0,0.0,,,0.0,0.0,True,True,matched by historical Fantrax ID,normalized Fantrax ID,1.0,,,,,,,18.2,57.9,33.9,40.0,40.32,42.81,0.0,Unknown / New Arrival,25.0,False,13.7,22.8,0.0,0.0,19.2,7.1,10.15,46.2,,,,Not draft eligible,,,Free Agent,,,,,,True,0,,,,,,,False,True,False,,,,,D,,,0.0,0.0,,,,,0.0,0.0,0.0,0.0,0.0,,0.0,33.9,40.32,38.0,,,0.0,,,0.0,,,,,,,,,,,,,,2026-08-14T20:59:07.776936+00:00,DEF,canonical primary position,crystal_palace,soccerdata:sofascore:16363635,2026-08-22,2026-08-22T14:00:00+00:00,Premier League,league,scheduled,1.0,False,crystal_palace,Crystal Palace,everton,Everton,A,Away,,,51.6,48.4,Neutral,,,,,derived feature frame,False
076qy,2627,George Munday,BHA,F,0.0,,,,,,,,,,,,,,,,,,,,,,,,,,,,,,,,,,,,,,,,,,,,,,,,,,,,,,,,,,,,,,,,,,,,,,,,,,,,,,,,,,,,,,,,,,,,,,,,,,,,,,,Free Agent,,,,,,True,0,,,,,,,False,True,False,,,,,,,,,,,,,,,,,,,,,,,,,,,,,,,,,,,,,,,,,,,2026-08-14T20:59:07.776936+00:00,FWD,first valid Fantrax position,brighton_hove_albion,soccerdata:sofascore:16363236,2026-08-23,2026-08-23T13:00:00+00:00,Premier League,league,scheduled,1.0,False,brighton_hove_albion,Brighton & Hove Albion,aston_villa,Aston Villa,H,Home,,,39.0,61.0,Difficult,,,,,derived feature frame,False
076d8,2627,George Shepherd,COV,M,0.0,,,,,,,,,,,,,,,,,,,,,,,,,,,,,,,,,,,,,,,,,,,,,,,,,,,,,,,,,,,,,,,,,,,,,,,,,,,,,,,,,,,,,,,,,,,,,,,,,,,,,,,Free Agent,,,,,,True,0,,,,,,,False,True,False,,,,,,,,,,,,,,,,,,,,,,,,,,,,,,,,,,,,,,,,,,,2026-08-14T20:59:07.776936+00:00,MID,first valid Fantrax position,coventry_city,soccerdata:sofascore:16363633,2026-08-21,2026-08-21T19:00:00+00:00,Premier League,league,scheduled,1.0,False,coventry_city,Coventry City,arsenal,Arsenal,A,Away,,,18.9,81.1,Very difficult,,,,,derived feature frame,False
0689w,2627,Georginio Rutter,BHA,"M,F",47.5,BHA,F,"M,F",261.5,120.0,261.5,244.5,8.43,26.0,,16.0,0.0,FA,AVL Sun 8:00AM,georginio rutter,False,True,Matched eligible,pr_fc59d9697d9a94cf,125.0,0689w,Georginio Rutter,Georginio Rutter,Brighton,BHA,F,True,a,,BHA,"M,F",Confirmed,Exact Name + Club,95.0,Official FPL API,2026-07-30T01:09:03.040438+00:00,0689w,Player Registry,Exact Name + Club,BHA,Confirmed,False,Georginio Rutter,BHA,"M,F",38.0,774.0,10.0,75.0,46.0,1.0,3.0,2.933251672424375,4.59860548749566,0.0,25.0,1784.0,6937.0,0.0,0.0,0.0,1.973684210526316,3.286,8.72093023255814,0.3799703724174906,0.2631578947368421,0.0,True,True,matched by historical Fantrax ID,normalized Fantrax ID,1.0,46.0,3.286,14.0,75.0,5.348837209302325,61.33333333333333,,,,,,,14.3,Bench / Unknown,55.0,False,53.4,59.1,72.5,14.3,0.0,0.0,38.62,69.8,251.0,Tier 6,10.5,Value,pr_fc59d9697d9a94cf,Georginio Rutter,Rostered,2dxfjlk0mrp1z5vo,nhauptma,nhauptma,RESERVE,RESERVE,False,0,,,nhauptma,2dxfjlk0mrp1z5vo,14.0,161.0,True,False,True,14.0,161.0,251.0,261.5,F,,,75.0,1.973684210526316,8.72093023255814,46.0,3.286,5.348837209302325,774.0,10.0,0.2631578947368421,2.933251672424375,4.59860548749566,0.3799703724174906,14.3,,,38.0,7.5,4.6,7.531857159920035,0.1479779431155794,0.2319924293019111,22.63157894736842,,,,,,,,,,,,,,2026-08-14T20:59:07.776936+00:00,FWD,canonical primary position,brighton_hove_albion,soccerdata:sofascore:16363236,2026-08-23,2026-08-23T13:00:00+00:00,Premier League,league,scheduled,1.0,False,brighton_hove_albion,Brighton & Hove Albion,aston_villa,Aston Villa,H,Home,,,39.0,61.0,Difficult,,,,,derived feature frame,False
076kf,2627,Geovany Quenda,CHE,M,0.0,CHE,M,M,203.2,665.0,203.2,0.0,0.0,70.0,,39.0,-9.0,FA,@FUL Mon 2:00PM,geovany quenda,False,True,Matched eligible,pr_99201178801a0253,164.0,076kf,Geovany Quenda,Geovany Quenda,Chelsea,CHE,M,True,d,Unspecified injury - 75% chance of playing,,,New EPL Arrival,Exact Name + Club,95.0,Official FPL API,2026-07-30T01:09:03.040438+00:00,076kf,Player Registry,Exact Name + Club,CHE,New EPL Arrival,False,,,,,,,,,,,,,,,,,,,,,,,,,,False,False,no 2025/26 record for bridged ID,none,0.0,,,,,,,68.4,56.8,65.6,50.53333333333333,46.98,47.54,0.0,Unknown / New Arrival,25.0,False,0.0,0.0,0.0,0.0,63.8,71.8,13.56,21.2,451.0,Deep,-247.8,Major reach,,,Free Agent,,,,,,True,0,,,,,,,False,True,False,,,451.0,203.2,M,,,,,,,,,,,,,,,0.0,65.6,46.98,,,,,,,,,,,,,,,,,,,,,2026-08-14T20:59:07.776936+00:00,MID,canonical primary position,chelsea,soccerdata:sofascore:16363244,2026-08-24,2026-08-24T19:00:00+00:00,Premier League,league,scheduled,1.0,False,chelsea,Chelsea,fulham,Fulham,A,Away,,,50.9,49.1,Neutral,,,,,derived feature frame,False
070hs,2627,Gianluigi Donnarumma,MCI,G,157.5,MCI,G,G,186.1,217.0,186.1,157.5,5.25,74.0,,88.0,-2.0,FA,BOU Sun 8:00AM,gianluigi donnarumma,False,True,Matched eligible,pr_b31960aff73505b2,384.0,070hs,Gianluigi Donnarumma,Gianluigi Donnarumma,Man City,MCI,G,True,a,,MCI,G,Confirmed,Exact Name + Club,95.0,Official FPL API,2026-07-30T01:09:03.040438+00:00,070hs,Player Registry,Exact Name + Club,MCI,Confirmed,False,Gianluigi Donnarumma,MCI,G,38.0,3060.0,34.0,282.5,212.5,0.0,0.0,0.0,0.0,0.0,0.0,3060.0,1116.0,540.0,6.0,40.0,7.434210526315789,6.25,8.308823529411764,0.0,0.8947368421052632,1.0,True,True,matched by historical Fantrax ID,normalized Fantrax ID,1.0,212.5,6.25,34.0,282.5,6.25,75.22123893805309,98.2,94.1,96.1,43.93333333333333,42.42,45.38,93.7,Locked Starter,90.0,False,64.7,81.9,3.8,93.7,96.2,30.3,63.67,95.5,86.0,Tier 4,100.1,Strong value,pr_b31960aff73505b2,Gianluigi Donnarumma,Rostered,qwkltl98mrp1z5vp,epatel3,epatel3,ACTIVE,ACTIVE,False,0,,,epatel3,qwkltl98mrp1z5vp,9.0,106.0,True,False,True,9.0,106.0,86.0,186.1,G,,,282.5,7.434210526315789,8.308823529411764,212.5,6.25,6.25,3060.0,34.0,0.8947368421052632,0.0,0.0,0.0,93.7,96.1,42.42,38.0,8.308823529411764,6.25,0.0,0.0,0.0,89.47368421052632,,,,,,,,,,,,,,2026-08-14T20:59:07.776936+00:00,GK,canonical primary position,manchester_city,soccerdata:sofascore:16363243,2026-08-23,2026-08-23T13:00:00+00:00,Premier League,league,scheduled,1.0,False,manchester_city,Manchester City,afc_bournemouth,Bournemouth,H,Home,,,49.6,50.4,Neutral,,,,,derived feature frame,False
06xzg,2627,Giorgi Mamardashvili,LIV,G,28.0,LIV,G,G,287.0,404.0,287.0,28.0,5.6,9.0,,6.0,-2.0,FA,@NEW Sun 10:30AM,giorgi mamardashvili,False,True,Matched eligible,pr_0c47ed0cde59d382,351.0,06xzg,Giorgi Mamardashvili,Giorgi Mamardashvili,Liverpool,LIV,G,True,a,,LIV,G,Confirmed,Exact Name + Club,95.0,Official FPL API,2026-07-30T01:09:03.040438+00:00,06xzg,Player Registry,Exact Name + Club,LIV,Confirmed,False,Giorgi Mamardashvili,LIV,G,38.0,57.0,1.0,4.0,4.0,0.0,0.0,0.0,0.0,0.0,0.0,870.0,9693.0,57.0,1.0,4.0,0.1052631578947368,4.0,6.315789473684211,0.0,0.0263157894736842,0.1666666666666666,True,True,matched by historical Fantrax ID,normalized Fantrax ID,1.0,4.0,4.0,1.0,4.0,6.315789473684211,100.0,83.8,61.5,74.8,46.4,49.71999999999999,50.39,6.0,Bench / Unknown,55.0,False,33.9,62.9,3.8,6.0,77.2,90.1,38.1,79.8,257.0,Tier 6,30.0,Strong value,,,Free Agent,,,,,,True,0,,,,,,,False,True,False,,,257.0,287.0,G,,,4.0,0.1052631578947368,6.315789473684211,4.0,4.0,6.315789473684211,57.0,1.0,0.0263157894736842,0.0,0.0,0.0,6.0,74.8,49.71999999999999,38.0,4.0,4.0,0.0,0.0,0.0,1.6666666666666667,,,,,,,,,,,,,,2026-08-14T20:59:07.776936+00:00,GK,canonical primary position,liverpool,soccerdata:sofascore:16363246,2026-08-23,2026-08-23T15:30:00+00:00,Premier League,league,scheduled,1.0,False,liverpool,Liverpool FC,newcastle_united,Newcastle United,A,Away,,,48.2,51.8,Neutral,,,,,derived feature frame,False
0701y,2627,Giovanni Leoni,LIV,D,6.0,LIV,D,D,,522.0,,6.0,6.0,0.0,,5.0,-2.0,FA,@NEW Sun 10:30AM,giovanni leoni,False,True,Matched eligible,pr_874899eb5592d085,363.0,0701y,Giovanni Leoni,Giovanni Leoni,Liverpool,LIV,D,True,i,Knee injury - Unknown return date,LIV,D,Confirmed,Exact Name + Club,95.0,Official FPL API,2026-07-30T01:09:03.040438+00:00,0701y,Player Registry,Exact Name + Club,LIV,Confirmed,False,,LIV,D,38.0,0.0,0.0,0.0,0.0,0.0,0.0,0.0,0.0,0.0,0.0,0.0,,0.0,0.0,0.0,0.0,0.0,,,0.0,0.0,True,True,matched by historical Fantrax ID,normalized Fantrax ID,1.0,,,,,,,83.8,61.5,74.8,46.4,49.71999999999999,50.39,0.0,Unknown / New Arrival,25.0,False,13.7,22.8,0.0,0.0,77.2,90.1,24.24,46.2,330.0,Deep,,ADP unavailable,,,Free Agent,,,,,,True,0,,,,,,,False,True,False,,,330.0,,D,,,0.0,0.0,,,,,0.0,0.0,0.0,0.0,0.0,,0.0,74.8,49.71999999999999,38.0,,,0.0,,,0.0,,,,,,,,,,,,,,2026-08-14T20:59:07.776936+00:00,DEF,canonical primary position,liverpool,soccerdata:sofascore:16363246,2026-08-23,2026-08-23T15:30:00+00:00,Premier League,league,scheduled,1.0,False,liverpool,Liverpool FC,newcastle_united,Newcastle United,A,Away,,,48.2,51.8,Neutral,,,,,derived feature frame,False
06qx6,2627,Godwill Kukonki,MUN,D,0.0,,,,,,,,,,,,,,,,,,,,,,,,,,,,,,,,,,,,,,,,,,,,,,,,,,,,,,,,,,,,,,,,,,,,,,,,,,,,,,,,,,,,,,,,,,,,,,,,,,,,,,,Free Agent,,,,,,True,0,,,,,,,False,True,False,,,,,,,,,,,,,,,,,,,,,,,,,,,,,,,,,,,,,,,,,,,2026-08-14T20:59:07.776936+00:00,DEF,first valid Fantrax position,manchester_united,soccerdata:sofascore:16363634,2026-08-22,2026-08-22T11:30:00+00:00,Premier League,league,scheduled,1.0,False,manchester_united,Manchester United,hull_city,Hull City,A,Away,,,49.1,50.9,Neutral,,,,,derived feature frame,False
0435m,2627,Granit Xhaka,SUN,M,285.0,SUN,M,M,96.4,62.0,96.4,284.0,8.61,100.0,,94.0,0.0,FA,@IPS Sat 9:00AM,granit xhaka,False,True,Matched eligible,pr_96f69665edfaf67f,544.0,0435m,Granit Xhaka,Granit Xhaka,Sunderland,SUN,M,True,a,,SUN,M,Confirmed,Exact Name + Club,95.0,Official FPL API,2026-07-30T01:09:03.040438+00:00,0435m,Player Registry,Exact Name + Club,SUN,Confirmed,False,Granit Xhaka,SUN,M,38.0,2899.0,32.0,294.0,240.0,1.0,6.0,0.8072718912735573,3.704980362206697,0.0,34.0,2896.0,204.0,540.0,6.0,38.5,7.736842105263157,6.316,9.127285270783029,0.1402288338443449,0.8421052631578947,1.0,True,True,matched by historical Fantrax ID,normalized Fantrax ID,1.0,240.0,6.316,38.0,294.0,7.450845119006554,81.63265306122449,7.9,49.1,27.1,43.6,42.0,37.67,90.7,Locked Starter,90.0,False,69.5,82.5,37.8,90.7,3.8,23.7,59.8,95.5,115.0,Tier 4,-18.599999999999994,Reach,pr_96f69665edfaf67f,Granit Xhaka,Rostered,aup99ojzmrp1z5vp,The Facerockers,The Facerockers,ACTIVE,ACTIVE,False,0,,,The Facerockers,aup99ojzmrp1z5vp,10.0,112.0,True,False,True,10.0,112.0,115.0,96.4,M,,,294.0,7.736842105263157,9.127285270783029,240.0,6.316,7.450845119006554,2899.0,32.0,0.8421052631578947,0.8072718912735573,3.704980362206697,0.1402288338443449,90.7,27.1,42.0,38.0,9.1875,7.5,4.512252253480254,0.0250878695492472,0.1151409642950976,84.76608187134504,,,,,,,,,,,,,,2026-08-14T20:59:07.776936+00:00,MID,canonical primary position,sunderland,soccerdata:sofascore:16363636,2026-08-22,2026-08-22T14:00:00+00:00,Premier League,league,scheduled,1.0,False,sunderland,Sunderland,ipswich_town,Ipswich Town,A,Away,,,44.4,55.6,Difficult,,,,,derived feature frame,False
06cmb,2627,Guglielmo Vicario,TOT,G,195.0,TOT,G,G,277.9,291.0,277.9,50.0,7.14,13.0,,11.0,-3.0,FA,@BRF Sat 11:30AM,guglielmo vicario,False,True,Matched eligible,pr_12a260883230e2b7,494.0,06cmb,Guglielmo Vicario,Guglielmo Vicario,Spurs,TOT,G,True,a,,TOT,G,Confirmed,Exact Name + Club,95.0,Official FPL API,2026-07-30T01:09:03.040438+00:00,06cmb,Player Registry,Exact Name + Club,TOT,Confirmed,False,Guglielmo Vicario,TOT,G,38.0,1980.0,22.0,174.0,160.0,0.0,0.0,0.0,0.0718652158975601,0.0,1.0,2790.0,8858.0,0.0,0.0,0.0,4.578947368421052,7.273,7.909090909090909,0.002318232770889,0.5789473684210527,0.0,True,True,matched by historical Fantrax ID,normalized Fantrax ID,1.0,160.0,7.273,22.0,174.0,7.272727272727273,91.95402298850574,30.7,33.2,33.3,51.5,51.620000000000005,49.47,34.7,Rotation Risk,75.0,False,56.3,90.4,8.2,34.7,28.3,96.5,51.1,88.8,178.0,Tier 5,99.89999999999998,Strong value,,,Free Agent,,,,,,True,0,,,,,,,False,True,False,,,178.0,277.9,G,,,174.0,4.578947368421052,7.909090909090909,160.0,7.273,7.272727272727273,1980.0,22.0,0.5789473684210527,0.0,0.0718652158975601,0.002318232770889,34.7,33.3,51.620000000000005,38.0,7.909090909090909,7.272727272727272,0.0718652158975601,0.0,0.002318232770889,57.89473684210527,,,,,,,,,,,,,,2026-08-14T20:59:07.776936+00:00,GK,canonical primary position,tottenham_hotspur,soccerdata:sofascore:16363242,2026-08-22,2026-08-22T16:30:00+00:00,Premier League,league,scheduled,1.0,False,tottenham_hotspur,Tottenham Hotspur,brentford,Brentford,A,Away,,,55.1,44.9,Favorable,,,,,derived feature frame,False
06y29,2627,Habib Diarra,SUN,M,42.5,SUN,M,M,287.4,334.0,287.4,41.5,5.19,4.0,,3.0,-1.0,FA,@IPS Sat 9:00AM,habib diarra,False,True,Matched eligible,pr_3ec4518bad421e91,543.0,06y29,Habib Diarra,Habib Diarra,Sunderland,SUN,M,True,a,,SUN,M,Confirmed,Exact Name + Club,95.0,Official FPL API,2026-07-30T01:09:03.040438+00:00,06y29,Player Registry,Exact Name + Club,SUN,Confirmed,False,Habib Diarra,SUN,M,38.0,248.0,3.0,2.5,2.5,0.0,0.0,3.252856789156794,0.6447606626898048,0.0,7.0,1414.0,9767.0,0.0,0.0,0.0,0.0657894736842105,0.833,0.907258064516129,0.2480803187172516,0.0789473684210526,0.0,True,True,matched by historical Fantrax ID,normalized Fantrax ID,1.0,2.5,0.833,3.0,2.5,0.907258064516129,100.0,7.9,49.1,27.1,43.6,42.0,37.67,4.5,Bench / Unknown,55.0,False,28.5,46.7,59.8,4.5,3.8,23.7,28.17,79.8,307.0,Deep,-19.600000000000023,Reach,,,Free Agent,,,,,,True,0,,,,,,,False,True,False,,,307.0,287.4,M,,,2.5,0.0657894736842105,0.907258064516129,2.5,0.833,0.907258064516129,248.0,3.0,0.0789473684210526,3.252856789156794,0.6447606626898048,0.2480803187172516,4.5,27.1,42.0,38.0,0.8333333333333334,0.8333333333333334,3.897617451846599,0.2070418041188907,0.0410385145983609,7.251461988304094,,,,,,,,,,,,,,2026-08-14T20:59:07.776936+00:00,MID,canonical primary position,sunderland,soccerdata:sofascore:16363636,2026-08-22,2026-08-22T14:00:00+00:00,Premier League,league,scheduled,1.0,False,sunderland,Sunderland,ipswich_town,Ipswich Town,A,Away,,,44.4,55.6,Difficult,,,,,derived feature frame,False
076da,2627,Haji Wright,COV,F,168.5,COV,F,F,164.4,211.0,164.4,169.5,5.3,91.0,,63.0,-3.0,FA,@ARS Fri 2:00PM,haji wright,False,True,Matched eligible,pr_88865773f91e577c,193.0,076da,Haji Wright,Haji Wright,Coventry City,COV,F,True,a,,,,New EPL Arrival,Exact Name + Club,95.0,Official FPL API,2026-07-30T01:09:03.040438+00:00,076da,Player Registry,Exact Name + Club,COV,New EPL Arrival,False,,,,,,,,,,,,,,,,,,,,,,,,,,False,False,no 2025/26 record for bridged ID,none,0.0,,,,,,,,,,28.066666666666663,30.12,40.8,0.0,Unknown / New Arrival,25.0,False,0.0,0.0,0.0,0.0,0.0,2.3,0.23,11.2,619.0,Deep,-454.6,Major reach,pr_88865773f91e577c,Haji Wright,Rostered,rx9bjhp3mrp1z5vo,KindComet,KindComet,RESERVE,RESERVE,False,0,,,KindComet,rx9bjhp3mrp1z5vo,10.0,116.0,True,False,True,10.0,116.0,619.0,164.4,F,,,,,,,,,,,,,,,0.0,,30.12,,,,,,,,,,,,,,,,,,,,,2026-08-14T20:59:07.776936+00:00,FWD,canonical primary position,coventry_city,soccerdata:sofascore:16363633,2026-08-21,2026-08-21T19:00:00+00:00,Premier League,league,scheduled,1.0,False,coventry_city,Coventry City,arsenal,Arsenal,A,Away,,,18.9,81.1,Very difficult,,,,,derived feature frame,False
06jfe,2627,Hakon Valdimarsson,BRF,G,2.0,BRF,G,G,,541.0,,2.0,0.0,0.0,,1.0,-1.0,FA,TOT Sat 11:30AM,hakon valdimarsson,False,True,Matched eligible,pr_a95f68a916c30984,83.0,06jfe,Hákon Rafn Valdimarsson,Hákon Rafn Valdimarsson,Brentford,BRF,G,True,a,,BRF,G,Confirmed,Ordered Token Expanded Name,85.0,Official FPL API,2026-07-30T01:09:03.040438+00:00,06jfe,Player Registry,Ordered Token Expanded Name,BRF,Confirmed,False,Hakon Valdimarsson,BRF,G,38.0,0.0,0.0,0.0,0.0,0.0,0.0,0.0,0.0,0.0,0.0,90.0,12595.0,0.0,0.0,0.0,0.0,0.0,,0.0,0.0,0.0,True,True,matched by historical Fantrax ID,normalized Fantrax ID,1.0,,,,,,,29.4,35.6,32.6,45.36666666666667,47.48,44.42,0.0,Unknown / New Arrival,25.0,False,13.7,22.8,3.8,0.0,20.9,78.0,17.99,66.2,395.0,Deep,,ADP unavailable,,,Free Agent,,,,,,True,0,,,,,,,False,True,False,,,395.0,,G,,,0.0,0.0,,,,,0.0,0.0,0.0,0.0,0.0,0.0,0.0,32.6,47.48,38.0,,,0.0,0.0,0.0,0.0,,,,,,,,,,,,,,2026-08-14T20:59:07.776936+00:00,GK,canonical primary position,brentford,soccerdata:sofascore:16363242,2026-08-22,2026-08-22T16:30:00+00:00,Premier League,league,scheduled,1.0,False,brentford,Brentford,tottenham_hotspur,Tottenham Hotspur,H,Home,,,51.6,48.4,Neutral,,,,,derived feature frame,False
06onv,2627,Harrison Armstrong,EVE,M,36.5,EVE,M,M,,362.0,,35.5,5.92,0.0,,3.0,-2.0,FA,CRY Sat 9:00AM,harrison armstrong,False,True,Matched eligible,pr_6edfb6965522f2b0,244.0,06onv,Harrison Armstrong,Harrison Armstrong,Everton,EVE,M,True,a,,EVE,M,Confirmed,Exact Name + Club,95.0,Official FPL API,2026-07-30T01:09:03.040438+00:00,06onv,Player Registry,Exact Name + Club,EVE,Confirmed,False,Harrison Armstrong,EVE,M,38.0,0.0,0.0,0.0,0.0,0.0,0.0,0.4391051679849623,0.1213887110352514,0.0,4.0,520.0,12757.0,0.0,0.0,0.0,0.0,0.0,,0.0970085559842677,0.0,0.0,True,True,matched by historical Fantrax ID,normalized Fantrax ID,1.0,,,,,,,18.7,43.5,29.0,42.06666666666666,41.9,42.48,0.0,Unknown / New Arrival,25.0,False,13.7,22.8,27.0,0.0,13.5,18.7,14.79,66.2,434.0,Deep,,ADP unavailable,,,Free Agent,,,,,,True,0,,,,,,,False,True,False,,,434.0,,M,,,0.0,0.0,,,,,0.0,0.0,0.0,0.4391051679849623,0.1213887110352514,0.0970085559842677,0.0,29.0,41.9,38.0,,,0.5604938790202136,0.0759989713820127,0.021009584602255,0.0,,,,,,,,,,,,,,2026-08-14T20:59:07.776936+00:00,MID,canonical primary position,everton,soccerdata:sofascore:16363635,2026-08-22,2026-08-22T14:00:00+00:00,Premier League,league,scheduled,1.0,False,everton,Everton,crystal_palace,Crystal Palace,H,Home,,,56.0,44.0,Favorable,,,,,derived feature frame,False
074vj,2627,Harrison Dudziak,ARS,M,0.0,,,,,,,,,,,,,,,,,,,,,,,,,,,,,,,,,,,,,,,,,,,,,,,,,,,,,,,,,,,,,,,,,,,,,,,,,,,,,,,,,,,,,,,,,,,,,,,,,,,,,,,Free Agent,,,,,,True,0,,,,,,,False,True,False,,,,,,,,,,,,,,,,,,,,,,,,,,,,,,,,,,,,,,,,,,,2026-08-14T20:59:07.776936+00:00,MID,first valid Fantrax position,arsenal,soccerdata:sofascore:16363633,2026-08-21,2026-08-21T19:00:00+00:00,Premier League,league,scheduled,1.0,False,arsenal,Arsenal,coventry_city,Coventry City,H,Home,,,55.2,44.8,Favorable,,,,,derived feature frame,False
06v0q,2627,Harrison Jones,SUN,M,0.0,,,,,,,,,,,,,,,,,,,,,,,,,,,,,,,,,,,,,,,,,,,,,,,,,,,,,,,,,,,,,,,,,,,,,,,,,,,,,,,,,,,,,,,,,,,,,,,,,,,,,,,Free Agent,,,,,,True,0,,,,,,,False,True,False,,,,,,,,,,,,,,,,,,,,,,,,,,,,,,,,,,,,,,,,,,,2026-08-14T20:59:07.776936+00:00,MID,first valid Fantrax position,sunderland,soccerdata:sofascore:16363636,2026-08-22,2026-08-22T14:00:00+00:00,Premier League,league,scheduled,1.0,False,sunderland,Sunderland,ipswich_town,Ipswich Town,A,Away,,,44.4,55.6,Difficult,,,,,derived feature frame,False
037mt,2627,Harrison Reed,FUL,M,10.5,FUL,M,M,,508.0,,9.5,9.5,0.0,,1.0,-1.0,FA,CHE Mon 2:00PM,harrison reed,False,True,Matched eligible,pr_13686e31ddcfeae5,270.0,037mt,Harrison Reed,Harrison Reed,Fulham,FUL,M,True,a,,FUL,M,Confirmed,Exact Name + Club,95.0,Official FPL API,2026-07-30T01:09:03.040438+00:00,037mt,Player Registry,Exact Name + Club,FUL,Confirmed,False,Harrison Reed,FUL,M,38.0,0.0,0.0,0.0,0.0,0.0,0.0,0.0865944325923918,0.4029217101633547,0.0,3.0,79.0,910.0,0.0,0.0,0.0,0.0,0.0,,0.5576766183293315,0.0,0.0,True,True,matched by historical Fantrax ID,normalized Fantrax ID,1.0,,,,,,,33.8,50.9,42.5,48.0,41.08,42.540000000000006,0.0,Unknown / New Arrival,25.0,False,13.7,22.8,86.5,0.0,38.0,15.4,25.83,66.2,311.0,Deep,,ADP unavailable,,,Free Agent,,,,,,True,0,,,,,,,False,True,False,,,311.0,,M,,,0.0,0.0,,,,,0.0,0.0,0.0,0.0865944325923918,0.4029217101633547,0.5576766183293315,0.0,42.5,41.08,38.0,,,0.4895161427557465,0.0986518852318387,0.4590247330974927,0.0,,,,,,,,,,,,,,2026-08-14T20:59:07.776936+00:00,MID,canonical primary position,fulham,soccerdata:sofascore:16363244,2026-08-24,2026-08-24T19:00:00+00:00,Premier League,league,scheduled,1.0,False,fulham,Fulham,chelsea,Chelsea,H,Home,,,35.8,64.2,Difficult,,,,,derived feature frame,False
06s7s,2627,Harry Howell,BHA,"M,F",7.5,,,,,,,,,,,,,,,,,,,,,,,,,,,,,,,,,,,,,,,,,,,,,,,,,,,,,,,,,,,,,,,,,,,,,,,,,,,,,,,,,,,,,,,,,,,,,,,,,,,,,,,Free Agent,,,,,,True,0,,,,,,,False,True,False,,,,,,,,,,,,,,,,,,,,,,,,,,,,,,,,,,,,,,,,,,,2026-08-14T20:59:07.776936+00:00,MID,first valid Fantrax position,brighton_hove_albion,soccerdata:sofascore:16363236,2026-08-23,2026-08-23T13:00:00+00:00,Premier League,league,scheduled,1.0,False,brighton_hove_albion,Brighton & Hove Albion,aston_villa,Aston Villa,H,Home,,,39.0,61.0,Difficult,,,,,derived feature frame,False
03gu4,2627,Harry Maguire,MUN,D,60.0,MUN,D,D,114.6,264.0,114.6,61.0,8.71,100.0,,83.0,-2.0,FA,@HUL Sat 6:30AM,harry maguire,False,True,Matched eligible,pr_33a323c4c90c95ab,418.0,03gu4,Harry Maguire,Harry Maguire,Man Utd,MUN,D,True,a,,MUN,D,Confirmed,Exact Name + Club,95.0,Official FPL API,2026-07-30T01:09:03.040438+00:00,03gu4,Player Registry,Exact Name + Club,MUN,Confirmed,False,Harry Maguire,MUN,D,38.0,1231.0,14.0,142.5,121.5,0.0,1.0,1.1766096334904426,0.725113846361637,0.0,4.0,1666.0,1687.0,450.0,5.0,69.0,3.75,6.395,10.418359057676684,0.1027341615766429,0.3684210526315789,0.8333333333333334,True,True,matched by historical Fantrax ID,normalized Fantrax ID,1.0,121.5,6.395,19.0,142.5,8.88302193338749,85.26315789473684,90.6,59.4,72.4,44.06666666666666,49.54,46.89,55.1,Likely Rotation,75.0,False,68.0,82.8,29.1,55.1,83.8,84.0,64.98,88.8,81.0,Tier 4,33.599999999999994,Strong value,pr_33a323c4c90c95ab,Harry Maguire,Rostered,hpsurdtbmrp1z5vo,Count Doku,Count Doku,ACTIVE,ACTIVE,False,0,,,Count Doku,hpsurdtbmrp1z5vo,9.0,100.0,True,False,True,9.0,100.0,81.0,114.6,D,,,142.5,3.75,10.418359057676684,121.5,6.395,8.88302193338749,1231.0,14.0,0.3684210526315789,1.1766096334904426,0.725113846361637,0.1027341615766429,55.1,72.4,49.54,38.0,10.178571428571429,8.678571428571429,1.9017234798520797,0.0635623451465425,0.0391718164301004,35.994152046783626,,,,,,,,,,,,,,2026-08-14T20:59:07.776936+00:00,DEF,canonical primary position,manchester_united,soccerdata:sofascore:16363634,2026-08-22,2026-08-22T11:30:00+00:00,Premier League,league,scheduled,1.0,False,manchester_united,Manchester United,hull_city,Hull City,A,Away,,,49.1,50.9,Neutral,,,,,derived feature frame,False
076kh,2627,Harry Vaughan,HUL,M,0.0,,,,,,,,,,,,,,,,,,,,,,,,,,,,,,,,,,,,,,,,,,,,,,,,,,,,,,,,,,,,,,,,,,,,,,,,,,,,,,,,,,,,,,,,,,,,,,,,,,,,,,,Free Agent,,,,,,True,0,,,,,,,False,True,False,,,,,,,,,,,,,,,,,,,,,,,,,,,,,,,,,,,,,,,,,,,2026-08-14T20:59:07.776936+00:00,MID,first valid Fantrax position,hull_city,soccerdata:sofascore:16363634,2026-08-22,2026-08-22T11:30:00+00:00,Premier League,league,scheduled,1.0,False,hull_city,Hull City,manchester_united,Manchester United,H,Home,,,32.0,68.0,Very difficult,,,,,derived feature frame,False
03rxs,2627,Harry Wilson,LEE,"M,F",260.0,LEE,M,"M,F",48.1,88.0,48.1,265.0,8.55,100.0,,98.0,1.0,FA,@NOT Sat 9:00AM,harry wilson,False,True,Matched eligible,pr_9c2e53f366f2cf26,260.0,03rxs,Harry Wilson,Harry Wilson,Leeds,LEE,M,True,a,,FUL,"M,F",Transferred,Exact Name + Club,95.0,Official FPL API,2026-07-30T01:09:03.040438+00:00,03rxs,Player Registry,Exact Name + Club,LEE,Transferred,False,Harry Wilson,FUL,"M,F",38.0,2533.0,30.0,339.0,201.0,9.0,9.0,5.759745923802256,5.503671173006295,0.0,37.0,2751.0,5596.0,333.0,4.0,31.5,8.921052631578947,5.583,12.04500592183182,0.3684869279217628,0.7894736842105263,0.6666666666666666,True,True,matched by historical Fantrax ID,normalized Fantrax ID,1.0,201.0,5.583,36.0,339.0,7.1417291748914336,59.29203539823009,38.1,24.1,31.1,45.56666666666666,43.0,38.71,62.6,Likely Rotation,75.0,True,87.1,75.8,70.4,62.6,30.4,42.0,67.82,88.8,65.0,Tier 3,-16.9,Reach,pr_9c2e53f366f2cf26,Harry Wilson,Rostered,61fz0pmkmrp1z5vo,wmuck1,wmuck1,ACTIVE,ACTIVE,False,0,,,wmuck1,61fz0pmkmrp1z5vo,6.0,62.0,True,False,True,6.0,62.0,65.0,48.1,M,,,339.0,8.921052631578947,12.04500592183182,201.0,5.583,7.1417291748914336,2533.0,30.0,0.7894736842105263,5.759745923802256,5.503671173006295,0.3684869279217628,62.6,31.1,43.0,38.0,11.3,6.7,11.263417096808553,0.1884322548681217,0.180054673053641,74.06432748538012,,,,,,,,,,,,,,2026-08-14T20:59:07.776936+00:00,MID,canonical primary position,leeds_united,soccerdata:sofascore:16363238,2026-08-22,2026-08-22T14:00:00+00:00,Premier League,league,scheduled,1.0,False,leeds_united,Leeds United,nottingham_forest,Nottingham Forest,A,Away,,,49.5,50.5,Neutral,,,,,derived feature frame,False
04abn,2627,Harvey Barnes,NEW,"M,F",191.0,NEW,M,"M,F",97.3,189.0,97.3,190.0,6.33,100.0,,96.0,-3.0,FA,LIV Sun 10:30AM,harvey barnes,False,True,Matched eligible,pr_a219dfa1209fc4a7,453.0,04abn,Harvey Barnes,Harvey Barnes,Newcastle,NEW,M,True,a,,NEW,"M,F",Confirmed,Exact Name + Club,95.0,Official FPL API,2026-07-30T01:09:03.040438+00:00,04abn,Player Registry,Exact Name + Club,NEW,Confirmed,False,Harvey Barnes,NEW,"M,F",38.0,663.0,8.0,32.0,32.0,0.0,0.0,8.0505244564265,3.106251193210482,0.0,23.0,1947.0,6681.0,90.0,1.0,0.0,0.8421052631578947,3.2,4.343891402714933,0.5157215246365323,0.2105263157894736,0.1666666666666666,True,True,matched by historical Fantrax ID,normalized Fantrax ID,1.0,32.0,3.2,10.0,32.0,4.343891402714933,100.0,62.2,27.4,49.3,42.16666666666666,42.86,46.68,18.6,Bench / Unknown,55.0,False,37.1,58.2,84.4,18.6,53.2,36.6,45.22,79.8,208.0,Tier 6,-110.7,Major reach,pr_a219dfa1209fc4a7,Harvey Barnes,Rostered,acjx0vg4mrp1z5vo,yudesh,yudesh,ACTIVE,ACTIVE,False,0,,,yudesh,acjx0vg4mrp1z5vo,8.0,90.0,True,False,True,8.0,90.0,208.0,97.3,M,,,32.0,0.8421052631578947,4.343891402714933,32.0,3.2,4.343891402714933,663.0,8.0,0.2105263157894736,8.0505244564265,3.106251193210482,0.5157215246365323,18.6,49.3,42.86,38.0,4.0,4.0,11.156775649636982,0.3721351828856625,0.1435863417508697,19.385964912280706,,,,,,,,,,,,,,2026-08-14T20:59:07.776936+00:00,MID,canonical primary position,newcastle_united,soccerdata:sofascore:16363246,2026-08-23,2026-08-23T15:30:00+00:00,Premier League,league,scheduled,1.0,False,newcastle_united,Newcastle United,liverpool,Liverpool FC,H,Home,,,31.6,68.4,Very difficult,,,,,derived feature frame,False
05rfp,2627,Harvey Davies,LIV,G,0.0,LIV,G,G,,575.0,,0.0,0.0,0.0,,2.0,-1.0,FA,@NEW Sun 10:30AM,harvey davies,False,True,Matched eligible,pr_01f9eb6d93759784,355.0,05rfp,Harvey Davies,Harvey Davies,Liverpool,LIV,G,True,a,,LIV,G,Confirmed,Exact Name + Club,95.0,Official FPL API,2026-07-30T01:09:03.040438+00:00,05rfp,Player Registry,Exact Name + Club,LIV,Confirmed,False,,LIV,G,38.0,0.0,0.0,0.0,0.0,0.0,0.0,0.0,0.0,0.0,0.0,0.0,,0.0,0.0,0.0,0.0,0.0,,,0.0,0.0,True,True,matched by historical Fantrax ID,normalized Fantrax ID,1.0,,,,,,,83.8,61.5,74.8,46.4,49.71999999999999,50.39,0.0,Unknown / New Arrival,25.0,False,13.7,22.8,0.0,0.0,77.2,90.1,24.24,46.2,326.0,Deep,,ADP unavailable,,,Free Agent,,,,,,True,0,,,,,,,False,True,False,,,326.0,,G,,,0.0,0.0,,,,,0.0,0.0,0.0,0.0,0.0,,0.0,74.8,49.71999999999999,38.0,,,0.0,,,0.0,,,,,,,,,,,,,,2026-08-14T20:59:07.776936+00:00,GK,canonical primary position,liverpool,soccerdata:sofascore:16363246,2026-08-23,2026-08-23T15:30:00+00:00,Premier League,league,scheduled,1.0,False,liverpool,Liverpool FC,newcastle_united,Newcastle United,A,Away,,,48.2,51.8,Neutral,,,,,derived feature frame,False
04xjr,2627,Harvey Elliott,AVL,M,9.5,LIV,M,M,,515.0,,8.5,8.5,0.0,,5.0,-1.0,FA,@NEW Sun 10:30AM,harvey elliott,False,True,Matched eligible,pr_14607b1dc9c50a54,383.0,04xjr,Harvey Elliott,Harvey Elliott,Liverpool,LIV,M,True,a,,LIV/AVL,M,Transferred,Exact Name,90.0,Official FPL API,2026-07-30T01:09:03.040438+00:00,04xjr,Player Registry,Exact Name,LIV,Transferred,False,Harvey Elliott,LIV/AVL,M,38.0,31.0,0.0,1.0,1.0,0.0,0.0,0.2895753085613249,0.0938487127423286,0.0,1.0,110.0,7546.0,0.0,0.0,0.0,0.0263157894736842,1.0,2.903225806451613,0.3137105628848075,0.0,0.0,True,True,matched by historical Fantrax ID,normalized Fantrax ID,1.0,1.0,1.0,1.0,1.0,2.903225806451613,100.0,83.8,61.5,74.8,46.4,49.71999999999999,50.39,0.0,Bench / Unknown,40.0,True,28.3,47.5,65.1,0.0,77.2,90.1,42.1,73.0,231.0,Tier 6,,ADP unavailable,,,Free Agent,,,,,,True,0,,,,,,,False,True,False,,,231.0,,M,,,1.0,0.0263157894736842,2.903225806451613,1.0,1.0,2.903225806451613,31.0,0.0,0.0,0.2895753085613249,0.0938487127423286,0.3137105628848075,0.0,74.8,49.71999999999999,38.0,,,0.3834240213036535,0.2369252524592658,0.0767853104255415,0.9064327485380116,,,,,,,,,,,,,,2026-08-14T20:59:07.776936+00:00,MID,canonical primary position,aston_villa,soccerdata:sofascore:16363236,2026-08-23,2026-08-23T13:00:00+00:00,Premier League,league,scheduled,1.0,False,aston_villa,Aston Villa,brighton_hove_albion,Brighton & Hove Albion,A,Away,,,38.5,61.5,Difficult,,,,,derived feature frame,False
06zbz,2627,Hugo Ekitike,LIV,F,72.0,LIV,F,F,176.9,246.0,176.9,72.0,9.0,87.0,,58.0,-1.0,FA,@NEW Sun 10:30AM,hugo ekitike,False,True,Matched eligible,pr_9cf94938fc8ac995,380.0,06zbz,Hugo Ekitiké,Hugo Ekitiké,Liverpool,LIV,F,True,i,Achilles injury - Unknown return date,LIV,F,Confirmed,Exact Name + Club,95.0,Official FPL API,2026-07-30T01:09:03.040438+00:00,06zbz,Player Registry,Exact Name + Club,LIV,Confirmed,False,Hugo Ekitike,LIV,F,38.0,1788.0,21.0,270.0,147.0,11.0,4.0,11.932188130915163,2.49130567535758,0.0,21.0,1835.0,8995.0,0.0,0.0,0.0,7.105263157894737,3.868,13.590604026845638,0.7074193147490719,0.5526315789473685,0.0,True,True,matched by historical Fantrax ID,normalized Fantrax ID,1.0,147.0,3.868,38.0,270.0,7.399328859060403,54.44444444444444,83.8,61.5,74.8,46.4,49.71999999999999,50.39,32.0,Rotation Risk,75.0,False,88.6,61.9,93.9,32.0,77.2,90.1,73.07,88.8,39.0,Tier 3,137.9,Strong value,pr_9cf94938fc8ac995,Hugo Ekitiké,Rostered,rx9bjhp3mrp1z5vo,KindComet,KindComet,INJURED_RESERVE,INJURED_RESERVE,False,0,,,,,,,False,False,False,,,39.0,176.9,F,,,270.0,7.105263157894737,13.590604026845638,147.0,3.868,7.399328859060403,1788.0,21.0,0.5526315789473685,11.932188130915163,2.49130567535758,0.7074193147490719,32.0,74.8,49.71999999999999,38.0,12.857142857142858,7.0,14.423493806272743,0.5852299355762205,0.1221893791728513,52.28070175438596,,,,,,,,,,,,,,2026-08-14T20:59:07.776936+00:00,FWD,canonical primary position,liverpool,soccerdata:sofascore:16363246,2026-08-23,2026-08-23T15:30:00+00:00,Premier League,league,scheduled,1.0,False,liverpool,Liverpool FC,newcastle_united,Newcastle United,A,Away,,,48.2,51.8,Neutral,,,,,derived feature frame,False
052cb,2627,Ian Maatsen,AVL,D,293.5,AVL,D,D,145.6,47.0,145.6,293.5,10.48,96.0,,66.0,-2.0,FA,@BHA Sun 8:00AM,ian maatsen,False,True,Matched eligible,pr_8248fe15613eed8e,36.0,052cb,Ian Maatsen,Ian Maatsen,Aston Villa,AVL,D,True,a,,AVL,D,Confirmed,Exact Name + Club,95.0,Official FPL API,2026-07-30T01:09:03.040438+00:00,052cb,Player Registry,Exact Name + Club,AVL,Confirmed,False,Ian Maatsen,AVL,D,38.0,90.0,1.0,4.0,4.0,0.0,0.0,1.2995175179094067,2.9666882362216707,0.0,25.0,1587.0,11807.0,0.0,0.0,0.0,0.1052631578947368,2.0,4.0,0.2419398348278493,0.0263157894736842,0.0,True,True,matched by historical Fantrax ID,normalized Fantrax ID,1.0,4.0,2.0,2.0,4.0,4.0,100.0,57.9,54.1,59.0,40.96666666666667,44.9,48.31,1.6,Bench / Unknown,55.0,False,30.9,49.9,58.5,1.6,53.4,62.1,37.4,79.8,262.0,Tier 6,-116.4,Major reach,pr_8248fe15613eed8e,Ian Maatsen,Rostered,ayk8m85amrp1z5vo,Up the Arse-nal,Up the Arse-nal,ACTIVE,ACTIVE,False,0,,,Up the Arse-nal,ayk8m85amrp1z5vo,13.0,156.0,True,False,True,13.0,156.0,262.0,145.6,D,,,4.0,0.1052631578947368,4.0,4.0,2.0,4.0,90.0,1.0,0.0263157894736842,1.2995175179094067,2.9666882362216707,0.2419398348278493,1.6,59.0,44.9,38.0,4.0,4.0,4.266205754131077,0.0736966456281327,0.1682431891997166,2.631578947368421,,,,,,,,,,,,,,2026-08-14T20:59:07.776936+00:00,DEF,canonical primary position,aston_villa,soccerdata:sofascore:16363236,2026-08-23,2026-08-23T13:00:00+00:00,Premier League,league,scheduled,1.0,False,aston_villa,Aston Villa,brighton_hove_albion,Brighton & Hove Albion,A,Away,,,38.5,61.5,Difficult,,,,,derived feature frame,False
06fxu,2627,Ibrahim Sangare,NOT,M,189.5,NOT,M,M,,190.0,,188.5,6.28,0.0,,6.0,-2.0,FA,LEE Sat 9:00AM,ibrahim sangare,False,True,Matched eligible,pr_4c4310c7412bd49a,488.0,06fxu,Ibrahim Sangaré,Ibrahim Sangaré,Nott'm Forest,NOT,M,True,a,,NOT,M,Confirmed,Exact Name + Club,95.0,Official FPL API,2026-07-30T01:09:03.040438+00:00,06fxu,Player Registry,Exact Name + Club,NOT,Confirmed,False,Ibrahim Sangare,NOT,M,38.0,0.0,0.0,0.0,0.0,0.0,0.0,1.5703946938738222,1.4491914678364988,0.0,12.0,2111.0,5722.0,0.0,0.0,0.0,0.0,0.0,,0.128736501446674,0.0,0.0,True,True,matched by historical Fantrax ID,normalized Fantrax ID,1.0,,,,,,,39.9,34.4,37.8,48.333333333333336,45.36,43.16,0.0,Unknown / New Arrival,25.0,False,13.7,22.8,34.1,0.0,43.2,66.2,23.58,66.2,334.0,Deep,,ADP unavailable,,,Free Agent,,,,,,True,0,,,,,,,False,True,False,,,334.0,,M,,,0.0,0.0,,,,,0.0,0.0,0.0,1.5703946938738222,1.4491914678364988,0.128736501446674,0.0,37.8,45.36,38.0,,,3.019586161710321,0.0669519291561553,0.0617845722905186,0.0,,,,,,,,,,,,,,2026-08-14T20:59:07.776936+00:00,MID,canonical primary position,,,,,,,,,,,,,,,,,,,,,,,,,derived feature frame,False
05u7f,2627,Ibrahima Konate,LIV,D,0.0,,,,,,,,,,,,,,,,,,,,,,,,,,,,,,,,,,,,,,,,,,,,,,,,,,,,,,,,,,,,,,,,,,,,,,,,,,,,,,,,,,,,,,,,,,,,,,,,,,,,,,,Free Agent,,,,,,True,0,,,,,,,False,True,False,,,,,,,,,,,,,,,,,,,,,,,,,,,,,,,,,,,,,,,,,,,2026-08-14T20:59:07.776936+00:00,DEF,first valid Fantrax position,liverpool,soccerdata:sofascore:16363246,2026-08-23,2026-08-23T15:30:00+00:00,Premier League,league,scheduled,1.0,False,liverpool,Liverpool FC,newcastle_united,Newcastle United,A,Away,,,48.2,51.8,Neutral,,,,,derived feature frame,False
03rxa,2627,Idrissa Gueye,EVE,M,215.0,EVE,M,M,,158.0,,215.0,6.32,0.0,,11.0,-1.0,FA,CRY Sat 9:00AM,idrissa gueye,True,False,Inactive / historical only,pr_36b1c5be4caf47be,,03rxa,Idrissa Gueye,,EVE,EVE,M,False,unverified,,EVE,M,Historical Only,Unresolved,0.0,Fantrax / historical,,03rxa,Player Registry,Unresolved,EVE,Historical Only,False,Idrissa Gueye,EVE,M,38.0,0.0,0.0,0.0,0.0,0.0,0.0,1.914210639894008,1.6936906985938545,0.0,13.0,2120.0,668.0,0.0,0.0,0.0,0.0,0.0,,0.1531656228603337,0.0,0.0,True,True,matched by historical Fantrax ID,normalized Fantrax ID,1.0,,,,,,,18.7,43.5,29.0,42.06666666666666,41.9,42.48,0.0,Unknown / New Arrival,25.0,False,13.7,22.8,41.0,0.0,13.5,18.7,16.89,66.2,,,,Not draft eligible,,,Free Agent,,,,,,True,0,,,,,,,False,True,False,,,,,M,,,0.0,0.0,,,,,0.0,0.0,0.0,1.914210639894008,1.6936906985938545,0.1531656228603337,0.0,29.0,41.9,38.0,,,3.607901338487863,0.0812636592407833,0.0719019636195504,0.0,,,,,,,,,,,,,,2026-08-14T20:59:07.776936+00:00,MID,canonical primary position,everton,soccerdata:sofascore:16363635,2026-08-22,2026-08-22T14:00:00+00:00,Premier League,league,scheduled,1.0,False,everton,Everton,crystal_palace,Crystal Palace,H,Home,,,56.0,44.0,Favorable,,,,,derived feature frame,False
072x7,2627,Ife Ibrahim,ARS,M,0.0,ARS,M,M,,598.0,,0.0,0.0,0.0,,1.0,1.0,W <small>(Tue)</small>,COV Fri 2:00PM,ife ibrahim,True,False,Inactive / historical only,pr_ced47925e3f3f544,,072x7,Ife Ibrahim,,ARS,ARS,M,False,unverified,,ARS,M,Historical Only,Unresolved,0.0,Fantrax / historical,,072x7,Player Registry,Unresolved,ARS,Historical Only,False,,ARS,M,38.0,0.0,0.0,0.0,0.0,0.0,0.0,0.0,0.0,0.0,0.0,0.0,,0.0,0.0,0.0,0.0,0.0,,,0.0,0.0,True,True,matched by historical Fantrax ID,normalized Fantrax ID,1.0,,,,,,,86.2,100.0,90.6,40.0,43.64,45.32000000000001,0.0,Unknown / New Arrival,25.0,False,13.7,22.8,0.0,0.0,84.0,52.3,21.15,46.2,,,,Not draft eligible,,,Free Agent,,,,,,True,0,,,,,,,False,True,False,,,,,M,,,0.0,0.0,,,,,0.0,0.0,0.0,0.0,0.0,,0.0,90.6,43.64,38.0,,,0.0,,,0.0,,,,,,,,,,,,,,2026-08-14T20:59:07.776936+00:00,MID,canonical primary position,arsenal,soccerdata:sofascore:16363633,2026-08-21,2026-08-21T19:00:00+00:00,Premier League,league,scheduled,1.0,False,arsenal,Arsenal,coventry_city,Coventry City,H,Home,,,55.2,44.8,Favorable,,,,,derived feature frame,False
06y9o,2627,Igor Jesus,NOT,F,49.0,NOT,F,F,127.5,295.0,127.5,49.0,6.12,91.0,,80.0,-1.0,FA,LEE Sat 9:00AM,igor jesus,False,True,Matched eligible,pr_ecfdf1e807e2fe63,491.0,06y9o,Igor Jesus Maciel da Cruz,Igor Jesus Maciel da Cruz,Nott'm Forest,NOT,F,True,a,,NOT,F,Confirmed,Ordered Token Expanded Name,85.0,Official FPL API,2026-07-30T01:09:03.040438+00:00,06y9o,Player Registry,Ordered Token Expanded Name,NOT,Confirmed,False,Igor Jesus Maciel da Cruz,NOT,F,38.0,82.0,1.0,10.5,10.5,0.0,0.0,7.199080093763768,2.2803503870964046,0.0,15.0,2379.0,13778.0,82.0,1.0,10.5,0.2763157894736842,10.5,11.52439024390244,0.3586165377374592,0.0263157894736842,0.1666666666666666,True,True,matched by historical Fantrax ID,normalized Fantrax ID,1.0,10.5,10.5,1.0,10.5,11.52439024390244,100.0,39.9,34.4,37.8,48.333333333333336,45.36,43.16,7.7,Bench / Unknown,55.0,False,60.1,98.8,69.0,7.7,43.2,66.2,55.71,79.8,153.0,Tier 5,-25.5,Major reach,pr_ecfdf1e807e2fe63,Igor Jesus Maciel da Cruz,Rostered,qwkltl98mrp1z5vp,epatel3,epatel3,RESERVE,RESERVE,False,0,,,epatel3,qwkltl98mrp1z5vp,5.0,58.0,True,False,True,5.0,58.0,153.0,127.5,F,,,10.5,0.2763157894736842,11.52439024390244,10.5,10.5,11.52439024390244,82.0,1.0,0.0263157894736842,7.199080093763768,2.2803503870964046,0.3586165377374592,7.7,37.8,45.36,38.0,10.5,10.5,9.479430480860172,0.272348553358024,0.0862679843794352,2.39766081871345,,,,,,,,,,,,,,2026-08-14T20:59:07.776936+00:00,FWD,canonical primary position,,,,,,,,,,,,,,,,,,,,,,,,,derived feature frame,False
06eka,2627,Igor Julio,BHA,D,12.0,BHA,D,D,,489.0,,12.0,6.0,0.0,,2.0,-1.0,FA,AVL Sun 8:00AM,igor julio,False,True,Matched eligible,pr_25fff947d64dda36,118.0,06eka,Igor Julio dos Santos de Paulo,Igor Julio dos Santos de Paulo,Brighton,BHA,D,True,a,,BHA/WHU,D,Transferred,Ordered Token Expanded Name,85.0,Official FPL API,2026-07-30T01:09:03.040438+00:00,06eka,Player Registry,Ordered Token Expanded Name,BHA,Transferred,False,Igor Julio,BHA/WHU,D,38.0,0.0,0.0,0.0,0.0,0.0,0.0,0.0,0.0180993378162384,0.0,1.0,94.0,7943.0,0.0,0.0,0.0,0.0,0.0,,0.0173291532283133,0.0,0.0,True,True,matched by historical Fantrax ID,normalized Fantrax ID,1.0,,,,,,,,,,,,,0.0,Unknown / New Arrival,25.0,False,13.7,22.8,10.6,0.0,0.0,0.0,9.11,56.2,514.0,Deep,,ADP unavailable,,,Free Agent,,,,,,True,0,,,,,,,False,True,False,,,514.0,,D,,,0.0,0.0,,,,,0.0,0.0,0.0,0.0,0.0180993378162384,0.0173291532283133,0.0,,,38.0,,,0.0180993378162384,0.0,0.0173291532283133,0.0,,,,,,,,,,,,,,2026-08-14T20:59:07.776936+00:00,DEF,canonical primary position,brighton_hove_albion,soccerdata:sofascore:16363236,2026-08-23,2026-08-23T13:00:00+00:00,Premier League,league,scheduled,1.0,False,brighton_hove_albion,Brighton & Hove Albion,aston_villa,Aston Villa,H,Home,,,39.0,61.0,Difficult,,,,,derived feature frame,False
06mn0,2627,Igor Thiago,BRF,F,239.0,BRF,F,F,22.6,127.0,22.6,239.0,7.47,100.0,,99.0,0.0,FA,TOT Sat 11:30AM,igor thiago,False,True,Matched eligible,pr_b1371608f0db5c93,106.0,06mn0,Igor Thiago Nascimento Rodrigues,Igor Thiago Nascimento Rodrigues,Brentford,BRF,F,True,a,,BRF,F,Confirmed,Ordered Token Expanded Name,85.0,Official FPL API,2026-07-30T01:09:03.040438+00:00,06mn0,Player Registry,Ordered Token Expanded Name,BRF,Confirmed,False,Igor Thiago,BRF,F,38.0,3276.0,37.0,465.0,258.0,22.0,1.0,24.68977300822735,3.450046587735414,0.0,24.0,3292.0,13222.0,540.0,6.0,45.0,12.236842105263158,6.789,12.774725274725274,0.7693146305093101,0.9736842105263158,1.0,True,True,matched by historical Fantrax ID,normalized Fantrax ID,1.0,258.0,6.789,38.0,465.0,7.087912087912088,55.483870967741936,29.4,35.6,32.6,45.36666666666667,47.48,44.42,97.8,Locked Starter,90.0,False,93.5,85.8,94.7,97.8,20.9,78.0,84.58,95.5,5.0,Tier 1,17.6,Value,pr_b1371608f0db5c93,Igor Thiago Nascimento Rodrigues,Rostered,qwkltl98mrp1z5vp,epatel3,epatel3,ACTIVE,ACTIVE,False,0,,,epatel3,qwkltl98mrp1z5vp,2.0,15.0,True,False,True,2.0,15.0,5.0,22.6,F,,,465.0,12.236842105263158,12.774725274725274,258.0,6.789,7.087912087912088,3276.0,37.0,0.9736842105263158,24.68977300822735,3.450046587735414,0.7693146305093101,97.8,32.6,47.48,38.0,12.567567567567568,6.972972972972973,28.139819595962763,0.6749937942711001,0.0943208362382099,95.78947368421052,,,,,,,,,,,,,,2026-08-14T20:59:07.776936+00:00,FWD,canonical primary position,brentford,soccerdata:sofascore:16363242,2026-08-22,2026-08-22T16:30:00+00:00,Premier League,league,scheduled,1.0,False,brentford,Brentford,tottenham_hotspur,Tottenham Hotspur,H,Home,,,51.6,48.4,Neutral,,,,,derived feature frame,False
06v01,2627,Ilia Gruev,LEE,M,42.5,LEE,M,M,,322.0,,43.5,7.25,0.0,,1.0,-1.0,FA,@NOT Sat 9:00AM,ilia gruev,False,True,Matched eligible,pr_45dea8bf8c0b1038,344.0,06v01,Ilia Gruev,Ilia Gruev,Leeds,LEE,M,True,a,,LEE,M,Confirmed,Exact Name + Club,95.0,Official FPL API,2026-07-30T01:09:03.040438+00:00,06v01,Player Registry,Exact Name + Club,LEE,Confirmed,False,Ilia Gruev,LEE,M,38.0,0.0,0.0,0.0,0.0,0.0,0.0,0.7337606139481065,1.4936000779271124,0.0,11.0,1310.0,8000.0,0.0,0.0,0.0,0.0,0.0,,0.1530247803578394,0.0,0.0,True,True,matched by historical Fantrax ID,normalized Fantrax ID,1.0,,,,,,,38.1,24.1,31.1,45.56666666666666,43.0,38.71,0.0,Unknown / New Arrival,25.0,False,13.7,22.8,40.7,0.0,30.4,42.0,20.88,66.2,356.0,Deep,,ADP unavailable,,,Free Agent,,,,,,True,0,,,,,,,False,True,False,,,356.0,,M,,,0.0,0.0,,,,,0.0,0.0,0.0,0.7337606139481065,1.4936000779271124,0.1530247803578394,0.0,31.1,43.0,38.0,,,2.227360691875219,0.0504110345460531,0.1026137458117863,0.0,,,,,,,,,,,,,,2026-08-14T20:59:07.776936+00:00,MID,canonical primary position,leeds_united,soccerdata:sofascore:16363238,2026-08-22,2026-08-22T14:00:00+00:00,Premier League,league,scheduled,1.0,False,leeds_united,Leeds United,nottingham_forest,Nottingham Forest,A,Away,,,49.5,50.5,Neutral,,,,,derived feature frame,False
05r94,2627,Iliman Ndiaye,EVE,"M,F",274.5,EVE,M,"M,F",34.6,73.0,34.6,274.5,7.84,100.0,,99.0,0.0,FA,CRY Sat 9:00AM,iliman ndiaye,False,True,Matched eligible,pr_47680bd841752bac,237.0,05r94,Iliman Ndiaye,Iliman Ndiaye,Everton,EVE,M,True,a,,EVE,"M,F",Confirmed,Exact Name + Club,95.0,Official FPL API,2026-07-30T01:09:03.040438+00:00,05r94,Player Registry,Exact Name + Club,EVE,Confirmed,False,Iliman Ndiaye,EVE,"M,F",38.0,2775.0,32.0,304.0,230.0,6.0,3.0,6.143797228112816,4.457025814801454,0.0,30.0,2805.0,9307.0,540.0,6.0,42.0,8.0,6.053,9.85945945945946,0.3401333596656984,0.8421052631578947,1.0,True,True,matched by historical Fantrax ID,normalized Fantrax ID,1.0,230.0,6.053,38.0,304.0,7.45945945945946,75.6578947368421,18.7,43.5,29.0,42.06666666666666,41.9,42.48,89.3,Locked Starter,90.0,False,74.7,79.7,67.7,89.3,13.5,18.7,65.61,95.5,77.0,Tier 4,-42.4,Major reach,pr_47680bd841752bac,Iliman Ndiaye,Rostered,61fz0pmkmrp1z5vo,wmuck1,wmuck1,ACTIVE,ACTIVE,False,0,,,wmuck1,61fz0pmkmrp1z5vo,4.0,38.0,True,False,True,4.0,38.0,77.0,34.6,M,,,304.0,8.0,9.85945945945946,230.0,6.053,7.45945945945946,2775.0,32.0,0.8421052631578947,6.143797228112816,4.457025814801454,0.3401333596656984,89.3,29.0,41.9,38.0,9.5,7.1875,10.60082304291427,0.197127183789716,0.1430061758759824,81.14035087719299,,,,,,,,,,,,,,2026-08-14T20:59:07.776936+00:00,MID,canonical primary position,everton,soccerdata:sofascore:16363635,2026-08-22,2026-08-22T14:00:00+00:00,Premier League,league,scheduled,1.0,False,everton,Everton,crystal_palace,Crystal Palace,H,Home,,,56.0,44.0,Favorable,,,,,derived feature frame,False
05mzt,2627,Illan Meslier,ARS,G,12.5,ARS,G,G,,484.0,,12.5,4.17,0.0,,1.0,-1.0,FA,COV Fri 2:00PM,illan meslier,False,True,Matched eligible,pr_697f2f8dc9b7b339,3.0,05mzt,Illan Meslier,Illan Meslier,Arsenal,ARS,G,True,a,,LEE,G,Transferred,Exact Name + Club,95.0,Official FPL API,2026-07-30T01:09:03.040438+00:00,05mzt,Player Registry,Exact Name + Club,ARS,Transferred,False,,LEE,G,38.0,0.0,0.0,0.0,0.0,0.0,0.0,0.0,0.0,0.0,0.0,0.0,,0.0,0.0,0.0,0.0,0.0,,,0.0,0.0,True,True,matched by historical Fantrax ID,normalized Fantrax ID,1.0,0.0,0.0,1.0,0.0,,,86.2,100.0,90.6,40.0,43.64,45.32000000000001,0.0,Unknown / New Arrival,25.0,False,13.7,22.8,0.0,0.0,84.0,52.3,21.15,46.2,345.0,Deep,,ADP unavailable,,,Free Agent,,,,,,True,0,,,,,,,False,True,False,,,345.0,,G,,,0.0,0.0,,0.0,0.0,,0.0,0.0,0.0,0.0,0.0,,0.0,90.6,43.64,38.0,,,0.0,,,0.0,,,,,,,,,,,,,,2026-08-14T20:59:07.776936+00:00,GK,canonical primary position,arsenal,soccerdata:sofascore:16363633,2026-08-21,2026-08-21T19:00:00+00:00,Premier League,league,scheduled,1.0,False,arsenal,Arsenal,coventry_city,Coventry City,H,Home,,,55.2,44.8,Favorable,,,,,derived feature frame,False
05748,2627,Ismaila Sarr,CRY,"M,F",207.5,CRY,M,"M,F",49.4,163.0,49.4,209.5,6.35,100.0,,98.0,0.0,FA,@EVE Sat 9:00AM,ismaila sarr,False,True,Matched eligible,pr_66c262bd266b1535,208.0,05748,Ismaïla Sarr,Ismaïla Sarr,Crystal Palace,CRY,M,True,a,,CRY,"M,F",Confirmed,Exact Name + Club,95.0,Official FPL API,2026-07-30T01:09:03.040438+00:00,05748,Player Registry,Exact Name + Club,CRY,Confirmed,False,Ismaila Sarr,CRY,"M,F",38.0,1918.0,21.0,184.5,107.5,7.0,2.0,11.5433072373271,2.200463268905877,0.0,19.0,2181.0,5675.0,166.0,1.0,16.0,4.855263157894737,3.071,8.657455683003128,0.5671432120866428,0.5526315789473685,0.1666666666666666,True,True,matched by historical Fantrax ID,normalized Fantrax ID,1.0,107.5,3.071,35.0,184.5,5.044316996871742,58.26558265582656,18.2,57.9,33.9,40.0,40.32,42.81,44.4,Rotation Risk,75.0,False,60.2,57.1,87.0,44.4,19.2,7.1,51.21,88.8,177.0,Tier 5,-127.6,Major reach,pr_66c262bd266b1535,Ismaïla Sarr,Rostered,ayk8m85amrp1z5vo,Up the Arse-nal,Up the Arse-nal,ACTIVE,ACTIVE,False,0,,,Up the Arse-nal,ayk8m85amrp1z5vo,7.0,84.0,True,False,True,7.0,84.0,177.0,49.4,M,,,184.5,4.855263157894737,8.657455683003128,107.5,3.071,5.044316996871742,1918.0,21.0,0.5526315789473685,11.5433072373271,2.200463268905877,0.5671432120866428,44.4,33.9,40.32,38.0,8.785714285714286,5.119047619047619,13.743770506232975,0.47634005105889,0.0908031610277528,56.08187134502924,,,,,,,,,,,,,,2026-08-14T20:59:07.776936+00:00,MID,canonical primary position,crystal_palace,soccerdata:sofascore:16363635,2026-08-22,2026-08-22T14:00:00+00:00,Premier League,league,scheduled,1.0,False,crystal_palace,Crystal Palace,everton,Everton,A,Away,,,51.6,48.4,Neutral,,,,,derived feature frame,False
076dy,2627,Ivan Azon,IPS,F,0.0,,,,,,,,,,,,,,,,,,,,,,,,,,,,,,,,,,,,,,,,,,,,,,,,,,,,,,,,,,,,,,,,,,,,,,,,,,,,,,,,,,,,,,,,,,,,,,,,,,,,,,,Free Agent,,,,,,True,0,,,,,,,False,True,False,,,,,,,,,,,,,,,,,,,,,,,,,,,,,,,,,,,,,,,,,,,2026-08-14T20:59:07.776936+00:00,FWD,first valid Fantrax position,ipswich_town,soccerdata:sofascore:16363636,2026-08-22,2026-08-22T14:00:00+00:00,Premier League,league,scheduled,1.0,False,ipswich_town,Ipswich Town,sunderland,Sunderland,H,Home,,,58.8,41.2,Favorable,,,,,derived feature frame,False
076dd,2627,Ivor Pandur,HUL,G,207.5,,,,,,,,,,,,,,,,,,,,,,,,,,,,,,,,,,,,,,,,,,,,,,,,,,,,,,,,,,,,,,,,,,,,,,,,,,,,,,,,,,,,,,,,,,,,,,,,,,,,,,,Free Agent,,,,,,True,0,,,,,,,False,True,False,,,,,,,,,,,,,,,,,,,,,,,,,,,,,,,,,,,,,,,,,,,2026-08-14T20:59:07.776936+00:00,GK,first valid Fantrax position,hull_city,soccerdata:sofascore:16363634,2026-08-22,2026-08-22T11:30:00+00:00,Premier League,league,scheduled,1.0,False,hull_city,Hull City,manchester_united,Manchester United,H,Home,,,32.0,68.0,Very difficult,,,,,derived feature frame,False
032aa,2627,Jack Butland,HUL,G,171.5,HUL,G,G,275.8,208.0,275.8,171.5,5.2,17.0,,11.0,-1.0,FA,MUN Sat 6:30AM,jack butland,False,True,Matched eligible,pr_9dbbd0694b98abcc,274.0,032aa,Jack Butland,Jack Butland,Hull City,HUL,G,True,a,,,,New EPL Arrival,Exact Name + Club,95.0,Official FPL API,2026-07-30T01:09:03.040438+00:00,032aa,Player Registry,Exact Name + Club,HUL,New EPL Arrival,False,,,,,,,,,,,,,,,,,,,,,,,,,,False,False,no 2025/26 record for bridged ID,none,0.0,,,,,,,,,,38.13333333333333,40.5,42.74,0.0,Unknown / New Arrival,25.0,False,0.0,0.0,0.0,0.0,0.0,11.8,1.18,11.2,576.0,Deep,-300.2,Major reach,,,Free Agent,,,,,,True,0,,,yudesh,,,,False,True,True,15.0,175.0,576.0,275.8,G,,,,,,,,,,,,,,,0.0,,40.5,,,,,,,,,,,,,,,,,,,,,2026-08-14T20:59:07.776936+00:00,GK,canonical primary position,hull_city,soccerdata:sofascore:16363634,2026-08-22,2026-08-22T11:30:00+00:00,Premier League,league,scheduled,1.0,False,hull_city,Hull City,manchester_united,Manchester United,H,Home,,,32.0,68.0,Very difficult,,,,,derived feature frame,False
05244,2627,Jack Clarke,IPS,"M,F",52.0,IPS,M,"M,F",285.0,296.0,285.0,48.5,9.7,9.0,,4.0,0.0,FA,SUN Sat 9:00AM,jack clarke,False,True,Matched eligible,pr_48d75cf5aacf5c68,313.0,05244,Jack Clarke,Jack Clarke,Ipswich Town,IPS,M,True,a,,,,New EPL Arrival,Exact Name + Club,95.0,Official FPL API,2026-07-30T01:09:03.040438+00:00,05244,Player Registry,Exact Name + Club,IPS,New EPL Arrival,False,,,,,,,,,,,,,,,,,,,,,,,,,,False,False,no 2025/26 record for bridged ID,none,0.0,,,,,,,,,,38.833333333333336,43.44,41.53,0.0,Unknown / New Arrival,25.0,False,0.0,0.0,0.0,0.0,0.0,47.0,4.7,11.2,544.0,Deep,-259.0,Major reach,,,Free Agent,,,,,,True,0,,,,,,,False,True,False,,,544.0,285.0,M,,,,,,,,,,,,,,,0.0,,43.44,,,,,,,,,,,,,,,,,,,,,2026-08-14T20:59:07.776936+00:00,MID,canonical primary position,ipswich_town,soccerdata:sofascore:16363636,2026-08-22,2026-08-22T14:00:00+00:00,Premier League,league,scheduled,1.0,False,ipswich_town,Ipswich Town,sunderland,Sunderland,H,Home,,,58.8,41.2,Favorable,,,,,derived feature frame,False
06mul,2627,Jack Fletcher,MUN,M,5.0,MUN,M,M,,533.0,,4.0,4.0,0.0,,2.0,-1.0,FA,@HUL Sat 6:30AM,jack fletcher,False,True,Matched eligible,pr_cf992af79b4e943f,434.0,06mul,Jack Fletcher,Jack Fletcher,Man Utd,MUN,M,True,a,,MUN,M,Confirmed,Exact Name + Club,95.0,Official FPL API,2026-07-30T01:09:03.040438+00:00,06mul,Player Registry,Exact Name + Club,MUN,Confirmed,False,Jack Fletcher,MUN,M,38.0,0.0,0.0,0.0,0.0,0.0,0.0,0.0373862497508525,0.1148756481707096,0.0,2.0,97.0,13150.0,0.0,0.0,0.0,0.0,0.0,,0.1412739259066039,0.0,0.0,True,True,matched by historical Fantrax ID,normalized Fantrax ID,1.0,,,,,,,90.6,59.4,72.4,44.06666666666666,49.54,46.89,0.0,Unknown / New Arrival,25.0,False,13.7,22.8,38.1,0.0,83.8,84.0,30.01,66.2,295.0,Tier 6,,ADP unavailable,,,Free Agent,,,,,,True,0,,,,,,,False,True,False,,,295.0,,M,,,0.0,0.0,,,,,0.0,0.0,0.0,0.0373862497508525,0.1148756481707096,0.1412739259066039,0.0,72.4,49.54,38.0,,,0.152261897921562,0.0346882729647085,0.1065856529418955,0.0,,,,,,,,,,,,,,2026-08-14T20:59:07.776936+00:00,MID,canonical primary position,manchester_united,soccerdata:sofascore:16363634,2026-08-22,2026-08-22T11:30:00+00:00,Premier League,league,scheduled,1.0,False,manchester_united,Manchester United,hull_city,Hull City,A,Away,,,49.1,50.9,Neutral,,,,,derived feature frame,False
02lm7,2627,Jack Grealish,MCI,M,57.5,MCI,M,M,76.1,265.0,76.1,59.5,9.92,100.0,,90.0,-3.0,FA,BOU Sun 8:00AM,jack grealish,False,True,Matched eligible,pr_9b41dca09396d8c0,238.0,02lm7,Jack Grealish,Jack Grealish,Man City,MCI,M,True,d,Foot injury - 75% chance of playing,EVE,M,Transferred,Exact Name + Club,95.0,Official FPL API,2026-07-30T01:09:03.040438+00:00,02lm7,Player Registry,Exact Name + Club,MCI,Transferred,False,Jack Grealish,EVE,M,38.0,1624.0,18.0,198.5,137.5,2.0,6.0,3.084938551299273,4.558330744504929,0.0,38.0,1645.0,675.0,0.0,0.0,0.0,5.223684210526316,6.25,11.000615763546795,0.4181727882202907,0.4736842105263157,0.0,True,True,matched by historical Fantrax ID,normalized Fantrax ID,1.0,137.5,6.25,22.0,198.5,7.620073891625616,69.26952141057934,98.2,94.1,96.1,43.93333333333333,42.42,45.38,20.5,Rotation Risk,60.0,True,74.0,81.9,76.7,20.5,96.2,30.3,62.73,82.0,95.0,Tier 4,-18.90000000000001,Reach,pr_9b41dca09396d8c0,Jack Grealish,Rostered,h1vdt8ynmrp1z5vp,Pot Splashers,Pot Splashers,RESERVE,RESERVE,False,0,,,,,,,False,False,False,,,95.0,76.1,M,,,198.5,5.223684210526316,11.000615763546795,137.5,6.25,7.620073891625616,1624.0,18.0,0.4736842105263157,3.084938551299273,4.558330744504929,0.4181727882202907,20.5,96.1,42.42,38.0,11.02777777777778,7.638888888888889,7.643269295804202,0.1687808325938812,0.2493919556264094,47.48538011695906,,,,,,,,,,,,,,2026-08-14T20:59:07.776936+00:00,MID,canonical primary position,manchester_city,soccerdata:sofascore:16363243,2026-08-23,2026-08-23T13:00:00+00:00,Premier League,league,scheduled,1.0,False,manchester_city,Manchester City,afc_bournemouth,Bournemouth,H,Home,,,49.6,50.4,Neutral,,,,,derived feature frame,False
067ys,2627,Jack Hinshelwood,BHA,M,176.5,BHA,M,M,144.5,201.0,144.5,177.5,5.92,96.0,,66.0,-6.0,FA,AVL Sun 8:00AM,jack hinshelwood,False,True,Matched eligible,pr_b655ef0c4648a52a,123.0,067ys,Jack Hinshelwood,Jack Hinshelwood,Brighton,BHA,M,True,a,,BHA,"D,M",Confirmed,Exact Name + Club,95.0,Official FPL API,2026-07-30T01:09:03.040438+00:00,067ys,Player Registry,Exact Name + Club,BHA,Confirmed,False,Jack Hinshelwood,BHA,"D,M",38.0,477.0,6.0,48.0,9.0,2.0,0.0,4.76202392950654,2.35726851504296,0.0,16.0,1773.0,11269.0,403.0,5.0,39.0,1.263157894736842,1.8,9.056603773584904,0.3613854032766244,0.1578947368421052,0.8333333333333334,True,True,matched by historical Fantrax ID,normalized Fantrax ID,1.0,9.0,1.8,5.0,48.0,1.6981132075471697,18.75,,,,,,,39.5,Rotation Risk,55.0,False,52.7,48.9,69.6,39.5,0.0,0.0,41.48,69.8,234.0,Tier 6,-89.5,Major reach,,,Free Agent,,,,,,True,0,,,,,,,False,True,False,,,234.0,144.5,M,,,48.0,1.263157894736842,9.056603773584904,9.0,1.8,1.6981132075471697,477.0,6.0,0.1578947368421052,4.76202392950654,2.35726851504296,0.3613854032766244,39.5,,,38.0,8.0,1.5,7.119292444549501,0.2417271030206365,0.1196583002559878,13.94736842105263,,,,,,,,,,,,,,2026-08-14T20:59:07.776936+00:00,MID,canonical primary position,brighton_hove_albion,soccerdata:sofascore:16363236,2026-08-23,2026-08-23T13:00:00+00:00,Premier League,league,scheduled,1.0,False,brighton_hove_albion,Brighton & Hove Albion,aston_villa,Aston Villa,H,Home,,,39.0,61.0,Difficult,,,,,derived feature frame,False
06roi,2627,Jack Moorhouse,MUN,M,0.0,,,,,,,,,,,,,,,,,,,,,,,,,,,,,,,,,,,,,,,,,,,,,,,,,,,,,,,,,,,,,,,,,,,,,,,,,,,,,,,,,,,,,,,,,,,,,,,,,,,,,,,Free Agent,,,,,,True,0,,,,,,,False,True,False,,,,,,,,,,,,,,,,,,,,,,,,,,,,,,,,,,,,,,,,,,,2026-08-14T20:59:07.776936+00:00,MID,first valid Fantrax position,manchester_united,soccerdata:sofascore:16363634,2026-08-22,2026-08-22T11:30:00+00:00,Premier League,league,scheduled,1.0,False,manchester_united,Manchester United,hull_city,Hull City,A,Away,,,49.1,50.9,Neutral,,,,,derived feature frame,False
06ppi,2627,Jack Porter,ARS,G,0.0,,,,,,,,,,,,,,,,,,,,,,,,,,,,,,,,,,,,,,,,,,,,,,,,,,,,,,,,,,,,,,,,,,,,,,,,,,,,,,,,,,,,,,,,,,,,,,,,,,,,,,,Free Agent,,,,,,True,0,,,,,,,False,True,False,,,,,,,,,,,,,,,,,,,,,,,,,,,,,,,,,,,,,,,,,,,2026-08-14T20:59:07.776936+00:00,GK,first valid Fantrax position,arsenal,soccerdata:sofascore:16363633,2026-08-21,2026-08-21T19:00:00+00:00,Premier League,league,scheduled,1.0,False,arsenal,Arsenal,coventry_city,Coventry City,H,Home,,,55.2,44.8,Favorable,,,,,derived feature frame,False
076d3,2627,Jack Rudoni,COV,M,89.0,COV,M,M,257.6,54.0,257.6,289.5,8.77,26.0,,22.0,4.0,FA,@ARS Fri 2:00PM,jack rudoni,False,True,Matched eligible,pr_8423ecb420e3995f,183.0,076d3,Jack Rudoni,Jack Rudoni,Coventry City,COV,M,True,d,Shoulder injury - 75% chance of playing,,,New EPL Arrival,Exact Name + Club,95.0,Official FPL API,2026-07-30T01:09:03.040438+00:00,076d3,Player Registry,Exact Name + Club,COV,New EPL Arrival,False,,,,,,,,,,,,,,,,,,,,,,,,,,False,False,no 2025/26 record for bridged ID,none,0.0,,,,,,,,,,28.066666666666663,30.12,40.8,0.0,Unknown / New Arrival,25.0,False,0.0,0.0,0.0,0.0,0.0,2.3,0.23,11.2,614.0,Deep,-356.4,Major reach,pr_8423ecb420e3995f,Jack Rudoni,Rostered,cjn4stydmrp1z5vp,Robertske,Robertske,ACTIVE,ACTIVE,False,0,,,Robertske,cjn4stydmrp1z5vp,10.0,118.0,True,False,True,10.0,118.0,614.0,257.6,M,,,,,,,,,,,,,,,0.0,,30.12,,,,,,,,,,,,,,,,,,,,,2026-08-14T20:59:07.776936+00:00,MID,canonical primary position,coventry_city,soccerdata:sofascore:16363633,2026-08-21,2026-08-21T19:00:00+00:00,Premier League,league,scheduled,1.0,False,coventry_city,Coventry City,arsenal,Arsenal,A,Away,,,18.9,81.1,Very difficult,,,,,derived feature frame,False
06mg2,2627,Jack Taylor,IPS,M,162.0,IPS,M,M,,218.0,,157.5,5.83,0.0,,3.0,0.0,FA,SUN Sat 9:00AM,jack taylor,False,True,Matched eligible,pr_d3ac41dee5429a37,312.0,06mg2,Jack Taylor,Jack Taylor,Ipswich Town,IPS,M,True,i,Knee injury - Unknown return date,,,New EPL Arrival,Exact Name + Club,95.0,Official FPL API,2026-07-30T01:09:03.040438+00:00,06mg2,Player Registry,Exact Name + Club,IPS,New EPL Arrival,False,,,,,,,,,,,,,,,,,,,,,,,,,,False,False,no 2025/26 record for bridged ID,none,0.0,,,,,,,,,,38.833333333333336,43.44,41.53,0.0,Unknown / New Arrival,25.0,False,0.0,0.0,0.0,0.0,0.0,47.0,4.7,11.2,553.0,Deep,,ADP unavailable,,,Free Agent,,,,,,True,0,,,,,,,False,True,False,,,553.0,,M,,,,,,,,,,,,,,,0.0,,43.44,,,,,,,,,,,,,,,,,,,,,2026-08-14T20:59:07.776936+00:00,MID,canonical primary position,ipswich_town,soccerdata:sofascore:16363636,2026-08-22,2026-08-22T14:00:00+00:00,Premier League,league,scheduled,1.0,False,ipswich_town,Ipswich Town,sunderland,Sunderland,H,Home,,,58.8,41.2,Favorable,,,,,derived feature frame,False
072dy,2627,Jack Thompson,NOT,D,0.0,,,,,,,,,,,,,,,,,,,,,,,,,,,,,,,,,,,,,,,,,,,,,,,,,,,,,,,,,,,,,,,,,,,,,,,,,,,,,,,,,,,,,,,,,,,,,,,,,,,,,,,Free Agent,,,,,,True,0,,,,,,,False,True,False,,,,,,,,,,,,,,,,,,,,,,,,,,,,,,,,,,,,,,,,,,,2026-08-14T20:59:07.776936+00:00,DEF,first valid Fantrax position,,,,,,,,,,,,,,,,,,,,,,,,,derived feature frame,False
070eq,2627,Jack Whittaker,SUN,M,0.0,SUN,M,M,,675.0,,0.0,0.0,0.0,,1.0,0.0,FA,@IPS Sat 9:00AM,jack whittaker,True,False,Inactive / historical only,pr_0a3793f9ac3ccf77,,070eq,Jack Whittaker,,SUN,SUN,M,False,unverified,,SUN,M,Historical Only,Unresolved,0.0,Fantrax / historical,,070eq,Player Registry,Unresolved,SUN,Historical Only,False,,SUN,M,38.0,0.0,0.0,0.0,0.0,0.0,0.0,0.0,0.0,0.0,0.0,0.0,,0.0,0.0,0.0,0.0,0.0,,,0.0,0.0,True,True,matched by historical Fantrax ID,normalized Fantrax ID,1.0,,,,,,,7.9,49.1,27.1,43.6,42.0,37.67,0.0,Unknown / New Arrival,25.0,False,13.7,22.8,0.0,0.0,3.8,23.7,10.27,46.2,,,,Not draft eligible,,,Free Agent,,,,,,True,0,,,,,,,False,True,False,,,,,M,,,0.0,0.0,,,,,0.0,0.0,0.0,0.0,0.0,,0.0,27.1,42.0,38.0,,,0.0,,,0.0,,,,,,,,,,,,,,2026-08-14T20:59:07.776936+00:00,MID,canonical primary position,sunderland,soccerdata:sofascore:16363636,2026-08-22,2026-08-22T14:00:00+00:00,Premier League,league,scheduled,1.0,False,sunderland,Sunderland,ipswich_town,Ipswich Town,A,Away,,,44.4,55.6,Difficult,,,,,derived feature frame,False
0746j,2627,Jackson Izquierdo,CRY,G,0.0,,,,,,,,,,,,,,,,,,,,,,,,,,,,,,,,,,,,,,,,,,,,,,,,,,,,,,,,,,,,,,,,,,,,,,,,,,,,,,,,,,,,,,,,,,,,,,,,,,,,,,,Free Agent,,,,,,True,0,,,,,,,False,True,False,,,,,,,,,,,,,,,,,,,,,,,,,,,,,,,,,,,,,,,,,,,2026-08-14T20:59:07.776936+00:00,GK,first valid Fantrax position,crystal_palace,soccerdata:sofascore:16363635,2026-08-22,2026-08-22T14:00:00+00:00,Premier League,league,scheduled,1.0,False,crystal_palace,Crystal Palace,everton,Everton,A,Away,,,51.6,48.4,Neutral,,,,,derived feature frame,False
06msc,2627,Jacob Greaves,IPS,D,268.5,IPS,D,D,277.9,86.0,277.9,265.5,9.16,17.0,,11.0,0.0,FA,SUN Sat 9:00AM,jacob greaves,False,True,Matched eligible,pr_d98078d761abad72,306.0,06msc,Jacob Greaves,Jacob Greaves,Ipswich Town,IPS,D,True,a,,,,New EPL Arrival,Exact Name + Club,95.0,Official FPL API,2026-07-30T01:09:03.040438+00:00,06msc,Player Registry,Exact Name + Club,IPS,New EPL Arrival,False,,,,,,,,,,,,,,,,,,,,,,,,,,False,False,no 2025/26 record for bridged ID,none,0.0,,,,,,,,,,38.833333333333336,43.44,41.53,0.0,Unknown / New Arrival,25.0,False,0.0,0.0,0.0,0.0,0.0,47.0,4.7,11.2,557.0,Deep,-279.1,Major reach,,,Free Agent,,,,,,True,0,,,,,,,False,True,False,,,557.0,277.9,D,,,,,,,,,,,,,,,0.0,,43.44,,,,,,,,,,,,,,,,,,,,,2026-08-14T20:59:07.776936+00:00,DEF,canonical primary position,ipswich_town,soccerdata:sofascore:16363636,2026-08-22,2026-08-22T14:00:00+00:00,Premier League,league,scheduled,1.0,False,ipswich_town,Ipswich Town,sunderland,Sunderland,H,Home,,,58.8,41.2,Favorable,,,,,derived feature frame,False
03am7,2627,Jacob Murphy,NEW,"M,F",220.0,NEW,M,"M,F",241.9,151.0,241.9,219.0,9.12,39.0,,27.0,-5.0,FA,LIV Sun 10:30AM,jacob murphy,False,True,Matched eligible,pr_d9a272007b20d346,457.0,03am7,Jacob Murphy,Jacob Murphy,Newcastle,NEW,M,True,a,,NEW,"M,F",Confirmed,Exact Name + Club,95.0,Official FPL API,2026-07-30T01:09:03.040438+00:00,03am7,Player Registry,Exact Name + Club,NEW,Confirmed,False,Jacob Murphy,NEW,"M,F",38.0,1040.0,12.0,101.0,81.0,2.0,0.0,3.119945630431175,4.785552207380532,0.0,23.0,1630.0,6063.0,65.0,1.0,0.5,2.6578947368421053,3.0,8.740384615384615,0.4364998806153703,0.3157894736842105,0.1666666666666666,True,True,matched by historical Fantrax ID,normalized Fantrax ID,1.0,81.0,3.0,27.0,101.0,7.009615384615385,80.19801980198021,62.2,27.4,49.3,42.16666666666666,42.86,46.68,23.8,Rotation Risk,55.0,False,55.2,56.2,79.1,23.8,53.2,36.6,50.6,79.8,182.0,Tier 6,59.900000000000006,Strong value,,,Free Agent,,,,,,True,0,,,,,,,False,True,False,,,182.0,241.9,M,,,101.0,2.6578947368421053,8.740384615384615,81.0,3.0,7.009615384615385,1040.0,12.0,0.3157894736842105,3.119945630431175,4.785552207380532,0.4364998806153703,23.8,49.3,42.86,38.0,8.416666666666666,6.75,7.905497837811707,0.172266936649574,0.2642329439657963,30.4093567251462,,,,,,,,,,,,,,2026-08-14T20:59:07.776936+00:00,MID,canonical primary position,newcastle_united,soccerdata:sofascore:16363246,2026-08-23,2026-08-23T15:30:00+00:00,Premier League,league,scheduled,1.0,False,newcastle_united,Newcastle United,liverpool,Liverpool FC,H,Home,,,31.6,68.4,Very difficult,,,,,derived feature frame,False
051k3,2627,Jacob Ramsey,NEW,M,227.0,NEW,M,M,266.9,142.0,266.9,225.0,7.5,22.0,,19.0,-2.0,FA,LIV Sun 10:30AM,jacob ramsey,False,True,Matched eligible,pr_5380fdaae49410f3,456.0,051k3,Jacob Ramsey,Jacob Ramsey,Newcastle,NEW,M,True,a,,AVL/NEW,M,Transferred,Exact Name + Club,95.0,Official FPL API,2026-07-30T01:09:03.040438+00:00,051k3,Player Registry,Exact Name + Club,NEW,Transferred,False,Jacob Ramsey,AVL/NEW,M,38.0,135.0,2.0,13.5,13.5,0.0,0.0,1.2112666741013522,1.5663878619670863,0.0,22.0,1421.0,8941.0,90.0,1.0,6.5,0.3552631578947368,6.75,9.0,0.1759246363449398,0.0526315789473684,0.1666666666666666,True,True,matched by historical Fantrax ID,normalized Fantrax ID,1.0,13.5,6.75,2.0,13.5,9.0,100.0,62.2,27.4,49.3,42.16666666666666,42.86,46.68,1.3,Bench / Unknown,40.0,True,47.4,85.1,46.0,1.3,53.2,36.6,43.11,73.0,224.0,Tier 6,42.89999999999998,Strong value,,,Free Agent,,,,,,True,0,,,,,,,False,True,False,,,224.0,266.9,M,,,13.5,0.3552631578947368,9.0,13.5,6.75,9.0,135.0,2.0,0.0526315789473684,1.2112666741013522,1.5663878619670863,0.1759246363449398,1.3,49.3,42.86,38.0,6.75,6.75,2.7776545360684386,0.0767163973744698,0.0992082389704699,3.947368421052632,,,,,,,,,,,,,,2026-08-14T20:59:07.776936+00:00,MID,canonical primary position,newcastle_united,soccerdata:sofascore:16363246,2026-08-23,2026-08-23T15:30:00+00:00,Premier League,league,scheduled,1.0,False,newcastle_united,Newcastle United,liverpool,Liverpool FC,H,Home,,,31.6,68.4,Very difficult,,,,,derived feature frame,False
073ue,2627,Jaden Dixon,ARS,D,0.0,,,,,,,,,,,,,,,,,,,,,,,,,,,,,,,,,,,,,,,,,,,,,,,,,,,,,,,,,,,,,,,,,,,,,,,,,,,,,,,,,,,,,,,,,,,,,,,,,,,,,,,Free Agent,,,,,,True,0,,,,,,,False,True,False,,,,,,,,,,,,,,,,,,,,,,,,,,,,,,,,,,,,,,,,,,,2026-08-14T20:59:07.776936+00:00,DEF,first valid Fantrax position,arsenal,soccerdata:sofascore:16363633,2026-08-21,2026-08-21T19:00:00+00:00,Premier League,league,scheduled,1.0,False,arsenal,Arsenal,coventry_city,Coventry City,H,Home,,,55.2,44.8,Favorable,,,,,derived feature frame,False
05rff,2627,Jaden Philogene,IPS,"M,F",202.5,IPS,M,"M,F",160.8,183.0,160.8,195.0,6.72,96.0,,55.0,-5.0,FA,SUN Sat 9:00AM,jaden philogene,False,True,Matched eligible,pr_c040463bc62a3621,318.0,05rff,Jaden Philogene,Jaden Philogene,Ipswich Town,IPS,M,True,a,,,,New EPL Arrival,Exact Name + Club,95.0,Official FPL API,2026-07-30T01:09:03.040438+00:00,05rff,Player Registry,Exact Name + Club,IPS,New EPL Arrival,False,,,,,,,,,,,,,,,,,,,,,,,,,,False,False,no 2025/26 record for bridged ID,none,0.0,,,,,,,,,,38.833333333333336,43.44,41.53,0.0,Unknown / New Arrival,25.0,False,0.0,0.0,0.0,0.0,0.0,47.0,4.7,11.2,548.0,Deep,-387.2,Major reach,pr_c040463bc62a3621,Jaden Philogene,Rostered,ayk8m85amrp1z5vo,Up the Arse-nal,Up the Arse-nal,RESERVE,RESERVE,False,0,,,,,,,False,False,False,,,548.0,160.8,M,,,,,,,,,,,,,,,0.0,,43.44,,,,,,,,,,,,,,,,,,,,,2026-08-14T20:59:07.776936+00:00,MID,canonical primary position,ipswich_town,soccerdata:sofascore:16363636,2026-08-22,2026-08-22T14:00:00+00:00,Premier League,league,scheduled,1.0,False,ipswich_town,Ipswich Town,sunderland,Sunderland,H,Home,,,58.8,41.2,Favorable,,,,,derived feature frame,False
04gw7,2627,Jadon Sancho,MUN,"M,F",0.0,,,,,,,,,,,,,,,,,,,,,,,,,,,,,,,,,,,,,,,,,,,,,,,,,,,,,,,,,,,,,,,,,,,,,,,,,,,,,,,,,,,,,,,,,,,,,,,,,,,,,,,Free Agent,,,,,,True,0,,,,,,,False,True,False,,,,,,,,,,,,,,,,,,,,,,,,,,,,,,,,,,,,,,,,,,,2026-08-14T20:59:07.776936+00:00,MID,first valid Fantrax position,manchester_united,soccerdata:sofascore:16363634,2026-08-22,2026-08-22T11:30:00+00:00,Premier League,league,scheduled,1.0,False,manchester_united,Manchester United,hull_city,Hull City,A,Away,,,49.1,50.9,Neutral,,,,,derived feature frame,False
076dc,2627,Jahnoah Markelo,COV,"M,F",7.0,COV,F,"M,F",,518.0,,7.0,7.0,0.0,,0.0,0.0,FA,@ARS Fri 2:00PM,jahnoah markelo,False,True,Matched eligible,pr_538d6c5fafc8d706,196.0,076dc,Jahnoah Markelo,Jahnoah Markelo,Coventry City,COV,F,True,a,,,,New EPL Arrival,Exact Name + Club,95.0,Official FPL API,2026-07-30T01:09:03.040438+00:00,076dc,Player Registry,Exact Name + Club,COV,New EPL Arrival,False,,,,,,,,,,,,,,,,,,,,,,,,,,False,False,no 2025/26 record for bridged ID,none,0.0,,,,,,,,,,28.066666666666663,30.12,40.8,0.0,Unknown / New Arrival,25.0,False,0.0,0.0,0.0,0.0,0.0,2.3,0.23,11.2,621.0,Deep,,ADP unavailable,,,Free Agent,,,,,,True,0,,,,,,,False,True,False,,,621.0,,F,,,,,,,,,,,,,,,0.0,,30.12,,,,,,,,,,,,,,,,,,,,,2026-08-14T20:59:07.776936+00:00,FWD,canonical primary position,coventry_city,soccerdata:sofascore:16363633,2026-08-21,2026-08-21T19:00:00+00:00,Premier League,league,scheduled,1.0,False,coventry_city,Coventry City,arsenal,Arsenal,A,Away,,,18.9,81.1,Very difficult,,,,,derived feature frame,False
061vk,2627,Jaidon Anthony,BRF,"M,F",96.5,BRF,M,"M,F",119.7,230.0,119.7,91.0,9.1,91.0,,80.0,-1.0,FA,TOT Sat 11:30AM,jaidon anthony,False,True,Matched eligible,pr_4464c74a695b104f,105.0,061vk,Jaidon Anthony,Jaidon Anthony,Brentford,BRF,M,True,a,,BUR,"M,F",Transferred,Exact Name + Club,95.0,Official FPL API,2026-07-30T01:09:03.040438+00:00,061vk,Player Registry,Exact Name + Club,BRF,Transferred,False,Jaidon Anthony,BUR,"M,F",38.0,2273.0,27.0,254.5,166.5,7.0,4.0,5.564454321749508,4.374400090426206,0.0,37.0,2777.0,10746.0,518.0,6.0,46.5,6.697368421052632,5.55,10.076990761108668,0.3221090734950717,0.7105263157894737,1.0,True,True,matched by historical Fantrax ID,normalized Fantrax ID,1.0,166.5,5.55,30.0,254.5,6.592608886933568,65.42239685658153,29.4,35.6,32.6,45.36666666666667,47.48,44.42,71.6,Likely Starter,75.0,True,73.3,75.2,66.4,71.6,20.9,78.0,67.44,88.8,70.0,Tier 3,49.7,Strong value,pr_4464c74a695b104f,Jaidon Anthony,Rostered,hpsurdtbmrp1z5vo,Count Doku,Count Doku,RESERVE,RESERVE,False,0,,,Count Doku,hpsurdtbmrp1z5vo,13.0,148.0,True,False,True,13.0,148.0,70.0,119.7,M,,,254.5,6.697368421052632,10.076990761108668,166.5,5.55,6.592608886933568,2273.0,27.0,0.7105263157894737,5.564454321749508,4.374400090426206,0.3221090734950717,71.6,32.6,47.48,38.0,9.425925925925926,6.166666666666667,9.938854412175717,0.180338814892854,0.1417702586022177,66.46198830409357,,,,,,,,,,,,,,2026-08-14T20:59:07.776936+00:00,MID,canonical primary position,brentford,soccerdata:sofascore:16363242,2026-08-22,2026-08-22T16:30:00+00:00,Premier League,league,scheduled,1.0,False,brentford,Brentford,tottenham_hotspur,Tottenham Hotspur,H,Home,,,51.6,48.4,Neutral,,,,,derived feature frame,False
06ygm,2627,Jair Cunha,NOT,D,20.5,NOT,D,D,,439.0,,20.5,6.83,0.0,,3.0,0.0,FA,LEE Sat 9:00AM,jair cunha,False,True,Matched eligible,pr_bb3430ffb58b15d2,474.0,06ygm,Jair Paula da Cunha Filho,Jair Paula da Cunha Filho,Nott'm Forest,NOT,D,True,a,,NOT,D,Confirmed,Ordered Token Expanded Name,85.0,Official FPL API,2026-07-30T01:09:03.040438+00:00,06ygm,Player Registry,Ordered Token Expanded Name,NOT,Confirmed,False,Jair Paula da Cunha Filho,NOT,D,38.0,0.0,0.0,0.0,0.0,0.0,0.0,0.4848349690437317,0.0787873566150665,0.0,1.0,536.0,13779.0,0.0,0.0,0.0,0.0,0.0,,0.0946380770695743,0.0,0.0,True,True,matched by historical Fantrax ID,normalized Fantrax ID,1.0,,,,,,,39.9,34.4,37.8,48.333333333333336,45.36,43.16,0.0,Unknown / New Arrival,25.0,False,13.7,22.8,26.5,0.0,43.2,66.2,22.43,66.2,337.0,Deep,,ADP unavailable,,,Free Agent,,,,,,True,0,,,,,,,False,True,False,,,337.0,,D,,,0.0,0.0,,,,,0.0,0.0,0.0,0.4848349690437317,0.0787873566150665,0.0946380770695743,0.0,37.8,45.36,38.0,,,0.5636223256587982,0.0814088567424176,0.0132292203271566,0.0,,,,,,,,,,,,,,2026-08-14T20:59:07.776936+00:00,DEF,canonical primary position,,,,,,,,,,,,,,,,,,,,,,,,,derived feature frame,False
06v51,2627,Jaka Bijol,LEE,D,83.5,LEE,D,D,133.6,238.0,133.6,79.0,9.88,96.0,,71.0,-8.0,FA,@NOT Sat 9:00AM,jaka bijol,False,True,Matched eligible,pr_8fd6ab985ff72339,327.0,06v51,Jaka Bijol,Jaka Bijol,Leeds,LEE,D,True,a,,LEE,D,Confirmed,Exact Name + Club,95.0,Official FPL API,2026-07-30T01:09:03.040438+00:00,06v51,Player Registry,Exact Name + Club,LEE,Confirmed,False,Jaka Bijol,LEE,D,38.0,724.0,8.0,101.0,81.0,0.0,2.0,0.7184833548963065,1.3991827648133035,0.0,7.0,1895.0,6807.0,492.0,6.0,72.5,2.6578947368421053,6.231,12.55524861878453,0.1005751719123297,0.2105263157894736,1.0,True,True,matched by historical Fantrax ID,normalized Fantrax ID,1.0,81.0,6.231,13.0,101.0,10.069060773480665,80.19801980198021,38.1,24.1,31.1,45.56666666666666,43.0,38.71,50.0,Likely Rotation,55.0,False,73.9,81.5,27.8,50.0,30.4,42.0,55.82,79.8,151.0,Tier 5,-17.400000000000006,Reach,,,Free Agent,,,,,,True,0,,,,,,,False,True,False,,,151.0,133.6,D,,,101.0,2.6578947368421053,12.55524861878453,81.0,6.231,10.069060773480665,724.0,8.0,0.2105263157894736,0.7184833548963065,1.3991827648133035,0.1005751719123297,50.0,31.1,43.0,38.0,12.625,10.125,2.11766611970961,0.0341232200214604,0.0664519518908692,21.16959064327485,,,,,,,,,,,,,,2026-08-14T20:59:07.776936+00:00,DEF,canonical primary position,leeds_united,soccerdata:sofascore:16363238,2026-08-22,2026-08-22T14:00:00+00:00,Premier League,league,scheduled,1.0,False,leeds_united,Leeds United,nottingham_forest,Nottingham Forest,A,Away,,,49.5,50.5,Neutral,,,,,derived feature frame,False
02lpi,2627,Jake Bidwell,COV,D,14.0,COV,D,D,,465.0,,15.0,5.0,0.0,,0.0,0.0,FA,@ARS Fri 2:00PM,jake bidwell,False,True,Matched eligible,pr_87ff1b4977de681a,178.0,02lpi,Jake Bidwell,Jake Bidwell,Coventry City,COV,D,True,a,,,,New EPL Arrival,Exact Name + Club,95.0,Official FPL API,2026-07-30T01:09:03.040438+00:00,02lpi,Player Registry,Exact Name + Club,COV,New EPL Arrival,False,,,,,,,,,,,,,,,,,,,,,,,,,,False,False,no 2025/26 record for bridged ID,none,0.0,,,,,,,,,,28.066666666666663,30.12,40.8,0.0,Unknown / New Arrival,25.0,False,0.0,0.0,0.0,0.0,0.0,2.3,0.23,11.2,600.0,Deep,,ADP unavailable,,,Free Agent,,,,,,True,0,,,,,,,False,True,False,,,600.0,,D,,,,,,,,,,,,,,,0.0,,30.12,,,,,,,,,,,,,,,,,,,,,2026-08-14T20:59:07.776936+00:00,DEF,canonical primary position,coventry_city,soccerdata:sofascore:16363633,2026-08-21,2026-08-21T19:00:00+00:00,Premier League,league,scheduled,1.0,False,coventry_city,Coventry City,arsenal,Arsenal,A,Away,,,18.9,81.1,Very difficult,,,,,derived feature frame,False
062oh,2627,Jake O'Brien,EVE,D,233.5,EVE,D,D,204.3,132.0,204.3,233.5,6.87,65.0,,39.0,-6.0,FA,CRY Sat 9:00AM,jake o brien,False,True,Matched eligible,pr_15e16bf0309f74aa,232.0,062oh,Jake O'Brien,Jake O'Brien,Everton,EVE,D,True,a,,EVE,D,Confirmed,Exact Name + Club,95.0,Official FPL API,2026-07-30T01:09:03.040438+00:00,062oh,Player Registry,Exact Name + Club,EVE,Confirmed,False,Jake OBrien,EVE,D,38.0,2235.0,26.0,245.5,68.0,1.0,3.0,1.3068652302026744,0.7244354635477059,0.0,17.0,3146.0,12014.0,482.0,6.0,43.5,6.4605263157894735,6.8,9.885906040268456,0.0581109543666669,0.6842105263157895,1.0,True,True,matched by historical Fantrax ID,normalized Fantrax ID,1.0,68.0,6.8,10.0,83.0,2.738255033557047,81.92771084337349,18.7,43.5,29.0,42.06666666666666,41.9,42.48,76.6,Likely Starter,90.0,False,71.7,86.0,18.8,76.6,13.5,18.7,55.77,95.5,152.0,Tier 5,52.30000000000001,Strong value,,,Free Agent,,,,,,True,0,,,Up the Arse-nal,,,,False,True,True,10.0,109.0,152.0,204.3,D,,,245.5,6.4605263157894735,9.885906040268456,68.0,6.8,2.738255033557047,2235.0,26.0,0.6842105263157895,1.3068652302026744,0.7244354635477059,0.0581109543666669,76.6,29.0,41.9,38.0,9.442307692307692,2.6153846153846154,2.0313006937503806,0.0373864814743295,0.0207244728923374,65.35087719298247,,,,,,,,,,,,,,2026-08-14T20:59:07.776936+00:00,DEF,canonical primary position,everton,soccerdata:sofascore:16363635,2026-08-22,2026-08-22T14:00:00+00:00,Premier League,league,scheduled,1.0,False,everton,Everton,crystal_palace,Crystal Palace,H,Home,,,56.0,44.0,Favorable,,,,,derived feature frame,False
066nj,2627,James Debayo,HUL,D,0.0,,,,,,,,,,,,,,,,,,,,,,,,,,,,,,,,,,,,,,,,,,,,,,,,,,,,,,,,,,,,,,,,,,,,,,,,,,,,,,,,,,,,,,,,,,,,,,,,,,,,,,,Free Agent,,,,,,True,0,,,,,,,False,True,False,,,,,,,,,,,,,,,,,,,,,,,,,,,,,,,,,,,,,,,,,,,2026-08-14T20:59:07.776936+00:00,DEF,first valid Fantrax position,hull_city,soccerdata:sofascore:16363634,2026-08-22,2026-08-22T11:30:00+00:00,Premier League,league,scheduled,1.0,False,hull_city,Hull City,manchester_united,Manchester United,H,Home,,,32.0,68.0,Very difficult,,,,,derived feature frame,False
05vyf,2627,James Furlong,HUL,D,0.0,,,,,,,,,,,,,,,,,,,,,,,,,,,,,,,,,,,,,,,,,,,,,,,,,,,,,,,,,,,,,,,,,,,,,,,,,,,,,,,,,,,,,,,,,,,,,,,,,,,,,,,Free Agent,,,,,,True,0,,,,,,,False,True,False,,,,,,,,,,,,,,,,,,,,,,,,,,,,,,,,,,,,,,,,,,,2026-08-14T20:59:07.776936+00:00,DEF,first valid Fantrax position,hull_city,soccerdata:sofascore:16363634,2026-08-22,2026-08-22T11:30:00+00:00,Premier League,league,scheduled,1.0,False,hull_city,Hull City,manchester_united,Manchester United,H,Home,,,32.0,68.0,Very difficult,,,,,derived feature frame,False
04spw,2627,James Garner,EVE,"D,M",342.0,EVE,M,"D,M",32.1,21.0,32.1,343.0,9.8,100.0,,98.0,1.0,FA,CRY Sat 9:00AM,james garner,False,True,Matched eligible,pr_dfe2e59ea9df2439,239.0,04spw,James Garner,James Garner,Everton,EVE,M,True,i,Groin injury - Expected back 22 Aug,EVE,"D,M",Confirmed,Exact Name + Club,95.0,Official FPL API,2026-07-30T01:09:03.040438+00:00,04spw,Player Registry,Exact Name + Club,EVE,Confirmed,False,James Garner,EVE,"D,M",38.0,3143.0,35.0,411.0,339.0,1.0,7.0,2.0756452949717628,6.066574491560458,0.0,56.0,3417.0,7438.0,540.0,6.0,68.0,10.81578947368421,9.686,11.769010499522748,0.2144570619806555,0.9210526315789472,1.0,True,True,matched by historical Fantrax ID,normalized Fantrax ID,1.0,339.0,9.686,35.0,411.0,9.70728603245307,82.48175182481752,18.7,43.5,29.0,42.06666666666666,41.9,42.48,95.2,Locked Starter,90.0,False,88.5,98.3,52.6,95.2,13.5,18.7,71.45,95.5,47.0,Tier 3,-14.9,Reach,pr_dfe2e59ea9df2439,James Garner,Rostered,ayk8m85amrp1z5vo,Up the Arse-nal,Up the Arse-nal,RESERVE,RESERVE,False,0,,,Up the Arse-nal,ayk8m85amrp1z5vo,4.0,37.0,True,False,True,4.0,37.0,47.0,32.1,M,,,411.0,10.81578947368421,11.769010499522748,339.0,9.686,9.70728603245307,3143.0,35.0,0.9210526315789472,2.0756452949717628,6.066574491560458,0.2144570619806555,95.2,29.0,41.9,38.0,11.742857142857142,9.685714285714283,8.142219786532221,0.0546702009211175,0.1597868610595379,91.90058479532163,,,,,,,,,,,,,,2026-08-14T20:59:07.776936+00:00,MID,canonical primary position,everton,soccerdata:sofascore:16363635,2026-08-22,2026-08-22T14:00:00+00:00,Premier League,league,scheduled,1.0,False,everton,Everton,crystal_palace,Crystal Palace,H,Home,,,56.0,44.0,Favorable,,,,,derived feature frame,False
061vb,2627,James Hill,BOU,D,339.5,BOU,D,D,47.6,24.0,47.6,339.5,11.32,100.0,,95.0,0.0,FA,@MCI Sun 8:00AM,james hill,False,True,Matched eligible,pr_5806465caac71606,60.0,061vb,James Hill,James Hill,Bournemouth,BOU,D,True,a,,BOU,D,Confirmed,Exact Name + Club,95.0,Official FPL API,2026-07-30T01:09:03.040438+00:00,061vb,Player Registry,Exact Name + Club,BOU,Confirmed,False,James Hill,BOU,D,38.0,1350.0,15.0,233.0,189.0,0.0,2.0,0.950251823291182,1.4291670992970462,0.0,13.0,2100.0,10747.0,540.0,6.0,81.0,6.131578947368421,12.6,15.533333333333337,0.1019750966823526,0.3947368421052631,1.0,True,True,matched by historical Fantrax ID,normalized Fantrax ID,1.0,189.0,12.6,15.0,233.0,12.6,81.11587982832617,73.4,43.8,58.6,39.93333333333333,43.7,39.440000000000005,63.7,Likely Rotation,75.0,False,87.7,100.0,28.0,63.7,64.2,57.7,70.43,88.8,51.0,Tier 3,-3.3999999999999986,Near market,pr_5806465caac71606,James Hill,Rostered,ayk8m85amrp1z5vo,Up the Arse-nal,Up the Arse-nal,ACTIVE,ACTIVE,False,0,,,Up the Arse-nal,ayk8m85amrp1z5vo,3.0,36.0,True,False,True,3.0,36.0,51.0,47.6,D,,,233.0,6.131578947368421,15.533333333333337,189.0,12.6,12.6,1350.0,15.0,0.3947368421052631,0.950251823291182,1.4291670992970462,0.1019750966823526,63.7,58.6,43.7,38.0,15.533333333333331,12.6,2.3794189225882283,0.0407250781410506,0.0612500185413019,39.47368421052632,,,,,,,,,,,,,,2026-08-14T20:59:07.776936+00:00,DEF,canonical primary position,afc_bournemouth,soccerdata:sofascore:16363243,2026-08-23,2026-08-23T13:00:00+00:00,Premier League,league,scheduled,1.0,False,afc_bournemouth,Bournemouth,manchester_city,Manchester City,A,Away,,,16.8,83.2,Very difficult,,,,,derived feature frame,False
0521z,2627,James Justin,LEE,"D,M",279.0,LEE,D,"D,M",161.5,66.0,161.5,279.5,9.32,96.0,,58.0,-7.0,FA,@NOT Sat 9:00AM,james justin,False,True,Matched eligible,pr_ff824cbc8613648d,332.0,0521z,James Justin,James Justin,Leeds,LEE,D,True,a,,LEI/LEE,"D,M",Transferred,Exact Name + Club,95.0,Official FPL API,2026-07-30T01:09:03.040438+00:00,0521z,Player Registry,Exact Name + Club,LEE,Transferred,False,James Justin,LEI/LEE,"D,M",38.0,900.0,10.0,106.5,94.5,1.0,0.0,2.5627669915556903,2.572751060128212,0.0,13.0,1895.0,7753.0,540.0,6.0,70.0,2.8026315789473686,9.45,10.65,0.2439032320060956,0.2631578947368421,1.0,True,True,matched by historical Fantrax ID,normalized Fantrax ID,1.0,94.5,9.45,10.0,106.5,9.45,88.73239436619718,38.1,24.1,31.1,45.56666666666666,43.0,38.71,47.8,Likely Rotation,40.0,True,66.3,97.5,59.3,47.8,30.4,42.0,60.22,73.0,112.0,Tier 4,49.5,Strong value,pr_ff824cbc8613648d,James Justin,Rostered,61fz0pmkmrp1z5vo,wmuck1,wmuck1,ACTIVE,ACTIVE,False,0,,,wmuck1,61fz0pmkmrp1z5vo,9.0,107.0,True,False,True,9.0,107.0,112.0,161.5,D,,,106.5,2.8026315789473686,10.65,94.5,9.45,9.45,900.0,10.0,0.2631578947368421,2.5627669915556903,2.572751060128212,0.2439032320060956,47.8,31.1,43.0,38.0,10.65,9.45,5.135518051683903,0.1217145273034364,0.1221887047026591,26.31578947368421,,,,,,,,,,,,,,2026-08-14T20:59:07.776936+00:00,DEF,canonical primary position,leeds_united,soccerdata:sofascore:16363238,2026-08-22,2026-08-22T14:00:00+00:00,Premier League,league,scheduled,1.0,False,leeds_united,Leeds United,nottingham_forest,Nottingham Forest,A,Away,,,49.5,50.5,Neutral,,,,,derived feature frame,False
0414o,2627,James Maddison,TOT,M,47.5,TOT,M,M,62.3,308.0,62.3,46.5,23.25,100.0,,96.0,0.0,FA,@BRF Sat 11:30AM,james maddison,False,True,Matched eligible,pr_cde7e93c60d59836,515.0,0414o,James Maddison,James Maddison,Spurs,TOT,M,True,a,,TOT,M,Confirmed,Exact Name + Club,95.0,Official FPL API,2026-07-30T01:09:03.040438+00:00,0414o,Player Registry,Exact Name + Club,TOT,Confirmed,False,,TOT,M,38.0,0.0,0.0,0.0,0.0,0.0,0.0,0.0,0.0,0.0,0.0,0.0,,0.0,0.0,0.0,0.0,0.0,,,0.0,0.0,True,True,matched by historical Fantrax ID,normalized Fantrax ID,1.0,0.0,0.0,15.0,0.0,,,30.7,33.2,33.3,51.5,51.620000000000005,49.47,0.0,Unknown / New Arrival,25.0,False,13.7,22.8,0.0,0.0,28.3,96.5,20.0,46.2,372.0,Deep,-309.7,Major reach,pr_cde7e93c60d59836,James Maddison,Rostered,rx9bjhp3mrp1z5vo,KindComet,KindComet,ACTIVE,ACTIVE,False,0,,,KindComet,rx9bjhp3mrp1z5vo,6.0,68.0,True,False,True,6.0,68.0,372.0,62.3,M,,,0.0,0.0,,0.0,0.0,,0.0,0.0,0.0,0.0,0.0,,0.0,33.3,51.620000000000005,38.0,,,0.0,,,0.0,,,,,,,,,,,,,,2026-08-14T20:59:07.776936+00:00,MID,canonical primary position,tottenham_hotspur,soccerdata:sofascore:16363242,2026-08-22,2026-08-22T16:30:00+00:00,Premier League,league,scheduled,1.0,False,tottenham_hotspur,Tottenham Hotspur,brentford,Brentford,A,Away,,,55.1,44.9,Favorable,,,,,derived feature frame,False
06do3,2627,James McConnell,LIV,M,0.0,LIV,M,M,,620.0,,0.0,0.0,0.0,,1.0,0.0,FA,@NEW Sun 10:30AM,james mcconnell,False,True,Matched eligible,pr_ffd8de5d17689b2d,378.0,06do3,James McConnell,James McConnell,Liverpool,LIV,M,True,a,,LIV,M,Confirmed,Exact Name + Club,95.0,Official FPL API,2026-07-30T01:09:03.040438+00:00,06do3,Player Registry,Exact Name + Club,LIV,Confirmed,False,,LIV,M,3.0,0.0,0.0,0.0,0.0,0.0,0.0,0.0,0.0,0.0,0.0,0.0,,0.0,0.0,0.0,0.0,0.0,,,0.0,0.0,True,True,matched by historical Fantrax ID,normalized Fantrax ID,1.0,,,,,,,83.8,61.5,74.8,46.4,49.71999999999999,50.39,0.0,Unknown / New Arrival,25.0,False,13.7,22.8,0.0,0.0,77.2,90.1,24.24,46.2,329.0,Deep,,ADP unavailable,,,Free Agent,,,,,,True,0,,,,,,,False,True,False,,,329.0,,M,,,0.0,0.0,,,,,0.0,0.0,0.0,0.0,0.0,,0.0,74.8,49.71999999999999,3.0,,,0.0,,,0.0,,,,,,,,,,,,,,2026-08-14T20:59:07.776936+00:00,MID,canonical primary position,liverpool,soccerdata:sofascore:16363246,2026-08-23,2026-08-23T15:30:00+00:00,Premier League,league,scheduled,1.0,False,liverpool,Liverpool FC,newcastle_united,Newcastle United,A,Away,,,48.2,51.8,Neutral,,,,,derived feature frame,False
05uhs,2627,James Mcatee,NOT,M,10.5,NOT,M,M,,506.0,,9.5,9.5,0.0,,5.0,-1.0,FA,LEE Sat 9:00AM,james mcatee,False,True,Matched eligible,pr_578a93f4e34f8fd2,486.0,05uhs,James McAtee,James McAtee,Nott'm Forest,NOT,M,True,a,,MCI/NOT,M,Transferred,Exact Name + Club,95.0,Official FPL API,2026-07-30T01:09:03.040438+00:00,05uhs,Player Registry,Exact Name + Club,NOT,Transferred,False,James Mcatee,MCI/NOT,M,38.0,0.0,0.0,0.0,0.0,0.0,0.0,0.1997519331052898,0.8618234768509863,0.0,6.0,263.0,10126.0,0.0,0.0,0.0,0.0,0.0,,0.3632767562588017,0.0,0.0,True,True,matched by historical Fantrax ID,normalized Fantrax ID,1.0,,,,,,,39.9,34.4,37.8,48.333333333333336,45.36,43.16,0.0,Unknown / New Arrival,25.0,False,13.7,22.8,69.8,0.0,43.2,66.2,28.94,66.2,301.0,Deep,,ADP unavailable,,,Free Agent,,,,,,True,0,,,,,,,False,True,False,,,301.0,,M,,,0.0,0.0,,,,,0.0,0.0,0.0,0.1997519331052898,0.8618234768509863,0.3632767562588017,0.0,37.8,45.36,38.0,,,1.061575409956276,0.0683561748269052,0.2949205814318965,0.0,,,,,,,,,,,,,,2026-08-14T20:59:07.776936+00:00,MID,canonical primary position,,,,,,,,,,,,,,,,,,,,,,,,,derived feature frame,False
02lv9,2627,James Milner,BHA,M,0.0,,,,,,,,,,,,,,,,,,,,,,,,,,,,,,,,,,,,,,,,,,,,,,,,,,,,,,,,,,,,,,,,,,,,,,,,,,,,,,,,,,,,,,,,,,,,,,,,,,,,,,,Free Agent,,,,,,True,0,,,,,,,False,True,False,,,,,,,,,,,,,,,,,,,,,,,,,,,,,,,,,,,,,,,,,,,2026-08-14T20:59:07.776936+00:00,MID,first valid Fantrax position,brighton_hove_albion,soccerdata:sofascore:16363236,2026-08-23,2026-08-23T13:00:00+00:00,Premier League,league,scheduled,1.0,False,brighton_hove_albion,Brighton & Hove Albion,aston_villa,Aston Villa,H,Home,,,39.0,61.0,Difficult,,,,,derived feature frame,False
06zc5,2627,James Rowswell,TOT,D,0.0,,,,,,,,,,,,,,,,,,,,,,,,,,,,,,,,,,,,,,,,,,,,,,,,,,,,,,,,,,,,,,,,,,,,,,,,,,,,,,,,,,,,,,,,,,,,,,,,,,,,,,,Free Agent,,,,,,True,0,,,,,,,False,True,False,,,,,,,,,,,,,,,,,,,,,,,,,,,,,,,,,,,,,,,,,,,2026-08-14T20:59:07.776936+00:00,DEF,first valid Fantrax position,tottenham_hotspur,soccerdata:sofascore:16363242,2026-08-22,2026-08-22T16:30:00+00:00,Premier League,league,scheduled,1.0,False,tottenham_hotspur,Tottenham Hotspur,brentford,Brentford,A,Away,,,55.1,44.9,Favorable,,,,,derived feature frame,False
0427d,2627,James Tarkowski,EVE,D,385.5,EVE,D,D,28.4,6.0,28.4,385.5,10.71,100.0,,99.0,0.0,FA,CRY Sat 9:00AM,james tarkowski,False,True,Matched eligible,pr_42d1605ae412cfed,229.0,0427d,James Tarkowski,James Tarkowski,Everton,EVE,D,True,a,,EVE,D,Confirmed,Exact Name + Club,95.0,Official FPL API,2026-07-30T01:09:03.040438+00:00,0427d,Player Registry,Exact Name + Club,EVE,Confirmed,False,James Tarkowski,EVE,D,38.0,3330.0,37.0,489.5,426.5,2.0,3.0,2.8690776508301488,2.056711476296186,0.0,18.0,3330.0,1665.0,540.0,6.0,70.5,12.88157894736842,11.224,13.22972972972973,0.1331294358682793,0.9736842105263158,1.0,True,True,matched by historical Fantrax ID,normalized Fantrax ID,1.0,426.5,11.224,38.0,489.5,11.527027027027028,87.12972420837589,18.7,43.5,29.0,42.06666666666666,41.9,42.48,98.4,Locked Starter,90.0,False,96.1,99.4,36.0,98.4,13.5,18.7,72.05,95.5,43.0,Tier 3,-14.6,Reach,pr_42d1605ae412cfed,James Tarkowski,Rostered,h2e8dn5dmrp1z5vp,Berkshire’s Club,Berkshire’s Club,ACTIVE,ACTIVE,False,0,,,Berkshire's Club,h2e8dn5dmrp1z5vp,2.0,19.0,True,False,True,2.0,19.0,43.0,28.4,D,,,489.5,12.88157894736842,13.22972972972973,426.5,11.224,11.527027027027028,3330.0,37.0,0.9736842105263158,2.8690776508301488,2.056711476296186,0.1331294358682793,98.4,29.0,41.9,38.0,13.22972972972973,11.527027027027026,4.925789127126334,0.0775426392116256,0.0555867966566536,97.36842105263158,,,,,,,,,,,,,,2026-08-14T20:59:07.776936+00:00,DEF,canonical primary position,everton,soccerdata:sofascore:16363635,2026-08-22,2026-08-22T14:00:00+00:00,Premier League,league,scheduled,1.0,False,everton,Everton,crystal_palace,Crystal Palace,H,Home,,,56.0,44.0,Favorable,,,,,derived feature frame,False
05oz3,2627,James Trafford,MCI,G,14.0,MCI,G,G,246.8,476.0,246.8,14.0,4.67,39.0,,38.0,5.0,FA,BOU Sun 8:00AM,james trafford,False,True,Matched eligible,pr_7d1542772dab63c1,385.0,05oz3,James Trafford,James Trafford,Man City,MCI,G,True,a,,MCI,G,Confirmed,Exact Name + Club,95.0,Official FPL API,2026-07-30T01:09:03.040438+00:00,05oz3,Player Registry,Exact Name + Club,MCI,Confirmed,False,James Trafford,MCI,G,38.0,360.0,4.0,37.0,37.0,0.0,0.0,0.0,0.0,0.0,0.0,360.0,9077.0,90.0,1.0,4.0,0.9736842105263158,9.25,9.25,0.0,0.1052631578947368,0.1666666666666666,True,True,matched by historical Fantrax ID,normalized Fantrax ID,1.0,37.0,9.25,4.0,37.0,9.25,100.0,98.2,94.1,96.1,43.93333333333333,42.42,45.38,13.0,Bench / Unknown,55.0,False,53.3,96.9,3.8,13.0,96.2,30.3,46.35,79.8,201.0,Tier 6,45.80000000000001,Strong value,pr_7d1542772dab63c1,James Trafford,Rostered,w2mnqywumrp1z5vp,tpem,tpem,ACTIVE,ACTIVE,False,0,,,,,,,False,False,False,,,201.0,246.8,G,,,37.0,0.9736842105263158,9.25,37.0,9.25,9.25,360.0,4.0,0.1052631578947368,0.0,0.0,0.0,13.0,96.1,42.42,38.0,9.25,9.25,0.0,0.0,0.0,10.526315789473683,,,,,,,,,,,,,,2026-08-14T20:59:07.776936+00:00,GK,canonical primary position,manchester_city,soccerdata:sofascore:16363243,2026-08-23,2026-08-23T13:00:00+00:00,Premier League,league,scheduled,1.0,False,manchester_city,Manchester City,afc_bournemouth,Bournemouth,H,Home,,,49.6,50.4,Neutral,,,,,derived feature frame,False
073k1,2627,James Wilson,TOT,F,0.0,,,,,,,,,,,,,,,,,,,,,,,,,,,,,,,,,,,,,,,,,,,,,,,,,,,,,,,,,,,,,,,,,,,,,,,,,,,,,,,,,,,,,,,,,,,,,,,,,,,,,,,Free Agent,,,,,,True,0,,,,,,,False,True,False,,,,,,,,,,,,,,,,,,,,,,,,,,,,,,,,,,,,,,,,,,,2026-08-14T20:59:07.776936+00:00,FWD,first valid Fantrax position,tottenham_hotspur,soccerdata:sofascore:16363242,2026-08-22,2026-08-22T16:30:00+00:00,Premier League,league,scheduled,1.0,False,tottenham_hotspur,Tottenham Hotspur,brentford,Brentford,A,Away,,,55.1,44.9,Favorable,,,,,derived feature frame,False
06avm,2627,James Wright,AVL,G,0.0,,,,,,,,,,,,,,,,,,,,,,,,,,,,,,,,,,,,,,,,,,,,,,,,,,,,,,,,,,,,,,,,,,,,,,,,,,,,,,,,,,,,,,,,,,,,,,,,,,,,,,,Free Agent,,,,,,True,0,,,,,,,False,True,False,,,,,,,,,,,,,,,,,,,,,,,,,,,,,,,,,,,,,,,,,,,2026-08-14T20:59:07.776936+00:00,GK,first valid Fantrax position,aston_villa,soccerdata:sofascore:16363236,2026-08-23,2026-08-23T13:00:00+00:00,Premier League,league,scheduled,1.0,False,aston_villa,Aston Villa,brighton_hove_albion,Brighton & Hove Albion,A,Away,,,38.5,61.5,Difficult,,,,,derived feature frame,False
076d5,2627,Jamie Allen,COV,M,0.0,,,,,,,,,,,,,,,,,,,,,,,,,,,,,,,,,,,,,,,,,,,,,,,,,,,,,,,,,,,,,,,,,,,,,,,,,,,,,,,,,,,,,,,,,,,,,,,,,,,,,,,Free Agent,,,,,,True,0,,,,,,,False,True,False,,,,,,,,,,,,,,,,,,,,,,,,,,,,,,,,,,,,,,,,,,,2026-08-14T20:59:07.776936+00:00,MID,first valid Fantrax position,coventry_city,soccerdata:sofascore:16363633,2026-08-21,2026-08-21T19:00:00+00:00,Premier League,league,scheduled,1.0,False,coventry_city,Coventry City,arsenal,Arsenal,A,Away,,,18.9,81.1,Very difficult,,,,,derived feature frame,False
06y9n,2627,Jamie Gittens,CHE,"M,F",30.0,CHE,M,"M,F",,403.0,,28.0,9.33,0.0,,7.0,-2.0,FA,@FUL Mon 2:00PM,jamie gittens,False,True,Matched eligible,pr_ab86aa311f3fe5ed,158.0,06y9n,Jamie Bynoe-Gittens,Jamie Bynoe-Gittens,Chelsea,CHE,M,True,a,,CHE,"M,F",Confirmed,Ordered Token Expanded Name,85.0,Official FPL API,2026-07-30T01:09:03.040438+00:00,06y9n,Player Registry,Ordered Token Expanded Name,CHE,Confirmed,False,Jamie Gittens,CHE,"M,F",38.0,87.0,1.0,9.0,9.0,0.0,0.0,0.892472798004746,0.978217288851738,0.0,9.0,455.0,10542.0,0.0,0.0,0.0,0.2368421052631578,3.0,9.310344827586206,0.3700266105869969,0.0263157894736842,0.0,True,True,matched by historical Fantrax ID,normalized Fantrax ID,1.0,9.0,3.0,3.0,9.0,9.310344827586206,100.0,68.4,56.8,65.6,50.53333333333333,46.98,47.54,1.5,Bench / Unknown,55.0,False,48.8,56.2,70.6,1.5,63.8,71.8,47.55,79.8,198.0,Tier 6,,ADP unavailable,,,Free Agent,,,,,,True,0,,,,,,,False,True,False,,,198.0,,M,,,9.0,0.2368421052631578,9.310344827586206,9.0,3.0,9.310344827586206,87.0,1.0,0.0263157894736842,0.892472798004746,0.978217288851738,0.3700266105869969,1.5,65.6,46.98,38.0,9.0,9.0,1.870690086856484,0.1765330809240156,0.1934935296629811,2.543859649122807,,,,,,,,,,,,,,2026-08-14T20:59:07.776936+00:00,MID,canonical primary position,chelsea,soccerdata:sofascore:16363244,2026-08-24,2026-08-24T19:00:00+00:00,Premier League,league,scheduled,1.0,False,chelsea,Chelsea,fulham,Fulham,A,Away,,,50.9,49.1,Neutral,,,,,derived feature frame,False
05oh0,2627,Jan-Paul van Hecke,TOT,D,305.5,TOT,D,D,83.8,43.0,83.8,305.0,9.84,100.0,,99.0,1.0,FA,@BRF Sat 11:30AM,jan paul van hecke,False,True,Matched eligible,pr_e57c0d25a5f267f6,112.0,05oh0,Jan Paul van Hecke,Jan Paul van Hecke,Spurs,TOT,D,True,a,,BHA,D,Transferred,Exact Name + Club,95.0,Official FPL API,2026-07-30T01:09:03.040438+00:00,05oh0,Player Registry,Exact Name + Club,TOT,Transferred,False,Jan-Paul van Hecke,BHA,D,38.0,2580.0,29.0,365.0,288.0,2.0,3.0,3.358578664250671,1.0255657620728011,0.0,12.0,3214.0,10807.0,540.0,6.0,77.0,9.605263157894736,9.29,12.732558139534884,0.1227669565554177,0.7631578947368421,1.0,True,True,matched by historical Fantrax ID,normalized Fantrax ID,1.0,288.0,9.29,31.0,365.0,10.046511627906977,78.9041095890411,30.7,33.2,33.3,51.5,51.620000000000005,49.47,77.4,Likely Starter,75.0,True,91.1,97.1,32.5,77.4,28.3,96.5,74.74,88.8,34.0,Tier 2,49.8,Strong value,pr_e57c0d25a5f267f6,Jan Paul van Hecke,Rostered,hpsurdtbmrp1z5vo,Count Doku,Count Doku,ACTIVE,ACTIVE,False,0,,,Count Doku,hpsurdtbmrp1z5vo,4.0,45.0,True,False,True,4.0,45.0,34.0,83.8,D,,,365.0,9.605263157894736,12.732558139534884,288.0,9.29,10.046511627906977,2580.0,29.0,0.7631578947368421,3.358578664250671,1.0255657620728011,0.1227669565554177,77.4,33.3,51.620000000000005,38.0,12.586206896551724,9.93103448275862,4.384144426323472,0.0940485624712384,0.0287183940841792,75.43859649122807,,,,,,,,,,,,,,2026-08-14T20:59:07.776936+00:00,DEF,canonical primary position,tottenham_hotspur,soccerdata:sofascore:16363242,2026-08-22,2026-08-22T16:30:00+00:00,Premier League,league,scheduled,1.0,False,tottenham_hotspur,Tottenham Hotspur,brentford,Brentford,A,Away,,,55.1,44.9,Favorable,,,,,derived feature frame,False
076kc,2627,Jannik Schuster,BRF,D,0.0,BRF,D,D,,653.0,,0.0,0.0,0.0,,1.0,0.0,FA,TOT Sat 11:30AM,jannik schuster,False,True,Matched eligible,pr_85d6f7bc47e6aadc,93.0,076kc,Jannik Schuster,Jannik Schuster,Brentford,BRF,D,True,a,,,,New EPL Arrival,Exact Name + Club,95.0,Official FPL API,2026-07-30T01:09:03.040438+00:00,076kc,Player Registry,Exact Name + Club,BRF,New EPL Arrival,False,,,,,,,,,,,,,,,,,,,,,,,,,,False,False,no 2025/26 record for bridged ID,none,0.0,,,,,,,29.4,35.6,32.6,45.36666666666667,47.48,44.42,0.0,Unknown / New Arrival,25.0,False,0.0,0.0,0.0,0.0,20.9,78.0,9.89,21.2,512.0,Deep,,ADP unavailable,,,Free Agent,,,,,,True,0,,,,,,,False,True,False,,,512.0,,D,,,,,,,,,,,,,,,0.0,32.6,47.48,,,,,,,,,,,,,,,,,,,,,2026-08-14T20:59:07.776936+00:00,DEF,canonical primary position,brentford,soccerdata:sofascore:16363242,2026-08-22,2026-08-22T16:30:00+00:00,Premier League,league,scheduled,1.0,False,brentford,Brentford,tottenham_hotspur,Tottenham Hotspur,H,Home,,,51.6,48.4,Neutral,,,,,derived feature frame,False
05l27,2627,Jarrad Branthwaite,EVE,D,266.0,EVE,D,D,142.8,85.0,142.8,266.0,7.82,100.0,,75.0,-5.0,FA,CRY Sat 9:00AM,jarrad branthwaite,False,True,Matched eligible,pr_095fc765499cd3c7,230.0,05l27,Jarrad Branthwaite,Jarrad Branthwaite,Everton,EVE,D,True,a,,EVE,D,Confirmed,Exact Name + Club,95.0,Official FPL API,2026-07-30T01:09:03.040438+00:00,05l27,Player Registry,Exact Name + Club,EVE,Confirmed,False,Jarrad Branthwaite,EVE,D,38.0,587.0,6.0,77.5,65.5,1.0,0.0,0.3099620118737218,0.373225899413228,0.0,3.0,682.0,8476.0,86.0,1.0,8.5,2.039473684210526,3.119,11.882453151618398,0.0901567624865476,0.1578947368421052,0.1666666666666666,True,True,matched by historical Fantrax ID,normalized Fantrax ID,1.0,65.5,3.119,21.0,77.5,10.04258943781942,84.51612903225806,18.7,43.5,29.0,42.06666666666666,41.9,42.48,16.5,Bench / Unknown,55.0,False,69.8,57.5,25.4,16.5,13.5,18.7,39.89,79.8,247.0,Tier 6,-104.2,Major reach,pr_095fc765499cd3c7,Jarrad Branthwaite,Rostered,ayk8m85amrp1z5vo,Up the Arse-nal,Up the Arse-nal,ACTIVE,ACTIVE,False,0,,,Up the Arse-nal,ayk8m85amrp1z5vo,9.0,108.0,True,False,True,9.0,108.0,247.0,142.8,D,,,77.5,2.039473684210526,11.882453151618398,65.5,3.119,10.04258943781942,587.0,6.0,0.1578947368421052,0.3099620118737218,0.373225899413228,0.0901567624865476,16.5,29.0,41.9,38.0,12.916666666666666,10.916666666666666,0.6831879112869498,0.0409040778132477,0.0492526846732998,17.163742690058477,,,,,,,,,,,,,,2026-08-14T20:59:07.776936+00:00,DEF,canonical primary position,everton,soccerdata:sofascore:16363635,2026-08-22,2026-08-22T14:00:00+00:00,Premier League,league,scheduled,1.0,False,everton,Everton,crystal_palace,Crystal Palace,H,Home,,,56.0,44.0,Favorable,,,,,derived feature frame,False
04rha,2627,Jason Steele,BHA,G,2.5,BHA,G,G,,537.0,,2.5,2.5,0.0,,1.0,0.0,FA,AVL Sun 8:00AM,jason steele,False,True,Matched eligible,pr_13a28759fafa657c,111.0,04rha,Jason Steele,Jason Steele,Brighton,BHA,G,True,a,,BHA,G,Confirmed,Exact Name + Club,95.0,Official FPL API,2026-07-30T01:09:03.040438+00:00,04rha,Player Registry,Exact Name + Club,BHA,Confirmed,False,,BHA,G,38.0,0.0,0.0,0.0,0.0,0.0,0.0,0.0,0.0,0.0,0.0,0.0,,0.0,0.0,0.0,0.0,0.0,,,0.0,0.0,True,True,matched by historical Fantrax ID,normalized Fantrax ID,1.0,,,,,,,,,,,,,0.0,Unknown / New Arrival,25.0,False,13.7,22.8,0.0,0.0,0.0,0.0,7.52,36.2,529.0,Deep,,ADP unavailable,,,Free Agent,,,,,,True,0,,,,,,,False,True,False,,,529.0,,G,,,0.0,0.0,,,,,0.0,0.0,0.0,0.0,0.0,,0.0,,,38.0,,,0.0,,,0.0,,,,,,,,,,,,,,2026-08-14T20:59:07.776936+00:00,GK,canonical primary position,brighton_hove_albion,soccerdata:sofascore:16363236,2026-08-23,2026-08-23T13:00:00+00:00,Premier League,league,scheduled,1.0,False,brighton_hove_albion,Brighton & Hove Albion,aston_villa,Aston Villa,H,Home,,,39.0,61.0,Difficult,,,,,derived feature frame,False
03fgl,2627,Jay da Silva,COV,D,231.0,COV,D,D,,133.0,,233.0,7.06,0.0,,4.0,1.0,FA,@ARS Fri 2:00PM,jay da silva,False,True,Matched eligible,pr_d522b1300b9ba94f,176.0,03fgl,Jay Dasilva,Jay Dasilva,Coventry City,COV,D,True,a,,,,New EPL Arrival,Unique Fuzzy,75.0,Official FPL API,2026-07-30T01:09:03.040438+00:00,03fgl,Player Registry,Unique Fuzzy,COV,New EPL Arrival,False,,,,,,,,,,,,,,,,,,,,,,,,,,False,False,no 2025/26 record for bridged ID,none,0.0,,,,,,,,,,28.066666666666663,30.12,40.8,0.0,Unknown / New Arrival,25.0,False,0.0,0.0,0.0,0.0,0.0,2.3,0.23,11.2,602.0,Deep,,ADP unavailable,,,Free Agent,,,,,,True,0,,,,,,,False,True,False,,,602.0,,D,,,,,,,,,,,,,,,0.0,,30.12,,,,,,,,,,,,,,,,,,,,,2026-08-14T20:59:07.776936+00:00,DEF,canonical primary position,coventry_city,soccerdata:sofascore:16363633,2026-08-21,2026-08-21T19:00:00+00:00,Premier League,league,scheduled,1.0,False,coventry_city,Coventry City,arsenal,Arsenal,A,Away,,,18.9,81.1,Very difficult,,,,,derived feature frame,False
070hb,2627,Jaydee Canvot,CRY,D,201.5,CRY,D,D,248.6,154.0,248.6,216.5,7.73,39.0,,15.0,4.0,FA,@EVE Sat 9:00AM,jaydee canvot,False,True,Matched eligible,pr_ff000865df0b15ef,203.0,070hb,Jaydee Canvot,Jaydee Canvot,Crystal Palace,CRY,D,True,a,,CRY,D,Confirmed,Exact Name + Club,95.0,Official FPL API,2026-07-30T01:09:03.040438+00:00,070hb,Player Registry,Exact Name + Club,CRY,Confirmed,False,Jaydee Canvot,CRY,D,38.0,450.0,5.0,23.5,41.5,0.0,0.0,1.5658284928649664,0.0823616674169896,0.0,3.0,1334.0,13091.0,450.0,5.0,23.5,0.618421052631579,8.3,4.7,0.1111972372004318,0.131578947368421,0.8333333333333334,True,True,matched by historical Fantrax ID,normalized Fantrax ID,1.0,41.5,8.3,5.0,23.5,8.299999999999999,176.59574468085106,18.2,57.9,33.9,40.0,40.32,42.81,41.2,Rotation Risk,55.0,False,36.2,93.7,30.2,41.2,19.2,7.1,40.31,79.8,242.0,Tier 6,6.599999999999994,Near market,,,Free Agent,,,,,,True,0,,,,,,,False,True,False,,,242.0,248.6,D,,,23.5,0.618421052631579,4.7,41.5,8.3,8.299999999999999,450.0,5.0,0.131578947368421,1.5658284928649664,0.0823616674169896,0.1111972372004318,41.2,33.9,40.32,38.0,4.7,8.3,1.648190160281956,0.1056406029669017,0.00555663423353,13.157894736842104,,,,,,,,,,,,,,2026-08-14T20:59:07.776936+00:00,DEF,canonical primary position,crystal_palace,soccerdata:sofascore:16363635,2026-08-22,2026-08-22T14:00:00+00:00,Premier League,league,scheduled,1.0,False,crystal_palace,Crystal Palace,everton,Everton,A,Away,,,51.6,48.4,Neutral,,,,,derived feature frame,False
05o8o,2627,Jayden Bogle,LEE,"D,M",230.0,LEE,D,"D,M",286.6,135.0,286.6,229.5,6.95,9.0,,9.0,-1.0,FA,@NOT Sat 9:00AM,jayden bogle,False,True,Matched eligible,pr_e71affba61ec9f61,330.0,05o8o,Jayden Bogle,Jayden Bogle,Leeds,LEE,D,True,a,,LEE,"D,M",Confirmed,Exact Name + Club,95.0,Official FPL API,2026-07-30T01:09:03.040438+00:00,05o8o,Player Registry,Exact Name + Club,LEE,Confirmed,False,Jayden Bogle,LEE,"D,M",38.0,393.0,5.0,43.5,26.5,0.0,1.0,1.8920641141012309,3.525156274437904,0.0,21.0,2822.0,9205.0,223.0,3.0,30.0,1.144736842105263,6.625,9.961832061068703,0.1727674822709149,0.131578947368421,0.5,True,True,matched by historical Fantrax ID,normalized Fantrax ID,1.0,26.5,6.625,4.0,43.5,6.068702290076336,60.91954022988506,38.1,24.1,31.1,45.56666666666666,43.0,38.71,24.6,Rotation Risk,55.0,False,58.2,84.2,45.0,24.6,30.4,42.0,49.0,79.8,190.0,Tier 6,96.60000000000002,Strong value,,,Free Agent,,,,,,True,0,,,,,,,False,True,False,,,190.0,286.6,D,,,43.5,1.144736842105263,9.961832061068703,26.5,6.625,6.068702290076336,393.0,5.0,0.131578947368421,1.8920641141012309,3.525156274437904,0.1727674822709149,24.6,31.1,43.0,38.0,8.7,5.3,5.417220388539135,0.0603422290110243,0.1124252532598906,11.491228070175438,,,,,,,,,,,,,,2026-08-14T20:59:07.776936+00:00,DEF,canonical primary position,leeds_united,soccerdata:sofascore:16363238,2026-08-22,2026-08-22T14:00:00+00:00,Premier League,league,scheduled,1.0,False,leeds_united,Leeds United,nottingham_forest,Nottingham Forest,A,Away,,,49.5,50.5,Neutral,,,,,derived feature frame,False
06klv,2627,Jayden Danns,LIV,F,-1.0,,,,,,,,,,,,,,,,,,,,,,,,,,,,,,,,,,,,,,,,,,,,,,,,,,,,,,,,,,,,,,,,,,,,,,,,,,,,,,,,,,,,,,,,,,,,,,,,,,,,,,,Free Agent,,,,,,True,0,,,,,,,False,True,False,,,,,,,,,,,,,,,,,,,,,,,,,,,,,,,,,,,,,,,,,,,2026-08-14T20:59:07.776936+00:00,FWD,first valid Fantrax position,liverpool,soccerdata:sofascore:16363246,2026-08-23,2026-08-23T15:30:00+00:00,Premier League,league,scheduled,1.0,False,liverpool,Liverpool FC,newcastle_united,Newcastle United,A,Away,,,48.2,51.8,Neutral,,,,,derived feature frame,False
070ep,2627,Jayden Jones,SUN,M,0.0,SUN,M,M,,601.0,,0.0,0.0,0.0,,0.0,0.0,FA,@IPS Sat 9:00AM,jaydon jones,True,False,Inactive / historical only,pr_84802e84423a0050,,070ep,Jayden Jones,,SUN,SUN,M,False,unverified,,SUN,M,Historical Only,Unresolved,0.0,Fantrax / historical,,070ep,Player Registry,Unresolved,SUN,Historical Only,False,,SUN,M,38.0,0.0,0.0,0.0,0.0,0.0,0.0,0.0,0.0,0.0,0.0,0.0,,0.0,0.0,0.0,0.0,0.0,,,0.0,0.0,True,True,matched by historical Fantrax ID,normalized Fantrax ID,1.0,,,,,,,7.9,49.1,27.1,43.6,42.0,37.67,0.0,Unknown / New Arrival,25.0,False,13.7,22.8,0.0,0.0,3.8,23.7,10.27,46.2,,,,Not draft eligible,,,Free Agent,,,,,,True,0,,,,,,,False,True,False,,,,,M,,,0.0,0.0,,,,,0.0,0.0,0.0,0.0,0.0,,0.0,27.1,42.0,38.0,,,0.0,,,0.0,,,,,,,,,,,,,,2026-08-14T20:59:07.776936+00:00,MID,canonical primary position,sunderland,soccerdata:sofascore:16363636,2026-08-22,2026-08-22T14:00:00+00:00,Premier League,league,scheduled,1.0,False,sunderland,Sunderland,ipswich_town,Ipswich Town,A,Away,,,44.4,55.6,Difficult,,,,,derived feature frame,False
075sh,2627,Jayden Lienou,LEE,D,0.0,LEE,D,D,,,,0.0,0.0,0.0,,1.0,1.0,W <small>(Tue)</small>,@NOT Sat 9:00AM,jayden lienou,True,False,Inactive / historical only,pr_8251b0daf8230c5f,,075sh,Jayden Lienou,,LEE,LEE,D,False,unverified,,LEE,D,Historical Only,Unresolved,0.0,Fantrax / historical,,075sh,Player Registry,Unresolved,LEE,Historical Only,False,,LEE,D,4.0,0.0,0.0,0.0,0.0,0.0,0.0,0.0,0.0,0.0,0.0,0.0,,0.0,0.0,0.0,0.0,0.0,,,0.0,0.0,True,True,matched by historical Fantrax ID,normalized Fantrax ID,1.0,,,,,,,38.1,24.1,31.1,45.56666666666666,43.0,38.71,0.0,Unknown / New Arrival,25.0,False,13.7,22.8,0.0,0.0,30.4,42.0,14.77,46.2,,,,Not draft eligible,,,Free Agent,,,,,,True,0,,,,,,,False,True,False,,,,,D,,,0.0,0.0,,,,,0.0,0.0,0.0,0.0,0.0,,0.0,31.1,43.0,4.0,,,0.0,,,0.0,,,,,,,,,,,,,,2026-08-14T20:59:07.776936+00:00,DEF,canonical primary position,leeds_united,soccerdata:sofascore:16363238,2026-08-22,2026-08-22T14:00:00+00:00,Premier League,league,scheduled,1.0,False,leeds_united,Leeds United,nottingham_forest,Nottingham Forest,A,Away,,,49.5,50.5,Neutral,,,,,derived feature frame,False
05r8o,2627,Jean-Philippe Mateta,CRY,F,213.5,CRY,F,F,81.3,153.0,81.3,218.5,6.83,100.0,,98.0,0.0,FA,@EVE Sat 9:00AM,jean philippe mateta,False,True,Matched eligible,pr_c5a6107808050916,223.0,05r8o,Jean-Philippe Mateta,Jean-Philippe Mateta,Crystal Palace,CRY,F,True,a,,CRY,F,Confirmed,Exact Name + Club,95.0,Official FPL API,2026-07-30T01:09:03.040438+00:00,05r8o,Player Registry,Exact Name + Club,CRY,Confirmed,False,Jean-Philippe Mateta,CRY,F,38.0,2208.0,25.0,263.0,152.0,12.0,0.0,15.977427493780851,1.249619301408529,0.0,9.0,2225.0,5735.0,251.0,2.0,35.5,6.921052631578948,4.0,10.720108695652174,0.6968243647492334,0.6578947368421053,0.3333333333333333,True,True,matched by historical Fantrax ID,normalized Fantrax ID,1.0,152.0,4.0,38.0,263.0,6.195652173913044,57.79467680608364,18.2,57.9,33.9,40.0,40.32,42.81,56.3,Likely Rotation,90.0,False,76.4,62.9,93.4,56.3,19.2,7.1,60.26,95.5,111.0,Tier 4,-29.700000000000003,Major reach,pr_c5a6107808050916,Jean-Philippe Mateta,Rostered,ayk8m85amrp1z5vo,Up the Arse-nal,Up the Arse-nal,ACTIVE,ACTIVE,False,0,,,Up the Arse-nal,ayk8m85amrp1z5vo,11.0,132.0,True,False,True,11.0,132.0,111.0,81.3,F,,,263.0,6.921052631578948,10.720108695652174,152.0,4.0,6.195652173913044,2208.0,25.0,0.6578947368421053,15.977427493780851,1.249619301408529,0.6968243647492334,56.3,33.9,40.32,38.0,10.52,6.08,17.22704679518938,0.6462779660405737,0.0505463987086596,64.56140350877193,,,,,,,,,,,,,,2026-08-14T20:59:07.776936+00:00,FWD,canonical primary position,crystal_palace,soccerdata:sofascore:16363635,2026-08-22,2026-08-22T14:00:00+00:00,Premier League,league,scheduled,1.0,False,crystal_palace,Crystal Palace,everton,Everton,A,Away,,,51.6,48.4,Neutral,,,,,derived feature frame,False
04tzt,2627,Jefferson Lerma,CRY,"D,M",56.0,CRY,M,"D,M",,269.0,,58.5,8.36,0.0,,2.0,-1.0,FA,@EVE Sat 9:00AM,jefferson lerma,False,True,Matched eligible,pr_08c967ab726d8ca4,213.0,04tzt,Jefferson Lerma Solís,Jefferson Lerma Solís,Crystal Palace,CRY,M,True,a,,CRY,"D,M",Confirmed,Ordered Token Expanded Name,85.0,Official FPL API,2026-07-30T01:09:03.040438+00:00,04tzt,Player Registry,Ordered Token Expanded Name,CRY,Confirmed,False,Jefferson Lerma,CRY,"D,M",38.0,327.0,4.0,25.0,19.0,0.0,1.0,2.2085880450904365,1.784296683967113,0.0,13.0,1693.0,2182.0,180.0,2.0,12.0,0.6578947368421053,3.167,6.880733944954128,0.2122620352127462,0.1052631578947368,0.3333333333333333,True,True,matched by historical Fantrax ID,normalized Fantrax ID,1.0,19.0,3.167,6.0,25.0,5.229357798165138,76.0,18.2,57.9,33.9,40.0,40.32,42.81,19.3,Bench / Unknown,55.0,False,39.9,57.9,52.4,19.3,19.2,7.1,35.02,79.8,273.0,Tier 6,,ADP unavailable,,,Free Agent,,,,,,True,0,,,,,,,False,True,False,,,273.0,,M,,,25.0,0.6578947368421053,6.880733944954128,19.0,3.167,5.229357798165138,327.0,4.0,0.1052631578947368,2.2085880450904365,1.784296683967113,0.2122620352127462,19.3,33.9,40.32,38.0,6.25,4.75,3.9928847290575495,0.1174086970219369,0.0948533381908093,9.56140350877193,,,,,,,,,,,,,,2026-08-14T20:59:07.776936+00:00,MID,canonical primary position,crystal_palace,soccerdata:sofascore:16363635,2026-08-22,2026-08-22T14:00:00+00:00,Premier League,league,scheduled,1.0,False,crystal_palace,Crystal Palace,everton,Everton,A,Away,,,51.6,48.4,Neutral,,,,,derived feature frame,False
06pdl,2627,Jens Cajuste,IPS,M,0.0,,,,,,,,,,,,,,,,,,,,,,,,,,,,,,,,,,,,,,,,,,,,,,,,,,,,,,,,,,,,,,,,,,,,,,,,,,,,,,,,,,,,,,,,,,,,,,,,,,,,,,,Free Agent,,,,,,True,0,,,,,,,False,True,False,,,,,,,,,,,,,,,,,,,,,,,,,,,,,,,,,,,,,,,,,,,2026-08-14T20:59:07.776936+00:00,MID,first valid Fantrax position,ipswich_town,soccerdata:sofascore:16363636,2026-08-22,2026-08-22T14:00:00+00:00,Premier League,league,scheduled,1.0,False,ipswich_town,Ipswich Town,sunderland,Sunderland,H,Home,,,58.8,41.2,Favorable,,,,,derived feature frame,False
070eo,2627,Jenson Jones,SUN,"D,M",0.0,SUN,"D,M","D,M",,602.0,,0.0,0.0,0.0,,1.0,0.0,FA,@IPS Sat 9:00AM,jenson jones,True,False,Inactive / historical only,pr_74be13a8b33bde2d,,070eo,Jenson Jones,,SUN,SUN,"D,M",False,unverified,,SUN,"D,M",Historical Only,Unresolved,0.0,Fantrax / historical,,070eo,Player Registry,Unresolved,SUN,Historical Only,False,,SUN,"D,M",38.0,0.0,0.0,0.0,0.0,0.0,0.0,0.0,0.0,0.0,0.0,0.0,,0.0,0.0,0.0,0.0,0.0,,,0.0,0.0,True,True,matched by historical Fantrax ID,normalized Fantrax ID,1.0,,,,,,,7.9,49.1,27.1,43.6,42.0,37.67,0.0,Unknown / New Arrival,25.0,False,13.7,22.8,0.0,0.0,3.8,23.7,10.27,46.2,,,,Not draft eligible,,,Free Agent,,,,,,True,0,,,,,,,False,True,False,,,,,D,,,0.0,0.0,,,,,0.0,0.0,0.0,0.0,0.0,,0.0,27.1,42.0,38.0,,,0.0,,,0.0,,,,,,,,,,,,,,2026-08-14T20:59:07.776936+00:00,DEF,canonical primary position,sunderland,soccerdata:sofascore:16363636,2026-08-22,2026-08-22T14:00:00+00:00,Premier League,league,scheduled,1.0,False,sunderland,Sunderland,ipswich_town,Ipswich Town,A,Away,,,44.4,55.6,Difficult,,,,,derived feature frame,False
06v05,2627,Jeremie Frimpong,LIV,"D,M",266.5,LIV,D,"D,M",99.7,94.0,99.7,260.5,8.98,100.0,,96.0,-1.0,FA,@NEW Sun 10:30AM,jeremie frimpong,False,True,Matched eligible,pr_d5c0984bfd9b4550,357.0,06v05,Jeremie Frimpong,Jeremie Frimpong,Liverpool,LIV,D,True,a,,LIV,"D,M",Confirmed,Exact Name + Club,95.0,Official FPL API,2026-07-30T01:09:03.040438+00:00,06v05,Player Registry,Exact Name + Club,LIV,Confirmed,False,Jeremie Frimpong,LIV,"D,M",38.0,1025.0,12.0,141.0,82.0,0.0,5.0,0.5140729472041127,2.6913405954837795,0.0,15.0,1027.0,9328.0,217.0,2.0,4.0,3.710526315789474,2.733,12.38048780487805,0.2809028421050733,0.3157894736842105,0.3333333333333333,True,True,matched by historical Fantrax ID,normalized Fantrax ID,1.0,82.0,2.733,30.0,141.0,7.2,58.15602836879432,83.8,61.5,74.8,46.4,49.71999999999999,50.39,33.7,Rotation Risk,55.0,False,75.6,53.5,62.4,33.7,77.2,90.1,63.51,79.8,87.0,Tier 4,12.700000000000005,Value,pr_d5c0984bfd9b4550,Jeremie Frimpong,Rostered,w2mnqywumrp1z5vp,tpem,tpem,INJURED_RESERVE,INJURED_RESERVE,False,0,,,tpem,w2mnqywumrp1z5vp,7.0,74.0,True,False,True,7.0,74.0,87.0,99.7,D,,,141.0,3.710526315789474,12.38048780487805,82.0,2.733,7.2,1025.0,12.0,0.3157894736842105,0.5140729472041127,2.6913405954837795,0.2809028421050733,33.7,74.8,49.71999999999999,38.0,11.75,6.833333333333333,3.205413542687892,0.0450502095894548,0.2358526325156184,29.97076023391813,,,,,,,,,,,,,,2026-08-14T20:59:07.776936+00:00,DEF,canonical primary position,liverpool,soccerdata:sofascore:16363246,2026-08-23,2026-08-23T15:30:00+00:00,Premier League,league,scheduled,1.0,False,liverpool,Liverpool FC,newcastle_united,Newcastle United,A,Away,,,48.2,51.8,Neutral,,,,,derived feature frame,False
06fup,2627,Jeremy Doku,MCI,"M,F",339.0,MCI,M,"M,F",18.7,20.0,18.7,343.0,12.25,96.0,,100.0,0.0,FA,BOU Sun 8:00AM,jeremy doku,False,True,Matched eligible,pr_bcbc5aa7856f9649,400.0,06fup,Jérémy Doku,Jérémy Doku,Man City,MCI,M,True,a,,MCI,"M,F",Confirmed,Exact Name + Club,95.0,Official FPL API,2026-07-30T01:09:03.040438+00:00,06fup,Player Registry,Exact Name + Club,MCI,Confirmed,False,Jeremy Doku,MCI,"M,F",38.0,1762.0,19.0,358.0,261.0,5.0,8.0,3.9999447921290985,7.553412737324833,0.0,59.0,1783.0,8981.0,475.0,5.0,103.0,9.421052631578949,6.868,18.28603859250851,0.5831756464671082,0.5,0.8333333333333334,True,True,matched by historical Fantrax ID,normalized Fantrax ID,1.0,261.0,6.868,38.0,358.0,13.331441543700342,72.90502793296089,98.2,94.1,96.1,43.93333333333333,42.42,45.38,65.3,Likely Rotation,75.0,False,96.8,86.4,87.6,65.3,96.2,30.3,80.86,88.8,14.0,Tier 2,4.699999999999999,Near market,pr_bcbc5aa7856f9649,Jérémy Doku,Rostered,acjx0vg4mrp1z5vo,yudesh,yudesh,ACTIVE,ACTIVE,False,0,,,yudesh,acjx0vg4mrp1z5vo,2.0,18.0,True,False,True,2.0,18.0,14.0,18.7,M,,,358.0,9.421052631578949,18.28603859250851,261.0,6.868,13.331441543700342,1762.0,19.0,0.5,3.9999447921290985,7.553412737324833,0.5831756464671082,65.3,96.1,42.42,38.0,18.84210526315789,13.736842105263158,11.553357529453931,0.2019041117732018,0.3812715346939063,51.52046783625731,,,,,,,,,,,,,,2026-08-14T20:59:07.776936+00:00,MID,canonical primary position,manchester_city,soccerdata:sofascore:16363243,2026-08-23,2026-08-23T13:00:00+00:00,Premier League,league,scheduled,1.0,False,manchester_city,Manchester City,afc_bournemouth,Bournemouth,H,Home,,,49.6,50.4,Neutral,,,,,derived feature frame,False
06rmv,2627,Jeremy Monga,MCI,M,11.5,MCI,M,"M,F",,495.0,,10.5,5.25,0.0,,3.0,0.0,FA,BOU Sun 8:00AM,jeremy monga,False,True,Matched eligible,pr_9fd2c40ffdc45a2b,410.0,06rmv,Jeremy Monga,Jeremy Monga,Man City,MCI,M,True,a,,,,New EPL Arrival,Exact Name + Club,95.0,Official FPL API,2026-07-30T01:09:03.040438+00:00,06rmv,Player Registry,Exact Name + Club,MCI,New EPL Arrival,False,,,,,,,,,,,,,,,,,,,,,,,,,,False,False,no 2025/26 record for bridged ID,none,0.0,,,,,,,98.2,94.1,96.1,43.93333333333333,42.42,45.38,0.0,Unknown / New Arrival,25.0,False,0.0,0.0,0.0,0.0,96.2,30.3,12.65,21.2,463.0,Deep,,ADP unavailable,,,Free Agent,,,,,,True,0,,,,,,,False,True,False,,,463.0,,M,,,,,,,,,,,,,,,0.0,96.1,42.42,,,,,,,,,,,,,,,,,,,,,2026-08-14T20:59:07.776936+00:00,MID,canonical primary position,manchester_city,soccerdata:sofascore:16363243,2026-08-23,2026-08-23T13:00:00+00:00,Premier League,league,scheduled,1.0,False,manchester_city,Manchester City,afc_bournemouth,Bournemouth,H,Home,,,49.6,50.4,Neutral,,,,,derived feature frame,False
0738b,2627,Jesse Derry,CHE,F,9.5,,,,,,,,,,,,,,,,,,,,,,,,,,,,,,,,,,,,,,,,,,,,,,,,,,,,,,,,,,,,,,,,,,,,,,,,,,,,,,,,,,,,,,,,,,,,,,,,,,,,,,,Free Agent,,,,,,True,0,,,,,,,False,True,False,,,,,,,,,,,,,,,,,,,,,,,,,,,,,,,,,,,,,,,,,,,2026-08-14T20:59:07.776936+00:00,FWD,first valid Fantrax position,chelsea,soccerdata:sofascore:16363244,2026-08-24,2026-08-24T19:00:00+00:00,Premier League,league,scheduled,1.0,False,chelsea,Chelsea,fulham,Fulham,A,Away,,,50.9,49.1,Neutral,,,,,derived feature frame,False
06v0b,2627,Jim Thwaites,MUN,M,0.0,MUN,M,M,,667.0,,0.0,0.0,0.0,,1.0,-1.0,FA,@HUL Sat 6:30AM,jim thwaites,True,False,Inactive / historical only,pr_f9b9220045b5d39a,,06v0b,Jim Thwaites,,MUN,MUN,M,False,unverified,,MUN,M,Historical Only,Unresolved,0.0,Fantrax / historical,,06v0b,Player Registry,Unresolved,MUN,Historical Only,False,,MUN,M,10.0,0.0,0.0,0.0,0.0,0.0,0.0,0.0,0.0,0.0,0.0,0.0,,0.0,0.0,0.0,0.0,0.0,,,0.0,0.0,True,True,matched by historical Fantrax ID,normalized Fantrax ID,1.0,,,,,,,90.6,59.4,72.4,44.06666666666666,49.54,46.89,0.0,Unknown / New Arrival,25.0,False,13.7,22.8,0.0,0.0,83.8,84.0,24.3,46.2,,,,Not draft eligible,,,Free Agent,,,,,,True,0,,,,,,,False,True,False,,,,,M,,,0.0,0.0,,,,,0.0,0.0,0.0,0.0,0.0,,0.0,72.4,49.54,10.0,,,0.0,,,0.0,,,,,,,,,,,,,,2026-08-14T20:59:07.776936+00:00,MID,canonical primary position,manchester_united,soccerdata:sofascore:16363634,2026-08-22,2026-08-22T11:30:00+00:00,Premier League,league,scheduled,1.0,False,manchester_united,Manchester United,hull_city,Hull City,A,Away,,,49.1,50.9,Neutral,,,,,derived feature frame,False
0700r,2627,Jimmy Sinclair,NOT,M,0.0,,,,,,,,,,,,,,,,,,,,,,,,,,,,,,,,,,,,,,,,,,,,,,,,,,,,,,,,,,,,,,,,,,,,,,,,,,,,,,,,,,,,,,,,,,,,,,,,,,,,,,,Free Agent,,,,,,True,0,,,,,,,False,True,False,,,,,,,,,,,,,,,,,,,,,,,,,,,,,,,,,,,,,,,,,,,2026-08-14T20:59:07.776936+00:00,MID,first valid Fantrax position,,,,,,,,,,,,,,,,,,,,,,,,,derived feature frame,False
05os8,2627,Joachim Andersen,FUL,D,329.5,FUL,D,D,218.2,29.0,218.2,329.5,8.91,61.0,,45.0,-6.0,FA,CHE Mon 2:00PM,joachim andersen,False,True,Matched eligible,pr_d3426929b4f91b2e,253.0,05os8,Joachim Andersen,Joachim Andersen,Fulham,FUL,D,True,s,Suspended until 29 Aug,FUL,D,Confirmed,Exact Name + Club,95.0,Official FPL API,2026-07-30T01:09:03.040438+00:00,05os8,Player Registry,Exact Name + Club,FUL,Confirmed,False,Joachim Andersen,FUL,D,38.0,2876.0,33.0,298.0,285.0,0.0,1.0,1.6593082277104254,0.5809159595519303,0.0,6.0,2882.0,6314.0,315.0,4.0,39.5,7.842105263157895,7.917,9.325452016689846,0.0699584236133282,0.868421052631579,0.6666666666666666,True,True,matched by historical Fantrax ID,normalized Fantrax ID,1.0,285.0,7.917,36.0,298.0,8.918636995827539,95.63758389261746,33.8,50.9,42.5,48.0,41.08,42.540000000000006,75.2,Likely Starter,90.0,False,72.0,91.9,20.4,75.2,38.0,15.4,58.81,95.5,125.0,Tier 5,93.2,Strong value,,,Free Agent,,,,,,True,0,,,epatel3,,,,False,True,True,8.0,87.0,125.0,218.2,D,,,298.0,7.842105263157895,9.325452016689846,285.0,7.917,8.918636995827539,2876.0,33.0,0.868421052631579,1.6593082277104254,0.5809159595519303,0.0699584236133282,75.2,42.5,41.08,38.0,9.030303030303031,8.636363636363637,2.240224187262356,0.0518173978119147,0.0181410258014135,84.09356725146199,,,,,,,,,,,,,,2026-08-14T20:59:07.776936+00:00,DEF,canonical primary position,fulham,soccerdata:sofascore:16363244,2026-08-24,2026-08-24T19:00:00+00:00,Premier League,league,scheduled,1.0,False,fulham,Fulham,chelsea,Chelsea,H,Home,,,35.8,64.2,Difficult,,,,,derived feature frame,False
068yd,2627,Joao Gomes,AVL,M,219.5,AVL,M,M,269.0,152.0,269.0,218.5,6.62,19.0,,29.0,3.0,FA,@BHA Sun 8:00AM,joao gomes,False,True,Matched eligible,pr_cde3bbb99f12757b,54.0,068yd,Joao Gomes,Joao Gomes,Aston Villa,AVL,M,True,a,,WOL,M,Transferred,Exact Name + Club,95.0,Official FPL API,2026-07-30T01:09:03.040438+00:00,068yd,Player Registry,Exact Name + Club,AVL,Transferred,False,Joao Gomes,WOL,M,38.0,720.0,8.0,47.5,46.5,0.0,0.0,1.246256922371685,1.4417657572776077,0.0,16.0,2845.0,11384.0,90.0,1.0,6.0,1.25,5.167,5.9375,0.0850341093737913,0.2105263157894736,0.1666666666666666,True,True,matched by historical Fantrax ID,normalized Fantrax ID,1.0,46.5,5.167,9.0,47.5,5.812500000000001,97.89473684210527,57.9,54.1,59.0,40.96666666666667,44.9,48.31,11.3,Bench / Unknown,40.0,True,40.3,72.0,23.5,11.3,53.4,62.1,40.22,73.0,244.0,Tier 6,25.0,Strong value,pr_cde3bbb99f12757b,Joao Gomes,Rostered,61fz0pmkmrp1z5vo,wmuck1,wmuck1,ACTIVE,ACTIVE,False,0,,,,,,,False,False,False,,,244.0,269.0,M,,,47.5,1.25,5.9375,46.5,5.167,5.812500000000001,720.0,8.0,0.2105263157894736,1.246256922371685,1.4417657572776077,0.0850341093737913,11.3,59.0,44.9,38.0,5.9375,5.8125,2.6880226796492925,0.0394246478078916,0.0456094615658997,21.052631578947366,,,,,,,,,,,,,,2026-08-14T20:59:07.776936+00:00,MID,canonical primary position,aston_villa,soccerdata:sofascore:16363236,2026-08-23,2026-08-23T13:00:00+00:00,Premier League,league,scheduled,1.0,False,aston_villa,Aston Villa,brighton_hove_albion,Brighton & Hove Albion,A,Away,,,38.5,61.5,Difficult,,,,,derived feature frame,False
062dt,2627,Joao Palhinha,TOT,M,37.5,,,,,,,,,,,,,,,,,,,,,,,,,,,,,,,,,,,,,,,,,,,,,,,,,,,,,,,,,,,,,,,,,,,,,,,,,,,,,,,,,,,,,,,,,,,,,,,,,,,,,,,Free Agent,,,,,,True,0,,,,,,,False,True,False,,,,,,,,,,,,,,,,,,,,,,,,,,,,,,,,,,,,,,,,,,,2026-08-14T20:59:07.776936+00:00,MID,first valid Fantrax position,tottenham_hotspur,soccerdata:sofascore:16363242,2026-08-22,2026-08-22T16:30:00+00:00,Premier League,league,scheduled,1.0,False,tottenham_hotspur,Tottenham Hotspur,brentford,Brentford,A,Away,,,55.1,44.9,Favorable,,,,,derived feature frame,False
05g2o,2627,Joao Pedro,CHE,"M,F",257.5,CHE,F,"M,F",19.8,105.0,19.8,255.5,8.52,100.0,,100.0,0.0,FA,@FUL Mon 2:00PM,joao pedro,False,True,Matched eligible,pr_cfe4cc43db7d7a00,165.0,05g2o,João Pedro Junqueira de Jesus,João Pedro Junqueira de Jesus,Chelsea,CHE,F,True,a,,CHE,"M,F",Confirmed,Ordered Token Expanded Name,85.0,Official FPL API,2026-07-30T01:09:03.040438+00:00,05g2o,Player Registry,Ordered Token Expanded Name,CHE,Confirmed,False,Joao Pedro,CHE,"M,F",38.0,2654.0,31.0,396.0,197.0,15.0,9.0,15.723741941154003,3.9835695102810855,0.0,29.0,2698.0,8272.0,270.0,3.0,27.0,10.421052631578949,5.184,13.428786737000754,0.6573973427091023,0.8157894736842105,0.5,True,True,matched by historical Fantrax ID,normalized Fantrax ID,1.0,197.0,5.184,38.0,396.0,6.680482290881688,49.74747474747475,68.4,56.8,65.6,50.53333333333333,46.98,47.54,67.4,Likely Rotation,90.0,False,95.1,72.5,91.0,67.4,63.8,71.8,80.1,95.5,17.0,Tier 2,2.8000000000000007,Near market,pr_cfe4cc43db7d7a00,João Pedro Junqueira de Jesus,Rostered,qwkltl98mrp1z5vp,epatel3,epatel3,ACTIVE,ACTIVE,False,0,,,epatel3,qwkltl98mrp1z5vp,1.0,10.0,True,False,True,1.0,10.0,17.0,19.8,F,,,396.0,10.421052631578949,13.428786737000754,197.0,5.184,6.680482290881688,2654.0,31.0,0.8157894736842105,15.723741941154003,3.9835695102810855,0.6573973427091023,67.4,65.6,46.98,38.0,12.774193548387096,6.354838709677419,19.70731145143509,0.5245132597123278,0.1328840829967745,77.60233918128655,,,,,,,,,,,,,,2026-08-14T20:59:07.776936+00:00,FWD,canonical primary position,chelsea,soccerdata:sofascore:16363244,2026-08-24,2026-08-24T19:00:00+00:00,Premier League,league,scheduled,1.0,False,chelsea,Chelsea,fulham,Fulham,A,Away,,,50.9,49.1,Neutral,,,,,derived feature frame,False
072o9,2627,Jocelin Ta Bi,SUN,"M,F",13.5,SUN,M,"M,F",,478.0,,13.5,13.5,0.0,,1.0,-1.0,FA,@IPS Sat 9:00AM,jocelin ta bi,False,True,Matched eligible,pr_004aac7dc10b116b,550.0,072o9,Djiamgone Jocelin Ta Bi,Djiamgone Jocelin Ta Bi,Sunderland,SUN,M,True,a,,SUN,F,Confirmed,Ordered Token Expanded Name,85.0,Official FPL API,2026-07-30T01:09:03.040438+00:00,072o9,Player Registry,Ordered Token Expanded Name,SUN,Confirmed,False,Djiamgone Jocelin Ta Bi,SUN,F,38.0,0.0,0.0,0.0,0.0,0.0,0.0,0.0,0.0,0.0,0.0,38.0,14460.0,0.0,0.0,0.0,0.0,0.0,,0.0,0.0,0.0,True,True,matched by historical Fantrax ID,normalized Fantrax ID,1.0,,,,,,,7.9,49.1,27.1,43.6,42.0,37.67,0.0,Unknown / New Arrival,25.0,False,13.7,22.8,3.8,0.0,3.8,23.7,10.85,66.2,486.0,Deep,,ADP unavailable,,,Free Agent,,,,,,True,0,,,,,,,False,True,False,,,486.0,,M,,,0.0,0.0,,,,,0.0,0.0,0.0,0.0,0.0,0.0,0.0,27.1,42.0,38.0,,,0.0,0.0,0.0,0.0,,,,,,,,,,,,,,2026-08-14T20:59:07.776936+00:00,MID,canonical primary position,sunderland,soccerdata:sofascore:16363636,2026-08-22,2026-08-22T14:00:00+00:00,Premier League,league,scheduled,1.0,False,sunderland,Sunderland,ipswich_town,Ipswich Town,A,Away,,,44.4,55.6,Difficult,,,,,derived feature frame,False
05n3u,2627,Joe Gelhardt,HUL,F,59.0,LEE,M,F,286.5,262.0,286.5,61.5,7.69,9.0,,6.0,-2.0,FA,@NOT Sat 9:00AM,joe gelhardt,False,True,Matched eligible,pr_35795495d867c8b3,340.0,05n3u,Joe Gelhardt,Joe Gelhardt,Leeds,LEE,M,True,a,,LEE,F,Confirmed,Exact Name,90.0,Official FPL API,2026-07-30T01:09:03.040438+00:00,05n3u,Player Registry,Exact Name,LEE,Confirmed,False,,LEE,F,38.0,0.0,0.0,0.0,0.0,0.0,0.0,0.0,0.0,0.0,0.0,0.0,,0.0,0.0,0.0,0.0,0.0,,,0.0,0.0,True,True,matched by historical Fantrax ID,normalized Fantrax ID,1.0,,,,,,,38.1,24.1,31.1,45.56666666666666,43.0,38.71,0.0,Unknown / New Arrival,25.0,False,13.7,22.8,0.0,0.0,30.4,42.0,14.77,46.2,436.0,Deep,-149.5,Major reach,,,Free Agent,,,,,,True,0,,,,,,,False,True,False,,,436.0,286.5,M,,,0.0,0.0,,,,,0.0,0.0,0.0,0.0,0.0,,0.0,31.1,43.0,38.0,,,0.0,,,0.0,,,,,,,,,,,,,,2026-08-14T20:59:07.776936+00:00,MID,canonical primary position,hull_city,soccerdata:sofascore:16363634,2026-08-22,2026-08-22T11:30:00+00:00,Premier League,league,scheduled,1.0,False,hull_city,Hull City,manchester_united,Manchester United,H,Home,,,32.0,68.0,Very difficult,,,,,derived feature frame,False
03yqz,2627,Joe Rodon,LEE,D,257.0,LEE,D,D,286.9,96.0,286.9,259.5,7.86,9.0,,10.0,-2.0,FA,@NOT Sat 9:00AM,joe rodon,False,True,Matched eligible,pr_1097c90bd38d80f7,329.0,03yqz,Joe Rodon,Joe Rodon,Leeds,LEE,D,True,a,,LEE,D,Confirmed,Exact Name + Club,95.0,Official FPL API,2026-07-30T01:09:03.040438+00:00,03yqz,Player Registry,Exact Name + Club,LEE,Confirmed,False,Joe Rodon,LEE,D,38.0,2544.0,29.0,234.5,230.5,2.0,0.0,1.8460459671914573,0.4614792335778472,0.0,9.0,2954.0,6377.0,360.0,4.0,29.5,6.171052631578948,7.948,8.295990566037736,0.0703037468074602,0.7631578947368421,0.6666666666666666,True,True,matched by historical Fantrax ID,normalized Fantrax ID,1.0,230.5,7.948,29.0,234.5,8.154481132075471,98.29424307036248,38.1,24.1,31.1,45.56666666666666,43.0,38.71,71.7,Likely Starter,90.0,False,61.7,92.1,20.6,71.7,30.4,42.0,57.02,95.5,141.0,Tier 5,145.89999999999998,Strong value,,,Free Agent,,,,,,True,0,,,,,,,False,True,False,,,141.0,286.9,D,,,234.5,6.171052631578948,8.295990566037736,230.5,7.948,8.154481132075471,2544.0,29.0,0.7631578947368421,1.8460459671914573,0.4614792335778472,0.0703037468074602,71.7,31.1,43.0,38.0,8.086206896551724,7.948275862068965,2.3075252007693043,0.0562437836991303,0.0140599631083298,74.3859649122807,,,,,,,,,,,,,,2026-08-14T20:59:07.776936+00:00,DEF,canonical primary position,leeds_united,soccerdata:sofascore:16363238,2026-08-22,2026-08-22T14:00:00+00:00,Premier League,league,scheduled,1.0,False,leeds_united,Leeds United,nottingham_forest,Nottingham Forest,A,Away,,,49.5,50.5,Neutral,,,,,derived feature frame,False
04ge6,2627,Joe Willock,NEW,M,37.0,NEW,M,M,,361.0,,36.0,9.0,0.0,,2.0,-1.0,FA,LIV Sun 10:30AM,joe willock,False,True,Matched eligible,pr_097ebba0bedd1153,460.0,04ge6,Joe Willock,Joe Willock,Newcastle,NEW,M,True,a,,NEW,M,Confirmed,Exact Name + Club,95.0,Official FPL API,2026-07-30T01:09:03.040438+00:00,04ge6,Player Registry,Exact Name + Club,NEW,Confirmed,False,Joe Willock,NEW,M,38.0,0.0,0.0,0.0,0.0,0.0,0.0,1.3859424609690902,2.097805658355356,0.0,14.0,979.0,6630.0,0.0,0.0,0.0,0.0,0.0,,0.3202628506018387,0.0,0.0,True,True,matched by historical Fantrax ID,normalized Fantrax ID,1.0,,,,,,,62.2,27.4,49.3,42.16666666666666,42.86,46.68,0.0,Unknown / New Arrival,25.0,False,13.7,22.8,65.9,0.0,53.2,36.6,26.37,66.2,310.0,Deep,,ADP unavailable,,,Free Agent,,,,,,True,0,,,,,,,False,True,False,,,310.0,,M,,,0.0,0.0,,,,,0.0,0.0,0.0,1.3859424609690902,2.097805658355356,0.3202628506018387,0.0,49.3,42.86,38.0,,,3.4837481193244457,0.1274104407428173,0.1928524098590214,0.0,,,,,,,,,,,,,,2026-08-14T20:59:07.776936+00:00,MID,canonical primary position,newcastle_united,soccerdata:sofascore:16363246,2026-08-23,2026-08-23T15:30:00+00:00,Premier League,league,scheduled,1.0,False,newcastle_united,Newcastle United,liverpool,Liverpool FC,H,Home,,,31.6,68.4,Very difficult,,,,,derived feature frame,False
072h9,2627,Joel Drakes-Thomas,CRY,F,1.0,CRY,M,F,,544.0,,1.0,0.0,0.0,,1.0,-1.0,FA,@EVE Sat 9:00AM,joel drakes thomas,False,True,Matched eligible,pr_a15bdfd5b28eafa4,221.0,072h9,Joél Drakes-Thomas,Joél Drakes-Thomas,Crystal Palace,CRY,M,True,a,,CRY,F,Confirmed,Exact Name + Club,95.0,Official FPL API,2026-07-30T01:09:03.040438+00:00,072h9,Player Registry,Exact Name + Club,CRY,Confirmed,False,Joel Drakes-Thomas,CRY,F,38.0,0.0,0.0,0.0,0.0,0.0,0.0,0.0,0.0,0.0,0.0,2.0,14263.0,0.0,0.0,0.0,0.0,0.0,,0.0,0.0,0.0,True,True,matched by historical Fantrax ID,normalized Fantrax ID,1.0,,,,,,,18.2,57.9,33.9,40.0,40.32,42.81,0.0,Unknown / New Arrival,25.0,False,13.7,22.8,3.8,0.0,19.2,7.1,10.73,66.2,491.0,Deep,,ADP unavailable,,,Free Agent,,,,,,True,0,,,,,,,False,True,False,,,491.0,,M,,,0.0,0.0,,,,,0.0,0.0,0.0,0.0,0.0,0.0,0.0,33.9,40.32,38.0,,,0.0,0.0,0.0,0.0,,,,,,,,,,,,,,2026-08-14T20:59:07.776936+00:00,MID,canonical primary position,crystal_palace,soccerdata:sofascore:16363635,2026-08-22,2026-08-22T14:00:00+00:00,Premier League,league,scheduled,1.0,False,crystal_palace,Crystal Palace,everton,Everton,A,Away,,,51.6,48.4,Neutral,,,,,derived feature frame,False
04h87,2627,Joel Latibeaudiere,COV,D,30.5,COV,D,D,,391.0,,31.0,5.17,0.0,,0.0,0.0,FA,@ARS Fri 2:00PM,joel latibeaudiere,False,True,Matched eligible,pr_36c16f1607d1980f,179.0,04h87,Joel Latibeaudiere,Joel Latibeaudiere,Coventry City,COV,D,True,a,,,,New EPL Arrival,Exact Name + Club,95.0,Official FPL API,2026-07-30T01:09:03.040438+00:00,04h87,Player Registry,Exact Name + Club,COV,New EPL Arrival,False,,,,,,,,,,,,,,,,,,,,,,,,,,False,False,no 2025/26 record for bridged ID,none,0.0,,,,,,,,,,28.066666666666663,30.12,40.8,0.0,Unknown / New Arrival,25.0,False,0.0,0.0,0.0,0.0,0.0,2.3,0.23,11.2,604.0,Deep,,ADP unavailable,,,Free Agent,,,,,,True,0,,,,,,,False,True,False,,,604.0,,D,,,,,,,,,,,,,,,0.0,,30.12,,,,,,,,,,,,,,,,,,,,,2026-08-14T20:59:07.776936+00:00,DEF,canonical primary position,coventry_city,soccerdata:sofascore:16363633,2026-08-21,2026-08-21T19:00:00+00:00,Premier League,league,scheduled,1.0,False,coventry_city,Coventry City,arsenal,Arsenal,A,Away,,,18.9,81.1,Very difficult,,,,,derived feature frame,False
06nby,2627,Joel Ndala,MCI,F,14.0,,,,,,,,,,,,,,,,,,,,,,,,,,,,,,,,,,,,,,,,,,,,,,,,,,,,,,,,,,,,,,,,,,,,,,,,,,,,,,,,,,,,,,,,,,,,,,,,,,,,,,,Free Agent,,,,,,True,0,,,,,,,False,True,False,,,,,,,,,,,,,,,,,,,,,,,,,,,,,,,,,,,,,,,,,,,2026-08-14T20:59:07.776936+00:00,FWD,first valid Fantrax position,manchester_city,soccerdata:sofascore:16363243,2026-08-23,2026-08-23T13:00:00+00:00,Premier League,league,scheduled,1.0,False,manchester_city,Manchester City,afc_bournemouth,Bournemouth,H,Home,,,49.6,50.4,Neutral,,,,,derived feature frame,False
06v02,2627,Joel Piroe,LEE,F,13.0,LEE,F,F,,475.0,,14.0,4.67,0.0,,1.0,-1.0,FA,@NOT Sat 9:00AM,joel piroe,False,True,Matched eligible,pr_6b3fc439a0379814,348.0,06v02,Joël Piroe,Joël Piroe,Leeds,LEE,F,True,a,,LEE,F,Confirmed,Exact Name + Club,95.0,Official FPL API,2026-07-30T01:09:03.040438+00:00,06v02,Player Registry,Exact Name + Club,LEE,Confirmed,False,Joel Piroe,LEE,F,38.0,77.0,1.0,2.0,2.0,0.0,0.0,1.0837035588920112,0.0858056545257568,0.0,1.0,216.0,13835.0,0.0,0.0,0.0,0.0526315789473684,2.0,2.337662337662338,0.4872955055907367,0.0263157894736842,0.0,True,True,matched by historical Fantrax ID,normalized Fantrax ID,1.0,2.0,2.0,1.0,2.0,2.337662337662338,100.0,38.1,24.1,31.1,45.56666666666666,43.0,38.71,1.4,Bench / Unknown,55.0,False,28.3,49.9,82.8,1.4,30.4,42.0,35.94,79.8,270.0,Tier 6,,ADP unavailable,,,Free Agent,,,,,,True,0,,,,,,,False,True,False,,,270.0,,F,,,2.0,0.0526315789473684,2.337662337662338,2.0,2.0,2.337662337662338,77.0,1.0,0.0263157894736842,1.0837035588920112,0.0858056545257568,0.4872955055907367,1.4,31.1,43.0,38.0,2.0,2.0,1.169509213417768,0.4515431495383379,0.0357523560523986,2.2514619883040936,,,,,,,,,,,,,,2026-08-14T20:59:07.776936+00:00,FWD,canonical primary position,leeds_united,soccerdata:sofascore:16363238,2026-08-22,2026-08-22T14:00:00+00:00,Premier League,league,scheduled,1.0,False,leeds_united,Leeds United,nottingham_forest,Nottingham Forest,A,Away,,,49.5,50.5,Neutral,,,,,derived feature frame,False
05mxa,2627,Joel Veltman,BHA,D,33.0,,,,,,,,,,,,,,,,,,,,,,,,,,,,,,,,,,,,,,,,,,,,,,,,,,,,,,,,,,,,,,,,,,,,,,,,,,,,,,,,,,,,,,,,,,,,,,,,,,,,,,,Free Agent,,,,,,True,0,,,,,,,False,True,False,,,,,,,,,,,,,,,,,,,,,,,,,,,,,,,,,,,,,,,,,,,2026-08-14T20:59:07.776936+00:00,DEF,first valid Fantrax position,brighton_hove_albion,soccerdata:sofascore:16363236,2026-08-23,2026-08-23T13:00:00+00:00,Premier League,league,scheduled,1.0,False,brighton_hove_albion,Brighton & Hove Albion,aston_villa,Aston Villa,H,Home,,,39.0,61.0,Difficult,,,,,derived feature frame,False
0554i,2627,Joelinton,NEW,M,223.0,NEW,M,M,267.3,145.0,267.3,222.0,6.73,26.0,,19.0,-1.0,FA,LIV Sun 10:30AM,joelinton,False,True,Matched eligible,pr_a32f5af33c18dffb,458.0,0554i,Joelinton Cássio Apolinário de Lira,Joelinton Cássio Apolinário de Lira,Newcastle,NEW,M,True,d,Thigh injury - 75% chance of playing,NEW,"M,F",Confirmed,Explicit Player Alias,92.0,Official FPL API,2026-07-30T01:09:03.040438+00:00,0554i,Player Registry,Explicit Player Alias,NEW,Confirmed,False,Joelinton,NEW,"M,F",38.0,1805.0,21.0,163.0,135.0,2.0,1.0,2.178690475411712,1.861373862251639,0.0,17.0,1958.0,87.0,180.0,2.0,20.5,4.289473684210527,3.75,8.12742382271468,0.1857026508629732,0.5526315789473685,0.3333333333333333,True,True,matched by historical Fantrax ID,normalized Fantrax ID,1.0,135.0,3.75,36.0,163.0,6.731301939058171,82.82208588957054,62.2,27.4,49.3,42.16666666666666,42.86,46.68,45.5,Likely Rotation,75.0,False,56.5,61.3,48.4,45.5,53.2,36.6,51.47,88.8,176.0,Tier 5,91.3,Strong value,,,Free Agent,,,,,,True,0,,,,,,,False,True,False,,,176.0,267.3,M,,,163.0,4.289473684210527,8.12742382271468,135.0,3.75,6.731301939058171,1805.0,21.0,0.5526315789473685,2.178690475411712,1.861373862251639,0.1857026508629732,45.5,49.3,42.86,38.0,7.761904761904762,6.428571428571429,4.040064337663351,0.100144097439762,0.0855585534232112,52.77777777777778,,,,,,,,,,,,,,2026-08-14T20:59:07.776936+00:00,MID,canonical primary position,newcastle_united,soccerdata:sofascore:16363246,2026-08-23,2026-08-23T15:30:00+00:00,Premier League,league,scheduled,1.0,False,newcastle_united,Newcastle United,liverpool,Liverpool FC,H,Home,,,31.6,68.4,Very difficult,,,,,derived feature frame,False
02m5l,2627,John Egan,HUL,D,211.5,HUL,D,D,,159.0,,214.0,6.69,0.0,,2.0,0.0,FA,MUN Sat 6:30AM,john egan,False,True,Matched eligible,pr_69e1eb773f5ff783,277.0,02m5l,John Egan,John Egan,Hull City,HUL,D,True,a,,,,New EPL Arrival,Exact Name + Club,95.0,Official FPL API,2026-07-30T01:09:03.040438+00:00,02m5l,Player Registry,Exact Name + Club,HUL,New EPL Arrival,False,,,,,,,,,,,,,,,,,,,,,,,,,,False,False,no 2025/26 record for bridged ID,none,0.0,,,,,,,,,,38.13333333333333,40.5,42.74,0.0,Unknown / New Arrival,25.0,False,0.0,0.0,0.0,0.0,0.0,11.8,1.18,11.2,575.0,Deep,,ADP unavailable,,,Free Agent,,,,,,True,0,,,,,,,False,True,False,,,575.0,,D,,,,,,,,,,,,,,,0.0,,40.5,,,,,,,,,,,,,,,,,,,,,2026-08-14T20:59:07.776936+00:00,DEF,canonical primary position,hull_city,soccerdata:sofascore:16363634,2026-08-22,2026-08-22T11:30:00+00:00,Premier League,league,scheduled,1.0,False,hull_city,Hull City,manchester_united,Manchester United,H,Home,,,32.0,68.0,Very difficult,,,,,derived feature frame,False
0327p,2627,John Lundstram,HUL,M,0.0,,,,,,,,,,,,,,,,,,,,,,,,,,,,,,,,,,,,,,,,,,,,,,,,,,,,,,,,,,,,,,,,,,,,,,,,,,,,,,,,,,,,,,,,,,,,,,,,,,,,,,,Free Agent,,,,,,True,0,,,,,,,False,True,False,,,,,,,,,,,,,,,,,,,,,,,,,,,,,,,,,,,,,,,,,,,2026-08-14T20:59:07.776936+00:00,MID,first valid Fantrax position,hull_city,soccerdata:sofascore:16363634,2026-08-22,2026-08-22T11:30:00+00:00,Premier League,league,scheduled,1.0,False,hull_city,Hull City,manchester_united,Manchester United,H,Home,,,32.0,68.0,Very difficult,,,,,derived feature frame,False
051k0,2627,John McGinn,AVL,M,255.0,AVL,M,M,109.7,106.0,109.7,254.0,7.94,100.0,,93.0,-3.0,FA,@BHA Sun 8:00AM,john mcginn,False,True,Matched eligible,pr_d6bde77cc34cf0fb,45.0,051k0,John McGinn,John McGinn,Aston Villa,AVL,M,True,a,,AVL,M,Confirmed,Exact Name + Club,95.0,Official FPL API,2026-07-30T01:09:03.040438+00:00,051k0,Player Registry,Exact Name + Club,AVL,Confirmed,False,John McGinn,AVL,M,38.0,1529.0,20.0,171.0,115.0,3.0,4.0,2.999398436397313,4.862495846115052,0.0,39.0,2221.0,7723.0,328.0,4.0,63.0,4.5,5.0,10.065402223675605,0.3185819385079301,0.5263157894736842,0.6666666666666666,True,True,matched by historical Fantrax ID,normalized Fantrax ID,1.0,115.0,5.0,23.0,171.0,6.769130150425114,67.2514619883041,57.9,54.1,59.0,40.96666666666667,44.9,48.31,53.3,Likely Rotation,75.0,False,68.1,69.8,65.6,53.3,53.4,62.1,62.95,88.8,93.0,Tier 4,16.700000000000003,Value,pr_d6bde77cc34cf0fb,John McGinn,Rostered,acjx0vg4mrp1z5vo,yudesh,yudesh,RESERVE,RESERVE,False,0,,,yudesh,acjx0vg4mrp1z5vo,11.0,127.0,True,False,True,11.0,127.0,93.0,109.7,M,,,171.0,4.5,10.065402223675605,115.0,5.0,6.769130150425114,1529.0,20.0,0.5263157894736842,2.999398436397313,4.862495846115052,0.3185819385079301,53.3,59.0,44.9,38.0,8.55,5.75,7.861894282512365,0.1215424850408636,0.1970394534670665,44.707602339181285,,,,,,,,,,,,,,2026-08-14T20:59:07.776936+00:00,MID,canonical primary position,aston_villa,soccerdata:sofascore:16363236,2026-08-23,2026-08-23T13:00:00+00:00,Premier League,league,scheduled,1.0,False,aston_villa,Aston Villa,brighton_hove_albion,Brighton & Hove Albion,A,Away,,,38.5,61.5,Difficult,,,,,derived feature frame,False
02m3v,2627,John Ruddy,NEW,G,0.0,,,,,,,,,,,,,,,,,,,,,,,,,,,,,,,,,,,,,,,,,,,,,,,,,,,,,,,,,,,,,,,,,,,,,,,,,,,,,,,,,,,,,,,,,,,,,,,,,,,,,,,Free Agent,,,,,,True,0,,,,,,,False,True,False,,,,,,,,,,,,,,,,,,,,,,,,,,,,,,,,,,,,,,,,,,,2026-08-14T20:59:07.776936+00:00,GK,first valid Fantrax position,newcastle_united,soccerdata:sofascore:16363246,2026-08-23,2026-08-23T15:30:00+00:00,Premier League,league,scheduled,1.0,False,newcastle_united,Newcastle United,liverpool,Liverpool FC,H,Home,,,31.6,68.4,Very difficult,,,,,derived feature frame,False
02yl5,2627,John Stones,MCI,D,0.0,,,,,,,,,,,,,,,,,,,,,,,,,,,,,,,,,,,,,,,,,,,,,,,,,,,,,,,,,,,,,,,,,,,,,,,,,,,,,,,,,,,,,,,,,,,,,,,,,,,,,,,Free Agent,,,,,,True,0,,,,,,,False,True,False,,,,,,,,,,,,,,,,,,,,,,,,,,,,,,,,,,,,,,,,,,,2026-08-14T20:59:07.776936+00:00,DEF,first valid Fantrax position,manchester_city,soccerdata:sofascore:16363243,2026-08-23,2026-08-23T13:00:00+00:00,Premier League,league,scheduled,1.0,False,manchester_city,Manchester City,afc_bournemouth,Bournemouth,H,Home,,,49.6,50.4,Neutral,,,,,derived feature frame,False
070gt,2627,John Victor Maciel Furtado,NOT,G,15.5,NOT,G,G,,463.0,,15.5,5.17,0.0,,1.0,-1.0,FA,LEE Sat 9:00AM,john victor,False,True,Matched eligible,pr_5586d166809ee771,468.0,070gt,John Victor Maciel Furtado,John Victor Maciel Furtado,Nott'm Forest,NOT,G,True,a,,NOT,G,Confirmed,Exact Name + Club,95.0,Official FPL API,2026-07-30T01:09:03.040438+00:00,070gt,Player Registry,Exact Name + Club,NOT,Confirmed,False,John Victor Maciel Furtado,NOT,G,38.0,0.0,0.0,0.0,0.0,0.0,0.0,0.0,0.0,0.0,0.0,440.0,14017.0,0.0,0.0,0.0,0.0,0.0,,0.0,0.0,0.0,True,True,matched by historical Fantrax ID,normalized Fantrax ID,1.0,,,,,,,39.9,34.4,37.8,48.333333333333336,45.36,43.16,0.0,Unknown / New Arrival,25.0,False,13.7,22.8,3.8,0.0,43.2,66.2,19.04,66.2,391.0,Deep,,ADP unavailable,,,Free Agent,,,,,,True,0,,,,,,,False,True,False,,,391.0,,G,,,0.0,0.0,,,,,0.0,0.0,0.0,0.0,0.0,0.0,0.0,37.8,45.36,38.0,,,0.0,0.0,0.0,0.0,,,,,,,,,,,,,,2026-08-14T20:59:07.776936+00:00,GK,canonical primary position,,,,,,,,,,,,,,,,,,,,,,,,,derived feature frame,False
070hr,2627,Jonah Kusi-Asare,FUL,F,3.0,FUL,F,F,285.4,534.0,285.4,3.0,0.0,4.0,,2.0,0.0,FA,CHE Mon 2:00PM,jonah kusi asare,False,True,Matched eligible,pr_a237495b0b94cc5d,272.0,070hr,Jonah Kusi-Asare,Jonah Kusi-Asare,Fulham,FUL,F,True,a,,FUL,F,Confirmed,Exact Name + Club,95.0,Official FPL API,2026-07-30T01:09:03.040438+00:00,070hr,Player Registry,Exact Name + Club,FUL,Confirmed,False,Jonah Kusi-Asare,FUL,F,38.0,0.0,0.0,0.0,0.0,0.0,0.0,0.0,0.081977978348732,0.0,1.0,28.0,13262.0,0.0,0.0,0.0,0.0,0.0,,0.2635006446923528,0.0,0.0,True,True,matched by historical Fantrax ID,normalized Fantrax ID,1.0,,,,,,,33.8,50.9,42.5,48.0,41.08,42.540000000000006,0.0,Unknown / New Arrival,25.0,False,13.7,22.8,60.3,0.0,38.0,15.4,21.9,66.2,343.0,Deep,-57.60000000000002,Major reach,,,Free Agent,,,,,,True,0,,,,,,,False,True,False,,,343.0,285.4,F,,,0.0,0.0,,,,,0.0,0.0,0.0,0.0,0.081977978348732,0.2635006446923528,0.0,42.5,41.08,38.0,,,0.081977978348732,0.0,0.2635006446923528,0.0,,,,,,,,,,,,,,2026-08-14T20:59:07.776936+00:00,FWD,canonical primary position,fulham,soccerdata:sofascore:16363244,2026-08-24,2026-08-24T19:00:00+00:00,Premier League,league,scheduled,1.0,False,fulham,Fulham,chelsea,Chelsea,H,Home,,,35.8,64.2,Difficult,,,,,derived feature frame,False
02lk5,2627,Jordan Henderson,BRF,M,52.0,,,,,,,,,,,,,,,,,,,,,,,,,,,,,,,,,,,,,,,,,,,,,,,,,,,,,,,,,,,,,,,,,,,,,,,,,,,,,,,,,,,,,,,,,,,,,,,,,,,,,,,Free Agent,,,,,,True,0,,,,,,,False,True,False,,,,,,,,,,,,,,,,,,,,,,,,,,,,,,,,,,,,,,,,,,,2026-08-14T20:59:07.776936+00:00,MID,first valid Fantrax position,brentford,soccerdata:sofascore:16363242,2026-08-22,2026-08-22T16:30:00+00:00,Premier League,league,scheduled,1.0,False,brentford,Brentford,tottenham_hotspur,Tottenham Hotspur,H,Home,,,51.6,48.4,Neutral,,,,,derived feature frame,False
032f9,2627,Jordan Pickford,EVE,G,243.0,EVE,G,G,162.9,123.0,162.9,243.0,6.75,96.0,,94.0,-1.0,FA,CRY Sat 9:00AM,jordan pickford,False,True,Matched eligible,pr_ee05e4712e802da3,226.0,032f9,Jordan Pickford,Jordan Pickford,Everton,EVE,G,True,a,,EVE,G,Confirmed,Exact Name + Club,95.0,Official FPL API,2026-07-30T01:09:03.040438+00:00,032f9,Player Registry,Exact Name + Club,EVE,Confirmed,False,Jordan Pickford,EVE,G,38.0,3420.0,38.0,274.0,254.0,0.0,0.0,0.0,0.2333715260028838,0.0,2.0,3420.0,741.0,540.0,6.0,22.0,7.2105263157894735,6.684,7.210526315789474,0.0061413559474443,1.0,1.0,True,True,matched by historical Fantrax ID,normalized Fantrax ID,1.0,254.0,6.684,38.0,274.0,6.68421052631579,92.7007299270073,18.7,43.5,29.0,42.06666666666666,41.9,42.48,100.0,Locked Starter,90.0,False,59.7,84.8,9.8,100.0,13.5,18.7,55.34,95.5,156.0,Tier 5,6.900000000000006,Near market,pr_ee05e4712e802da3,Jordan Pickford,Rostered,aup99ojzmrp1z5vp,The Facerockers,The Facerockers,ACTIVE,ACTIVE,False,0,,,The Facerockers,aup99ojzmrp1z5vp,11.0,129.0,True,False,True,11.0,129.0,156.0,162.9,G,,,274.0,7.2105263157894735,7.210526315789474,254.0,6.684,6.68421052631579,3420.0,38.0,1.0,0.0,0.2333715260028838,0.0061413559474443,100.0,29.0,41.9,38.0,7.2105263157894735,6.684210526315789,0.2333715260028838,0.0,0.0061413559474443,100.0,,,,,,,,,,,,,,2026-08-14T20:59:07.776936+00:00,GK,canonical primary position,everton,soccerdata:sofascore:16363635,2026-08-22,2026-08-22T14:00:00+00:00,Premier League,league,scheduled,1.0,False,everton,Everton,crystal_palace,Crystal Palace,H,Home,,,56.0,44.0,Favorable,,,,,derived feature frame,False
06nyw,2627,Jorge Cuenca,FUL,D,36.5,FUL,D,D,,354.0,,36.5,7.3,0.0,,1.0,-1.0,FA,CHE Mon 2:00PM,jorge cuenca,False,True,Matched eligible,pr_3a12e2c9920518da,255.0,06nyw,Jorge Cuenca Barreno,Jorge Cuenca Barreno,Fulham,FUL,D,True,a,,FUL,D,Confirmed,Ordered Token Expanded Name,85.0,Official FPL API,2026-07-30T01:09:03.040438+00:00,06nyw,Player Registry,Ordered Token Expanded Name,FUL,Confirmed,False,Jorge Cuenca,FUL,D,38.0,0.0,0.0,0.0,0.0,0.0,0.0,0.0508214943110942,0.5158752724528313,0.0,3.0,949.0,8489.0,0.0,0.0,0.0,0.0,0.0,,0.0537436343611731,0.0,0.0,True,True,matched by historical Fantrax ID,normalized Fantrax ID,1.0,,,,,,,33.8,50.9,42.5,48.0,41.08,42.540000000000006,0.0,Unknown / New Arrival,25.0,False,13.7,22.8,17.2,0.0,38.0,15.4,15.44,66.2,431.0,Deep,,ADP unavailable,,,Free Agent,,,,,,True,0,,,,,,,False,True,False,,,431.0,,D,,,0.0,0.0,,,,,0.0,0.0,0.0,0.0508214943110942,0.5158752724528313,0.0537436343611731,0.0,42.5,41.08,38.0,,,0.5666967667639254,0.004819741293992,0.048923893067181,0.0,,,,,,,,,,,,,,2026-08-14T20:59:07.776936+00:00,DEF,canonical primary position,fulham,soccerdata:sofascore:16363244,2026-08-24,2026-08-24T19:00:00+00:00,Premier League,league,scheduled,1.0,False,fulham,Fulham,chelsea,Chelsea,H,Home,,,35.8,64.2,Difficult,,,,,derived feature frame,False
06mow,2627,Jorgen Strand Larsen,CRY,F,54.0,CRY,F,F,197.2,267.0,197.2,59.0,6.56,70.0,,48.0,-5.0,FA,@EVE Sat 9:00AM,jorgen strand larsen,False,True,Matched eligible,pr_ea3432e53b091cbe,222.0,06mow,Jørgen Strand Larsen,Jørgen Strand Larsen,Crystal Palace,CRY,F,True,a,,WOL/CRY,F,Transferred,Unique Fuzzy,75.0,Official FPL API,2026-07-30T01:09:03.040438+00:00,06mow,Player Registry,Unique Fuzzy,CRY,Transferred,False,Jorgen Strand Larsen,WOL/CRY,F,38.0,1288.0,16.0,90.0,63.0,3.0,0.0,6.51420691050589,0.6865616654977198,0.0,10.0,2353.0,11070.0,288.0,4.0,10.0,2.3684210526315788,3.0,6.288819875776397,0.2754225124693263,0.4210526315789473,0.6666666666666666,True,True,matched by historical Fantrax ID,normalized Fantrax ID,1.0,63.0,3.0,21.0,90.0,4.402173913043479,70.0,18.2,57.9,33.9,40.0,40.32,42.81,38.2,Rotation Risk,60.0,True,44.9,56.2,61.9,38.2,19.2,7.1,41.48,82.0,233.0,Tier 6,-35.80000000000001,Major reach,,,Free Agent,,,,,,True,0,,,,,,,False,True,False,,,233.0,197.2,F,,,90.0,2.3684210526315788,6.288819875776397,63.0,3.0,4.402173913043479,1288.0,16.0,0.4210526315789473,6.51420691050589,0.6865616654977198,0.2754225124693263,38.2,33.9,40.32,38.0,5.625,3.9375,7.200768576003609,0.2491621852722184,0.0262603271971078,37.6608187134503,,,,,,,,,,,,,,2026-08-14T20:59:07.776936+00:00,FWD,canonical primary position,crystal_palace,soccerdata:sofascore:16363635,2026-08-22,2026-08-22T14:00:00+00:00,Premier League,league,scheduled,1.0,False,crystal_palace,Crystal Palace,everton,Everton,A,Away,,,51.6,48.4,Neutral,,,,,derived feature frame,False
06zqq,2627,Jorrel Hato,CHE,D,28.0,CHE,D,D,199.9,143.0,199.9,223.5,8.6,70.0,,49.0,-6.0,FA,@FUL Mon 2:00PM,jorrel hato,False,True,Matched eligible,pr_f3e7a6baadff7528,148.0,06zqq,Jorrel Hato,Jorrel Hato,Chelsea,CHE,D,True,a,,CHE,D,Confirmed,Exact Name + Club,95.0,Official FPL API,2026-07-30T01:09:03.040438+00:00,06zqq,Player Registry,Exact Name + Club,CHE,Confirmed,False,Jorrel Hato,CHE,D,38.0,0.0,0.0,0.0,0.0,0.0,0.0,0.3383092209696768,0.7095918618142603,0.0,8.0,1131.0,13776.0,0.0,0.0,0.0,0.0,0.0,,0.0833873540676873,0.0,0.0,True,True,matched by historical Fantrax ID,normalized Fantrax ID,1.0,,,,,,,68.4,56.8,65.6,50.53333333333333,46.98,47.54,0.0,Unknown / New Arrival,25.0,False,13.7,22.8,23.0,0.0,63.8,71.8,24.53,66.2,316.0,Deep,-116.1,Major reach,,,Free Agent,,,,,,True,0,,,,,,,False,True,False,,,316.0,199.9,D,,,0.0,0.0,,,,,0.0,0.0,0.0,0.3383092209696768,0.7095918618142603,0.0833873540676873,0.0,65.6,46.98,38.0,,,1.047901082783937,0.0269211581673482,0.056466195900339,0.0,,,,,,,,,,,,,,2026-08-14T20:59:07.776936+00:00,DEF,canonical primary position,chelsea,soccerdata:sofascore:16363244,2026-08-24,2026-08-24T19:00:00+00:00,Premier League,league,scheduled,1.0,False,chelsea,Chelsea,fulham,Fulham,A,Away,,,50.9,49.1,Neutral,,,,,derived feature frame,False
03r93,2627,Joseph Gomez,LIV,D,57.5,LIV,D,D,,272.0,,57.5,19.17,0.0,,7.0,-2.0,FA,@NEW Sun 10:30AM,joseph gomez,False,True,Matched eligible,pr_b4cfddc4e3ac13dc,359.0,03r93,Joe Gomez,Joe Gomez,Liverpool,LIV,D,True,i,Muscular injury - Unknown return date,LIV,D,Confirmed,Explicit Player Alias,92.0,Official FPL API,2026-07-30T01:09:03.040438+00:00,03r93,Player Registry,Explicit Player Alias,LIV,Confirmed,False,Joseph Gomez,LIV,D,38.0,198.0,4.0,27.5,18.5,0.0,1.0,0.1996985450387,1.2491662725806236,0.0,5.0,577.0,987.0,0.0,0.0,0.0,0.7236842105263158,4.625,12.5,0.2259927791780574,0.1052631578947368,0.0,True,True,matched by historical Fantrax ID,normalized Fantrax ID,1.0,18.5,4.625,4.0,27.5,8.40909090909091,67.27272727272727,83.8,61.5,74.8,46.4,49.71999999999999,50.39,4.4,Bench / Unknown,55.0,False,66.6,67.9,55.0,4.4,77.2,90.1,56.02,79.8,148.0,Tier 5,,ADP unavailable,,,Free Agent,,,,,,True,0,,,,,,,False,True,False,,,148.0,,D,,,27.5,0.7236842105263158,12.5,18.5,4.625,8.40909090909091,198.0,4.0,0.1052631578947368,0.1996985450387,1.2491662725806236,0.2259927791780574,4.4,74.8,49.71999999999999,38.0,6.875,4.625,1.4488648176193235,0.0311488198500571,0.1948439593280002,5.789473684210527,,,,,,,,,,,,,,2026-08-14T20:59:07.776936+00:00,DEF,canonical primary position,liverpool,soccerdata:sofascore:16363246,2026-08-23,2026-08-23T15:30:00+00:00,Premier League,league,scheduled,1.0,False,liverpool,Liverpool FC,newcastle_united,Newcastle United,A,Away,,,48.2,51.8,Neutral,,,,,derived feature frame,False
06kwp,2627,Josh Acheampong,CHE,D,10.5,CHE,D,D,,501.0,,9.5,9.5,0.0,,4.0,-1.0,FA,@FUL Mon 2:00PM,josh acheampong,False,True,Matched eligible,pr_f24a9a9c40279a56,151.0,06kwp,Josh Acheampong,Josh Acheampong,Chelsea,CHE,D,True,a,,CHE,D,Confirmed,Exact Name + Club,95.0,Official FPL API,2026-07-30T01:09:03.040438+00:00,06kwp,Player Registry,Exact Name + Club,CHE,Confirmed,False,Josh Acheampong,CHE,D,38.0,75.0,1.0,5.5,5.5,0.0,0.0,0.6709242314100263,0.1379665881395338,0.0,2.0,657.0,12535.0,0.0,0.0,0.0,0.1447368421052631,2.75,6.6,0.1108069615821315,0.0263157894736842,0.0,True,True,matched by historical Fantrax ID,normalized Fantrax ID,1.0,5.5,2.75,2.0,5.5,6.6,100.0,68.4,56.8,65.6,50.53333333333333,46.98,47.54,1.4,Bench / Unknown,55.0,False,34.6,53.8,29.9,1.4,63.8,71.8,36.77,79.8,265.0,Tier 6,,ADP unavailable,,,Free Agent,,,,,,True,0,,,,,,,False,True,False,,,265.0,,D,,,5.5,0.1447368421052631,6.6,5.5,2.75,6.6,75.0,1.0,0.0263157894736842,0.6709242314100263,0.1379665881395338,0.1108069615821315,1.4,65.6,46.98,38.0,5.5,5.5,0.8088908195495601,0.0919074289602775,0.0188995326218539,2.1929824561403506,,,,,,,,,,,,,,2026-08-14T20:59:07.776936+00:00,DEF,canonical primary position,chelsea,soccerdata:sofascore:16363244,2026-08-24,2026-08-24T19:00:00+00:00,Premier League,league,scheduled,1.0,False,chelsea,Chelsea,fulham,Fulham,A,Away,,,50.9,49.1,Neutral,,,,,derived feature frame,False
048xg,2627,Josh Dasilva,BRF,M,4.5,BRF,M,M,,529.0,,4.5,0.0,0.0,,0.0,0.0,FA,TOT Sat 11:30AM,josh dasilva,False,True,Matched eligible,pr_bc9564761c964d6f,103.0,048xg,Josh Dasilva,Josh Dasilva,Brentford,BRF,M,True,a,,BRF,M,Confirmed,Exact Name + Club,95.0,Official FPL API,2026-07-30T01:09:03.040438+00:00,048xg,Player Registry,Exact Name + Club,BRF,Confirmed,False,,BRF,M,38.0,0.0,0.0,0.0,0.0,0.0,0.0,0.0,0.0,0.0,0.0,0.0,,0.0,0.0,0.0,0.0,0.0,,,0.0,0.0,True,True,matched by historical Fantrax ID,normalized Fantrax ID,1.0,,,,,,,29.4,35.6,32.6,45.36666666666667,47.48,44.42,0.0,Unknown / New Arrival,25.0,False,13.7,22.8,0.0,0.0,20.9,78.0,17.41,46.2,398.0,Deep,,ADP unavailable,,,Free Agent,,,,,,True,0,,,,,,,False,True,False,,,398.0,,M,,,0.0,0.0,,,,,0.0,0.0,0.0,0.0,0.0,,0.0,32.6,47.48,38.0,,,0.0,,,0.0,,,,,,,,,,,,,,2026-08-14T20:59:07.776936+00:00,MID,canonical primary position,brentford,soccerdata:sofascore:16363242,2026-08-22,2026-08-22T16:30:00+00:00,Premier League,league,scheduled,1.0,False,brentford,Brentford,tottenham_hotspur,Tottenham Hotspur,H,Home,,,51.6,48.4,Neutral,,,,,derived feature frame,False
076d6,2627,Josh Eccles,COV,M,43.5,COV,M,M,,314.0,,44.5,7.42,0.0,,4.0,0.0,FA,@ARS Fri 2:00PM,josh eccles,False,True,Matched eligible,pr_0817e0e832ad4eb1,187.0,076d6,Josh Eccles,Josh Eccles,Coventry City,COV,M,True,a,,,,New EPL Arrival,Exact Name + Club,95.0,Official FPL API,2026-07-30T01:09:03.040438+00:00,076d6,Player Registry,Exact Name + Club,COV,New EPL Arrival,False,,,,,,,,,,,,,,,,,,,,,,,,,,False,False,no 2025/26 record for bridged ID,none,0.0,,,,,,,,,,28.066666666666663,30.12,40.8,0.0,Unknown / New Arrival,25.0,False,0.0,0.0,0.0,0.0,0.0,2.3,0.23,11.2,616.0,Deep,,ADP unavailable,,,Free Agent,,,,,,True,0,,,,,,,False,True,False,,,616.0,,M,,,,,,,,,,,,,,,0.0,,30.12,,,,,,,,,,,,,,,,,,,,,2026-08-14T20:59:07.776936+00:00,MID,canonical primary position,coventry_city,soccerdata:sofascore:16363633,2026-08-21,2026-08-21T19:00:00+00:00,Premier League,league,scheduled,1.0,False,coventry_city,Coventry City,arsenal,Arsenal,A,Away,,,18.9,81.1,Very difficult,,,,,derived feature frame,False
06nk3,2627,Josh Nichols,ARS,D,0.0,,,,,,,,,,,,,,,,,,,,,,,,,,,,,,,,,,,,,,,,,,,,,,,,,,,,,,,,,,,,,,,,,,,,,,,,,,,,,,,,,,,,,,,,,,,,,,,,,,,,,,,Free Agent,,,,,,True,0,,,,,,,False,True,False,,,,,,,,,,,,,,,,,,,,,,,,,,,,,,,,,,,,,,,,,,,2026-08-14T20:59:07.776936+00:00,DEF,first valid Fantrax position,arsenal,soccerdata:sofascore:16363633,2026-08-21,2026-08-21T19:00:00+00:00,Premier League,league,scheduled,1.0,False,arsenal,Arsenal,coventry_city,Coventry City,H,Home,,,55.2,44.8,Favorable,,,,,derived feature frame,False
06jh3,2627,Joshua King,FUL,M,35.5,FUL,M,M,279.8,365.0,279.8,34.5,6.9,9.0,,6.0,-2.0,FA,CHE Mon 2:00PM,joshua king,False,True,Matched eligible,pr_48aea4da65a5a244,268.0,06jh3,Josh King,Josh King,Fulham,FUL,M,True,a,,FUL,M,Confirmed,Unique Fuzzy,75.0,Official FPL API,2026-07-30T01:09:03.040438+00:00,06jh3,Player Registry,Unique Fuzzy,FUL,Confirmed,False,Joshua King,FUL,M,38.0,37.0,0.0,4.0,4.0,0.0,0.0,3.7996071055531497,1.03956436086446,0.0,15.0,1306.0,12410.0,37.0,0.0,4.0,0.1052631578947368,2.0,9.72972972972973,0.3334804226474616,0.0,0.0,True,True,matched by historical Fantrax ID,normalized Fantrax ID,1.0,4.0,2.0,2.0,4.0,9.72972972972973,100.0,33.8,50.9,42.5,48.0,41.08,42.540000000000006,2.5,Bench / Unknown,55.0,False,49.5,49.9,66.9,2.5,38.0,15.4,38.22,79.8,255.0,Tier 6,24.80000000000001,Strong value,,,Free Agent,,,,,,True,0,,,,,,,False,True,False,,,255.0,279.8,M,,,4.0,0.1052631578947368,9.72972972972973,4.0,2.0,9.72972972972973,37.0,0.0,0.0,3.7996071055531497,1.03956436086446,0.3334804226474616,2.5,42.5,41.08,38.0,,,4.83917146641761,0.2618412247318403,0.0716391979156212,1.08187134502924,,,,,,,,,,,,,,2026-08-14T20:59:07.776936+00:00,MID,canonical primary position,fulham,soccerdata:sofascore:16363244,2026-08-24,2026-08-24T19:00:00+00:00,Premier League,league,scheduled,1.0,False,fulham,Fulham,chelsea,Chelsea,H,Home,,,35.8,64.2,Difficult,,,,,derived feature frame,False
06zqi,2627,Joshua Stephenson,BRF,D,0.0,BRF,D,D,,662.0,,0.0,0.0,0.0,,1.0,-1.0,FA,TOT Sat 11:30AM,joshua stephenson,True,False,Inactive / historical only,pr_1c8399d935969e10,,06zqi,Joshua Stephenson,,BRF,BRF,D,False,unverified,,BRF,D,Historical Only,Unresolved,0.0,Fantrax / historical,,06zqi,Player Registry,Unresolved,BRF,Historical Only,False,,BRF,D,38.0,0.0,0.0,0.0,0.0,0.0,0.0,0.0,0.0,0.0,0.0,0.0,,0.0,0.0,0.0,0.0,0.0,,,0.0,0.0,True,True,matched by historical Fantrax ID,normalized Fantrax ID,1.0,,,,,,,29.4,35.6,32.6,45.36666666666667,47.48,44.42,0.0,Unknown / New Arrival,25.0,False,13.7,22.8,0.0,0.0,20.9,78.0,17.41,46.2,,,,Not draft eligible,,,Free Agent,,,,,,True,0,,,,,,,False,True,False,,,,,D,,,0.0,0.0,,,,,0.0,0.0,0.0,0.0,0.0,,0.0,32.6,47.48,38.0,,,0.0,,,0.0,,,,,,,,,,,,,,2026-08-14T20:59:07.776936+00:00,DEF,canonical primary position,brentford,soccerdata:sofascore:16363242,2026-08-22,2026-08-22T16:30:00+00:00,Premier League,league,scheduled,1.0,False,brentford,Brentford,tottenham_hotspur,Tottenham Hotspur,H,Home,,,51.6,48.4,Neutral,,,,,derived feature frame,False
06mve,2627,Joshua Zirkzee,MUN,F,25.0,MUN,F,F,,422.0,,25.0,8.33,0.0,,4.0,-2.0,FA,@HUL Sat 6:30AM,joshua zirkzee,False,True,Matched eligible,pr_f0eb31a0b0046eb8,440.0,06mve,Joshua Zirkzee,Joshua Zirkzee,Man Utd,MUN,F,True,a,,MUN,F,Confirmed,Exact Name + Club,95.0,Official FPL API,2026-07-30T01:09:03.040438+00:00,06mve,Player Registry,Exact Name + Club,MUN,Confirmed,False,Joshua Zirkzee,MUN,F,38.0,154.0,2.0,12.0,12.0,0.0,0.0,3.8466350883245455,1.2162351589649911,0.0,11.0,573.0,8044.0,64.0,1.0,0.0,0.3157894736842105,6.0,7.012987012987013,0.795215222087362,0.0526315789473684,0.1666666666666666,True,True,matched by historical Fantrax ID,normalized Fantrax ID,1.0,12.0,6.0,2.0,12.0,7.012987012987013,100.0,90.6,59.4,72.4,44.06666666666666,49.54,46.89,8.1,Bench / Unknown,55.0,False,38.2,78.6,95.5,8.1,83.8,84.0,55.98,79.8,149.0,Tier 5,,ADP unavailable,,,Free Agent,,,,,,True,0,,,,,,,False,True,False,,,149.0,,F,,,12.0,0.3157894736842105,7.012987012987013,12.0,6.0,7.012987012987013,154.0,2.0,0.0526315789473684,3.8466350883245455,1.2162351589649911,0.795215222087362,8.1,72.4,49.54,38.0,6.0,6.0,5.062870247289537,0.6041835217263685,0.1910317003609933,4.502923976608187,,,,,,,,,,,,,,2026-08-14T20:59:07.776936+00:00,FWD,canonical primary position,manchester_united,soccerdata:sofascore:16363634,2026-08-22,2026-08-22T11:30:00+00:00,Premier League,league,scheduled,1.0,False,manchester_united,Manchester United,hull_city,Hull City,A,Away,,,49.1,50.9,Neutral,,,,,derived feature frame,False
06ex4,2627,Josko Gvardiol,MCI,D,280.5,MCI,D,D,85.8,65.0,85.8,280.0,9.66,100.0,,100.0,0.0,FA,BOU Sun 8:00AM,josko gvardiol,False,True,Matched eligible,pr_16794967f48eec62,391.0,06ex4,Joško Gvardiol,Joško Gvardiol,Man City,MCI,D,True,a,,MCI,D,Confirmed,Exact Name + Club,95.0,Official FPL API,2026-07-30T01:09:03.040438+00:00,06ex4,Player Registry,Exact Name + Club,MCI,Confirmed,False,Josko Gvardiol,MCI,D,38.0,1369.0,16.0,174.5,114.5,2.0,2.0,1.8614049591124056,0.437604747712612,0.0,4.0,1374.0,9790.0,69.0,1.0,8.0,4.592105263157895,3.013,11.471877282688093,0.1505901554688876,0.4210526315789473,0.1666666666666666,True,True,matched by historical Fantrax ID,normalized Fantrax ID,1.0,114.5,3.013,38.0,174.5,7.527392257121987,65.61604584527221,98.2,94.1,96.1,43.93333333333333,42.42,45.38,29.9,Rotation Risk,75.0,False,74.6,56.9,39.9,29.9,96.2,30.3,55.56,88.8,154.0,Tier 5,-68.2,Major reach,pr_16794967f48eec62,Joško Gvardiol,Rostered,h1vdt8ynmrp1z5vp,Pot Splashers,Pot Splashers,ACTIVE,ACTIVE,False,0,,,Pot Splashers,h1vdt8ynmrp1z5vp,5.0,49.0,True,False,True,5.0,49.0,154.0,85.8,D,,,174.5,4.592105263157895,11.471877282688093,114.5,3.013,7.527392257121987,1369.0,16.0,0.4210526315789473,1.8614049591124056,0.437604747712612,0.1505901554688876,29.9,96.1,42.42,38.0,10.90625,7.15625,2.299009706825017,0.12192608902483,0.0286640664440575,40.02923976608187,,,,,,,,,,,,,,2026-08-14T20:59:07.776936+00:00,DEF,canonical primary position,manchester_city,soccerdata:sofascore:16363243,2026-08-23,2026-08-23T13:00:00+00:00,Premier League,league,scheduled,1.0,False,manchester_city,Manchester City,afc_bournemouth,Bournemouth,H,Home,,,49.6,50.4,Neutral,,,,,derived feature frame,False
06on4,2627,Julian Eyestone,BRF,G,0.0,BRF,G,G,,582.0,,0.0,0.0,0.0,,0.0,0.0,FA,TOT Sat 11:30AM,julian eyestone,True,False,Inactive / historical only,pr_339f6f9013491d7a,,06on4,Julian Eyestone,,BRF,BRF,G,False,unverified,,BRF,G,Historical Only,Unresolved,0.0,Fantrax / historical,,06on4,Player Registry,Unresolved,BRF,Historical Only,False,,BRF,G,38.0,0.0,0.0,0.0,0.0,0.0,0.0,0.0,0.0,0.0,0.0,0.0,,0.0,0.0,0.0,0.0,0.0,,,0.0,0.0,True,True,matched by historical Fantrax ID,normalized Fantrax ID,1.0,,,,,,,29.4,35.6,32.6,45.36666666666667,47.48,44.42,0.0,Unknown / New Arrival,25.0,False,13.7,22.8,0.0,0.0,20.9,78.0,17.41,46.2,,,,Not draft eligible,,,Free Agent,,,,,,True,0,,,,,,,False,True,False,,,,,G,,,0.0,0.0,,,,,0.0,0.0,0.0,0.0,0.0,,0.0,32.6,47.48,38.0,,,0.0,,,0.0,,,,,,,,,,,,,,2026-08-14T20:59:07.776936+00:00,GK,canonical primary position,brentford,soccerdata:sofascore:16363242,2026-08-22,2026-08-22T16:30:00+00:00,Premier League,league,scheduled,1.0,False,brentford,Brentford,tottenham_hotspur,Tottenham Hotspur,H,Home,,,51.6,48.4,Neutral,,,,,derived feature frame,False
06r7f,2627,Julio Soler,BOU,D,0.0,BOU,D,D,,660.0,,0.0,0.0,0.0,,1.0,-1.0,FA,@MCI Sun 8:00AM,julio soler,False,True,Matched eligible,pr_eaa458a461dfd8af,66.0,06r7f,Julio Soler Barreto,Julio Soler Barreto,Bournemouth,BOU,D,True,a,,BOU,D,Confirmed,Ordered Token Expanded Name,85.0,Official FPL API,2026-07-30T01:09:03.040438+00:00,06r7f,Player Registry,Ordered Token Expanded Name,BOU,Confirmed,False,Julio Soler,BOU,D,38.0,0.0,0.0,0.0,0.0,0.0,0.0,0.0,0.0,0.0,0.0,27.0,13474.0,0.0,0.0,0.0,0.0,0.0,,0.0,0.0,0.0,True,True,matched by historical Fantrax ID,normalized Fantrax ID,1.0,,,,,,,73.4,43.8,58.6,39.93333333333333,43.7,39.440000000000005,0.0,Unknown / New Arrival,25.0,False,13.7,22.8,3.8,0.0,64.2,57.7,20.28,66.2,360.0,Deep,,ADP unavailable,,,Free Agent,,,,,,True,0,,,,,,,False,True,False,,,360.0,,D,,,0.0,0.0,,,,,0.0,0.0,0.0,0.0,0.0,0.0,0.0,58.6,43.7,38.0,,,0.0,0.0,0.0,0.0,,,,,,,,,,,,,,2026-08-14T20:59:07.776936+00:00,DEF,canonical primary position,afc_bournemouth,soccerdata:sofascore:16363243,2026-08-23,2026-08-23T13:00:00+00:00,Premier League,league,scheduled,1.0,False,afc_bournemouth,Bournemouth,manchester_city,Manchester City,A,Away,,,16.8,83.2,Very difficult,,,,,derived feature frame,False
06zc3,2627,Jun'ai Byfield,TOT,D,2.0,,,,,,,,,,,,,,,,,,,,,,,,,,,,,,,,,,,,,,,,,,,,,,,,,,,,,,,,,,,,,,,,,,,,,,,,,,,,,,,,,,,,,,,,,,,,,,,,,,,,,,,Free Agent,,,,,,True,0,,,,,,,False,True,False,,,,,,,,,,,,,,,,,,,,,,,,,,,,,,,,,,,,,,,,,,,2026-08-14T20:59:07.776936+00:00,DEF,first valid Fantrax position,tottenham_hotspur,soccerdata:sofascore:16363242,2026-08-22,2026-08-22T16:30:00+00:00,Premier League,league,scheduled,1.0,False,tottenham_hotspur,Tottenham Hotspur,brentford,Brentford,A,Away,,,55.1,44.9,Favorable,,,,,derived feature frame,False
06dmj,2627,Jurrien Timber,ARS,D,263.0,ARS,D,D,61.4,90.0,61.4,263.0,8.22,100.0,,99.0,1.0,FA,COV Fri 2:00PM,jurrien timber,False,True,Matched eligible,pr_9259512d36ac24db,5.0,06dmj,Jurriën Timber,Jurriën Timber,Arsenal,ARS,D,True,i,Groin injury - Expected back 21 Aug,ARS,D,Confirmed,Exact Name + Club,95.0,Official FPL API,2026-07-30T01:09:03.040438+00:00,06dmj,Player Registry,Exact Name + Club,ARS,Confirmed,False,Jurrien Timber,ARS,D,38.0,2451.0,28.0,338.0,202.0,3.0,6.0,4.030840836465359,2.5891424333676687,0.0,28.0,2475.0,11707.0,0.0,0.0,0.0,8.894736842105264,5.316,12.411260709914322,0.2407266643575646,0.7368421052631579,0.0,True,True,matched by historical Fantrax ID,normalized Fantrax ID,1.0,202.0,5.316,38.0,338.0,7.417380660954713,59.76331360946746,86.2,100.0,90.6,40.0,43.64,45.32000000000001,43.4,Rotation Risk,90.0,False,88.1,73.5,57.9,43.4,84.0,52.3,68.45,95.5,59.0,Tier 3,2.3999999999999986,Near market,pr_9259512d36ac24db,Jurriën Timber,Rostered,aup99ojzmrp1z5vp,The Facerockers,The Facerockers,INJURED_RESERVE,INJURED_RESERVE,False,0,,,The Facerockers,aup99ojzmrp1z5vp,9.0,105.0,True,False,True,9.0,105.0,59.0,61.4,D,,,338.0,8.894736842105264,12.411260709914322,202.0,5.316,7.417380660954713,2451.0,28.0,0.7368421052631579,4.030840836465359,2.5891424333676687,0.2407266643575646,43.4,90.6,43.64,38.0,12.071428571428571,7.214285714285714,6.619983269833027,0.1465760304169221,0.0941506339406424,71.66666666666667,,,,,,,,,,,,,,2026-08-14T20:59:07.776936+00:00,DEF,canonical primary position,arsenal,soccerdata:sofascore:16363633,2026-08-21,2026-08-21T19:00:00+00:00,Premier League,league,scheduled,1.0,False,arsenal,Arsenal,coventry_city,Coventry City,H,Home,,,55.2,44.8,Favorable,,,,,derived feature frame,False
06kx1,2627,Justin Devenny,CRY,"M,F",15.0,CRY,M,"M,F",,468.0,,15.0,5.0,0.0,,1.0,-1.0,FA,@EVE Sat 9:00AM,justin devenny,False,True,Matched eligible,pr_b2bc47581448ceb9,215.0,06kx1,Justin Devenny,Justin Devenny,Crystal Palace,CRY,M,True,a,,CRY,"M,F",Confirmed,Exact Name + Club,95.0,Official FPL API,2026-07-30T01:09:03.040438+00:00,06kx1,Player Registry,Exact Name + Club,CRY,Confirmed,False,Justin Devenny,CRY,"M,F",38.0,0.0,0.0,0.0,0.0,0.0,0.0,2.2452754601836205,0.3324787318706511,0.0,7.0,762.0,13038.0,0.0,0.0,0.0,0.0,0.0,,0.3044591565418431,0.0,0.0,True,True,matched by historical Fantrax ID,normalized Fantrax ID,1.0,,,,,,,18.2,57.9,33.9,40.0,40.32,42.81,0.0,Unknown / New Arrival,25.0,False,13.7,22.8,64.3,0.0,19.2,7.1,19.8,66.2,382.0,Deep,,ADP unavailable,,,Free Agent,,,,,,True,0,,,,,,,False,True,False,,,382.0,,M,,,0.0,0.0,,,,,0.0,0.0,0.0,2.2452754601836205,0.3324787318706511,0.3044591565418431,0.0,33.9,40.32,38.0,,,2.577754192054272,0.2651900149823173,0.0392691415595257,0.0,,,,,,,,,,,,,,2026-08-14T20:59:07.776936+00:00,MID,canonical primary position,crystal_palace,soccerdata:sofascore:16363635,2026-08-22,2026-08-22T14:00:00+00:00,Premier League,league,scheduled,1.0,False,crystal_palace,Crystal Palace,everton,Everton,A,Away,,,51.6,48.4,Neutral,,,,,derived feature frame,False
06clt,2627,Justin Kluivert,BOU,"M,F",54.0,BOU,M,"M,F",149.9,147.0,149.9,221.0,7.37,87.0,,60.0,1.0,FA,@MCI Sun 8:00AM,justin kluivert,False,True,Matched eligible,pr_2cfd54c576f1853d,70.0,06clt,Justin Kluivert,Justin Kluivert,Bournemouth,BOU,M,True,a,,BOU,"M,F",Confirmed,Exact Name + Club,95.0,Official FPL API,2026-07-30T01:09:03.040438+00:00,06clt,Player Registry,Exact Name + Club,BOU,Confirmed,False,Justin Kluivert,BOU,"M,F",38.0,460.0,5.0,42.5,33.5,1.0,0.0,2.2934201275929804,2.294822184368968,0.0,22.0,934.0,6963.0,0.0,0.0,0.0,1.118421052631579,2.792,8.315217391304348,0.4421218501890528,0.131578947368421,0.0,True,True,matched by historical Fantrax ID,normalized Fantrax ID,1.0,33.5,2.792,12.0,42.5,6.554347826086956,78.82352941176471,73.4,43.8,58.6,39.93333333333333,43.7,39.440000000000005,8.0,Bench / Unknown,55.0,False,48.2,54.4,80.4,8.0,64.2,57.7,48.48,79.8,194.0,Tier 6,-44.1,Major reach,pr_2cfd54c576f1853d,Justin Kluivert,Rostered,61fz0pmkmrp1z5vo,wmuck1,wmuck1,ACTIVE,ACTIVE,False,0,,,wmuck1,61fz0pmkmrp1z5vo,7.0,83.0,True,False,True,7.0,83.0,194.0,149.9,M,,,42.5,1.118421052631579,8.315217391304348,33.5,2.792,6.554347826086956,460.0,5.0,0.131578947368421,2.2934201275929804,2.294822184368968,0.4421218501890528,8.0,58.6,43.7,38.0,8.5,6.7,4.588242311961949,0.2209933741791951,0.2211284760098577,13.450292397660816,,,,,,,,,,,,,,2026-08-14T20:59:07.776936+00:00,MID,canonical primary position,afc_bournemouth,soccerdata:sofascore:16363243,2026-08-23,2026-08-23T13:00:00+00:00,Premier League,league,scheduled,1.0,False,afc_bournemouth,Bournemouth,manchester_city,Manchester City,A,Away,,,16.8,83.2,Very difficult,,,,,derived feature frame,False
06pry,2627,Kaden Braithwaite,MCI,D,0.0,MCI,D,D,,562.0,,0.0,0.0,0.0,,2.0,2.0,W <small>(Tue)</small>,BOU Sun 8:00AM,kaden braithwaite,True,False,Inactive / historical only,pr_d558b69abee50c37,,06pry,Kaden Braithwaite,,MCI,MCI,D,False,unverified,,MCI,D,Historical Only,Unresolved,0.0,Fantrax / historical,,06pry,Player Registry,Unresolved,MCI,Historical Only,False,,MCI,D,38.0,0.0,0.0,0.0,0.0,0.0,0.0,0.0,0.0,0.0,0.0,0.0,,0.0,0.0,0.0,0.0,0.0,,,0.0,0.0,True,True,matched by historical Fantrax ID,normalized Fantrax ID,1.0,,,,,,,98.2,94.1,96.1,43.93333333333333,42.42,45.38,0.0,Unknown / New Arrival,25.0,False,13.7,22.8,0.0,0.0,96.2,30.3,20.17,46.2,,,,Not draft eligible,,,Free Agent,,,,,,True,0,,,,,,,False,True,False,,,,,D,,,0.0,0.0,,,,,0.0,0.0,0.0,0.0,0.0,,0.0,96.1,42.42,38.0,,,0.0,,,0.0,,,,,,,,,,,,,,2026-08-14T20:59:07.776936+00:00,DEF,canonical primary position,manchester_city,soccerdata:sofascore:16363243,2026-08-23,2026-08-23T13:00:00+00:00,Premier League,league,scheduled,1.0,False,manchester_city,Manchester City,afc_bournemouth,Bournemouth,H,Home,,,49.6,50.4,Neutral,,,,,derived feature frame,False
062oi,2627,Kaden Rodney,CRY,M,0.0,,,,,,,,,,,,,,,,,,,,,,,,,,,,,,,,,,,,,,,,,,,,,,,,,,,,,,,,,,,,,,,,,,,,,,,,,,,,,,,,,,,,,,,,,,,,,,,,,,,,,,,Free Agent,,,,,,True,0,,,,,,,False,True,False,,,,,,,,,,,,,,,,,,,,,,,,,,,,,,,,,,,,,,,,,,,2026-08-14T20:59:07.776936+00:00,MID,first valid Fantrax position,crystal_palace,soccerdata:sofascore:16363635,2026-08-22,2026-08-22T14:00:00+00:00,Premier League,league,scheduled,1.0,False,crystal_palace,Crystal Palace,everton,Everton,A,Away,,,51.6,48.4,Neutral,,,,,derived feature frame,False
05o6h,2627,Kai Havertz,ARS,F,163.0,ARS,F,F,73.5,215.0,73.5,163.0,9.59,100.0,,98.0,-1.0,FA,COV Fri 2:00PM,kai havertz,False,True,Matched eligible,pr_24779ba9ae4ae614,26.0,05o6h,Kai Havertz,Kai Havertz,Arsenal,ARS,F,True,a,,ARS,F,Confirmed,Exact Name + Club,95.0,Official FPL API,2026-07-30T01:09:03.040438+00:00,05o6h,Player Registry,Exact Name + Club,ARS,Confirmed,False,Kai Havertz,ARS,F,38.0,575.0,7.0,82.5,46.5,2.0,3.0,4.895509898662567,1.4569836463779209,0.0,11.0,582.0,5220.0,263.0,3.0,55.0,2.171052631578948,1.722,12.91304347826087,0.982344362635127,0.1842105263157894,0.5,True,True,matched by historical Fantrax ID,normalized Fantrax ID,1.0,46.5,1.722,27.0,82.5,7.278260869565218,56.36363636363636,86.2,100.0,90.6,40.0,43.64,45.32000000000001,30.0,Rotation Risk,55.0,False,74.1,48.7,97.9,30.0,84.0,52.3,63.85,79.8,84.0,Tier 4,-10.5,Reach,pr_24779ba9ae4ae614,Kai Havertz,Rostered,hpsurdtbmrp1z5vo,Count Doku,Count Doku,ACTIVE,ACTIVE,False,0,,,Count Doku,hpsurdtbmrp1z5vo,7.0,76.0,True,False,True,7.0,76.0,84.0,73.5,F,,,82.5,2.171052631578948,12.91304347826087,46.5,1.722,7.278260869565218,575.0,7.0,0.1842105263157894,4.895509898662567,1.4569836463779209,0.982344362635127,30.0,90.6,43.64,38.0,11.785714285714286,6.642857142857143,6.352493545040488,0.7570376131952423,0.2253067494398846,16.812865497076025,,,,,,,,,,,,,,2026-08-14T20:59:07.776936+00:00,FWD,canonical primary position,arsenal,soccerdata:sofascore:16363633,2026-08-21,2026-08-21T19:00:00+00:00,Premier League,league,scheduled,1.0,False,arsenal,Arsenal,coventry_city,Coventry City,H,Home,,,55.2,44.8,Favorable,,,,,derived feature frame,False
05uhl,2627,Kaide Gordon,LIV,F,3.5,,,,,,,,,,,,,,,,,,,,,,,,,,,,,,,,,,,,,,,,,,,,,,,,,,,,,,,,,,,,,,,,,,,,,,,,,,,,,,,,,,,,,,,,,,,,,,,,,,,,,,,Free Agent,,,,,,True,0,,,,,,,False,True,False,,,,,,,,,,,,,,,,,,,,,,,,,,,,,,,,,,,,,,,,,,,2026-08-14T20:59:07.776936+00:00,FWD,first valid Fantrax position,liverpool,soccerdata:sofascore:16363246,2026-08-23,2026-08-23T15:30:00+00:00,Premier League,league,scheduled,1.0,False,liverpool,Liverpool FC,newcastle_united,Newcastle United,A,Away,,,48.2,51.8,Neutral,,,,,derived feature frame,False
05rey,2627,Kaine Hayden,COV,D,38.0,COV,D,D,,349.0,,38.0,7.6,0.0,,0.0,0.0,FA,@ARS Fri 2:00PM,kaine hayden,False,True,Matched eligible,pr_955ac3d14bc805c7,177.0,05rey,Kaine Kesler-Hayden,Kaine Kesler-Hayden,Coventry City,COV,D,True,a,,,,New EPL Arrival,Ordered Token Expanded Name,85.0,Official FPL API,2026-07-30T01:09:03.040438+00:00,05rey,Player Registry,Ordered Token Expanded Name,COV,New EPL Arrival,False,,,,,,,,,,,,,,,,,,,,,,,,,,False,False,no 2025/26 record for bridged ID,none,0.0,,,,,,,,,,28.066666666666663,30.12,40.8,0.0,Unknown / New Arrival,25.0,False,0.0,0.0,0.0,0.0,0.0,2.3,0.23,11.2,607.0,Deep,,ADP unavailable,,,Free Agent,,,,,,True,0,,,,,,,False,True,False,,,607.0,,D,,,,,,,,,,,,,,,0.0,,30.12,,,,,,,,,,,,,,,,,,,,,2026-08-14T20:59:07.776936+00:00,DEF,canonical primary position,coventry_city,soccerdata:sofascore:16363633,2026-08-21,2026-08-21T19:00:00+00:00,Premier League,league,scheduled,1.0,False,coventry_city,Coventry City,arsenal,Arsenal,A,Away,,,18.9,81.1,Very difficult,,,,,derived feature frame,False
062ci,2627,Kaoru Mitoma,BHA,"M,F",272.0,BHA,M,"M,F",77.5,84.0,77.5,266.5,8.6,100.0,,96.0,-2.0,FA,AVL Sun 8:00AM,kaoru mitoma,False,True,Matched eligible,pr_862600788a85261c,121.0,062ci,Mitoma Kaoru,Mitoma Kaoru,Brighton,BHA,M,True,i,Hamstring injury - Unknown return date,BHA,"M,F",Confirmed,Explicit Player Alias,92.0,Official FPL API,2026-07-30T01:09:03.040438+00:00,062ci,Player Registry,Explicit Player Alias,BHA,Confirmed,False,Kaoru Mitoma,BHA,"M,F",38.0,1710.0,19.0,176.5,138.5,3.0,1.0,4.789182621985673,3.54316034540534,0.0,30.0,1723.0,10806.0,283.0,3.0,29.5,4.644736842105263,4.074,9.289473684210526,0.4352355583663326,0.5,0.5,True,True,matched by historical Fantrax ID,normalized Fantrax ID,1.0,138.5,4.074,34.0,176.5,7.2894736842105265,78.47025495750708,,,,,,,50.7,Likely Rotation,75.0,False,64.4,64.2,78.8,50.7,0.0,0.0,50.92,78.8,179.0,Tier 5,-101.5,Major reach,pr_862600788a85261c,Mitoma Kaoru,Rostered,2dxfjlk0mrp1z5vo,nhauptma,nhauptma,RESERVE,RESERVE,False,0,,,nhauptma,2dxfjlk0mrp1z5vo,13.0,152.0,True,False,True,13.0,152.0,179.0,77.5,M,,,176.5,4.644736842105263,9.289473684210526,138.5,4.074,7.2894736842105265,1710.0,19.0,0.5,4.789182621985673,3.54316034540534,0.4352355583663326,50.7,,,38.0,9.289473684210526,7.2894736842105265,8.332342967391014,0.2501604387572319,0.1850751196091007,50.0,,,,,,,,,,,,,,2026-08-14T20:59:07.776936+00:00,MID,canonical primary position,brighton_hove_albion,soccerdata:sofascore:16363236,2026-08-23,2026-08-23T13:00:00+00:00,Premier League,league,scheduled,1.0,False,brighton_hove_albion,Brighton & Hove Albion,aston_villa,Aston Villa,H,Home,,,39.0,61.0,Difficult,,,,,derived feature frame,False
03pif,2627,Karl Darlow,MUN,G,24.5,MUN,G,G,281.9,423.0,281.9,24.5,6.12,4.0,,3.0,0.0,FA,@HUL Sat 6:30AM,karl darlow,False,True,Matched eligible,pr_e8c0277663d0f283,325.0,03pif,Karl Darlow,Karl Darlow,Man Utd,MUN,G,True,d,Unspecified injury - 75% chance of playing,LEE,G,Transferred,Exact Name + Club,95.0,Official FPL API,2026-07-30T01:09:03.040438+00:00,03pif,Player Registry,Exact Name + Club,MUN,Transferred,False,Karl Darlow,LEE,G,38.0,90.0,1.0,4.0,4.0,0.0,0.0,0.0,0.0,0.0,0.0,1980.0,780.0,90.0,1.0,4.0,0.1052631578947368,4.0,4.0,0.0,0.0263157894736842,0.1666666666666666,True,True,matched by historical Fantrax ID,normalized Fantrax ID,1.0,4.0,4.0,1.0,4.0,4.0,100.0,90.6,59.4,72.4,44.06666666666666,49.54,46.89,0.2,Bench / Unknown,40.0,True,30.9,62.9,3.8,0.2,83.8,84.0,36.11,73.0,266.0,Tier 6,15.899999999999975,Value,,,Free Agent,,,,,,True,0,,,,,,,False,True,False,,,266.0,281.9,G,,,4.0,0.1052631578947368,4.0,4.0,4.0,4.0,90.0,1.0,0.0263157894736842,0.0,0.0,0.0,0.2,72.4,49.54,38.0,4.0,4.0,0.0,0.0,0.0,2.631578947368421,,,,,,,,,,,,,,2026-08-14T20:59:07.776936+00:00,GK,canonical primary position,manchester_united,soccerdata:sofascore:16363634,2026-08-22,2026-08-22T11:30:00+00:00,Premier League,league,scheduled,1.0,False,manchester_united,Manchester United,hull_city,Hull City,A,Away,,,49.1,50.9,Neutral,,,,,derived feature frame,False
05oz4,2627,Karl Hein,ARS,G,0.0,,,,,,,,,,,,,,,,,,,,,,,,,,,,,,,,,,,,,,,,,,,,,,,,,,,,,,,,,,,,,,,,,,,,,,,,,,,,,,,,,,,,,,,,,,,,,,,,,,,,,,,Free Agent,,,,,,True,0,,,,,,,False,True,False,,,,,,,,,,,,,,,,,,,,,,,,,,,,,,,,,,,,,,,,,,,2026-08-14T20:59:07.776936+00:00,GK,first valid Fantrax position,arsenal,soccerdata:sofascore:16363633,2026-08-21,2026-08-21T19:00:00+00:00,Premier League,league,scheduled,1.0,False,arsenal,Arsenal,coventry_city,Coventry City,H,Home,,,55.2,44.8,Favorable,,,,,derived feature frame,False
05y55,2627,Kasey McAteer,IPS,M,20.5,IPS,M,M,,442.0,,20.0,5.0,0.0,,0.0,0.0,FA,SUN Sat 9:00AM,kasey mcateer,False,True,Matched eligible,pr_38a5cdff82d6e88f,323.0,05y55,Kasey McAteer,Kasey McAteer,Ipswich Town,IPS,M,True,a,,,,New EPL Arrival,Exact Name + Club,95.0,Official FPL API,2026-07-30T01:09:03.040438+00:00,05y55,Player Registry,Exact Name + Club,IPS,New EPL Arrival,False,,,,,,,,,,,,,,,,,,,,,,,,,,False,False,no 2025/26 record for bridged ID,none,0.0,,,,,,,,,,38.833333333333336,43.44,41.53,0.0,Unknown / New Arrival,25.0,False,0.0,0.0,0.0,0.0,0.0,47.0,4.7,11.2,551.0,Deep,,ADP unavailable,,,Free Agent,,,,,,True,0,,,,,,,False,True,False,,,551.0,,M,,,,,,,,,,,,,,,0.0,,43.44,,,,,,,,,,,,,,,,,,,,,2026-08-14T20:59:07.776936+00:00,MID,canonical primary position,ipswich_town,soccerdata:sofascore:16363636,2026-08-22,2026-08-22T14:00:00+00:00,Premier League,league,scheduled,1.0,False,ipswich_town,Ipswich Town,sunderland,Sunderland,H,Home,,,58.8,41.2,Favorable,,,,,derived feature frame,False
072mp,2627,Kaye Furo,BRF,F,0.0,BRF,F,F,,587.0,,0.0,0.0,0.0,,2.0,-2.0,FA,TOT Sat 11:30AM,kaye furo,False,True,Matched eligible,pr_7137e2608a215ab7,107.0,072mp,Kaye Furo,Kaye Furo,Brentford,BRF,F,True,a,,BRF,F,Confirmed,Exact Name + Club,95.0,Official FPL API,2026-07-30T01:09:03.040438+00:00,072mp,Player Registry,Exact Name + Club,BRF,Confirmed,False,,BRF,F,38.0,0.0,0.0,0.0,0.0,0.0,0.0,0.0,0.0,0.0,0.0,0.0,,0.0,0.0,0.0,0.0,0.0,,,0.0,0.0,True,True,matched by historical Fantrax ID,normalized Fantrax ID,1.0,,,,,,,29.4,35.6,32.6,45.36666666666667,47.48,44.42,0.0,Unknown / New Arrival,25.0,False,13.7,22.8,0.0,0.0,20.9,78.0,17.41,46.2,403.0,Deep,,ADP unavailable,,,Free Agent,,,,,,True,0,,,,,,,False,True,False,,,403.0,,F,,,0.0,0.0,,,,,0.0,0.0,0.0,0.0,0.0,,0.0,32.6,47.48,38.0,,,0.0,,,0.0,,,,,,,,,,,,,,2026-08-14T20:59:07.776936+00:00,FWD,canonical primary position,brentford,soccerdata:sofascore:16363242,2026-08-22,2026-08-22T16:30:00+00:00,Premier League,league,scheduled,1.0,False,brentford,Brentford,tottenham_hotspur,Tottenham Hotspur,H,Home,,,51.6,48.4,Neutral,,,,,derived feature frame,False
062p3,2627,Keane Lewis-Potter,BRF,"D,M,F",230.5,BRF,M,"D,M,F",186.7,138.0,186.7,228.0,7.35,83.0,,48.0,-6.0,FA,TOT Sat 11:30AM,keane lewis potter,False,True,Matched eligible,pr_afc982e21b7a6055,86.0,062p3,Keane Lewis-Potter,Keane Lewis-Potter,Brentford,BRF,M,True,a,,BRF,"D,M,F",Confirmed,Exact Name + Club,95.0,Official FPL API,2026-07-30T01:09:03.040438+00:00,062p3,Player Registry,Exact Name + Club,BRF,Confirmed,False,Keane Lewis-Potter,BRF,"D,M,F",38.0,979.0,11.0,105.5,59.5,2.0,2.0,3.214926864951848,2.7142837755382057,0.0,19.0,1949.0,10809.0,536.0,6.0,49.5,2.776315789473684,4.958,9.698672114402452,0.2737962840657285,0.2894736842105263,1.0,True,True,matched by historical Fantrax ID,normalized Fantrax ID,1.0,59.5,4.958,12.0,105.5,5.469867211440246,56.39810426540285,29.4,35.6,32.6,45.36666666666667,47.48,44.42,57.0,Likely Rotation,55.0,False,61.6,69.4,61.4,57.0,20.9,78.0,59.41,79.8,118.0,Tier 4,68.69999999999999,Strong value,pr_afc982e21b7a6055,Keane Lewis-Potter,Rostered,aup99ojzmrp1z5vp,The Facerockers,The Facerockers,RESERVE,RESERVE,False,0,,,The Facerockers,aup99ojzmrp1z5vp,13.0,153.0,True,False,True,13.0,153.0,118.0,186.7,M,,,105.5,2.776315789473684,9.698672114402452,59.5,4.958,5.469867211440246,979.0,11.0,0.2894736842105263,3.214926864951848,2.7142837755382057,0.2737962840657285,57.0,32.6,47.48,38.0,9.590909090909092,5.409090909090909,5.929210640490053,0.1484573719064476,0.1253389121592809,28.62573099415205,,,,,,,,,,,,,,2026-08-14T20:59:07.776936+00:00,MID,canonical primary position,brentford,soccerdata:sofascore:16363242,2026-08-22,2026-08-22T16:30:00+00:00,Premier League,league,scheduled,1.0,False,brentford,Brentford,tottenham_hotspur,Tottenham Hotspur,H,Home,,,51.6,48.4,Neutral,,,,,derived feature frame,False
06617,2627,Keehan Willows,NOT,G,0.0,,,,,,,,,,,,,,,,,,,,,,,,,,,,,,,,,,,,,,,,,,,,,,,,,,,,,,,,,,,,,,,,,,,,,,,,,,,,,,,,,,,,,,,,,,,,,,,,,,,,,,,Free Agent,,,,,,True,0,,,,,,,False,True,False,,,,,,,,,,,,,,,,,,,,,,,,,,,,,,,,,,,,,,,,,,,2026-08-14T20:59:07.776936+00:00,GK,first valid Fantrax position,,,,,,,,,,,,,,,,,,,,,,,,,derived feature frame,False
05oeh,2627,Kenny Tete,FUL,D,306.0,FUL,D,D,245.4,42.0,245.4,305.0,8.97,39.0,,27.0,-2.0,FA,CHE Mon 2:00PM,kenny tete,False,True,Matched eligible,pr_fdad4dd485095d9d,256.0,05oeh,Kenny Tete,Kenny Tete,Fulham,FUL,D,True,a,,FUL,D,Confirmed,Exact Name + Club,95.0,Official FPL API,2026-07-30T01:09:03.040438+00:00,05oeh,Player Registry,Exact Name + Club,FUL,Confirmed,False,Kenny Tete,FUL,D,38.0,1698.0,20.0,184.0,162.0,1.0,0.0,0.7287742067128415,0.9490535911172624,0.0,11.0,1805.0,5973.0,0.0,0.0,0.0,4.842105263157895,6.0,9.752650176678443,0.083659003769922,0.5263157894736842,0.0,True,True,matched by historical Fantrax ID,normalized Fantrax ID,1.0,162.0,6.0,27.0,184.0,8.586572438162545,88.04347826086956,33.8,50.9,42.5,48.0,41.08,42.540000000000006,30.4,Rotation Risk,75.0,False,67.0,78.6,23.3,30.4,38.0,15.4,46.8,88.8,200.0,Tier 6,45.400000000000006,Strong value,pr_fdad4dd485095d9d,Kenny Tete,Rostered,cjn4stydmrp1z5vp,Robertske,Robertske,RESERVE,RESERVE,False,0,,,Robertske,cjn4stydmrp1z5vp,12.0,142.0,True,False,True,12.0,142.0,200.0,245.4,D,,,184.0,4.842105263157895,9.752650176678443,162.0,6.0,8.586572438162545,1698.0,20.0,0.5263157894736842,0.7287742067128415,0.9490535911172624,0.083659003769922,30.4,42.5,41.08,38.0,9.2,8.1,1.677827797830104,0.0363377720798646,0.0473212316900574,49.64912280701754,,,,,,,,,,,,,,2026-08-14T20:59:07.776936+00:00,DEF,canonical primary position,fulham,soccerdata:sofascore:16363244,2026-08-24,2026-08-24T19:00:00+00:00,Premier League,league,scheduled,1.0,False,fulham,Fulham,chelsea,Chelsea,H,Home,,,35.8,64.2,Difficult,,,,,derived feature frame,False
04u40,2627,Kepa,ARS,G,14.0,ARS,G,G,289.0,473.0,289.0,14.0,4.67,4.0,,3.0,0.0,FA,COV Fri 2:00PM,kepa,False,True,Matched eligible,pr_5ab5fac85b8b7d1a,2.0,04u40,Kepa Arrizabalaga Revuelta,Kepa Arrizabalaga Revuelta,Arsenal,ARS,G,True,a,,ARS,G,Confirmed,Explicit Player Alias,92.0,Official FPL API,2026-07-30T01:09:03.040438+00:00,04u40,Player Registry,Explicit Player Alias,ARS,Confirmed,False,,ARS,G,38.0,90.0,1.0,7.5,7.5,0.0,0.0,0.0,0.0,0.0,0.0,0.0,,90.0,1.0,7.5,0.1973684210526315,7.5,7.5,,0.0263157894736842,0.1666666666666666,True,True,matched by historical Fantrax ID,normalized Fantrax ID,1.0,7.5,7.5,1.0,7.5,7.5,100.0,86.2,100.0,90.6,40.0,43.64,45.32000000000001,8.2,Bench / Unknown,55.0,False,38.8,90.8,0.0,8.2,84.0,52.3,40.52,59.8,240.0,Tier 6,49.0,Strong value,,,Free Agent,,,,,,True,0,,,,,,,False,True,False,,,240.0,289.0,G,,,7.5,0.1973684210526315,7.5,7.5,7.5,7.5,90.0,1.0,0.0263157894736842,0.0,0.0,,8.2,90.6,43.64,38.0,7.5,7.5,0.0,,,2.631578947368421,,,,,,,,,,,,,,2026-08-14T20:59:07.776936+00:00,GK,canonical primary position,arsenal,soccerdata:sofascore:16363633,2026-08-21,2026-08-21T19:00:00+00:00,Premier League,league,scheduled,1.0,False,arsenal,Arsenal,coventry_city,Coventry City,H,Home,,,55.2,44.8,Favorable,,,,,derived feature frame,False
070hj,2627,Kevin,FUL,"M,F",73.5,FUL,M,"M,F",150.6,242.0,150.6,73.5,12.25,96.0,,55.0,-1.0,FA,CHE Mon 2:00PM,kevin,False,True,Matched eligible,pr_14a035f217071a3f,263.0,070hj,Kevin Santos Lopes de Macedo,Kevin Santos Lopes de Macedo,Fulham,FUL,M,True,a,,FUL,"M,F",Confirmed,Explicit Player Alias,92.0,Official FPL API,2026-07-30T01:09:03.040438+00:00,070hj,Player Registry,Explicit Player Alias,FUL,Confirmed,False,Kevin Santos Lopes de Macedo,FUL,"M,F",38.0,695.0,8.0,87.0,69.0,0.0,3.0,1.3340080333873623,1.2403811980038877,0.0,14.0,1002.0,14030.0,104.0,1.0,12.0,2.289473684210526,5.75,11.266187050359711,0.2312325656938248,0.2105263157894736,0.1666666666666666,True,True,matched by historical Fantrax ID,normalized Fantrax ID,1.0,69.0,5.75,12.0,87.0,8.93525179856115,79.3103448275862,33.8,50.9,42.5,48.0,41.08,42.540000000000006,19.8,Bench / Unknown,55.0,False,67.7,76.9,55.8,19.8,38.0,15.4,49.53,79.8,187.0,Tier 6,-36.400000000000006,Major reach,pr_14a035f217071a3f,Kevin Santos Lopes de Macedo,Rostered,h2e8dn5dmrp1z5vp,Berkshire’s Club,Berkshire’s Club,ACTIVE,ACTIVE,False,0,,,,,,,False,False,False,,,187.0,150.6,M,,,87.0,2.289473684210526,11.266187050359711,69.0,5.75,8.93525179856115,695.0,8.0,0.2105263157894736,1.3340080333873623,1.2403811980038877,0.2312325656938248,19.8,42.5,41.08,38.0,10.875,8.625,2.57438923139125,0.1198210808431762,0.1114114848506486,20.321637426900587,,,,,,,,,,,,,,2026-08-14T20:59:07.776936+00:00,MID,canonical primary position,fulham,soccerdata:sofascore:16363244,2026-08-24,2026-08-24T19:00:00+00:00,Premier League,league,scheduled,1.0,False,fulham,Fulham,chelsea,Chelsea,H,Home,,,35.8,64.2,Difficult,,,,,derived feature frame,False
057cr,2627,Kevin Danso,TOT,D,47.5,TOT,D,D,,299.0,,47.5,9.5,0.0,,2.0,0.0,FA,@BRF Sat 11:30AM,kevin danso,False,True,Matched eligible,pr_ba572aab8d270f02,501.0,057cr,Kevin Danso,Kevin Danso,Spurs,TOT,D,True,a,,TOT,D,Confirmed,Exact Name + Club,95.0,Official FPL API,2026-07-30T01:09:03.040438+00:00,057cr,Player Registry,Exact Name + Club,TOT,Confirmed,False,Kevin Danso,TOT,D,38.0,0.0,0.0,0.0,0.0,0.0,0.0,0.5242262706160543,0.1586722880601882,0.0,2.0,1489.0,5261.0,0.0,0.0,0.0,0.0,0.0,,0.0412766086506795,0.0,0.0,True,True,matched by historical Fantrax ID,normalized Fantrax ID,1.0,,,,,,,30.7,33.2,33.3,51.5,51.620000000000005,49.47,0.0,Unknown / New Arrival,25.0,False,13.7,22.8,14.3,0.0,28.3,96.5,22.14,66.2,340.0,Deep,,ADP unavailable,,,Free Agent,,,,,,True,0,,,,,,,False,True,False,,,340.0,,D,,,0.0,0.0,,,,,0.0,0.0,0.0,0.5242262706160543,0.1586722880601882,0.0412766086506795,0.0,33.3,51.620000000000005,38.0,,,0.6828985586762425,0.0316859397954633,0.0095906688552162,0.0,,,,,,,,,,,,,,2026-08-14T20:59:07.776936+00:00,DEF,canonical primary position,tottenham_hotspur,soccerdata:sofascore:16363242,2026-08-22,2026-08-22T16:30:00+00:00,Premier League,league,scheduled,1.0,False,tottenham_hotspur,Tottenham Hotspur,brentford,Brentford,A,Away,,,55.1,44.9,Favorable,,,,,derived feature frame,False
067zv,2627,Kevin Schade,BRF,"M,F",226.5,BRF,M,"M,F",71.9,148.0,71.9,221.0,6.7,100.0,,96.0,-3.0,FA,TOT Sat 11:30AM,kevin schade,False,True,Matched eligible,pr_1c86486bec2ca92c,94.0,067zv,Kevin Schade,Kevin Schade,Brentford,BRF,M,True,a,,BRF,"M,F",Confirmed,Exact Name + Club,95.0,Official FPL API,2026-07-30T01:09:03.040438+00:00,067zv,Player Registry,Exact Name + Club,BRF,Confirmed,False,Kevin Schade,BRF,"M,F",38.0,2743.0,32.0,294.0,183.0,8.0,5.0,11.832689953967929,4.565257132053375,0.0,29.0,2781.0,9156.0,448.0,5.0,33.0,7.736842105263157,4.816,9.646372584761211,0.5306778992239904,0.8421052631578947,0.8333333333333334,True,True,matched by historical Fantrax ID,normalized Fantrax ID,1.0,183.0,4.816,38.0,294.0,6.004374772147284,62.24489795918368,29.4,35.6,32.6,45.36666666666667,47.48,44.42,82.1,Likely Starter,90.0,False,72.8,68.9,84.9,82.1,20.9,78.0,71.23,95.5,48.0,Tier 3,23.90000000000001,Strong value,pr_1c86486bec2ca92c,Kevin Schade,Rostered,aup99ojzmrp1z5vp,The Facerockers,The Facerockers,ACTIVE,ACTIVE,False,0,,,The Facerockers,aup99ojzmrp1z5vp,7.0,81.0,True,False,True,7.0,81.0,48.0,71.9,M,,,294.0,7.736842105263157,9.646372584761211,183.0,4.816,6.004374772147284,2743.0,32.0,0.8421052631578947,11.832689953967929,4.565257132053375,0.5306778992239904,82.1,32.6,47.48,38.0,9.1875,5.71875,16.397947086021304,0.3829349499665996,0.1477429492573908,80.2046783625731,,,,,,,,,,,,,,2026-08-14T20:59:07.776936+00:00,MID,canonical primary position,brentford,soccerdata:sofascore:16363242,2026-08-22,2026-08-22T16:30:00+00:00,Premier League,league,scheduled,1.0,False,brentford,Brentford,tottenham_hotspur,Tottenham Hotspur,H,Home,,,51.6,48.4,Neutral,,,,,derived feature frame,False
072cf,2627,Keyrol Figueroa,LIV,F,0.0,,,,,,,,,,,,,,,,,,,,,,,,,,,,,,,,,,,,,,,,,,,,,,,,,,,,,,,,,,,,,,,,,,,,,,,,,,,,,,,,,,,,,,,,,,,,,,,,,,,,,,,Free Agent,,,,,,True,0,,,,,,,False,True,False,,,,,,,,,,,,,,,,,,,,,,,,,,,,,,,,,,,,,,,,,,,2026-08-14T20:59:07.776936+00:00,FWD,first valid Fantrax position,liverpool,soccerdata:sofascore:16363246,2026-08-23,2026-08-23T15:30:00+00:00,Premier League,league,scheduled,1.0,False,liverpool,Liverpool FC,newcastle_united,Newcastle United,A,Away,,,48.2,51.8,Neutral,,,,,derived feature frame,False
073y1,2627,Khari Ranson,ARS,G,0.0,ARS,G,G,,641.0,,0.0,0.0,0.0,,0.0,0.0,W <small>(Tue)</small>,COV Fri 2:00PM,khari ranson,True,False,Inactive / historical only,pr_818023a6fcbd77ff,,073y1,Khari Ranson,,ARS,ARS,G,False,unverified,,ARS,G,Historical Only,Unresolved,0.0,Fantrax / historical,,073y1,Player Registry,Unresolved,ARS,Historical Only,False,,ARS,G,10.0,0.0,0.0,0.0,0.0,0.0,0.0,0.0,0.0,0.0,0.0,0.0,,0.0,0.0,0.0,0.0,0.0,,,0.0,0.0,True,True,matched by historical Fantrax ID,normalized Fantrax ID,1.0,,,,,,,86.2,100.0,90.6,40.0,43.64,45.32000000000001,0.0,Unknown / New Arrival,25.0,False,13.7,22.8,0.0,0.0,84.0,52.3,21.15,46.2,,,,Not draft eligible,,,Free Agent,,,,,,True,0,,,,,,,False,True,False,,,,,G,,,0.0,0.0,,,,,0.0,0.0,0.0,0.0,0.0,,0.0,90.6,43.64,10.0,,,0.0,,,0.0,,,,,,,,,,,,,,2026-08-14T20:59:07.776936+00:00,GK,canonical primary position,arsenal,soccerdata:sofascore:16363633,2026-08-21,2026-08-21T19:00:00+00:00,Premier League,league,scheduled,1.0,False,arsenal,Arsenal,coventry_city,Coventry City,H,Home,,,55.2,44.8,Favorable,,,,,derived feature frame,False
072p2,2627,Kian Noble,MCI,D,0.0,,,,,,,,,,,,,,,,,,,,,,,,,,,,,,,,,,,,,,,,,,,,,,,,,,,,,,,,,,,,,,,,,,,,,,,,,,,,,,,,,,,,,,,,,,,,,,,,,,,,,,,Free Agent,,,,,,True,0,,,,,,,False,True,False,,,,,,,,,,,,,,,,,,,,,,,,,,,,,,,,,,,,,,,,,,,2026-08-14T20:59:07.776936+00:00,DEF,first valid Fantrax position,manchester_city,soccerdata:sofascore:16363243,2026-08-23,2026-08-23T13:00:00+00:00,Premier League,league,scheduled,1.0,False,manchester_city,Manchester City,afc_bournemouth,Bournemouth,H,Home,,,49.6,50.4,Neutral,,,,,derived feature frame,False
03m5h,2627,Kieran Dowell,HUL,M,12.0,HUL,M,M,,486.0,,12.0,6.0,0.0,,0.0,0.0,FA,MUN Sat 6:30AM,kieran dowell,False,True,Matched eligible,pr_f02a3ae767424fd0,288.0,03m5h,Kieran Dowell,Kieran Dowell,Hull City,HUL,M,True,a,,,,New EPL Arrival,Exact Name + Club,95.0,Official FPL API,2026-07-30T01:09:03.040438+00:00,03m5h,Player Registry,Exact Name + Club,HUL,New EPL Arrival,False,,,,,,,,,,,,,,,,,,,,,,,,,,False,False,no 2025/26 record for bridged ID,none,0.0,,,,,,,,,,38.13333333333333,40.5,42.74,0.0,Unknown / New Arrival,25.0,False,0.0,0.0,0.0,0.0,0.0,11.8,1.18,11.2,579.0,Deep,,ADP unavailable,,,Free Agent,,,,,,True,0,,,,,,,False,True,False,,,579.0,,M,,,,,,,,,,,,,,,0.0,,40.5,,,,,,,,,,,,,,,,,,,,,2026-08-14T20:59:07.776936+00:00,MID,canonical primary position,hull_city,soccerdata:sofascore:16363634,2026-08-22,2026-08-22T11:30:00+00:00,Premier League,league,scheduled,1.0,False,hull_city,Hull City,manchester_united,Manchester United,H,Home,,,32.0,68.0,Very difficult,,,,,derived feature frame,False
06rkq,2627,Kieran Morrison,LIV,M,0.0,LIV,M,M,,627.0,,0.0,0.0,0.0,,1.0,-1.0,FA,@NEW Sun 10:30AM,kieran morrison,True,False,Inactive / historical only,pr_95d9b8a60b510eb6,,06rkq,Kieran Morrison,,LIV,LIV,M,False,unverified,,LIV,M,Historical Only,Unresolved,0.0,Fantrax / historical,,06rkq,Player Registry,Unresolved,LIV,Historical Only,False,,LIV,M,38.0,0.0,0.0,0.0,0.0,0.0,0.0,0.0,0.0,0.0,0.0,0.0,,0.0,0.0,0.0,0.0,0.0,,,0.0,0.0,True,True,matched by historical Fantrax ID,normalized Fantrax ID,1.0,,,,,,,83.8,61.5,74.8,46.4,49.71999999999999,50.39,0.0,Unknown / New Arrival,25.0,False,13.7,22.8,0.0,0.0,77.2,90.1,24.24,46.2,,,,Not draft eligible,,,Free Agent,,,,,,True,0,,,,,,,False,True,False,,,,,M,,,0.0,0.0,,,,,0.0,0.0,0.0,0.0,0.0,,0.0,74.8,49.71999999999999,38.0,,,0.0,,,0.0,,,,,,,,,,,,,,2026-08-14T20:59:07.776936+00:00,MID,canonical primary position,liverpool,soccerdata:sofascore:16363246,2026-08-23,2026-08-23T15:30:00+00:00,Premier League,league,scheduled,1.0,False,liverpool,Liverpool FC,newcastle_united,Newcastle United,A,Away,,,48.2,51.8,Neutral,,,,,derived feature frame,False
03dx3,2627,Kieran Trippier,NEW,D,0.0,,,,,,,,,,,,,,,,,,,,,,,,,,,,,,,,,,,,,,,,,,,,,,,,,,,,,,,,,,,,,,,,,,,,,,,,,,,,,,,,,,,,,,,,,,,,,,,,,,,,,,,Free Agent,,,,,,True,0,,,,,,,False,True,False,,,,,,,,,,,,,,,,,,,,,,,,,,,,,,,,,,,,,,,,,,,2026-08-14T20:59:07.776936+00:00,DEF,first valid Fantrax position,newcastle_united,soccerdata:sofascore:16363246,2026-08-23,2026-08-23T15:30:00+00:00,Premier League,league,scheduled,1.0,False,newcastle_united,Newcastle United,liverpool,Liverpool FC,H,Home,,,31.6,68.4,Very difficult,,,,,derived feature frame,False
05gcc,2627,Kiernan Dewsbury-Hall,EVE,M,248.5,EVE,M,M,50.6,117.0,50.6,247.5,7.5,100.0,,100.0,0.0,FA,CRY Sat 9:00AM,kiernan dewsbury hall,False,True,Matched eligible,pr_d8513955615ea805,236.0,05gcc,Kiernan Dewsbury-Hall,Kiernan Dewsbury-Hall,Everton,EVE,M,True,a,,EVE,M,Confirmed,Exact Name + Club,95.0,Official FPL API,2026-07-30T01:09:03.040438+00:00,05gcc,Player Registry,Exact Name + Club,EVE,Confirmed,False,Kiernan Dewsbury-Hall,EVE,M,38.0,2443.0,28.0,283.0,162.0,8.0,7.0,4.33007102459669,6.574528481811284,0.0,36.0,2649.0,9739.0,529.0,6.0,59.5,7.447368421052632,4.5,10.425706099058536,0.370484694441947,0.7368421052631579,1.0,True,True,matched by historical Fantrax ID,normalized Fantrax ID,1.0,162.0,4.5,36.0,283.0,5.96807204257061,57.24381625441696,18.7,43.5,29.0,42.06666666666666,41.9,42.48,82.7,Likely Starter,90.0,False,76.8,67.1,70.9,82.7,13.5,18.7,63.5,95.5,89.0,Tier 4,-38.4,Major reach,pr_d8513955615ea805,Kiernan Dewsbury-Hall,Rostered,qwkltl98mrp1z5vp,epatel3,epatel3,ACTIVE,ACTIVE,False,0,,,epatel3,qwkltl98mrp1z5vp,6.0,63.0,True,False,True,6.0,63.0,89.0,50.6,M,,,283.0,7.447368421052632,10.425706099058536,162.0,4.5,5.96807204257061,2443.0,28.0,0.7368421052631579,4.33007102459669,6.574528481811284,0.370484694441947,82.7,29.0,41.9,38.0,10.107142857142858,5.785714285714286,10.904599506407974,0.1471145308469996,0.2233701635949473,71.4327485380117,,,,,,,,,,,,,,2026-08-14T20:59:07.776936+00:00,MID,canonical primary position,everton,soccerdata:sofascore:16363635,2026-08-22,2026-08-22T14:00:00+00:00,Premier League,league,scheduled,1.0,False,everton,Everton,crystal_palace,Crystal Palace,H,Home,,,56.0,44.0,Favorable,,,,,derived feature frame,False
0666p,2627,Kobbie Mainoo,MUN,M,150.0,MUN,M,M,141.6,221.0,141.6,149.0,5.14,91.0,,71.0,-5.0,FA,@HUL Sat 6:30AM,kobbie mainoo,False,True,Matched eligible,pr_cb23ae0ce4519441,432.0,0666p,Kobbie Mainoo,Kobbie Mainoo,Man Utd,MUN,M,True,a,,MUN,M,Confirmed,Exact Name + Club,95.0,Official FPL API,2026-07-30T01:09:03.040438+00:00,0666p,Player Registry,Exact Name + Club,MUN,Confirmed,False,Kobbie Mainoo,MUN,M,38.0,1333.0,15.0,115.0,89.0,1.0,2.0,0.5174760585650797,1.1900591785088177,0.0,22.0,1623.0,11174.0,540.0,6.0,55.0,3.026315789473684,5.562,7.764441110277569,0.0946877210946708,0.3947368421052631,1.0,True,True,matched by historical Fantrax ID,normalized Fantrax ID,1.0,89.0,5.562,16.0,115.0,6.009002250562641,77.39130434782608,90.6,59.4,72.4,44.06666666666666,49.54,46.89,63.5,Likely Rotation,75.0,False,51.9,75.6,26.7,63.5,83.8,84.0,60.4,88.8,110.0,Tier 4,31.599999999999994,Strong value,pr_cb23ae0ce4519441,Kobbie Mainoo,Rostered,ayk8m85amrp1z5vo,Up the Arse-nal,Up the Arse-nal,INJURED_RESERVE,INJURED_RESERVE,False,0,,,,,,,False,False,False,,,110.0,141.6,M,,,115.0,3.026315789473684,7.764441110277569,89.0,5.562,6.009002250562641,1333.0,15.0,0.3947368421052631,0.5174760585650797,1.1900591785088177,0.0946877210946708,63.5,72.4,49.54,38.0,7.666666666666667,5.933333333333334,1.7075352370738974,0.0286955300498195,0.0659921910448512,38.9766081871345,,,,,,,,,,,,,,2026-08-14T20:59:07.776936+00:00,MID,canonical primary position,manchester_united,soccerdata:sofascore:16363634,2026-08-22,2026-08-22T11:30:00+00:00,Premier League,league,scheduled,1.0,False,manchester_united,Manchester United,hull_city,Hull City,A,Away,,,49.1,50.9,Neutral,,,,,derived feature frame,False
06zby,2627,Kornel Misciur,LIV,G,0.0,,,,,,,,,,,,,,,,,,,,,,,,,,,,,,,,,,,,,,,,,,,,,,,,,,,,,,,,,,,,,,,,,,,,,,,,,,,,,,,,,,,,,,,,,,,,,,,,,,,,,,,Free Agent,,,,,,True,0,,,,,,,False,True,False,,,,,,,,,,,,,,,,,,,,,,,,,,,,,,,,,,,,,,,,,,,2026-08-14T20:59:07.776936+00:00,GK,first valid Fantrax position,liverpool,soccerdata:sofascore:16363246,2026-08-23,2026-08-23T15:30:00+00:00,Premier League,league,scheduled,1.0,False,liverpool,Liverpool FC,newcastle_united,Newcastle United,A,Away,,,48.2,51.8,Neutral,,,,,derived feature frame,False
05uel,2627,Kristoffer Ajer,BRF,D,56.5,BRF,D,D,,276.0,,55.0,7.86,0.0,,4.0,-1.0,FA,TOT Sat 11:30AM,kristoffer ajer,False,True,Matched eligible,pr_2d68201754566f69,87.0,05uel,Kristoffer Ajer,Kristoffer Ajer,Brentford,BRF,D,True,a,,BRF,D,Confirmed,Exact Name + Club,95.0,Official FPL API,2026-07-30T01:09:03.040438+00:00,05uel,Player Registry,Exact Name + Club,BRF,Confirmed,False,Kristoffer Ajer,BRF,D,38.0,820.0,9.0,81.5,73.5,0.0,0.0,1.0539146624505518,0.9042857214808462,0.0,5.0,1809.0,9677.0,0.0,0.0,0.0,2.144736842105264,6.682,8.945121951219512,0.0974229046732038,0.2368421052631578,0.0,True,True,matched by historical Fantrax ID,normalized Fantrax ID,1.0,73.5,6.682,11.0,81.5,8.067073170731707,90.1840490797546,29.4,35.6,32.6,45.36666666666667,47.48,44.42,14.3,Bench / Unknown,55.0,False,54.9,84.5,27.2,14.3,20.9,78.0,45.98,79.8,204.0,Tier 6,,ADP unavailable,,,Free Agent,,,,,,True,0,,,,,,,False,True,False,,,204.0,,D,,,81.5,2.144736842105264,8.945121951219512,73.5,6.682,8.067073170731707,820.0,9.0,0.2368421052631578,1.0539146624505518,0.9042857214808462,0.0974229046732038,14.3,32.6,47.48,38.0,9.055555555555555,8.166666666666666,1.958200383931398,0.0524335652960473,0.0449893393771565,23.976608187134502,,,,,,,,,,,,,,2026-08-14T20:59:07.776936+00:00,DEF,canonical primary position,brentford,soccerdata:sofascore:16363242,2026-08-22,2026-08-22T16:30:00+00:00,Premier League,league,scheduled,1.0,False,brentford,Brentford,tottenham_hotspur,Tottenham Hotspur,H,Home,,,51.6,48.4,Neutral,,,,,derived feature frame,False
076dt,2627,Kyle Joseph,HUL,F,53.5,,,,,,,,,,,,,,,,,,,,,,,,,,,,,,,,,,,,,,,,,,,,,,,,,,,,,,,,,,,,,,,,,,,,,,,,,,,,,,,,,,,,,,,,,,,,,,,,,,,,,,,Free Agent,,,,,,True,0,,,,,,,False,True,False,,,,,,,,,,,,,,,,,,,,,,,,,,,,,,,,,,,,,,,,,,,2026-08-14T20:59:07.776936+00:00,FWD,first valid Fantrax position,hull_city,soccerdata:sofascore:16363634,2026-08-22,2026-08-22T11:30:00+00:00,Premier League,league,scheduled,1.0,False,hull_city,Hull City,manchester_united,Manchester United,H,Home,,,32.0,68.0,Very difficult,,,,,derived feature frame,False
05r4h,2627,Lamare Bogarde,AVL,"D,M",13.0,AVL,M,"D,M",,485.0,,12.0,4.0,0.0,,2.0,-1.0,FA,@BHA Sun 8:00AM,lamare bogarde,False,True,Matched eligible,pr_4eef722a4393f401,35.0,05r4h,Lamare Bogarde,Lamare Bogarde,Aston Villa,AVL,M,True,a,,AVL,"D,M",Confirmed,Exact Name + Club,95.0,Official FPL API,2026-07-30T01:09:03.040438+00:00,05r4h,Player Registry,Exact Name + Club,AVL,Confirmed,False,Lamare Bogarde,AVL,"D,M",38.0,0.0,0.0,0.0,0.0,0.0,0.0,0.0,0.0411524251103401,0.0,2.0,1011.0,10025.0,0.0,0.0,0.0,0.0,0.0,,0.0036634206329679,0.0,0.0,True,True,matched by historical Fantrax ID,normalized Fantrax ID,1.0,,,,,,,57.9,54.1,59.0,40.96666666666667,44.9,48.31,0.0,Unknown / New Arrival,25.0,False,13.7,22.8,9.0,0.0,53.4,62.1,20.41,66.2,358.0,Deep,,ADP unavailable,,,Free Agent,,,,,,True,0,,,,,,,False,True,False,,,358.0,,M,,,0.0,0.0,,,,,0.0,0.0,0.0,0.0,0.0411524251103401,0.0036634206329679,0.0,59.0,44.9,38.0,,,0.0411524251103401,0.0,0.0036634206329679,0.0,,,,,,,,,,,,,,2026-08-14T20:59:07.776936+00:00,MID,canonical primary position,aston_villa,soccerdata:sofascore:16363236,2026-08-23,2026-08-23T13:00:00+00:00,Premier League,league,scheduled,1.0,False,aston_villa,Aston Villa,brighton_hove_albion,Brighton & Hove Albion,A,Away,,,38.5,61.5,Difficult,,,,,derived feature frame,False
07659,2627,Lamin Sillah,NOT,"D,F",0.0,,,,,,,,,,,,,,,,,,,,,,,,,,,,,,,,,,,,,,,,,,,,,,,,,,,,,,,,,,,,,,,,,,,,,,,,,,,,,,,,,,,,,,,,,,,,,,,,,,,,,,,Free Agent,,,,,,True,0,,,,,,,False,True,False,,,,,,,,,,,,,,,,,,,,,,,,,,,,,,,,,,,,,,,,,,,2026-08-14T20:59:07.776936+00:00,DEF,first valid Fantrax position,,,,,,,,,,,,,,,,,,,,,,,,,derived feature frame,False
06shp,2627,Landon Emenalo,CHE,"D,M",0.0,CHE,"D,M","D,M",,581.0,,0.0,0.0,0.0,,2.0,0.0,FA,@FUL Mon 2:00PM,landon emenalo,True,False,Inactive / historical only,pr_f5d29f42ce9142f1,,06shp,Landon Emenalo,,CHE,CHE,"D,M",False,unverified,,CHE,"D,M",Historical Only,Unresolved,0.0,Fantrax / historical,,06shp,Player Registry,Unresolved,CHE,Historical Only,False,,CHE,"D,M",38.0,0.0,0.0,0.0,0.0,0.0,0.0,0.0,0.0,0.0,0.0,0.0,,0.0,0.0,0.0,0.0,0.0,,,0.0,0.0,True,True,matched by historical Fantrax ID,normalized Fantrax ID,1.0,,,,,,,68.4,56.8,65.6,50.53333333333333,46.98,47.54,0.0,Unknown / New Arrival,25.0,False,13.7,22.8,0.0,0.0,63.8,71.8,21.08,46.2,,,,Not draft eligible,,,Free Agent,,,,,,True,0,,,,,,,False,True,False,,,,,D,,,0.0,0.0,,,,,0.0,0.0,0.0,0.0,0.0,,0.0,65.6,46.98,38.0,,,0.0,,,0.0,,,,,,,,,,,,,,2026-08-14T20:59:07.776936+00:00,DEF,canonical primary position,chelsea,soccerdata:sofascore:16363244,2026-08-24,2026-08-24T19:00:00+00:00,Premier League,league,scheduled,1.0,False,chelsea,Chelsea,fulham,Fulham,A,Away,,,50.9,49.1,Neutral,,,,,derived feature frame,False
0520r,2627,Leandro Trossard,ARS,"M,F",61.0,,,,,,,,,,,,,,,,,,,,,,,,,,,,,,,,,,,,,,,,,,,,,,,,,,,,,,,,,,,,,,,,,,,,,,,,,,,,,,,,,,,,,,,,,,,,,,,,,,,,,,,Free Agent,,,,,,True,0,,,,,,,False,True,False,,,,,,,,,,,,,,,,,,,,,,,,,,,,,,,,,,,,,,,,,,,2026-08-14T20:59:07.776936+00:00,MID,first valid Fantrax position,arsenal,soccerdata:sofascore:16363633,2026-08-21,2026-08-21T19:00:00+00:00,Premier League,league,scheduled,1.0,False,arsenal,Arsenal,coventry_city,Coventry City,H,Home,,,55.2,44.8,Favorable,,,,,derived feature frame,False
05nil,2627,Leif Davis,IPS,D,266.5,IPS,D,D,156.9,130.0,156.9,238.0,7.44,96.0,,50.0,-3.0,FA,SUN Sat 9:00AM,leif davis,False,True,Matched eligible,pr_dbcdba8fad114b8d,305.0,05nil,Leif Davis,Leif Davis,Ipswich Town,IPS,D,True,a,,,,New EPL Arrival,Exact Name + Club,95.0,Official FPL API,2026-07-30T01:09:03.040438+00:00,05nil,Player Registry,Exact Name + Club,IPS,New EPL Arrival,False,,,,,,,,,,,,,,,,,,,,,,,,,,False,False,no 2025/26 record for bridged ID,none,0.0,,,,,,,,,,38.833333333333336,43.44,41.53,0.0,Unknown / New Arrival,25.0,False,0.0,0.0,0.0,0.0,0.0,47.0,4.7,11.2,546.0,Deep,-389.1,Major reach,pr_dbcdba8fad114b8d,Leif Davis,Rostered,h2e8dn5dmrp1z5vp,Berkshire’s Club,Berkshire’s Club,RESERVE,RESERVE,False,0,,,Berkshire's Club,h2e8dn5dmrp1z5vp,12.0,139.0,True,False,True,12.0,139.0,546.0,156.9,D,,,,,,,,,,,,,,,0.0,,43.44,,,,,,,,,,,,,,,,,,,,,2026-08-14T20:59:07.776936+00:00,DEF,canonical primary position,ipswich_town,soccerdata:sofascore:16363636,2026-08-22,2026-08-22T14:00:00+00:00,Premier League,league,scheduled,1.0,False,ipswich_town,Ipswich Town,sunderland,Sunderland,H,Home,,,58.8,41.2,Favorable,,,,,derived feature frame,False
06mx0,2627,Leny Yoro,MUN,D,176.0,MUN,D,D,,204.0,,176.0,6.29,0.0,,9.0,0.0,FA,@HUL Sat 6:30AM,leny yoro,False,True,Matched eligible,pr_c237c32d032fe153,420.0,06mx0,Leny Yoro,Leny Yoro,Man Utd,MUN,D,True,a,,MUN,D,Confirmed,Exact Name + Club,95.0,Official FPL API,2026-07-30T01:09:03.040438+00:00,06mx0,Player Registry,Exact Name + Club,MUN,Confirmed,False,Leny Yoro,MUN,D,38.0,591.0,7.0,63.5,64.5,0.0,1.0,1.2473983131349082,0.2197452150285241,0.0,4.0,1736.0,10564.0,0.0,0.0,0.0,1.6710526315789471,9.214,9.67005076142132,0.0760615884416526,0.1842105263157894,0.0,True,True,matched by historical Fantrax ID,normalized Fantrax ID,1.0,64.5,9.214,7.0,63.5,9.82233502538071,101.5748031496063,90.6,59.4,72.4,44.06666666666666,49.54,46.89,10.6,Bench / Unknown,55.0,False,58.7,96.7,21.7,10.6,83.8,84.0,54.26,79.8,161.0,Tier 5,,ADP unavailable,,,Free Agent,,,,,,True,0,,,,,,,False,True,False,,,161.0,,D,,,63.5,1.6710526315789471,9.67005076142132,64.5,9.214,9.82233502538071,591.0,7.0,0.1842105263157894,1.2473983131349082,0.2197452150285241,0.0760615884416526,10.6,72.4,49.54,38.0,9.071428571428571,9.214285714285714,1.4671435281634324,0.0646692673860263,0.0113923210556262,17.280701754385966,,,,,,,,,,,,,,2026-08-14T20:59:07.776936+00:00,DEF,canonical primary position,manchester_united,soccerdata:sofascore:16363634,2026-08-22,2026-08-22T11:30:00+00:00,Premier League,league,scheduled,1.0,False,manchester_united,Manchester United,hull_city,Hull City,A,Away,,,49.1,50.9,Neutral,,,,,derived feature frame,False
06on5,2627,Leo Shahar,NEW,D,0.0,NEW,D,D,,656.0,,0.0,0.0,0.0,,1.0,-1.0,FA,LIV Sun 10:30AM,leo shahar,True,False,Inactive / historical only,pr_c4c778a017000d6f,,06on5,Leo Shahar,,NEW,NEW,D,False,unverified,,NEW,D,Historical Only,Unresolved,0.0,Fantrax / historical,,06on5,Player Registry,Unresolved,NEW,Historical Only,False,,NEW,D,38.0,0.0,0.0,0.0,0.0,0.0,0.0,0.0,0.0,0.0,0.0,0.0,,0.0,0.0,0.0,0.0,0.0,,,0.0,0.0,True,True,matched by historical Fantrax ID,normalized Fantrax ID,1.0,,,,,,,62.2,27.4,49.3,42.16666666666666,42.86,46.68,0.0,Unknown / New Arrival,25.0,False,13.7,22.8,0.0,0.0,53.2,36.6,16.49,46.2,,,,Not draft eligible,,,Free Agent,,,,,,True,0,,,,,,,False,True,False,,,,,D,,,0.0,0.0,,,,,0.0,0.0,0.0,0.0,0.0,,0.0,49.3,42.86,38.0,,,0.0,,,0.0,,,,,,,,,,,,,,2026-08-14T20:59:07.776936+00:00,DEF,canonical primary position,newcastle_united,soccerdata:sofascore:16363246,2026-08-23,2026-08-23T15:30:00+00:00,Premier League,league,scheduled,1.0,False,newcastle_united,Newcastle United,liverpool,Liverpool FC,H,Home,,,31.6,68.4,Very difficult,,,,,derived feature frame,False
06mg5,2627,Leon Ayinde,IPS,"M,F",0.0,,,,,,,,,,,,,,,,,,,,,,,,,,,,,,,,,,,,,,,,,,,,,,,,,,,,,,,,,,,,,,,,,,,,,,,,,,,,,,,,,,,,,,,,,,,,,,,,,,,,,,,Free Agent,,,,,,True,0,,,,,,,False,True,False,,,,,,,,,,,,,,,,,,,,,,,,,,,,,,,,,,,,,,,,,,,2026-08-14T20:59:07.776936+00:00,MID,first valid Fantrax position,ipswich_town,soccerdata:sofascore:16363636,2026-08-22,2026-08-22T14:00:00+00:00,Premier League,league,scheduled,1.0,False,ipswich_town,Ipswich Town,sunderland,Sunderland,H,Home,,,58.8,41.2,Favorable,,,,,derived feature frame,False
05uns,2627,Leon Bailey,AVL,"M,F",32.5,AVL,M,"M,F",278.1,380.0,278.1,32.5,8.12,17.0,,5.0,-2.0,FA,@BHA Sun 8:00AM,leon bailey,False,True,Matched eligible,pr_3efe699132c9b294,44.0,05uns,Leon Bailey,Leon Bailey,Aston Villa,AVL,M,True,a,,AVL,"M,F",Confirmed,Exact Name + Club,95.0,Official FPL API,2026-07-30T01:09:03.040438+00:00,05uns,Player Registry,Exact Name + Club,AVL,Confirmed,False,Leon Bailey,AVL,"M,F",38.0,0.0,0.0,0.0,0.0,0.0,0.0,0.7073369584977625,1.1167646050453184,0.0,12.0,437.0,5221.0,0.0,0.0,0.0,0.0,0.0,,0.3756730908898793,0.0,0.0,True,True,matched by historical Fantrax ID,normalized Fantrax ID,1.0,,,,,,,57.9,54.1,59.0,40.96666666666667,44.9,48.31,0.0,Unknown / New Arrival,25.0,False,13.7,22.8,72.0,0.0,53.4,62.1,29.86,66.2,297.0,Tier 6,-18.899999999999977,Reach,,,Free Agent,,,,,,True,0,,,,,,,False,True,False,,,297.0,278.1,M,,,0.0,0.0,,,,,0.0,0.0,0.0,0.7073369584977625,1.1167646050453184,0.3756730908898793,0.0,59.0,44.9,38.0,,,1.8241015635430808,0.1456758038096078,0.2299972870802715,0.0,,,,,,,,,,,,,,2026-08-14T20:59:07.776936+00:00,MID,canonical primary position,aston_villa,soccerdata:sofascore:16363236,2026-08-23,2026-08-23T13:00:00+00:00,Premier League,league,scheduled,1.0,False,aston_villa,Aston Villa,brighton_hove_albion,Brighton & Hove Albion,A,Away,,,38.5,61.5,Difficult,,,,,derived feature frame,False
072i1,2627,Leon Routh,AVL,D,0.0,,,,,,,,,,,,,,,,,,,,,,,,,,,,,,,,,,,,,,,,,,,,,,,,,,,,,,,,,,,,,,,,,,,,,,,,,,,,,,,,,,,,,,,,,,,,,,,,,,,,,,,Free Agent,,,,,,True,0,,,,,,,False,True,False,,,,,,,,,,,,,,,,,,,,,,,,,,,,,,,,,,,,,,,,,,,2026-08-14T20:59:07.776936+00:00,DEF,first valid Fantrax position,aston_villa,soccerdata:sofascore:16363236,2026-08-23,2026-08-23T13:00:00+00:00,Premier League,league,scheduled,1.0,False,aston_villa,Aston Villa,brighton_hove_albion,Brighton & Hove Albion,A,Away,,,38.5,61.5,Difficult,,,,,derived feature frame,False
062p5,2627,Levi Colwill,CHE,D,300.5,CHE,D,D,144.9,52.0,144.9,290.5,9.68,100.0,,76.0,-4.0,FA,@FUL Mon 2:00PM,levi colwill,False,True,Matched eligible,pr_00d39bc2f5988f3a,149.0,062p5,Levi Samuels Colwill,Levi Samuels Colwill,Chelsea,CHE,D,True,a,,CHE,D,Confirmed,Ordered Token Expanded Name,85.0,Official FPL API,2026-07-30T01:09:03.040438+00:00,062p5,Player Registry,Ordered Token Expanded Name,CHE,Confirmed,False,,CHE,D,38.0,0.0,0.0,0.0,0.0,0.0,0.0,0.0,0.0,0.0,0.0,0.0,,0.0,0.0,0.0,0.0,0.0,,,0.0,0.0,True,True,matched by historical Fantrax ID,normalized Fantrax ID,1.0,0.0,0.0,1.0,0.0,,,68.4,56.8,65.6,50.53333333333333,46.98,47.54,0.0,Unknown / New Arrival,25.0,False,13.7,22.8,0.0,0.0,63.8,71.8,21.08,46.2,349.0,Deep,-204.1,Major reach,pr_00d39bc2f5988f3a,Levi Samuels Colwill,Rostered,61fz0pmkmrp1z5vo,wmuck1,wmuck1,RESERVE,RESERVE,False,0,,,wmuck1,61fz0pmkmrp1z5vo,14.0,158.0,True,False,True,14.0,158.0,349.0,144.9,D,,,0.0,0.0,,0.0,0.0,,0.0,0.0,0.0,0.0,0.0,,0.0,65.6,46.98,38.0,,,0.0,,,0.0,,,,,,,,,,,,,,2026-08-14T20:59:07.776936+00:00,DEF,canonical primary position,chelsea,soccerdata:sofascore:16363244,2026-08-24,2026-08-24T19:00:00+00:00,Premier League,league,scheduled,1.0,False,chelsea,Chelsea,fulham,Fulham,A,Away,,,50.9,49.1,Neutral,,,,,derived feature frame,False
076dg,2627,Lewie Coyle,HUL,D,178.5,HUL,D,D,,199.0,,181.5,5.19,0.0,,2.0,0.0,FA,MUN Sat 6:30AM,lewie coyle,False,True,Matched eligible,pr_afa9e82138c5780c,280.0,076dg,Lewie Coyle,Lewie Coyle,Hull City,HUL,D,True,a,,,,New EPL Arrival,Exact Name + Club,95.0,Official FPL API,2026-07-30T01:09:03.040438+00:00,076dg,Player Registry,Exact Name + Club,HUL,New EPL Arrival,False,,,,,,,,,,,,,,,,,,,,,,,,,,False,False,no 2025/26 record for bridged ID,none,0.0,,,,,,,,,,38.13333333333333,40.5,42.74,0.0,Unknown / New Arrival,25.0,False,0.0,0.0,0.0,0.0,0.0,11.8,1.18,11.2,588.0,Deep,,ADP unavailable,,,Free Agent,,,,,,True,0,,,,,,,False,True,False,,,588.0,,D,,,,,,,,,,,,,,,0.0,,40.5,,,,,,,,,,,,,,,,,,,,,2026-08-14T20:59:07.776936+00:00,DEF,canonical primary position,hull_city,soccerdata:sofascore:16363634,2026-08-22,2026-08-22T11:30:00+00:00,Premier League,league,scheduled,1.0,False,hull_city,Hull City,manchester_united,Manchester United,H,Home,,,32.0,68.0,Very difficult,,,,,derived feature frame,False
043qy,2627,Lewis Cook,BOU,M,68.0,BOU,M,M,,251.0,,66.0,8.25,0.0,,2.0,-2.0,FA,@MCI Sun 8:00AM,lewis cook,False,True,Matched eligible,pr_a131374631213ea2,71.0,043qy,Lewis Cook,Lewis Cook,Bournemouth,BOU,M,True,a,,BOU,"D,M",Confirmed,Exact Name + Club,95.0,Official FPL API,2026-07-30T01:09:03.040438+00:00,043qy,Player Registry,Exact Name + Club,BOU,Confirmed,False,Lewis Cook,BOU,"D,M",38.0,0.0,0.0,0.0,0.0,0.0,0.0,0.059645797125995,0.3469301499426362,0.0,11.0,841.0,1789.0,0.0,0.0,0.0,0.0,0.0,,0.0435099111012803,0.0,0.0,True,True,matched by historical Fantrax ID,normalized Fantrax ID,1.0,,,,,,,73.4,43.8,58.6,39.93333333333333,43.7,39.440000000000005,0.0,Unknown / New Arrival,25.0,False,13.7,22.8,15.6,0.0,64.2,57.7,22.05,66.2,341.0,Deep,,ADP unavailable,,,Free Agent,,,,,,True,0,,,,,,,False,True,False,,,341.0,,M,,,0.0,0.0,,,,,0.0,0.0,0.0,0.059645797125995,0.3469301499426362,0.0435099111012803,0.0,58.6,43.7,38.0,,,0.4065759470686312,0.0063830222845892,0.0371268888166911,0.0,,,,,,,,,,,,,,2026-08-14T20:59:07.776936+00:00,MID,canonical primary position,afc_bournemouth,soccerdata:sofascore:16363243,2026-08-23,2026-08-23T13:00:00+00:00,Premier League,league,scheduled,1.0,False,afc_bournemouth,Bournemouth,manchester_city,Manchester City,A,Away,,,16.8,83.2,Very difficult,,,,,derived feature frame,False
04e1c,2627,Lewis Dunk,BHA,D,224.0,BHA,D,D,287.6,139.0,287.6,226.5,7.08,4.0,,10.0,2.0,FA,AVL Sun 8:00AM,lewis dunk,False,True,Matched eligible,pr_962c2169262d1258,116.0,04e1c,Lewis Dunk,Lewis Dunk,Brighton,BHA,D,True,a,,BHA,D,Confirmed,Exact Name + Club,95.0,Official FPL API,2026-07-30T01:09:03.040438+00:00,04e1c,Player Registry,Exact Name + Club,BHA,Confirmed,False,Lewis Dunk,BHA,D,38.0,1712.0,19.0,168.0,152.0,1.0,0.0,1.3368871174752703,0.5454101115465162,0.0,7.0,2831.0,6048.0,272.0,3.0,31.5,4.421052631578948,6.08,8.831775700934578,0.0598398977788628,0.5,0.5,True,True,matched by historical Fantrax ID,normalized Fantrax ID,1.0,152.0,6.08,25.0,168.0,7.990654205607476,90.47619047619048,,,,,,,50.1,Likely Rotation,75.0,False,60.1,80.4,19.0,50.1,0.0,0.0,42.96,78.8,225.0,Tier 6,62.60000000000002,Strong value,,,Free Agent,,,,,,True,0,,,,,,,False,True,False,,,225.0,287.6,D,,,168.0,4.421052631578948,8.831775700934578,152.0,6.08,7.990654205607476,1712.0,19.0,0.5,1.3368871174752703,0.5454101115465162,0.0598398977788628,50.1,,,38.0,8.842105263157896,8.0,1.8822972290217863,0.0425008267653741,0.0173390710134886,50.058479532163744,,,,,,,,,,,,,,2026-08-14T20:59:07.776936+00:00,DEF,canonical primary position,brighton_hove_albion,soccerdata:sofascore:16363236,2026-08-23,2026-08-23T13:00:00+00:00,Premier League,league,scheduled,1.0,False,brighton_hove_albion,Brighton & Hove Albion,aston_villa,Aston Villa,H,Home,,,39.0,61.0,Difficult,,,,,derived feature frame,False
05y9n,2627,Lewis Hall,NEW,D,353.5,NEW,D,D,79.6,16.0,79.6,353.5,10.71,100.0,,98.0,1.0,FA,LIV Sun 10:30AM,lewis hall,False,True,Matched eligible,pr_3155624400344969,449.0,05y9n,Lewis Hall,Lewis Hall,Newcastle,NEW,D,True,a,,NEW,D,Confirmed,Exact Name + Club,95.0,Official FPL API,2026-07-30T01:09:03.040438+00:00,05y9n,Player Registry,Exact Name + Club,NEW,Confirmed,False,Lewis Hall,NEW,D,38.0,2171.0,24.0,245.5,229.5,1.0,2.0,1.2881421977654093,2.5339094949886194,0.0,25.0,2164.0,10216.0,337.0,4.0,26.0,6.4605263157894735,6.039,10.177337632427452,0.1589577875914337,0.631578947368421,0.6666666666666666,True,True,matched by historical Fantrax ID,normalized Fantrax ID,1.0,229.5,6.039,38.0,245.5,9.514048825426071,93.48268839103868,62.2,27.4,49.3,42.16666666666666,42.86,46.68,63.4,Likely Rotation,75.0,False,73.3,79.3,41.8,63.4,53.2,36.6,61.81,88.8,100.0,Tier 4,-20.40000000000001,Major reach,pr_3155624400344969,Lewis Hall,Rostered,cjn4stydmrp1z5vp,Robertske,Robertske,ACTIVE,ACTIVE,False,0,,,Robertske,cjn4stydmrp1z5vp,5.0,51.0,True,False,True,5.0,51.0,100.0,79.6,D,,,245.5,6.4605263157894735,10.177337632427452,229.5,6.039,9.514048825426071,2171.0,24.0,0.631578947368421,1.2881421977654093,2.5339094949886194,0.1589577875914337,63.4,49.3,42.86,38.0,10.229166666666666,9.5625,3.822051692754029,0.0535733816076186,0.105384405983815,63.47953216374269,,,,,,,,,,,,,,2026-08-14T20:59:07.776936+00:00,DEF,canonical primary position,newcastle_united,soccerdata:sofascore:16363246,2026-08-23,2026-08-23T15:30:00+00:00,Premier League,league,scheduled,1.0,False,newcastle_united,Newcastle United,liverpool,Liverpool FC,H,Home,,,31.6,68.4,Very difficult,,,,,derived feature frame,False
06ab3,2627,Lewis Miley,NEW,"D,M",65.5,NEW,M,"D,M",201.0,256.0,201.0,64.5,9.21,70.0,,32.0,-6.0,FA,LIV Sun 10:30AM,lewis miley,False,True,Matched eligible,pr_6b1503595658653c,459.0,06ab3,Lewis Miley,Lewis Miley,Newcastle,NEW,M,True,i,Leg injury - Expected back 30 Aug,NEW,"D,M",Confirmed,Exact Name + Club,95.0,Official FPL API,2026-07-30T01:09:03.040438+00:00,06ab3,Player Registry,Exact Name + Club,NEW,Confirmed,False,Lewis Miley,NEW,"D,M",38.0,472.0,5.0,52.0,49.0,0.0,1.0,1.3760087750852106,2.321293480694294,0.0,15.0,1470.0,11386.0,0.0,0.0,0.0,1.368421052631579,8.167,9.915254237288137,0.2263654442313982,0.131578947368421,0.0,True,True,matched by historical Fantrax ID,normalized Fantrax ID,1.0,49.0,8.167,6.0,52.0,9.34322033898305,94.23076923076924,62.2,27.4,49.3,42.16666666666666,42.86,46.68,8.2,Bench / Unknown,55.0,False,58.5,93.3,55.3,8.2,53.2,36.6,50.46,79.8,184.0,Tier 6,17.0,Value,,,Free Agent,,,,,,True,0,,,yudesh,,,,False,True,True,12.0,138.0,184.0,201.0,M,,,52.0,1.368421052631579,9.915254237288137,49.0,8.167,9.34322033898305,472.0,5.0,0.131578947368421,1.3760087750852106,2.321293480694294,0.2263654442313982,8.2,49.3,42.86,38.0,10.4,9.8,3.6973022557795048,0.0842454352092986,0.1421200090220996,13.801169590643276,,,,,,,,,,,,,,2026-08-14T20:59:07.776936+00:00,MID,canonical primary position,newcastle_united,soccerdata:sofascore:16363246,2026-08-23,2026-08-23T15:30:00+00:00,Premier League,league,scheduled,1.0,False,newcastle_united,Newcastle United,liverpool,Liverpool FC,H,Home,,,31.6,68.4,Very difficult,,,,,derived feature frame,False
05oig,2627,Liam Delap,CHE,F,23.0,CHE,F,F,285.6,436.0,285.6,21.0,5.25,4.0,,13.0,0.0,FA,@FUL Mon 2:00PM,liam delap,False,True,Matched eligible,pr_61bae9b636353606,167.0,05oig,Liam Delap,Liam Delap,Chelsea,CHE,F,True,a,,CHE,F,Confirmed,Exact Name + Club,95.0,Official FPL API,2026-07-30T01:09:03.040438+00:00,05oig,Player Registry,Exact Name + Club,CHE,Confirmed,False,Liam Delap,CHE,F,38.0,154.0,3.0,6.5,6.5,0.0,0.0,5.030099527910351,0.1692549511790274,0.0,3.0,1064.0,8868.0,0.0,0.0,0.0,0.1710526315789473,0.591,3.798701298701298,0.439795021727485,0.0789473684210526,0.0,True,True,matched by historical Fantrax ID,normalized Fantrax ID,1.0,6.5,0.591,11.0,6.5,3.798701298701298,100.0,68.4,56.8,65.6,50.53333333333333,46.98,47.54,3.4,Bench / Unknown,55.0,False,31.4,45.8,79.9,3.4,63.8,71.8,42.5,79.8,228.0,Tier 6,57.60000000000002,Strong value,,,Free Agent,,,,,,True,0,,,,,,,False,True,False,,,228.0,285.6,F,,,6.5,0.1710526315789473,3.798701298701298,6.5,0.591,3.798701298701298,154.0,3.0,0.0789473684210526,5.030099527910351,0.1692549511790274,0.439795021727485,3.4,65.6,46.98,38.0,2.1666666666666665,2.1666666666666665,5.199354479089378,0.4254783435262515,0.0143166782012335,4.502923976608187,,,,,,,,,,,,,,2026-08-14T20:59:07.776936+00:00,FWD,canonical primary position,chelsea,soccerdata:sofascore:16363244,2026-08-24,2026-08-24T19:00:00+00:00,Premier League,league,scheduled,1.0,False,chelsea,Chelsea,fulham,Fulham,A,Away,,,50.9,49.1,Neutral,,,,,derived feature frame,False
076cz,2627,Liam Kitching,COV,D,310.0,COV,D,D,257.4,38.0,257.4,311.0,9.72,30.0,,11.0,-1.0,FA,@ARS Fri 2:00PM,liam kitching,False,True,Matched eligible,pr_1aaf8cb8e386ec3b,174.0,076cz,Liam Kitching,Liam Kitching,Coventry City,COV,D,True,a,,,,New EPL Arrival,Exact Name + Club,95.0,Official FPL API,2026-07-30T01:09:03.040438+00:00,076cz,Player Registry,Exact Name + Club,COV,New EPL Arrival,False,,,,,,,,,,,,,,,,,,,,,,,,,,False,False,no 2025/26 record for bridged ID,none,0.0,,,,,,,,,,28.066666666666663,30.12,40.8,0.0,Unknown / New Arrival,25.0,False,0.0,0.0,0.0,0.0,0.0,2.3,0.23,11.2,611.0,Deep,-353.6,Major reach,pr_1aaf8cb8e386ec3b,Liam Kitching,Rostered,2dxfjlk0mrp1z5vo,nhauptma,nhauptma,RESERVE,RESERVE,False,0,,,nhauptma,2dxfjlk0mrp1z5vo,12.0,137.0,True,False,True,12.0,137.0,611.0,257.4,D,,,,,,,,,,,,,,,0.0,,30.12,,,,,,,,,,,,,,,,,,,,,2026-08-14T20:59:07.776936+00:00,DEF,canonical primary position,coventry_city,soccerdata:sofascore:16363633,2026-08-21,2026-08-21T19:00:00+00:00,Premier League,league,scheduled,1.0,False,coventry_city,Coventry City,arsenal,Arsenal,A,Away,,,18.9,81.1,Very difficult,,,,,derived feature frame,False
052h1,2627,Liam Millar,HUL,"M,F",220.5,HUL,M,"M,F",,140.0,,226.5,7.31,0.0,,7.0,0.0,FA,MUN Sat 6:30AM,liam millar,False,True,Matched eligible,pr_18c50d39ec202943,287.0,052h1,Liam Millar,Liam Millar,Hull City,HUL,M,True,a,,,,New EPL Arrival,Exact Name + Club,95.0,Official FPL API,2026-07-30T01:09:03.040438+00:00,052h1,Player Registry,Exact Name + Club,HUL,New EPL Arrival,False,,,,,,,,,,,,,,,,,,,,,,,,,,False,False,no 2025/26 record for bridged ID,none,0.0,,,,,,,,,,38.13333333333333,40.5,42.74,0.0,Unknown / New Arrival,25.0,False,0.0,0.0,0.0,0.0,0.0,11.8,1.18,11.2,582.0,Deep,,ADP unavailable,,,Free Agent,,,,,,True,0,,,,,,,False,True,False,,,582.0,,M,,,,,,,,,,,,,,,0.0,,40.5,,,,,,,,,,,,,,,,,,,,,2026-08-14T20:59:07.776936+00:00,MID,canonical primary position,hull_city,soccerdata:sofascore:16363634,2026-08-22,2026-08-22T11:30:00+00:00,Premier League,league,scheduled,1.0,False,hull_city,Hull City,manchester_united,Manchester United,H,Home,,,32.0,68.0,Very difficult,,,,,derived feature frame,False
062pl,2627,Lisandro Martinez,MUN,D,206.0,MUN,D,D,284.4,166.0,284.4,206.0,6.87,9.0,,17.0,-1.0,FA,@HUL Sat 6:30AM,lisandro martinez,False,True,Matched eligible,pr_6c60ac423ef1985b,419.0,062pl,Lisandro Martínez,Lisandro Martínez,Man Utd,MUN,D,True,d,Thigh injury - 75% chance of playing,MUN,D,Confirmed,Exact Name + Club,95.0,Official FPL API,2026-07-30T01:09:03.040438+00:00,062pl,Player Registry,Exact Name + Club,MUN,Confirmed,False,Lisandro Martinez,MUN,D,38.0,720.0,8.0,58.5,52.5,0.0,0.0,0.113466025330126,0.4642033223062751,0.0,5.0,1217.0,10802.0,0.0,0.0,0.0,1.5394736842105263,5.25,7.3125,0.0427200010577453,0.2105263157894736,0.0,True,True,matched by historical Fantrax ID,normalized Fantrax ID,1.0,52.5,5.25,10.0,58.5,6.5625,89.74358974358975,90.6,59.4,72.4,44.06666666666666,49.54,46.89,12.6,Bench / Unknown,55.0,False,45.5,73.0,15.1,12.6,83.8,84.0,46.17,79.8,203.0,Tier 6,81.39999999999998,Strong value,,,Free Agent,,,,,,True,0,,,,,,,False,True,False,,,203.0,284.4,D,,,58.5,1.5394736842105263,7.3125,52.5,5.25,6.5625,720.0,8.0,0.2105263157894736,0.113466025330126,0.4642033223062751,0.0427200010577453,12.6,72.4,49.54,38.0,7.3125,6.5625,0.5776693476364011,0.008391078290642,0.0343289227671033,21.052631578947366,,,,,,,,,,,,,,2026-08-14T20:59:07.776936+00:00,DEF,canonical primary position,manchester_united,soccerdata:sofascore:16363634,2026-08-22,2026-08-22T11:30:00+00:00,Premier League,league,scheduled,1.0,False,manchester_united,Manchester United,hull_city,Hull City,A,Away,,,49.1,50.9,Neutral,,,,,derived feature frame,False
072r2,2627,Lorenzo Lucca,NOT,F,0.0,,,,,,,,,,,,,,,,,,,,,,,,,,,,,,,,,,,,,,,,,,,,,,,,,,,,,,,,,,,,,,,,,,,,,,,,,,,,,,,,,,,,,,,,,,,,,,,,,,,,,,,Free Agent,,,,,,True,0,,,,,,,False,True,False,,,,,,,,,,,,,,,,,,,,,,,,,,,,,,,,,,,,,,,,,,,2026-08-14T20:59:07.776936+00:00,FWD,first valid Fantrax position,,,,,,,,,,,,,,,,,,,,,,,,,derived feature frame,False
06do4,2627,Louie Koumas,HUL,F,31.5,HUL,F,F,,385.0,,31.5,7.88,0.0,,2.0,-1.0,FA,@NEW Sun 10:30AM,louie koumas,False,True,Unresolved: no current FPL identity,pr_97a714d57a9bcc80,,06do4,Louie Koumas,,HUL,HUL,F,False,unverified,,,,Unresolved,Unresolved,0.0,Fantrax / historical,,06do4,Player Registry,Unresolved,HUL,Unresolved,False,,,,,,,,,,,,,,,,,,,,,,,,,,False,False,no 2025/26 record for bridged ID,none,0.0,,,,,,,,,,38.13333333333333,40.5,42.74,0.0,Unknown / New Arrival,25.0,False,0.0,0.0,0.0,0.0,0.0,11.8,1.18,11.2,586.0,Deep,,ADP unavailable,,,Free Agent,,,,,,True,0,,,,,,,False,True,False,,,586.0,,F,,,,,,,,,,,,,,,0.0,,40.5,,,,,,,,,,,,,,,,,,,,,2026-08-14T20:59:07.776936+00:00,FWD,canonical primary position,hull_city,soccerdata:sofascore:16363634,2026-08-22,2026-08-22T11:30:00+00:00,Premier League,league,scheduled,1.0,False,hull_city,Hull City,manchester_united,Manchester United,H,Home,,,32.0,68.0,Very difficult,,,,,derived feature frame,False
06exj,2627,Luca Gunter,TOT,G,0.0,,,,,,,,,,,,,,,,,,,,,,,,,,,,,,,,,,,,,,,,,,,,,,,,,,,,,,,,,,,,,,,,,,,,,,,,,,,,,,,,,,,,,,,,,,,,,,,,,,,,,,,Free Agent,,,,,,True,0,,,,,,,False,True,False,,,,,,,,,,,,,,,,,,,,,,,,,,,,,,,,,,,,,,,,,,,2026-08-14T20:59:07.776936+00:00,GK,first valid Fantrax position,tottenham_hotspur,soccerdata:sofascore:16363242,2026-08-22,2026-08-22T16:30:00+00:00,Premier League,league,scheduled,1.0,False,tottenham_hotspur,Tottenham Hotspur,brentford,Brentford,A,Away,,,55.1,44.9,Favorable,,,,,derived feature frame,False
072zr,2627,Luca Netz,NOT,D,43.0,NOT,D,D,,324.0,,43.0,8.6,0.0,,1.0,0.0,FA,LEE Sat 9:00AM,luca netz,False,True,Matched eligible,pr_e8e83548443fbc95,478.0,072zr,Luca Netz,Luca Netz,Nott'm Forest,NOT,D,True,a,,NOT,D,Confirmed,Exact Name + Club,95.0,Official FPL API,2026-07-30T01:09:03.040438+00:00,072zr,Player Registry,Exact Name + Club,NOT,Confirmed,False,Luca Netz,NOT,D,38.0,0.0,0.0,0.0,0.0,0.0,0.0,0.0,0.0980577766895294,0.0,2.0,348.0,8401.0,0.0,0.0,0.0,0.0,0.0,,0.0253597698334989,0.0,0.0,True,True,matched by historical Fantrax ID,normalized Fantrax ID,1.0,,,,,,,39.9,34.4,37.8,48.333333333333336,45.36,43.16,0.0,Unknown / New Arrival,25.0,False,13.7,22.8,11.9,0.0,43.2,66.2,20.25,66.2,361.0,Deep,,ADP unavailable,,,Free Agent,,,,,,True,0,,,,,,,False,True,False,,,361.0,,D,,,0.0,0.0,,,,,0.0,0.0,0.0,0.0,0.0980577766895294,0.0253597698334989,0.0,37.8,45.36,38.0,,,0.0980577766895294,0.0,0.0253597698334989,0.0,,,,,,,,,,,,,,2026-08-14T20:59:07.776936+00:00,DEF,canonical primary position,,,,,,,,,,,,,,,,,,,,,,,,,derived feature frame,False
06qq9,2627,Luca Williams-Barnett,TOT,M,0.0,TOT,M,M,,678.0,,0.0,0.0,0.0,,3.0,-1.0,FA,@BRF Sat 11:30AM,luca williams barnett,True,False,Inactive / historical only,pr_a4d73e3a62a454e6,,06qq9,Luca Williams-Barnett,,TOT,TOT,M,False,unverified,,TOT,M,Historical Only,Unresolved,0.0,Fantrax / historical,,06qq9,Player Registry,Unresolved,TOT,Historical Only,False,,TOT,M,38.0,0.0,0.0,0.0,0.0,0.0,0.0,0.0,0.0,0.0,0.0,0.0,,0.0,0.0,0.0,0.0,0.0,,,0.0,0.0,True,True,matched by historical Fantrax ID,normalized Fantrax ID,1.0,,,,,,,30.7,33.2,33.3,51.5,51.620000000000005,49.47,0.0,Unknown / New Arrival,25.0,False,13.7,22.8,0.0,0.0,28.3,96.5,20.0,46.2,,,,Not draft eligible,,,Free Agent,,,,,,True,0,,,,,,,False,True,False,,,,,M,,,0.0,0.0,,,,,0.0,0.0,0.0,0.0,0.0,,0.0,33.3,51.620000000000005,38.0,,,0.0,,,0.0,,,,,,,,,,,,,,2026-08-14T20:59:07.776936+00:00,MID,canonical primary position,tottenham_hotspur,soccerdata:sofascore:16363242,2026-08-22,2026-08-22T16:30:00+00:00,Premier League,league,scheduled,1.0,False,tottenham_hotspur,Tottenham Hotspur,brentford,Brentford,A,Away,,,55.1,44.9,Favorable,,,,,derived feature frame,False
06mn7,2627,Lucas Bergvall,TOT,M,26.5,TOT,M,M,288.7,412.0,288.7,25.5,8.5,4.0,,9.0,-1.0,FA,@BRF Sat 11:30AM,lucas bergvall,False,True,Matched eligible,pr_e5c2cba2c68e7e33,520.0,06mn7,Lucas Bergvall,Lucas Bergvall,Spurs,TOT,M,True,a,,TOT,M,Confirmed,Exact Name + Club,95.0,Official FPL API,2026-07-30T01:09:03.040438+00:00,06mn7,Player Registry,Exact Name + Club,TOT,Confirmed,False,Lucas Bergvall,TOT,M,38.0,213.0,3.0,15.5,15.5,0.0,0.0,1.434299470856785,0.291629137471318,0.0,5.0,956.0,12912.0,0.0,0.0,0.0,0.4078947368421052,2.214,6.549295774647887,0.1624828187756582,0.0789473684210526,0.0,True,True,matched by historical Fantrax ID,normalized Fantrax ID,1.0,15.5,2.214,7.0,15.5,6.549295774647887,100.0,30.7,33.2,33.3,51.5,51.620000000000005,49.47,4.1,Bench / Unknown,55.0,False,37.3,50.8,42.9,4.1,28.3,96.5,38.54,79.8,253.0,Tier 6,35.69999999999999,Strong value,,,Free Agent,,,,,,True,0,,,,,,,False,True,False,,,253.0,288.7,M,,,15.5,0.4078947368421052,6.549295774647887,15.5,2.214,6.549295774647887,213.0,3.0,0.0789473684210526,1.434299470856785,0.291629137471318,0.1624828187756582,4.1,33.3,51.620000000000005,38.0,5.166666666666667,5.166666666666667,1.7259286083281031,0.1350281928630864,0.0274546259125717,6.228070175438597,,,,,,,,,,,,,,2026-08-14T20:59:07.776936+00:00,MID,canonical primary position,tottenham_hotspur,soccerdata:sofascore:16363242,2026-08-22,2026-08-22T16:30:00+00:00,Premier League,league,scheduled,1.0,False,tottenham_hotspur,Tottenham Hotspur,brentford,Brentford,A,Away,,,55.1,44.9,Favorable,,,,,derived feature frame,False
04tm0,2627,Lucas Digne,AVL,D,80.0,AVL,D,D,253.7,237.0,253.7,80.0,11.43,26.0,,12.0,-3.0,FA,@BHA Sun 8:00AM,lucas digne,False,True,Matched eligible,pr_a0603ef3bbccf210,30.0,04tm0,Lucas Digne,Lucas Digne,Aston Villa,AVL,D,True,a,,AVL,D,Confirmed,Exact Name + Club,95.0,Official FPL API,2026-07-30T01:09:03.040438+00:00,04tm0,Player Registry,Exact Name + Club,AVL,Confirmed,False,Lucas Digne,AVL,D,38.0,1753.0,20.0,261.0,189.0,0.0,6.0,0.703348841518163,3.0525081939995284,0.0,26.0,1857.0,1823.0,216.0,2.0,31.5,6.868421052631579,5.559,13.399885909868797,0.182028612383733,0.5263157894736842,0.3333333333333333,True,True,matched by historical Fantrax ID,normalized Fantrax ID,1.0,189.0,5.559,34.0,261.0,9.703365658870506,72.41379310344827,57.9,54.1,59.0,40.96666666666667,44.9,48.31,46.4,Likely Rotation,75.0,False,87.7,75.4,47.9,46.4,53.4,62.1,65.62,88.8,75.0,Tier 4,178.7,Strong value,,,Free Agent,,,,,,True,0,,,,,,,False,True,False,,,75.0,253.7,D,,,261.0,6.868421052631579,13.399885909868797,189.0,5.559,9.703365658870506,1753.0,20.0,0.5263157894736842,0.703348841518163,3.0525081939995284,0.182028612383733,46.4,59.0,44.9,38.0,13.05,9.45,3.755857035517692,0.0340879890881177,0.1479406232956152,51.25730994152047,,,,,,,,,,,,,,2026-08-14T20:59:07.776936+00:00,DEF,canonical primary position,aston_villa,soccerdata:sofascore:16363236,2026-08-23,2026-08-23T13:00:00+00:00,Premier League,league,scheduled,1.0,False,aston_villa,Aston Villa,brighton_hove_albion,Brighton & Hove Albion,A,Away,,,38.5,61.5,Difficult,,,,,derived feature frame,False
04ym7,2627,Lucas Perri,LEE,G,248.5,LEE,G,G,264.0,114.0,264.0,248.5,8.57,22.0,,16.0,-2.0,FA,@NOT Sat 9:00AM,lucas perri,False,True,Matched eligible,pr_9829ed803fc294fe,326.0,04ym7,Lucas Estella Perri,Lucas Estella Perri,Leeds,LEE,G,True,a,,LEE,G,Confirmed,Ordered Token Expanded Name,85.0,Official FPL API,2026-07-30T01:09:03.040438+00:00,04ym7,Player Registry,Ordered Token Expanded Name,LEE,Confirmed,False,Lucas Perri,LEE,G,38.0,0.0,0.0,0.0,0.0,0.0,0.0,0.0,0.0,0.0,0.0,1440.0,12369.0,0.0,0.0,0.0,0.0,0.0,,0.0,0.0,0.0,True,True,matched by historical Fantrax ID,normalized Fantrax ID,1.0,,,,,,,38.1,24.1,31.1,45.56666666666666,43.0,38.71,0.0,Unknown / New Arrival,25.0,False,13.7,22.8,3.8,0.0,30.4,42.0,15.34,66.2,432.0,Deep,-168.0,Major reach,,,Free Agent,,,,,,True,0,,,,,,,False,True,False,,,432.0,264.0,G,,,0.0,0.0,,,,,0.0,0.0,0.0,0.0,0.0,0.0,0.0,31.1,43.0,38.0,,,0.0,0.0,0.0,0.0,,,,,,,,,,,,,,2026-08-14T20:59:07.776936+00:00,GK,canonical primary position,leeds_united,soccerdata:sofascore:16363238,2026-08-22,2026-08-22T14:00:00+00:00,Premier League,league,scheduled,1.0,False,leeds_united,Leeds United,nottingham_forest,Nottingham Forest,A,Away,,,49.5,50.5,Neutral,,,,,derived feature frame,False
062h9,2627,Luis Sinisterra,BOU,F,43.0,,,,,,,,,,,,,,,,,,,,,,,,,,,,,,,,,,,,,,,,,,,,,,,,,,,,,,,,,,,,,,,,,,,,,,,,,,,,,,,,,,,,,,,,,,,,,,,,,,,,,,,Free Agent,,,,,,True,0,,,,,,,False,True,False,,,,,,,,,,,,,,,,,,,,,,,,,,,,,,,,,,,,,,,,,,,2026-08-14T20:59:07.776936+00:00,FWD,first valid Fantrax position,afc_bournemouth,soccerdata:sofascore:16363243,2026-08-23,2026-08-23T13:00:00+00:00,Premier League,league,scheduled,1.0,False,afc_bournemouth,Bournemouth,manchester_city,Manchester City,A,Away,,,16.8,83.2,Very difficult,,,,,derived feature frame,False
072zo,2627,Luka Bentt,BRF,M,0.0,BRF,M,M,,560.0,,0.0,0.0,0.0,,1.0,0.0,FA,TOT Sat 11:30AM,luka bentt,True,False,Inactive / historical only,pr_ea1c5cdc8c9abaee,,072zo,Luka Bentt,,BRF,BRF,M,False,unverified,,BRF,M,Historical Only,Unresolved,0.0,Fantrax / historical,,072zo,Player Registry,Unresolved,BRF,Historical Only,False,,BRF,M,38.0,0.0,0.0,0.0,0.0,0.0,0.0,0.0,0.0,0.0,0.0,0.0,,0.0,0.0,0.0,0.0,0.0,,,0.0,0.0,True,True,matched by historical Fantrax ID,normalized Fantrax ID,1.0,,,,,,,29.4,35.6,32.6,45.36666666666667,47.48,44.42,0.0,Unknown / New Arrival,25.0,False,13.7,22.8,0.0,0.0,20.9,78.0,17.41,46.2,,,,Not draft eligible,,,Free Agent,,,,,,True,0,,,,,,,False,True,False,,,,,M,,,0.0,0.0,,,,,0.0,0.0,0.0,0.0,0.0,,0.0,32.6,47.48,38.0,,,0.0,,,0.0,,,,,,,,,,,,,,2026-08-14T20:59:07.776936+00:00,MID,canonical primary position,brentford,soccerdata:sofascore:16363242,2026-08-22,2026-08-22T16:30:00+00:00,Premier League,league,scheduled,1.0,False,brentford,Brentford,tottenham_hotspur,Tottenham Hotspur,H,Home,,,51.6,48.4,Neutral,,,,,derived feature frame,False
06v0y,2627,Luka Vuskovic,BHA,D,112.5,BHA,D,D,121.5,224.0,121.5,118.5,13.17,91.0,,81.0,0.0,FA,AVL Sun 8:00AM,luka vuskovic,False,True,Matched eligible,pr_5b05eed522d404e7,504.0,06v0y,Luka Vušković,Luka Vušković,Brighton,BHA,D,True,a,,TOT,D,Transferred,Exact Name + Club,95.0,Official FPL API,2026-07-30T01:09:03.040438+00:00,06v0y,Player Registry,Exact Name + Club,BHA,Transferred,False,,TOT,D,38.0,0.0,0.0,0.0,0.0,0.0,0.0,0.0,0.0,0.0,0.0,0.0,,0.0,0.0,0.0,0.0,0.0,,,0.0,0.0,True,True,matched by historical Fantrax ID,normalized Fantrax ID,1.0,,,,,,,,,,,,,0.0,Unknown / New Arrival,25.0,False,13.7,22.8,0.0,0.0,0.0,0.0,7.52,36.2,531.0,Deep,-409.5,Major reach,pr_5b05eed522d404e7,Luka Vušković,Rostered,rx9bjhp3mrp1z5vo,KindComet,KindComet,ACTIVE,ACTIVE,False,0,,,KindComet,rx9bjhp3mrp1z5vo,7.0,77.0,True,False,True,7.0,77.0,531.0,121.5,D,,,0.0,0.0,,,,,0.0,0.0,0.0,0.0,0.0,,0.0,,,38.0,,,0.0,,,0.0,,,,,,,,,,,,,,2026-08-14T20:59:07.776936+00:00,DEF,canonical primary position,brighton_hove_albion,soccerdata:sofascore:16363236,2026-08-23,2026-08-23T13:00:00+00:00,Premier League,league,scheduled,1.0,False,brighton_hove_albion,Brighton & Hove Albion,aston_villa,Aston Villa,H,Home,,,39.0,61.0,Difficult,,,,,derived feature frame,False
04lnu,2627,Lukas Nmecha,LEE,F,33.0,LEE,F,F,281.0,371.0,281.0,33.5,8.38,9.0,,9.0,-2.0,FA,@NOT Sat 9:00AM,lukas nmecha,False,True,Matched eligible,pr_a1ee8e22498a9804,347.0,04lnu,Lukas Nmecha,Lukas Nmecha,Leeds,LEE,F,True,a,,LEE,F,Confirmed,Exact Name + Club,95.0,Official FPL API,2026-07-30T01:09:03.040438+00:00,04lnu,Player Registry,Exact Name + Club,LEE,Confirmed,False,Lukas Nmecha,LEE,F,38.0,0.0,0.0,0.0,0.0,0.0,0.0,8.14029767177999,1.684540869668126,0.0,11.0,1076.0,6544.0,0.0,0.0,0.0,0.0,0.0,,0.8217801753999354,0.0,0.0,True,True,matched by historical Fantrax ID,normalized Fantrax ID,1.0,0.0,0.0,1.0,0.0,,,38.1,24.1,31.1,45.56666666666666,43.0,38.71,0.0,Unknown / New Arrival,25.0,False,13.7,22.8,96.3,0.0,30.4,42.0,29.21,66.2,298.0,Tier 6,-17.0,Reach,,,Free Agent,,,,,,True,0,,,,,,,False,True,False,,,298.0,281.0,F,,,0.0,0.0,,0.0,0.0,,0.0,0.0,0.0,8.14029767177999,1.684540869668126,0.8217801753999354,0.0,31.1,43.0,38.0,,,9.824838541448116,0.6808799167845717,0.1409002586153637,0.0,,,,,,,,,,,,,,2026-08-14T20:59:07.776936+00:00,FWD,canonical primary position,leeds_united,soccerdata:sofascore:16363238,2026-08-22,2026-08-22T14:00:00+00:00,Premier League,league,scheduled,1.0,False,leeds_united,Leeds United,nottingham_forest,Nottingham Forest,A,Away,,,49.5,50.5,Neutral,,,,,derived feature frame,False
06v0m,2627,Luke O'Nien,SUN,"D,M",33.5,SUN,D,"D,M",286.9,372.0,286.9,33.5,6.7,4.0,,1.0,-1.0,FA,@IPS Sat 9:00AM,luke o nien,False,True,Matched eligible,pr_24df6b826c7b2982,539.0,06v0m,Luke O'Nien,Luke O'Nien,Sunderland,SUN,D,True,a,,SUN,"D,M",Confirmed,Exact Name + Club,95.0,Official FPL API,2026-07-30T01:09:03.040438+00:00,06v0m,Player Registry,Exact Name + Club,SUN,Confirmed,False,Luke ONien,SUN,"D,M",38.0,0.0,0.0,0.0,0.0,0.0,0.0,0.2098914235830305,0.1062447875738143,0.0,2.0,556.0,14099.0,0.0,0.0,0.0,0.0,0.0,,0.0511731277052446,0.0,0.0,True,True,matched by historical Fantrax ID,normalized Fantrax ID,1.0,,,,,,,7.9,49.1,27.1,43.6,42.0,37.67,0.0,Unknown / New Arrival,25.0,False,13.7,22.8,16.7,0.0,3.8,23.7,12.77,66.2,460.0,Deep,-173.10000000000002,Major reach,,,Free Agent,,,,,,True,0,,,,,,,False,True,False,,,460.0,286.9,D,,,0.0,0.0,,,,,0.0,0.0,0.0,0.2098914235830305,0.1062447875738143,0.0511731277052446,0.0,27.1,42.0,38.0,,,0.3161362111568448,0.033975230436102,0.0171978972691426,0.0,,,,,,,,,,,,,,2026-08-14T20:59:07.776936+00:00,DEF,canonical primary position,sunderland,soccerdata:sofascore:16363636,2026-08-22,2026-08-22T14:00:00+00:00,Premier League,league,scheduled,1.0,False,sunderland,Sunderland,ipswich_town,Ipswich Town,A,Away,,,44.4,55.6,Difficult,,,,,derived feature frame,False
02oq6,2627,Luke Shaw,MUN,D,183.5,MUN,D,D,238.6,195.0,238.6,184.5,5.95,39.0,,29.0,2.0,FA,@HUL Sat 6:30AM,luke shaw,False,True,Matched eligible,pr_ef09ca55e490cf1f,423.0,02oq6,Luke Shaw,Luke Shaw,Man Utd,MUN,D,True,a,,MUN,D,Confirmed,Exact Name + Club,95.0,Official FPL API,2026-07-30T01:09:03.040438+00:00,02oq6,Player Registry,Exact Name + Club,MUN,Confirmed,False,Luke Shaw,MUN,D,38.0,1580.0,19.0,174.5,134.5,1.0,0.0,0.5988588444888588,1.493661128915846,0.0,15.0,3269.0,1006.0,513.0,6.0,70.0,4.592105263157895,7.079,9.93987341772152,0.0576099105556511,0.5,1.0,True,True,matched by historical Fantrax ID,normalized Fantrax ID,1.0,134.5,7.079,19.0,174.5,7.661392405063291,77.07736389684814,90.6,59.4,72.4,44.06666666666666,49.54,46.89,67.0,Likely Rotation,75.0,False,67.9,89.0,18.3,67.0,83.8,84.0,66.64,88.8,73.0,Tier 4,165.6,Strong value,,,Free Agent,,,,,,True,0,,,,,,,False,True,False,,,73.0,238.6,D,,,174.5,4.592105263157895,9.93987341772152,134.5,7.079,7.661392405063291,1580.0,19.0,0.5,0.5988588444888588,1.493661128915846,0.0576099105556511,67.0,72.4,49.54,38.0,9.18421052631579,7.078947368421052,2.0925199734047046,0.0164873955350251,0.0411225150206259,46.19883040935672,,,,,,,,,,,,,,2026-08-14T20:59:07.776936+00:00,DEF,canonical primary position,manchester_united,soccerdata:sofascore:16363634,2026-08-22,2026-08-22T11:30:00+00:00,Premier League,league,scheduled,1.0,False,manchester_united,Manchester United,hull_city,Hull City,A,Away,,,49.1,50.9,Neutral,,,,,derived feature frame,False
06mfy,2627,Luke Woolfenden,COV,D,35.5,COV,D,D,,358.0,,36.5,7.3,0.0,,0.0,0.0,FA,@ARS Fri 2:00PM,luke woolfenden,False,True,Matched eligible,pr_2e4fe6053070ac9b,180.0,06mfy,Luke Woolfenden,Luke Woolfenden,Coventry City,COV,D,True,a,,,,New EPL Arrival,Exact Name + Club,95.0,Official FPL API,2026-07-30T01:09:03.040438+00:00,06mfy,Player Registry,Exact Name + Club,COV,New EPL Arrival,False,,,,,,,,,,,,,,,,,,,,,,,,,,False,False,no 2025/26 record for bridged ID,none,0.0,,,,,,,,,,28.066666666666663,30.12,40.8,0.0,Unknown / New Arrival,25.0,False,0.0,0.0,0.0,0.0,0.0,2.3,0.23,11.2,608.0,Deep,,ADP unavailable,,,Free Agent,,,,,,True,0,,,,,,,False,True,False,,,608.0,,D,,,,,,,,,,,,,,,0.0,,30.12,,,,,,,,,,,,,,,,,,,,,2026-08-14T20:59:07.776936+00:00,DEF,canonical primary position,coventry_city,soccerdata:sofascore:16363633,2026-08-21,2026-08-21T19:00:00+00:00,Premier League,league,scheduled,1.0,False,coventry_city,Coventry City,arsenal,Arsenal,A,Away,,,18.9,81.1,Very difficult,,,,,derived feature frame,False
070ho,2627,Lutsharel Geertruida,SUN,"D,M",38.0,,,,,,,,,,,,,,,,,,,,,,,,,,,,,,,,,,,,,,,,,,,,,,,,,,,,,,,,,,,,,,,,,,,,,,,,,,,,,,,,,,,,,,,,,,,,,,,,,,,,,,,Free Agent,,,,,,True,0,,,,,,,False,True,False,,,,,,,,,,,,,,,,,,,,,,,,,,,,,,,,,,,,,,,,,,,2026-08-14T20:59:07.776936+00:00,DEF,first valid Fantrax position,sunderland,soccerdata:sofascore:16363636,2026-08-22,2026-08-22T14:00:00+00:00,Premier League,league,scheduled,1.0,False,sunderland,Sunderland,ipswich_town,Ipswich Town,A,Away,,,44.4,55.6,Difficult,,,,,derived feature frame,False
06qvv,2627,Malachi Hardy,TOT,D,0.0,TOT,D,D,,593.0,,0.0,0.0,0.0,,1.0,-1.0,FA,@BRF Sat 11:30AM,malachi hardy,True,False,Inactive / historical only,pr_a160cc962d2fc27e,,06qvv,Malachi Hardy,,TOT,TOT,D,False,unverified,,TOT,D,Historical Only,Unresolved,0.0,Fantrax / historical,,06qvv,Player Registry,Unresolved,TOT,Historical Only,False,,TOT,D,38.0,0.0,0.0,0.0,0.0,0.0,0.0,0.0,0.0,0.0,0.0,0.0,,0.0,0.0,0.0,0.0,0.0,,,0.0,0.0,True,True,matched by historical Fantrax ID,normalized Fantrax ID,1.0,,,,,,,30.7,33.2,33.3,51.5,51.620000000000005,49.47,0.0,Unknown / New Arrival,25.0,False,13.7,22.8,0.0,0.0,28.3,96.5,20.0,46.2,,,,Not draft eligible,,,Free Agent,,,,,,True,0,,,,,,,False,True,False,,,,,D,,,0.0,0.0,,,,,0.0,0.0,0.0,0.0,0.0,,0.0,33.3,51.620000000000005,38.0,,,0.0,,,0.0,,,,,,,,,,,,,,2026-08-14T20:59:07.776936+00:00,DEF,canonical primary position,tottenham_hotspur,soccerdata:sofascore:16363242,2026-08-22,2026-08-22T16:30:00+00:00,Premier League,league,scheduled,1.0,False,tottenham_hotspur,Tottenham Hotspur,brentford,Brentford,A,Away,,,55.1,44.9,Favorable,,,,,derived feature frame,False
072ga,2627,Malcom DaCosta,BOU,M,0.0,,,,,,,,,,,,,,,,,,,,,,,,,,,,,,,,,,,,,,,,,,,,,,,,,,,,,,,,,,,,,,,,,,,,,,,,,,,,,,,,,,,,,,,,,,,,,,,,,,,,,,,Free Agent,,,,,,True,0,,,,,,,False,True,False,,,,,,,,,,,,,,,,,,,,,,,,,,,,,,,,,,,,,,,,,,,2026-08-14T20:59:07.776936+00:00,MID,first valid Fantrax position,afc_bournemouth,soccerdata:sofascore:16363243,2026-08-23,2026-08-23T13:00:00+00:00,Premier League,league,scheduled,1.0,False,afc_bournemouth,Bournemouth,manchester_city,Manchester City,A,Away,,,16.8,83.2,Very difficult,,,,,derived feature frame,False
0700p,2627,Malick Thiaw,NEW,D,342.5,NEW,D,D,96.5,23.0,96.5,342.0,10.36,100.0,,94.0,0.0,FA,LIV Sun 10:30AM,malick thiaw,False,True,Matched eligible,pr_76368ffff4df9a38,445.0,0700p,Malick Thiaw,Malick Thiaw,Newcastle,NEW,D,True,a,,NEW,D,Confirmed,Exact Name + Club,95.0,Official FPL API,2026-07-30T01:09:03.040438+00:00,0700p,Player Registry,Exact Name + Club,NEW,Confirmed,False,Malick Thiaw,NEW,D,38.0,2781.0,31.0,341.0,319.0,4.0,0.0,5.898031393066048,0.826870687305927,0.0,6.0,2968.0,8378.0,540.0,6.0,39.5,8.973684210526315,9.969,11.035598705501618,0.2039222328953766,0.8157894736842105,1.0,True,True,matched by historical Fantrax ID,normalized Fantrax ID,1.0,319.0,9.969,32.0,341.0,10.323624595469257,93.5483870967742,62.2,27.4,49.3,42.16666666666666,42.86,46.68,88.8,Locked Starter,90.0,False,83.0,98.5,50.0,88.8,53.2,36.6,73.9,95.5,37.0,Tier 3,59.5,Strong value,pr_76368ffff4df9a38,Malick Thiaw,Rostered,2dxfjlk0mrp1z5vo,nhauptma,nhauptma,ACTIVE,ACTIVE,False,0,,,nhauptma,2dxfjlk0mrp1z5vo,6.0,65.0,True,False,True,6.0,65.0,37.0,96.5,D,,,341.0,8.973684210526315,11.035598705501618,319.0,9.969,10.323624595469257,2781.0,31.0,0.8157894736842105,5.898031393066048,0.826870687305927,0.2039222328953766,88.8,49.3,42.86,38.0,11.0,10.290322580645162,6.724902080371975,0.1788486608409515,0.025073572054425,81.3157894736842,,,,,,,,,,,,,,2026-08-14T20:59:07.776936+00:00,DEF,canonical primary position,newcastle_united,soccerdata:sofascore:16363246,2026-08-23,2026-08-23T15:30:00+00:00,Premier League,league,scheduled,1.0,False,newcastle_united,Newcastle United,liverpool,Liverpool FC,H,Home,,,31.6,68.4,Very difficult,,,,,derived feature frame,False
072lp,2627,Malik Olayiwola,EVE,M,0.0,,,,,,,,,,,,,,,,,,,,,,,,,,,,,,,,,,,,,,,,,,,,,,,,,,,,,,,,,,,,,,,,,,,,,,,,,,,,,,,,,,,,,,,,,,,,,,,,,,,,,,,Free Agent,,,,,,True,0,,,,,,,False,True,False,,,,,,,,,,,,,,,,,,,,,,,,,,,,,,,,,,,,,,,,,,,2026-08-14T20:59:07.776936+00:00,MID,first valid Fantrax position,everton,soccerdata:sofascore:16363635,2026-08-22,2026-08-22T14:00:00+00:00,Premier League,league,scheduled,1.0,False,everton,Everton,crystal_palace,Crystal Palace,H,Home,,,56.0,44.0,Favorable,,,,,derived feature frame,False
06clz,2627,Malo Gusto,CHE,D,225.0,CHE,D,D,245.6,288.0,245.6,50.0,8.33,39.0,,24.0,-6.0,FA,@FUL Mon 2:00PM,malo gusto,False,True,Matched eligible,pr_d6a4224c0561e838,144.0,06clz,Malo Gusto,Malo Gusto,Chelsea,CHE,D,True,a,,CHE,D,Confirmed,Exact Name + Club,95.0,Official FPL API,2026-07-30T01:09:03.040438+00:00,06clz,Player Registry,Exact Name + Club,CHE,Confirmed,False,Malo Gusto,CHE,D,38.0,1236.0,15.0,134.0,86.0,2.0,2.0,1.941821174696088,3.805633621290325,0.0,27.0,2306.0,9017.0,84.0,1.0,1.5,3.526315789473684,4.3,9.75728155339806,0.2243152348823838,0.3947368421052631,0.1666666666666666,True,True,matched by historical Fantrax ID,normalized Fantrax ID,1.0,86.0,4.3,20.0,134.0,6.262135922330097,64.17910447761194,68.4,56.8,65.6,50.53333333333333,46.98,47.54,28.7,Rotation Risk,75.0,False,64.2,65.6,54.5,28.7,63.8,71.8,56.58,88.8,145.0,Tier 5,100.6,Strong value,,,Free Agent,,,,,,True,0,,,,,,,False,True,False,,,145.0,245.6,D,,,134.0,3.526315789473684,9.75728155339806,86.0,4.3,6.262135922330097,1236.0,15.0,0.3947368421052631,1.941821174696088,3.805633621290325,0.2243152348823838,28.7,65.6,46.98,38.0,8.933333333333334,5.733333333333333,5.747454795986412,0.0757866026550944,0.1485286322272893,36.140350877192986,,,,,,,,,,,,,,2026-08-14T20:59:07.776936+00:00,DEF,canonical primary position,chelsea,soccerdata:sofascore:16363244,2026-08-24,2026-08-24T19:00:00+00:00,Premier League,league,scheduled,1.0,False,chelsea,Chelsea,fulham,Fulham,A,Away,,,50.9,49.1,Neutral,,,,,derived feature frame,False
06uzu,2627,Mamadou Sarr,CHE,D,34.0,CHE,D,D,,398.0,,30.0,6.0,0.0,,3.0,0.0,FA,@FUL Mon 2:00PM,mamadou sarr,False,True,Matched eligible,pr_c0299c01d0d2b68f,150.0,06uzu,Mamadou Sarr,Mamadou Sarr,Chelsea,CHE,D,True,a,,CHE,D,Confirmed,Exact Name + Club,95.0,Official FPL API,2026-07-30T01:09:03.040438+00:00,06uzu,Player Registry,Exact Name + Club,CHE,Confirmed,False,Mamadou Sarr,CHE,D,38.0,0.0,0.0,0.0,0.0,0.0,0.0,0.5694634318351746,0.0,0.0,0.0,99.0,11253.0,0.0,0.0,0.0,0.0,0.0,,0.5176940289410678,0.0,0.0,True,True,matched by historical Fantrax ID,normalized Fantrax ID,1.0,,,,,,,68.4,56.8,65.6,50.53333333333333,46.98,47.54,0.0,Unknown / New Arrival,25.0,False,13.7,22.8,84.7,0.0,63.8,71.8,33.78,66.2,281.0,Tier 6,,ADP unavailable,,,Free Agent,,,,,,True,0,,,,,,,False,True,False,,,281.0,,D,,,0.0,0.0,,,,,0.0,0.0,0.0,0.5694634318351746,0.0,0.5176940289410678,0.0,65.6,46.98,38.0,,,0.5694634318351746,0.5176940289410678,0.0,0.0,,,,,,,,,,,,,,2026-08-14T20:59:07.776936+00:00,DEF,canonical primary position,chelsea,soccerdata:sofascore:16363244,2026-08-24,2026-08-24T19:00:00+00:00,Premier League,league,scheduled,1.0,False,chelsea,Chelsea,fulham,Fulham,A,Away,,,50.9,49.1,Neutral,,,,,derived feature frame,False
06pib,2627,Manuel Ugarte,MUN,M,23.5,MUN,M,M,,425.0,,23.5,5.88,0.0,,2.0,-1.0,FA,@HUL Sat 6:30AM,manuel ugarte,False,True,Matched eligible,pr_e33287a2eeaf16cf,433.0,06pib,Manuel Ugarte Ribeiro,Manuel Ugarte Ribeiro,Man Utd,MUN,M,True,i,Knee injury - Unknown return date,MUN,M,Confirmed,Ordered Token Expanded Name,85.0,Official FPL API,2026-07-30T01:09:03.040438+00:00,06pib,Player Registry,Ordered Token Expanded Name,MUN,Confirmed,False,Manuel Ugarte,MUN,M,38.0,0.0,0.0,0.0,0.0,0.0,0.0,0.8379190387204286,0.1287948712706564,0.0,3.0,850.0,11766.0,0.0,0.0,0.0,0.0,0.0,,0.1023579434108207,0.0,0.0,True,True,matched by historical Fantrax ID,normalized Fantrax ID,1.0,,,,,,,90.6,59.4,72.4,44.06666666666666,49.54,46.89,0.0,Unknown / New Arrival,25.0,False,13.7,22.8,28.8,0.0,83.8,84.0,28.63,66.2,304.0,Deep,,ADP unavailable,,,Free Agent,,,,,,True,0,,,,,,,False,True,False,,,304.0,,M,,,0.0,0.0,,,,,0.0,0.0,0.0,0.8379190387204286,0.1287948712706564,0.1023579434108207,0.0,72.4,49.54,38.0,,,0.966713909991085,0.0887208393939277,0.013637104016893,0.0,,,,,,,,,,,,,,2026-08-14T20:59:07.776936+00:00,MID,canonical primary position,manchester_united,soccerdata:sofascore:16363634,2026-08-22,2026-08-22T11:30:00+00:00,Premier League,league,scheduled,1.0,False,manchester_united,Manchester United,hull_city,Hull City,A,Away,,,49.1,50.9,Neutral,,,,,derived feature frame,False
05w9i,2627,Marc Cucurella,CHE,D,0.0,,,,,,,,,,,,,,,,,,,,,,,,,,,,,,,,,,,,,,,,,,,,,,,,,,,,,,,,,,,,,,,,,,,,,,,,,,,,,,,,,,,,,,,,,,,,,,,,,,,,,,,Free Agent,,,,,,True,0,,,,,,,False,True,False,,,,,,,,,,,,,,,,,,,,,,,,,,,,,,,,,,,,,,,,,,,2026-08-14T20:59:07.776936+00:00,DEF,first valid Fantrax position,chelsea,soccerdata:sofascore:16363244,2026-08-24,2026-08-24T19:00:00+00:00,Premier League,league,scheduled,1.0,False,chelsea,Chelsea,fulham,Fulham,A,Away,,,50.9,49.1,Neutral,,,,,derived feature frame,False
050jq,2627,Marc Guehi,MCI,D,274.0,MCI,D,D,40.0,71.0,40.0,275.5,8.89,100.0,,99.0,1.0,FA,BOU Sun 8:00AM,marc guehi,False,True,Matched eligible,pr_92ce298de8737367,388.0,050jq,Marc Guéhi,Marc Guéhi,Man City,MCI,D,True,a,,CRY/MCI,D,Transferred,Exact Name + Club,95.0,Official FPL API,2026-07-30T01:09:03.040438+00:00,050jq,Player Registry,Exact Name + Club,MCI,Transferred,False,Marc Guehi,CRY/MCI,D,38.0,3150.0,35.0,455.0,334.0,3.0,5.0,4.697336498647927,2.7265922785736616,0.0,18.0,3150.0,7603.0,540.0,6.0,73.5,11.973684210526317,8.789,12.999999999999998,0.2121122507777596,0.9210526315789472,1.0,True,True,matched by historical Fantrax ID,normalized Fantrax ID,1.0,334.0,8.789,38.0,455.0,9.542857142857144,73.4065934065934,98.2,94.1,96.1,43.93333333333333,42.42,45.38,87.3,Locked Starter,75.0,True,94.1,95.2,52.1,87.3,96.2,30.3,80.44,88.8,15.0,Tier 2,25.0,Strong value,pr_92ce298de8737367,Marc Guéhi,Rostered,hpsurdtbmrp1z5vo,Count Doku,Count Doku,ACTIVE,ACTIVE,False,0,,,Count Doku,hpsurdtbmrp1z5vo,3.0,28.0,True,False,True,3.0,28.0,15.0,40.0,D,,,455.0,11.973684210526317,12.999999999999998,334.0,8.789,9.542857142857144,3150.0,35.0,0.9210526315789472,4.697336498647927,2.7265922785736616,0.2121122507777596,87.3,96.1,42.42,38.0,13.0,9.542857142857144,7.423928777221588,0.1342096142470836,0.077902636530676,92.10526315789474,,,,,,,,,,,,,,2026-08-14T20:59:07.776936+00:00,DEF,canonical primary position,manchester_city,soccerdata:sofascore:16363243,2026-08-23,2026-08-23T13:00:00+00:00,Premier League,league,scheduled,1.0,False,manchester_city,Manchester City,afc_bournemouth,Bournemouth,H,Home,,,49.6,50.4,Neutral,,,,,derived feature frame,False
06mnm,2627,Marc Guiu,CHE,F,5.0,CHE,F,F,285.7,525.0,285.7,5.0,5.0,4.0,,3.0,0.0,FA,@FUL Mon 2:00PM,marc guiu,False,True,Matched eligible,pr_13e1c01c1419ace8,168.0,06mnm,Marc Guiu Paz,Marc Guiu Paz,Chelsea,CHE,F,True,a,,SUN/CHE,F,Transferred,Ordered Token Expanded Name,85.0,Official FPL API,2026-07-30T01:09:03.040438+00:00,06mnm,Player Registry,Ordered Token Expanded Name,CHE,Transferred,False,Marc Guiu,SUN/CHE,F,38.0,0.0,0.0,0.0,0.0,0.0,0.0,2.5071037635207176,0.7587333768606186,0.0,3.0,250.0,11633.0,0.0,0.0,0.0,0.0,0.0,,1.175701370537281,0.0,0.0,True,True,matched by historical Fantrax ID,normalized Fantrax ID,1.0,,,,,,,68.4,56.8,65.6,50.53333333333333,46.98,47.54,0.0,Unknown / New Arrival,25.0,False,13.7,22.8,99.5,0.0,63.8,71.8,36.0,66.2,269.0,Tier 6,16.69999999999999,Value,,,Free Agent,,,,,,True,0,,,,,,,False,True,False,,,269.0,285.7,F,,,0.0,0.0,,,,,0.0,0.0,0.0,2.5071037635207176,0.7587333768606186,1.175701370537281,0.0,65.6,46.98,38.0,,,3.265837140381336,0.9025573548674584,0.2731440156698227,0.0,,,,,,,,,,,,,,2026-08-14T20:59:07.776936+00:00,FWD,canonical primary position,chelsea,soccerdata:sofascore:16363244,2026-08-24,2026-08-24T19:00:00+00:00,Premier League,league,scheduled,1.0,False,chelsea,Chelsea,fulham,Fulham,A,Away,,,50.9,49.1,Neutral,,,,,derived feature frame,False
076dv,2627,Marcelino Nunez,IPS,M,65.5,IPS,M,M,288.4,274.0,288.4,56.0,8.0,4.0,,9.0,-3.0,FA,SUN Sat 9:00AM,marcelino nunez,False,True,Matched eligible,pr_de140302e8752695,309.0,076dv,Marcelino Núñez,Marcelino Núñez,Ipswich Town,IPS,M,True,a,,,,New EPL Arrival,Exact Name + Club,95.0,Official FPL API,2026-07-30T01:09:03.040438+00:00,076dv,Player Registry,Exact Name + Club,IPS,New EPL Arrival,False,,,,,,,,,,,,,,,,,,,,,,,,,,False,False,no 2025/26 record for bridged ID,none,0.0,,,,,,,,,,38.833333333333336,43.44,41.53,0.0,Unknown / New Arrival,25.0,False,0.0,0.0,0.0,0.0,0.0,47.0,4.7,11.2,559.0,Deep,-270.6,Major reach,,,Free Agent,,,,,,True,0,,,,,,,False,True,False,,,559.0,288.4,M,,,,,,,,,,,,,,,0.0,,43.44,,,,,,,,,,,,,,,,,,,,,2026-08-14T20:59:07.776936+00:00,MID,canonical primary position,ipswich_town,soccerdata:sofascore:16363636,2026-08-22,2026-08-22T14:00:00+00:00,Premier League,league,scheduled,1.0,False,ipswich_town,Ipswich Town,sunderland,Sunderland,H,Home,,,58.8,41.2,Favorable,,,,,derived feature frame,False
06ymt,2627,Marco Bizot,AVL,G,33.0,AVL,G,G,287.6,378.0,287.6,33.0,6.6,4.0,,2.0,0.0,FA,@BHA Sun 8:00AM,marco bizot,False,True,Matched eligible,pr_8c5043dc13bba3e9,29.0,06ymt,Marco Bizot,Marco Bizot,Aston Villa,AVL,G,True,a,,AVL,G,Confirmed,Exact Name + Club,95.0,Official FPL API,2026-07-30T01:09:03.040438+00:00,06ymt,Player Registry,Exact Name + Club,AVL,Confirmed,False,Marco Bizot,AVL,G,38.0,0.0,0.0,0.0,0.0,0.0,0.0,0.0,0.0,0.0,0.0,583.0,9614.0,0.0,0.0,0.0,0.0,0.0,,0.0,0.0,0.0,True,True,matched by historical Fantrax ID,normalized Fantrax ID,1.0,,,,,,,57.9,54.1,59.0,40.96666666666667,44.9,48.31,0.0,Unknown / New Arrival,25.0,False,13.7,22.8,3.8,0.0,53.4,62.1,19.64,66.2,386.0,Deep,-98.39999999999998,Major reach,,,Free Agent,,,,,,True,0,,,,,,,False,True,False,,,386.0,287.6,G,,,0.0,0.0,,,,,0.0,0.0,0.0,0.0,0.0,0.0,0.0,59.0,44.9,38.0,,,0.0,0.0,0.0,0.0,,,,,,,,,,,,,,2026-08-14T20:59:07.776936+00:00,GK,canonical primary position,aston_villa,soccerdata:sofascore:16363236,2026-08-23,2026-08-23T13:00:00+00:00,Premier League,league,scheduled,1.0,False,aston_villa,Aston Villa,brighton_hove_albion,Brighton & Hove Albion,A,Away,,,38.5,61.5,Difficult,,,,,derived feature frame,False
063e7,2627,Marcos Senesi,TOT,D,279.5,TOT,D,D,81.7,67.0,81.7,279.0,9.3,100.0,,98.0,1.0,FA,@BRF Sat 11:30AM,marcos senesi,False,True,Matched eligible,pr_e53c96fffe89621d,498.0,063e7,Marcos Senesi Barón,Marcos Senesi Barón,Spurs,TOT,D,True,a,,BOU,D,Transferred,Ordered Token Expanded Name,85.0,Official FPL API,2026-07-30T01:09:03.040438+00:00,063e7,Player Registry,Ordered Token Expanded Name,TOT,Transferred,False,Marcos Senesi,BOU,D,38.0,3018.0,34.0,413.5,374.5,0.0,5.0,1.8506918372586365,4.026684596203268,0.0,24.0,3298.0,10864.0,540.0,6.0,87.5,10.88157894736842,10.7,12.331013916500996,0.1603892901793727,0.8947368421052632,1.0,True,True,matched by historical Fantrax ID,normalized Fantrax ID,1.0,374.5,10.7,35.0,413.5,11.167992047713716,90.5683192261185,30.7,33.2,33.3,51.5,51.620000000000005,49.47,85.2,Locked Starter,75.0,True,90.4,99.0,42.3,85.2,28.3,96.5,77.83,88.8,25.0,Tier 2,56.7,Strong value,pr_e53c96fffe89621d,Marcos Senesi Barón,Rostered,61fz0pmkmrp1z5vo,wmuck1,wmuck1,ACTIVE,ACTIVE,False,0,,,wmuck1,61fz0pmkmrp1z5vo,5.0,59.0,True,False,True,5.0,59.0,25.0,81.7,D,,,413.5,10.88157894736842,12.331013916500996,374.5,10.7,11.167992047713716,3018.0,34.0,0.8947368421052632,1.8506918372586365,4.026684596203268,0.1603892901793727,85.2,33.3,51.620000000000005,38.0,12.161764705882351,11.014705882352942,5.8773764334619045,0.0505040222417456,0.109885267937627,88.24561403508771,,,,,,,,,,,,,,2026-08-14T20:59:07.776936+00:00,DEF,canonical primary position,tottenham_hotspur,soccerdata:sofascore:16363242,2026-08-22,2026-08-22T16:30:00+00:00,Premier League,league,scheduled,1.0,False,tottenham_hotspur,Tottenham Hotspur,brentford,Brentford,A,Away,,,55.1,44.9,Favorable,,,,,derived feature frame,False
02ls8,2627,Marcus Bettinelli,MCI,G,0.0,MCI,G,G,,561.0,,0.0,0.0,0.0,,1.0,-1.0,FA,BOU Sun 8:00AM,marcus bettinelli,False,True,Matched eligible,pr_0ead11afb52db97a,386.0,02ls8,Marcus Bettinelli,Marcus Bettinelli,Man City,MCI,G,True,a,,MCI,G,Confirmed,Exact Name + Club,95.0,Official FPL API,2026-07-30T01:09:03.040438+00:00,02ls8,Player Registry,Exact Name + Club,MCI,Confirmed,False,,MCI,G,38.0,0.0,0.0,0.0,0.0,0.0,0.0,0.0,0.0,0.0,0.0,0.0,,0.0,0.0,0.0,0.0,0.0,,,0.0,0.0,True,True,matched by historical Fantrax ID,normalized Fantrax ID,1.0,,,,,,,98.2,94.1,96.1,43.93333333333333,42.42,45.38,0.0,Unknown / New Arrival,25.0,False,13.7,22.8,0.0,0.0,96.2,30.3,20.17,46.2,363.0,Deep,,ADP unavailable,,,Free Agent,,,,,,True,0,,,,,,,False,True,False,,,363.0,,G,,,0.0,0.0,,,,,0.0,0.0,0.0,0.0,0.0,,0.0,96.1,42.42,38.0,,,0.0,,,0.0,,,,,,,,,,,,,,2026-08-14T20:59:07.776936+00:00,GK,canonical primary position,manchester_city,soccerdata:sofascore:16363243,2026-08-23,2026-08-23T13:00:00+00:00,Premier League,league,scheduled,1.0,False,manchester_city,Manchester City,afc_bournemouth,Bournemouth,H,Home,,,49.6,50.4,Neutral,,,,,derived feature frame,False
0639x,2627,Marcus Tavernier,BOU,M,300.5,BOU,M,M,38.4,46.0,38.4,297.5,8.75,100.0,,99.0,0.0,FA,@MCI Sun 8:00AM,marcus tavernier,False,True,Matched eligible,pr_fcf2af15118d7978,68.0,0639x,Marcus Tavernier,Marcus Tavernier,Bournemouth,BOU,M,True,a,,BOU,M,Confirmed,Exact Name + Club,95.0,Official FPL API,2026-07-30T01:09:03.040438+00:00,0639x,Player Registry,Exact Name + Club,BOU,Confirmed,False,Marcus Tavernier,BOU,M,38.0,2719.0,31.0,354.5,256.5,7.0,4.0,9.397737859748304,6.158757623285054,0.0,52.0,2779.0,10741.0,518.0,6.0,80.5,9.328947368421051,6.75,11.734093416697316,0.5038087777880541,0.8157894736842105,1.0,True,True,matched by historical Fantrax ID,normalized Fantrax ID,1.0,256.5,6.75,38.0,354.5,8.490253769768296,72.35543018335684,73.4,43.8,58.6,39.93333333333333,43.7,39.440000000000005,86.9,Locked Starter,90.0,False,86.8,85.1,83.6,86.9,64.2,57.7,80.92,95.5,13.0,Tier 2,25.4,Strong value,pr_fcf2af15118d7978,Marcus Tavernier,Rostered,rx9bjhp3mrp1z5vo,KindComet,KindComet,ACTIVE,ACTIVE,False,0,,,KindComet,rx9bjhp3mrp1z5vo,4.0,44.0,True,False,True,4.0,44.0,13.0,38.4,M,,,354.5,9.328947368421051,11.734093416697316,256.5,6.75,8.490253769768296,2719.0,31.0,0.8157894736842105,9.397737859748304,6.158757623285054,0.5038087777880541,86.9,58.6,43.7,38.0,11.435483870967742,8.274193548387096,15.55649548303336,0.3043527914276169,0.1994559863604371,79.50292397660819,,,,,,,,,,,,,,2026-08-14T20:59:07.776936+00:00,MID,canonical primary position,afc_bournemouth,soccerdata:sofascore:16363243,2026-08-23,2026-08-23T13:00:00+00:00,Premier League,league,scheduled,1.0,False,afc_bournemouth,Bournemouth,manchester_city,Manchester City,A,Away,,,16.8,83.2,Very difficult,,,,,derived feature frame,False
05n09,2627,Mark Gillespie,NEW,G,0.0,NEW,G,G,,590.0,,0.0,0.0,0.0,,1.0,0.0,FA,LIV Sun 10:30AM,mark gillespie,False,True,Matched eligible,pr_e931c1c587df5655,443.0,05n09,Mark Gillespie,Mark Gillespie,Newcastle,NEW,G,True,a,,NEW,G,Confirmed,Exact Name + Club,95.0,Official FPL API,2026-07-30T01:09:03.040438+00:00,05n09,Player Registry,Exact Name + Club,NEW,Confirmed,False,,NEW,G,38.0,0.0,0.0,0.0,0.0,0.0,0.0,0.0,0.0,0.0,0.0,0.0,,0.0,0.0,0.0,0.0,0.0,,,0.0,0.0,True,True,matched by historical Fantrax ID,normalized Fantrax ID,1.0,,,,,,,62.2,27.4,49.3,42.16666666666666,42.86,46.68,0.0,Unknown / New Arrival,25.0,False,13.7,22.8,0.0,0.0,53.2,36.6,16.49,46.2,427.0,Deep,,ADP unavailable,,,Free Agent,,,,,,True,0,,,,,,,False,True,False,,,427.0,,G,,,0.0,0.0,,,,,0.0,0.0,0.0,0.0,0.0,,0.0,49.3,42.86,38.0,,,0.0,,,0.0,,,,,,,,,,,,,,2026-08-14T20:59:07.776936+00:00,GK,canonical primary position,newcastle_united,soccerdata:sofascore:16363246,2026-08-23,2026-08-23T15:30:00+00:00,Premier League,league,scheduled,1.0,False,newcastle_united,Newcastle United,liverpool,Liverpool FC,H,Home,,,31.6,68.4,Very difficult,,,,,derived feature frame,False
04vy4,2627,Mark Travers,EVE,G,14.0,EVE,G,G,,477.0,,14.0,7.0,0.0,,1.0,-1.0,FA,CRY Sat 9:00AM,mark travers,False,True,Matched eligible,pr_79387cf9da776c7a,227.0,04vy4,Mark Travers,Mark Travers,Everton,EVE,G,True,a,,EVE,G,Confirmed,Exact Name + Club,95.0,Official FPL API,2026-07-30T01:09:03.040438+00:00,04vy4,Player Registry,Exact Name + Club,EVE,Confirmed,False,,EVE,G,38.0,0.0,0.0,0.0,0.0,0.0,0.0,0.0,0.0,0.0,0.0,0.0,,0.0,0.0,0.0,0.0,0.0,,,0.0,0.0,True,True,matched by historical Fantrax ID,normalized Fantrax ID,1.0,,,,,,,18.7,43.5,29.0,42.06666666666666,41.9,42.48,0.0,Unknown / New Arrival,25.0,False,13.7,22.8,0.0,0.0,13.5,18.7,10.74,46.2,487.0,Deep,,ADP unavailable,,,Free Agent,,,,,,True,0,,,,,,,False,True,False,,,487.0,,G,,,0.0,0.0,,,,,0.0,0.0,0.0,0.0,0.0,,0.0,29.0,41.9,38.0,,,0.0,,,0.0,,,,,,,,,,,,,,2026-08-14T20:59:07.776936+00:00,GK,canonical primary position,everton,soccerdata:sofascore:16363635,2026-08-22,2026-08-22T14:00:00+00:00,Premier League,league,scheduled,1.0,False,everton,Everton,crystal_palace,Crystal Palace,H,Home,,,56.0,44.0,Favorable,,,,,derived feature frame,False
06zbn,2627,Marli Salmon,ARS,D,0.0,ARS,D,D,,646.0,,0.0,0.0,0.0,,2.0,2.0,W <small>(Tue)</small>,COV Fri 2:00PM,marli salmon,True,False,Inactive / historical only,pr_a55bb1838415832b,,06zbn,Marli Salmon,,ARS,ARS,D,False,unverified,,ARS,D,Historical Only,Unresolved,0.0,Fantrax / historical,,06zbn,Player Registry,Unresolved,ARS,Historical Only,False,,ARS,D,38.0,0.0,0.0,0.0,0.0,0.0,0.0,0.0,0.0,0.0,0.0,0.0,,0.0,0.0,0.0,0.0,0.0,,,0.0,0.0,True,True,matched by historical Fantrax ID,normalized Fantrax ID,1.0,,,,,,,86.2,100.0,90.6,40.0,43.64,45.32000000000001,0.0,Unknown / New Arrival,25.0,False,13.7,22.8,0.0,0.0,84.0,52.3,21.15,46.2,,,,Not draft eligible,,,Free Agent,,,,,,True,0,,,,,,,False,True,False,,,,,D,,,0.0,0.0,,,,,0.0,0.0,0.0,0.0,0.0,,0.0,90.6,43.64,38.0,,,0.0,,,0.0,,,,,,,,,,,,,,2026-08-14T20:59:07.776936+00:00,DEF,canonical primary position,arsenal,soccerdata:sofascore:16363633,2026-08-21,2026-08-21T19:00:00+00:00,Premier League,league,scheduled,1.0,False,arsenal,Arsenal,coventry_city,Coventry City,H,Home,,,55.2,44.8,Favorable,,,,,derived feature frame,False
05r9b,2627,Martin Odegaard,ARS,M,340.5,ARS,M,M,28.2,25.0,28.2,339.5,11.32,100.0,,100.0,0.0,FA,COV Fri 2:00PM,martin odegaard,False,True,Matched eligible,pr_41ec866daf042593,15.0,05r9b,Martin Ødegaard,Martin Ødegaard,Arsenal,ARS,M,True,a,,ARS,M,Confirmed,Unique Fuzzy,75.0,Official FPL API,2026-07-30T01:09:03.040438+00:00,05r9b,Player Registry,Unique Fuzzy,ARS,Confirmed,False,Martin Odegaard,ARS,M,38.0,1265.0,15.0,171.0,114.0,1.0,7.0,1.2191198561340564,4.978420486673712,0.0,38.0,1347.0,2517.0,201.0,2.0,22.0,4.5,3.081,12.16600790513834,0.4140895551987373,0.3947368421052631,0.3333333333333333,True,True,matched by historical Fantrax ID,normalized Fantrax ID,1.0,114.0,3.081,37.0,171.0,8.110671936758893,66.66666666666666,86.2,100.0,90.6,40.0,43.64,45.32000000000001,37.2,Rotation Risk,75.0,False,76.7,57.3,76.5,37.2,84.0,52.3,64.15,88.8,83.0,Tier 4,-54.8,Major reach,pr_41ec866daf042593,Martin Ødegaard,Rostered,ayk8m85amrp1z5vo,Up the Arse-nal,Up the Arse-nal,ACTIVE,ACTIVE,False,0,,,Up the Arse-nal,ayk8m85amrp1z5vo,5.0,60.0,True,False,True,5.0,60.0,83.0,28.2,M,,,171.0,4.5,12.16600790513834,114.0,3.081,8.110671936758893,1265.0,15.0,0.3947368421052631,1.2191198561340564,4.978420486673712,0.4140895551987373,37.2,90.6,43.64,38.0,11.4,7.6,6.197540342807768,0.0814556696748812,0.332633885523856,36.98830409356725,,,,,,,,,,,,,,2026-08-14T20:59:07.776936+00:00,MID,canonical primary position,arsenal,soccerdata:sofascore:16363633,2026-08-21,2026-08-21T19:00:00+00:00,Premier League,league,scheduled,1.0,False,arsenal,Arsenal,coventry_city,Coventry City,H,Home,,,55.2,44.8,Favorable,,,,,derived feature frame,False
06y9z,2627,Martin Zubimendi,ARS,M,109.0,ARS,M,M,260.0,226.0,260.0,108.0,6.0,22.0,,25.0,1.0,FA,COV Fri 2:00PM,martin zubimendi,False,True,Matched eligible,pr_47b0599c346cde6a,19.0,06y9z,Martín Zubimendi Ibáñez,Martín Zubimendi Ibáñez,Arsenal,ARS,M,True,a,,ARS,M,Confirmed,Ordered Token Expanded Name,85.0,Official FPL API,2026-07-30T01:09:03.040438+00:00,06y9z,Player Registry,Ordered Token Expanded Name,ARS,Confirmed,False,Martin Zubimendi,ARS,M,38.0,2988.0,34.0,273.5,207.5,5.0,1.0,2.9442966599017377,1.0878236107528203,0.0,19.0,3040.0,7526.0,319.0,3.0,27.5,7.197368421052632,5.461,8.237951807228916,0.1193719816970099,0.8947368421052632,0.5,True,True,matched by historical Fantrax ID,normalized Fantrax ID,1.0,207.5,5.461,38.0,273.5,6.25,75.86837294332724,86.2,100.0,90.6,40.0,43.64,45.32000000000001,75.6,Likely Starter,90.0,False,63.9,74.2,31.7,75.6,84.0,52.3,63.8,95.5,85.0,Tier 4,175.0,Strong value,,,Free Agent,,,,,,True,0,,,epatel3,,,,False,True,True,14.0,159.0,85.0,260.0,M,,,273.5,7.197368421052632,8.237951807228916,207.5,5.461,6.25,2988.0,34.0,0.8947368421052632,2.9442966599017377,1.0878236107528203,0.1193719816970099,75.6,90.6,43.64,38.0,8.044117647058824,6.102941176470588,4.032120270654558,0.0871666774313014,0.0322053042657084,87.36842105263159,,,,,,,,,,,,,,2026-08-14T20:59:07.776936+00:00,MID,canonical primary position,arsenal,soccerdata:sofascore:16363633,2026-08-21,2026-08-21T19:00:00+00:00,Premier League,league,scheduled,1.0,False,arsenal,Arsenal,coventry_city,Coventry City,H,Home,,,55.2,44.8,Favorable,,,,,derived feature frame,False
052cd,2627,Mason Mount,MUN,"M,F",19.5,MUN,M,"M,F",276.4,449.0,276.4,18.5,4.62,13.0,,9.0,0.0,FA,@HUL Sat 6:30AM,mason mount,False,True,Matched eligible,pr_bdd1b33424d4dcb1,430.0,052cd,Mason Mount,Mason Mount,Man Utd,MUN,M,True,a,,MUN,"M,F",Confirmed,Exact Name + Club,95.0,Official FPL API,2026-07-30T01:09:03.040438+00:00,052cd,Player Registry,Exact Name + Club,MUN,Confirmed,False,Mason Mount,MUN,"M,F",38.0,371.0,5.0,28.0,19.0,1.0,0.0,1.7446828484535213,1.3764615170657633,0.0,14.0,1021.0,7768.0,73.0,1.0,4.0,0.7368421052631579,2.714,6.792452830188679,0.2751253603298096,0.131578947368421,0.1666666666666666,True,True,matched by historical Fantrax ID,normalized Fantrax ID,1.0,19.0,2.714,7.0,28.0,4.609164420485175,67.85714285714286,90.6,59.4,72.4,44.06666666666666,49.54,46.89,12.7,Bench / Unknown,55.0,False,40.1,53.1,61.6,12.7,83.8,84.0,48.56,79.8,192.0,Tier 6,84.39999999999998,Strong value,,,Free Agent,,,,,,True,0,,,,,,,False,True,False,,,192.0,276.4,M,,,28.0,0.7368421052631579,6.792452830188679,19.0,2.714,4.609164420485175,371.0,5.0,0.131578947368421,1.7446828484535213,1.3764615170657633,0.2751253603298096,12.7,72.4,49.54,38.0,5.6,3.8,3.1211443655192843,0.153791827973376,0.1213335323564336,10.847953216374268,,,,,,,,,,,,,,2026-08-14T20:59:07.776936+00:00,MID,canonical primary position,manchester_united,soccerdata:sofascore:16363634,2026-08-22,2026-08-22T11:30:00+00:00,Premier League,league,scheduled,1.0,False,manchester_united,Manchester United,hull_city,Hull City,A,Away,,,49.1,50.9,Neutral,,,,,derived feature frame,False
06r5r,2627,Matai Akinmboni,BOU,D,19.5,BOU,D,D,,444.0,,19.5,9.75,0.0,,1.0,0.0,FA,@MCI Sun 8:00AM,matai akinmboni,True,False,Inactive / historical only,pr_d02c7e64a1432dc8,,06r5r,Matai Akinmboni,,BOU,BOU,D,False,unverified,,BOU,D,Historical Only,Unresolved,0.0,Fantrax / historical,,06r5r,Player Registry,Unresolved,BOU,Historical Only,False,,BOU,D,38.0,0.0,0.0,0.0,0.0,0.0,0.0,0.0,0.0,0.0,0.0,0.0,,0.0,0.0,0.0,0.0,0.0,,,0.0,0.0,True,True,matched by historical Fantrax ID,normalized Fantrax ID,1.0,,,,,,,73.4,43.8,58.6,39.93333333333333,43.7,39.440000000000005,0.0,Unknown / New Arrival,25.0,False,13.7,22.8,0.0,0.0,64.2,57.7,19.71,46.2,,,,Not draft eligible,,,Free Agent,,,,,,True,0,,,,,,,False,True,False,,,,,D,,,0.0,0.0,,,,,0.0,0.0,0.0,0.0,0.0,,0.0,58.6,43.7,38.0,,,0.0,,,0.0,,,,,,,,,,,,,,2026-08-14T20:59:07.776936+00:00,DEF,canonical primary position,afc_bournemouth,soccerdata:sofascore:16363243,2026-08-23,2026-08-23T13:00:00+00:00,Premier League,league,scheduled,1.0,False,afc_bournemouth,Bournemouth,manchester_city,Manchester City,A,Away,,,16.8,83.2,Very difficult,,,,,derived feature frame,False
04u41,2627,Mateo Kovacic,MCI,M,17.0,MCI,M,M,,451.0,,18.0,9.0,0.0,,2.0,-1.0,FA,BOU Sun 8:00AM,mateo kovacic,False,True,Matched eligible,pr_1d3e1fac99606c27,406.0,04u41,Mateo Kovačić,Mateo Kovačić,Man City,MCI,M,True,a,,MCI,M,Confirmed,Exact Name + Club,95.0,Official FPL API,2026-07-30T01:09:03.040438+00:00,04u41,Player Registry,Exact Name + Club,MCI,Confirmed,False,Mateo Kovacic,MCI,M,38.0,0.0,0.0,0.0,0.0,0.0,0.0,0.0921628773212432,0.4274698607623576,0.0,4.0,120.0,2254.0,0.0,0.0,0.0,0.0,0.0,,0.3897245535627006,0.0,0.0,True,True,matched by historical Fantrax ID,normalized Fantrax ID,1.0,,,,,,,98.2,94.1,96.1,43.93333333333333,42.42,45.38,0.0,Unknown / New Arrival,25.0,False,13.7,22.8,74.1,0.0,96.2,30.3,31.28,66.2,291.0,Tier 6,,ADP unavailable,,,Free Agent,,,,,,True,0,,,,,,,False,True,False,,,291.0,,M,,,0.0,0.0,,,,,0.0,0.0,0.0,0.0921628773212432,0.4274698607623576,0.3897245535627006,0.0,96.1,42.42,38.0,,,0.5196327380836008,0.0691221579909324,0.3206023955717682,0.0,,,,,,,,,,,,,,2026-08-14T20:59:07.776936+00:00,MID,canonical primary position,manchester_city,soccerdata:sofascore:16363243,2026-08-23,2026-08-23T13:00:00+00:00,Premier League,league,scheduled,1.0,False,manchester_city,Manchester City,afc_bournemouth,Bournemouth,H,Home,,,49.6,50.4,Neutral,,,,,derived feature frame,False
06pe1,2627,Mateus Goncalo Espanha Fernandes,TOT,M,262.5,TOT,M,M,83.5,92.0,83.5,261.5,8.72,96.0,,96.0,2.0,FA,@BRF Sat 11:30AM,mateus fernandes,False,True,Matched eligible,pr_de41a73cc01c496b,525.0,06pe1,Mateus Fernandes,Mateus Fernandes,Spurs,TOT,M,True,a,,SOU/WHU,"M,F",Transferred,Explicit Player Alias,92.0,Official FPL API,2026-07-30T01:09:03.040438+00:00,06pe1,Player Registry,Explicit Player Alias,TOT,Transferred,False,Mateus Goncalo Espanha Fernandes,SOU/WHU,"M,F",38.0,2129.0,24.0,191.5,157.5,2.0,2.0,1.8216427816078056,3.336049569770693,0.0,37.0,3044.0,12948.0,540.0,6.0,50.5,5.039473684210527,6.562,8.095349929544387,0.1524941891012039,0.631578947368421,1.0,True,True,matched by historical Fantrax ID,normalized Fantrax ID,1.0,157.5,6.562,24.0,191.5,6.658055425082198,82.24543080939948,30.7,33.2,33.3,51.5,51.620000000000005,49.47,69.5,Likely Starter,60.0,True,58.0,83.5,40.5,69.5,28.3,96.5,62.38,82.0,98.0,Tier 4,-14.5,Reach,pr_de41a73cc01c496b,Mateus Fernandes,Rostered,h1vdt8ynmrp1z5vp,Pot Splashers,Pot Splashers,ACTIVE,ACTIVE,False,0,,,Pot Splashers,h1vdt8ynmrp1z5vp,4.0,48.0,True,False,True,4.0,48.0,98.0,83.5,M,,,191.5,5.039473684210527,8.095349929544387,157.5,6.562,6.658055425082198,2129.0,24.0,0.631578947368421,1.8216427816078056,3.336049569770693,0.1524941891012039,69.5,33.3,51.620000000000005,38.0,7.979166666666667,6.5625,5.157692351378499,0.0538593463681677,0.0986348427330362,62.251461988304094,,,,,,,,,,,,,,2026-08-14T20:59:07.776936+00:00,MID,canonical primary position,tottenham_hotspur,soccerdata:sofascore:16363242,2026-08-22,2026-08-22T16:30:00+00:00,Premier League,league,scheduled,1.0,False,tottenham_hotspur,Tottenham Hotspur,brentford,Brentford,A,Away,,,55.1,44.9,Favorable,,,,,derived feature frame,False
067yz,2627,Matheus Cunha,MUN,"M,F",284.0,MUN,M,"M,F",13.6,61.0,13.6,284.0,9.16,100.0,,100.0,0.0,FA,@HUL Sat 6:30AM,matheus cunha,False,True,Matched eligible,pr_9b970c3006765d1d,428.0,067yz,Matheus Santos Carneiro da Cunha,Matheus Santos Carneiro da Cunha,Man Utd,MUN,M,True,a,,MUN,"M,F",Confirmed,Ordered Token Expanded Name,85.0,Official FPL API,2026-07-30T01:09:03.040438+00:00,067yz,Player Registry,Ordered Token Expanded Name,MUN,Confirmed,False,Matheus Cunha,MUN,"M,F",38.0,2486.0,29.0,346.5,226.5,10.0,4.0,7.076101643964647,3.698060866445302,0.0,33.0,2506.0,7080.0,335.0,4.0,58.5,9.11842105263158,5.961,12.54424778761062,0.3869411915151219,0.7631578947368421,0.6666666666666666,True,True,matched by historical Fantrax ID,normalized Fantrax ID,1.0,226.5,5.961,38.0,346.5,8.199919549477071,65.36796536796537,90.6,59.4,72.4,44.06666666666666,49.54,46.89,69.6,Likely Starter,90.0,False,89.8,78.0,73.8,69.6,83.8,84.0,80.4,95.5,16.0,Tier 2,-2.4000000000000004,Near market,pr_9b970c3006765d1d,Matheus Santos Carneiro da Cunha,Rostered,ayk8m85amrp1z5vo,Up the Arse-nal,Up the Arse-nal,ACTIVE,ACTIVE,False,0,,,Up the Arse-nal,ayk8m85amrp1z5vo,1.0,12.0,True,False,True,1.0,12.0,16.0,13.6,M,,,346.5,9.11842105263158,12.54424778761062,226.5,5.961,8.199919549477071,2486.0,29.0,0.7631578947368421,7.076101643964647,3.698060866445302,0.3869411915151219,69.6,72.4,49.54,38.0,11.948275862068966,7.810344827586207,10.77416251040995,0.254129747788036,0.1328114437270858,72.69005847953215,,,,,,,,,,,,,,2026-08-14T20:59:07.776936+00:00,MID,canonical primary position,manchester_united,soccerdata:sofascore:16363634,2026-08-22,2026-08-22T11:30:00+00:00,Premier League,league,scheduled,1.0,False,manchester_united,Manchester United,hull_city,Hull City,A,Away,,,49.1,50.9,Neutral,,,,,derived feature frame,False
063zi,2627,Matheus Nunes,MCI,"D,M",219.0,MCI,D,"D,M",61.9,150.0,61.9,220.0,7.59,100.0,,99.0,1.0,FA,BOU Sun 8:00AM,matheus nunes,False,True,Matched eligible,pr_42d45040ec2b1b52,389.0,063zi,Matheus Nunes,Matheus Nunes,Man City,MCI,D,True,a,,MCI,"D,M",Confirmed,Exact Name + Club,95.0,Official FPL API,2026-07-30T01:09:03.040438+00:00,063zi,Player Registry,Exact Name + Club,MCI,Confirmed,False,Matheus Nunes,MCI,"D,M",38.0,2636.0,30.0,337.5,240.5,0.0,7.0,0.6754733501002191,3.0990526378154746,0.0,28.0,2865.0,11000.0,507.0,6.0,56.5,8.881578947368421,7.074,11.523141122913504,0.1185714970025872,0.7894736842105263,1.0,True,True,matched by historical Fantrax ID,normalized Fantrax ID,1.0,240.5,7.074,34.0,337.5,8.211305007587253,71.25925925925925,98.2,94.1,96.1,43.93333333333333,42.42,45.38,84.8,Locked Starter,90.0,False,84.9,88.8,31.5,84.8,96.2,30.3,73.12,95.5,38.0,Tier 3,23.9,Strong value,pr_42d45040ec2b1b52,Matheus Nunes,Rostered,h2e8dn5dmrp1z5vp,Berkshire’s Club,Berkshire’s Club,ACTIVE,ACTIVE,False,0,,,Berkshire's Club,h2e8dn5dmrp1z5vp,5.0,54.0,True,False,True,5.0,54.0,38.0,61.9,D,,,337.5,8.881578947368421,11.523141122913504,240.5,7.074,8.211305007587253,2636.0,30.0,0.7894736842105263,0.6754733501002191,3.0990526378154746,0.1185714970025872,84.8,96.1,42.42,38.0,11.25,8.016666666666667,3.774525987915694,0.0212190581183314,0.0973524388842557,77.07602339181287,,,,,,,,,,,,,,2026-08-14T20:59:07.776936+00:00,DEF,canonical primary position,manchester_city,soccerdata:sofascore:16363243,2026-08-23,2026-08-23T13:00:00+00:00,Premier League,league,scheduled,1.0,False,manchester_city,Manchester City,afc_bournemouth,Bournemouth,H,Home,,,49.6,50.4,Neutral,,,,,derived feature frame,False
05tr9,2627,Mathias Jensen,BRF,M,240.0,BRF,M,M,157.4,129.0,157.4,238.5,7.95,91.0,,60.0,-6.0,FA,TOT Sat 11:30AM,mathias jensen,False,True,Matched eligible,pr_38bfad6a4ff70e49,97.0,05tr9,Mathias Jensen,Mathias Jensen,Brentford,BRF,M,True,a,,BRF,M,Confirmed,Exact Name + Club,95.0,Official FPL API,2026-07-30T01:09:03.040438+00:00,05tr9,Player Registry,Exact Name + Club,BRF,Confirmed,False,Mathias Jensen,BRF,M,38.0,594.0,7.0,58.5,47.5,1.0,0.0,1.5882399883121243,5.333177657797933,0.0,33.0,2258.0,7166.0,414.0,5.0,45.5,1.5394736842105263,6.786,8.863636363636363,0.275875814061074,0.1842105263157894,0.8333333333333334,True,True,matched by historical Fantrax ID,normalized Fantrax ID,1.0,47.5,6.786,7.0,58.5,7.196969696969696,81.19658119658119,29.4,35.6,32.6,45.36666666666667,47.48,44.42,42.0,Rotation Risk,55.0,False,52.4,85.6,62.2,42.0,20.9,78.0,56.19,79.8,146.0,Tier 5,11.400000000000006,Value,,,Free Agent,,,,,,True,0,,,,,,,False,True,False,,,146.0,157.4,M,,,58.5,1.5394736842105263,8.863636363636363,47.5,6.786,7.196969696969696,594.0,7.0,0.1842105263157894,1.5882399883121243,5.333177657797933,0.275875814061074,42.0,32.6,47.48,38.0,8.357142857142858,6.785714285714286,6.921417646110057,0.0633045168060634,0.2125712972550106,17.36842105263158,,,,,,,,,,,,,,2026-08-14T20:59:07.776936+00:00,MID,canonical primary position,brentford,soccerdata:sofascore:16363242,2026-08-22,2026-08-22T16:30:00+00:00,Premier League,league,scheduled,1.0,False,brentford,Brentford,tottenham_hotspur,Tottenham Hotspur,H,Home,,,51.6,48.4,Neutral,,,,,derived feature frame,False
075qp,2627,Mathis Eboue,CHE,M,0.0,,,,,,,,,,,,,,,,,,,,,,,,,,,,,,,,,,,,,,,,,,,,,,,,,,,,,,,,,,,,,,,,,,,,,,,,,,,,,,,,,,,,,,,,,,,,,,,,,,,,,,,Free Agent,,,,,,True,0,,,,,,,False,True,False,,,,,,,,,,,,,,,,,,,,,,,,,,,,,,,,,,,,,,,,,,,2026-08-14T20:59:07.776936+00:00,MID,first valid Fantrax position,chelsea,soccerdata:sofascore:16363244,2026-08-24,2026-08-24T19:00:00+00:00,Premier League,league,scheduled,1.0,False,chelsea,Chelsea,fulham,Fulham,A,Away,,,50.9,49.1,Neutral,,,,,derived feature frame,False
06rm8,2627,Mathys Tel,TOT,"M,F",268.5,TOT,M,"M,F",81.8,80.0,81.8,268.5,10.33,100.0,,94.0,0.0,FA,@BRF Sat 11:30AM,mathys tel,False,True,Matched eligible,pr_f6e29d19a4729fe2,514.0,06rm8,Mathys Tel,Mathys Tel,Spurs,TOT,M,True,a,,TOT,"M,F",Confirmed,Exact Name + Club,95.0,Official FPL API,2026-07-30T01:09:03.040438+00:00,06rm8,Player Registry,Exact Name + Club,TOT,Confirmed,False,Mathys Tel,TOT,"M,F",38.0,715.0,9.0,128.5,104.5,2.0,1.0,2.826310075819492,3.413998248055577,0.0,29.0,1324.0,9780.0,334.0,4.0,51.0,3.381578947368421,11.611,16.174825174825173,0.4241901428615983,0.2368421052631578,0.6666666666666666,True,True,matched by historical Fantrax ID,normalized Fantrax ID,1.0,104.5,11.611,9.0,128.5,13.153846153846157,81.32295719844358,30.7,33.2,33.3,51.5,51.620000000000005,49.47,38.3,Rotation Risk,55.0,False,81.6,99.6,77.5,38.3,28.3,96.5,71.18,79.8,49.0,Tier 3,32.8,Strong value,pr_f6e29d19a4729fe2,Mathys Tel,Rostered,hpsurdtbmrp1z5vo,Count Doku,Count Doku,ACTIVE,ACTIVE,False,0,,,Count Doku,hpsurdtbmrp1z5vo,8.0,93.0,True,False,True,8.0,93.0,49.0,81.8,M,,,128.5,3.381578947368421,16.174825174825173,104.5,11.611,13.153846153846157,715.0,9.0,0.2368421052631578,2.826310075819492,3.413998248055577,0.4241901428615983,38.3,33.3,51.620000000000005,38.0,14.27777777777778,11.61111111111111,6.240308323875069,0.1921207755466422,0.2320693673149561,20.906432748538013,,,,,,,,,,,,,,2026-08-14T20:59:07.776936+00:00,MID,canonical primary position,tottenham_hotspur,soccerdata:sofascore:16363242,2026-08-22,2026-08-22T16:30:00+00:00,Premier League,league,scheduled,1.0,False,tottenham_hotspur,Tottenham Hotspur,brentford,Brentford,A,Away,,,55.1,44.9,Favorable,,,,,derived feature frame,False
06mpp,2627,Mats Wieffer,BHA,"D,M",261.0,BHA,D,"D,M",107.5,98.0,107.5,259.0,8.63,100.0,,91.0,0.0,FA,AVL Sun 8:00AM,mats wieffer,False,True,Matched eligible,pr_87c7f1ee97a99a55,130.0,06mpp,Mats Wieffer,Mats Wieffer,Brighton,BHA,D,True,a,,BHA,"D,M",Confirmed,Exact Name + Club,95.0,Official FPL API,2026-07-30T01:09:03.040438+00:00,06mpp,Player Registry,Exact Name + Club,BHA,Confirmed,False,Mats Wieffer,BHA,"D,M",38.0,1899.0,23.0,216.5,152.5,2.0,4.0,1.92743220180273,2.869022756814956,0.0,19.0,1922.0,12758.0,242.0,4.0,7.5,5.697368421052632,4.357,10.260663507109005,0.2245998679893817,0.6052631578947368,0.6666666666666666,True,True,matched by historical Fantrax ID,normalized Fantrax ID,1.0,152.5,4.357,35.0,216.5,7.227488151658767,70.43879907621246,,,,,,,54.4,Likely Rotation,75.0,False,71.6,66.1,54.8,54.4,0.0,0.0,50.47,78.8,183.0,Tier 6,-75.5,Major reach,pr_87c7f1ee97a99a55,Mats Wieffer,Rostered,h2e8dn5dmrp1z5vp,Berkshire’s Club,Berkshire’s Club,ACTIVE,ACTIVE,False,0,,,Berkshire's Club,h2e8dn5dmrp1z5vp,9.0,102.0,True,False,True,9.0,102.0,183.0,107.5,D,,,216.5,5.697368421052632,10.260663507109005,152.5,4.357,7.227488151658767,1899.0,23.0,0.6052631578947368,1.92743220180273,2.869022756814956,0.2245998679893817,54.4,,,38.0,9.41304347826087,6.630434782608695,4.796454958617686,0.0902543694912828,0.1343454984980988,55.52631578947368,,,,,,,,,,,,,,2026-08-14T20:59:07.776936+00:00,DEF,canonical primary position,brighton_hove_albion,soccerdata:sofascore:16363236,2026-08-23,2026-08-23T13:00:00+00:00,Premier League,league,scheduled,1.0,False,brighton_hove_albion,Brighton & Hove Albion,aston_villa,Aston Villa,H,Home,,,39.0,61.0,Difficult,,,,,derived feature frame,False
076dn,2627,Matt Crooks,HUL,M,206.0,HUL,M,M,,168.0,,205.0,6.03,0.0,,6.0,-1.0,FA,MUN Sat 6:30AM,matt crooks,False,True,Matched eligible,pr_b10dd88466762544,289.0,076dn,Matt Crooks,Matt Crooks,Hull City,HUL,M,True,a,,,,New EPL Arrival,Exact Name + Club,95.0,Official FPL API,2026-07-30T01:09:03.040438+00:00,076dn,Player Registry,Exact Name + Club,HUL,New EPL Arrival,False,,,,,,,,,,,,,,,,,,,,,,,,,,False,False,no 2025/26 record for bridged ID,none,0.0,,,,,,,,,,38.13333333333333,40.5,42.74,0.0,Unknown / New Arrival,25.0,False,0.0,0.0,0.0,0.0,0.0,11.8,1.18,11.2,592.0,Deep,,ADP unavailable,,,Free Agent,,,,,,True,0,,,,,,,False,True,False,,,592.0,,M,,,,,,,,,,,,,,,0.0,,40.5,,,,,,,,,,,,,,,,,,,,,2026-08-14T20:59:07.776936+00:00,MID,canonical primary position,hull_city,soccerdata:sofascore:16363634,2026-08-22,2026-08-22T11:30:00+00:00,Premier League,league,scheduled,1.0,False,hull_city,Hull City,manchester_united,Manchester United,H,Home,,,32.0,68.0,Very difficult,,,,,derived feature frame,False
03mfe,2627,Matt Grimes,COV,M,265.5,COV,M,M,275.7,81.0,275.7,268.0,7.66,13.0,,14.0,1.0,FA,@ARS Fri 2:00PM,matt grimes,False,True,Matched eligible,pr_250a525c8fb0b806,184.0,03mfe,Matt Grimes,Matt Grimes,Coventry City,COV,M,True,a,,,,New EPL Arrival,Exact Name + Club,95.0,Official FPL API,2026-07-30T01:09:03.040438+00:00,03mfe,Player Registry,Exact Name + Club,COV,New EPL Arrival,False,,,,,,,,,,,,,,,,,,,,,,,,,,False,False,no 2025/26 record for bridged ID,none,0.0,,,,,,,,,,28.066666666666663,30.12,40.8,0.0,Unknown / New Arrival,25.0,False,0.0,0.0,0.0,0.0,0.0,2.3,0.23,11.2,603.0,Deep,-327.3,Major reach,pr_250a525c8fb0b806,Matt Grimes,Rostered,cjn4stydmrp1z5vp,Robertske,Robertske,ACTIVE,ACTIVE,False,0,,,Robertske,cjn4stydmrp1z5vp,11.0,123.0,True,False,True,11.0,123.0,603.0,275.7,M,,,,,,,,,,,,,,,0.0,,30.12,,,,,,,,,,,,,,,,,,,,,2026-08-14T20:59:07.776936+00:00,MID,canonical primary position,coventry_city,soccerdata:sofascore:16363633,2026-08-21,2026-08-21T19:00:00+00:00,Premier League,league,scheduled,1.0,False,coventry_city,Coventry City,arsenal,Arsenal,A,Away,,,18.9,81.1,Very difficult,,,,,derived feature frame,False
04qfq,2627,Matt O'Riley,BHA,M,35.5,BHA,M,M,265.4,364.0,265.4,35.5,8.88,22.0,,8.0,-2.0,FA,AVL Sun 8:00AM,matt o riley,False,True,Matched eligible,pr_9fc60717bf434fd5,126.0,04qfq,Matt O'Riley,Matt O'Riley,Brighton,BHA,M,True,a,,BHA,M,Confirmed,Exact Name + Club,95.0,Official FPL API,2026-07-30T01:09:03.040438+00:00,04qfq,Player Registry,Exact Name + Club,BHA,Confirmed,False,Matt ORiley,BHA,M,38.0,90.0,1.0,8.0,8.0,0.0,0.0,1.139720857143402,0.1495994953438639,0.0,4.0,195.0,13206.0,0.0,0.0,0.0,0.2105263157894736,1.6,8.0,0.5950709319171997,0.0263157894736842,0.0,True,True,matched by historical Fantrax ID,normalized Fantrax ID,1.0,8.0,1.6,5.0,8.0,8.0,100.0,,,,,,,1.6,Bench / Unknown,55.0,False,40.8,48.1,88.9,1.6,0.0,0.0,33.09,69.8,284.0,Tier 6,-18.600000000000023,Reach,,,Free Agent,,,,,,True,0,,,,,,,False,True,False,,,284.0,265.4,M,,,8.0,0.2105263157894736,8.0,8.0,1.6,8.0,90.0,1.0,0.0263157894736842,1.139720857143402,0.1495994953438639,0.5950709319171997,1.6,,,38.0,8.0,8.0,1.289320352487266,0.5260250109892625,0.0690459209279371,2.631578947368421,,,,,,,,,,,,,,2026-08-14T20:59:07.776936+00:00,MID,canonical primary position,brighton_hove_albion,soccerdata:sofascore:16363236,2026-08-23,2026-08-23T13:00:00+00:00,Premier League,league,scheduled,1.0,False,brighton_hove_albion,Brighton & Hove Albion,aston_villa,Aston Villa,H,Home,,,39.0,61.0,Difficult,,,,,derived feature frame,False
0372y,2627,Matt Targett,HUL,D,51.0,HUL,D,D,,284.0,,52.0,5.78,0.0,,4.0,3.0,FA,MUN Sat 6:30AM,matt targett,False,True,Matched eligible,pr_3154180ed5036758,556.0,0372y,Matt Targett,Matt Targett,Hull City,HUL,D,True,a,,NEW,D,Transferred,Exact Name + Club,95.0,Official FPL API,2026-07-30T01:09:03.040438+00:00,0372y,Player Registry,Exact Name + Club,HUL,Transferred,False,,NEW,D,38.0,0.0,0.0,0.0,0.0,0.0,0.0,0.0,0.0,0.0,0.0,0.0,,0.0,0.0,0.0,0.0,0.0,,,0.0,0.0,True,True,matched by historical Fantrax ID,normalized Fantrax ID,1.0,,,,,,,,,,38.13333333333333,40.5,42.74,0.0,Unknown / New Arrival,25.0,False,13.7,22.8,0.0,0.0,0.0,11.8,8.7,36.2,527.0,Deep,,ADP unavailable,,,Free Agent,,,,,,True,0,,,,,,,False,True,False,,,527.0,,D,,,0.0,0.0,,,,,0.0,0.0,0.0,0.0,0.0,,0.0,,40.5,38.0,,,0.0,,,0.0,,,,,,,,,,,,,,2026-08-14T20:59:07.776936+00:00,DEF,canonical primary position,hull_city,soccerdata:sofascore:16363634,2026-08-22,2026-08-22T11:30:00+00:00,Premier League,league,scheduled,1.0,False,hull_city,Hull City,manchester_united,Manchester United,H,Home,,,32.0,68.0,Very difficult,,,,,derived feature frame,False
06p4k,2627,Matthijs de Ligt,MUN,D,82.0,MUN,D,D,277.1,235.0,277.1,82.5,9.17,13.0,,13.0,-2.0,FA,@HUL Sat 6:30AM,matthijs de ligt,False,True,Matched eligible,pr_9e1acb3d0bd2a415,416.0,06p4k,Matthijs de Ligt,Matthijs de Ligt,Man Utd,MUN,D,True,i,Back injury - Unknown return date,MUN,D,Confirmed,Exact Name + Club,95.0,Official FPL API,2026-07-30T01:09:03.040438+00:00,06p4k,Player Registry,Exact Name + Club,MUN,Confirmed,False,Matthijs de Ligt,MUN,D,38.0,1080.0,12.0,118.5,118.5,1.0,0.0,1.323371965438127,0.4281761646270751,0.0,3.0,1170.0,7902.0,0.0,0.0,0.0,3.1184210526315788,5.152,9.875,0.1347344715434771,0.3157894736842105,0.0,True,True,matched by historical Fantrax ID,normalized Fantrax ID,1.0,118.5,5.152,23.0,118.5,9.875,100.0,90.6,59.4,72.4,44.06666666666666,49.54,46.89,18.9,Bench / Unknown,55.0,False,63.6,71.5,36.5,18.9,83.8,84.0,55.84,79.8,150.0,Tier 5,127.10000000000002,Strong value,,,Free Agent,,,,,,True,0,,,,,,,False,True,False,,,150.0,277.1,D,,,118.5,3.1184210526315788,9.875,118.5,5.152,9.875,1080.0,12.0,0.3157894736842105,1.323371965438127,0.4281761646270751,0.1347344715434771,18.9,72.4,49.54,38.0,9.875,9.875,1.7515481300652025,0.1017978434952405,0.0329366280482365,31.57894736842105,,,,,,,,,,,,,,2026-08-14T20:59:07.776936+00:00,DEF,canonical primary position,manchester_united,soccerdata:sofascore:16363634,2026-08-22,2026-08-22T11:30:00+00:00,Premier League,league,scheduled,1.0,False,manchester_united,Manchester United,hull_city,Hull City,A,Away,,,49.1,50.9,Neutral,,,,,derived feature frame,False
05o4b,2627,Matty Cash,AVL,D,314.5,AVL,D,D,128.9,36.0,128.9,314.5,9.53,100.0,,82.0,-2.0,FA,@BHA Sun 8:00AM,matty cash,False,True,Matched eligible,pr_2c91b2e08c6b2552,32.0,05o4b,Matty Cash,Matty Cash,Aston Villa,AVL,D,True,a,,AVL,D,Confirmed,Exact Name + Club,95.0,Official FPL API,2026-07-30T01:09:03.040438+00:00,05o4b,Player Registry,Exact Name + Club,AVL,Confirmed,False,Matty Cash,AVL,D,38.0,3013.0,34.0,307.5,232.5,3.0,3.0,1.217919012531637,3.2148889815434805,0.0,31.0,3040.0,8864.0,484.0,5.0,29.5,8.092105263157896,6.118,9.18519747759708,0.1312344471930133,0.8947368421052632,0.8333333333333334,True,True,matched by historical Fantrax ID,normalized Fantrax ID,1.0,232.5,6.118,38.0,307.5,6.944905409890475,75.60975609756098,57.9,54.1,59.0,40.96666666666667,44.9,48.31,88.4,Locked Starter,90.0,False,70.7,80.7,35.2,88.4,53.4,62.1,67.82,95.5,64.0,Tier 3,64.9,Strong value,pr_2c91b2e08c6b2552,Matty Cash,Rostered,qwkltl98mrp1z5vp,epatel3,epatel3,ACTIVE,ACTIVE,False,0,,,epatel3,qwkltl98mrp1z5vp,11.0,130.0,True,False,True,11.0,130.0,64.0,128.9,D,,,307.5,8.092105263157896,9.18519747759708,232.5,6.118,6.944905409890475,3013.0,34.0,0.8947368421052632,1.217919012531637,3.2148889815434805,0.1312344471930133,88.4,59.0,44.9,38.0,9.044117647058824,6.838235294117647,4.432807994075118,0.0360568128710024,0.0951776343220109,88.09941520467837,,,,,,,,,,,,,,2026-08-14T20:59:07.776936+00:00,DEF,canonical primary position,aston_villa,soccerdata:sofascore:16363236,2026-08-23,2026-08-23T13:00:00+00:00,Premier League,league,scheduled,1.0,False,aston_villa,Aston Villa,brighton_hove_albion,Brighton & Hove Albion,A,Away,,,38.5,61.5,Difficult,,,,,derived feature frame,False
076di,2627,Matty Jacob,HUL,D,17.5,HUL,D,D,,447.0,,18.5,6.17,0.0,,0.0,0.0,FA,MUN Sat 6:30AM,matty jacob,False,True,Matched eligible,pr_a60a1ba3d657ca96,283.0,076di,Matty Jacob,Matty Jacob,Hull City,HUL,D,True,a,,,,New EPL Arrival,Exact Name + Club,95.0,Official FPL API,2026-07-30T01:09:03.040438+00:00,076di,Player Registry,Exact Name + Club,HUL,New EPL Arrival,False,,,,,,,,,,,,,,,,,,,,,,,,,,False,False,no 2025/26 record for bridged ID,none,0.0,,,,,,,,,,38.13333333333333,40.5,42.74,0.0,Unknown / New Arrival,25.0,False,0.0,0.0,0.0,0.0,0.0,11.8,1.18,11.2,590.0,Deep,,ADP unavailable,,,Free Agent,,,,,,True,0,,,,,,,False,True,False,,,590.0,,D,,,,,,,,,,,,,,,0.0,,40.5,,,,,,,,,,,,,,,,,,,,,2026-08-14T20:59:07.776936+00:00,DEF,canonical primary position,hull_city,soccerdata:sofascore:16363634,2026-08-22,2026-08-22T11:30:00+00:00,Premier League,league,scheduled,1.0,False,hull_city,Hull City,manchester_united,Manchester United,H,Home,,,32.0,68.0,Very difficult,,,,,derived feature frame,False
04f6h,2627,Matz Sels,NOT,G,229.0,NOT,G,G,234.7,137.0,234.7,229.0,6.94,48.0,,35.0,-2.0,FA,LEE Sat 9:00AM,matz sels,False,True,Matched eligible,pr_fbbd830b88c1b3fd,467.0,04f6h,Matz Sels,Matz Sels,Nott'm Forest,NOT,G,True,a,,NOT,G,Confirmed,Exact Name + Club,95.0,Official FPL API,2026-07-30T01:09:03.040438+00:00,04f6h,Player Registry,Exact Name + Club,NOT,Confirmed,False,Matz Sels,NOT,G,38.0,1260.0,14.0,110.5,124.5,0.0,0.0,0.0,0.0,0.0,0.0,2672.0,6903.0,450.0,5.0,57.0,2.9078947368421053,8.3,7.892857142857142,0.0,0.3684210526315789,0.8333333333333334,True,True,matched by historical Fantrax ID,normalized Fantrax ID,1.0,124.5,8.3,15.0,110.5,8.892857142857142,112.66968325791856,39.9,34.4,37.8,48.333333333333336,45.36,43.16,55.4,Likely Rotation,75.0,False,52.0,93.7,3.8,55.4,43.2,66.2,52.24,88.8,172.0,Tier 5,62.69999999999999,Strong value,,,Free Agent,,,,,,True,0,,,,,,,False,True,False,,,172.0,234.7,G,,,110.5,2.9078947368421053,7.892857142857142,124.5,8.3,8.892857142857142,1260.0,14.0,0.3684210526315789,0.0,0.0,0.0,55.4,37.8,45.36,38.0,7.892857142857143,8.892857142857142,0.0,0.0,0.0,36.84210526315789,,,,,,,,,,,,,,2026-08-14T20:59:07.776936+00:00,GK,canonical primary position,,,,,,,,,,,,,,,,,,,,,,,,,derived feature frame,False
067x6,2627,Max Alleyne,MCI,D,19.0,MCI,D,D,,445.0,,19.5,6.5,0.0,,2.0,-1.0,FA,BOU Sun 8:00AM,max alleyne,False,True,Matched eligible,pr_df4401e6b5965f99,394.0,067x6,Max Alleyne,Max Alleyne,Man City,MCI,D,True,a,,MCI,D,Confirmed,Exact Name + Club,95.0,Official FPL API,2026-07-30T01:09:03.040438+00:00,067x6,Player Registry,Exact Name + Club,MCI,Confirmed,False,Max Alleyne,MCI,D,38.0,45.0,1.0,2.0,2.0,0.0,0.0,0.3813819289207458,0.0321632847189903,0.0,1.0,138.0,13298.0,0.0,0.0,0.0,0.0526315789473684,2.0,4.0,0.2697034001998278,0.0263157894736842,0.0,True,True,matched by historical Fantrax ID,normalized Fantrax ID,1.0,2.0,2.0,1.0,2.0,4.0,100.0,98.2,94.1,96.1,43.93333333333333,42.42,45.38,1.1,Bench / Unknown,55.0,False,30.2,49.9,61.1,1.1,96.2,30.3,38.58,79.8,252.0,Tier 6,,ADP unavailable,,,Free Agent,,,,,,True,0,,,,,,,False,True,False,,,252.0,,D,,,2.0,0.0526315789473684,4.0,2.0,2.0,4.0,45.0,1.0,0.0263157894736842,0.3813819289207458,0.0321632847189903,0.2697034001998278,1.1,96.1,42.42,38.0,2.0,2.0,0.413545213639736,0.2487273449483124,0.0209760552515154,1.3157894736842104,,,,,,,,,,,,,,2026-08-14T20:59:07.776936+00:00,DEF,canonical primary position,manchester_city,soccerdata:sofascore:16363243,2026-08-23,2026-08-23T13:00:00+00:00,Premier League,league,scheduled,1.0,False,manchester_city,Manchester City,afc_bournemouth,Bournemouth,H,Home,,,49.6,50.4,Neutral,,,,,derived feature frame,False
06zbp,2627,Max Dowman,ARS,M,18.5,ARS,M,M,267.9,454.0,267.9,17.5,17.5,25.0,,11.0,-89.0,W <small>(Tue)</small>,COV Fri 2:00PM,max dowman,False,True,Matched eligible,pr_3040fc7b5b595fa7,20.0,06zbp,Max Dowman,Max Dowman,Arsenal,ARS,M,True,a,,ARS,M,Confirmed,Exact Name + Club,95.0,Official FPL API,2026-07-30T01:09:03.040438+00:00,06zbp,Player Registry,Exact Name + Club,ARS,Confirmed,False,Max Dowman,ARS,M,38.0,61.0,1.0,2.0,1.0,0.0,0.0,0.6690445654094218,0.6337551325559615,0.0,4.0,142.0,13872.0,61.0,1.0,2.0,0.0526315789473684,1.0,2.950819672131148,0.8257181184287641,0.0263157894736842,0.1666666666666666,True,True,matched by historical Fantrax ID,normalized Fantrax ID,1.0,1.0,1.0,1.0,2.0,1.475409836065574,50.0,86.2,100.0,90.6,40.0,43.64,45.32000000000001,6.3,Bench / Unknown,55.0,False,28.9,47.5,96.6,6.3,84.0,52.3,45.17,79.8,210.0,Tier 6,57.89999999999998,Strong value,,,Free Agent,,,,,,True,0,,,,,,,False,True,False,,,210.0,267.9,M,,,2.0,0.0526315789473684,2.950819672131148,1.0,1.0,1.475409836065574,61.0,1.0,0.0263157894736842,0.6690445654094218,0.6337551325559615,0.8257181184287641,6.3,90.6,43.64,38.0,2.0,1.0,1.3027996979653833,0.4240423301890701,0.4016757882396939,1.783625730994152,,,,,,,,,,,,,,2026-08-14T20:59:07.776936+00:00,MID,canonical primary position,arsenal,soccerdata:sofascore:16363633,2026-08-21,2026-08-21T19:00:00+00:00,Premier League,league,scheduled,1.0,False,arsenal,Arsenal,coventry_city,Coventry City,H,Home,,,55.2,44.8,Favorable,,,,,derived feature frame,False
06jfh,2627,Max Merrick,CHE,G,0.0,,,,,,,,,,,,,,,,,,,,,,,,,,,,,,,,,,,,,,,,,,,,,,,,,,,,,,,,,,,,,,,,,,,,,,,,,,,,,,,,,,,,,,,,,,,,,,,,,,,,,,,Free Agent,,,,,,True,0,,,,,,,False,True,False,,,,,,,,,,,,,,,,,,,,,,,,,,,,,,,,,,,,,,,,,,,2026-08-14T20:59:07.776936+00:00,GK,first valid Fantrax position,chelsea,soccerdata:sofascore:16363244,2026-08-24,2026-08-24T19:00:00+00:00,Premier League,league,scheduled,1.0,False,chelsea,Chelsea,fulham,Fulham,A,Away,,,50.9,49.1,Neutral,,,,,derived feature frame,False
06zeg,2627,Max Thompson,NEW,G,0.0,,,,,,,,,,,,,,,,,,,,,,,,,,,,,,,,,,,,,,,,,,,,,,,,,,,,,,,,,,,,,,,,,,,,,,,,,,,,,,,,,,,,,,,,,,,,,,,,,,,,,,,Free Agent,,,,,,True,0,,,,,,,False,True,False,,,,,,,,,,,,,,,,,,,,,,,,,,,,,,,,,,,,,,,,,,,2026-08-14T20:59:07.776936+00:00,GK,first valid Fantrax position,newcastle_united,soccerdata:sofascore:16363246,2026-08-23,2026-08-23T15:30:00+00:00,Premier League,league,scheduled,1.0,False,newcastle_united,Newcastle United,liverpool,Liverpool FC,H,Home,,,31.6,68.4,Very difficult,,,,,derived feature frame,False
06pia,2627,Maxence Lacroix,CRY,D,314.5,CRY,D,D,80.7,78.0,80.7,268.5,8.66,100.0,,99.0,1.0,FA,@FUL Mon 2:00PM,maxence lacroix,False,True,Matched eligible,pr_13aa175b61be9d3d,200.0,06pia,Maxence Lacroix,Maxence Lacroix,Crystal Palace,CRY,D,True,a,,CRY,D,Confirmed,Exact Name + Club,95.0,Official FPL API,2026-07-30T01:09:03.040438+00:00,06pia,Player Registry,Exact Name + Club,CRY,Confirmed,False,Maxence Lacroix,CRY,D,38.0,3085.0,35.0,411.0,367.0,1.0,2.0,3.0068348469212647,1.2868863735347982,0.0,7.0,3094.0,8853.0,510.0,6.0,59.5,10.81578947368421,9.658,11.9902755267423,0.1248981609053153,0.9210526315789472,1.0,True,True,matched by historical Fantrax ID,normalized Fantrax ID,1.0,367.0,9.658,38.0,411.0,10.706645056726094,89.29440389294405,18.2,57.9,33.9,40.0,40.32,42.81,92.8,Locked Starter,90.0,False,89.3,98.1,33.1,92.8,19.2,7.1,67.67,95.5,67.0,Tier 3,13.700000000000005,Value,pr_13aa175b61be9d3d,Maxence Lacroix,Rostered,qwkltl98mrp1z5vp,epatel3,epatel3,ACTIVE,ACTIVE,False,0,,,epatel3,qwkltl98mrp1z5vp,4.0,39.0,True,False,True,4.0,39.0,67.0,80.7,D,,,411.0,10.81578947368421,11.9902755267423,367.0,9.658,10.706645056726094,3085.0,35.0,0.9210526315789472,3.0068348469212647,1.2868863735347982,0.1248981609053153,92.8,33.9,40.32,38.0,11.742857142857142,10.485714285714286,4.293721220456063,0.0874644913454795,0.0374336695598357,90.2046783625731,,,,,,,,,,,,,,2026-08-14T20:59:07.776936+00:00,DEF,canonical primary position,crystal_palace,soccerdata:sofascore:16363635,2026-08-22,2026-08-22T14:00:00+00:00,Premier League,league,scheduled,1.0,False,crystal_palace,Crystal Palace,everton,Everton,A,Away,,,51.6,48.4,Neutral,,,,,derived feature frame,False
06y9m,2627,Maxim De Cuyper,BHA,"D,M",65.5,BHA,D,"D,M",130.4,255.0,130.4,64.5,16.12,96.0,,75.0,-8.0,FA,AVL Sun 8:00AM,maxim de cuyper,False,True,Matched eligible,pr_e6fa6336bdf71149,115.0,06y9m,Maxim De Cuyper,Maxim De Cuyper,Brighton,BHA,D,True,a,,BHA,"D,M",Confirmed,Exact Name + Club,95.0,Official FPL API,2026-07-30T01:09:03.040438+00:00,06y9m,Player Registry,Exact Name + Club,BHA,Confirmed,False,Maxim De Cuyper,BHA,"D,M",38.0,969.0,13.0,131.0,109.0,0.0,3.0,1.7418285254389043,4.685627582482993,0.0,32.0,1412.0,13711.0,259.0,3.0,77.5,3.4473684210526314,4.037,12.1671826625387,0.4096820465389311,0.3421052631578947,0.5,True,True,matched by historical Fantrax ID,normalized Fantrax ID,1.0,109.0,4.037,27.0,131.0,10.123839009287924,83.20610687022901,,,,,,,37.6,Rotation Risk,55.0,False,74.5,63.7,75.9,37.6,0.0,0.0,50.81,69.8,181.0,Tier 6,-50.6,Major reach,,,Free Agent,,,,,,True,0,,,,,,,False,True,False,,,181.0,130.4,D,,,131.0,3.4473684210526314,12.1671826625387,109.0,4.037,10.123839009287924,969.0,13.0,0.3421052631578947,1.7418285254389043,4.685627582482993,0.4096820465389311,37.6,,,38.0,10.076923076923077,8.384615384615385,6.427456107921897,0.1110230646526213,0.2986589818863097,28.33333333333333,,,,,,,,,,,,,,2026-08-14T20:59:07.776936+00:00,DEF,canonical primary position,brighton_hove_albion,soccerdata:sofascore:16363236,2026-08-23,2026-08-23T13:00:00+00:00,Premier League,league,scheduled,1.0,False,brighton_hove_albion,Brighton & Hove Albion,aston_villa,Aston Villa,H,Home,,,39.0,61.0,Difficult,,,,,derived feature frame,False
072zp,2627,Melker Ellborg,SUN,G,10.5,SUN,G,G,282.2,494.0,282.2,10.5,5.25,4.0,,1.0,0.0,FA,@IPS Sat 9:00AM,melker ellborg,False,True,Matched eligible,pr_beec2ee23dd9ef2e,531.0,072zp,Melker Ellborg,Melker Ellborg,Sunderland,SUN,G,True,a,,SUN,G,Confirmed,Exact Name + Club,95.0,Official FPL API,2026-07-30T01:09:03.040438+00:00,072zp,Player Registry,Exact Name + Club,SUN,Confirmed,False,,SUN,G,38.0,0.0,0.0,0.0,0.0,0.0,0.0,0.0,0.0,0.0,0.0,0.0,,0.0,0.0,0.0,0.0,0.0,,,0.0,0.0,True,True,matched by historical Fantrax ID,normalized Fantrax ID,1.0,,,,,,,7.9,49.1,27.1,43.6,42.0,37.67,0.0,Unknown / New Arrival,25.0,False,13.7,22.8,0.0,0.0,3.8,23.7,10.27,46.2,499.0,Deep,-216.8,Major reach,,,Free Agent,,,,,,True,0,,,,,,,False,True,False,,,499.0,282.2,G,,,0.0,0.0,,,,,0.0,0.0,0.0,0.0,0.0,,0.0,27.1,42.0,38.0,,,0.0,,,0.0,,,,,,,,,,,,,,2026-08-14T20:59:07.776936+00:00,GK,canonical primary position,sunderland,soccerdata:sofascore:16363636,2026-08-22,2026-08-22T14:00:00+00:00,Premier League,league,scheduled,1.0,False,sunderland,Sunderland,ipswich_town,Ipswich Town,A,Away,,,44.4,55.6,Difficult,,,,,derived feature frame,False
070hi,2627,Merlin Rohl,EVE,M,34.5,EVE,M,M,,373.0,,33.5,6.7,0.0,,9.0,-3.0,FA,CRY Sat 9:00AM,merlin rohl,False,True,Matched eligible,pr_146327c690c9dfc1,246.0,070hi,Merlin Röhl,Merlin Röhl,Everton,EVE,M,True,a,,EVE,M,Confirmed,Exact Name + Club,95.0,Official FPL API,2026-07-30T01:09:03.040438+00:00,070hi,Player Registry,Exact Name + Club,EVE,Confirmed,False,Merlin Rohl,EVE,M,38.0,0.0,0.0,0.0,0.0,0.0,0.0,0.5586705394089218,0.3609896339476106,0.0,6.0,650.0,11331.0,0.0,0.0,0.0,0.0,0.0,,0.1273375624647506,0.0,0.0,True,True,matched by historical Fantrax ID,normalized Fantrax ID,1.0,,,,,,,18.7,43.5,29.0,42.06666666666666,41.9,42.48,0.0,Unknown / New Arrival,25.0,False,13.7,22.8,33.6,0.0,13.5,18.7,15.78,66.2,430.0,Deep,,ADP unavailable,,,Free Agent,,,,,,True,0,,,,,,,False,True,False,,,430.0,,M,,,0.0,0.0,,,,,0.0,0.0,0.0,0.5586705394089218,0.3609896339476106,0.1273375624647506,0.0,29.0,41.9,38.0,,,0.9196601733565324,0.0773543823796968,0.0499831800850537,0.0,,,,,,,,,,,,,,2026-08-14T20:59:07.776936+00:00,MID,canonical primary position,everton,soccerdata:sofascore:16363635,2026-08-22,2026-08-22T14:00:00+00:00,Premier League,league,scheduled,1.0,False,everton,Everton,crystal_palace,Crystal Palace,H,Home,,,56.0,44.0,Favorable,,,,,derived feature frame,False
06rgg,2627,Michael Kayode,BRF,D,284.5,BRF,D,D,103.1,63.0,103.1,282.0,8.81,96.0,,90.0,-2.0,FA,TOT Sat 11:30AM,michael kayode,False,True,Matched eligible,pr_b927ef5c035c5997,88.0,06rgg,Michael Kayode,Michael Kayode,Brentford,BRF,D,True,a,,BRF,D,Confirmed,Exact Name + Club,95.0,Official FPL API,2026-07-30T01:09:03.040438+00:00,06rgg,Player Registry,Exact Name + Club,BRF,Confirmed,False,Michael Kayode,BRF,D,38.0,3258.0,37.0,334.5,294.5,1.0,2.0,1.1691109444946046,3.184721387922763,0.0,33.0,3281.0,11281.0,540.0,6.0,36.5,8.802631578947368,7.75,9.240331491712707,0.1194285004320521,0.9736842105263158,1.0,True,True,matched by historical Fantrax ID,normalized Fantrax ID,1.0,294.5,7.75,38.0,334.5,8.1353591160221,88.04185351270553,29.4,35.6,32.6,45.36666666666667,47.48,44.42,97.6,Locked Starter,90.0,False,73.0,91.5,32.0,97.6,20.9,78.0,69.85,95.5,53.0,Tier 3,50.1,Strong value,pr_b927ef5c035c5997,Michael Kayode,Rostered,w2mnqywumrp1z5vp,tpem,tpem,ACTIVE,ACTIVE,False,0,,,tpem,w2mnqywumrp1z5vp,9.0,98.0,True,False,True,9.0,98.0,53.0,103.1,D,,,334.5,8.802631578947368,9.240331491712707,294.5,7.75,8.1353591160221,3258.0,37.0,0.9736842105263158,1.1691109444946046,3.184721387922763,0.1194285004320521,97.6,32.6,47.48,38.0,9.04054054054054,7.95945945945946,4.353832332417367,0.0320694864384377,0.0873590139936143,95.26315789473684,,,,,,,,,,,,,,2026-08-14T20:59:07.776936+00:00,DEF,canonical primary position,brentford,soccerdata:sofascore:16363242,2026-08-22,2026-08-22T16:30:00+00:00,Premier League,league,scheduled,1.0,False,brentford,Brentford,tottenham_hotspur,Tottenham Hotspur,H,Home,,,51.6,48.4,Neutral,,,,,derived feature frame,False
0327r,2627,Michael Keane,EVE,D,87.5,EVE,D,D,260.6,233.0,260.6,87.5,9.72,26.0,,14.0,-3.0,FA,CRY Sat 9:00AM,michael keane,False,True,Matched eligible,pr_777200da1189e691,231.0,0327r,Michael Keane,Michael Keane,Everton,EVE,D,True,a,,EVE,D,Confirmed,Exact Name + Club,95.0,Official FPL API,2026-07-30T01:09:03.040438+00:00,0327r,Player Registry,Exact Name + Club,EVE,Confirmed,False,Michael Keane,EVE,D,38.0,2317.0,26.0,322.5,285.5,3.0,1.0,3.569063669070601,0.1301262713968753,0.0,2.0,2586.0,1653.0,453.0,5.0,47.5,8.486842105263158,8.157,12.52697453603798,0.1287421092970119,0.6842105263157895,0.8333333333333334,True,True,matched by historical Fantrax ID,normalized Fantrax ID,1.0,285.5,8.157,35.0,322.5,11.089771255934398,88.52713178294573,18.7,43.5,29.0,42.06666666666666,41.9,42.48,74.3,Likely Starter,90.0,False,87.7,93.1,34.4,74.3,13.5,18.7,63.5,95.5,88.0,Tier 4,172.60000000000002,Strong value,,,Free Agent,,,,,,True,0,,,,,,,False,True,False,,,88.0,260.6,D,,,322.5,8.486842105263158,12.52697453603798,285.5,8.157,11.089771255934398,2317.0,26.0,0.6842105263157895,3.569063669070601,0.1301262713968753,0.1287421092970119,74.3,29.0,41.9,38.0,12.403846153846152,10.98076923076923,3.699189940467477,0.124213352751877,0.0045287565451348,67.7485380116959,,,,,,,,,,,,,,2026-08-14T20:59:07.776936+00:00,DEF,canonical primary position,everton,soccerdata:sofascore:16363635,2026-08-22,2026-08-22T14:00:00+00:00,Premier League,league,scheduled,1.0,False,everton,Everton,crystal_palace,Crystal Palace,H,Home,,,56.0,44.0,Favorable,,,,,derived feature frame,False
06zrs,2627,Michael Laffey,LIV,M,0.0,,,,,,,,,,,,,,,,,,,,,,,,,,,,,,,,,,,,,,,,,,,,,,,,,,,,,,,,,,,,,,,,,,,,,,,,,,,,,,,,,,,,,,,,,,,,,,,,,,,,,,,Free Agent,,,,,,True,0,,,,,,,False,True,False,,,,,,,,,,,,,,,,,,,,,,,,,,,,,,,,,,,,,,,,,,,2026-08-14T20:59:07.776936+00:00,MID,first valid Fantrax position,liverpool,soccerdata:sofascore:16363246,2026-08-23,2026-08-23T15:30:00+00:00,Premier League,league,scheduled,1.0,False,liverpool,Liverpool FC,newcastle_united,Newcastle United,A,Away,,,48.2,51.8,Neutral,,,,,derived feature frame,False
06ezb,2627,Micky van de Ven,TOT,D,194.5,TOT,D,D,263.7,184.0,263.7,194.5,6.48,26.0,,29.0,3.0,FA,@BRF Sat 11:30AM,micky van de ven,False,True,Matched eligible,pr_ce7b7886879b0739,503.0,06ezb,Micky van de Ven,Micky van de Ven,Spurs,TOT,D,True,a,,TOT,D,Confirmed,Exact Name + Club,95.0,Official FPL API,2026-07-30T01:09:03.040438+00:00,06ezb,Player Registry,Exact Name + Club,TOT,Confirmed,False,Micky van de Ven,TOT,D,38.0,2996.0,34.0,239.0,182.0,4.0,1.0,2.452554358169436,1.014289792627096,0.0,5.0,3049.0,10050.0,540.0,6.0,37.0,6.289473684210527,5.056,7.179572763684913,0.1023338712927805,0.8947368421052632,1.0,True,True,matched by historical Fantrax ID,normalized Fantrax ID,1.0,182.0,5.056,36.0,239.0,5.4672897196261685,76.15062761506276,30.7,33.2,33.3,51.5,51.620000000000005,49.47,92.9,Locked Starter,90.0,False,57.5,70.6,28.6,92.9,28.3,96.5,63.17,95.5,91.0,Tier 4,172.7,Strong value,pr_ce7b7886879b0739,Micky van de Ven,Rostered,h1vdt8ynmrp1z5vp,Pot Splashers,Pot Splashers,ACTIVE,ACTIVE,False,0,,,Pot Splashers,h1vdt8ynmrp1z5vp,10.0,120.0,True,False,True,10.0,120.0,91.0,263.7,D,,,239.0,6.289473684210527,7.179572763684913,182.0,5.056,5.4672897196261685,2996.0,34.0,0.8947368421052632,2.452554358169436,1.014289792627096,0.1023338712927805,92.9,33.3,51.620000000000005,38.0,7.029411764705882,5.352941176470588,3.466844150796532,0.0723941922713182,0.0299396790214623,87.60233918128655,,,,,,,,,,,,,,2026-08-14T20:59:07.776936+00:00,DEF,canonical primary position,tottenham_hotspur,soccerdata:sofascore:16363242,2026-08-22,2026-08-22T16:30:00+00:00,Premier League,league,scheduled,1.0,False,tottenham_hotspur,Tottenham Hotspur,brentford,Brentford,A,Away,,,55.1,44.9,Favorable,,,,,derived feature frame,False
076d1,2627,Miguel Angel Brau,COV,D,4.5,COV,D,D,,528.0,,4.5,4.5,0.0,,0.0,0.0,FA,@ARS Fri 2:00PM,miguel angel brau,False,True,Unresolved: no current FPL identity,pr_05c7deca11405ad2,,076d1,Miguel Angel Brau,,COV,COV,D,False,unverified,,,,Unresolved,Unresolved,0.0,Fantrax / historical,,076d1,Player Registry,Unresolved,COV,Unresolved,False,,,,,,,,,,,,,,,,,,,,,,,,,,False,False,no 2025/26 record for bridged ID,none,0.0,,,,,,,,,,28.066666666666663,30.12,40.8,0.0,Unknown / New Arrival,25.0,False,0.0,0.0,0.0,0.0,0.0,2.3,0.23,11.2,613.0,Deep,,ADP unavailable,,,Free Agent,,,,,,True,0,,,,,,,False,True,False,,,613.0,,D,,,,,,,,,,,,,,,0.0,,30.12,,,,,,,,,,,,,,,,,,,,,2026-08-14T20:59:07.776936+00:00,DEF,canonical primary position,coventry_city,soccerdata:sofascore:16363633,2026-08-21,2026-08-21T19:00:00+00:00,Premier League,league,scheduled,1.0,False,coventry_city,Coventry City,arsenal,Arsenal,A,Away,,,18.9,81.1,Very difficult,,,,,derived feature frame,False
04hk9,2627,Mikel Merino,ARS,"M,F",82.0,ARS,M,"M,F",272.5,236.0,272.5,81.0,9.0,22.0,,24.0,-2.0,FA,COV Fri 2:00PM,mikel merino,False,True,Matched eligible,pr_21aeca1b2187342a,17.0,04hk9,Mikel Merino Zazón,Mikel Merino Zazón,Arsenal,ARS,M,True,a,,ARS,"M,F",Confirmed,Ordered Token Expanded Name,85.0,Official FPL API,2026-07-30T01:09:03.040438+00:00,04hk9,Player Registry,Ordered Token Expanded Name,ARS,Confirmed,False,Mikel Merino,ARS,"M,F",38.0,595.0,7.0,86.5,49.5,2.0,3.0,5.217843644320965,2.290139995515346,0.0,12.0,1002.0,5304.0,0.0,0.0,0.0,2.276315789473684,5.5,13.08403361344538,0.6743697880092495,0.1842105263157894,0.0,True,True,matched by historical Fantrax ID,normalized Fantrax ID,1.0,49.5,5.5,9.0,86.5,7.487394957983193,57.22543352601156,86.2,100.0,90.6,40.0,43.64,45.32000000000001,10.6,Bench / Unknown,55.0,False,74.8,74.5,92.3,10.6,84.0,52.3,63.22,79.8,90.0,Tier 4,182.5,Strong value,,,Free Agent,,,,,,True,0,,,,,,,False,True,False,,,90.0,272.5,M,,,86.5,2.276315789473684,13.08403361344538,49.5,5.5,7.487394957983193,595.0,7.0,0.1842105263157894,5.217843644320965,2.290139995515346,0.6743697880092495,10.6,90.6,43.64,38.0,12.357142857142858,7.071428571428571,7.507983639836311,0.4686685908072723,0.2057011972019772,17.39766081871345,,,,,,,,,,,,,,2026-08-14T20:59:07.776936+00:00,MID,canonical primary position,arsenal,soccerdata:sofascore:16363633,2026-08-21,2026-08-21T19:00:00+00:00,Premier League,league,scheduled,1.0,False,arsenal,Arsenal,coventry_city,Coventry City,H,Home,,,55.2,44.8,Favorable,,,,,derived feature frame,False
063q8,2627,Mikkel Damsgaard,BRF,M,331.5,BRF,M,M,69.9,28.0,69.9,331.0,10.68,100.0,,98.0,1.0,FA,TOT Sat 11:30AM,mikkel damsgaard,False,True,Matched eligible,pr_851c3d1908eb110a,96.0,063q8,Mikkel Damsgaard,Mikkel Damsgaard,Brentford,BRF,M,True,a,,BRF,M,Confirmed,Exact Name + Club,95.0,Official FPL API,2026-07-30T01:09:03.040438+00:00,063q8,Player Registry,Exact Name + Club,BRF,Confirmed,False,Mikkel Damsgaard,BRF,M,38.0,2035.0,24.0,281.5,216.5,4.0,4.0,2.9744047094136468,6.468690361827611,0.0,42.0,2085.0,8859.0,432.0,5.0,59.0,7.407894736842105,5.697,12.449631449631449,0.4076156145859536,0.631578947368421,0.8333333333333334,True,True,matched by historical Fantrax ID,normalized Fantrax ID,1.0,216.5,5.697,38.0,281.5,9.574938574938574,76.90941385435168,29.4,35.6,32.6,45.36666666666667,47.48,44.42,68.8,Likely Starter,75.0,False,84.3,76.5,75.7,68.8,20.9,78.0,71.79,88.8,45.0,Tier 3,24.90000000000001,Strong value,pr_851c3d1908eb110a,Mikkel Damsgaard,Rostered,cjn4stydmrp1z5vp,Robertske,Robertske,ACTIVE,ACTIVE,False,0,,,Robertske,cjn4stydmrp1z5vp,7.0,75.0,True,False,True,7.0,75.0,45.0,69.9,M,,,281.5,7.407894736842105,12.449631449631449,216.5,5.697,9.574938574938574,2035.0,24.0,0.631578947368421,2.9744047094136468,6.468690361827611,0.4076156145859536,68.8,32.6,47.48,38.0,11.729166666666666,9.020833333333334,9.443095071241258,0.1283915701905171,0.2792240443954364,59.50292397660819,,,,,,,,,,,,,,2026-08-14T20:59:07.776936+00:00,MID,canonical primary position,brentford,soccerdata:sofascore:16363242,2026-08-22,2026-08-22T16:30:00+00:00,Premier League,league,scheduled,1.0,False,brentford,Brentford,tottenham_hotspur,Tottenham Hotspur,H,Home,,,51.6,48.4,Neutral,,,,,derived feature frame,False
06v0v,2627,Milan Aleksic,SUN,"M,F",0.0,,,,,,,,,,,,,,,,,,,,,,,,,,,,,,,,,,,,,,,,,,,,,,,,,,,,,,,,,,,,,,,,,,,,,,,,,,,,,,,,,,,,,,,,,,,,,,,,,,,,,,,Free Agent,,,,,,True,0,,,,,,,False,True,False,,,,,,,,,,,,,,,,,,,,,,,,,,,,,,,,,,,,,,,,,,,2026-08-14T20:59:07.776936+00:00,MID,first valid Fantrax position,sunderland,soccerdata:sofascore:16363636,2026-08-22,2026-08-22T14:00:00+00:00,Premier League,league,scheduled,1.0,False,sunderland,Sunderland,ipswich_town,Ipswich Town,A,Away,,,44.4,55.6,Difficult,,,,,derived feature frame,False
076d0,2627,Milan van Ewijk,COV,D,281.0,COV,D,D,234.3,56.0,234.3,287.0,8.2,48.0,,24.0,-1.0,FA,@ARS Fri 2:00PM,milan van ewijk,False,True,Matched eligible,pr_324f38903221c32b,175.0,076d0,Milan van Ewijk,Milan van Ewijk,Coventry City,COV,D,True,a,,,,New EPL Arrival,Exact Name + Club,95.0,Official FPL API,2026-07-30T01:09:03.040438+00:00,076d0,Player Registry,Exact Name + Club,COV,New EPL Arrival,False,,,,,,,,,,,,,,,,,,,,,,,,,,False,False,no 2025/26 record for bridged ID,none,0.0,,,,,,,,,,28.066666666666663,30.12,40.8,0.0,Unknown / New Arrival,25.0,False,0.0,0.0,0.0,0.0,0.0,2.3,0.23,11.2,612.0,Deep,-377.7,Major reach,pr_324f38903221c32b,Milan van Ewijk,Rostered,cjn4stydmrp1z5vp,Robertske,Robertske,RESERVE,RESERVE,False,0,,,Robertske,cjn4stydmrp1z5vp,14.0,166.0,True,False,True,14.0,166.0,612.0,234.3,D,,,,,,,,,,,,,,,0.0,,30.12,,,,,,,,,,,,,,,,,,,,,2026-08-14T20:59:07.776936+00:00,DEF,canonical primary position,coventry_city,soccerdata:sofascore:16363633,2026-08-21,2026-08-21T19:00:00+00:00,Premier League,league,scheduled,1.0,False,coventry_city,Coventry City,arsenal,Arsenal,A,Away,,,18.9,81.1,Very difficult,,,,,derived feature frame,False
06do9,2627,Milos Kerkez,LIV,D,258.0,LIV,D,D,69.6,100.0,69.6,258.0,8.32,100.0,,99.0,1.0,FA,@NEW Sun 10:30AM,milos kerkez,False,True,Matched eligible,pr_36eceed8b3fb4486,358.0,06do9,Milos Kerkez,Milos Kerkez,Liverpool,LIV,D,True,a,,LIV,D,Confirmed,Exact Name + Club,95.0,Official FPL API,2026-07-30T01:09:03.040438+00:00,06do9,Player Registry,Exact Name + Club,LIV,Confirmed,False,Milos Kerkez,LIV,D,38.0,2213.0,27.0,217.0,186.0,2.0,1.0,1.3935871431604026,1.863496586680412,0.0,26.0,2271.0,11709.0,225.0,2.0,6.0,5.7105263157894735,5.027,8.825124265702666,0.1290786154494378,0.7105263157894737,0.3333333333333333,True,True,matched by historical Fantrax ID,normalized Fantrax ID,1.0,186.0,5.027,37.0,217.0,7.5643922277451425,85.71428571428571,83.8,61.5,74.8,46.4,49.71999999999999,50.39,55.9,Likely Rotation,90.0,False,63.0,70.4,34.7,55.9,77.2,90.1,62.55,95.5,97.0,Tier 4,-27.40000000000001,Major reach,pr_36eceed8b3fb4486,Milos Kerkez,Rostered,aup99ojzmrp1z5vp,The Facerockers,The Facerockers,ACTIVE,ACTIVE,False,0,,,The Facerockers,aup99ojzmrp1z5vp,5.0,57.0,True,False,True,5.0,57.0,97.0,69.6,D,,,217.0,5.7105263157894735,8.825124265702666,186.0,5.027,7.5643922277451425,2213.0,27.0,0.7105263157894737,1.3935871431604026,1.863496586680412,0.1290786154494378,55.9,74.8,49.71999999999999,38.0,8.037037037037036,6.888888888888889,3.257083729840814,0.0552280241675192,0.0738505912819185,64.70760233918129,,,,,,,,,,,,,,2026-08-14T20:59:07.776936+00:00,DEF,canonical primary position,liverpool,soccerdata:sofascore:16363246,2026-08-23,2026-08-23T15:30:00+00:00,Premier League,league,scheduled,1.0,False,liverpool,Liverpool FC,newcastle_united,Newcastle United,A,Away,,,48.2,51.8,Neutral,,,,,derived feature frame,False
06r5d,2627,Min-Hyeok Yang,COV,"M,F",17.0,COV,"M,F","M,F",,458.0,,17.0,8.5,0.0,,3.0,0.0,FA,@BRF Sat 11:30AM,yang min hyeok,True,False,Inactive / historical only,pr_114479e7b0268d1c,,06r5d,Min-Hyeok Yang,,COV,COV,"M,F",False,unverified,,TOT,F,Historical Only,Unresolved,0.0,Fantrax / historical,,06r5d,Player Registry,Unresolved,COV,Historical Only,False,,TOT,F,38.0,0.0,0.0,0.0,0.0,0.0,0.0,0.0,0.0,0.0,0.0,0.0,,0.0,0.0,0.0,0.0,0.0,,,0.0,0.0,True,True,matched by historical Fantrax ID,normalized Fantrax ID,1.0,,,,,,,,,,28.066666666666663,30.12,40.8,0.0,Unknown / New Arrival,25.0,False,13.7,22.8,0.0,0.0,0.0,2.3,7.75,36.2,,,,Not draft eligible,,,Free Agent,,,,,,True,0,,,,,,,False,True,False,,,,,M,,,0.0,0.0,,,,,0.0,0.0,0.0,0.0,0.0,,0.0,,30.12,38.0,,,0.0,,,0.0,,,,,,,,,,,,,,2026-08-14T20:59:07.776936+00:00,MID,canonical primary position,coventry_city,soccerdata:sofascore:16363633,2026-08-21,2026-08-21T19:00:00+00:00,Premier League,league,scheduled,1.0,False,coventry_city,Coventry City,arsenal,Arsenal,A,Away,,,18.9,81.1,Very difficult,,,,,derived feature frame,False
076dq,2627,Mohamed Belloumi,HUL,"M,F",265.0,HUL,M,"M,F",163.4,87.0,163.4,265.0,11.52,96.0,,54.0,-6.0,FA,MUN Sat 6:30AM,mohamed belloumi,False,True,Matched eligible,pr_6a7c2ebacd58663d,286.0,076dq,Mohamed Belloumi,Mohamed Belloumi,Hull City,HUL,M,True,a,,,,New EPL Arrival,Exact Name + Club,95.0,Official FPL API,2026-07-30T01:09:03.040438+00:00,076dq,Player Registry,Exact Name + Club,HUL,New EPL Arrival,False,,,,,,,,,,,,,,,,,,,,,,,,,,False,False,no 2025/26 record for bridged ID,none,0.0,,,,,,,,,,38.13333333333333,40.5,42.74,0.0,Unknown / New Arrival,25.0,False,0.0,0.0,0.0,0.0,0.0,11.8,1.18,11.2,593.0,Deep,-429.6,Major reach,pr_6a7c2ebacd58663d,Mohamed Belloumi,Rostered,cjn4stydmrp1z5vp,Robertske,Robertske,RESERVE,RESERVE,False,0,,,Robertske,cjn4stydmrp1z5vp,15.0,171.0,True,False,True,15.0,171.0,593.0,163.4,M,,,,,,,,,,,,,,,0.0,,40.5,,,,,,,,,,,,,,,,,,,,,2026-08-14T20:59:07.776936+00:00,MID,canonical primary position,hull_city,soccerdata:sofascore:16363634,2026-08-22,2026-08-22T11:30:00+00:00,Premier League,league,scheduled,1.0,False,hull_city,Hull City,manchester_united,Manchester United,H,Home,,,32.0,68.0,Very difficult,,,,,derived feature frame,False
073aa,2627,Mohamed Kone,AVL,M,0.0,,,,,,,,,,,,,,,,,,,,,,,,,,,,,,,,,,,,,,,,,,,,,,,,,,,,,,,,,,,,,,,,,,,,,,,,,,,,,,,,,,,,,,,,,,,,,,,,,,,,,,,Free Agent,,,,,,True,0,,,,,,,False,True,False,,,,,,,,,,,,,,,,,,,,,,,,,,,,,,,,,,,,,,,,,,,2026-08-14T20:59:07.776936+00:00,MID,first valid Fantrax position,aston_villa,soccerdata:sofascore:16363236,2026-08-23,2026-08-23T13:00:00+00:00,Premier League,league,scheduled,1.0,False,aston_villa,Aston Villa,brighton_hove_albion,Brighton & Hove Albion,A,Away,,,38.5,61.5,Difficult,,,,,derived feature frame,False
03aqp,2627,Mohamed Salah,LIV,"M,F",0.0,,,,,,,,,,,,,,,,,,,,,,,,,,,,,,,,,,,,,,,,,,,,,,,,,,,,,,,,,,,,,,,,,,,,,,,,,,,,,,,,,,,,,,,,,,,,,,,,,,,,,,,Free Agent,,,,,,True,0,,,,,,,False,True,False,,,,,,,,,,,,,,,,,,,,,,,,,,,,,,,,,,,,,,,,,,,2026-08-14T20:59:07.776936+00:00,MID,first valid Fantrax position,liverpool,soccerdata:sofascore:16363246,2026-08-23,2026-08-23T15:30:00+00:00,Premier League,league,scheduled,1.0,False,liverpool,Liverpool FC,newcastle_united,Newcastle United,A,Away,,,48.2,51.8,Neutral,,,,,derived feature frame,False
06fv8,2627,Mohammed Kudus,TOT,"M,F",310.0,TOT,M,"M,F",31.2,41.0,31.2,309.0,10.3,100.0,,99.0,1.0,FA,@BRF Sat 11:30AM,mohammed kudus,False,True,Matched eligible,pr_b7431a8bbb8646d9,512.0,06fv8,Mohammed Kudus,Mohammed Kudus,Spurs,TOT,M,True,d,Thigh injury - 75% chance of playing,TOT,"M,F",Confirmed,Exact Name + Club,95.0,Official FPL API,2026-07-30T01:09:03.040438+00:00,06fv8,Player Registry,Exact Name + Club,TOT,Confirmed,False,Mohammed Kudus,TOT,"M,F",38.0,1534.0,19.0,202.5,145.5,2.0,6.0,2.362326920963824,2.574139247648417,0.0,21.0,1577.0,12027.0,0.0,0.0,0.0,5.328947368421052,5.389,11.88070404172099,0.2817260337191513,0.5,0.0,True,True,matched by historical Fantrax ID,normalized Fantrax ID,1.0,145.5,5.389,27.0,202.5,8.536505867014343,71.85185185185186,30.7,33.2,33.3,51.5,51.620000000000005,49.47,27.9,Rotation Risk,75.0,False,78.0,73.8,62.7,27.9,28.3,96.5,61.94,88.8,99.0,Tier 4,-67.8,Major reach,pr_b7431a8bbb8646d9,Mohammed Kudus,Rostered,rx9bjhp3mrp1z5vo,KindComet,KindComet,ACTIVE,ACTIVE,False,0,,,KindComet,rx9bjhp3mrp1z5vo,3.0,29.0,True,False,True,3.0,29.0,99.0,31.2,M,,,202.5,5.328947368421052,11.88070404172099,145.5,5.389,8.536505867014343,1534.0,19.0,0.5,2.362326920963824,2.574139247648417,0.2817260337191513,27.9,33.3,51.620000000000005,38.0,10.657894736842104,7.657894736842105,4.936466168612241,0.1348189111520254,0.1469071225671259,44.853801169590646,,,,,,,,,,,,,,2026-08-14T20:59:07.776936+00:00,MID,canonical primary position,tottenham_hotspur,soccerdata:sofascore:16363242,2026-08-22,2026-08-22T16:30:00+00:00,Premier League,league,scheduled,1.0,False,tottenham_hotspur,Tottenham Hotspur,brentford,Brentford,A,Away,,,55.1,44.9,Favorable,,,,,derived feature frame,False
05rb8,2627,Moises Caicedo,CHE,M,205.0,CHE,M,M,159.1,180.0,159.1,198.5,6.62,87.0,,83.0,-4.0,FA,@FUL Mon 2:00PM,moises caicedo,False,True,Matched eligible,pr_1ec88f42f81a6a3a,159.0,05rb8,Moisés Caicedo Corozo,Moisés Caicedo Corozo,Chelsea,CHE,M,True,a,,CHE,"D,M",Confirmed,Ordered Token Expanded Name,85.0,Official FPL API,2026-07-30T01:09:03.040438+00:00,05rb8,Player Registry,Ordered Token Expanded Name,CHE,Confirmed,False,Moises Caicedo,CHE,"D,M",38.0,2535.0,29.0,196.5,147.5,3.0,1.0,1.53097510151565,2.626823216676712,0.0,18.0,2811.0,9453.0,354.0,4.0,12.5,5.171052631578948,4.214,6.976331360946745,0.1331205438055185,0.7631578947368421,0.6666666666666666,True,True,matched by historical Fantrax ID,normalized Fantrax ID,1.0,147.5,4.214,35.0,196.5,5.236686390532545,75.06361323155217,68.4,56.8,65.6,50.53333333333333,46.98,47.54,71.2,Likely Starter,90.0,False,53.8,65.0,35.7,71.2,63.8,71.8,59.06,95.5,122.0,Tier 5,37.1,Strong value,,,Free Agent,,,,,,True,0,,,,,,,False,True,False,,,122.0,159.1,M,,,196.5,5.171052631578948,6.976331360946745,147.5,4.214,5.236686390532545,2535.0,29.0,0.7631578947368421,1.53097510151565,2.626823216676712,0.1331205438055185,71.2,65.6,46.98,38.0,6.775862068965517,5.086206896551724,4.157798318192362,0.049017345832945,0.0841031979725734,74.12280701754386,,,,,,,,,,,,,,2026-08-14T20:59:07.776936+00:00,MID,canonical primary position,chelsea,soccerdata:sofascore:16363244,2026-08-24,2026-08-24T19:00:00+00:00,Premier League,league,scheduled,1.0,False,chelsea,Chelsea,fulham,Fulham,A,Away,,,50.9,49.1,Neutral,,,,,derived feature frame,False
06pig,2627,Morato,NOT,D,28.0,NOT,D,D,,405.0,,28.0,7.0,0.0,,1.0,0.0,FA,LEE Sat 9:00AM,morato,True,False,Inactive / historical only,pr_404e05534aa3245a,,06pig,Morato,,NOT,NOT,D,False,unverified,,NOT,D,Historical Only,Unresolved,0.0,Fantrax / historical,,06pig,Player Registry,Unresolved,NOT,Historical Only,False,Morato,NOT,D,38.0,0.0,0.0,0.0,0.0,0.0,0.0,1.8853958677500489,0.0936890179291367,0.0,2.0,1333.0,13068.0,0.0,0.0,0.0,0.0,0.0,,0.133621635192143,0.0,0.0,True,True,matched by historical Fantrax ID,normalized Fantrax ID,1.0,,,,,,,39.9,34.4,37.8,48.333333333333336,45.36,43.16,0.0,Unknown / New Arrival,25.0,False,13.7,22.8,36.2,0.0,43.2,66.2,23.9,66.2,,,,Not draft eligible,,,Free Agent,,,,,,True,0,,,,,,,False,True,False,,,,,D,,,0.0,0.0,,,,,0.0,0.0,0.0,1.8853958677500489,0.0936890179291367,0.133621635192143,0.0,37.8,45.36,38.0,,,1.9790848856791856,0.1272960450843994,0.0063255901077436,0.0,,,,,,,,,,,,,,2026-08-14T20:59:07.776936+00:00,DEF,canonical primary position,,,,,,,,,,,,,,,,,,,,,,,,,derived feature frame,False
04qr9,2627,Morgan Gibbs-White,NOT,M,275.5,NOT,M,M,11.6,72.0,11.6,274.5,8.32,100.0,,99.0,0.0,FA,LEE Sat 9:00AM,morgan gibbs white,False,True,Matched eligible,pr_883d69414747a1f0,480.0,04qr9,Morgan Gibbs-White,Morgan Gibbs-White,Nott'm Forest,NOT,M,True,a,,NOT,M,Confirmed,Exact Name + Club,95.0,Official FPL API,2026-07-30T01:09:03.040438+00:00,04qr9,Player Registry,Exact Name + Club,NOT,Confirmed,False,Morgan Gibbs-White,NOT,M,38.0,3095.0,35.0,422.5,250.5,15.0,4.0,11.671697720885277,4.504465857520699,0.0,48.0,3142.0,6857.0,379.0,4.0,111.0,11.11842105263158,6.592,12.2859450726979,0.4633528714374723,0.9210526315789472,0.6666666666666666,True,True,matched by historical Fantrax ID,normalized Fantrax ID,1.0,250.5,6.592,38.0,422.5,7.284329563812601,59.289940828402365,39.9,34.4,37.8,48.333333333333336,45.36,43.16,82.3,Likely Starter,90.0,False,90.4,83.7,81.0,82.3,43.2,66.2,79.23,95.5,19.0,Tier 2,-7.4,Near market,pr_883d69414747a1f0,Morgan Gibbs-White,Rostered,h2e8dn5dmrp1z5vp,Berkshire’s Club,Berkshire’s Club,ACTIVE,ACTIVE,False,0,,,Berkshire's Club,h2e8dn5dmrp1z5vp,1.0,6.0,True,False,True,1.0,6.0,19.0,11.6,M,,,422.5,11.11842105263158,12.2859450726979,250.5,6.592,7.284329563812601,3095.0,35.0,0.9210526315789472,11.671697720885277,4.504465857520699,0.4633528714374723,82.3,37.8,45.36,38.0,12.071428571428571,7.1571428571428575,16.176163578405976,0.3343261600508195,0.1290267113866527,90.4970760233918,,,,,,,,,,,,,,2026-08-14T20:59:07.776936+00:00,MID,canonical primary position,,,,,,,,,,,,,,,,,,,,,,,,,derived feature frame,False
05uht,2627,Morgan Rogers,CHE,"M,F",262.0,CHE,M,"M,F",21.3,97.0,21.3,259.5,8.37,100.0,,100.0,0.0,FA,@FUL Mon 2:00PM,morgan rogers,False,True,Matched eligible,pr_529ab49d43c3e6a7,40.0,05uht,Morgan Rogers,Morgan Rogers,Chelsea,CHE,M,True,a,,AVL,"M,F",Transferred,Exact Name + Club,95.0,Official FPL API,2026-07-30T01:09:03.040438+00:00,05uht,Player Registry,Exact Name + Club,CHE,Transferred,False,Morgan Rogers,AVL,"M,F",38.0,3280.0,37.0,364.0,222.0,10.0,8.0,7.145822267979383,7.475014166906475,0.0,48.0,3301.0,12412.0,450.0,5.0,47.5,9.578947368421051,5.842,9.98780487804878,0.398629287833907,0.9736842105263158,0.8333333333333334,True,True,matched by historical Fantrax ID,normalized Fantrax ID,1.0,222.0,5.842,38.0,364.0,6.091463414634147,60.98901098901099,68.4,56.8,65.6,50.53333333333333,46.98,47.54,83.2,Likely Starter,75.0,True,79.9,77.4,75.1,83.2,63.8,71.8,77.05,88.8,26.0,Tier 2,-4.699999999999999,Near market,pr_529ab49d43c3e6a7,Morgan Rogers,Rostered,hpsurdtbmrp1z5vo,Count Doku,Count Doku,ACTIVE,ACTIVE,False,0,,,Count Doku,hpsurdtbmrp1z5vo,2.0,21.0,True,False,True,2.0,21.0,26.0,21.3,M,,,364.0,9.578947368421051,9.98780487804878,222.0,5.842,6.091463414634147,3280.0,37.0,0.9736842105263158,7.145822267979383,7.475014166906475,0.398629287833907,83.2,65.6,46.98,38.0,9.83783783783784,6.0,14.620836434885858,0.1948270233620552,0.2038022644718518,95.906432748538,,,,,,,,,,,,,,2026-08-14T20:59:07.776936+00:00,MID,canonical primary position,chelsea,soccerdata:sofascore:16363244,2026-08-24,2026-08-24T19:00:00+00:00,Premier League,league,scheduled,1.0,False,chelsea,Chelsea,fulham,Fulham,A,Away,,,50.9,49.1,Neutral,,,,,derived feature frame,False
06fwz,2627,Murillo,NOT,D,272.5,NOT,D,D,230.3,74.0,230.3,272.5,8.26,48.0,,29.0,-1.0,FA,LEE Sat 9:00AM,murillo,False,True,Matched eligible,pr_2f7c27f2b2c014e9,472.0,06fwz,Murillo Costa dos Santos,Murillo Costa dos Santos,Nott'm Forest,NOT,D,True,d,Muscle injury - 75% chance of playing,NOT,D,Confirmed,Explicit Player Alias,92.0,Official FPL API,2026-07-30T01:09:03.040438+00:00,06fwz,Player Registry,Explicit Player Alias,NOT,Confirmed,False,Murillo,NOT,D,38.0,1296.0,15.0,123.0,105.0,0.0,0.0,0.5957098556682463,0.2993960333988067,0.0,8.0,2132.0,12123.0,0.0,0.0,0.0,3.236842105263158,5.0,8.541666666666668,0.0377858958799412,0.3947368421052631,0.0,True,True,matched by historical Fantrax ID,normalized Fantrax ID,1.0,105.0,5.0,21.0,123.0,7.291666666666667,85.36585365853658,39.9,34.4,37.8,48.333333333333336,45.36,43.16,23.1,Rotation Risk,75.0,False,56.0,69.8,13.8,23.1,43.2,66.2,44.88,88.8,211.0,Tier 6,19.30000000000001,Value,pr_2f7c27f2b2c014e9,Murillo Costa dos Santos,Rostered,h2e8dn5dmrp1z5vp,Berkshire’s Club,Berkshire’s Club,ACTIVE,ACTIVE,False,0,,,,,,,False,False,False,,,211.0,230.3,D,,,123.0,3.236842105263158,8.541666666666668,105.0,5.0,7.291666666666667,1296.0,15.0,0.3947368421052631,0.5957098556682463,0.2993960333988067,0.0377858958799412,23.1,37.8,45.36,38.0,8.2,7.0,0.895105889067053,0.0251472265525995,0.0126386693273417,37.89473684210527,,,,,,,,,,,,,,2026-08-14T20:59:07.776936+00:00,DEF,canonical primary position,,,,,,,,,,,,,,,,,,,,,,,,,derived feature frame,False
068a1,2627,Mykhailo Mudryk,CHE,M,13.0,CHE,M,M,,493.0,,11.0,5.5,0.0,,4.0,3.0,FA,@FUL Mon 2:00PM,mykhailo mudryk,True,False,Inactive / historical only,pr_1f3f0c71567abc6a,,068a1,Mykhailo Mudryk,,CHE,CHE,M,False,unverified,,CHE,M,Historical Only,Unresolved,0.0,Fantrax / historical,,068a1,Player Registry,Unresolved,CHE,Historical Only,False,,CHE,M,38.0,0.0,0.0,0.0,0.0,0.0,0.0,0.0,0.0,0.0,0.0,0.0,,0.0,0.0,0.0,0.0,0.0,,,0.0,0.0,True,True,matched by historical Fantrax ID,normalized Fantrax ID,1.0,,,,,,,68.4,56.8,65.6,50.53333333333333,46.98,47.54,0.0,Unknown / New Arrival,25.0,False,13.7,22.8,0.0,0.0,63.8,71.8,21.08,46.2,,,,Not draft eligible,,,Free Agent,,,,,,True,0,,,,,,,False,True,False,,,,,M,,,0.0,0.0,,,,,0.0,0.0,0.0,0.0,0.0,,0.0,65.6,46.98,38.0,,,0.0,,,0.0,,,,,,,,,,,,,,2026-08-14T20:59:07.776936+00:00,MID,canonical primary position,chelsea,soccerdata:sofascore:16363244,2026-08-24,2026-08-24T19:00:00+00:00,Premier League,league,scheduled,1.0,False,chelsea,Chelsea,fulham,Fulham,A,Away,,,50.9,49.1,Neutral,,,,,derived feature frame,False
066sd,2627,Myles Lewis-Skelly,ARS,"D,M",12.0,ARS,M,"D,M",286.7,487.0,286.7,12.0,4.0,4.0,,12.0,-3.0,FA,COV Fri 2:00PM,myles lewis skelly,False,True,Matched eligible,pr_3159310931b8d8cf,7.0,066sd,Myles Lewis-Skelly,Myles Lewis-Skelly,Arsenal,ARS,M,True,a,,ARS,"D,M",Confirmed,Exact Name + Club,95.0,Official FPL API,2026-07-30T01:09:03.040438+00:00,066sd,Player Registry,Exact Name + Club,ARS,Confirmed,False,Myles Lewis-Skelly,ARS,"D,M",38.0,262.0,2.0,11.0,5.0,0.0,0.0,0.1256939582526683,0.1785307899117467,0.0,4.0,666.0,12272.0,197.0,2.0,9.5,0.2894736842105263,0.625,3.7786259541984735,0.0411114524546506,0.0526315789473684,0.3333333333333333,True,True,matched by historical Fantrax ID,normalized Fantrax ID,1.0,5.0,0.625,8.0,11.0,1.717557251908397,45.45454545454545,86.2,100.0,90.6,40.0,43.64,45.32000000000001,18.4,Bench / Unknown,55.0,False,32.6,46.1,14.0,18.4,84.0,52.3,36.1,79.8,268.0,Tier 6,18.69999999999999,Value,,,Free Agent,,,,,,True,0,,,,,,,False,True,False,,,268.0,286.7,M,,,11.0,0.2894736842105263,3.7786259541984735,5.0,0.625,1.717557251908397,262.0,2.0,0.0526315789473684,0.1256939582526683,0.1785307899117467,0.0411114524546506,18.4,90.6,43.64,38.0,5.5,2.5,0.304224748164415,0.0169856700341443,0.0241257824205063,7.660818713450293,,,,,,,,,,,,,,2026-08-14T20:59:07.776936+00:00,MID,canonical primary position,arsenal,soccerdata:sofascore:16363633,2026-08-21,2026-08-21T19:00:00+00:00,Premier League,league,scheduled,1.0,False,arsenal,Arsenal,coventry_city,Coventry City,H,Home,,,55.2,44.8,Favorable,,,,,derived feature frame,False
02y6o,2627,Nathan Ake,MCI,D,13.5,,,,,,,,,,,,,,,,,,,,,,,,,,,,,,,,,,,,,,,,,,,,,,,,,,,,,,,,,,,,,,,,,,,,,,,,,,,,,,,,,,,,,,,,,,,,,,,,,,,,,,,Free Agent,,,,,,True,0,,,,,,,False,True,False,,,,,,,,,,,,,,,,,,,,,,,,,,,,,,,,,,,,,,,,,,,2026-08-14T20:59:07.776936+00:00,DEF,first valid Fantrax position,manchester_city,soccerdata:sofascore:16363243,2026-08-23,2026-08-23T13:00:00+00:00,Premier League,league,scheduled,1.0,False,manchester_city,Manchester City,afc_bournemouth,Bournemouth,H,Home,,,49.6,50.4,Neutral,,,,,derived feature frame,False
05u1m,2627,Nathan Collins,BRF,D,281.0,BRF,D,D,148.7,70.0,148.7,277.5,8.16,91.0,,69.0,-4.0,FA,TOT Sat 11:30AM,nathan collins,False,True,Matched eligible,pr_fa6a10c8eb34ae39,84.0,05u1m,Nathan Collins,Nathan Collins,Brentford,BRF,D,True,a,,BRF,D,Confirmed,Exact Name + Club,95.0,Official FPL API,2026-07-30T01:09:03.040438+00:00,05u1m,Player Registry,Exact Name + Club,BRF,Confirmed,False,Nathan Collins,BRF,D,38.0,2969.0,32.0,343.0,303.0,1.0,2.0,2.9171492680907245,2.4296576268970966,0.0,9.0,2966.0,9733.0,540.0,6.0,52.5,9.026315789473683,7.974,10.397440215560795,0.1622429604008442,0.8421052631578947,1.0,True,True,matched by historical Fantrax ID,normalized Fantrax ID,1.0,303.0,7.974,38.0,343.0,9.184910744358367,88.33819241982506,29.4,35.6,32.6,45.36666666666667,47.48,44.42,91.6,Locked Starter,90.0,False,80.4,92.3,42.6,91.6,20.9,78.0,72.57,95.5,41.0,Tier 3,107.7,Strong value,pr_fa6a10c8eb34ae39,Nathan Collins,Rostered,61fz0pmkmrp1z5vo,wmuck1,wmuck1,RESERVE,RESERVE,False,0,,,wmuck1,61fz0pmkmrp1z5vo,12.0,134.0,True,False,True,12.0,134.0,41.0,148.7,D,,,343.0,9.026315789473683,10.397440215560795,303.0,7.974,9.184910744358367,2969.0,32.0,0.8421052631578947,2.9171492680907245,2.4296576268970966,0.1622429604008442,91.6,32.6,47.48,38.0,10.71875,9.46875,5.346806894987822,0.0885176783978979,0.0737252820029462,86.81286549707602,,,,,,,,,,,,,,2026-08-14T20:59:07.776936+00:00,DEF,canonical primary position,brentford,soccerdata:sofascore:16363242,2026-08-22,2026-08-22T16:30:00+00:00,Premier League,league,scheduled,1.0,False,brentford,Brentford,tottenham_hotspur,Tottenham Hotspur,H,Home,,,51.6,48.4,Neutral,,,,,derived feature frame,False
05yct,2627,Nathan Patterson,EVE,D,12.0,EVE,D,D,,488.0,,12.0,6.0,0.0,,1.0,-1.0,FA,CRY Sat 9:00AM,nathan patterson,False,True,Matched eligible,pr_927d632bc618fc6b,234.0,05yct,Nathan Patterson,Nathan Patterson,Everton,EVE,D,True,a,,EVE,D,Confirmed,Exact Name + Club,95.0,Official FPL API,2026-07-30T01:09:03.040438+00:00,05yct,Player Registry,Exact Name + Club,EVE,Confirmed,False,Nathan Patterson,EVE,D,38.0,0.0,0.0,0.0,0.0,0.0,0.0,0.1701965481042862,0.0,0.0,0.0,241.0,10292.0,0.0,0.0,0.0,0.0,0.0,,0.063558876885418,0.0,0.0,True,True,matched by historical Fantrax ID,normalized Fantrax ID,1.0,,,,,,,18.7,43.5,29.0,42.06666666666666,41.9,42.48,0.0,Unknown / New Arrival,25.0,False,13.7,22.8,19.6,0.0,13.5,18.7,13.68,66.2,443.0,Deep,,ADP unavailable,,,Free Agent,,,,,,True,0,,,,,,,False,True,False,,,443.0,,D,,,0.0,0.0,,,,,0.0,0.0,0.0,0.1701965481042862,0.0,0.063558876885418,0.0,29.0,41.9,38.0,,,0.1701965481042862,0.063558876885418,0.0,0.0,,,,,,,,,,,,,,2026-08-14T20:59:07.776936+00:00,DEF,canonical primary position,everton,soccerdata:sofascore:16363635,2026-08-22,2026-08-22T14:00:00+00:00,Premier League,league,scheduled,1.0,False,everton,Everton,crystal_palace,Crystal Palace,H,Home,,,56.0,44.0,Favorable,,,,,derived feature frame,False
076dp,2627,Nathan Tinsdale,HUL,M,2.5,,,,,,,,,,,,,,,,,,,,,,,,,,,,,,,,,,,,,,,,,,,,,,,,,,,,,,,,,,,,,,,,,,,,,,,,,,,,,,,,,,,,,,,,,,,,,,,,,,,,,,,Free Agent,,,,,,True,0,,,,,,,False,True,False,,,,,,,,,,,,,,,,,,,,,,,,,,,,,,,,,,,,,,,,,,,2026-08-14T20:59:07.776936+00:00,MID,first valid Fantrax position,hull_city,soccerdata:sofascore:16363634,2026-08-22,2026-08-22T11:30:00+00:00,Premier League,league,scheduled,1.0,False,hull_city,Hull City,manchester_united,Manchester United,H,Home,,,32.0,68.0,Very difficult,,,,,derived feature frame,False
02t1k,2627,Nathaniel Clyne,CRY,"D,M",14.0,,,,,,,,,,,,,,,,,,,,,,,,,,,,,,,,,,,,,,,,,,,,,,,,,,,,,,,,,,,,,,,,,,,,,,,,,,,,,,,,,,,,,,,,,,,,,,,,,,,,,,,Free Agent,,,,,,True,0,,,,,,,False,True,False,,,,,,,,,,,,,,,,,,,,,,,,,,,,,,,,,,,,,,,,,,,2026-08-14T20:59:07.776936+00:00,DEF,first valid Fantrax position,crystal_palace,soccerdata:sofascore:16363635,2026-08-22,2026-08-22T14:00:00+00:00,Premier League,league,scheduled,1.0,False,crystal_palace,Crystal Palace,everton,Everton,A,Away,,,51.6,48.4,Neutral,,,,,derived feature frame,False
05a6e,2627,Neco Williams,NOT,D,332.0,NOT,D,D,62.4,27.0,62.4,332.0,10.06,100.0,,98.0,2.0,FA,LEE Sat 9:00AM,neco williams,False,True,Matched eligible,pr_7f5a0cea401fb374,469.0,05a6e,Neco Williams,Neco Williams,Nott'm Forest,NOT,D,True,a,,NOT,"D,M",Confirmed,Exact Name + Club,95.0,Official FPL API,2026-07-30T01:09:03.040438+00:00,05a6e,Player Registry,Exact Name + Club,NOT,Confirmed,False,Neco Williams,NOT,"D,M",38.0,3204.0,36.0,401.0,361.0,2.0,3.0,1.8705778289586288,4.395601957105099,0.0,36.0,3203.0,8204.0,496.0,5.0,50.0,10.552631578947368,9.5,11.264044943820224,0.1760712396958275,0.9473684210526316,0.8333333333333334,True,True,matched by historical Fantrax ID,normalized Fantrax ID,1.0,361.0,9.5,38.0,401.0,10.140449438202246,90.02493765586036,39.9,34.4,37.8,48.333333333333336,45.36,43.16,92.3,Locked Starter,90.0,False,86.1,97.7,46.3,92.3,43.2,66.2,76.82,95.5,27.0,Tier 2,35.4,Strong value,pr_7f5a0cea401fb374,Neco Williams,Rostered,hpsurdtbmrp1z5vo,Count Doku,Count Doku,ACTIVE,ACTIVE,False,0,,,Count Doku,hpsurdtbmrp1z5vo,6.0,69.0,True,False,True,6.0,69.0,27.0,62.4,D,,,401.0,10.552631578947368,11.264044943820224,361.0,9.5,10.140449438202246,3204.0,36.0,0.9473684210526316,1.8705778289586288,4.395601957105099,0.1760712396958275,92.3,37.8,45.36,38.0,11.13888888888889,10.02777777777778,6.266179786063729,0.0525607257590623,0.1235105139367652,93.6842105263158,,,,,,,,,,,,,,2026-08-14T20:59:07.776936+00:00,DEF,canonical primary position,,,,,,,,,,,,,,,,,,,,,,,,,derived feature frame,False
072at,2627,Nehemiah Oriola,BHA,F,0.0,,,,,,,,,,,,,,,,,,,,,,,,,,,,,,,,,,,,,,,,,,,,,,,,,,,,,,,,,,,,,,,,,,,,,,,,,,,,,,,,,,,,,,,,,,,,,,,,,,,,,,,Free Agent,,,,,,True,0,,,,,,,False,True,False,,,,,,,,,,,,,,,,,,,,,,,,,,,,,,,,,,,,,,,,,,,2026-08-14T20:59:07.776936+00:00,FWD,first valid Fantrax position,brighton_hove_albion,soccerdata:sofascore:16363236,2026-08-23,2026-08-23T13:00:00+00:00,Premier League,league,scheduled,1.0,False,brighton_hove_albion,Brighton & Hove Albion,aston_villa,Aston Villa,H,Home,,,39.0,61.0,Difficult,,,,,derived feature frame,False
05r2t,2627,Niall Huggins,SUN,D,0.0,,,,,,,,,,,,,,,,,,,,,,,,,,,,,,,,,,,,,,,,,,,,,,,,,,,,,,,,,,,,,,,,,,,,,,,,,,,,,,,,,,,,,,,,,,,,,,,,,,,,,,,Free Agent,,,,,,True,0,,,,,,,False,True,False,,,,,,,,,,,,,,,,,,,,,,,,,,,,,,,,,,,,,,,,,,,2026-08-14T20:59:07.776936+00:00,DEF,first valid Fantrax position,sunderland,soccerdata:sofascore:16363636,2026-08-22,2026-08-22T14:00:00+00:00,Premier League,league,scheduled,1.0,False,sunderland,Sunderland,ipswich_town,Ipswich Town,A,Away,,,44.4,55.6,Difficult,,,,,derived feature frame,False
044ei,2627,Nick Pope,NEW,G,309.5,NEW,G,G,199.8,39.0,199.8,309.5,9.1,70.0,,60.0,-3.0,FA,LIV Sun 10:30AM,nick pope,False,True,Matched eligible,pr_92087132e2564427,442.0,044ei,Nick Pope,Nick Pope,Newcastle,NEW,G,True,a,,NEW,G,Confirmed,Exact Name + Club,95.0,Official FPL API,2026-07-30T01:09:03.040438+00:00,044ei,Player Registry,Exact Name + Club,NEW,Confirmed,False,Nick Pope,NEW,G,38.0,2416.0,27.0,256.5,244.5,0.0,1.0,0.1314873248338699,0.0,0.0,0.0,2422.0,5552.0,450.0,5.0,51.5,6.75,6.434,9.555049668874172,0.0048859864719439,0.7105263157894737,0.8333333333333334,True,True,matched by historical Fantrax ID,normalized Fantrax ID,1.0,244.5,6.434,38.0,256.5,9.108029801324504,95.32163742690058,62.2,27.4,49.3,42.16666666666666,42.86,46.68,75.8,Likely Starter,90.0,False,70.0,83.1,9.5,75.8,53.2,36.6,59.03,95.5,123.0,Tier 5,76.80000000000001,Strong value,pr_92087132e2564427,Nick Pope,Rostered,cjn4stydmrp1z5vp,Robertske,Robertske,ACTIVE,ACTIVE,False,0,,,Robertske,cjn4stydmrp1z5vp,9.0,99.0,True,False,True,9.0,99.0,123.0,199.8,G,,,256.5,6.75,9.555049668874172,244.5,6.434,9.108029801324504,2416.0,27.0,0.7105263157894737,0.1314873248338699,0.0,0.0048859864719439,75.8,49.3,42.86,38.0,9.5,9.055555555555555,0.1314873248338699,0.0048859864719439,0.0,70.64327485380117,,,,,,,,,,,,,,2026-08-14T20:59:07.776936+00:00,GK,canonical primary position,newcastle_united,soccerdata:sofascore:16363246,2026-08-23,2026-08-23T15:30:00+00:00,Premier League,league,scheduled,1.0,False,newcastle_united,Newcastle United,liverpool,Liverpool FC,H,Home,,,31.6,68.4,Very difficult,,,,,derived feature frame,False
070g7,2627,Nick Woltemade,NEW,"M,F",199.5,NEW,F,"M,F",74.0,178.0,74.0,199.5,6.44,100.0,,93.0,-2.0,FA,LIV Sun 10:30AM,nick woltemade,False,True,Matched eligible,pr_2c7017dec4583e0b,463.0,070g7,Nick Woltemade,Nick Woltemade,Newcastle,NEW,F,True,a,,NEW,"M,F",Confirmed,Exact Name + Club,95.0,Official FPL API,2026-07-30T01:09:03.040438+00:00,070g7,Player Registry,Exact Name + Club,NEW,Confirmed,False,Nick Woltemade,NEW,"M,F",38.0,1528.0,19.0,154.5,73.5,7.0,3.0,8.262036986649036,2.901285449042916,0.0,22.0,1953.0,8117.0,0.0,0.0,0.0,4.065789473684211,2.827,9.100130890052355,0.5144388219212881,0.5,0.0,True,True,matched by historical Fantrax ID,normalized Fantrax ID,1.0,73.5,2.827,26.0,154.5,4.329188481675392,47.57281553398058,62.2,27.4,49.3,42.16666666666666,42.86,46.68,27.9,Rotation Risk,75.0,False,60.7,54.6,84.1,27.9,53.2,36.6,53.56,88.8,165.0,Tier 5,-91.0,Major reach,pr_2c7017dec4583e0b,Nick Woltemade,Rostered,61fz0pmkmrp1z5vo,wmuck1,wmuck1,ACTIVE,ACTIVE,False,0,,,wmuck1,61fz0pmkmrp1z5vo,8.0,86.0,True,False,True,8.0,86.0,165.0,74.0,F,,,154.5,4.065789473684211,9.100130890052355,73.5,2.827,4.329188481675392,1528.0,19.0,0.5,8.262036986649036,2.901285449042916,0.5144388219212881,27.9,49.3,42.86,38.0,8.131578947368421,3.8684210526315783,11.163322435691953,0.3807390316428127,0.1336997902784753,44.67836257309942,,,,,,,,,,,,,,2026-08-14T20:59:07.776936+00:00,FWD,canonical primary position,newcastle_united,soccerdata:sofascore:16363246,2026-08-23,2026-08-23T15:30:00+00:00,Premier League,league,scheduled,1.0,False,newcastle_united,Newcastle United,liverpool,Liverpool FC,H,Home,,,31.6,68.4,Very difficult,,,,,derived feature frame,False
06rm7,2627,Nico Gonzalez,MCI,M,22.5,MCI,M,M,,432.0,,21.5,5.38,0.0,,4.0,-2.0,FA,BOU Sun 8:00AM,nico gonzalez,False,True,Matched eligible,pr_dcef0bddc61b70c0,405.0,06rm7,Nico González Iglesias,Nico González Iglesias,Man City,MCI,M,True,a,,MCI,M,Confirmed,Ordered Token Expanded Name,85.0,Official FPL API,2026-07-30T01:09:03.040438+00:00,06rm7,Player Registry,Ordered Token Expanded Name,MCI,Confirmed,False,Nico Gonzalez,MCI,M,38.0,198.0,3.0,13.5,13.5,0.0,0.0,0.6088060820475216,0.888511345721781,0.0,11.0,1576.0,9802.0,0.0,0.0,0.0,0.3552631578947368,4.5,6.136363636363636,0.0855067059005312,0.0789473684210526,0.0,True,True,matched by historical Fantrax ID,normalized Fantrax ID,1.0,13.5,4.5,3.0,13.5,6.136363636363636,100.0,98.2,94.1,96.1,43.93333333333333,42.42,45.38,3.9,Bench / Unknown,55.0,False,36.0,67.1,24.1,3.9,96.2,30.3,37.9,79.8,259.0,Tier 6,,ADP unavailable,,,Free Agent,,,,,,True,0,,,,,,,False,True,False,,,259.0,,M,,,13.5,0.3552631578947368,6.136363636363636,13.5,4.5,6.136363636363636,198.0,3.0,0.0789473684210526,0.6088060820475216,0.888511345721781,0.0855067059005312,3.9,96.1,42.42,38.0,4.5,4.5,1.4973174277693029,0.0347668447869777,0.0507398611135534,5.789473684210527,,,,,,,,,,,,,,2026-08-14T20:59:07.776936+00:00,MID,canonical primary position,manchester_city,soccerdata:sofascore:16363243,2026-08-23,2026-08-23T13:00:00+00:00,Premier League,league,scheduled,1.0,False,manchester_city,Manchester City,afc_bournemouth,Bournemouth,H,Home,,,49.6,50.4,Neutral,,,,,derived feature frame,False
067x8,2627,Nico O'Reilly,MCI,"D,M",182.5,MCI,D,"D,M",55.4,197.0,55.4,183.5,6.55,100.0,,98.0,1.0,FA,BOU Sun 8:00AM,nico o reilly,False,True,Matched eligible,pr_9c2114f0defd99b8,387.0,067x8,Nico O'Reilly,Nico O'Reilly,Man City,MCI,D,True,a,,MCI,"D,M",Confirmed,Exact Name + Club,95.0,Official FPL API,2026-07-30T01:09:03.040438+00:00,067x8,Player Registry,Exact Name + Club,MCI,Confirmed,False,Nico OReilly,MCI,"D,M",38.0,2047.0,23.0,224.5,40.5,4.0,3.0,6.727011270821095,3.8474397435784335,0.0,23.0,2646.0,11592.0,450.0,5.0,43.5,5.907894736842105,4.05,9.870542256961407,0.3596752045714125,0.6052631578947368,0.8333333333333334,True,True,matched by historical Fantrax ID,normalized Fantrax ID,1.0,40.5,4.05,10.0,71.5,1.7806546165119688,56.64335664335665,98.2,94.1,96.1,43.93333333333333,42.42,45.38,69.4,Likely Starter,75.0,False,69.7,63.8,69.3,69.4,96.2,30.3,67.42,88.8,71.0,Tier 3,-15.6,Reach,pr_9c2114f0defd99b8,Nico O'Reilly,Rostered,rx9bjhp3mrp1z5vo,KindComet,KindComet,ACTIVE,ACTIVE,False,0,,,KindComet,rx9bjhp3mrp1z5vo,5.0,53.0,True,False,True,5.0,53.0,71.0,55.4,D,,,224.5,5.907894736842105,9.870542256961407,40.5,4.05,1.7806546165119688,2047.0,23.0,0.6052631578947368,6.727011270821095,3.8474397435784335,0.3596752045714125,69.4,96.1,42.42,38.0,9.76086956521739,1.7608695652173914,10.574451014399529,0.2288099071707855,0.130865297400627,59.853801169590646,,,,,,,,,,,,,,2026-08-14T20:59:07.776936+00:00,DEF,canonical primary position,manchester_city,soccerdata:sofascore:16363243,2026-08-23,2026-08-23T13:00:00+00:00,Premier League,league,scheduled,1.0,False,manchester_city,Manchester City,afc_bournemouth,Bournemouth,H,Home,,,49.6,50.4,Neutral,,,,,derived feature frame,False
06fy7,2627,Nicolas Dominguez,NOT,M,206.5,NOT,M,M,,167.0,,205.5,7.34,0.0,,7.0,-1.0,FA,LEE Sat 9:00AM,nicolas dominguez,False,True,Matched eligible,pr_6ddc2c677922e86f,487.0,06fy7,Nicolás Domínguez,Nicolás Domínguez,Nott'm Forest,NOT,M,True,a,,NOT,M,Confirmed,Exact Name + Club,95.0,Official FPL API,2026-07-30T01:09:03.040438+00:00,06fy7,Player Registry,Exact Name + Club,NOT,Confirmed,False,Nicolas Dominguez,NOT,M,38.0,0.0,0.0,0.0,0.0,0.0,0.0,1.0123949730768795,1.279870657250285,0.0,11.0,1210.0,8252.0,0.0,0.0,0.0,0.0,0.0,,0.1704990964706155,0.0,0.0,True,True,matched by historical Fantrax ID,normalized Fantrax ID,1.0,,,,,,,39.9,34.4,37.8,48.333333333333336,45.36,43.16,0.0,Unknown / New Arrival,25.0,False,13.7,22.8,44.7,0.0,43.2,66.2,25.17,66.2,313.0,Deep,,ADP unavailable,,,Free Agent,,,,,,True,0,,,,,,,False,True,False,,,313.0,,M,,,0.0,0.0,,,,,0.0,0.0,0.0,1.0123949730768795,1.279870657250285,0.1704990964706155,0.0,37.8,45.36,38.0,,,2.292265630327164,0.0753021054354703,0.0951969910351451,0.0,,,,,,,,,,,,,,2026-08-14T20:59:07.776936+00:00,MID,canonical primary position,,,,,,,,,,,,,,,,,,,,,,,,,derived feature frame,False
070g8,2627,Nicolo Savona,NOT,D,53.5,NOT,D,D,,280.0,,53.5,7.64,0.0,,1.0,0.0,FA,LEE Sat 9:00AM,nicolo savona,False,True,Matched eligible,pr_527ad00de7d667f9,475.0,070g8,Nicolò Savona,Nicolò Savona,Nott'm Forest,NOT,D,True,i,Knee injury - Unknown return date,NOT,D,Confirmed,Exact Name + Club,95.0,Official FPL API,2026-07-30T01:09:03.040438+00:00,070g8,Player Registry,Exact Name + Club,NOT,Confirmed,False,Nicolo Savona,NOT,D,38.0,0.0,0.0,0.0,0.0,0.0,0.0,1.2354809269309044,0.5944582391530273,0.0,6.0,1036.0,12905.0,0.0,0.0,0.0,0.0,0.0,,0.1589715491771755,0.0,0.0,True,True,matched by historical Fantrax ID,normalized Fantrax ID,1.0,,,,,,,39.9,34.4,37.8,48.333333333333336,45.36,43.16,0.0,Unknown / New Arrival,25.0,False,13.7,22.8,42.1,0.0,43.2,66.2,24.77,66.2,315.0,Deep,,ADP unavailable,,,Free Agent,,,,,,True,0,,,,,,,False,True,False,,,315.0,,D,,,0.0,0.0,,,,,0.0,0.0,0.0,1.2354809269309044,0.5944582391530273,0.1589715491771755,0.0,37.8,45.36,38.0,,,1.829939166083932,0.1073294241542291,0.0516421250229463,0.0,,,,,,,,,,,,,,2026-08-14T20:59:07.776936+00:00,DEF,canonical primary position,,,,,,,,,,,,,,,,,,,,,,,,,derived feature frame,False
06mw0,2627,Nikola Milenkovic,NOT,D,269.5,NOT,D,D,205.0,76.0,205.0,269.5,7.93,65.0,,34.0,-1.0,FA,LEE Sat 9:00AM,nikola milenkovic,False,True,Matched eligible,pr_acaab790210f98b9,471.0,06mw0,Nikola Milenković,Nikola Milenković,Nott'm Forest,NOT,D,True,a,,NOT,D,Confirmed,Exact Name + Club,95.0,Official FPL API,2026-07-30T01:09:03.040438+00:00,06mw0,Player Registry,Exact Name + Club,NOT,Confirmed,False,Nikola Milenkovic,NOT,D,38.0,2745.0,30.0,224.5,209.5,0.0,1.0,0.5094143021851772,0.2675842642784117,0.0,3.0,3360.0,6174.0,495.0,5.0,57.5,5.907894736842105,6.758,7.360655737704918,0.0208124616017032,0.7894736842105263,0.8333333333333334,True,True,matched by historical Fantrax ID,normalized Fantrax ID,1.0,209.5,6.758,31.0,224.5,6.868852459016393,93.31848552338528,39.9,34.4,37.8,48.333333333333336,45.36,43.16,83.7,Likely Starter,90.0,False,57.0,85.4,11.4,83.7,43.2,66.2,59.31,95.5,119.0,Tier 4,86.0,Strong value,pr_acaab790210f98b9,Nikola Milenković,Rostered,ayk8m85amrp1z5vo,Up the Arse-nal,Up the Arse-nal,ACTIVE,ACTIVE,False,0,,,,,,,False,False,False,,,119.0,205.0,D,,,224.5,5.907894736842105,7.360655737704918,209.5,6.758,6.868852459016393,2745.0,30.0,0.7894736842105263,0.5094143021851772,0.2675842642784117,0.0208124616017032,83.7,37.8,45.36,38.0,7.483333333333333,6.983333333333333,0.776998566463589,0.0136450259513886,0.0071674356503146,80.26315789473685,,,,,,,,,,,,,,2026-08-14T20:59:07.776936+00:00,DEF,canonical primary position,,,,,,,,,,,,,,,,,,,,,,,,,derived feature frame,False
072cd,2627,Nils Ramming,BHA,G,0.0,,,,,,,,,,,,,,,,,,,,,,,,,,,,,,,,,,,,,,,,,,,,,,,,,,,,,,,,,,,,,,,,,,,,,,,,,,,,,,,,,,,,,,,,,,,,,,,,,,,,,,,Free Agent,,,,,,True,0,,,,,,,False,True,False,,,,,,,,,,,,,,,,,,,,,,,,,,,,,,,,,,,,,,,,,,,2026-08-14T20:59:07.776936+00:00,GK,first valid Fantrax position,brighton_hove_albion,soccerdata:sofascore:16363236,2026-08-23,2026-08-23T13:00:00+00:00,Premier League,league,scheduled,1.0,False,brighton_hove_albion,Brighton & Hove Albion,aston_villa,Aston Villa,H,Home,,,39.0,61.0,Difficult,,,,,derived feature frame,False
072zs,2627,Nilson Angulo,SUN,"M,F",315.5,SUN,M,"M,F",92.5,33.0,92.5,315.5,10.88,96.0,,88.0,-3.0,FA,@IPS Sat 9:00AM,nilson angulo,False,True,Matched eligible,pr_57dcdf49fa6ad0c0,551.0,072zs,Nilson Angulo,Nilson Angulo,Sunderland,SUN,M,True,a,,SUN,"M,F",Confirmed,Exact Name + Club,95.0,Official FPL API,2026-07-30T01:09:03.040438+00:00,072zs,Player Registry,Exact Name + Club,SUN,Confirmed,False,Nilson Angulo,SUN,"M,F",38.0,0.0,0.0,0.0,0.0,0.0,0.0,0.9055802077054976,0.0528695490211248,0.0,3.0,415.0,14424.0,0.0,0.0,0.0,0.0,0.0,,0.2078565737479422,0.0,0.0,True,True,matched by historical Fantrax ID,normalized Fantrax ID,1.0,,,,,,,7.9,49.1,27.1,43.6,42.0,37.67,0.0,Unknown / New Arrival,25.0,False,13.7,22.8,51.1,0.0,3.8,23.7,17.93,66.2,397.0,Deep,-304.5,Major reach,pr_57dcdf49fa6ad0c0,Nilson Angulo,Rostered,2dxfjlk0mrp1z5vo,nhauptma,nhauptma,ACTIVE,ACTIVE,False,0,,,nhauptma,2dxfjlk0mrp1z5vo,7.0,80.0,True,False,True,7.0,80.0,397.0,92.5,M,,,0.0,0.0,,,,,0.0,0.0,0.0,0.9055802077054976,0.0528695490211248,0.2078565737479422,0.0,27.1,42.0,38.0,,,0.9584497567266224,0.1963908884180597,0.0114656853298824,0.0,,,,,,,,,,,,,,2026-08-14T20:59:07.776936+00:00,MID,canonical primary position,sunderland,soccerdata:sofascore:16363636,2026-08-22,2026-08-22T14:00:00+00:00,Premier League,league,scheduled,1.0,False,sunderland,Sunderland,ipswich_town,Ipswich Town,A,Away,,,44.4,55.6,Difficult,,,,,derived feature frame,False
070cj,2627,Noah Okafor,LEE,F,213.0,LEE,M,F,112.0,156.0,112.0,215.5,7.7,100.0,,89.0,-5.0,FA,@NOT Sat 9:00AM,noah okafor,False,True,Matched eligible,pr_73449eaf1ab68772,336.0,070cj,Noah Okafor,Noah Okafor,Leeds,LEE,M,True,a,,LEE,F,Confirmed,Exact Name + Club,95.0,Official FPL API,2026-07-30T01:09:03.040438+00:00,070cj,Player Registry,Exact Name + Club,LEE,Confirmed,False,Noah Okafor,LEE,F,38.0,648.0,9.0,90.0,60.0,2.0,2.0,6.2966967169195405,2.259315438568592,0.0,19.0,1592.0,11966.0,193.0,3.0,48.5,2.3684210526315788,4.615,12.5,0.4836941545188014,0.2368421052631578,0.5,True,True,matched by historical Fantrax ID,normalized Fantrax ID,1.0,60.0,4.615,13.0,90.0,8.333333333333332,66.66666666666666,38.1,24.1,31.1,45.56666666666666,43.0,38.71,28.0,Rotation Risk,55.0,False,72.6,67.7,82.5,28.0,30.4,42.0,57.16,79.8,139.0,Tier 5,-27.0,Major reach,pr_73449eaf1ab68772,Noah Okafor,Rostered,qwkltl98mrp1z5vp,epatel3,epatel3,RESERVE,RESERVE,False,0,,,,,,,False,False,False,,,139.0,112.0,M,,,90.0,2.3684210526315788,12.5,60.0,4.615,8.333333333333332,648.0,9.0,0.2368421052631578,6.2966967169195405,2.259315438568592,0.4836941545188014,28.0,31.1,43.0,38.0,10.0,6.666666666666667,8.556012155488133,0.3559690355042453,0.127725119014556,18.947368421052637,,,,,,,,,,,,,,2026-08-14T20:59:07.776936+00:00,MID,canonical primary position,leeds_united,soccerdata:sofascore:16363238,2026-08-22,2026-08-22T14:00:00+00:00,Premier League,league,scheduled,1.0,False,leeds_united,Leeds United,nottingham_forest,Nottingham Forest,A,Away,,,49.5,50.5,Neutral,,,,,derived feature frame,False
06y59,2627,Noah Sadiki,SUN,M,192.5,SUN,M,M,287.6,187.0,287.6,191.5,5.8,4.0,,11.0,-2.0,FA,@IPS Sat 9:00AM,noah sadiki,False,True,Matched eligible,pr_c12e367361f3c17c,545.0,06y59,Noah Sadiki,Noah Sadiki,Sunderland,SUN,M,True,a,,SUN,M,Confirmed,Exact Name + Club,95.0,Official FPL API,2026-07-30T01:09:03.040438+00:00,06y59,Player Registry,Exact Name + Club,SUN,Confirmed,False,Noah Sadiki,SUN,M,38.0,0.0,0.0,0.0,0.0,0.0,0.0,1.6188394492492075,0.929597551003098,0.0,19.0,2914.0,13716.0,0.0,0.0,0.0,0.0,0.0,,0.078709447502645,0.0,0.0,True,True,matched by historical Fantrax ID,normalized Fantrax ID,1.0,,,,,,,7.9,49.1,27.1,43.6,42.0,37.67,0.0,Unknown / New Arrival,25.0,False,13.7,22.8,22.0,0.0,3.8,23.7,13.56,66.2,449.0,Deep,-161.39999999999998,Major reach,,,Free Agent,,,,,,True,0,,,,,,,False,True,False,,,449.0,287.6,M,,,0.0,0.0,,,,,0.0,0.0,0.0,1.6188394492492075,0.929597551003098,0.078709447502645,0.0,27.1,42.0,38.0,,,2.5484370002523056,0.0499984730378959,0.028710974464749,0.0,,,,,,,,,,,,,,2026-08-14T20:59:07.776936+00:00,MID,canonical primary position,sunderland,soccerdata:sofascore:16363636,2026-08-22,2026-08-22T14:00:00+00:00,Premier League,league,scheduled,1.0,False,sunderland,Sunderland,ipswich_town,Ipswich Town,A,Away,,,44.4,55.6,Difficult,,,,,derived feature frame,False
068n8,2627,Noni Madueke,ARS,"M,F",50.5,ARS,M,"M,F",125.6,286.0,125.6,50.5,10.1,96.0,,78.0,-9.0,FA,COV Fri 2:00PM,noni madueke,False,True,Matched eligible,pr_c11c67017662dd73,16.0,068n8,Noni Madueke,Noni Madueke,Arsenal,ARS,M,True,a,,ARS,"M,F",Confirmed,Exact Name + Club,95.0,Official FPL API,2026-07-30T01:09:03.040438+00:00,068n8,Player Registry,Exact Name + Club,ARS,Confirmed,False,Noni Madueke,ARS,"M,F",38.0,964.0,13.0,99.0,86.0,1.0,0.0,1.9964179322123523,4.010977517813444,0.0,22.0,1246.0,11357.0,170.0,2.0,8.5,2.6052631578947367,2.774,9.242738589211616,0.4339210196647847,0.3421052631578947,0.3333333333333333,True,True,matched by historical Fantrax ID,normalized Fantrax ID,1.0,86.0,2.774,31.0,99.0,8.029045643153527,86.86868686868688,86.2,100.0,90.6,40.0,43.64,45.32000000000001,30.9,Rotation Risk,55.0,False,58.2,54.2,78.0,30.9,84.0,52.3,57.09,79.8,140.0,Tier 5,-14.400000000000006,Reach,,,Free Agent,,,,,,True,0,,,The Facerockers,,,,False,True,True,15.0,177.0,140.0,125.6,M,,,99.0,2.6052631578947367,9.242738589211616,86.0,2.774,8.029045643153527,964.0,13.0,0.3421052631578947,1.9964179322123523,4.010977517813444,0.4339210196647847,30.9,90.6,43.64,38.0,7.615384615384615,6.615384615384615,6.007395450025797,0.1442035424551458,0.2897174772096388,28.18713450292398,,,,,,,,,,,,,,2026-08-14T20:59:07.776936+00:00,MID,canonical primary position,arsenal,soccerdata:sofascore:16363633,2026-08-21,2026-08-21T19:00:00+00:00,Premier League,league,scheduled,1.0,False,arsenal,Arsenal,coventry_city,Coventry City,H,Home,,,55.2,44.8,Favorable,,,,,derived feature frame,False
0703c,2627,Nordi Mukiele,SUN,D,367.0,SUN,D,D,54.8,11.0,54.8,367.0,11.84,100.0,,96.0,1.0,FA,@IPS Sat 9:00AM,nordi mukiele,False,True,Matched eligible,pr_ce87cfe19ab26a49,533.0,0703c,Nordi Mukiele,Nordi Mukiele,Sunderland,SUN,D,True,a,,SUN,D,Confirmed,Exact Name + Club,95.0,Official FPL API,2026-07-30T01:09:03.040438+00:00,0703c,Player Registry,Exact Name + Club,SUN,Confirmed,False,Nordi Mukiele,SUN,D,38.0,2514.0,29.0,346.0,269.0,3.0,5.0,2.778892433270812,2.752836622297763,0.0,23.0,2793.0,5659.0,540.0,6.0,55.0,9.105263157894736,8.152,12.386634844868736,0.178251204798128,0.7631578947368421,1.0,True,True,matched by historical Fantrax ID,normalized Fantrax ID,1.0,269.0,8.152,33.0,346.0,9.630071599045346,77.74566473988439,7.9,49.1,27.1,43.6,42.0,37.67,84.7,Locked Starter,90.0,False,88.7,92.7,46.6,84.7,3.8,23.7,67.18,95.5,72.0,Tier 3,-17.200000000000003,Reach,pr_ce87cfe19ab26a49,Nordi Mukiele,Rostered,aup99ojzmrp1z5vp,The Facerockers,The Facerockers,ACTIVE,ACTIVE,False,0,,,The Facerockers,aup99ojzmrp1z5vp,4.0,40.0,True,False,True,4.0,40.0,72.0,54.8,D,,,346.0,9.105263157894736,12.386634844868736,269.0,8.152,9.630071599045346,2514.0,29.0,0.7631578947368421,2.778892433270812,2.752836622297763,0.178251204798128,84.7,27.1,42.0,38.0,11.93103448275862,9.275862068965518,5.531729055568575,0.0895454060130229,0.0887057987851051,73.50877192982456,,,,,,,,,,,,,,2026-08-14T20:59:07.776936+00:00,DEF,canonical primary position,sunderland,soccerdata:sofascore:16363636,2026-08-22,2026-08-22T14:00:00+00:00,Premier League,league,scheduled,1.0,False,sunderland,Sunderland,ipswich_town,Ipswich Town,A,Away,,,44.4,55.6,Difficult,,,,,derived feature frame,False
06p4j,2627,Noussair Mazraoui,MUN,"D,M",37.0,MUN,D,"D,M",285.3,352.0,285.3,37.0,7.4,4.0,,10.0,0.0,FA,@HUL Sat 6:30AM,noussair mazraoui,False,True,Matched eligible,pr_8ef17c294f616856,422.0,06p4j,Noussair Mazraoui,Noussair Mazraoui,Man Utd,MUN,D,True,a,,MUN,"D,M",Confirmed,Exact Name + Club,95.0,Official FPL API,2026-07-30T01:09:03.040438+00:00,06p4j,Player Registry,Exact Name + Club,MUN,Confirmed,False,Noussair Mazraoui,MUN,"D,M",38.0,128.0,2.0,19.5,15.5,0.0,0.0,0.1968064438551661,0.209487214684486,0.0,6.0,990.0,10696.0,0.0,0.0,0.0,0.5131578947368421,2.583,13.7109375,0.0369357871399683,0.0526315789473684,0.0,True,True,matched by historical Fantrax ID,normalized Fantrax ID,1.0,15.5,2.583,6.0,19.5,10.8984375,79.48717948717949,90.6,59.4,72.4,44.06666666666666,49.54,46.89,2.5,Bench / Unknown,55.0,False,69.8,52.5,13.5,2.5,83.8,84.0,48.11,79.8,196.0,Tier 6,89.30000000000001,Strong value,,,Free Agent,,,,,,True,0,,,,,,,False,True,False,,,196.0,285.3,D,,,19.5,0.5131578947368421,13.7109375,15.5,2.583,10.8984375,128.0,2.0,0.0526315789473684,0.1968064438551661,0.209487214684486,0.0369357871399683,2.5,72.4,49.54,38.0,9.75,7.75,0.4062936585396521,0.0178914948959241,0.0190442922440441,3.742690058479533,,,,,,,,,,,,,,2026-08-14T20:59:07.776936+00:00,DEF,canonical primary position,manchester_united,soccerdata:sofascore:16363634,2026-08-22,2026-08-22T11:30:00+00:00,Premier League,league,scheduled,1.0,False,manchester_united,Manchester United,hull_city,Hull City,A,Away,,,49.1,50.9,Neutral,,,,,derived feature frame,False
03frx,2627,Ola Aina,NOT,D,248.5,NOT,D,D,204.4,110.0,204.4,248.5,7.31,57.0,,33.0,5.0,FA,LEE Sat 9:00AM,ola aina,False,True,Matched eligible,pr_356e3da30e713a37,473.0,03frx,Ola Aina,Ola Aina,Nott'm Forest,NOT,D,True,a,,NOT,D,Confirmed,Exact Name + Club,95.0,Official FPL API,2026-07-30T01:09:03.040438+00:00,03frx,Player Registry,Exact Name + Club,NOT,Confirmed,False,Ola Aina,NOT,D,38.0,810.0,9.0,77.5,66.5,0.0,1.0,0.4096037317067381,0.3413420077413317,0.0,9.0,1595.0,725.0,180.0,2.0,23.5,2.039473684210526,5.115,8.61111111111111,0.0423731138246559,0.2368421052631578,0.3333333333333333,True,True,matched by historical Fantrax ID,normalized Fantrax ID,1.0,66.5,5.115,13.0,77.5,7.388888888888888,85.80645161290322,39.9,34.4,37.8,48.333333333333336,45.36,43.16,27.5,Rotation Risk,55.0,False,52.9,71.2,14.8,27.5,43.2,66.2,45.2,79.8,209.0,Tier 6,-4.599999999999994,Near market,pr_356e3da30e713a37,Ola Aina,Rostered,rx9bjhp3mrp1z5vo,KindComet,KindComet,RESERVE,RESERVE,False,0,,,KindComet,rx9bjhp3mrp1z5vo,12.0,140.0,True,False,True,12.0,140.0,209.0,204.4,D,,,77.5,2.039473684210526,8.61111111111111,66.5,5.115,7.388888888888888,810.0,9.0,0.2368421052631578,0.4096037317067381,0.3413420077413317,0.0423731138246559,27.5,37.8,45.36,38.0,8.61111111111111,7.388888888888889,0.7509457394480699,0.0231124362718535,0.0192606775528024,23.684210526315788,,,,,,,,,,,,,,2026-08-14T20:59:07.776936+00:00,DEF,canonical primary position,,,,,,,,,,,,,,,,,,,,,,,,,derived feature frame,False
076cw,2627,Oliver Dovin,COV,G,49.0,COV,G,G,288.6,294.0,288.6,49.0,5.44,4.0,,4.0,-1.0,FA,@ARS Fri 2:00PM,oliver dovin,False,True,Matched eligible,pr_7a0f331c46be60e4,171.0,076cw,Oliver Dovin,Oliver Dovin,Coventry City,COV,G,True,a,,,,New EPL Arrival,Exact Name + Club,95.0,Official FPL API,2026-07-30T01:09:03.040438+00:00,076cw,Player Registry,Exact Name + Club,COV,New EPL Arrival,False,,,,,,,,,,,,,,,,,,,,,,,,,,False,False,no 2025/26 record for bridged ID,none,0.0,,,,,,,,,,28.066666666666663,30.12,40.8,0.0,Unknown / New Arrival,25.0,False,0.0,0.0,0.0,0.0,0.0,2.3,0.23,11.2,609.0,Deep,-320.4,Major reach,,,Free Agent,,,,,,True,0,,,,,,,False,True,False,,,609.0,288.6,G,,,,,,,,,,,,,,,0.0,,30.12,,,,,,,,,,,,,,,,,,,,,2026-08-14T20:59:07.776936+00:00,GK,canonical primary position,coventry_city,soccerdata:sofascore:16363633,2026-08-21,2026-08-21T19:00:00+00:00,Premier League,league,scheduled,1.0,False,coventry_city,Coventry City,arsenal,Arsenal,A,Away,,,18.9,81.1,Very difficult,,,,,derived feature frame,False
0477b,2627,Oliver McBurnie,HUL,F,238.0,HUL,F,F,87.5,125.0,87.5,242.0,7.33,100.0,,91.0,-1.0,FA,MUN Sat 6:30AM,oliver mcburnie,False,True,Unresolved: no current FPL identity,pr_7f943b8d8ebf5823,,0477b,Oliver McBurnie,,HUL,HUL,F,False,unverified,,,,Unresolved,Unresolved,0.0,Fantrax / historical,,0477b,Player Registry,Unresolved,HUL,Unresolved,False,,,,,,,,,,,,,,,,,,,,,,,,,,False,False,no 2025/26 record for bridged ID,none,0.0,,,,,,,,,,38.13333333333333,40.5,42.74,0.0,Unknown / New Arrival,25.0,False,0.0,0.0,0.0,0.0,0.0,11.8,1.18,11.2,580.0,Deep,-492.5,Major reach,pr_7f943b8d8ebf5823,Oliver McBurnie,Rostered,ayk8m85amrp1z5vo,Up the Arse-nal,Up the Arse-nal,RESERVE,RESERVE,False,0,,,Up the Arse-nal,ayk8m85amrp1z5vo,12.0,133.0,True,False,True,12.0,133.0,580.0,87.5,F,,,,,,,,,,,,,,,0.0,,40.5,,,,,,,,,,,,,,,,,,,,,2026-08-14T20:59:07.776936+00:00,FWD,canonical primary position,hull_city,soccerdata:sofascore:16363634,2026-08-22,2026-08-22T11:30:00+00:00,Premier League,league,scheduled,1.0,False,hull_city,Hull City,manchester_united,Manchester United,H,Home,,,32.0,68.0,Very difficult,,,,,derived feature frame,False
06y26,2627,Olivier Boscagli,BHA,D,43.0,BHA,D,D,286.9,331.0,286.9,42.0,21.0,4.0,,5.0,0.0,FA,AVL Sun 8:00AM,olivier boscagli,False,True,Matched eligible,pr_25ae865fd14866d2,114.0,06y26,Olivier Boscagli,Olivier Boscagli,Brighton,BHA,D,True,a,,BHA,D,Confirmed,Exact Name + Club,95.0,Official FPL API,2026-07-30T01:09:03.040438+00:00,06y26,Player Registry,Exact Name + Club,BHA,Confirmed,False,Olivier Boscagli,BHA,D,38.0,270.0,3.0,22.0,22.0,0.0,0.0,0.0207152105867862,0.1475827321410178,0.0,3.0,801.0,3645.0,270.0,3.0,22.0,0.5789473684210527,7.333,7.333333333333334,0.0189098812053712,0.0789473684210526,0.5,True,True,matched by historical Fantrax ID,normalized Fantrax ID,1.0,22.0,7.333,3.0,22.0,7.333333333333334,100.0,,,,,,,24.7,Rotation Risk,55.0,False,41.7,90.6,10.8,24.7,0.0,0.0,32.67,69.8,289.0,Tier 6,-2.1000000000000227,Near market,,,Free Agent,,,,,,True,0,,,,,,,False,True,False,,,289.0,286.9,D,,,22.0,0.5789473684210527,7.333333333333334,22.0,7.333,7.333333333333334,270.0,3.0,0.0789473684210526,0.0207152105867862,0.1475827321410178,0.0189098812053712,24.7,,,38.0,7.333333333333333,7.333333333333333,0.168297942727804,0.0023275517513242,0.0165823294540469,7.894736842105263,,,,,,,,,,,,,,2026-08-14T20:59:07.776936+00:00,DEF,canonical primary position,brighton_hove_albion,soccerdata:sofascore:16363236,2026-08-23,2026-08-23T13:00:00+00:00,Premier League,league,scheduled,1.0,False,brighton_hove_albion,Brighton & Hove Albion,aston_villa,Aston Villa,H,Home,,,39.0,61.0,Difficult,,,,,derived feature frame,False
06kji,2627,Ollie Harrison,CHE,M,0.0,,,,,,,,,,,,,,,,,,,,,,,,,,,,,,,,,,,,,,,,,,,,,,,,,,,,,,,,,,,,,,,,,,,,,,,,,,,,,,,,,,,,,,,,,,,,,,,,,,,,,,,Free Agent,,,,,,True,0,,,,,,,False,True,False,,,,,,,,,,,,,,,,,,,,,,,,,,,,,,,,,,,,,,,,,,,2026-08-14T20:59:07.776936+00:00,MID,first valid Fantrax position,chelsea,soccerdata:sofascore:16363244,2026-08-24,2026-08-24T19:00:00+00:00,Premier League,league,scheduled,1.0,False,chelsea,Chelsea,fulham,Fulham,A,Away,,,50.9,49.1,Neutral,,,,,derived feature frame,False
073b0,2627,Ollie Shield,BRF,D,0.0,BRF,D,D,,658.0,,0.0,0.0,0.0,,0.0,0.0,FA,TOT Sat 11:30AM,ollie shield,True,False,Inactive / historical only,pr_9b1bd6894fbea78b,,073b0,Ollie Shield,,BRF,BRF,D,False,unverified,,BRF,D,Historical Only,Unresolved,0.0,Fantrax / historical,,073b0,Player Registry,Unresolved,BRF,Historical Only,False,,BRF,D,38.0,0.0,0.0,0.0,0.0,0.0,0.0,0.0,0.0,0.0,0.0,0.0,,0.0,0.0,0.0,0.0,0.0,,,0.0,0.0,True,True,matched by historical Fantrax ID,normalized Fantrax ID,1.0,,,,,,,29.4,35.6,32.6,45.36666666666667,47.48,44.42,0.0,Unknown / New Arrival,25.0,False,13.7,22.8,0.0,0.0,20.9,78.0,17.41,46.2,,,,Not draft eligible,,,Free Agent,,,,,,True,0,,,,,,,False,True,False,,,,,D,,,0.0,0.0,,,,,0.0,0.0,0.0,0.0,0.0,,0.0,32.6,47.48,38.0,,,0.0,,,0.0,,,,,,,,,,,,,,2026-08-14T20:59:07.776936+00:00,DEF,canonical primary position,brentford,soccerdata:sofascore:16363242,2026-08-22,2026-08-22T16:30:00+00:00,Premier League,league,scheduled,1.0,False,brentford,Brentford,tottenham_hotspur,Tottenham Hotspur,H,Home,,,51.6,48.4,Neutral,,,,,derived feature frame,False
05ocl,2627,Ollie Watkins,AVL,F,213.5,AVL,F,F,27.8,161.0,27.8,213.5,6.67,100.0,,100.0,0.0,FA,@BHA Sun 8:00AM,ollie watkins,False,True,Matched eligible,pr_bcbfe365b27c37f9,55.0,05ocl,Ollie Watkins,Ollie Watkins,Aston Villa,AVL,F,True,a,,AVL,F,Confirmed,Exact Name + Club,95.0,Official FPL API,2026-07-30T01:09:03.040438+00:00,05ocl,Player Registry,Exact Name + Club,AVL,Confirmed,False,Ollie Watkins,AVL,F,38.0,2829.0,33.0,335.0,167.0,16.0,4.0,18.82772558834404,2.8160216063261028,0.0,23.0,2908.0,8865.0,458.0,5.0,114.5,8.81578947368421,4.395,10.657476139978792,0.6698546243192272,0.868421052631579,0.8333333333333334,True,True,matched by historical Fantrax ID,normalized Fantrax ID,1.0,167.0,4.395,38.0,335.0,5.312831389183457,49.85074626865672,57.9,54.1,59.0,40.96666666666667,44.9,48.31,84.2,Locked Starter,90.0,False,80.6,66.5,92.1,84.2,53.4,62.1,76.35,95.5,28.0,Tier 2,-0.1999999999999993,Near market,pr_bcbfe365b27c37f9,Ollie Watkins,Rostered,h2e8dn5dmrp1z5vp,Berkshire’s Club,Berkshire’s Club,ACTIVE,ACTIVE,False,0,,,Berkshire's Club,h2e8dn5dmrp1z5vp,3.0,30.0,True,False,True,3.0,30.0,28.0,27.8,F,,,335.0,8.81578947368421,10.657476139978792,167.0,4.395,5.312831389183457,2829.0,33.0,0.868421052631579,18.82772558834404,2.8160216063261028,0.6698546243192272,84.2,59.0,44.9,38.0,10.151515151515152,5.0606060606060606,21.643747194670144,0.5827012733669064,0.0871533509523209,82.71929824561404,,,,,,,,,,,,,,2026-08-14T20:59:07.776936+00:00,FWD,canonical primary position,aston_villa,soccerdata:sofascore:16363236,2026-08-23,2026-08-23T13:00:00+00:00,Premier League,league,scheduled,1.0,False,aston_villa,Aston Villa,brighton_hove_albion,Brighton & Hove Albion,A,Away,,,38.5,61.5,Difficult,,,,,derived feature frame,False
0700t,2627,Omar Alderete,SUN,D,315.0,SUN,D,D,112.4,35.0,112.4,315.0,9.84,96.0,,86.0,-3.0,FA,@IPS Sat 9:00AM,omar alderete,False,True,Matched eligible,pr_7950f314407f0ed7,535.0,0700t,Omar Alderete,Omar Alderete,Sunderland,SUN,D,True,a,,SUN,D,Confirmed,Exact Name + Club,95.0,Official FPL API,2026-07-30T01:09:03.040438+00:00,0700t,Player Registry,Exact Name + Club,SUN,Confirmed,False,Omar Alderete,SUN,D,38.0,2490.0,29.0,311.0,283.0,1.0,0.0,1.5455667236819857,0.6074565481394525,0.0,9.0,2808.0,8986.0,354.0,5.0,34.5,8.18421052631579,8.844,11.240963855421686,0.069007156148123,0.7631578947368421,0.8333333333333334,True,True,matched by historical Fantrax ID,normalized Fantrax ID,1.0,283.0,8.844,32.0,311.0,10.228915662650603,90.9967845659164,7.9,49.1,27.1,43.6,42.0,37.67,72.4,Likely Starter,90.0,False,82.0,95.6,20.1,72.4,3.8,23.7,59.18,95.5,121.0,Tier 5,-8.599999999999994,Reach,pr_7950f314407f0ed7,Omar Alderete,Rostered,aup99ojzmrp1z5vp,The Facerockers,The Facerockers,RESERVE,RESERVE,False,0,,,The Facerockers,aup99ojzmrp1z5vp,12.0,136.0,True,False,True,12.0,136.0,121.0,112.4,D,,,311.0,8.18421052631579,11.240963855421686,283.0,8.844,10.228915662650603,2490.0,29.0,0.7631578947368421,1.5455667236819857,0.6074565481394525,0.069007156148123,72.4,27.1,42.0,38.0,10.724137931034482,9.758620689655173,2.1530232718214384,0.0495373949898072,0.0194697611583157,72.80701754385966,,,,,,,,,,,,,,2026-08-14T20:59:07.776936+00:00,DEF,canonical primary position,sunderland,soccerdata:sofascore:16363636,2026-08-22,2026-08-22T14:00:00+00:00,Premier League,league,scheduled,1.0,False,sunderland,Sunderland,ipswich_town,Ipswich Town,A,Away,,,44.4,55.6,Difficult,,,,,derived feature frame,False
06rf9,2627,Omar Marmoush,MCI,F,38.0,MCI,F,F,135.1,346.0,135.1,39.0,9.75,96.0,,78.0,-8.0,FA,BOU Sun 8:00AM,omar marmoush,False,True,Matched eligible,pr_7fdb04b7b709b28d,401.0,06rf9,Omar Marmoush,Omar Marmoush,Man City,MCI,F,True,a,,MCI,"M,F",Confirmed,Exact Name + Club,95.0,Official FPL API,2026-07-30T01:09:03.040438+00:00,06rf9,Player Registry,Exact Name + Club,MCI,Confirmed,False,Omar Marmoush,MCI,"M,F",38.0,454.0,6.0,65.0,36.0,1.0,3.0,3.7653643824160095,2.126938968896866,0.0,12.0,693.0,8393.0,0.0,0.0,0.0,1.7105263157894737,1.636,12.88546255506608,0.7652342014692046,0.1578947368421052,0.0,True,True,matched by historical Fantrax ID,normalized Fantrax ID,1.0,36.0,1.636,22.0,65.0,7.136563876651983,55.38461538461539,98.2,94.1,96.1,43.93333333333333,42.42,45.38,8.5,Bench / Unknown,55.0,False,72.8,48.3,94.4,8.5,96.2,30.3,57.61,79.8,135.0,Tier 5,0.0999999999999943,Near market,pr_7fdb04b7b709b28d,Omar Marmoush,Rostered,hpsurdtbmrp1z5vo,Count Doku,Count Doku,RESERVE,RESERVE,False,0,,,Count Doku,hpsurdtbmrp1z5vo,14.0,165.0,True,False,True,14.0,165.0,135.0,135.1,F,,,65.0,1.7105263157894737,12.88546255506608,36.0,1.636,7.136563876651983,454.0,6.0,0.1578947368421052,3.7653643824160095,2.126938968896866,0.7652342014692046,8.5,96.1,42.42,38.0,10.833333333333334,6.0,5.892303351312876,0.4890083613527284,0.2762258401164761,13.27485380116959,,,,,,,,,,,,,,2026-08-14T20:59:07.776936+00:00,FWD,canonical primary position,manchester_city,soccerdata:sofascore:16363243,2026-08-23,2026-08-23T13:00:00+00:00,Premier League,league,scheduled,1.0,False,manchester_city,Manchester City,afc_bournemouth,Bournemouth,H,Home,,,49.6,50.4,Neutral,,,,,derived feature frame,False
05ubv,2627,Omari Hutchinson,NOT,"M,F",262.0,NOT,M,"M,F",138.4,91.0,138.4,262.0,8.73,96.0,,71.0,-7.0,FA,LEE Sat 9:00AM,omari hutchinson,False,True,Matched eligible,pr_349bf26c4a84567c,484.0,05ubv,Omari Hutchinson,Omari Hutchinson,Nott'm Forest,NOT,M,True,a,,IPS/NOT,"M,F",Transferred,Exact Name + Club,95.0,Official FPL API,2026-07-30T01:09:03.040438+00:00,05ubv,Player Registry,Exact Name + Club,NOT,Transferred,False,Omari Hutchinson,IPS/NOT,"M,F",38.0,651.0,8.0,63.0,55.0,0.0,1.0,2.177718644961714,4.93152955174446,0.0,33.0,1664.0,10348.0,66.0,1.0,7.5,1.6578947368421053,6.875,8.709677419354838,0.3845146260237714,0.2105263157894736,0.1666666666666666,True,True,matched by historical Fantrax ID,normalized Fantrax ID,1.0,55.0,6.875,8.0,63.0,7.603686635944701,87.3015873015873,39.9,34.4,37.8,48.333333333333336,45.36,43.16,9.2,Bench / Unknown,40.0,True,52.4,86.7,73.5,9.2,43.2,66.2,52.54,73.0,169.0,Tier 5,-30.599999999999994,Major reach,,,Free Agent,,,,,,True,0,,,,,,,False,True,False,,,169.0,138.4,M,,,63.0,1.6578947368421053,8.709677419354838,55.0,6.875,7.603686635944701,651.0,8.0,0.2105263157894736,2.177718644961714,4.93152955174446,0.3845146260237714,9.2,37.8,45.36,38.0,7.875,6.875,7.109248196706174,0.1177852632491311,0.2667293627746402,19.035087719298247,,,,,,,,,,,,,,2026-08-14T20:59:07.776936+00:00,MID,canonical primary position,,,,,,,,,,,,,,,,,,,,,,,,,derived feature frame,False
05ye7,2627,Oscar Bobb,FUL,M,203.5,FUL,M,M,148.1,171.0,148.1,202.5,7.23,100.0,,73.0,-5.0,FA,CHE Mon 2:00PM,oscar bobb,False,True,Matched eligible,pr_a0da41ebcb83456b,264.0,05ye7,Oscar Bobb,Oscar Bobb,Fulham,FUL,M,True,a,,MCI/FUL,M,Transferred,Exact Name + Club,95.0,Official FPL API,2026-07-30T01:09:03.040438+00:00,05ye7,Player Registry,Exact Name + Club,FUL,Transferred,False,Oscar Bobb,MCI/FUL,M,38.0,439.0,6.0,46.0,39.0,0.0,1.0,1.429103115573525,2.017092976719141,0.0,22.0,1046.0,11903.0,0.0,0.0,0.0,1.2105263157894737,3.545,9.430523917995444,0.2965178282087379,0.1578947368421052,0.0,True,True,matched by historical Fantrax ID,normalized Fantrax ID,1.0,39.0,3.545,11.0,46.0,7.995444191343963,84.78260869565217,33.8,50.9,42.5,48.0,41.08,42.540000000000006,0.3,Bench / Unknown,40.0,True,55.4,60.8,63.5,0.3,38.0,15.4,40.64,73.0,238.0,Tier 6,-89.9,Major reach,pr_a0da41ebcb83456b,Oscar Bobb,Rostered,h1vdt8ynmrp1z5vp,Pot Splashers,Pot Splashers,RESERVE,RESERVE,False,0,,,Pot Splashers,h1vdt8ynmrp1z5vp,15.0,169.0,True,False,True,15.0,169.0,238.0,148.1,M,,,46.0,1.2105263157894737,9.430523917995444,39.0,3.545,7.995444191343963,439.0,6.0,0.1578947368421052,1.429103115573525,2.017092976719141,0.2965178282087379,0.3,42.5,41.08,38.0,7.666666666666667,6.5,3.446196092292666,0.1229629831755423,0.1735548450331956,12.83625730994152,,,,,,,,,,,,,,2026-08-14T20:59:07.776936+00:00,MID,canonical primary position,fulham,soccerdata:sofascore:16363244,2026-08-24,2026-08-24T19:00:00+00:00,Premier League,league,scheduled,1.0,False,fulham,Fulham,chelsea,Chelsea,H,Home,,,35.8,64.2,Difficult,,,,,derived feature frame,False
076cy,2627,Oscar Varney,COV,G,0.0,,,,,,,,,,,,,,,,,,,,,,,,,,,,,,,,,,,,,,,,,,,,,,,,,,,,,,,,,,,,,,,,,,,,,,,,,,,,,,,,,,,,,,,,,,,,,,,,,,,,,,,Free Agent,,,,,,True,0,,,,,,,False,True,False,,,,,,,,,,,,,,,,,,,,,,,,,,,,,,,,,,,,,,,,,,,2026-08-14T20:59:07.776936+00:00,GK,first valid Fantrax position,coventry_city,soccerdata:sofascore:16363633,2026-08-21,2026-08-21T19:00:00+00:00,Premier League,league,scheduled,1.0,False,coventry_city,Coventry City,arsenal,Arsenal,A,Away,,,18.9,81.1,Very difficult,,,,,derived feature frame,False
0643r,2627,Owen Bevan,BOU,D,0.0,,,,,,,,,,,,,,,,,,,,,,,,,,,,,,,,,,,,,,,,,,,,,,,,,,,,,,,,,,,,,,,,,,,,,,,,,,,,,,,,,,,,,,,,,,,,,,,,,,,,,,,Free Agent,,,,,,True,0,,,,,,,False,True,False,,,,,,,,,,,,,,,,,,,,,,,,,,,,,,,,,,,,,,,,,,,2026-08-14T20:59:07.776936+00:00,DEF,first valid Fantrax position,afc_bournemouth,soccerdata:sofascore:16363243,2026-08-23,2026-08-23T13:00:00+00:00,Premier League,league,scheduled,1.0,False,afc_bournemouth,Bournemouth,manchester_city,Manchester City,A,Away,,,16.8,83.2,Very difficult,,,,,derived feature frame,False
03jlw,2627,Paddy McNair,HUL,D,31.0,HUL,D,D,,392.0,,31.0,5.17,0.0,,0.0,0.0,FA,MUN Sat 6:30AM,paddy mcnair,False,True,Matched eligible,pr_9c0382a9cd8c69be,285.0,03jlw,Paddy McNair,Paddy McNair,Hull City,HUL,D,True,a,,,,New EPL Arrival,Exact Name + Club,95.0,Official FPL API,2026-07-30T01:09:03.040438+00:00,03jlw,Player Registry,Exact Name + Club,HUL,New EPL Arrival,False,,,,,,,,,,,,,,,,,,,,,,,,,,False,False,no 2025/26 record for bridged ID,none,0.0,,,,,,,,,,38.13333333333333,40.5,42.74,0.0,Unknown / New Arrival,25.0,False,0.0,0.0,0.0,0.0,0.0,11.8,1.18,11.2,577.0,Deep,,ADP unavailable,,,Free Agent,,,,,,True,0,,,,,,,False,True,False,,,577.0,,D,,,,,,,,,,,,,,,0.0,,40.5,,,,,,,,,,,,,,,,,,,,,2026-08-14T20:59:07.776936+00:00,DEF,canonical primary position,hull_city,soccerdata:sofascore:16363634,2026-08-22,2026-08-22T11:30:00+00:00,Premier League,league,scheduled,1.0,False,hull_city,Hull City,manchester_united,Manchester United,H,Home,,,32.0,68.0,Very difficult,,,,,derived feature frame,False
05w7t,2627,Pape Sarr,TOT,M,41.0,TOT,M,M,286.5,342.0,286.5,40.0,10.0,4.0,,6.0,1.0,FA,@BRF Sat 11:30AM,pape sarr,False,True,Matched eligible,pr_010a78223f8fc1bb,518.0,05w7t,Pape Matar Sarr,Pape Matar Sarr,Spurs,TOT,M,True,a,,TOT,M,Confirmed,Ordered Token Expanded Name,85.0,Official FPL API,2026-07-30T01:09:03.040438+00:00,05w7t,Player Registry,Ordered Token Expanded Name,TOT,Confirmed,False,Pape Sarr,TOT,M,38.0,696.0,7.0,89.0,56.0,2.0,2.0,2.0473633054643865,2.433566828258335,0.0,11.0,1347.0,9021.0,0.0,0.0,0.0,2.3421052631578947,3.294,11.508620689655173,0.299393995571674,0.1842105263157894,0.0,True,True,matched by historical Fantrax ID,normalized Fantrax ID,1.0,56.0,3.294,17.0,89.0,7.241379310344827,62.92134831460674,30.7,33.2,33.3,51.5,51.620000000000005,49.47,11.8,Bench / Unknown,55.0,False,68.8,59.6,63.8,11.8,28.3,96.5,54.0,79.8,163.0,Tier 5,123.5,Strong value,,,Free Agent,,,,,,True,0,,,,,,,False,True,False,,,163.0,286.5,M,,,89.0,2.3421052631578947,11.508620689655173,56.0,3.294,7.241379310344827,696.0,7.0,0.1842105263157894,2.0473633054643865,2.433566828258335,0.299393995571674,11.8,33.3,51.620000000000005,38.0,12.714285714285714,8.0,4.480930133722722,0.1367948756435002,0.1625991199281738,20.350877192982452,,,,,,,,,,,,,,2026-08-14T20:59:07.776936+00:00,MID,canonical primary position,tottenham_hotspur,soccerdata:sofascore:16363242,2026-08-22,2026-08-22T16:30:00+00:00,Premier League,league,scheduled,1.0,False,tottenham_hotspur,Tottenham Hotspur,brentford,Brentford,A,Away,,,55.1,44.9,Favorable,,,,,derived feature frame,False
04fk1,2627,Pascal Gross,BHA,M,317.5,BHA,M,M,32.7,32.0,32.7,318.0,10.26,100.0,,95.0,2.0,FA,AVL Sun 8:00AM,pascal gross,False,True,Matched eligible,pr_9bde7d9c1f7c1b22,124.0,04fk1,Pascal Groß,Pascal Groß,Brighton,BHA,M,True,a,,BHA,M,Confirmed,Exact Name + Club,95.0,Official FPL API,2026-07-30T01:09:03.040438+00:00,04fk1,Player Registry,Exact Name + Club,BHA,Confirmed,False,Pascal Gross,BHA,M,38.0,1615.0,18.0,237.0,186.0,1.0,6.0,1.252993337810039,3.294188858941197,0.0,39.0,1635.0,239.0,540.0,6.0,81.0,6.2368421052631575,10.333,13.207430340557275,0.2503036071606185,0.4736842105263157,1.0,True,True,matched by historical Fantrax ID,normalized Fantrax ID,1.0,186.0,10.333,18.0,237.0,10.36532507739938,78.48101265822784,,,,,,,68.4,Likely Starter,75.0,False,85.6,98.7,60.1,68.4,0.0,0.0,63.17,78.8,92.0,Tier 4,-59.3,Major reach,pr_9bde7d9c1f7c1b22,Pascal Groß,Rostered,w2mnqywumrp1z5vp,tpem,tpem,ACTIVE,ACTIVE,False,0,,,tpem,w2mnqywumrp1z5vp,4.0,47.0,True,False,True,4.0,47.0,92.0,32.7,M,,,237.0,6.2368421052631575,13.207430340557275,186.0,10.333,10.36532507739938,1615.0,18.0,0.4736842105263157,1.252993337810039,3.294188858941197,0.2503036071606185,68.4,,,38.0,13.166666666666666,10.333333333333334,4.547182196751236,0.0689721103381672,0.1813314968224512,47.22222222222222,,,,,,,,,,,,,,2026-08-14T20:59:07.776936+00:00,MID,canonical primary position,brighton_hove_albion,soccerdata:sofascore:16363236,2026-08-23,2026-08-23T13:00:00+00:00,Premier League,league,scheduled,1.0,False,brighton_hove_albion,Brighton & Hove Albion,aston_villa,Aston Villa,H,Home,,,39.0,61.0,Difficult,,,,,derived feature frame,False
05mzz,2627,Pascal Struijk,BHA,D,283.0,BHA,D,D,130.9,57.0,130.9,285.0,8.91,100.0,,76.0,-4.0,FA,AVL Sun 8:00AM,pascal struijk,False,True,Matched eligible,pr_eb0b754e571da0e8,328.0,05mzz,Pascal Struijk,Pascal Struijk,Brighton,BHA,D,True,a,,LEE,D,Transferred,Exact Name + Club,95.0,Official FPL API,2026-07-30T01:09:03.040438+00:00,05mzz,Player Registry,Exact Name + Club,BHA,Transferred,False,Pascal Struijk,LEE,D,38.0,1577.0,18.0,194.5,175.5,0.0,1.0,2.9673873428255315,1.0937221096828575,0.0,12.0,2940.0,8717.0,415.0,5.0,34.5,5.118421052631579,8.775,11.1001902346227,0.1243196771176037,0.4736842105263157,0.8333333333333334,True,True,matched by historical Fantrax ID,normalized Fantrax ID,1.0,175.5,8.775,20.0,194.5,10.015852885225112,90.23136246786632,,,,,,,51.3,Likely Rotation,60.0,True,74.1,95.0,32.8,51.3,0.0,0.0,51.65,72.0,174.0,Tier 5,-43.1,Major reach,pr_eb0b754e571da0e8,Pascal Struijk,Rostered,rx9bjhp3mrp1z5vo,KindComet,KindComet,ACTIVE,ACTIVE,False,0,,,KindComet,rx9bjhp3mrp1z5vo,15.0,173.0,True,False,True,15.0,173.0,174.0,130.9,D,,,194.5,5.118421052631579,11.1001902346227,175.5,8.775,10.015852885225112,1577.0,18.0,0.4736842105263157,2.9673873428255315,1.0937221096828575,0.1243196771176037,51.3,,,38.0,10.805555555555555,9.75,4.061109452508389,0.0908383880456795,0.0334812890719242,46.11111111111112,,,,,,,,,,,,,,2026-08-14T20:59:07.776936+00:00,DEF,canonical primary position,brighton_hove_albion,soccerdata:sofascore:16363236,2026-08-23,2026-08-23T13:00:00+00:00,Premier League,league,scheduled,1.0,False,brighton_hove_albion,Brighton & Hove Albion,aston_villa,Aston Villa,H,Home,,,39.0,61.0,Difficult,,,,,derived feature frame,False
06rlj,2627,Patrick Dorgu,MUN,"D,M",78.5,MUN,M,"D,M",40.9,241.0,40.9,73.5,12.25,100.0,,97.0,0.0,FA,@HUL Sat 6:30AM,patrick dorgu,False,True,Matched eligible,pr_a36ef466ba952a14,415.0,06rlj,Patrick Dorgu,Patrick Dorgu,Man Utd,MUN,M,True,a,,MUN,"D,M",Confirmed,Exact Name + Club,95.0,Official FPL API,2026-07-30T01:09:03.040438+00:00,06rlj,Player Registry,Exact Name + Club,MUN,Confirmed,False,Patrick Dorgu,MUN,"D,M",38.0,1434.0,15.0,272.0,197.0,4.0,4.0,2.987284906208515,3.111286889761686,0.0,27.0,1436.0,11944.0,111.0,1.0,41.0,7.157894736842105,5.794,17.07112970711297,0.3822224663212522,0.3947368421052631,0.1666666666666666,True,True,matched by historical Fantrax ID,normalized Fantrax ID,1.0,197.0,5.794,34.0,272.0,12.364016736401672,72.42647058823529,90.6,59.4,72.4,44.06666666666666,49.54,46.89,32.5,Rotation Risk,75.0,False,90.6,77.1,73.3,32.5,83.8,84.0,73.03,88.8,40.0,Tier 3,0.8999999999999986,Near market,pr_a36ef466ba952a14,Patrick Dorgu,Rostered,qwkltl98mrp1z5vp,epatel3,epatel3,ACTIVE,ACTIVE,False,0,,,epatel3,qwkltl98mrp1z5vp,3.0,34.0,True,False,True,3.0,34.0,40.0,40.9,M,,,272.0,7.157894736842105,17.07112970711297,197.0,5.794,12.364016736401672,1434.0,15.0,0.3947368421052631,2.987284906208515,3.111286889761686,0.3822224663212522,32.5,72.4,49.54,38.0,18.133333333333333,13.133333333333333,6.0985717959702015,0.1872253771300601,0.194997089191192,41.92982456140352,,,,,,,,,,,,,,2026-08-14T20:59:07.776936+00:00,MID,canonical primary position,manchester_united,soccerdata:sofascore:16363634,2026-08-22,2026-08-22T11:30:00+00:00,Premier League,league,scheduled,1.0,False,manchester_united,Manchester United,hull_city,Hull City,A,Away,,,49.1,50.9,Neutral,,,,,derived feature frame,False
06crm,2627,Pau Torres,AVL,D,199.0,AVL,D,D,288.4,179.0,288.4,199.0,6.63,4.0,,7.0,-2.0,FA,@BHA Sun 8:00AM,pau torres,False,True,Matched eligible,pr_b1a354ac3b584cb0,34.0,06crm,Pau Torres,Pau Torres,Aston Villa,AVL,D,True,a,,AVL,D,Confirmed,Exact Name + Club,95.0,Official FPL API,2026-07-30T01:09:03.040438+00:00,06crm,Player Registry,Exact Name + Club,AVL,Confirmed,False,Pau Torres,AVL,D,38.0,0.0,0.0,0.0,0.0,0.0,0.0,1.5826024003326888,0.006894074846059,0.0,1.0,1679.0,6221.0,0.0,0.0,0.0,0.0,0.0,,0.085202312546806,0.0,0.0,True,True,matched by historical Fantrax ID,normalized Fantrax ID,1.0,,,,,,,57.9,54.1,59.0,40.96666666666667,44.9,48.31,0.0,Unknown / New Arrival,25.0,False,13.7,22.8,23.8,0.0,53.4,62.1,22.63,66.2,336.0,Deep,-47.60000000000002,Major reach,,,Free Agent,,,,,,True,0,,,,,,,False,True,False,,,336.0,288.4,D,,,0.0,0.0,,,,,0.0,0.0,0.0,1.5826024003326888,0.006894074846059,0.085202312546806,0.0,59.0,44.9,38.0,,,1.589496475178748,0.0848327671411209,0.0003695454056851,0.0,,,,,,,,,,,,,,2026-08-14T20:59:07.776936+00:00,DEF,canonical primary position,aston_villa,soccerdata:sofascore:16363236,2026-08-23,2026-08-23T13:00:00+00:00,Premier League,league,scheduled,1.0,False,aston_villa,Aston Villa,brighton_hove_albion,Brighton & Hove Albion,A,Away,,,38.5,61.5,Difficult,,,,,derived feature frame,False
056iy,2627,Pedro Neto,CHE,"M,F",318.0,CHE,M,"M,F",41.0,34.0,41.0,315.5,10.88,100.0,,99.0,0.0,FA,@FUL Mon 2:00PM,pedro neto,False,True,Matched eligible,pr_2fd3c5759a893d42,156.0,056iy,Pedro Lomba Neto,Pedro Lomba Neto,Chelsea,CHE,M,True,a,,CHE,"M,F",Confirmed,Ordered Token Expanded Name,85.0,Official FPL API,2026-07-30T01:09:03.040438+00:00,056iy,Player Registry,Ordered Token Expanded Name,CHE,Confirmed,False,Pedro Neto,CHE,"M,F",38.0,2627.0,30.0,308.5,212.5,5.0,7.0,5.149658527225255,7.9338382445275775,0.0,53.0,2667.0,6382.0,332.0,4.0,39.0,8.118421052631579,5.592,10.56909021697754,0.4415128269432901,0.7894736842105263,0.6666666666666666,True,True,matched by historical Fantrax ID,normalized Fantrax ID,1.0,212.5,5.592,38.0,308.5,7.280167491435098,68.88168557536467,68.4,56.8,65.6,50.53333333333333,46.98,47.54,71.6,Likely Starter,90.0,False,78.7,76.0,80.2,71.6,63.8,71.8,74.91,95.5,31.0,Tier 2,10.0,Value,pr_2fd3c5759a893d42,Pedro Lomba Neto,Rostered,aup99ojzmrp1z5vp,The Facerockers,The Facerockers,ACTIVE,ACTIVE,False,0,,,The Facerockers,aup99ojzmrp1z5vp,3.0,33.0,True,False,True,3.0,33.0,31.0,41.0,M,,,308.5,8.118421052631579,10.56909021697754,212.5,5.592,7.280167491435098,2627.0,30.0,0.7894736842105263,5.149658527225255,7.9338382445275775,0.4415128269432901,71.6,65.6,46.98,38.0,10.283333333333331,7.083333333333333,13.083496771752833,0.1737792528872414,0.2677335740560487,76.81286549707602,,,,,,,,,,,,,,2026-08-14T20:59:07.776936+00:00,MID,canonical primary position,chelsea,soccerdata:sofascore:16363244,2026-08-24,2026-08-24T19:00:00+00:00,Premier League,league,scheduled,1.0,False,chelsea,Chelsea,fulham,Fulham,A,Away,,,50.9,49.1,Neutral,,,,,derived feature frame,False
05n07,2627,Pedro Porro,TOT,D,343.5,TOT,D,D,31.8,22.0,31.8,343.0,11.43,100.0,,99.0,0.0,FA,@BRF Sat 11:30AM,pedro porro,False,True,Matched eligible,pr_592b6b0e9ba95955,499.0,05n07,Pedro Porro Sauceda,Pedro Porro Sauceda,Spurs,TOT,D,True,a,,TOT,D,Confirmed,Ordered Token Expanded Name,85.0,Official FPL API,2026-07-30T01:09:03.040438+00:00,05n07,Player Registry,Ordered Token Expanded Name,TOT,Confirmed,False,Pedro Porro,TOT,D,38.0,2791.0,32.0,388.5,337.5,1.0,3.0,1.402891759760677,4.247651634737848,0.0,53.0,2815.0,6912.0,540.0,6.0,105.0,10.223684210526317,8.882,12.527767825152274,0.1806568047974661,0.8421052631578947,1.0,True,True,matched by historical Fantrax ID,normalized Fantrax ID,1.0,337.5,8.882,38.0,388.5,10.8831959871014,86.87258687258688,30.7,33.2,33.3,51.5,51.620000000000005,49.47,89.5,Locked Starter,90.0,False,90.9,95.8,47.4,89.5,28.3,96.5,79.12,95.5,20.0,Tier 2,11.8,Value,pr_592b6b0e9ba95955,Pedro Porro Sauceda,Rostered,w2mnqywumrp1z5vp,tpem,tpem,ACTIVE,ACTIVE,False,0,,,tpem,w2mnqywumrp1z5vp,3.0,26.0,True,False,True,3.0,26.0,20.0,31.8,D,,,388.5,10.223684210526317,12.527767825152274,337.5,8.882,10.8831959871014,2791.0,32.0,0.8421052631578947,1.402891759760677,4.247651634737848,0.1806568047974661,89.5,33.3,51.620000000000005,38.0,12.140625,10.546875,5.650543394498525,0.044852667274764,0.1358041375227021,81.60818713450291,,,,,,,,,,,,,,2026-08-14T20:59:07.776936+00:00,DEF,canonical primary position,tottenham_hotspur,soccerdata:sofascore:16363242,2026-08-22,2026-08-22T16:30:00+00:00,Premier League,league,scheduled,1.0,False,tottenham_hotspur,Tottenham Hotspur,brentford,Brentford,A,Away,,,55.1,44.9,Favorable,,,,,derived feature frame,False
076do,2627,Pharrell Brown,HUL,M,0.0,,,,,,,,,,,,,,,,,,,,,,,,,,,,,,,,,,,,,,,,,,,,,,,,,,,,,,,,,,,,,,,,,,,,,,,,,,,,,,,,,,,,,,,,,,,,,,,,,,,,,,,Free Agent,,,,,,True,0,,,,,,,False,True,False,,,,,,,,,,,,,,,,,,,,,,,,,,,,,,,,,,,,,,,,,,,2026-08-14T20:59:07.776936+00:00,MID,first valid Fantrax position,hull_city,soccerdata:sofascore:16363634,2026-08-22,2026-08-22T11:30:00+00:00,Premier League,league,scheduled,1.0,False,hull_city,Hull City,manchester_united,Manchester United,H,Home,,,32.0,68.0,Very difficult,,,,,derived feature frame,False
04abb,2627,Phil Foden,MCI,M,52.5,MCI,M,M,56.2,285.0,56.2,51.0,10.2,100.0,,98.0,-1.0,FA,BOU Sun 8:00AM,phil foden,False,True,Matched eligible,pr_2c235dc85cd697f4,398.0,04abb,Phil Foden,Phil Foden,Man City,MCI,M,True,a,,MCI,"M,F",Confirmed,Exact Name + Club,95.0,Official FPL API,2026-07-30T01:09:03.040438+00:00,04abb,Player Registry,Exact Name + Club,MCI,Confirmed,False,Phil Foden,MCI,"M,F",38.0,2071.0,23.0,327.5,226.5,7.0,5.0,6.688582047820091,6.107132508419453,0.0,53.0,2083.0,6055.0,256.0,2.0,41.0,8.618421052631579,5.961,14.232254949299856,0.5528633269618622,0.6052631578947368,0.3333333333333333,True,True,matched by historical Fantrax ID,normalized Fantrax ID,1.0,226.5,5.961,38.0,327.5,9.8430709802028,69.16030534351145,98.2,94.1,96.1,43.93333333333333,42.42,45.38,53.9,Likely Rotation,75.0,False,92.9,78.0,86.0,53.9,96.2,30.3,75.9,88.8,29.0,Tier 2,27.200000000000003,Strong value,pr_2c235dc85cd697f4,Phil Foden,Rostered,w2mnqywumrp1z5vp,tpem,tpem,ACTIVE,ACTIVE,False,0,,,tpem,w2mnqywumrp1z5vp,6.0,71.0,True,False,True,6.0,71.0,29.0,56.2,M,,,327.5,8.618421052631579,14.232254949299856,226.5,5.961,9.8430709802028,2071.0,23.0,0.6052631578947368,6.688582047820091,6.107132508419453,0.5528633269618622,53.9,96.1,42.42,38.0,14.23913043478261,9.847826086956522,12.795714556239544,0.2889929833431628,0.2638703436186994,60.55555555555555,,,,,,,,,,,,,,2026-08-14T20:59:07.776936+00:00,MID,canonical primary position,manchester_city,soccerdata:sofascore:16363243,2026-08-23,2026-08-23T13:00:00+00:00,Premier League,league,scheduled,1.0,False,manchester_city,Manchester City,afc_bournemouth,Bournemouth,H,Home,,,49.6,50.4,Neutral,,,,,derived feature frame,False
070hq,2627,Piero Hincapie,ARS,D,88.5,ARS,D,D,132.5,232.0,132.5,88.5,11.06,100.0,,81.0,-5.0,FA,COV Fri 2:00PM,piero hincapie,False,True,Matched eligible,pr_445c0f8f063b30ec,9.0,070hq,Piero Hincapié,Piero Hincapié,Arsenal,ARS,D,True,a,,ARS,D,Confirmed,Exact Name + Club,95.0,Official FPL API,2026-07-30T01:09:03.040438+00:00,070hq,Player Registry,Exact Name + Club,ARS,Confirmed,False,Piero Hincapie,ARS,D,38.0,989.0,11.0,114.5,93.5,0.0,1.0,0.4126348299905657,2.127407260239124,0.0,13.0,1786.0,9911.0,288.0,3.0,32.0,3.013157894736842,5.5,10.419615773508594,0.1279976417249003,0.2894736842105263,0.5,True,True,matched by historical Fantrax ID,normalized Fantrax ID,1.0,93.5,5.5,17.0,114.5,8.508594539939333,81.6593886462882,86.2,100.0,90.6,40.0,43.64,45.32000000000001,38.4,Rotation Risk,55.0,False,66.2,74.5,33.9,38.4,84.0,52.3,57.41,79.8,138.0,Tier 5,-5.5,Near market,pr_445c0f8f063b30ec,Piero Hincapié,Rostered,h1vdt8ynmrp1z5vp,Pot Splashers,Pot Splashers,ACTIVE,ACTIVE,False,0,,,Pot Splashers,h1vdt8ynmrp1z5vp,13.0,145.0,True,False,True,13.0,145.0,138.0,132.5,D,,,114.5,3.013157894736842,10.419615773508594,93.5,5.5,8.508594539939333,989.0,11.0,0.2894736842105263,0.4126348299905657,2.127407260239124,0.1279976417249003,38.4,90.6,43.64,38.0,10.409090909090908,8.5,2.5400420902296896,0.0207934684765682,0.1072041732483321,28.91812865497076,,,,,,,,,,,,,,2026-08-14T20:59:07.776936+00:00,DEF,canonical primary position,arsenal,soccerdata:sofascore:16363633,2026-08-21,2026-08-21T19:00:00+00:00,Premier League,league,scheduled,1.0,False,arsenal,Arsenal,coventry_city,Coventry City,H,Home,,,55.2,44.8,Favorable,,,,,derived feature frame,False
06ime,2627,Radu Dragusin,TOT,D,23.5,,,,,,,,,,,,,,,,,,,,,,,,,,,,,,,,,,,,,,,,,,,,,,,,,,,,,,,,,,,,,,,,,,,,,,,,,,,,,,,,,,,,,,,,,,,,,,,,,,,,,,,Free Agent,,,,,,True,0,,,,,,,False,True,False,,,,,,,,,,,,,,,,,,,,,,,,,,,,,,,,,,,,,,,,,,,2026-08-14T20:59:07.776936+00:00,DEF,first valid Fantrax position,tottenham_hotspur,soccerdata:sofascore:16363242,2026-08-22,2026-08-22T16:30:00+00:00,Premier League,league,scheduled,1.0,False,tottenham_hotspur,Tottenham Hotspur,brentford,Brentford,A,Away,,,55.1,44.9,Favorable,,,,,derived feature frame,False
070hp,2627,Randal Kolo Muani,TOT,"M,F",37.5,,,,,,,,,,,,,,,,,,,,,,,,,,,,,,,,,,,,,,,,,,,,,,,,,,,,,,,,,,,,,,,,,,,,,,,,,,,,,,,,,,,,,,,,,,,,,,,,,,,,,,,Free Agent,,,,,,True,0,,,,,,,False,True,False,,,,,,,,,,,,,,,,,,,,,,,,,,,,,,,,,,,,,,,,,,,2026-08-14T20:59:07.776936+00:00,MID,first valid Fantrax position,tottenham_hotspur,soccerdata:sofascore:16363242,2026-08-22,2026-08-22T16:30:00+00:00,Premier League,league,scheduled,1.0,False,tottenham_hotspur,Tottenham Hotspur,brentford,Brentford,A,Away,,,55.1,44.9,Favorable,,,,,derived feature frame,False
06exb,2627,Rasmus Hojlund,MUN,F,0.0,,,,,,,,,,,,,,,,,,,,,,,,,,,,,,,,,,,,,,,,,,,,,,,,,,,,,,,,,,,,,,,,,,,,,,,,,,,,,,,,,,,,,,,,,,,,,,,,,,,,,,,Free Agent,,,,,,True,0,,,,,,,False,True,False,,,,,,,,,,,,,,,,,,,,,,,,,,,,,,,,,,,,,,,,,,,2026-08-14T20:59:07.776936+00:00,FWD,first valid Fantrax position,manchester_united,soccerdata:sofascore:16363634,2026-08-22,2026-08-22T11:30:00+00:00,Premier League,league,scheduled,1.0,False,manchester_united,Manchester United,hull_city,Hull City,A,Away,,,49.1,50.9,Neutral,,,,,derived feature frame,False
04qrc,2627,Raul Jimenez,FUL,F,0.0,,,,,,,,,,,,,,,,,,,,,,,,,,,,,,,,,,,,,,,,,,,,,,,,,,,,,,,,,,,,,,,,,,,,,,,,,,,,,,,,,,,,,,,,,,,,,,,,,,,,,,,Free Agent,,,,,,True,0,,,,,,,False,True,False,,,,,,,,,,,,,,,,,,,,,,,,,,,,,,,,,,,,,,,,,,,2026-08-14T20:59:07.776936+00:00,FWD,first valid Fantrax position,fulham,soccerdata:sofascore:16363244,2026-08-24,2026-08-24T19:00:00+00:00,Premier League,league,scheduled,1.0,False,fulham,Fulham,chelsea,Chelsea,H,Home,,,35.8,64.2,Difficult,,,,,derived feature frame,False
072wq,2627,Rayan,BOU,"M,F",288.5,BOU,M,"M,F",21.0,60.0,21.0,284.5,8.37,100.0,,98.0,0.0,FA,@MCI Sun 8:00AM,rayan,False,True,Matched eligible,pr_1148d763174dd2d5,67.0,072wq,Rayan Vitor Simplício Rocha,Rayan Vitor Simplício Rocha,Bournemouth,BOU,M,True,a,,BOU,"M,F",Confirmed,Explicit Player Alias,92.0,Official FPL API,2026-07-30T01:09:03.040438+00:00,072wq,Player Registry,Explicit Player Alias,BOU,Confirmed,False,Rayan Vitor Simplicio Rocha,BOU,"M,F",38.0,1107.0,13.0,148.5,91.5,5.0,2.0,2.668410595506429,2.7789037879556417,0.0,14.0,1146.0,14395.0,418.0,5.0,68.5,3.907894736842105,6.536,12.073170731707318,0.4277995589106338,0.3421052631578947,0.8333333333333334,True,True,matched by historical Fantrax ID,normalized Fantrax ID,1.0,91.5,6.536,14.0,148.5,7.439024390243903,61.61616161616161,73.4,43.8,58.6,39.93333333333333,43.7,39.440000000000005,51.3,Likely Rotation,55.0,False,75.1,83.3,77.8,51.3,64.2,57.7,69.14,79.8,56.0,Tier 3,-35.0,Major reach,pr_1148d763174dd2d5,Rayan Vitor Simplício Rocha,Rostered,h1vdt8ynmrp1z5vp,Pot Splashers,Pot Splashers,ACTIVE,ACTIVE,False,0,,,Pot Splashers,h1vdt8ynmrp1z5vp,2.0,24.0,True,False,True,2.0,24.0,56.0,21.0,M,,,148.5,3.907894736842105,12.073170731707318,91.5,6.536,7.439024390243903,1107.0,13.0,0.3421052631578947,2.668410595506429,2.7789037879556417,0.4277995589106338,51.3,58.6,43.7,38.0,11.423076923076923,7.038461538461538,5.447314383462071,0.2095610415319184,0.2182385173787153,32.36842105263158,,,,,,,,,,,,,,2026-08-14T20:59:07.776936+00:00,MID,canonical primary position,afc_bournemouth,soccerdata:sofascore:16363243,2026-08-23,2026-08-23T13:00:00+00:00,Premier League,league,scheduled,1.0,False,afc_bournemouth,Bournemouth,manchester_city,Manchester City,A,Away,,,16.8,83.2,Very difficult,,,,,derived feature frame,False
05os4,2627,Rayan Ait-Nouri,MCI,D,45.5,MCI,D,D,130.1,306.0,130.1,46.5,9.3,100.0,,80.0,-8.0,FA,BOU Sun 8:00AM,rayan ait nouri,False,True,Matched eligible,pr_639909e4130562ea,392.0,05os4,Rayan Aït-Nouri,Rayan Aït-Nouri,Man City,MCI,D,True,a,,MCI,"D,M",Confirmed,Exact Name + Club,95.0,Official FPL API,2026-07-30T01:09:03.040438+00:00,05os4,Player Registry,Exact Name + Club,MCI,Confirmed,False,Rayan Ait-Nouri,MCI,"D,M",38.0,678.0,9.0,113.0,79.0,0.0,2.0,0.4981528613716361,1.733003308996558,0.0,12.0,981.0,6674.0,154.0,2.0,25.0,2.973684210526316,2.926,15.0,0.2046932266392838,0.2368421052631578,0.3333333333333333,True,True,matched by historical Fantrax ID,normalized Fantrax ID,1.0,79.0,2.926,27.0,113.0,10.486725663716816,69.91150442477876,98.2,94.1,96.1,43.93333333333333,42.42,45.38,24.6,Rotation Risk,55.0,False,80.1,55.6,50.5,24.6,96.2,30.3,57.53,79.8,136.0,Tier 5,-5.900000000000006,Near market,pr_639909e4130562ea,Rayan Aït-Nouri,Rostered,hpsurdtbmrp1z5vo,Count Doku,Count Doku,ACTIVE,ACTIVE,False,0,,,Count Doku,hpsurdtbmrp1z5vo,12.0,141.0,True,False,True,12.0,141.0,136.0,130.1,D,,,113.0,2.973684210526316,15.0,79.0,2.926,10.486725663716816,678.0,9.0,0.2368421052631578,0.4981528613716361,1.733003308996558,0.2046932266392838,24.6,96.1,42.42,38.0,12.555555555555555,8.777777777777779,2.231156170368194,0.0457020973735445,0.1589911292657392,19.82456140350877,,,,,,,,,,,,,,2026-08-14T20:59:07.776936+00:00,DEF,canonical primary position,manchester_city,soccerdata:sofascore:16363243,2026-08-23,2026-08-23T13:00:00+00:00,Premier League,league,scheduled,1.0,False,manchester_city,Manchester City,afc_bournemouth,Bournemouth,H,Home,,,49.6,50.4,Neutral,,,,,derived feature frame,False
06v07,2627,Rayan Cherki,MCI,M,364.5,MCI,M,M,12.2,12.0,12.2,366.0,13.07,100.0,,99.0,0.0,FA,BOU Sun 8:00AM,rayan cherki,False,True,Matched eligible,pr_7b6fd7a0b2028e59,399.0,06v07,Rayan Cherki,Rayan Cherki,Man City,MCI,M,True,a,,MCI,M,Confirmed,Exact Name + Club,95.0,Official FPL API,2026-07-30T01:09:03.040438+00:00,06v07,Player Registry,Exact Name + Club,MCI,Confirmed,False,Rayan Cherki,MCI,M,38.0,1763.0,19.0,354.5,232.5,4.0,13.0,4.641340699046849,10.784712422639132,0.0,60.0,1792.0,8094.0,400.0,4.0,75.5,9.328947368421051,6.118,18.09699376063528,0.7747459715132469,0.5,0.6666666666666666,True,True,matched by historical Fantrax ID,normalized Fantrax ID,1.0,232.5,6.118,38.0,354.5,11.8689733408962,65.58533145275035,98.2,94.1,96.1,43.93333333333333,42.42,45.38,59.5,Likely Rotation,75.0,False,96.4,80.7,95.2,59.5,96.2,30.3,79.86,88.8,18.0,Tier 2,-5.800000000000001,Near market,pr_7b6fd7a0b2028e59,Rayan Cherki,Rostered,cjn4stydmrp1z5vp,Robertske,Robertske,ACTIVE,ACTIVE,False,0,,,Robertske,cjn4stydmrp1z5vp,2.0,22.0,True,False,True,2.0,22.0,18.0,12.2,M,,,354.5,9.328947368421051,18.09699376063528,232.5,6.118,11.8689733408962,1763.0,19.0,0.5,4.641340699046849,10.784712422639132,0.7747459715132469,59.5,96.1,42.42,38.0,18.657894736842103,12.236842105263158,15.426053121685982,0.2331030485012368,0.54164292301201,51.549707602339176,,,,,,,,,,,,,,2026-08-14T20:59:07.776936+00:00,MID,canonical primary position,manchester_city,soccerdata:sofascore:16363243,2026-08-23,2026-08-23T13:00:00+00:00,Premier League,league,scheduled,1.0,False,manchester_city,Manchester City,afc_bournemouth,Bournemouth,H,Home,,,49.6,50.4,Neutral,,,,,derived feature frame,False
051k7,2627,Reece James,CHE,"D,M",355.0,CHE,D,"D,M",66.2,17.0,66.2,352.0,12.57,100.0,,100.0,0.0,FA,@FUL Mon 2:00PM,reece james,False,True,Matched eligible,pr_329aa4ed110ef47e,142.0,051k7,Reece James,Reece James,Chelsea,CHE,D,True,a,,CHE,"D,M",Confirmed,Exact Name + Club,95.0,Official FPL API,2026-07-30T01:09:03.040438+00:00,051k7,Player Registry,Exact Name + Club,CHE,Confirmed,False,Reece James,CHE,"D,M",38.0,1953.0,20.0,314.0,218.0,2.0,6.0,1.2280184961855405,3.993342220783233,0.0,27.0,1927.0,8067.0,65.0,0.0,7.0,8.263157894736842,5.737,14.470046082949308,0.2438622026607107,0.5263157894736842,0.0,True,True,matched by historical Fantrax ID,normalized Fantrax ID,1.0,218.0,5.737,38.0,314.0,10.046082949308754,69.42675159235668,68.4,56.8,65.6,50.53333333333333,46.98,47.54,37.0,Rotation Risk,75.0,False,92.5,76.7,59.0,37.0,63.8,71.8,69.08,88.8,57.0,Tier 3,9.200000000000005,Value,pr_329aa4ed110ef47e,Reece James,Rostered,cjn4stydmrp1z5vp,Robertske,Robertske,ACTIVE,ACTIVE,False,0,,,Robertske,cjn4stydmrp1z5vp,3.0,27.0,True,False,True,3.0,27.0,57.0,66.2,D,,,314.0,8.263157894736842,14.470046082949308,218.0,5.737,10.046082949308754,1953.0,20.0,0.5263157894736842,1.2280184961855405,3.993342220783233,0.2438622026607107,37.0,65.6,46.98,38.0,15.7,10.9,5.221360716968774,0.057354262925116,0.1865079397355946,57.10526315789474,,,,,,,,,,,,,,2026-08-14T20:59:07.776936+00:00,DEF,canonical primary position,chelsea,soccerdata:sofascore:16363244,2026-08-24,2026-08-24T19:00:00+00:00,Premier League,league,scheduled,1.0,False,chelsea,Chelsea,fulham,Fulham,A,Away,,,50.9,49.1,Neutral,,,,,derived feature frame,False
05rka,2627,Reece Welch,EVE,D,0.0,,,,,,,,,,,,,,,,,,,,,,,,,,,,,,,,,,,,,,,,,,,,,,,,,,,,,,,,,,,,,,,,,,,,,,,,,,,,,,,,,,,,,,,,,,,,,,,,,,,,,,,Free Agent,,,,,,True,0,,,,,,,False,True,False,,,,,,,,,,,,,,,,,,,,,,,,,,,,,,,,,,,,,,,,,,,2026-08-14T20:59:07.776936+00:00,DEF,first valid Fantrax position,everton,soccerdata:sofascore:16363635,2026-08-22,2026-08-22T14:00:00+00:00,Premier League,league,scheduled,1.0,False,everton,Everton,crystal_palace,Crystal Palace,H,Home,,,56.0,44.0,Favorable,,,,,derived feature frame,False
05o2p,2627,Regan Slater,HUL,M,188.0,HUL,M,M,,188.0,,191.5,5.63,0.0,,5.0,0.0,FA,MUN Sat 6:30AM,regan slater,False,True,Matched eligible,pr_e76d89b210b386d8,290.0,05o2p,Regan Slater,Regan Slater,Hull City,HUL,M,True,a,,,,New EPL Arrival,Exact Name + Club,95.0,Official FPL API,2026-07-30T01:09:03.040438+00:00,05o2p,Player Registry,Exact Name + Club,HUL,New EPL Arrival,False,,,,,,,,,,,,,,,,,,,,,,,,,,False,False,no 2025/26 record for bridged ID,none,0.0,,,,,,,,,,38.13333333333333,40.5,42.74,0.0,Unknown / New Arrival,25.0,False,0.0,0.0,0.0,0.0,0.0,11.8,1.18,11.2,583.0,Deep,,ADP unavailable,,,Free Agent,,,,,,True,0,,,,,,,False,True,False,,,583.0,,M,,,,,,,,,,,,,,,0.0,,40.5,,,,,,,,,,,,,,,,,,,,,2026-08-14T20:59:07.776936+00:00,MID,canonical primary position,hull_city,soccerdata:sofascore:16363634,2026-08-22,2026-08-22T11:30:00+00:00,Premier League,league,scheduled,1.0,False,hull_city,Hull City,manchester_united,Manchester United,H,Home,,,32.0,68.0,Very difficult,,,,,derived feature frame,False
06rrq,2627,Reggie Walsh,CHE,M,0.0,CHE,M,M,,673.0,,0.0,0.0,0.0,,2.0,0.0,FA,@FUL Mon 2:00PM,reggie walsh,True,False,Inactive / historical only,pr_a0a93050bf4f68f8,,06rrq,Reggie Walsh,,CHE,CHE,M,False,unverified,,CHE,M,Historical Only,Unresolved,0.0,Fantrax / historical,,06rrq,Player Registry,Unresolved,CHE,Historical Only,False,,CHE,M,38.0,0.0,0.0,0.0,0.0,0.0,0.0,0.0,0.0,0.0,0.0,0.0,,0.0,0.0,0.0,0.0,0.0,,,0.0,0.0,True,True,matched by historical Fantrax ID,normalized Fantrax ID,1.0,,,,,,,68.4,56.8,65.6,50.53333333333333,46.98,47.54,0.0,Unknown / New Arrival,25.0,False,13.7,22.8,0.0,0.0,63.8,71.8,21.08,46.2,,,,Not draft eligible,,,Free Agent,,,,,,True,0,,,,,,,False,True,False,,,,,M,,,0.0,0.0,,,,,0.0,0.0,0.0,0.0,0.0,,0.0,65.6,46.98,38.0,,,0.0,,,0.0,,,,,,,,,,,,,,2026-08-14T20:59:07.776936+00:00,MID,canonical primary position,chelsea,soccerdata:sofascore:16363244,2026-08-24,2026-08-24T19:00:00+00:00,Premier League,league,scheduled,1.0,False,chelsea,Chelsea,fulham,Fulham,A,Away,,,50.9,49.1,Neutral,,,,,derived feature frame,False
06nlc,2627,Reigan Heskey,MCI,F,0.0,,,,,,,,,,,,,,,,,,,,,,,,,,,,,,,,,,,,,,,,,,,,,,,,,,,,,,,,,,,,,,,,,,,,,,,,,,,,,,,,,,,,,,,,,,,,,,,,,,,,,,,Free Agent,,,,,,True,0,,,,,,,False,True,False,,,,,,,,,,,,,,,,,,,,,,,,,,,,,,,,,,,,,,,,,,,2026-08-14T20:59:07.776936+00:00,FWD,first valid Fantrax position,manchester_city,soccerdata:sofascore:16363243,2026-08-23,2026-08-23T13:00:00+00:00,Premier League,league,scheduled,1.0,False,manchester_city,Manchester City,afc_bournemouth,Bournemouth,H,Home,,,49.6,50.4,Neutral,,,,,derived feature frame,False
06yb9,2627,Reinildo,SUN,D,206.0,SUN,D,D,,165.0,,206.0,6.87,0.0,,4.0,0.0,FA,@IPS Sat 9:00AM,reinildo,False,True,Matched eligible,pr_35c335984a878d48,536.0,06yb9,Reinildo Mandava,Reinildo Mandava,Sunderland,SUN,D,True,a,,SUN,D,Confirmed,Explicit Player Alias,92.0,Official FPL API,2026-07-30T01:09:03.040438+00:00,06yb9,Player Registry,Explicit Player Alias,SUN,Confirmed,False,Reinildo Isnard Mandava,SUN,D,38.0,662.0,8.0,47.0,47.0,0.0,0.0,0.1700047692283985,0.29589132592082,0.0,6.0,1974.0,7432.0,0.0,0.0,0.0,1.236842105263158,4.273,6.389728096676738,0.0212414633046756,0.2105263157894736,0.0,True,True,matched by historical Fantrax ID,normalized Fantrax ID,1.0,47.0,4.273,11.0,47.0,6.389728096676738,100.0,7.9,49.1,27.1,43.6,42.0,37.67,12.0,Bench / Unknown,55.0,False,41.6,65.2,11.6,12.0,3.8,23.7,29.15,79.8,300.0,Tier 6,,ADP unavailable,,,Free Agent,,,,,,True,0,,,,,,,False,True,False,,,300.0,,D,,,47.0,1.236842105263158,6.389728096676738,47.0,4.273,6.389728096676738,662.0,8.0,0.2105263157894736,0.1700047692283985,0.29589132592082,0.0212414633046756,12.0,27.1,42.0,38.0,5.875,5.875,0.4658960951492185,0.0077509773204437,0.0134904859842319,19.35672514619883,,,,,,,,,,,,,,2026-08-14T20:59:07.776936+00:00,DEF,canonical primary position,sunderland,soccerdata:sofascore:16363636,2026-08-22,2026-08-22T14:00:00+00:00,Premier League,league,scheduled,1.0,False,sunderland,Sunderland,ipswich_town,Ipswich Town,A,Away,,,44.4,55.6,Difficult,,,,,derived feature frame,False
04ge8,2627,Reiss Nelson,BRF,F,25.0,ARS,M,F,,417.0,,25.0,12.5,0.0,,2.0,-1.0,FA,COV Fri 2:00PM,reiss nelson,False,True,Matched eligible,pr_046f9e7f065637a3,24.0,04ge8,Reiss Nelson,Reiss Nelson,Arsenal,ARS,M,True,a,,ARS/BRF,"M,F",Transferred,Exact Name,90.0,Official FPL API,2026-07-30T01:09:03.040438+00:00,04ge8,Player Registry,Exact Name,ARS,Transferred,False,Reiss Nelson,ARS/BRF,"M,F",38.0,0.0,0.0,0.0,0.0,0.0,0.0,0.9007361251860856,0.059022057801485,0.0,2.0,104.0,6492.0,0.0,0.0,0.0,0.0,0.0,,0.8305599660469359,0.0,0.0,True,True,matched by historical Fantrax ID,normalized Fantrax ID,1.0,,,,,,,86.2,100.0,90.6,40.0,43.64,45.32000000000001,0.0,Unknown / New Arrival,25.0,False,13.7,22.8,96.8,0.0,84.0,52.3,35.67,66.2,272.0,Tier 6,,ADP unavailable,,,Free Agent,,,,,,True,0,,,,,,,False,True,False,,,272.0,,M,,,0.0,0.0,,,,,0.0,0.0,0.0,0.9007361251860856,0.059022057801485,0.8305599660469359,0.0,90.6,43.64,38.0,,,0.9597581829875704,0.7794831852571894,0.0510767807897466,0.0,,,,,,,,,,,,,,2026-08-14T20:59:07.776936+00:00,MID,canonical primary position,brentford,soccerdata:sofascore:16363242,2026-08-22,2026-08-22T16:30:00+00:00,Premier League,league,scheduled,1.0,False,brentford,Brentford,tottenham_hotspur,Tottenham Hotspur,H,Home,,,51.6,48.4,Neutral,,,,,derived feature frame,False
05ubh,2627,Remi Matthews,CRY,G,0.0,CRY,G,G,,618.0,,0.0,0.0,0.0,,0.0,0.0,FA,@EVE Sat 9:00AM,remi matthews,False,True,Matched eligible,pr_79db27f0939900be,555.0,05ubh,Remi Matthews,Remi Matthews,Crystal Palace,CRY,G,True,a,,CRY,G,Confirmed,Exact Name + Club,95.0,Official FPL API,2026-07-30T01:09:03.040438+00:00,05ubh,Player Registry,Exact Name + Club,CRY,Confirmed,False,,CRY,G,38.0,0.0,0.0,0.0,0.0,0.0,0.0,0.0,0.0,0.0,0.0,0.0,,0.0,0.0,0.0,0.0,0.0,,,0.0,0.0,True,True,matched by historical Fantrax ID,normalized Fantrax ID,1.0,,,,,,,18.2,57.9,33.9,40.0,40.32,42.81,0.0,Unknown / New Arrival,25.0,False,13.7,22.8,0.0,0.0,19.2,7.1,10.15,46.2,501.0,Deep,,ADP unavailable,,,Free Agent,,,,,,True,0,,,,,,,False,True,False,,,501.0,,G,,,0.0,0.0,,,,,0.0,0.0,0.0,0.0,0.0,,0.0,33.9,40.32,38.0,,,0.0,,,0.0,,,,,,,,,,,,,,2026-08-14T20:59:07.776936+00:00,GK,canonical primary position,crystal_palace,soccerdata:sofascore:16363635,2026-08-22,2026-08-22T14:00:00+00:00,Premier League,league,scheduled,1.0,False,crystal_palace,Crystal Palace,everton,Everton,A,Away,,,51.6,48.4,Neutral,,,,,derived feature frame,False
06r3w,2627,Remy Rees-Dottin,BOU,F,0.0,BOU,F,F,,642.0,,0.0,0.0,0.0,,2.0,-1.0,FA,@MCI Sun 8:00AM,remy rees dottin,True,False,Inactive / historical only,pr_6fd1932b13974557,,06r3w,Remy Rees-Dottin,,BOU,BOU,F,False,unverified,,BOU,F,Historical Only,Unresolved,0.0,Fantrax / historical,,06r3w,Player Registry,Unresolved,BOU,Historical Only,False,,BOU,F,38.0,0.0,0.0,0.0,0.0,0.0,0.0,0.0,0.0,0.0,0.0,0.0,,0.0,0.0,0.0,0.0,0.0,,,0.0,0.0,True,True,matched by historical Fantrax ID,normalized Fantrax ID,1.0,,,,,,,73.4,43.8,58.6,39.93333333333333,43.7,39.440000000000005,0.0,Unknown / New Arrival,25.0,False,13.7,22.8,0.0,0.0,64.2,57.7,19.71,46.2,,,,Not draft eligible,,,Free Agent,,,,,,True,0,,,,,,,False,True,False,,,,,F,,,0.0,0.0,,,,,0.0,0.0,0.0,0.0,0.0,,0.0,58.6,43.7,38.0,,,0.0,,,0.0,,,,,,,,,,,,,,2026-08-14T20:59:07.776936+00:00,FWD,canonical primary position,afc_bournemouth,soccerdata:sofascore:16363243,2026-08-23,2026-08-23T13:00:00+00:00,Premier League,league,scheduled,1.0,False,afc_bournemouth,Bournemouth,manchester_city,Manchester City,A,Away,,,16.8,83.2,Very difficult,,,,,derived feature frame,False
06yxd,2627,Rhys Chadwick,LEE,M,0.0,LEE,M,M,,,,0.0,0.0,0.0,,2.0,2.0,W <small>(Tue)</small>,@NOT Sat 9:00AM,rhys chadwick,True,False,Inactive / historical only,pr_f8fa3687e1c3cf83,,06yxd,Rhys Chadwick,,LEE,LEE,M,False,unverified,,LEE,M,Historical Only,Unresolved,0.0,Fantrax / historical,,06yxd,Player Registry,Unresolved,LEE,Historical Only,False,,LEE,M,38.0,0.0,0.0,0.0,0.0,0.0,0.0,0.0,0.0,0.0,0.0,0.0,,0.0,0.0,0.0,0.0,0.0,,,0.0,0.0,True,True,matched by historical Fantrax ID,normalized Fantrax ID,1.0,,,,,,,38.1,24.1,31.1,45.56666666666666,43.0,38.71,0.0,Unknown / New Arrival,25.0,False,13.7,22.8,0.0,0.0,30.4,42.0,14.77,46.2,,,,Not draft eligible,,,Free Agent,,,,,,True,0,,,,,,,False,True,False,,,,,M,,,0.0,0.0,,,,,0.0,0.0,0.0,0.0,0.0,,0.0,31.1,43.0,38.0,,,0.0,,,0.0,,,,,,,,,,,,,,2026-08-14T20:59:07.776936+00:00,MID,canonical primary position,leeds_united,soccerdata:sofascore:16363238,2026-08-22,2026-08-22T14:00:00+00:00,Premier League,league,scheduled,1.0,False,leeds_united,Leeds United,nottingham_forest,Nottingham Forest,A,Away,,,49.5,50.5,Neutral,,,,,derived feature frame,False
0722r,2627,Rhys Oakley,AVL,G,0.0,,,,,,,,,,,,,,,,,,,,,,,,,,,,,,,,,,,,,,,,,,,,,,,,,,,,,,,,,,,,,,,,,,,,,,,,,,,,,,,,,,,,,,,,,,,,,,,,,,,,,,,Free Agent,,,,,,True,0,,,,,,,False,True,False,,,,,,,,,,,,,,,,,,,,,,,,,,,,,,,,,,,,,,,,,,,2026-08-14T20:59:07.776936+00:00,GK,first valid Fantrax position,aston_villa,soccerdata:sofascore:16363236,2026-08-23,2026-08-23T13:00:00+00:00,Premier League,league,scheduled,1.0,False,aston_villa,Aston Villa,brighton_hove_albion,Brighton & Hove Albion,A,Away,,,38.5,61.5,Difficult,,,,,derived feature frame,False
05oji,2627,Rhys Williams,LIV,D,0.0,,,,,,,,,,,,,,,,,,,,,,,,,,,,,,,,,,,,,,,,,,,,,,,,,,,,,,,,,,,,,,,,,,,,,,,,,,,,,,,,,,,,,,,,,,,,,,,,,,,,,,,Free Agent,,,,,,True,0,,,,,,,False,True,False,,,,,,,,,,,,,,,,,,,,,,,,,,,,,,,,,,,,,,,,,,,2026-08-14T20:59:07.776936+00:00,DEF,first valid Fantrax position,liverpool,soccerdata:sofascore:16363246,2026-08-23,2026-08-23T15:30:00+00:00,Premier League,league,scheduled,1.0,False,liverpool,Liverpool FC,newcastle_united,Newcastle United,A,Away,,,48.2,51.8,Neutral,,,,,derived feature frame,False
06nu7,2627,Riccardo Calafiori,ARS,D,278.5,ARS,D,D,78.7,68.0,78.7,278.5,9.28,100.0,,98.0,1.0,FA,COV Fri 2:00PM,riccardo calafiori,False,True,Matched eligible,pr_32c23aa00c15ac35,8.0,06nu7,Riccardo Calafiori,Riccardo Calafiori,Arsenal,ARS,D,True,a,,ARS,D,Confirmed,Exact Name + Club,95.0,Official FPL API,2026-07-30T01:09:03.040438+00:00,06nu7,Player Registry,Exact Name + Club,ARS,Confirmed,False,Riccardo Calafiori,ARS,D,38.0,1621.0,21.0,229.5,145.5,0.0,2.0,3.4695133380591865,0.6484237592667338,0.0,9.0,1755.0,8129.0,251.0,4.0,39.5,6.039473684210527,3.932,12.742134484885872,0.2111762614013292,0.5526315789473685,0.6666666666666666,True,True,matched by historical Fantrax ID,normalized Fantrax ID,1.0,145.5,3.932,37.0,229.5,8.078346699568167,63.39869281045751,86.2,100.0,90.6,40.0,43.64,45.32000000000001,50.6,Likely Rotation,75.0,False,82.3,62.1,51.9,50.6,84.0,52.3,65.52,88.8,78.0,Tier 4,0.7000000000000028,Near market,pr_32c23aa00c15ac35,Riccardo Calafiori,Rostered,qwkltl98mrp1z5vp,epatel3,epatel3,ACTIVE,ACTIVE,False,0,,,epatel3,qwkltl98mrp1z5vp,7.0,82.0,True,False,True,7.0,82.0,78.0,78.7,D,,,229.5,6.039473684210527,12.742134484885872,145.5,3.932,8.078346699568167,1621.0,21.0,0.5526315789473685,3.4695133380591865,0.6484237592667338,0.2111762614013292,50.6,90.6,43.64,38.0,10.928571428571429,6.928571428571429,4.11793709732592,0.1779237609261121,0.0332525004752171,47.39766081871345,,,,,,,,,,,,,,2026-08-14T20:59:07.776936+00:00,DEF,canonical primary position,arsenal,soccerdata:sofascore:16363633,2026-08-21,2026-08-21T19:00:00+00:00,Premier League,league,scheduled,1.0,False,arsenal,Arsenal,coventry_city,Coventry City,H,Home,,,55.2,44.8,Favorable,,,,,derived feature frame,False
04io4,2627,Richarlison,TOT,F,43.0,TOT,F,F,142.9,325.0,142.9,43.0,8.6,91.0,,73.0,-5.0,FA,@BRF Sat 11:30AM,richarlison,False,True,Matched eligible,pr_a93d9abe9b42f58d,527.0,04io4,Richarlison de Andrade,Richarlison de Andrade,Spurs,TOT,F,True,a,,TOT,F,Confirmed,Explicit Player Alias,92.0,Official FPL API,2026-07-30T01:09:03.040438+00:00,04io4,Player Registry,Explicit Player Alias,TOT,Confirmed,False,Richarlison,TOT,F,38.0,1938.0,20.0,285.5,162.5,11.0,4.0,9.866276641376317,3.408188183791935,0.0,19.0,1926.0,6026.0,390.0,4.0,54.0,7.513157894736842,4.276,13.258513931888544,0.6203020946340304,0.5263157894736842,0.6666666666666666,True,True,matched by historical Fantrax ID,normalized Fantrax ID,1.0,162.5,4.276,38.0,285.5,7.546439628482973,56.91768826619965,30.7,33.2,33.3,51.5,51.620000000000005,49.47,61.5,Likely Rotation,75.0,False,89.1,65.4,89.7,61.5,28.3,96.5,74.78,88.8,32.0,Tier 2,110.9,Strong value,,,Free Agent,,,,,,True,0,,,,,,,False,True,False,,,32.0,142.9,F,,,285.5,7.513157894736842,13.258513931888544,162.5,4.276,7.546439628482973,1938.0,20.0,0.5263157894736842,9.866276641376317,3.408188183791935,0.6203020946340304,61.5,33.3,51.620000000000005,38.0,14.275,8.125,13.274464825168252,0.4610409645502951,0.1592611300837352,56.66666666666666,,,,,,,,,,,,,,2026-08-14T20:59:07.776936+00:00,FWD,canonical primary position,tottenham_hotspur,soccerdata:sofascore:16363242,2026-08-22,2026-08-22T16:30:00+00:00,Premier League,league,scheduled,1.0,False,tottenham_hotspur,Tottenham Hotspur,brentford,Brentford,A,Away,,,55.1,44.9,Favorable,,,,,derived feature frame,False
05tqz,2627,Rico Henry,BRF,D,29.0,BRF,D,D,,401.0,,29.0,5.8,0.0,,2.0,0.0,FA,TOT Sat 11:30AM,rico henry,False,True,Matched eligible,pr_05fc469a6e291b87,89.0,05tqz,Rico Henry,Rico Henry,Brentford,BRF,D,True,a,,BRF,D,Confirmed,Exact Name + Club,95.0,Official FPL API,2026-07-30T01:09:03.040438+00:00,05tqz,Player Registry,Exact Name + Club,BRF,Confirmed,False,Rico Henry,BRF,D,38.0,0.0,0.0,0.0,0.0,0.0,0.0,0.1456592017784712,0.316171921789646,0.0,4.0,1315.0,9679.0,0.0,0.0,0.0,0.0,0.0,,0.0316082137803274,0.0,0.0,True,True,matched by historical Fantrax ID,normalized Fantrax ID,1.0,,,,,,,29.4,35.6,32.6,45.36666666666667,47.48,44.42,0.0,Unknown / New Arrival,25.0,False,13.7,22.8,12.7,0.0,20.9,78.0,19.32,66.2,388.0,Deep,,ADP unavailable,,,Free Agent,,,,,,True,0,,,,,,,False,True,False,,,388.0,,D,,,0.0,0.0,,,,,0.0,0.0,0.0,0.1456592017784712,0.316171921789646,0.0316082137803274,0.0,32.6,47.48,38.0,,,0.4618311235681172,0.0099690708441539,0.0216391429361734,0.0,,,,,,,,,,,,,,2026-08-14T20:59:07.776936+00:00,DEF,canonical primary position,brentford,soccerdata:sofascore:16363242,2026-08-22,2026-08-22T16:30:00+00:00,Premier League,league,scheduled,1.0,False,brentford,Brentford,tottenham_hotspur,Tottenham Hotspur,H,Home,,,51.6,48.4,Neutral,,,,,derived feature frame,False
062x7,2627,Rico Lewis,MCI,D,15.5,MCI,D,D,,505.0,,9.5,4.75,0.0,,5.0,-1.0,FA,BOU Sun 8:00AM,rico lewis,False,True,Matched eligible,pr_5970c34904e0e282,395.0,062x7,Rico Lewis,Rico Lewis,Man City,MCI,D,True,a,,MCI,"D,M",Confirmed,Exact Name + Club,95.0,Official FPL API,2026-07-30T01:09:03.040438+00:00,062x7,Player Registry,Exact Name + Club,MCI,Confirmed,False,Rico Lewis,MCI,"D,M",38.0,94.0,1.0,2.5,2.5,0.0,0.0,0.1365800127387046,1.5545267909765244,0.0,7.0,389.0,10847.0,0.0,0.0,0.0,0.0657894736842105,0.625,2.393617021276596,0.3912586435330864,0.0263157894736842,0.0,True,True,matched by historical Fantrax ID,normalized Fantrax ID,1.0,2.5,0.625,4.0,2.5,2.393617021276596,100.0,98.2,94.1,96.1,43.93333333333333,42.42,45.38,1.6,Bench / Unknown,55.0,False,28.9,46.1,74.6,1.6,96.2,30.3,39.74,79.8,249.0,Tier 6,,ADP unavailable,,,Free Agent,,,,,,True,0,,,,,,,False,True,False,,,249.0,,D,,,2.5,0.0657894736842105,2.393617021276596,2.5,0.625,2.393617021276596,94.0,1.0,0.0263157894736842,0.1365800127387046,1.5545267909765244,0.3912586435330864,1.6,96.1,42.42,38.0,2.5,2.5,1.691106803715229,0.0315994888084406,0.3596591547246457,2.7485380116959064,,,,,,,,,,,,,,2026-08-14T20:59:07.776936+00:00,DEF,canonical primary position,manchester_city,soccerdata:sofascore:16363243,2026-08-23,2026-08-23T13:00:00+00:00,Premier League,league,scheduled,1.0,False,manchester_city,Manchester City,afc_bournemouth,Bournemouth,H,Home,,,49.6,50.4,Neutral,,,,,derived feature frame,False
06mwu,2627,Riley Owen,BRF,M,0.0,,,,,,,,,,,,,,,,,,,,,,,,,,,,,,,,,,,,,,,,,,,,,,,,,,,,,,,,,,,,,,,,,,,,,,,,,,,,,,,,,,,,,,,,,,,,,,,,,,,,,,,Free Agent,,,,,,True,0,,,,,,,False,True,False,,,,,,,,,,,,,,,,,,,,,,,,,,,,,,,,,,,,,,,,,,,2026-08-14T20:59:07.776936+00:00,MID,first valid Fantrax position,brentford,soccerdata:sofascore:16363242,2026-08-22,2026-08-22T16:30:00+00:00,Premier League,league,scheduled,1.0,False,brentford,Brentford,tottenham_hotspur,Tottenham Hotspur,H,Home,,,51.6,48.4,Neutral,,,,,derived feature frame,False
06zbt,2627,Rio Cardines,CRY,M,9.0,CRY,D,M,,503.0,,9.5,9.5,0.0,,1.0,-1.0,FA,@EVE Sat 9:00AM,rio cardines,False,True,Matched eligible,pr_e058a51fb60c0871,220.0,06zbt,Rio Cardines,Rio Cardines,Crystal Palace,CRY,D,True,a,,CRY,M,Confirmed,Exact Name + Club,95.0,Official FPL API,2026-07-30T01:09:03.040438+00:00,06zbt,Player Registry,Exact Name + Club,CRY,Confirmed,False,,CRY,M,38.0,0.0,0.0,0.0,0.0,0.0,0.0,0.0,0.0,0.0,0.0,0.0,,0.0,0.0,0.0,0.0,0.0,,,0.0,0.0,True,True,matched by historical Fantrax ID,normalized Fantrax ID,1.0,,,,,,,18.2,57.9,33.9,40.0,40.32,42.81,0.0,Unknown / New Arrival,25.0,False,13.7,22.8,0.0,0.0,19.2,7.1,10.15,46.2,509.0,Deep,,ADP unavailable,,,Free Agent,,,,,,True,0,,,,,,,False,True,False,,,509.0,,D,,,0.0,0.0,,,,,0.0,0.0,0.0,0.0,0.0,,0.0,33.9,40.32,38.0,,,0.0,,,0.0,,,,,,,,,,,,,,2026-08-14T20:59:07.776936+00:00,DEF,canonical primary position,crystal_palace,soccerdata:sofascore:16363635,2026-08-22,2026-08-22T14:00:00+00:00,Premier League,league,scheduled,1.0,False,crystal_palace,Crystal Palace,everton,Everton,A,Away,,,51.6,48.4,Neutral,,,,,derived feature frame,False
06mgn,2627,Rio Kyerematen,TOT,M,0.0,TOT,M,M,,613.0,,0.0,0.0,0.0,,0.0,0.0,FA,@BRF Sat 11:30AM,rio kyerematen,True,False,Inactive / historical only,pr_bead5cee41fa2cc7,,06mgn,Rio Kyerematen,,TOT,TOT,M,False,unverified,,TOT,M,Historical Only,Unresolved,0.0,Fantrax / historical,,06mgn,Player Registry,Unresolved,TOT,Historical Only,False,,TOT,M,38.0,0.0,0.0,0.0,0.0,0.0,0.0,0.0,0.0,0.0,0.0,0.0,,0.0,0.0,0.0,0.0,0.0,,,0.0,0.0,True,True,matched by historical Fantrax ID,normalized Fantrax ID,1.0,,,,,,,30.7,33.2,33.3,51.5,51.620000000000005,49.47,0.0,Unknown / New Arrival,25.0,False,13.7,22.8,0.0,0.0,28.3,96.5,20.0,46.2,,,,Not draft eligible,,,Free Agent,,,,,,True,0,,,,,,,False,True,False,,,,,M,,,0.0,0.0,,,,,0.0,0.0,0.0,0.0,0.0,,0.0,33.3,51.620000000000005,38.0,,,0.0,,,0.0,,,,,,,,,,,,,,2026-08-14T20:59:07.776936+00:00,MID,canonical primary position,tottenham_hotspur,soccerdata:sofascore:16363242,2026-08-22,2026-08-22T16:30:00+00:00,Premier League,league,scheduled,1.0,False,tottenham_hotspur,Tottenham Hotspur,brentford,Brentford,A,Away,,,55.1,44.9,Favorable,,,,,derived feature frame,False
06r2g,2627,Rio Ngumoha,LIV,"M,F",30.0,LIV,M,"M,F",111.8,397.0,111.8,30.0,15.0,100.0,,89.0,-2.0,FA,@NEW Sun 10:30AM,rio ngumoha,False,True,Matched eligible,pr_98558274a438f7b0,369.0,06r2g,Rio Ngumoha,Rio Ngumoha,Liverpool,LIV,M,True,a,,LIV,"M,F",Confirmed,Exact Name + Club,95.0,Official FPL API,2026-07-30T01:09:03.040438+00:00,06r2g,Player Registry,Exact Name + Club,LIV,Confirmed,False,Rio Ngumoha,LIV,"M,F",38.0,296.0,4.0,43.5,28.5,1.0,1.0,1.2214453928172584,2.1261213608086105,0.0,16.0,515.0,13692.0,228.0,3.0,22.5,1.144736842105263,7.125,13.22635135135135,0.5850116656821907,0.1052631578947368,0.5,True,True,matched by historical Fantrax ID,normalized Fantrax ID,1.0,28.5,7.125,4.0,43.5,8.66554054054054,65.51724137931035,83.8,61.5,74.8,46.4,49.71999999999999,50.39,23.2,Rotation Risk,55.0,False,72.1,89.6,88.1,23.2,77.2,90.1,69.65,79.8,54.0,Tier 3,57.8,Strong value,pr_98558274a438f7b0,Rio Ngumoha,Rostered,w2mnqywumrp1z5vp,tpem,tpem,RESERVE,RESERVE,False,0,,,tpem,w2mnqywumrp1z5vp,13.0,146.0,True,False,True,13.0,146.0,54.0,111.8,M,,,43.5,1.144736842105263,13.22635135135135,28.5,7.125,8.66554054054054,296.0,4.0,0.1052631578947368,1.2214453928172584,2.1261213608086105,0.5850116656821907,23.2,74.8,49.71999999999999,38.0,10.875,7.125,3.347566753625869,0.2134564764146665,0.3715551892675242,8.654970760233919,,,,,,,,,,,,,,2026-08-14T20:59:07.776936+00:00,MID,canonical primary position,liverpool,soccerdata:sofascore:16363246,2026-08-23,2026-08-23T15:30:00+00:00,Premier League,league,scheduled,1.0,False,liverpool,Liverpool FC,newcastle_united,Newcastle United,A,Away,,,48.2,51.8,Neutral,,,,,derived feature frame,False
04yme,2627,Robert Sanchez,CHE,G,201.5,CHE,G,G,268.0,175.0,268.0,201.0,6.7,22.0,,24.0,-5.0,FA,@FUL Mon 2:00PM,robert sanchez,False,True,Matched eligible,pr_86025ef633933167,140.0,04yme,Robert Lynch Sánchez,Robert Lynch Sánchez,Chelsea,CHE,G,True,a,,CHE,G,Confirmed,Ordered Token Expanded Name,85.0,Official FPL API,2026-07-30T01:09:03.040438+00:00,04yme,Player Registry,Ordered Token Expanded Name,CHE,Confirmed,False,Robert Sanchez,CHE,G,38.0,3039.0,35.0,276.5,262.5,0.0,1.0,0.0,0.8848487213253974,0.0,5.0,3054.0,9098.0,425.0,5.0,25.5,7.276315789473684,7.095,8.188548864758143,0.026076091984049,0.9210526315789472,0.8333333333333334,True,True,matched by historical Fantrax ID,normalized Fantrax ID,1.0,262.5,7.095,37.0,276.5,7.773938795656466,94.9367088607595,68.4,56.8,65.6,50.53333333333333,46.98,47.54,85.9,Locked Starter,90.0,False,63.8,89.4,12.2,85.9,63.8,71.8,65.12,95.5,80.0,Tier 4,188.0,Strong value,,,Free Agent,,,,,,True,0,,,,,,,False,True,False,,,80.0,268.0,G,,,276.5,7.276315789473684,8.188548864758143,262.5,7.095,7.773938795656466,3039.0,35.0,0.9210526315789472,0.0,0.8848487213253974,0.026076091984049,85.9,65.6,46.98,38.0,7.9,7.5,0.8848487213253974,0.0,0.026076091984049,88.85964912280701,,,,,,,,,,,,,,2026-08-14T20:59:07.776936+00:00,GK,canonical primary position,chelsea,soccerdata:sofascore:16363244,2026-08-24,2026-08-24T19:00:00+00:00,Premier League,league,scheduled,1.0,False,chelsea,Chelsea,fulham,Fulham,A,Away,,,50.9,49.1,Neutral,,,,,derived feature frame,False
06znb,2627,Robin Roefs,SUN,G,213.0,SUN,G,G,139.8,162.0,139.8,213.0,6.45,96.0,,94.0,-1.0,FA,@IPS Sat 9:00AM,robin roefs,False,True,Matched eligible,pr_53de7c40b6b43722,529.0,06znb,Robin Roefs,Robin Roefs,Sunderland,SUN,G,True,a,,SUN,G,Confirmed,Exact Name + Club,95.0,Official FPL API,2026-07-30T01:09:03.040438+00:00,06znb,Player Registry,Exact Name + Club,SUN,Confirmed,False,Robin Roefs,SUN,G,38.0,2880.0,32.0,304.5,290.5,0.0,0.0,0.0,0.7053439579904078,0.0,4.0,3150.0,13712.0,540.0,6.0,35.0,8.013157894736842,8.3,9.515625,0.0201526845140116,0.8421052631578947,1.0,True,True,matched by historical Fantrax ID,normalized Fantrax ID,1.0,290.5,8.3,35.0,304.5,9.078125,95.40229885057472,7.9,49.1,27.1,43.6,42.0,37.67,90.5,Locked Starter,90.0,False,73.0,93.7,11.1,90.5,3.8,23.7,58.46,95.5,128.0,Tier 5,11.800000000000011,Value,pr_53de7c40b6b43722,Robin Roefs,Rostered,61fz0pmkmrp1z5vo,wmuck1,wmuck1,ACTIVE,ACTIVE,False,0,,,wmuck1,61fz0pmkmrp1z5vo,10.0,110.0,True,False,True,10.0,110.0,128.0,139.8,G,,,304.5,8.013157894736842,9.515625,290.5,8.3,9.078125,2880.0,32.0,0.8421052631578947,0.0,0.7053439579904078,0.0201526845140116,90.5,27.1,42.0,38.0,9.515625,9.078125,0.7053439579904078,0.0,0.0201526845140116,84.21052631578947,,,,,,,,,,,,,,2026-08-14T20:59:07.776936+00:00,GK,canonical primary position,sunderland,soccerdata:sofascore:16363636,2026-08-22,2026-08-22T14:00:00+00:00,Premier League,league,scheduled,1.0,False,sunderland,Sunderland,ipswich_town,Ipswich Town,A,Away,,,44.4,55.6,Difficult,,,,,derived feature frame,False
0524k,2627,Rodri,MCI,M,201.5,MCI,M,M,127.9,173.0,127.9,202.5,7.23,96.0,,86.0,-3.0,FA,BOU Sun 8:00AM,rodri,False,True,Matched eligible,pr_31f7bab64bd6d3a9,402.0,0524k,Rodrigo 'Rodri' Hernandez Cascante,Rodrigo 'Rodri' Hernandez Cascante,Man City,MCI,M,True,i,Back injury - Unknown return date,MCI,M,Confirmed,Explicit Player Alias,92.0,Official FPL API,2026-07-30T01:09:03.040438+00:00,0524k,Player Registry,Explicit Player Alias,MCI,Confirmed,False,Rodri,MCI,M,38.0,1371.0,16.0,132.5,112.5,1.0,1.0,1.188478172756731,2.27612954378128,0.0,26.0,1500.0,2496.0,177.0,2.0,23.0,3.486842105263158,4.167,8.698030634573303,0.2078764629922806,0.4210526315789473,0.3333333333333333,True,True,matched by historical Fantrax ID,normalized Fantrax ID,1.0,112.5,4.167,27.0,132.5,7.385120350109409,84.90566037735849,98.2,94.1,96.1,43.93333333333333,42.42,45.38,37.6,Rotation Risk,75.0,False,57.1,64.8,51.3,37.6,96.2,30.3,54.74,88.8,157.0,Tier 5,-29.099999999999994,Major reach,,,Free Agent,,,,,,True,0,,,,,,,False,True,False,,,157.0,127.9,M,,,132.5,3.486842105263158,8.698030634573303,112.5,4.167,7.385120350109409,1371.0,16.0,0.4210526315789473,1.188478172756731,2.27612954378128,0.2078764629922806,37.6,96.1,42.42,38.0,8.28125,7.03125,3.464607716538011,0.0713086903654038,0.1365677726268768,40.08771929824562,,,,,,,,,,,,,,2026-08-14T20:59:07.776936+00:00,MID,canonical primary position,manchester_city,soccerdata:sofascore:16363243,2026-08-23,2026-08-23T13:00:00+00:00,Premier League,league,scheduled,1.0,False,manchester_city,Manchester City,afc_bournemouth,Bournemouth,H,Home,,,49.6,50.4,Neutral,,,,,derived feature frame,False
05ylw,2627,Rodrigo Bentancur,TOT,M,48.0,TOT,M,M,,302.0,,47.0,7.83,0.0,,4.0,0.0,FA,@BRF Sat 11:30AM,rodrigo bentancur,False,True,Matched eligible,pr_2c39df122545cbed,516.0,05ylw,Rodrigo Bentancur,Rodrigo Bentancur,Spurs,TOT,M,True,a,,TOT,M,Confirmed,Exact Name + Club,95.0,Official FPL API,2026-07-30T01:09:03.040438+00:00,05ylw,Player Registry,Exact Name + Club,TOT,Confirmed,False,Rodrigo Bentancur,TOT,M,38.0,1227.0,15.0,100.5,94.5,0.0,0.0,0.9771954659372564,0.8773890770971772,0.0,10.0,1931.0,6108.0,407.0,5.0,35.0,2.644736842105264,5.25,7.371638141809291,0.0864384302812527,0.3947368421052631,0.8333333333333334,True,True,matched by historical Fantrax ID,normalized Fantrax ID,1.0,94.5,5.25,18.0,100.5,6.931540342298288,94.02985074626866,30.7,33.2,33.3,51.5,51.620000000000005,49.47,53.2,Likely Rotation,75.0,False,49.4,73.0,24.3,53.2,28.3,96.5,52.54,88.8,168.0,Tier 5,,ADP unavailable,,,Free Agent,,,,,,True,0,,,,,,,False,True,False,,,168.0,,M,,,100.5,2.644736842105264,7.371638141809291,94.5,5.25,6.931540342298288,1227.0,15.0,0.3947368421052631,0.9771954659372564,0.8773890770971772,0.0864384302812527,53.2,33.3,51.620000000000005,38.0,6.7,6.3,1.8545845430344332,0.0455451019856825,0.0408933282955701,35.877192982456144,,,,,,,,,,,,,,2026-08-14T20:59:07.776936+00:00,MID,canonical primary position,tottenham_hotspur,soccerdata:sofascore:16363242,2026-08-22,2026-08-22T16:30:00+00:00,Premier League,league,scheduled,1.0,False,tottenham_hotspur,Tottenham Hotspur,brentford,Brentford,A,Away,,,55.1,44.9,Favorable,,,,,derived feature frame,False
061vn,2627,Rodrigo Muniz,FUL,F,246.5,FUL,F,F,104.0,118.0,104.0,246.5,8.22,96.0,,88.0,0.0,FA,CHE Mon 2:00PM,rodrigo muniz,False,True,Matched eligible,pr_abacd3985c485659,271.0,061vn,Rodrigo Muniz Carvalho,Rodrigo Muniz Carvalho,Fulham,FUL,F,True,a,,FUL,F,Confirmed,Ordered Token Expanded Name,85.0,Official FPL API,2026-07-30T01:09:03.040438+00:00,061vn,Player Registry,Ordered Token Expanded Name,FUL,Confirmed,False,Rodrigo Muniz,FUL,F,38.0,81.0,1.0,10.0,10.0,0.0,0.0,4.5452917851507655,0.9614864559844134,0.0,8.0,1001.0,10717.0,0.0,0.0,0.0,0.2631578947368421,5.0,11.11111111111111,0.4951149267753907,0.0263157894736842,0.0,True,True,matched by historical Fantrax ID,normalized Fantrax ID,1.0,10.0,5.0,2.0,10.0,11.11111111111111,100.0,33.8,50.9,42.5,48.0,41.08,42.540000000000006,1.5,Bench / Unknown,55.0,False,57.9,69.8,83.3,1.5,38.0,15.4,45.97,79.8,205.0,Tier 6,-101.0,Major reach,pr_abacd3985c485659,Rodrigo Muniz Carvalho,Rostered,2dxfjlk0mrp1z5vo,nhauptma,nhauptma,RESERVE,RESERVE,False,0,,,nhauptma,2dxfjlk0mrp1z5vo,15.0,176.0,True,False,True,15.0,176.0,205.0,104.0,F,,,10.0,0.2631578947368421,11.11111111111111,10.0,5.0,11.11111111111111,81.0,1.0,0.0263157894736842,4.5452917851507655,0.9614864559844134,0.4951149267753907,1.5,42.5,41.08,38.0,10.0,10.0,5.506778241135179,0.4086675930704984,0.0864473337048923,2.368421052631579,,,,,,,,,,,,,,2026-08-14T20:59:07.776936+00:00,FWD,canonical primary position,fulham,soccerdata:sofascore:16363244,2026-08-24,2026-08-24T19:00:00+00:00,Premier League,league,scheduled,1.0,False,fulham,Fulham,chelsea,Chelsea,H,Home,,,35.8,64.2,Difficult,,,,,derived feature frame,False
06r9h,2627,Romain Esse,COV,M,28.5,CRY,M,M,281.6,370.0,281.6,33.5,8.38,9.0,,5.0,-2.0,FA,@EVE Sat 9:00AM,romain esse,False,True,Matched eligible,pr_d0934d3137bb2ff3,216.0,06r9h,Romain Esse,Romain Esse,Crystal Palace,CRY,M,True,a,,CRY,M,Confirmed,Exact Name,90.0,Official FPL API,2026-07-30T01:09:03.040438+00:00,06r9h,Player Registry,Exact Name,CRY,Confirmed,False,Romain Esse,CRY,M,38.0,0.0,0.0,0.0,0.0,0.0,0.0,0.0,0.0,0.0,0.0,29.0,13387.0,0.0,0.0,0.0,0.0,0.0,,0.0,0.0,0.0,True,True,matched by historical Fantrax ID,normalized Fantrax ID,1.0,,,,,,,18.2,57.9,33.9,40.0,40.32,42.81,0.0,Unknown / New Arrival,25.0,False,13.7,22.8,3.8,0.0,19.2,7.1,10.73,66.2,490.0,Deep,-208.4,Major reach,,,Free Agent,,,,,,True,0,,,,,,,False,True,False,,,490.0,281.6,M,,,0.0,0.0,,,,,0.0,0.0,0.0,0.0,0.0,0.0,0.0,33.9,40.32,38.0,,,0.0,0.0,0.0,0.0,,,,,,,,,,,,,,2026-08-14T20:59:07.776936+00:00,MID,canonical primary position,coventry_city,soccerdata:sofascore:16363633,2026-08-21,2026-08-21T19:00:00+00:00,Premier League,league,scheduled,1.0,False,coventry_city,Coventry City,arsenal,Arsenal,A,Away,,,18.9,81.1,Very difficult,,,,,derived feature frame,False
05udw,2627,Romaine Mundle,SUN,"M,F",26.5,SUN,M,"M,F",,411.0,,26.5,6.62,0.0,,1.0,0.0,FA,@IPS Sat 9:00AM,romaine mundle,False,True,Matched eligible,pr_cca6716a1f86f73c,547.0,05udw,Romaine Mundle,Romaine Mundle,Sunderland,SUN,M,True,a,,SUN,F,Confirmed,Exact Name + Club,95.0,Official FPL API,2026-07-30T01:09:03.040438+00:00,05udw,Player Registry,Exact Name + Club,SUN,Confirmed,False,Romaine Mundle,SUN,F,38.0,0.0,0.0,0.0,0.0,0.0,0.0,0.6733944006264209,0.0171345714479684,0.0,1.0,370.0,11461.0,0.0,0.0,0.0,0.0,0.0,,0.1679665067207973,0.0,0.0,True,True,matched by historical Fantrax ID,normalized Fantrax ID,1.0,,,,,,,7.9,49.1,27.1,43.6,42.0,37.67,0.0,Unknown / New Arrival,25.0,False,13.7,22.8,43.7,0.0,3.8,23.7,16.82,66.2,408.0,Deep,,ADP unavailable,,,Free Agent,,,,,,True,0,,,,,,,False,True,False,,,408.0,,M,,,0.0,0.0,,,,,0.0,0.0,0.0,0.6733944006264209,0.0171345714479684,0.1679665067207973,0.0,27.1,42.0,38.0,,,0.6905289720743892,0.1637986379902105,0.0041678687305869,0.0,,,,,,,,,,,,,,2026-08-14T20:59:07.776936+00:00,MID,canonical primary position,sunderland,soccerdata:sofascore:16363636,2026-08-22,2026-08-22T14:00:00+00:00,Premier League,league,scheduled,1.0,False,sunderland,Sunderland,ipswich_town,Ipswich Town,A,Away,,,44.4,55.6,Difficult,,,,,derived feature frame,False
06xzb,2627,Romelle Donovan,BRF,M,6.5,,,,,,,,,,,,,,,,,,,,,,,,,,,,,,,,,,,,,,,,,,,,,,,,,,,,,,,,,,,,,,,,,,,,,,,,,,,,,,,,,,,,,,,,,,,,,,,,,,,,,,,Free Agent,,,,,,True,0,,,,,,,False,True,False,,,,,,,,,,,,,,,,,,,,,,,,,,,,,,,,,,,,,,,,,,,2026-08-14T20:59:07.776936+00:00,MID,first valid Fantrax position,brentford,soccerdata:sofascore:16363242,2026-08-22,2026-08-22T16:30:00+00:00,Premier League,league,scheduled,1.0,False,brentford,Brentford,tottenham_hotspur,Tottenham Hotspur,H,Home,,,51.6,48.4,Neutral,,,,,derived feature frame,False
05unu,2627,Romeo Lavia,CHE,M,18.0,CHE,M,M,,479.0,,13.5,4.5,0.0,,2.0,0.0,FA,@FUL Mon 2:00PM,romeo lavia,False,True,Matched eligible,pr_4d87942c18a59712,161.0,05unu,Roméo Lavia,Roméo Lavia,Chelsea,CHE,M,True,a,,CHE,M,Confirmed,Exact Name + Club,95.0,Official FPL API,2026-07-30T01:09:03.040438+00:00,05unu,Player Registry,Exact Name + Club,CHE,Confirmed,False,Romeo Lavia,CHE,M,38.0,0.0,0.0,0.0,0.0,0.0,0.0,0.2767128031700848,0.4153143763542175,0.0,1.0,366.0,10004.0,0.0,0.0,0.0,0.0,0.0,,0.170170617915812,0.0,0.0,True,True,matched by historical Fantrax ID,normalized Fantrax ID,1.0,,,,,,,68.4,56.8,65.6,50.53333333333333,46.98,47.54,0.0,Unknown / New Arrival,25.0,False,13.7,22.8,44.4,0.0,63.8,71.8,27.75,66.2,308.0,Deep,,ADP unavailable,,,Free Agent,,,,,,True,0,,,,,,,False,True,False,,,308.0,,M,,,0.0,0.0,,,,,0.0,0.0,0.0,0.2767128031700848,0.4153143763542175,0.170170617915812,0.0,65.6,46.98,38.0,,,0.6920271795243023,0.06804413192707,0.102126485988742,0.0,,,,,,,,,,,,,,2026-08-14T20:59:07.776936+00:00,MID,canonical primary position,chelsea,soccerdata:sofascore:16363244,2026-08-24,2026-08-24T19:00:00+00:00,Premier League,league,scheduled,1.0,False,chelsea,Chelsea,fulham,Fulham,A,Away,,,50.9,49.1,Neutral,,,,,derived feature frame,False
072gz,2627,Ronnie Hollingshead,AVL,G,0.0,,,,,,,,,,,,,,,,,,,,,,,,,,,,,,,,,,,,,,,,,,,,,,,,,,,,,,,,,,,,,,,,,,,,,,,,,,,,,,,,,,,,,,,,,,,,,,,,,,,,,,,Free Agent,,,,,,True,0,,,,,,,False,True,False,,,,,,,,,,,,,,,,,,,,,,,,,,,,,,,,,,,,,,,,,,,2026-08-14T20:59:07.776936+00:00,GK,first valid Fantrax position,aston_villa,soccerdata:sofascore:16363236,2026-08-23,2026-08-23T13:00:00+00:00,Premier League,league,scheduled,1.0,False,aston_villa,Aston Villa,brighton_hove_albion,Brighton & Hove Albion,A,Away,,,38.5,61.5,Difficult,,,,,derived feature frame,False
02lpf,2627,Ross Barkley,AVL,M,45.0,AVL,M,M,265.0,319.0,265.0,44.0,8.8,26.0,,9.0,1.0,FA,@BHA Sun 8:00AM,ross barkley,False,True,Matched eligible,pr_d630651445257137,46.0,02lpf,Ross Barkley,Ross Barkley,Aston Villa,AVL,M,True,a,,AVL,M,Confirmed,Exact Name + Club,95.0,Official FPL API,2026-07-30T01:09:03.040438+00:00,02lpf,Player Registry,Exact Name + Club,AVL,Confirmed,False,Ross Barkley,AVL,M,38.0,0.0,0.0,0.0,0.0,0.0,0.0,1.912974383682012,2.032162093557417,0.0,10.0,818.0,592.0,0.0,0.0,0.0,0.0,0.0,,0.4340614706009151,0.0,0.0,True,True,matched by historical Fantrax ID,normalized Fantrax ID,1.0,,,,,,,57.9,54.1,59.0,40.96666666666667,44.9,48.31,0.0,Unknown / New Arrival,25.0,False,13.7,22.8,78.3,0.0,53.4,62.1,30.81,66.2,293.0,Tier 6,-28.0,Major reach,,,Free Agent,,,,,,True,0,,,,,,,False,True,False,,,293.0,265.0,M,,,0.0,0.0,,,,,0.0,0.0,0.0,1.912974383682012,2.032162093557417,0.4340614706009151,0.0,59.0,44.9,38.0,,,3.945136477239429,0.2104739541948423,0.2235875164060727,0.0,,,,,,,,,,,,,,2026-08-14T20:59:07.776936+00:00,MID,canonical primary position,aston_villa,soccerdata:sofascore:16363236,2026-08-23,2026-08-23T13:00:00+00:00,Premier League,league,scheduled,1.0,False,aston_villa,Aston Villa,brighton_hove_albion,Brighton & Hove Albion,A,Away,,,38.5,61.5,Difficult,,,,,derived feature frame,False
05omu,2627,Ruben Dias,MCI,D,52.5,MCI,D,D,241.2,279.0,241.2,54.0,7.71,39.0,,39.0,-3.0,FA,BOU Sun 8:00AM,ruben dias,False,True,Matched eligible,pr_1b8baf71e0d74529,390.0,05omu,Rúben dos Santos Gato Alves Dias,Rúben dos Santos Gato Alves Dias,Man City,MCI,D,True,a,,MCI,D,Confirmed,Ordered Token Expanded Name,85.0,Official FPL API,2026-07-30T01:09:03.040438+00:00,05omu,Player Registry,Ordered Token Expanded Name,MCI,Confirmed,False,Ruben Dias,MCI,D,38.0,2137.0,24.0,259.0,183.0,2.0,0.0,0.4370618928223846,0.4225503513589499,0.0,7.0,2142.0,8961.0,90.0,1.0,2.0,6.815789473684211,4.816,10.907814693495554,0.0361181615202241,0.631578947368421,0.1666666666666666,True,True,matched by historical Fantrax ID,normalized Fantrax ID,1.0,183.0,4.816,38.0,259.0,7.70706598034628,70.65637065637065,98.2,94.1,96.1,43.93333333333333,42.42,45.38,44.3,Rotation Risk,75.0,False,76.7,68.9,13.2,44.3,96.2,30.3,56.86,88.8,142.0,Tier 5,99.2,Strong value,,,Free Agent,,,,,,True,0,,,,,,,False,True,False,,,142.0,241.2,D,,,259.0,6.815789473684211,10.907814693495554,183.0,4.816,7.70706598034628,2137.0,24.0,0.631578947368421,0.4370618928223846,0.4225503513589499,0.0361181615202241,44.3,96.1,42.42,38.0,10.791666666666666,7.625,0.8596122441813345,0.0183639450765707,0.0177542164436533,62.48538011695906,,,,,,,,,,,,,,2026-08-14T20:59:07.776936+00:00,DEF,canonical primary position,manchester_city,soccerdata:sofascore:16363243,2026-08-23,2026-08-23T13:00:00+00:00,Premier League,league,scheduled,1.0,False,manchester_city,Manchester City,afc_bournemouth,Bournemouth,H,Home,,,49.6,50.4,Neutral,,,,,derived feature frame,False
061ve,2627,Ryan Christie,BOU,M,56.5,BOU,M,M,287.5,275.0,287.5,55.5,7.93,4.0,,2.0,0.0,FA,@MCI Sun 8:00AM,ryan christie,False,True,Matched eligible,pr_263d73b1bd7510af,75.0,061ve,Ryan Christie,Ryan Christie,Bournemouth,BOU,M,True,s,Suspended until 29 Aug,BOU,M,Confirmed,Exact Name + Club,95.0,Official FPL API,2026-07-30T01:09:03.040438+00:00,061ve,Player Registry,Exact Name + Club,BOU,Confirmed,False,Ryan Christie,BOU,M,38.0,50.0,0.0,6.0,6.0,0.0,0.0,1.7907362105324856,1.6195761244744058,0.0,11.0,942.0,10744.0,0.0,0.0,0.0,0.1578947368421052,2.0,10.8,0.3258260192681743,0.0,0.0,True,True,matched by historical Fantrax ID,normalized Fantrax ID,1.0,6.0,2.0,3.0,6.0,10.8,100.0,73.4,43.8,58.6,39.93333333333333,43.7,39.440000000000005,0.6,Bench / Unknown,55.0,False,55.2,49.9,66.7,0.6,64.2,57.7,46.34,79.8,202.0,Tier 6,85.5,Strong value,,,Free Agent,,,,,,True,0,,,,,,,False,True,False,,,202.0,287.5,M,,,6.0,0.1578947368421052,10.8,6.0,2.0,10.8,50.0,0.0,0.0,1.7907362105324856,1.6195761244744058,0.3258260192681743,0.6,58.6,43.7,38.0,,,3.410312335006892,0.171089446866161,0.1547365724020133,1.461988304093567,,,,,,,,,,,,,,2026-08-14T20:59:07.776936+00:00,MID,canonical primary position,afc_bournemouth,soccerdata:sofascore:16363243,2026-08-23,2026-08-23T13:00:00+00:00,Premier League,league,scheduled,1.0,False,afc_bournemouth,Bournemouth,manchester_city,Manchester City,A,Away,,,16.8,83.2,Very difficult,,,,,derived feature frame,False
04sjv,2627,Ryan Giles,HUL,D,244.0,HUL,D,D,282.5,205.0,282.5,174.5,5.29,9.0,,11.0,0.0,FA,MUN Sat 6:30AM,ryan giles,False,True,Matched eligible,pr_0b42d15c74eca788,282.0,04sjv,Ryan Giles,Ryan Giles,Hull City,HUL,D,True,a,,,,New EPL Arrival,Exact Name + Club,95.0,Official FPL API,2026-07-30T01:09:03.040438+00:00,04sjv,Player Registry,Exact Name + Club,HUL,New EPL Arrival,False,,,,,,,,,,,,,,,,,,,,,,,,,,False,False,no 2025/26 record for bridged ID,none,0.0,,,,,,,,,,38.13333333333333,40.5,42.74,0.0,Unknown / New Arrival,25.0,False,0.0,0.0,0.0,0.0,0.0,11.8,1.18,11.2,581.0,Deep,-298.5,Major reach,,,Free Agent,,,,,,True,0,,,,,,,False,True,False,,,581.0,282.5,D,,,,,,,,,,,,,,,0.0,,40.5,,,,,,,,,,,,,,,,,,,,,2026-08-14T20:59:07.776936+00:00,DEF,canonical primary position,hull_city,soccerdata:sofascore:16363634,2026-08-22,2026-08-22T11:30:00+00:00,Premier League,league,scheduled,1.0,False,hull_city,Hull City,manchester_united,Manchester United,H,Home,,,32.0,68.0,Very difficult,,,,,derived feature frame,False
06fxe,2627,Ryan Gravenberch,LIV,M,249.5,LIV,M,M,89.6,112.0,89.6,248.5,7.77,100.0,,98.0,-1.0,FA,@NEW Sun 10:30AM,ryan gravenberch,False,True,Matched eligible,pr_bc6d6a1ced64947e,371.0,06fxe,Ryan Gravenberch,Ryan Gravenberch,Liverpool,LIV,M,True,a,,LIV,M,Confirmed,Exact Name + Club,95.0,Official FPL API,2026-07-30T01:09:03.040438+00:00,06fxe,Player Registry,Exact Name + Club,LIV,Confirmed,False,Ryan Gravenberch,LIV,M,38.0,2991.0,34.0,312.0,228.0,5.0,5.0,1.5315213510766612,2.3688688501715656,0.0,29.0,3008.0,10697.0,428.0,5.0,46.5,8.210526315789474,6.0,9.388164493480442,0.1167005046916025,0.8947368421052632,0.8333333333333334,True,True,matched by historical Fantrax ID,normalized Fantrax ID,1.0,228.0,6.0,38.0,312.0,6.860581745235708,73.07692307692307,83.8,61.5,74.8,46.4,49.71999999999999,50.39,85.0,Locked Starter,90.0,False,73.2,78.6,31.0,85.0,77.2,90.1,72.12,95.5,42.0,Tier 3,47.6,Strong value,pr_bc6d6a1ced64947e,Ryan Gravenberch,Rostered,aup99ojzmrp1z5vp,The Facerockers,The Facerockers,ACTIVE,ACTIVE,False,0,,,The Facerockers,aup99ojzmrp1z5vp,8.0,88.0,True,False,True,8.0,88.0,42.0,89.6,M,,,312.0,8.210526315789474,9.388164493480442,228.0,6.0,6.860581745235708,2991.0,34.0,0.8947368421052632,1.5315213510766612,2.3688688501715656,0.1167005046916025,85.0,74.8,49.71999999999999,38.0,9.176470588235292,6.705882352941177,3.9003902012482263,0.0458234446798203,0.0708770600117822,87.45614035087719,,,,,,,,,,,,,,2026-08-14T20:59:07.776936+00:00,MID,canonical primary position,liverpool,soccerdata:sofascore:16363246,2026-08-23,2026-08-23T15:30:00+00:00,Premier League,league,scheduled,1.0,False,liverpool,Liverpool FC,newcastle_united,Newcastle United,A,Away,,,48.2,51.8,Neutral,,,,,derived feature frame,False
072b6,2627,Ryan Kavuma-McQueen,CHE,F,0.0,CHE,F,F,,607.0,,0.0,0.0,0.0,,2.0,-1.0,FA,@FUL Mon 2:00PM,ryan kavuma mcqueen,True,False,Inactive / historical only,pr_44a3b4d1356b53aa,,072b6,Ryan Kavuma-McQueen,,CHE,CHE,F,False,unverified,,CHE,F,Historical Only,Unresolved,0.0,Fantrax / historical,,072b6,Player Registry,Unresolved,CHE,Historical Only,False,,CHE,F,38.0,0.0,0.0,0.0,0.0,0.0,0.0,0.0,0.0,0.0,0.0,0.0,,0.0,0.0,0.0,0.0,0.0,,,0.0,0.0,True,True,matched by historical Fantrax ID,normalized Fantrax ID,1.0,,,,,,,68.4,56.8,65.6,50.53333333333333,46.98,47.54,0.0,Unknown / New Arrival,25.0,False,13.7,22.8,0.0,0.0,63.8,71.8,21.08,46.2,,,,Not draft eligible,,,Free Agent,,,,,,True,0,,,,,,,False,True,False,,,,,F,,,0.0,0.0,,,,,0.0,0.0,0.0,0.0,0.0,,0.0,65.6,46.98,38.0,,,0.0,,,0.0,,,,,,,,,,,,,,2026-08-14T20:59:07.776936+00:00,FWD,canonical primary position,chelsea,soccerdata:sofascore:16363244,2026-08-24,2026-08-24T19:00:00+00:00,Premier League,league,scheduled,1.0,False,chelsea,Chelsea,fulham,Fulham,A,Away,,,50.9,49.1,Neutral,,,,,derived feature frame,False
0722t,2627,Ryan McAidoo,MCI,F,0.0,MCI,F,F,,619.0,,0.0,0.0,0.0,,2.0,2.0,W <small>(Tue)</small>,BOU Sun 8:00AM,ryan mcaidoo,True,False,Inactive / historical only,pr_2a208f5c0a27731a,,0722t,Ryan McAidoo,,MCI,MCI,F,False,unverified,,MCI,F,Historical Only,Unresolved,0.0,Fantrax / historical,,0722t,Player Registry,Unresolved,MCI,Historical Only,False,,MCI,F,38.0,0.0,0.0,0.0,0.0,0.0,0.0,0.0,0.0,0.0,0.0,0.0,,0.0,0.0,0.0,0.0,0.0,,,0.0,0.0,True,True,matched by historical Fantrax ID,normalized Fantrax ID,1.0,,,,,,,98.2,94.1,96.1,43.93333333333333,42.42,45.38,0.0,Unknown / New Arrival,25.0,False,13.7,22.8,0.0,0.0,96.2,30.3,20.17,46.2,,,,Not draft eligible,,,Free Agent,,,,,,True,0,,,,,,,False,True,False,,,,,F,,,0.0,0.0,,,,,0.0,0.0,0.0,0.0,0.0,,0.0,96.1,42.42,38.0,,,0.0,,,0.0,,,,,,,,,,,,,,2026-08-14T20:59:07.776936+00:00,FWD,canonical primary position,manchester_city,soccerdata:sofascore:16363243,2026-08-23,2026-08-23T13:00:00+00:00,Premier League,league,scheduled,1.0,False,manchester_city,Manchester City,afc_bournemouth,Bournemouth,H,Home,,,49.6,50.4,Neutral,,,,,derived feature frame,False
04qfm,2627,Ryan Sessegnon,FUL,"D,M",72.5,FUL,D,"D,M",266.2,245.0,266.2,72.5,8.06,26.0,,12.0,-1.0,FA,CHE Mon 2:00PM,ryan sessegnon,False,True,Matched eligible,pr_0156eb2e84dbb769,269.0,04qfm,Ryan Sessegnon,Ryan Sessegnon,Fulham,FUL,D,True,a,,FUL,"D,M",Confirmed,Exact Name + Club,95.0,Official FPL API,2026-07-30T01:09:03.040438+00:00,04qfm,Player Registry,Exact Name + Club,FUL,Confirmed,False,Ryan Sessegnon,FUL,"D,M",38.0,1295.0,14.0,126.0,102.0,2.0,2.0,2.04829409904778,2.22843312844634,0.0,14.0,1830.0,6837.0,0.0,0.0,0.0,3.3157894736842106,4.08,8.756756756756758,0.2103308472538091,0.3684210526315789,0.0,True,True,matched by historical Fantrax ID,normalized Fantrax ID,1.0,102.0,4.08,25.0,126.0,7.08880308880309,80.95238095238095,33.8,50.9,42.5,48.0,41.08,42.540000000000006,22.5,Rotation Risk,75.0,False,57.3,64.4,51.6,22.5,38.0,15.4,44.41,88.8,215.0,Tier 6,51.19999999999999,Strong value,,,Free Agent,,,,,,True,0,,,Berkshire's Club,,,,False,True,True,14.0,163.0,215.0,266.2,D,,,126.0,3.3157894736842106,8.756756756756758,102.0,4.08,7.08880308880309,1295.0,14.0,0.3684210526315789,2.04829409904778,2.22843312844634,0.2103308472538091,22.5,42.5,41.08,38.0,9.0,7.285714285714286,4.276727227494121,0.1007357753630055,0.1095950718908036,37.86549707602339,,,,,,,,,,,,,,2026-08-14T20:59:07.776936+00:00,DEF,canonical primary position,fulham,soccerdata:sofascore:16363244,2026-08-24,2026-08-24T19:00:00+00:00,Premier League,league,scheduled,1.0,False,fulham,Fulham,chelsea,Chelsea,H,Home,,,35.8,64.2,Difficult,,,,,derived feature frame,False
0643w,2627,Ryan Trevitt,BRF,M,0.0,,,,,,,,,,,,,,,,,,,,,,,,,,,,,,,,,,,,,,,,,,,,,,,,,,,,,,,,,,,,,,,,,,,,,,,,,,,,,,,,,,,,,,,,,,,,,,,,,,,,,,,Free Agent,,,,,,True,0,,,,,,,False,True,False,,,,,,,,,,,,,,,,,,,,,,,,,,,,,,,,,,,,,,,,,,,2026-08-14T20:59:07.776936+00:00,MID,first valid Fantrax position,brentford,soccerdata:sofascore:16363242,2026-08-22,2026-08-22T16:30:00+00:00,Premier League,league,scheduled,1.0,False,brentford,Brentford,tottenham_hotspur,Tottenham Hotspur,H,Home,,,51.6,48.4,Neutral,,,,,derived feature frame,False
061y6,2627,Ryan Yates,NOT,M,31.5,NOT,M,M,,395.0,,30.5,7.62,0.0,,1.0,-1.0,FA,LEE Sat 9:00AM,ryan yates,False,True,Matched eligible,pr_ea69af9e95db466c,489.0,061y6,Ryan Yates,Ryan Yates,Nott'm Forest,NOT,M,True,a,,NOT,M,Confirmed,Exact Name + Club,95.0,Official FPL API,2026-07-30T01:09:03.040438+00:00,061y6,Player Registry,Exact Name + Club,NOT,Confirmed,False,Ryan Yates,NOT,M,38.0,0.0,0.0,0.0,0.0,0.0,0.0,0.6748014166951177,0.2274915445595977,0.0,5.0,550.0,11003.0,0.0,0.0,0.0,0.0,0.0,,0.147647939114408,0.0,0.0,True,True,matched by historical Fantrax ID,normalized Fantrax ID,1.0,,,,,,,39.9,34.4,37.8,48.333333333333336,45.36,43.16,0.0,Unknown / New Arrival,25.0,False,13.7,22.8,39.4,0.0,43.2,66.2,24.38,66.2,317.0,Deep,,ADP unavailable,,,Free Agent,,,,,,True,0,,,,,,,False,True,False,,,317.0,,M,,,0.0,0.0,,,,,0.0,0.0,0.0,0.6748014166951177,0.2274915445595977,0.147647939114408,0.0,37.8,45.36,38.0,,,0.9022929612547156,0.1104220500046556,0.0372258891097523,0.0,,,,,,,,,,,,,,2026-08-14T20:59:07.776936+00:00,MID,canonical primary position,,,,,,,,,,,,,,,,,,,,,,,,,derived feature frame,False
072g3,2627,Sam Alabi,NEW,M,0.0,,,,,,,,,,,,,,,,,,,,,,,,,,,,,,,,,,,,,,,,,,,,,,,,,,,,,,,,,,,,,,,,,,,,,,,,,,,,,,,,,,,,,,,,,,,,,,,,,,,,,,,Free Agent,,,,,,True,0,,,,,,,False,True,False,,,,,,,,,,,,,,,,,,,,,,,,,,,,,,,,,,,,,,,,,,,2026-08-14T20:59:07.776936+00:00,MID,first valid Fantrax position,newcastle_united,soccerdata:sofascore:16363246,2026-08-23,2026-08-23T15:30:00+00:00,Premier League,league,scheduled,1.0,False,newcastle_united,Newcastle United,liverpool,Liverpool FC,H,Home,,,31.6,68.4,Very difficult,,,,,derived feature frame,False
03ysd,2627,Sam Byram,LEE,D,8.0,LEE,D,D,,513.0,,8.5,8.5,0.0,,1.0,0.0,FA,@NOT Sat 9:00AM,sam byram,True,False,Inactive / historical only,pr_3830b944664ad4f5,,03ysd,Sam Byram,,LEE,LEE,D,False,unverified,,LEE,D,Historical Only,Unresolved,0.0,Fantrax / historical,,03ysd,Player Registry,Unresolved,LEE,Historical Only,False,Sam Byram,LEE,D,38.0,0.0,0.0,0.0,0.0,0.0,0.0,0.0,0.0,0.0,0.0,5.0,902.0,0.0,0.0,0.0,0.0,0.0,,0.0,0.0,0.0,True,True,matched by historical Fantrax ID,normalized Fantrax ID,1.0,,,,,,,38.1,24.1,31.1,45.56666666666666,43.0,38.71,0.0,Unknown / New Arrival,25.0,False,13.7,22.8,3.8,0.0,30.4,42.0,15.34,66.2,,,,Not draft eligible,,,Free Agent,,,,,,True,0,,,,,,,False,True,False,,,,,D,,,0.0,0.0,,,,,0.0,0.0,0.0,0.0,0.0,0.0,0.0,31.1,43.0,38.0,,,0.0,0.0,0.0,0.0,,,,,,,,,,,,,,2026-08-14T20:59:07.776936+00:00,DEF,canonical primary position,leeds_united,soccerdata:sofascore:16363238,2026-08-22,2026-08-22T14:00:00+00:00,Premier League,league,scheduled,1.0,False,leeds_united,Leeds United,nottingham_forest,Nottingham Forest,A,Away,,,49.5,50.5,Neutral,,,,,derived feature frame,False
06v00,2627,Sam Chambers,LEE,M,0.0,LEE,M,M,,567.0,,0.0,0.0,0.0,,1.0,0.0,FA,@NOT Sat 9:00AM,sam chambers,True,False,Inactive / historical only,pr_800ce0a4735bab5f,,06v00,Sam Chambers,,LEE,LEE,M,False,unverified,,LEE,M,Historical Only,Unresolved,0.0,Fantrax / historical,,06v00,Player Registry,Unresolved,LEE,Historical Only,False,,LEE,M,38.0,0.0,0.0,0.0,0.0,0.0,0.0,0.0,0.0,0.0,0.0,0.0,,0.0,0.0,0.0,0.0,0.0,,,0.0,0.0,True,True,matched by historical Fantrax ID,normalized Fantrax ID,1.0,,,,,,,38.1,24.1,31.1,45.56666666666666,43.0,38.71,0.0,Unknown / New Arrival,25.0,False,13.7,22.8,0.0,0.0,30.4,42.0,14.77,46.2,,,,Not draft eligible,,,Free Agent,,,,,,True,0,,,,,,,False,True,False,,,,,M,,,0.0,0.0,,,,,0.0,0.0,0.0,0.0,0.0,,0.0,31.1,43.0,38.0,,,0.0,,,0.0,,,,,,,,,,,,,,2026-08-14T20:59:07.776936+00:00,MID,canonical primary position,leeds_united,soccerdata:sofascore:16363238,2026-08-22,2026-08-22T14:00:00+00:00,Premier League,league,scheduled,1.0,False,leeds_united,Leeds United,nottingham_forest,Nottingham Forest,A,Away,,,49.5,50.5,Neutral,,,,,derived feature frame,False
06ie2,2627,Sam Proctor,AVL,G,0.0,,,,,,,,,,,,,,,,,,,,,,,,,,,,,,,,,,,,,,,,,,,,,,,,,,,,,,,,,,,,,,,,,,,,,,,,,,,,,,,,,,,,,,,,,,,,,,,,,,,,,,,Free Agent,,,,,,True,0,,,,,,,False,True,False,,,,,,,,,,,,,,,,,,,,,,,,,,,,,,,,,,,,,,,,,,,2026-08-14T20:59:07.776936+00:00,GK,first valid Fantrax position,aston_villa,soccerdata:sofascore:16363236,2026-08-23,2026-08-23T13:00:00+00:00,Premier League,league,scheduled,1.0,False,aston_villa,Aston Villa,brighton_hove_albion,Brighton & Hove Albion,A,Away,,,38.5,61.5,Difficult,,,,,derived feature frame,False
06ewp,2627,Samuel Amissah,FUL,D,0.0,,,,,,,,,,,,,,,,,,,,,,,,,,,,,,,,,,,,,,,,,,,,,,,,,,,,,,,,,,,,,,,,,,,,,,,,,,,,,,,,,,,,,,,,,,,,,,,,,,,,,,,Free Agent,,,,,,True,0,,,,,,,False,True,False,,,,,,,,,,,,,,,,,,,,,,,,,,,,,,,,,,,,,,,,,,,2026-08-14T20:59:07.776936+00:00,DEF,first valid Fantrax position,fulham,soccerdata:sofascore:16363244,2026-08-24,2026-08-24T19:00:00+00:00,Premier League,league,scheduled,1.0,False,fulham,Fulham,chelsea,Chelsea,H,Home,,,35.8,64.2,Difficult,,,,,derived feature frame,False
070hk,2627,Samuel Chukwueze,FUL,"M,F",52.5,,,,,,,,,,,,,,,,,,,,,,,,,,,,,,,,,,,,,,,,,,,,,,,,,,,,,,,,,,,,,,,,,,,,,,,,,,,,,,,,,,,,,,,,,,,,,,,,,,,,,,,Free Agent,,,,,,True,0,,,,,,,False,True,False,,,,,,,,,,,,,,,,,,,,,,,,,,,,,,,,,,,,,,,,,,,2026-08-14T20:59:07.776936+00:00,MID,first valid Fantrax position,fulham,soccerdata:sofascore:16363244,2026-08-24,2026-08-24T19:00:00+00:00,Premier League,league,scheduled,1.0,False,fulham,Fulham,chelsea,Chelsea,H,Home,,,35.8,64.2,Difficult,,,,,derived feature frame,False
05gcs,2627,Sander Berge,FUL,M,188.5,FUL,M,M,289.4,191.0,289.4,187.5,5.21,4.0,,10.0,-3.0,FA,CHE Mon 2:00PM,sander berge,False,True,Matched eligible,pr_91372d79a4be3f49,265.0,05gcs,Sander Berge,Sander Berge,Fulham,FUL,M,True,a,,FUL,M,Confirmed,Exact Name + Club,95.0,Official FPL API,2026-07-30T01:09:03.040438+00:00,05gcs,Player Registry,Exact Name + Club,FUL,Confirmed,False,Sander Berge,FUL,M,38.0,0.0,0.0,0.0,0.0,0.0,0.0,1.3464614748954769,1.9850705461576568,0.0,21.0,2935.0,8285.0,0.0,0.0,0.0,0.0,0.0,,0.1021594146149172,0.0,0.0,True,True,matched by historical Fantrax ID,normalized Fantrax ID,1.0,,,,,,,33.8,50.9,42.5,48.0,41.08,42.540000000000006,0.0,Unknown / New Arrival,25.0,False,13.7,22.8,28.3,0.0,38.0,15.4,17.1,66.2,405.0,Deep,-115.60000000000002,Major reach,,,Free Agent,,,,,,True,0,,,,,,,False,True,False,,,405.0,289.4,M,,,0.0,0.0,,,,,0.0,0.0,0.0,1.3464614748954769,1.9850705461576568,0.1021594146149172,0.0,42.5,41.08,38.0,,,3.331532021053134,0.0412884268281406,0.0608709877867765,0.0,,,,,,,,,,,,,,2026-08-14T20:59:07.776936+00:00,MID,canonical primary position,fulham,soccerdata:sofascore:16363244,2026-08-24,2026-08-24T19:00:00+00:00,Premier League,league,scheduled,1.0,False,fulham,Fulham,chelsea,Chelsea,H,Home,,,35.8,64.2,Difficult,,,,,derived feature frame,False
06cms,2627,Sandro Tonali,TOT,M,216.5,TOT,M,M,107.5,157.0,107.5,215.5,7.43,100.0,,94.0,-1.0,FA,@BRF Sat 11:30AM,sandro tonali,False,True,Matched eligible,pr_285914ad61e3c1cc,455.0,06cms,Sandro Tonali,Sandro Tonali,Spurs,TOT,M,True,a,,NEW,M,Transferred,Exact Name + Club,95.0,Official FPL API,2026-07-30T01:09:03.040438+00:00,06cms,Player Registry,Exact Name + Club,TOT,Transferred,False,Sandro Tonali,NEW,M,38.0,2466.0,30.0,206.0,188.0,0.0,2.0,1.4170023752376428,3.760555641725659,0.0,32.0,2586.0,7958.0,407.0,5.0,31.0,5.421052631578948,5.081,7.518248175182483,0.18019343446508,0.7894736842105263,0.8333333333333334,True,True,matched by historical Fantrax ID,normalized Fantrax ID,1.0,188.0,5.081,37.0,206.0,6.861313868613139,91.2621359223301,30.7,33.2,33.3,51.5,51.620000000000005,49.47,67.6,Likely Rotation,75.0,True,57.2,70.8,46.8,67.6,28.3,96.5,60.81,88.8,106.0,Tier 4,1.5,Near market,pr_285914ad61e3c1cc,Sandro Tonali,Rostered,w2mnqywumrp1z5vp,tpem,tpem,ACTIVE,ACTIVE,False,0,,,tpem,w2mnqywumrp1z5vp,11.0,122.0,True,False,True,11.0,122.0,106.0,107.5,M,,,206.0,5.421052631578948,7.518248175182483,188.0,5.081,6.861313868613139,2466.0,30.0,0.7894736842105263,1.4170023752376428,3.760555641725659,0.18019343446508,67.6,33.3,51.620000000000005,38.0,6.866666666666666,6.266666666666667,5.177558016963301,0.0493156279085026,0.1308778065565774,72.10526315789474,,,,,,,,,,,,,,2026-08-14T20:59:07.776936+00:00,MID,canonical primary position,tottenham_hotspur,soccerdata:sofascore:16363242,2026-08-22,2026-08-22T16:30:00+00:00,Premier League,league,scheduled,1.0,False,tottenham_hotspur,Tottenham Hotspur,brentford,Brentford,A,Away,,,55.1,44.9,Favorable,,,,,derived feature frame,False
068yt,2627,Sasa Lukic,FUL,M,264.0,FUL,M,M,230.4,89.0,230.4,263.0,7.97,57.0,,25.0,-3.0,FA,CHE Mon 2:00PM,sasa lukic,False,True,Matched eligible,pr_a49ea4eff9cfbd48,267.0,068yt,Saša Lukić,Saša Lukić,Fulham,FUL,M,True,a,,FUL,M,Confirmed,Exact Name + Club,95.0,Official FPL API,2026-07-30T01:09:03.040438+00:00,068yt,Player Registry,Exact Name + Club,FUL,Confirmed,False,Sasa Lukic,FUL,M,38.0,785.0,10.0,96.0,66.0,1.0,3.0,2.3392368815839286,2.1632574498653403,0.0,27.0,1731.0,1537.0,0.0,0.0,0.0,2.526315789473684,4.714,11.006369426751592,0.2340984921030815,0.2631578947368421,0.0,True,True,matched by historical Fantrax ID,normalized Fantrax ID,1.0,66.0,4.714,14.0,96.0,7.566878980891719,68.75,33.8,50.9,42.5,48.0,41.08,42.540000000000006,14.4,Bench / Unknown,55.0,False,67.0,68.3,56.6,14.4,38.0,15.4,47.05,79.8,199.0,Tier 6,31.40000000000001,Strong value,,,Free Agent,,,,,,True,0,,,,,,,False,True,False,,,199.0,230.4,M,,,96.0,2.526315789473684,11.006369426751592,66.0,4.714,7.566878980891719,785.0,10.0,0.2631578947368421,2.3392368815839286,2.1632574498653403,0.2340984921030815,14.4,42.5,41.08,38.0,9.6,6.6,4.5024943314492685,0.1216241012955249,0.1124743908075566,22.953216374269005,,,,,,,,,,,,,,2026-08-14T20:59:07.776936+00:00,MID,canonical primary position,fulham,soccerdata:sofascore:16363244,2026-08-24,2026-08-24T19:00:00+00:00,Premier League,league,scheduled,1.0,False,fulham,Fulham,chelsea,Chelsea,H,Home,,,35.8,64.2,Difficult,,,,,derived feature frame,False
06mvz,2627,Savio,MCI,"M,F",29.5,MCI,M,"M,F",102.0,386.0,102.0,31.5,10.5,100.0,,86.0,-3.0,FA,BOU Sun 8:00AM,savio,False,True,Matched eligible,pr_19b0f43a1db7e807,403.0,06mvz,Sávio Moreira de Oliveira,Sávio Moreira de Oliveira,Man City,MCI,M,True,a,,MCI,"M,F",Confirmed,Explicit Player Alias,92.0,Official FPL API,2026-07-30T01:09:03.040438+00:00,06mvz,Player Registry,Explicit Player Alias,MCI,Confirmed,False,Savio,MCI,"M,F",38.0,521.0,5.0,60.0,48.0,0.0,2.0,3.269520847126841,0.9313512817025182,0.0,9.0,792.0,11735.0,0.0,0.0,0.0,1.5789473684210529,2.4,10.36468330134357,0.477371832821518,0.131578947368421,0.0,True,True,matched by historical Fantrax ID,normalized Fantrax ID,1.0,48.0,2.4,20.0,60.0,8.291746641074857,80.0,98.2,94.1,96.1,43.93333333333333,42.42,45.38,8.7,Bench / Unknown,55.0,False,61.6,51.5,82.0,8.7,96.2,30.3,52.9,79.8,167.0,Tier 5,-65.0,Major reach,pr_19b0f43a1db7e807,Sávio Moreira de Oliveira,Rostered,61fz0pmkmrp1z5vo,wmuck1,wmuck1,RESERVE,RESERVE,False,0,,,wmuck1,61fz0pmkmrp1z5vo,15.0,179.0,True,False,True,15.0,179.0,167.0,102.0,M,,,60.0,1.5789473684210529,10.36468330134357,48.0,2.4,8.291746641074857,521.0,5.0,0.131578947368421,3.269520847126841,0.9313512817025182,0.477371832821518,8.7,96.1,42.42,38.0,12.0,9.6,4.200872128829359,0.3715364599007774,0.1058353729207407,15.233918128654972,,,,,,,,,,,,,,2026-08-14T20:59:07.776936+00:00,MID,canonical primary position,manchester_city,soccerdata:sofascore:16363243,2026-08-23,2026-08-23T13:00:00+00:00,Premier League,league,scheduled,1.0,False,manchester_city,Manchester City,afc_bournemouth,Bournemouth,H,Home,,,49.6,50.4,Neutral,,,,,derived feature frame,False
02lpl,2627,Seamus Coleman,EVE,D,0.0,,,,,,,,,,,,,,,,,,,,,,,,,,,,,,,,,,,,,,,,,,,,,,,,,,,,,,,,,,,,,,,,,,,,,,,,,,,,,,,,,,,,,,,,,,,,,,,,,,,,,,,Free Agent,,,,,,True,0,,,,,,,False,True,False,,,,,,,,,,,,,,,,,,,,,,,,,,,,,,,,,,,,,,,,,,,2026-08-14T20:59:07.776936+00:00,DEF,first valid Fantrax position,everton,soccerdata:sofascore:16363635,2026-08-22,2026-08-22T14:00:00+00:00,Premier League,league,scheduled,1.0,False,everton,Everton,crystal_palace,Crystal Palace,H,Home,,,56.0,44.0,Favorable,,,,,derived feature frame,False
04ug0,2627,Sean Longstaff,LEE,M,37.0,LEE,M,M,,356.0,,36.5,9.12,0.0,,3.0,-2.0,FA,@NOT Sat 9:00AM,sean longstaff,False,True,Matched eligible,pr_7d14212484bbcff7,339.0,04ug0,Sean Longstaff,Sean Longstaff,Leeds,LEE,M,True,a,,LEE,M,Confirmed,Exact Name + Club,95.0,Official FPL API,2026-07-30T01:09:03.040438+00:00,04ug0,Player Registry,Exact Name + Club,LEE,Confirmed,False,Sean Longstaff,LEE,M,38.0,615.0,6.0,96.0,81.0,1.0,1.0,1.377658754587173,2.7682253569364543,0.0,25.0,999.0,7078.0,56.0,0.0,27.5,2.526315789473684,2.531,14.048780487804878,0.3735030731102366,0.1578947368421052,0.0,True,True,matched by historical Fantrax ID,normalized Fantrax ID,1.0,81.0,2.531,32.0,96.0,11.853658536585366,84.375,38.1,24.1,31.1,45.56666666666666,43.0,38.71,13.5,Bench / Unknown,55.0,False,77.7,52.3,71.2,13.5,30.4,42.0,51.78,79.8,173.0,Tier 5,,ADP unavailable,,,Free Agent,,,,,,True,0,,,,,,,False,True,False,,,173.0,,M,,,96.0,2.526315789473684,14.048780487804878,81.0,2.531,11.853658536585366,615.0,6.0,0.1578947368421052,1.377658754587173,2.7682253569364543,0.3735030731102366,13.5,31.1,43.0,38.0,16.0,13.5,4.145884111523627,0.1241134013141597,0.249389671796077,17.982456140350877,,,,,,,,,,,,,,2026-08-14T20:59:07.776936+00:00,MID,canonical primary position,leeds_united,soccerdata:sofascore:16363238,2026-08-22,2026-08-22T14:00:00+00:00,Premier League,league,scheduled,1.0,False,leeds_united,Leeds United,nottingham_forest,Nottingham Forest,A,Away,,,49.5,50.5,Neutral,,,,,derived feature frame,False
06rnn,2627,Sean Neave,NEW,F,-0.5,NEW,F,F,,684.0,,-0.5,0.0,0.0,,1.0,-1.0,FA,LIV Sun 10:30AM,sean neave,False,True,Matched eligible,pr_f481f2c3cc1325ac,466.0,06rnn,Sean Neave,Sean Neave,Newcastle,NEW,F,True,a,,NEW,F,Confirmed,Exact Name + Club,95.0,Official FPL API,2026-07-30T01:09:03.040438+00:00,06rnn,Player Registry,Exact Name + Club,NEW,Confirmed,False,,NEW,F,38.0,0.0,0.0,0.0,0.0,0.0,0.0,0.0,0.0,0.0,0.0,0.0,,0.0,0.0,0.0,0.0,0.0,,,0.0,0.0,True,True,matched by historical Fantrax ID,normalized Fantrax ID,1.0,,,,,,,62.2,27.4,49.3,42.16666666666666,42.86,46.68,0.0,Unknown / New Arrival,25.0,False,13.7,22.8,0.0,0.0,53.2,36.6,16.49,46.2,429.0,Deep,,ADP unavailable,,,Free Agent,,,,,,True,0,,,,,,,False,True,False,,,429.0,,F,,,0.0,0.0,,,,,0.0,0.0,0.0,0.0,0.0,,0.0,49.3,42.86,38.0,,,0.0,,,0.0,,,,,,,,,,,,,,2026-08-14T20:59:07.776936+00:00,FWD,canonical primary position,newcastle_united,soccerdata:sofascore:16363246,2026-08-23,2026-08-23T15:30:00+00:00,Premier League,league,scheduled,1.0,False,newcastle_united,Newcastle United,liverpool,Liverpool FC,H,Home,,,31.6,68.4,Very difficult,,,,,derived feature frame,False
06y28,2627,Sebastiaan Bornauw,LEE,D,22.5,LEE,D,D,,424.0,,23.5,7.83,0.0,,0.0,0.0,FA,@NOT Sat 9:00AM,sebastiaan bornauw,False,True,Matched eligible,pr_949122f52fd414ed,333.0,06y28,Sebastiaan Bornauw,Sebastiaan Bornauw,Leeds,LEE,D,True,a,,LEE,D,Confirmed,Exact Name + Club,95.0,Official FPL API,2026-07-30T01:09:03.040438+00:00,06y28,Player Registry,Exact Name + Club,LEE,Confirmed,False,Sebastiaan Bornauw,LEE,D,38.0,0.0,0.0,0.0,0.0,0.0,0.0,0.1316642463207245,0.0,0.0,0.0,438.0,7791.0,0.0,0.0,0.0,0.0,0.0,,0.0270542971891899,0.0,0.0,True,True,matched by historical Fantrax ID,normalized Fantrax ID,1.0,,,,,,,38.1,24.1,31.1,45.56666666666666,43.0,38.71,0.0,Unknown / New Arrival,25.0,False,13.7,22.8,12.4,0.0,30.4,42.0,16.63,66.2,425.0,Deep,,ADP unavailable,,,Free Agent,,,,,,True,0,,,,,,,False,True,False,,,425.0,,D,,,0.0,0.0,,,,,0.0,0.0,0.0,0.1316642463207245,0.0,0.0270542971891899,0.0,31.1,43.0,38.0,,,0.1316642463207245,0.0270542971891899,0.0,0.0,,,,,,,,,,,,,,2026-08-14T20:59:07.776936+00:00,DEF,canonical primary position,leeds_united,soccerdata:sofascore:16363238,2026-08-22,2026-08-22T14:00:00+00:00,Premier League,league,scheduled,1.0,False,leeds_united,Leeds United,nottingham_forest,Nottingham Forest,A,Away,,,49.5,50.5,Neutral,,,,,derived feature frame,False
03ksl,2627,Semi Ajayi,HUL,D,180.5,HUL,D,D,,198.0,,182.0,5.69,0.0,,1.0,0.0,FA,MUN Sat 6:30AM,semi ajayi,False,True,Matched eligible,pr_deac0127221bee1b,279.0,03ksl,Semi Ajayi,Semi Ajayi,Hull City,HUL,D,True,a,,,,New EPL Arrival,Exact Name + Club,95.0,Official FPL API,2026-07-30T01:09:03.040438+00:00,03ksl,Player Registry,Exact Name + Club,HUL,New EPL Arrival,False,,,,,,,,,,,,,,,,,,,,,,,,,,False,False,no 2025/26 record for bridged ID,none,0.0,,,,,,,,,,38.13333333333333,40.5,42.74,0.0,Unknown / New Arrival,25.0,False,0.0,0.0,0.0,0.0,0.0,11.8,1.18,11.2,578.0,Deep,,ADP unavailable,,,Free Agent,,,,,,True,0,,,,,,,False,True,False,,,578.0,,D,,,,,,,,,,,,,,,0.0,,40.5,,,,,,,,,,,,,,,,,,,,,2026-08-14T20:59:07.776936+00:00,DEF,canonical primary position,hull_city,soccerdata:sofascore:16363634,2026-08-22,2026-08-22T11:30:00+00:00,Premier League,league,scheduled,1.0,False,hull_city,Hull City,manchester_united,Manchester United,H,Home,,,32.0,68.0,Very difficult,,,,,derived feature frame,False
070hl,2627,Senne Lammens,MUN,G,172.5,MUN,G,G,203.0,206.0,203.0,172.5,5.39,78.0,,64.0,-4.0,FA,@HUL Sat 6:30AM,senne lammens,False,True,Matched eligible,pr_e682a76c8f952a69,412.0,070hl,Senne Lammens,Senne Lammens,Man Utd,MUN,G,True,a,,MUN,G,Confirmed,Exact Name + Club,95.0,Official FPL API,2026-07-30T01:09:03.040438+00:00,070hl,Player Registry,Exact Name + Club,MUN,Confirmed,False,Senne Lammens,MUN,G,38.0,2880.0,32.0,230.0,212.0,0.0,0.0,0.0,0.0,0.0,0.0,2880.0,14056.0,540.0,6.0,62.0,6.052631578947368,6.057,7.187499999999999,0.0,0.8421052631578947,1.0,True,True,matched by historical Fantrax ID,normalized Fantrax ID,1.0,212.0,6.057,35.0,230.0,6.625,92.17391304347828,90.6,59.4,72.4,44.06666666666666,49.54,46.89,90.5,Locked Starter,90.0,False,56.5,80.0,3.8,90.5,83.8,84.0,64.41,95.5,82.0,Tier 4,121.0,Strong value,pr_e682a76c8f952a69,Senne Lammens,Rostered,acjx0vg4mrp1z5vo,yudesh,yudesh,ACTIVE,ACTIVE,False,0,,,,,,,False,False,False,,,82.0,203.0,G,,,230.0,6.052631578947368,7.187499999999999,212.0,6.057,6.625,2880.0,32.0,0.8421052631578947,0.0,0.0,0.0,90.5,72.4,49.54,38.0,7.1875,6.625,0.0,0.0,0.0,84.21052631578947,,,,,,,,,,,,,,2026-08-14T20:59:07.776936+00:00,GK,canonical primary position,manchester_united,soccerdata:sofascore:16363634,2026-08-22,2026-08-22T11:30:00+00:00,Premier League,league,scheduled,1.0,False,manchester_united,Manchester United,hull_city,Hull City,A,Away,,,49.1,50.9,Neutral,,,,,derived feature frame,False
05220,2627,Sepp van den Berg,BRF,D,287.5,BRF,D,D,120.0,58.0,120.0,285.0,8.64,91.0,,78.0,-8.0,FA,TOT Sat 11:30AM,sepp van den berg,False,True,Matched eligible,pr_a69d4edf2c5840d2,85.0,05220,Sepp van den Berg,Sepp van den Berg,Brentford,BRF,D,True,a,,BRF,D,Confirmed,Exact Name + Club,95.0,Official FPL API,2026-07-30T01:09:03.040438+00:00,05220,Player Registry,Exact Name + Club,BRF,Confirmed,False,Sepp van den Berg,BRF,D,38.0,2490.0,27.0,320.0,287.0,0.0,3.0,3.332884075120091,2.197148658335209,0.0,7.0,2758.0,10721.0,368.0,4.0,59.0,8.421052631578947,8.441,11.566265060240962,0.1804579209611954,0.7105263157894737,0.6666666666666666,True,True,matched by historical Fantrax ID,normalized Fantrax ID,1.0,287.0,8.441,34.0,320.0,10.373493975903614,89.6875,29.4,35.6,32.6,45.36666666666667,47.48,44.42,70.4,Likely Starter,90.0,False,84.2,94.2,47.1,70.4,20.9,78.0,70.42,95.5,52.0,Tier 3,68.0,Strong value,,,Free Agent,,,,,,True,0,,,,,,,False,True,False,,,52.0,120.0,D,,,320.0,8.421052631578947,11.566265060240962,287.0,8.441,10.373493975903614,2490.0,27.0,0.7105263157894737,3.332884075120091,2.197148658335209,0.1804579209611954,70.4,32.6,47.48,38.0,11.851851851851851,10.62962962962963,5.5300327334553,0.1087598139089224,0.0716981070522729,72.80701754385966,,,,,,,,,,,,,,2026-08-14T20:59:07.776936+00:00,DEF,canonical primary position,brentford,soccerdata:sofascore:16363242,2026-08-22,2026-08-22T16:30:00+00:00,Premier League,league,scheduled,1.0,False,brentford,Brentford,tottenham_hotspur,Tottenham Hotspur,H,Home,,,51.6,48.4,Neutral,,,,,derived feature frame,False
072cb,2627,Seth Ridgeon,FUL,M,0.0,,,,,,,,,,,,,,,,,,,,,,,,,,,,,,,,,,,,,,,,,,,,,,,,,,,,,,,,,,,,,,,,,,,,,,,,,,,,,,,,,,,,,,,,,,,,,,,,,,,,,,,Free Agent,,,,,,True,0,,,,,,,False,True,False,,,,,,,,,,,,,,,,,,,,,,,,,,,,,,,,,,,,,,,,,,,2026-08-14T20:59:07.776936+00:00,MID,first valid Fantrax position,fulham,soccerdata:sofascore:16363244,2026-08-24,2026-08-24T19:00:00+00:00,Premier League,league,scheduled,1.0,False,fulham,Fulham,chelsea,Chelsea,H,Home,,,35.8,64.2,Difficult,,,,,derived feature frame,False
06zc0,2627,Seung-Soo Park,NEW,F,0.0,NEW,F,F,,636.0,,0.0,0.0,0.0,,2.0,-1.0,FA,LIV Sun 10:30AM,park seung soo,True,False,Inactive / historical only,pr_9dbb2c190e84dd07,,06zc0,Seung-Soo Park,,NEW,NEW,F,False,unverified,,NEW,F,Historical Only,Unresolved,0.0,Fantrax / historical,,06zc0,Player Registry,Unresolved,NEW,Historical Only,False,,NEW,F,38.0,0.0,0.0,0.0,0.0,0.0,0.0,0.0,0.0,0.0,0.0,0.0,,0.0,0.0,0.0,0.0,0.0,,,0.0,0.0,True,True,matched by historical Fantrax ID,normalized Fantrax ID,1.0,,,,,,,62.2,27.4,49.3,42.16666666666666,42.86,46.68,0.0,Unknown / New Arrival,25.0,False,13.7,22.8,0.0,0.0,53.2,36.6,16.49,46.2,,,,Not draft eligible,,,Free Agent,,,,,,True,0,,,,,,,False,True,False,,,,,F,,,0.0,0.0,,,,,0.0,0.0,0.0,0.0,0.0,,0.0,49.3,42.86,38.0,,,0.0,,,0.0,,,,,,,,,,,,,,2026-08-14T20:59:07.776936+00:00,FWD,canonical primary position,newcastle_united,soccerdata:sofascore:16363246,2026-08-23,2026-08-23T15:30:00+00:00,Premier League,league,scheduled,1.0,False,newcastle_united,Newcastle United,liverpool,Liverpool FC,H,Home,,,31.6,68.4,Very difficult,,,,,derived feature frame,False
06v0c,2627,Shea Lacey,MUN,F,2.5,MUN,M,F,,536.0,,2.5,0.0,0.0,,4.0,-2.0,FA,@HUL Sat 6:30AM,shea lacey,False,True,Matched eligible,pr_fb232baa9d54780d,435.0,06v0c,Shea Lacey,Shea Lacey,Man Utd,MUN,M,True,a,,MUN,F,Confirmed,Exact Name + Club,95.0,Official FPL API,2026-07-30T01:09:03.040438+00:00,06v0c,Player Registry,Exact Name + Club,MUN,Confirmed,False,Shea Lacey,MUN,F,38.0,0.0,0.0,0.0,0.0,0.0,0.0,0.0823024958372115,0.0,0.0,0.0,31.0,14198.0,0.0,0.0,0.0,0.0,0.0,,0.2389427298499688,0.0,0.0,True,True,matched by historical Fantrax ID,normalized Fantrax ID,1.0,,,,,,,90.6,59.4,72.4,44.06666666666666,49.54,46.89,0.0,Unknown / New Arrival,25.0,False,13.7,22.8,57.1,0.0,83.8,84.0,32.87,66.2,287.0,Tier 6,,ADP unavailable,,,Free Agent,,,,,,True,0,,,,,,,False,True,False,,,287.0,,M,,,0.0,0.0,,,,,0.0,0.0,0.0,0.0823024958372115,0.0,0.2389427298499688,0.0,72.4,49.54,38.0,,,0.0823024958372115,0.2389427298499688,0.0,0.0,,,,,,,,,,,,,,2026-08-14T20:59:07.776936+00:00,MID,canonical primary position,manchester_united,soccerdata:sofascore:16363634,2026-08-22,2026-08-22T11:30:00+00:00,Premier League,league,scheduled,1.0,False,manchester_united,Manchester United,hull_city,Hull City,A,Away,,,49.1,50.9,Neutral,,,,,derived feature frame,False
06qgn,2627,Shumaira Mheuka,CHE,F,3.0,,,,,,,,,,,,,,,,,,,,,,,,,,,,,,,,,,,,,,,,,,,,,,,,,,,,,,,,,,,,,,,,,,,,,,,,,,,,,,,,,,,,,,,,,,,,,,,,,,,,,,,Free Agent,,,,,,True,0,,,,,,,False,True,False,,,,,,,,,,,,,,,,,,,,,,,,,,,,,,,,,,,,,,,,,,,2026-08-14T20:59:07.776936+00:00,FWD,first valid Fantrax position,chelsea,soccerdata:sofascore:16363244,2026-08-24,2026-08-24T19:00:00+00:00,Premier League,league,scheduled,1.0,False,chelsea,Chelsea,fulham,Fulham,A,Away,,,50.9,49.1,Neutral,,,,,derived feature frame,False
033l8,2627,Simon Moore,SUN,G,2.0,SUN,G,G,,540.0,,2.0,0.0,0.0,,0.0,0.0,FA,@IPS Sat 9:00AM,simon moore,True,False,Inactive / historical only,pr_159ce2d38a11482d,,033l8,Simon Moore,,SUN,SUN,G,False,unverified,,SUN,G,Historical Only,Unresolved,0.0,Fantrax / historical,,033l8,Player Registry,Unresolved,SUN,Historical Only,False,,SUN,G,38.0,0.0,0.0,0.0,0.0,0.0,0.0,0.0,0.0,0.0,0.0,0.0,,0.0,0.0,0.0,0.0,0.0,,,0.0,0.0,True,True,matched by historical Fantrax ID,normalized Fantrax ID,1.0,,,,,,,7.9,49.1,27.1,43.6,42.0,37.67,0.0,Unknown / New Arrival,25.0,False,13.7,22.8,0.0,0.0,3.8,23.7,10.27,46.2,,,,Not draft eligible,,,Free Agent,,,,,,True,0,,,,,,,False,True,False,,,,,G,,,0.0,0.0,,,,,0.0,0.0,0.0,0.0,0.0,,0.0,27.1,42.0,38.0,,,0.0,,,0.0,,,,,,,,,,,,,,2026-08-14T20:59:07.776936+00:00,GK,canonical primary position,sunderland,soccerdata:sofascore:16363636,2026-08-22,2026-08-22T14:00:00+00:00,Premier League,league,scheduled,1.0,False,sunderland,Sunderland,ipswich_town,Ipswich Town,A,Away,,,44.4,55.6,Difficult,,,,,derived feature frame,False
076dx,2627,Sindre Egeli,IPS,"M,F",21.5,IPS,F,"M,F",,446.0,,19.5,4.88,0.0,,2.0,-1.0,FA,SUN Sat 9:00AM,sindre egeli,False,True,Matched eligible,pr_7443a348af1c9757,321.0,076dx,Sindre Walle Egeli,Sindre Walle Egeli,Ipswich Town,IPS,F,True,a,,,,New EPL Arrival,Ordered Token Expanded Name,85.0,Official FPL API,2026-07-30T01:09:03.040438+00:00,076dx,Player Registry,Ordered Token Expanded Name,IPS,New EPL Arrival,False,,,,,,,,,,,,,,,,,,,,,,,,,,False,False,no 2025/26 record for bridged ID,none,0.0,,,,,,,,,,38.833333333333336,43.44,41.53,0.0,Unknown / New Arrival,25.0,False,0.0,0.0,0.0,0.0,0.0,47.0,4.7,11.2,561.0,Deep,,ADP unavailable,,,Free Agent,,,,,,True,0,,,,,,,False,True,False,,,561.0,,F,,,,,,,,,,,,,,,0.0,,43.44,,,,,,,,,,,,,,,,,,,,,2026-08-14T20:59:07.776936+00:00,FWD,canonical primary position,ipswich_town,soccerdata:sofascore:16363636,2026-08-22,2026-08-22T14:00:00+00:00,Premier League,league,scheduled,1.0,False,ipswich_town,Ipswich Town,sunderland,Sunderland,H,Home,,,58.8,41.2,Favorable,,,,,derived feature frame,False
04e1k,2627,Solly March,BHA,M,0.0,,,,,,,,,,,,,,,,,,,,,,,,,,,,,,,,,,,,,,,,,,,,,,,,,,,,,,,,,,,,,,,,,,,,,,,,,,,,,,,,,,,,,,,,,,,,,,,,,,,,,,,Free Agent,,,,,,True,0,,,,,,,False,True,False,,,,,,,,,,,,,,,,,,,,,,,,,,,,,,,,,,,,,,,,,,,2026-08-14T20:59:07.776936+00:00,MID,first valid Fantrax position,brighton_hove_albion,soccerdata:sofascore:16363236,2026-08-23,2026-08-23T13:00:00+00:00,Premier League,league,scheduled,1.0,False,brighton_hove_albion,Brighton & Hove Albion,aston_villa,Aston Villa,H,Home,,,39.0,61.0,Difficult,,,,,derived feature frame,False
06sj8,2627,Somto Boniface,IPS,D,0.0,,,,,,,,,,,,,,,,,,,,,,,,,,,,,,,,,,,,,,,,,,,,,,,,,,,,,,,,,,,,,,,,,,,,,,,,,,,,,,,,,,,,,,,,,,,,,,,,,,,,,,,Free Agent,,,,,,True,0,,,,,,,False,True,False,,,,,,,,,,,,,,,,,,,,,,,,,,,,,,,,,,,,,,,,,,,2026-08-14T20:59:07.776936+00:00,DEF,first valid Fantrax position,ipswich_town,soccerdata:sofascore:16363636,2026-08-22,2026-08-22T14:00:00+00:00,Premier League,league,scheduled,1.0,False,ipswich_town,Ipswich Town,sunderland,Sunderland,H,Home,,,58.8,41.2,Favorable,,,,,derived feature frame,False
072py,2627,Souza,TOT,D,15.0,TOT,D,D,,519.0,,7.0,7.0,0.0,,2.0,-1.0,FA,@BRF Sat 11:30AM,souza,False,True,Matched eligible,pr_f9e1fd33b819aab4,511.0,072py,João Victor de Souza Menezes,João Victor de Souza Menezes,Spurs,TOT,D,True,a,,TOT,D,Confirmed,Explicit Player Alias,92.0,Official FPL API,2026-07-30T01:09:03.040438+00:00,072py,Player Registry,Explicit Player Alias,TOT,Confirmed,False,Joao Victor de Souza Menezes,TOT,D,38.0,0.0,0.0,0.0,0.0,0.0,0.0,0.0115449018776416,0.2023620158433913,0.0,3.0,136.0,14410.0,0.0,0.0,0.0,0.0,0.0,,0.14155604849186,0.0,0.0,True,True,matched by historical Fantrax ID,normalized Fantrax ID,1.0,,,,,,,30.7,33.2,33.3,51.5,51.620000000000005,49.47,0.0,Unknown / New Arrival,25.0,False,13.7,22.8,38.4,0.0,28.3,96.5,25.75,66.2,312.0,Deep,,ADP unavailable,,,Free Agent,,,,,,True,0,,,,,,,False,True,False,,,312.0,,D,,,0.0,0.0,,,,,0.0,0.0,0.0,0.0115449018776416,0.2023620158433913,0.14155604849186,0.0,33.3,51.620000000000005,38.0,,,0.2139069177210329,0.0076400085954981,0.1339160398963619,0.0,,,,,,,,,,,,,,2026-08-14T20:59:07.776936+00:00,DEF,canonical primary position,tottenham_hotspur,soccerdata:sofascore:16363242,2026-08-22,2026-08-22T16:30:00+00:00,Premier League,league,scheduled,1.0,False,tottenham_hotspur,Tottenham Hotspur,brentford,Brentford,A,Away,,,55.1,44.9,Favorable,,,,,derived feature frame,False
076dj,2627,Stanley Ashbee,HUL,D,0.0,,,,,,,,,,,,,,,,,,,,,,,,,,,,,,,,,,,,,,,,,,,,,,,,,,,,,,,,,,,,,,,,,,,,,,,,,,,,,,,,,,,,,,,,,,,,,,,,,,,,,,,Free Agent,,,,,,True,0,,,,,,,False,True,False,,,,,,,,,,,,,,,,,,,,,,,,,,,,,,,,,,,,,,,,,,,2026-08-14T20:59:07.776936+00:00,DEF,first valid Fantrax position,hull_city,soccerdata:sofascore:16363634,2026-08-22,2026-08-22T11:30:00+00:00,Premier League,league,scheduled,1.0,False,hull_city,Hull City,manchester_united,Manchester United,H,Home,,,32.0,68.0,Very difficult,,,,,derived feature frame,False
062p0,2627,Stefan Bajcetic,LIV,M,51.0,LIV,M,M,,287.0,,50.0,8.33,0.0,,3.0,0.0,FA,@NEW Sun 10:30AM,stefan bajcetic,False,True,Matched eligible,pr_59cd5c9f61d0d265,376.0,062p0,Stefan Bajčetić Maquieira,Stefan Bajčetić Maquieira,Liverpool,LIV,M,True,i,Hamstring injury - Expected back 23 Aug,LIV,M,Confirmed,Ordered Token Expanded Name,85.0,Official FPL API,2026-07-30T01:09:03.040438+00:00,062p0,Player Registry,Ordered Token Expanded Name,LIV,Confirmed,False,,LIV,M,38.0,0.0,0.0,0.0,0.0,0.0,0.0,0.0,0.0,0.0,0.0,0.0,,0.0,0.0,0.0,0.0,0.0,,,0.0,0.0,True,True,matched by historical Fantrax ID,normalized Fantrax ID,1.0,,,,,,,83.8,61.5,74.8,46.4,49.71999999999999,50.39,0.0,Unknown / New Arrival,25.0,False,13.7,22.8,0.0,0.0,77.2,90.1,24.24,46.2,328.0,Deep,,ADP unavailable,,,Free Agent,,,,,,True,0,,,,,,,False,True,False,,,328.0,,M,,,0.0,0.0,,,,,0.0,0.0,0.0,0.0,0.0,,0.0,74.8,49.71999999999999,38.0,,,0.0,,,0.0,,,,,,,,,,,,,,2026-08-14T20:59:07.776936+00:00,MID,canonical primary position,liverpool,soccerdata:sofascore:16363246,2026-08-23,2026-08-23T15:30:00+00:00,Premier League,league,scheduled,1.0,False,liverpool,Liverpool FC,newcastle_united,Newcastle United,A,Away,,,48.2,51.8,Neutral,,,,,derived feature frame,False
062cw,2627,Stefan Ortega,NOT,G,0.0,,,,,,,,,,,,,,,,,,,,,,,,,,,,,,,,,,,,,,,,,,,,,,,,,,,,,,,,,,,,,,,,,,,,,,,,,,,,,,,,,,,,,,,,,,,,,,,,,,,,,,,Free Agent,,,,,,True,0,,,,,,,False,True,False,,,,,,,,,,,,,,,,,,,,,,,,,,,,,,,,,,,,,,,,,,,2026-08-14T20:59:07.776936+00:00,GK,first valid Fantrax position,,,,,,,,,,,,,,,,,,,,,,,,,derived feature frame,False
06xzc,2627,Stefanos Tzimas,BHA,F,25.0,BHA,F,F,286.7,421.0,286.7,25.0,25.0,4.0,,6.0,-1.0,FA,AVL Sun 8:00AM,stefanos tzimas,False,True,Matched eligible,pr_64dd871c6f15c38f,137.0,06xzc,Stefanos Tzimas,Stefanos Tzimas,Brighton,BHA,F,True,d,Knee injury - 75% chance of playing,BHA,F,Confirmed,Exact Name + Club,95.0,Official FPL API,2026-07-30T01:09:03.040438+00:00,06xzc,Player Registry,Exact Name + Club,BHA,Confirmed,False,Stefanos Tzimas,BHA,F,38.0,0.0,0.0,0.0,0.0,0.0,0.0,0.6250067912042139,0.3843204230070113,0.0,6.0,111.0,14028.0,0.0,0.0,0.0,0.0,0.0,,0.8183734169280202,0.0,0.0,True,True,matched by historical Fantrax ID,normalized Fantrax ID,1.0,,,,,,,,,,,,,0.0,Unknown / New Arrival,25.0,False,13.7,22.8,96.0,0.0,0.0,0.0,21.92,56.2,342.0,Deep,-55.30000000000001,Major reach,,,Free Agent,,,,,,True,0,,,,,,,False,True,False,,,342.0,286.7,F,,,0.0,0.0,,,,,0.0,0.0,0.0,0.6250067912042139,0.3843204230070113,0.8183734169280202,0.0,,,38.0,,,1.009327214211225,0.5067622631385518,0.3116111537894686,0.0,,,,,,,,,,,,,,2026-08-14T20:59:07.776936+00:00,FWD,canonical primary position,brighton_hove_albion,soccerdata:sofascore:16363236,2026-08-23,2026-08-23T13:00:00+00:00,Premier League,league,scheduled,1.0,False,brighton_hove_albion,Brighton & Hove Albion,aston_villa,Aston Villa,H,Home,,,39.0,61.0,Difficult,,,,,derived feature frame,False
06fwn,2627,Steven Benda,FUL,G,0.0,,,,,,,,,,,,,,,,,,,,,,,,,,,,,,,,,,,,,,,,,,,,,,,,,,,,,,,,,,,,,,,,,,,,,,,,,,,,,,,,,,,,,,,,,,,,,,,,,,,,,,,Free Agent,,,,,,True,0,,,,,,,False,True,False,,,,,,,,,,,,,,,,,,,,,,,,,,,,,,,,,,,,,,,,,,,2026-08-14T20:59:07.776936+00:00,GK,first valid Fantrax position,fulham,soccerdata:sofascore:16363244,2026-08-24,2026-08-24T19:00:00+00:00,Premier League,league,scheduled,1.0,False,fulham,Fulham,chelsea,Chelsea,H,Home,,,35.8,64.2,Difficult,,,,,derived feature frame,False
062a9,2627,Sven Botman,NEW,D,376.5,NEW,D,D,92.6,9.0,92.6,376.5,12.15,96.0,,92.0,-4.0,FA,LIV Sun 10:30AM,sven botman,False,True,Matched eligible,pr_6e16f6a4b7ac5665,447.0,062a9,Sven Botman,Sven Botman,Newcastle,NEW,D,True,a,,NEW,D,Confirmed,Exact Name + Club,95.0,Official FPL API,2026-07-30T01:09:03.040438+00:00,062a9,Player Registry,Exact Name + Club,NEW,Confirmed,False,Sven Botman,NEW,D,38.0,1180.0,14.0,140.5,132.5,0.0,0.0,1.551029903814196,1.4832177460193632,0.0,6.0,1842.0,8635.0,450.0,5.0,68.5,3.697368421052632,5.521,10.716101694915254,0.148253142500011,0.3684210526315789,0.8333333333333334,True,True,matched by historical Fantrax ID,normalized Fantrax ID,1.0,132.5,5.521,24.0,140.5,10.10593220338983,94.30604982206404,62.2,27.4,49.3,42.16666666666666,42.86,46.68,54.5,Likely Rotation,55.0,False,68.8,74.8,39.7,54.5,53.2,36.6,57.67,79.8,134.0,Tier 5,-41.400000000000006,Major reach,pr_6e16f6a4b7ac5665,Sven Botman,Rostered,2dxfjlk0mrp1z5vo,nhauptma,nhauptma,ACTIVE,ACTIVE,False,0,,,nhauptma,2dxfjlk0mrp1z5vo,4.0,41.0,True,False,True,4.0,41.0,134.0,92.6,D,,,140.5,3.697368421052632,10.716101694915254,132.5,5.521,10.10593220338983,1180.0,14.0,0.3684210526315789,1.551029903814196,1.4832177460193632,0.148253142500011,54.5,49.3,42.86,38.0,10.035714285714286,9.464285714285714,3.034247649833559,0.0757832200560682,0.0724699224439428,34.50292397660819,,,,,,,,,,,,,,2026-08-14T20:59:07.776936+00:00,DEF,canonical primary position,newcastle_united,soccerdata:sofascore:16363246,2026-08-23,2026-08-23T15:30:00+00:00,Premier League,league,scheduled,1.0,False,newcastle_united,Newcastle United,liverpool,Liverpool FC,H,Home,,,31.6,68.4,Very difficult,,,,,derived feature frame,False
06ys4,2627,Sverre Nypan,MCI,M,13.0,,,,,,,,,,,,,,,,,,,,,,,,,,,,,,,,,,,,,,,,,,,,,,,,,,,,,,,,,,,,,,,,,,,,,,,,,,,,,,,,,,,,,,,,,,,,,,,,,,,,,,,Free Agent,,,,,,True,0,,,,,,,False,True,False,,,,,,,,,,,,,,,,,,,,,,,,,,,,,,,,,,,,,,,,,,,2026-08-14T20:59:07.776936+00:00,MID,first valid Fantrax position,manchester_city,soccerdata:sofascore:16363243,2026-08-23,2026-08-23T13:00:00+00:00,Premier League,league,scheduled,1.0,False,manchester_city,Manchester City,afc_bournemouth,Bournemouth,H,Home,,,49.6,50.4,Neutral,,,,,derived feature frame,False
072j7,2627,TJ Carroll,AVL,D,0.0,,,,,,,,,,,,,,,,,,,,,,,,,,,,,,,,,,,,,,,,,,,,,,,,,,,,,,,,,,,,,,,,,,,,,,,,,,,,,,,,,,,,,,,,,,,,,,,,,,,,,,,Free Agent,,,,,,True,0,,,,,,,False,True,False,,,,,,,,,,,,,,,,,,,,,,,,,,,,,,,,,,,,,,,,,,,2026-08-14T20:59:07.776936+00:00,DEF,first valid Fantrax position,aston_villa,soccerdata:sofascore:16363236,2026-08-23,2026-08-23T13:00:00+00:00,Premier League,league,scheduled,1.0,False,aston_villa,Aston Villa,brighton_hove_albion,Brighton & Hove Albion,A,Away,,,38.5,61.5,Difficult,,,,,derived feature frame,False
04rzl,2627,Taiwo Awoniyi,NOT,F,12.5,NOT,F,F,287.6,483.0,287.6,12.5,6.25,4.0,,3.0,0.0,FA,LEE Sat 9:00AM,taiwo awoniyi,False,True,Matched eligible,pr_8a11eb2c7a57f287,492.0,04rzl,Taiwo Awoniyi,Taiwo Awoniyi,Nott'm Forest,NOT,F,True,a,,NOT,F,Confirmed,Exact Name + Club,95.0,Official FPL API,2026-07-30T01:09:03.040438+00:00,04rzl,Player Registry,Exact Name + Club,NOT,Confirmed,False,Taiwo Awoniyi,NOT,F,38.0,0.0,0.0,0.0,0.0,0.0,0.0,4.346804939210415,1.3198657557368276,0.0,6.0,441.0,7814.0,0.0,0.0,0.0,0.0,0.0,,1.1564634071320905,0.0,0.0,True,True,matched by historical Fantrax ID,normalized Fantrax ID,1.0,,,,,,,39.9,34.4,37.8,48.333333333333336,45.36,43.16,0.0,Unknown / New Arrival,25.0,False,13.7,22.8,99.2,0.0,43.2,66.2,33.34,66.2,283.0,Tier 6,4.600000000000023,Near market,,,Free Agent,,,,,,True,0,,,,,,,False,True,False,,,283.0,287.6,F,,,0.0,0.0,,,,,0.0,0.0,0.0,4.346804939210415,1.3198657557368276,1.1564634071320905,0.0,37.8,45.36,38.0,,,5.666670694947243,0.887103048818452,0.2693603583136383,0.0,,,,,,,,,,,,,,2026-08-14T20:59:07.776936+00:00,FWD,canonical primary position,,,,,,,,,,,,,,,,,,,,,,,,,derived feature frame,False
075kd,2627,Talla Ndiaye,LIV,D,0.0,LIV,D,D,,629.0,,0.0,0.0,0.0,,1.0,-1.0,FA,@NEW Sun 10:30AM,talla ndiaye,True,False,Inactive / historical only,pr_f91d5f54006be827,,075kd,Talla Ndiaye,,LIV,LIV,D,False,unverified,,LIV,D,Historical Only,Unresolved,0.0,Fantrax / historical,,075kd,Player Registry,Unresolved,LIV,Historical Only,False,,LIV,D,10.0,0.0,0.0,0.0,0.0,0.0,0.0,0.0,0.0,0.0,0.0,0.0,,0.0,0.0,0.0,0.0,0.0,,,0.0,0.0,True,True,matched by historical Fantrax ID,normalized Fantrax ID,1.0,,,,,,,83.8,61.5,74.8,46.4,49.71999999999999,50.39,0.0,Unknown / New Arrival,25.0,False,13.7,22.8,0.0,0.0,77.2,90.1,24.24,46.2,,,,Not draft eligible,,,Free Agent,,,,,,True,0,,,,,,,False,True,False,,,,,D,,,0.0,0.0,,,,,0.0,0.0,0.0,0.0,0.0,,0.0,74.8,49.71999999999999,10.0,,,0.0,,,0.0,,,,,,,,,,,,,,2026-08-14T20:59:07.776936+00:00,DEF,canonical primary position,liverpool,soccerdata:sofascore:16363246,2026-08-23,2026-08-23T15:30:00+00:00,Premier League,league,scheduled,1.0,False,liverpool,Liverpool FC,newcastle_united,Newcastle United,A,Away,,,48.2,51.8,Neutral,,,,,derived feature frame,False
0410j,2627,Tammy Abraham,AVL,F,17.5,AVL,F,F,286.6,453.0,286.6,17.5,5.83,4.0,,4.0,1.0,FA,@BHA Sun 8:00AM,tammy abraham,False,True,Matched eligible,pr_47e6a1de0a63d879,56.0,0410j,Tammy Abraham,Tammy Abraham,Aston Villa,AVL,F,True,i,Shoulder injury - Expected back 23 Aug,CHE/AVL,F,Transferred,Exact Name + Club,95.0,Official FPL API,2026-07-30T01:09:03.040438+00:00,0410j,Player Registry,Exact Name + Club,AVL,Transferred,False,Tammy Abraham,CHE/AVL,F,38.0,93.0,1.0,6.0,6.0,0.0,0.0,2.0484648095443845,0.1292063184082507,0.0,4.0,253.0,702.0,0.0,0.0,0.0,0.1578947368421052,3.0,5.806451612903226,0.7746656186392774,0.0263157894736842,0.0,True,True,matched by historical Fantrax ID,normalized Fantrax ID,1.0,6.0,3.0,2.0,6.0,5.806451612903226,100.0,57.9,54.1,59.0,40.96666666666667,44.9,48.31,0.0,Bench / Unknown,40.0,True,33.1,56.2,95.0,0.0,53.4,62.1,44.14,73.0,217.0,Tier 6,69.60000000000002,Strong value,,,Free Agent,,,,,,True,0,,,,,,,False,True,False,,,217.0,286.6,F,,,6.0,0.1578947368421052,5.806451612903226,6.0,3.0,5.806451612903226,93.0,1.0,0.0263157894736842,2.0484648095443845,0.1292063184082507,0.7746656186392774,0.0,59.0,44.9,38.0,6.0,6.0,2.1776711279526357,0.728702896675868,0.0459627219634093,2.719298245614035,,,,,,,,,,,,,,2026-08-14T20:59:07.776936+00:00,FWD,canonical primary position,aston_villa,soccerdata:sofascore:16363236,2026-08-23,2026-08-23T13:00:00+00:00,Premier League,league,scheduled,1.0,False,aston_villa,Aston Villa,brighton_hove_albion,Brighton & Hove Albion,A,Away,,,38.5,61.5,Difficult,,,,,derived feature frame,False
076d4,2627,Tatsuhiro Sakamoto,COV,M,205.0,COV,M,M,286.1,170.0,286.1,203.0,6.34,9.0,,11.0,-1.0,FA,@ARS Fri 2:00PM,tatsuhiro sakamoto,False,True,Matched eligible,pr_bff16f790716cce3,185.0,076d4,Tatsuhiro Sakamoto,Tatsuhiro Sakamoto,Coventry City,COV,M,True,a,,,,New EPL Arrival,Exact Name + Club,95.0,Official FPL API,2026-07-30T01:09:03.040438+00:00,076d4,Player Registry,Exact Name + Club,COV,New EPL Arrival,False,,,,,,,,,,,,,,,,,,,,,,,,,,False,False,no 2025/26 record for bridged ID,none,0.0,,,,,,,,,,28.066666666666663,30.12,40.8,0.0,Unknown / New Arrival,25.0,False,0.0,0.0,0.0,0.0,0.0,2.3,0.23,11.2,615.0,Deep,-328.9,Major reach,,,Free Agent,,,,,,True,0,,,,,,,False,True,False,,,615.0,286.1,M,,,,,,,,,,,,,,,0.0,,30.12,,,,,,,,,,,,,,,,,,,,,2026-08-14T20:59:07.776936+00:00,MID,canonical primary position,coventry_city,soccerdata:sofascore:16363633,2026-08-21,2026-08-21T19:00:00+00:00,Premier League,league,scheduled,1.0,False,coventry_city,Coventry City,arsenal,Arsenal,A,Away,,,18.9,81.1,Very difficult,,,,,derived feature frame,False
05xtr,2627,Teddy Sharman-Lowe,CHE,G,0.0,CHE,G,G,285.5,657.0,285.5,0.0,0.0,4.0,,1.0,0.0,FA,@FUL Mon 2:00PM,teddy sharman lowe,True,False,Inactive / historical only,pr_c3125cf26530d70f,,05xtr,Teddy Sharman-Lowe,,CHE,CHE,G,False,unverified,,CHE,G,Historical Only,Unresolved,0.0,Fantrax / historical,,05xtr,Player Registry,Unresolved,CHE,Historical Only,False,,CHE,G,38.0,0.0,0.0,0.0,0.0,0.0,0.0,0.0,0.0,0.0,0.0,0.0,,0.0,0.0,0.0,0.0,0.0,,,0.0,0.0,True,True,matched by historical Fantrax ID,normalized Fantrax ID,1.0,,,,,,,68.4,56.8,65.6,50.53333333333333,46.98,47.54,0.0,Unknown / New Arrival,25.0,False,13.7,22.8,0.0,0.0,63.8,71.8,21.08,46.2,,,,Not draft eligible,,,Free Agent,,,,,,True,0,,,,,,,False,True,False,,,,285.5,G,,,0.0,0.0,,,,,0.0,0.0,0.0,0.0,0.0,,0.0,65.6,46.98,38.0,,,0.0,,,0.0,,,,,,,,,,,,,,2026-08-14T20:59:07.776936+00:00,GK,canonical primary position,chelsea,soccerdata:sofascore:16363244,2026-08-24,2026-08-24T19:00:00+00:00,Premier League,league,scheduled,1.0,False,chelsea,Chelsea,fulham,Fulham,A,Away,,,50.9,49.1,Neutral,,,,,derived feature frame,False
06ybp,2627,Thierno Barry,EVE,F,48.0,EVE,F,F,250.0,297.0,250.0,48.0,6.0,39.0,,14.0,-3.0,FA,CRY Sat 9:00AM,thierno barry,False,True,Matched eligible,pr_44d82933280b962d,249.0,06ybp,Thierno Barry,Thierno Barry,Everton,EVE,F,True,a,,EVE,F,Confirmed,Exact Name + Club,95.0,Official FPL API,2026-07-30T01:09:03.040438+00:00,06ybp,Player Registry,Exact Name + Club,EVE,Confirmed,False,Thierno Barry,EVE,F,38.0,315.0,3.0,32.0,23.0,1.0,0.0,9.149327086284757,1.0039383638650174,0.0,12.0,1921.0,12916.0,0.0,0.0,0.0,0.8421052631578947,3.286,9.142857142857142,0.4756865645567307,0.0789473684210526,0.0,True,True,matched by historical Fantrax ID,normalized Fantrax ID,1.0,23.0,3.286,7.0,32.0,6.571428571428572,71.875,18.7,43.5,29.0,42.06666666666666,41.9,42.48,5.3,Bench / Unknown,55.0,False,51.2,59.1,81.5,5.3,13.5,18.7,40.74,79.8,237.0,Tier 6,13.0,Value,,,Free Agent,,,,,,True,0,,,,,,,False,True,False,,,237.0,250.0,F,,,32.0,0.8421052631578947,9.142857142857142,23.0,3.286,6.571428571428572,315.0,3.0,0.0789473684210526,9.149327086284757,1.0039383638650174,0.4756865645567307,5.3,29.0,41.9,38.0,10.666666666666666,7.666666666666667,10.153265450149776,0.4286514512054284,0.0470351133513022,9.210526315789473,,,,,,,,,,,,,,2026-08-14T20:59:07.776936+00:00,FWD,canonical primary position,everton,soccerdata:sofascore:16363635,2026-08-22,2026-08-22T14:00:00+00:00,Premier League,league,scheduled,1.0,False,everton,Everton,crystal_palace,Crystal Palace,H,Home,,,56.0,44.0,Favorable,,,,,derived feature frame,False
05rbn,2627,Thomas McGill,BHA,G,0.0,BHA,G,G,,621.0,,0.0,0.0,0.0,,0.0,0.0,FA,AVL Sun 8:00AM,thomas mcgill,True,False,Inactive / historical only,pr_9b1c84e4d88dcda1,,05rbn,Thomas McGill,,BHA,BHA,G,False,unverified,,BHA,G,Historical Only,Unresolved,0.0,Fantrax / historical,,05rbn,Player Registry,Unresolved,BHA,Historical Only,False,,BHA,G,38.0,0.0,0.0,0.0,0.0,0.0,0.0,0.0,0.0,0.0,0.0,0.0,,0.0,0.0,0.0,0.0,0.0,,,0.0,0.0,True,True,matched by historical Fantrax ID,normalized Fantrax ID,1.0,,,,,,,,,,,,,0.0,Unknown / New Arrival,25.0,False,13.7,22.8,0.0,0.0,0.0,0.0,7.52,36.2,,,,Not draft eligible,,,Free Agent,,,,,,True,0,,,,,,,False,True,False,,,,,G,,,0.0,0.0,,,,,0.0,0.0,0.0,0.0,0.0,,0.0,,,38.0,,,0.0,,,0.0,,,,,,,,,,,,,,2026-08-14T20:59:07.776936+00:00,GK,canonical primary position,brighton_hove_albion,soccerdata:sofascore:16363236,2026-08-23,2026-08-23T13:00:00+00:00,Premier League,league,scheduled,1.0,False,brighton_hove_albion,Brighton & Hove Albion,aston_villa,Aston Villa,H,Home,,,39.0,61.0,Difficult,,,,,derived feature frame,False
06v06,2627,Tijjani Reijnders,MCI,M,39.0,MCI,M,M,212.1,350.0,212.1,38.0,7.6,65.0,,35.0,-4.0,FA,BOU Sun 8:00AM,tijjani reijnders,False,True,Matched eligible,pr_40da70cfbf586371,404.0,06v06,Tijjani Reijnders,Tijjani Reijnders,Man City,MCI,M,True,a,,MCI,M,Confirmed,Exact Name + Club,95.0,Official FPL API,2026-07-30T01:09:03.040438+00:00,06v06,Player Registry,Exact Name + Club,MCI,Confirmed,False,Tijjani Reijnders,MCI,M,38.0,1446.0,17.0,161.0,97.0,5.0,2.0,4.8619179986417285,3.073294181376695,0.0,18.0,1642.0,11965.0,0.0,0.0,0.0,4.2368421052631575,3.731,10.020746887966803,0.4349385482348709,0.4473684210526316,0.0,True,True,matched by historical Fantrax ID,normalized Fantrax ID,1.0,97.0,3.731,26.0,161.0,6.037344398340249,60.24844720496895,98.2,94.1,96.1,43.93333333333333,42.42,45.38,25.9,Rotation Risk,75.0,False,67.3,61.2,78.6,25.9,96.2,30.3,58.97,88.8,124.0,Tier 5,88.1,Strong value,pr_40da70cfbf586371,Tijjani Reijnders,Rostered,h1vdt8ynmrp1z5vp,Pot Splashers,Pot Splashers,ACTIVE,ACTIVE,False,0,,,Pot Splashers,h1vdt8ynmrp1z5vp,9.0,97.0,True,False,True,9.0,97.0,124.0,212.1,M,,,161.0,4.2368421052631575,10.020746887966803,97.0,3.731,6.037344398340249,1446.0,17.0,0.4473684210526316,4.8619179986417285,3.073294181376695,0.4349385482348709,25.9,96.1,42.42,38.0,9.470588235294118,5.705882352941177,7.935212180018423,0.2664875882324942,0.1684509600023767,42.280701754385966,,,,,,,,,,,,,,2026-08-14T20:59:07.776936+00:00,MID,canonical primary position,manchester_city,soccerdata:sofascore:16363243,2026-08-23,2026-08-23T13:00:00+00:00,Premier League,league,scheduled,1.0,False,manchester_city,Manchester City,afc_bournemouth,Bournemouth,H,Home,,,49.6,50.4,Neutral,,,,,derived feature frame,False
05t6z,2627,Tim Iroegbunam,EVE,M,178.0,EVE,M,M,,202.0,,177.0,6.32,0.0,,3.0,0.0,FA,CRY Sat 9:00AM,tim iroegbunam,False,True,Matched eligible,pr_54535f86e40b6069,240.0,05t6z,Tim Iroegbunam,Tim Iroegbunam,Everton,EVE,M,True,a,,EVE,M,Confirmed,Exact Name + Club,95.0,Official FPL API,2026-07-30T01:09:03.040438+00:00,05t6z,Player Registry,Exact Name + Club,EVE,Confirmed,False,Tim Iroegbunam,EVE,M,38.0,0.0,0.0,0.0,0.0,0.0,0.0,0.5109043149277563,1.8477273760363453,0.0,8.0,1496.0,9554.0,0.0,0.0,0.0,0.0,0.0,,0.141896291568696,0.0,0.0,True,True,matched by historical Fantrax ID,normalized Fantrax ID,1.0,,,,,,,18.7,43.5,29.0,42.06666666666666,41.9,42.48,0.0,Unknown / New Arrival,25.0,False,13.7,22.8,38.9,0.0,13.5,18.7,16.58,66.2,426.0,Deep,,ADP unavailable,,,Free Agent,,,,,,True,0,,,,,,,False,True,False,,,426.0,,M,,,0.0,0.0,,,,,0.0,0.0,0.0,0.5109043149277563,1.8477273760363453,0.141896291568696,0.0,29.0,41.9,38.0,,,2.358631690964102,0.0307362221547446,0.1111600694139512,0.0,,,,,,,,,,,,,,2026-08-14T20:59:07.776936+00:00,MID,canonical primary position,everton,soccerdata:sofascore:16363635,2026-08-22,2026-08-22T14:00:00+00:00,Premier League,league,scheduled,1.0,False,everton,Everton,crystal_palace,Crystal Palace,H,Home,,,56.0,44.0,Favorable,,,,,derived feature frame,False
05o4c,2627,Timothy Castagne,FUL,"D,M",77.0,FUL,D,"D,M",,240.0,,77.0,9.62,0.0,,5.0,-1.0,FA,CHE Mon 2:00PM,timothy castagne,False,True,Matched eligible,pr_56a5972ee75c6679,258.0,05o4c,Timothy Castagne,Timothy Castagne,Fulham,FUL,D,True,a,,FUL,"D,M",Confirmed,Exact Name + Club,95.0,Official FPL API,2026-07-30T01:09:03.040438+00:00,05o4c,Player Registry,Exact Name + Club,FUL,Confirmed,False,Timothy Castagne,FUL,"D,M",38.0,352.0,4.0,43.0,34.0,0.0,1.0,1.4701742595061658,1.7460119286552067,0.0,18.0,1849.0,6157.0,352.0,4.0,43.0,1.131578947368421,8.5,10.994318181818182,0.1565477322523112,0.1052631578947368,0.6666666666666666,True,True,matched by historical Fantrax ID,normalized Fantrax ID,1.0,34.0,8.5,4.0,43.0,8.693181818181818,79.06976744186046,33.8,50.9,42.5,48.0,41.08,42.540000000000006,32.4,Rotation Risk,55.0,False,62.2,94.6,41.5,32.4,38.0,15.4,50.89,79.8,180.0,Tier 5,,ADP unavailable,,,Free Agent,,,,,,True,0,,,,,,,False,True,False,,,180.0,,D,,,43.0,1.131578947368421,10.994318181818182,34.0,8.5,8.693181818181818,352.0,4.0,0.1052631578947368,1.4701742595061658,1.7460119286552067,0.1565477322523112,32.4,42.5,41.08,38.0,10.75,8.5,3.2161861881613723,0.0715606724475689,0.0849870598047423,10.292397660818716,,,,,,,,,,,,,,2026-08-14T20:59:07.776936+00:00,DEF,canonical primary position,fulham,soccerdata:sofascore:16363244,2026-08-24,2026-08-24T19:00:00+00:00,Premier League,league,scheduled,1.0,False,fulham,Fulham,chelsea,Chelsea,H,Home,,,35.8,64.2,Difficult,,,,,derived feature frame,False
06crn,2627,Toby Collyer,HUL,M,12.0,MUN,M,M,,491.0,,11.0,5.5,0.0,,2.0,-1.0,FA,@HUL Sat 6:30AM,toby collyer,False,True,Matched eligible,pr_438481a3e0fd695a,436.0,06crn,Toby Collyer,Toby Collyer,Man Utd,MUN,M,True,a,,MUN,M,Confirmed,Exact Name,90.0,Official FPL API,2026-07-30T01:09:03.040438+00:00,06crn,Player Registry,Exact Name,MUN,Confirmed,False,,MUN,M,38.0,0.0,0.0,0.0,0.0,0.0,0.0,0.0,0.0,0.0,0.0,0.0,,0.0,0.0,0.0,0.0,0.0,,,0.0,0.0,True,True,matched by historical Fantrax ID,normalized Fantrax ID,1.0,,,,,,,90.6,59.4,72.4,44.06666666666666,49.54,46.89,0.0,Unknown / New Arrival,25.0,False,13.7,22.8,0.0,0.0,83.8,84.0,24.3,46.2,319.0,Deep,,ADP unavailable,,,Free Agent,,,,,,True,0,,,,,,,False,True,False,,,319.0,,M,,,0.0,0.0,,,,,0.0,0.0,0.0,0.0,0.0,,0.0,72.4,49.54,38.0,,,0.0,,,0.0,,,,,,,,,,,,,,2026-08-14T20:59:07.776936+00:00,MID,canonical primary position,hull_city,soccerdata:sofascore:16363634,2026-08-22,2026-08-22T11:30:00+00:00,Premier League,league,scheduled,1.0,False,hull_city,Hull City,manchester_united,Manchester United,H,Home,,,32.0,68.0,Very difficult,,,,,derived feature frame,False
0328q,2627,Tom Cairney,FUL,M,19.0,FUL,M,M,,450.0,,18.0,4.5,0.0,,2.0,-1.0,FA,CHE Mon 2:00PM,tom cairney,False,True,Matched eligible,pr_c4593cfb6d1fa401,266.0,0328q,Tom Cairney,Tom Cairney,Fulham,FUL,M,True,a,,FUL,M,Confirmed,Exact Name + Club,95.0,Official FPL API,2026-07-30T01:09:03.040438+00:00,0328q,Player Registry,Exact Name + Club,FUL,Confirmed,False,Tom Cairney,FUL,M,38.0,0.0,0.0,0.0,0.0,0.0,0.0,0.8124629594385618,0.6888010948896405,0.0,11.0,747.0,6835.0,0.0,0.0,0.0,0.0,0.0,,0.1808751872684581,0.0,0.0,True,True,matched by historical Fantrax ID,normalized Fantrax ID,1.0,,,,,,,33.8,50.9,42.5,48.0,41.08,42.540000000000006,0.0,Unknown / New Arrival,25.0,False,13.7,22.8,47.6,0.0,38.0,15.4,20.0,66.2,371.0,Deep,,ADP unavailable,,,Free Agent,,,,,,True,0,,,,,,,False,True,False,,,371.0,,M,,,0.0,0.0,,,,,0.0,0.0,0.0,0.8124629594385618,0.6888010948896405,0.1808751872684581,0.0,42.5,41.08,38.0,,,1.5012640543282023,0.0978871035468146,0.0829880837216434,0.0,,,,,,,,,,,,,,2026-08-14T20:59:07.776936+00:00,MID,canonical primary position,fulham,soccerdata:sofascore:16363244,2026-08-24,2026-08-24T19:00:00+00:00,Premier League,league,scheduled,1.0,False,fulham,Fulham,chelsea,Chelsea,H,Home,,,35.8,64.2,Difficult,,,,,derived feature frame,False
03dwz,2627,Tom Heaton,MUN,G,0.0,MUN,G,G,280.2,596.0,280.2,0.0,0.0,4.0,,1.0,0.0,FA,@HUL Sat 6:30AM,tom heaton,False,True,Matched eligible,pr_ed1555b0ceeeb2c0,414.0,03dwz,Tom Heaton,Tom Heaton,Man Utd,MUN,G,True,a,,MUN,G,Confirmed,Exact Name + Club,95.0,Official FPL API,2026-07-30T01:09:03.040438+00:00,03dwz,Player Registry,Exact Name + Club,MUN,Confirmed,False,,MUN,G,38.0,0.0,0.0,0.0,0.0,0.0,0.0,0.0,0.0,0.0,0.0,0.0,,0.0,0.0,0.0,0.0,0.0,,,0.0,0.0,True,True,matched by historical Fantrax ID,normalized Fantrax ID,1.0,,,,,,,90.6,59.4,72.4,44.06666666666666,49.54,46.89,0.0,Unknown / New Arrival,25.0,False,13.7,22.8,0.0,0.0,83.8,84.0,24.3,46.2,318.0,Deep,-37.80000000000001,Major reach,,,Free Agent,,,,,,True,0,,,,,,,False,True,False,,,318.0,280.2,G,,,0.0,0.0,,,,,0.0,0.0,0.0,0.0,0.0,,0.0,72.4,49.54,38.0,,,0.0,,,0.0,,,,,,,,,,,,,,2026-08-14T20:59:07.776936+00:00,GK,canonical primary position,manchester_united,soccerdata:sofascore:16363634,2026-08-22,2026-08-22T11:30:00+00:00,Premier League,league,scheduled,1.0,False,manchester_united,Manchester United,hull_city,Hull City,A,Away,,,49.1,50.9,Neutral,,,,,derived feature frame,False
06cmt,2627,Tom King,EVE,G,0.0,EVE,G,G,287.9,612.0,287.9,0.0,0.0,4.0,,1.0,1.0,FA,CRY Sat 9:00AM,tom king,False,True,Matched eligible,pr_181b0abd1b0ce931,228.0,06cmt,Tom King,Tom King,Everton,EVE,G,True,a,,WOL/EVE,G,Transferred,Exact Name + Club,95.0,Official FPL API,2026-07-30T01:09:03.040438+00:00,06cmt,Player Registry,Exact Name + Club,EVE,Transferred,False,,WOL/EVE,G,38.0,0.0,0.0,0.0,0.0,0.0,0.0,0.0,0.0,0.0,0.0,0.0,,0.0,0.0,0.0,0.0,0.0,,,0.0,0.0,True,True,matched by historical Fantrax ID,normalized Fantrax ID,1.0,,,,,,,18.7,43.5,29.0,42.06666666666666,41.9,42.48,0.0,Unknown / New Arrival,25.0,False,13.7,22.8,0.0,0.0,13.5,18.7,10.74,46.2,488.0,Deep,-200.1,Major reach,,,Free Agent,,,,,,True,0,,,,,,,False,True,False,,,488.0,287.9,G,,,0.0,0.0,,,,,0.0,0.0,0.0,0.0,0.0,,0.0,29.0,41.9,38.0,,,0.0,,,0.0,,,,,,,,,,,,,,2026-08-14T20:59:07.776936+00:00,GK,canonical primary position,everton,soccerdata:sofascore:16363635,2026-08-22,2026-08-22T14:00:00+00:00,Premier League,league,scheduled,1.0,False,everton,Everton,crystal_palace,Crystal Palace,H,Home,,,56.0,44.0,Favorable,,,,,derived feature frame,False
06yjz,2627,Tommy Pilling,LIV,M,0.0,,,,,,,,,,,,,,,,,,,,,,,,,,,,,,,,,,,,,,,,,,,,,,,,,,,,,,,,,,,,,,,,,,,,,,,,,,,,,,,,,,,,,,,,,,,,,,,,,,,,,,,Free Agent,,,,,,True,0,,,,,,,False,True,False,,,,,,,,,,,,,,,,,,,,,,,,,,,,,,,,,,,,,,,,,,,2026-08-14T20:59:07.776936+00:00,MID,first valid Fantrax position,liverpool,soccerdata:sofascore:16363246,2026-08-23,2026-08-23T15:30:00+00:00,Premier League,league,scheduled,1.0,False,liverpool,Liverpool FC,newcastle_united,Newcastle United,A,Away,,,48.2,51.8,Neutral,,,,,derived feature frame,False
06nk0,2627,Tommy Setford,ARS,G,0.0,ARS,G,G,,655.0,,0.0,0.0,0.0,,1.0,0.0,FA,COV Fri 2:00PM,tommy setford,True,False,Inactive / historical only,pr_18fe07f98cf1384e,,06nk0,Tommy Setford,,ARS,ARS,G,False,unverified,,ARS,G,Historical Only,Unresolved,0.0,Fantrax / historical,,06nk0,Player Registry,Unresolved,ARS,Historical Only,False,,ARS,G,38.0,0.0,0.0,0.0,0.0,0.0,0.0,0.0,0.0,0.0,0.0,0.0,,0.0,0.0,0.0,0.0,0.0,,,0.0,0.0,True,True,matched by historical Fantrax ID,normalized Fantrax ID,1.0,,,,,,,86.2,100.0,90.6,40.0,43.64,45.32000000000001,0.0,Unknown / New Arrival,25.0,False,13.7,22.8,0.0,0.0,84.0,52.3,21.15,46.2,,,,Not draft eligible,,,Free Agent,,,,,,True,0,,,,,,,False,True,False,,,,,G,,,0.0,0.0,,,,,0.0,0.0,0.0,0.0,0.0,,0.0,90.6,43.64,38.0,,,0.0,,,0.0,,,,,,,,,,,,,,2026-08-14T20:59:07.776936+00:00,GK,canonical primary position,arsenal,soccerdata:sofascore:16363633,2026-08-21,2026-08-21T19:00:00+00:00,Premier League,league,scheduled,1.0,False,arsenal,Arsenal,coventry_city,Coventry City,H,Home,,,55.2,44.8,Favorable,,,,,derived feature frame,False
03yeg,2627,Tosin Adarabioyo,CHE,D,30.5,CHE,D,D,,400.0,,29.0,9.67,0.0,,2.0,-1.0,FA,@FUL Mon 2:00PM,tosin adarabioyo,False,True,Matched eligible,pr_cce46d68831b98d4,147.0,03yeg,Tosin Adarabioyo,Tosin Adarabioyo,Chelsea,CHE,D,True,a,,CHE,D,Confirmed,Exact Name + Club,95.0,Official FPL API,2026-07-30T01:09:03.040438+00:00,03yeg,Player Registry,Exact Name + Club,CHE,Confirmed,False,Tosin Adarabioyo,CHE,D,38.0,360.0,3.0,38.5,36.5,0.0,0.0,0.0724174678325652,0.4159756898880005,0.0,1.0,791.0,5590.0,0.0,0.0,0.0,1.013157894736842,4.562,9.625,0.0555693858341983,0.0789473684210526,0.0,True,True,matched by historical Fantrax ID,normalized Fantrax ID,1.0,36.5,4.562,8.0,38.5,9.125,94.8051948051948,68.4,56.8,65.6,50.53333333333333,46.98,47.54,5.8,Bench / Unknown,55.0,False,54.9,67.5,17.7,5.8,63.8,71.8,43.99,79.8,219.0,Tier 6,,ADP unavailable,,,Free Agent,,,,,,True,0,,,,,,,False,True,False,,,219.0,,D,,,38.5,1.013157894736842,9.625,36.5,4.562,9.125,360.0,3.0,0.0789473684210526,0.0724174678325652,0.4159756898880005,0.0555693858341983,5.8,65.6,46.98,38.0,12.833333333333334,12.166666666666666,0.4883931577205657,0.0082396613210251,0.0473297245131732,10.526315789473683,,,,,,,,,,,,,,2026-08-14T20:59:07.776936+00:00,DEF,canonical primary position,chelsea,soccerdata:sofascore:16363244,2026-08-24,2026-08-24T19:00:00+00:00,Premier League,league,scheduled,1.0,False,chelsea,Chelsea,fulham,Fulham,A,Away,,,50.9,49.1,Neutral,,,,,derived feature frame,False
06v0g,2627,Trai Hume,SUN,"D,M",318.5,SUN,D,"D,M",133.6,37.0,133.6,312.5,9.77,96.0,,75.0,-6.0,FA,@IPS Sat 9:00AM,trai hume,False,True,Matched eligible,pr_523827882c94cabf,534.0,06v0g,Trai Hume,Trai Hume,Sunderland,SUN,D,True,a,,SUN,"D,M",Confirmed,Exact Name + Club,95.0,Official FPL API,2026-07-30T01:09:03.040438+00:00,06v0g,Player Registry,Exact Name + Club,SUN,Confirmed,False,Trai Hume,SUN,"D,M",38.0,3028.0,34.0,310.0,261.0,2.0,1.0,2.7079745400696984,2.084211807698011,0.0,27.0,3041.0,13713.0,444.0,5.0,60.5,8.157894736842104,6.868,9.214002642007928,0.1418272842154205,0.8947368421052632,0.8333333333333334,True,True,matched by historical Fantrax ID,normalized Fantrax ID,1.0,261.0,6.868,38.0,310.0,7.757595772787319,84.19354838709677,7.9,49.1,27.1,43.6,42.0,37.67,86.3,Locked Starter,90.0,False,71.3,86.4,38.6,86.3,3.8,23.7,60.17,95.5,113.0,Tier 4,20.599999999999994,Strong value,pr_523827882c94cabf,Trai Hume,Rostered,2dxfjlk0mrp1z5vo,nhauptma,nhauptma,ACTIVE,ACTIVE,False,0,,,nhauptma,2dxfjlk0mrp1z5vo,8.0,89.0,True,False,True,8.0,89.0,113.0,133.6,D,,,310.0,8.157894736842104,9.214002642007928,261.0,6.868,7.757595772787319,3028.0,34.0,0.8947368421052632,2.7079745400696984,2.084211807698011,0.1418272842154205,86.3,27.1,42.0,38.0,9.117647058823527,7.676470588235294,4.792186347767709,0.0801439357468835,0.0616833484685369,88.53801169590643,,,,,,,,,,,,,,2026-08-14T20:59:07.776936+00:00,DEF,canonical primary position,sunderland,soccerdata:sofascore:16363636,2026-08-22,2026-08-22T14:00:00+00:00,Premier League,league,scheduled,1.0,False,sunderland,Sunderland,ipswich_town,Ipswich Town,A,Away,,,44.4,55.6,Difficult,,,,,derived feature frame,False
04mup,2627,Trevoh Chalobah,CHE,D,66.5,CHE,D,D,280.6,259.0,280.6,62.5,8.93,9.0,,12.0,-2.0,FA,@FUL Mon 2:00PM,trevoh chalobah,False,True,Matched eligible,pr_6bfcba7d0843ade6,143.0,04mup,Trevoh Chalobah,Trevoh Chalobah,Chelsea,CHE,D,True,a,,CHE,D,Confirmed,Exact Name + Club,95.0,Official FPL API,2026-07-30T01:09:03.040438+00:00,04mup,Player Registry,Exact Name + Club,CHE,Confirmed,False,Trevoh Chalobah,CHE,D,38.0,2780.0,31.0,310.5,251.5,3.0,1.0,1.841483430005609,0.6305756159126756,0.0,5.0,2781.0,6615.0,230.0,2.0,13.5,8.171052631578947,6.618,10.052158273381297,0.0800019108711419,0.8157894736842105,0.3333333333333333,True,True,matched by historical Fantrax ID,normalized Fantrax ID,1.0,251.5,6.618,38.0,310.5,8.142086330935252,80.99838969404188,68.4,56.8,65.6,50.53333333333333,46.98,47.54,64.9,Likely Rotation,90.0,False,76.8,84.0,22.8,64.9,63.8,71.8,65.61,95.5,76.0,Tier 4,204.6,Strong value,,,Free Agent,,,,,,True,0,,,,,,,False,True,False,,,76.0,280.6,D,,,310.5,8.171052631578947,10.052158273381297,251.5,6.618,8.142086330935252,2780.0,31.0,0.8157894736842105,1.841483430005609,0.6305756159126756,0.0800019108711419,64.9,65.6,46.98,38.0,10.016129032258064,8.112903225806452,2.472059045918285,0.0595949330098902,0.0204069778612516,81.28654970760235,,,,,,,,,,,,,,2026-08-14T20:59:07.776936+00:00,DEF,canonical primary position,chelsea,soccerdata:sofascore:16363244,2026-08-24,2026-08-24T19:00:00+00:00,Premier League,league,scheduled,1.0,False,chelsea,Chelsea,fulham,Fulham,A,Away,,,50.9,49.1,Neutral,,,,,derived feature frame,False
06hze,2627,Treymaurice Nyoni,LIV,M,0.0,LIV,M,M,,632.0,,0.0,0.0,0.0,,4.0,0.0,FA,@NEW Sun 10:30AM,treymaurice nyoni,False,True,Matched eligible,pr_8813057d0d17c524,375.0,06hze,Trey Nyoni,Trey Nyoni,Liverpool,LIV,M,True,a,,LIV,M,Confirmed,Explicit Player Alias,92.0,Official FPL API,2026-07-30T01:09:03.040438+00:00,06hze,Player Registry,Explicit Player Alias,LIV,Confirmed,False,Treymaurice Nyoni,LIV,M,38.0,0.0,0.0,0.0,0.0,0.0,0.0,0.4788391590118408,0.0494166016578674,0.0,1.0,13.0,12203.0,0.0,0.0,0.0,0.0,0.0,,3.657155266174904,0.0,0.0,True,True,matched by historical Fantrax ID,normalized Fantrax ID,1.0,,,,,,,83.8,61.5,74.8,46.4,49.71999999999999,50.39,0.0,Unknown / New Arrival,25.0,False,13.7,22.8,100.0,0.0,77.2,90.1,39.24,66.2,250.0,Tier 6,,ADP unavailable,,,Free Agent,,,,,,True,0,,,,,,,False,True,False,,,250.0,,M,,,0.0,0.0,,,,,0.0,0.0,0.0,0.4788391590118408,0.0494166016578674,3.657155266174904,0.0,74.8,49.71999999999999,38.0,,,0.5282557606697083,3.3150403316204367,0.3421149345544665,0.0,,,,,,,,,,,,,,2026-08-14T20:59:07.776936+00:00,MID,canonical primary position,liverpool,soccerdata:sofascore:16363246,2026-08-23,2026-08-23T15:30:00+00:00,Premier League,league,scheduled,1.0,False,liverpool,Liverpool FC,newcastle_united,Newcastle United,A,Away,,,48.2,51.8,Neutral,,,,,derived feature frame,False
072x9,2627,Tye Hall,TOT,M,0.0,TOT,M,M,,591.0,,0.0,0.0,0.0,,1.0,0.0,FA,@BRF Sat 11:30AM,tye hall,True,False,Inactive / historical only,pr_3159fc25261ec25d,,072x9,Tye Hall,,TOT,TOT,M,False,unverified,,TOT,M,Historical Only,Unresolved,0.0,Fantrax / historical,,072x9,Player Registry,Unresolved,TOT,Historical Only,False,,TOT,M,38.0,0.0,0.0,0.0,0.0,0.0,0.0,0.0,0.0,0.0,0.0,0.0,,0.0,0.0,0.0,0.0,0.0,,,0.0,0.0,True,True,matched by historical Fantrax ID,normalized Fantrax ID,1.0,,,,,,,30.7,33.2,33.3,51.5,51.620000000000005,49.47,0.0,Unknown / New Arrival,25.0,False,13.7,22.8,0.0,0.0,28.3,96.5,20.0,46.2,,,,Not draft eligible,,,Free Agent,,,,,,True,0,,,,,,,False,True,False,,,,,M,,,0.0,0.0,,,,,0.0,0.0,0.0,0.0,0.0,,0.0,33.3,51.620000000000005,38.0,,,0.0,,,0.0,,,,,,,,,,,,,,2026-08-14T20:59:07.776936+00:00,MID,canonical primary position,tottenham_hotspur,soccerdata:sofascore:16363242,2026-08-22,2026-08-22T16:30:00+00:00,Premier League,league,scheduled,1.0,False,tottenham_hotspur,Tottenham Hotspur,brentford,Brentford,A,Away,,,55.1,44.9,Favorable,,,,,derived feature frame,False
062h7,2627,Tyler Adams,BOU,M,224.0,BOU,M,M,272.3,146.0,272.3,221.5,6.71,22.0,,22.0,-1.0,FA,@MCI Sun 8:00AM,tyler adams,False,True,Matched eligible,pr_c1967d4a51c72131,73.0,062h7,Tyler Adams,Tyler Adams,Bournemouth,BOU,M,True,a,,BOU,M,Confirmed,Exact Name + Club,95.0,Official FPL API,2026-07-30T01:09:03.040438+00:00,062h7,Player Registry,Exact Name + Club,BOU,Confirmed,False,Tyler Adams,BOU,M,38.0,485.0,6.0,40.5,22.5,2.0,0.0,0.9289743825793264,1.2302900850772855,0.0,7.0,1805.0,7352.0,0.0,0.0,0.0,1.0657894736842106,3.214,7.515463917525773,0.1076641562820471,0.1578947368421052,0.0,True,True,matched by historical Fantrax ID,normalized Fantrax ID,1.0,22.5,3.214,7.0,40.5,4.175257731958763,55.55555555555556,73.4,43.8,58.6,39.93333333333333,43.7,39.440000000000005,8.8,Bench / Unknown,55.0,False,44.6,58.5,29.6,8.8,64.2,57.7,40.55,79.8,239.0,Tier 6,33.30000000000001,Strong value,,,Free Agent,,,,,,True,0,,,,,,,False,True,False,,,239.0,272.3,M,,,40.5,1.0657894736842106,7.515463917525773,22.5,3.214,4.175257731958763,485.0,6.0,0.1578947368421052,0.9289743825793264,1.2302900850772855,0.1076641562820471,8.8,58.6,43.7,38.0,6.75,3.75,2.159264467656612,0.0463200523169747,0.0613441039650724,14.181286549707602,,,,,,,,,,,,,,2026-08-14T20:59:07.776936+00:00,MID,canonical primary position,afc_bournemouth,soccerdata:sofascore:16363243,2026-08-23,2026-08-23T13:00:00+00:00,Premier League,league,scheduled,1.0,False,afc_bournemouth,Bournemouth,manchester_city,Manchester City,A,Away,,,16.8,83.2,Very difficult,,,,,derived feature frame,False
06195,2627,Tyler Dibling,EVE,M,22.5,EVE,M,M,,430.0,,21.5,7.17,0.0,,6.0,-2.0,FA,CRY Sat 9:00AM,tyler dibling,False,True,Matched eligible,pr_1aa760d68b11a602,245.0,06195,Tyler Dibling,Tyler Dibling,Everton,EVE,M,True,a,,SOU/EVE,"M,F",Transferred,Exact Name + Club,95.0,Official FPL API,2026-07-30T01:09:03.040438+00:00,06195,Player Registry,Exact Name + Club,EVE,Transferred,False,Tyler Dibling,SOU/EVE,"M,F",38.0,0.0,0.0,0.0,0.0,0.0,0.0,0.1377814710140227,0.2132043652236461,0.0,4.0,337.0,10586.0,0.0,0.0,0.0,0.0,0.0,,0.09373508979641,0.0,0.0,True,True,matched by historical Fantrax ID,normalized Fantrax ID,1.0,0.0,0.0,1.0,0.0,,,18.7,43.5,29.0,42.06666666666666,41.9,42.48,0.0,Unknown / New Arrival,25.0,False,13.7,22.8,26.2,0.0,13.5,18.7,14.67,66.2,439.0,Deep,,ADP unavailable,,,Free Agent,,,,,,True,0,,,,,,,False,True,False,,,439.0,,M,,,0.0,0.0,,0.0,0.0,,0.0,0.0,0.0,0.1377814710140227,0.2132043652236461,0.09373508979641,0.0,29.0,41.9,38.0,,,0.3509858362376687,0.036796238549739,0.056938851246671,0.0,,,,,,,,,,,,,,2026-08-14T20:59:07.776936+00:00,MID,canonical primary position,everton,soccerdata:sofascore:16363635,2026-08-22,2026-08-22T14:00:00+00:00,Premier League,league,scheduled,1.0,False,everton,Everton,crystal_palace,Crystal Palace,H,Home,,,56.0,44.0,Favorable,,,,,derived feature frame,False
06v0a,2627,Tyler Fletcher,MUN,M,0.0,MUN,M,M,,585.0,,0.0,0.0,0.0,,1.0,-1.0,FA,@HUL Sat 6:30AM,tyler fletcher,False,True,Matched eligible,pr_499cca970a737af9,438.0,06v0a,Tyler Fletcher,Tyler Fletcher,Man Utd,MUN,M,True,a,,MUN,M,Confirmed,Exact Name + Club,95.0,Official FPL API,2026-07-30T01:09:03.040438+00:00,06v0a,Player Registry,Exact Name + Club,MUN,Confirmed,False,Tyler Fletcher,MUN,M,38.0,0.0,0.0,0.0,0.0,0.0,0.0,0.0,0.0,0.0,0.0,14.0,14272.0,0.0,0.0,0.0,0.0,0.0,,0.0,0.0,0.0,True,True,matched by historical Fantrax ID,normalized Fantrax ID,1.0,,,,,,,90.6,59.4,72.4,44.06666666666666,49.54,46.89,0.0,Unknown / New Arrival,25.0,False,13.7,22.8,3.8,0.0,83.8,84.0,24.88,66.2,314.0,Deep,,ADP unavailable,,,Free Agent,,,,,,True,0,,,,,,,False,True,False,,,314.0,,M,,,0.0,0.0,,,,,0.0,0.0,0.0,0.0,0.0,0.0,0.0,72.4,49.54,38.0,,,0.0,0.0,0.0,0.0,,,,,,,,,,,,,,2026-08-14T20:59:07.776936+00:00,MID,canonical primary position,manchester_united,soccerdata:sofascore:16363634,2026-08-22,2026-08-22T11:30:00+00:00,Premier League,league,scheduled,1.0,False,manchester_united,Manchester United,hull_city,Hull City,A,Away,,,49.1,50.9,Neutral,,,,,derived feature frame,False
064op,2627,Tyler Fredricson,MUN,D,4.5,,,,,,,,,,,,,,,,,,,,,,,,,,,,,,,,,,,,,,,,,,,,,,,,,,,,,,,,,,,,,,,,,,,,,,,,,,,,,,,,,,,,,,,,,,,,,,,,,,,,,,,Free Agent,,,,,,True,0,,,,,,,False,True,False,,,,,,,,,,,,,,,,,,,,,,,,,,,,,,,,,,,,,,,,,,,2026-08-14T20:59:07.776936+00:00,DEF,first valid Fantrax position,manchester_united,soccerdata:sofascore:16363634,2026-08-22,2026-08-22T11:30:00+00:00,Premier League,league,scheduled,1.0,False,manchester_united,Manchester United,hull_city,Hull City,A,Away,,,49.1,50.9,Neutral,,,,,derived feature frame,False
05r93,2627,Tyler Onyango,EVE,M,0.0,,,,,,,,,,,,,,,,,,,,,,,,,,,,,,,,,,,,,,,,,,,,,,,,,,,,,,,,,,,,,,,,,,,,,,,,,,,,,,,,,,,,,,,,,,,,,,,,,,,,,,,Free Agent,,,,,,True,0,,,,,,,False,True,False,,,,,,,,,,,,,,,,,,,,,,,,,,,,,,,,,,,,,,,,,,,2026-08-14T20:59:07.776936+00:00,MID,first valid Fantrax position,everton,soccerdata:sofascore:16363635,2026-08-22,2026-08-22T14:00:00+00:00,Premier League,league,scheduled,1.0,False,everton,Everton,crystal_palace,Crystal Palace,H,Home,,,56.0,44.0,Favorable,,,,,derived feature frame,False
06zc8,2627,Tynan Thompson,MUN,F,0.0,,,,,,,,,,,,,,,,,,,,,,,,,,,,,,,,,,,,,,,,,,,,,,,,,,,,,,,,,,,,,,,,,,,,,,,,,,,,,,,,,,,,,,,,,,,,,,,,,,,,,,,Free Agent,,,,,,True,0,,,,,,,False,True,False,,,,,,,,,,,,,,,,,,,,,,,,,,,,,,,,,,,,,,,,,,,2026-08-14T20:59:07.776936+00:00,FWD,first valid Fantrax position,manchester_united,soccerdata:sofascore:16363634,2026-08-22,2026-08-22T11:30:00+00:00,Premier League,league,scheduled,1.0,False,manchester_united,Manchester United,hull_city,Hull City,A,Away,,,49.1,50.9,Neutral,,,,,derived feature frame,False
062ft,2627,Tyrell Malacia,MUN,D,0.0,,,,,,,,,,,,,,,,,,,,,,,,,,,,,,,,,,,,,,,,,,,,,,,,,,,,,,,,,,,,,,,,,,,,,,,,,,,,,,,,,,,,,,,,,,,,,,,,,,,,,,,Free Agent,,,,,,True,0,,,,,,,False,True,False,,,,,,,,,,,,,,,,,,,,,,,,,,,,,,,,,,,,,,,,,,,2026-08-14T20:59:07.776936+00:00,DEF,first valid Fantrax position,manchester_united,soccerdata:sofascore:16363634,2026-08-22,2026-08-22T11:30:00+00:00,Premier League,league,scheduled,1.0,False,manchester_united,Manchester United,hull_city,Hull City,A,Away,,,49.1,50.9,Neutral,,,,,derived feature frame,False
05akv,2627,Tyrick Mitchell,CRY,"D,M",290.0,CRY,D,"D,M",141.1,53.0,141.1,290.0,8.53,96.0,,77.0,-4.0,FA,@EVE Sat 9:00AM,tyrick mitchell,False,True,Matched eligible,pr_d1e57b4a1b01e197,204.0,05akv,Tyrick Mitchell,Tyrick Mitchell,Crystal Palace,CRY,D,True,a,,CRY,"D,M",Confirmed,Exact Name + Club,95.0,Official FPL API,2026-07-30T01:09:03.040438+00:00,05akv,Player Registry,Exact Name + Club,CRY,Confirmed,False,Tyrick Mitchell,CRY,"D,M",38.0,3204.0,36.0,326.5,256.5,1.0,3.0,1.984723504632711,3.036134548485278,0.0,29.0,3258.0,8214.0,450.0,5.0,51.0,8.592105263157896,6.932,9.17134831460674,0.1386977362739775,0.9473684210526316,0.8333333333333334,True,True,matched by historical Fantrax ID,normalized Fantrax ID,1.0,256.5,6.932,37.0,326.5,7.205056179775281,78.5604900459418,18.2,57.9,33.9,40.0,40.32,42.81,89.8,Locked Starter,90.0,False,71.8,87.3,37.3,89.8,19.2,7.1,60.84,95.5,105.0,Tier 4,36.1,Strong value,pr_d1e57b4a1b01e197,Tyrick Mitchell,Rostered,2dxfjlk0mrp1z5vo,nhauptma,nhauptma,ACTIVE,ACTIVE,False,0,,,nhauptma,2dxfjlk0mrp1z5vo,9.0,104.0,True,False,True,9.0,104.0,105.0,141.1,D,,,326.5,8.592105263157896,9.17134831460674,256.5,6.932,7.205056179775281,3204.0,36.0,0.9473684210526316,1.984723504632711,3.036134548485278,0.1386977362739775,89.8,33.9,40.32,38.0,9.069444444444445,7.125,5.020858053117989,0.0548266161500748,0.0838711201239027,93.6842105263158,,,,,,,,,,,,,,2026-08-14T20:59:07.776936+00:00,DEF,canonical primary position,crystal_palace,soccerdata:sofascore:16363635,2026-08-22,2026-08-22T14:00:00+00:00,Premier League,league,scheduled,1.0,False,crystal_palace,Crystal Palace,everton,Everton,A,Away,,,51.6,48.4,Neutral,,,,,derived feature frame,False
06l4i,2627,Tyrique George,EVE,F,16.0,EVE,M,F,275.5,460.0,275.5,16.0,8.0,13.0,,6.0,-2.0,FA,CRY Sat 9:00AM,tyrique george,False,True,Matched eligible,pr_fcffb1691d80c346,242.0,06l4i,Tyrique George,Tyrique George,Everton,EVE,M,True,a,,CHE/EVE,F,Transferred,Exact Name + Club,95.0,Official FPL API,2026-07-30T01:09:03.040438+00:00,06l4i,Player Registry,Exact Name + Club,EVE,Transferred,False,Tyrique George,CHE/EVE,F,38.0,0.0,0.0,0.0,0.0,0.0,0.0,0.8288742527365682,1.341641515493393,0.0,3.0,328.0,12573.0,0.0,0.0,0.0,0.0,0.0,,0.595568351038709,0.0,0.0,True,True,matched by historical Fantrax ID,normalized Fantrax ID,1.0,,,,,,,18.7,43.5,29.0,42.06666666666666,41.9,42.48,0.0,Unknown / New Arrival,25.0,False,13.7,22.8,89.2,0.0,13.5,18.7,24.12,66.2,331.0,Deep,-55.5,Major reach,,,Free Agent,,,,,,True,0,,,KindComet,,,,False,True,True,14.0,164.0,331.0,275.5,M,,,0.0,0.0,,,,,0.0,0.0,0.0,0.8288742527365682,1.341641515493393,0.595568351038709,0.0,29.0,41.9,38.0,,,2.1705157682299614,0.2274350083728388,0.36813334266587,0.0,,,,,,,,,,,,,,2026-08-14T20:59:07.776936+00:00,MID,canonical primary position,everton,soccerdata:sofascore:16363635,2026-08-22,2026-08-22T14:00:00+00:00,Premier League,league,scheduled,1.0,False,everton,Everton,crystal_palace,Crystal Palace,H,Home,,,56.0,44.0,Favorable,,,,,derived feature frame,False
03rec,2627,Tyrone Mings,AVL,D,58.0,AVL,D,D,,271.0,,58.0,8.29,0.0,,4.0,0.0,FA,@BHA Sun 8:00AM,tyrone mings,False,True,Matched eligible,pr_1465ee1e7e1b56ba,33.0,03rec,Tyrone Mings,Tyrone Mings,Aston Villa,AVL,D,True,a,,AVL,D,Confirmed,Exact Name + Club,95.0,Official FPL API,2026-07-30T01:09:03.040438+00:00,03rec,Player Registry,Exact Name + Club,AVL,Confirmed,False,Tyrone Mings,AVL,D,38.0,600.0,7.0,55.5,63.5,0.0,0.0,1.4921174533665176,0.7093149498105049,0.0,5.0,1314.0,1024.0,0.0,0.0,0.0,1.4605263157894737,3.969,8.325,0.1507830413134947,0.1842105263157894,0.0,True,True,matched by historical Fantrax ID,normalized Fantrax ID,1.0,63.5,3.969,16.0,55.5,9.525,114.41441441441442,57.9,54.1,59.0,40.96666666666667,44.9,48.31,10.7,Bench / Unknown,55.0,False,49.7,62.3,40.2,10.7,53.4,62.1,43.97,79.8,220.0,Tier 6,,ADP unavailable,,,Free Agent,,,,,,True,0,,,,,,,False,True,False,,,220.0,,D,,,55.5,1.4605263157894737,8.325,63.5,3.969,9.525,600.0,7.0,0.1842105263157894,1.4921174533665176,0.7093149498105049,0.1507830413134947,10.7,59.0,44.9,38.0,7.928571428571429,9.071428571428571,2.2014324031770225,0.1021998255730491,0.0485832157404455,17.543859649122805,,,,,,,,,,,,,,2026-08-14T20:59:07.776936+00:00,DEF,canonical primary position,aston_villa,soccerdata:sofascore:16363236,2026-08-23,2026-08-23T13:00:00+00:00,Premier League,league,scheduled,1.0,False,aston_villa,Aston Villa,brighton_hove_albion,Brighton & Hove Albion,A,Away,,,38.5,61.5,Difficult,,,,,derived feature frame,False
072p3,2627,Tyrone Samba,MCI,F,0.0,,,,,,,,,,,,,,,,,,,,,,,,,,,,,,,,,,,,,,,,,,,,,,,,,,,,,,,,,,,,,,,,,,,,,,,,,,,,,,,,,,,,,,,,,,,,,,,,,,,,,,,Free Agent,,,,,,True,0,,,,,,,False,True,False,,,,,,,,,,,,,,,,,,,,,,,,,,,,,,,,,,,,,,,,,,,2026-08-14T20:59:07.776936+00:00,FWD,first valid Fantrax position,manchester_city,soccerdata:sofascore:16363243,2026-08-23,2026-08-23T13:00:00+00:00,Premier League,league,scheduled,1.0,False,manchester_city,Manchester City,afc_bournemouth,Bournemouth,H,Home,,,49.6,50.4,Neutral,,,,,derived feature frame,False
05s08,2627,Valentino Livramento,NEW,D,234.0,NEW,D,D,266.8,131.0,266.8,234.0,6.88,26.0,,21.0,-2.0,FA,LIV Sun 10:30AM,valentino livramento,False,True,Matched eligible,pr_9b6355573f72b76b,450.0,05s08,Tino Livramento,Tino Livramento,Newcastle,NEW,D,True,d,Calf injury - 75% chance of playing,NEW,D,Confirmed,Explicit Player Alias,92.0,Official FPL API,2026-07-30T01:09:03.040438+00:00,05s08,Player Registry,Explicit Player Alias,NEW,Confirmed,False,Valentino Livramento,NEW,D,38.0,1325.0,14.0,123.0,88.0,0.0,1.0,0.1522857137024401,0.616281878203153,0.0,10.0,1323.0,9512.0,73.0,1.0,4.0,3.236842105263158,3.143,8.354716981132075,0.0522835096534417,0.3684210526315789,0.1666666666666666,True,True,matched by historical Fantrax ID,normalized Fantrax ID,1.0,88.0,3.143,28.0,123.0,5.977358490566038,71.54471544715447,62.2,27.4,49.3,42.16666666666666,42.86,46.68,28.6,Rotation Risk,75.0,False,55.4,57.7,16.9,28.6,53.2,36.6,42.5,88.8,227.0,Tier 6,39.80000000000001,Strong value,pr_9b6355573f72b76b,Tino Livramento,Rostered,acjx0vg4mrp1z5vo,yudesh,yudesh,INJURED_RESERVE,INJURED_RESERVE,False,0,,,yudesh,acjx0vg4mrp1z5vo,9.0,103.0,True,False,True,9.0,103.0,227.0,266.8,D,,,123.0,3.236842105263158,8.354716981132075,88.0,3.143,5.977358490566038,1325.0,14.0,0.3684210526315789,0.1522857137024401,0.616281878203153,0.0522835096534417,28.6,49.3,42.86,38.0,8.785714285714286,6.285714285714286,0.7685675919055932,0.0103595723607102,0.0419239372927315,38.74269005847953,,,,,,,,,,,,,,2026-08-14T20:59:07.776936+00:00,DEF,canonical primary position,newcastle_united,soccerdata:sofascore:16363246,2026-08-23,2026-08-23T15:30:00+00:00,Premier League,league,scheduled,1.0,False,newcastle_united,Newcastle United,liverpool,Liverpool FC,H,Home,,,31.6,68.4,Very difficult,,,,,derived feature frame,False
070h9,2627,Veljko Milosavljevic,BOU,D,17.5,BOU,D,D,,455.0,,17.5,8.75,0.0,,3.0,0.0,FA,@MCI Sun 8:00AM,veljko milosavljevic,False,True,Matched eligible,pr_83c8f0a378bae427,63.0,070h9,Veljko Milosavljevic,Veljko Milosavljevic,Bournemouth,BOU,D,True,a,,BOU,D,Confirmed,Exact Name + Club,95.0,Official FPL API,2026-07-30T01:09:03.040438+00:00,070h9,Player Registry,Exact Name + Club,BOU,Confirmed,False,Veljko Milosavljevic,BOU,D,38.0,0.0,0.0,0.0,0.0,0.0,0.0,0.357437402009964,0.0670101419091224,0.0,1.0,363.0,14027.0,0.0,0.0,0.0,0.0,0.0,,0.1052349282444015,0.0,0.0,True,True,matched by historical Fantrax ID,normalized Fantrax ID,1.0,,,,,,,73.4,43.8,58.6,39.93333333333333,43.7,39.440000000000005,0.0,Unknown / New Arrival,25.0,False,13.7,22.8,29.4,0.0,64.2,57.7,24.11,66.2,332.0,Deep,,ADP unavailable,,,Free Agent,,,,,,True,0,,,,,,,False,True,False,,,332.0,,D,,,0.0,0.0,,,,,0.0,0.0,0.0,0.357437402009964,0.0670101419091224,0.1052349282444015,0.0,58.6,43.7,38.0,,,0.4244475439190864,0.0886208434735447,0.0166140847708567,0.0,,,,,,,,,,,,,,2026-08-14T20:59:07.776936+00:00,DEF,canonical primary position,afc_bournemouth,soccerdata:sofascore:16363243,2026-08-23,2026-08-23T13:00:00+00:00,Premier League,league,scheduled,1.0,False,afc_bournemouth,Bournemouth,manchester_city,Manchester City,A,Away,,,16.8,83.2,Very difficult,,,,,derived feature frame,False
04fk8,2627,Victor Lindelof,AVL,D,23.0,AVL,D,D,,427.0,,23.0,5.75,0.0,,1.0,0.0,FA,@BHA Sun 8:00AM,victor lindelof,False,True,Matched eligible,pr_243687ad8f276898,37.0,04fk8,Victor Lindelöf,Victor Lindelöf,Aston Villa,AVL,D,True,a,,MUN/AVL,D,Transferred,Exact Name + Club,95.0,Official FPL API,2026-07-30T01:09:03.040438+00:00,04fk8,Player Registry,Exact Name + Club,AVL,Transferred,False,Victor Lindelof,MUN/AVL,D,38.0,0.0,0.0,0.0,0.0,0.0,0.0,0.1561275906860828,0.5980998799204826,0.0,2.0,938.0,6080.0,0.0,0.0,0.0,0.0,0.0,,0.0723672413161949,0.0,0.0,True,True,matched by historical Fantrax ID,normalized Fantrax ID,1.0,,,,,,,57.9,54.1,59.0,40.96666666666667,44.9,48.31,0.0,Unknown / New Arrival,25.0,False,13.7,22.8,20.9,0.0,53.4,62.1,22.2,66.2,339.0,Deep,,ADP unavailable,,,Free Agent,,,,,,True,0,,,,,,,False,True,False,,,339.0,,D,,,0.0,0.0,,,,,0.0,0.0,0.0,0.1561275906860828,0.5980998799204826,0.0723672413161949,0.0,59.0,44.9,38.0,,,0.7542274706065655,0.0149802592342723,0.0573869820819226,0.0,,,,,,,,,,,,,,2026-08-14T20:59:07.776936+00:00,DEF,canonical primary position,aston_villa,soccerdata:sofascore:16363236,2026-08-23,2026-08-23T13:00:00+00:00,Premier League,league,scheduled,1.0,False,aston_villa,Aston Villa,brighton_hove_albion,Brighton & Hove Albion,A,Away,,,38.5,61.5,Difficult,,,,,derived feature frame,False
076qg,2627,Victor Munoz,LIV,F,67.5,LIV,M,F,75.9,248.0,75.9,67.5,9.64,100.0,,90.0,0.0,FA,@NEW Sun 10:30AM,victor munoz,False,True,Matched eligible,pr_2dc8909ca052885f,377.0,076qg,Victor Munoz,Victor Munoz,Liverpool,LIV,M,True,a,,,,New EPL Arrival,Exact Name + Club,95.0,Official FPL API,2026-07-30T01:09:03.040438+00:00,076qg,Player Registry,Exact Name + Club,LIV,New EPL Arrival,False,,,,,,,,,,,,,,,,,,,,,,,,,,False,False,no 2025/26 record for bridged ID,none,0.0,,,,,,,83.8,61.5,74.8,46.4,49.71999999999999,50.39,0.0,Unknown / New Arrival,25.0,False,0.0,0.0,0.0,0.0,77.2,90.1,16.72,21.2,420.0,Deep,-344.1,Major reach,pr_2dc8909ca052885f,Victor Munoz,Rostered,qwkltl98mrp1z5vp,epatel3,epatel3,RESERVE,RESERVE,False,0,,,epatel3,qwkltl98mrp1z5vp,13.0,154.0,True,False,True,13.0,154.0,420.0,75.9,M,,,,,,,,,,,,,,,0.0,74.8,49.71999999999999,,,,,,,,,,,,,,,,,,,,,2026-08-14T20:59:07.776936+00:00,MID,canonical primary position,liverpool,soccerdata:sofascore:16363246,2026-08-23,2026-08-23T15:30:00+00:00,Premier League,league,scheduled,1.0,False,liverpool,Liverpool FC,newcastle_united,Newcastle United,A,Away,,,48.2,51.8,Neutral,,,,,derived feature frame,False
076d7,2627,Victor Torp,COV,M,246.0,COV,M,M,234.3,116.0,234.3,248.0,9.54,48.0,,24.0,-3.0,FA,@ARS Fri 2:00PM,victor torp,False,True,Matched eligible,pr_0083a6386e63c255,188.0,076d7,Victor Torp,Victor Torp,Coventry City,COV,M,True,a,,,,New EPL Arrival,Exact Name + Club,95.0,Official FPL API,2026-07-30T01:09:03.040438+00:00,076d7,Player Registry,Exact Name + Club,COV,New EPL Arrival,False,,,,,,,,,,,,,,,,,,,,,,,,,,False,False,no 2025/26 record for bridged ID,none,0.0,,,,,,,,,,28.066666666666663,30.12,40.8,0.0,Unknown / New Arrival,25.0,False,0.0,0.0,0.0,0.0,0.0,2.3,0.23,11.2,617.0,Deep,-382.7,Major reach,,,Free Agent,,,,,,True,0,,,,,,,False,True,False,,,617.0,234.3,M,,,,,,,,,,,,,,,0.0,,30.12,,,,,,,,,,,,,,,,,,,,,2026-08-14T20:59:07.776936+00:00,MID,canonical primary position,coventry_city,soccerdata:sofascore:16363633,2026-08-21,2026-08-21T19:00:00+00:00,Premier League,league,scheduled,1.0,False,coventry_city,Coventry City,arsenal,Arsenal,A,Away,,,18.9,81.1,Very difficult,,,,,derived feature frame,False
04tsb,2627,Viktor Gyokeres,ARS,F,163.0,ARS,F,F,44.3,214.0,44.3,163.0,5.43,100.0,,100.0,0.0,FA,COV Fri 2:00PM,viktor gyokeres,False,True,Matched eligible,pr_9d461d0dfbe7f315,25.0,04tsb,Viktor Gyökeres,Viktor Gyökeres,Arsenal,ARS,F,True,a,,ARS,F,Confirmed,Exact Name + Club,95.0,Official FPL API,2026-07-30T01:09:03.040438+00:00,04tsb,Player Registry,Exact Name + Club,ARS,Confirmed,False,Viktor Gyokeres,ARS,F,38.0,2210.0,26.0,237.0,105.0,14.0,1.0,13.871430788189173,2.65373873244971,0.0,20.0,2255.0,7254.0,239.0,2.0,43.5,6.2368421052631575,2.763,9.65158371040724,0.6595411338614188,0.6842105263157895,0.3333333333333333,True,True,matched by historical Fantrax ID,normalized Fantrax ID,1.0,105.0,2.763,38.0,237.0,4.276018099547511,44.303797468354425,86.2,100.0,90.6,40.0,43.64,45.32000000000001,56.1,Likely Rotation,90.0,False,69.8,54.0,91.3,56.1,84.0,52.3,67.59,95.5,69.0,Tier 3,-24.700000000000003,Major reach,pr_9d461d0dfbe7f315,Viktor Gyökeres,Rostered,h1vdt8ynmrp1z5vp,Pot Splashers,Pot Splashers,ACTIVE,ACTIVE,False,0,,,Pot Splashers,h1vdt8ynmrp1z5vp,3.0,25.0,True,False,True,3.0,25.0,69.0,44.3,F,,,237.0,6.2368421052631575,9.65158371040724,105.0,2.763,4.276018099547511,2210.0,26.0,0.6842105263157895,13.871430788189173,2.65373873244971,0.6595411338614188,56.1,90.6,43.64,38.0,9.115384615384617,4.038461538461538,16.525169520638883,0.5536269494177497,0.1059141844436691,64.61988304093568,,,,,,,,,,,,,,2026-08-14T20:59:07.776936+00:00,FWD,canonical primary position,arsenal,soccerdata:sofascore:16363633,2026-08-21,2026-08-21T19:00:00+00:00,Premier League,league,scheduled,1.0,False,arsenal,Arsenal,coventry_city,Coventry City,H,Home,,,55.2,44.8,Favorable,,,,,derived feature frame,False
03vlj,2627,Virgil van Dijk,LIV,D,383.0,LIV,D,D,28.6,8.0,28.6,383.0,11.61,100.0,,100.0,0.0,FA,@NEW Sun 10:30AM,virgil van dijk,False,True,Matched eligible,pr_d22ad43e3232f497,356.0,03vlj,Virgil van Dijk,Virgil van Dijk,Liverpool,LIV,D,True,a,,LIV,D,Confirmed,Exact Name + Club,95.0,Official FPL API,2026-07-30T01:09:03.040438+00:00,03vlj,Player Registry,Exact Name + Club,LIV,Confirmed,False,Virgil van Dijk,LIV,D,38.0,3420.0,38.0,501.0,424.0,6.0,1.0,4.891236560419201,0.328536814078688,0.0,11.0,3420.0,833.0,540.0,6.0,84.0,13.18421052631579,11.158,13.184210526315791,0.1373624572236286,1.0,1.0,True,True,matched by historical Fantrax ID,normalized Fantrax ID,1.0,424.0,11.158,38.0,501.0,11.157894736842106,84.63073852295409,83.8,61.5,74.8,46.4,49.71999999999999,50.39,100.0,Locked Starter,90.0,False,95.4,99.2,37.0,100.0,77.2,90.1,85.78,95.5,4.0,Tier 1,24.6,Strong value,pr_d22ad43e3232f497,Virgil van Dijk,Rostered,61fz0pmkmrp1z5vo,wmuck1,wmuck1,ACTIVE,ACTIVE,False,0,,,wmuck1,61fz0pmkmrp1z5vo,1.0,11.0,True,False,True,1.0,11.0,4.0,28.6,D,,,501.0,13.18421052631579,13.184210526315791,424.0,11.158,11.157894736842106,3420.0,38.0,1.0,4.891236560419201,0.328536814078688,0.1373624572236286,100.0,74.8,49.71999999999999,38.0,13.18421052631579,11.157894736842104,5.219773374497889,0.1287167515899789,0.0086457056336496,100.0,,,,,,,,,,,,,,2026-08-14T20:59:07.776936+00:00,DEF,canonical primary position,liverpool,soccerdata:sofascore:16363246,2026-08-23,2026-08-23T15:30:00+00:00,Premier League,league,scheduled,1.0,False,liverpool,Liverpool FC,newcastle_united,Newcastle United,A,Away,,,48.2,51.8,Neutral,,,,,derived feature frame,False
05ybq,2627,Vitalii Mykolenko,EVE,D,261.0,EVE,D,D,240.9,93.0,240.9,261.0,7.25,43.0,,35.0,-5.0,FA,CRY Sat 9:00AM,vitalii mykolenko,False,True,Matched eligible,pr_8f85fecae7a44d42,233.0,05ybq,Vitalii Mykolenko,Vitalii Mykolenko,Everton,EVE,D,True,a,,EVE,D,Confirmed,Exact Name + Club,95.0,Official FPL API,2026-07-30T01:09:03.040438+00:00,05ybq,Player Registry,Exact Name + Club,EVE,Confirmed,False,Vitalii Mykolenko,EVE,D,38.0,1530.0,17.0,134.0,138.0,0.0,0.0,0.2774586006999013,1.141828497871756,0.0,22.0,2963.0,10291.0,540.0,6.0,25.0,3.526315789473684,6.9,7.88235294117647,0.0431103067402798,0.4473684210526316,1.0,True,True,matched by historical Fantrax ID,normalized Fantrax ID,1.0,138.0,6.9,20.0,134.0,8.117647058823529,102.98507462686568,18.7,43.5,29.0,42.06666666666666,41.9,42.48,66.8,Likely Rotation,75.0,False,53.5,87.1,15.3,66.8,13.5,18.7,48.01,88.8,197.0,Tier 6,43.900000000000006,Strong value,,,Free Agent,,,,,,True,0,,,,,,,False,True,False,,,197.0,240.9,D,,,134.0,3.526315789473684,7.88235294117647,138.0,6.9,8.117647058823529,1530.0,17.0,0.4473684210526316,0.2774586006999013,1.141828497871756,0.0431103067402798,66.8,29.0,41.9,38.0,7.882352941176471,8.117647058823529,1.4192870985716577,0.0084276996500138,0.0346826070902659,44.73684210526316,,,,,,,,,,,,,,2026-08-14T20:59:07.776936+00:00,DEF,canonical primary position,everton,soccerdata:sofascore:16363635,2026-08-22,2026-08-22T14:00:00+00:00,Premier League,league,scheduled,1.0,False,everton,Everton,crystal_palace,Crystal Palace,H,Home,,,56.0,44.0,Favorable,,,,,derived feature frame,False
05tre,2627,Vitaly Janelt,BRF,M,65.0,BRF,M,M,249.0,257.0,249.0,63.0,7.88,39.0,,10.0,-4.0,FA,TOT Sat 11:30AM,vitaly janelt,False,True,Matched eligible,pr_47422fce4553de7a,98.0,05tre,Vitaly Janelt,Vitaly Janelt,Brentford,BRF,M,True,a,,BRF,M,Confirmed,Exact Name + Club,95.0,Official FPL API,2026-07-30T01:09:03.040438+00:00,05tre,Player Registry,Exact Name + Club,BRF,Confirmed,False,Vitaly Janelt,BRF,M,38.0,585.0,7.0,63.5,46.5,1.0,1.0,0.7498585553839797,3.811057908460497,0.0,21.0,1421.0,9680.0,0.0,0.0,0.0,1.6710526315789471,5.167,9.76923076923077,0.2888687415524299,0.1842105263157894,0.0,True,True,matched by historical Fantrax ID,normalized Fantrax ID,1.0,46.5,5.167,9.0,63.5,7.153846153846153,73.22834645669292,29.4,35.6,32.6,45.36666666666667,47.48,44.42,10.5,Bench / Unknown,55.0,False,59.5,72.0,63.0,10.5,20.9,78.0,50.1,79.8,185.0,Tier 6,64.0,Strong value,,,Free Agent,,,,,,True,0,,,,,,,False,True,False,,,185.0,249.0,M,,,63.5,1.6710526315789471,9.76923076923077,46.5,5.167,7.153846153846153,585.0,7.0,0.1842105263157894,0.7498585553839797,3.811057908460497,0.2888687415524299,10.5,32.6,47.48,38.0,9.071428571428571,6.642857142857143,4.560916463844476,0.0474928008336088,0.241375940718821,17.105263157894736,,,,,,,,,,,,,,2026-08-14T20:59:07.776936+00:00,MID,canonical primary position,brentford,soccerdata:sofascore:16363242,2026-08-22,2026-08-22T16:30:00+00:00,Premier League,league,scheduled,1.0,False,brentford,Brentford,tottenham_hotspur,Tottenham Hotspur,H,Home,,,51.6,48.4,Neutral,,,,,derived feature frame,False
06xze,2627,Walter Benitez,CRY,G,2.0,CRY,G,G,,539.0,,2.0,0.0,0.0,,1.0,-1.0,FA,@EVE Sat 9:00AM,walter benitez,False,True,Matched eligible,pr_673ce517bbc5c467,199.0,06xze,Walter Benítez,Walter Benítez,Crystal Palace,CRY,G,True,a,,CRY,G,Confirmed,Exact Name + Club,95.0,Official FPL API,2026-07-30T01:09:03.040438+00:00,06xze,Player Registry,Exact Name + Club,CRY,Confirmed,False,,CRY,G,38.0,0.0,0.0,0.0,0.0,0.0,0.0,0.0,0.0,0.0,0.0,0.0,,0.0,0.0,0.0,0.0,0.0,,,0.0,0.0,True,True,matched by historical Fantrax ID,normalized Fantrax ID,1.0,,,,,,,18.2,57.9,33.9,40.0,40.32,42.81,0.0,Unknown / New Arrival,25.0,False,13.7,22.8,0.0,0.0,19.2,7.1,10.15,46.2,508.0,Deep,,ADP unavailable,,,Free Agent,,,,,,True,0,,,,,,,False,True,False,,,508.0,,G,,,0.0,0.0,,,,,0.0,0.0,0.0,0.0,0.0,,0.0,33.9,40.32,38.0,,,0.0,,,0.0,,,,,,,,,,,,,,2026-08-14T20:59:07.776936+00:00,GK,canonical primary position,crystal_palace,soccerdata:sofascore:16363635,2026-08-22,2026-08-22T14:00:00+00:00,Premier League,league,scheduled,1.0,False,crystal_palace,Crystal Palace,everton,Everton,A,Away,,,51.6,48.4,Neutral,,,,,derived feature frame,False
06fso,2627,Wataru Endo,LIV,M,7.5,LIV,M,M,,520.0,,6.5,6.5,0.0,,2.0,-1.0,FA,@NEW Sun 10:30AM,wataru endo,False,True,Matched eligible,pr_54f511d8f8bd84de,374.0,06fso,Endo Wataru,Endo Wataru,Liverpool,LIV,M,True,d,Ankle injury - 75% chance of playing,LIV,M,Confirmed,Explicit Player Alias,92.0,Official FPL API,2026-07-30T01:09:03.040438+00:00,06fso,Player Registry,Explicit Player Alias,LIV,Confirmed,False,Wataru Endo,LIV,M,38.0,0.0,0.0,0.0,0.0,0.0,0.0,0.0619611144065856,0.1389048248529434,0.0,1.0,162.0,8808.0,0.0,0.0,0.0,0.0,0.0,,0.1115921884775161,0.0,0.0,True,True,matched by historical Fantrax ID,normalized Fantrax ID,1.0,,,,,,,83.8,61.5,74.8,46.4,49.71999999999999,50.39,0.0,Unknown / New Arrival,25.0,False,13.7,22.8,30.4,0.0,77.2,90.1,28.81,66.2,302.0,Deep,,ADP unavailable,,,Free Agent,,,,,,True,0,,,,,,,False,True,False,,,302.0,,M,,,0.0,0.0,,,,,0.0,0.0,0.0,0.0619611144065856,0.1389048248529434,0.1115921884775161,0.0,74.8,49.71999999999999,38.0,,,0.200865939259529,0.034422841336992,0.0771693471405241,0.0,,,,,,,,,,,,,,2026-08-14T20:59:07.776936+00:00,MID,canonical primary position,liverpool,soccerdata:sofascore:16363246,2026-08-23,2026-08-23T15:30:00+00:00,Premier League,league,scheduled,1.0,False,liverpool,Liverpool FC,newcastle_united,Newcastle United,A,Away,,,48.2,51.8,Neutral,,,,,derived feature frame,False
06zrq,2627,Wellity Lucky,LIV,D,0.0,,,,,,,,,,,,,,,,,,,,,,,,,,,,,,,,,,,,,,,,,,,,,,,,,,,,,,,,,,,,,,,,,,,,,,,,,,,,,,,,,,,,,,,,,,,,,,,,,,,,,,,Free Agent,,,,,,True,0,,,,,,,False,True,False,,,,,,,,,,,,,,,,,,,,,,,,,,,,,,,,,,,,,,,,,,,2026-08-14T20:59:07.776936+00:00,DEF,first valid Fantrax position,liverpool,soccerdata:sofascore:16363246,2026-08-23,2026-08-23T15:30:00+00:00,Premier League,league,scheduled,1.0,False,liverpool,Liverpool FC,newcastle_united,Newcastle United,A,Away,,,48.2,51.8,Neutral,,,,,derived feature frame,False
05opl,2627,Wesley Fofana,CHE,D,273.5,CHE,D,D,285.3,261.0,285.3,62.0,10.33,9.0,,12.0,-4.0,FA,@FUL Mon 2:00PM,wesley fofana,False,True,Matched eligible,pr_e348963d95814752,145.0,05opl,Wesley Fofana,Wesley Fofana,Chelsea,CHE,D,True,s,Suspended until 6 Sep,CHE,D,Confirmed,Exact Name + Club,95.0,Official FPL API,2026-07-30T01:09:03.040438+00:00,05opl,Player Registry,Exact Name + Club,CHE,Confirmed,False,Wesley Fofana,CHE,D,38.0,1087.0,12.0,160.0,139.0,0.0,1.0,0.5401721596717833,0.658527560532093,0.0,3.0,1745.0,7589.0,125.0,2.0,12.5,4.2105263157894735,6.95,13.247470101195953,0.0618240543371626,0.3157894736842105,0.3333333333333333,True,True,matched by historical Fantrax ID,normalized Fantrax ID,1.0,139.0,6.95,20.0,160.0,11.508739650413984,86.875,68.4,56.8,65.6,50.53333333333333,46.98,47.54,29.3,Rotation Risk,55.0,False,81.0,87.8,19.3,29.3,63.8,71.8,59.8,79.8,116.0,Tier 4,169.3,Strong value,,,Free Agent,,,,,,True,0,,,,,,,False,True,False,,,116.0,285.3,D,,,160.0,4.2105263157894735,13.247470101195953,139.0,6.95,11.508739650413984,1087.0,12.0,0.3157894736842105,0.5401721596717833,0.658527560532093,0.0618240543371626,29.3,65.6,46.98,38.0,13.333333333333334,11.583333333333334,1.1986997202038765,0.0278598821607223,0.0339641721764403,31.783625730994157,,,,,,,,,,,,,,2026-08-14T20:59:07.776936+00:00,DEF,canonical primary position,chelsea,soccerdata:sofascore:16363244,2026-08-24,2026-08-24T19:00:00+00:00,Premier League,league,scheduled,1.0,False,chelsea,Chelsea,fulham,Fulham,A,Away,,,50.9,49.1,Neutral,,,,,derived feature frame,False
064a0,2627,Wilfried Gnonto,LEE,F,25.0,LEE,M,F,,406.0,,27.0,9.0,0.0,,2.0,-1.0,FA,@NOT Sat 9:00AM,wilfried gnonto,False,True,Matched eligible,pr_4344aca4affbf1c5,341.0,064a0,Wilfried Gnonto,Wilfried Gnonto,Leeds,LEE,M,True,a,,LEE,F,Confirmed,Exact Name + Club,95.0,Official FPL API,2026-07-30T01:09:03.040438+00:00,064a0,Player Registry,Exact Name + Club,LEE,Confirmed,False,Wilfried Gnonto,LEE,F,38.0,190.0,3.0,8.5,8.5,0.0,0.0,0.4376505799591538,1.247125022113323,0.0,8.0,493.0,11155.0,0.0,0.0,0.0,0.2236842105263158,2.833,4.026315789473684,0.3075655257333122,0.0789473684210526,0.0,True,True,matched by historical Fantrax ID,normalized Fantrax ID,1.0,8.5,2.833,3.0,8.5,4.026315789473684,100.0,38.1,24.1,31.1,45.56666666666666,43.0,38.71,3.8,Bench / Unknown,55.0,False,32.4,55.0,64.8,3.8,30.4,42.0,35.7,79.8,271.0,Tier 6,,ADP unavailable,,,Free Agent,,,,,,True,0,,,,,,,False,True,False,,,271.0,,M,,,8.5,0.2236842105263158,4.026315789473684,8.5,2.833,4.026315789473684,190.0,3.0,0.0789473684210526,0.4376505799591538,1.247125022113323,0.3075655257333122,3.8,31.1,43.0,38.0,2.833333333333333,2.833333333333333,1.684775602072477,0.0798956434002512,0.227669882333061,5.555555555555555,,,,,,,,,,,,,,2026-08-14T20:59:07.776936+00:00,MID,canonical primary position,leeds_united,soccerdata:sofascore:16363238,2026-08-22,2026-08-22T14:00:00+00:00,Premier League,league,scheduled,1.0,False,leeds_united,Leeds United,nottingham_forest,Nottingham Forest,A,Away,,,49.5,50.5,Neutral,,,,,derived feature frame,False
04f6o,2627,Will Hughes,CRY,M,41.0,CRY,M,M,286.6,315.0,286.6,44.5,7.42,4.0,,1.0,-1.0,FA,@EVE Sat 9:00AM,will hughes,False,True,Matched eligible,pr_217d82a1e5b8b409,212.0,04f6o,Will Hughes,Will Hughes,Crystal Palace,CRY,M,True,a,,CRY,M,Confirmed,Exact Name + Club,95.0,Official FPL API,2026-07-30T01:09:03.040438+00:00,04f6o,Player Registry,Exact Name + Club,CRY,Confirmed,False,Will Hughes,CRY,M,38.0,0.0,0.0,0.0,0.0,0.0,0.0,1.281251393258571,1.9265618100762365,0.0,21.0,1567.0,6104.0,0.0,0.0,0.0,0.0,0.0,,0.1842394309509462,0.0,0.0,True,True,matched by historical Fantrax ID,normalized Fantrax ID,1.0,,,,,,,18.2,57.9,33.9,40.0,40.32,42.81,0.0,Unknown / New Arrival,25.0,False,13.7,22.8,48.1,0.0,19.2,7.1,17.38,66.2,404.0,Deep,-117.39999999999998,Major reach,,,Free Agent,,,,,,True,0,,,,,,,False,True,False,,,404.0,286.6,M,,,0.0,0.0,,,,,0.0,0.0,0.0,1.281251393258571,1.9265618100762365,0.1842394309509462,0.0,33.9,40.32,38.0,,,3.2078132033348075,0.0735881463900902,0.1106512845608559,0.0,,,,,,,,,,,,,,2026-08-14T20:59:07.776936+00:00,MID,canonical primary position,crystal_palace,soccerdata:sofascore:16363635,2026-08-22,2026-08-22T14:00:00+00:00,Premier League,league,scheduled,1.0,False,crystal_palace,Crystal Palace,everton,Everton,A,Away,,,51.6,48.4,Neutral,,,,,derived feature frame,False
06zrt,2627,Will Wright,LIV,F,0.0,LIV,F,F,,680.0,,0.0,0.0,0.0,,1.0,-1.0,FA,@NEW Sun 10:30AM,will wright,True,False,Inactive / historical only,pr_20b6fb49bb4c3655,,06zrt,Will Wright,,LIV,LIV,F,False,unverified,,LIV,F,Historical Only,Unresolved,0.0,Fantrax / historical,,06zrt,Player Registry,Unresolved,LIV,Historical Only,False,,LIV,F,38.0,0.0,0.0,0.0,0.0,0.0,0.0,0.0,0.0,0.0,0.0,0.0,,0.0,0.0,0.0,0.0,0.0,,,0.0,0.0,True,True,matched by historical Fantrax ID,normalized Fantrax ID,1.0,,,,,,,83.8,61.5,74.8,46.4,49.71999999999999,50.39,0.0,Unknown / New Arrival,25.0,False,13.7,22.8,0.0,0.0,77.2,90.1,24.24,46.2,,,,Not draft eligible,,,Free Agent,,,,,,True,0,,,,,,,False,True,False,,,,,F,,,0.0,0.0,,,,,0.0,0.0,0.0,0.0,0.0,,0.0,74.8,49.71999999999999,38.0,,,0.0,,,0.0,,,,,,,,,,,,,,2026-08-14T20:59:07.776936+00:00,FWD,canonical primary position,liverpool,soccerdata:sofascore:16363246,2026-08-23,2026-08-23T15:30:00+00:00,Premier League,league,scheduled,1.0,False,liverpool,Liverpool FC,newcastle_united,Newcastle United,A,Away,,,48.2,51.8,Neutral,,,,,derived feature frame,False
05t6x,2627,William Osula,NEW,F,165.5,NEW,F,F,116.7,212.0,116.7,165.5,6.37,100.0,,88.0,-4.0,FA,LIV Sun 10:30AM,william osula,False,True,Matched eligible,pr_3027067dcd49893e,465.0,05t6x,William Osula,William Osula,Newcastle,NEW,F,True,a,,NEW,F,Confirmed,Exact Name + Club,95.0,Official FPL API,2026-07-30T01:09:03.040438+00:00,05t6x,Player Registry,Exact Name + Club,NEW,Confirmed,False,William Osula,NEW,F,38.0,65.0,1.0,2.0,2.0,0.0,0.0,4.915395822376013,0.4466546475887296,0.0,6.0,777.0,9556.0,65.0,1.0,2.0,0.0526315789473684,2.0,2.769230769230769,0.6210869270229432,0.0263157894736842,0.1666666666666666,True,True,matched by historical Fantrax ID,normalized Fantrax ID,1.0,2.0,2.0,1.0,2.0,2.769230769230769,100.0,62.2,27.4,49.3,42.16666666666666,42.86,46.68,6.6,Bench / Unknown,55.0,False,28.6,49.9,89.9,6.6,53.2,36.6,39.86,79.8,248.0,Tier 6,-131.3,Major reach,pr_3027067dcd49893e,William Osula,Rostered,acjx0vg4mrp1z5vo,yudesh,yudesh,RESERVE,RESERVE,False,0,,,yudesh,acjx0vg4mrp1z5vo,14.0,162.0,True,False,True,14.0,162.0,248.0,116.7,F,,,2.0,0.0526315789473684,2.769230769230769,2.0,2.0,2.769230769230769,65.0,1.0,0.0263157894736842,4.915395822376013,0.4466546475887296,0.6210869270229432,6.6,49.3,42.86,38.0,2.0,2.0,5.362050469964743,0.5693508674566811,0.0517360595662621,1.9005847953216373,,,,,,,,,,,,,,2026-08-14T20:59:07.776936+00:00,FWD,canonical primary position,newcastle_united,soccerdata:sofascore:16363246,2026-08-23,2026-08-23T15:30:00+00:00,Premier League,league,scheduled,1.0,False,newcastle_united,Newcastle United,liverpool,Liverpool FC,H,Home,,,31.6,68.4,Very difficult,,,,,derived feature frame,False
0558w,2627,William Saliba,ARS,D,223.5,ARS,D,D,223.5,144.0,223.5,223.5,6.77,48.0,,55.0,-1.0,FA,COV Fri 2:00PM,william saliba,False,True,Matched eligible,pr_57ea6d12eca7fc8a,6.0,0558w,William Saliba,William Saliba,Arsenal,ARS,D,True,i,Back injury - Unknown return date,ARS,D,Confirmed,Exact Name + Club,95.0,Official FPL API,2026-07-30T01:09:03.040438+00:00,0558w,Player Registry,Exact Name + Club,ARS,Confirmed,False,William Saliba,ARS,D,38.0,2614.0,30.0,296.0,210.0,1.0,0.0,1.5777585953474045,1.306027840822935,0.0,10.0,2609.0,6888.0,450.0,5.0,57.0,7.7894736842105265,5.526,10.191277735271614,0.0994790261614912,0.7894736842105263,0.8333333333333334,True,True,matched by historical Fantrax ID,normalized Fantrax ID,1.0,210.0,5.526,38.0,296.0,7.230298393267024,70.94594594594594,86.2,100.0,90.6,40.0,43.64,45.32000000000001,79.7,Likely Starter,90.0,False,76.5,75.0,27.5,79.7,84.0,52.3,67.89,95.5,63.0,Tier 3,160.5,Strong value,pr_57ea6d12eca7fc8a,William Saliba,Rostered,h1vdt8ynmrp1z5vp,Pot Splashers,Pot Splashers,INJURED_RESERVE,INJURED_RESERVE,False,0,,,Pot Splashers,h1vdt8ynmrp1z5vp,11.0,121.0,True,False,True,11.0,121.0,63.0,223.5,D,,,296.0,7.7894736842105265,10.191277735271614,210.0,5.526,7.230298393267024,2614.0,30.0,0.7894736842105263,1.5777585953474045,1.306027840822935,0.0994790261614912,79.7,90.6,43.64,38.0,9.866666666666667,7.0,2.88378643617034,0.0544263218019418,0.0450527043595493,76.4327485380117,,,,,,,,,,,,,,2026-08-14T20:59:07.776936+00:00,DEF,canonical primary position,arsenal,soccerdata:sofascore:16363633,2026-08-21,2026-08-21T19:00:00+00:00,Premier League,league,scheduled,1.0,False,arsenal,Arsenal,coventry_city,Coventry City,H,Home,,,55.2,44.8,Favorable,,,,,derived feature frame,False
04qr0,2627,Willy Boly,NOT,D,0.0,,,,,,,,,,,,,,,,,,,,,,,,,,,,,,,,,,,,,,,,,,,,,,,,,,,,,,,,,,,,,,,,,,,,,,,,,,,,,,,,,,,,,,,,,,,,,,,,,,,,,,,Free Agent,,,,,,True,0,,,,,,,False,True,False,,,,,,,,,,,,,,,,,,,,,,,,,,,,,,,,,,,,,,,,,,,2026-08-14T20:59:07.776936+00:00,DEF,first valid Fantrax position,,,,,,,,,,,,,,,,,,,,,,,,,derived feature frame,False
06v0t,2627,Wilson Isidor,SUN,F,25.0,SUN,F,F,287.4,416.0,287.4,25.0,5.0,4.0,,6.0,-1.0,FA,@IPS Sat 9:00AM,wilson isidor,False,True,Matched eligible,pr_c8af411415f16716,553.0,06v0t,Wilson Isidor,Wilson Isidor,Sunderland,SUN,F,True,a,,SUN,F,Confirmed,Exact Name + Club,95.0,Official FPL API,2026-07-30T01:09:03.040438+00:00,06v0t,Player Registry,Exact Name + Club,SUN,Confirmed,False,Wilson Isidor,SUN,F,38.0,522.0,7.0,18.5,18.5,0.0,0.0,5.619414385408162,0.0,0.0,0.0,1142.0,7148.0,0.0,0.0,0.0,0.4868421052631579,1.85,3.189655172413793,0.4428610286223596,0.1842105263157894,0.0,True,True,matched by historical Fantrax ID,normalized Fantrax ID,1.0,18.5,1.85,10.0,18.5,3.189655172413793,100.0,7.9,49.1,27.1,43.6,42.0,37.67,9.8,Bench / Unknown,55.0,False,33.3,49.2,80.7,9.8,3.8,23.7,34.18,79.8,280.0,Tier 6,7.399999999999977,Near market,,,Free Agent,,,,,,True,0,,,,,,,False,True,False,,,280.0,287.4,F,,,18.5,0.4868421052631579,3.189655172413793,18.5,1.85,3.189655172413793,522.0,7.0,0.1842105263157894,5.619414385408162,0.0,0.4428610286223596,9.8,27.1,42.0,38.0,2.642857142857143,2.642857142857143,5.619414385408162,0.4428610286223595,0.0,15.263157894736842,,,,,,,,,,,,,,2026-08-14T20:59:07.776936+00:00,FWD,canonical primary position,sunderland,soccerdata:sofascore:16363636,2026-08-22,2026-08-22T14:00:00+00:00,Premier League,league,scheduled,1.0,False,sunderland,Sunderland,ipswich_town,Ipswich Town,A,Away,,,44.4,55.6,Difficult,,,,,derived feature frame,False
06fhy,2627,Wilson Odobert,TOT,"M,F",37.0,TOT,M,"M,F",,353.0,,37.0,9.25,0.0,,3.0,-1.0,FA,@BRF Sat 11:30AM,wilson odobert,False,True,Matched eligible,pr_9c271413aeaf6ee4,517.0,06fhy,Wilson Odobert,Wilson Odobert,Spurs,TOT,M,True,i,Knee injury - Unknown return date,TOT,"M,F",Confirmed,Exact Name + Club,95.0,Official FPL API,2026-07-30T01:09:03.040438+00:00,06fhy,Player Registry,Exact Name + Club,TOT,Confirmed,False,Wilson Odobert,TOT,"M,F",38.0,264.0,4.0,42.0,36.0,0.0,1.0,2.460178238339722,1.9524234533309928,0.0,20.0,946.0,10822.0,0.0,0.0,0.0,1.105263157894737,7.2,14.318181818181818,0.4198035436050364,0.1052631578947368,0.0,True,True,matched by historical Fantrax ID,normalized Fantrax ID,1.0,36.0,7.2,5.0,42.0,12.272727272727272,85.71428571428571,30.7,33.2,33.3,51.5,51.620000000000005,49.47,5.2,Bench / Unknown,55.0,False,73.3,90.0,77.0,5.2,28.3,96.5,60.57,79.8,108.0,Tier 4,,ADP unavailable,,,Free Agent,,,,,,True,0,,,,,,,False,True,False,,,108.0,,M,,,42.0,1.105263157894737,14.318181818181818,36.0,7.2,12.272727272727272,264.0,4.0,0.1052631578947368,2.460178238339722,1.9524234533309928,0.4198035436050364,5.2,33.3,51.620000000000005,38.0,10.5,9.0,4.412601691670715,0.2340550121042019,0.1857485315008344,7.719298245614035,,,,,,,,,,,,,,2026-08-14T20:59:07.776936+00:00,MID,canonical primary position,tottenham_hotspur,soccerdata:sofascore:16363242,2026-08-22,2026-08-22T16:30:00+00:00,Premier League,league,scheduled,1.0,False,tottenham_hotspur,Tottenham Hotspur,brentford,Brentford,A,Away,,,55.1,44.9,Favorable,,,,,derived feature frame,False
070fa,2627,Xavi Simons,TOT,"M,F",67.0,TOT,M,"M,F",277.9,252.0,277.9,66.0,11.0,9.0,,11.0,-2.0,FA,@BRF Sat 11:30AM,xavi simons,False,True,Matched eligible,pr_57543e845a8f6224,513.0,070fa,Xavi Simons,Xavi Simons,Spurs,TOT,M,True,i,Knee injury - Unknown return date,TOT,"M,F",Confirmed,Exact Name + Club,95.0,Official FPL API,2026-07-30T01:09:03.040438+00:00,070fa,Player Registry,Exact Name + Club,TOT,Confirmed,False,Xavi Simons,TOT,"M,F",38.0,1535.0,17.0,149.5,129.5,0.0,3.0,2.716290816664695,4.650560335256158,0.0,34.0,1768.0,8700.0,62.0,1.0,5.0,3.934210526315789,4.796,8.765472312703583,0.3750093912176905,0.4473684210526316,0.1666666666666666,True,True,matched by historical Fantrax ID,normalized Fantrax ID,1.0,129.5,4.796,27.0,149.5,7.592833876221499,86.62207357859532,30.7,33.2,33.3,51.5,51.620000000000005,49.47,32.0,Rotation Risk,75.0,False,58.8,68.5,71.4,32.0,28.3,96.5,57.49,88.8,137.0,Tier 5,140.89999999999998,Strong value,,,Free Agent,,,,,,True,0,,,,,,,False,True,False,,,137.0,277.9,M,,,149.5,3.934210526315789,8.765472312703583,129.5,4.796,7.592833876221499,1535.0,17.0,0.4473684210526316,2.716290816664695,4.650560335256158,0.3750093912176905,32.0,33.3,51.620000000000005,38.0,8.794117647058824,7.617647058823529,7.366851151920853,0.1382727225677729,0.2367366686499175,44.88304093567251,,,,,,,,,,,,,,2026-08-14T20:59:07.776936+00:00,MID,canonical primary position,tottenham_hotspur,soccerdata:sofascore:16363242,2026-08-22,2026-08-22T16:30:00+00:00,Premier League,league,scheduled,1.0,False,tottenham_hotspur,Tottenham Hotspur,brentford,Brentford,A,Away,,,55.1,44.9,Favorable,,,,,derived feature frame,False
06c6g,2627,Yankuba Minteh,BHA,"M,F",75.0,BHA,M,"M,F",37.2,239.0,37.2,77.5,11.07,100.0,,94.0,0.0,FA,AVL Sun 8:00AM,yankuba minteh,False,True,Matched eligible,pr_10d36a74d20364a2,122.0,06c6g,Yankuba Minteh,Yankuba Minteh,Brighton,BHA,M,True,a,,BHA,"M,F",Confirmed,Exact Name + Club,95.0,Official FPL API,2026-07-30T01:09:03.040438+00:00,06c6g,Player Registry,Exact Name + Club,BHA,Confirmed,False,Yankuba Minteh,BHA,"M,F",38.0,2378.0,26.0,348.5,269.5,3.0,8.0,4.752463513985275,5.841520894318818,0.0,44.0,2410.0,12759.0,479.0,5.0,54.0,9.171052631578949,7.092,13.189655172413792,0.3956259737540947,0.6842105263157895,0.8333333333333334,True,True,matched by historical Fantrax ID,normalized Fantrax ID,1.0,269.5,7.092,38.0,348.5,10.199747687132044,77.33142037302726,,,,,,,76.4,Likely Starter,90.0,False,92.6,89.2,74.9,76.4,0.0,0.0,67.67,85.5,68.0,Tier 3,-30.8,Major reach,pr_10d36a74d20364a2,Yankuba Minteh,Rostered,hpsurdtbmrp1z5vo,Count Doku,Count Doku,ACTIVE,ACTIVE,False,0,,,Count Doku,hpsurdtbmrp1z5vo,5.0,52.0,True,False,True,5.0,52.0,68.0,37.2,M,,,348.5,9.171052631578949,13.189655172413792,269.5,7.092,10.199747687132044,2378.0,26.0,0.6842105263157895,4.752463513985275,5.841520894318818,0.3956259737540947,76.4,,,38.0,13.403846153846152,10.365384615384617,10.593984408304092,0.1774778905637654,0.2181480831903293,69.53216374269006,,,,,,,,,,,,,,2026-08-14T20:59:07.776936+00:00,MID,canonical primary position,brighton_hove_albion,soccerdata:sofascore:16363236,2026-08-23,2026-08-23T13:00:00+00:00,Premier League,league,scheduled,1.0,False,brighton_hove_albion,Brighton & Hove Albion,aston_villa,Aston Villa,H,Home,,,39.0,61.0,Difficult,,,,,derived feature frame,False
068yc,2627,Yasin Ayari,BHA,M,231.0,BHA,M,M,163.2,141.0,163.2,225.5,7.78,96.0,,48.0,-3.0,FA,AVL Sun 8:00AM,yasin ayari,False,True,Matched eligible,pr_b4e644ab2a84ced7,129.0,068yc,Yasin Ayari,Yasin Ayari,Brighton,BHA,M,True,a,,BHA,M,Confirmed,Exact Name + Club,95.0,Official FPL API,2026-07-30T01:09:03.040438+00:00,068yc,Player Registry,Exact Name + Club,BHA,Confirmed,False,Yasin Ayari,BHA,M,38.0,1057.0,12.0,101.5,71.5,1.0,3.0,2.117944166064261,1.4007999636232846,0.0,15.0,1918.0,11385.0,89.0,1.0,2.5,2.671052631578948,3.575,8.642384105960266,0.1651131239165167,0.3157894736842105,0.1666666666666666,True,True,matched by historical Fantrax ID,normalized Fantrax ID,1.0,71.5,3.575,20.0,101.5,6.0879848628193,70.44334975369459,,,,,,,25.3,Rotation Risk,55.0,False,54.7,61.0,43.4,25.3,0.0,0.0,37.13,69.8,263.0,Tier 6,-99.8,Major reach,pr_b4e644ab2a84ced7,Yasin Ayari,Rostered,w2mnqywumrp1z5vp,tpem,tpem,RESERVE,RESERVE,False,0,,,tpem,w2mnqywumrp1z5vp,12.0,143.0,True,False,True,12.0,143.0,263.0,163.2,M,,,101.5,2.671052631578948,8.642384105960266,71.5,3.575,6.0879848628193,1057.0,12.0,0.3157894736842105,2.117944166064261,1.4007999636232846,0.1651131239165167,25.3,,,38.0,8.458333333333334,5.958333333333333,3.518744129687546,0.0993821558632865,0.0657309680532302,30.90643274853801,,,,,,,,,,,,,,2026-08-14T20:59:07.776936+00:00,MID,canonical primary position,brighton_hove_albion,soccerdata:sofascore:16363236,2026-08-23,2026-08-23T13:00:00+00:00,Premier League,league,scheduled,1.0,False,brighton_hove_albion,Brighton & Hove Albion,aston_villa,Aston Villa,H,Home,,,39.0,61.0,Difficult,,,,,derived feature frame,False
070f9,2627,Yeremy Pino,CRY,"M,F",291.0,CRY,M,"M,F",93.6,64.0,93.6,281.0,9.37,100.0,,89.0,-3.0,FA,@EVE Sat 9:00AM,yeremy pino,False,True,Matched eligible,pr_a8e4a64c8e7e0880,211.0,070f9,Yéremy Pino Santos,Yéremy Pino Santos,Crystal Palace,CRY,M,True,a,,CRY,"M,F",Confirmed,Ordered Token Expanded Name,85.0,Official FPL API,2026-07-30T01:09:03.040438+00:00,070f9,Player Registry,Ordered Token Expanded Name,CRY,Confirmed,False,Yeremy Pino,CRY,"M,F",38.0,1944.0,25.0,203.0,168.0,2.0,2.0,4.372978935018181,8.502093791030347,0.0,48.0,2134.0,9024.0,283.0,4.0,29.5,5.342105263157895,5.091,9.398148148148149,0.5429974439289446,0.6578947368421053,0.6666666666666666,True,True,matched by historical Fantrax ID,normalized Fantrax ID,1.0,168.0,5.091,33.0,203.0,7.777777777777778,82.75862068965517,18.2,57.9,33.9,40.0,40.32,42.81,58.3,Likely Rotation,75.0,False,66.7,71.0,85.7,58.3,19.2,7.1,57.8,88.8,133.0,Tier 5,-39.400000000000006,Major reach,pr_a8e4a64c8e7e0880,Yéremy Pino Santos,Rostered,2dxfjlk0mrp1z5vo,nhauptma,nhauptma,ACTIVE,ACTIVE,False,0,,,nhauptma,2dxfjlk0mrp1z5vo,10.0,113.0,True,False,True,10.0,113.0,133.0,93.6,M,,,203.0,5.342105263157895,9.398148148148149,168.0,5.091,7.777777777777778,1944.0,25.0,0.6578947368421053,4.372978935018181,8.502093791030347,0.5429974439289446,58.3,33.9,40.32,38.0,8.12,6.72,12.87507272604853,0.1844274152538127,0.3585700286751318,56.84210526315789,,,,,,,,,,,,,,2026-08-14T20:59:07.776936+00:00,MID,canonical primary position,crystal_palace,soccerdata:sofascore:16363635,2026-08-22,2026-08-22T14:00:00+00:00,Premier League,league,scheduled,1.0,False,crystal_palace,Crystal Palace,everton,Everton,A,Away,,,51.6,48.4,Neutral,,,,,derived feature frame,False
05uor,2627,Yoane Wissa,NEW,F,31.5,NEW,F,F,134.0,388.0,134.0,31.5,5.25,100.0,,80.0,-7.0,FA,LIV Sun 10:30AM,yoane wissa,False,True,Matched eligible,pr_c4956b95bac62985,464.0,05uor,Yoane Wissa,Yoane Wissa,Newcastle,NEW,F,True,a,,BRF/NEW,F,Transferred,Exact Name + Club,95.0,Official FPL API,2026-07-30T01:09:03.040438+00:00,05uor,Player Registry,Exact Name + Club,NEW,Transferred,False,Yoane Wissa,BRF/NEW,F,38.0,413.0,4.0,27.5,18.5,1.0,0.0,3.238182602450251,0.1695390567183494,0.0,3.0,492.0,5786.0,0.0,0.0,0.0,0.7236842105263158,0.638,5.99273607748184,0.6233637181405977,0.1052631578947368,0.0,True,True,matched by historical Fantrax ID,normalized Fantrax ID,1.0,18.5,0.638,29.0,27.5,4.031476997578693,67.27272727272727,62.2,27.4,49.3,42.16666666666666,42.86,46.68,0.0,Bench / Unknown,40.0,True,37.9,46.3,90.2,0.0,53.2,36.6,40.84,73.0,236.0,Tier 6,-102.0,Major reach,pr_c4956b95bac62985,Yoane Wissa,Rostered,h2e8dn5dmrp1z5vp,Berkshire’s Club,Berkshire’s Club,ACTIVE,ACTIVE,False,0,,,,,,,False,False,False,,,236.0,134.0,F,,,27.5,0.7236842105263158,5.99273607748184,18.5,0.638,4.031476997578693,413.0,4.0,0.1052631578947368,3.238182602450251,0.1695390567183494,0.6233637181405977,0.0,49.3,42.86,38.0,6.875,4.625,3.4077216591686006,0.5923504760579728,0.0310132420826248,12.076023391812866,,,,,,,,,,,,,,2026-08-14T20:59:07.776936+00:00,FWD,canonical primary position,newcastle_united,soccerdata:sofascore:16363246,2026-08-23,2026-08-23T15:30:00+00:00,Premier League,league,scheduled,1.0,False,newcastle_united,Newcastle United,liverpool,Liverpool FC,H,Home,,,31.6,68.4,Very difficult,,,,,derived feature frame,False
04yo7,2627,Youri Tielemans,MUN,M,321.5,MUN,M,M,56.5,31.0,56.5,320.5,10.34,100.0,,99.0,0.0,FA,@HUL Sat 6:30AM,youri tielemans,False,True,Matched eligible,pr_749464ce11d88f9b,43.0,04yo7,Youri Tielemans,Youri Tielemans,Man Utd,MUN,M,True,d,Hamstring injury - 75% chance of playing,AVL,M,Transferred,Exact Name + Club,95.0,Official FPL API,2026-07-30T01:09:03.040438+00:00,04yo7,Player Registry,Exact Name + Club,MUN,Transferred,False,Youri Tielemans,AVL,M,38.0,1813.0,21.0,195.5,173.5,0.0,3.0,1.8399642640724767,2.9822675781324497,0.0,32.0,1861.0,5956.0,448.0,5.0,40.0,5.144736842105263,7.229,9.704908990623275,0.2332084179465037,0.5526315789473685,0.8333333333333334,True,True,matched by historical Fantrax ID,normalized Fantrax ID,1.0,173.5,7.229,24.0,195.5,8.612796469939326,88.7468030690537,90.6,59.4,72.4,44.06666666666666,49.54,46.89,57.5,Likely Rotation,60.0,True,67.7,90.2,56.3,57.5,83.8,84.0,70.56,82.0,50.0,Tier 3,6.5,Near market,pr_749464ce11d88f9b,Youri Tielemans,Rostered,h2e8dn5dmrp1z5vp,Berkshire’s Club,Berkshire’s Club,ACTIVE,ACTIVE,False,0,,,Berkshire's Club,h2e8dn5dmrp1z5vp,6.0,67.0,True,False,True,6.0,67.0,50.0,56.5,M,,,195.5,5.144736842105263,9.704908990623275,173.5,7.229,8.612796469939326,1813.0,21.0,0.5526315789473685,1.8399642640724767,2.9822675781324497,0.2332084179465037,57.5,72.4,49.54,38.0,9.30952380952381,8.261904761904763,4.822231842204927,0.08898268875149,0.1442257291950137,53.01169590643274,,,,,,,,,,,,,,2026-08-14T20:59:07.776936+00:00,MID,canonical primary position,manchester_united,soccerdata:sofascore:16363634,2026-08-22,2026-08-22T11:30:00+00:00,Premier League,league,scheduled,1.0,False,manchester_united,Manchester United,hull_city,Hull City,A,Away,,,49.1,50.9,Neutral,,,,,derived feature frame,False
076ds,2627,Yu Hirakawa,HUL,"M,F",0.0,,,,,,,,,,,,,,,,,,,,,,,,,,,,,,,,,,,,,,,,,,,,,,,,,,,,,,,,,,,,,,,,,,,,,,,,,,,,,,,,,,,,,,,,,,,,,,,,,,,,,,,Free Agent,,,,,,True,0,,,,,,,False,True,False,,,,,,,,,,,,,,,,,,,,,,,,,,,,,,,,,,,,,,,,,,,2026-08-14T20:59:07.776936+00:00,MID,first valid Fantrax position,hull_city,soccerdata:sofascore:16363634,2026-08-22,2026-08-22T11:30:00+00:00,Premier League,league,scheduled,1.0,False,hull_city,Hull City,manchester_united,Manchester United,H,Home,,,32.0,68.0,Very difficult,,,,,derived feature frame,False
04sft,2627,Yves Bissouma,TOT,M,15.0,,,,,,,,,,,,,,,,,,,,,,,,,,,,,,,,,,,,,,,,,,,,,,,,,,,,,,,,,,,,,,,,,,,,,,,,,,,,,,,,,,,,,,,,,,,,,,,,,,,,,,,Free Agent,,,,,,True,0,,,,,,,False,True,False,,,,,,,,,,,,,,,,,,,,,,,,,,,,,,,,,,,,,,,,,,,2026-08-14T20:59:07.776936+00:00,MID,first valid Fantrax position,tottenham_hotspur,soccerdata:sofascore:16363242,2026-08-22,2026-08-22T16:30:00+00:00,Premier League,league,scheduled,1.0,False,tottenham_hotspur,Tottenham Hotspur,brentford,Brentford,A,Away,,,55.1,44.9,Favorable,,,,,derived feature frame,False
06442,2627,Zach Abbott,NOT,D,4.0,NOT,D,D,,530.0,,4.0,4.0,0.0,,2.0,-1.0,FA,LEE Sat 9:00AM,zach abbott,False,True,Matched eligible,pr_c5ff76f975f904f0,477.0,06442,Zach Abbott,Zach Abbott,Nott'm Forest,NOT,D,True,a,,NOT,D,Confirmed,Exact Name + Club,95.0,Official FPL API,2026-07-30T01:09:03.040438+00:00,06442,Player Registry,Exact Name + Club,NOT,Confirmed,False,Zach Abbott,NOT,D,38.0,0.0,0.0,0.0,0.0,0.0,0.0,0.0,0.0,0.0,0.0,166.0,13306.0,0.0,0.0,0.0,0.0,0.0,,0.0,0.0,0.0,True,True,matched by historical Fantrax ID,normalized Fantrax ID,1.0,,,,,,,39.9,34.4,37.8,48.333333333333336,45.36,43.16,0.0,Unknown / New Arrival,25.0,False,13.7,22.8,3.8,0.0,43.2,66.2,19.04,66.2,390.0,Deep,,ADP unavailable,,,Free Agent,,,,,,True,0,,,,,,,False,True,False,,,390.0,,D,,,0.0,0.0,,,,,0.0,0.0,0.0,0.0,0.0,0.0,0.0,37.8,45.36,38.0,,,0.0,0.0,0.0,0.0,,,,,,,,,,,,,,2026-08-14T20:59:07.776936+00:00,DEF,canonical primary position,,,,,,,,,,,,,,,,,,,,,,,,,derived feature frame,False
06do1,2627,Zach Marsh,CRY,F,0.0,,,,,,,,,,,,,,,,,,,,,,,,,,,,,,,,,,,,,,,,,,,,,,,,,,,,,,,,,,,,,,,,,,,,,,,,,,,,,,,,,,,,,,,,,,,,,,,,,,,,,,,Free Agent,,,,,,True,0,,,,,,,False,True,False,,,,,,,,,,,,,,,,,,,,,,,,,,,,,,,,,,,,,,,,,,,2026-08-14T20:59:07.776936+00:00,FWD,first valid Fantrax position,crystal_palace,soccerdata:sofascore:16363635,2026-08-22,2026-08-22T14:00:00+00:00,Premier League,league,scheduled,1.0,False,crystal_palace,Crystal Palace,everton,Everton,A,Away,,,51.6,48.4,Neutral,,,,,derived feature frame,False
076ke,2627,Zadok Yohanna,BHA,F,0.0,BHA,M,F,,681.0,,0.0,0.0,0.0,,2.0,0.0,FA,AVL Sun 8:00AM,zadok yohanna,False,True,Matched eligible,pr_3a04345ebb0c439c,135.0,076ke,Zadok Yohanna,Zadok Yohanna,Brighton,BHA,M,True,a,,,,New EPL Arrival,Exact Name + Club,95.0,Official FPL API,2026-07-30T01:09:03.040438+00:00,076ke,Player Registry,Exact Name + Club,BHA,New EPL Arrival,False,,,,,,,,,,,,,,,,,,,,,,,,,,False,False,no 2025/26 record for bridged ID,none,0.0,,,,,,,,,,,,,0.0,Unknown / New Arrival,25.0,False,0.0,0.0,0.0,0.0,0.0,0.0,0.0,11.2,633.0,Deep,,ADP unavailable,,,Free Agent,,,,,,True,0,,,,,,,False,True,False,,,633.0,,M,,,,,,,,,,,,,,,0.0,,,,,,,,,,,,,,,,,,,,,,,2026-08-14T20:59:07.776936+00:00,MID,canonical primary position,brighton_hove_albion,soccerdata:sofascore:16363236,2026-08-23,2026-08-23T13:00:00+00:00,Premier League,league,scheduled,1.0,False,brighton_hove_albion,Brighton & Hove Albion,aston_villa,Aston Villa,H,Home,,,39.0,61.0,Difficult,,,,,derived feature frame,False
072c1,2627,Zyan Blake,NOT,F,0.0,,,,,,,,,,,,,,,,,,,,,,,,,,,,,,,,,,,,,,,,,,,,,,,,,,,,,,,,,,,,,,,,,,,,,,,,,,,,,,,,,,,,,,,,,,,,,,,,,,,,,,,Free Agent,,,,,,True,0,,,,,,,False,True,False,,,,,,,,,,,,,,,,,,,,,,,,,,,,,,,,,,,,,,,,,,,2026-08-14T20:59:07.776936+00:00,FWD,first valid Fantrax position,,,,,,,,,,,,,,,,,,,,,,,,,derived feature frame,False
078j4,2627,,,,,,,,,,,,,,,,,,,,,,,,,,,,,,,,,,,,,,,,,,,,,,,,,,,,,,,,,,,,,,,,,,,,,,,,,,,,,,,,,,,,,,,,,,,,,,,,,,,,,,,,,,,Unresolved,acjx0vg4mrp1z5vo,yudesh,yudesh,ACTIVE,ACTIVE,False,0,,,,,,,False,False,False,,,,,,,,,,,,,,,,,,,,,,,,,,,,,,,,,,,,,,,,,,,2026-08-14T20:59:07.776936+00:00,,unresolved,,,,,,,,,,,,,,,,,,,,,,,,,derived feature frame,False
078i7,2627,,,,,,,,,,,,,,,,,,,,,,,,,,,,,,,,,,,,,,,,,,,,,,,,,,,,,,,,,,,,,,,,,,,,,,,,,,,,,,,,,,,,,,,,,,,,,,,,,,,,,,,,,,,Unresolved,aup99ojzmrp1z5vp,The Facerockers,The Facerockers,ACTIVE,ACTIVE,False,0,,,,,,,False,False,False,,,,,,,,,,,,,,,,,,,,,,,,,,,,,,,,,,,,,,,,,,,2026-08-14T20:59:07.776936+00:00,,unresolved,,,,,,,,,,,,,,,,,,,,,,,,,derived feature frame,False
0784y,2627,,LEE,D,,LEE,D,D,131.8,26.0,131.8,335.5,10.17,100.0,,21.0,21.0,W <small>(Tue)</small>,@NOT Sat 9:00AM,tarik muharemovic,False,True,Unresolved: no current FPL identity,,,,,,,,,,,,,,,,,,,0784y,Player Registry,Unresolved,LEE,Unresolved,False,,,,,,,,,,,,,,,,,,,,,,,,,,False,False,no 2025/26 record for bridged ID,none,0.0,,,,,,,38.1,24.1,31.1,45.56666666666666,43.0,38.71,0.0,Unknown / New Arrival,25.0,False,0.0,0.0,0.0,0.0,30.4,42.0,7.25,21.2,532.0,Deep,-400.2,Major reach,,,Unresolved,cjn4stydmrp1z5vp,Robertske,Robertske,ACTIVE,ACTIVE,False,0,,,Robertske,cjn4stydmrp1z5vp,6.0,70.0,True,False,True,6.0,70.0,532.0,131.8,D,,,,,,,,,,,,,,,0.0,31.1,43.0,,,,,,,,,,,,,,,,,,,,,2026-08-14T20:59:07.776936+00:00,DEF,canonical primary position,leeds_united,soccerdata:sofascore:16363238,2026-08-22,2026-08-22T14:00:00+00:00,Premier League,league,scheduled,1.0,False,leeds_united,Leeds United,nottingham_forest,Nottingham Forest,A,Away,,,49.5,50.5,Neutral,,,,,derived feature frame,False
0784o,2627,,CRY,D,,CRY,D,D,173.0,30.0,173.0,329.5,10.63,80.0,,14.0,14.0,W <small>(Tue)</small>,@EVE Sat 9:00AM,oscar mingueza,False,True,Unresolved: no current FPL identity,,,,,,,,,,,,,,,,,,,0784o,Player Registry,Unresolved,CRY,Unresolved,False,,,,,,,,,,,,,,,,,,,,,,,,,,False,False,no 2025/26 record for bridged ID,none,0.0,,,,,,,18.2,57.9,33.9,40.0,40.32,42.81,0.0,Unknown / New Arrival,25.0,False,0.0,0.0,0.0,0.0,19.2,7.1,2.63,21.2,574.0,Deep,-401.0,Major reach,,,Unresolved,cjn4stydmrp1z5vp,Robertske,Robertske,ACTIVE,ACTIVE,False,0,,,Robertske,cjn4stydmrp1z5vp,8.0,94.0,True,False,True,8.0,94.0,574.0,173.0,D,,,,,,,,,,,,,,,0.0,33.9,40.32,,,,,,,,,,,,,,,,,,,,,2026-08-14T20:59:07.776936+00:00,DEF,canonical primary position,crystal_palace,soccerdata:sofascore:16363635,2026-08-22,2026-08-22T14:00:00+00:00,Premier League,league,scheduled,1.0,False,crystal_palace,Crystal Palace,everton,Everton,A,Away,,,51.6,48.4,Neutral,,,,,derived feature frame,False
0784z,2627,,LIV,D,,LIV,D,D,163.0,45.0,163.0,299.0,9.34,100.0,,30.0,28.0,W <small>(Tue)</small>,@NEW Sun 10:30AM,jeremy jacquet,False,True,Unresolved: no current FPL identity,,,,,,,,,,,,,,,,,,,0784z,Player Registry,Unresolved,LIV,Unresolved,False,,,,,,,,,,,,,,,,,,,,,,,,,,False,False,no 2025/26 record for bridged ID,none,0.0,,,,,,,83.8,61.5,74.8,46.4,49.71999999999999,50.39,0.0,Unknown / New Arrival,25.0,False,0.0,0.0,0.0,0.0,77.2,90.1,16.72,21.2,421.0,Deep,-258.0,Major reach,,,Unresolved,cjn4stydmrp1z5vp,Robertske,Robertske,RESERVE,RESERVE,False,0,,,Robertske,cjn4stydmrp1z5vp,13.0,147.0,True,False,True,13.0,147.0,421.0,163.0,D,,,,,,,,,,,,,,,0.0,74.8,49.71999999999999,,,,,,,,,,,,,,,,,,,,,2026-08-14T20:59:07.776936+00:00,DEF,canonical primary position,liverpool,soccerdata:sofascore:16363246,2026-08-23,2026-08-23T15:30:00+00:00,Premier League,league,scheduled,1.0,False,liverpool,Liverpool FC,newcastle_united,Newcastle United,A,Away,,,48.2,51.8,Neutral,,,,,derived feature frame,False
03ybi,2627,,MUN,F,,MUN,F,F,146.4,283.0,146.4,52.5,10.5,100.0,,23.0,20.0,W <small>(Tue)</small>,@HUL Sat 6:30AM,marcus rashford,False,True,Unresolved: no current FPL identity,,,,,,,,,,,,,,,,,,,03ybi,Player Registry,Unresolved,MUN,Unresolved,False,,,,,,,,,,,,,,,,,,,,,,,,,,False,False,no 2025/26 record for bridged ID,none,0.0,,,,,,,90.6,59.4,72.4,44.06666666666666,49.54,46.89,0.0,Unknown / New Arrival,25.0,False,0.0,0.0,0.0,0.0,83.8,84.0,16.78,21.2,409.0,Deep,-262.6,Major reach,,,Unresolved,h1vdt8ynmrp1z5vp,Pot Splashers,Pot Splashers,ACTIVE,ACTIVE,False,0,,,Pot Splashers,h1vdt8ynmrp1z5vp,12.0,144.0,True,False,True,12.0,144.0,409.0,146.4,F,,,,,,,,,,,,,,,0.0,72.4,49.54,,,,,,,,,,,,,,,,,,,,,2026-08-14T20:59:07.776936+00:00,FWD,canonical primary position,manchester_united,soccerdata:sofascore:16363634,2026-08-22,2026-08-22T11:30:00+00:00,Premier League,league,scheduled,1.0,False,manchester_united,Manchester United,hull_city,Hull City,A,Away,,,49.1,50.9,Neutral,,,,,derived feature frame,False
07848,2627,,AVL,M,,AVL,M,M,77.6,126.0,77.6,239.5,7.98,100.0,,33.0,32.0,W <small>(Tue)</small>,@BHA Sun 8:00AM,johan manzambi,False,True,Unresolved: no current FPL identity,,,,,,,,,,,,,,,,,,,07848,Player Registry,Unresolved,AVL,Unresolved,False,,,,,,,,,,,,,,,,,,,,,,,,,,False,False,no 2025/26 record for bridged ID,none,0.0,,,,,,,57.9,54.1,59.0,40.96666666666667,44.9,48.31,0.0,Unknown / New Arrival,25.0,False,0.0,0.0,0.0,0.0,53.4,62.1,11.54,21.2,482.0,Deep,-404.4,Major reach,,,Unresolved,h2e8dn5dmrp1z5vp,Berkshire’s Club,Berkshire’s Club,INJURED_RESERVE,INJURED_RESERVE,False,0,,,Berkshire's Club,h2e8dn5dmrp1z5vp,10.0,115.0,True,False,True,10.0,115.0,482.0,77.6,M,,,,,,,,,,,,,,,0.0,59.0,44.9,,,,,,,,,,,,,,,,,,,,,2026-08-14T20:59:07.776936+00:00,MID,canonical primary position,aston_villa,soccerdata:sofascore:16363236,2026-08-23,2026-08-23T13:00:00+00:00,Premier League,league,scheduled,1.0,False,aston_villa,Aston Villa,brighton_hove_albion,Brighton & Hove Albion,A,Away,,,38.5,61.5,Difficult,,,,,derived feature frame,False
07877,2627,,BRF,M,,BRF,M,M,,649.0,,0.0,0.0,0.0,,1.0,,W <small>(Tue)</small>,TOT Sat 11:30AM,mamadou sangare,False,True,Unresolved: no current FPL identity,,,,,,,,,,,,,,,,,,,07877,Player Registry,Unresolved,BRF,Unresolved,False,,,,,,,,,,,,,,,,,,,,,,,,,,False,False,no 2025/26 record for bridged ID,none,0.0,,,,,,,29.4,35.6,32.6,45.36666666666667,47.48,44.42,0.0,Unknown / New Arrival,25.0,False,0.0,0.0,0.0,0.0,20.9,78.0,9.89,21.2,513.0,Deep,,ADP unavailable,,,Unresolved,h2e8dn5dmrp1z5vp,Berkshire’s Club,Berkshire’s Club,RESERVE,RESERVE,False,0,,,,,,,False,False,False,,,513.0,,M,,,,,,,,,,,,,,,0.0,32.6,47.48,,,,,,,,,,,,,,,,,,,,,2026-08-14T20:59:07.776936+00:00,MID,canonical primary position,brentford,soccerdata:sofascore:16363242,2026-08-22,2026-08-22T16:30:00+00:00,Premier League,league,scheduled,1.0,False,brentford,Brentford,tottenham_hotspur,Tottenham Hotspur,H,Home,,,51.6,48.4,Neutral,,,,,derived feature frame,False
07898,2627,,,,,,,,,,,,,,,,,,,,,,,,,,,,,,,,,,,,,,,,,,,,,,,,,,,,,,,,,,,,,,,,,,,,,,,,,,,,,,,,,,,,,,,,,,,,,,,,,,,,,,,,,,,Unresolved,h2e8dn5dmrp1z5vp,Berkshire’s Club,Berkshire’s Club,RESERVE,RESERVE,False,0,,,,,,,False,False,False,,,,,,,,,,,,,,,,,,,,,,,,,,,,,,,,,,,,,,,,,,,2026-08-14T20:59:07.776936+00:00,,unresolved,,,,,,,,,,,,,,,,,,,,,,,,,derived feature frame,False
0787y,2627,,BOU,D,,BOU,D,D,,638.0,,0.0,0.0,0.0,,2.0,,W <small>(Tue)</small>,@MCI Sun 8:00AM,antonio silva,False,True,Unresolved: no current FPL identity,,,,,,,,,,,,,,,,,,,0787y,Player Registry,Unresolved,BOU,Unresolved,False,,,,,,,,,,,,,,,,,,,,,,,,,,False,False,no 2025/26 record for bridged ID,none,0.0,,,,,,,73.4,43.8,58.6,39.93333333333333,43.7,39.440000000000005,0.0,Unknown / New Arrival,25.0,False,0.0,0.0,0.0,0.0,64.2,57.7,12.19,21.2,479.0,Deep,,ADP unavailable,,,Unresolved,h2e8dn5dmrp1z5vp,Berkshire’s Club,Berkshire’s Club,RESERVE,RESERVE,False,0,,,,,,,False,False,False,,,479.0,,D,,,,,,,,,,,,,,,0.0,58.6,43.7,,,,,,,,,,,,,,,,,,,,,2026-08-14T20:59:07.776936+00:00,DEF,canonical primary position,afc_bournemouth,soccerdata:sofascore:16363243,2026-08-23,2026-08-23T13:00:00+00:00,Premier League,league,scheduled,1.0,False,afc_bournemouth,Bournemouth,manchester_city,Manchester City,A,Away,,,16.8,83.2,Very difficult,,,,,derived feature frame,False
0784x,2627,,IPS,F,,IPS,F,F,88.0,104.0,88.0,256.5,8.84,100.0,,23.0,23.0,W <small>(Tue)</small>,SUN Sat 9:00AM,daizen maeda,False,True,Unresolved: no current FPL identity,,,,,,,,,,,,,,,,,,,0784x,Player Registry,Unresolved,IPS,Unresolved,False,,,,,,,,,,,,,,,,,,,,,,,,,,False,False,no 2025/26 record for bridged ID,none,0.0,,,,,,,,,,38.833333333333336,43.44,41.53,0.0,Unknown / New Arrival,25.0,False,0.0,0.0,0.0,0.0,0.0,47.0,4.7,11.2,564.0,Deep,-476.0,Major reach,,,Unresolved,hpsurdtbmrp1z5vo,Count Doku,Count Doku,RESERVE,RESERVE,False,0,,,Count Doku,hpsurdtbmrp1z5vo,11.0,124.0,True,False,True,11.0,124.0,564.0,88.0,F,,,,,,,,,,,,,,,0.0,,43.44,,,,,,,,,,,,,,,,,,,,,2026-08-14T20:59:07.776936+00:00,FWD,canonical primary position,ipswich_town,soccerdata:sofascore:16363636,2026-08-22,2026-08-22T14:00:00+00:00,Premier League,league,scheduled,1.0,False,ipswich_town,Ipswich Town,sunderland,Sunderland,H,Home,,,58.8,41.2,Favorable,,,,,derived feature frame,False
06mgd,2627,,IPS,F,,IPS,F,F,130.6,95.0,130.6,259.5,8.37,100.0,,21.0,20.0,W <small>(Tue)</small>,SUN Sat 9:00AM,abdul fatawu,False,True,Unresolved: no current FPL identity,,,,,,,,,,,,,,,,,,,06mgd,Player Registry,Unresolved,IPS,Unresolved,False,,,,,,,,,,,,,,,,,,,,,,,,,,False,False,no 2025/26 record for bridged ID,none,0.0,,,,,,,,,,38.833333333333336,43.44,41.53,0.0,Unknown / New Arrival,25.0,False,0.0,0.0,0.0,0.0,0.0,47.0,4.7,11.2,556.0,Deep,-425.4,Major reach,,,Unresolved,qwkltl98mrp1z5vp,epatel3,epatel3,ACTIVE,ACTIVE,False,0,,,Berkshire's Club,h2e8dn5dmrp1z5vp,13.0,150.0,False,False,True,13.0,150.0,556.0,130.6,F,,,,,,,,,,,,,,,0.0,,43.44,,,,,,,,,,,,,,,,,,,,,2026-08-14T20:59:07.776936+00:00,FWD,canonical primary position,ipswich_town,soccerdata:sofascore:16363636,2026-08-22,2026-08-22T14:00:00+00:00,Premier League,league,scheduled,1.0,False,ipswich_town,Ipswich Town,sunderland,Sunderland,H,Home,,,58.8,41.2,Favorable,,,,,derived feature frame,False
0784p,2627,,EVE,M,,EVE,M,M,96.4,49.0,96.4,291.0,8.31,100.0,,27.0,25.0,W <small>(Tue)</small>,CRY Sat 9:00AM,hayden hackney,False,True,Unresolved: no current FPL identity,,,,,,,,,,,,,,,,,,,0784p,Player Registry,Unresolved,EVE,Unresolved,False,,,,,,,,,,,,,,,,,,,,,,,,,,False,False,no 2025/26 record for bridged ID,none,0.0,,,,,,,18.7,43.5,29.0,42.06666666666666,41.9,42.48,0.0,Unknown / New Arrival,25.0,False,0.0,0.0,0.0,0.0,13.5,18.7,3.22,21.2,565.0,Deep,-468.6,Major reach,,,Unresolved,rx9bjhp3mrp1z5vo,KindComet,KindComet,RESERVE,RESERVE,False,0,,,KindComet,rx9bjhp3mrp1z5vo,8.0,92.0,True,False,True,8.0,92.0,565.0,96.4,M,,,,,,,,,,,,,,,0.0,29.0,41.9,,,,,,,,,,,,,,,,,,,,,2026-08-14T20:59:07.776936+00:00,MID,canonical primary position,everton,soccerdata:sofascore:16363635,2026-08-22,2026-08-22T14:00:00+00:00,Premier League,league,scheduled,1.0,False,everton,Everton,crystal_palace,Crystal Palace,H,Home,,,56.0,44.0,Favorable,,,,,derived feature frame,False
0784b,2627,,CHE,D,,CHE,D,D,234.2,278.0,234.2,55.0,11.0,40.0,,23.0,20.0,W <small>(Tue)</small>,@FUL Mon 2:00PM,marco palestra,False,True,Unresolved: no current FPL identity,,,,,,,,,,,,,,,,,,,0784b,Player Registry,Unresolved,CHE,Unresolved,False,,,,,,,,,,,,,,,,,,,,,,,,,,False,False,no 2025/26 record for bridged ID,none,0.0,,,,,,,68.4,56.8,65.6,50.53333333333333,46.98,47.54,0.0,Unknown / New Arrival,25.0,False,0.0,0.0,0.0,0.0,63.8,71.8,13.56,21.2,453.0,Deep,-218.8,Major reach,,,Unresolved,w2mnqywumrp1z5vp,tpem,tpem,ACTIVE,ACTIVE,False,0,,,tpem,w2mnqywumrp1z5vp,8.0,95.0,True,False,True,8.0,95.0,453.0,234.2,D,,,,,,,,,,,,,,,0.0,65.6,46.98,,,,,,,,,,,,,,,,,,,,,2026-08-14T20:59:07.776936+00:00,DEF,canonical primary position,chelsea,soccerdata:sofascore:16363244,2026-08-24,2026-08-24T19:00:00+00:00,Premier League,league,scheduled,1.0,False,chelsea,Chelsea,fulham,Fulham,A,Away,,,50.9,49.1,Neutral,,,,,derived feature frame,False
