club_id,set_piece_type,window,manager_id,canonical_player_id,attempts,matches_with_action,goals,first_observed,last_observed,player_share,rank,sample_size,player_name
arsenal,ALL_CORNERS,CURRENT_MANAGER_REGIME,mgr:5fdd2f365fdc,FTX-04AGZ,95,31,0,2025-08-17,2026-05-10,0.4523809523809524,1,210,Declan Rice
arsenal,ALL_CORNERS,CURRENT_MANAGER_REGIME,mgr:5fdd2f365fdc,FTX-04Y92,65,26,0,2025-08-17,2026-05-18,0.30952380952380953,2,210,Bukayo Saka
arsenal,ALL_CORNERS,CURRENT_MANAGER_REGIME,mgr:5fdd2f365fdc,FTX-0520R,4,2,0,2025-10-26,2025-12-30,0.01904761904761905,5,210,Leandro Trossard
arsenal,ALL_CORNERS,CURRENT_MANAGER_REGIME,mgr:5fdd2f365fdc,FTX-052H5,5,4,0,2025-10-04,2026-05-24,0.023809523809523808,4,210,Gabriel Martinelli
arsenal,ALL_CORNERS,CURRENT_MANAGER_REGIME,mgr:5fdd2f365fdc,FTX-05NT6,1,1,0,2025-09-13,2025-09-13,0.004761904761904762,7,210,Eberechi Eze
arsenal,ALL_CORNERS,CURRENT_MANAGER_REGIME,mgr:5fdd2f365fdc,FTX-068N8,37,14,0,2025-09-13,2026-05-24,0.1761904761904762,3,210,Noni Madueke
arsenal,ALL_CORNERS,CURRENT_MANAGER_REGIME,mgr:5fdd2f365fdc,FTX-06DMJ,1,1,0,2025-10-18,2025-10-18,0.004761904761904762,7,210,Jurriën Timber
arsenal,ALL_CORNERS,CURRENT_MANAGER_REGIME,mgr:5fdd2f365fdc,FTX-06ZBP,2,1,0,2026-04-11,2026-04-11,0.009523809523809525,6,210,Max Dowman
arsenal,ALL_CORNERS,LAST_10,,FTX-04AGZ,22,7,0,2026-03-01,2026-05-10,0.43137254901960786,1,51,Declan Rice
arsenal,ALL_CORNERS,LAST_10,,FTX-04Y92,13,6,0,2026-03-01,2026-05-18,0.2549019607843137,2,51,Bukayo Saka
arsenal,ALL_CORNERS,LAST_10,,FTX-052H5,3,2,0,2026-03-14,2026-05-24,0.058823529411764705,4,51,Gabriel Martinelli
arsenal,ALL_CORNERS,LAST_10,,FTX-068N8,11,5,0,2026-04-11,2026-05-24,0.21568627450980393,3,51,Noni Madueke
arsenal,ALL_CORNERS,LAST_10,,FTX-06ZBP,2,1,0,2026-04-11,2026-04-11,0.0392156862745098,5,51,Max Dowman
arsenal,ALL_CORNERS,LAST_5,,FTX-04AGZ,3,2,0,2026-04-25,2026-05-10,0.15,3,20,Declan Rice
arsenal,ALL_CORNERS,LAST_5,,FTX-04Y92,8,4,0,2026-04-25,2026-05-18,0.4,1,20,Bukayo Saka
arsenal,ALL_CORNERS,LAST_5,,FTX-052H5,2,1,0,2026-05-24,2026-05-24,0.1,4,20,Gabriel Martinelli
arsenal,ALL_CORNERS,LAST_5,,FTX-068N8,7,3,0,2026-04-25,2026-05-24,0.35,2,20,Noni Madueke
arsenal,ALL_CORNERS,SEASON,,FTX-04AGZ,95,31,0,2025-08-17,2026-05-10,0.4523809523809524,1,210,Declan Rice
arsenal,ALL_CORNERS,SEASON,,FTX-04Y92,65,26,0,2025-08-17,2026-05-18,0.30952380952380953,2,210,Bukayo Saka
arsenal,ALL_CORNERS,SEASON,,FTX-0520R,4,2,0,2025-10-26,2025-12-30,0.01904761904761905,5,210,Leandro Trossard
arsenal,ALL_CORNERS,SEASON,,FTX-052H5,5,4,0,2025-10-04,2026-05-24,0.023809523809523808,4,210,Gabriel Martinelli
arsenal,ALL_CORNERS,SEASON,,FTX-05NT6,1,1,0,2025-09-13,2025-09-13,0.004761904761904762,7,210,Eberechi Eze
arsenal,ALL_CORNERS,SEASON,,FTX-068N8,37,14,0,2025-09-13,2026-05-24,0.1761904761904762,3,210,Noni Madueke
arsenal,ALL_CORNERS,SEASON,,FTX-06DMJ,1,1,0,2025-10-18,2025-10-18,0.004761904761904762,7,210,Jurriën Timber
arsenal,ALL_CORNERS,SEASON,,FTX-06ZBP,2,1,0,2026-04-11,2026-04-11,0.009523809523809525,6,210,Max Dowman
arsenal,DIRECT_FREE_KICKS,CURRENT_MANAGER_REGIME,mgr:5fdd2f365fdc,FTX-04AGZ,5,5,0,2025-08-17,2026-03-14,0.625,1,8,Declan Rice
arsenal,DIRECT_FREE_KICKS,CURRENT_MANAGER_REGIME,mgr:5fdd2f365fdc,FTX-04Y92,2,1,0,2025-11-23,2025-11-23,0.25,2,8,Bukayo Saka
arsenal,DIRECT_FREE_KICKS,CURRENT_MANAGER_REGIME,mgr:5fdd2f365fdc,FTX-05NT6,1,1,0,2026-05-10,2026-05-10,0.125,3,8,Eberechi Eze
arsenal,DIRECT_FREE_KICKS,LAST_10,,FTX-04AGZ,1,1,0,2026-03-14,2026-03-14,0.5,1,2,Declan Rice
arsenal,DIRECT_FREE_KICKS,LAST_10,,FTX-05NT6,1,1,0,2026-05-10,2026-05-10,0.5,1,2,Eberechi Eze
arsenal,DIRECT_FREE_KICKS,LAST_5,,FTX-05NT6,1,1,0,2026-05-10,2026-05-10,1.0,1,1,Eberechi Eze
arsenal,DIRECT_FREE_KICKS,SEASON,,FTX-04AGZ,5,5,0,2025-08-17,2026-03-14,0.625,1,8,Declan Rice
arsenal,DIRECT_FREE_KICKS,SEASON,,FTX-04Y92,2,1,0,2025-11-23,2025-11-23,0.25,2,8,Bukayo Saka
arsenal,DIRECT_FREE_KICKS,SEASON,,FTX-05NT6,1,1,0,2026-05-10,2026-05-10,0.125,3,8,Eberechi Eze
arsenal,PENALTIES,CURRENT_MANAGER_REGIME,mgr:5fdd2f365fdc,FTX-04TSB,3,3,3,2025-08-23,2026-04-11,0.75,1,4,Viktor Gyökeres
arsenal,PENALTIES,CURRENT_MANAGER_REGIME,mgr:5fdd2f365fdc,FTX-04Y92,1,1,1,2025-10-04,2025-10-04,0.25,2,4,Bukayo Saka
arsenal,PENALTIES,LAST_10,,FTX-04TSB,1,1,1,2026-04-11,2026-04-11,1.0,1,1,Viktor Gyökeres
arsenal,PENALTIES,SEASON,,FTX-04TSB,3,3,3,2025-08-23,2026-04-11,0.75,1,4,Viktor Gyökeres
arsenal,PENALTIES,SEASON,,FTX-04Y92,1,1,1,2025-10-04,2025-10-04,0.25,2,4,Bukayo Saka
arsenal,SET_PIECE_CROSSES,CURRENT_MANAGER_REGIME,mgr:5fdd2f365fdc,FTX-04AGZ,132,34,0,2025-08-17,2026-05-18,0.5714285714285714,1,231,Declan Rice
arsenal,SET_PIECE_CROSSES,CURRENT_MANAGER_REGIME,mgr:5fdd2f365fdc,FTX-04Y92,55,25,0,2025-08-17,2026-05-18,0.23809523809523808,2,231,Bukayo Saka
arsenal,SET_PIECE_CROSSES,CURRENT_MANAGER_REGIME,mgr:5fdd2f365fdc,FTX-0520R,4,2,0,2025-10-26,2025-12-30,0.017316017316017316,4,231,Leandro Trossard
arsenal,SET_PIECE_CROSSES,CURRENT_MANAGER_REGIME,mgr:5fdd2f365fdc,FTX-052H5,4,2,0,2025-10-04,2026-05-24,0.017316017316017316,4,231,Gabriel Martinelli
arsenal,SET_PIECE_CROSSES,CURRENT_MANAGER_REGIME,mgr:5fdd2f365fdc,FTX-05NT6,1,1,0,2025-09-13,2025-09-13,0.004329004329004329,5,231,Eberechi Eze
arsenal,SET_PIECE_CROSSES,CURRENT_MANAGER_REGIME,mgr:5fdd2f365fdc,FTX-065AO,1,1,0,2025-08-23,2025-08-23,0.004329004329004329,5,231,Ethan Nwaneri
arsenal,SET_PIECE_CROSSES,CURRENT_MANAGER_REGIME,mgr:5fdd2f365fdc,FTX-068N8,33,13,0,2025-09-13,2026-05-24,0.14285714285714285,3,231,Noni Madueke
arsenal,SET_PIECE_CROSSES,CURRENT_MANAGER_REGIME,mgr:5fdd2f365fdc,FTX-06ZBP,1,1,0,2026-04-11,2026-04-11,0.004329004329004329,5,231,Max Dowman
arsenal,SET_PIECE_CROSSES,LAST_10,,FTX-04AGZ,37,9,0,2026-03-01,2026-05-18,0.6607142857142857,1,56,Declan Rice
arsenal,SET_PIECE_CROSSES,LAST_10,,FTX-04Y92,9,6,0,2026-03-01,2026-05-18,0.16071428571428573,2,56,Bukayo Saka
arsenal,SET_PIECE_CROSSES,LAST_10,,FTX-052H5,2,1,0,2026-05-24,2026-05-24,0.03571428571428571,4,56,Gabriel Martinelli
arsenal,SET_PIECE_CROSSES,LAST_10,,FTX-068N8,7,4,0,2026-04-11,2026-05-24,0.125,3,56,Noni Madueke
arsenal,SET_PIECE_CROSSES,LAST_10,,FTX-06ZBP,1,1,0,2026-04-11,2026-04-11,0.017857142857142856,5,56,Max Dowman
arsenal,SET_PIECE_CROSSES,LAST_5,,FTX-04AGZ,13,4,0,2026-04-25,2026-05-18,0.5416666666666666,1,24,Declan Rice
arsenal,SET_PIECE_CROSSES,LAST_5,,FTX-04Y92,6,4,0,2026-04-25,2026-05-18,0.25,2,24,Bukayo Saka
arsenal,SET_PIECE_CROSSES,LAST_5,,FTX-052H5,2,1,0,2026-05-24,2026-05-24,0.08333333333333333,4,24,Gabriel Martinelli
arsenal,SET_PIECE_CROSSES,LAST_5,,FTX-068N8,3,2,0,2026-05-02,2026-05-24,0.125,3,24,Noni Madueke
arsenal,SET_PIECE_CROSSES,SEASON,,FTX-04AGZ,132,34,0,2025-08-17,2026-05-18,0.5714285714285714,1,231,Declan Rice
arsenal,SET_PIECE_CROSSES,SEASON,,FTX-04Y92,55,25,0,2025-08-17,2026-05-18,0.23809523809523808,2,231,Bukayo Saka
arsenal,SET_PIECE_CROSSES,SEASON,,FTX-0520R,4,2,0,2025-10-26,2025-12-30,0.017316017316017316,4,231,Leandro Trossard
arsenal,SET_PIECE_CROSSES,SEASON,,FTX-052H5,4,2,0,2025-10-04,2026-05-24,0.017316017316017316,4,231,Gabriel Martinelli
arsenal,SET_PIECE_CROSSES,SEASON,,FTX-05NT6,1,1,0,2025-09-13,2025-09-13,0.004329004329004329,5,231,Eberechi Eze
arsenal,SET_PIECE_CROSSES,SEASON,,FTX-065AO,1,1,0,2025-08-23,2025-08-23,0.004329004329004329,5,231,Ethan Nwaneri
arsenal,SET_PIECE_CROSSES,SEASON,,FTX-068N8,33,13,0,2025-09-13,2026-05-24,0.14285714285714285,3,231,Noni Madueke
arsenal,SET_PIECE_CROSSES,SEASON,,FTX-06ZBP,1,1,0,2026-04-11,2026-04-11,0.004329004329004329,5,231,Max Dowman
arsenal,SET_PIECE_KEY_PASSES,CURRENT_MANAGER_REGIME,mgr:5fdd2f365fdc,FTX-04AGZ,27,18,0,2025-08-23,2026-05-10,0.4909090909090909,1,55,Declan Rice
arsenal,SET_PIECE_KEY_PASSES,CURRENT_MANAGER_REGIME,mgr:5fdd2f365fdc,FTX-04Y92,12,11,0,2025-09-21,2026-05-18,0.21818181818181817,2,55,Bukayo Saka
arsenal,SET_PIECE_KEY_PASSES,CURRENT_MANAGER_REGIME,mgr:5fdd2f365fdc,FTX-0520R,1,1,0,2025-09-13,2025-09-13,0.01818181818181818,6,55,Leandro Trossard
arsenal,SET_PIECE_KEY_PASSES,CURRENT_MANAGER_REGIME,mgr:5fdd2f365fdc,FTX-052H5,1,1,0,2025-10-04,2025-10-04,0.01818181818181818,6,55,Gabriel Martinelli
arsenal,SET_PIECE_KEY_PASSES,CURRENT_MANAGER_REGIME,mgr:5fdd2f365fdc,FTX-05NZU,3,3,0,2025-10-18,2026-03-01,0.05454545454545454,4,55,Gabriel Magalhães
arsenal,SET_PIECE_KEY_PASSES,CURRENT_MANAGER_REGIME,mgr:5fdd2f365fdc,FTX-05O6H,2,2,0,2026-04-25,2026-05-24,0.03636363636363636,5,55,Kai Havertz
arsenal,SET_PIECE_KEY_PASSES,CURRENT_MANAGER_REGIME,mgr:5fdd2f365fdc,FTX-068N8,7,5,0,2025-09-13,2026-05-02,0.12727272727272726,3,55,Noni Madueke
arsenal,SET_PIECE_KEY_PASSES,CURRENT_MANAGER_REGIME,mgr:5fdd2f365fdc,FTX-06NU7,1,1,0,2025-08-23,2025-08-23,0.01818181818181818,6,55,Riccardo Calafiori
arsenal,SET_PIECE_KEY_PASSES,CURRENT_MANAGER_REGIME,mgr:5fdd2f365fdc,FTX-070HQ,1,1,0,2026-02-12,2026-02-12,0.01818181818181818,6,55,Piero Hincapié
arsenal,SET_PIECE_KEY_PASSES,LAST_10,,FTX-04AGZ,6,5,0,2026-03-01,2026-05-10,0.4,1,15,Declan Rice
arsenal,SET_PIECE_KEY_PASSES,LAST_10,,FTX-04Y92,5,4,0,2026-03-14,2026-05-18,0.3333333333333333,2,15,Bukayo Saka
arsenal,SET_PIECE_KEY_PASSES,LAST_10,,FTX-05NZU,1,1,0,2026-03-01,2026-03-01,0.06666666666666667,4,15,Gabriel Magalhães
arsenal,SET_PIECE_KEY_PASSES,LAST_10,,FTX-05O6H,2,2,0,2026-04-25,2026-05-24,0.13333333333333333,3,15,Kai Havertz
arsenal,SET_PIECE_KEY_PASSES,LAST_10,,FTX-068N8,1,1,0,2026-05-02,2026-05-02,0.06666666666666667,4,15,Noni Madueke
arsenal,SET_PIECE_KEY_PASSES,LAST_5,,FTX-04AGZ,2,1,0,2026-05-10,2026-05-10,0.2222222222222222,2,9,Declan Rice
arsenal,SET_PIECE_KEY_PASSES,LAST_5,,FTX-04Y92,4,3,0,2026-05-02,2026-05-18,0.4444444444444444,1,9,Bukayo Saka
arsenal,SET_PIECE_KEY_PASSES,LAST_5,,FTX-05O6H,2,2,0,2026-04-25,2026-05-24,0.2222222222222222,2,9,Kai Havertz
arsenal,SET_PIECE_KEY_PASSES,LAST_5,,FTX-068N8,1,1,0,2026-05-02,2026-05-02,0.1111111111111111,3,9,Noni Madueke
arsenal,SET_PIECE_KEY_PASSES,SEASON,,FTX-04AGZ,27,18,0,2025-08-23,2026-05-10,0.4909090909090909,1,55,Declan Rice
arsenal,SET_PIECE_KEY_PASSES,SEASON,,FTX-04Y92,12,11,0,2025-09-21,2026-05-18,0.21818181818181817,2,55,Bukayo Saka
arsenal,SET_PIECE_KEY_PASSES,SEASON,,FTX-0520R,1,1,0,2025-09-13,2025-09-13,0.01818181818181818,6,55,Leandro Trossard
arsenal,SET_PIECE_KEY_PASSES,SEASON,,FTX-052H5,1,1,0,2025-10-04,2025-10-04,0.01818181818181818,6,55,Gabriel Martinelli
arsenal,SET_PIECE_KEY_PASSES,SEASON,,FTX-05NZU,3,3,0,2025-10-18,2026-03-01,0.05454545454545454,4,55,Gabriel Magalhães
arsenal,SET_PIECE_KEY_PASSES,SEASON,,FTX-05O6H,2,2,0,2026-04-25,2026-05-24,0.03636363636363636,5,55,Kai Havertz
arsenal,SET_PIECE_KEY_PASSES,SEASON,,FTX-068N8,7,5,0,2025-09-13,2026-05-02,0.12727272727272726,3,55,Noni Madueke
arsenal,SET_PIECE_KEY_PASSES,SEASON,,FTX-06NU7,1,1,0,2025-08-23,2025-08-23,0.01818181818181818,6,55,Riccardo Calafiori
arsenal,SET_PIECE_KEY_PASSES,SEASON,,FTX-070HQ,1,1,0,2026-02-12,2026-02-12,0.01818181818181818,6,55,Piero Hincapié
arsenal,SHORT_INDIRECT_FREE_KICKS,CURRENT_MANAGER_REGIME,mgr:5fdd2f365fdc,FTX-04TSB,1,1,0,2025-08-17,2025-08-17,0.030303030303030304,4,33,Viktor Gyökeres
arsenal,SHORT_INDIRECT_FREE_KICKS,CURRENT_MANAGER_REGIME,mgr:5fdd2f365fdc,FTX-04U40,1,1,0,2026-05-24,2026-05-24,0.030303030303030304,4,33,Kepa Arrizabalaga
arsenal,SHORT_INDIRECT_FREE_KICKS,CURRENT_MANAGER_REGIME,mgr:5fdd2f365fdc,FTX-0558W,2,2,0,2025-12-13,2026-03-14,0.06060606060606061,3,33,William Saliba
arsenal,SHORT_INDIRECT_FREE_KICKS,CURRENT_MANAGER_REGIME,mgr:5fdd2f365fdc,FTX-05NZU,4,3,0,2025-09-21,2026-03-04,0.12121212121212122,2,33,Gabriel Magalhães
arsenal,SHORT_INDIRECT_FREE_KICKS,CURRENT_MANAGER_REGIME,mgr:5fdd2f365fdc,FTX-05TQX,20,11,0,2025-08-17,2026-04-25,0.6060606060606061,1,33,David Raya
arsenal,SHORT_INDIRECT_FREE_KICKS,CURRENT_MANAGER_REGIME,mgr:5fdd2f365fdc,FTX-066SD,1,1,0,2025-12-27,2025-12-27,0.030303030303030304,4,33,Myles Lewis-Skelly
arsenal,SHORT_INDIRECT_FREE_KICKS,CURRENT_MANAGER_REGIME,mgr:5fdd2f365fdc,FTX-06NU7,2,2,0,2025-08-17,2025-10-04,0.06060606060606061,3,33,Riccardo Calafiori
arsenal,SHORT_INDIRECT_FREE_KICKS,CURRENT_MANAGER_REGIME,mgr:5fdd2f365fdc,FTX-06Y9Z,1,1,0,2026-01-08,2026-01-08,0.030303030303030304,4,33,Martín Zubimendi
arsenal,SHORT_INDIRECT_FREE_KICKS,CURRENT_MANAGER_REGIME,mgr:5fdd2f365fdc,FTX-06ZBM,1,1,0,2025-11-30,2025-11-30,0.030303030303030304,4,33,Cristhian Mosquera
arsenal,SHORT_INDIRECT_FREE_KICKS,LAST_10,,FTX-04U40,1,1,0,2026-05-24,2026-05-24,0.07142857142857142,2,14,Kepa Arrizabalaga
arsenal,SHORT_INDIRECT_FREE_KICKS,LAST_10,,FTX-0558W,1,1,0,2026-03-14,2026-03-14,0.07142857142857142,2,14,William Saliba
arsenal,SHORT_INDIRECT_FREE_KICKS,LAST_10,,FTX-05NZU,1,1,0,2026-03-04,2026-03-04,0.07142857142857142,2,14,Gabriel Magalhães
arsenal,SHORT_INDIRECT_FREE_KICKS,LAST_10,,FTX-05TQX,11,3,0,2026-03-01,2026-04-25,0.7857142857142857,1,14,David Raya
arsenal,SHORT_INDIRECT_FREE_KICKS,LAST_5,,FTX-04U40,1,1,0,2026-05-24,2026-05-24,0.25,2,4,Kepa Arrizabalaga
arsenal,SHORT_INDIRECT_FREE_KICKS,LAST_5,,FTX-05TQX,3,1,0,2026-04-25,2026-04-25,0.75,1,4,David Raya
arsenal,SHORT_INDIRECT_FREE_KICKS,SEASON,,FTX-04TSB,1,1,0,2025-08-17,2025-08-17,0.030303030303030304,4,33,Viktor Gyökeres
arsenal,SHORT_INDIRECT_FREE_KICKS,SEASON,,FTX-04U40,1,1,0,2026-05-24,2026-05-24,0.030303030303030304,4,33,Kepa Arrizabalaga
arsenal,SHORT_INDIRECT_FREE_KICKS,SEASON,,FTX-0558W,2,2,0,2025-12-13,2026-03-14,0.06060606060606061,3,33,William Saliba
arsenal,SHORT_INDIRECT_FREE_KICKS,SEASON,,FTX-05NZU,4,3,0,2025-09-21,2026-03-04,0.12121212121212122,2,33,Gabriel Magalhães
arsenal,SHORT_INDIRECT_FREE_KICKS,SEASON,,FTX-05TQX,20,11,0,2025-08-17,2026-04-25,0.6060606060606061,1,33,David Raya
arsenal,SHORT_INDIRECT_FREE_KICKS,SEASON,,FTX-066SD,1,1,0,2025-12-27,2025-12-27,0.030303030303030304,4,33,Myles Lewis-Skelly
arsenal,SHORT_INDIRECT_FREE_KICKS,SEASON,,FTX-06NU7,2,2,0,2025-08-17,2025-10-04,0.06060606060606061,3,33,Riccardo Calafiori
arsenal,SHORT_INDIRECT_FREE_KICKS,SEASON,,FTX-06Y9Z,1,1,0,2026-01-08,2026-01-08,0.030303030303030304,4,33,Martín Zubimendi
arsenal,SHORT_INDIRECT_FREE_KICKS,SEASON,,FTX-06ZBM,1,1,0,2025-11-30,2025-11-30,0.030303030303030304,4,33,Cristhian Mosquera
aston_villa,ALL_CORNERS,CURRENT_MANAGER_REGIME,mgr:dcdf2dffc0c2,FTX-02LPF,1,1,0,2026-04-19,2026-04-19,0.005025125628140704,12,199,Ross Barkley
aston_villa,ALL_CORNERS,CURRENT_MANAGER_REGIME,mgr:dcdf2dffc0c2,FTX-04GE7,3,1,0,2025-08-31,2025-08-31,0.01507537688442211,10,199,Donyell Malen
aston_villa,ALL_CORNERS,CURRENT_MANAGER_REGIME,mgr:dcdf2dffc0c2,FTX-04GW7,5,5,0,2025-09-21,2026-05-03,0.02512562814070352,8,199,Jadon Sancho
aston_villa,ALL_CORNERS,CURRENT_MANAGER_REGIME,mgr:dcdf2dffc0c2,FTX-04SPP,24,8,0,2026-02-01,2026-05-15,0.12060301507537688,5,199,Douglas Luiz
aston_villa,ALL_CORNERS,CURRENT_MANAGER_REGIME,mgr:dcdf2dffc0c2,FTX-04TM0,38,20,0,2025-08-16,2026-05-15,0.19095477386934673,2,199,Lucas Digne
aston_villa,ALL_CORNERS,CURRENT_MANAGER_REGIME,mgr:dcdf2dffc0c2,FTX-04YO7,25,12,0,2025-08-23,2026-05-24,0.12562814070351758,4,199,Youri Tielemans
aston_villa,ALL_CORNERS,CURRENT_MANAGER_REGIME,mgr:dcdf2dffc0c2,FTX-051K0,28,15,0,2025-08-16,2026-05-15,0.1407035175879397,3,199,John McGinn
aston_villa,ALL_CORNERS,CURRENT_MANAGER_REGIME,mgr:dcdf2dffc0c2,FTX-051KL,4,3,0,2025-09-21,2026-03-04,0.020100502512562814,9,199,Emiliano Buendía
aston_villa,ALL_CORNERS,CURRENT_MANAGER_REGIME,mgr:dcdf2dffc0c2,FTX-052CB,7,5,0,2025-08-31,2026-05-10,0.035175879396984924,7,199,Ian Maatsen
aston_villa,ALL_CORNERS,CURRENT_MANAGER_REGIME,mgr:dcdf2dffc0c2,FTX-05O4B,47,21,0,2025-08-23,2026-05-15,0.23618090452261306,1,199,Matty Cash
aston_villa,ALL_CORNERS,CURRENT_MANAGER_REGIME,mgr:dcdf2dffc0c2,FTX-05UHT,1,1,0,2025-11-30,2025-11-30,0.005025125628140704,12,199,Morgan Rogers
aston_villa,ALL_CORNERS,CURRENT_MANAGER_REGIME,mgr:dcdf2dffc0c2,FTX-05UNS,14,7,0,2026-02-01,2026-05-24,0.07035175879396985,6,199,Leon Bailey
aston_villa,ALL_CORNERS,CURRENT_MANAGER_REGIME,mgr:dcdf2dffc0c2,FTX-061VA,2,2,0,2025-08-16,2026-01-07,0.010050251256281407,11,199,Boubacar Kamara
aston_villa,ALL_CORNERS,LAST_10,,FTX-02LPF,1,1,0,2026-04-19,2026-04-19,0.020833333333333332,8,48,Ross Barkley
aston_villa,ALL_CORNERS,LAST_10,,FTX-04GW7,2,2,0,2026-03-04,2026-05-03,0.041666666666666664,7,48,Jadon Sancho
aston_villa,ALL_CORNERS,LAST_10,,FTX-04SPP,5,3,0,2026-03-04,2026-05-15,0.10416666666666667,5,48,Douglas Luiz
aston_villa,ALL_CORNERS,LAST_10,,FTX-04TM0,10,5,0,2026-03-15,2026-05-15,0.20833333333333334,1,48,Lucas Digne
aston_villa,ALL_CORNERS,LAST_10,,FTX-04YO7,7,4,0,2026-04-12,2026-05-24,0.14583333333333334,4,48,Youri Tielemans
aston_villa,ALL_CORNERS,LAST_10,,FTX-051K0,9,4,0,2026-03-15,2026-05-15,0.1875,2,48,John McGinn
aston_villa,ALL_CORNERS,LAST_10,,FTX-051KL,1,1,0,2026-03-04,2026-03-04,0.020833333333333332,8,48,Emiliano Buendía
aston_villa,ALL_CORNERS,LAST_10,,FTX-052CB,1,1,0,2026-05-10,2026-05-10,0.020833333333333332,8,48,Ian Maatsen
aston_villa,ALL_CORNERS,LAST_10,,FTX-05O4B,8,4,0,2026-03-22,2026-05-15,0.16666666666666666,3,48,Matty Cash
aston_villa,ALL_CORNERS,LAST_10,,FTX-05UNS,4,3,0,2026-03-15,2026-05-24,0.08333333333333333,6,48,Leon Bailey
aston_villa,ALL_CORNERS,LAST_5,,FTX-04GW7,1,1,0,2026-05-03,2026-05-03,0.038461538461538464,5,26,Jadon Sancho
aston_villa,ALL_CORNERS,LAST_5,,FTX-04SPP,1,1,0,2026-05-15,2026-05-15,0.038461538461538464,5,26,Douglas Luiz
aston_villa,ALL_CORNERS,LAST_5,,FTX-04TM0,5,2,0,2026-04-25,2026-05-15,0.19230769230769232,2,26,Lucas Digne
aston_villa,ALL_CORNERS,LAST_5,,FTX-04YO7,6,3,0,2026-04-25,2026-05-24,0.23076923076923078,1,26,Youri Tielemans
aston_villa,ALL_CORNERS,LAST_5,,FTX-051K0,5,2,0,2026-05-10,2026-05-15,0.19230769230769232,2,26,John McGinn
aston_villa,ALL_CORNERS,LAST_5,,FTX-052CB,1,1,0,2026-05-10,2026-05-10,0.038461538461538464,5,26,Ian Maatsen
aston_villa,ALL_CORNERS,LAST_5,,FTX-05O4B,4,2,0,2026-05-10,2026-05-15,0.15384615384615385,3,26,Matty Cash
aston_villa,ALL_CORNERS,LAST_5,,FTX-05UNS,3,2,0,2026-05-03,2026-05-24,0.11538461538461539,4,26,Leon Bailey
aston_villa,ALL_CORNERS,SEASON,,FTX-02LPF,1,1,0,2026-04-19,2026-04-19,0.005025125628140704,12,199,Ross Barkley
aston_villa,ALL_CORNERS,SEASON,,FTX-04GE7,3,1,0,2025-08-31,2025-08-31,0.01507537688442211,10,199,Donyell Malen
aston_villa,ALL_CORNERS,SEASON,,FTX-04GW7,5,5,0,2025-09-21,2026-05-03,0.02512562814070352,8,199,Jadon Sancho
aston_villa,ALL_CORNERS,SEASON,,FTX-04SPP,24,8,0,2026-02-01,2026-05-15,0.12060301507537688,5,199,Douglas Luiz
aston_villa,ALL_CORNERS,SEASON,,FTX-04TM0,38,20,0,2025-08-16,2026-05-15,0.19095477386934673,2,199,Lucas Digne
aston_villa,ALL_CORNERS,SEASON,,FTX-04YO7,25,12,0,2025-08-23,2026-05-24,0.12562814070351758,4,199,Youri Tielemans
aston_villa,ALL_CORNERS,SEASON,,FTX-051K0,28,15,0,2025-08-16,2026-05-15,0.1407035175879397,3,199,John McGinn
aston_villa,ALL_CORNERS,SEASON,,FTX-051KL,4,3,0,2025-09-21,2026-03-04,0.020100502512562814,9,199,Emiliano Buendía
aston_villa,ALL_CORNERS,SEASON,,FTX-052CB,7,5,0,2025-08-31,2026-05-10,0.035175879396984924,7,199,Ian Maatsen
aston_villa,ALL_CORNERS,SEASON,,FTX-05O4B,47,21,0,2025-08-23,2026-05-15,0.23618090452261306,1,199,Matty Cash
aston_villa,ALL_CORNERS,SEASON,,FTX-05UHT,1,1,0,2025-11-30,2025-11-30,0.005025125628140704,12,199,Morgan Rogers
aston_villa,ALL_CORNERS,SEASON,,FTX-05UNS,14,7,0,2026-02-01,2026-05-24,0.07035175879396985,6,199,Leon Bailey
aston_villa,ALL_CORNERS,SEASON,,FTX-061VA,2,2,0,2025-08-16,2026-01-07,0.010050251256281407,11,199,Boubacar Kamara
aston_villa,DIRECT_FREE_KICKS,CURRENT_MANAGER_REGIME,mgr:dcdf2dffc0c2,FTX-04TM0,5,5,0,2025-09-13,2026-05-15,0.3333333333333333,2,15,Lucas Digne
aston_villa,DIRECT_FREE_KICKS,CURRENT_MANAGER_REGIME,mgr:dcdf2dffc0c2,FTX-051KL,6,6,1,2025-11-09,2026-05-24,0.4,1,15,Emiliano Buendía
aston_villa,DIRECT_FREE_KICKS,CURRENT_MANAGER_REGIME,mgr:dcdf2dffc0c2,FTX-05UHT,4,4,1,2025-11-23,2026-03-04,0.26666666666666666,3,15,Morgan Rogers
aston_villa,DIRECT_FREE_KICKS,LAST_10,,FTX-04TM0,1,1,0,2026-05-15,2026-05-15,0.2,2,5,Lucas Digne
aston_villa,DIRECT_FREE_KICKS,LAST_10,,FTX-051KL,3,3,0,2026-03-15,2026-05-24,0.6,1,5,Emiliano Buendía
aston_villa,DIRECT_FREE_KICKS,LAST_10,,FTX-05UHT,1,1,0,2026-03-04,2026-03-04,0.2,2,5,Morgan Rogers
aston_villa,DIRECT_FREE_KICKS,LAST_5,,FTX-04TM0,1,1,0,2026-05-15,2026-05-15,0.5,1,2,Lucas Digne
aston_villa,DIRECT_FREE_KICKS,LAST_5,,FTX-051KL,1,1,0,2026-05-24,2026-05-24,0.5,1,2,Emiliano Buendía
aston_villa,DIRECT_FREE_KICKS,SEASON,,FTX-04TM0,5,5,0,2025-09-13,2026-05-15,0.3333333333333333,2,15,Lucas Digne
aston_villa,DIRECT_FREE_KICKS,SEASON,,FTX-051KL,6,6,1,2025-11-09,2026-05-24,0.4,1,15,Emiliano Buendía
aston_villa,DIRECT_FREE_KICKS,SEASON,,FTX-05UHT,4,4,1,2025-11-23,2026-03-04,0.26666666666666666,3,15,Morgan Rogers
aston_villa,SET_PIECE_CROSSES,CURRENT_MANAGER_REGIME,mgr:dcdf2dffc0c2,FTX-04GW7,4,3,0,2026-02-21,2026-05-03,0.022598870056497175,7,177,Jadon Sancho
aston_villa,SET_PIECE_CROSSES,CURRENT_MANAGER_REGIME,mgr:dcdf2dffc0c2,FTX-04SPP,18,7,0,2026-02-01,2026-05-15,0.1016949152542373,4,177,Douglas Luiz
aston_villa,SET_PIECE_CROSSES,CURRENT_MANAGER_REGIME,mgr:dcdf2dffc0c2,FTX-04TM0,33,18,0,2025-08-23,2026-04-25,0.1864406779661017,2,177,Lucas Digne
aston_villa,SET_PIECE_CROSSES,CURRENT_MANAGER_REGIME,mgr:dcdf2dffc0c2,FTX-04YO7,22,14,0,2025-08-23,2026-05-24,0.12429378531073447,3,177,Youri Tielemans
aston_villa,SET_PIECE_CROSSES,CURRENT_MANAGER_REGIME,mgr:dcdf2dffc0c2,FTX-051K0,33,19,0,2025-08-16,2026-05-15,0.1864406779661017,2,177,John McGinn
aston_villa,SET_PIECE_CROSSES,CURRENT_MANAGER_REGIME,mgr:dcdf2dffc0c2,FTX-051KL,1,1,0,2025-09-21,2025-09-21,0.005649717514124294,8,177,Emiliano Buendía
aston_villa,SET_PIECE_CROSSES,CURRENT_MANAGER_REGIME,mgr:dcdf2dffc0c2,FTX-052CB,6,4,0,2025-08-31,2026-05-24,0.03389830508474576,6,177,Ian Maatsen
aston_villa,SET_PIECE_CROSSES,CURRENT_MANAGER_REGIME,mgr:dcdf2dffc0c2,FTX-05O4B,48,23,0,2025-08-23,2026-05-15,0.2711864406779661,1,177,Matty Cash
aston_villa,SET_PIECE_CROSSES,CURRENT_MANAGER_REGIME,mgr:dcdf2dffc0c2,FTX-05UHT,1,1,0,2026-02-21,2026-02-21,0.005649717514124294,8,177,Morgan Rogers
aston_villa,SET_PIECE_CROSSES,CURRENT_MANAGER_REGIME,mgr:dcdf2dffc0c2,FTX-05UNS,10,7,0,2026-02-01,2026-05-24,0.05649717514124294,5,177,Leon Bailey
aston_villa,SET_PIECE_CROSSES,CURRENT_MANAGER_REGIME,mgr:dcdf2dffc0c2,FTX-061VA,1,1,0,2026-01-07,2026-01-07,0.005649717514124294,8,177,Boubacar Kamara
aston_villa,SET_PIECE_CROSSES,LAST_10,,FTX-04GW7,2,2,0,2026-03-04,2026-05-03,0.0425531914893617,5,47,Jadon Sancho
aston_villa,SET_PIECE_CROSSES,LAST_10,,FTX-04SPP,2,2,0,2026-03-15,2026-05-15,0.0425531914893617,5,47,Douglas Luiz
aston_villa,SET_PIECE_CROSSES,LAST_10,,FTX-04TM0,7,4,0,2026-03-15,2026-04-25,0.14893617021276595,3,47,Lucas Digne
aston_villa,SET_PIECE_CROSSES,LAST_10,,FTX-04YO7,11,6,0,2026-04-12,2026-05-24,0.23404255319148937,1,47,Youri Tielemans
aston_villa,SET_PIECE_CROSSES,LAST_10,,FTX-051K0,11,4,0,2026-03-15,2026-05-15,0.23404255319148937,1,47,John McGinn
aston_villa,SET_PIECE_CROSSES,LAST_10,,FTX-052CB,1,1,0,2026-05-24,2026-05-24,0.02127659574468085,6,47,Ian Maatsen
aston_villa,SET_PIECE_CROSSES,LAST_10,,FTX-05O4B,9,4,0,2026-03-22,2026-05-15,0.19148936170212766,2,47,Matty Cash
aston_villa,SET_PIECE_CROSSES,LAST_10,,FTX-05UNS,4,3,0,2026-03-15,2026-05-24,0.0851063829787234,4,47,Leon Bailey
aston_villa,SET_PIECE_CROSSES,LAST_5,,FTX-04GW7,1,1,0,2026-05-03,2026-05-03,0.03571428571428571,6,28,Jadon Sancho
aston_villa,SET_PIECE_CROSSES,LAST_5,,FTX-04SPP,1,1,0,2026-05-15,2026-05-15,0.03571428571428571,6,28,Douglas Luiz
aston_villa,SET_PIECE_CROSSES,LAST_5,,FTX-04TM0,2,1,0,2026-04-25,2026-04-25,0.07142857142857142,5,28,Lucas Digne
aston_villa,SET_PIECE_CROSSES,LAST_5,,FTX-04YO7,9,4,0,2026-04-25,2026-05-24,0.32142857142857145,1,28,Youri Tielemans
aston_villa,SET_PIECE_CROSSES,LAST_5,,FTX-051K0,6,2,0,2026-05-10,2026-05-15,0.21428571428571427,2,28,John McGinn
aston_villa,SET_PIECE_CROSSES,LAST_5,,FTX-052CB,1,1,0,2026-05-24,2026-05-24,0.03571428571428571,6,28,Ian Maatsen
aston_villa,SET_PIECE_CROSSES,LAST_5,,FTX-05O4B,5,2,0,2026-05-10,2026-05-15,0.17857142857142858,3,28,Matty Cash
aston_villa,SET_PIECE_CROSSES,LAST_5,,FTX-05UNS,3,2,0,2026-05-03,2026-05-24,0.10714285714285714,4,28,Leon Bailey
aston_villa,SET_PIECE_CROSSES,SEASON,,FTX-04GW7,4,3,0,2026-02-21,2026-05-03,0.022598870056497175,7,177,Jadon Sancho
aston_villa,SET_PIECE_CROSSES,SEASON,,FTX-04SPP,18,7,0,2026-02-01,2026-05-15,0.1016949152542373,4,177,Douglas Luiz
aston_villa,SET_PIECE_CROSSES,SEASON,,FTX-04TM0,33,18,0,2025-08-23,2026-04-25,0.1864406779661017,2,177,Lucas Digne
aston_villa,SET_PIECE_CROSSES,SEASON,,FTX-04YO7,22,14,0,2025-08-23,2026-05-24,0.12429378531073447,3,177,Youri Tielemans
aston_villa,SET_PIECE_CROSSES,SEASON,,FTX-051K0,33,19,0,2025-08-16,2026-05-15,0.1864406779661017,2,177,John McGinn
aston_villa,SET_PIECE_CROSSES,SEASON,,FTX-051KL,1,1,0,2025-09-21,2025-09-21,0.005649717514124294,8,177,Emiliano Buendía
aston_villa,SET_PIECE_CROSSES,SEASON,,FTX-052CB,6,4,0,2025-08-31,2026-05-24,0.03389830508474576,6,177,Ian Maatsen
aston_villa,SET_PIECE_CROSSES,SEASON,,FTX-05O4B,48,23,0,2025-08-23,2026-05-15,0.2711864406779661,1,177,Matty Cash
aston_villa,SET_PIECE_CROSSES,SEASON,,FTX-05UHT,1,1,0,2026-02-21,2026-02-21,0.005649717514124294,8,177,Morgan Rogers
aston_villa,SET_PIECE_CROSSES,SEASON,,FTX-05UNS,10,7,0,2026-02-01,2026-05-24,0.05649717514124294,5,177,Leon Bailey
aston_villa,SET_PIECE_CROSSES,SEASON,,FTX-061VA,1,1,0,2026-01-07,2026-01-07,0.005649717514124294,8,177,Boubacar Kamara
aston_villa,SET_PIECE_KEY_PASSES,CURRENT_MANAGER_REGIME,mgr:dcdf2dffc0c2,FTX-04FK8,1,1,0,2026-01-07,2026-01-07,0.017543859649122806,9,57,Victor Lindelöf
aston_villa,SET_PIECE_KEY_PASSES,CURRENT_MANAGER_REGIME,mgr:dcdf2dffc0c2,FTX-04GW7,2,2,0,2026-02-21,2026-03-22,0.03508771929824561,8,57,Jadon Sancho
aston_villa,SET_PIECE_KEY_PASSES,CURRENT_MANAGER_REGIME,mgr:dcdf2dffc0c2,FTX-04SPP,7,5,0,2026-02-01,2026-03-15,0.12280701754385964,4,57,Douglas Luiz
aston_villa,SET_PIECE_KEY_PASSES,CURRENT_MANAGER_REGIME,mgr:dcdf2dffc0c2,FTX-04TM0,11,9,0,2025-10-05,2026-05-15,0.19298245614035087,1,57,Lucas Digne
aston_villa,SET_PIECE_KEY_PASSES,CURRENT_MANAGER_REGIME,mgr:dcdf2dffc0c2,FTX-04YO7,10,9,0,2025-11-09,2026-05-24,0.17543859649122806,2,57,Youri Tielemans
aston_villa,SET_PIECE_KEY_PASSES,CURRENT_MANAGER_REGIME,mgr:dcdf2dffc0c2,FTX-051K0,6,6,0,2025-09-13,2026-05-10,0.10526315789473684,5,57,John McGinn
aston_villa,SET_PIECE_KEY_PASSES,CURRENT_MANAGER_REGIME,mgr:dcdf2dffc0c2,FTX-051KL,2,2,0,2025-10-26,2025-11-09,0.03508771929824561,8,57,Emiliano Buendía
aston_villa,SET_PIECE_KEY_PASSES,CURRENT_MANAGER_REGIME,mgr:dcdf2dffc0c2,FTX-052CB,4,3,0,2025-08-31,2026-05-24,0.07017543859649122,6,57,Ian Maatsen
aston_villa,SET_PIECE_KEY_PASSES,CURRENT_MANAGER_REGIME,mgr:dcdf2dffc0c2,FTX-05O4B,9,8,0,2025-09-13,2026-05-10,0.15789473684210525,3,57,Matty Cash
aston_villa,SET_PIECE_KEY_PASSES,CURRENT_MANAGER_REGIME,mgr:dcdf2dffc0c2,FTX-05UNS,3,3,0,2026-02-01,2026-05-03,0.05263157894736842,7,57,Leon Bailey
aston_villa,SET_PIECE_KEY_PASSES,CURRENT_MANAGER_REGIME,mgr:dcdf2dffc0c2,FTX-061VA,1,1,0,2025-09-21,2025-09-21,0.017543859649122806,9,57,Boubacar Kamara
aston_villa,SET_PIECE_KEY_PASSES,CURRENT_MANAGER_REGIME,mgr:dcdf2dffc0c2,FTX-063HU,1,1,0,2026-01-25,2026-01-25,0.017543859649122806,9,57,Amadou Onana
aston_villa,SET_PIECE_KEY_PASSES,LAST_10,,FTX-04GW7,1,1,0,2026-03-22,2026-03-22,0.0625,4,16,Jadon Sancho
aston_villa,SET_PIECE_KEY_PASSES,LAST_10,,FTX-04SPP,1,1,0,2026-03-15,2026-03-15,0.0625,4,16,Douglas Luiz
aston_villa,SET_PIECE_KEY_PASSES,LAST_10,,FTX-04TM0,3,3,0,2026-03-22,2026-05-15,0.1875,2,16,Lucas Digne
aston_villa,SET_PIECE_KEY_PASSES,LAST_10,,FTX-04YO7,4,3,0,2026-04-12,2026-05-24,0.25,1,16,Youri Tielemans
aston_villa,SET_PIECE_KEY_PASSES,LAST_10,,FTX-051K0,3,3,0,2026-03-15,2026-05-10,0.1875,2,16,John McGinn
aston_villa,SET_PIECE_KEY_PASSES,LAST_10,,FTX-052CB,1,1,0,2026-05-24,2026-05-24,0.0625,4,16,Ian Maatsen
aston_villa,SET_PIECE_KEY_PASSES,LAST_10,,FTX-05O4B,2,2,0,2026-05-03,2026-05-10,0.125,3,16,Matty Cash
aston_villa,SET_PIECE_KEY_PASSES,LAST_10,,FTX-05UNS,1,1,0,2026-05-03,2026-05-03,0.0625,4,16,Leon Bailey
aston_villa,SET_PIECE_KEY_PASSES,LAST_5,,FTX-04TM0,1,1,0,2026-05-15,2026-05-15,0.1111111111111111,3,9,Lucas Digne
aston_villa,SET_PIECE_KEY_PASSES,LAST_5,,FTX-04YO7,3,2,0,2026-05-15,2026-05-24,0.3333333333333333,1,9,Youri Tielemans
aston_villa,SET_PIECE_KEY_PASSES,LAST_5,,FTX-051K0,1,1,0,2026-05-10,2026-05-10,0.1111111111111111,3,9,John McGinn
aston_villa,SET_PIECE_KEY_PASSES,LAST_5,,FTX-052CB,1,1,0,2026-05-24,2026-05-24,0.1111111111111111,3,9,Ian Maatsen
aston_villa,SET_PIECE_KEY_PASSES,LAST_5,,FTX-05O4B,2,2,0,2026-05-03,2026-05-10,0.2222222222222222,2,9,Matty Cash
aston_villa,SET_PIECE_KEY_PASSES,LAST_5,,FTX-05UNS,1,1,0,2026-05-03,2026-05-03,0.1111111111111111,3,9,Leon Bailey
aston_villa,SET_PIECE_KEY_PASSES,SEASON,,FTX-04FK8,1,1,0,2026-01-07,2026-01-07,0.017543859649122806,9,57,Victor Lindelöf
aston_villa,SET_PIECE_KEY_PASSES,SEASON,,FTX-04GW7,2,2,0,2026-02-21,2026-03-22,0.03508771929824561,8,57,Jadon Sancho
aston_villa,SET_PIECE_KEY_PASSES,SEASON,,FTX-04SPP,7,5,0,2026-02-01,2026-03-15,0.12280701754385964,4,57,Douglas Luiz
aston_villa,SET_PIECE_KEY_PASSES,SEASON,,FTX-04TM0,11,9,0,2025-10-05,2026-05-15,0.19298245614035087,1,57,Lucas Digne
aston_villa,SET_PIECE_KEY_PASSES,SEASON,,FTX-04YO7,10,9,0,2025-11-09,2026-05-24,0.17543859649122806,2,57,Youri Tielemans
aston_villa,SET_PIECE_KEY_PASSES,SEASON,,FTX-051K0,6,6,0,2025-09-13,2026-05-10,0.10526315789473684,5,57,John McGinn
aston_villa,SET_PIECE_KEY_PASSES,SEASON,,FTX-051KL,2,2,0,2025-10-26,2025-11-09,0.03508771929824561,8,57,Emiliano Buendía
aston_villa,SET_PIECE_KEY_PASSES,SEASON,,FTX-052CB,4,3,0,2025-08-31,2026-05-24,0.07017543859649122,6,57,Ian Maatsen
aston_villa,SET_PIECE_KEY_PASSES,SEASON,,FTX-05O4B,9,8,0,2025-09-13,2026-05-10,0.15789473684210525,3,57,Matty Cash
aston_villa,SET_PIECE_KEY_PASSES,SEASON,,FTX-05UNS,3,3,0,2026-02-01,2026-05-03,0.05263157894736842,7,57,Leon Bailey
aston_villa,SET_PIECE_KEY_PASSES,SEASON,,FTX-061VA,1,1,0,2025-09-21,2025-09-21,0.017543859649122806,9,57,Boubacar Kamara
aston_villa,SET_PIECE_KEY_PASSES,SEASON,,FTX-063HU,1,1,0,2026-01-25,2026-01-25,0.017543859649122806,9,57,Amadou Onana
aston_villa,SHORT_INDIRECT_FREE_KICKS,CURRENT_MANAGER_REGIME,mgr:dcdf2dffc0c2,FTX-02LZ0,37,23,0,2025-08-23,2026-05-15,0.3162393162393162,1,117,Emiliano Martínez
aston_villa,SHORT_INDIRECT_FREE_KICKS,CURRENT_MANAGER_REGIME,mgr:dcdf2dffc0c2,FTX-03REC,10,7,0,2025-08-31,2026-05-03,0.08547008547008547,4,117,Tyrone Mings
aston_villa,SHORT_INDIRECT_FREE_KICKS,CURRENT_MANAGER_REGIME,mgr:dcdf2dffc0c2,FTX-04FK8,3,2,0,2026-01-03,2026-01-07,0.02564102564102564,6,117,Victor Lindelöf
aston_villa,SHORT_INDIRECT_FREE_KICKS,CURRENT_MANAGER_REGIME,mgr:dcdf2dffc0c2,FTX-04SPP,2,2,0,2026-02-01,2026-02-11,0.017094017094017096,7,117,Douglas Luiz
aston_villa,SHORT_INDIRECT_FREE_KICKS,CURRENT_MANAGER_REGIME,mgr:dcdf2dffc0c2,FTX-04TM0,3,2,0,2025-12-30,2026-03-22,0.02564102564102564,6,117,Lucas Digne
aston_villa,SHORT_INDIRECT_FREE_KICKS,CURRENT_MANAGER_REGIME,mgr:dcdf2dffc0c2,FTX-04YO7,2,2,0,2026-01-03,2026-04-25,0.017094017094017096,7,117,Youri Tielemans
aston_villa,SHORT_INDIRECT_FREE_KICKS,CURRENT_MANAGER_REGIME,mgr:dcdf2dffc0c2,FTX-051KL,1,1,0,2026-03-15,2026-03-15,0.008547008547008548,8,117,Emiliano Buendía
aston_villa,SHORT_INDIRECT_FREE_KICKS,CURRENT_MANAGER_REGIME,mgr:dcdf2dffc0c2,FTX-052CA,26,14,0,2025-08-16,2026-05-10,0.2222222222222222,2,117,Ezri Konsa
aston_villa,SHORT_INDIRECT_FREE_KICKS,CURRENT_MANAGER_REGIME,mgr:dcdf2dffc0c2,FTX-052CB,2,2,0,2025-08-31,2026-04-19,0.017094017094017096,7,117,Ian Maatsen
aston_villa,SHORT_INDIRECT_FREE_KICKS,CURRENT_MANAGER_REGIME,mgr:dcdf2dffc0c2,FTX-05O4B,2,2,0,2025-08-31,2026-02-01,0.017094017094017096,7,117,Matty Cash
aston_villa,SHORT_INDIRECT_FREE_KICKS,CURRENT_MANAGER_REGIME,mgr:dcdf2dffc0c2,FTX-05R4H,5,5,0,2025-09-28,2026-04-25,0.042735042735042736,5,117,Lamare Bogarde
aston_villa,SHORT_INDIRECT_FREE_KICKS,CURRENT_MANAGER_REGIME,mgr:dcdf2dffc0c2,FTX-05UHT,1,1,0,2025-12-03,2025-12-03,0.008547008547008548,8,117,Morgan Rogers
aston_villa,SHORT_INDIRECT_FREE_KICKS,CURRENT_MANAGER_REGIME,mgr:dcdf2dffc0c2,FTX-06CRM,21,11,0,2025-09-28,2026-05-15,0.1794871794871795,3,117,Pau Torres
aston_villa,SHORT_INDIRECT_FREE_KICKS,CURRENT_MANAGER_REGIME,mgr:dcdf2dffc0c2,FTX-06YMT,2,2,0,2025-12-03,2026-05-24,0.017094017094017096,7,117,Marco Bizot
aston_villa,SHORT_INDIRECT_FREE_KICKS,LAST_10,,FTX-02LZ0,5,4,0,2026-03-22,2026-05-15,0.1724137931034483,2,29,Emiliano Martínez
aston_villa,SHORT_INDIRECT_FREE_KICKS,LAST_10,,FTX-03REC,7,4,0,2026-03-04,2026-05-03,0.2413793103448276,1,29,Tyrone Mings
aston_villa,SHORT_INDIRECT_FREE_KICKS,LAST_10,,FTX-04TM0,1,1,0,2026-03-22,2026-03-22,0.034482758620689655,4,29,Lucas Digne
aston_villa,SHORT_INDIRECT_FREE_KICKS,LAST_10,,FTX-04YO7,1,1,0,2026-04-25,2026-04-25,0.034482758620689655,4,29,Youri Tielemans
aston_villa,SHORT_INDIRECT_FREE_KICKS,LAST_10,,FTX-051KL,1,1,0,2026-03-15,2026-03-15,0.034482758620689655,4,29,Emiliano Buendía
aston_villa,SHORT_INDIRECT_FREE_KICKS,LAST_10,,FTX-052CA,5,3,0,2026-03-22,2026-05-10,0.1724137931034483,2,29,Ezri Konsa
aston_villa,SHORT_INDIRECT_FREE_KICKS,LAST_10,,FTX-052CB,1,1,0,2026-04-19,2026-04-19,0.034482758620689655,4,29,Ian Maatsen
aston_villa,SHORT_INDIRECT_FREE_KICKS,LAST_10,,FTX-05R4H,2,2,0,2026-03-04,2026-04-25,0.06896551724137931,3,29,Lamare Bogarde
aston_villa,SHORT_INDIRECT_FREE_KICKS,LAST_10,,FTX-06CRM,5,2,0,2026-04-25,2026-05-15,0.1724137931034483,2,29,Pau Torres
aston_villa,SHORT_INDIRECT_FREE_KICKS,LAST_10,,FTX-06YMT,1,1,0,2026-05-24,2026-05-24,0.034482758620689655,4,29,Marco Bizot
aston_villa,SHORT_INDIRECT_FREE_KICKS,LAST_5,,FTX-02LZ0,2,2,0,2026-04-25,2026-05-15,0.1111111111111111,3,18,Emiliano Martínez
aston_villa,SHORT_INDIRECT_FREE_KICKS,LAST_5,,FTX-03REC,4,1,0,2026-05-03,2026-05-03,0.2222222222222222,2,18,Tyrone Mings
aston_villa,SHORT_INDIRECT_FREE_KICKS,LAST_5,,FTX-04YO7,1,1,0,2026-04-25,2026-04-25,0.05555555555555555,4,18,Youri Tielemans
aston_villa,SHORT_INDIRECT_FREE_KICKS,LAST_5,,FTX-052CA,4,2,0,2026-04-25,2026-05-10,0.2222222222222222,2,18,Ezri Konsa
aston_villa,SHORT_INDIRECT_FREE_KICKS,LAST_5,,FTX-05R4H,1,1,0,2026-04-25,2026-04-25,0.05555555555555555,4,18,Lamare Bogarde
aston_villa,SHORT_INDIRECT_FREE_KICKS,LAST_5,,FTX-06CRM,5,2,0,2026-04-25,2026-05-15,0.2777777777777778,1,18,Pau Torres
aston_villa,SHORT_INDIRECT_FREE_KICKS,LAST_5,,FTX-06YMT,1,1,0,2026-05-24,2026-05-24,0.05555555555555555,4,18,Marco Bizot
aston_villa,SHORT_INDIRECT_FREE_KICKS,SEASON,,FTX-02LZ0,37,23,0,2025-08-23,2026-05-15,0.3162393162393162,1,117,Emiliano Martínez
aston_villa,SHORT_INDIRECT_FREE_KICKS,SEASON,,FTX-03REC,10,7,0,2025-08-31,2026-05-03,0.08547008547008547,4,117,Tyrone Mings
aston_villa,SHORT_INDIRECT_FREE_KICKS,SEASON,,FTX-04FK8,3,2,0,2026-01-03,2026-01-07,0.02564102564102564,6,117,Victor Lindelöf
aston_villa,SHORT_INDIRECT_FREE_KICKS,SEASON,,FTX-04SPP,2,2,0,2026-02-01,2026-02-11,0.017094017094017096,7,117,Douglas Luiz
aston_villa,SHORT_INDIRECT_FREE_KICKS,SEASON,,FTX-04TM0,3,2,0,2025-12-30,2026-03-22,0.02564102564102564,6,117,Lucas Digne
aston_villa,SHORT_INDIRECT_FREE_KICKS,SEASON,,FTX-04YO7,2,2,0,2026-01-03,2026-04-25,0.017094017094017096,7,117,Youri Tielemans
aston_villa,SHORT_INDIRECT_FREE_KICKS,SEASON,,FTX-051KL,1,1,0,2026-03-15,2026-03-15,0.008547008547008548,8,117,Emiliano Buendía
aston_villa,SHORT_INDIRECT_FREE_KICKS,SEASON,,FTX-052CA,26,14,0,2025-08-16,2026-05-10,0.2222222222222222,2,117,Ezri Konsa
aston_villa,SHORT_INDIRECT_FREE_KICKS,SEASON,,FTX-052CB,2,2,0,2025-08-31,2026-04-19,0.017094017094017096,7,117,Ian Maatsen
aston_villa,SHORT_INDIRECT_FREE_KICKS,SEASON,,FTX-05O4B,2,2,0,2025-08-31,2026-02-01,0.017094017094017096,7,117,Matty Cash
aston_villa,SHORT_INDIRECT_FREE_KICKS,SEASON,,FTX-05R4H,5,5,0,2025-09-28,2026-04-25,0.042735042735042736,5,117,Lamare Bogarde
aston_villa,SHORT_INDIRECT_FREE_KICKS,SEASON,,FTX-05UHT,1,1,0,2025-12-03,2025-12-03,0.008547008547008548,8,117,Morgan Rogers
aston_villa,SHORT_INDIRECT_FREE_KICKS,SEASON,,FTX-06CRM,21,11,0,2025-09-28,2026-05-15,0.1794871794871795,3,117,Pau Torres
aston_villa,SHORT_INDIRECT_FREE_KICKS,SEASON,,FTX-06YMT,2,2,0,2025-12-03,2026-05-24,0.017094017094017096,7,117,Marco Bizot
bournemouth,ALL_CORNERS,CURRENT_MANAGER_REGIME,mgr:b4b8eecb310f,FTX-043QY,26,9,0,2025-11-09,2026-02-07,0.12380952380952381,3,210,Lewis Cook
bournemouth,ALL_CORNERS,CURRENT_MANAGER_REGIME,mgr:b4b8eecb310f,FTX-04RH9,22,12,0,2025-08-15,2026-04-22,0.10476190476190476,4,210,David Brooks
bournemouth,ALL_CORNERS,CURRENT_MANAGER_REGIME,mgr:b4b8eecb310f,FTX-061VE,4,4,0,2026-01-31,2026-03-03,0.01904761904761905,7,210,Ryan Christie
bournemouth,ALL_CORNERS,CURRENT_MANAGER_REGIME,mgr:b4b8eecb310f,FTX-0639X,62,25,0,2025-08-15,2026-05-24,0.29523809523809524,1,210,Marcus Tavernier
bournemouth,ALL_CORNERS,CURRENT_MANAGER_REGIME,mgr:b4b8eecb310f,FTX-068YR,1,1,0,2025-08-15,2025-08-15,0.004761904761904762,9,210,Hamed Traoré
bournemouth,ALL_CORNERS,CURRENT_MANAGER_REGIME,mgr:b4b8eecb310f,FTX-06CLT,20,12,0,2025-08-23,2026-01-03,0.09523809523809523,5,210,Justin Kluivert
bournemouth,ALL_CORNERS,CURRENT_MANAGER_REGIME,mgr:b4b8eecb310f,FTX-06F8Y,56,21,0,2025-08-15,2026-05-19,0.26666666666666666,2,210,Alex Scott
bournemouth,ALL_CORNERS,CURRENT_MANAGER_REGIME,mgr:b4b8eecb310f,FTX-06UYC,1,1,0,2025-11-22,2025-11-22,0.004761904761904762,9,210,Adrien Truffert
bournemouth,ALL_CORNERS,CURRENT_MANAGER_REGIME,mgr:b4b8eecb310f,FTX-070CI,15,5,0,2025-09-21,2026-04-22,0.07142857142857142,6,210,Amine Adli
bournemouth,ALL_CORNERS,CURRENT_MANAGER_REGIME,mgr:b4b8eecb310f,FTX-072PC,2,2,0,2026-02-10,2026-05-24,0.009523809523809525,8,210,Alex Tóth
bournemouth,ALL_CORNERS,CURRENT_MANAGER_REGIME,mgr:b4b8eecb310f,FTX-072WQ,1,1,0,2026-02-28,2026-02-28,0.004761904761904762,9,210,Rayan
bournemouth,ALL_CORNERS,LAST_10,,FTX-04RH9,5,1,0,2026-04-22,2026-04-22,0.09433962264150944,3,53,David Brooks
bournemouth,ALL_CORNERS,LAST_10,,FTX-061VE,1,1,0,2026-03-03,2026-03-03,0.018867924528301886,4,53,Ryan Christie
bournemouth,ALL_CORNERS,LAST_10,,FTX-0639X,23,8,0,2026-03-03,2026-05-24,0.4339622641509434,1,53,Marcus Tavernier
bournemouth,ALL_CORNERS,LAST_10,,FTX-06F8Y,22,8,0,2026-03-03,2026-05-19,0.41509433962264153,2,53,Alex Scott
bournemouth,ALL_CORNERS,LAST_10,,FTX-070CI,1,1,0,2026-04-22,2026-04-22,0.018867924528301886,4,53,Amine Adli
bournemouth,ALL_CORNERS,LAST_10,,FTX-072PC,1,1,0,2026-05-24,2026-05-24,0.018867924528301886,4,53,Alex Tóth
bournemouth,ALL_CORNERS,LAST_5,,FTX-04RH9,5,1,0,2026-04-22,2026-04-22,0.16129032258064516,3,31,David Brooks
bournemouth,ALL_CORNERS,LAST_5,,FTX-0639X,10,4,0,2026-05-03,2026-05-24,0.3225806451612903,2,31,Marcus Tavernier
bournemouth,ALL_CORNERS,LAST_5,,FTX-06F8Y,14,4,0,2026-04-22,2026-05-19,0.45161290322580644,1,31,Alex Scott
bournemouth,ALL_CORNERS,LAST_5,,FTX-070CI,1,1,0,2026-04-22,2026-04-22,0.03225806451612903,4,31,Amine Adli
bournemouth,ALL_CORNERS,LAST_5,,FTX-072PC,1,1,0,2026-05-24,2026-05-24,0.03225806451612903,4,31,Alex Tóth
bournemouth,ALL_CORNERS,SEASON,,FTX-043QY,26,9,0,2025-11-09,2026-02-07,0.12380952380952381,3,210,Lewis Cook
bournemouth,ALL_CORNERS,SEASON,,FTX-04RH9,22,12,0,2025-08-15,2026-04-22,0.10476190476190476,4,210,David Brooks
bournemouth,ALL_CORNERS,SEASON,,FTX-061VE,4,4,0,2026-01-31,2026-03-03,0.01904761904761905,7,210,Ryan Christie
bournemouth,ALL_CORNERS,SEASON,,FTX-0639X,62,25,0,2025-08-15,2026-05-24,0.29523809523809524,1,210,Marcus Tavernier
bournemouth,ALL_CORNERS,SEASON,,FTX-068YR,1,1,0,2025-08-15,2025-08-15,0.004761904761904762,9,210,Hamed Traoré
bournemouth,ALL_CORNERS,SEASON,,FTX-06CLT,20,12,0,2025-08-23,2026-01-03,0.09523809523809523,5,210,Justin Kluivert
bournemouth,ALL_CORNERS,SEASON,,FTX-06F8Y,56,21,0,2025-08-15,2026-05-19,0.26666666666666666,2,210,Alex Scott
bournemouth,ALL_CORNERS,SEASON,,FTX-06UYC,1,1,0,2025-11-22,2025-11-22,0.004761904761904762,9,210,Adrien Truffert
bournemouth,ALL_CORNERS,SEASON,,FTX-070CI,15,5,0,2025-09-21,2026-04-22,0.07142857142857142,6,210,Amine Adli
bournemouth,ALL_CORNERS,SEASON,,FTX-072PC,2,2,0,2026-02-10,2026-05-24,0.009523809523809525,8,210,Alex Tóth
bournemouth,ALL_CORNERS,SEASON,,FTX-072WQ,1,1,0,2026-02-28,2026-02-28,0.004761904761904762,9,210,Rayan
bournemouth,DIRECT_FREE_KICKS,CURRENT_MANAGER_REGIME,mgr:b4b8eecb310f,FTX-03SBH,5,5,0,2025-11-29,2026-05-24,0.23809523809523808,2,21,Enes Ünal
bournemouth,DIRECT_FREE_KICKS,CURRENT_MANAGER_REGIME,mgr:b4b8eecb310f,FTX-04RH9,2,2,0,2025-08-30,2025-09-13,0.09523809523809523,4,21,David Brooks
bournemouth,DIRECT_FREE_KICKS,CURRENT_MANAGER_REGIME,mgr:b4b8eecb310f,FTX-0639X,7,7,1,2025-08-15,2026-05-24,0.3333333333333333,1,21,Marcus Tavernier
bournemouth,DIRECT_FREE_KICKS,CURRENT_MANAGER_REGIME,mgr:b4b8eecb310f,FTX-068Y0,1,1,1,2025-09-27,2025-09-27,0.047619047619047616,5,21,Antoine Semenyo
bournemouth,DIRECT_FREE_KICKS,CURRENT_MANAGER_REGIME,mgr:b4b8eecb310f,FTX-06CLT,3,3,0,2025-08-23,2026-01-03,0.14285714285714285,3,21,Justin Kluivert
bournemouth,DIRECT_FREE_KICKS,CURRENT_MANAGER_REGIME,mgr:b4b8eecb310f,FTX-06F8Y,2,2,0,2026-01-24,2026-05-03,0.09523809523809523,4,21,Alex Scott
bournemouth,DIRECT_FREE_KICKS,CURRENT_MANAGER_REGIME,mgr:b4b8eecb310f,FTX-070CI,1,1,0,2025-09-13,2025-09-13,0.047619047619047616,5,21,Amine Adli
bournemouth,DIRECT_FREE_KICKS,LAST_10,,FTX-03SBH,2,2,0,2026-05-03,2026-05-24,0.4,1,5,Enes Ünal
bournemouth,DIRECT_FREE_KICKS,LAST_10,,FTX-0639X,2,2,0,2026-03-20,2026-05-24,0.4,1,5,Marcus Tavernier
bournemouth,DIRECT_FREE_KICKS,LAST_10,,FTX-06F8Y,1,1,0,2026-05-03,2026-05-03,0.2,2,5,Alex Scott
bournemouth,DIRECT_FREE_KICKS,LAST_5,,FTX-03SBH,2,2,0,2026-05-03,2026-05-24,0.5,1,4,Enes Ünal
bournemouth,DIRECT_FREE_KICKS,LAST_5,,FTX-0639X,1,1,0,2026-05-24,2026-05-24,0.25,2,4,Marcus Tavernier
bournemouth,DIRECT_FREE_KICKS,LAST_5,,FTX-06F8Y,1,1,0,2026-05-03,2026-05-03,0.25,2,4,Alex Scott
bournemouth,DIRECT_FREE_KICKS,SEASON,,FTX-03SBH,5,5,0,2025-11-29,2026-05-24,0.23809523809523808,2,21,Enes Ünal
bournemouth,DIRECT_FREE_KICKS,SEASON,,FTX-04RH9,2,2,0,2025-08-30,2025-09-13,0.09523809523809523,4,21,David Brooks
bournemouth,DIRECT_FREE_KICKS,SEASON,,FTX-0639X,7,7,1,2025-08-15,2026-05-24,0.3333333333333333,1,21,Marcus Tavernier
bournemouth,DIRECT_FREE_KICKS,SEASON,,FTX-068Y0,1,1,1,2025-09-27,2025-09-27,0.047619047619047616,5,21,Antoine Semenyo
bournemouth,DIRECT_FREE_KICKS,SEASON,,FTX-06CLT,3,3,0,2025-08-23,2026-01-03,0.14285714285714285,3,21,Justin Kluivert
bournemouth,DIRECT_FREE_KICKS,SEASON,,FTX-06F8Y,2,2,0,2026-01-24,2026-05-03,0.09523809523809523,4,21,Alex Scott
bournemouth,DIRECT_FREE_KICKS,SEASON,,FTX-070CI,1,1,0,2025-09-13,2025-09-13,0.047619047619047616,5,21,Amine Adli
bournemouth,PENALTIES,CURRENT_MANAGER_REGIME,mgr:b4b8eecb310f,FTX-0639X,2,2,2,2025-11-22,2026-01-19,0.5,1,4,Marcus Tavernier
bournemouth,PENALTIES,CURRENT_MANAGER_REGIME,mgr:b4b8eecb310f,FTX-068Y0,2,2,1,2025-09-13,2025-11-09,0.5,1,4,Antoine Semenyo
bournemouth,PENALTIES,SEASON,,FTX-0639X,2,2,2,2025-11-22,2026-01-19,0.5,1,4,Marcus Tavernier
bournemouth,PENALTIES,SEASON,,FTX-068Y0,2,2,1,2025-09-13,2025-11-09,0.5,1,4,Antoine Semenyo
bournemouth,SET_PIECE_CROSSES,CURRENT_MANAGER_REGIME,mgr:b4b8eecb310f,FTX-043QY,30,11,0,2025-11-09,2026-02-07,0.14285714285714285,3,210,Lewis Cook
bournemouth,SET_PIECE_CROSSES,CURRENT_MANAGER_REGIME,mgr:b4b8eecb310f,FTX-04RH9,25,11,0,2025-08-15,2026-04-22,0.11904761904761904,4,210,David Brooks
bournemouth,SET_PIECE_CROSSES,CURRENT_MANAGER_REGIME,mgr:b4b8eecb310f,FTX-061VE,5,5,0,2025-09-27,2026-02-28,0.023809523809523808,7,210,Ryan Christie
bournemouth,SET_PIECE_CROSSES,CURRENT_MANAGER_REGIME,mgr:b4b8eecb310f,FTX-0639X,47,23,0,2025-08-15,2026-05-24,0.22380952380952382,2,210,Marcus Tavernier
bournemouth,SET_PIECE_CROSSES,CURRENT_MANAGER_REGIME,mgr:b4b8eecb310f,FTX-068YR,1,1,0,2025-08-15,2025-08-15,0.004761904761904762,9,210,Hamed Traoré
bournemouth,SET_PIECE_CROSSES,CURRENT_MANAGER_REGIME,mgr:b4b8eecb310f,FTX-06CLT,21,11,0,2025-09-13,2026-01-03,0.1,5,210,Justin Kluivert
bournemouth,SET_PIECE_CROSSES,CURRENT_MANAGER_REGIME,mgr:b4b8eecb310f,FTX-06F8Y,61,20,0,2025-08-15,2026-05-19,0.2904761904761905,1,210,Alex Scott
bournemouth,SET_PIECE_CROSSES,CURRENT_MANAGER_REGIME,mgr:b4b8eecb310f,FTX-06UYC,3,3,0,2025-08-30,2026-03-14,0.014285714285714285,8,210,Adrien Truffert
bournemouth,SET_PIECE_CROSSES,CURRENT_MANAGER_REGIME,mgr:b4b8eecb310f,FTX-070CI,15,6,0,2025-09-21,2026-02-21,0.07142857142857142,6,210,Amine Adli
bournemouth,SET_PIECE_CROSSES,CURRENT_MANAGER_REGIME,mgr:b4b8eecb310f,FTX-072PC,1,1,0,2026-02-10,2026-02-10,0.004761904761904762,9,210,Alex Tóth
bournemouth,SET_PIECE_CROSSES,CURRENT_MANAGER_REGIME,mgr:b4b8eecb310f,FTX-072WQ,1,1,0,2026-02-28,2026-02-28,0.004761904761904762,9,210,Rayan
bournemouth,SET_PIECE_CROSSES,LAST_10,,FTX-04RH9,4,1,0,2026-04-22,2026-04-22,0.08163265306122448,3,49,David Brooks
bournemouth,SET_PIECE_CROSSES,LAST_10,,FTX-0639X,21,8,0,2026-03-03,2026-05-24,0.42857142857142855,2,49,Marcus Tavernier
bournemouth,SET_PIECE_CROSSES,LAST_10,,FTX-06F8Y,23,7,0,2026-03-14,2026-05-19,0.46938775510204084,1,49,Alex Scott
bournemouth,SET_PIECE_CROSSES,LAST_10,,FTX-06UYC,1,1,0,2026-03-14,2026-03-14,0.02040816326530612,4,49,Adrien Truffert
bournemouth,SET_PIECE_CROSSES,LAST_5,,FTX-04RH9,4,1,0,2026-04-22,2026-04-22,0.13333333333333333,3,30,David Brooks
bournemouth,SET_PIECE_CROSSES,LAST_5,,FTX-0639X,11,4,0,2026-05-03,2026-05-24,0.36666666666666664,2,30,Marcus Tavernier
bournemouth,SET_PIECE_CROSSES,LAST_5,,FTX-06F8Y,15,4,0,2026-04-22,2026-05-19,0.5,1,30,Alex Scott
bournemouth,SET_PIECE_CROSSES,SEASON,,FTX-043QY,30,11,0,2025-11-09,2026-02-07,0.14285714285714285,3,210,Lewis Cook
bournemouth,SET_PIECE_CROSSES,SEASON,,FTX-04RH9,25,11,0,2025-08-15,2026-04-22,0.11904761904761904,4,210,David Brooks
bournemouth,SET_PIECE_CROSSES,SEASON,,FTX-061VE,5,5,0,2025-09-27,2026-02-28,0.023809523809523808,7,210,Ryan Christie
bournemouth,SET_PIECE_CROSSES,SEASON,,FTX-0639X,47,23,0,2025-08-15,2026-05-24,0.22380952380952382,2,210,Marcus Tavernier
bournemouth,SET_PIECE_CROSSES,SEASON,,FTX-068YR,1,1,0,2025-08-15,2025-08-15,0.004761904761904762,9,210,Hamed Traoré
bournemouth,SET_PIECE_CROSSES,SEASON,,FTX-06CLT,21,11,0,2025-09-13,2026-01-03,0.1,5,210,Justin Kluivert
bournemouth,SET_PIECE_CROSSES,SEASON,,FTX-06F8Y,61,20,0,2025-08-15,2026-05-19,0.2904761904761905,1,210,Alex Scott
bournemouth,SET_PIECE_CROSSES,SEASON,,FTX-06UYC,3,3,0,2025-08-30,2026-03-14,0.014285714285714285,8,210,Adrien Truffert
bournemouth,SET_PIECE_CROSSES,SEASON,,FTX-070CI,15,6,0,2025-09-21,2026-02-21,0.07142857142857142,6,210,Amine Adli
bournemouth,SET_PIECE_CROSSES,SEASON,,FTX-072PC,1,1,0,2026-02-10,2026-02-10,0.004761904761904762,9,210,Alex Tóth
bournemouth,SET_PIECE_CROSSES,SEASON,,FTX-072WQ,1,1,0,2026-02-28,2026-02-28,0.004761904761904762,9,210,Rayan
bournemouth,SET_PIECE_KEY_PASSES,CURRENT_MANAGER_REGIME,mgr:b4b8eecb310f,FTX-043QY,2,2,0,2026-01-03,2026-02-07,0.06060606060606061,3,33,Lewis Cook
bournemouth,SET_PIECE_KEY_PASSES,CURRENT_MANAGER_REGIME,mgr:b4b8eecb310f,FTX-04RH9,4,3,0,2025-08-15,2026-04-22,0.12121212121212122,2,33,David Brooks
bournemouth,SET_PIECE_KEY_PASSES,CURRENT_MANAGER_REGIME,mgr:b4b8eecb310f,FTX-061VB,2,2,0,2026-02-10,2026-05-19,0.06060606060606061,3,33,James Hill
bournemouth,SET_PIECE_KEY_PASSES,CURRENT_MANAGER_REGIME,mgr:b4b8eecb310f,FTX-061VE,1,1,0,2026-01-31,2026-01-31,0.030303030303030304,4,33,Ryan Christie
bournemouth,SET_PIECE_KEY_PASSES,CURRENT_MANAGER_REGIME,mgr:b4b8eecb310f,FTX-062H7,1,1,0,2026-04-22,2026-04-22,0.030303030303030304,4,33,Tyler Adams
bournemouth,SET_PIECE_KEY_PASSES,CURRENT_MANAGER_REGIME,mgr:b4b8eecb310f,FTX-0639X,8,6,0,2025-11-09,2026-05-19,0.24242424242424243,1,33,Marcus Tavernier
bournemouth,SET_PIECE_KEY_PASSES,CURRENT_MANAGER_REGIME,mgr:b4b8eecb310f,FTX-063E7,2,2,0,2025-09-27,2026-01-07,0.06060606060606061,3,33,Marcos Senesi
bournemouth,SET_PIECE_KEY_PASSES,CURRENT_MANAGER_REGIME,mgr:b4b8eecb310f,FTX-06CLT,2,2,0,2025-12-30,2026-01-03,0.06060606060606061,3,33,Justin Kluivert
bournemouth,SET_PIECE_KEY_PASSES,CURRENT_MANAGER_REGIME,mgr:b4b8eecb310f,FTX-06F8Y,8,7,0,2025-08-23,2026-05-03,0.24242424242424243,1,33,Alex Scott
bournemouth,SET_PIECE_KEY_PASSES,CURRENT_MANAGER_REGIME,mgr:b4b8eecb310f,FTX-06P6J,1,1,0,2026-01-24,2026-01-24,0.030303030303030304,4,33,Evanilson
bournemouth,SET_PIECE_KEY_PASSES,CURRENT_MANAGER_REGIME,mgr:b4b8eecb310f,FTX-070CI,1,1,0,2026-02-07,2026-02-07,0.030303030303030304,4,33,Amine Adli
bournemouth,SET_PIECE_KEY_PASSES,CURRENT_MANAGER_REGIME,mgr:b4b8eecb310f,FTX-072PC,1,1,0,2026-05-24,2026-05-24,0.030303030303030304,4,33,Alex Tóth
bournemouth,SET_PIECE_KEY_PASSES,LAST_10,,FTX-04RH9,1,1,0,2026-04-22,2026-04-22,0.07692307692307693,3,13,David Brooks
bournemouth,SET_PIECE_KEY_PASSES,LAST_10,,FTX-061VB,1,1,0,2026-05-19,2026-05-19,0.07692307692307693,3,13,James Hill
bournemouth,SET_PIECE_KEY_PASSES,LAST_10,,FTX-062H7,1,1,0,2026-04-22,2026-04-22,0.07692307692307693,3,13,Tyler Adams
bournemouth,SET_PIECE_KEY_PASSES,LAST_10,,FTX-0639X,6,4,0,2026-03-14,2026-05-19,0.46153846153846156,1,13,Marcus Tavernier
bournemouth,SET_PIECE_KEY_PASSES,LAST_10,,FTX-06F8Y,3,2,0,2026-04-22,2026-05-03,0.23076923076923078,2,13,Alex Scott
bournemouth,SET_PIECE_KEY_PASSES,LAST_10,,FTX-072PC,1,1,0,2026-05-24,2026-05-24,0.07692307692307693,3,13,Alex Tóth
bournemouth,SET_PIECE_KEY_PASSES,LAST_5,,FTX-04RH9,1,1,0,2026-04-22,2026-04-22,0.1111111111111111,3,9,David Brooks
bournemouth,SET_PIECE_KEY_PASSES,LAST_5,,FTX-061VB,1,1,0,2026-05-19,2026-05-19,0.1111111111111111,3,9,James Hill
bournemouth,SET_PIECE_KEY_PASSES,LAST_5,,FTX-062H7,1,1,0,2026-04-22,2026-04-22,0.1111111111111111,3,9,Tyler Adams
bournemouth,SET_PIECE_KEY_PASSES,LAST_5,,FTX-0639X,2,2,0,2026-05-09,2026-05-19,0.2222222222222222,2,9,Marcus Tavernier
bournemouth,SET_PIECE_KEY_PASSES,LAST_5,,FTX-06F8Y,3,2,0,2026-04-22,2026-05-03,0.3333333333333333,1,9,Alex Scott
bournemouth,SET_PIECE_KEY_PASSES,LAST_5,,FTX-072PC,1,1,0,2026-05-24,2026-05-24,0.1111111111111111,3,9,Alex Tóth
bournemouth,SET_PIECE_KEY_PASSES,SEASON,,FTX-043QY,2,2,0,2026-01-03,2026-02-07,0.06060606060606061,3,33,Lewis Cook
bournemouth,SET_PIECE_KEY_PASSES,SEASON,,FTX-04RH9,4,3,0,2025-08-15,2026-04-22,0.12121212121212122,2,33,David Brooks
bournemouth,SET_PIECE_KEY_PASSES,SEASON,,FTX-061VB,2,2,0,2026-02-10,2026-05-19,0.06060606060606061,3,33,James Hill
bournemouth,SET_PIECE_KEY_PASSES,SEASON,,FTX-061VE,1,1,0,2026-01-31,2026-01-31,0.030303030303030304,4,33,Ryan Christie
bournemouth,SET_PIECE_KEY_PASSES,SEASON,,FTX-062H7,1,1,0,2026-04-22,2026-04-22,0.030303030303030304,4,33,Tyler Adams
bournemouth,SET_PIECE_KEY_PASSES,SEASON,,FTX-0639X,8,6,0,2025-11-09,2026-05-19,0.24242424242424243,1,33,Marcus Tavernier
bournemouth,SET_PIECE_KEY_PASSES,SEASON,,FTX-063E7,2,2,0,2025-09-27,2026-01-07,0.06060606060606061,3,33,Marcos Senesi
bournemouth,SET_PIECE_KEY_PASSES,SEASON,,FTX-06CLT,2,2,0,2025-12-30,2026-01-03,0.06060606060606061,3,33,Justin Kluivert
bournemouth,SET_PIECE_KEY_PASSES,SEASON,,FTX-06F8Y,8,7,0,2025-08-23,2026-05-03,0.24242424242424243,1,33,Alex Scott
bournemouth,SET_PIECE_KEY_PASSES,SEASON,,FTX-06P6J,1,1,0,2026-01-24,2026-01-24,0.030303030303030304,4,33,Evanilson
bournemouth,SET_PIECE_KEY_PASSES,SEASON,,FTX-070CI,1,1,0,2026-02-07,2026-02-07,0.030303030303030304,4,33,Amine Adli
bournemouth,SET_PIECE_KEY_PASSES,SEASON,,FTX-072PC,1,1,0,2026-05-24,2026-05-24,0.030303030303030304,4,33,Alex Tóth
bournemouth,SHORT_INDIRECT_FREE_KICKS,CURRENT_MANAGER_REGIME,mgr:b4b8eecb310f,FTX-043QY,1,1,0,2025-11-22,2025-11-22,0.023255813953488372,4,43,Lewis Cook
bournemouth,SHORT_INDIRECT_FREE_KICKS,CURRENT_MANAGER_REGIME,mgr:b4b8eecb310f,FTX-061VB,1,1,0,2026-04-18,2026-04-18,0.023255813953488372,4,43,James Hill
bournemouth,SHORT_INDIRECT_FREE_KICKS,CURRENT_MANAGER_REGIME,mgr:b4b8eecb310f,FTX-062H7,1,1,0,2025-10-18,2025-10-18,0.023255813953488372,4,43,Tyler Adams
bournemouth,SHORT_INDIRECT_FREE_KICKS,CURRENT_MANAGER_REGIME,mgr:b4b8eecb310f,FTX-063E7,14,12,0,2025-08-23,2026-05-24,0.32558139534883723,2,43,Marcos Senesi
bournemouth,SHORT_INDIRECT_FREE_KICKS,CURRENT_MANAGER_REGIME,mgr:b4b8eecb310f,FTX-06FUW,19,16,0,2025-08-15,2026-05-09,0.4418604651162791,1,43,Djordje Petrovic
bournemouth,SHORT_INDIRECT_FREE_KICKS,CURRENT_MANAGER_REGIME,mgr:b4b8eecb310f,FTX-06UYC,1,1,0,2026-04-22,2026-04-22,0.023255813953488372,4,43,Adrien Truffert
bournemouth,SHORT_INDIRECT_FREE_KICKS,CURRENT_MANAGER_REGIME,mgr:b4b8eecb310f,FTX-0700U,6,6,0,2025-08-15,2025-11-29,0.13953488372093023,3,43,Bafodé Diakité
bournemouth,SHORT_INDIRECT_FREE_KICKS,LAST_10,,FTX-061VB,1,1,0,2026-04-18,2026-04-18,0.1,3,10,James Hill
bournemouth,SHORT_INDIRECT_FREE_KICKS,LAST_10,,FTX-063E7,6,4,0,2026-03-14,2026-05-24,0.6,1,10,Marcos Senesi
bournemouth,SHORT_INDIRECT_FREE_KICKS,LAST_10,,FTX-06FUW,2,2,0,2026-04-11,2026-05-09,0.2,2,10,Djordje Petrovic
bournemouth,SHORT_INDIRECT_FREE_KICKS,LAST_10,,FTX-06UYC,1,1,0,2026-04-22,2026-04-22,0.1,3,10,Adrien Truffert
bournemouth,SHORT_INDIRECT_FREE_KICKS,LAST_5,,FTX-063E7,4,2,0,2026-05-19,2026-05-24,0.6666666666666666,1,6,Marcos Senesi
bournemouth,SHORT_INDIRECT_FREE_KICKS,LAST_5,,FTX-06FUW,1,1,0,2026-05-09,2026-05-09,0.16666666666666666,2,6,Djordje Petrovic
bournemouth,SHORT_INDIRECT_FREE_KICKS,LAST_5,,FTX-06UYC,1,1,0,2026-04-22,2026-04-22,0.16666666666666666,2,6,Adrien Truffert
bournemouth,SHORT_INDIRECT_FREE_KICKS,SEASON,,FTX-043QY,1,1,0,2025-11-22,2025-11-22,0.023255813953488372,4,43,Lewis Cook
bournemouth,SHORT_INDIRECT_FREE_KICKS,SEASON,,FTX-061VB,1,1,0,2026-04-18,2026-04-18,0.023255813953488372,4,43,James Hill
bournemouth,SHORT_INDIRECT_FREE_KICKS,SEASON,,FTX-062H7,1,1,0,2025-10-18,2025-10-18,0.023255813953488372,4,43,Tyler Adams
bournemouth,SHORT_INDIRECT_FREE_KICKS,SEASON,,FTX-063E7,14,12,0,2025-08-23,2026-05-24,0.32558139534883723,2,43,Marcos Senesi
bournemouth,SHORT_INDIRECT_FREE_KICKS,SEASON,,FTX-06FUW,19,16,0,2025-08-15,2026-05-09,0.4418604651162791,1,43,Djordje Petrovic
bournemouth,SHORT_INDIRECT_FREE_KICKS,SEASON,,FTX-06UYC,1,1,0,2026-04-22,2026-04-22,0.023255813953488372,4,43,Adrien Truffert
bournemouth,SHORT_INDIRECT_FREE_KICKS,SEASON,,FTX-0700U,6,6,0,2025-08-15,2025-11-29,0.13953488372093023,3,43,Bafodé Diakité
brentford,ALL_CORNERS,CURRENT_MANAGER_REGIME,mgr:5f487ee40c90,FTX-02LK5,3,3,0,2026-01-01,2026-05-24,0.016483516483516484,5,182,Jordan Henderson
brentford,ALL_CORNERS,CURRENT_MANAGER_REGIME,mgr:5f487ee40c90,FTX-05OJF,3,1,0,2025-08-17,2025-08-17,0.016483516483516484,5,182,Fábio Carvalho
brentford,ALL_CORNERS,CURRENT_MANAGER_REGIME,mgr:5f487ee40c90,FTX-05TR9,65,27,0,2025-08-17,2026-05-24,0.35714285714285715,1,182,Mathias Jensen
brentford,ALL_CORNERS,CURRENT_MANAGER_REGIME,mgr:5f487ee40c90,FTX-05TRE,37,14,0,2025-10-25,2026-05-17,0.2032967032967033,3,182,Vitaly Janelt
brentford,ALL_CORNERS,CURRENT_MANAGER_REGIME,mgr:5f487ee40c90,FTX-062P3,2,1,0,2025-09-13,2025-09-13,0.01098901098901099,6,182,Keane Lewis-Potter
brentford,ALL_CORNERS,CURRENT_MANAGER_REGIME,mgr:5f487ee40c90,FTX-063Q8,43,12,0,2025-08-23,2026-05-17,0.23626373626373626,2,182,Mikkel Damsgaard
brentford,ALL_CORNERS,CURRENT_MANAGER_REGIME,mgr:5f487ee40c90,FTX-067ZV,1,1,0,2025-09-27,2025-09-27,0.005494505494505495,7,182,Kevin Schade
brentford,ALL_CORNERS,CURRENT_MANAGER_REGIME,mgr:5f487ee40c90,FTX-068LX,28,12,0,2025-10-25,2026-04-27,0.15384615384615385,4,182,Dango Ouattara
brentford,ALL_CORNERS,LAST_10,,FTX-02LK5,2,2,0,2026-05-17,2026-05-24,0.05,4,40,Jordan Henderson
brentford,ALL_CORNERS,LAST_10,,FTX-05TR9,23,10,0,2026-03-03,2026-05-24,0.575,1,40,Mathias Jensen
brentford,ALL_CORNERS,LAST_10,,FTX-05TRE,4,1,0,2026-05-17,2026-05-17,0.1,3,40,Vitaly Janelt
brentford,ALL_CORNERS,LAST_10,,FTX-063Q8,2,1,0,2026-05-17,2026-05-17,0.05,4,40,Mikkel Damsgaard
brentford,ALL_CORNERS,LAST_10,,FTX-068LX,9,3,0,2026-03-03,2026-04-27,0.225,2,40,Dango Ouattara
brentford,ALL_CORNERS,LAST_5,,FTX-02LK5,2,2,0,2026-05-17,2026-05-24,0.08695652173913043,3,23,Jordan Henderson
brentford,ALL_CORNERS,LAST_5,,FTX-05TR9,13,5,0,2026-04-27,2026-05-24,0.5652173913043478,1,23,Mathias Jensen
brentford,ALL_CORNERS,LAST_5,,FTX-05TRE,4,1,0,2026-05-17,2026-05-17,0.17391304347826086,2,23,Vitaly Janelt
brentford,ALL_CORNERS,LAST_5,,FTX-063Q8,2,1,0,2026-05-17,2026-05-17,0.08695652173913043,3,23,Mikkel Damsgaard
brentford,ALL_CORNERS,LAST_5,,FTX-068LX,2,1,0,2026-04-27,2026-04-27,0.08695652173913043,3,23,Dango Ouattara
brentford,ALL_CORNERS,SEASON,,FTX-02LK5,3,3,0,2026-01-01,2026-05-24,0.016483516483516484,5,182,Jordan Henderson
brentford,ALL_CORNERS,SEASON,,FTX-05OJF,3,1,0,2025-08-17,2025-08-17,0.016483516483516484,5,182,Fábio Carvalho
brentford,ALL_CORNERS,SEASON,,FTX-05TR9,65,27,0,2025-08-17,2026-05-24,0.35714285714285715,1,182,Mathias Jensen
brentford,ALL_CORNERS,SEASON,,FTX-05TRE,37,14,0,2025-10-25,2026-05-17,0.2032967032967033,3,182,Vitaly Janelt
brentford,ALL_CORNERS,SEASON,,FTX-062P3,2,1,0,2025-09-13,2025-09-13,0.01098901098901099,6,182,Keane Lewis-Potter
brentford,ALL_CORNERS,SEASON,,FTX-063Q8,43,12,0,2025-08-23,2026-05-17,0.23626373626373626,2,182,Mikkel Damsgaard
brentford,ALL_CORNERS,SEASON,,FTX-067ZV,1,1,0,2025-09-27,2025-09-27,0.005494505494505495,7,182,Kevin Schade
brentford,ALL_CORNERS,SEASON,,FTX-068LX,28,12,0,2025-10-25,2026-04-27,0.15384615384615385,4,182,Dango Ouattara
brentford,DIRECT_FREE_KICKS,CURRENT_MANAGER_REGIME,mgr:5f487ee40c90,FTX-05TR9,3,3,0,2026-01-07,2026-05-24,0.3,2,10,Mathias Jensen
brentford,DIRECT_FREE_KICKS,CURRENT_MANAGER_REGIME,mgr:5f487ee40c90,FTX-062P3,6,6,0,2026-01-01,2026-05-02,0.6,1,10,Keane Lewis-Potter
brentford,DIRECT_FREE_KICKS,CURRENT_MANAGER_REGIME,mgr:5f487ee40c90,FTX-063Q8,1,1,0,2025-11-01,2025-11-01,0.1,3,10,Mikkel Damsgaard
brentford,DIRECT_FREE_KICKS,LAST_10,,FTX-05TR9,1,1,0,2026-05-24,2026-05-24,0.3333333333333333,2,3,Mathias Jensen
brentford,DIRECT_FREE_KICKS,LAST_10,,FTX-062P3,2,2,0,2026-03-21,2026-05-02,0.6666666666666666,1,3,Keane Lewis-Potter
brentford,DIRECT_FREE_KICKS,LAST_5,,FTX-05TR9,1,1,0,2026-05-24,2026-05-24,0.5,1,2,Mathias Jensen
brentford,DIRECT_FREE_KICKS,LAST_5,,FTX-062P3,1,1,0,2026-05-02,2026-05-02,0.5,1,2,Keane Lewis-Potter
brentford,DIRECT_FREE_KICKS,SEASON,,FTX-05TR9,3,3,0,2026-01-07,2026-05-24,0.3,2,10,Mathias Jensen
brentford,DIRECT_FREE_KICKS,SEASON,,FTX-062P3,6,6,0,2026-01-01,2026-05-02,0.6,1,10,Keane Lewis-Potter
brentford,DIRECT_FREE_KICKS,SEASON,,FTX-063Q8,1,1,0,2025-11-01,2025-11-01,0.1,3,10,Mikkel Damsgaard
brentford,PENALTIES,CURRENT_MANAGER_REGIME,mgr:5f487ee40c90,FTX-067ZV,1,1,0,2025-08-30,2025-08-30,0.1,2,10,Kevin Schade
brentford,PENALTIES,CURRENT_MANAGER_REGIME,mgr:5f487ee40c90,FTX-06MN0,9,8,8,2025-08-17,2026-05-02,0.9,1,10,Igor Thiago
brentford,PENALTIES,LAST_10,,FTX-06MN0,2,2,2,2026-04-11,2026-05-02,1.0,1,2,Igor Thiago
brentford,PENALTIES,LAST_5,,FTX-06MN0,1,1,1,2026-05-02,2026-05-02,1.0,1,1,Igor Thiago
brentford,PENALTIES,SEASON,,FTX-067ZV,1,1,0,2025-08-30,2025-08-30,0.1,2,10,Kevin Schade
brentford,PENALTIES,SEASON,,FTX-06MN0,9,8,8,2025-08-17,2026-05-02,0.9,1,10,Igor Thiago
brentford,SET_PIECE_CROSSES,CURRENT_MANAGER_REGIME,mgr:5f487ee40c90,FTX-02LK5,11,8,0,2025-08-17,2026-05-17,0.05092592592592592,5,216,Jordan Henderson
brentford,SET_PIECE_CROSSES,CURRENT_MANAGER_REGIME,mgr:5f487ee40c90,FTX-05OJF,2,1,0,2025-08-17,2025-08-17,0.009259259259259259,6,216,Fábio Carvalho
brentford,SET_PIECE_CROSSES,CURRENT_MANAGER_REGIME,mgr:5f487ee40c90,FTX-05TR9,78,26,0,2025-08-17,2026-05-24,0.3611111111111111,1,216,Mathias Jensen
brentford,SET_PIECE_CROSSES,CURRENT_MANAGER_REGIME,mgr:5f487ee40c90,FTX-05TRE,44,16,0,2025-09-27,2026-05-17,0.2037037037037037,3,216,Vitaly Janelt
brentford,SET_PIECE_CROSSES,CURRENT_MANAGER_REGIME,mgr:5f487ee40c90,FTX-062P3,2,1,0,2025-09-13,2025-09-13,0.009259259259259259,6,216,Keane Lewis-Potter
brentford,SET_PIECE_CROSSES,CURRENT_MANAGER_REGIME,mgr:5f487ee40c90,FTX-063Q8,52,14,0,2025-08-23,2026-05-24,0.24074074074074073,2,216,Mikkel Damsgaard
brentford,SET_PIECE_CROSSES,CURRENT_MANAGER_REGIME,mgr:5f487ee40c90,FTX-067ZV,1,1,0,2025-09-27,2025-09-27,0.004629629629629629,7,216,Kevin Schade
brentford,SET_PIECE_CROSSES,CURRENT_MANAGER_REGIME,mgr:5f487ee40c90,FTX-068LX,26,13,0,2025-10-25,2026-04-27,0.12037037037037036,4,216,Dango Ouattara
brentford,SET_PIECE_CROSSES,LAST_10,,FTX-02LK5,1,1,0,2026-05-17,2026-05-17,0.02127659574468085,5,47,Jordan Henderson
brentford,SET_PIECE_CROSSES,LAST_10,,FTX-05TR9,30,10,0,2026-03-03,2026-05-24,0.6382978723404256,1,47,Mathias Jensen
brentford,SET_PIECE_CROSSES,LAST_10,,FTX-05TRE,3,1,0,2026-05-17,2026-05-17,0.06382978723404255,4,47,Vitaly Janelt
brentford,SET_PIECE_CROSSES,LAST_10,,FTX-063Q8,4,2,0,2026-05-17,2026-05-24,0.0851063829787234,3,47,Mikkel Damsgaard
brentford,SET_PIECE_CROSSES,LAST_10,,FTX-068LX,9,4,0,2026-03-03,2026-04-27,0.19148936170212766,2,47,Dango Ouattara
brentford,SET_PIECE_CROSSES,LAST_5,,FTX-02LK5,1,1,0,2026-05-17,2026-05-17,0.038461538461538464,5,26,Jordan Henderson
brentford,SET_PIECE_CROSSES,LAST_5,,FTX-05TR9,16,5,0,2026-04-27,2026-05-24,0.6153846153846154,1,26,Mathias Jensen
brentford,SET_PIECE_CROSSES,LAST_5,,FTX-05TRE,3,1,0,2026-05-17,2026-05-17,0.11538461538461539,3,26,Vitaly Janelt
brentford,SET_PIECE_CROSSES,LAST_5,,FTX-063Q8,4,2,0,2026-05-17,2026-05-24,0.15384615384615385,2,26,Mikkel Damsgaard
brentford,SET_PIECE_CROSSES,LAST_5,,FTX-068LX,2,1,0,2026-04-27,2026-04-27,0.07692307692307693,4,26,Dango Ouattara
brentford,SET_PIECE_CROSSES,SEASON,,FTX-02LK5,11,8,0,2025-08-17,2026-05-17,0.05092592592592592,5,216,Jordan Henderson
brentford,SET_PIECE_CROSSES,SEASON,,FTX-05OJF,2,1,0,2025-08-17,2025-08-17,0.009259259259259259,6,216,Fábio Carvalho
brentford,SET_PIECE_CROSSES,SEASON,,FTX-05TR9,78,26,0,2025-08-17,2026-05-24,0.3611111111111111,1,216,Mathias Jensen
brentford,SET_PIECE_CROSSES,SEASON,,FTX-05TRE,44,16,0,2025-09-27,2026-05-17,0.2037037037037037,3,216,Vitaly Janelt
brentford,SET_PIECE_CROSSES,SEASON,,FTX-062P3,2,1,0,2025-09-13,2025-09-13,0.009259259259259259,6,216,Keane Lewis-Potter
brentford,SET_PIECE_CROSSES,SEASON,,FTX-063Q8,52,14,0,2025-08-23,2026-05-24,0.24074074074074073,2,216,Mikkel Damsgaard
brentford,SET_PIECE_CROSSES,SEASON,,FTX-067ZV,1,1,0,2025-09-27,2025-09-27,0.004629629629629629,7,216,Kevin Schade
brentford,SET_PIECE_CROSSES,SEASON,,FTX-068LX,26,13,0,2025-10-25,2026-04-27,0.12037037037037036,4,216,Dango Ouattara
brentford,SET_PIECE_KEY_PASSES,CURRENT_MANAGER_REGIME,mgr:5f487ee40c90,FTX-02LK5,2,2,0,2025-10-20,2025-11-22,0.043478260869565216,6,46,Jordan Henderson
brentford,SET_PIECE_KEY_PASSES,CURRENT_MANAGER_REGIME,mgr:5f487ee40c90,FTX-04GE8,1,1,0,2026-04-27,2026-04-27,0.021739130434782608,7,46,Reiss Nelson
brentford,SET_PIECE_KEY_PASSES,CURRENT_MANAGER_REGIME,mgr:5f487ee40c90,FTX-05220,3,3,0,2025-11-29,2026-05-17,0.06521739130434782,5,46,Sepp van den Berg
brentford,SET_PIECE_KEY_PASSES,CURRENT_MANAGER_REGIME,mgr:5f487ee40c90,FTX-05TR9,16,11,0,2025-08-17,2026-05-24,0.34782608695652173,1,46,Mathias Jensen
brentford,SET_PIECE_KEY_PASSES,CURRENT_MANAGER_REGIME,mgr:5f487ee40c90,FTX-05TRE,7,7,0,2025-09-27,2026-05-17,0.15217391304347827,3,46,Vitaly Janelt
brentford,SET_PIECE_KEY_PASSES,CURRENT_MANAGER_REGIME,mgr:5f487ee40c90,FTX-05UEL,1,1,0,2025-09-13,2025-09-13,0.021739130434782608,7,46,Kristoffer Ajer
brentford,SET_PIECE_KEY_PASSES,CURRENT_MANAGER_REGIME,mgr:5f487ee40c90,FTX-062P3,1,1,0,2025-09-13,2025-09-13,0.021739130434782608,7,46,Keane Lewis-Potter
brentford,SET_PIECE_KEY_PASSES,CURRENT_MANAGER_REGIME,mgr:5f487ee40c90,FTX-063Q8,9,7,0,2025-08-23,2026-05-17,0.1956521739130435,2,46,Mikkel Damsgaard
brentford,SET_PIECE_KEY_PASSES,CURRENT_MANAGER_REGIME,mgr:5f487ee40c90,FTX-068LX,6,6,0,2025-10-20,2026-04-18,0.13043478260869565,4,46,Dango Ouattara
brentford,SET_PIECE_KEY_PASSES,LAST_10,,FTX-04GE8,1,1,0,2026-04-27,2026-04-27,0.07142857142857142,3,14,Reiss Nelson
brentford,SET_PIECE_KEY_PASSES,LAST_10,,FTX-05220,1,1,0,2026-05-17,2026-05-17,0.07142857142857142,3,14,Sepp van den Berg
brentford,SET_PIECE_KEY_PASSES,LAST_10,,FTX-05TR9,8,4,0,2026-03-03,2026-05-24,0.5714285714285714,1,14,Mathias Jensen
brentford,SET_PIECE_KEY_PASSES,LAST_10,,FTX-05TRE,1,1,0,2026-05-17,2026-05-17,0.07142857142857142,3,14,Vitaly Janelt
brentford,SET_PIECE_KEY_PASSES,LAST_10,,FTX-063Q8,1,1,0,2026-05-17,2026-05-17,0.07142857142857142,3,14,Mikkel Damsgaard
brentford,SET_PIECE_KEY_PASSES,LAST_10,,FTX-068LX,2,2,0,2026-03-16,2026-04-18,0.14285714285714285,2,14,Dango Ouattara
brentford,SET_PIECE_KEY_PASSES,LAST_5,,FTX-04GE8,1,1,0,2026-04-27,2026-04-27,0.2,1,5,Reiss Nelson
brentford,SET_PIECE_KEY_PASSES,LAST_5,,FTX-05220,1,1,0,2026-05-17,2026-05-17,0.2,1,5,Sepp van den Berg
brentford,SET_PIECE_KEY_PASSES,LAST_5,,FTX-05TR9,1,1,0,2026-05-24,2026-05-24,0.2,1,5,Mathias Jensen
brentford,SET_PIECE_KEY_PASSES,LAST_5,,FTX-05TRE,1,1,0,2026-05-17,2026-05-17,0.2,1,5,Vitaly Janelt
brentford,SET_PIECE_KEY_PASSES,LAST_5,,FTX-063Q8,1,1,0,2026-05-17,2026-05-17,0.2,1,5,Mikkel Damsgaard
brentford,SET_PIECE_KEY_PASSES,SEASON,,FTX-02LK5,2,2,0,2025-10-20,2025-11-22,0.043478260869565216,6,46,Jordan Henderson
brentford,SET_PIECE_KEY_PASSES,SEASON,,FTX-04GE8,1,1,0,2026-04-27,2026-04-27,0.021739130434782608,7,46,Reiss Nelson
brentford,SET_PIECE_KEY_PASSES,SEASON,,FTX-05220,3,3,0,2025-11-29,2026-05-17,0.06521739130434782,5,46,Sepp van den Berg
brentford,SET_PIECE_KEY_PASSES,SEASON,,FTX-05TR9,16,11,0,2025-08-17,2026-05-24,0.34782608695652173,1,46,Mathias Jensen
brentford,SET_PIECE_KEY_PASSES,SEASON,,FTX-05TRE,7,7,0,2025-09-27,2026-05-17,0.15217391304347827,3,46,Vitaly Janelt
brentford,SET_PIECE_KEY_PASSES,SEASON,,FTX-05UEL,1,1,0,2025-09-13,2025-09-13,0.021739130434782608,7,46,Kristoffer Ajer
brentford,SET_PIECE_KEY_PASSES,SEASON,,FTX-062P3,1,1,0,2025-09-13,2025-09-13,0.021739130434782608,7,46,Keane Lewis-Potter
brentford,SET_PIECE_KEY_PASSES,SEASON,,FTX-063Q8,9,7,0,2025-08-23,2026-05-17,0.1956521739130435,2,46,Mikkel Damsgaard
brentford,SET_PIECE_KEY_PASSES,SEASON,,FTX-068LX,6,6,0,2025-10-20,2026-04-18,0.13043478260869565,4,46,Dango Ouattara
brentford,SHORT_INDIRECT_FREE_KICKS,CURRENT_MANAGER_REGIME,mgr:5f487ee40c90,FTX-02LK5,2,2,0,2025-09-20,2025-10-20,0.05,4,40,Jordan Henderson
brentford,SHORT_INDIRECT_FREE_KICKS,CURRENT_MANAGER_REGIME,mgr:5f487ee40c90,FTX-045OB,19,14,0,2025-08-17,2026-05-02,0.475,1,40,Caoimhín Kelleher
brentford,SHORT_INDIRECT_FREE_KICKS,CURRENT_MANAGER_REGIME,mgr:5f487ee40c90,FTX-05220,2,2,0,2025-10-20,2025-11-01,0.05,4,40,Sepp van den Berg
brentford,SHORT_INDIRECT_FREE_KICKS,CURRENT_MANAGER_REGIME,mgr:5f487ee40c90,FTX-05TR9,3,3,0,2026-01-17,2026-03-16,0.075,3,40,Mathias Jensen
brentford,SHORT_INDIRECT_FREE_KICKS,CURRENT_MANAGER_REGIME,mgr:5f487ee40c90,FTX-05TRE,1,1,0,2025-12-20,2025-12-20,0.025,5,40,Vitaly Janelt
brentford,SHORT_INDIRECT_FREE_KICKS,CURRENT_MANAGER_REGIME,mgr:5f487ee40c90,FTX-05U1M,7,7,0,2025-09-13,2026-05-17,0.175,2,40,Nathan Collins
brentford,SHORT_INDIRECT_FREE_KICKS,CURRENT_MANAGER_REGIME,mgr:5f487ee40c90,FTX-05UEL,1,1,0,2026-02-28,2026-02-28,0.025,5,40,Kristoffer Ajer
brentford,SHORT_INDIRECT_FREE_KICKS,CURRENT_MANAGER_REGIME,mgr:5f487ee40c90,FTX-063Q8,2,2,0,2026-01-25,2026-05-24,0.05,4,40,Mikkel Damsgaard
brentford,SHORT_INDIRECT_FREE_KICKS,CURRENT_MANAGER_REGIME,mgr:5f487ee40c90,FTX-068LX,1,1,0,2025-11-09,2025-11-09,0.025,5,40,Dango Ouattara
brentford,SHORT_INDIRECT_FREE_KICKS,CURRENT_MANAGER_REGIME,mgr:5f487ee40c90,FTX-06JFE,1,1,0,2026-02-28,2026-02-28,0.025,5,40,Hákon Valdimarsson
brentford,SHORT_INDIRECT_FREE_KICKS,CURRENT_MANAGER_REGIME,mgr:5f487ee40c90,FTX-06RGG,1,1,0,2026-05-02,2026-05-02,0.025,5,40,Michael Kayode
brentford,SHORT_INDIRECT_FREE_KICKS,LAST_10,,FTX-045OB,3,3,0,2026-04-11,2026-05-02,0.2727272727272727,2,11,Caoimhín Kelleher
brentford,SHORT_INDIRECT_FREE_KICKS,LAST_10,,FTX-05TR9,2,2,0,2026-03-03,2026-03-16,0.18181818181818182,3,11,Mathias Jensen
brentford,SHORT_INDIRECT_FREE_KICKS,LAST_10,,FTX-05U1M,4,4,0,2026-03-03,2026-05-17,0.36363636363636365,1,11,Nathan Collins
brentford,SHORT_INDIRECT_FREE_KICKS,LAST_10,,FTX-063Q8,1,1,0,2026-05-24,2026-05-24,0.09090909090909091,4,11,Mikkel Damsgaard
brentford,SHORT_INDIRECT_FREE_KICKS,LAST_10,,FTX-06RGG,1,1,0,2026-05-02,2026-05-02,0.09090909090909091,4,11,Michael Kayode
brentford,SHORT_INDIRECT_FREE_KICKS,LAST_5,,FTX-045OB,2,2,0,2026-04-27,2026-05-02,0.4,1,5,Caoimhín Kelleher
brentford,SHORT_INDIRECT_FREE_KICKS,LAST_5,,FTX-05U1M,1,1,0,2026-05-17,2026-05-17,0.2,2,5,Nathan Collins
brentford,SHORT_INDIRECT_FREE_KICKS,LAST_5,,FTX-063Q8,1,1,0,2026-05-24,2026-05-24,0.2,2,5,Mikkel Damsgaard
brentford,SHORT_INDIRECT_FREE_KICKS,LAST_5,,FTX-06RGG,1,1,0,2026-05-02,2026-05-02,0.2,2,5,Michael Kayode
brentford,SHORT_INDIRECT_FREE_KICKS,SEASON,,FTX-02LK5,2,2,0,2025-09-20,2025-10-20,0.05,4,40,Jordan Henderson
brentford,SHORT_INDIRECT_FREE_KICKS,SEASON,,FTX-045OB,19,14,0,2025-08-17,2026-05-02,0.475,1,40,Caoimhín Kelleher
brentford,SHORT_INDIRECT_FREE_KICKS,SEASON,,FTX-05220,2,2,0,2025-10-20,2025-11-01,0.05,4,40,Sepp van den Berg
brentford,SHORT_INDIRECT_FREE_KICKS,SEASON,,FTX-05TR9,3,3,0,2026-01-17,2026-03-16,0.075,3,40,Mathias Jensen
brentford,SHORT_INDIRECT_FREE_KICKS,SEASON,,FTX-05TRE,1,1,0,2025-12-20,2025-12-20,0.025,5,40,Vitaly Janelt
brentford,SHORT_INDIRECT_FREE_KICKS,SEASON,,FTX-05U1M,7,7,0,2025-09-13,2026-05-17,0.175,2,40,Nathan Collins
brentford,SHORT_INDIRECT_FREE_KICKS,SEASON,,FTX-05UEL,1,1,0,2026-02-28,2026-02-28,0.025,5,40,Kristoffer Ajer
brentford,SHORT_INDIRECT_FREE_KICKS,SEASON,,FTX-063Q8,2,2,0,2026-01-25,2026-05-24,0.05,4,40,Mikkel Damsgaard
brentford,SHORT_INDIRECT_FREE_KICKS,SEASON,,FTX-068LX,1,1,0,2025-11-09,2025-11-09,0.025,5,40,Dango Ouattara
brentford,SHORT_INDIRECT_FREE_KICKS,SEASON,,FTX-06JFE,1,1,0,2026-02-28,2026-02-28,0.025,5,40,Hákon Valdimarsson
brentford,SHORT_INDIRECT_FREE_KICKS,SEASON,,FTX-06RGG,1,1,0,2026-05-02,2026-05-02,0.025,5,40,Michael Kayode
brighton,ALL_CORNERS,CURRENT_MANAGER_REGIME,mgr:dfda8206a0e2,FTX-02LV9,4,3,0,2025-09-13,2025-10-25,0.021621621621621623,7,185,James Milner
brighton,ALL_CORNERS,CURRENT_MANAGER_REGIME,mgr:dfda8206a0e2,FTX-04FK1,57,16,0,2026-01-19,2026-05-17,0.3081081081081081,1,185,Pascal Groß
brighton,ALL_CORNERS,CURRENT_MANAGER_REGIME,mgr:dfda8206a0e2,FTX-04QFQ,2,1,0,2025-08-16,2025-08-16,0.010810810810810811,8,185,Matt O'Riley
brighton,ALL_CORNERS,CURRENT_MANAGER_REGIME,mgr:dfda8206a0e2,FTX-067YS,1,1,0,2026-03-21,2026-03-21,0.005405405405405406,9,185,Jack Hinshelwood
brighton,ALL_CORNERS,CURRENT_MANAGER_REGIME,mgr:dfda8206a0e2,FTX-068YC,16,8,0,2025-08-16,2025-10-18,0.08648648648648649,5,185,Yasin Ayari
brighton,ALL_CORNERS,CURRENT_MANAGER_REGIME,mgr:dfda8206a0e2,FTX-06C6G,32,14,0,2025-09-13,2026-05-02,0.17297297297297298,3,185,Yankuba Minteh
brighton,ALL_CORNERS,CURRENT_MANAGER_REGIME,mgr:dfda8206a0e2,FTX-06P5S,7,5,0,2025-09-27,2026-01-03,0.03783783783783784,6,185,Brajan Gruda
brighton,ALL_CORNERS,CURRENT_MANAGER_REGIME,mgr:dfda8206a0e2,FTX-06PHE,25,11,0,2025-10-25,2026-01-03,0.13513513513513514,4,185,Ferdi Kadioglu
brighton,ALL_CORNERS,CURRENT_MANAGER_REGIME,mgr:dfda8206a0e2,FTX-06R5B,1,1,0,2025-08-31,2025-08-31,0.005405405405405406,9,185,Diego Gómez
brighton,ALL_CORNERS,CURRENT_MANAGER_REGIME,mgr:dfda8206a0e2,FTX-06XZD,1,1,0,2025-12-07,2025-12-07,0.005405405405405406,9,185,Charalampos Kostoulas
brighton,ALL_CORNERS,CURRENT_MANAGER_REGIME,mgr:dfda8206a0e2,FTX-06Y26,4,3,0,2025-12-07,2026-03-04,0.021621621621621623,7,185,Olivier Boscagli
brighton,ALL_CORNERS,CURRENT_MANAGER_REGIME,mgr:dfda8206a0e2,FTX-06Y9M,35,15,0,2025-08-31,2026-05-17,0.1891891891891892,2,185,Maxim De Cuyper
brighton,ALL_CORNERS,LAST_10,,FTX-04FK1,26,9,0,2026-03-04,2026-05-17,0.5306122448979592,1,49,Pascal Groß
brighton,ALL_CORNERS,LAST_10,,FTX-067YS,1,1,0,2026-03-21,2026-03-21,0.02040816326530612,4,49,Jack Hinshelwood
brighton,ALL_CORNERS,LAST_10,,FTX-06C6G,10,4,0,2026-03-14,2026-05-02,0.20408163265306123,2,49,Yankuba Minteh
brighton,ALL_CORNERS,LAST_10,,FTX-06Y26,2,1,0,2026-03-04,2026-03-04,0.04081632653061224,3,49,Olivier Boscagli
brighton,ALL_CORNERS,LAST_10,,FTX-06Y9M,10,3,0,2026-05-02,2026-05-17,0.20408163265306123,2,49,Maxim De Cuyper
brighton,ALL_CORNERS,LAST_5,,FTX-04FK1,14,4,0,2026-04-21,2026-05-17,0.45161290322580644,1,31,Pascal Groß
brighton,ALL_CORNERS,LAST_5,,FTX-06C6G,7,2,0,2026-04-21,2026-05-02,0.22580645161290322,3,31,Yankuba Minteh
brighton,ALL_CORNERS,LAST_5,,FTX-06Y9M,10,3,0,2026-05-02,2026-05-17,0.3225806451612903,2,31,Maxim De Cuyper
brighton,ALL_CORNERS,SEASON,,FTX-02LV9,4,3,0,2025-09-13,2025-10-25,0.021621621621621623,7,185,James Milner
brighton,ALL_CORNERS,SEASON,,FTX-04FK1,57,16,0,2026-01-19,2026-05-17,0.3081081081081081,1,185,Pascal Groß
brighton,ALL_CORNERS,SEASON,,FTX-04QFQ,2,1,0,2025-08-16,2025-08-16,0.010810810810810811,8,185,Matt O'Riley
brighton,ALL_CORNERS,SEASON,,FTX-067YS,1,1,0,2026-03-21,2026-03-21,0.005405405405405406,9,185,Jack Hinshelwood
brighton,ALL_CORNERS,SEASON,,FTX-068YC,16,8,0,2025-08-16,2025-10-18,0.08648648648648649,5,185,Yasin Ayari
brighton,ALL_CORNERS,SEASON,,FTX-06C6G,32,14,0,2025-09-13,2026-05-02,0.17297297297297298,3,185,Yankuba Minteh
brighton,ALL_CORNERS,SEASON,,FTX-06P5S,7,5,0,2025-09-27,2026-01-03,0.03783783783783784,6,185,Brajan Gruda
brighton,ALL_CORNERS,SEASON,,FTX-06PHE,25,11,0,2025-10-25,2026-01-03,0.13513513513513514,4,185,Ferdi Kadioglu
brighton,ALL_CORNERS,SEASON,,FTX-06R5B,1,1,0,2025-08-31,2025-08-31,0.005405405405405406,9,185,Diego Gómez
brighton,ALL_CORNERS,SEASON,,FTX-06XZD,1,1,0,2025-12-07,2025-12-07,0.005405405405405406,9,185,Charalampos Kostoulas
brighton,ALL_CORNERS,SEASON,,FTX-06Y26,4,3,0,2025-12-07,2026-03-04,0.021621621621621623,7,185,Olivier Boscagli
brighton,ALL_CORNERS,SEASON,,FTX-06Y9M,35,15,0,2025-08-31,2026-05-17,0.1891891891891892,2,185,Maxim De Cuyper
brighton,DIRECT_FREE_KICKS,CURRENT_MANAGER_REGIME,mgr:dfda8206a0e2,FTX-02LNX,3,3,1,2025-10-25,2026-04-18,0.2,1,15,Danny Welbeck
brighton,DIRECT_FREE_KICKS,CURRENT_MANAGER_REGIME,mgr:dfda8206a0e2,FTX-04E1C,3,3,0,2025-09-20,2026-05-09,0.2,1,15,Lewis Dunk
brighton,DIRECT_FREE_KICKS,CURRENT_MANAGER_REGIME,mgr:dfda8206a0e2,FTX-04FK1,1,1,0,2026-05-24,2026-05-24,0.06666666666666667,3,15,Pascal Groß
brighton,DIRECT_FREE_KICKS,CURRENT_MANAGER_REGIME,mgr:dfda8206a0e2,FTX-068YC,2,2,0,2025-09-27,2025-12-30,0.13333333333333333,2,15,Yasin Ayari
brighton,DIRECT_FREE_KICKS,CURRENT_MANAGER_REGIME,mgr:dfda8206a0e2,FTX-06P5S,1,1,0,2025-12-20,2025-12-20,0.06666666666666667,3,15,Brajan Gruda
brighton,DIRECT_FREE_KICKS,CURRENT_MANAGER_REGIME,mgr:dfda8206a0e2,FTX-06R5B,2,2,0,2025-09-27,2026-03-21,0.13333333333333333,2,15,Diego Gómez
brighton,DIRECT_FREE_KICKS,CURRENT_MANAGER_REGIME,mgr:dfda8206a0e2,FTX-06Y9M,3,3,0,2025-10-05,2026-01-03,0.2,1,15,Maxim De Cuyper
brighton,DIRECT_FREE_KICKS,LAST_10,,FTX-02LNX,1,1,0,2026-04-18,2026-04-18,0.25,1,4,Danny Welbeck
brighton,DIRECT_FREE_KICKS,LAST_10,,FTX-04E1C,1,1,0,2026-05-09,2026-05-09,0.25,1,4,Lewis Dunk
brighton,DIRECT_FREE_KICKS,LAST_10,,FTX-04FK1,1,1,0,2026-05-24,2026-05-24,0.25,1,4,Pascal Groß
brighton,DIRECT_FREE_KICKS,LAST_10,,FTX-06R5B,1,1,0,2026-03-21,2026-03-21,0.25,1,4,Diego Gómez
brighton,DIRECT_FREE_KICKS,LAST_5,,FTX-04E1C,1,1,0,2026-05-09,2026-05-09,0.5,1,2,Lewis Dunk
brighton,DIRECT_FREE_KICKS,LAST_5,,FTX-04FK1,1,1,0,2026-05-24,2026-05-24,0.5,1,2,Pascal Groß
brighton,DIRECT_FREE_KICKS,SEASON,,FTX-02LNX,3,3,1,2025-10-25,2026-04-18,0.2,1,15,Danny Welbeck
brighton,DIRECT_FREE_KICKS,SEASON,,FTX-04E1C,3,3,0,2025-09-20,2026-05-09,0.2,1,15,Lewis Dunk
brighton,DIRECT_FREE_KICKS,SEASON,,FTX-04FK1,1,1,0,2026-05-24,2026-05-24,0.06666666666666667,3,15,Pascal Groß
brighton,DIRECT_FREE_KICKS,SEASON,,FTX-068YC,2,2,0,2025-09-27,2025-12-30,0.13333333333333333,2,15,Yasin Ayari
brighton,DIRECT_FREE_KICKS,SEASON,,FTX-06P5S,1,1,0,2025-12-20,2025-12-20,0.06666666666666667,3,15,Brajan Gruda
brighton,DIRECT_FREE_KICKS,SEASON,,FTX-06R5B,2,2,0,2025-09-27,2026-03-21,0.13333333333333333,2,15,Diego Gómez
brighton,DIRECT_FREE_KICKS,SEASON,,FTX-06Y9M,3,3,0,2025-10-05,2026-01-03,0.2,1,15,Maxim De Cuyper
brighton,PENALTIES,CURRENT_MANAGER_REGIME,mgr:dfda8206a0e2,FTX-02LNX,3,2,1,2025-08-24,2025-12-30,0.6,1,5,Danny Welbeck
brighton,PENALTIES,CURRENT_MANAGER_REGIME,mgr:dfda8206a0e2,FTX-02LV9,1,1,1,2025-08-31,2025-08-31,0.2,2,5,James Milner
brighton,PENALTIES,CURRENT_MANAGER_REGIME,mgr:dfda8206a0e2,FTX-04QFQ,1,1,1,2025-08-16,2025-08-16,0.2,2,5,Matt O'Riley
brighton,PENALTIES,SEASON,,FTX-02LNX,3,2,1,2025-08-24,2025-12-30,0.6,1,5,Danny Welbeck
brighton,PENALTIES,SEASON,,FTX-02LV9,1,1,1,2025-08-31,2025-08-31,0.2,2,5,James Milner
brighton,PENALTIES,SEASON,,FTX-04QFQ,1,1,1,2025-08-16,2025-08-16,0.2,2,5,Matt O'Riley
brighton,SET_PIECE_CROSSES,CURRENT_MANAGER_REGIME,mgr:dfda8206a0e2,FTX-02LV9,5,4,0,2025-09-13,2025-10-25,0.02617801047120419,7,191,James Milner
brighton,SET_PIECE_CROSSES,CURRENT_MANAGER_REGIME,mgr:dfda8206a0e2,FTX-04FK1,63,17,0,2026-01-19,2026-05-24,0.3298429319371728,1,191,Pascal Groß
brighton,SET_PIECE_CROSSES,CURRENT_MANAGER_REGIME,mgr:dfda8206a0e2,FTX-04QFQ,3,2,0,2025-08-16,2026-02-08,0.015706806282722512,8,191,Matt O'Riley
brighton,SET_PIECE_CROSSES,CURRENT_MANAGER_REGIME,mgr:dfda8206a0e2,FTX-068YC,14,8,0,2025-08-16,2025-10-18,0.07329842931937172,5,191,Yasin Ayari
brighton,SET_PIECE_CROSSES,CURRENT_MANAGER_REGIME,mgr:dfda8206a0e2,FTX-06C6G,26,14,0,2025-09-13,2026-05-02,0.13612565445026178,4,191,Yankuba Minteh
brighton,SET_PIECE_CROSSES,CURRENT_MANAGER_REGIME,mgr:dfda8206a0e2,FTX-06P5S,7,4,0,2025-10-05,2026-01-03,0.03664921465968586,6,191,Brajan Gruda
brighton,SET_PIECE_CROSSES,CURRENT_MANAGER_REGIME,mgr:dfda8206a0e2,FTX-06PHE,27,11,0,2025-10-25,2026-01-03,0.14136125654450263,3,191,Ferdi Kadioglu
brighton,SET_PIECE_CROSSES,CURRENT_MANAGER_REGIME,mgr:dfda8206a0e2,FTX-06R5B,1,1,0,2025-08-31,2025-08-31,0.005235602094240838,9,191,Diego Gómez
brighton,SET_PIECE_CROSSES,CURRENT_MANAGER_REGIME,mgr:dfda8206a0e2,FTX-06Y26,3,2,0,2026-02-11,2026-03-04,0.015706806282722512,8,191,Olivier Boscagli
brighton,SET_PIECE_CROSSES,CURRENT_MANAGER_REGIME,mgr:dfda8206a0e2,FTX-06Y9M,42,16,0,2025-08-31,2026-05-17,0.2198952879581152,2,191,Maxim De Cuyper
brighton,SET_PIECE_CROSSES,LAST_10,,FTX-04FK1,31,10,0,2026-03-04,2026-05-24,0.5849056603773585,1,53,Pascal Groß
brighton,SET_PIECE_CROSSES,LAST_10,,FTX-06C6G,9,5,0,2026-03-14,2026-05-02,0.16981132075471697,3,53,Yankuba Minteh
brighton,SET_PIECE_CROSSES,LAST_10,,FTX-06Y26,2,1,0,2026-03-04,2026-03-04,0.03773584905660377,4,53,Olivier Boscagli
brighton,SET_PIECE_CROSSES,LAST_10,,FTX-06Y9M,11,3,0,2026-05-02,2026-05-17,0.20754716981132076,2,53,Maxim De Cuyper
brighton,SET_PIECE_CROSSES,LAST_5,,FTX-04FK1,19,5,0,2026-04-21,2026-05-24,0.5588235294117647,1,34,Pascal Groß
brighton,SET_PIECE_CROSSES,LAST_5,,FTX-06C6G,4,2,0,2026-04-21,2026-05-02,0.11764705882352941,3,34,Yankuba Minteh
brighton,SET_PIECE_CROSSES,LAST_5,,FTX-06Y9M,11,3,0,2026-05-02,2026-05-17,0.3235294117647059,2,34,Maxim De Cuyper
brighton,SET_PIECE_CROSSES,SEASON,,FTX-02LV9,5,4,0,2025-09-13,2025-10-25,0.02617801047120419,7,191,James Milner
brighton,SET_PIECE_CROSSES,SEASON,,FTX-04FK1,63,17,0,2026-01-19,2026-05-24,0.3298429319371728,1,191,Pascal Groß
brighton,SET_PIECE_CROSSES,SEASON,,FTX-04QFQ,3,2,0,2025-08-16,2026-02-08,0.015706806282722512,8,191,Matt O'Riley
brighton,SET_PIECE_CROSSES,SEASON,,FTX-068YC,14,8,0,2025-08-16,2025-10-18,0.07329842931937172,5,191,Yasin Ayari
brighton,SET_PIECE_CROSSES,SEASON,,FTX-06C6G,26,14,0,2025-09-13,2026-05-02,0.13612565445026178,4,191,Yankuba Minteh
brighton,SET_PIECE_CROSSES,SEASON,,FTX-06P5S,7,4,0,2025-10-05,2026-01-03,0.03664921465968586,6,191,Brajan Gruda
brighton,SET_PIECE_CROSSES,SEASON,,FTX-06PHE,27,11,0,2025-10-25,2026-01-03,0.14136125654450263,3,191,Ferdi Kadioglu
brighton,SET_PIECE_CROSSES,SEASON,,FTX-06R5B,1,1,0,2025-08-31,2025-08-31,0.005235602094240838,9,191,Diego Gómez
brighton,SET_PIECE_CROSSES,SEASON,,FTX-06Y26,3,2,0,2026-02-11,2026-03-04,0.015706806282722512,8,191,Olivier Boscagli
brighton,SET_PIECE_CROSSES,SEASON,,FTX-06Y9M,42,16,0,2025-08-31,2026-05-17,0.2198952879581152,2,191,Maxim De Cuyper
brighton,SET_PIECE_KEY_PASSES,CURRENT_MANAGER_REGIME,mgr:dfda8206a0e2,FTX-02LV9,2,2,0,2025-10-25,2026-03-21,0.044444444444444446,4,45,James Milner
brighton,SET_PIECE_KEY_PASSES,CURRENT_MANAGER_REGIME,mgr:dfda8206a0e2,FTX-04FK1,12,9,0,2026-01-19,2026-05-17,0.26666666666666666,1,45,Pascal Groß
brighton,SET_PIECE_KEY_PASSES,CURRENT_MANAGER_REGIME,mgr:dfda8206a0e2,FTX-04QFQ,1,1,0,2025-08-16,2025-08-16,0.022222222222222223,5,45,Matt O'Riley
brighton,SET_PIECE_KEY_PASSES,CURRENT_MANAGER_REGIME,mgr:dfda8206a0e2,FTX-05OH0,1,1,0,2025-12-07,2025-12-07,0.022222222222222223,5,45,Jan Paul van Hecke
brighton,SET_PIECE_KEY_PASSES,CURRENT_MANAGER_REGIME,mgr:dfda8206a0e2,FTX-068YC,3,3,0,2025-08-31,2025-10-05,0.06666666666666667,3,45,Yasin Ayari
brighton,SET_PIECE_KEY_PASSES,CURRENT_MANAGER_REGIME,mgr:dfda8206a0e2,FTX-06C6G,5,5,0,2025-10-18,2026-05-02,0.1111111111111111,2,45,Yankuba Minteh
brighton,SET_PIECE_KEY_PASSES,CURRENT_MANAGER_REGIME,mgr:dfda8206a0e2,FTX-06MPP,1,1,0,2025-09-27,2025-09-27,0.022222222222222223,5,45,Mats Wieffer
brighton,SET_PIECE_KEY_PASSES,CURRENT_MANAGER_REGIME,mgr:dfda8206a0e2,FTX-06P5S,2,1,0,2025-12-07,2025-12-07,0.044444444444444446,4,45,Brajan Gruda
brighton,SET_PIECE_KEY_PASSES,CURRENT_MANAGER_REGIME,mgr:dfda8206a0e2,FTX-06PHE,3,2,0,2025-12-27,2026-01-03,0.06666666666666667,3,45,Ferdi Kadioglu
brighton,SET_PIECE_KEY_PASSES,CURRENT_MANAGER_REGIME,mgr:dfda8206a0e2,FTX-06R5B,1,1,0,2026-03-21,2026-03-21,0.022222222222222223,5,45,Diego Gómez
brighton,SET_PIECE_KEY_PASSES,CURRENT_MANAGER_REGIME,mgr:dfda8206a0e2,FTX-06XZC,1,1,0,2025-10-05,2025-10-05,0.022222222222222223,5,45,Stefanos Tzimas
brighton,SET_PIECE_KEY_PASSES,CURRENT_MANAGER_REGIME,mgr:dfda8206a0e2,FTX-06XZD,1,1,0,2025-12-07,2025-12-07,0.022222222222222223,5,45,Charalampos Kostoulas
brighton,SET_PIECE_KEY_PASSES,CURRENT_MANAGER_REGIME,mgr:dfda8206a0e2,FTX-06Y9M,12,9,0,2025-08-16,2026-05-17,0.26666666666666666,1,45,Maxim De Cuyper
brighton,SET_PIECE_KEY_PASSES,LAST_10,,FTX-02LV9,1,1,0,2026-03-21,2026-03-21,0.06666666666666667,2,15,James Milner
brighton,SET_PIECE_KEY_PASSES,LAST_10,,FTX-04FK1,6,5,0,2026-03-21,2026-05-17,0.4,1,15,Pascal Groß
brighton,SET_PIECE_KEY_PASSES,LAST_10,,FTX-06C6G,1,1,0,2026-05-02,2026-05-02,0.06666666666666667,2,15,Yankuba Minteh
brighton,SET_PIECE_KEY_PASSES,LAST_10,,FTX-06R5B,1,1,0,2026-03-21,2026-03-21,0.06666666666666667,2,15,Diego Gómez
brighton,SET_PIECE_KEY_PASSES,LAST_10,,FTX-06Y9M,6,3,0,2026-05-02,2026-05-17,0.4,1,15,Maxim De Cuyper
brighton,SET_PIECE_KEY_PASSES,LAST_5,,FTX-04FK1,2,2,0,2026-04-21,2026-05-17,0.2222222222222222,2,9,Pascal Groß
brighton,SET_PIECE_KEY_PASSES,LAST_5,,FTX-06C6G,1,1,0,2026-05-02,2026-05-02,0.1111111111111111,3,9,Yankuba Minteh
brighton,SET_PIECE_KEY_PASSES,LAST_5,,FTX-06Y9M,6,3,0,2026-05-02,2026-05-17,0.6666666666666666,1,9,Maxim De Cuyper
brighton,SET_PIECE_KEY_PASSES,SEASON,,FTX-02LV9,2,2,0,2025-10-25,2026-03-21,0.044444444444444446,4,45,James Milner
brighton,SET_PIECE_KEY_PASSES,SEASON,,FTX-04FK1,12,9,0,2026-01-19,2026-05-17,0.26666666666666666,1,45,Pascal Groß
brighton,SET_PIECE_KEY_PASSES,SEASON,,FTX-04QFQ,1,1,0,2025-08-16,2025-08-16,0.022222222222222223,5,45,Matt O'Riley
brighton,SET_PIECE_KEY_PASSES,SEASON,,FTX-05OH0,1,1,0,2025-12-07,2025-12-07,0.022222222222222223,5,45,Jan Paul van Hecke
brighton,SET_PIECE_KEY_PASSES,SEASON,,FTX-068YC,3,3,0,2025-08-31,2025-10-05,0.06666666666666667,3,45,Yasin Ayari
brighton,SET_PIECE_KEY_PASSES,SEASON,,FTX-06C6G,5,5,0,2025-10-18,2026-05-02,0.1111111111111111,2,45,Yankuba Minteh
brighton,SET_PIECE_KEY_PASSES,SEASON,,FTX-06MPP,1,1,0,2025-09-27,2025-09-27,0.022222222222222223,5,45,Mats Wieffer
brighton,SET_PIECE_KEY_PASSES,SEASON,,FTX-06P5S,2,1,0,2025-12-07,2025-12-07,0.044444444444444446,4,45,Brajan Gruda
brighton,SET_PIECE_KEY_PASSES,SEASON,,FTX-06PHE,3,2,0,2025-12-27,2026-01-03,0.06666666666666667,3,45,Ferdi Kadioglu
brighton,SET_PIECE_KEY_PASSES,SEASON,,FTX-06R5B,1,1,0,2026-03-21,2026-03-21,0.022222222222222223,5,45,Diego Gómez
brighton,SET_PIECE_KEY_PASSES,SEASON,,FTX-06XZC,1,1,0,2025-10-05,2025-10-05,0.022222222222222223,5,45,Stefanos Tzimas
brighton,SET_PIECE_KEY_PASSES,SEASON,,FTX-06XZD,1,1,0,2025-12-07,2025-12-07,0.022222222222222223,5,45,Charalampos Kostoulas
brighton,SET_PIECE_KEY_PASSES,SEASON,,FTX-06Y9M,12,9,0,2025-08-16,2026-05-17,0.26666666666666666,1,45,Maxim De Cuyper
brighton,SHORT_INDIRECT_FREE_KICKS,CURRENT_MANAGER_REGIME,mgr:dfda8206a0e2,FTX-02LNX,1,1,0,2025-12-30,2025-12-30,0.01694915254237288,6,59,Danny Welbeck
brighton,SHORT_INDIRECT_FREE_KICKS,CURRENT_MANAGER_REGIME,mgr:dfda8206a0e2,FTX-04E1C,17,13,0,2025-08-16,2026-05-17,0.288135593220339,1,59,Lewis Dunk
brighton,SHORT_INDIRECT_FREE_KICKS,CURRENT_MANAGER_REGIME,mgr:dfda8206a0e2,FTX-05OH0,9,9,0,2025-09-13,2026-05-17,0.15254237288135594,3,59,Jan Paul van Hecke
brighton,SHORT_INDIRECT_FREE_KICKS,CURRENT_MANAGER_REGIME,mgr:dfda8206a0e2,FTX-062CI,1,1,0,2026-03-04,2026-03-04,0.01694915254237288,6,59,Kaoru Mitoma
brighton,SHORT_INDIRECT_FREE_KICKS,CURRENT_MANAGER_REGIME,mgr:dfda8206a0e2,FTX-0689W,1,1,0,2025-11-09,2025-11-09,0.01694915254237288,6,59,Georginio Rutter
brighton,SHORT_INDIRECT_FREE_KICKS,CURRENT_MANAGER_REGIME,mgr:dfda8206a0e2,FTX-068YC,2,2,0,2025-09-27,2025-11-22,0.03389830508474576,5,59,Yasin Ayari
brighton,SHORT_INDIRECT_FREE_KICKS,CURRENT_MANAGER_REGIME,mgr:dfda8206a0e2,FTX-06CMU,16,10,0,2025-08-31,2026-05-02,0.2711864406779661,2,59,Bart Verbruggen
brighton,SHORT_INDIRECT_FREE_KICKS,CURRENT_MANAGER_REGIME,mgr:dfda8206a0e2,FTX-06FWI,3,3,0,2026-01-19,2026-05-09,0.05084745762711865,4,59,Carlos Baleba
brighton,SHORT_INDIRECT_FREE_KICKS,CURRENT_MANAGER_REGIME,mgr:dfda8206a0e2,FTX-06MPP,3,3,0,2025-10-25,2026-03-01,0.05084745762711865,4,59,Mats Wieffer
brighton,SHORT_INDIRECT_FREE_KICKS,CURRENT_MANAGER_REGIME,mgr:dfda8206a0e2,FTX-06R5B,1,1,0,2025-12-30,2025-12-30,0.01694915254237288,6,59,Diego Gómez
brighton,SHORT_INDIRECT_FREE_KICKS,CURRENT_MANAGER_REGIME,mgr:dfda8206a0e2,FTX-06UYD,2,2,0,2025-12-20,2025-12-27,0.03389830508474576,5,59,Diego Coppola
brighton,SHORT_INDIRECT_FREE_KICKS,CURRENT_MANAGER_REGIME,mgr:dfda8206a0e2,FTX-06Y26,3,3,0,2026-01-24,2026-04-21,0.05084745762711865,4,59,Olivier Boscagli
brighton,SHORT_INDIRECT_FREE_KICKS,LAST_10,,FTX-04E1C,3,2,0,2026-05-09,2026-05-17,0.15,3,20,Lewis Dunk
brighton,SHORT_INDIRECT_FREE_KICKS,LAST_10,,FTX-05OH0,5,5,0,2026-03-21,2026-05-17,0.25,2,20,Jan Paul van Hecke
brighton,SHORT_INDIRECT_FREE_KICKS,LAST_10,,FTX-062CI,1,1,0,2026-03-04,2026-03-04,0.05,4,20,Kaoru Mitoma
brighton,SHORT_INDIRECT_FREE_KICKS,LAST_10,,FTX-06CMU,9,5,0,2026-03-14,2026-05-02,0.45,1,20,Bart Verbruggen
brighton,SHORT_INDIRECT_FREE_KICKS,LAST_10,,FTX-06FWI,1,1,0,2026-05-09,2026-05-09,0.05,4,20,Carlos Baleba
brighton,SHORT_INDIRECT_FREE_KICKS,LAST_10,,FTX-06Y26,1,1,0,2026-04-21,2026-04-21,0.05,4,20,Olivier Boscagli
brighton,SHORT_INDIRECT_FREE_KICKS,LAST_5,,FTX-04E1C,3,2,0,2026-05-09,2026-05-17,0.2727272727272727,1,11,Lewis Dunk
brighton,SHORT_INDIRECT_FREE_KICKS,LAST_5,,FTX-05OH0,3,3,0,2026-04-21,2026-05-17,0.2727272727272727,1,11,Jan Paul van Hecke
brighton,SHORT_INDIRECT_FREE_KICKS,LAST_5,,FTX-06CMU,3,2,0,2026-04-21,2026-05-02,0.2727272727272727,1,11,Bart Verbruggen
brighton,SHORT_INDIRECT_FREE_KICKS,LAST_5,,FTX-06FWI,1,1,0,2026-05-09,2026-05-09,0.09090909090909091,2,11,Carlos Baleba
brighton,SHORT_INDIRECT_FREE_KICKS,LAST_5,,FTX-06Y26,1,1,0,2026-04-21,2026-04-21,0.09090909090909091,2,11,Olivier Boscagli
brighton,SHORT_INDIRECT_FREE_KICKS,SEASON,,FTX-02LNX,1,1,0,2025-12-30,2025-12-30,0.01694915254237288,6,59,Danny Welbeck
brighton,SHORT_INDIRECT_FREE_KICKS,SEASON,,FTX-04E1C,17,13,0,2025-08-16,2026-05-17,0.288135593220339,1,59,Lewis Dunk
brighton,SHORT_INDIRECT_FREE_KICKS,SEASON,,FTX-05OH0,9,9,0,2025-09-13,2026-05-17,0.15254237288135594,3,59,Jan Paul van Hecke
brighton,SHORT_INDIRECT_FREE_KICKS,SEASON,,FTX-062CI,1,1,0,2026-03-04,2026-03-04,0.01694915254237288,6,59,Kaoru Mitoma
brighton,SHORT_INDIRECT_FREE_KICKS,SEASON,,FTX-0689W,1,1,0,2025-11-09,2025-11-09,0.01694915254237288,6,59,Georginio Rutter
brighton,SHORT_INDIRECT_FREE_KICKS,SEASON,,FTX-068YC,2,2,0,2025-09-27,2025-11-22,0.03389830508474576,5,59,Yasin Ayari
brighton,SHORT_INDIRECT_FREE_KICKS,SEASON,,FTX-06CMU,16,10,0,2025-08-31,2026-05-02,0.2711864406779661,2,59,Bart Verbruggen
brighton,SHORT_INDIRECT_FREE_KICKS,SEASON,,FTX-06FWI,3,3,0,2026-01-19,2026-05-09,0.05084745762711865,4,59,Carlos Baleba
brighton,SHORT_INDIRECT_FREE_KICKS,SEASON,,FTX-06MPP,3,3,0,2025-10-25,2026-03-01,0.05084745762711865,4,59,Mats Wieffer
brighton,SHORT_INDIRECT_FREE_KICKS,SEASON,,FTX-06R5B,1,1,0,2025-12-30,2025-12-30,0.01694915254237288,6,59,Diego Gómez
brighton,SHORT_INDIRECT_FREE_KICKS,SEASON,,FTX-06UYD,2,2,0,2025-12-20,2025-12-27,0.03389830508474576,5,59,Diego Coppola
brighton,SHORT_INDIRECT_FREE_KICKS,SEASON,,FTX-06Y26,3,3,0,2026-01-24,2026-04-21,0.05084745762711865,4,59,Olivier Boscagli
burnley,ALL_CORNERS,CURRENT_MANAGER_REGIME,mgr:7670d95f755e,FTX-02OQ8,3,1,0,2026-05-24,2026-05-24,0.25,2,12,James Ward-Prowse
burnley,ALL_CORNERS,CURRENT_MANAGER_REGIME,mgr:7670d95f755e,FTX-061VK,6,3,0,2026-05-10,2026-05-24,0.5,1,12,Jaidon Anthony
burnley,ALL_CORNERS,CURRENT_MANAGER_REGIME,mgr:7670d95f755e,FTX-06DWM,1,1,0,2026-05-24,2026-05-24,0.08333333333333333,4,12,Jacob Bruun Larsen
burnley,ALL_CORNERS,CURRENT_MANAGER_REGIME,mgr:7670d95f755e,FTX-06UZN,2,1,0,2026-05-24,2026-05-24,0.16666666666666666,3,12,Lucas Pires
burnley,ALL_CORNERS,LAST_10,,FTX-02OQ8,30,7,0,2026-03-03,2026-05-24,0.7317073170731707,1,41,James Ward-Prowse
burnley,ALL_CORNERS,LAST_10,,FTX-044W8,1,1,0,2026-03-21,2026-03-21,0.024390243902439025,4,41,Marcus Edwards
burnley,ALL_CORNERS,LAST_10,,FTX-061VK,7,4,0,2026-03-21,2026-05-24,0.17073170731707318,2,41,Jaidon Anthony
burnley,ALL_CORNERS,LAST_10,,FTX-06DWM,1,1,0,2026-05-24,2026-05-24,0.024390243902439025,4,41,Jacob Bruun Larsen
burnley,ALL_CORNERS,LAST_10,,FTX-06UZN,2,1,0,2026-05-24,2026-05-24,0.04878048780487805,3,41,Lucas Pires
burnley,ALL_CORNERS,LAST_5,,FTX-02OQ8,6,2,0,2026-04-22,2026-05-24,0.4,1,15,James Ward-Prowse
burnley,ALL_CORNERS,LAST_5,,FTX-061VK,6,3,0,2026-05-10,2026-05-24,0.4,1,15,Jaidon Anthony
burnley,ALL_CORNERS,LAST_5,,FTX-06DWM,1,1,0,2026-05-24,2026-05-24,0.06666666666666667,3,15,Jacob Bruun Larsen
burnley,ALL_CORNERS,LAST_5,,FTX-06UZN,2,1,0,2026-05-24,2026-05-24,0.13333333333333333,2,15,Lucas Pires
burnley,ALL_CORNERS,SEASON,,FTX-02OQ8,38,10,0,2026-02-11,2026-05-24,0.2753623188405797,1,138,James Ward-Prowse
burnley,ALL_CORNERS,SEASON,,FTX-03HFF,5,3,0,2025-08-16,2025-11-29,0.036231884057971016,6,138,Josh Cullen
burnley,ALL_CORNERS,SEASON,,FTX-044W8,5,4,0,2025-12-03,2026-03-21,0.036231884057971016,6,138,Marcus Edwards
burnley,ALL_CORNERS,SEASON,,FTX-05T6Y,1,1,0,2026-01-07,2026-01-07,0.007246376811594203,8,138,Hannibal Mejbri
burnley,ALL_CORNERS,SEASON,,FTX-061VK,27,17,0,2025-09-20,2026-05-24,0.1956521739130435,2,138,Jaidon Anthony
burnley,ALL_CORNERS,SEASON,,FTX-06DWM,18,8,0,2025-11-01,2026-05-24,0.13043478260869565,5,138,Jacob Bruun Larsen
burnley,ALL_CORNERS,SEASON,,FTX-06FY5,2,2,0,2025-12-20,2025-12-27,0.014492753623188406,7,138,Mike Trésor
burnley,ALL_CORNERS,SEASON,,FTX-06UZN,20,9,0,2025-12-06,2026-05-24,0.14492753623188406,4,138,Lucas Pires
burnley,ALL_CORNERS,SEASON,,FTX-06V6N,21,10,0,2025-08-16,2025-12-13,0.15217391304347827,3,138,Quilindschy Hartman
burnley,ALL_CORNERS,SEASON,,FTX-06Y27,1,1,0,2025-08-23,2025-08-23,0.007246376811594203,8,138,Loum Tchaouna
burnley,DIRECT_FREE_KICKS,LAST_10,,FTX-02OQ8,1,1,0,2026-04-19,2026-04-19,1.0,1,1,James Ward-Prowse
burnley,DIRECT_FREE_KICKS,SEASON,,FTX-02OQ8,1,1,0,2026-04-19,2026-04-19,0.07142857142857142,4,14,James Ward-Prowse
burnley,DIRECT_FREE_KICKS,SEASON,,FTX-044W8,4,4,0,2025-11-01,2026-02-21,0.2857142857142857,2,14,Marcus Edwards
burnley,DIRECT_FREE_KICKS,SEASON,,FTX-05T6Y,1,1,0,2025-08-16,2025-08-16,0.07142857142857142,4,14,Hannibal Mejbri
burnley,DIRECT_FREE_KICKS,SEASON,,FTX-06DWM,5,4,0,2025-08-30,2025-12-13,0.35714285714285715,1,14,Jacob Bruun Larsen
burnley,DIRECT_FREE_KICKS,SEASON,,FTX-06UZO,1,1,0,2026-02-07,2026-02-07,0.07142857142857142,4,14,Zian Flemming
burnley,DIRECT_FREE_KICKS,SEASON,,FTX-06Y27,2,2,0,2025-09-20,2026-01-03,0.14285714285714285,3,14,Loum Tchaouna
burnley,PENALTIES,SEASON,,FTX-06UZO,2,2,2,2025-11-29,2025-12-06,1.0,1,2,Zian Flemming
burnley,SET_PIECE_CROSSES,CURRENT_MANAGER_REGIME,mgr:7670d95f755e,FTX-02OQ8,4,2,0,2026-05-18,2026-05-24,0.3333333333333333,2,12,James Ward-Prowse
burnley,SET_PIECE_CROSSES,CURRENT_MANAGER_REGIME,mgr:7670d95f755e,FTX-061VK,6,3,0,2026-05-10,2026-05-24,0.5,1,12,Jaidon Anthony
burnley,SET_PIECE_CROSSES,CURRENT_MANAGER_REGIME,mgr:7670d95f755e,FTX-06UZN,2,1,0,2026-05-24,2026-05-24,0.16666666666666666,3,12,Lucas Pires
burnley,SET_PIECE_CROSSES,LAST_10,,FTX-02OQ8,39,8,0,2026-03-03,2026-05-24,0.8125,1,48,James Ward-Prowse
burnley,SET_PIECE_CROSSES,LAST_10,,FTX-061VK,7,4,0,2026-03-21,2026-05-24,0.14583333333333334,2,48,Jaidon Anthony
burnley,SET_PIECE_CROSSES,LAST_10,,FTX-06UZN,2,1,0,2026-05-24,2026-05-24,0.041666666666666664,3,48,Lucas Pires
burnley,SET_PIECE_CROSSES,LAST_5,,FTX-02OQ8,10,3,0,2026-04-22,2026-05-24,0.5555555555555556,1,18,James Ward-Prowse
burnley,SET_PIECE_CROSSES,LAST_5,,FTX-061VK,6,3,0,2026-05-10,2026-05-24,0.3333333333333333,2,18,Jaidon Anthony
burnley,SET_PIECE_CROSSES,LAST_5,,FTX-06UZN,2,1,0,2026-05-24,2026-05-24,0.1111111111111111,3,18,Lucas Pires
burnley,SET_PIECE_CROSSES,SEASON,,FTX-02LP9,5,4,0,2025-09-20,2026-02-02,0.03205128205128205,7,156,Kyle Walker
burnley,SET_PIECE_CROSSES,SEASON,,FTX-02OQ8,48,11,0,2026-02-11,2026-05-24,0.3076923076923077,1,156,James Ward-Prowse
burnley,SET_PIECE_CROSSES,SEASON,,FTX-03HFF,4,2,0,2025-08-16,2025-11-29,0.02564102564102564,8,156,Josh Cullen
burnley,SET_PIECE_CROSSES,SEASON,,FTX-044W8,1,1,0,2025-12-13,2025-12-13,0.00641025641025641,10,156,Marcus Edwards
burnley,SET_PIECE_CROSSES,SEASON,,FTX-05T6Y,6,4,0,2025-09-20,2026-02-21,0.038461538461538464,6,156,Hannibal Mejbri
burnley,SET_PIECE_CROSSES,SEASON,,FTX-061VK,27,15,0,2025-09-20,2026-05-24,0.17307692307692307,2,156,Jaidon Anthony
burnley,SET_PIECE_CROSSES,SEASON,,FTX-06DWM,18,8,0,2025-11-01,2026-02-02,0.11538461538461539,5,156,Jacob Bruun Larsen
burnley,SET_PIECE_CROSSES,SEASON,,FTX-06FY5,2,2,0,2025-12-20,2025-12-27,0.01282051282051282,9,156,Mike Trésor
burnley,SET_PIECE_CROSSES,SEASON,,FTX-06UZN,19,9,0,2025-12-06,2026-05-24,0.12179487179487179,4,156,Lucas Pires
burnley,SET_PIECE_CROSSES,SEASON,,FTX-06V6N,26,11,0,2025-08-16,2025-12-13,0.16666666666666666,3,156,Quilindschy Hartman
burnley,SET_PIECE_KEY_PASSES,CURRENT_MANAGER_REGIME,mgr:7670d95f755e,FTX-06UZN,1,1,0,2026-05-24,2026-05-24,1.0,1,1,Lucas Pires
burnley,SET_PIECE_KEY_PASSES,LAST_10,,FTX-02OQ8,7,3,0,2026-03-14,2026-04-19,0.7,1,10,James Ward-Prowse
burnley,SET_PIECE_KEY_PASSES,LAST_10,,FTX-06UZN,2,2,0,2026-03-03,2026-05-24,0.2,2,10,Lucas Pires
burnley,SET_PIECE_KEY_PASSES,LAST_10,,FTX-06V6N,1,1,0,2026-03-21,2026-03-21,0.1,3,10,Quilindschy Hartman
burnley,SET_PIECE_KEY_PASSES,LAST_5,,FTX-06UZN,1,1,0,2026-05-24,2026-05-24,1.0,1,1,Lucas Pires
burnley,SET_PIECE_KEY_PASSES,SEASON,,FTX-02LP9,3,3,0,2025-10-18,2026-02-02,0.09375,3,32,Kyle Walker
burnley,SET_PIECE_KEY_PASSES,SEASON,,FTX-02OQ8,9,4,0,2026-02-21,2026-04-19,0.28125,1,32,James Ward-Prowse
burnley,SET_PIECE_KEY_PASSES,SEASON,,FTX-03HFF,3,2,0,2025-08-16,2025-12-13,0.09375,3,32,Josh Cullen
burnley,SET_PIECE_KEY_PASSES,SEASON,,FTX-044W8,1,1,0,2025-12-20,2025-12-20,0.03125,4,32,Marcus Edwards
burnley,SET_PIECE_KEY_PASSES,SEASON,,FTX-05GVX,1,1,0,2025-12-30,2025-12-30,0.03125,4,32,Armando Broja
burnley,SET_PIECE_KEY_PASSES,SEASON,,FTX-05T6Y,1,1,0,2025-09-20,2025-09-20,0.03125,4,32,Hannibal Mejbri
burnley,SET_PIECE_KEY_PASSES,SEASON,,FTX-061VK,3,3,0,2025-12-06,2026-02-21,0.09375,3,32,Jaidon Anthony
burnley,SET_PIECE_KEY_PASSES,SEASON,,FTX-06DWM,3,1,0,2025-12-13,2025-12-13,0.09375,3,32,Jacob Bruun Larsen
burnley,SET_PIECE_KEY_PASSES,SEASON,,FTX-06JGR,1,1,0,2025-09-20,2025-09-20,0.03125,4,32,Maxime Estève
burnley,SET_PIECE_KEY_PASSES,SEASON,,FTX-06UZN,3,3,0,2026-02-07,2026-05-24,0.09375,3,32,Lucas Pires
burnley,SET_PIECE_KEY_PASSES,SEASON,,FTX-06V6N,4,3,0,2025-09-14,2026-03-21,0.125,2,32,Quilindschy Hartman
burnley,SHORT_INDIRECT_FREE_KICKS,CURRENT_MANAGER_REGIME,mgr:7670d95f755e,FTX-05GVX,1,1,0,2026-05-01,2026-05-01,0.5,1,2,Armando Broja
burnley,SHORT_INDIRECT_FREE_KICKS,CURRENT_MANAGER_REGIME,mgr:7670d95f755e,FTX-06Y27,1,1,0,2026-05-01,2026-05-01,0.5,1,2,Loum Tchaouna
burnley,SHORT_INDIRECT_FREE_KICKS,LAST_10,,FTX-02OQ8,1,1,0,2026-04-19,2026-04-19,0.14285714285714285,2,7,James Ward-Prowse
burnley,SHORT_INDIRECT_FREE_KICKS,LAST_10,,FTX-04MR4,4,4,0,2026-03-03,2026-04-22,0.5714285714285714,1,7,Martin Dúbravka
burnley,SHORT_INDIRECT_FREE_KICKS,LAST_10,,FTX-05GVX,1,1,0,2026-05-01,2026-05-01,0.14285714285714285,2,7,Armando Broja
burnley,SHORT_INDIRECT_FREE_KICKS,LAST_10,,FTX-06Y27,1,1,0,2026-05-01,2026-05-01,0.14285714285714285,2,7,Loum Tchaouna
burnley,SHORT_INDIRECT_FREE_KICKS,LAST_5,,FTX-04MR4,1,1,0,2026-04-22,2026-04-22,0.3333333333333333,1,3,Martin Dúbravka
burnley,SHORT_INDIRECT_FREE_KICKS,LAST_5,,FTX-05GVX,1,1,0,2026-05-01,2026-05-01,0.3333333333333333,1,3,Armando Broja
burnley,SHORT_INDIRECT_FREE_KICKS,LAST_5,,FTX-06Y27,1,1,0,2026-05-01,2026-05-01,0.3333333333333333,1,3,Loum Tchaouna
burnley,SHORT_INDIRECT_FREE_KICKS,SEASON,,FTX-02LP9,4,4,0,2025-08-23,2026-02-07,0.0784313725490196,2,51,Kyle Walker
burnley,SHORT_INDIRECT_FREE_KICKS,SEASON,,FTX-02OQ8,1,1,0,2026-04-19,2026-04-19,0.0196078431372549,5,51,James Ward-Prowse
burnley,SHORT_INDIRECT_FREE_KICKS,SEASON,,FTX-03DYX,1,1,0,2025-10-05,2025-10-05,0.0196078431372549,5,51,Josh Laurent
burnley,SHORT_INDIRECT_FREE_KICKS,SEASON,,FTX-03HFF,2,2,0,2025-08-23,2025-11-08,0.0392156862745098,4,51,Josh Cullen
burnley,SHORT_INDIRECT_FREE_KICKS,SEASON,,FTX-03XRS,2,2,0,2025-11-08,2025-11-29,0.0392156862745098,4,51,Axel Tuanzebe
burnley,SHORT_INDIRECT_FREE_KICKS,SEASON,,FTX-04MR4,29,21,0,2025-09-14,2026-04-22,0.5686274509803921,1,51,Martin Dúbravka
burnley,SHORT_INDIRECT_FREE_KICKS,SEASON,,FTX-05GVX,2,2,0,2025-11-22,2026-05-01,0.0392156862745098,4,51,Armando Broja
burnley,SHORT_INDIRECT_FREE_KICKS,SEASON,,FTX-05T6Y,2,2,0,2025-11-29,2026-01-07,0.0392156862745098,4,51,Hannibal Mejbri
burnley,SHORT_INDIRECT_FREE_KICKS,SEASON,,FTX-066SH,1,1,0,2025-12-30,2025-12-30,0.0196078431372549,5,51,Bashir Humphreys
burnley,SHORT_INDIRECT_FREE_KICKS,SEASON,,FTX-06C4H,2,2,0,2025-12-03,2025-12-27,0.0392156862745098,4,51,Hjalmar Ekdal
burnley,SHORT_INDIRECT_FREE_KICKS,SEASON,,FTX-06JGR,1,1,0,2025-08-30,2025-08-30,0.0196078431372549,5,51,Maxime Estève
burnley,SHORT_INDIRECT_FREE_KICKS,SEASON,,FTX-06V6N,3,3,0,2025-09-27,2025-11-22,0.058823529411764705,3,51,Quilindschy Hartman
burnley,SHORT_INDIRECT_FREE_KICKS,SEASON,,FTX-06Y27,1,1,0,2026-05-01,2026-05-01,0.0196078431372549,5,51,Loum Tchaouna
chelsea,ALL_CORNERS,CURRENT_MANAGER_REGIME,mgr:3b963ae58719,FTX-051K7,4,3,0,2026-01-04,2026-05-24,0.13333333333333333,3,30,Reece James
chelsea,ALL_CORNERS,CURRENT_MANAGER_REGIME,mgr:3b963ae58719,FTX-056IY,6,2,0,2026-01-07,2026-05-19,0.2,2,30,Pedro Neto
chelsea,ALL_CORNERS,CURRENT_MANAGER_REGIME,mgr:3b963ae58719,FTX-05L8Q,2,2,0,2026-05-04,2026-05-24,0.06666666666666667,4,30,Cole Palmer
chelsea,ALL_CORNERS,CURRENT_MANAGER_REGIME,mgr:3b963ae58719,FTX-068YM,18,4,0,2026-01-07,2026-05-19,0.6,1,30,Enzo Fernández
chelsea,ALL_CORNERS,LAST_10,,FTX-051K7,16,3,0,2026-03-04,2026-05-24,0.27586206896551724,2,58,Reece James
chelsea,ALL_CORNERS,LAST_10,,FTX-056IY,13,5,0,2026-03-21,2026-05-19,0.22413793103448276,3,58,Pedro Neto
chelsea,ALL_CORNERS,LAST_10,,FTX-05L8Q,3,3,0,2026-03-14,2026-05-24,0.05172413793103448,4,58,Cole Palmer
chelsea,ALL_CORNERS,LAST_10,,FTX-068YM,23,6,0,2026-03-21,2026-05-19,0.39655172413793105,1,58,Enzo Fernández
chelsea,ALL_CORNERS,LAST_10,,FTX-06YXE,3,1,0,2026-03-21,2026-03-21,0.05172413793103448,4,58,Estêvão
chelsea,ALL_CORNERS,LAST_5,,FTX-051K7,1,1,0,2026-05-24,2026-05-24,0.045454545454545456,4,22,Reece James
chelsea,ALL_CORNERS,LAST_5,,FTX-056IY,5,2,0,2026-04-21,2026-05-19,0.22727272727272727,2,22,Pedro Neto
chelsea,ALL_CORNERS,LAST_5,,FTX-05L8Q,2,2,0,2026-05-04,2026-05-24,0.09090909090909091,3,22,Cole Palmer
chelsea,ALL_CORNERS,LAST_5,,FTX-068YM,14,4,0,2026-04-21,2026-05-19,0.6363636363636364,1,22,Enzo Fernández
chelsea,ALL_CORNERS,SEASON,,FTX-051K7,81,22,0,2025-08-17,2026-05-24,0.3584070796460177,1,226,Reece James
chelsea,ALL_CORNERS,SEASON,,FTX-056IY,71,28,0,2025-08-17,2026-05-19,0.3141592920353982,2,226,Pedro Neto
chelsea,ALL_CORNERS,SEASON,,FTX-05L8Q,4,4,0,2026-01-31,2026-05-24,0.017699115044247787,5,226,Cole Palmer
chelsea,ALL_CORNERS,SEASON,,FTX-05W9I,1,1,0,2026-01-31,2026-01-31,0.004424778761061947,6,226,Marc Cucurella
chelsea,ALL_CORNERS,SEASON,,FTX-068YM,55,20,0,2025-08-22,2026-05-19,0.24336283185840707,3,226,Enzo Fernández
chelsea,ALL_CORNERS,SEASON,,FTX-06YXE,14,8,0,2025-08-17,2026-03-21,0.061946902654867256,4,226,Estêvão
chelsea,DIRECT_FREE_KICKS,CURRENT_MANAGER_REGIME,mgr:3b963ae58719,FTX-05L8Q,1,1,0,2026-05-19,2026-05-19,0.25,2,4,Cole Palmer
chelsea,DIRECT_FREE_KICKS,CURRENT_MANAGER_REGIME,mgr:3b963ae58719,FTX-068YM,3,3,1,2026-05-04,2026-05-19,0.75,1,4,Enzo Fernández
chelsea,DIRECT_FREE_KICKS,LAST_10,,FTX-051K7,2,1,0,2026-03-14,2026-03-14,0.2222222222222222,3,9,Reece James
chelsea,DIRECT_FREE_KICKS,LAST_10,,FTX-05L8Q,3,3,0,2026-04-12,2026-05-19,0.3333333333333333,2,9,Cole Palmer
chelsea,DIRECT_FREE_KICKS,LAST_10,,FTX-068YM,4,4,1,2026-04-18,2026-05-19,0.4444444444444444,1,9,Enzo Fernández
chelsea,DIRECT_FREE_KICKS,LAST_5,,FTX-05L8Q,1,1,0,2026-05-19,2026-05-19,0.25,2,4,Cole Palmer
chelsea,DIRECT_FREE_KICKS,LAST_5,,FTX-068YM,3,3,1,2026-05-04,2026-05-19,0.75,1,4,Enzo Fernández
chelsea,DIRECT_FREE_KICKS,SEASON,,FTX-051K7,7,6,1,2025-09-27,2026-03-14,0.3181818181818182,2,22,Reece James
chelsea,DIRECT_FREE_KICKS,SEASON,,FTX-056IY,1,1,1,2025-10-18,2025-10-18,0.045454545454545456,4,22,Pedro Neto
chelsea,DIRECT_FREE_KICKS,SEASON,,FTX-05L8Q,6,6,0,2025-08-17,2026-05-19,0.2727272727272727,3,22,Cole Palmer
chelsea,DIRECT_FREE_KICKS,SEASON,,FTX-068YM,8,8,1,2025-09-27,2026-05-19,0.36363636363636365,1,22,Enzo Fernández
chelsea,PENALTIES,CURRENT_MANAGER_REGIME,mgr:3b963ae58719,FTX-05L8Q,1,1,0,2026-05-04,2026-05-04,1.0,1,1,Cole Palmer
chelsea,PENALTIES,LAST_10,,FTX-05L8Q,1,1,0,2026-05-04,2026-05-04,1.0,1,1,Cole Palmer
chelsea,PENALTIES,LAST_5,,FTX-05L8Q,1,1,0,2026-05-04,2026-05-04,1.0,1,1,Cole Palmer
chelsea,PENALTIES,SEASON,,FTX-05L8Q,6,5,5,2025-12-30,2026-05-04,0.75,1,8,Cole Palmer
chelsea,PENALTIES,SEASON,,FTX-068YM,2,2,2,2025-08-30,2026-01-25,0.25,2,8,Enzo Fernández
chelsea,SET_PIECE_CROSSES,CURRENT_MANAGER_REGIME,mgr:3b963ae58719,FTX-051K7,5,3,0,2026-01-04,2026-05-24,0.16129032258064516,3,31,Reece James
chelsea,SET_PIECE_CROSSES,CURRENT_MANAGER_REGIME,mgr:3b963ae58719,FTX-056IY,8,3,0,2026-01-07,2026-05-24,0.25806451612903225,2,31,Pedro Neto
chelsea,SET_PIECE_CROSSES,CURRENT_MANAGER_REGIME,mgr:3b963ae58719,FTX-05L8Q,1,1,0,2026-05-24,2026-05-24,0.03225806451612903,4,31,Cole Palmer
chelsea,SET_PIECE_CROSSES,CURRENT_MANAGER_REGIME,mgr:3b963ae58719,FTX-068YM,17,4,0,2026-01-07,2026-05-24,0.5483870967741935,1,31,Enzo Fernández
chelsea,SET_PIECE_CROSSES,LAST_10,,FTX-051K7,13,3,0,2026-03-04,2026-05-24,0.24528301886792453,3,53,Reece James
chelsea,SET_PIECE_CROSSES,LAST_10,,FTX-056IY,16,6,0,2026-03-21,2026-05-24,0.3018867924528302,2,53,Pedro Neto
chelsea,SET_PIECE_CROSSES,LAST_10,,FTX-05L8Q,2,2,0,2026-03-14,2026-05-24,0.03773584905660377,5,53,Cole Palmer
chelsea,SET_PIECE_CROSSES,LAST_10,,FTX-068YM,19,6,0,2026-03-21,2026-05-24,0.3584905660377358,1,53,Enzo Fernández
chelsea,SET_PIECE_CROSSES,LAST_10,,FTX-06YXE,3,1,0,2026-03-21,2026-03-21,0.05660377358490566,4,53,Estêvão
chelsea,SET_PIECE_CROSSES,LAST_5,,FTX-051K7,2,1,0,2026-05-24,2026-05-24,0.08695652173913043,3,23,Reece James
chelsea,SET_PIECE_CROSSES,LAST_5,,FTX-056IY,7,3,0,2026-04-21,2026-05-24,0.30434782608695654,2,23,Pedro Neto
chelsea,SET_PIECE_CROSSES,LAST_5,,FTX-05L8Q,1,1,0,2026-05-24,2026-05-24,0.043478260869565216,4,23,Cole Palmer
chelsea,SET_PIECE_CROSSES,LAST_5,,FTX-068YM,13,4,0,2026-04-21,2026-05-24,0.5652173913043478,1,23,Enzo Fernández
chelsea,SET_PIECE_CROSSES,SEASON,,FTX-051K7,74,24,0,2025-08-17,2026-05-24,0.36097560975609755,2,205,Reece James
chelsea,SET_PIECE_CROSSES,SEASON,,FTX-056IY,76,28,0,2025-08-17,2026-05-24,0.37073170731707317,1,205,Pedro Neto
chelsea,SET_PIECE_CROSSES,SEASON,,FTX-05L8Q,2,2,0,2026-03-14,2026-05-24,0.00975609756097561,5,205,Cole Palmer
chelsea,SET_PIECE_CROSSES,SEASON,,FTX-068YM,44,19,0,2025-08-22,2026-05-24,0.2146341463414634,3,205,Enzo Fernández
chelsea,SET_PIECE_CROSSES,SEASON,,FTX-06YXE,9,6,0,2025-08-17,2026-03-21,0.04390243902439024,4,205,Estêvão
chelsea,SET_PIECE_KEY_PASSES,CURRENT_MANAGER_REGIME,mgr:3b963ae58719,FTX-056IY,1,1,0,2026-05-24,2026-05-24,0.2,2,5,Pedro Neto
chelsea,SET_PIECE_KEY_PASSES,CURRENT_MANAGER_REGIME,mgr:3b963ae58719,FTX-068YM,4,2,0,2026-01-07,2026-05-04,0.8,1,5,Enzo Fernández
chelsea,SET_PIECE_KEY_PASSES,LAST_10,,FTX-051K7,1,1,0,2026-03-14,2026-03-14,0.2,2,5,Reece James
chelsea,SET_PIECE_KEY_PASSES,LAST_10,,FTX-056IY,2,2,0,2026-04-12,2026-05-24,0.4,1,5,Pedro Neto
chelsea,SET_PIECE_KEY_PASSES,LAST_10,,FTX-068YM,2,1,0,2026-05-04,2026-05-04,0.4,1,5,Enzo Fernández
chelsea,SET_PIECE_KEY_PASSES,LAST_5,,FTX-056IY,1,1,0,2026-05-24,2026-05-24,0.3333333333333333,2,3,Pedro Neto
chelsea,SET_PIECE_KEY_PASSES,LAST_5,,FTX-068YM,2,1,0,2026-05-04,2026-05-04,0.6666666666666666,1,3,Enzo Fernández
chelsea,SET_PIECE_KEY_PASSES,SEASON,,FTX-051K7,11,8,0,2025-08-17,2026-03-14,0.36666666666666664,1,30,Reece James
chelsea,SET_PIECE_KEY_PASSES,SEASON,,FTX-056IY,10,9,0,2025-08-17,2026-05-24,0.3333333333333333,2,30,Pedro Neto
chelsea,SET_PIECE_KEY_PASSES,SEASON,,FTX-05G2O,1,1,0,2025-08-22,2025-08-22,0.03333333333333333,4,30,João Pedro
chelsea,SET_PIECE_KEY_PASSES,SEASON,,FTX-05W9I,1,1,0,2025-08-22,2025-08-22,0.03333333333333333,4,30,Marc Cucurella
chelsea,SET_PIECE_KEY_PASSES,SEASON,,FTX-068YM,7,5,0,2025-08-30,2026-05-04,0.23333333333333334,3,30,Enzo Fernández
chelsea,SHORT_INDIRECT_FREE_KICKS,CURRENT_MANAGER_REGIME,mgr:3b963ae58719,FTX-04MUP,1,1,0,2026-05-24,2026-05-24,0.1,2,10,Trevoh Chalobah
chelsea,SHORT_INDIRECT_FREE_KICKS,CURRENT_MANAGER_REGIME,mgr:3b963ae58719,FTX-04YME,3,3,0,2026-01-07,2026-05-19,0.3,1,10,Robert Sánchez
chelsea,SHORT_INDIRECT_FREE_KICKS,CURRENT_MANAGER_REGIME,mgr:3b963ae58719,FTX-062P5,1,1,0,2026-05-24,2026-05-24,0.1,2,10,Levi Colwill
chelsea,SHORT_INDIRECT_FREE_KICKS,CURRENT_MANAGER_REGIME,mgr:3b963ae58719,FTX-06804,1,1,0,2026-01-04,2026-01-04,0.1,2,10,Benoît Badiashile
chelsea,SHORT_INDIRECT_FREE_KICKS,CURRENT_MANAGER_REGIME,mgr:3b963ae58719,FTX-068A0,1,1,0,2026-05-04,2026-05-04,0.1,2,10,Andrey Santos
chelsea,SHORT_INDIRECT_FREE_KICKS,CURRENT_MANAGER_REGIME,mgr:3b963ae58719,FTX-06NV3,3,2,0,2026-01-04,2026-05-09,0.3,1,10,Filip Jörgensen
chelsea,SHORT_INDIRECT_FREE_KICKS,LAST_10,,FTX-04MUP,1,1,0,2026-05-24,2026-05-24,0.125,3,8,Trevoh Chalobah
chelsea,SHORT_INDIRECT_FREE_KICKS,LAST_10,,FTX-04YME,2,2,0,2026-05-04,2026-05-19,0.25,2,8,Robert Sánchez
chelsea,SHORT_INDIRECT_FREE_KICKS,LAST_10,,FTX-062P5,1,1,0,2026-05-24,2026-05-24,0.125,3,8,Levi Colwill
chelsea,SHORT_INDIRECT_FREE_KICKS,LAST_10,,FTX-068A0,1,1,0,2026-05-04,2026-05-04,0.125,3,8,Andrey Santos
chelsea,SHORT_INDIRECT_FREE_KICKS,LAST_10,,FTX-06NV3,3,2,0,2026-03-04,2026-05-09,0.375,1,8,Filip Jörgensen
chelsea,SHORT_INDIRECT_FREE_KICKS,LAST_5,,FTX-04MUP,1,1,0,2026-05-24,2026-05-24,0.14285714285714285,2,7,Trevoh Chalobah
chelsea,SHORT_INDIRECT_FREE_KICKS,LAST_5,,FTX-04YME,2,2,0,2026-05-04,2026-05-19,0.2857142857142857,1,7,Robert Sánchez
chelsea,SHORT_INDIRECT_FREE_KICKS,LAST_5,,FTX-062P5,1,1,0,2026-05-24,2026-05-24,0.14285714285714285,2,7,Levi Colwill
chelsea,SHORT_INDIRECT_FREE_KICKS,LAST_5,,FTX-068A0,1,1,0,2026-05-04,2026-05-04,0.14285714285714285,2,7,Andrey Santos
chelsea,SHORT_INDIRECT_FREE_KICKS,LAST_5,,FTX-06NV3,2,1,0,2026-05-09,2026-05-09,0.2857142857142857,1,7,Filip Jörgensen
chelsea,SHORT_INDIRECT_FREE_KICKS,SEASON,,FTX-03YEG,3,1,0,2025-08-22,2025-08-22,0.05357142857142857,4,56,Tosin Adarabioyo
chelsea,SHORT_INDIRECT_FREE_KICKS,SEASON,,FTX-04MUP,5,5,0,2025-10-25,2026-05-24,0.08928571428571429,3,56,Trevoh Chalobah
chelsea,SHORT_INDIRECT_FREE_KICKS,SEASON,,FTX-04YME,29,21,0,2025-08-17,2026-05-19,0.5178571428571429,1,56,Robert Sánchez
chelsea,SHORT_INDIRECT_FREE_KICKS,SEASON,,FTX-05G2O,1,1,0,2026-03-01,2026-03-01,0.017857142857142856,6,56,João Pedro
chelsea,SHORT_INDIRECT_FREE_KICKS,SEASON,,FTX-05OPL,3,3,0,2025-12-06,2026-02-21,0.05357142857142857,4,56,Wesley Fofana
chelsea,SHORT_INDIRECT_FREE_KICKS,SEASON,,FTX-05RB8,1,1,0,2025-09-20,2025-09-20,0.017857142857142856,6,56,Moisés Caicedo
chelsea,SHORT_INDIRECT_FREE_KICKS,SEASON,,FTX-05W9I,1,1,0,2026-02-07,2026-02-07,0.017857142857142856,6,56,Marc Cucurella
chelsea,SHORT_INDIRECT_FREE_KICKS,SEASON,,FTX-062P5,1,1,0,2026-05-24,2026-05-24,0.017857142857142856,6,56,Levi Colwill
chelsea,SHORT_INDIRECT_FREE_KICKS,SEASON,,FTX-06804,2,2,0,2025-12-03,2026-01-04,0.03571428571428571,5,56,Benoît Badiashile
chelsea,SHORT_INDIRECT_FREE_KICKS,SEASON,,FTX-068A0,2,2,0,2026-02-07,2026-05-04,0.03571428571428571,5,56,Andrey Santos
chelsea,SHORT_INDIRECT_FREE_KICKS,SEASON,,FTX-068YM,1,1,0,2026-01-31,2026-01-31,0.017857142857142856,6,56,Enzo Fernández
chelsea,SHORT_INDIRECT_FREE_KICKS,SEASON,,FTX-06KWP,1,1,0,2025-10-04,2025-10-04,0.017857142857142856,6,56,Josh Acheampong
chelsea,SHORT_INDIRECT_FREE_KICKS,SEASON,,FTX-06NV3,6,4,0,2025-09-20,2026-05-09,0.10714285714285714,2,56,Filip Jörgensen
crystal_palace,ALL_CORNERS,CURRENT_MANAGER_REGIME,mgr:1058459b93f2,FTX-04F6O,23,14,0,2025-08-24,2026-05-24,0.14465408805031446,3,159,Will Hughes
crystal_palace,ALL_CORNERS,CURRENT_MANAGER_REGIME,mgr:1058459b93f2,FTX-050JQ,1,1,0,2025-10-18,2025-10-18,0.006289308176100629,7,159,Marc Guéhi
crystal_palace,ALL_CORNERS,CURRENT_MANAGER_REGIME,mgr:1058459b93f2,FTX-05NT6,2,1,0,2025-08-17,2025-08-17,0.012578616352201259,6,159,Eberechi Eze
crystal_palace,ALL_CORNERS,CURRENT_MANAGER_REGIME,mgr:1058459b93f2,FTX-061YA,23,9,0,2026-01-25,2026-05-13,0.14465408805031446,3,159,Brennan Johnson
crystal_palace,ALL_CORNERS,CURRENT_MANAGER_REGIME,mgr:1058459b93f2,FTX-06JGS,43,22,0,2025-09-20,2026-05-17,0.27044025157232704,1,159,Adam Wharton
crystal_palace,ALL_CORNERS,CURRENT_MANAGER_REGIME,mgr:1058459b93f2,FTX-06KX1,1,1,0,2026-04-20,2026-04-20,0.006289308176100629,7,159,Justin Devenny
crystal_palace,ALL_CORNERS,CURRENT_MANAGER_REGIME,mgr:1058459b93f2,FTX-06MNC,22,12,0,2025-09-20,2026-05-24,0.13836477987421383,4,159,Daichi Kamada
crystal_palace,ALL_CORNERS,CURRENT_MANAGER_REGIME,mgr:1058459b93f2,FTX-06YEY,3,2,0,2025-12-20,2026-01-01,0.018867924528301886,5,159,Borna Sosa
crystal_palace,ALL_CORNERS,CURRENT_MANAGER_REGIME,mgr:1058459b93f2,FTX-070F9,41,22,0,2025-08-31,2026-05-17,0.2578616352201258,2,159,Yéremy Pino
crystal_palace,ALL_CORNERS,LAST_10,,FTX-04F6O,5,4,0,2026-03-15,2026-05-24,0.11904761904761904,4,42,Will Hughes
crystal_palace,ALL_CORNERS,LAST_10,,FTX-061YA,13,4,0,2026-03-15,2026-05-13,0.30952380952380953,1,42,Brennan Johnson
crystal_palace,ALL_CORNERS,LAST_10,,FTX-06JGS,12,6,0,2026-03-05,2026-05-17,0.2857142857142857,2,42,Adam Wharton
crystal_palace,ALL_CORNERS,LAST_10,,FTX-06KX1,1,1,0,2026-04-20,2026-04-20,0.023809523809523808,5,42,Justin Devenny
crystal_palace,ALL_CORNERS,LAST_10,,FTX-06MNC,5,4,0,2026-03-05,2026-05-24,0.11904761904761904,4,42,Daichi Kamada
crystal_palace,ALL_CORNERS,LAST_10,,FTX-070F9,6,5,0,2026-04-12,2026-05-17,0.14285714285714285,3,42,Yéremy Pino
crystal_palace,ALL_CORNERS,LAST_5,,FTX-04F6O,3,2,0,2026-05-13,2026-05-24,0.17647058823529413,2,17,Will Hughes
crystal_palace,ALL_CORNERS,LAST_5,,FTX-061YA,3,2,0,2026-05-10,2026-05-13,0.17647058823529413,2,17,Brennan Johnson
crystal_palace,ALL_CORNERS,LAST_5,,FTX-06JGS,7,3,0,2026-05-03,2026-05-17,0.4117647058823529,1,17,Adam Wharton
crystal_palace,ALL_CORNERS,LAST_5,,FTX-06MNC,2,2,0,2026-05-13,2026-05-24,0.11764705882352941,3,17,Daichi Kamada
crystal_palace,ALL_CORNERS,LAST_5,,FTX-070F9,2,2,0,2026-05-13,2026-05-17,0.11764705882352941,3,17,Yéremy Pino
crystal_palace,ALL_CORNERS,SEASON,,FTX-04F6O,23,14,0,2025-08-24,2026-05-24,0.14465408805031446,3,159,Will Hughes
crystal_palace,ALL_CORNERS,SEASON,,FTX-050JQ,1,1,0,2025-10-18,2025-10-18,0.006289308176100629,7,159,Marc Guéhi
crystal_palace,ALL_CORNERS,SEASON,,FTX-05NT6,2,1,0,2025-08-17,2025-08-17,0.012578616352201259,6,159,Eberechi Eze
crystal_palace,ALL_CORNERS,SEASON,,FTX-061YA,23,9,0,2026-01-25,2026-05-13,0.14465408805031446,3,159,Brennan Johnson
crystal_palace,ALL_CORNERS,SEASON,,FTX-06JGS,43,22,0,2025-09-20,2026-05-17,0.27044025157232704,1,159,Adam Wharton
crystal_palace,ALL_CORNERS,SEASON,,FTX-06KX1,1,1,0,2026-04-20,2026-04-20,0.006289308176100629,7,159,Justin Devenny
crystal_palace,ALL_CORNERS,SEASON,,FTX-06MNC,22,12,0,2025-09-20,2026-05-24,0.13836477987421383,4,159,Daichi Kamada
crystal_palace,ALL_CORNERS,SEASON,,FTX-06YEY,3,2,0,2025-12-20,2026-01-01,0.018867924528301886,5,159,Borna Sosa
crystal_palace,ALL_CORNERS,SEASON,,FTX-070F9,41,22,0,2025-08-31,2026-05-17,0.2578616352201258,2,159,Yéremy Pino
crystal_palace,DIRECT_FREE_KICKS,CURRENT_MANAGER_REGIME,mgr:1058459b93f2,FTX-061YA,1,1,0,2026-03-15,2026-03-15,0.16666666666666666,2,6,Brennan Johnson
crystal_palace,DIRECT_FREE_KICKS,CURRENT_MANAGER_REGIME,mgr:1058459b93f2,FTX-06KX1,1,1,0,2025-11-30,2025-11-30,0.16666666666666666,2,6,Justin Devenny
crystal_palace,DIRECT_FREE_KICKS,CURRENT_MANAGER_REGIME,mgr:1058459b93f2,FTX-070F9,4,4,0,2025-11-01,2026-02-22,0.6666666666666666,1,6,Yéremy Pino
crystal_palace,DIRECT_FREE_KICKS,LAST_10,,FTX-061YA,1,1,0,2026-03-15,2026-03-15,1.0,1,1,Brennan Johnson
crystal_palace,DIRECT_FREE_KICKS,SEASON,,FTX-061YA,1,1,0,2026-03-15,2026-03-15,0.16666666666666666,2,6,Brennan Johnson
crystal_palace,DIRECT_FREE_KICKS,SEASON,,FTX-06KX1,1,1,0,2025-11-30,2025-11-30,0.16666666666666666,2,6,Justin Devenny
crystal_palace,DIRECT_FREE_KICKS,SEASON,,FTX-070F9,4,4,0,2025-11-01,2026-02-22,0.6666666666666666,1,6,Yéremy Pino
crystal_palace,PENALTIES,CURRENT_MANAGER_REGIME,mgr:1058459b93f2,FTX-05748,3,3,3,2026-02-01,2026-05-17,0.375,2,8,Ismaïla Sarr
crystal_palace,PENALTIES,CURRENT_MANAGER_REGIME,mgr:1058459b93f2,FTX-05R8O,4,4,4,2025-08-31,2026-04-12,0.5,1,8,Jean-Philippe Mateta
crystal_palace,PENALTIES,CURRENT_MANAGER_REGIME,mgr:1058459b93f2,FTX-06KX1,1,1,1,2025-12-20,2025-12-20,0.125,3,8,Justin Devenny
crystal_palace,PENALTIES,LAST_10,,FTX-05748,2,2,2,2026-03-05,2026-05-17,0.6666666666666666,1,3,Ismaïla Sarr
crystal_palace,PENALTIES,LAST_10,,FTX-05R8O,1,1,1,2026-04-12,2026-04-12,0.3333333333333333,2,3,Jean-Philippe Mateta
crystal_palace,PENALTIES,LAST_5,,FTX-05748,1,1,1,2026-05-17,2026-05-17,1.0,1,1,Ismaïla Sarr
crystal_palace,PENALTIES,SEASON,,FTX-05748,3,3,3,2026-02-01,2026-05-17,0.375,2,8,Ismaïla Sarr
crystal_palace,PENALTIES,SEASON,,FTX-05R8O,4,4,4,2025-08-31,2026-04-12,0.5,1,8,Jean-Philippe Mateta
crystal_palace,PENALTIES,SEASON,,FTX-06KX1,1,1,1,2025-12-20,2025-12-20,0.125,3,8,Justin Devenny
crystal_palace,SET_PIECE_CROSSES,CURRENT_MANAGER_REGIME,mgr:1058459b93f2,FTX-04F6O,29,15,0,2025-08-24,2026-05-24,0.15025906735751296,3,193,Will Hughes
crystal_palace,SET_PIECE_CROSSES,CURRENT_MANAGER_REGIME,mgr:1058459b93f2,FTX-05NT6,4,1,0,2025-08-17,2025-08-17,0.02072538860103627,6,193,Eberechi Eze
crystal_palace,SET_PIECE_CROSSES,CURRENT_MANAGER_REGIME,mgr:1058459b93f2,FTX-061YA,24,9,0,2026-01-25,2026-05-13,0.12435233160621761,5,193,Brennan Johnson
crystal_palace,SET_PIECE_CROSSES,CURRENT_MANAGER_REGIME,mgr:1058459b93f2,FTX-06JGS,55,23,0,2025-08-17,2026-05-17,0.2849740932642487,1,193,Adam Wharton
crystal_palace,SET_PIECE_CROSSES,CURRENT_MANAGER_REGIME,mgr:1058459b93f2,FTX-06KX1,2,2,0,2025-09-20,2026-04-20,0.010362694300518135,8,193,Justin Devenny
crystal_palace,SET_PIECE_CROSSES,CURRENT_MANAGER_REGIME,mgr:1058459b93f2,FTX-06MNC,28,12,0,2025-08-31,2026-05-24,0.14507772020725387,4,193,Daichi Kamada
crystal_palace,SET_PIECE_CROSSES,CURRENT_MANAGER_REGIME,mgr:1058459b93f2,FTX-06YEY,3,2,0,2025-12-20,2026-01-01,0.015544041450777202,7,193,Borna Sosa
crystal_palace,SET_PIECE_CROSSES,CURRENT_MANAGER_REGIME,mgr:1058459b93f2,FTX-070F9,48,22,0,2025-09-13,2026-05-24,0.24870466321243523,2,193,Yéremy Pino
crystal_palace,SET_PIECE_CROSSES,LAST_10,,FTX-04F6O,8,4,0,2026-03-15,2026-05-24,0.14285714285714285,4,56,Will Hughes
crystal_palace,SET_PIECE_CROSSES,LAST_10,,FTX-061YA,14,4,0,2026-03-15,2026-05-13,0.25,2,56,Brennan Johnson
crystal_palace,SET_PIECE_CROSSES,LAST_10,,FTX-06JGS,15,6,0,2026-03-05,2026-05-17,0.26785714285714285,1,56,Adam Wharton
crystal_palace,SET_PIECE_CROSSES,LAST_10,,FTX-06KX1,1,1,0,2026-04-20,2026-04-20,0.017857142857142856,5,56,Justin Devenny
crystal_palace,SET_PIECE_CROSSES,LAST_10,,FTX-06MNC,9,4,0,2026-03-05,2026-05-24,0.16071428571428573,3,56,Daichi Kamada
crystal_palace,SET_PIECE_CROSSES,LAST_10,,FTX-070F9,9,6,0,2026-04-12,2026-05-24,0.16071428571428573,3,56,Yéremy Pino
crystal_palace,SET_PIECE_CROSSES,LAST_5,,FTX-04F6O,5,2,0,2026-05-13,2026-05-24,0.21739130434782608,2,23,Will Hughes
crystal_palace,SET_PIECE_CROSSES,LAST_5,,FTX-061YA,5,2,0,2026-05-10,2026-05-13,0.21739130434782608,2,23,Brennan Johnson
crystal_palace,SET_PIECE_CROSSES,LAST_5,,FTX-06JGS,7,3,0,2026-05-03,2026-05-17,0.30434782608695654,1,23,Adam Wharton
crystal_palace,SET_PIECE_CROSSES,LAST_5,,FTX-06MNC,3,2,0,2026-05-13,2026-05-24,0.13043478260869565,3,23,Daichi Kamada
crystal_palace,SET_PIECE_CROSSES,LAST_5,,FTX-070F9,3,3,0,2026-05-13,2026-05-24,0.13043478260869565,3,23,Yéremy Pino
crystal_palace,SET_PIECE_CROSSES,SEASON,,FTX-04F6O,29,15,0,2025-08-24,2026-05-24,0.15025906735751296,3,193,Will Hughes
crystal_palace,SET_PIECE_CROSSES,SEASON,,FTX-05NT6,4,1,0,2025-08-17,2025-08-17,0.02072538860103627,6,193,Eberechi Eze
crystal_palace,SET_PIECE_CROSSES,SEASON,,FTX-061YA,24,9,0,2026-01-25,2026-05-13,0.12435233160621761,5,193,Brennan Johnson
crystal_palace,SET_PIECE_CROSSES,SEASON,,FTX-06JGS,55,23,0,2025-08-17,2026-05-17,0.2849740932642487,1,193,Adam Wharton
crystal_palace,SET_PIECE_CROSSES,SEASON,,FTX-06KX1,2,2,0,2025-09-20,2026-04-20,0.010362694300518135,8,193,Justin Devenny
crystal_palace,SET_PIECE_CROSSES,SEASON,,FTX-06MNC,28,12,0,2025-08-31,2026-05-24,0.14507772020725387,4,193,Daichi Kamada
crystal_palace,SET_PIECE_CROSSES,SEASON,,FTX-06YEY,3,2,0,2025-12-20,2026-01-01,0.015544041450777202,7,193,Borna Sosa
crystal_palace,SET_PIECE_CROSSES,SEASON,,FTX-070F9,48,22,0,2025-09-13,2026-05-24,0.24870466321243523,2,193,Yéremy Pino
crystal_palace,SET_PIECE_KEY_PASSES,CURRENT_MANAGER_REGIME,mgr:1058459b93f2,FTX-04F6O,9,8,0,2025-08-24,2026-05-13,0.17647058823529413,3,51,Will Hughes
crystal_palace,SET_PIECE_KEY_PASSES,CURRENT_MANAGER_REGIME,mgr:1058459b93f2,FTX-04TZT,1,1,0,2025-11-01,2025-11-01,0.0196078431372549,5,51,Jefferson Lerma
crystal_palace,SET_PIECE_KEY_PASSES,CURRENT_MANAGER_REGIME,mgr:1058459b93f2,FTX-050JQ,1,1,0,2025-09-27,2025-09-27,0.0196078431372549,5,51,Marc Guéhi
crystal_palace,SET_PIECE_KEY_PASSES,CURRENT_MANAGER_REGIME,mgr:1058459b93f2,FTX-061YA,6,5,0,2026-02-22,2026-05-10,0.11764705882352941,4,51,Brennan Johnson
crystal_palace,SET_PIECE_KEY_PASSES,CURRENT_MANAGER_REGIME,mgr:1058459b93f2,FTX-06JGS,16,14,0,2025-08-17,2026-05-17,0.3137254901960784,1,51,Adam Wharton
crystal_palace,SET_PIECE_KEY_PASSES,CURRENT_MANAGER_REGIME,mgr:1058459b93f2,FTX-06MNC,6,5,0,2025-09-20,2026-04-20,0.11764705882352941,4,51,Daichi Kamada
crystal_palace,SET_PIECE_KEY_PASSES,CURRENT_MANAGER_REGIME,mgr:1058459b93f2,FTX-06PIA,1,1,0,2025-08-31,2025-08-31,0.0196078431372549,5,51,Maxence Lacroix
crystal_palace,SET_PIECE_KEY_PASSES,CURRENT_MANAGER_REGIME,mgr:1058459b93f2,FTX-070F9,11,9,0,2025-11-09,2026-04-12,0.21568627450980393,2,51,Yéremy Pino
crystal_palace,SET_PIECE_KEY_PASSES,LAST_10,,FTX-04F6O,1,1,0,2026-05-13,2026-05-13,0.08333333333333333,4,12,Will Hughes
crystal_palace,SET_PIECE_KEY_PASSES,LAST_10,,FTX-061YA,4,3,0,2026-03-15,2026-05-10,0.3333333333333333,1,12,Brennan Johnson
crystal_palace,SET_PIECE_KEY_PASSES,LAST_10,,FTX-06JGS,3,3,0,2026-03-15,2026-05-17,0.25,2,12,Adam Wharton
crystal_palace,SET_PIECE_KEY_PASSES,LAST_10,,FTX-06MNC,2,1,0,2026-04-20,2026-04-20,0.16666666666666666,3,12,Daichi Kamada
crystal_palace,SET_PIECE_KEY_PASSES,LAST_10,,FTX-070F9,2,1,0,2026-04-12,2026-04-12,0.16666666666666666,3,12,Yéremy Pino
crystal_palace,SET_PIECE_KEY_PASSES,LAST_5,,FTX-04F6O,1,1,0,2026-05-13,2026-05-13,0.25,2,4,Will Hughes
crystal_palace,SET_PIECE_KEY_PASSES,LAST_5,,FTX-061YA,1,1,0,2026-05-10,2026-05-10,0.25,2,4,Brennan Johnson
crystal_palace,SET_PIECE_KEY_PASSES,LAST_5,,FTX-06JGS,2,2,0,2026-05-10,2026-05-17,0.5,1,4,Adam Wharton
crystal_palace,SET_PIECE_KEY_PASSES,SEASON,,FTX-04F6O,9,8,0,2025-08-24,2026-05-13,0.17647058823529413,3,51,Will Hughes
crystal_palace,SET_PIECE_KEY_PASSES,SEASON,,FTX-04TZT,1,1,0,2025-11-01,2025-11-01,0.0196078431372549,5,51,Jefferson Lerma
crystal_palace,SET_PIECE_KEY_PASSES,SEASON,,FTX-050JQ,1,1,0,2025-09-27,2025-09-27,0.0196078431372549,5,51,Marc Guéhi
crystal_palace,SET_PIECE_KEY_PASSES,SEASON,,FTX-061YA,6,5,0,2026-02-22,2026-05-10,0.11764705882352941,4,51,Brennan Johnson
crystal_palace,SET_PIECE_KEY_PASSES,SEASON,,FTX-06JGS,16,14,0,2025-08-17,2026-05-17,0.3137254901960784,1,51,Adam Wharton
crystal_palace,SET_PIECE_KEY_PASSES,SEASON,,FTX-06MNC,6,5,0,2025-09-20,2026-04-20,0.11764705882352941,4,51,Daichi Kamada
crystal_palace,SET_PIECE_KEY_PASSES,SEASON,,FTX-06PIA,1,1,0,2025-08-31,2025-08-31,0.0196078431372549,5,51,Maxence Lacroix
crystal_palace,SET_PIECE_KEY_PASSES,SEASON,,FTX-070F9,11,9,0,2025-11-09,2026-04-12,0.21568627450980393,2,51,Yéremy Pino
crystal_palace,SHORT_INDIRECT_FREE_KICKS,CURRENT_MANAGER_REGIME,mgr:1058459b93f2,FTX-03YWW,39,23,0,2025-08-24,2026-05-17,0.6290322580645161,1,62,Dean Henderson
crystal_palace,SHORT_INDIRECT_FREE_KICKS,CURRENT_MANAGER_REGIME,mgr:1058459b93f2,FTX-050JQ,6,6,0,2025-08-17,2026-01-04,0.0967741935483871,2,62,Marc Guéhi
crystal_palace,SHORT_INDIRECT_FREE_KICKS,CURRENT_MANAGER_REGIME,mgr:1058459b93f2,FTX-05748,2,2,0,2025-08-31,2025-11-01,0.03225806451612903,4,62,Ismaïla Sarr
crystal_palace,SHORT_INDIRECT_FREE_KICKS,CURRENT_MANAGER_REGIME,mgr:1058459b93f2,FTX-061YA,1,1,0,2026-01-07,2026-01-07,0.016129032258064516,5,62,Brennan Johnson
crystal_palace,SHORT_INDIRECT_FREE_KICKS,CURRENT_MANAGER_REGIME,mgr:1058459b93f2,FTX-0635J,6,6,0,2025-12-07,2026-03-15,0.0967741935483871,2,62,Chris Richards
crystal_palace,SHORT_INDIRECT_FREE_KICKS,CURRENT_MANAGER_REGIME,mgr:1058459b93f2,FTX-06MNC,1,1,0,2026-05-13,2026-05-13,0.016129032258064516,5,62,Daichi Kamada
crystal_palace,SHORT_INDIRECT_FREE_KICKS,CURRENT_MANAGER_REGIME,mgr:1058459b93f2,FTX-06MNN,1,1,0,2026-05-03,2026-05-03,0.016129032258064516,5,62,Chadi Riad
crystal_palace,SHORT_INDIRECT_FREE_KICKS,CURRENT_MANAGER_REGIME,mgr:1058459b93f2,FTX-06MOW,1,1,0,2026-03-01,2026-03-01,0.016129032258064516,5,62,Jørgen Strand Larsen
crystal_palace,SHORT_INDIRECT_FREE_KICKS,CURRENT_MANAGER_REGIME,mgr:1058459b93f2,FTX-06PIA,4,4,0,2025-09-13,2026-05-10,0.06451612903225806,3,62,Maxence Lacroix
crystal_palace,SHORT_INDIRECT_FREE_KICKS,CURRENT_MANAGER_REGIME,mgr:1058459b93f2,FTX-070HB,1,1,0,2025-12-07,2025-12-07,0.016129032258064516,5,62,Jaydee Canvot
crystal_palace,SHORT_INDIRECT_FREE_KICKS,LAST_10,,FTX-03YWW,7,4,0,2026-04-20,2026-05-17,0.5384615384615384,1,13,Dean Henderson
crystal_palace,SHORT_INDIRECT_FREE_KICKS,LAST_10,,FTX-0635J,2,2,0,2026-03-05,2026-03-15,0.15384615384615385,2,13,Chris Richards
crystal_palace,SHORT_INDIRECT_FREE_KICKS,LAST_10,,FTX-06MNC,1,1,0,2026-05-13,2026-05-13,0.07692307692307693,3,13,Daichi Kamada
crystal_palace,SHORT_INDIRECT_FREE_KICKS,LAST_10,,FTX-06MNN,1,1,0,2026-05-03,2026-05-03,0.07692307692307693,3,13,Chadi Riad
crystal_palace,SHORT_INDIRECT_FREE_KICKS,LAST_10,,FTX-06PIA,2,2,0,2026-03-15,2026-05-10,0.15384615384615385,2,13,Maxence Lacroix
crystal_palace,SHORT_INDIRECT_FREE_KICKS,LAST_5,,FTX-03YWW,5,3,0,2026-05-03,2026-05-17,0.625,1,8,Dean Henderson
crystal_palace,SHORT_INDIRECT_FREE_KICKS,LAST_5,,FTX-06MNC,1,1,0,2026-05-13,2026-05-13,0.125,2,8,Daichi Kamada
crystal_palace,SHORT_INDIRECT_FREE_KICKS,LAST_5,,FTX-06MNN,1,1,0,2026-05-03,2026-05-03,0.125,2,8,Chadi Riad
crystal_palace,SHORT_INDIRECT_FREE_KICKS,LAST_5,,FTX-06PIA,1,1,0,2026-05-10,2026-05-10,0.125,2,8,Maxence Lacroix
crystal_palace,SHORT_INDIRECT_FREE_KICKS,SEASON,,FTX-03YWW,39,23,0,2025-08-24,2026-05-17,0.6290322580645161,1,62,Dean Henderson
crystal_palace,SHORT_INDIRECT_FREE_KICKS,SEASON,,FTX-050JQ,6,6,0,2025-08-17,2026-01-04,0.0967741935483871,2,62,Marc Guéhi
crystal_palace,SHORT_INDIRECT_FREE_KICKS,SEASON,,FTX-05748,2,2,0,2025-08-31,2025-11-01,0.03225806451612903,4,62,Ismaïla Sarr
crystal_palace,SHORT_INDIRECT_FREE_KICKS,SEASON,,FTX-061YA,1,1,0,2026-01-07,2026-01-07,0.016129032258064516,5,62,Brennan Johnson
crystal_palace,SHORT_INDIRECT_FREE_KICKS,SEASON,,FTX-0635J,6,6,0,2025-12-07,2026-03-15,0.0967741935483871,2,62,Chris Richards
crystal_palace,SHORT_INDIRECT_FREE_KICKS,SEASON,,FTX-06MNC,1,1,0,2026-05-13,2026-05-13,0.016129032258064516,5,62,Daichi Kamada
crystal_palace,SHORT_INDIRECT_FREE_KICKS,SEASON,,FTX-06MNN,1,1,0,2026-05-03,2026-05-03,0.016129032258064516,5,62,Chadi Riad
crystal_palace,SHORT_INDIRECT_FREE_KICKS,SEASON,,FTX-06MOW,1,1,0,2026-03-01,2026-03-01,0.016129032258064516,5,62,Jørgen Strand Larsen
crystal_palace,SHORT_INDIRECT_FREE_KICKS,SEASON,,FTX-06PIA,4,4,0,2025-09-13,2026-05-10,0.06451612903225806,3,62,Maxence Lacroix
crystal_palace,SHORT_INDIRECT_FREE_KICKS,SEASON,,FTX-070HB,1,1,0,2025-12-07,2025-12-07,0.016129032258064516,5,62,Jaydee Canvot
everton,ALL_CORNERS,CURRENT_MANAGER_REGIME,mgr:84316c036a2d,FTX-02LM7,2,2,0,2025-10-26,2025-11-29,0.012195121951219513,4,164,Jack Grealish
everton,ALL_CORNERS,CURRENT_MANAGER_REGIME,mgr:84316c036a2d,FTX-04P0D,9,9,0,2025-11-03,2026-04-11,0.054878048780487805,3,164,Dwight McNeil
everton,ALL_CORNERS,CURRENT_MANAGER_REGIME,mgr:84316c036a2d,FTX-04SPW,110,36,0,2025-08-24,2026-05-24,0.6707317073170732,1,164,James Garner
everton,ALL_CORNERS,CURRENT_MANAGER_REGIME,mgr:84316c036a2d,FTX-05GCC,43,18,0,2025-08-18,2026-05-24,0.2621951219512195,2,164,Kiernan Dewsbury-Hall
everton,ALL_CORNERS,LAST_10,,FTX-04P0D,2,2,0,2026-03-21,2026-04-11,0.045454545454545456,3,44,Dwight McNeil
everton,ALL_CORNERS,LAST_10,,FTX-04SPW,33,10,0,2026-03-03,2026-05-24,0.75,1,44,James Garner
everton,ALL_CORNERS,LAST_10,,FTX-05GCC,9,3,0,2026-04-25,2026-05-24,0.20454545454545456,2,44,Kiernan Dewsbury-Hall
everton,ALL_CORNERS,LAST_5,,FTX-04SPW,19,5,0,2026-04-25,2026-05-24,0.6785714285714286,1,28,James Garner
everton,ALL_CORNERS,LAST_5,,FTX-05GCC,9,3,0,2026-04-25,2026-05-24,0.32142857142857145,2,28,Kiernan Dewsbury-Hall
everton,ALL_CORNERS,SEASON,,FTX-02LM7,2,2,0,2025-10-26,2025-11-29,0.012195121951219513,4,164,Jack Grealish
everton,ALL_CORNERS,SEASON,,FTX-04P0D,9,9,0,2025-11-03,2026-04-11,0.054878048780487805,3,164,Dwight McNeil
everton,ALL_CORNERS,SEASON,,FTX-04SPW,110,36,0,2025-08-24,2026-05-24,0.6707317073170732,1,164,James Garner
everton,ALL_CORNERS,SEASON,,FTX-05GCC,43,18,0,2025-08-18,2026-05-24,0.2621951219512195,2,164,Kiernan Dewsbury-Hall
everton,DIRECT_FREE_KICKS,CURRENT_MANAGER_REGIME,mgr:84316c036a2d,FTX-04SPW,11,9,0,2025-08-18,2026-05-10,1.0,1,11,James Garner
everton,DIRECT_FREE_KICKS,LAST_10,,FTX-04SPW,1,1,0,2026-05-10,2026-05-10,1.0,1,1,James Garner
everton,DIRECT_FREE_KICKS,LAST_5,,FTX-04SPW,1,1,0,2026-05-10,2026-05-10,1.0,1,1,James Garner
everton,DIRECT_FREE_KICKS,SEASON,,FTX-04SPW,11,9,0,2025-08-18,2026-05-10,1.0,1,11,James Garner
everton,PENALTIES,CURRENT_MANAGER_REGIME,mgr:84316c036a2d,FTX-05R94,2,2,2,2025-10-05,2026-02-10,1.0,1,2,Iliman Ndiaye
everton,PENALTIES,SEASON,,FTX-05R94,2,2,2,2025-10-05,2026-02-10,1.0,1,2,Iliman Ndiaye
everton,SET_PIECE_CROSSES,CURRENT_MANAGER_REGIME,mgr:84316c036a2d,FTX-04P0D,14,10,0,2025-11-03,2026-04-11,0.06698564593301436,3,209,Dwight McNeil
everton,SET_PIECE_CROSSES,CURRENT_MANAGER_REGIME,mgr:84316c036a2d,FTX-04SPW,134,37,0,2025-08-24,2026-05-24,0.6411483253588517,1,209,James Garner
everton,SET_PIECE_CROSSES,CURRENT_MANAGER_REGIME,mgr:84316c036a2d,FTX-05GCC,60,20,0,2025-08-18,2026-05-24,0.28708133971291866,2,209,Kiernan Dewsbury-Hall
everton,SET_PIECE_CROSSES,CURRENT_MANAGER_REGIME,mgr:84316c036a2d,FTX-05YBQ,1,1,0,2026-02-28,2026-02-28,0.004784688995215311,4,209,Vitalii Mykolenko
everton,SET_PIECE_CROSSES,LAST_10,,FTX-04P0D,3,3,0,2026-03-03,2026-04-11,0.057692307692307696,3,52,Dwight McNeil
everton,SET_PIECE_CROSSES,LAST_10,,FTX-04SPW,41,10,0,2026-03-03,2026-05-24,0.7884615384615384,1,52,James Garner
everton,SET_PIECE_CROSSES,LAST_10,,FTX-05GCC,8,3,0,2026-04-25,2026-05-24,0.15384615384615385,2,52,Kiernan Dewsbury-Hall
everton,SET_PIECE_CROSSES,LAST_5,,FTX-04SPW,23,5,0,2026-04-25,2026-05-24,0.7419354838709677,1,31,James Garner
everton,SET_PIECE_CROSSES,LAST_5,,FTX-05GCC,8,3,0,2026-04-25,2026-05-24,0.25806451612903225,2,31,Kiernan Dewsbury-Hall
everton,SET_PIECE_CROSSES,SEASON,,FTX-04P0D,14,10,0,2025-11-03,2026-04-11,0.06698564593301436,3,209,Dwight McNeil
everton,SET_PIECE_CROSSES,SEASON,,FTX-04SPW,134,37,0,2025-08-24,2026-05-24,0.6411483253588517,1,209,James Garner
everton,SET_PIECE_CROSSES,SEASON,,FTX-05GCC,60,20,0,2025-08-18,2026-05-24,0.28708133971291866,2,209,Kiernan Dewsbury-Hall
everton,SET_PIECE_CROSSES,SEASON,,FTX-05YBQ,1,1,0,2026-02-28,2026-02-28,0.004784688995215311,4,209,Vitalii Mykolenko
everton,SET_PIECE_KEY_PASSES,CURRENT_MANAGER_REGIME,mgr:84316c036a2d,FTX-02LM7,2,2,0,2025-08-30,2026-01-04,0.046511627906976744,4,43,Jack Grealish
everton,SET_PIECE_KEY_PASSES,CURRENT_MANAGER_REGIME,mgr:84316c036a2d,FTX-04P0D,4,4,0,2026-01-04,2026-03-21,0.09302325581395349,3,43,Dwight McNeil
everton,SET_PIECE_KEY_PASSES,CURRENT_MANAGER_REGIME,mgr:84316c036a2d,FTX-04SPW,26,17,0,2025-08-24,2026-05-24,0.6046511627906976,1,43,James Garner
everton,SET_PIECE_KEY_PASSES,CURRENT_MANAGER_REGIME,mgr:84316c036a2d,FTX-05GCC,8,7,0,2025-08-18,2025-11-29,0.18604651162790697,2,43,Kiernan Dewsbury-Hall
everton,SET_PIECE_KEY_PASSES,CURRENT_MANAGER_REGIME,mgr:84316c036a2d,FTX-05T6Z,1,1,0,2026-01-07,2026-01-07,0.023255813953488372,5,43,Tim Iroegbunam
everton,SET_PIECE_KEY_PASSES,CURRENT_MANAGER_REGIME,mgr:84316c036a2d,FTX-062OH,1,1,0,2025-12-06,2025-12-06,0.023255813953488372,5,43,Jake O'Brien
everton,SET_PIECE_KEY_PASSES,CURRENT_MANAGER_REGIME,mgr:84316c036a2d,FTX-06YBP,1,1,0,2026-02-07,2026-02-07,0.023255813953488372,5,43,Thierno Barry
everton,SET_PIECE_KEY_PASSES,LAST_10,,FTX-04P0D,2,2,0,2026-03-14,2026-03-21,0.18181818181818182,2,11,Dwight McNeil
everton,SET_PIECE_KEY_PASSES,LAST_10,,FTX-04SPW,9,4,0,2026-03-03,2026-05-24,0.8181818181818182,1,11,James Garner
everton,SET_PIECE_KEY_PASSES,LAST_5,,FTX-04SPW,5,3,0,2026-05-04,2026-05-24,1.0,1,5,James Garner
everton,SET_PIECE_KEY_PASSES,SEASON,,FTX-02LM7,2,2,0,2025-08-30,2026-01-04,0.046511627906976744,4,43,Jack Grealish
everton,SET_PIECE_KEY_PASSES,SEASON,,FTX-04P0D,4,4,0,2026-01-04,2026-03-21,0.09302325581395349,3,43,Dwight McNeil
everton,SET_PIECE_KEY_PASSES,SEASON,,FTX-04SPW,26,17,0,2025-08-24,2026-05-24,0.6046511627906976,1,43,James Garner
everton,SET_PIECE_KEY_PASSES,SEASON,,FTX-05GCC,8,7,0,2025-08-18,2025-11-29,0.18604651162790697,2,43,Kiernan Dewsbury-Hall
everton,SET_PIECE_KEY_PASSES,SEASON,,FTX-05T6Z,1,1,0,2026-01-07,2026-01-07,0.023255813953488372,5,43,Tim Iroegbunam
everton,SET_PIECE_KEY_PASSES,SEASON,,FTX-062OH,1,1,0,2025-12-06,2025-12-06,0.023255813953488372,5,43,Jake O'Brien
everton,SET_PIECE_KEY_PASSES,SEASON,,FTX-06YBP,1,1,0,2026-02-07,2026-02-07,0.023255813953488372,5,43,Thierno Barry
everton,SHORT_INDIRECT_FREE_KICKS,CURRENT_MANAGER_REGIME,mgr:84316c036a2d,FTX-0327R,3,3,0,2025-08-30,2026-01-31,0.06666666666666667,3,45,Michael Keane
everton,SHORT_INDIRECT_FREE_KICKS,CURRENT_MANAGER_REGIME,mgr:84316c036a2d,FTX-032F9,29,21,0,2025-08-18,2026-05-24,0.6444444444444445,1,45,Jordan Pickford
everton,SHORT_INDIRECT_FREE_KICKS,CURRENT_MANAGER_REGIME,mgr:84316c036a2d,FTX-0427D,3,3,0,2025-11-24,2026-05-17,0.06666666666666667,3,45,James Tarkowski
everton,SHORT_INDIRECT_FREE_KICKS,CURRENT_MANAGER_REGIME,mgr:84316c036a2d,FTX-04SPW,7,6,0,2025-08-24,2026-03-03,0.15555555555555556,2,45,James Garner
everton,SHORT_INDIRECT_FREE_KICKS,CURRENT_MANAGER_REGIME,mgr:84316c036a2d,FTX-05YBQ,1,1,0,2025-10-05,2025-10-05,0.022222222222222223,5,45,Vitalii Mykolenko
everton,SHORT_INDIRECT_FREE_KICKS,CURRENT_MANAGER_REGIME,mgr:84316c036a2d,FTX-06FVN,2,2,0,2025-10-18,2025-11-29,0.044444444444444446,4,45,Beto
everton,SHORT_INDIRECT_FREE_KICKS,LAST_10,,FTX-032F9,6,5,0,2026-03-03,2026-05-24,0.75,1,8,Jordan Pickford
everton,SHORT_INDIRECT_FREE_KICKS,LAST_10,,FTX-0427D,1,1,0,2026-05-17,2026-05-17,0.125,2,8,James Tarkowski
everton,SHORT_INDIRECT_FREE_KICKS,LAST_10,,FTX-04SPW,1,1,0,2026-03-03,2026-03-03,0.125,2,8,James Garner
everton,SHORT_INDIRECT_FREE_KICKS,LAST_5,,FTX-032F9,3,3,0,2026-04-25,2026-05-24,0.75,1,4,Jordan Pickford
everton,SHORT_INDIRECT_FREE_KICKS,LAST_5,,FTX-0427D,1,1,0,2026-05-17,2026-05-17,0.25,2,4,James Tarkowski
everton,SHORT_INDIRECT_FREE_KICKS,SEASON,,FTX-0327R,3,3,0,2025-08-30,2026-01-31,0.06666666666666667,3,45,Michael Keane
everton,SHORT_INDIRECT_FREE_KICKS,SEASON,,FTX-032F9,29,21,0,2025-08-18,2026-05-24,0.6444444444444445,1,45,Jordan Pickford
everton,SHORT_INDIRECT_FREE_KICKS,SEASON,,FTX-0427D,3,3,0,2025-11-24,2026-05-17,0.06666666666666667,3,45,James Tarkowski
everton,SHORT_INDIRECT_FREE_KICKS,SEASON,,FTX-04SPW,7,6,0,2025-08-24,2026-03-03,0.15555555555555556,2,45,James Garner
everton,SHORT_INDIRECT_FREE_KICKS,SEASON,,FTX-05YBQ,1,1,0,2025-10-05,2025-10-05,0.022222222222222223,5,45,Vitalii Mykolenko
everton,SHORT_INDIRECT_FREE_KICKS,SEASON,,FTX-06FVN,2,2,0,2025-10-18,2025-11-29,0.044444444444444446,4,45,Beto
fulham,ALL_CORNERS,CURRENT_MANAGER_REGIME,mgr:d242da40969a,FTX-0328Q,4,3,0,2025-11-01,2026-03-04,0.0213903743315508,6,187,Tom Cairney
fulham,ALL_CORNERS,CURRENT_MANAGER_REGIME,mgr:d242da40969a,FTX-037MT,3,3,0,2026-01-01,2026-05-02,0.016042780748663103,7,187,Harrison Reed
fulham,ALL_CORNERS,CURRENT_MANAGER_REGIME,mgr:d242da40969a,FTX-038ZE,41,19,0,2025-10-18,2026-05-24,0.2192513368983957,3,187,Alex Iwobi
fulham,ALL_CORNERS,CURRENT_MANAGER_REGIME,mgr:d242da40969a,FTX-03RXS,70,32,0,2025-08-16,2026-05-24,0.37433155080213903,1,187,Harry Wilson
fulham,ALL_CORNERS,CURRENT_MANAGER_REGIME,mgr:d242da40969a,FTX-04QFM,1,1,0,2026-03-21,2026-03-21,0.0053475935828877,8,187,Ryan Sessegnon
fulham,ALL_CORNERS,CURRENT_MANAGER_REGIME,mgr:d242da40969a,FTX-05YE7,5,4,0,2026-03-04,2026-05-24,0.026737967914438502,5,187,Oscar Bobb
fulham,ALL_CORNERS,CURRENT_MANAGER_REGIME,mgr:d242da40969a,FTX-068YT,52,19,0,2025-08-16,2026-05-17,0.27807486631016043,2,187,Sasa Lukic
fulham,ALL_CORNERS,CURRENT_MANAGER_REGIME,mgr:d242da40969a,FTX-070HJ,10,7,0,2025-09-28,2026-05-09,0.053475935828877004,4,187,Kevin
fulham,ALL_CORNERS,CURRENT_MANAGER_REGIME,mgr:d242da40969a,FTX-070HK,1,1,0,2025-12-02,2025-12-02,0.0053475935828877,8,187,Samuel Chukwueze
fulham,ALL_CORNERS,LAST_10,,FTX-0328Q,2,1,0,2026-03-04,2026-03-04,0.03508771929824561,5,57,Tom Cairney
fulham,ALL_CORNERS,LAST_10,,FTX-037MT,1,1,0,2026-05-02,2026-05-02,0.017543859649122806,6,57,Harrison Reed
fulham,ALL_CORNERS,LAST_10,,FTX-038ZE,9,5,0,2026-03-04,2026-05-24,0.15789473684210525,3,57,Alex Iwobi
fulham,ALL_CORNERS,LAST_10,,FTX-03RXS,18,7,0,2026-03-15,2026-05-24,0.3157894736842105,2,57,Harry Wilson
fulham,ALL_CORNERS,LAST_10,,FTX-04QFM,1,1,0,2026-03-21,2026-03-21,0.017543859649122806,6,57,Ryan Sessegnon
fulham,ALL_CORNERS,LAST_10,,FTX-05YE7,5,4,0,2026-03-04,2026-05-24,0.08771929824561403,4,57,Oscar Bobb
fulham,ALL_CORNERS,LAST_10,,FTX-068YT,20,6,0,2026-04-11,2026-05-17,0.3508771929824561,1,57,Sasa Lukic
fulham,ALL_CORNERS,LAST_10,,FTX-070HJ,1,1,0,2026-05-09,2026-05-09,0.017543859649122806,6,57,Kevin
fulham,ALL_CORNERS,LAST_5,,FTX-037MT,1,1,0,2026-05-02,2026-05-02,0.034482758620689655,4,29,Harrison Reed
fulham,ALL_CORNERS,LAST_5,,FTX-038ZE,3,1,0,2026-05-24,2026-05-24,0.10344827586206896,3,29,Alex Iwobi
fulham,ALL_CORNERS,LAST_5,,FTX-03RXS,7,3,0,2026-05-02,2026-05-24,0.2413793103448276,2,29,Harry Wilson
fulham,ALL_CORNERS,LAST_5,,FTX-05YE7,3,3,0,2026-05-09,2026-05-24,0.10344827586206896,3,29,Oscar Bobb
fulham,ALL_CORNERS,LAST_5,,FTX-068YT,14,4,0,2026-04-25,2026-05-17,0.4827586206896552,1,29,Sasa Lukic
fulham,ALL_CORNERS,LAST_5,,FTX-070HJ,1,1,0,2026-05-09,2026-05-09,0.034482758620689655,4,29,Kevin
fulham,ALL_CORNERS,SEASON,,FTX-0328Q,4,3,0,2025-11-01,2026-03-04,0.0213903743315508,6,187,Tom Cairney
fulham,ALL_CORNERS,SEASON,,FTX-037MT,3,3,0,2026-01-01,2026-05-02,0.016042780748663103,7,187,Harrison Reed
fulham,ALL_CORNERS,SEASON,,FTX-038ZE,41,19,0,2025-10-18,2026-05-24,0.2192513368983957,3,187,Alex Iwobi
fulham,ALL_CORNERS,SEASON,,FTX-03RXS,70,32,0,2025-08-16,2026-05-24,0.37433155080213903,1,187,Harry Wilson
fulham,ALL_CORNERS,SEASON,,FTX-04QFM,1,1,0,2026-03-21,2026-03-21,0.0053475935828877,8,187,Ryan Sessegnon
fulham,ALL_CORNERS,SEASON,,FTX-05YE7,5,4,0,2026-03-04,2026-05-24,0.026737967914438502,5,187,Oscar Bobb
fulham,ALL_CORNERS,SEASON,,FTX-068YT,52,19,0,2025-08-16,2026-05-17,0.27807486631016043,2,187,Sasa Lukic
fulham,ALL_CORNERS,SEASON,,FTX-070HJ,10,7,0,2025-09-28,2026-05-09,0.053475935828877004,4,187,Kevin
fulham,ALL_CORNERS,SEASON,,FTX-070HK,1,1,0,2025-12-02,2025-12-02,0.0053475935828877,8,187,Samuel Chukwueze
fulham,DIRECT_FREE_KICKS,CURRENT_MANAGER_REGIME,mgr:d242da40969a,FTX-03RXS,6,6,1,2025-09-13,2026-04-25,0.46153846153846156,1,13,Harry Wilson
fulham,DIRECT_FREE_KICKS,CURRENT_MANAGER_REGIME,mgr:d242da40969a,FTX-04QRC,6,6,0,2025-08-30,2026-05-17,0.46153846153846156,1,13,Raúl Jiménez
fulham,DIRECT_FREE_KICKS,CURRENT_MANAGER_REGIME,mgr:d242da40969a,FTX-070HJ,1,1,0,2026-05-24,2026-05-24,0.07692307692307693,2,13,Kevin
fulham,DIRECT_FREE_KICKS,LAST_10,,FTX-03RXS,2,2,0,2026-03-15,2026-04-25,0.3333333333333333,2,6,Harry Wilson
fulham,DIRECT_FREE_KICKS,LAST_10,,FTX-04QRC,3,3,0,2026-03-04,2026-05-17,0.5,1,6,Raúl Jiménez
fulham,DIRECT_FREE_KICKS,LAST_10,,FTX-070HJ,1,1,0,2026-05-24,2026-05-24,0.16666666666666666,3,6,Kevin
fulham,DIRECT_FREE_KICKS,LAST_5,,FTX-03RXS,1,1,0,2026-04-25,2026-04-25,0.25,2,4,Harry Wilson
fulham,DIRECT_FREE_KICKS,LAST_5,,FTX-04QRC,2,2,0,2026-05-02,2026-05-17,0.5,1,4,Raúl Jiménez
fulham,DIRECT_FREE_KICKS,LAST_5,,FTX-070HJ,1,1,0,2026-05-24,2026-05-24,0.25,2,4,Kevin
fulham,DIRECT_FREE_KICKS,SEASON,,FTX-03RXS,6,6,1,2025-09-13,2026-04-25,0.46153846153846156,1,13,Harry Wilson
fulham,DIRECT_FREE_KICKS,SEASON,,FTX-04QRC,6,6,0,2025-08-30,2026-05-17,0.46153846153846156,1,13,Raúl Jiménez
fulham,DIRECT_FREE_KICKS,SEASON,,FTX-070HJ,1,1,0,2026-05-24,2026-05-24,0.07692307692307693,2,13,Kevin
fulham,PENALTIES,CURRENT_MANAGER_REGIME,mgr:d242da40969a,FTX-03RZP,1,1,1,2026-05-17,2026-05-17,0.2,2,5,Antonee Robinson
fulham,PENALTIES,CURRENT_MANAGER_REGIME,mgr:d242da40969a,FTX-04QRC,4,4,4,2025-12-22,2026-03-21,0.8,1,5,Raúl Jiménez
fulham,PENALTIES,LAST_10,,FTX-03RZP,1,1,1,2026-05-17,2026-05-17,0.5,1,2,Antonee Robinson
fulham,PENALTIES,LAST_10,,FTX-04QRC,1,1,1,2026-03-21,2026-03-21,0.5,1,2,Raúl Jiménez
fulham,PENALTIES,LAST_5,,FTX-03RZP,1,1,1,2026-05-17,2026-05-17,1.0,1,1,Antonee Robinson
fulham,PENALTIES,SEASON,,FTX-03RZP,1,1,1,2026-05-17,2026-05-17,0.2,2,5,Antonee Robinson
fulham,PENALTIES,SEASON,,FTX-04QRC,4,4,4,2025-12-22,2026-03-21,0.8,1,5,Raúl Jiménez
fulham,SET_PIECE_CROSSES,CURRENT_MANAGER_REGIME,mgr:d242da40969a,FTX-0328Q,3,3,0,2025-10-03,2026-03-04,0.015957446808510637,6,188,Tom Cairney
fulham,SET_PIECE_CROSSES,CURRENT_MANAGER_REGIME,mgr:d242da40969a,FTX-037MT,3,3,0,2026-01-01,2026-05-02,0.015957446808510637,6,188,Harrison Reed
fulham,SET_PIECE_CROSSES,CURRENT_MANAGER_REGIME,mgr:d242da40969a,FTX-038ZE,40,18,0,2025-10-18,2026-05-24,0.2127659574468085,3,188,Alex Iwobi
fulham,SET_PIECE_CROSSES,CURRENT_MANAGER_REGIME,mgr:d242da40969a,FTX-03RXS,73,29,0,2025-08-16,2026-05-09,0.3882978723404255,1,188,Harry Wilson
fulham,SET_PIECE_CROSSES,CURRENT_MANAGER_REGIME,mgr:d242da40969a,FTX-05YE7,5,3,0,2026-03-04,2026-05-24,0.026595744680851064,5,188,Oscar Bobb
fulham,SET_PIECE_CROSSES,CURRENT_MANAGER_REGIME,mgr:d242da40969a,FTX-068YT,52,19,0,2025-08-16,2026-05-17,0.2765957446808511,2,188,Sasa Lukic
fulham,SET_PIECE_CROSSES,CURRENT_MANAGER_REGIME,mgr:d242da40969a,FTX-070HJ,11,8,0,2025-09-28,2026-05-09,0.05851063829787234,4,188,Kevin
fulham,SET_PIECE_CROSSES,CURRENT_MANAGER_REGIME,mgr:d242da40969a,FTX-070HK,1,1,0,2025-12-02,2025-12-02,0.005319148936170213,7,188,Samuel Chukwueze
fulham,SET_PIECE_CROSSES,LAST_10,,FTX-0328Q,1,1,0,2026-03-04,2026-03-04,0.0196078431372549,4,51,Tom Cairney
fulham,SET_PIECE_CROSSES,LAST_10,,FTX-037MT,1,1,0,2026-05-02,2026-05-02,0.0196078431372549,4,51,Harrison Reed
fulham,SET_PIECE_CROSSES,LAST_10,,FTX-038ZE,11,5,0,2026-03-04,2026-05-24,0.21568627450980393,2,51,Alex Iwobi
fulham,SET_PIECE_CROSSES,LAST_10,,FTX-03RXS,16,7,0,2026-03-15,2026-05-09,0.3137254901960784,1,51,Harry Wilson
fulham,SET_PIECE_CROSSES,LAST_10,,FTX-05YE7,5,3,0,2026-03-04,2026-05-24,0.09803921568627451,3,51,Oscar Bobb
fulham,SET_PIECE_CROSSES,LAST_10,,FTX-068YT,16,6,0,2026-04-11,2026-05-17,0.3137254901960784,1,51,Sasa Lukic
fulham,SET_PIECE_CROSSES,LAST_10,,FTX-070HJ,1,1,0,2026-05-09,2026-05-09,0.0196078431372549,4,51,Kevin
fulham,SET_PIECE_CROSSES,LAST_5,,FTX-037MT,1,1,0,2026-05-02,2026-05-02,0.041666666666666664,4,24,Harrison Reed
fulham,SET_PIECE_CROSSES,LAST_5,,FTX-038ZE,3,1,0,2026-05-24,2026-05-24,0.125,3,24,Alex Iwobi
fulham,SET_PIECE_CROSSES,LAST_5,,FTX-03RXS,5,3,0,2026-04-25,2026-05-09,0.20833333333333334,2,24,Harry Wilson
fulham,SET_PIECE_CROSSES,LAST_5,,FTX-05YE7,3,2,0,2026-05-17,2026-05-24,0.125,3,24,Oscar Bobb
fulham,SET_PIECE_CROSSES,LAST_5,,FTX-068YT,11,4,0,2026-04-25,2026-05-17,0.4583333333333333,1,24,Sasa Lukic
fulham,SET_PIECE_CROSSES,LAST_5,,FTX-070HJ,1,1,0,2026-05-09,2026-05-09,0.041666666666666664,4,24,Kevin
fulham,SET_PIECE_CROSSES,SEASON,,FTX-0328Q,3,3,0,2025-10-03,2026-03-04,0.015957446808510637,6,188,Tom Cairney
fulham,SET_PIECE_CROSSES,SEASON,,FTX-037MT,3,3,0,2026-01-01,2026-05-02,0.015957446808510637,6,188,Harrison Reed
fulham,SET_PIECE_CROSSES,SEASON,,FTX-038ZE,40,18,0,2025-10-18,2026-05-24,0.2127659574468085,3,188,Alex Iwobi
fulham,SET_PIECE_CROSSES,SEASON,,FTX-03RXS,73,29,0,2025-08-16,2026-05-09,0.3882978723404255,1,188,Harry Wilson
fulham,SET_PIECE_CROSSES,SEASON,,FTX-05YE7,5,3,0,2026-03-04,2026-05-24,0.026595744680851064,5,188,Oscar Bobb
fulham,SET_PIECE_CROSSES,SEASON,,FTX-068YT,52,19,0,2025-08-16,2026-05-17,0.2765957446808511,2,188,Sasa Lukic
fulham,SET_PIECE_CROSSES,SEASON,,FTX-070HJ,11,8,0,2025-09-28,2026-05-09,0.05851063829787234,4,188,Kevin
fulham,SET_PIECE_CROSSES,SEASON,,FTX-070HK,1,1,0,2025-12-02,2025-12-02,0.005319148936170213,7,188,Samuel Chukwueze
fulham,SET_PIECE_KEY_PASSES,CURRENT_MANAGER_REGIME,mgr:d242da40969a,FTX-0328Q,1,1,0,2026-03-04,2026-03-04,0.02127659574468085,6,47,Tom Cairney
fulham,SET_PIECE_KEY_PASSES,CURRENT_MANAGER_REGIME,mgr:d242da40969a,FTX-037MT,1,1,0,2026-05-02,2026-05-02,0.02127659574468085,6,47,Harrison Reed
fulham,SET_PIECE_KEY_PASSES,CURRENT_MANAGER_REGIME,mgr:d242da40969a,FTX-038ZE,12,10,0,2025-10-18,2026-05-24,0.2553191489361702,2,47,Alex Iwobi
fulham,SET_PIECE_KEY_PASSES,CURRENT_MANAGER_REGIME,mgr:d242da40969a,FTX-03RXS,16,14,0,2025-09-20,2026-05-24,0.3404255319148936,1,47,Harry Wilson
fulham,SET_PIECE_KEY_PASSES,CURRENT_MANAGER_REGIME,mgr:d242da40969a,FTX-0554G,1,1,0,2026-02-22,2026-02-22,0.02127659574468085,6,47,Calvin Bassey
fulham,SET_PIECE_KEY_PASSES,CURRENT_MANAGER_REGIME,mgr:d242da40969a,FTX-05OS8,1,1,0,2025-08-30,2025-08-30,0.02127659574468085,6,47,Joachim Andersen
fulham,SET_PIECE_KEY_PASSES,CURRENT_MANAGER_REGIME,mgr:d242da40969a,FTX-05YE7,3,3,0,2026-02-11,2026-03-04,0.06382978723404255,4,47,Oscar Bobb
fulham,SET_PIECE_KEY_PASSES,CURRENT_MANAGER_REGIME,mgr:d242da40969a,FTX-068YT,10,8,0,2025-08-24,2026-05-17,0.2127659574468085,3,47,Sasa Lukic
fulham,SET_PIECE_KEY_PASSES,CURRENT_MANAGER_REGIME,mgr:d242da40969a,FTX-070HJ,2,2,0,2025-10-18,2026-01-04,0.0425531914893617,5,47,Kevin
fulham,SET_PIECE_KEY_PASSES,LAST_10,,FTX-0328Q,1,1,0,2026-03-04,2026-03-04,0.07142857142857142,4,14,Tom Cairney
fulham,SET_PIECE_KEY_PASSES,LAST_10,,FTX-037MT,1,1,0,2026-05-02,2026-05-02,0.07142857142857142,4,14,Harrison Reed
fulham,SET_PIECE_KEY_PASSES,LAST_10,,FTX-038ZE,3,3,0,2026-03-04,2026-05-24,0.21428571428571427,2,14,Alex Iwobi
fulham,SET_PIECE_KEY_PASSES,LAST_10,,FTX-03RXS,6,5,0,2026-03-15,2026-05-24,0.42857142857142855,1,14,Harry Wilson
fulham,SET_PIECE_KEY_PASSES,LAST_10,,FTX-05YE7,1,1,0,2026-03-04,2026-03-04,0.07142857142857142,4,14,Oscar Bobb
fulham,SET_PIECE_KEY_PASSES,LAST_10,,FTX-068YT,2,2,0,2026-04-25,2026-05-17,0.14285714285714285,3,14,Sasa Lukic
fulham,SET_PIECE_KEY_PASSES,LAST_5,,FTX-037MT,1,1,0,2026-05-02,2026-05-02,0.2,2,5,Harrison Reed
fulham,SET_PIECE_KEY_PASSES,LAST_5,,FTX-038ZE,1,1,0,2026-05-24,2026-05-24,0.2,2,5,Alex Iwobi
fulham,SET_PIECE_KEY_PASSES,LAST_5,,FTX-03RXS,1,1,0,2026-05-24,2026-05-24,0.2,2,5,Harry Wilson
fulham,SET_PIECE_KEY_PASSES,LAST_5,,FTX-068YT,2,2,0,2026-04-25,2026-05-17,0.4,1,5,Sasa Lukic
fulham,SET_PIECE_KEY_PASSES,SEASON,,FTX-0328Q,1,1,0,2026-03-04,2026-03-04,0.02127659574468085,6,47,Tom Cairney
fulham,SET_PIECE_KEY_PASSES,SEASON,,FTX-037MT,1,1,0,2026-05-02,2026-05-02,0.02127659574468085,6,47,Harrison Reed
fulham,SET_PIECE_KEY_PASSES,SEASON,,FTX-038ZE,12,10,0,2025-10-18,2026-05-24,0.2553191489361702,2,47,Alex Iwobi
fulham,SET_PIECE_KEY_PASSES,SEASON,,FTX-03RXS,16,14,0,2025-09-20,2026-05-24,0.3404255319148936,1,47,Harry Wilson
fulham,SET_PIECE_KEY_PASSES,SEASON,,FTX-0554G,1,1,0,2026-02-22,2026-02-22,0.02127659574468085,6,47,Calvin Bassey
fulham,SET_PIECE_KEY_PASSES,SEASON,,FTX-05OS8,1,1,0,2025-08-30,2025-08-30,0.02127659574468085,6,47,Joachim Andersen
fulham,SET_PIECE_KEY_PASSES,SEASON,,FTX-05YE7,3,3,0,2026-02-11,2026-03-04,0.06382978723404255,4,47,Oscar Bobb
fulham,SET_PIECE_KEY_PASSES,SEASON,,FTX-068YT,10,8,0,2025-08-24,2026-05-17,0.2127659574468085,3,47,Sasa Lukic
fulham,SET_PIECE_KEY_PASSES,SEASON,,FTX-070HJ,2,2,0,2025-10-18,2026-01-04,0.0425531914893617,5,47,Kevin
fulham,SHORT_INDIRECT_FREE_KICKS,CURRENT_MANAGER_REGIME,mgr:d242da40969a,FTX-038ZE,1,1,0,2026-02-11,2026-02-11,0.01,7,100,Alex Iwobi
fulham,SHORT_INDIRECT_FREE_KICKS,CURRENT_MANAGER_REGIME,mgr:d242da40969a,FTX-03RXS,1,1,0,2026-04-25,2026-04-25,0.01,7,100,Harry Wilson
fulham,SHORT_INDIRECT_FREE_KICKS,CURRENT_MANAGER_REGIME,mgr:d242da40969a,FTX-03RZP,1,1,0,2025-12-27,2025-12-27,0.01,7,100,Antonee Robinson
fulham,SHORT_INDIRECT_FREE_KICKS,CURRENT_MANAGER_REGIME,mgr:d242da40969a,FTX-04QOR,46,30,0,2025-08-16,2026-05-24,0.46,1,100,Bernd Leno
fulham,SHORT_INDIRECT_FREE_KICKS,CURRENT_MANAGER_REGIME,mgr:d242da40969a,FTX-0554G,11,8,0,2025-08-24,2026-05-02,0.11,3,100,Calvin Bassey
fulham,SHORT_INDIRECT_FREE_KICKS,CURRENT_MANAGER_REGIME,mgr:d242da40969a,FTX-05GCS,6,5,0,2025-10-03,2026-02-22,0.06,4,100,Sander Berge
fulham,SHORT_INDIRECT_FREE_KICKS,CURRENT_MANAGER_REGIME,mgr:d242da40969a,FTX-05O4C,2,2,0,2026-01-04,2026-04-11,0.02,6,100,Timothy Castagne
fulham,SHORT_INDIRECT_FREE_KICKS,CURRENT_MANAGER_REGIME,mgr:d242da40969a,FTX-05OEH,1,1,0,2025-11-22,2025-11-22,0.01,7,100,Kenny Tete
fulham,SHORT_INDIRECT_FREE_KICKS,CURRENT_MANAGER_REGIME,mgr:d242da40969a,FTX-05OS8,24,16,0,2025-09-13,2026-05-09,0.24,2,100,Joachim Andersen
fulham,SHORT_INDIRECT_FREE_KICKS,CURRENT_MANAGER_REGIME,mgr:d242da40969a,FTX-068YT,1,1,0,2026-04-25,2026-04-25,0.01,7,100,Sasa Lukic
fulham,SHORT_INDIRECT_FREE_KICKS,CURRENT_MANAGER_REGIME,mgr:d242da40969a,FTX-06NYW,4,3,0,2025-08-16,2026-01-24,0.04,5,100,Jorge Cuenca
fulham,SHORT_INDIRECT_FREE_KICKS,CURRENT_MANAGER_REGIME,mgr:d242da40969a,FTX-070HJ,1,1,0,2025-10-25,2025-10-25,0.01,7,100,Kevin
fulham,SHORT_INDIRECT_FREE_KICKS,CURRENT_MANAGER_REGIME,mgr:d242da40969a,FTX-070HK,1,1,0,2026-04-25,2026-04-25,0.01,7,100,Samuel Chukwueze
fulham,SHORT_INDIRECT_FREE_KICKS,LAST_10,,FTX-03RXS,1,1,0,2026-04-25,2026-04-25,0.034482758620689655,4,29,Harry Wilson
fulham,SHORT_INDIRECT_FREE_KICKS,LAST_10,,FTX-04QOR,12,7,0,2026-03-04,2026-05-24,0.41379310344827586,1,29,Bernd Leno
fulham,SHORT_INDIRECT_FREE_KICKS,LAST_10,,FTX-0554G,6,3,0,2026-03-04,2026-05-02,0.20689655172413793,3,29,Calvin Bassey
fulham,SHORT_INDIRECT_FREE_KICKS,LAST_10,,FTX-05O4C,1,1,0,2026-04-11,2026-04-11,0.034482758620689655,4,29,Timothy Castagne
fulham,SHORT_INDIRECT_FREE_KICKS,LAST_10,,FTX-05OS8,7,4,0,2026-03-15,2026-05-09,0.2413793103448276,2,29,Joachim Andersen
fulham,SHORT_INDIRECT_FREE_KICKS,LAST_10,,FTX-068YT,1,1,0,2026-04-25,2026-04-25,0.034482758620689655,4,29,Sasa Lukic
fulham,SHORT_INDIRECT_FREE_KICKS,LAST_10,,FTX-070HK,1,1,0,2026-04-25,2026-04-25,0.034482758620689655,4,29,Samuel Chukwueze
fulham,SHORT_INDIRECT_FREE_KICKS,LAST_5,,FTX-03RXS,1,1,0,2026-04-25,2026-04-25,0.07692307692307693,3,13,Harry Wilson
fulham,SHORT_INDIRECT_FREE_KICKS,LAST_5,,FTX-04QOR,4,3,0,2026-05-02,2026-05-24,0.3076923076923077,1,13,Bernd Leno
fulham,SHORT_INDIRECT_FREE_KICKS,LAST_5,,FTX-0554G,2,1,0,2026-05-02,2026-05-02,0.15384615384615385,2,13,Calvin Bassey
fulham,SHORT_INDIRECT_FREE_KICKS,LAST_5,,FTX-05OS8,4,2,0,2026-05-02,2026-05-09,0.3076923076923077,1,13,Joachim Andersen
fulham,SHORT_INDIRECT_FREE_KICKS,LAST_5,,FTX-068YT,1,1,0,2026-04-25,2026-04-25,0.07692307692307693,3,13,Sasa Lukic
fulham,SHORT_INDIRECT_FREE_KICKS,LAST_5,,FTX-070HK,1,1,0,2026-04-25,2026-04-25,0.07692307692307693,3,13,Samuel Chukwueze
fulham,SHORT_INDIRECT_FREE_KICKS,SEASON,,FTX-038ZE,1,1,0,2026-02-11,2026-02-11,0.01,7,100,Alex Iwobi
fulham,SHORT_INDIRECT_FREE_KICKS,SEASON,,FTX-03RXS,1,1,0,2026-04-25,2026-04-25,0.01,7,100,Harry Wilson
fulham,SHORT_INDIRECT_FREE_KICKS,SEASON,,FTX-03RZP,1,1,0,2025-12-27,2025-12-27,0.01,7,100,Antonee Robinson
fulham,SHORT_INDIRECT_FREE_KICKS,SEASON,,FTX-04QOR,46,30,0,2025-08-16,2026-05-24,0.46,1,100,Bernd Leno
fulham,SHORT_INDIRECT_FREE_KICKS,SEASON,,FTX-0554G,11,8,0,2025-08-24,2026-05-02,0.11,3,100,Calvin Bassey
fulham,SHORT_INDIRECT_FREE_KICKS,SEASON,,FTX-05GCS,6,5,0,2025-10-03,2026-02-22,0.06,4,100,Sander Berge
fulham,SHORT_INDIRECT_FREE_KICKS,SEASON,,FTX-05O4C,2,2,0,2026-01-04,2026-04-11,0.02,6,100,Timothy Castagne
fulham,SHORT_INDIRECT_FREE_KICKS,SEASON,,FTX-05OEH,1,1,0,2025-11-22,2025-11-22,0.01,7,100,Kenny Tete
fulham,SHORT_INDIRECT_FREE_KICKS,SEASON,,FTX-05OS8,24,16,0,2025-09-13,2026-05-09,0.24,2,100,Joachim Andersen
fulham,SHORT_INDIRECT_FREE_KICKS,SEASON,,FTX-068YT,1,1,0,2026-04-25,2026-04-25,0.01,7,100,Sasa Lukic
fulham,SHORT_INDIRECT_FREE_KICKS,SEASON,,FTX-06NYW,4,3,0,2025-08-16,2026-01-24,0.04,5,100,Jorge Cuenca
fulham,SHORT_INDIRECT_FREE_KICKS,SEASON,,FTX-070HJ,1,1,0,2025-10-25,2025-10-25,0.01,7,100,Kevin
fulham,SHORT_INDIRECT_FREE_KICKS,SEASON,,FTX-070HK,1,1,0,2026-04-25,2026-04-25,0.01,7,100,Samuel Chukwueze
leeds_united,ALL_CORNERS,CURRENT_MANAGER_REGIME,mgr:fa5d385e34dc,FTX-03YR0,1,1,0,2025-11-23,2025-11-23,0.005952380952380952,8,168,Daniel James
leeds_united,ALL_CORNERS,CURRENT_MANAGER_REGIME,mgr:fa5d385e34dc,FTX-04SPQ,3,2,0,2025-08-30,2025-11-09,0.017857142857142856,6,168,Jack Harrison
leeds_united,ALL_CORNERS,CURRENT_MANAGER_REGIME,mgr:fa5d385e34dc,FTX-04UG0,31,10,0,2025-09-27,2026-05-11,0.18452380952380953,2,168,Sean Longstaff
leeds_united,ALL_CORNERS,CURRENT_MANAGER_REGIME,mgr:fa5d385e34dc,FTX-0521Z,9,3,0,2026-01-17,2026-02-10,0.05357142857142857,4,168,James Justin
leeds_united,ALL_CORNERS,CURRENT_MANAGER_REGIME,mgr:fa5d385e34dc,FTX-064A0,1,1,0,2026-01-17,2026-01-17,0.005952380952380952,8,168,Wilfried Gnonto
leeds_united,ALL_CORNERS,CURRENT_MANAGER_REGIME,mgr:fa5d385e34dc,FTX-067YU,2,1,0,2026-05-24,2026-05-24,0.011904761904761904,7,168,Facundo Buonanotte
leeds_united,ALL_CORNERS,CURRENT_MANAGER_REGIME,mgr:fa5d385e34dc,FTX-06UZY,12,4,0,2026-04-13,2026-05-24,0.07142857142857142,3,168,Ao Tanaka
leeds_united,ALL_CORNERS,CURRENT_MANAGER_REGIME,mgr:fa5d385e34dc,FTX-06V01,4,3,0,2025-11-29,2026-02-06,0.023809523809523808,5,168,Ilia Gruev
leeds_united,ALL_CORNERS,CURRENT_MANAGER_REGIME,mgr:fa5d385e34dc,FTX-06YB7,3,2,0,2025-08-18,2025-09-13,0.017857142857142856,6,168,Gabriel Gudmundsson
leeds_united,ALL_CORNERS,CURRENT_MANAGER_REGIME,mgr:fa5d385e34dc,FTX-06ZBX,102,24,0,2025-08-18,2026-05-17,0.6071428571428571,1,168,Anton Stach
leeds_united,ALL_CORNERS,LAST_10,,FTX-04UG0,2,2,0,2026-05-01,2026-05-11,0.043478260869565216,3,46,Sean Longstaff
leeds_united,ALL_CORNERS,LAST_10,,FTX-067YU,2,1,0,2026-05-24,2026-05-24,0.043478260869565216,3,46,Facundo Buonanotte
leeds_united,ALL_CORNERS,LAST_10,,FTX-06UZY,12,4,0,2026-04-13,2026-05-24,0.2608695652173913,2,46,Ao Tanaka
leeds_united,ALL_CORNERS,LAST_10,,FTX-06ZBX,30,6,0,2026-03-03,2026-05-17,0.6521739130434783,1,46,Anton Stach
leeds_united,ALL_CORNERS,LAST_5,,FTX-04UG0,2,2,0,2026-05-01,2026-05-11,0.10526315789473684,3,19,Sean Longstaff
leeds_united,ALL_CORNERS,LAST_5,,FTX-067YU,2,1,0,2026-05-24,2026-05-24,0.10526315789473684,3,19,Facundo Buonanotte
leeds_united,ALL_CORNERS,LAST_5,,FTX-06UZY,3,2,0,2026-04-22,2026-05-24,0.15789473684210525,2,19,Ao Tanaka
leeds_united,ALL_CORNERS,LAST_5,,FTX-06ZBX,12,3,0,2026-05-01,2026-05-17,0.631578947368421,1,19,Anton Stach
leeds_united,ALL_CORNERS,SEASON,,FTX-03YR0,1,1,0,2025-11-23,2025-11-23,0.005952380952380952,8,168,Daniel James
leeds_united,ALL_CORNERS,SEASON,,FTX-04SPQ,3,2,0,2025-08-30,2025-11-09,0.017857142857142856,6,168,Jack Harrison
leeds_united,ALL_CORNERS,SEASON,,FTX-04UG0,31,10,0,2025-09-27,2026-05-11,0.18452380952380953,2,168,Sean Longstaff
leeds_united,ALL_CORNERS,SEASON,,FTX-0521Z,9,3,0,2026-01-17,2026-02-10,0.05357142857142857,4,168,James Justin
leeds_united,ALL_CORNERS,SEASON,,FTX-064A0,1,1,0,2026-01-17,2026-01-17,0.005952380952380952,8,168,Wilfried Gnonto
leeds_united,ALL_CORNERS,SEASON,,FTX-067YU,2,1,0,2026-05-24,2026-05-24,0.011904761904761904,7,168,Facundo Buonanotte
leeds_united,ALL_CORNERS,SEASON,,FTX-06UZY,12,4,0,2026-04-13,2026-05-24,0.07142857142857142,3,168,Ao Tanaka
leeds_united,ALL_CORNERS,SEASON,,FTX-06V01,4,3,0,2025-11-29,2026-02-06,0.023809523809523808,5,168,Ilia Gruev
leeds_united,ALL_CORNERS,SEASON,,FTX-06YB7,3,2,0,2025-08-18,2025-09-13,0.017857142857142856,6,168,Gabriel Gudmundsson
leeds_united,ALL_CORNERS,SEASON,,FTX-06ZBX,102,24,0,2025-08-18,2026-05-17,0.6071428571428571,1,168,Anton Stach
leeds_united,DIRECT_FREE_KICKS,CURRENT_MANAGER_REGIME,mgr:fa5d385e34dc,FTX-04UG0,1,1,0,2025-11-01,2025-11-01,0.1,2,10,Sean Longstaff
leeds_united,DIRECT_FREE_KICKS,CURRENT_MANAGER_REGIME,mgr:fa5d385e34dc,FTX-061VP,1,1,0,2026-05-24,2026-05-24,0.1,2,10,Brenden Aaronson
leeds_united,DIRECT_FREE_KICKS,CURRENT_MANAGER_REGIME,mgr:fa5d385e34dc,FTX-06ZBX,8,7,3,2025-08-30,2026-05-01,0.8,1,10,Anton Stach
leeds_united,DIRECT_FREE_KICKS,LAST_10,,FTX-061VP,1,1,0,2026-05-24,2026-05-24,0.25,2,4,Brenden Aaronson
leeds_united,DIRECT_FREE_KICKS,LAST_10,,FTX-06ZBX,3,2,0,2026-03-03,2026-05-01,0.75,1,4,Anton Stach
leeds_united,DIRECT_FREE_KICKS,LAST_5,,FTX-061VP,1,1,0,2026-05-24,2026-05-24,0.5,1,2,Brenden Aaronson
leeds_united,DIRECT_FREE_KICKS,LAST_5,,FTX-06ZBX,1,1,0,2026-05-01,2026-05-01,0.5,1,2,Anton Stach
leeds_united,DIRECT_FREE_KICKS,SEASON,,FTX-04UG0,1,1,0,2025-11-01,2025-11-01,0.1,2,10,Sean Longstaff
leeds_united,DIRECT_FREE_KICKS,SEASON,,FTX-061VP,1,1,0,2026-05-24,2026-05-24,0.1,2,10,Brenden Aaronson
leeds_united,DIRECT_FREE_KICKS,SEASON,,FTX-06ZBX,8,7,3,2025-08-30,2026-05-01,0.8,1,10,Anton Stach
leeds_united,PENALTIES,CURRENT_MANAGER_REGIME,mgr:fa5d385e34dc,FTX-049TQ,5,5,4,2025-12-06,2026-05-11,0.625,1,8,Dominic Calvert-Lewin
leeds_united,PENALTIES,CURRENT_MANAGER_REGIME,mgr:fa5d385e34dc,FTX-04LNU,3,3,2,2025-08-18,2026-02-10,0.375,2,8,Lukas Nmecha
leeds_united,PENALTIES,LAST_10,,FTX-049TQ,3,3,2,2026-03-15,2026-05-11,1.0,1,3,Dominic Calvert-Lewin
leeds_united,PENALTIES,LAST_5,,FTX-049TQ,1,1,1,2026-05-11,2026-05-11,1.0,1,1,Dominic Calvert-Lewin
leeds_united,PENALTIES,SEASON,,FTX-049TQ,5,5,4,2025-12-06,2026-05-11,0.625,1,8,Dominic Calvert-Lewin
leeds_united,PENALTIES,SEASON,,FTX-04LNU,3,3,2,2025-08-18,2026-02-10,0.375,2,8,Lukas Nmecha
leeds_united,SET_PIECE_CROSSES,CURRENT_MANAGER_REGIME,mgr:fa5d385e34dc,FTX-04SPQ,4,2,0,2025-08-30,2025-11-09,0.01818181818181818,6,220,Jack Harrison
leeds_united,SET_PIECE_CROSSES,CURRENT_MANAGER_REGIME,mgr:fa5d385e34dc,FTX-04UG0,47,11,0,2025-09-27,2026-05-11,0.21363636363636362,2,220,Sean Longstaff
leeds_united,SET_PIECE_CROSSES,CURRENT_MANAGER_REGIME,mgr:fa5d385e34dc,FTX-0521Z,10,3,0,2026-01-17,2026-02-10,0.045454545454545456,5,220,James Justin
leeds_united,SET_PIECE_CROSSES,CURRENT_MANAGER_REGIME,mgr:fa5d385e34dc,FTX-067YU,2,1,0,2026-05-24,2026-05-24,0.00909090909090909,7,220,Facundo Buonanotte
leeds_united,SET_PIECE_CROSSES,CURRENT_MANAGER_REGIME,mgr:fa5d385e34dc,FTX-06UZY,21,5,0,2025-11-29,2026-05-24,0.09545454545454546,3,220,Ao Tanaka
leeds_united,SET_PIECE_CROSSES,CURRENT_MANAGER_REGIME,mgr:fa5d385e34dc,FTX-06V01,12,4,0,2025-11-29,2026-02-10,0.05454545454545454,4,220,Ilia Gruev
leeds_united,SET_PIECE_CROSSES,CURRENT_MANAGER_REGIME,mgr:fa5d385e34dc,FTX-06YB7,4,2,0,2025-08-18,2025-09-13,0.01818181818181818,6,220,Gabriel Gudmundsson
leeds_united,SET_PIECE_CROSSES,CURRENT_MANAGER_REGIME,mgr:fa5d385e34dc,FTX-06ZBX,120,25,0,2025-08-18,2026-05-17,0.5454545454545454,1,220,Anton Stach
leeds_united,SET_PIECE_CROSSES,LAST_10,,FTX-04UG0,3,2,0,2026-05-01,2026-05-11,0.04838709677419355,3,62,Sean Longstaff
leeds_united,SET_PIECE_CROSSES,LAST_10,,FTX-067YU,2,1,0,2026-05-24,2026-05-24,0.03225806451612903,4,62,Facundo Buonanotte
leeds_united,SET_PIECE_CROSSES,LAST_10,,FTX-06UZY,20,4,0,2026-04-13,2026-05-24,0.3225806451612903,2,62,Ao Tanaka
leeds_united,SET_PIECE_CROSSES,LAST_10,,FTX-06ZBX,37,6,0,2026-03-03,2026-05-17,0.5967741935483871,1,62,Anton Stach
leeds_united,SET_PIECE_CROSSES,LAST_5,,FTX-04UG0,3,2,0,2026-05-01,2026-05-11,0.13043478260869565,3,23,Sean Longstaff
leeds_united,SET_PIECE_CROSSES,LAST_5,,FTX-067YU,2,1,0,2026-05-24,2026-05-24,0.08695652173913043,4,23,Facundo Buonanotte
leeds_united,SET_PIECE_CROSSES,LAST_5,,FTX-06UZY,5,2,0,2026-04-22,2026-05-24,0.21739130434782608,2,23,Ao Tanaka
leeds_united,SET_PIECE_CROSSES,LAST_5,,FTX-06ZBX,13,3,0,2026-05-01,2026-05-17,0.5652173913043478,1,23,Anton Stach
leeds_united,SET_PIECE_CROSSES,SEASON,,FTX-04SPQ,4,2,0,2025-08-30,2025-11-09,0.01818181818181818,6,220,Jack Harrison
leeds_united,SET_PIECE_CROSSES,SEASON,,FTX-04UG0,47,11,0,2025-09-27,2026-05-11,0.21363636363636362,2,220,Sean Longstaff
leeds_united,SET_PIECE_CROSSES,SEASON,,FTX-0521Z,10,3,0,2026-01-17,2026-02-10,0.045454545454545456,5,220,James Justin
leeds_united,SET_PIECE_CROSSES,SEASON,,FTX-067YU,2,1,0,2026-05-24,2026-05-24,0.00909090909090909,7,220,Facundo Buonanotte
leeds_united,SET_PIECE_CROSSES,SEASON,,FTX-06UZY,21,5,0,2025-11-29,2026-05-24,0.09545454545454546,3,220,Ao Tanaka
leeds_united,SET_PIECE_CROSSES,SEASON,,FTX-06V01,12,4,0,2025-11-29,2026-02-10,0.05454545454545454,4,220,Ilia Gruev
leeds_united,SET_PIECE_CROSSES,SEASON,,FTX-06YB7,4,2,0,2025-08-18,2025-09-13,0.01818181818181818,6,220,Gabriel Gudmundsson
leeds_united,SET_PIECE_CROSSES,SEASON,,FTX-06ZBX,120,25,0,2025-08-18,2026-05-17,0.5454545454545454,1,220,Anton Stach
leeds_united,SET_PIECE_KEY_PASSES,CURRENT_MANAGER_REGIME,mgr:fa5d385e34dc,FTX-04UG0,15,8,0,2025-09-27,2026-05-01,0.22388059701492538,2,67,Sean Longstaff
leeds_united,SET_PIECE_KEY_PASSES,CURRENT_MANAGER_REGIME,mgr:fa5d385e34dc,FTX-0521Z,4,2,0,2026-01-17,2026-02-06,0.05970149253731343,4,67,James Justin
leeds_united,SET_PIECE_KEY_PASSES,CURRENT_MANAGER_REGIME,mgr:fa5d385e34dc,FTX-05MZZ,1,1,0,2026-04-18,2026-04-18,0.014925373134328358,6,67,Pascal Struijk
leeds_united,SET_PIECE_KEY_PASSES,CURRENT_MANAGER_REGIME,mgr:fa5d385e34dc,FTX-067YU,1,1,0,2026-05-24,2026-05-24,0.014925373134328358,6,67,Facundo Buonanotte
leeds_united,SET_PIECE_KEY_PASSES,CURRENT_MANAGER_REGIME,mgr:fa5d385e34dc,FTX-06UZY,8,2,0,2026-04-13,2026-04-18,0.11940298507462686,3,67,Ao Tanaka
leeds_united,SET_PIECE_KEY_PASSES,CURRENT_MANAGER_REGIME,mgr:fa5d385e34dc,FTX-06V01,4,3,0,2025-11-29,2026-02-10,0.05970149253731343,4,67,Ilia Gruev
leeds_united,SET_PIECE_KEY_PASSES,CURRENT_MANAGER_REGIME,mgr:fa5d385e34dc,FTX-06V51,2,2,0,2025-12-20,2026-04-18,0.029850746268656716,5,67,Jaka Bijol
leeds_united,SET_PIECE_KEY_PASSES,CURRENT_MANAGER_REGIME,mgr:fa5d385e34dc,FTX-06YB7,1,1,0,2025-11-23,2025-11-23,0.014925373134328358,6,67,Gabriel Gudmundsson
leeds_united,SET_PIECE_KEY_PASSES,CURRENT_MANAGER_REGIME,mgr:fa5d385e34dc,FTX-06ZBX,30,17,0,2025-08-18,2026-05-17,0.44776119402985076,1,67,Anton Stach
leeds_united,SET_PIECE_KEY_PASSES,CURRENT_MANAGER_REGIME,mgr:fa5d385e34dc,FTX-070CJ,1,1,0,2025-12-14,2025-12-14,0.014925373134328358,6,67,Noah Okafor
leeds_united,SET_PIECE_KEY_PASSES,LAST_10,,FTX-04UG0,1,1,0,2026-05-01,2026-05-01,0.05263157894736842,3,19,Sean Longstaff
leeds_united,SET_PIECE_KEY_PASSES,LAST_10,,FTX-05MZZ,1,1,0,2026-04-18,2026-04-18,0.05263157894736842,3,19,Pascal Struijk
leeds_united,SET_PIECE_KEY_PASSES,LAST_10,,FTX-067YU,1,1,0,2026-05-24,2026-05-24,0.05263157894736842,3,19,Facundo Buonanotte
leeds_united,SET_PIECE_KEY_PASSES,LAST_10,,FTX-06UZY,8,2,0,2026-04-13,2026-04-18,0.42105263157894735,1,19,Ao Tanaka
leeds_united,SET_PIECE_KEY_PASSES,LAST_10,,FTX-06V51,1,1,0,2026-04-18,2026-04-18,0.05263157894736842,3,19,Jaka Bijol
leeds_united,SET_PIECE_KEY_PASSES,LAST_10,,FTX-06ZBX,7,5,0,2026-03-03,2026-05-17,0.3684210526315789,2,19,Anton Stach
leeds_united,SET_PIECE_KEY_PASSES,LAST_5,,FTX-04UG0,1,1,0,2026-05-01,2026-05-01,0.25,2,4,Sean Longstaff
leeds_united,SET_PIECE_KEY_PASSES,LAST_5,,FTX-067YU,1,1,0,2026-05-24,2026-05-24,0.25,2,4,Facundo Buonanotte
leeds_united,SET_PIECE_KEY_PASSES,LAST_5,,FTX-06ZBX,2,2,0,2026-05-01,2026-05-17,0.5,1,4,Anton Stach
leeds_united,SET_PIECE_KEY_PASSES,SEASON,,FTX-04UG0,15,8,0,2025-09-27,2026-05-01,0.22388059701492538,2,67,Sean Longstaff
leeds_united,SET_PIECE_KEY_PASSES,SEASON,,FTX-0521Z,4,2,0,2026-01-17,2026-02-06,0.05970149253731343,4,67,James Justin
leeds_united,SET_PIECE_KEY_PASSES,SEASON,,FTX-05MZZ,1,1,0,2026-04-18,2026-04-18,0.014925373134328358,6,67,Pascal Struijk
leeds_united,SET_PIECE_KEY_PASSES,SEASON,,FTX-067YU,1,1,0,2026-05-24,2026-05-24,0.014925373134328358,6,67,Facundo Buonanotte
leeds_united,SET_PIECE_KEY_PASSES,SEASON,,FTX-06UZY,8,2,0,2026-04-13,2026-04-18,0.11940298507462686,3,67,Ao Tanaka
leeds_united,SET_PIECE_KEY_PASSES,SEASON,,FTX-06V01,4,3,0,2025-11-29,2026-02-10,0.05970149253731343,4,67,Ilia Gruev
leeds_united,SET_PIECE_KEY_PASSES,SEASON,,FTX-06V51,2,2,0,2025-12-20,2026-04-18,0.029850746268656716,5,67,Jaka Bijol
leeds_united,SET_PIECE_KEY_PASSES,SEASON,,FTX-06YB7,1,1,0,2025-11-23,2025-11-23,0.014925373134328358,6,67,Gabriel Gudmundsson
leeds_united,SET_PIECE_KEY_PASSES,SEASON,,FTX-06ZBX,30,17,0,2025-08-18,2026-05-17,0.44776119402985076,1,67,Anton Stach
leeds_united,SET_PIECE_KEY_PASSES,SEASON,,FTX-070CJ,1,1,0,2025-12-14,2025-12-14,0.014925373134328358,6,67,Noah Okafor
leeds_united,SHORT_INDIRECT_FREE_KICKS,CURRENT_MANAGER_REGIME,mgr:fa5d385e34dc,FTX-03PIF,26,15,0,2025-09-27,2026-05-17,0.3058823529411765,1,85,Karl Darlow
leeds_united,SHORT_INDIRECT_FREE_KICKS,CURRENT_MANAGER_REGIME,mgr:fa5d385e34dc,FTX-03YQZ,9,7,0,2025-08-18,2026-03-03,0.10588235294117647,3,85,Joe Rodon
leeds_united,SHORT_INDIRECT_FREE_KICKS,CURRENT_MANAGER_REGIME,mgr:fa5d385e34dc,FTX-04LAV,9,8,0,2025-11-01,2026-04-13,0.10588235294117647,3,85,Ethan Ampadu
leeds_united,SHORT_INDIRECT_FREE_KICKS,CURRENT_MANAGER_REGIME,mgr:fa5d385e34dc,FTX-04YM7,24,13,0,2025-08-18,2026-01-07,0.2823529411764706,2,85,Lucas Perri
leeds_united,SHORT_INDIRECT_FREE_KICKS,CURRENT_MANAGER_REGIME,mgr:fa5d385e34dc,FTX-0521Z,1,1,0,2026-02-21,2026-02-21,0.011764705882352941,6,85,James Justin
leeds_united,SHORT_INDIRECT_FREE_KICKS,CURRENT_MANAGER_REGIME,mgr:fa5d385e34dc,FTX-05MZZ,6,6,0,2025-11-23,2026-03-21,0.07058823529411765,5,85,Pascal Struijk
leeds_united,SHORT_INDIRECT_FREE_KICKS,CURRENT_MANAGER_REGIME,mgr:fa5d385e34dc,FTX-06V01,1,1,0,2026-02-21,2026-02-21,0.011764705882352941,6,85,Ilia Gruev
leeds_united,SHORT_INDIRECT_FREE_KICKS,CURRENT_MANAGER_REGIME,mgr:fa5d385e34dc,FTX-06V51,8,6,0,2025-11-01,2026-05-11,0.09411764705882353,4,85,Jaka Bijol
leeds_united,SHORT_INDIRECT_FREE_KICKS,CURRENT_MANAGER_REGIME,mgr:fa5d385e34dc,FTX-06YB7,1,1,0,2026-03-03,2026-03-03,0.011764705882352941,6,85,Gabriel Gudmundsson
leeds_united,SHORT_INDIRECT_FREE_KICKS,LAST_10,,FTX-03PIF,15,7,0,2026-03-03,2026-05-17,0.6818181818181818,1,22,Karl Darlow
leeds_united,SHORT_INDIRECT_FREE_KICKS,LAST_10,,FTX-03YQZ,1,1,0,2026-03-03,2026-03-03,0.045454545454545456,3,22,Joe Rodon
leeds_united,SHORT_INDIRECT_FREE_KICKS,LAST_10,,FTX-04LAV,3,3,0,2026-03-03,2026-04-13,0.13636363636363635,2,22,Ethan Ampadu
leeds_united,SHORT_INDIRECT_FREE_KICKS,LAST_10,,FTX-05MZZ,1,1,0,2026-03-21,2026-03-21,0.045454545454545456,3,22,Pascal Struijk
leeds_united,SHORT_INDIRECT_FREE_KICKS,LAST_10,,FTX-06V51,1,1,0,2026-05-11,2026-05-11,0.045454545454545456,3,22,Jaka Bijol
leeds_united,SHORT_INDIRECT_FREE_KICKS,LAST_10,,FTX-06YB7,1,1,0,2026-03-03,2026-03-03,0.045454545454545456,3,22,Gabriel Gudmundsson
leeds_united,SHORT_INDIRECT_FREE_KICKS,LAST_5,,FTX-03PIF,6,3,0,2026-04-22,2026-05-17,0.8571428571428571,1,7,Karl Darlow
leeds_united,SHORT_INDIRECT_FREE_KICKS,LAST_5,,FTX-06V51,1,1,0,2026-05-11,2026-05-11,0.14285714285714285,2,7,Jaka Bijol
leeds_united,SHORT_INDIRECT_FREE_KICKS,SEASON,,FTX-03PIF,26,15,0,2025-09-27,2026-05-17,0.3058823529411765,1,85,Karl Darlow
leeds_united,SHORT_INDIRECT_FREE_KICKS,SEASON,,FTX-03YQZ,9,7,0,2025-08-18,2026-03-03,0.10588235294117647,3,85,Joe Rodon
leeds_united,SHORT_INDIRECT_FREE_KICKS,SEASON,,FTX-04LAV,9,8,0,2025-11-01,2026-04-13,0.10588235294117647,3,85,Ethan Ampadu
leeds_united,SHORT_INDIRECT_FREE_KICKS,SEASON,,FTX-04YM7,24,13,0,2025-08-18,2026-01-07,0.2823529411764706,2,85,Lucas Perri
leeds_united,SHORT_INDIRECT_FREE_KICKS,SEASON,,FTX-0521Z,1,1,0,2026-02-21,2026-02-21,0.011764705882352941,6,85,James Justin
leeds_united,SHORT_INDIRECT_FREE_KICKS,SEASON,,FTX-05MZZ,6,6,0,2025-11-23,2026-03-21,0.07058823529411765,5,85,Pascal Struijk
leeds_united,SHORT_INDIRECT_FREE_KICKS,SEASON,,FTX-06V01,1,1,0,2026-02-21,2026-02-21,0.011764705882352941,6,85,Ilia Gruev
leeds_united,SHORT_INDIRECT_FREE_KICKS,SEASON,,FTX-06V51,8,6,0,2025-11-01,2026-05-11,0.09411764705882353,4,85,Jaka Bijol
leeds_united,SHORT_INDIRECT_FREE_KICKS,SEASON,,FTX-06YB7,1,1,0,2026-03-03,2026-03-03,0.011764705882352941,6,85,Gabriel Gudmundsson
liverpool,ALL_CORNERS,CURRENT_MANAGER_REGIME,mgr:328a5fafed26,FTX-03AQP,58,16,0,2025-11-09,2026-05-24,0.25,2,232,Mohamed Salah
liverpool,ALL_CORNERS,CURRENT_MANAGER_REGIME,mgr:328a5fafed26,FTX-03GU5,3,2,0,2025-09-14,2026-01-01,0.01293103448275862,6,232,Andy Robertson
liverpool,ALL_CORNERS,CURRENT_MANAGER_REGIME,mgr:328a5fafed26,FTX-04O82,2,2,0,2025-12-20,2026-01-04,0.008620689655172414,7,232,Curtis Jones
liverpool,ALL_CORNERS,CURRENT_MANAGER_REGIME,mgr:328a5fafed26,FTX-0522H,11,5,0,2025-10-25,2026-05-09,0.04741379310344827,5,232,Alexis Mac Allister
liverpool,ALL_CORNERS,CURRENT_MANAGER_REGIME,mgr:328a5fafed26,FTX-05UHJ,1,1,0,2025-10-04,2025-10-04,0.004310344827586207,8,232,Conor Bradley
liverpool,ALL_CORNERS,CURRENT_MANAGER_REGIME,mgr:328a5fafed26,FTX-067YV,33,15,0,2025-08-31,2026-05-15,0.14224137931034483,3,232,Cody Gakpo
liverpool,ALL_CORNERS,CURRENT_MANAGER_REGIME,mgr:328a5fafed26,FTX-06CMM,104,29,0,2025-08-31,2026-05-24,0.4482758620689655,1,232,Dominik Szoboszlai
liverpool,ALL_CORNERS,CURRENT_MANAGER_REGIME,mgr:328a5fafed26,FTX-06V21,20,9,0,2025-08-15,2026-03-15,0.08620689655172414,4,232,Florian Wirtz
liverpool,ALL_CORNERS,LAST_10,,FTX-03AQP,27,7,0,2026-03-03,2026-05-24,0.391304347826087,2,69,Mohamed Salah
liverpool,ALL_CORNERS,LAST_10,,FTX-0522H,2,1,0,2026-05-09,2026-05-09,0.028985507246376812,3,69,Alexis Mac Allister
liverpool,ALL_CORNERS,LAST_10,,FTX-067YV,1,1,0,2026-05-15,2026-05-15,0.014492753623188406,4,69,Cody Gakpo
liverpool,ALL_CORNERS,LAST_10,,FTX-06CMM,38,10,0,2026-03-03,2026-05-24,0.5507246376811594,1,69,Dominik Szoboszlai
liverpool,ALL_CORNERS,LAST_10,,FTX-06V21,1,1,0,2026-03-15,2026-03-15,0.014492753623188406,4,69,Florian Wirtz
liverpool,ALL_CORNERS,LAST_5,,FTX-03AQP,13,3,0,2026-04-25,2026-05-24,0.37142857142857144,2,35,Mohamed Salah
liverpool,ALL_CORNERS,LAST_5,,FTX-0522H,2,1,0,2026-05-09,2026-05-09,0.05714285714285714,3,35,Alexis Mac Allister
liverpool,ALL_CORNERS,LAST_5,,FTX-067YV,1,1,0,2026-05-15,2026-05-15,0.02857142857142857,4,35,Cody Gakpo
liverpool,ALL_CORNERS,LAST_5,,FTX-06CMM,19,5,0,2026-04-25,2026-05-24,0.5428571428571428,1,35,Dominik Szoboszlai
liverpool,ALL_CORNERS,SEASON,,FTX-03AQP,58,16,0,2025-11-09,2026-05-24,0.25,2,232,Mohamed Salah
liverpool,ALL_CORNERS,SEASON,,FTX-03GU5,3,2,0,2025-09-14,2026-01-01,0.01293103448275862,6,232,Andy Robertson
liverpool,ALL_CORNERS,SEASON,,FTX-04O82,2,2,0,2025-12-20,2026-01-04,0.008620689655172414,7,232,Curtis Jones
liverpool,ALL_CORNERS,SEASON,,FTX-0522H,11,5,0,2025-10-25,2026-05-09,0.04741379310344827,5,232,Alexis Mac Allister
liverpool,ALL_CORNERS,SEASON,,FTX-05UHJ,1,1,0,2025-10-04,2025-10-04,0.004310344827586207,8,232,Conor Bradley
liverpool,ALL_CORNERS,SEASON,,FTX-067YV,33,15,0,2025-08-31,2026-05-15,0.14224137931034483,3,232,Cody Gakpo
liverpool,ALL_CORNERS,SEASON,,FTX-06CMM,104,29,0,2025-08-31,2026-05-24,0.4482758620689655,1,232,Dominik Szoboszlai
liverpool,ALL_CORNERS,SEASON,,FTX-06V21,20,9,0,2025-08-15,2026-03-15,0.08620689655172414,4,232,Florian Wirtz
liverpool,DIRECT_FREE_KICKS,CURRENT_MANAGER_REGIME,mgr:328a5fafed26,FTX-03AQP,3,3,0,2025-09-27,2026-05-24,0.16666666666666666,2,18,Mohamed Salah
liverpool,DIRECT_FREE_KICKS,CURRENT_MANAGER_REGIME,mgr:328a5fafed26,FTX-06CMM,14,13,4,2025-08-31,2026-05-09,0.7777777777777778,1,18,Dominik Szoboszlai
liverpool,DIRECT_FREE_KICKS,CURRENT_MANAGER_REGIME,mgr:328a5fafed26,FTX-06V21,1,1,0,2026-01-01,2026-01-01,0.05555555555555555,3,18,Florian Wirtz
liverpool,DIRECT_FREE_KICKS,LAST_10,,FTX-03AQP,1,1,0,2026-05-24,2026-05-24,0.2,2,5,Mohamed Salah
liverpool,DIRECT_FREE_KICKS,LAST_10,,FTX-06CMM,4,4,1,2026-03-15,2026-05-09,0.8,1,5,Dominik Szoboszlai
liverpool,DIRECT_FREE_KICKS,LAST_5,,FTX-03AQP,1,1,0,2026-05-24,2026-05-24,0.3333333333333333,2,3,Mohamed Salah
liverpool,DIRECT_FREE_KICKS,LAST_5,,FTX-06CMM,2,2,0,2026-05-03,2026-05-09,0.6666666666666666,1,3,Dominik Szoboszlai
liverpool,DIRECT_FREE_KICKS,SEASON,,FTX-03AQP,3,3,0,2025-09-27,2026-05-24,0.16666666666666666,2,18,Mohamed Salah
liverpool,DIRECT_FREE_KICKS,SEASON,,FTX-06CMM,14,13,4,2025-08-31,2026-05-09,0.7777777777777778,1,18,Dominik Szoboszlai
liverpool,DIRECT_FREE_KICKS,SEASON,,FTX-06V21,1,1,0,2026-01-01,2026-01-01,0.05555555555555555,3,18,Florian Wirtz
liverpool,PENALTIES,CURRENT_MANAGER_REGIME,mgr:328a5fafed26,FTX-03AQP,1,1,1,2025-09-14,2025-09-14,0.5,1,2,Mohamed Salah
liverpool,PENALTIES,CURRENT_MANAGER_REGIME,mgr:328a5fafed26,FTX-06CMM,1,1,0,2026-01-17,2026-01-17,0.5,1,2,Dominik Szoboszlai
liverpool,PENALTIES,SEASON,,FTX-03AQP,1,1,1,2025-09-14,2025-09-14,0.5,1,2,Mohamed Salah
liverpool,PENALTIES,SEASON,,FTX-06CMM,1,1,0,2026-01-17,2026-01-17,0.5,1,2,Dominik Szoboszlai
liverpool,SET_PIECE_CROSSES,CURRENT_MANAGER_REGIME,mgr:328a5fafed26,FTX-03AQP,60,18,0,2025-10-19,2026-05-24,0.23809523809523808,2,252,Mohamed Salah
liverpool,SET_PIECE_CROSSES,CURRENT_MANAGER_REGIME,mgr:328a5fafed26,FTX-03GU5,8,5,0,2025-09-14,2026-05-03,0.031746031746031744,6,252,Andy Robertson
liverpool,SET_PIECE_CROSSES,CURRENT_MANAGER_REGIME,mgr:328a5fafed26,FTX-0522H,9,4,0,2025-10-25,2025-12-27,0.03571428571428571,5,252,Alexis Mac Allister
liverpool,SET_PIECE_CROSSES,CURRENT_MANAGER_REGIME,mgr:328a5fafed26,FTX-067YV,31,13,0,2025-09-14,2026-02-11,0.12301587301587301,3,252,Cody Gakpo
liverpool,SET_PIECE_CROSSES,CURRENT_MANAGER_REGIME,mgr:328a5fafed26,FTX-06CMM,130,30,0,2025-08-31,2026-05-24,0.5158730158730159,1,252,Dominik Szoboszlai
liverpool,SET_PIECE_CROSSES,CURRENT_MANAGER_REGIME,mgr:328a5fafed26,FTX-06V21,14,6,0,2025-08-15,2026-02-08,0.05555555555555555,4,252,Florian Wirtz
liverpool,SET_PIECE_CROSSES,LAST_10,,FTX-03AQP,25,7,0,2026-03-03,2026-05-24,0.3246753246753247,2,77,Mohamed Salah
liverpool,SET_PIECE_CROSSES,LAST_10,,FTX-03GU5,3,2,0,2026-04-19,2026-05-03,0.03896103896103896,3,77,Andy Robertson
liverpool,SET_PIECE_CROSSES,LAST_10,,FTX-06CMM,49,10,0,2026-03-03,2026-05-24,0.6363636363636364,1,77,Dominik Szoboszlai
liverpool,SET_PIECE_CROSSES,LAST_5,,FTX-03AQP,11,3,0,2026-04-25,2026-05-24,0.2894736842105263,2,38,Mohamed Salah
liverpool,SET_PIECE_CROSSES,LAST_5,,FTX-03GU5,2,1,0,2026-05-03,2026-05-03,0.05263157894736842,3,38,Andy Robertson
liverpool,SET_PIECE_CROSSES,LAST_5,,FTX-06CMM,25,5,0,2026-04-25,2026-05-24,0.6578947368421053,1,38,Dominik Szoboszlai
liverpool,SET_PIECE_CROSSES,SEASON,,FTX-03AQP,60,18,0,2025-10-19,2026-05-24,0.23809523809523808,2,252,Mohamed Salah
liverpool,SET_PIECE_CROSSES,SEASON,,FTX-03GU5,8,5,0,2025-09-14,2026-05-03,0.031746031746031744,6,252,Andy Robertson
liverpool,SET_PIECE_CROSSES,SEASON,,FTX-0522H,9,4,0,2025-10-25,2025-12-27,0.03571428571428571,5,252,Alexis Mac Allister
liverpool,SET_PIECE_CROSSES,SEASON,,FTX-067YV,31,13,0,2025-09-14,2026-02-11,0.12301587301587301,3,252,Cody Gakpo
liverpool,SET_PIECE_CROSSES,SEASON,,FTX-06CMM,130,30,0,2025-08-31,2026-05-24,0.5158730158730159,1,252,Dominik Szoboszlai
liverpool,SET_PIECE_CROSSES,SEASON,,FTX-06V21,14,6,0,2025-08-15,2026-02-08,0.05555555555555555,4,252,Florian Wirtz
liverpool,SET_PIECE_KEY_PASSES,CURRENT_MANAGER_REGIME,mgr:328a5fafed26,FTX-03AQP,6,6,0,2025-10-19,2026-02-11,0.1,2,60,Mohamed Salah
liverpool,SET_PIECE_KEY_PASSES,CURRENT_MANAGER_REGIME,mgr:328a5fafed26,FTX-03GU5,1,1,0,2025-11-01,2025-11-01,0.016666666666666666,5,60,Andy Robertson
liverpool,SET_PIECE_KEY_PASSES,CURRENT_MANAGER_REGIME,mgr:328a5fafed26,FTX-04O82,1,1,0,2025-12-06,2025-12-06,0.016666666666666666,5,60,Curtis Jones
liverpool,SET_PIECE_KEY_PASSES,CURRENT_MANAGER_REGIME,mgr:328a5fafed26,FTX-0522H,3,2,0,2025-12-27,2026-04-25,0.05,4,60,Alexis Mac Allister
liverpool,SET_PIECE_KEY_PASSES,CURRENT_MANAGER_REGIME,mgr:328a5fafed26,FTX-067YV,5,5,0,2025-09-14,2026-03-03,0.08333333333333333,3,60,Cody Gakpo
liverpool,SET_PIECE_KEY_PASSES,CURRENT_MANAGER_REGIME,mgr:328a5fafed26,FTX-06CMM,38,23,0,2025-09-20,2026-05-15,0.6333333333333333,1,60,Dominik Szoboszlai
liverpool,SET_PIECE_KEY_PASSES,CURRENT_MANAGER_REGIME,mgr:328a5fafed26,FTX-06FXE,1,1,0,2026-02-28,2026-02-28,0.016666666666666666,5,60,Ryan Gravenberch
liverpool,SET_PIECE_KEY_PASSES,CURRENT_MANAGER_REGIME,mgr:328a5fafed26,FTX-06R2G,1,1,0,2026-05-09,2026-05-09,0.016666666666666666,5,60,Rio Ngumoha
liverpool,SET_PIECE_KEY_PASSES,CURRENT_MANAGER_REGIME,mgr:328a5fafed26,FTX-06V21,3,2,0,2025-08-15,2025-09-14,0.05,4,60,Florian Wirtz
liverpool,SET_PIECE_KEY_PASSES,CURRENT_MANAGER_REGIME,mgr:328a5fafed26,FTX-06ZBZ,1,1,0,2026-02-28,2026-02-28,0.016666666666666666,5,60,Hugo Ekitiké
liverpool,SET_PIECE_KEY_PASSES,LAST_10,,FTX-0522H,1,1,0,2026-04-25,2026-04-25,0.058823529411764705,2,17,Alexis Mac Allister
liverpool,SET_PIECE_KEY_PASSES,LAST_10,,FTX-067YV,1,1,0,2026-03-03,2026-03-03,0.058823529411764705,2,17,Cody Gakpo
liverpool,SET_PIECE_KEY_PASSES,LAST_10,,FTX-06CMM,14,7,0,2026-03-03,2026-05-15,0.8235294117647058,1,17,Dominik Szoboszlai
liverpool,SET_PIECE_KEY_PASSES,LAST_10,,FTX-06R2G,1,1,0,2026-05-09,2026-05-09,0.058823529411764705,2,17,Rio Ngumoha
liverpool,SET_PIECE_KEY_PASSES,LAST_5,,FTX-0522H,1,1,0,2026-04-25,2026-04-25,0.09090909090909091,2,11,Alexis Mac Allister
liverpool,SET_PIECE_KEY_PASSES,LAST_5,,FTX-06CMM,9,3,0,2026-05-03,2026-05-15,0.8181818181818182,1,11,Dominik Szoboszlai
liverpool,SET_PIECE_KEY_PASSES,LAST_5,,FTX-06R2G,1,1,0,2026-05-09,2026-05-09,0.09090909090909091,2,11,Rio Ngumoha
liverpool,SET_PIECE_KEY_PASSES,SEASON,,FTX-03AQP,6,6,0,2025-10-19,2026-02-11,0.1,2,60,Mohamed Salah
liverpool,SET_PIECE_KEY_PASSES,SEASON,,FTX-03GU5,1,1,0,2025-11-01,2025-11-01,0.016666666666666666,5,60,Andy Robertson
liverpool,SET_PIECE_KEY_PASSES,SEASON,,FTX-04O82,1,1,0,2025-12-06,2025-12-06,0.016666666666666666,5,60,Curtis Jones
liverpool,SET_PIECE_KEY_PASSES,SEASON,,FTX-0522H,3,2,0,2025-12-27,2026-04-25,0.05,4,60,Alexis Mac Allister
liverpool,SET_PIECE_KEY_PASSES,SEASON,,FTX-067YV,5,5,0,2025-09-14,2026-03-03,0.08333333333333333,3,60,Cody Gakpo
liverpool,SET_PIECE_KEY_PASSES,SEASON,,FTX-06CMM,38,23,0,2025-09-20,2026-05-15,0.6333333333333333,1,60,Dominik Szoboszlai
liverpool,SET_PIECE_KEY_PASSES,SEASON,,FTX-06FXE,1,1,0,2026-02-28,2026-02-28,0.016666666666666666,5,60,Ryan Gravenberch
liverpool,SET_PIECE_KEY_PASSES,SEASON,,FTX-06R2G,1,1,0,2026-05-09,2026-05-09,0.016666666666666666,5,60,Rio Ngumoha
liverpool,SET_PIECE_KEY_PASSES,SEASON,,FTX-06V21,3,2,0,2025-08-15,2025-09-14,0.05,4,60,Florian Wirtz
liverpool,SET_PIECE_KEY_PASSES,SEASON,,FTX-06ZBZ,1,1,0,2026-02-28,2026-02-28,0.016666666666666666,5,60,Hugo Ekitiké
liverpool,SHORT_INDIRECT_FREE_KICKS,CURRENT_MANAGER_REGIME,mgr:328a5fafed26,FTX-03GU5,2,2,0,2026-04-19,2026-04-25,0.031746031746031744,4,63,Andy Robertson
liverpool,SHORT_INDIRECT_FREE_KICKS,CURRENT_MANAGER_REGIME,mgr:328a5fafed26,FTX-03M5I,3,2,0,2026-04-19,2026-05-03,0.047619047619047616,3,63,Freddie Woodman
liverpool,SHORT_INDIRECT_FREE_KICKS,CURRENT_MANAGER_REGIME,mgr:328a5fafed26,FTX-03VLJ,18,17,0,2025-08-25,2026-05-15,0.2857142857142857,1,63,Virgil van Dijk
liverpool,SHORT_INDIRECT_FREE_KICKS,CURRENT_MANAGER_REGIME,mgr:328a5fafed26,FTX-04O82,1,1,0,2026-03-21,2026-03-21,0.015873015873015872,5,63,Curtis Jones
liverpool,SHORT_INDIRECT_FREE_KICKS,CURRENT_MANAGER_REGIME,mgr:328a5fafed26,FTX-04SJT,15,12,0,2025-08-15,2026-03-15,0.23809523809523808,2,63,Alisson Becker
liverpool,SHORT_INDIRECT_FREE_KICKS,CURRENT_MANAGER_REGIME,mgr:328a5fafed26,FTX-0522H,1,1,0,2026-02-11,2026-02-11,0.015873015873015872,5,63,Alexis Mac Allister
liverpool,SHORT_INDIRECT_FREE_KICKS,CURRENT_MANAGER_REGIME,mgr:328a5fafed26,FTX-05U7F,15,12,0,2025-09-14,2026-05-09,0.23809523809523808,2,63,Ibrahima Konaté
liverpool,SHORT_INDIRECT_FREE_KICKS,CURRENT_MANAGER_REGIME,mgr:328a5fafed26,FTX-05UHJ,1,1,0,2025-10-04,2025-10-04,0.015873015873015872,5,63,Conor Bradley
liverpool,SHORT_INDIRECT_FREE_KICKS,CURRENT_MANAGER_REGIME,mgr:328a5fafed26,FTX-06CMM,2,2,0,2025-10-25,2026-01-01,0.031746031746031744,4,63,Dominik Szoboszlai
liverpool,SHORT_INDIRECT_FREE_KICKS,CURRENT_MANAGER_REGIME,mgr:328a5fafed26,FTX-06DO9,2,2,0,2025-09-14,2025-12-20,0.031746031746031744,4,63,Milos Kerkez
liverpool,SHORT_INDIRECT_FREE_KICKS,CURRENT_MANAGER_REGIME,mgr:328a5fafed26,FTX-06XZG,3,3,0,2025-10-04,2026-03-21,0.047619047619047616,3,63,Giorgi Mamardashvili
liverpool,SHORT_INDIRECT_FREE_KICKS,LAST_10,,FTX-03GU5,2,2,0,2026-04-19,2026-04-25,0.1,3,20,Andy Robertson
liverpool,SHORT_INDIRECT_FREE_KICKS,LAST_10,,FTX-03M5I,3,2,0,2026-04-19,2026-05-03,0.15,2,20,Freddie Woodman
liverpool,SHORT_INDIRECT_FREE_KICKS,LAST_10,,FTX-03VLJ,6,5,0,2026-04-11,2026-05-15,0.3,1,20,Virgil van Dijk
liverpool,SHORT_INDIRECT_FREE_KICKS,LAST_10,,FTX-04O82,1,1,0,2026-03-21,2026-03-21,0.05,4,20,Curtis Jones
liverpool,SHORT_INDIRECT_FREE_KICKS,LAST_10,,FTX-04SJT,1,1,0,2026-03-15,2026-03-15,0.05,4,20,Alisson Becker
liverpool,SHORT_INDIRECT_FREE_KICKS,LAST_10,,FTX-05U7F,6,4,0,2026-03-03,2026-05-09,0.3,1,20,Ibrahima Konaté
liverpool,SHORT_INDIRECT_FREE_KICKS,LAST_10,,FTX-06XZG,1,1,0,2026-03-21,2026-03-21,0.05,4,20,Giorgi Mamardashvili
liverpool,SHORT_INDIRECT_FREE_KICKS,LAST_5,,FTX-03GU5,1,1,0,2026-04-25,2026-04-25,0.1,4,10,Andy Robertson
liverpool,SHORT_INDIRECT_FREE_KICKS,LAST_5,,FTX-03M5I,2,1,0,2026-05-03,2026-05-03,0.2,3,10,Freddie Woodman
liverpool,SHORT_INDIRECT_FREE_KICKS,LAST_5,,FTX-03VLJ,3,3,0,2026-04-25,2026-05-15,0.3,2,10,Virgil van Dijk
liverpool,SHORT_INDIRECT_FREE_KICKS,LAST_5,,FTX-05U7F,4,2,0,2026-04-25,2026-05-09,0.4,1,10,Ibrahima Konaté
liverpool,SHORT_INDIRECT_FREE_KICKS,SEASON,,FTX-03GU5,2,2,0,2026-04-19,2026-04-25,0.031746031746031744,4,63,Andy Robertson
liverpool,SHORT_INDIRECT_FREE_KICKS,SEASON,,FTX-03M5I,3,2,0,2026-04-19,2026-05-03,0.047619047619047616,3,63,Freddie Woodman
liverpool,SHORT_INDIRECT_FREE_KICKS,SEASON,,FTX-03VLJ,18,17,0,2025-08-25,2026-05-15,0.2857142857142857,1,63,Virgil van Dijk
liverpool,SHORT_INDIRECT_FREE_KICKS,SEASON,,FTX-04O82,1,1,0,2026-03-21,2026-03-21,0.015873015873015872,5,63,Curtis Jones
liverpool,SHORT_INDIRECT_FREE_KICKS,SEASON,,FTX-04SJT,15,12,0,2025-08-15,2026-03-15,0.23809523809523808,2,63,Alisson Becker
liverpool,SHORT_INDIRECT_FREE_KICKS,SEASON,,FTX-0522H,1,1,0,2026-02-11,2026-02-11,0.015873015873015872,5,63,Alexis Mac Allister
liverpool,SHORT_INDIRECT_FREE_KICKS,SEASON,,FTX-05U7F,15,12,0,2025-09-14,2026-05-09,0.23809523809523808,2,63,Ibrahima Konaté
liverpool,SHORT_INDIRECT_FREE_KICKS,SEASON,,FTX-05UHJ,1,1,0,2025-10-04,2025-10-04,0.015873015873015872,5,63,Conor Bradley
liverpool,SHORT_INDIRECT_FREE_KICKS,SEASON,,FTX-06CMM,2,2,0,2025-10-25,2026-01-01,0.031746031746031744,4,63,Dominik Szoboszlai
liverpool,SHORT_INDIRECT_FREE_KICKS,SEASON,,FTX-06DO9,2,2,0,2025-09-14,2025-12-20,0.031746031746031744,4,63,Milos Kerkez
liverpool,SHORT_INDIRECT_FREE_KICKS,SEASON,,FTX-06XZG,3,3,0,2025-10-04,2026-03-21,0.047619047619047616,3,63,Giorgi Mamardashvili
manchester_city,ALL_CORNERS,CURRENT_MANAGER_REGIME,mgr:26dfbbc164aa,FTX-04ABB,92,27,0,2025-08-23,2026-05-24,0.3770491803278688,1,244,Phil Foden
manchester_city,ALL_CORNERS,CURRENT_MANAGER_REGIME,mgr:26dfbbc164aa,FTX-04FK6,47,16,0,2025-08-16,2026-05-19,0.19262295081967212,3,244,Bernardo Silva
manchester_city,ALL_CORNERS,CURRENT_MANAGER_REGIME,mgr:26dfbbc164aa,FTX-050JQ,1,1,0,2026-05-13,2026-05-13,0.004098360655737705,8,244,Marc Guéhi
manchester_city,ALL_CORNERS,CURRENT_MANAGER_REGIME,mgr:26dfbbc164aa,FTX-05OS4,7,4,0,2026-03-04,2026-05-13,0.028688524590163935,6,244,Rayan Aït-Nouri
manchester_city,ALL_CORNERS,CURRENT_MANAGER_REGIME,mgr:26dfbbc164aa,FTX-063ZI,1,1,0,2026-03-04,2026-03-04,0.004098360655737705,8,244,Matheus Nunes
manchester_city,ALL_CORNERS,CURRENT_MANAGER_REGIME,mgr:26dfbbc164aa,FTX-06FUP,1,1,0,2026-01-17,2026-01-17,0.004098360655737705,8,244,Jérémy Doku
manchester_city,ALL_CORNERS,CURRENT_MANAGER_REGIME,mgr:26dfbbc164aa,FTX-06MVZ,4,3,0,2025-12-06,2026-05-13,0.01639344262295082,7,244,Savinho
manchester_city,ALL_CORNERS,CURRENT_MANAGER_REGIME,mgr:26dfbbc164aa,FTX-06RF9,8,3,0,2026-02-08,2026-03-14,0.03278688524590164,5,244,Omar Marmoush
manchester_city,ALL_CORNERS,CURRENT_MANAGER_REGIME,mgr:26dfbbc164aa,FTX-06V06,28,12,0,2025-08-23,2026-05-24,0.11475409836065574,4,244,Tijjani Reijnders
manchester_city,ALL_CORNERS,CURRENT_MANAGER_REGIME,mgr:26dfbbc164aa,FTX-06V07,55,21,0,2025-08-23,2026-05-24,0.22540983606557377,2,244,Rayan Cherki
manchester_city,ALL_CORNERS,LAST_10,,FTX-04ABB,14,6,0,2026-03-14,2026-05-24,0.14736842105263157,3,95,Phil Foden
manchester_city,ALL_CORNERS,LAST_10,,FTX-04FK6,32,9,0,2026-03-04,2026-05-19,0.3368421052631579,1,95,Bernardo Silva
manchester_city,ALL_CORNERS,LAST_10,,FTX-050JQ,1,1,0,2026-05-13,2026-05-13,0.010526315789473684,8,95,Marc Guéhi
manchester_city,ALL_CORNERS,LAST_10,,FTX-05OS4,7,4,0,2026-03-04,2026-05-13,0.07368421052631578,5,95,Rayan Aït-Nouri
manchester_city,ALL_CORNERS,LAST_10,,FTX-063ZI,1,1,0,2026-03-04,2026-03-04,0.010526315789473684,8,95,Matheus Nunes
manchester_city,ALL_CORNERS,LAST_10,,FTX-06MVZ,3,2,0,2026-04-22,2026-05-13,0.031578947368421054,7,95,Savinho
manchester_city,ALL_CORNERS,LAST_10,,FTX-06RF9,5,1,0,2026-03-14,2026-03-14,0.05263157894736842,6,95,Omar Marmoush
manchester_city,ALL_CORNERS,LAST_10,,FTX-06V06,9,2,0,2026-03-14,2026-05-24,0.09473684210526316,4,95,Tijjani Reijnders
manchester_city,ALL_CORNERS,LAST_10,,FTX-06V07,23,8,0,2026-03-04,2026-05-24,0.24210526315789474,2,95,Rayan Cherki
manchester_city,ALL_CORNERS,LAST_5,,FTX-04ABB,11,4,0,2026-05-04,2026-05-24,0.2558139534883721,2,43,Phil Foden
manchester_city,ALL_CORNERS,LAST_5,,FTX-04FK6,15,4,0,2026-05-04,2026-05-19,0.3488372093023256,1,43,Bernardo Silva
manchester_city,ALL_CORNERS,LAST_5,,FTX-050JQ,1,1,0,2026-05-13,2026-05-13,0.023255813953488372,6,43,Marc Guéhi
manchester_city,ALL_CORNERS,LAST_5,,FTX-05OS4,2,1,0,2026-05-13,2026-05-13,0.046511627906976744,5,43,Rayan Aït-Nouri
manchester_city,ALL_CORNERS,LAST_5,,FTX-06MVZ,1,1,0,2026-05-13,2026-05-13,0.023255813953488372,6,43,Savinho
manchester_city,ALL_CORNERS,LAST_5,,FTX-06V06,5,1,0,2026-05-24,2026-05-24,0.11627906976744186,4,43,Tijjani Reijnders
manchester_city,ALL_CORNERS,LAST_5,,FTX-06V07,8,3,0,2026-05-04,2026-05-24,0.18604651162790697,3,43,Rayan Cherki
manchester_city,ALL_CORNERS,SEASON,,FTX-04ABB,92,27,0,2025-08-23,2026-05-24,0.3770491803278688,1,244,Phil Foden
manchester_city,ALL_CORNERS,SEASON,,FTX-04FK6,47,16,0,2025-08-16,2026-05-19,0.19262295081967212,3,244,Bernardo Silva
manchester_city,ALL_CORNERS,SEASON,,FTX-050JQ,1,1,0,2026-05-13,2026-05-13,0.004098360655737705,8,244,Marc Guéhi
manchester_city,ALL_CORNERS,SEASON,,FTX-05OS4,7,4,0,2026-03-04,2026-05-13,0.028688524590163935,6,244,Rayan Aït-Nouri
manchester_city,ALL_CORNERS,SEASON,,FTX-063ZI,1,1,0,2026-03-04,2026-03-04,0.004098360655737705,8,244,Matheus Nunes
manchester_city,ALL_CORNERS,SEASON,,FTX-06FUP,1,1,0,2026-01-17,2026-01-17,0.004098360655737705,8,244,Jérémy Doku
manchester_city,ALL_CORNERS,SEASON,,FTX-06MVZ,4,3,0,2025-12-06,2026-05-13,0.01639344262295082,7,244,Savinho
manchester_city,ALL_CORNERS,SEASON,,FTX-06RF9,8,3,0,2026-02-08,2026-03-14,0.03278688524590164,5,244,Omar Marmoush
manchester_city,ALL_CORNERS,SEASON,,FTX-06V06,28,12,0,2025-08-23,2026-05-24,0.11475409836065574,4,244,Tijjani Reijnders
manchester_city,ALL_CORNERS,SEASON,,FTX-06V07,55,21,0,2025-08-23,2026-05-24,0.22540983606557377,2,244,Rayan Cherki
manchester_city,DIRECT_FREE_KICKS,CURRENT_MANAGER_REGIME,mgr:26dfbbc164aa,FTX-04ABB,2,2,0,2025-11-09,2025-12-14,0.15384615384615385,3,13,Phil Foden
manchester_city,DIRECT_FREE_KICKS,CURRENT_MANAGER_REGIME,mgr:26dfbbc164aa,FTX-068Y0,1,1,0,2026-03-04,2026-03-04,0.07692307692307693,4,13,Antoine Semenyo
manchester_city,DIRECT_FREE_KICKS,CURRENT_MANAGER_REGIME,mgr:26dfbbc164aa,FTX-06RF9,3,3,0,2025-08-16,2026-05-19,0.23076923076923078,2,13,Omar Marmoush
manchester_city,DIRECT_FREE_KICKS,CURRENT_MANAGER_REGIME,mgr:26dfbbc164aa,FTX-06V06,3,3,0,2025-11-29,2026-05-24,0.23076923076923078,2,13,Tijjani Reijnders
manchester_city,DIRECT_FREE_KICKS,CURRENT_MANAGER_REGIME,mgr:26dfbbc164aa,FTX-06V07,4,4,0,2025-11-02,2026-05-09,0.3076923076923077,1,13,Rayan Cherki
manchester_city,DIRECT_FREE_KICKS,LAST_10,,FTX-068Y0,1,1,0,2026-03-04,2026-03-04,0.14285714285714285,2,7,Antoine Semenyo
manchester_city,DIRECT_FREE_KICKS,LAST_10,,FTX-06RF9,2,2,0,2026-03-14,2026-05-19,0.2857142857142857,1,7,Omar Marmoush
manchester_city,DIRECT_FREE_KICKS,LAST_10,,FTX-06V06,2,2,0,2026-03-14,2026-05-24,0.2857142857142857,1,7,Tijjani Reijnders
manchester_city,DIRECT_FREE_KICKS,LAST_10,,FTX-06V07,2,2,0,2026-05-04,2026-05-09,0.2857142857142857,1,7,Rayan Cherki
manchester_city,DIRECT_FREE_KICKS,LAST_5,,FTX-06RF9,1,1,0,2026-05-19,2026-05-19,0.25,2,4,Omar Marmoush
manchester_city,DIRECT_FREE_KICKS,LAST_5,,FTX-06V06,1,1,0,2026-05-24,2026-05-24,0.25,2,4,Tijjani Reijnders
manchester_city,DIRECT_FREE_KICKS,LAST_5,,FTX-06V07,2,2,0,2026-05-04,2026-05-09,0.5,1,4,Rayan Cherki
manchester_city,DIRECT_FREE_KICKS,SEASON,,FTX-04ABB,2,2,0,2025-11-09,2025-12-14,0.15384615384615385,3,13,Phil Foden
manchester_city,DIRECT_FREE_KICKS,SEASON,,FTX-068Y0,1,1,0,2026-03-04,2026-03-04,0.07692307692307693,4,13,Antoine Semenyo
manchester_city,DIRECT_FREE_KICKS,SEASON,,FTX-06RF9,3,3,0,2025-08-16,2026-05-19,0.23076923076923078,2,13,Omar Marmoush
manchester_city,DIRECT_FREE_KICKS,SEASON,,FTX-06V06,3,3,0,2025-11-29,2026-05-24,0.23076923076923078,2,13,Tijjani Reijnders
manchester_city,DIRECT_FREE_KICKS,SEASON,,FTX-06V07,4,4,0,2025-11-02,2026-05-09,0.3076923076923077,1,13,Rayan Cherki
manchester_city,PENALTIES,CURRENT_MANAGER_REGIME,mgr:26dfbbc164aa,FTX-061VQ,4,4,3,2025-11-09,2026-02-08,1.0,1,4,Erling Haaland
manchester_city,PENALTIES,SEASON,,FTX-061VQ,4,4,3,2025-11-09,2026-02-08,1.0,1,4,Erling Haaland
manchester_city,SET_PIECE_CROSSES,CURRENT_MANAGER_REGIME,mgr:26dfbbc164aa,FTX-04ABB,96,27,0,2025-08-23,2026-05-24,0.42290748898678415,1,227,Phil Foden
manchester_city,SET_PIECE_CROSSES,CURRENT_MANAGER_REGIME,mgr:26dfbbc164aa,FTX-04FK6,38,17,0,2025-08-16,2026-05-19,0.16740088105726872,3,227,Bernardo Silva
manchester_city,SET_PIECE_CROSSES,CURRENT_MANAGER_REGIME,mgr:26dfbbc164aa,FTX-05OS4,6,4,0,2026-03-04,2026-05-13,0.02643171806167401,6,227,Rayan Aït-Nouri
manchester_city,SET_PIECE_CROSSES,CURRENT_MANAGER_REGIME,mgr:26dfbbc164aa,FTX-06FUP,1,1,0,2026-01-17,2026-01-17,0.004405286343612335,8,227,Jérémy Doku
manchester_city,SET_PIECE_CROSSES,CURRENT_MANAGER_REGIME,mgr:26dfbbc164aa,FTX-06MVZ,2,2,0,2025-12-06,2026-04-22,0.00881057268722467,7,227,Savinho
manchester_city,SET_PIECE_CROSSES,CURRENT_MANAGER_REGIME,mgr:26dfbbc164aa,FTX-06RF9,7,3,0,2026-02-08,2026-03-14,0.030837004405286344,5,227,Omar Marmoush
manchester_city,SET_PIECE_CROSSES,CURRENT_MANAGER_REGIME,mgr:26dfbbc164aa,FTX-06V06,27,11,0,2025-08-23,2026-05-24,0.11894273127753303,4,227,Tijjani Reijnders
manchester_city,SET_PIECE_CROSSES,CURRENT_MANAGER_REGIME,mgr:26dfbbc164aa,FTX-06V07,50,19,0,2025-08-23,2026-05-19,0.22026431718061673,2,227,Rayan Cherki
manchester_city,SET_PIECE_CROSSES,LAST_10,,FTX-04ABB,16,6,0,2026-03-14,2026-05-24,0.2191780821917808,2,73,Phil Foden
manchester_city,SET_PIECE_CROSSES,LAST_10,,FTX-04FK6,23,9,0,2026-03-04,2026-05-19,0.3150684931506849,1,73,Bernardo Silva
manchester_city,SET_PIECE_CROSSES,LAST_10,,FTX-05OS4,6,4,0,2026-03-04,2026-05-13,0.0821917808219178,5,73,Rayan Aït-Nouri
manchester_city,SET_PIECE_CROSSES,LAST_10,,FTX-06MVZ,1,1,0,2026-04-22,2026-04-22,0.0136986301369863,7,73,Savinho
manchester_city,SET_PIECE_CROSSES,LAST_10,,FTX-06RF9,5,1,0,2026-03-14,2026-03-14,0.0684931506849315,6,73,Omar Marmoush
manchester_city,SET_PIECE_CROSSES,LAST_10,,FTX-06V06,8,2,0,2026-03-14,2026-05-24,0.1095890410958904,4,73,Tijjani Reijnders
manchester_city,SET_PIECE_CROSSES,LAST_10,,FTX-06V07,14,6,0,2026-03-04,2026-05-19,0.1917808219178082,3,73,Rayan Cherki
manchester_city,SET_PIECE_CROSSES,LAST_5,,FTX-04ABB,13,4,0,2026-05-04,2026-05-24,0.3939393939393939,1,33,Phil Foden
manchester_city,SET_PIECE_CROSSES,LAST_5,,FTX-04FK6,10,4,0,2026-05-04,2026-05-19,0.30303030303030304,2,33,Bernardo Silva
manchester_city,SET_PIECE_CROSSES,LAST_5,,FTX-05OS4,1,1,0,2026-05-13,2026-05-13,0.030303030303030304,5,33,Rayan Aït-Nouri
manchester_city,SET_PIECE_CROSSES,LAST_5,,FTX-06V06,4,1,0,2026-05-24,2026-05-24,0.12121212121212122,4,33,Tijjani Reijnders
manchester_city,SET_PIECE_CROSSES,LAST_5,,FTX-06V07,5,2,0,2026-05-04,2026-05-19,0.15151515151515152,3,33,Rayan Cherki
manchester_city,SET_PIECE_CROSSES,SEASON,,FTX-04ABB,96,27,0,2025-08-23,2026-05-24,0.42290748898678415,1,227,Phil Foden
manchester_city,SET_PIECE_CROSSES,SEASON,,FTX-04FK6,38,17,0,2025-08-16,2026-05-19,0.16740088105726872,3,227,Bernardo Silva
manchester_city,SET_PIECE_CROSSES,SEASON,,FTX-05OS4,6,4,0,2026-03-04,2026-05-13,0.02643171806167401,6,227,Rayan Aït-Nouri
manchester_city,SET_PIECE_CROSSES,SEASON,,FTX-06FUP,1,1,0,2026-01-17,2026-01-17,0.004405286343612335,8,227,Jérémy Doku
manchester_city,SET_PIECE_CROSSES,SEASON,,FTX-06MVZ,2,2,0,2025-12-06,2026-04-22,0.00881057268722467,7,227,Savinho
manchester_city,SET_PIECE_CROSSES,SEASON,,FTX-06RF9,7,3,0,2026-02-08,2026-03-14,0.030837004405286344,5,227,Omar Marmoush
manchester_city,SET_PIECE_CROSSES,SEASON,,FTX-06V06,27,11,0,2025-08-23,2026-05-24,0.11894273127753303,4,227,Tijjani Reijnders
manchester_city,SET_PIECE_CROSSES,SEASON,,FTX-06V07,50,19,0,2025-08-23,2026-05-19,0.22026431718061673,2,227,Rayan Cherki
manchester_city,SET_PIECE_KEY_PASSES,CURRENT_MANAGER_REGIME,mgr:26dfbbc164aa,FTX-04ABB,19,15,0,2025-08-23,2026-05-24,0.3584905660377358,1,53,Phil Foden
manchester_city,SET_PIECE_KEY_PASSES,CURRENT_MANAGER_REGIME,mgr:26dfbbc164aa,FTX-04FK6,12,10,0,2025-08-16,2026-05-19,0.22641509433962265,2,53,Bernardo Silva
manchester_city,SET_PIECE_KEY_PASSES,CURRENT_MANAGER_REGIME,mgr:26dfbbc164aa,FTX-050JQ,1,1,0,2026-03-14,2026-03-14,0.018867924528301886,6,53,Marc Guéhi
manchester_city,SET_PIECE_KEY_PASSES,CURRENT_MANAGER_REGIME,mgr:26dfbbc164aa,FTX-0524K,1,1,0,2026-02-28,2026-02-28,0.018867924528301886,6,53,Rodri
manchester_city,SET_PIECE_KEY_PASSES,CURRENT_MANAGER_REGIME,mgr:26dfbbc164aa,FTX-05OS4,2,2,0,2026-03-04,2026-04-22,0.03773584905660377,5,53,Rayan Aït-Nouri
manchester_city,SET_PIECE_KEY_PASSES,CURRENT_MANAGER_REGIME,mgr:26dfbbc164aa,FTX-067X8,1,1,0,2026-02-01,2026-02-01,0.018867924528301886,6,53,Nico O'Reilly
manchester_city,SET_PIECE_KEY_PASSES,CURRENT_MANAGER_REGIME,mgr:26dfbbc164aa,FTX-068Y0,1,1,0,2026-05-24,2026-05-24,0.018867924528301886,6,53,Antoine Semenyo
manchester_city,SET_PIECE_KEY_PASSES,CURRENT_MANAGER_REGIME,mgr:26dfbbc164aa,FTX-06EX4,1,1,0,2025-12-27,2025-12-27,0.018867924528301886,6,53,Josko Gvardiol
manchester_city,SET_PIECE_KEY_PASSES,CURRENT_MANAGER_REGIME,mgr:26dfbbc164aa,FTX-06MVZ,1,1,0,2025-12-06,2025-12-06,0.018867924528301886,6,53,Savinho
manchester_city,SET_PIECE_KEY_PASSES,CURRENT_MANAGER_REGIME,mgr:26dfbbc164aa,FTX-06V06,4,4,0,2025-08-31,2026-03-14,0.07547169811320754,4,53,Tijjani Reijnders
manchester_city,SET_PIECE_KEY_PASSES,CURRENT_MANAGER_REGIME,mgr:26dfbbc164aa,FTX-06V07,10,9,0,2025-10-18,2026-04-19,0.18867924528301888,3,53,Rayan Cherki
manchester_city,SET_PIECE_KEY_PASSES,LAST_10,,FTX-04ABB,3,3,0,2026-04-12,2026-05-24,0.17647058823529413,3,17,Phil Foden
manchester_city,SET_PIECE_KEY_PASSES,LAST_10,,FTX-04FK6,5,4,0,2026-03-04,2026-05-19,0.29411764705882354,1,17,Bernardo Silva
manchester_city,SET_PIECE_KEY_PASSES,LAST_10,,FTX-050JQ,1,1,0,2026-03-14,2026-03-14,0.058823529411764705,5,17,Marc Guéhi
manchester_city,SET_PIECE_KEY_PASSES,LAST_10,,FTX-05OS4,2,2,0,2026-03-04,2026-04-22,0.11764705882352941,4,17,Rayan Aït-Nouri
manchester_city,SET_PIECE_KEY_PASSES,LAST_10,,FTX-068Y0,1,1,0,2026-05-24,2026-05-24,0.058823529411764705,5,17,Antoine Semenyo
manchester_city,SET_PIECE_KEY_PASSES,LAST_10,,FTX-06V06,1,1,0,2026-03-14,2026-03-14,0.058823529411764705,5,17,Tijjani Reijnders
manchester_city,SET_PIECE_KEY_PASSES,LAST_10,,FTX-06V07,4,4,0,2026-03-04,2026-04-19,0.23529411764705882,2,17,Rayan Cherki
manchester_city,SET_PIECE_KEY_PASSES,LAST_5,,FTX-04ABB,2,2,0,2026-05-13,2026-05-24,0.4,1,5,Phil Foden
manchester_city,SET_PIECE_KEY_PASSES,LAST_5,,FTX-04FK6,2,2,0,2026-05-04,2026-05-19,0.4,1,5,Bernardo Silva
manchester_city,SET_PIECE_KEY_PASSES,LAST_5,,FTX-068Y0,1,1,0,2026-05-24,2026-05-24,0.2,2,5,Antoine Semenyo
manchester_city,SET_PIECE_KEY_PASSES,SEASON,,FTX-04ABB,19,15,0,2025-08-23,2026-05-24,0.3584905660377358,1,53,Phil Foden
manchester_city,SET_PIECE_KEY_PASSES,SEASON,,FTX-04FK6,12,10,0,2025-08-16,2026-05-19,0.22641509433962265,2,53,Bernardo Silva
manchester_city,SET_PIECE_KEY_PASSES,SEASON,,FTX-050JQ,1,1,0,2026-03-14,2026-03-14,0.018867924528301886,6,53,Marc Guéhi
manchester_city,SET_PIECE_KEY_PASSES,SEASON,,FTX-0524K,1,1,0,2026-02-28,2026-02-28,0.018867924528301886,6,53,Rodri
manchester_city,SET_PIECE_KEY_PASSES,SEASON,,FTX-05OS4,2,2,0,2026-03-04,2026-04-22,0.03773584905660377,5,53,Rayan Aït-Nouri
manchester_city,SET_PIECE_KEY_PASSES,SEASON,,FTX-067X8,1,1,0,2026-02-01,2026-02-01,0.018867924528301886,6,53,Nico O'Reilly
manchester_city,SET_PIECE_KEY_PASSES,SEASON,,FTX-068Y0,1,1,0,2026-05-24,2026-05-24,0.018867924528301886,6,53,Antoine Semenyo
manchester_city,SET_PIECE_KEY_PASSES,SEASON,,FTX-06EX4,1,1,0,2025-12-27,2025-12-27,0.018867924528301886,6,53,Josko Gvardiol
manchester_city,SET_PIECE_KEY_PASSES,SEASON,,FTX-06MVZ,1,1,0,2025-12-06,2025-12-06,0.018867924528301886,6,53,Savinho
manchester_city,SET_PIECE_KEY_PASSES,SEASON,,FTX-06V06,4,4,0,2025-08-31,2026-03-14,0.07547169811320754,4,53,Tijjani Reijnders
manchester_city,SET_PIECE_KEY_PASSES,SEASON,,FTX-06V07,10,9,0,2025-10-18,2026-04-19,0.18867924528301888,3,53,Rayan Cherki
manchester_city,SHORT_INDIRECT_FREE_KICKS,CURRENT_MANAGER_REGIME,mgr:26dfbbc164aa,FTX-02Y6O,2,1,0,2026-01-17,2026-01-17,0.01818181818181818,10,110,Nathan Aké
manchester_city,SHORT_INDIRECT_FREE_KICKS,CURRENT_MANAGER_REGIME,mgr:26dfbbc164aa,FTX-04ABB,1,1,0,2026-05-13,2026-05-13,0.00909090909090909,11,110,Phil Foden
manchester_city,SHORT_INDIRECT_FREE_KICKS,CURRENT_MANAGER_REGIME,mgr:26dfbbc164aa,FTX-04FK6,10,9,0,2025-11-02,2026-05-13,0.09090909090909091,4,110,Bernardo Silva
manchester_city,SHORT_INDIRECT_FREE_KICKS,CURRENT_MANAGER_REGIME,mgr:26dfbbc164aa,FTX-050JQ,7,7,0,2026-01-24,2026-04-19,0.06363636363636363,7,110,Marc Guéhi
manchester_city,SHORT_INDIRECT_FREE_KICKS,CURRENT_MANAGER_REGIME,mgr:26dfbbc164aa,FTX-0524K,8,7,0,2025-08-31,2026-02-28,0.07272727272727272,6,110,Rodri
manchester_city,SHORT_INDIRECT_FREE_KICKS,CURRENT_MANAGER_REGIME,mgr:26dfbbc164aa,FTX-05OMU,9,7,0,2025-08-16,2026-02-21,0.08181818181818182,5,110,Rúben Dias
manchester_city,SHORT_INDIRECT_FREE_KICKS,CURRENT_MANAGER_REGIME,mgr:26dfbbc164aa,FTX-05OS4,2,2,0,2026-04-22,2026-05-13,0.01818181818181818,10,110,Rayan Aït-Nouri
manchester_city,SHORT_INDIRECT_FREE_KICKS,CURRENT_MANAGER_REGIME,mgr:26dfbbc164aa,FTX-05OZ3,2,1,0,2025-08-16,2025-08-16,0.01818181818181818,10,110,James Trafford
manchester_city,SHORT_INDIRECT_FREE_KICKS,CURRENT_MANAGER_REGIME,mgr:26dfbbc164aa,FTX-063ZI,11,9,0,2025-12-06,2026-04-12,0.1,3,110,Matheus Nunes
manchester_city,SHORT_INDIRECT_FREE_KICKS,CURRENT_MANAGER_REGIME,mgr:26dfbbc164aa,FTX-067X6,1,1,0,2026-01-17,2026-01-17,0.00909090909090909,11,110,Max Alleyne
manchester_city,SHORT_INDIRECT_FREE_KICKS,CURRENT_MANAGER_REGIME,mgr:26dfbbc164aa,FTX-067X8,5,4,0,2025-11-22,2026-05-09,0.045454545454545456,8,110,Nico O'Reilly
manchester_city,SHORT_INDIRECT_FREE_KICKS,CURRENT_MANAGER_REGIME,mgr:26dfbbc164aa,FTX-06EX4,4,4,0,2025-10-05,2025-11-29,0.03636363636363636,9,110,Josko Gvardiol
manchester_city,SHORT_INDIRECT_FREE_KICKS,CURRENT_MANAGER_REGIME,mgr:26dfbbc164aa,FTX-06FUP,1,1,0,2026-03-14,2026-03-14,0.00909090909090909,11,110,Jérémy Doku
manchester_city,SHORT_INDIRECT_FREE_KICKS,CURRENT_MANAGER_REGIME,mgr:26dfbbc164aa,FTX-06R9W,5,5,0,2026-01-17,2026-04-19,0.045454545454545456,8,110,Abdukodir Khusanov
manchester_city,SHORT_INDIRECT_FREE_KICKS,CURRENT_MANAGER_REGIME,mgr:26dfbbc164aa,FTX-06RM7,13,11,0,2025-08-16,2026-05-24,0.11818181818181818,2,110,Nico González
manchester_city,SHORT_INDIRECT_FREE_KICKS,CURRENT_MANAGER_REGIME,mgr:26dfbbc164aa,FTX-06V06,1,1,0,2025-10-26,2025-10-26,0.00909090909090909,11,110,Tijjani Reijnders
manchester_city,SHORT_INDIRECT_FREE_KICKS,CURRENT_MANAGER_REGIME,mgr:26dfbbc164aa,FTX-06V07,1,1,0,2025-12-06,2025-12-06,0.00909090909090909,11,110,Rayan Cherki
manchester_city,SHORT_INDIRECT_FREE_KICKS,CURRENT_MANAGER_REGIME,mgr:26dfbbc164aa,FTX-070HS,27,17,0,2025-09-14,2026-05-13,0.24545454545454545,1,110,Gianluigi Donnarumma
manchester_city,SHORT_INDIRECT_FREE_KICKS,LAST_10,,FTX-04ABB,1,1,0,2026-05-13,2026-05-13,0.03225806451612903,5,31,Phil Foden
manchester_city,SHORT_INDIRECT_FREE_KICKS,LAST_10,,FTX-04FK6,6,5,0,2026-04-19,2026-05-13,0.1935483870967742,2,31,Bernardo Silva
manchester_city,SHORT_INDIRECT_FREE_KICKS,LAST_10,,FTX-050JQ,3,3,0,2026-03-14,2026-04-19,0.0967741935483871,3,31,Marc Guéhi
manchester_city,SHORT_INDIRECT_FREE_KICKS,LAST_10,,FTX-05OS4,2,2,0,2026-04-22,2026-05-13,0.06451612903225806,4,31,Rayan Aït-Nouri
manchester_city,SHORT_INDIRECT_FREE_KICKS,LAST_10,,FTX-063ZI,3,3,0,2026-03-04,2026-04-12,0.0967741935483871,3,31,Matheus Nunes
manchester_city,SHORT_INDIRECT_FREE_KICKS,LAST_10,,FTX-067X8,3,2,0,2026-04-12,2026-05-09,0.0967741935483871,3,31,Nico O'Reilly
manchester_city,SHORT_INDIRECT_FREE_KICKS,LAST_10,,FTX-06FUP,1,1,0,2026-03-14,2026-03-14,0.03225806451612903,5,31,Jérémy Doku
manchester_city,SHORT_INDIRECT_FREE_KICKS,LAST_10,,FTX-06R9W,2,2,0,2026-04-12,2026-04-19,0.06451612903225806,4,31,Abdukodir Khusanov
manchester_city,SHORT_INDIRECT_FREE_KICKS,LAST_10,,FTX-06RM7,2,2,0,2026-05-04,2026-05-24,0.06451612903225806,4,31,Nico González
manchester_city,SHORT_INDIRECT_FREE_KICKS,LAST_10,,FTX-070HS,8,6,0,2026-03-04,2026-05-13,0.25806451612903225,1,31,Gianluigi Donnarumma
manchester_city,SHORT_INDIRECT_FREE_KICKS,LAST_5,,FTX-04ABB,1,1,0,2026-05-13,2026-05-13,0.09090909090909091,3,11,Phil Foden
manchester_city,SHORT_INDIRECT_FREE_KICKS,LAST_5,,FTX-04FK6,4,3,0,2026-05-04,2026-05-13,0.36363636363636365,1,11,Bernardo Silva
manchester_city,SHORT_INDIRECT_FREE_KICKS,LAST_5,,FTX-05OS4,1,1,0,2026-05-13,2026-05-13,0.09090909090909091,3,11,Rayan Aït-Nouri
manchester_city,SHORT_INDIRECT_FREE_KICKS,LAST_5,,FTX-067X8,1,1,0,2026-05-09,2026-05-09,0.09090909090909091,3,11,Nico O'Reilly
manchester_city,SHORT_INDIRECT_FREE_KICKS,LAST_5,,FTX-06RM7,2,2,0,2026-05-04,2026-05-24,0.18181818181818182,2,11,Nico González
manchester_city,SHORT_INDIRECT_FREE_KICKS,LAST_5,,FTX-070HS,2,2,0,2026-05-04,2026-05-13,0.18181818181818182,2,11,Gianluigi Donnarumma
manchester_city,SHORT_INDIRECT_FREE_KICKS,SEASON,,FTX-02Y6O,2,1,0,2026-01-17,2026-01-17,0.01818181818181818,10,110,Nathan Aké
manchester_city,SHORT_INDIRECT_FREE_KICKS,SEASON,,FTX-04ABB,1,1,0,2026-05-13,2026-05-13,0.00909090909090909,11,110,Phil Foden
manchester_city,SHORT_INDIRECT_FREE_KICKS,SEASON,,FTX-04FK6,10,9,0,2025-11-02,2026-05-13,0.09090909090909091,4,110,Bernardo Silva
manchester_city,SHORT_INDIRECT_FREE_KICKS,SEASON,,FTX-050JQ,7,7,0,2026-01-24,2026-04-19,0.06363636363636363,7,110,Marc Guéhi
manchester_city,SHORT_INDIRECT_FREE_KICKS,SEASON,,FTX-0524K,8,7,0,2025-08-31,2026-02-28,0.07272727272727272,6,110,Rodri
manchester_city,SHORT_INDIRECT_FREE_KICKS,SEASON,,FTX-05OMU,9,7,0,2025-08-16,2026-02-21,0.08181818181818182,5,110,Rúben Dias
manchester_city,SHORT_INDIRECT_FREE_KICKS,SEASON,,FTX-05OS4,2,2,0,2026-04-22,2026-05-13,0.01818181818181818,10,110,Rayan Aït-Nouri
manchester_city,SHORT_INDIRECT_FREE_KICKS,SEASON,,FTX-05OZ3,2,1,0,2025-08-16,2025-08-16,0.01818181818181818,10,110,James Trafford
manchester_city,SHORT_INDIRECT_FREE_KICKS,SEASON,,FTX-063ZI,11,9,0,2025-12-06,2026-04-12,0.1,3,110,Matheus Nunes
manchester_city,SHORT_INDIRECT_FREE_KICKS,SEASON,,FTX-067X6,1,1,0,2026-01-17,2026-01-17,0.00909090909090909,11,110,Max Alleyne
manchester_city,SHORT_INDIRECT_FREE_KICKS,SEASON,,FTX-067X8,5,4,0,2025-11-22,2026-05-09,0.045454545454545456,8,110,Nico O'Reilly
manchester_city,SHORT_INDIRECT_FREE_KICKS,SEASON,,FTX-06EX4,4,4,0,2025-10-05,2025-11-29,0.03636363636363636,9,110,Josko Gvardiol
manchester_city,SHORT_INDIRECT_FREE_KICKS,SEASON,,FTX-06FUP,1,1,0,2026-03-14,2026-03-14,0.00909090909090909,11,110,Jérémy Doku
manchester_city,SHORT_INDIRECT_FREE_KICKS,SEASON,,FTX-06R9W,5,5,0,2026-01-17,2026-04-19,0.045454545454545456,8,110,Abdukodir Khusanov
manchester_city,SHORT_INDIRECT_FREE_KICKS,SEASON,,FTX-06RM7,13,11,0,2025-08-16,2026-05-24,0.11818181818181818,2,110,Nico González
manchester_city,SHORT_INDIRECT_FREE_KICKS,SEASON,,FTX-06V06,1,1,0,2025-10-26,2025-10-26,0.00909090909090909,11,110,Tijjani Reijnders
manchester_city,SHORT_INDIRECT_FREE_KICKS,SEASON,,FTX-06V07,1,1,0,2025-12-06,2025-12-06,0.00909090909090909,11,110,Rayan Cherki
manchester_city,SHORT_INDIRECT_FREE_KICKS,SEASON,,FTX-070HS,27,17,0,2025-09-14,2026-05-13,0.24545454545454545,1,110,Gianluigi Donnarumma
manchester_united,ALL_CORNERS,CURRENT_MANAGER_REGIME,mgr:3aa905054daf,FTX-05GCR,47,14,0,2026-01-17,2026-05-24,0.5802469135802469,1,81,Bruno Fernandes
manchester_united,ALL_CORNERS,CURRENT_MANAGER_REGIME,mgr:3aa905054daf,FTX-05R34,7,4,0,2026-01-25,2026-05-09,0.08641975308641975,3,81,Amad Diallo
manchester_united,ALL_CORNERS,CURRENT_MANAGER_REGIME,mgr:3aa905054daf,FTX-05TRB,27,9,0,2026-02-01,2026-05-17,0.3333333333333333,2,81,Bryan Mbeumo
manchester_united,ALL_CORNERS,LAST_10,,FTX-05GCR,41,9,0,2026-03-04,2026-05-24,0.7192982456140351,1,57,Bruno Fernandes
manchester_united,ALL_CORNERS,LAST_10,,FTX-05R34,5,3,0,2026-03-04,2026-05-09,0.08771929824561403,3,57,Amad Diallo
manchester_united,ALL_CORNERS,LAST_10,,FTX-05TRB,11,5,0,2026-03-04,2026-05-17,0.19298245614035087,2,57,Bryan Mbeumo
manchester_united,ALL_CORNERS,LAST_5,,FTX-05GCR,16,5,0,2026-04-27,2026-05-24,0.5925925925925926,1,27,Bruno Fernandes
manchester_united,ALL_CORNERS,LAST_5,,FTX-05R34,3,1,0,2026-05-09,2026-05-09,0.1111111111111111,3,27,Amad Diallo
manchester_united,ALL_CORNERS,LAST_5,,FTX-05TRB,8,3,0,2026-04-27,2026-05-17,0.2962962962962963,2,27,Bryan Mbeumo
manchester_united,ALL_CORNERS,SEASON,,FTX-02OQ6,11,4,0,2025-12-21,2026-01-07,0.06077348066298342,4,181,Luke Shaw
manchester_united,ALL_CORNERS,SEASON,,FTX-052CD,10,4,0,2025-08-30,2025-12-26,0.055248618784530384,5,181,Mason Mount
manchester_united,ALL_CORNERS,SEASON,,FTX-05GCR,90,31,0,2025-08-17,2026-05-24,0.4972375690607735,1,181,Bruno Fernandes
manchester_united,ALL_CORNERS,SEASON,,FTX-05R34,15,7,0,2025-12-04,2026-05-09,0.08287292817679558,3,181,Amad Diallo
manchester_united,ALL_CORNERS,SEASON,,FTX-05TRB,49,21,0,2025-08-17,2026-05-17,0.27071823204419887,2,181,Bryan Mbeumo
manchester_united,ALL_CORNERS,SEASON,,FTX-0666P,1,1,0,2025-09-20,2025-09-20,0.0055248618784530384,7,181,Kobbie Mainoo
manchester_united,ALL_CORNERS,SEASON,,FTX-067YZ,5,3,0,2025-12-21,2026-01-04,0.027624309392265192,6,181,Matheus Cunha
manchester_united,DIRECT_FREE_KICKS,CURRENT_MANAGER_REGIME,mgr:3aa905054daf,FTX-05GCR,1,1,0,2026-03-01,2026-03-01,1.0,1,1,Bruno Fernandes
manchester_united,DIRECT_FREE_KICKS,SEASON,,FTX-052CD,1,1,0,2025-12-21,2025-12-21,0.16666666666666666,2,6,Mason Mount
manchester_united,DIRECT_FREE_KICKS,SEASON,,FTX-05GCR,5,5,1,2025-08-17,2026-03-01,0.8333333333333334,1,6,Bruno Fernandes
manchester_united,PENALTIES,CURRENT_MANAGER_REGIME,mgr:3aa905054daf,FTX-05GCR,2,2,2,2026-03-01,2026-03-20,1.0,1,2,Bruno Fernandes
manchester_united,PENALTIES,LAST_10,,FTX-05GCR,1,1,1,2026-03-20,2026-03-20,1.0,1,1,Bruno Fernandes
manchester_united,PENALTIES,SEASON,,FTX-05GCR,6,6,4,2025-08-24,2026-03-20,1.0,1,6,Bruno Fernandes
manchester_united,SET_PIECE_CROSSES,CURRENT_MANAGER_REGIME,mgr:3aa905054daf,FTX-05GCR,53,16,0,2026-01-17,2026-05-24,0.6385542168674698,1,83,Bruno Fernandes
manchester_united,SET_PIECE_CROSSES,CURRENT_MANAGER_REGIME,mgr:3aa905054daf,FTX-05R34,6,4,0,2026-01-25,2026-05-09,0.07228915662650602,3,83,Amad Diallo
manchester_united,SET_PIECE_CROSSES,CURRENT_MANAGER_REGIME,mgr:3aa905054daf,FTX-05TRB,24,9,0,2026-02-01,2026-05-17,0.2891566265060241,2,83,Bryan Mbeumo
manchester_united,SET_PIECE_CROSSES,LAST_10,,FTX-05GCR,44,10,0,2026-03-04,2026-05-24,0.7586206896551724,1,58,Bruno Fernandes
manchester_united,SET_PIECE_CROSSES,LAST_10,,FTX-05R34,4,3,0,2026-03-04,2026-05-09,0.06896551724137931,3,58,Amad Diallo
manchester_united,SET_PIECE_CROSSES,LAST_10,,FTX-05TRB,10,5,0,2026-03-04,2026-05-17,0.1724137931034483,2,58,Bryan Mbeumo
manchester_united,SET_PIECE_CROSSES,LAST_5,,FTX-05GCR,17,5,0,2026-04-27,2026-05-24,0.6538461538461539,1,26,Bruno Fernandes
manchester_united,SET_PIECE_CROSSES,LAST_5,,FTX-05R34,2,1,0,2026-05-09,2026-05-09,0.07692307692307693,3,26,Amad Diallo
manchester_united,SET_PIECE_CROSSES,LAST_5,,FTX-05TRB,7,3,0,2026-04-27,2026-05-17,0.2692307692307692,2,26,Bryan Mbeumo
manchester_united,SET_PIECE_CROSSES,SEASON,,FTX-02OQ6,11,4,0,2025-12-21,2026-01-07,0.05612244897959184,4,196,Luke Shaw
manchester_united,SET_PIECE_CROSSES,SEASON,,FTX-052CD,9,4,0,2025-08-30,2025-12-26,0.04591836734693878,5,196,Mason Mount
manchester_united,SET_PIECE_CROSSES,SEASON,,FTX-05GCR,107,33,0,2025-08-17,2026-05-24,0.5459183673469388,1,196,Bruno Fernandes
manchester_united,SET_PIECE_CROSSES,SEASON,,FTX-05R34,12,7,0,2025-12-04,2026-05-09,0.061224489795918366,3,196,Amad Diallo
manchester_united,SET_PIECE_CROSSES,SEASON,,FTX-05TRB,50,20,0,2025-08-17,2026-05-17,0.25510204081632654,2,196,Bryan Mbeumo
manchester_united,SET_PIECE_CROSSES,SEASON,,FTX-067YZ,7,3,0,2025-12-21,2026-01-04,0.03571428571428571,6,196,Matheus Cunha
manchester_united,SET_PIECE_KEY_PASSES,CURRENT_MANAGER_REGIME,mgr:3aa905054daf,FTX-03GU4,1,1,0,2026-04-27,2026-04-27,0.04,3,25,Harry Maguire
manchester_united,SET_PIECE_KEY_PASSES,CURRENT_MANAGER_REGIME,mgr:3aa905054daf,FTX-05GCR,17,12,0,2026-01-17,2026-05-24,0.68,1,25,Bruno Fernandes
manchester_united,SET_PIECE_KEY_PASSES,CURRENT_MANAGER_REGIME,mgr:3aa905054daf,FTX-05TRB,6,5,0,2026-02-01,2026-05-03,0.24,2,25,Bryan Mbeumo
manchester_united,SET_PIECE_KEY_PASSES,CURRENT_MANAGER_REGIME,mgr:3aa905054daf,FTX-0666P,1,1,0,2026-02-07,2026-02-07,0.04,3,25,Kobbie Mainoo
manchester_united,SET_PIECE_KEY_PASSES,LAST_10,,FTX-03GU4,1,1,0,2026-04-27,2026-04-27,0.0625,3,16,Harry Maguire
manchester_united,SET_PIECE_KEY_PASSES,LAST_10,,FTX-05GCR,13,8,0,2026-03-04,2026-05-24,0.8125,1,16,Bruno Fernandes
manchester_united,SET_PIECE_KEY_PASSES,LAST_10,,FTX-05TRB,2,2,0,2026-04-27,2026-05-03,0.125,2,16,Bryan Mbeumo
manchester_united,SET_PIECE_KEY_PASSES,LAST_5,,FTX-03GU4,1,1,0,2026-04-27,2026-04-27,0.1111111111111111,3,9,Harry Maguire
manchester_united,SET_PIECE_KEY_PASSES,LAST_5,,FTX-05GCR,6,4,0,2026-05-03,2026-05-24,0.6666666666666666,1,9,Bruno Fernandes
manchester_united,SET_PIECE_KEY_PASSES,LAST_5,,FTX-05TRB,2,2,0,2026-04-27,2026-05-03,0.2222222222222222,2,9,Bryan Mbeumo
manchester_united,SET_PIECE_KEY_PASSES,SEASON,,FTX-02OQ6,3,2,0,2025-12-30,2026-01-04,0.046875,3,64,Luke Shaw
manchester_united,SET_PIECE_KEY_PASSES,SEASON,,FTX-03GU4,1,1,0,2026-04-27,2026-04-27,0.015625,4,64,Harry Maguire
manchester_united,SET_PIECE_KEY_PASSES,SEASON,,FTX-052CD,1,1,0,2025-12-26,2025-12-26,0.015625,4,64,Mason Mount
manchester_united,SET_PIECE_KEY_PASSES,SEASON,,FTX-05GCR,39,25,0,2025-08-17,2026-05-24,0.609375,1,64,Bruno Fernandes
manchester_united,SET_PIECE_KEY_PASSES,SEASON,,FTX-05R34,3,2,0,2025-12-08,2025-12-15,0.046875,3,64,Amad Diallo
manchester_united,SET_PIECE_KEY_PASSES,SEASON,,FTX-05TRB,14,10,0,2025-08-24,2026-05-03,0.21875,2,64,Bryan Mbeumo
manchester_united,SET_PIECE_KEY_PASSES,SEASON,,FTX-062PL,1,1,0,2025-12-26,2025-12-26,0.015625,4,64,Lisandro Martínez
manchester_united,SET_PIECE_KEY_PASSES,SEASON,,FTX-0642L,1,1,0,2026-01-04,2026-01-04,0.015625,4,64,Casemiro
manchester_united,SET_PIECE_KEY_PASSES,SEASON,,FTX-0666P,1,1,0,2026-02-07,2026-02-07,0.015625,4,64,Kobbie Mainoo
manchester_united,SHORT_INDIRECT_FREE_KICKS,CURRENT_MANAGER_REGIME,mgr:3aa905054daf,FTX-03GU4,6,4,0,2026-01-25,2026-05-17,0.2,2,30,Harry Maguire
manchester_united,SHORT_INDIRECT_FREE_KICKS,CURRENT_MANAGER_REGIME,mgr:3aa905054daf,FTX-04QFZ,1,1,0,2026-02-10,2026-02-10,0.03333333333333333,4,30,Diogo Dalot
manchester_united,SHORT_INDIRECT_FREE_KICKS,CURRENT_MANAGER_REGIME,mgr:3aa905054daf,FTX-05GCR,2,2,0,2026-03-15,2026-04-13,0.06666666666666667,3,30,Bruno Fernandes
manchester_united,SHORT_INDIRECT_FREE_KICKS,CURRENT_MANAGER_REGIME,mgr:3aa905054daf,FTX-062PL,2,2,0,2026-02-01,2026-02-07,0.06666666666666667,3,30,Lisandro Martínez
manchester_united,SHORT_INDIRECT_FREE_KICKS,CURRENT_MANAGER_REGIME,mgr:3aa905054daf,FTX-0642L,1,1,0,2026-04-18,2026-04-18,0.03333333333333333,4,30,Casemiro
manchester_united,SHORT_INDIRECT_FREE_KICKS,CURRENT_MANAGER_REGIME,mgr:3aa905054daf,FTX-0666P,2,2,0,2026-01-25,2026-03-01,0.06666666666666667,3,30,Kobbie Mainoo
manchester_united,SHORT_INDIRECT_FREE_KICKS,CURRENT_MANAGER_REGIME,mgr:3aa905054daf,FTX-067YZ,2,2,0,2026-04-13,2026-05-09,0.06666666666666667,3,30,Matheus Cunha
manchester_united,SHORT_INDIRECT_FREE_KICKS,CURRENT_MANAGER_REGIME,mgr:3aa905054daf,FTX-06KQY,2,2,0,2026-04-27,2026-05-03,0.06666666666666667,3,30,Ayden Heaven
manchester_united,SHORT_INDIRECT_FREE_KICKS,CURRENT_MANAGER_REGIME,mgr:3aa905054daf,FTX-06MX0,1,1,0,2026-02-23,2026-02-23,0.03333333333333333,4,30,Leny Yoro
manchester_united,SHORT_INDIRECT_FREE_KICKS,CURRENT_MANAGER_REGIME,mgr:3aa905054daf,FTX-070HL,11,10,0,2026-01-17,2026-05-24,0.36666666666666664,1,30,Senne Lammens
manchester_united,SHORT_INDIRECT_FREE_KICKS,LAST_10,,FTX-03GU4,2,2,0,2026-03-15,2026-05-17,0.11764705882352941,2,17,Harry Maguire
manchester_united,SHORT_INDIRECT_FREE_KICKS,LAST_10,,FTX-05GCR,2,2,0,2026-03-15,2026-04-13,0.11764705882352941,2,17,Bruno Fernandes
manchester_united,SHORT_INDIRECT_FREE_KICKS,LAST_10,,FTX-0642L,1,1,0,2026-04-18,2026-04-18,0.058823529411764705,3,17,Casemiro
manchester_united,SHORT_INDIRECT_FREE_KICKS,LAST_10,,FTX-067YZ,2,2,0,2026-04-13,2026-05-09,0.11764705882352941,2,17,Matheus Cunha
manchester_united,SHORT_INDIRECT_FREE_KICKS,LAST_10,,FTX-06KQY,2,2,0,2026-04-27,2026-05-03,0.11764705882352941,2,17,Ayden Heaven
manchester_united,SHORT_INDIRECT_FREE_KICKS,LAST_10,,FTX-070HL,8,7,0,2026-03-04,2026-05-24,0.47058823529411764,1,17,Senne Lammens
manchester_united,SHORT_INDIRECT_FREE_KICKS,LAST_5,,FTX-03GU4,1,1,0,2026-05-17,2026-05-17,0.125,3,8,Harry Maguire
manchester_united,SHORT_INDIRECT_FREE_KICKS,LAST_5,,FTX-067YZ,1,1,0,2026-05-09,2026-05-09,0.125,3,8,Matheus Cunha
manchester_united,SHORT_INDIRECT_FREE_KICKS,LAST_5,,FTX-06KQY,2,2,0,2026-04-27,2026-05-03,0.25,2,8,Ayden Heaven
manchester_united,SHORT_INDIRECT_FREE_KICKS,LAST_5,,FTX-070HL,4,4,0,2026-04-27,2026-05-24,0.5,1,8,Senne Lammens
manchester_united,SHORT_INDIRECT_FREE_KICKS,SEASON,,FTX-02OQ6,3,3,0,2025-09-14,2025-12-15,0.0410958904109589,6,73,Luke Shaw
manchester_united,SHORT_INDIRECT_FREE_KICKS,SEASON,,FTX-03GU4,6,4,0,2026-01-25,2026-05-17,0.0821917808219178,3,73,Harry Maguire
manchester_united,SHORT_INDIRECT_FREE_KICKS,SEASON,,FTX-04QFZ,2,2,0,2025-09-27,2026-02-10,0.0273972602739726,7,73,Diogo Dalot
manchester_united,SHORT_INDIRECT_FREE_KICKS,SEASON,,FTX-05GCR,5,4,0,2025-11-24,2026-04-13,0.0684931506849315,4,73,Bruno Fernandes
manchester_united,SHORT_INDIRECT_FREE_KICKS,SEASON,,FTX-062PL,4,3,0,2026-01-07,2026-02-07,0.0547945205479452,5,73,Lisandro Martínez
manchester_united,SHORT_INDIRECT_FREE_KICKS,SEASON,,FTX-0642L,3,3,0,2025-08-24,2026-04-18,0.0410958904109589,6,73,Casemiro
manchester_united,SHORT_INDIRECT_FREE_KICKS,SEASON,,FTX-0666P,2,2,0,2026-01-25,2026-03-01,0.0273972602739726,7,73,Kobbie Mainoo
manchester_united,SHORT_INDIRECT_FREE_KICKS,SEASON,,FTX-067YZ,2,2,0,2026-04-13,2026-05-09,0.0273972602739726,7,73,Matheus Cunha
manchester_united,SHORT_INDIRECT_FREE_KICKS,SEASON,,FTX-06FX0,11,6,0,2025-08-17,2025-09-27,0.1506849315068493,2,73,Altay Bayindir
manchester_united,SHORT_INDIRECT_FREE_KICKS,SEASON,,FTX-06KQY,5,5,0,2025-12-04,2026-05-03,0.0684931506849315,4,73,Ayden Heaven
manchester_united,SHORT_INDIRECT_FREE_KICKS,SEASON,,FTX-06MX0,2,2,0,2025-08-17,2026-02-23,0.0273972602739726,7,73,Leny Yoro
manchester_united,SHORT_INDIRECT_FREE_KICKS,SEASON,,FTX-070HL,28,20,0,2025-10-04,2026-05-24,0.3835616438356164,1,73,Senne Lammens
newcastle_united,ALL_CORNERS,CURRENT_MANAGER_REGIME,mgr:65451ab24622,FTX-03AM7,7,4,0,2025-09-13,2026-05-24,0.03056768558951965,7,229,Jacob Murphy
newcastle_united,ALL_CORNERS,CURRENT_MANAGER_REGIME,mgr:65451ab24622,FTX-03DX3,48,16,0,2025-08-16,2026-05-17,0.2096069868995633,2,229,Kieran Trippier
newcastle_united,ALL_CORNERS,CURRENT_MANAGER_REGIME,mgr:65451ab24622,FTX-04ABN,2,2,0,2026-01-07,2026-05-17,0.008733624454148471,9,229,Harvey Barnes
newcastle_united,ALL_CORNERS,CURRENT_MANAGER_REGIME,mgr:65451ab24622,FTX-04MDN,4,3,0,2025-08-16,2026-03-22,0.017467248908296942,8,229,Anthony Gordon
newcastle_united,ALL_CORNERS,CURRENT_MANAGER_REGIME,mgr:65451ab24622,FTX-05OGB,15,8,0,2025-08-25,2026-05-24,0.06550218340611354,6,229,Anthony Elanga
newcastle_united,ALL_CORNERS,CURRENT_MANAGER_REGIME,mgr:65451ab24622,FTX-05UOR,1,1,0,2026-01-31,2026-01-31,0.004366812227074236,10,229,Yoane Wissa
newcastle_united,ALL_CORNERS,CURRENT_MANAGER_REGIME,mgr:65451ab24622,FTX-05Y9N,41,19,0,2025-08-25,2026-05-24,0.17903930131004367,4,229,Lewis Hall
newcastle_united,ALL_CORNERS,CURRENT_MANAGER_REGIME,mgr:65451ab24622,FTX-05YLJ,43,15,0,2025-12-02,2026-05-24,0.18777292576419213,3,229,Bruno Guimarães
newcastle_united,ALL_CORNERS,CURRENT_MANAGER_REGIME,mgr:65451ab24622,FTX-06AB3,19,8,0,2025-11-29,2026-04-12,0.08296943231441048,5,229,Lewis Miley
newcastle_united,ALL_CORNERS,CURRENT_MANAGER_REGIME,mgr:65451ab24622,FTX-06CMS,49,18,0,2025-08-16,2026-04-18,0.21397379912663755,1,229,Sandro Tonali
newcastle_united,ALL_CORNERS,LAST_10,,FTX-03AM7,3,2,0,2026-03-22,2026-05-24,0.07894736842105263,5,38,Jacob Murphy
newcastle_united,ALL_CORNERS,LAST_10,,FTX-03DX3,9,3,0,2026-03-04,2026-05-17,0.23684210526315788,2,38,Kieran Trippier
newcastle_united,ALL_CORNERS,LAST_10,,FTX-04ABN,1,1,0,2026-05-17,2026-05-17,0.02631578947368421,6,38,Harvey Barnes
newcastle_united,ALL_CORNERS,LAST_10,,FTX-04MDN,1,1,0,2026-03-22,2026-03-22,0.02631578947368421,6,38,Anthony Gordon
newcastle_united,ALL_CORNERS,LAST_10,,FTX-05OGB,3,2,0,2026-04-25,2026-05-24,0.07894736842105263,5,38,Anthony Elanga
newcastle_united,ALL_CORNERS,LAST_10,,FTX-05Y9N,5,4,0,2026-03-14,2026-05-24,0.13157894736842105,3,38,Lewis Hall
newcastle_united,ALL_CORNERS,LAST_10,,FTX-05YLJ,11,6,0,2026-04-18,2026-05-24,0.2894736842105263,1,38,Bruno Guimarães
newcastle_united,ALL_CORNERS,LAST_10,,FTX-06AB3,1,1,0,2026-04-12,2026-04-12,0.02631578947368421,6,38,Lewis Miley
newcastle_united,ALL_CORNERS,LAST_10,,FTX-06CMS,4,3,0,2026-03-04,2026-04-18,0.10526315789473684,4,38,Sandro Tonali
newcastle_united,ALL_CORNERS,LAST_5,,FTX-03AM7,2,1,0,2026-05-24,2026-05-24,0.1,3,20,Jacob Murphy
newcastle_united,ALL_CORNERS,LAST_5,,FTX-03DX3,3,1,0,2026-05-17,2026-05-17,0.15,2,20,Kieran Trippier
newcastle_united,ALL_CORNERS,LAST_5,,FTX-04ABN,1,1,0,2026-05-17,2026-05-17,0.05,4,20,Harvey Barnes
newcastle_united,ALL_CORNERS,LAST_5,,FTX-05OGB,3,2,0,2026-04-25,2026-05-24,0.15,2,20,Anthony Elanga
newcastle_united,ALL_CORNERS,LAST_5,,FTX-05Y9N,1,1,0,2026-05-24,2026-05-24,0.05,4,20,Lewis Hall
newcastle_united,ALL_CORNERS,LAST_5,,FTX-05YLJ,10,5,0,2026-04-25,2026-05-24,0.5,1,20,Bruno Guimarães
newcastle_united,ALL_CORNERS,SEASON,,FTX-03AM7,7,4,0,2025-09-13,2026-05-24,0.03056768558951965,7,229,Jacob Murphy
newcastle_united,ALL_CORNERS,SEASON,,FTX-03DX3,48,16,0,2025-08-16,2026-05-17,0.2096069868995633,2,229,Kieran Trippier
newcastle_united,ALL_CORNERS,SEASON,,FTX-04ABN,2,2,0,2026-01-07,2026-05-17,0.008733624454148471,9,229,Harvey Barnes
newcastle_united,ALL_CORNERS,SEASON,,FTX-04MDN,4,3,0,2025-08-16,2026-03-22,0.017467248908296942,8,229,Anthony Gordon
newcastle_united,ALL_CORNERS,SEASON,,FTX-05OGB,15,8,0,2025-08-25,2026-05-24,0.06550218340611354,6,229,Anthony Elanga
newcastle_united,ALL_CORNERS,SEASON,,FTX-05UOR,1,1,0,2026-01-31,2026-01-31,0.004366812227074236,10,229,Yoane Wissa
newcastle_united,ALL_CORNERS,SEASON,,FTX-05Y9N,41,19,0,2025-08-25,2026-05-24,0.17903930131004367,4,229,Lewis Hall
newcastle_united,ALL_CORNERS,SEASON,,FTX-05YLJ,43,15,0,2025-12-02,2026-05-24,0.18777292576419213,3,229,Bruno Guimarães
newcastle_united,ALL_CORNERS,SEASON,,FTX-06AB3,19,8,0,2025-11-29,2026-04-12,0.08296943231441048,5,229,Lewis Miley
newcastle_united,ALL_CORNERS,SEASON,,FTX-06CMS,49,18,0,2025-08-16,2026-04-18,0.21397379912663755,1,229,Sandro Tonali
newcastle_united,DIRECT_FREE_KICKS,CURRENT_MANAGER_REGIME,mgr:65451ab24622,FTX-03DX3,2,2,0,2026-01-18,2026-02-28,0.15384615384615385,2,13,Kieran Trippier
newcastle_united,DIRECT_FREE_KICKS,CURRENT_MANAGER_REGIME,mgr:65451ab24622,FTX-04TIG,2,2,0,2025-12-06,2025-12-20,0.15384615384615385,2,13,Fabian Schär
newcastle_united,DIRECT_FREE_KICKS,CURRENT_MANAGER_REGIME,mgr:65451ab24622,FTX-05T6X,1,1,0,2026-05-10,2026-05-10,0.07692307692307693,3,13,William Osula
newcastle_united,DIRECT_FREE_KICKS,CURRENT_MANAGER_REGIME,mgr:65451ab24622,FTX-05Y9N,4,3,0,2026-02-21,2026-04-12,0.3076923076923077,1,13,Lewis Hall
newcastle_united,DIRECT_FREE_KICKS,CURRENT_MANAGER_REGIME,mgr:65451ab24622,FTX-05YLJ,2,2,0,2025-12-06,2026-05-10,0.15384615384615385,2,13,Bruno Guimarães
newcastle_united,DIRECT_FREE_KICKS,CURRENT_MANAGER_REGIME,mgr:65451ab24622,FTX-06CMS,2,2,0,2025-08-25,2026-02-07,0.15384615384615385,2,13,Sandro Tonali
newcastle_united,DIRECT_FREE_KICKS,LAST_10,,FTX-05T6X,1,1,0,2026-05-10,2026-05-10,0.2,2,5,William Osula
newcastle_united,DIRECT_FREE_KICKS,LAST_10,,FTX-05Y9N,3,2,0,2026-03-22,2026-04-12,0.6,1,5,Lewis Hall
newcastle_united,DIRECT_FREE_KICKS,LAST_10,,FTX-05YLJ,1,1,0,2026-05-10,2026-05-10,0.2,2,5,Bruno Guimarães
newcastle_united,DIRECT_FREE_KICKS,LAST_5,,FTX-05T6X,1,1,0,2026-05-10,2026-05-10,0.5,1,2,William Osula
newcastle_united,DIRECT_FREE_KICKS,LAST_5,,FTX-05YLJ,1,1,0,2026-05-10,2026-05-10,0.5,1,2,Bruno Guimarães
newcastle_united,DIRECT_FREE_KICKS,SEASON,,FTX-03DX3,2,2,0,2026-01-18,2026-02-28,0.15384615384615385,2,13,Kieran Trippier
newcastle_united,DIRECT_FREE_KICKS,SEASON,,FTX-04TIG,2,2,0,2025-12-06,2025-12-20,0.15384615384615385,2,13,Fabian Schär
newcastle_united,DIRECT_FREE_KICKS,SEASON,,FTX-05T6X,1,1,0,2026-05-10,2026-05-10,0.07692307692307693,3,13,William Osula
newcastle_united,DIRECT_FREE_KICKS,SEASON,,FTX-05Y9N,4,3,0,2026-02-21,2026-04-12,0.3076923076923077,1,13,Lewis Hall
newcastle_united,DIRECT_FREE_KICKS,SEASON,,FTX-05YLJ,2,2,0,2025-12-06,2026-05-10,0.15384615384615385,2,13,Bruno Guimarães
newcastle_united,DIRECT_FREE_KICKS,SEASON,,FTX-06CMS,2,2,0,2025-08-25,2026-02-07,0.15384615384615385,2,13,Sandro Tonali
newcastle_united,PENALTIES,CURRENT_MANAGER_REGIME,mgr:65451ab24622,FTX-04MDN,3,3,3,2025-12-02,2026-03-04,0.5,1,6,Anthony Gordon
newcastle_united,PENALTIES,CURRENT_MANAGER_REGIME,mgr:65451ab24622,FTX-05YLJ,2,2,2,2026-01-07,2026-02-07,0.3333333333333333,2,6,Bruno Guimarães
newcastle_united,PENALTIES,CURRENT_MANAGER_REGIME,mgr:65451ab24622,FTX-070G7,1,1,1,2025-10-05,2025-10-05,0.16666666666666666,3,6,Nick Woltemade
newcastle_united,PENALTIES,LAST_10,,FTX-04MDN,1,1,1,2026-03-04,2026-03-04,1.0,1,1,Anthony Gordon
newcastle_united,PENALTIES,SEASON,,FTX-04MDN,3,3,3,2025-12-02,2026-03-04,0.5,1,6,Anthony Gordon
newcastle_united,PENALTIES,SEASON,,FTX-05YLJ,2,2,2,2026-01-07,2026-02-07,0.3333333333333333,2,6,Bruno Guimarães
newcastle_united,PENALTIES,SEASON,,FTX-070G7,1,1,1,2025-10-05,2025-10-05,0.16666666666666666,3,6,Nick Woltemade
newcastle_united,SET_PIECE_CROSSES,CURRENT_MANAGER_REGIME,mgr:65451ab24622,FTX-03AM7,8,6,0,2025-09-13,2026-05-24,0.0326530612244898,7,245,Jacob Murphy
newcastle_united,SET_PIECE_CROSSES,CURRENT_MANAGER_REGIME,mgr:65451ab24622,FTX-03DX3,55,16,0,2025-08-16,2026-05-17,0.22448979591836735,2,245,Kieran Trippier
newcastle_united,SET_PIECE_CROSSES,CURRENT_MANAGER_REGIME,mgr:65451ab24622,FTX-04ABN,1,1,0,2026-01-07,2026-01-07,0.004081632653061225,9,245,Harvey Barnes
newcastle_united,SET_PIECE_CROSSES,CURRENT_MANAGER_REGIME,mgr:65451ab24622,FTX-04MDN,3,3,0,2025-08-16,2026-01-07,0.012244897959183673,8,245,Anthony Gordon
newcastle_united,SET_PIECE_CROSSES,CURRENT_MANAGER_REGIME,mgr:65451ab24622,FTX-05OGB,14,7,0,2025-08-25,2026-05-24,0.05714285714285714,6,245,Anthony Elanga
newcastle_united,SET_PIECE_CROSSES,CURRENT_MANAGER_REGIME,mgr:65451ab24622,FTX-05Y9N,41,18,0,2025-08-25,2026-05-24,0.1673469387755102,4,245,Lewis Hall
newcastle_united,SET_PIECE_CROSSES,CURRENT_MANAGER_REGIME,mgr:65451ab24622,FTX-05YLJ,45,15,0,2025-12-02,2026-05-24,0.1836734693877551,3,245,Bruno Guimarães
newcastle_united,SET_PIECE_CROSSES,CURRENT_MANAGER_REGIME,mgr:65451ab24622,FTX-06AB3,20,8,0,2025-11-29,2026-04-12,0.08163265306122448,5,245,Lewis Miley
newcastle_united,SET_PIECE_CROSSES,CURRENT_MANAGER_REGIME,mgr:65451ab24622,FTX-06CMS,58,21,0,2025-08-16,2026-05-02,0.23673469387755103,1,245,Sandro Tonali
newcastle_united,SET_PIECE_CROSSES,LAST_10,,FTX-03AM7,2,2,0,2026-03-22,2026-05-24,0.04,5,50,Jacob Murphy
newcastle_united,SET_PIECE_CROSSES,LAST_10,,FTX-03DX3,10,3,0,2026-03-04,2026-05-17,0.2,3,50,Kieran Trippier
newcastle_united,SET_PIECE_CROSSES,LAST_10,,FTX-05OGB,3,2,0,2026-04-25,2026-05-24,0.06,4,50,Anthony Elanga
newcastle_united,SET_PIECE_CROSSES,LAST_10,,FTX-05Y9N,10,5,0,2026-03-14,2026-05-24,0.2,3,50,Lewis Hall
newcastle_united,SET_PIECE_CROSSES,LAST_10,,FTX-05YLJ,13,6,0,2026-04-18,2026-05-24,0.26,1,50,Bruno Guimarães
newcastle_united,SET_PIECE_CROSSES,LAST_10,,FTX-06AB3,1,1,0,2026-04-12,2026-04-12,0.02,6,50,Lewis Miley
newcastle_united,SET_PIECE_CROSSES,LAST_10,,FTX-06CMS,11,5,0,2026-03-04,2026-05-02,0.22,2,50,Sandro Tonali
newcastle_united,SET_PIECE_CROSSES,LAST_5,,FTX-03AM7,1,1,0,2026-05-24,2026-05-24,0.047619047619047616,4,21,Jacob Murphy
newcastle_united,SET_PIECE_CROSSES,LAST_5,,FTX-03DX3,2,1,0,2026-05-17,2026-05-17,0.09523809523809523,3,21,Kieran Trippier
newcastle_united,SET_PIECE_CROSSES,LAST_5,,FTX-05OGB,3,2,0,2026-04-25,2026-05-24,0.14285714285714285,2,21,Anthony Elanga
newcastle_united,SET_PIECE_CROSSES,LAST_5,,FTX-05Y9N,2,1,0,2026-05-24,2026-05-24,0.09523809523809523,3,21,Lewis Hall
newcastle_united,SET_PIECE_CROSSES,LAST_5,,FTX-05YLJ,11,5,0,2026-04-25,2026-05-24,0.5238095238095238,1,21,Bruno Guimarães
newcastle_united,SET_PIECE_CROSSES,LAST_5,,FTX-06CMS,2,2,0,2026-04-25,2026-05-02,0.09523809523809523,3,21,Sandro Tonali
newcastle_united,SET_PIECE_CROSSES,SEASON,,FTX-03AM7,8,6,0,2025-09-13,2026-05-24,0.0326530612244898,7,245,Jacob Murphy
newcastle_united,SET_PIECE_CROSSES,SEASON,,FTX-03DX3,55,16,0,2025-08-16,2026-05-17,0.22448979591836735,2,245,Kieran Trippier
newcastle_united,SET_PIECE_CROSSES,SEASON,,FTX-04ABN,1,1,0,2026-01-07,2026-01-07,0.004081632653061225,9,245,Harvey Barnes
newcastle_united,SET_PIECE_CROSSES,SEASON,,FTX-04MDN,3,3,0,2025-08-16,2026-01-07,0.012244897959183673,8,245,Anthony Gordon
newcastle_united,SET_PIECE_CROSSES,SEASON,,FTX-05OGB,14,7,0,2025-08-25,2026-05-24,0.05714285714285714,6,245,Anthony Elanga
newcastle_united,SET_PIECE_CROSSES,SEASON,,FTX-05Y9N,41,18,0,2025-08-25,2026-05-24,0.1673469387755102,4,245,Lewis Hall
newcastle_united,SET_PIECE_CROSSES,SEASON,,FTX-05YLJ,45,15,0,2025-12-02,2026-05-24,0.1836734693877551,3,245,Bruno Guimarães
newcastle_united,SET_PIECE_CROSSES,SEASON,,FTX-06AB3,20,8,0,2025-11-29,2026-04-12,0.08163265306122448,5,245,Lewis Miley
newcastle_united,SET_PIECE_CROSSES,SEASON,,FTX-06CMS,58,21,0,2025-08-16,2026-05-02,0.23673469387755103,1,245,Sandro Tonali
newcastle_united,SET_PIECE_KEY_PASSES,CURRENT_MANAGER_REGIME,mgr:65451ab24622,FTX-03AM7,1,1,0,2026-02-07,2026-02-07,0.0196078431372549,5,51,Jacob Murphy
newcastle_united,SET_PIECE_KEY_PASSES,CURRENT_MANAGER_REGIME,mgr:65451ab24622,FTX-03DX3,12,8,0,2025-08-25,2026-05-17,0.23529411764705882,1,51,Kieran Trippier
newcastle_united,SET_PIECE_KEY_PASSES,CURRENT_MANAGER_REGIME,mgr:65451ab24622,FTX-04MDN,2,2,0,2025-12-20,2026-01-07,0.0392156862745098,4,51,Anthony Gordon
newcastle_united,SET_PIECE_KEY_PASSES,CURRENT_MANAGER_REGIME,mgr:65451ab24622,FTX-04TIG,1,1,0,2025-12-30,2025-12-30,0.0196078431372549,5,51,Fabian Schär
newcastle_united,SET_PIECE_KEY_PASSES,CURRENT_MANAGER_REGIME,mgr:65451ab24622,FTX-051K3,1,1,0,2026-02-21,2026-02-21,0.0196078431372549,5,51,Jacob Ramsey
newcastle_united,SET_PIECE_KEY_PASSES,CURRENT_MANAGER_REGIME,mgr:65451ab24622,FTX-05Y9N,8,8,0,2025-11-29,2026-05-24,0.1568627450980392,3,51,Lewis Hall
newcastle_united,SET_PIECE_KEY_PASSES,CURRENT_MANAGER_REGIME,mgr:65451ab24622,FTX-05YLJ,12,9,0,2025-12-14,2026-05-02,0.23529411764705882,1,51,Bruno Guimarães
newcastle_united,SET_PIECE_KEY_PASSES,CURRENT_MANAGER_REGIME,mgr:65451ab24622,FTX-06AB3,2,2,0,2025-11-29,2026-01-04,0.0392156862745098,4,51,Lewis Miley
newcastle_united,SET_PIECE_KEY_PASSES,CURRENT_MANAGER_REGIME,mgr:65451ab24622,FTX-06CMS,10,7,0,2025-09-28,2026-03-04,0.19607843137254902,2,51,Sandro Tonali
newcastle_united,SET_PIECE_KEY_PASSES,CURRENT_MANAGER_REGIME,mgr:65451ab24622,FTX-0700P,1,1,0,2025-10-05,2025-10-05,0.0196078431372549,5,51,Malick Thiaw
newcastle_united,SET_PIECE_KEY_PASSES,CURRENT_MANAGER_REGIME,mgr:65451ab24622,FTX-070G7,1,1,0,2025-11-22,2025-11-22,0.0196078431372549,5,51,Nick Woltemade
newcastle_united,SET_PIECE_KEY_PASSES,LAST_10,,FTX-03DX3,3,2,0,2026-03-22,2026-05-17,0.23076923076923078,2,13,Kieran Trippier
newcastle_united,SET_PIECE_KEY_PASSES,LAST_10,,FTX-05Y9N,4,4,0,2026-03-14,2026-05-24,0.3076923076923077,1,13,Lewis Hall
newcastle_united,SET_PIECE_KEY_PASSES,LAST_10,,FTX-05YLJ,4,3,0,2026-04-18,2026-05-02,0.3076923076923077,1,13,Bruno Guimarães
newcastle_united,SET_PIECE_KEY_PASSES,LAST_10,,FTX-06CMS,2,1,0,2026-03-04,2026-03-04,0.15384615384615385,3,13,Sandro Tonali
newcastle_united,SET_PIECE_KEY_PASSES,LAST_5,,FTX-03DX3,1,1,0,2026-05-17,2026-05-17,0.2,2,5,Kieran Trippier
newcastle_united,SET_PIECE_KEY_PASSES,LAST_5,,FTX-05Y9N,1,1,0,2026-05-24,2026-05-24,0.2,2,5,Lewis Hall
newcastle_united,SET_PIECE_KEY_PASSES,LAST_5,,FTX-05YLJ,3,2,0,2026-04-25,2026-05-02,0.6,1,5,Bruno Guimarães
newcastle_united,SET_PIECE_KEY_PASSES,SEASON,,FTX-03AM7,1,1,0,2026-02-07,2026-02-07,0.0196078431372549,5,51,Jacob Murphy
newcastle_united,SET_PIECE_KEY_PASSES,SEASON,,FTX-03DX3,12,8,0,2025-08-25,2026-05-17,0.23529411764705882,1,51,Kieran Trippier
newcastle_united,SET_PIECE_KEY_PASSES,SEASON,,FTX-04MDN,2,2,0,2025-12-20,2026-01-07,0.0392156862745098,4,51,Anthony Gordon
newcastle_united,SET_PIECE_KEY_PASSES,SEASON,,FTX-04TIG,1,1,0,2025-12-30,2025-12-30,0.0196078431372549,5,51,Fabian Schär
newcastle_united,SET_PIECE_KEY_PASSES,SEASON,,FTX-051K3,1,1,0,2026-02-21,2026-02-21,0.0196078431372549,5,51,Jacob Ramsey
newcastle_united,SET_PIECE_KEY_PASSES,SEASON,,FTX-05Y9N,8,8,0,2025-11-29,2026-05-24,0.1568627450980392,3,51,Lewis Hall
newcastle_united,SET_PIECE_KEY_PASSES,SEASON,,FTX-05YLJ,12,9,0,2025-12-14,2026-05-02,0.23529411764705882,1,51,Bruno Guimarães
newcastle_united,SET_PIECE_KEY_PASSES,SEASON,,FTX-06AB3,2,2,0,2025-11-29,2026-01-04,0.0392156862745098,4,51,Lewis Miley
newcastle_united,SET_PIECE_KEY_PASSES,SEASON,,FTX-06CMS,10,7,0,2025-09-28,2026-03-04,0.19607843137254902,2,51,Sandro Tonali
newcastle_united,SET_PIECE_KEY_PASSES,SEASON,,FTX-0700P,1,1,0,2025-10-05,2025-10-05,0.0196078431372549,5,51,Malick Thiaw
newcastle_united,SET_PIECE_KEY_PASSES,SEASON,,FTX-070G7,1,1,0,2025-11-22,2025-11-22,0.0196078431372549,5,51,Nick Woltemade
newcastle_united,SHORT_INDIRECT_FREE_KICKS,CURRENT_MANAGER_REGIME,mgr:65451ab24622,FTX-02LSA,4,3,0,2025-08-30,2026-04-25,0.07692307692307693,4,52,Dan Burn
newcastle_united,SHORT_INDIRECT_FREE_KICKS,CURRENT_MANAGER_REGIME,mgr:65451ab24622,FTX-03DX3,2,2,0,2026-02-10,2026-02-28,0.038461538461538464,6,52,Kieran Trippier
newcastle_united,SHORT_INDIRECT_FREE_KICKS,CURRENT_MANAGER_REGIME,mgr:65451ab24622,FTX-044EI,20,16,0,2025-08-16,2026-05-24,0.38461538461538464,1,52,Nick Pope
newcastle_united,SHORT_INDIRECT_FREE_KICKS,CURRENT_MANAGER_REGIME,mgr:65451ab24622,FTX-04AMH,3,3,0,2025-11-29,2026-04-18,0.057692307692307696,5,52,Aaron Ramsdale
newcastle_united,SHORT_INDIRECT_FREE_KICKS,CURRENT_MANAGER_REGIME,mgr:65451ab24622,FTX-04MDN,1,1,0,2025-08-25,2025-08-25,0.019230769230769232,7,52,Anthony Gordon
newcastle_united,SHORT_INDIRECT_FREE_KICKS,CURRENT_MANAGER_REGIME,mgr:65451ab24622,FTX-04TIG,2,2,0,2025-08-16,2025-12-06,0.038461538461538464,6,52,Fabian Schär
newcastle_united,SHORT_INDIRECT_FREE_KICKS,CURRENT_MANAGER_REGIME,mgr:65451ab24622,FTX-051K3,1,1,0,2026-03-04,2026-03-04,0.019230769230769232,7,52,Jacob Ramsey
newcastle_united,SHORT_INDIRECT_FREE_KICKS,CURRENT_MANAGER_REGIME,mgr:65451ab24622,FTX-0554I,2,2,0,2025-11-29,2026-01-07,0.038461538461538464,6,52,Joelinton
newcastle_united,SHORT_INDIRECT_FREE_KICKS,CURRENT_MANAGER_REGIME,mgr:65451ab24622,FTX-05T6X,2,2,0,2025-10-25,2026-04-25,0.038461538461538464,6,52,William Osula
newcastle_united,SHORT_INDIRECT_FREE_KICKS,CURRENT_MANAGER_REGIME,mgr:65451ab24622,FTX-05YLJ,2,2,0,2025-08-25,2026-02-10,0.038461538461538464,6,52,Bruno Guimarães
newcastle_united,SHORT_INDIRECT_FREE_KICKS,CURRENT_MANAGER_REGIME,mgr:65451ab24622,FTX-062A9,5,3,0,2025-09-21,2025-11-09,0.09615384615384616,3,52,Sven Botman
newcastle_united,SHORT_INDIRECT_FREE_KICKS,CURRENT_MANAGER_REGIME,mgr:65451ab24622,FTX-06CMS,1,1,0,2026-05-02,2026-05-02,0.019230769230769232,7,52,Sandro Tonali
newcastle_united,SHORT_INDIRECT_FREE_KICKS,CURRENT_MANAGER_REGIME,mgr:65451ab24622,FTX-0700P,7,6,0,2025-10-18,2026-05-17,0.1346153846153846,2,52,Malick Thiaw
newcastle_united,SHORT_INDIRECT_FREE_KICKS,LAST_10,,FTX-02LSA,1,1,0,2026-04-25,2026-04-25,0.1,3,10,Dan Burn
newcastle_united,SHORT_INDIRECT_FREE_KICKS,LAST_10,,FTX-044EI,3,3,0,2026-04-25,2026-05-24,0.3,1,10,Nick Pope
newcastle_united,SHORT_INDIRECT_FREE_KICKS,LAST_10,,FTX-04AMH,2,2,0,2026-04-12,2026-04-18,0.2,2,10,Aaron Ramsdale
newcastle_united,SHORT_INDIRECT_FREE_KICKS,LAST_10,,FTX-051K3,1,1,0,2026-03-04,2026-03-04,0.1,3,10,Jacob Ramsey
newcastle_united,SHORT_INDIRECT_FREE_KICKS,LAST_10,,FTX-05T6X,1,1,0,2026-04-25,2026-04-25,0.1,3,10,William Osula
newcastle_united,SHORT_INDIRECT_FREE_KICKS,LAST_10,,FTX-06CMS,1,1,0,2026-05-02,2026-05-02,0.1,3,10,Sandro Tonali
newcastle_united,SHORT_INDIRECT_FREE_KICKS,LAST_10,,FTX-0700P,1,1,0,2026-05-17,2026-05-17,0.1,3,10,Malick Thiaw
newcastle_united,SHORT_INDIRECT_FREE_KICKS,LAST_5,,FTX-02LSA,1,1,0,2026-04-25,2026-04-25,0.14285714285714285,2,7,Dan Burn
newcastle_united,SHORT_INDIRECT_FREE_KICKS,LAST_5,,FTX-044EI,3,3,0,2026-04-25,2026-05-24,0.42857142857142855,1,7,Nick Pope
newcastle_united,SHORT_INDIRECT_FREE_KICKS,LAST_5,,FTX-05T6X,1,1,0,2026-04-25,2026-04-25,0.14285714285714285,2,7,William Osula
newcastle_united,SHORT_INDIRECT_FREE_KICKS,LAST_5,,FTX-06CMS,1,1,0,2026-05-02,2026-05-02,0.14285714285714285,2,7,Sandro Tonali
newcastle_united,SHORT_INDIRECT_FREE_KICKS,LAST_5,,FTX-0700P,1,1,0,2026-05-17,2026-05-17,0.14285714285714285,2,7,Malick Thiaw
newcastle_united,SHORT_INDIRECT_FREE_KICKS,SEASON,,FTX-02LSA,4,3,0,2025-08-30,2026-04-25,0.07692307692307693,4,52,Dan Burn
newcastle_united,SHORT_INDIRECT_FREE_KICKS,SEASON,,FTX-03DX3,2,2,0,2026-02-10,2026-02-28,0.038461538461538464,6,52,Kieran Trippier
newcastle_united,SHORT_INDIRECT_FREE_KICKS,SEASON,,FTX-044EI,20,16,0,2025-08-16,2026-05-24,0.38461538461538464,1,52,Nick Pope
newcastle_united,SHORT_INDIRECT_FREE_KICKS,SEASON,,FTX-04AMH,3,3,0,2025-11-29,2026-04-18,0.057692307692307696,5,52,Aaron Ramsdale
newcastle_united,SHORT_INDIRECT_FREE_KICKS,SEASON,,FTX-04MDN,1,1,0,2025-08-25,2025-08-25,0.019230769230769232,7,52,Anthony Gordon
newcastle_united,SHORT_INDIRECT_FREE_KICKS,SEASON,,FTX-04TIG,2,2,0,2025-08-16,2025-12-06,0.038461538461538464,6,52,Fabian Schär
newcastle_united,SHORT_INDIRECT_FREE_KICKS,SEASON,,FTX-051K3,1,1,0,2026-03-04,2026-03-04,0.019230769230769232,7,52,Jacob Ramsey
newcastle_united,SHORT_INDIRECT_FREE_KICKS,SEASON,,FTX-0554I,2,2,0,2025-11-29,2026-01-07,0.038461538461538464,6,52,Joelinton
newcastle_united,SHORT_INDIRECT_FREE_KICKS,SEASON,,FTX-05T6X,2,2,0,2025-10-25,2026-04-25,0.038461538461538464,6,52,William Osula
newcastle_united,SHORT_INDIRECT_FREE_KICKS,SEASON,,FTX-05YLJ,2,2,0,2025-08-25,2026-02-10,0.038461538461538464,6,52,Bruno Guimarães
newcastle_united,SHORT_INDIRECT_FREE_KICKS,SEASON,,FTX-062A9,5,3,0,2025-09-21,2025-11-09,0.09615384615384616,3,52,Sven Botman
newcastle_united,SHORT_INDIRECT_FREE_KICKS,SEASON,,FTX-06CMS,1,1,0,2026-05-02,2026-05-02,0.019230769230769232,7,52,Sandro Tonali
newcastle_united,SHORT_INDIRECT_FREE_KICKS,SEASON,,FTX-0700P,7,6,0,2025-10-18,2026-05-17,0.1346153846153846,2,52,Malick Thiaw
nottingham_forest,ALL_CORNERS,CURRENT_MANAGER_REGIME,mgr:807de4c745b0,FTX-05A6E,19,7,0,2026-03-22,2026-05-24,0.36538461538461536,1,52,Neco Williams
nottingham_forest,ALL_CORNERS,CURRENT_MANAGER_REGIME,mgr:807de4c745b0,FTX-05OPJ,10,5,0,2026-02-22,2026-05-17,0.19230769230769232,3,52,Elliot Anderson
nottingham_forest,ALL_CORNERS,CURRENT_MANAGER_REGIME,mgr:807de4c745b0,FTX-05UBV,16,6,0,2026-02-22,2026-05-24,0.3076923076923077,2,52,Omari Hutchinson
nottingham_forest,ALL_CORNERS,CURRENT_MANAGER_REGIME,mgr:807de4c745b0,FTX-06ZNA,2,1,0,2026-02-22,2026-02-22,0.038461538461538464,5,52,Dan Ndoye
nottingham_forest,ALL_CORNERS,CURRENT_MANAGER_REGIME,mgr:807de4c745b0,FTX-070HN,5,5,0,2026-02-22,2026-05-17,0.09615384615384616,4,52,Dilane Bakwa
nottingham_forest,ALL_CORNERS,LAST_10,,FTX-05A6E,19,7,0,2026-03-22,2026-05-24,0.4634146341463415,1,41,Neco Williams
nottingham_forest,ALL_CORNERS,LAST_10,,FTX-05OPJ,7,4,0,2026-03-04,2026-05-17,0.17073170731707318,3,41,Elliot Anderson
nottingham_forest,ALL_CORNERS,LAST_10,,FTX-05UBV,11,4,0,2026-03-15,2026-05-24,0.2682926829268293,2,41,Omari Hutchinson
nottingham_forest,ALL_CORNERS,LAST_10,,FTX-070HN,4,4,0,2026-04-19,2026-05-17,0.0975609756097561,4,41,Dilane Bakwa
nottingham_forest,ALL_CORNERS,LAST_5,,FTX-05A6E,7,4,0,2026-04-24,2026-05-24,0.3333333333333333,2,21,Neco Williams
nottingham_forest,ALL_CORNERS,LAST_5,,FTX-05OPJ,1,1,0,2026-05-17,2026-05-17,0.047619047619047616,4,21,Elliot Anderson
nottingham_forest,ALL_CORNERS,LAST_5,,FTX-05UBV,10,3,0,2026-04-24,2026-05-24,0.47619047619047616,1,21,Omari Hutchinson
nottingham_forest,ALL_CORNERS,LAST_5,,FTX-070HN,3,3,0,2026-05-04,2026-05-17,0.14285714285714285,3,21,Dilane Bakwa
nottingham_forest,ALL_CORNERS,SEASON,,FTX-03FRX,1,1,0,2025-08-31,2025-08-31,0.005050505050505051,10,198,Ola Aina
nottingham_forest,ALL_CORNERS,SEASON,,FTX-043C1,2,1,0,2025-12-30,2025-12-30,0.010101010101010102,9,198,Oleksandr Zinchenko
nottingham_forest,ALL_CORNERS,SEASON,,FTX-04MI4,7,4,0,2025-08-17,2025-12-30,0.03535353535353535,6,198,Callum Hudson-Odoi
nottingham_forest,ALL_CORNERS,SEASON,,FTX-04QR9,1,1,0,2025-12-14,2025-12-14,0.005050505050505051,10,198,Morgan Gibbs-White
nottingham_forest,ALL_CORNERS,SEASON,,FTX-04SPP,9,5,0,2025-09-20,2025-12-30,0.045454545454545456,5,198,Douglas Luiz
nottingham_forest,ALL_CORNERS,SEASON,,FTX-05A6E,23,10,0,2025-10-05,2026-05-24,0.11616161616161616,3,198,Neco Williams
nottingham_forest,ALL_CORNERS,SEASON,,FTX-05OPJ,87,27,0,2025-08-17,2026-05-17,0.4393939393939394,1,198,Elliot Anderson
nottingham_forest,ALL_CORNERS,SEASON,,FTX-05UBV,45,17,0,2025-10-26,2026-05-24,0.22727272727272727,2,198,Omari Hutchinson
nottingham_forest,ALL_CORNERS,SEASON,,FTX-05UHS,2,2,0,2025-09-27,2026-01-03,0.010101010101010102,9,198,James McAtee
nottingham_forest,ALL_CORNERS,SEASON,,FTX-06FY7,4,1,0,2025-11-09,2025-11-09,0.020202020202020204,8,198,Nicolás Domínguez
nottingham_forest,ALL_CORNERS,SEASON,,FTX-06ZNA,5,4,0,2025-09-27,2026-02-22,0.025252525252525252,7,198,Dan Ndoye
nottingham_forest,ALL_CORNERS,SEASON,,FTX-070HN,12,10,0,2025-09-13,2026-05-17,0.06060606060606061,4,198,Dilane Bakwa
nottingham_forest,DIRECT_FREE_KICKS,CURRENT_MANAGER_REGIME,mgr:807de4c745b0,FTX-04QR9,2,2,1,2026-03-15,2026-05-24,0.5,1,4,Morgan Gibbs-White
nottingham_forest,DIRECT_FREE_KICKS,CURRENT_MANAGER_REGIME,mgr:807de4c745b0,FTX-05A6E,1,1,0,2026-04-19,2026-04-19,0.25,2,4,Neco Williams
nottingham_forest,DIRECT_FREE_KICKS,CURRENT_MANAGER_REGIME,mgr:807de4c745b0,FTX-06FWZ,1,1,0,2026-02-22,2026-02-22,0.25,2,4,Murillo
nottingham_forest,DIRECT_FREE_KICKS,LAST_10,,FTX-04QR9,2,2,1,2026-03-15,2026-05-24,0.6666666666666666,1,3,Morgan Gibbs-White
nottingham_forest,DIRECT_FREE_KICKS,LAST_10,,FTX-05A6E,1,1,0,2026-04-19,2026-04-19,0.3333333333333333,2,3,Neco Williams
nottingham_forest,DIRECT_FREE_KICKS,LAST_5,,FTX-04QR9,1,1,1,2026-05-24,2026-05-24,1.0,1,1,Morgan Gibbs-White
nottingham_forest,DIRECT_FREE_KICKS,SEASON,,FTX-043C1,1,1,0,2025-12-30,2025-12-30,0.07692307692307693,3,13,Oleksandr Zinchenko
nottingham_forest,DIRECT_FREE_KICKS,SEASON,,FTX-04MI4,1,1,0,2025-12-06,2025-12-06,0.07692307692307693,3,13,Callum Hudson-Odoi
nottingham_forest,DIRECT_FREE_KICKS,SEASON,,FTX-04QR9,5,5,1,2025-10-05,2026-05-24,0.38461538461538464,1,13,Morgan Gibbs-White
nottingham_forest,DIRECT_FREE_KICKS,SEASON,,FTX-05A6E,2,2,0,2025-12-03,2026-04-19,0.15384615384615385,2,13,Neco Williams
nottingham_forest,DIRECT_FREE_KICKS,SEASON,,FTX-05OPJ,2,2,0,2025-11-22,2026-02-11,0.15384615384615385,2,13,Elliot Anderson
nottingham_forest,DIRECT_FREE_KICKS,SEASON,,FTX-06FWZ,2,2,0,2025-11-22,2026-02-22,0.15384615384615385,2,13,Murillo
nottingham_forest,PENALTIES,CURRENT_MANAGER_REGIME,mgr:807de4c745b0,FTX-06Y9O,1,1,1,2026-05-04,2026-05-04,1.0,1,1,Igor Jesus
nottingham_forest,PENALTIES,LAST_10,,FTX-06Y9O,1,1,1,2026-05-04,2026-05-04,1.0,1,1,Igor Jesus
nottingham_forest,PENALTIES,LAST_5,,FTX-06Y9O,1,1,1,2026-05-04,2026-05-04,1.0,1,1,Igor Jesus
nottingham_forest,PENALTIES,SEASON,,FTX-04QR9,1,1,1,2026-01-06,2026-01-06,0.3333333333333333,1,3,Morgan Gibbs-White
nottingham_forest,PENALTIES,SEASON,,FTX-05OPJ,1,1,1,2025-11-09,2025-11-09,0.3333333333333333,1,3,Elliot Anderson
nottingham_forest,PENALTIES,SEASON,,FTX-06Y9O,1,1,1,2026-05-04,2026-05-04,0.3333333333333333,1,3,Igor Jesus
nottingham_forest,SET_PIECE_CROSSES,CURRENT_MANAGER_REGIME,mgr:807de4c745b0,FTX-04QR9,1,1,0,2026-05-24,2026-05-24,0.019230769230769232,5,52,Morgan Gibbs-White
nottingham_forest,SET_PIECE_CROSSES,CURRENT_MANAGER_REGIME,mgr:807de4c745b0,FTX-05A6E,17,7,0,2026-03-22,2026-05-24,0.3269230769230769,1,52,Neco Williams
nottingham_forest,SET_PIECE_CROSSES,CURRENT_MANAGER_REGIME,mgr:807de4c745b0,FTX-05OPJ,17,8,0,2026-02-22,2026-05-17,0.3269230769230769,1,52,Elliot Anderson
nottingham_forest,SET_PIECE_CROSSES,CURRENT_MANAGER_REGIME,mgr:807de4c745b0,FTX-05UBV,12,6,0,2026-02-22,2026-05-24,0.23076923076923078,2,52,Omari Hutchinson
nottingham_forest,SET_PIECE_CROSSES,CURRENT_MANAGER_REGIME,mgr:807de4c745b0,FTX-06ZNA,2,1,0,2026-02-22,2026-02-22,0.038461538461538464,4,52,Dan Ndoye
nottingham_forest,SET_PIECE_CROSSES,CURRENT_MANAGER_REGIME,mgr:807de4c745b0,FTX-070HN,3,3,0,2026-02-22,2026-05-17,0.057692307692307696,3,52,Dilane Bakwa
nottingham_forest,SET_PIECE_CROSSES,LAST_10,,FTX-04QR9,1,1,0,2026-05-24,2026-05-24,0.02564102564102564,5,39,Morgan Gibbs-White
nottingham_forest,SET_PIECE_CROSSES,LAST_10,,FTX-05A6E,17,7,0,2026-03-22,2026-05-24,0.4358974358974359,1,39,Neco Williams
nottingham_forest,SET_PIECE_CROSSES,LAST_10,,FTX-05OPJ,11,6,0,2026-03-04,2026-05-17,0.28205128205128205,2,39,Elliot Anderson
nottingham_forest,SET_PIECE_CROSSES,LAST_10,,FTX-05UBV,8,4,0,2026-03-15,2026-05-24,0.20512820512820512,3,39,Omari Hutchinson
nottingham_forest,SET_PIECE_CROSSES,LAST_10,,FTX-070HN,2,2,0,2026-04-19,2026-05-17,0.05128205128205128,4,39,Dilane Bakwa
nottingham_forest,SET_PIECE_CROSSES,LAST_5,,FTX-04QR9,1,1,0,2026-05-24,2026-05-24,0.058823529411764705,3,17,Morgan Gibbs-White
nottingham_forest,SET_PIECE_CROSSES,LAST_5,,FTX-05A6E,6,4,0,2026-04-24,2026-05-24,0.35294117647058826,1,17,Neco Williams
nottingham_forest,SET_PIECE_CROSSES,LAST_5,,FTX-05OPJ,3,2,0,2026-04-24,2026-05-17,0.17647058823529413,2,17,Elliot Anderson
nottingham_forest,SET_PIECE_CROSSES,LAST_5,,FTX-05UBV,6,3,0,2026-04-24,2026-05-24,0.35294117647058826,1,17,Omari Hutchinson
nottingham_forest,SET_PIECE_CROSSES,LAST_5,,FTX-070HN,1,1,0,2026-05-17,2026-05-17,0.058823529411764705,3,17,Dilane Bakwa
nottingham_forest,SET_PIECE_CROSSES,SEASON,,FTX-043C1,3,2,0,2025-09-27,2025-12-30,0.014925373134328358,7,201,Oleksandr Zinchenko
nottingham_forest,SET_PIECE_CROSSES,SEASON,,FTX-04MI4,4,3,0,2025-09-27,2025-12-30,0.01990049751243781,6,201,Callum Hudson-Odoi
nottingham_forest,SET_PIECE_CROSSES,SEASON,,FTX-04QR9,1,1,0,2026-05-24,2026-05-24,0.004975124378109453,9,201,Morgan Gibbs-White
nottingham_forest,SET_PIECE_CROSSES,SEASON,,FTX-04SPP,9,6,0,2025-09-20,2025-12-30,0.04477611940298507,5,201,Douglas Luiz
nottingham_forest,SET_PIECE_CROSSES,SEASON,,FTX-05A6E,21,10,0,2025-10-05,2026-05-24,0.1044776119402985,3,201,Neco Williams
nottingham_forest,SET_PIECE_CROSSES,SEASON,,FTX-05OPJ,102,30,0,2025-08-17,2026-05-17,0.5074626865671642,1,201,Elliot Anderson
nottingham_forest,SET_PIECE_CROSSES,SEASON,,FTX-05UBV,41,17,0,2025-10-26,2026-05-24,0.20398009950248755,2,201,Omari Hutchinson
nottingham_forest,SET_PIECE_CROSSES,SEASON,,FTX-05UHS,2,2,0,2025-09-27,2026-01-03,0.009950248756218905,8,201,James McAtee
nottingham_forest,SET_PIECE_CROSSES,SEASON,,FTX-06FWZ,1,1,0,2026-01-03,2026-01-03,0.004975124378109453,9,201,Murillo
nottingham_forest,SET_PIECE_CROSSES,SEASON,,FTX-06FY7,3,1,0,2025-11-09,2025-11-09,0.014925373134328358,7,201,Nicolás Domínguez
nottingham_forest,SET_PIECE_CROSSES,SEASON,,FTX-06ZNA,4,3,0,2025-09-27,2026-02-22,0.01990049751243781,6,201,Dan Ndoye
nottingham_forest,SET_PIECE_CROSSES,SEASON,,FTX-070HN,10,7,0,2025-09-13,2026-05-17,0.04975124378109453,4,201,Dilane Bakwa
nottingham_forest,SET_PIECE_KEY_PASSES,CURRENT_MANAGER_REGIME,mgr:807de4c745b0,FTX-04QR9,1,1,0,2026-02-22,2026-02-22,0.058823529411764705,3,17,Morgan Gibbs-White
nottingham_forest,SET_PIECE_KEY_PASSES,CURRENT_MANAGER_REGIME,mgr:807de4c745b0,FTX-05A6E,6,5,0,2026-03-15,2026-05-17,0.35294117647058826,1,17,Neco Williams
nottingham_forest,SET_PIECE_KEY_PASSES,CURRENT_MANAGER_REGIME,mgr:807de4c745b0,FTX-05OPJ,6,4,0,2026-03-01,2026-05-17,0.35294117647058826,1,17,Elliot Anderson
nottingham_forest,SET_PIECE_KEY_PASSES,CURRENT_MANAGER_REGIME,mgr:807de4c745b0,FTX-05UBV,2,1,0,2026-05-24,2026-05-24,0.11764705882352941,2,17,Omari Hutchinson
nottingham_forest,SET_PIECE_KEY_PASSES,CURRENT_MANAGER_REGIME,mgr:807de4c745b0,FTX-06Y9O,1,1,0,2026-04-24,2026-04-24,0.058823529411764705,3,17,Igor Jesus
nottingham_forest,SET_PIECE_KEY_PASSES,CURRENT_MANAGER_REGIME,mgr:807de4c745b0,FTX-070HN,1,1,0,2026-05-04,2026-05-04,0.058823529411764705,3,17,Dilane Bakwa
nottingham_forest,SET_PIECE_KEY_PASSES,LAST_10,,FTX-05A6E,6,5,0,2026-03-15,2026-05-17,0.4,1,15,Neco Williams
nottingham_forest,SET_PIECE_KEY_PASSES,LAST_10,,FTX-05OPJ,5,3,0,2026-03-04,2026-05-17,0.3333333333333333,2,15,Elliot Anderson
nottingham_forest,SET_PIECE_KEY_PASSES,LAST_10,,FTX-05UBV,2,1,0,2026-05-24,2026-05-24,0.13333333333333333,3,15,Omari Hutchinson
nottingham_forest,SET_PIECE_KEY_PASSES,LAST_10,,FTX-06Y9O,1,1,0,2026-04-24,2026-04-24,0.06666666666666667,4,15,Igor Jesus
nottingham_forest,SET_PIECE_KEY_PASSES,LAST_10,,FTX-070HN,1,1,0,2026-05-04,2026-05-04,0.06666666666666667,4,15,Dilane Bakwa
nottingham_forest,SET_PIECE_KEY_PASSES,LAST_5,,FTX-05A6E,2,2,0,2026-05-10,2026-05-17,0.25,1,8,Neco Williams
nottingham_forest,SET_PIECE_KEY_PASSES,LAST_5,,FTX-05OPJ,2,1,0,2026-05-17,2026-05-17,0.25,1,8,Elliot Anderson
nottingham_forest,SET_PIECE_KEY_PASSES,LAST_5,,FTX-05UBV,2,1,0,2026-05-24,2026-05-24,0.25,1,8,Omari Hutchinson
nottingham_forest,SET_PIECE_KEY_PASSES,LAST_5,,FTX-06Y9O,1,1,0,2026-04-24,2026-04-24,0.125,2,8,Igor Jesus
nottingham_forest,SET_PIECE_KEY_PASSES,LAST_5,,FTX-070HN,1,1,0,2026-05-04,2026-05-04,0.125,2,8,Dilane Bakwa
nottingham_forest,SET_PIECE_KEY_PASSES,SEASON,,FTX-04QR9,3,3,0,2025-10-18,2026-02-22,0.075,3,40,Morgan Gibbs-White
nottingham_forest,SET_PIECE_KEY_PASSES,SEASON,,FTX-05A6E,6,5,0,2026-03-15,2026-05-17,0.15,2,40,Neco Williams
nottingham_forest,SET_PIECE_KEY_PASSES,SEASON,,FTX-05OPJ,22,14,0,2025-08-31,2026-05-17,0.55,1,40,Elliot Anderson
nottingham_forest,SET_PIECE_KEY_PASSES,SEASON,,FTX-05UBV,3,2,0,2025-12-03,2026-05-24,0.075,3,40,Omari Hutchinson
nottingham_forest,SET_PIECE_KEY_PASSES,SEASON,,FTX-06FWZ,1,1,0,2025-11-22,2025-11-22,0.025,5,40,Murillo
nottingham_forest,SET_PIECE_KEY_PASSES,SEASON,,FTX-06FY7,2,2,0,2025-11-09,2025-11-30,0.05,4,40,Nicolás Domínguez
nottingham_forest,SET_PIECE_KEY_PASSES,SEASON,,FTX-06Y9O,1,1,0,2026-04-24,2026-04-24,0.025,5,40,Igor Jesus
nottingham_forest,SET_PIECE_KEY_PASSES,SEASON,,FTX-070HN,2,2,0,2025-09-27,2026-05-04,0.05,4,40,Dilane Bakwa
nottingham_forest,SHORT_INDIRECT_FREE_KICKS,CURRENT_MANAGER_REGIME,mgr:807de4c745b0,FTX-04F6H,6,4,0,2026-03-22,2026-05-04,0.6,1,10,Matz Sels
nottingham_forest,SHORT_INDIRECT_FREE_KICKS,CURRENT_MANAGER_REGIME,mgr:807de4c745b0,FTX-05OPJ,1,1,0,2026-03-01,2026-03-01,0.1,2,10,Elliot Anderson
nottingham_forest,SHORT_INDIRECT_FREE_KICKS,CURRENT_MANAGER_REGIME,mgr:807de4c745b0,FTX-06FWZ,1,1,0,2026-03-04,2026-03-04,0.1,2,10,Murillo
nottingham_forest,SHORT_INDIRECT_FREE_KICKS,CURRENT_MANAGER_REGIME,mgr:807de4c745b0,FTX-06MW0,1,1,0,2026-02-22,2026-02-22,0.1,2,10,Nikola Milenkovic
nottingham_forest,SHORT_INDIRECT_FREE_KICKS,CURRENT_MANAGER_REGIME,mgr:807de4c745b0,FTX-06PIG,1,1,0,2026-05-24,2026-05-24,0.1,2,10,Morato
nottingham_forest,SHORT_INDIRECT_FREE_KICKS,LAST_10,,FTX-04F6H,6,4,0,2026-03-22,2026-05-04,0.75,1,8,Matz Sels
nottingham_forest,SHORT_INDIRECT_FREE_KICKS,LAST_10,,FTX-06FWZ,1,1,0,2026-03-04,2026-03-04,0.125,2,8,Murillo
nottingham_forest,SHORT_INDIRECT_FREE_KICKS,LAST_10,,FTX-06PIG,1,1,0,2026-05-24,2026-05-24,0.125,2,8,Morato
nottingham_forest,SHORT_INDIRECT_FREE_KICKS,LAST_5,,FTX-04F6H,2,2,0,2026-04-24,2026-05-04,0.6666666666666666,1,3,Matz Sels
nottingham_forest,SHORT_INDIRECT_FREE_KICKS,LAST_5,,FTX-06PIG,1,1,0,2026-05-24,2026-05-24,0.3333333333333333,2,3,Morato
nottingham_forest,SHORT_INDIRECT_FREE_KICKS,SEASON,,FTX-04F6H,16,13,0,2025-08-24,2026-05-04,0.43243243243243246,1,37,Matz Sels
nottingham_forest,SHORT_INDIRECT_FREE_KICKS,SEASON,,FTX-04QR9,1,1,0,2026-01-25,2026-01-25,0.02702702702702703,5,37,Morgan Gibbs-White
nottingham_forest,SHORT_INDIRECT_FREE_KICKS,SEASON,,FTX-05OPJ,2,2,0,2025-12-22,2026-03-01,0.05405405405405406,4,37,Elliot Anderson
nottingham_forest,SHORT_INDIRECT_FREE_KICKS,SEASON,,FTX-062CW,1,1,0,2026-02-06,2026-02-06,0.02702702702702703,5,37,Stefan Ortega
nottingham_forest,SHORT_INDIRECT_FREE_KICKS,SEASON,,FTX-06FWZ,2,2,0,2026-01-03,2026-03-04,0.05405405405405406,4,37,Murillo
nottingham_forest,SHORT_INDIRECT_FREE_KICKS,SEASON,,FTX-06FXU,2,2,0,2025-10-18,2025-12-06,0.05405405405405406,4,37,Ibrahim Sangaré
nottingham_forest,SHORT_INDIRECT_FREE_KICKS,SEASON,,FTX-06FY7,1,1,0,2025-09-27,2025-09-27,0.02702702702702703,5,37,Nicolás Domínguez
nottingham_forest,SHORT_INDIRECT_FREE_KICKS,SEASON,,FTX-06MW0,5,4,0,2025-09-27,2026-02-22,0.13513513513513514,2,37,Nikola Milenkovic
nottingham_forest,SHORT_INDIRECT_FREE_KICKS,SEASON,,FTX-06PIG,2,2,0,2025-12-06,2026-05-24,0.05405405405405406,4,37,Morato
nottingham_forest,SHORT_INDIRECT_FREE_KICKS,SEASON,,FTX-06Y9O,1,1,0,2025-12-27,2025-12-27,0.02702702702702703,5,37,Igor Jesus
nottingham_forest,SHORT_INDIRECT_FREE_KICKS,SEASON,,FTX-070G8,3,3,0,2025-09-13,2025-12-22,0.08108108108108109,3,37,Nicolò Savona
nottingham_forest,SHORT_INDIRECT_FREE_KICKS,SEASON,,FTX-070GT,1,1,0,2025-12-14,2025-12-14,0.02702702702702703,5,37,John Victor
sunderland,ALL_CORNERS,CURRENT_MANAGER_REGIME,mgr:1a031e232e88,FTX-0435M,61,32,0,2025-08-16,2026-05-24,0.4420289855072464,1,138,Granit Xhaka
sunderland,ALL_CORNERS,CURRENT_MANAGER_REGIME,mgr:1a031e232e88,FTX-05UDW,1,1,0,2025-12-06,2025-12-06,0.007246376811594203,5,138,Romaine Mundle
sunderland,ALL_CORNERS,CURRENT_MANAGER_REGIME,mgr:1a031e232e88,FTX-06V0G,22,13,0,2025-08-16,2026-03-22,0.15942028985507245,3,138,Trai Hume
sunderland,ALL_CORNERS,CURRENT_MANAGER_REGIME,mgr:1a031e232e88,FTX-06V0P,50,26,0,2025-08-23,2026-05-24,0.36231884057971014,2,138,Enzo Le Fée
sunderland,ALL_CORNERS,CURRENT_MANAGER_REGIME,mgr:1a031e232e88,FTX-06YBQ,1,1,0,2025-12-06,2025-12-06,0.007246376811594203,5,138,Chemsdine Talbi
sunderland,ALL_CORNERS,CURRENT_MANAGER_REGIME,mgr:1a031e232e88,FTX-072O9,3,1,0,2026-02-22,2026-02-22,0.021739130434782608,4,138,Jocelin Ta Bi
sunderland,ALL_CORNERS,LAST_10,,FTX-0435M,22,10,0,2026-03-03,2026-05-24,0.5365853658536586,1,41,Granit Xhaka
sunderland,ALL_CORNERS,LAST_10,,FTX-06V0G,5,2,0,2026-03-14,2026-03-22,0.12195121951219512,3,41,Trai Hume
sunderland,ALL_CORNERS,LAST_10,,FTX-06V0P,14,7,0,2026-03-03,2026-05-24,0.34146341463414637,2,41,Enzo Le Fée
sunderland,ALL_CORNERS,LAST_5,,FTX-0435M,10,5,0,2026-04-24,2026-05-24,0.5,1,20,Granit Xhaka
sunderland,ALL_CORNERS,LAST_5,,FTX-06V0P,10,4,0,2026-04-24,2026-05-24,0.5,1,20,Enzo Le Fée
sunderland,ALL_CORNERS,SEASON,,FTX-0435M,61,32,0,2025-08-16,2026-05-24,0.4420289855072464,1,138,Granit Xhaka
sunderland,ALL_CORNERS,SEASON,,FTX-05UDW,1,1,0,2025-12-06,2025-12-06,0.007246376811594203,5,138,Romaine Mundle
sunderland,ALL_CORNERS,SEASON,,FTX-06V0G,22,13,0,2025-08-16,2026-03-22,0.15942028985507245,3,138,Trai Hume
sunderland,ALL_CORNERS,SEASON,,FTX-06V0P,50,26,0,2025-08-23,2026-05-24,0.36231884057971014,2,138,Enzo Le Fée
sunderland,ALL_CORNERS,SEASON,,FTX-06YBQ,1,1,0,2025-12-06,2025-12-06,0.007246376811594203,5,138,Chemsdine Talbi
sunderland,ALL_CORNERS,SEASON,,FTX-072O9,3,1,0,2026-02-22,2026-02-22,0.021739130434782608,4,138,Jocelin Ta Bi
sunderland,DIRECT_FREE_KICKS,CURRENT_MANAGER_REGIME,mgr:1a031e232e88,FTX-0435M,3,3,0,2026-01-07,2026-04-12,0.42857142857142855,2,7,Granit Xhaka
sunderland,DIRECT_FREE_KICKS,CURRENT_MANAGER_REGIME,mgr:1a031e232e88,FTX-06V0P,4,4,0,2025-10-25,2026-04-24,0.5714285714285714,1,7,Enzo Le Fée
sunderland,DIRECT_FREE_KICKS,LAST_10,,FTX-0435M,2,2,0,2026-03-14,2026-04-12,0.6666666666666666,1,3,Granit Xhaka
sunderland,DIRECT_FREE_KICKS,LAST_10,,FTX-06V0P,1,1,0,2026-04-24,2026-04-24,0.3333333333333333,2,3,Enzo Le Fée
sunderland,DIRECT_FREE_KICKS,LAST_5,,FTX-06V0P,1,1,0,2026-04-24,2026-04-24,1.0,1,1,Enzo Le Fée
sunderland,DIRECT_FREE_KICKS,SEASON,,FTX-0435M,3,3,0,2026-01-07,2026-04-12,0.42857142857142855,2,7,Granit Xhaka
sunderland,DIRECT_FREE_KICKS,SEASON,,FTX-06V0P,4,4,0,2025-10-25,2026-04-24,0.5714285714285714,1,7,Enzo Le Fée
sunderland,PENALTIES,CURRENT_MANAGER_REGIME,mgr:1a031e232e88,FTX-06V0P,4,4,3,2025-08-30,2026-02-22,0.8,1,5,Enzo Le Fée
sunderland,PENALTIES,CURRENT_MANAGER_REGIME,mgr:1a031e232e88,FTX-06Y29,1,1,1,2026-03-03,2026-03-03,0.2,2,5,Habib Diarra
sunderland,PENALTIES,LAST_10,,FTX-06Y29,1,1,1,2026-03-03,2026-03-03,1.0,1,1,Habib Diarra
sunderland,PENALTIES,SEASON,,FTX-06V0P,4,4,3,2025-08-30,2026-02-22,0.8,1,5,Enzo Le Fée
sunderland,PENALTIES,SEASON,,FTX-06Y29,1,1,1,2026-03-03,2026-03-03,0.2,2,5,Habib Diarra
sunderland,SET_PIECE_CROSSES,CURRENT_MANAGER_REGIME,mgr:1a031e232e88,FTX-0435M,73,33,0,2025-08-16,2026-05-24,0.4319526627218935,1,169,Granit Xhaka
sunderland,SET_PIECE_CROSSES,CURRENT_MANAGER_REGIME,mgr:1a031e232e88,FTX-06V0G,34,17,0,2025-08-16,2026-03-22,0.20118343195266272,3,169,Trai Hume
sunderland,SET_PIECE_CROSSES,CURRENT_MANAGER_REGIME,mgr:1a031e232e88,FTX-06V0P,56,27,0,2025-10-18,2026-05-24,0.33136094674556216,2,169,Enzo Le Fée
sunderland,SET_PIECE_CROSSES,CURRENT_MANAGER_REGIME,mgr:1a031e232e88,FTX-06YBQ,1,1,0,2025-12-06,2025-12-06,0.005917159763313609,6,169,Chemsdine Talbi
sunderland,SET_PIECE_CROSSES,CURRENT_MANAGER_REGIME,mgr:1a031e232e88,FTX-072O9,3,1,0,2026-02-22,2026-02-22,0.01775147928994083,4,169,Jocelin Ta Bi
sunderland,SET_PIECE_CROSSES,CURRENT_MANAGER_REGIME,mgr:1a031e232e88,FTX-072ZS,2,2,0,2026-02-07,2026-02-22,0.011834319526627219,5,169,Nilson Angulo
sunderland,SET_PIECE_CROSSES,LAST_10,,FTX-0435M,28,10,0,2026-03-03,2026-05-24,0.5384615384615384,1,52,Granit Xhaka
sunderland,SET_PIECE_CROSSES,LAST_10,,FTX-06V0G,7,3,0,2026-03-03,2026-03-22,0.1346153846153846,3,52,Trai Hume
sunderland,SET_PIECE_CROSSES,LAST_10,,FTX-06V0P,17,8,0,2026-03-03,2026-05-24,0.3269230769230769,2,52,Enzo Le Fée
sunderland,SET_PIECE_CROSSES,LAST_5,,FTX-0435M,15,5,0,2026-04-24,2026-05-24,0.5555555555555556,1,27,Granit Xhaka
sunderland,SET_PIECE_CROSSES,LAST_5,,FTX-06V0P,12,5,0,2026-04-24,2026-05-24,0.4444444444444444,2,27,Enzo Le Fée
sunderland,SET_PIECE_CROSSES,SEASON,,FTX-0435M,73,33,0,2025-08-16,2026-05-24,0.4319526627218935,1,169,Granit Xhaka
sunderland,SET_PIECE_CROSSES,SEASON,,FTX-06V0G,34,17,0,2025-08-16,2026-03-22,0.20118343195266272,3,169,Trai Hume
sunderland,SET_PIECE_CROSSES,SEASON,,FTX-06V0P,56,27,0,2025-10-18,2026-05-24,0.33136094674556216,2,169,Enzo Le Fée
sunderland,SET_PIECE_CROSSES,SEASON,,FTX-06YBQ,1,1,0,2025-12-06,2025-12-06,0.005917159763313609,6,169,Chemsdine Talbi
sunderland,SET_PIECE_CROSSES,SEASON,,FTX-072O9,3,1,0,2026-02-22,2026-02-22,0.01775147928994083,4,169,Jocelin Ta Bi
sunderland,SET_PIECE_CROSSES,SEASON,,FTX-072ZS,2,2,0,2026-02-07,2026-02-22,0.011834319526627219,5,169,Nilson Angulo
sunderland,SET_PIECE_KEY_PASSES,CURRENT_MANAGER_REGIME,mgr:1a031e232e88,FTX-0435M,13,11,0,2025-08-16,2026-05-09,0.37142857142857144,1,35,Granit Xhaka
sunderland,SET_PIECE_KEY_PASSES,CURRENT_MANAGER_REGIME,mgr:1a031e232e88,FTX-06V0G,3,3,0,2025-08-16,2026-03-22,0.08571428571428572,2,35,Trai Hume
sunderland,SET_PIECE_KEY_PASSES,CURRENT_MANAGER_REGIME,mgr:1a031e232e88,FTX-06V0P,13,13,0,2025-08-23,2026-05-09,0.37142857142857144,1,35,Enzo Le Fée
sunderland,SET_PIECE_KEY_PASSES,CURRENT_MANAGER_REGIME,mgr:1a031e232e88,FTX-06Y29,1,1,0,2026-04-12,2026-04-12,0.02857142857142857,4,35,Habib Diarra
sunderland,SET_PIECE_KEY_PASSES,CURRENT_MANAGER_REGIME,mgr:1a031e232e88,FTX-06YBQ,1,1,0,2025-12-06,2025-12-06,0.02857142857142857,4,35,Chemsdine Talbi
sunderland,SET_PIECE_KEY_PASSES,CURRENT_MANAGER_REGIME,mgr:1a031e232e88,FTX-06ZNB,1,1,0,2026-05-24,2026-05-24,0.02857142857142857,4,35,Robin Roefs
sunderland,SET_PIECE_KEY_PASSES,CURRENT_MANAGER_REGIME,mgr:1a031e232e88,FTX-0703C,2,2,0,2025-11-08,2026-02-11,0.05714285714285714,3,35,Nordi Mukiele
sunderland,SET_PIECE_KEY_PASSES,CURRENT_MANAGER_REGIME,mgr:1a031e232e88,FTX-072ZS,1,1,0,2026-02-07,2026-02-07,0.02857142857142857,4,35,Nilson Angulo
sunderland,SET_PIECE_KEY_PASSES,LAST_10,,FTX-0435M,2,2,0,2026-05-02,2026-05-09,0.25,2,8,Granit Xhaka
sunderland,SET_PIECE_KEY_PASSES,LAST_10,,FTX-06V0G,1,1,0,2026-03-22,2026-03-22,0.125,3,8,Trai Hume
sunderland,SET_PIECE_KEY_PASSES,LAST_10,,FTX-06V0P,3,3,0,2026-03-03,2026-05-09,0.375,1,8,Enzo Le Fée
sunderland,SET_PIECE_KEY_PASSES,LAST_10,,FTX-06Y29,1,1,0,2026-04-12,2026-04-12,0.125,3,8,Habib Diarra
sunderland,SET_PIECE_KEY_PASSES,LAST_10,,FTX-06ZNB,1,1,0,2026-05-24,2026-05-24,0.125,3,8,Robin Roefs
sunderland,SET_PIECE_KEY_PASSES,LAST_5,,FTX-0435M,2,2,0,2026-05-02,2026-05-09,0.5,1,4,Granit Xhaka
sunderland,SET_PIECE_KEY_PASSES,LAST_5,,FTX-06V0P,1,1,0,2026-05-09,2026-05-09,0.25,2,4,Enzo Le Fée
sunderland,SET_PIECE_KEY_PASSES,LAST_5,,FTX-06ZNB,1,1,0,2026-05-24,2026-05-24,0.25,2,4,Robin Roefs
sunderland,SET_PIECE_KEY_PASSES,SEASON,,FTX-0435M,13,11,0,2025-08-16,2026-05-09,0.37142857142857144,1,35,Granit Xhaka
sunderland,SET_PIECE_KEY_PASSES,SEASON,,FTX-06V0G,3,3,0,2025-08-16,2026-03-22,0.08571428571428572,2,35,Trai Hume
sunderland,SET_PIECE_KEY_PASSES,SEASON,,FTX-06V0P,13,13,0,2025-08-23,2026-05-09,0.37142857142857144,1,35,Enzo Le Fée
sunderland,SET_PIECE_KEY_PASSES,SEASON,,FTX-06Y29,1,1,0,2026-04-12,2026-04-12,0.02857142857142857,4,35,Habib Diarra
sunderland,SET_PIECE_KEY_PASSES,SEASON,,FTX-06YBQ,1,1,0,2025-12-06,2025-12-06,0.02857142857142857,4,35,Chemsdine Talbi
sunderland,SET_PIECE_KEY_PASSES,SEASON,,FTX-06ZNB,1,1,0,2026-05-24,2026-05-24,0.02857142857142857,4,35,Robin Roefs
sunderland,SET_PIECE_KEY_PASSES,SEASON,,FTX-0703C,2,2,0,2025-11-08,2026-02-11,0.05714285714285714,3,35,Nordi Mukiele
sunderland,SET_PIECE_KEY_PASSES,SEASON,,FTX-072ZS,1,1,0,2026-02-07,2026-02-07,0.02857142857142857,4,35,Nilson Angulo
sunderland,SHORT_INDIRECT_FREE_KICKS,CURRENT_MANAGER_REGIME,mgr:1a031e232e88,FTX-035N1,1,1,0,2025-10-04,2025-10-04,0.022222222222222223,6,45,Bertrand Traoré
sunderland,SHORT_INDIRECT_FREE_KICKS,CURRENT_MANAGER_REGIME,mgr:1a031e232e88,FTX-0435M,5,5,0,2025-09-27,2026-04-24,0.1111111111111111,2,45,Granit Xhaka
sunderland,SHORT_INDIRECT_FREE_KICKS,CURRENT_MANAGER_REGIME,mgr:1a031e232e88,FTX-06V0G,2,2,0,2025-08-16,2026-03-03,0.044444444444444446,5,45,Trai Hume
sunderland,SHORT_INDIRECT_FREE_KICKS,CURRENT_MANAGER_REGIME,mgr:1a031e232e88,FTX-06YB9,2,2,0,2025-11-29,2026-02-07,0.044444444444444446,5,45,Reinildo Mandava
sunderland,SHORT_INDIRECT_FREE_KICKS,CURRENT_MANAGER_REGIME,mgr:1a031e232e88,FTX-06ZNB,26,20,0,2025-08-16,2026-05-24,0.5777777777777777,1,45,Robin Roefs
sunderland,SHORT_INDIRECT_FREE_KICKS,CURRENT_MANAGER_REGIME,mgr:1a031e232e88,FTX-0700T,1,1,0,2025-12-28,2025-12-28,0.022222222222222223,6,45,Omar Alderete
sunderland,SHORT_INDIRECT_FREE_KICKS,CURRENT_MANAGER_REGIME,mgr:1a031e232e88,FTX-0703C,4,3,0,2025-08-30,2026-01-04,0.08888888888888889,3,45,Nordi Mukiele
sunderland,SHORT_INDIRECT_FREE_KICKS,CURRENT_MANAGER_REGIME,mgr:1a031e232e88,FTX-070HO,1,1,0,2025-12-28,2025-12-28,0.022222222222222223,6,45,Lutsharel Geertruida
sunderland,SHORT_INDIRECT_FREE_KICKS,CURRENT_MANAGER_REGIME,mgr:1a031e232e88,FTX-072ZP,3,3,0,2026-03-03,2026-03-22,0.06666666666666667,4,45,Melker Ellborg
sunderland,SHORT_INDIRECT_FREE_KICKS,LAST_10,,FTX-0435M,1,1,0,2026-04-24,2026-04-24,0.125,2,8,Granit Xhaka
sunderland,SHORT_INDIRECT_FREE_KICKS,LAST_10,,FTX-06V0G,1,1,0,2026-03-03,2026-03-03,0.125,2,8,Trai Hume
sunderland,SHORT_INDIRECT_FREE_KICKS,LAST_10,,FTX-06ZNB,3,3,0,2026-05-02,2026-05-24,0.375,1,8,Robin Roefs
sunderland,SHORT_INDIRECT_FREE_KICKS,LAST_10,,FTX-072ZP,3,3,0,2026-03-03,2026-03-22,0.375,1,8,Melker Ellborg
sunderland,SHORT_INDIRECT_FREE_KICKS,LAST_5,,FTX-0435M,1,1,0,2026-04-24,2026-04-24,0.25,2,4,Granit Xhaka
sunderland,SHORT_INDIRECT_FREE_KICKS,LAST_5,,FTX-06ZNB,3,3,0,2026-05-02,2026-05-24,0.75,1,4,Robin Roefs
sunderland,SHORT_INDIRECT_FREE_KICKS,SEASON,,FTX-035N1,1,1,0,2025-10-04,2025-10-04,0.022222222222222223,6,45,Bertrand Traoré
sunderland,SHORT_INDIRECT_FREE_KICKS,SEASON,,FTX-0435M,5,5,0,2025-09-27,2026-04-24,0.1111111111111111,2,45,Granit Xhaka
sunderland,SHORT_INDIRECT_FREE_KICKS,SEASON,,FTX-06V0G,2,2,0,2025-08-16,2026-03-03,0.044444444444444446,5,45,Trai Hume
sunderland,SHORT_INDIRECT_FREE_KICKS,SEASON,,FTX-06YB9,2,2,0,2025-11-29,2026-02-07,0.044444444444444446,5,45,Reinildo Mandava
sunderland,SHORT_INDIRECT_FREE_KICKS,SEASON,,FTX-06ZNB,26,20,0,2025-08-16,2026-05-24,0.5777777777777777,1,45,Robin Roefs
sunderland,SHORT_INDIRECT_FREE_KICKS,SEASON,,FTX-0700T,1,1,0,2025-12-28,2025-12-28,0.022222222222222223,6,45,Omar Alderete
sunderland,SHORT_INDIRECT_FREE_KICKS,SEASON,,FTX-0703C,4,3,0,2025-08-30,2026-01-04,0.08888888888888889,3,45,Nordi Mukiele
sunderland,SHORT_INDIRECT_FREE_KICKS,SEASON,,FTX-070HO,1,1,0,2025-12-28,2025-12-28,0.022222222222222223,6,45,Lutsharel Geertruida
sunderland,SHORT_INDIRECT_FREE_KICKS,SEASON,,FTX-072ZP,3,3,0,2026-03-03,2026-03-22,0.06666666666666667,4,45,Melker Ellborg
tottenham_hotspur,ALL_CORNERS,CURRENT_MANAGER_REGIME,mgr:b283d24885e5,FTX-0414O,4,1,0,2026-05-11,2026-05-11,0.08333333333333333,4,48,James Maddison
tottenham_hotspur,ALL_CORNERS,CURRENT_MANAGER_REGIME,mgr:b283d24885e5,FTX-05N07,26,7,0,2026-04-12,2026-05-24,0.5416666666666666,1,48,Pedro Porro
tottenham_hotspur,ALL_CORNERS,CURRENT_MANAGER_REGIME,mgr:b283d24885e5,FTX-06RM8,13,4,0,2026-05-03,2026-05-24,0.2708333333333333,2,48,Mathys Tel
tottenham_hotspur,ALL_CORNERS,CURRENT_MANAGER_REGIME,mgr:b283d24885e5,FTX-070FA,5,2,0,2026-04-18,2026-04-25,0.10416666666666667,3,48,Xavi Simons
tottenham_hotspur,ALL_CORNERS,LAST_10,,FTX-0414O,4,1,0,2026-05-11,2026-05-11,0.056338028169014086,4,71,James Maddison
tottenham_hotspur,ALL_CORNERS,LAST_10,,FTX-05N07,31,9,0,2026-03-05,2026-05-24,0.43661971830985913,1,71,Pedro Porro
tottenham_hotspur,ALL_CORNERS,LAST_10,,FTX-06RM8,29,7,0,2026-03-05,2026-05-24,0.4084507042253521,2,71,Mathys Tel
tottenham_hotspur,ALL_CORNERS,LAST_10,,FTX-070FA,6,3,0,2026-03-15,2026-04-25,0.08450704225352113,3,71,Xavi Simons
tottenham_hotspur,ALL_CORNERS,LAST_10,,FTX-072PY,1,1,0,2026-03-05,2026-03-05,0.014084507042253521,5,71,Souza
tottenham_hotspur,ALL_CORNERS,LAST_5,,FTX-0414O,4,1,0,2026-05-11,2026-05-11,0.11428571428571428,3,35,James Maddison
tottenham_hotspur,ALL_CORNERS,LAST_5,,FTX-05N07,15,5,0,2026-04-25,2026-05-24,0.42857142857142855,1,35,Pedro Porro
tottenham_hotspur,ALL_CORNERS,LAST_5,,FTX-06RM8,13,4,0,2026-05-03,2026-05-24,0.37142857142857144,2,35,Mathys Tel
tottenham_hotspur,ALL_CORNERS,LAST_5,,FTX-070FA,3,1,0,2026-04-25,2026-04-25,0.08571428571428572,4,35,Xavi Simons
tottenham_hotspur,ALL_CORNERS,SEASON,,FTX-0414O,4,1,0,2026-05-11,2026-05-11,0.019138755980861243,4,209,James Maddison
tottenham_hotspur,ALL_CORNERS,SEASON,,FTX-05N07,73,27,0,2025-08-16,2026-05-24,0.3492822966507177,1,209,Pedro Porro
tottenham_hotspur,ALL_CORNERS,SEASON,,FTX-06FV8,49,12,0,2025-08-16,2025-12-14,0.23444976076555024,2,209,Mohammed Kudus
tottenham_hotspur,ALL_CORNERS,SEASON,,FTX-06RM8,49,15,0,2025-10-19,2026-05-24,0.23444976076555024,2,209,Mathys Tel
tottenham_hotspur,ALL_CORNERS,SEASON,,FTX-070FA,33,12,0,2025-09-13,2026-04-25,0.15789473684210525,3,209,Xavi Simons
tottenham_hotspur,ALL_CORNERS,SEASON,,FTX-072PY,1,1,0,2026-03-05,2026-03-05,0.004784688995215311,5,209,Souza
tottenham_hotspur,DIRECT_FREE_KICKS,CURRENT_MANAGER_REGIME,mgr:b283d24885e5,FTX-0414O,1,1,0,2026-05-19,2026-05-19,0.3333333333333333,2,3,James Maddison
tottenham_hotspur,DIRECT_FREE_KICKS,CURRENT_MANAGER_REGIME,mgr:b283d24885e5,FTX-05N07,2,2,0,2026-04-12,2026-05-11,0.6666666666666666,1,3,Pedro Porro
tottenham_hotspur,DIRECT_FREE_KICKS,LAST_10,,FTX-0414O,1,1,0,2026-05-19,2026-05-19,0.25,2,4,James Maddison
tottenham_hotspur,DIRECT_FREE_KICKS,LAST_10,,FTX-05N07,2,2,0,2026-04-12,2026-05-11,0.5,1,4,Pedro Porro
tottenham_hotspur,DIRECT_FREE_KICKS,LAST_10,,FTX-070FA,1,1,0,2026-03-05,2026-03-05,0.25,2,4,Xavi Simons
tottenham_hotspur,DIRECT_FREE_KICKS,LAST_5,,FTX-0414O,1,1,0,2026-05-19,2026-05-19,0.5,1,2,James Maddison
tottenham_hotspur,DIRECT_FREE_KICKS,LAST_5,,FTX-05N07,1,1,0,2026-05-11,2026-05-11,0.5,1,2,Pedro Porro
tottenham_hotspur,DIRECT_FREE_KICKS,SEASON,,FTX-0414O,1,1,0,2026-05-19,2026-05-19,0.08333333333333333,4,12,James Maddison
tottenham_hotspur,DIRECT_FREE_KICKS,SEASON,,FTX-05N07,6,5,0,2025-08-23,2026-05-11,0.5,1,12,Pedro Porro
tottenham_hotspur,DIRECT_FREE_KICKS,SEASON,,FTX-06FV8,2,2,0,2025-10-04,2025-10-26,0.16666666666666666,3,12,Mohammed Kudus
tottenham_hotspur,DIRECT_FREE_KICKS,SEASON,,FTX-070FA,3,2,0,2026-02-01,2026-03-05,0.25,2,12,Xavi Simons
tottenham_hotspur,SET_PIECE_CROSSES,CURRENT_MANAGER_REGIME,mgr:b283d24885e5,FTX-0414O,4,1,0,2026-05-11,2026-05-11,0.08695652173913043,3,46,James Maddison
tottenham_hotspur,SET_PIECE_CROSSES,CURRENT_MANAGER_REGIME,mgr:b283d24885e5,FTX-05N07,27,7,0,2026-04-12,2026-05-24,0.5869565217391305,1,46,Pedro Porro
tottenham_hotspur,SET_PIECE_CROSSES,CURRENT_MANAGER_REGIME,mgr:b283d24885e5,FTX-06RM8,13,4,0,2026-05-03,2026-05-24,0.2826086956521739,2,46,Mathys Tel
tottenham_hotspur,SET_PIECE_CROSSES,CURRENT_MANAGER_REGIME,mgr:b283d24885e5,FTX-070FA,2,2,0,2026-04-18,2026-04-25,0.043478260869565216,4,46,Xavi Simons
tottenham_hotspur,SET_PIECE_CROSSES,LAST_10,,FTX-0414O,4,1,0,2026-05-11,2026-05-11,0.058823529411764705,3,68,James Maddison
tottenham_hotspur,SET_PIECE_CROSSES,LAST_10,,FTX-05N07,33,9,0,2026-03-05,2026-05-24,0.4852941176470588,1,68,Pedro Porro
tottenham_hotspur,SET_PIECE_CROSSES,LAST_10,,FTX-06RM8,28,7,0,2026-03-05,2026-05-24,0.4117647058823529,2,68,Mathys Tel
tottenham_hotspur,SET_PIECE_CROSSES,LAST_10,,FTX-070FA,3,3,0,2026-03-05,2026-04-25,0.04411764705882353,4,68,Xavi Simons
tottenham_hotspur,SET_PIECE_CROSSES,LAST_5,,FTX-0414O,4,1,0,2026-05-11,2026-05-11,0.11428571428571428,3,35,James Maddison
tottenham_hotspur,SET_PIECE_CROSSES,LAST_5,,FTX-05N07,17,5,0,2026-04-25,2026-05-24,0.4857142857142857,1,35,Pedro Porro
tottenham_hotspur,SET_PIECE_CROSSES,LAST_5,,FTX-06RM8,13,4,0,2026-05-03,2026-05-24,0.37142857142857144,2,35,Mathys Tel
tottenham_hotspur,SET_PIECE_CROSSES,LAST_5,,FTX-070FA,1,1,0,2026-04-25,2026-04-25,0.02857142857142857,4,35,Xavi Simons
tottenham_hotspur,SET_PIECE_CROSSES,SEASON,,FTX-0414O,4,1,0,2026-05-11,2026-05-11,0.018433179723502304,5,217,James Maddison
tottenham_hotspur,SET_PIECE_CROSSES,SEASON,,FTX-05N07,82,29,0,2025-08-16,2026-05-24,0.3778801843317972,1,217,Pedro Porro
tottenham_hotspur,SET_PIECE_CROSSES,SEASON,,FTX-06FV8,48,13,0,2025-08-16,2025-12-14,0.22119815668202766,3,217,Mohammed Kudus
tottenham_hotspur,SET_PIECE_CROSSES,SEASON,,FTX-06RM8,50,15,0,2025-10-19,2026-05-24,0.2304147465437788,2,217,Mathys Tel
tottenham_hotspur,SET_PIECE_CROSSES,SEASON,,FTX-070FA,33,12,0,2025-09-13,2026-04-25,0.15207373271889402,4,217,Xavi Simons
tottenham_hotspur,SET_PIECE_KEY_PASSES,CURRENT_MANAGER_REGIME,mgr:b283d24885e5,FTX-04IO4,1,1,0,2026-04-25,2026-04-25,0.06666666666666667,3,15,Richarlison
tottenham_hotspur,SET_PIECE_KEY_PASSES,CURRENT_MANAGER_REGIME,mgr:b283d24885e5,FTX-05N07,8,6,0,2026-04-12,2026-05-24,0.5333333333333333,1,15,Pedro Porro
tottenham_hotspur,SET_PIECE_KEY_PASSES,CURRENT_MANAGER_REGIME,mgr:b283d24885e5,FTX-06RM8,5,3,0,2026-05-03,2026-05-24,0.3333333333333333,2,15,Mathys Tel
tottenham_hotspur,SET_PIECE_KEY_PASSES,CURRENT_MANAGER_REGIME,mgr:b283d24885e5,FTX-070FA,1,1,0,2026-04-25,2026-04-25,0.06666666666666667,3,15,Xavi Simons
tottenham_hotspur,SET_PIECE_KEY_PASSES,LAST_10,,FTX-04IO4,1,1,0,2026-04-25,2026-04-25,0.043478260869565216,4,23,Richarlison
tottenham_hotspur,SET_PIECE_KEY_PASSES,LAST_10,,FTX-05N07,10,7,0,2026-03-22,2026-05-24,0.43478260869565216,1,23,Pedro Porro
tottenham_hotspur,SET_PIECE_KEY_PASSES,LAST_10,,FTX-05Y7C,1,1,0,2026-03-05,2026-03-05,0.043478260869565216,4,23,Archie Gray
tottenham_hotspur,SET_PIECE_KEY_PASSES,LAST_10,,FTX-06RM8,9,6,0,2026-03-05,2026-05-24,0.391304347826087,2,23,Mathys Tel
tottenham_hotspur,SET_PIECE_KEY_PASSES,LAST_10,,FTX-070FA,2,2,0,2026-03-05,2026-04-25,0.08695652173913043,3,23,Xavi Simons
tottenham_hotspur,SET_PIECE_KEY_PASSES,LAST_5,,FTX-04IO4,1,1,0,2026-04-25,2026-04-25,0.07142857142857142,3,14,Richarlison
tottenham_hotspur,SET_PIECE_KEY_PASSES,LAST_5,,FTX-05N07,7,5,0,2026-04-25,2026-05-24,0.5,1,14,Pedro Porro
tottenham_hotspur,SET_PIECE_KEY_PASSES,LAST_5,,FTX-06RM8,5,3,0,2026-05-03,2026-05-24,0.35714285714285715,2,14,Mathys Tel
tottenham_hotspur,SET_PIECE_KEY_PASSES,LAST_5,,FTX-070FA,1,1,0,2026-04-25,2026-04-25,0.07142857142857142,3,14,Xavi Simons
tottenham_hotspur,SET_PIECE_KEY_PASSES,SEASON,,FTX-04IO4,2,2,0,2025-12-28,2026-04-25,0.038461538461538464,5,52,Richarlison
tottenham_hotspur,SET_PIECE_KEY_PASSES,SEASON,,FTX-05N07,20,15,0,2025-08-23,2026-05-24,0.38461538461538464,1,52,Pedro Porro
tottenham_hotspur,SET_PIECE_KEY_PASSES,SEASON,,FTX-05UOC,1,1,0,2025-12-06,2025-12-06,0.019230769230769232,6,52,Cristian Romero
tottenham_hotspur,SET_PIECE_KEY_PASSES,SEASON,,FTX-05W7T,1,1,0,2026-02-10,2026-02-10,0.019230769230769232,6,52,Pape Matar Sarr
tottenham_hotspur,SET_PIECE_KEY_PASSES,SEASON,,FTX-05Y7C,1,1,0,2026-03-05,2026-03-05,0.019230769230769232,6,52,Archie Gray
tottenham_hotspur,SET_PIECE_KEY_PASSES,SEASON,,FTX-062DT,1,1,0,2025-10-19,2025-10-19,0.019230769230769232,6,52,João Palhinha
tottenham_hotspur,SET_PIECE_KEY_PASSES,SEASON,,FTX-06EZB,1,1,0,2026-01-04,2026-01-04,0.019230769230769232,6,52,Micky van de Ven
tottenham_hotspur,SET_PIECE_KEY_PASSES,SEASON,,FTX-06FHY,1,1,0,2025-11-08,2025-11-08,0.019230769230769232,6,52,Wilson Odobert
tottenham_hotspur,SET_PIECE_KEY_PASSES,SEASON,,FTX-06FV8,7,5,0,2025-08-16,2025-11-29,0.1346153846153846,3,52,Mohammed Kudus
tottenham_hotspur,SET_PIECE_KEY_PASSES,SEASON,,FTX-06RM8,12,9,0,2025-12-14,2026-05-24,0.23076923076923078,2,52,Mathys Tel
tottenham_hotspur,SET_PIECE_KEY_PASSES,SEASON,,FTX-070FA,5,5,0,2025-09-13,2026-04-25,0.09615384615384616,4,52,Xavi Simons
tottenham_hotspur,SHORT_INDIRECT_FREE_KICKS,CURRENT_MANAGER_REGIME,mgr:b283d24885e5,FTX-057CR,2,2,0,2026-05-03,2026-05-11,0.25,2,8,Kevin Danso
tottenham_hotspur,SHORT_INDIRECT_FREE_KICKS,CURRENT_MANAGER_REGIME,mgr:b283d24885e5,FTX-05W7T,1,1,0,2026-05-24,2026-05-24,0.125,3,8,Pape Matar Sarr
tottenham_hotspur,SHORT_INDIRECT_FREE_KICKS,CURRENT_MANAGER_REGIME,mgr:b283d24885e5,FTX-06R6S,5,4,0,2026-04-25,2026-05-19,0.625,1,8,Antonín Kinsky
tottenham_hotspur,SHORT_INDIRECT_FREE_KICKS,LAST_10,,FTX-057CR,2,2,0,2026-05-03,2026-05-11,0.2222222222222222,2,9,Kevin Danso
tottenham_hotspur,SHORT_INDIRECT_FREE_KICKS,LAST_10,,FTX-05W7T,1,1,0,2026-05-24,2026-05-24,0.1111111111111111,3,9,Pape Matar Sarr
tottenham_hotspur,SHORT_INDIRECT_FREE_KICKS,LAST_10,,FTX-06CMB,1,1,0,2026-03-05,2026-03-05,0.1111111111111111,3,9,Guglielmo Vicario
tottenham_hotspur,SHORT_INDIRECT_FREE_KICKS,LAST_10,,FTX-06R6S,5,4,0,2026-04-25,2026-05-19,0.5555555555555556,1,9,Antonín Kinsky
tottenham_hotspur,SHORT_INDIRECT_FREE_KICKS,LAST_5,,FTX-057CR,2,2,0,2026-05-03,2026-05-11,0.25,2,8,Kevin Danso
tottenham_hotspur,SHORT_INDIRECT_FREE_KICKS,LAST_5,,FTX-05W7T,1,1,0,2026-05-24,2026-05-24,0.125,3,8,Pape Matar Sarr
tottenham_hotspur,SHORT_INDIRECT_FREE_KICKS,LAST_5,,FTX-06R6S,5,4,0,2026-04-25,2026-05-19,0.625,1,8,Antonín Kinsky
tottenham_hotspur,SHORT_INDIRECT_FREE_KICKS,SEASON,,FTX-051K8,2,2,0,2026-01-17,2026-02-01,0.027777777777777776,5,72,Conor Gallagher
tottenham_hotspur,SHORT_INDIRECT_FREE_KICKS,SEASON,,FTX-057CR,5,4,0,2025-11-29,2026-05-11,0.06944444444444445,3,72,Kevin Danso
tottenham_hotspur,SHORT_INDIRECT_FREE_KICKS,SEASON,,FTX-05N07,2,2,0,2025-11-29,2026-01-04,0.027777777777777776,5,72,Pedro Porro
tottenham_hotspur,SHORT_INDIRECT_FREE_KICKS,SEASON,,FTX-05UOC,19,11,0,2025-08-16,2026-01-17,0.2638888888888889,2,72,Cristian Romero
tottenham_hotspur,SHORT_INDIRECT_FREE_KICKS,SEASON,,FTX-05W7T,2,2,0,2026-02-10,2026-05-24,0.027777777777777776,5,72,Pape Matar Sarr
tottenham_hotspur,SHORT_INDIRECT_FREE_KICKS,SEASON,,FTX-05Y7C,1,1,0,2026-03-01,2026-03-01,0.013888888888888888,6,72,Archie Gray
tottenham_hotspur,SHORT_INDIRECT_FREE_KICKS,SEASON,,FTX-05YLW,1,1,0,2025-10-26,2025-10-26,0.013888888888888888,6,72,Rodrigo Bentancur
tottenham_hotspur,SHORT_INDIRECT_FREE_KICKS,SEASON,,FTX-062DT,2,2,0,2025-11-08,2026-02-01,0.027777777777777776,5,72,João Palhinha
tottenham_hotspur,SHORT_INDIRECT_FREE_KICKS,SEASON,,FTX-063Y7,1,1,0,2025-11-23,2025-11-23,0.013888888888888888,6,72,Destiny Udogie
tottenham_hotspur,SHORT_INDIRECT_FREE_KICKS,SEASON,,FTX-06CMB,28,19,0,2025-08-16,2026-03-05,0.3888888888888889,1,72,Guglielmo Vicario
tottenham_hotspur,SHORT_INDIRECT_FREE_KICKS,SEASON,,FTX-06EZB,3,3,0,2025-12-14,2026-02-10,0.041666666666666664,4,72,Micky van de Ven
tottenham_hotspur,SHORT_INDIRECT_FREE_KICKS,SEASON,,FTX-06R6S,5,4,0,2026-04-25,2026-05-19,0.06944444444444445,3,72,Antonín Kinsky
tottenham_hotspur,SHORT_INDIRECT_FREE_KICKS,SEASON,,FTX-070FA,1,1,0,2026-02-10,2026-02-10,0.013888888888888888,6,72,Xavi Simons
west_ham,ALL_CORNERS,CURRENT_MANAGER_REGIME,mgr:b68b19e445ac,FTX-046C5,54,19,0,2025-12-04,2026-05-24,0.34615384615384615,1,156,Jarrod Bowen
west_ham,ALL_CORNERS,CURRENT_MANAGER_REGIME,mgr:b68b19e445ac,FTX-05RL4,30,14,0,2025-11-08,2026-05-24,0.19230769230769232,2,156,Crysencio Summerville
west_ham,ALL_CORNERS,CURRENT_MANAGER_REGIME,mgr:b68b19e445ac,FTX-05Y5B,25,9,0,2025-11-02,2025-12-30,0.16025641025641027,3,156,Freddie Potts
west_ham,ALL_CORNERS,CURRENT_MANAGER_REGIME,mgr:b68b19e445ac,FTX-0647T,10,3,0,2025-09-29,2025-11-02,0.0641025641025641,6,156,Lucas Paquetá
west_ham,ALL_CORNERS,CURRENT_MANAGER_REGIME,mgr:b68b19e445ac,FTX-06635,18,6,0,2025-12-27,2026-01-31,0.11538461538461539,4,156,Ollie Scarles
west_ham,ALL_CORNERS,CURRENT_MANAGER_REGIME,mgr:b68b19e445ac,FTX-06KYX,7,2,0,2025-10-20,2025-12-04,0.04487179487179487,7,156,Andy Irving
west_ham,ALL_CORNERS,CURRENT_MANAGER_REGIME,mgr:b68b19e445ac,FTX-06PE1,12,5,0,2025-10-24,2026-03-22,0.07692307692307693,5,156,Mateus Fernandes
west_ham,ALL_CORNERS,LAST_10,,FTX-046C5,30,10,0,2026-03-04,2026-05-24,0.6976744186046512,1,43,Jarrod Bowen
west_ham,ALL_CORNERS,LAST_10,,FTX-05RL4,12,6,0,2026-03-04,2026-05-24,0.27906976744186046,2,43,Crysencio Summerville
west_ham,ALL_CORNERS,LAST_10,,FTX-06PE1,1,1,0,2026-03-22,2026-03-22,0.023255813953488372,3,43,Mateus Fernandes
west_ham,ALL_CORNERS,LAST_5,,FTX-046C5,11,5,0,2026-04-25,2026-05-24,0.55,1,20,Jarrod Bowen
west_ham,ALL_CORNERS,LAST_5,,FTX-05RL4,9,4,0,2026-04-25,2026-05-24,0.45,2,20,Crysencio Summerville
west_ham,ALL_CORNERS,SEASON,,FTX-02OQ8,14,5,0,2025-08-16,2025-09-20,0.0748663101604278,5,187,James Ward-Prowse
west_ham,ALL_CORNERS,SEASON,,FTX-046C5,57,21,0,2025-08-16,2026-05-24,0.3048128342245989,1,187,Jarrod Bowen
west_ham,ALL_CORNERS,SEASON,,FTX-05RL4,30,14,0,2025-11-08,2026-05-24,0.16042780748663102,2,187,Crysencio Summerville
west_ham,ALL_CORNERS,SEASON,,FTX-05Y5B,25,9,0,2025-11-02,2025-12-30,0.13368983957219252,3,187,Freddie Potts
west_ham,ALL_CORNERS,SEASON,,FTX-0647T,11,4,0,2025-08-16,2025-11-02,0.058823529411764705,8,187,Lucas Paquetá
west_ham,ALL_CORNERS,SEASON,,FTX-06635,18,6,0,2025-12-27,2026-01-31,0.0962566844919786,4,187,Ollie Scarles
west_ham,ALL_CORNERS,SEASON,,FTX-06KYX,12,4,0,2025-08-16,2025-12-04,0.06417112299465241,7,187,Andy Irving
west_ham,ALL_CORNERS,SEASON,,FTX-06PE1,13,6,0,2025-08-31,2026-03-22,0.06951871657754011,6,187,Mateus Fernandes
west_ham,ALL_CORNERS,SEASON,,FTX-06YMU,7,2,0,2025-08-16,2025-09-20,0.0374331550802139,9,187,El Hadji Malick Diouf
west_ham,DIRECT_FREE_KICKS,CURRENT_MANAGER_REGIME,mgr:b68b19e445ac,FTX-046C5,1,1,0,2025-11-08,2025-11-08,0.25,2,4,Jarrod Bowen
west_ham,DIRECT_FREE_KICKS,CURRENT_MANAGER_REGIME,mgr:b68b19e445ac,FTX-0647T,2,2,0,2025-11-02,2025-12-20,0.5,1,4,Lucas Paquetá
west_ham,DIRECT_FREE_KICKS,CURRENT_MANAGER_REGIME,mgr:b68b19e445ac,FTX-072JF,1,1,0,2026-05-17,2026-05-17,0.25,2,4,Valentín Castellanos
west_ham,DIRECT_FREE_KICKS,LAST_10,,FTX-072JF,1,1,0,2026-05-17,2026-05-17,1.0,1,1,Valentín Castellanos
west_ham,DIRECT_FREE_KICKS,LAST_5,,FTX-072JF,1,1,0,2026-05-17,2026-05-17,1.0,1,1,Valentín Castellanos
west_ham,DIRECT_FREE_KICKS,SEASON,,FTX-02OQ8,1,1,0,2025-08-22,2025-08-22,0.2,2,5,James Ward-Prowse
west_ham,DIRECT_FREE_KICKS,SEASON,,FTX-046C5,1,1,0,2025-11-08,2025-11-08,0.2,2,5,Jarrod Bowen
west_ham,DIRECT_FREE_KICKS,SEASON,,FTX-0647T,2,2,0,2025-11-02,2025-12-20,0.4,1,5,Lucas Paquetá
west_ham,DIRECT_FREE_KICKS,SEASON,,FTX-072JF,1,1,0,2026-05-17,2026-05-17,0.2,2,5,Valentín Castellanos
west_ham,PENALTIES,CURRENT_MANAGER_REGIME,mgr:b68b19e445ac,FTX-046C5,1,1,1,2026-01-24,2026-01-24,0.5,1,2,Jarrod Bowen
west_ham,PENALTIES,CURRENT_MANAGER_REGIME,mgr:b68b19e445ac,FTX-0647T,1,1,1,2025-12-30,2025-12-30,0.5,1,2,Lucas Paquetá
west_ham,PENALTIES,SEASON,,FTX-046C5,1,1,1,2026-01-24,2026-01-24,0.3333333333333333,2,3,Jarrod Bowen
west_ham,PENALTIES,SEASON,,FTX-0647T,2,2,2,2025-08-31,2025-12-30,0.6666666666666666,1,3,Lucas Paquetá
west_ham,SET_PIECE_CROSSES,CURRENT_MANAGER_REGIME,mgr:b68b19e445ac,FTX-046C5,55,20,0,2025-12-04,2026-05-24,0.3089887640449438,1,178,Jarrod Bowen
west_ham,SET_PIECE_CROSSES,CURRENT_MANAGER_REGIME,mgr:b68b19e445ac,FTX-05RL4,29,16,0,2025-10-20,2026-05-24,0.16292134831460675,2,178,Crysencio Summerville
west_ham,SET_PIECE_CROSSES,CURRENT_MANAGER_REGIME,mgr:b68b19e445ac,FTX-05Y5B,28,10,0,2025-11-02,2026-01-03,0.15730337078651685,3,178,Freddie Potts
west_ham,SET_PIECE_CROSSES,CURRENT_MANAGER_REGIME,mgr:b68b19e445ac,FTX-0647T,14,5,0,2025-09-29,2025-11-08,0.07865168539325842,5,178,Lucas Paquetá
west_ham,SET_PIECE_CROSSES,CURRENT_MANAGER_REGIME,mgr:b68b19e445ac,FTX-06635,22,7,0,2025-12-27,2026-01-31,0.12359550561797752,4,178,Ollie Scarles
west_ham,SET_PIECE_CROSSES,CURRENT_MANAGER_REGIME,mgr:b68b19e445ac,FTX-06KYX,5,2,0,2025-10-20,2025-12-04,0.028089887640449437,6,178,Andy Irving
west_ham,SET_PIECE_CROSSES,CURRENT_MANAGER_REGIME,mgr:b68b19e445ac,FTX-06PE1,22,9,0,2025-10-24,2026-04-20,0.12359550561797752,4,178,Mateus Fernandes
west_ham,SET_PIECE_CROSSES,CURRENT_MANAGER_REGIME,mgr:b68b19e445ac,FTX-06YMU,3,2,0,2026-04-25,2026-05-10,0.016853932584269662,7,178,El Hadji Malick Diouf
west_ham,SET_PIECE_CROSSES,LAST_10,,FTX-046C5,29,10,0,2026-03-04,2026-05-24,0.6170212765957447,1,47,Jarrod Bowen
west_ham,SET_PIECE_CROSSES,LAST_10,,FTX-05RL4,12,7,0,2026-03-04,2026-05-24,0.2553191489361702,2,47,Crysencio Summerville
west_ham,SET_PIECE_CROSSES,LAST_10,,FTX-06PE1,3,3,0,2026-03-04,2026-04-20,0.06382978723404255,3,47,Mateus Fernandes
west_ham,SET_PIECE_CROSSES,LAST_10,,FTX-06YMU,3,2,0,2026-04-25,2026-05-10,0.06382978723404255,3,47,El Hadji Malick Diouf
west_ham,SET_PIECE_CROSSES,LAST_5,,FTX-046C5,11,5,0,2026-04-25,2026-05-24,0.5,1,22,Jarrod Bowen
west_ham,SET_PIECE_CROSSES,LAST_5,,FTX-05RL4,8,4,0,2026-04-25,2026-05-24,0.36363636363636365,2,22,Crysencio Summerville
west_ham,SET_PIECE_CROSSES,LAST_5,,FTX-06YMU,3,2,0,2026-04-25,2026-05-10,0.13636363636363635,3,22,El Hadji Malick Diouf
west_ham,SET_PIECE_CROSSES,SEASON,,FTX-02OQ8,19,5,0,2025-08-16,2025-09-20,0.08878504672897196,6,214,James Ward-Prowse
west_ham,SET_PIECE_CROSSES,SEASON,,FTX-046C5,58,22,0,2025-08-16,2026-05-24,0.27102803738317754,1,214,Jarrod Bowen
west_ham,SET_PIECE_CROSSES,SEASON,,FTX-05RL4,29,16,0,2025-10-20,2026-05-24,0.13551401869158877,2,214,Crysencio Summerville
west_ham,SET_PIECE_CROSSES,SEASON,,FTX-05Y5B,28,10,0,2025-11-02,2026-01-03,0.1308411214953271,3,214,Freddie Potts
west_ham,SET_PIECE_CROSSES,SEASON,,FTX-0647T,15,6,0,2025-08-16,2025-11-08,0.07009345794392523,7,214,Lucas Paquetá
west_ham,SET_PIECE_CROSSES,SEASON,,FTX-06635,22,7,0,2025-12-27,2026-01-31,0.102803738317757,5,214,Ollie Scarles
west_ham,SET_PIECE_CROSSES,SEASON,,FTX-06KYX,9,3,0,2025-08-16,2025-12-04,0.04205607476635514,9,214,Andy Irving
west_ham,SET_PIECE_CROSSES,SEASON,,FTX-06PE1,23,10,0,2025-08-31,2026-04-20,0.10747663551401869,4,214,Mateus Fernandes
west_ham,SET_PIECE_CROSSES,SEASON,,FTX-06YMU,11,4,0,2025-08-16,2026-05-10,0.0514018691588785,8,214,El Hadji Malick Diouf
west_ham,SET_PIECE_KEY_PASSES,CURRENT_MANAGER_REGIME,mgr:b68b19e445ac,FTX-046C5,13,10,0,2026-01-06,2026-05-24,0.35135135135135137,1,37,Jarrod Bowen
west_ham,SET_PIECE_KEY_PASSES,CURRENT_MANAGER_REGIME,mgr:b68b19e445ac,FTX-05OEF,1,1,0,2025-11-22,2025-11-22,0.02702702702702703,4,37,Alphonse Areola
west_ham,SET_PIECE_KEY_PASSES,CURRENT_MANAGER_REGIME,mgr:b68b19e445ac,FTX-05RL4,5,3,0,2026-01-17,2026-05-24,0.13513513513513514,2,37,Crysencio Summerville
west_ham,SET_PIECE_KEY_PASSES,CURRENT_MANAGER_REGIME,mgr:b68b19e445ac,FTX-05Y5B,5,3,0,2025-11-02,2025-12-07,0.13513513513513514,2,37,Freddie Potts
west_ham,SET_PIECE_KEY_PASSES,CURRENT_MANAGER_REGIME,mgr:b68b19e445ac,FTX-0647T,4,2,0,2025-09-29,2025-10-04,0.10810810810810811,3,37,Lucas Paquetá
west_ham,SET_PIECE_KEY_PASSES,CURRENT_MANAGER_REGIME,mgr:b68b19e445ac,FTX-06635,1,1,0,2025-12-30,2025-12-30,0.02702702702702703,4,37,Ollie Scarles
west_ham,SET_PIECE_KEY_PASSES,CURRENT_MANAGER_REGIME,mgr:b68b19e445ac,FTX-06KYX,1,1,0,2025-12-04,2025-12-04,0.02702702702702703,4,37,Andy Irving
west_ham,SET_PIECE_KEY_PASSES,CURRENT_MANAGER_REGIME,mgr:b68b19e445ac,FTX-06ONX,1,1,0,2025-11-22,2025-11-22,0.02702702702702703,4,37,Jean-Clair Todibo
west_ham,SET_PIECE_KEY_PASSES,CURRENT_MANAGER_REGIME,mgr:b68b19e445ac,FTX-06PE1,5,4,0,2026-01-03,2026-03-22,0.13513513513513514,2,37,Mateus Fernandes
west_ham,SET_PIECE_KEY_PASSES,CURRENT_MANAGER_REGIME,mgr:b68b19e445ac,FTX-06YMU,1,1,0,2026-04-25,2026-04-25,0.02702702702702703,4,37,El Hadji Malick Diouf
west_ham,SET_PIECE_KEY_PASSES,LAST_10,,FTX-046C5,8,7,0,2026-03-04,2026-05-24,0.6666666666666666,1,12,Jarrod Bowen
west_ham,SET_PIECE_KEY_PASSES,LAST_10,,FTX-05RL4,2,1,0,2026-05-24,2026-05-24,0.16666666666666666,2,12,Crysencio Summerville
west_ham,SET_PIECE_KEY_PASSES,LAST_10,,FTX-06PE1,1,1,0,2026-03-22,2026-03-22,0.08333333333333333,3,12,Mateus Fernandes
west_ham,SET_PIECE_KEY_PASSES,LAST_10,,FTX-06YMU,1,1,0,2026-04-25,2026-04-25,0.08333333333333333,3,12,El Hadji Malick Diouf
west_ham,SET_PIECE_KEY_PASSES,LAST_5,,FTX-046C5,4,3,0,2026-04-25,2026-05-24,0.5714285714285714,1,7,Jarrod Bowen
west_ham,SET_PIECE_KEY_PASSES,LAST_5,,FTX-05RL4,2,1,0,2026-05-24,2026-05-24,0.2857142857142857,2,7,Crysencio Summerville
west_ham,SET_PIECE_KEY_PASSES,LAST_5,,FTX-06YMU,1,1,0,2026-04-25,2026-04-25,0.14285714285714285,3,7,El Hadji Malick Diouf
west_ham,SET_PIECE_KEY_PASSES,SEASON,,FTX-02OQ8,9,4,0,2025-08-22,2025-09-20,0.1875,2,48,James Ward-Prowse
west_ham,SET_PIECE_KEY_PASSES,SEASON,,FTX-046C5,13,10,0,2026-01-06,2026-05-24,0.2708333333333333,1,48,Jarrod Bowen
west_ham,SET_PIECE_KEY_PASSES,SEASON,,FTX-05OEF,1,1,0,2025-11-22,2025-11-22,0.020833333333333332,6,48,Alphonse Areola
west_ham,SET_PIECE_KEY_PASSES,SEASON,,FTX-05RL4,5,3,0,2026-01-17,2026-05-24,0.10416666666666667,3,48,Crysencio Summerville
west_ham,SET_PIECE_KEY_PASSES,SEASON,,FTX-05Y5B,5,3,0,2025-11-02,2025-12-07,0.10416666666666667,3,48,Freddie Potts
west_ham,SET_PIECE_KEY_PASSES,SEASON,,FTX-0647T,4,2,0,2025-09-29,2025-10-04,0.08333333333333333,4,48,Lucas Paquetá
west_ham,SET_PIECE_KEY_PASSES,SEASON,,FTX-06635,1,1,0,2025-12-30,2025-12-30,0.020833333333333332,6,48,Ollie Scarles
west_ham,SET_PIECE_KEY_PASSES,SEASON,,FTX-06KYX,2,2,0,2025-08-16,2025-12-04,0.041666666666666664,5,48,Andy Irving
west_ham,SET_PIECE_KEY_PASSES,SEASON,,FTX-06ONX,1,1,0,2025-11-22,2025-11-22,0.020833333333333332,6,48,Jean-Clair Todibo
west_ham,SET_PIECE_KEY_PASSES,SEASON,,FTX-06PE1,5,4,0,2026-01-03,2026-03-22,0.10416666666666667,3,48,Mateus Fernandes
west_ham,SET_PIECE_KEY_PASSES,SEASON,,FTX-06YMU,2,2,0,2025-09-20,2026-04-25,0.041666666666666664,5,48,El Hadji Malick Diouf
west_ham,SHORT_INDIRECT_FREE_KICKS,CURRENT_MANAGER_REGIME,mgr:b68b19e445ac,FTX-04ADP,2,2,0,2025-12-04,2026-03-04,0.05,4,40,Aaron Wan-Bissaka
west_ham,SHORT_INDIRECT_FREE_KICKS,CURRENT_MANAGER_REGIME,mgr:b68b19e445ac,FTX-04ML6,2,2,0,2025-10-20,2026-01-17,0.05,4,40,Konstantinos Mavropanos
west_ham,SHORT_INDIRECT_FREE_KICKS,CURRENT_MANAGER_REGIME,mgr:b68b19e445ac,FTX-04YEY,3,3,0,2025-12-20,2026-01-03,0.075,3,40,Maximilian Kilman
west_ham,SHORT_INDIRECT_FREE_KICKS,CURRENT_MANAGER_REGIME,mgr:b68b19e445ac,FTX-05OEF,12,9,0,2025-10-04,2026-01-24,0.3,2,40,Alphonse Areola
west_ham,SHORT_INDIRECT_FREE_KICKS,CURRENT_MANAGER_REGIME,mgr:b68b19e445ac,FTX-05Y5B,1,1,0,2025-12-27,2025-12-27,0.025,5,40,Freddie Potts
west_ham,SHORT_INDIRECT_FREE_KICKS,CURRENT_MANAGER_REGIME,mgr:b68b19e445ac,FTX-06EW2,1,1,0,2026-03-14,2026-03-14,0.025,5,40,Axel Disasi
west_ham,SHORT_INDIRECT_FREE_KICKS,CURRENT_MANAGER_REGIME,mgr:b68b19e445ac,FTX-06MGA,13,8,0,2026-02-10,2026-05-24,0.325,1,40,Mads Hermansen
west_ham,SHORT_INDIRECT_FREE_KICKS,CURRENT_MANAGER_REGIME,mgr:b68b19e445ac,FTX-06OAV,1,1,0,2025-12-07,2025-12-07,0.025,5,40,Guido Rodríguez
west_ham,SHORT_INDIRECT_FREE_KICKS,CURRENT_MANAGER_REGIME,mgr:b68b19e445ac,FTX-06ONX,3,3,0,2025-10-24,2026-03-14,0.075,3,40,Jean-Clair Todibo
west_ham,SHORT_INDIRECT_FREE_KICKS,CURRENT_MANAGER_REGIME,mgr:b68b19e445ac,FTX-06PE1,1,1,0,2026-05-10,2026-05-10,0.025,5,40,Mateus Fernandes
west_ham,SHORT_INDIRECT_FREE_KICKS,CURRENT_MANAGER_REGIME,mgr:b68b19e445ac,FTX-072JF,1,1,0,2026-01-17,2026-01-17,0.025,5,40,Valentín Castellanos
west_ham,SHORT_INDIRECT_FREE_KICKS,LAST_10,,FTX-04ADP,1,1,0,2026-03-04,2026-03-04,0.09090909090909091,2,11,Aaron Wan-Bissaka
west_ham,SHORT_INDIRECT_FREE_KICKS,LAST_10,,FTX-06EW2,1,1,0,2026-03-14,2026-03-14,0.09090909090909091,2,11,Axel Disasi
west_ham,SHORT_INDIRECT_FREE_KICKS,LAST_10,,FTX-06MGA,7,5,0,2026-04-10,2026-05-24,0.6363636363636364,1,11,Mads Hermansen
west_ham,SHORT_INDIRECT_FREE_KICKS,LAST_10,,FTX-06ONX,1,1,0,2026-03-14,2026-03-14,0.09090909090909091,2,11,Jean-Clair Todibo
west_ham,SHORT_INDIRECT_FREE_KICKS,LAST_10,,FTX-06PE1,1,1,0,2026-05-10,2026-05-10,0.09090909090909091,2,11,Mateus Fernandes
west_ham,SHORT_INDIRECT_FREE_KICKS,LAST_5,,FTX-06MGA,6,4,0,2026-04-25,2026-05-24,0.8571428571428571,1,7,Mads Hermansen
west_ham,SHORT_INDIRECT_FREE_KICKS,LAST_5,,FTX-06PE1,1,1,0,2026-05-10,2026-05-10,0.14285714285714285,2,7,Mateus Fernandes
west_ham,SHORT_INDIRECT_FREE_KICKS,SEASON,,FTX-02OQ8,1,1,0,2025-08-22,2025-08-22,0.02040816326530612,6,49,James Ward-Prowse
west_ham,SHORT_INDIRECT_FREE_KICKS,SEASON,,FTX-04ADP,2,2,0,2025-12-04,2026-03-04,0.04081632653061224,5,49,Aaron Wan-Bissaka
west_ham,SHORT_INDIRECT_FREE_KICKS,SEASON,,FTX-04ML6,2,2,0,2025-10-20,2026-01-17,0.04081632653061224,5,49,Konstantinos Mavropanos
west_ham,SHORT_INDIRECT_FREE_KICKS,SEASON,,FTX-04YEY,4,4,0,2025-09-13,2026-01-03,0.08163265306122448,3,49,Maximilian Kilman
west_ham,SHORT_INDIRECT_FREE_KICKS,SEASON,,FTX-05OEF,14,10,0,2025-09-20,2026-01-24,0.2857142857142857,2,49,Alphonse Areola
west_ham,SHORT_INDIRECT_FREE_KICKS,SEASON,,FTX-05Y5B,1,1,0,2025-12-27,2025-12-27,0.02040816326530612,6,49,Freddie Potts
west_ham,SHORT_INDIRECT_FREE_KICKS,SEASON,,FTX-0647T,1,1,0,2025-08-22,2025-08-22,0.02040816326530612,6,49,Lucas Paquetá
west_ham,SHORT_INDIRECT_FREE_KICKS,SEASON,,FTX-06EW2,1,1,0,2026-03-14,2026-03-14,0.02040816326530612,6,49,Axel Disasi
west_ham,SHORT_INDIRECT_FREE_KICKS,SEASON,,FTX-06MGA,16,9,0,2025-09-13,2026-05-24,0.32653061224489793,1,49,Mads Hermansen
west_ham,SHORT_INDIRECT_FREE_KICKS,SEASON,,FTX-06OAV,1,1,0,2025-12-07,2025-12-07,0.02040816326530612,6,49,Guido Rodríguez
west_ham,SHORT_INDIRECT_FREE_KICKS,SEASON,,FTX-06ONX,3,3,0,2025-10-24,2026-03-14,0.061224489795918366,4,49,Jean-Clair Todibo
west_ham,SHORT_INDIRECT_FREE_KICKS,SEASON,,FTX-06PE1,1,1,0,2026-05-10,2026-05-10,0.02040816326530612,6,49,Mateus Fernandes
west_ham,SHORT_INDIRECT_FREE_KICKS,SEASON,,FTX-06YMU,1,1,0,2025-08-16,2025-08-16,0.02040816326530612,6,49,El Hadji Malick Diouf
west_ham,SHORT_INDIRECT_FREE_KICKS,SEASON,,FTX-072JF,1,1,0,2026-01-17,2026-01-17,0.02040816326530612,6,49,Valentín Castellanos
wolverhampton_wanderers,ALL_CORNERS,CURRENT_MANAGER_REGIME,mgr:434bf1b2b6dc,FTX-04D9R,3,3,0,2026-03-03,2026-05-02,0.03260869565217391,4,92,Angel Gomes
wolverhampton_wanderers,ALL_CORNERS,CURRENT_MANAGER_REGIME,mgr:434bf1b2b6dc,FTX-05RAA,37,16,0,2025-12-30,2026-05-02,0.40217391304347827,1,92,Hugo Bueno
wolverhampton_wanderers,ALL_CORNERS,CURRENT_MANAGER_REGIME,mgr:434bf1b2b6dc,FTX-05W91,3,3,0,2025-12-30,2026-01-07,0.03260869565217391,4,92,Hwang Hee-Chan
wolverhampton_wanderers,ALL_CORNERS,CURRENT_MANAGER_REGIME,mgr:434bf1b2b6dc,FTX-06PIC,19,8,0,2025-11-22,2026-01-18,0.20652173913043478,3,92,André
wolverhampton_wanderers,ALL_CORNERS,CURRENT_MANAGER_REGIME,mgr:434bf1b2b6dc,FTX-06RPM,29,11,0,2026-01-24,2026-05-24,0.31521739130434784,2,92,Mateus Mané
wolverhampton_wanderers,ALL_CORNERS,CURRENT_MANAGER_REGIME,mgr:434bf1b2b6dc,FTX-06V12,1,1,0,2025-12-30,2025-12-30,0.010869565217391304,5,92,Fer López
wolverhampton_wanderers,ALL_CORNERS,LAST_10,,FTX-04D9R,3,3,0,2026-03-03,2026-05-02,0.08333333333333333,3,36,Angel Gomes
wolverhampton_wanderers,ALL_CORNERS,LAST_10,,FTX-05RAA,13,6,0,2026-03-03,2026-05-02,0.3611111111111111,2,36,Hugo Bueno
wolverhampton_wanderers,ALL_CORNERS,LAST_10,,FTX-06RPM,20,7,0,2026-03-16,2026-05-24,0.5555555555555556,1,36,Mateus Mané
wolverhampton_wanderers,ALL_CORNERS,LAST_5,,FTX-04D9R,1,1,0,2026-05-02,2026-05-02,0.047619047619047616,3,21,Angel Gomes
wolverhampton_wanderers,ALL_CORNERS,LAST_5,,FTX-05RAA,4,2,0,2026-04-25,2026-05-02,0.19047619047619047,2,21,Hugo Bueno
wolverhampton_wanderers,ALL_CORNERS,LAST_5,,FTX-06RPM,16,5,0,2026-04-25,2026-05-24,0.7619047619047619,1,21,Mateus Mané
wolverhampton_wanderers,ALL_CORNERS,SEASON,,FTX-04D9R,3,3,0,2026-03-03,2026-05-02,0.023809523809523808,7,126,Angel Gomes
wolverhampton_wanderers,ALL_CORNERS,SEASON,,FTX-05RAA,45,22,0,2025-09-13,2026-05-02,0.35714285714285715,1,126,Hugo Bueno
wolverhampton_wanderers,ALL_CORNERS,SEASON,,FTX-05W91,6,5,0,2025-08-23,2026-01-07,0.047619047619047616,5,126,Hwang Hee-Chan
wolverhampton_wanderers,ALL_CORNERS,SEASON,,FTX-06FXV,5,3,0,2025-08-16,2025-09-27,0.03968253968253968,6,126,Jean-Ricner Bellegarde
wolverhampton_wanderers,ALL_CORNERS,SEASON,,FTX-06PIC,19,8,0,2025-11-22,2026-01-18,0.15079365079365079,3,126,André
wolverhampton_wanderers,ALL_CORNERS,SEASON,,FTX-06RPM,29,11,0,2026-01-24,2026-05-24,0.23015873015873015,2,126,Mateus Mané
wolverhampton_wanderers,ALL_CORNERS,SEASON,,FTX-06V12,3,3,0,2025-09-13,2025-12-30,0.023809523809523808,7,126,Fer López
wolverhampton_wanderers,ALL_CORNERS,SEASON,,FTX-06ZCE,16,7,0,2025-08-16,2025-10-26,0.12698412698412698,4,126,Jhon Arias
wolverhampton_wanderers,DIRECT_FREE_KICKS,CURRENT_MANAGER_REGIME,mgr:434bf1b2b6dc,FTX-04D9R,2,1,0,2026-04-10,2026-04-10,0.15384615384615385,2,13,Angel Gomes
wolverhampton_wanderers,DIRECT_FREE_KICKS,CURRENT_MANAGER_REGIME,mgr:434bf1b2b6dc,FTX-05RAA,1,1,0,2026-04-25,2026-04-25,0.07692307692307693,3,13,Hugo Bueno
wolverhampton_wanderers,DIRECT_FREE_KICKS,CURRENT_MANAGER_REGIME,mgr:434bf1b2b6dc,FTX-05W91,2,2,0,2026-01-31,2026-05-17,0.15384615384615385,2,13,Hwang Hee-Chan
wolverhampton_wanderers,DIRECT_FREE_KICKS,CURRENT_MANAGER_REGIME,mgr:434bf1b2b6dc,FTX-068YD,3,3,0,2025-11-22,2026-04-25,0.23076923076923078,1,13,João Gomes
wolverhampton_wanderers,DIRECT_FREE_KICKS,CURRENT_MANAGER_REGIME,mgr:434bf1b2b6dc,FTX-06FXV,1,1,0,2026-02-22,2026-02-22,0.07692307692307693,3,13,Jean-Ricner Bellegarde
wolverhampton_wanderers,DIRECT_FREE_KICKS,CURRENT_MANAGER_REGIME,mgr:434bf1b2b6dc,FTX-06PIC,1,1,0,2025-12-20,2025-12-20,0.07692307692307693,3,13,André
wolverhampton_wanderers,DIRECT_FREE_KICKS,CURRENT_MANAGER_REGIME,mgr:434bf1b2b6dc,FTX-06RPM,3,3,0,2026-01-31,2026-05-02,0.23076923076923078,1,13,Mateus Mané
wolverhampton_wanderers,DIRECT_FREE_KICKS,LAST_10,,FTX-04D9R,2,1,0,2026-04-10,2026-04-10,0.2857142857142857,1,7,Angel Gomes
wolverhampton_wanderers,DIRECT_FREE_KICKS,LAST_10,,FTX-05RAA,1,1,0,2026-04-25,2026-04-25,0.14285714285714285,2,7,Hugo Bueno
wolverhampton_wanderers,DIRECT_FREE_KICKS,LAST_10,,FTX-05W91,1,1,0,2026-05-17,2026-05-17,0.14285714285714285,2,7,Hwang Hee-Chan
wolverhampton_wanderers,DIRECT_FREE_KICKS,LAST_10,,FTX-068YD,1,1,0,2026-04-25,2026-04-25,0.14285714285714285,2,7,João Gomes
wolverhampton_wanderers,DIRECT_FREE_KICKS,LAST_10,,FTX-06RPM,2,2,0,2026-02-27,2026-05-02,0.2857142857142857,1,7,Mateus Mané
wolverhampton_wanderers,DIRECT_FREE_KICKS,LAST_5,,FTX-05RAA,1,1,0,2026-04-25,2026-04-25,0.25,1,4,Hugo Bueno
wolverhampton_wanderers,DIRECT_FREE_KICKS,LAST_5,,FTX-05W91,1,1,0,2026-05-17,2026-05-17,0.25,1,4,Hwang Hee-Chan
wolverhampton_wanderers,DIRECT_FREE_KICKS,LAST_5,,FTX-068YD,1,1,0,2026-04-25,2026-04-25,0.25,1,4,João Gomes
wolverhampton_wanderers,DIRECT_FREE_KICKS,LAST_5,,FTX-06RPM,1,1,0,2026-05-02,2026-05-02,0.25,1,4,Mateus Mané
wolverhampton_wanderers,DIRECT_FREE_KICKS,SEASON,,FTX-04D9R,2,1,0,2026-04-10,2026-04-10,0.10526315789473684,2,19,Angel Gomes
wolverhampton_wanderers,DIRECT_FREE_KICKS,SEASON,,FTX-05RAA,1,1,0,2026-04-25,2026-04-25,0.05263157894736842,3,19,Hugo Bueno
wolverhampton_wanderers,DIRECT_FREE_KICKS,SEASON,,FTX-05W91,2,2,0,2026-01-31,2026-05-17,0.10526315789473684,2,19,Hwang Hee-Chan
wolverhampton_wanderers,DIRECT_FREE_KICKS,SEASON,,FTX-068YD,3,3,0,2025-11-22,2026-04-25,0.15789473684210525,1,19,João Gomes
wolverhampton_wanderers,DIRECT_FREE_KICKS,SEASON,,FTX-06FXV,2,2,0,2025-09-13,2026-02-22,0.10526315789473684,2,19,Jean-Ricner Bellegarde
wolverhampton_wanderers,DIRECT_FREE_KICKS,SEASON,,FTX-06PIC,1,1,0,2025-12-20,2025-12-20,0.05263157894736842,3,19,André
wolverhampton_wanderers,DIRECT_FREE_KICKS,SEASON,,FTX-06R7K,1,1,0,2025-08-23,2025-08-23,0.05263157894736842,3,19,Emmanuel Agbadou
wolverhampton_wanderers,DIRECT_FREE_KICKS,SEASON,,FTX-06RPM,3,3,0,2026-01-31,2026-05-02,0.15789473684210525,1,19,Mateus Mané
wolverhampton_wanderers,DIRECT_FREE_KICKS,SEASON,,FTX-06ZCE,3,3,0,2025-10-05,2025-10-26,0.15789473684210525,1,19,Jhon Arias
wolverhampton_wanderers,DIRECT_FREE_KICKS,SEASON,,FTX-070HD,1,1,0,2025-11-01,2025-11-01,0.05263157894736842,3,19,Tolu Arokodare
wolverhampton_wanderers,PENALTIES,CURRENT_MANAGER_REGIME,mgr:434bf1b2b6dc,FTX-03AR4,1,1,1,2026-05-24,2026-05-24,0.25,1,4,Adam Armstrong
wolverhampton_wanderers,PENALTIES,CURRENT_MANAGER_REGIME,mgr:434bf1b2b6dc,FTX-05W91,1,1,1,2026-01-03,2026-01-03,0.25,1,4,Hwang Hee-Chan
wolverhampton_wanderers,PENALTIES,CURRENT_MANAGER_REGIME,mgr:434bf1b2b6dc,FTX-06MOW,1,1,0,2025-12-20,2025-12-20,0.25,1,4,Jørgen Strand Larsen
wolverhampton_wanderers,PENALTIES,CURRENT_MANAGER_REGIME,mgr:434bf1b2b6dc,FTX-070HD,1,1,0,2026-02-22,2026-02-22,0.25,1,4,Tolu Arokodare
wolverhampton_wanderers,PENALTIES,LAST_10,,FTX-03AR4,1,1,1,2026-05-24,2026-05-24,1.0,1,1,Adam Armstrong
wolverhampton_wanderers,PENALTIES,LAST_5,,FTX-03AR4,1,1,1,2026-05-24,2026-05-24,1.0,1,1,Adam Armstrong
wolverhampton_wanderers,PENALTIES,SEASON,,FTX-03AR4,1,1,1,2026-05-24,2026-05-24,0.2,2,5,Adam Armstrong
wolverhampton_wanderers,PENALTIES,SEASON,,FTX-05W91,1,1,1,2026-01-03,2026-01-03,0.2,2,5,Hwang Hee-Chan
wolverhampton_wanderers,PENALTIES,SEASON,,FTX-06MOW,2,2,1,2025-10-26,2025-12-20,0.4,1,5,Jørgen Strand Larsen
wolverhampton_wanderers,PENALTIES,SEASON,,FTX-070HD,1,1,0,2026-02-22,2026-02-22,0.2,2,5,Tolu Arokodare
wolverhampton_wanderers,SET_PIECE_CROSSES,CURRENT_MANAGER_REGIME,mgr:434bf1b2b6dc,FTX-04D9R,8,5,0,2026-03-03,2026-05-09,0.061068702290076333,4,131,Angel Gomes
wolverhampton_wanderers,SET_PIECE_CROSSES,CURRENT_MANAGER_REGIME,mgr:434bf1b2b6dc,FTX-05RAA,41,16,0,2025-12-30,2026-05-02,0.31297709923664124,2,131,Hugo Bueno
wolverhampton_wanderers,SET_PIECE_CROSSES,CURRENT_MANAGER_REGIME,mgr:434bf1b2b6dc,FTX-05W91,4,3,0,2025-12-30,2026-01-07,0.030534351145038167,5,131,Hwang Hee-Chan
wolverhampton_wanderers,SET_PIECE_CROSSES,CURRENT_MANAGER_REGIME,mgr:434bf1b2b6dc,FTX-06FXV,1,1,0,2026-01-31,2026-01-31,0.007633587786259542,6,131,Jean-Ricner Bellegarde
wolverhampton_wanderers,SET_PIECE_CROSSES,CURRENT_MANAGER_REGIME,mgr:434bf1b2b6dc,FTX-06MRZ,1,1,0,2026-04-25,2026-04-25,0.007633587786259542,6,131,Pedro Lima
wolverhampton_wanderers,SET_PIECE_CROSSES,CURRENT_MANAGER_REGIME,mgr:434bf1b2b6dc,FTX-06PIC,28,8,0,2025-11-22,2026-01-18,0.21374045801526717,3,131,André
wolverhampton_wanderers,SET_PIECE_CROSSES,CURRENT_MANAGER_REGIME,mgr:434bf1b2b6dc,FTX-06RPM,47,13,0,2026-01-24,2026-05-24,0.35877862595419846,1,131,Mateus Mané
wolverhampton_wanderers,SET_PIECE_CROSSES,CURRENT_MANAGER_REGIME,mgr:434bf1b2b6dc,FTX-06V12,1,1,0,2025-12-30,2025-12-30,0.007633587786259542,6,131,Fer López
wolverhampton_wanderers,SET_PIECE_CROSSES,LAST_10,,FTX-04D9R,8,5,0,2026-03-03,2026-05-09,0.1568627450980392,3,51,Angel Gomes
wolverhampton_wanderers,SET_PIECE_CROSSES,LAST_10,,FTX-05RAA,10,6,0,2026-03-03,2026-05-02,0.19607843137254902,2,51,Hugo Bueno
wolverhampton_wanderers,SET_PIECE_CROSSES,LAST_10,,FTX-06MRZ,1,1,0,2026-04-25,2026-04-25,0.0196078431372549,4,51,Pedro Lima
wolverhampton_wanderers,SET_PIECE_CROSSES,LAST_10,,FTX-06RPM,32,9,0,2026-02-27,2026-05-24,0.6274509803921569,1,51,Mateus Mané
wolverhampton_wanderers,SET_PIECE_CROSSES,LAST_5,,FTX-04D9R,3,2,0,2026-05-02,2026-05-09,0.0967741935483871,2,31,Angel Gomes
wolverhampton_wanderers,SET_PIECE_CROSSES,LAST_5,,FTX-05RAA,3,2,0,2026-04-25,2026-05-02,0.0967741935483871,2,31,Hugo Bueno
wolverhampton_wanderers,SET_PIECE_CROSSES,LAST_5,,FTX-06MRZ,1,1,0,2026-04-25,2026-04-25,0.03225806451612903,3,31,Pedro Lima
wolverhampton_wanderers,SET_PIECE_CROSSES,LAST_5,,FTX-06RPM,24,5,0,2026-04-25,2026-05-24,0.7741935483870968,1,31,Mateus Mané
wolverhampton_wanderers,SET_PIECE_CROSSES,SEASON,,FTX-04D9R,8,5,0,2026-03-03,2026-05-09,0.046511627906976744,5,172,Angel Gomes
wolverhampton_wanderers,SET_PIECE_CROSSES,SEASON,,FTX-05RAA,54,24,0,2025-08-23,2026-05-02,0.313953488372093,1,172,Hugo Bueno
wolverhampton_wanderers,SET_PIECE_CROSSES,SEASON,,FTX-05W91,7,5,0,2025-08-23,2026-01-07,0.040697674418604654,6,172,Hwang Hee-Chan
wolverhampton_wanderers,SET_PIECE_CROSSES,SEASON,,FTX-06FXV,8,6,0,2025-08-16,2026-01-31,0.046511627906976744,5,172,Jean-Ricner Bellegarde
wolverhampton_wanderers,SET_PIECE_CROSSES,SEASON,,FTX-06MRZ,1,1,0,2026-04-25,2026-04-25,0.005813953488372093,8,172,Pedro Lima
wolverhampton_wanderers,SET_PIECE_CROSSES,SEASON,,FTX-06PIC,28,8,0,2025-11-22,2026-01-18,0.16279069767441862,3,172,André
wolverhampton_wanderers,SET_PIECE_CROSSES,SEASON,,FTX-06RPM,47,13,0,2026-01-24,2026-05-24,0.27325581395348836,2,172,Mateus Mané
wolverhampton_wanderers,SET_PIECE_CROSSES,SEASON,,FTX-06V12,3,2,0,2025-09-20,2025-12-30,0.01744186046511628,7,172,Fer López
wolverhampton_wanderers,SET_PIECE_CROSSES,SEASON,,FTX-06ZCE,16,7,0,2025-08-16,2025-10-26,0.09302325581395349,4,172,Jhon Arias
wolverhampton_wanderers,SET_PIECE_KEY_PASSES,CURRENT_MANAGER_REGIME,mgr:434bf1b2b6dc,FTX-03AR4,1,1,0,2026-02-07,2026-02-07,0.027777777777777776,4,36,Adam Armstrong
wolverhampton_wanderers,SET_PIECE_KEY_PASSES,CURRENT_MANAGER_REGIME,mgr:434bf1b2b6dc,FTX-05RAA,11,8,0,2026-01-03,2026-05-02,0.3055555555555556,2,36,Hugo Bueno
wolverhampton_wanderers,SET_PIECE_KEY_PASSES,CURRENT_MANAGER_REGIME,mgr:434bf1b2b6dc,FTX-05TS6,1,1,0,2025-11-30,2025-11-30,0.027777777777777776,4,36,Yerson Mosquera
wolverhampton_wanderers,SET_PIECE_KEY_PASSES,CURRENT_MANAGER_REGIME,mgr:434bf1b2b6dc,FTX-05W91,1,1,0,2025-12-30,2025-12-30,0.027777777777777776,4,36,Hwang Hee-Chan
wolverhampton_wanderers,SET_PIECE_KEY_PASSES,CURRENT_MANAGER_REGIME,mgr:434bf1b2b6dc,FTX-068YD,1,1,0,2026-03-16,2026-03-16,0.027777777777777776,4,36,João Gomes
wolverhampton_wanderers,SET_PIECE_KEY_PASSES,CURRENT_MANAGER_REGIME,mgr:434bf1b2b6dc,FTX-06FWX,1,1,0,2026-02-18,2026-02-18,0.027777777777777776,4,36,Santiago Bueno
wolverhampton_wanderers,SET_PIECE_KEY_PASSES,CURRENT_MANAGER_REGIME,mgr:434bf1b2b6dc,FTX-06PIC,5,4,0,2025-11-30,2025-12-27,0.1388888888888889,3,36,André
wolverhampton_wanderers,SET_PIECE_KEY_PASSES,CURRENT_MANAGER_REGIME,mgr:434bf1b2b6dc,FTX-06RPM,14,8,0,2026-01-24,2026-05-24,0.3888888888888889,1,36,Mateus Mané
wolverhampton_wanderers,SET_PIECE_KEY_PASSES,CURRENT_MANAGER_REGIME,mgr:434bf1b2b6dc,FTX-070F4,1,1,0,2026-05-24,2026-05-24,0.027777777777777776,4,36,Ladislav Krejcí
wolverhampton_wanderers,SET_PIECE_KEY_PASSES,LAST_10,,FTX-05RAA,3,3,0,2026-04-10,2026-05-02,0.2,2,15,Hugo Bueno
wolverhampton_wanderers,SET_PIECE_KEY_PASSES,LAST_10,,FTX-068YD,1,1,0,2026-03-16,2026-03-16,0.06666666666666667,3,15,João Gomes
wolverhampton_wanderers,SET_PIECE_KEY_PASSES,LAST_10,,FTX-06RPM,10,5,0,2026-03-16,2026-05-24,0.6666666666666666,1,15,Mateus Mané
wolverhampton_wanderers,SET_PIECE_KEY_PASSES,LAST_10,,FTX-070F4,1,1,0,2026-05-24,2026-05-24,0.06666666666666667,3,15,Ladislav Krejcí
wolverhampton_wanderers,SET_PIECE_KEY_PASSES,LAST_5,,FTX-05RAA,1,1,0,2026-05-02,2026-05-02,0.09090909090909091,2,11,Hugo Bueno
wolverhampton_wanderers,SET_PIECE_KEY_PASSES,LAST_5,,FTX-06RPM,9,4,0,2026-04-25,2026-05-24,0.8181818181818182,1,11,Mateus Mané
wolverhampton_wanderers,SET_PIECE_KEY_PASSES,LAST_5,,FTX-070F4,1,1,0,2026-05-24,2026-05-24,0.09090909090909091,2,11,Ladislav Krejcí
wolverhampton_wanderers,SET_PIECE_KEY_PASSES,SEASON,,FTX-03AR4,1,1,0,2026-02-07,2026-02-07,0.025,5,40,Adam Armstrong
wolverhampton_wanderers,SET_PIECE_KEY_PASSES,SEASON,,FTX-05RAA,11,8,0,2026-01-03,2026-05-02,0.275,2,40,Hugo Bueno
wolverhampton_wanderers,SET_PIECE_KEY_PASSES,SEASON,,FTX-05TS6,1,1,0,2025-11-30,2025-11-30,0.025,5,40,Yerson Mosquera
wolverhampton_wanderers,SET_PIECE_KEY_PASSES,SEASON,,FTX-05W91,1,1,0,2025-12-30,2025-12-30,0.025,5,40,Hwang Hee-Chan
wolverhampton_wanderers,SET_PIECE_KEY_PASSES,SEASON,,FTX-068YD,1,1,0,2026-03-16,2026-03-16,0.025,5,40,João Gomes
wolverhampton_wanderers,SET_PIECE_KEY_PASSES,SEASON,,FTX-06FWX,1,1,0,2026-02-18,2026-02-18,0.025,5,40,Santiago Bueno
wolverhampton_wanderers,SET_PIECE_KEY_PASSES,SEASON,,FTX-06FXV,2,2,0,2025-08-16,2025-08-30,0.05,4,40,Jean-Ricner Bellegarde
wolverhampton_wanderers,SET_PIECE_KEY_PASSES,SEASON,,FTX-06PIC,5,4,0,2025-11-30,2025-12-27,0.125,3,40,André
wolverhampton_wanderers,SET_PIECE_KEY_PASSES,SEASON,,FTX-06RPM,14,8,0,2026-01-24,2026-05-24,0.35,1,40,Mateus Mané
wolverhampton_wanderers,SET_PIECE_KEY_PASSES,SEASON,,FTX-06V12,1,1,0,2025-09-20,2025-09-20,0.025,5,40,Fer López
wolverhampton_wanderers,SET_PIECE_KEY_PASSES,SEASON,,FTX-06ZCE,1,1,0,2025-09-27,2025-09-27,0.025,5,40,Jhon Arias
wolverhampton_wanderers,SET_PIECE_KEY_PASSES,SEASON,,FTX-070F4,1,1,0,2026-05-24,2026-05-24,0.025,5,40,Ladislav Krejcí
wolverhampton_wanderers,SHORT_INDIRECT_FREE_KICKS,CURRENT_MANAGER_REGIME,mgr:434bf1b2b6dc,FTX-02XTD,7,4,0,2025-11-22,2025-12-13,0.23333333333333334,2,30,Sam Johnstone
wolverhampton_wanderers,SHORT_INDIRECT_FREE_KICKS,CURRENT_MANAGER_REGIME,mgr:434bf1b2b6dc,FTX-05UDG,18,11,0,2025-12-20,2026-05-17,0.6,1,30,José Sá
wolverhampton_wanderers,SHORT_INDIRECT_FREE_KICKS,CURRENT_MANAGER_REGIME,mgr:434bf1b2b6dc,FTX-05W91,1,1,0,2026-02-07,2026-02-07,0.03333333333333333,3,30,Hwang Hee-Chan
wolverhampton_wanderers,SHORT_INDIRECT_FREE_KICKS,CURRENT_MANAGER_REGIME,mgr:434bf1b2b6dc,FTX-068YD,1,1,0,2025-12-30,2025-12-30,0.03333333333333333,3,30,João Gomes
wolverhampton_wanderers,SHORT_INDIRECT_FREE_KICKS,CURRENT_MANAGER_REGIME,mgr:434bf1b2b6dc,FTX-06FWX,1,1,0,2025-12-20,2025-12-20,0.03333333333333333,3,30,Santiago Bueno
wolverhampton_wanderers,SHORT_INDIRECT_FREE_KICKS,CURRENT_MANAGER_REGIME,mgr:434bf1b2b6dc,FTX-06FXV,1,1,0,2026-02-18,2026-02-18,0.03333333333333333,3,30,Jean-Ricner Bellegarde
wolverhampton_wanderers,SHORT_INDIRECT_FREE_KICKS,CURRENT_MANAGER_REGIME,mgr:434bf1b2b6dc,FTX-06R7K,1,1,0,2025-12-08,2025-12-08,0.03333333333333333,3,30,Emmanuel Agbadou
wolverhampton_wanderers,SHORT_INDIRECT_FREE_KICKS,LAST_10,,FTX-05UDG,5,3,0,2026-03-03,2026-05-17,1.0,1,5,José Sá
wolverhampton_wanderers,SHORT_INDIRECT_FREE_KICKS,LAST_5,,FTX-05UDG,4,2,0,2026-04-25,2026-05-17,1.0,1,4,José Sá
wolverhampton_wanderers,SHORT_INDIRECT_FREE_KICKS,SEASON,,FTX-02XTD,15,9,0,2025-09-13,2025-12-13,0.3125,2,48,Sam Johnstone
wolverhampton_wanderers,SHORT_INDIRECT_FREE_KICKS,SEASON,,FTX-05UDG,22,14,0,2025-08-23,2026-05-17,0.4583333333333333,1,48,José Sá
wolverhampton_wanderers,SHORT_INDIRECT_FREE_KICKS,SEASON,,FTX-05W91,1,1,0,2026-02-07,2026-02-07,0.020833333333333332,5,48,Hwang Hee-Chan
wolverhampton_wanderers,SHORT_INDIRECT_FREE_KICKS,SEASON,,FTX-068YD,2,2,0,2025-09-20,2025-12-30,0.041666666666666664,4,48,João Gomes
wolverhampton_wanderers,SHORT_INDIRECT_FREE_KICKS,SEASON,,FTX-06FWX,2,2,0,2025-10-18,2025-12-20,0.041666666666666664,4,48,Santiago Bueno
wolverhampton_wanderers,SHORT_INDIRECT_FREE_KICKS,SEASON,,FTX-06FXV,1,1,0,2026-02-18,2026-02-18,0.020833333333333332,5,48,Jean-Ricner Bellegarde
wolverhampton_wanderers,SHORT_INDIRECT_FREE_KICKS,SEASON,,FTX-06MOW,1,1,0,2025-08-16,2025-08-16,0.020833333333333332,5,48,Jørgen Strand Larsen
wolverhampton_wanderers,SHORT_INDIRECT_FREE_KICKS,SEASON,,FTX-06R7K,1,1,0,2025-12-08,2025-12-08,0.020833333333333332,5,48,Emmanuel Agbadou
wolverhampton_wanderers,SHORT_INDIRECT_FREE_KICKS,SEASON,,FTX-070F4,3,2,0,2025-10-18,2025-11-01,0.0625,3,48,Ladislav Krejcí
