scope,fantrax_gw,award_name,rank,api_team_id,api_team_name,value,value_col,description,total_xg,total_starter_points,total_xa,avg_starter_points,best_week_points,worst_week_points,starter_xg,starter_fantasy_points,starter_xa,starter_goals,starter_assists_total,starter_clean_sheets,missed_points,actual_starter_points,optimal_lineup_points,season_efficiency_pct,efficiency_pct,fantasy_points,major_event_points,ghost_points_share_pct,goals,assists,clean_sheets,roster_adds,avg_points_per_add,total_starts_after_adds,best_single_add_points,total_points_after_adds,total_starter_changes,avg_starter_changes,avg_net_starter_swaps,total_roster_turnover,avg_roster_turnover,roster_turnover,starters_added,starters_removed
season,,Assists,1,116s0o6ume0s7s58,Up the Arse-nal,72.0,total_starter_assists_total,"Total starter assists, with xA as context.",,4086.0,58.77901579067111,,,,,,,,,,,,,,,,,,,,,,,,,,,,,,,,,
season,,Assists,2,ss2dromsme3cbmga,Berkshire’s Club,57.0,total_starter_assists_total,"Total starter assists, with xA as context.",,4352.5,50.66938503272831,,,,,,,,,,,,,,,,,,,,,,,,,,,,,,,,,
season,,Assists,3,zxivny5tme3hojrx,Count Doku,50.0,total_starter_assists_total,"Total starter assists, with xA as context.",,3592.0,48.57980425283312,,,,,,,,,,,,,,,,,,,,,,,,,,,,,,,,,
season,,Assists,4,zf53q9hdme32qmoe,Robertske,49.0,total_starter_assists_total,"Total starter assists, with xA as context.",,3219.0,47.362840191461146,,,,,,,,,,,,,,,,,,,,,,,,,,,,,,,,,
season,,Assists,5,0t8m7z91mdhjhvye,SUNNYD,47.0,total_starter_assists_total,"Total starter assists, with xA as context.",,3986.0,42.6453991215676,,,,,,,,,,,,,,,,,,,,,,,,,,,,,,,,,
season,,Assists,6,xnt9wpm9me0us0r4,yudesh,45.0,total_starter_assists_total,"Total starter assists, with xA as context.",,3878.5,41.41960002947598,,,,,,,,,,,,,,,,,,,,,,,,,,,,,,,,,
season,,Assists,7,fm7cv4p0me3j48nk,The Facerockers,42.0,total_starter_assists_total,"Total starter assists, with xA as context.",,3759.5,29.355019823648032,,,,,,,,,,,,,,,,,,,,,,,,,,,,,,,,,
season,,Assists,8,ih2b4z8ome1job2n,nhauptma,41.0,total_starter_assists_total,"Total starter assists, with xA as context.",,3866.0,31.493888504803177,,,,,,,,,,,,,,,,,,,,,,,,,,,,,,,,,
season,,Assists,9,eaz9h4hfme2wdh8p,epatel3,37.0,total_starter_assists_total,"Total starter assists, with xA as context.",,3928.0,30.83065442088991,,,,,,,,,,,,,,,,,,,,,,,,,,,,,,,,,
season,,Assists,10,avv7b4d5me2tlsrt,wmuck1,35.0,total_starter_assists_total,"Total starter assists, with xA as context.",,2946.0,32.04275662545114,,,,,,,,,,,,,,,,,,,,,,,,,,,,,,,,,
season,,Assists,11,qocqs3wjme34472y,KindComet,31.0,total_starter_assists_total,"Total starter assists, with xA as context.",,3928.0,44.90711156930774,,,,,,,,,,,,,,,,,,,,,,,,,,,,,,,,,
season,,Assists,12,ne94j2bxme0vsmkq,Pot Splashers,31.0,total_starter_assists_total,"Total starter assists, with xA as context.",,3477.5,34.21220418438315,,,,,,,,,,,,,,,,,,,,,,,,,,,,,,,,,
season,,Clean Sheets,1,0t8m7z91mdhjhvye,SUNNYD,138.0,total_starter_clean_sheets,Total starter clean sheets.,,3986.0,,,,,,,,,,,,,,,,,,,,,,,,,,,,,,,,,,
season,,Clean Sheets,2,eaz9h4hfme2wdh8p,epatel3,128.0,total_starter_clean_sheets,Total starter clean sheets.,,3928.0,,,,,,,,,,,,,,,,,,,,,,,,,,,,,,,,,,
season,,Clean Sheets,3,fm7cv4p0me3j48nk,The Facerockers,125.0,total_starter_clean_sheets,Total starter clean sheets.,,3759.5,,,,,,,,,,,,,,,,,,,,,,,,,,,,,,,,,,
season,,Clean Sheets,4,116s0o6ume0s7s58,Up the Arse-nal,118.0,total_starter_clean_sheets,Total starter clean sheets.,,4086.0,,,,,,,,,,,,,,,,,,,,,,,,,,,,,,,,,,
season,,Clean Sheets,5,ih2b4z8ome1job2n,nhauptma,113.0,total_starter_clean_sheets,Total starter clean sheets.,,3866.0,,,,,,,,,,,,,,,,,,,,,,,,,,,,,,,,,,
season,,Clean Sheets,6,ss2dromsme3cbmga,Berkshire’s Club,110.0,total_starter_clean_sheets,Total starter clean sheets.,,4352.5,,,,,,,,,,,,,,,,,,,,,,,,,,,,,,,,,,
season,,Clean Sheets,7,zxivny5tme3hojrx,Count Doku,103.0,total_starter_clean_sheets,Total starter clean sheets.,,3592.0,,,,,,,,,,,,,,,,,,,,,,,,,,,,,,,,,,
season,,Clean Sheets,8,ne94j2bxme0vsmkq,Pot Splashers,102.0,total_starter_clean_sheets,Total starter clean sheets.,,3477.5,,,,,,,,,,,,,,,,,,,,,,,,,,,,,,,,,,
season,,Clean Sheets,9,qocqs3wjme34472y,KindComet,99.0,total_starter_clean_sheets,Total starter clean sheets.,,3928.0,,,,,,,,,,,,,,,,,,,,,,,,,,,,,,,,,,
season,,Clean Sheets,10,xnt9wpm9me0us0r4,yudesh,97.0,total_starter_clean_sheets,Total starter clean sheets.,,3878.5,,,,,,,,,,,,,,,,,,,,,,,,,,,,,,,,,,
season,,Clean Sheets,11,avv7b4d5me2tlsrt,wmuck1,93.0,total_starter_clean_sheets,Total starter clean sheets.,,2946.0,,,,,,,,,,,,,,,,,,,,,,,,,,,,,,,,,,
season,,Clean Sheets,12,zf53q9hdme32qmoe,Robertske,92.0,total_starter_clean_sheets,Total starter clean sheets.,,3219.0,,,,,,,,,,,,,,,,,,,,,,,,,,,,,,,,,,
season,,Efficiency,1,eaz9h4hfme2wdh8p,epatel3,91.81,season_efficiency_pct,Actual starter points divided by optimal legal lineup points.,,,,,,,,,,,,,350.5,3928.0,4278.5,,,,,,,,,,,,,,,,,,,,,
season,,Efficiency,2,0t8m7z91mdhjhvye,SUNNYD,89.64,season_efficiency_pct,Actual starter points divided by optimal legal lineup points.,,,,,,,,,,,,,460.5,3986.0,4446.5,,,,,,,,,,,,,,,,,,,,,
season,,Efficiency,3,116s0o6ume0s7s58,Up the Arse-nal,89.35,season_efficiency_pct,Actual starter points divided by optimal legal lineup points.,,,,,,,,,,,,,487.0,4086.0,4573.0,,,,,,,,,,,,,,,,,,,,,
season,,Efficiency,4,qocqs3wjme34472y,KindComet,88.8,season_efficiency_pct,Actual starter points divided by optimal legal lineup points.,,,,,,,,,,,,,495.5,3928.0,4423.5,,,,,,,,,,,,,,,,,,,,,
season,,Efficiency,5,xnt9wpm9me0us0r4,yudesh,88.54,season_efficiency_pct,Actual starter points divided by optimal legal lineup points.,,,,,,,,,,,,,502.0,3878.5,4380.5,,,,,,,,,,,,,,,,,,,,,
season,,Efficiency,6,fm7cv4p0me3j48nk,The Facerockers,87.77,season_efficiency_pct,Actual starter points divided by optimal legal lineup points.,,,,,,,,,,,,,524.0,3759.5,4283.5,,,,,,,,,,,,,,,,,,,,,
season,,Efficiency,7,zxivny5tme3hojrx,Count Doku,87.57,season_efficiency_pct,Actual starter points divided by optimal legal lineup points.,,,,,,,,,,,,,510.0,3592.0,4102.0,,,,,,,,,,,,,,,,,,,,,
season,,Efficiency,8,ih2b4z8ome1job2n,nhauptma,87.37,season_efficiency_pct,Actual starter points divided by optimal legal lineup points.,,,,,,,,,,,,,559.0,3866.0,4425.0,,,,,,,,,,,,,,,,,,,,,
season,,Efficiency,9,ne94j2bxme0vsmkq,Pot Splashers,87.06,season_efficiency_pct,Actual starter points divided by optimal legal lineup points.,,,,,,,,,,,,,517.0,3477.5,3994.5,,,,,,,,,,,,,,,,,,,,,
season,,Efficiency,10,ss2dromsme3cbmga,Berkshire’s Club,86.99,season_efficiency_pct,Actual starter points divided by optimal legal lineup points.,,,,,,,,,,,,,651.0,4352.5,5003.5,,,,,,,,,,,,,,,,,,,,,
season,,Efficiency,11,zf53q9hdme32qmoe,Robertske,86.49,season_efficiency_pct,Actual starter points divided by optimal legal lineup points.,,,,,,,,,,,,,503.0,3219.0,3722.0,,,,,,,,,,,,,,,,,,,,,
season,,Efficiency,12,avv7b4d5me2tlsrt,wmuck1,84.08,season_efficiency_pct,Actual starter points divided by optimal legal lineup points.,,,,,,,,,,,,,558.0,2946.0,3504.0,,,,,,,,,,,,,,,,,,,,,
season,,Ghost Points,1,ss2dromsme3cbmga,Berkshire’s Club,3331.5,ghost_points,"Total points excluding goals, assists, clean sheets, and GA penalties.",,,,,,,,,,,,,,,,,,4352.5,1021.0,76.542,,,,,,,,,,,,,,,,
season,,Ghost Points,2,xnt9wpm9me0us0r4,yudesh,3194.5,ghost_points,"Total points excluding goals, assists, clean sheets, and GA penalties.",,,,,,,,,,,,,,,,,,3878.5,684.0,82.364,,,,,,,,,,,,,,,,
season,,Ghost Points,3,qocqs3wjme34472y,KindComet,3071.0,ghost_points,"Total points excluding goals, assists, clean sheets, and GA penalties.",,,,,,,,,,,,,,,,,,3928.0,857.0,78.182,,,,,,,,,,,,,,,,
season,,Ghost Points,4,116s0o6ume0s7s58,Up the Arse-nal,3040.0,ghost_points,"Total points excluding goals, assists, clean sheets, and GA penalties.",,,,,,,,,,,,,,,,,,4086.0,1046.0,74.4,,,,,,,,,,,,,,,,
season,,Ghost Points,5,0t8m7z91mdhjhvye,SUNNYD,3037.0,ghost_points,"Total points excluding goals, assists, clean sheets, and GA penalties.",,,,,,,,,,,,,,,,,,3986.0,949.0,76.192,,,,,,,,,,,,,,,,
season,,Ghost Points,6,ih2b4z8ome1job2n,nhauptma,2899.0,ghost_points,"Total points excluding goals, assists, clean sheets, and GA penalties.",,,,,,,,,,,,,,,,,,3866.0,967.0,74.987,,,,,,,,,,,,,,,,
season,,Ghost Points,7,eaz9h4hfme2wdh8p,epatel3,2896.0,ghost_points,"Total points excluding goals, assists, clean sheets, and GA penalties.",,,,,,,,,,,,,,,,,,3928.0,1032.0,73.727,,,,,,,,,,,,,,,,
season,,Ghost Points,8,zxivny5tme3hojrx,Count Doku,2888.0,ghost_points,"Total points excluding goals, assists, clean sheets, and GA penalties.",,,,,,,,,,,,,,,,,,3592.0,704.0,80.401,,,,,,,,,,,,,,,,
season,,Ghost Points,9,fm7cv4p0me3j48nk,The Facerockers,2770.5,ghost_points,"Total points excluding goals, assists, clean sheets, and GA penalties.",,,,,,,,,,,,,,,,,,3759.5,989.0,73.693,,,,,,,,,,,,,,,,
season,,Ghost Points,10,ne94j2bxme0vsmkq,Pot Splashers,2715.5,ghost_points,"Total points excluding goals, assists, clean sheets, and GA penalties.",,,,,,,,,,,,,,,,,,3477.5,762.0,78.088,,,,,,,,,,,,,,,,
season,,Ghost Points,11,avv7b4d5me2tlsrt,wmuck1,2342.0,ghost_points,"Total points excluding goals, assists, clean sheets, and GA penalties.",,,,,,,,,,,,,,,,,,2946.0,604.0,79.498,,,,,,,,,,,,,,,,
season,,Ghost Points,12,zf53q9hdme32qmoe,Robertske,2168.0,ghost_points,"Total points excluding goals, assists, clean sheets, and GA penalties.",,,,,,,,,,,,,,,,,,3219.0,1051.0,67.35,,,,,,,,,,,,,,,,
season,,Goals,1,qocqs3wjme34472y,KindComet,67.0,total_starter_goals,"Total starter goals, with xG as context.",72.50142460502684,3928.0,,,,,,,,,,,,,,,,,,,,,,,,,,,,,,,,,,
season,,Goals,2,zf53q9hdme32qmoe,Robertske,67.0,total_starter_goals,"Total starter goals, with xG as context.",73.4775267848745,3219.0,,,,,,,,,,,,,,,,,,,,,,,,,,,,,,,,,,
season,,Goals,3,eaz9h4hfme2wdh8p,epatel3,60.0,total_starter_goals,"Total starter goals, with xG as context.",61.5007025077939,3928.0,,,,,,,,,,,,,,,,,,,,,,,,,,,,,,,,,,
season,,Goals,4,ih2b4z8ome1job2n,nhauptma,59.0,total_starter_goals,"Total starter goals, with xG as context.",72.52334642782807,3866.0,,,,,,,,,,,,,,,,,,,,,,,,,,,,,,,,,,
season,,Goals,5,ss2dromsme3cbmga,Berkshire’s Club,56.0,total_starter_goals,"Total starter goals, with xG as context.",48.80736264958977,4352.5,,,,,,,,,,,,,,,,,,,,,,,,,,,,,,,,,,
season,,Goals,6,fm7cv4p0me3j48nk,The Facerockers,55.0,total_starter_goals,"Total starter goals, with xG as context.",59.7147041959688,3759.5,,,,,,,,,,,,,,,,,,,,,,,,,,,,,,,,,,
season,,Goals,7,ne94j2bxme0vsmkq,Pot Splashers,51.0,total_starter_goals,"Total starter goals, with xG as context.",64.40827208943665,3477.5,,,,,,,,,,,,,,,,,,,,,,,,,,,,,,,,,,
season,,Goals,8,0t8m7z91mdhjhvye,SUNNYD,44.0,total_starter_goals,"Total starter goals, with xG as context.",57.24577364418655,3986.0,,,,,,,,,,,,,,,,,,,,,,,,,,,,,,,,,,
season,,Goals,9,xnt9wpm9me0us0r4,yudesh,44.0,total_starter_goals,"Total starter goals, with xG as context.",50.59556691162288,3878.5,,,,,,,,,,,,,,,,,,,,,,,,,,,,,,,,,,
season,,Goals,10,116s0o6ume0s7s58,Up the Arse-nal,41.0,total_starter_goals,"Total starter goals, with xG as context.",45.74248392228037,4086.0,,,,,,,,,,,,,,,,,,,,,,,,,,,,,,,,,,
season,,Goals,11,zxivny5tme3hojrx,Count Doku,31.0,total_starter_goals,"Total starter goals, with xG as context.",32.73134218901395,3592.0,,,,,,,,,,,,,,,,,,,,,,,,,,,,,,,,,,
season,,Goals,12,avv7b4d5me2tlsrt,wmuck1,26.0,total_starter_goals,"Total starter goals, with xG as context.",33.69700552336871,2946.0,,,,,,,,,,,,,,,,,,,,,,,,,,,,,,,,,,
season,,Highest Single Week,1,fm7cv4p0me3j48nk,The Facerockers,184.5,best_week_points,Best single-week starter score.,,3759.5,,,,,,,,,,,,,,,,,,,,,,,,,,,,,,,,,,
season,,Highest Single Week,2,qocqs3wjme34472y,KindComet,184.0,best_week_points,Best single-week starter score.,,3928.0,,,,,,,,,,,,,,,,,,,,,,,,,,,,,,,,,,
season,,Highest Single Week,3,0t8m7z91mdhjhvye,SUNNYD,171.5,best_week_points,Best single-week starter score.,,3986.0,,,,,,,,,,,,,,,,,,,,,,,,,,,,,,,,,,
season,,Highest Single Week,4,ih2b4z8ome1job2n,nhauptma,171.5,best_week_points,Best single-week starter score.,,3866.0,,,,,,,,,,,,,,,,,,,,,,,,,,,,,,,,,,
season,,Highest Single Week,5,eaz9h4hfme2wdh8p,epatel3,170.5,best_week_points,Best single-week starter score.,,3928.0,,,,,,,,,,,,,,,,,,,,,,,,,,,,,,,,,,
season,,Highest Single Week,6,zf53q9hdme32qmoe,Robertske,167.5,best_week_points,Best single-week starter score.,,3219.0,,,,,,,,,,,,,,,,,,,,,,,,,,,,,,,,,,
season,,Highest Single Week,7,xnt9wpm9me0us0r4,yudesh,165.0,best_week_points,Best single-week starter score.,,3878.5,,,,,,,,,,,,,,,,,,,,,,,,,,,,,,,,,,
season,,Highest Single Week,8,116s0o6ume0s7s58,Up the Arse-nal,163.0,best_week_points,Best single-week starter score.,,4086.0,,,,,,,,,,,,,,,,,,,,,,,,,,,,,,,,,,
season,,Highest Single Week,9,ss2dromsme3cbmga,Berkshire’s Club,158.0,best_week_points,Best single-week starter score.,,4352.5,,,,,,,,,,,,,,,,,,,,,,,,,,,,,,,,,,
season,,Highest Single Week,10,avv7b4d5me2tlsrt,wmuck1,156.5,best_week_points,Best single-week starter score.,,2946.0,,,,,,,,,,,,,,,,,,,,,,,,,,,,,,,,,,
season,,Highest Single Week,11,zxivny5tme3hojrx,Count Doku,145.5,best_week_points,Best single-week starter score.,,3592.0,,,,,,,,,,,,,,,,,,,,,,,,,,,,,,,,,,
season,,Highest Single Week,12,ne94j2bxme0vsmkq,Pot Splashers,140.0,best_week_points,Best single-week starter score.,,3477.5,,,,,,,,,,,,,,,,,,,,,,,,,,,,,,,,,,
season,,Lineup Changes,1,fm7cv4p0me3j48nk,The Facerockers,141.0,net_starter_swaps,"Estimated starter swaps. Existing raw change count is adds + removals, so this is total_starter_changes / 2.",,,,,,,,,,,,,,,,,,,,,,,,,,,,,282.0,7.421052631578948,3.710526315789474,171.0,4.5,,,
season,,Lineup Changes,2,0t8m7z91mdhjhvye,SUNNYD,124.0,net_starter_swaps,"Estimated starter swaps. Existing raw change count is adds + removals, so this is total_starter_changes / 2.",,,,,,,,,,,,,,,,,,,,,,,,,,,,,248.0,6.526315789473684,3.263157894736842,150.0,3.947368421052632,,,
season,,Lineup Changes,3,ss2dromsme3cbmga,Berkshire’s Club,106.0,net_starter_swaps,"Estimated starter swaps. Existing raw change count is adds + removals, so this is total_starter_changes / 2.",,,,,,,,,,,,,,,,,,,,,,,,,,,,,212.0,5.578947368421052,2.789473684210526,120.0,3.1578947368421053,,,
season,,Lineup Changes,4,qocqs3wjme34472y,KindComet,88.0,net_starter_swaps,"Estimated starter swaps. Existing raw change count is adds + removals, so this is total_starter_changes / 2.",,,,,,,,,,,,,,,,,,,,,,,,,,,,,176.0,4.631578947368421,2.3157894736842106,93.0,2.4473684210526314,,,
season,,Lineup Changes,5,ne94j2bxme0vsmkq,Pot Splashers,84.0,net_starter_swaps,"Estimated starter swaps. Existing raw change count is adds + removals, so this is total_starter_changes / 2.",,,,,,,,,,,,,,,,,,,,,,,,,,,,,168.0,4.421052631578948,2.210526315789474,70.0,1.8421052631578947,,,
season,,Lineup Changes,6,eaz9h4hfme2wdh8p,epatel3,74.0,net_starter_swaps,"Estimated starter swaps. Existing raw change count is adds + removals, so this is total_starter_changes / 2.",,,,,,,,,,,,,,,,,,,,,,,,,,,,,148.0,3.8947368421052633,1.9473684210526316,47.0,1.236842105263158,,,
season,,Lineup Changes,7,avv7b4d5me2tlsrt,wmuck1,69.0,net_starter_swaps,"Estimated starter swaps. Existing raw change count is adds + removals, so this is total_starter_changes / 2.",,,,,,,,,,,,,,,,,,,,,,,,,,,,,138.0,3.631578947368421,1.8157894736842104,58.0,1.5263157894736843,,,
season,,Lineup Changes,8,xnt9wpm9me0us0r4,yudesh,66.0,net_starter_swaps,"Estimated starter swaps. Existing raw change count is adds + removals, so this is total_starter_changes / 2.",,,,,,,,,,,,,,,,,,,,,,,,,,,,,132.0,3.473684210526316,1.736842105263158,60.0,1.5789473684210529,,,
season,,Lineup Changes,9,zxivny5tme3hojrx,Count Doku,59.0,net_starter_swaps,"Estimated starter swaps. Existing raw change count is adds + removals, so this is total_starter_changes / 2.",,,,,,,,,,,,,,,,,,,,,,,,,,,,,118.0,3.1052631578947367,1.5526315789473684,61.0,1.605263157894737,,,
season,,Lineup Changes,10,116s0o6ume0s7s58,Up the Arse-nal,54.0,net_starter_swaps,"Estimated starter swaps. Existing raw change count is adds + removals, so this is total_starter_changes / 2.",,,,,,,,,,,,,,,,,,,,,,,,,,,,,108.0,2.8421052631578947,1.4210526315789473,29.0,0.7631578947368421,,,
season,,Lineup Changes,11,ih2b4z8ome1job2n,nhauptma,49.0,net_starter_swaps,"Estimated starter swaps. Existing raw change count is adds + removals, so this is total_starter_changes / 2.",,,,,,,,,,,,,,,,,,,,,,,,,,,,,98.0,2.5789473684210527,1.2894736842105263,31.0,0.8157894736842105,,,
season,,Lineup Changes,12,zf53q9hdme32qmoe,Robertske,17.0,net_starter_swaps,"Estimated starter swaps. Existing raw change count is adds + removals, so this is total_starter_changes / 2.",,,,,,,,,,,,,,,,,,,,,,,,,,,,,34.0,0.8947368421052632,0.4473684210526316,22.0,0.5789473684210527,,,
season,,Missed Points,1,eaz9h4hfme2wdh8p,epatel3,350.5,missed_points,Fewest missed points from lineup decisions. Lower is better.,,,,,,,,,,,,,,3928.0,4278.5,91.81,,,,,,,,,,,,,,,,,,,,
season,,Missed Points,2,0t8m7z91mdhjhvye,SUNNYD,460.5,missed_points,Fewest missed points from lineup decisions. Lower is better.,,,,,,,,,,,,,,3986.0,4446.5,89.64,,,,,,,,,,,,,,,,,,,,
season,,Missed Points,3,116s0o6ume0s7s58,Up the Arse-nal,487.0,missed_points,Fewest missed points from lineup decisions. Lower is better.,,,,,,,,,,,,,,4086.0,4573.0,89.35,,,,,,,,,,,,,,,,,,,,
season,,Missed Points,4,qocqs3wjme34472y,KindComet,495.5,missed_points,Fewest missed points from lineup decisions. Lower is better.,,,,,,,,,,,,,,3928.0,4423.5,88.8,,,,,,,,,,,,,,,,,,,,
season,,Missed Points,5,xnt9wpm9me0us0r4,yudesh,502.0,missed_points,Fewest missed points from lineup decisions. Lower is better.,,,,,,,,,,,,,,3878.5,4380.5,88.54,,,,,,,,,,,,,,,,,,,,
season,,Missed Points,6,zf53q9hdme32qmoe,Robertske,503.0,missed_points,Fewest missed points from lineup decisions. Lower is better.,,,,,,,,,,,,,,3219.0,3722.0,86.49,,,,,,,,,,,,,,,,,,,,
season,,Missed Points,7,zxivny5tme3hojrx,Count Doku,510.0,missed_points,Fewest missed points from lineup decisions. Lower is better.,,,,,,,,,,,,,,3592.0,4102.0,87.57,,,,,,,,,,,,,,,,,,,,
season,,Missed Points,8,ne94j2bxme0vsmkq,Pot Splashers,517.0,missed_points,Fewest missed points from lineup decisions. Lower is better.,,,,,,,,,,,,,,3477.5,3994.5,87.06,,,,,,,,,,,,,,,,,,,,
season,,Missed Points,9,fm7cv4p0me3j48nk,The Facerockers,524.0,missed_points,Fewest missed points from lineup decisions. Lower is better.,,,,,,,,,,,,,,3759.5,4283.5,87.77,,,,,,,,,,,,,,,,,,,,
season,,Missed Points,10,avv7b4d5me2tlsrt,wmuck1,558.0,missed_points,Fewest missed points from lineup decisions. Lower is better.,,,,,,,,,,,,,,2946.0,3504.0,84.08,,,,,,,,,,,,,,,,,,,,
season,,Missed Points,11,ih2b4z8ome1job2n,nhauptma,559.0,missed_points,Fewest missed points from lineup decisions. Lower is better.,,,,,,,,,,,,,,3866.0,4425.0,87.37,,,,,,,,,,,,,,,,,,,,
season,,Missed Points,12,ss2dromsme3cbmga,Berkshire’s Club,651.0,missed_points,Fewest missed points from lineup decisions. Lower is better.,,,,,,,,,,,,,,4352.5,5003.5,86.99,,,,,,,,,,,,,,,,,,,,
season,,Roster Add Value,1,0t8m7z91mdhjhvye,SUNNYD,3360.0,total_points_after_adds,Total points produced by players after being added to a manager's roster.,,,,,,,,,,,,,,,,,,,,,,,,75.0,44.8,308.0,346.0,,,,,,,,,
season,,Roster Add Value,2,ss2dromsme3cbmga,Berkshire’s Club,3307.5,total_points_after_adds,Total points produced by players after being added to a manager's roster.,,,,,,,,,,,,,,,,,,,,,,,,60.0,55.12,250.0,374.5,,,,,,,,,
season,,Roster Add Value,3,qocqs3wjme34472y,KindComet,3206.0,total_points_after_adds,Total points produced by players after being added to a manager's roster.,,,,,,,,,,,,,,,,,,,,,,,,46.0,69.7,289.0,343.5,,,,,,,,,
season,,Roster Add Value,4,avv7b4d5me2tlsrt,wmuck1,2937.5,total_points_after_adds,Total points produced by players after being added to a manager's roster.,,,,,,,,,,,,,,,,,,,,,,,,29.0,101.29,309.0,413.5,,,,,,,,,
season,,Roster Add Value,5,fm7cv4p0me3j48nk,The Facerockers,2661.5,total_points_after_adds,Total points produced by players after being added to a manager's roster.,,,,,,,,,,,,,,,,,,,,,,,,86.0,30.95,251.0,298.0,,,,,,,,,
season,,Roster Add Value,6,zxivny5tme3hojrx,Count Doku,1942.5,total_points_after_adds,Total points produced by players after being added to a manager's roster.,,,,,,,,,,,,,,,,,,,,,,,,30.0,64.75,181.0,292.5,,,,,,,,,
season,,Roster Add Value,7,ne94j2bxme0vsmkq,Pot Splashers,1847.0,total_points_after_adds,Total points produced by players after being added to a manager's roster.,,,,,,,,,,,,,,,,,,,,,,,,35.0,52.77,192.0,322.5,,,,,,,,,
season,,Roster Add Value,8,ih2b4z8ome1job2n,nhauptma,1748.0,total_points_after_adds,Total points produced by players after being added to a manager's roster.,,,,,,,,,,,,,,,,,,,,,,,,16.0,109.25,156.0,344.5,,,,,,,,,
season,,Roster Add Value,9,eaz9h4hfme2wdh8p,epatel3,1725.0,total_points_after_adds,Total points produced by players after being added to a manager's roster.,,,,,,,,,,,,,,,,,,,,,,,,24.0,71.88,161.0,291.0,,,,,,,,,
season,,Roster Add Value,10,xnt9wpm9me0us0r4,yudesh,1492.0,total_points_after_adds,Total points produced by players after being added to a manager's roster.,,,,,,,,,,,,,,,,,,,,,,,,30.0,49.73,141.0,245.5,,,,,,,,,
season,,Roster Add Value,11,zf53q9hdme32qmoe,Robertske,1076.0,total_points_after_adds,Total points produced by players after being added to a manager's roster.,,,,,,,,,,,,,,,,,,,,,,,,10.0,107.6,145.0,224.5,,,,,,,,,
season,,Roster Add Value,12,116s0o6ume0s7s58,Up the Arse-nal,972.0,total_points_after_adds,Total points produced by players after being added to a manager's roster.,,,,,,,,,,,,,,,,,,,,,,,,15.0,64.8,94.0,159.5,,,,,,,,,
season,,Roster Adds,1,fm7cv4p0me3j48nk,The Facerockers,86.0,roster_adds,Most roster additions. This is not guaranteed waiver-only without transaction data.,,,,,,,,,,,,,,,,,,,,,,,,,30.95,,,2661.5,,,,,,,,
season,,Roster Adds,2,0t8m7z91mdhjhvye,SUNNYD,75.0,roster_adds,Most roster additions. This is not guaranteed waiver-only without transaction data.,,,,,,,,,,,,,,,,,,,,,,,,,44.8,,,3360.0,,,,,,,,
season,,Roster Adds,3,ss2dromsme3cbmga,Berkshire’s Club,60.0,roster_adds,Most roster additions. This is not guaranteed waiver-only without transaction data.,,,,,,,,,,,,,,,,,,,,,,,,,55.12,,,3307.5,,,,,,,,
season,,Roster Adds,4,qocqs3wjme34472y,KindComet,46.0,roster_adds,Most roster additions. This is not guaranteed waiver-only without transaction data.,,,,,,,,,,,,,,,,,,,,,,,,,69.7,,,3206.0,,,,,,,,
season,,Roster Adds,5,ne94j2bxme0vsmkq,Pot Splashers,35.0,roster_adds,Most roster additions. This is not guaranteed waiver-only without transaction data.,,,,,,,,,,,,,,,,,,,,,,,,,52.77,,,1847.0,,,,,,,,
season,,Roster Adds,6,zxivny5tme3hojrx,Count Doku,30.0,roster_adds,Most roster additions. This is not guaranteed waiver-only without transaction data.,,,,,,,,,,,,,,,,,,,,,,,,,64.75,,,1942.5,,,,,,,,
season,,Roster Adds,7,xnt9wpm9me0us0r4,yudesh,30.0,roster_adds,Most roster additions. This is not guaranteed waiver-only without transaction data.,,,,,,,,,,,,,,,,,,,,,,,,,49.73,,,1492.0,,,,,,,,
season,,Roster Adds,8,avv7b4d5me2tlsrt,wmuck1,29.0,roster_adds,Most roster additions. This is not guaranteed waiver-only without transaction data.,,,,,,,,,,,,,,,,,,,,,,,,,101.29,,,2937.5,,,,,,,,
season,,Roster Adds,9,eaz9h4hfme2wdh8p,epatel3,24.0,roster_adds,Most roster additions. This is not guaranteed waiver-only without transaction data.,,,,,,,,,,,,,,,,,,,,,,,,,71.88,,,1725.0,,,,,,,,
season,,Roster Adds,10,ih2b4z8ome1job2n,nhauptma,16.0,roster_adds,Most roster additions. This is not guaranteed waiver-only without transaction data.,,,,,,,,,,,,,,,,,,,,,,,,,109.25,,,1748.0,,,,,,,,
season,,Roster Adds,11,116s0o6ume0s7s58,Up the Arse-nal,15.0,roster_adds,Most roster additions. This is not guaranteed waiver-only without transaction data.,,,,,,,,,,,,,,,,,,,,,,,,,64.8,,,972.0,,,,,,,,
season,,Roster Adds,12,zf53q9hdme32qmoe,Robertske,10.0,roster_adds,Most roster additions. This is not guaranteed waiver-only without transaction data.,,,,,,,,,,,,,,,,,,,,,,,,,107.6,,,1076.0,,,,,,,,
season,,Total Starter Points,1,ss2dromsme3cbmga,Berkshire’s Club,4352.5,total_starter_points,Total points from active starters.,,,,114.53947368421052,158.0,66.5,,,,,,,,,,,,,,,,,,,,,,,,,,,,,,
season,,Total Starter Points,2,116s0o6ume0s7s58,Up the Arse-nal,4086.0,total_starter_points,Total points from active starters.,,,,107.52631578947368,163.0,44.5,,,,,,,,,,,,,,,,,,,,,,,,,,,,,,
season,,Total Starter Points,3,0t8m7z91mdhjhvye,SUNNYD,3986.0,total_starter_points,Total points from active starters.,,,,104.89473684210526,171.5,45.5,,,,,,,,,,,,,,,,,,,,,,,,,,,,,,
season,,Total Starter Points,4,eaz9h4hfme2wdh8p,epatel3,3928.0,total_starter_points,Total points from active starters.,,,,103.36842105263158,170.5,37.0,,,,,,,,,,,,,,,,,,,,,,,,,,,,,,
season,,Total Starter Points,5,qocqs3wjme34472y,KindComet,3928.0,total_starter_points,Total points from active starters.,,,,103.36842105263158,184.0,24.0,,,,,,,,,,,,,,,,,,,,,,,,,,,,,,
season,,Total Starter Points,6,xnt9wpm9me0us0r4,yudesh,3878.5,total_starter_points,Total points from active starters.,,,,102.0657894736842,165.0,52.0,,,,,,,,,,,,,,,,,,,,,,,,,,,,,,
season,,Total Starter Points,7,ih2b4z8ome1job2n,nhauptma,3866.0,total_starter_points,Total points from active starters.,,,,101.73684210526316,171.5,57.0,,,,,,,,,,,,,,,,,,,,,,,,,,,,,,
season,,Total Starter Points,8,fm7cv4p0me3j48nk,The Facerockers,3759.5,total_starter_points,Total points from active starters.,,,,98.9342105263158,184.5,30.5,,,,,,,,,,,,,,,,,,,,,,,,,,,,,,
season,,Total Starter Points,9,zxivny5tme3hojrx,Count Doku,3592.0,total_starter_points,Total points from active starters.,,,,94.52631578947368,145.5,43.0,,,,,,,,,,,,,,,,,,,,,,,,,,,,,,
season,,Total Starter Points,10,ne94j2bxme0vsmkq,Pot Splashers,3477.5,total_starter_points,Total points from active starters.,,,,91.51315789473684,140.0,37.0,,,,,,,,,,,,,,,,,,,,,,,,,,,,,,
season,,Total Starter Points,11,zf53q9hdme32qmoe,Robertske,3219.0,total_starter_points,Total points from active starters.,,,,84.71052631578948,167.5,10.5,,,,,,,,,,,,,,,,,,,,,,,,,,,,,,
season,,Total Starter Points,12,avv7b4d5me2tlsrt,wmuck1,2946.0,total_starter_points,Total points from active starters.,,,,77.52631578947368,156.5,36.5,,,,,,,,,,,,,,,,,,,,,,,,,,,,,,
weekly,1.0,Assists,1,zxivny5tme3hojrx,Count Doku,3.0,starter_assists_total,"Weekly starter assists, with xA as context.",,,,,,,,111.5,1.333795370534062,,,,,,,,,,,,,,,,,,,,,,,,,,,
weekly,1.0,Assists,2,0t8m7z91mdhjhvye,SUNNYD,2.0,starter_assists_total,"Weekly starter assists, with xA as context.",,,,,,,,116.5,0.5474631432443856,,,,,,,,,,,,,,,,,,,,,,,,,,,
weekly,1.0,Assists,3,qocqs3wjme34472y,KindComet,1.0,starter_assists_total,"Weekly starter assists, with xA as context.",,,,,,,,102.5,0.535641837865114,,,,,,,,,,,,,,,,,,,,,,,,,,,
weekly,1.0,Assists,4,ne94j2bxme0vsmkq,Pot Splashers,1.0,starter_assists_total,"Weekly starter assists, with xA as context.",,,,,,,,140.0,1.3328456580638883,,,,,,,,,,,,,,,,,,,,,,,,,,,
weekly,1.0,Assists,5,116s0o6ume0s7s58,Up the Arse-nal,1.0,starter_assists_total,"Weekly starter assists, with xA as context.",,,,,,,,67.5,0.673848398029804,,,,,,,,,,,,,,,,,,,,,,,,,,,
weekly,1.0,Assists,6,ih2b4z8ome1job2n,nhauptma,1.0,starter_assists_total,"Weekly starter assists, with xA as context.",,,,,,,,82.0,0.4008963927626608,,,,,,,,,,,,,,,,,,,,,,,,,,,
weekly,1.0,Assists,7,avv7b4d5me2tlsrt,wmuck1,1.0,starter_assists_total,"Weekly starter assists, with xA as context.",,,,,,,,81.5,1.5278495997190475,,,,,,,,,,,,,,,,,,,,,,,,,,,
weekly,1.0,Assists,8,xnt9wpm9me0us0r4,yudesh,1.0,starter_assists_total,"Weekly starter assists, with xA as context.",,,,,,,,81.5,0.7472723331302402,,,,,,,,,,,,,,,,,,,,,,,,,,,
weekly,1.0,Assists,9,ss2dromsme3cbmga,Berkshire’s Club,0.0,starter_assists_total,"Weekly starter assists, with xA as context.",,,,,,,,89.5,0.3725359439849853,,,,,,,,,,,,,,,,,,,,,,,,,,,
weekly,1.0,Assists,10,zf53q9hdme32qmoe,Robertske,0.0,starter_assists_total,"Weekly starter assists, with xA as context.",,,,,,,,96.0,0.9844686090946196,,,,,,,,,,,,,,,,,,,,,,,,,,,
weekly,1.0,Assists,11,fm7cv4p0me3j48nk,The Facerockers,0.0,starter_assists_total,"Weekly starter assists, with xA as context.",,,,,,,,122.0,0.7070519607514141,,,,,,,,,,,,,,,,,,,,,,,,,,,
weekly,1.0,Assists,12,eaz9h4hfme2wdh8p,epatel3,0.0,starter_assists_total,"Weekly starter assists, with xA as context.",,,,,,,,84.0,0.46524852886796,,,,,,,,,,,,,,,,,,,,,,,,,,,
weekly,2.0,Assists,1,qocqs3wjme34472y,KindComet,4.0,starter_assists_total,"Weekly starter assists, with xA as context.",,,,,,,,95.5,1.4188399463891983,,,,,,,,,,,,,,,,,,,,,,,,,,,
weekly,2.0,Assists,2,ih2b4z8ome1job2n,nhauptma,3.0,starter_assists_total,"Weekly starter assists, with xA as context.",,,,,,,,117.5,1.378256080672145,,,,,,,,,,,,,,,,,,,,,,,,,,,
weekly,2.0,Assists,3,ss2dromsme3cbmga,Berkshire’s Club,2.0,starter_assists_total,"Weekly starter assists, with xA as context.",,,,,,,,106.5,0.8737917449325322,,,,,,,,,,,,,,,,,,,,,,,,,,,
weekly,2.0,Assists,4,ne94j2bxme0vsmkq,Pot Splashers,2.0,starter_assists_total,"Weekly starter assists, with xA as context.",,,,,,,,93.0,0.4715598430484531,,,,,,,,,,,,,,,,,,,,,,,,,,,
weekly,2.0,Assists,5,116s0o6ume0s7s58,Up the Arse-nal,2.0,starter_assists_total,"Weekly starter assists, with xA as context.",,,,,,,,155.5,2.0205157035961747,,,,,,,,,,,,,,,,,,,,,,,,,,,
weekly,2.0,Assists,6,eaz9h4hfme2wdh8p,epatel3,2.0,starter_assists_total,"Weekly starter assists, with xA as context.",,,,,,,,110.0,1.3492429330945015,,,,,,,,,,,,,,,,,,,,,,,,,,,
weekly,2.0,Assists,7,avv7b4d5me2tlsrt,wmuck1,2.0,starter_assists_total,"Weekly starter assists, with xA as context.",,,,,,,,60.0,2.1623399760574102,,,,,,,,,,,,,,,,,,,,,,,,,,,
weekly,2.0,Assists,8,zxivny5tme3hojrx,Count Doku,1.0,starter_assists_total,"Weekly starter assists, with xA as context.",,,,,,,,55.5,0.795529589988291,,,,,,,,,,,,,,,,,,,,,,,,,,,
weekly,2.0,Assists,9,zf53q9hdme32qmoe,Robertske,1.0,starter_assists_total,"Weekly starter assists, with xA as context.",,,,,,,,45.5,1.350405851379037,,,,,,,,,,,,,,,,,,,,,,,,,,,
weekly,2.0,Assists,10,0t8m7z91mdhjhvye,SUNNYD,1.0,starter_assists_total,"Weekly starter assists, with xA as context.",,,,,,,,102.5,0.8265912309288975,,,,,,,,,,,,,,,,,,,,,,,,,,,
weekly,2.0,Assists,11,fm7cv4p0me3j48nk,The Facerockers,0.0,starter_assists_total,"Weekly starter assists, with xA as context.",,,,,,,,71.0,1.152470901608467,,,,,,,,,,,,,,,,,,,,,,,,,,,
weekly,2.0,Assists,12,xnt9wpm9me0us0r4,yudesh,0.0,starter_assists_total,"Weekly starter assists, with xA as context.",,,,,,,,100.5,0.08041931129992,,,,,,,,,,,,,,,,,,,,,,,,,,,
weekly,3.0,Assists,1,ne94j2bxme0vsmkq,Pot Splashers,3.0,starter_assists_total,"Weekly starter assists, with xA as context.",,,,,,,,87.0,0.9834448769688604,,,,,,,,,,,,,,,,,,,,,,,,,,,
weekly,3.0,Assists,2,ss2dromsme3cbmga,Berkshire’s Club,1.0,starter_assists_total,"Weekly starter assists, with xA as context.",,,,,,,,123.5,1.7608602941036224,,,,,,,,,,,,,,,,,,,,,,,,,,,
weekly,3.0,Assists,3,qocqs3wjme34472y,KindComet,1.0,starter_assists_total,"Weekly starter assists, with xA as context.",,,,,,,,76.5,1.702593605034053,,,,,,,,,,,,,,,,,,,,,,,,,,,
weekly,3.0,Assists,4,fm7cv4p0me3j48nk,The Facerockers,1.0,starter_assists_total,"Weekly starter assists, with xA as context.",,,,,,,,68.0,1.1233701203018427,,,,,,,,,,,,,,,,,,,,,,,,,,,
weekly,3.0,Assists,5,eaz9h4hfme2wdh8p,epatel3,1.0,starter_assists_total,"Weekly starter assists, with xA as context.",,,,,,,,107.5,0.9771460890769958,,,,,,,,,,,,,,,,,,,,,,,,,,,
weekly,3.0,Assists,6,ih2b4z8ome1job2n,nhauptma,1.0,starter_assists_total,"Weekly starter assists, with xA as context.",,,,,,,,119.0,1.3139867410063744,,,,,,,,,,,,,,,,,,,,,,,,,,,
weekly,3.0,Assists,7,xnt9wpm9me0us0r4,yudesh,1.0,starter_assists_total,"Weekly starter assists, with xA as context.",,,,,,,,114.5,0.5397130101919171,,,,,,,,,,,,,,,,,,,,,,,,,,,
weekly,3.0,Assists,8,zxivny5tme3hojrx,Count Doku,0.0,starter_assists_total,"Weekly starter assists, with xA as context.",,,,,,,,49.0,0.2499608835205434,,,,,,,,,,,,,,,,,,,,,,,,,,,
weekly,3.0,Assists,9,zf53q9hdme32qmoe,Robertske,0.0,starter_assists_total,"Weekly starter assists, with xA as context.",,,,,,,,69.0,0.134252544492483,,,,,,,,,,,,,,,,,,,,,,,,,,,
weekly,3.0,Assists,10,0t8m7z91mdhjhvye,SUNNYD,0.0,starter_assists_total,"Weekly starter assists, with xA as context.",,,,,,,,45.5,0.0409885682165622,,,,,,,,,,,,,,,,,,,,,,,,,,,
weekly,3.0,Assists,11,116s0o6ume0s7s58,Up the Arse-nal,0.0,starter_assists_total,"Weekly starter assists, with xA as context.",,,,,,,,97.0,0.8401281442493197,,,,,,,,,,,,,,,,,,,,,,,,,,,
weekly,3.0,Assists,12,avv7b4d5me2tlsrt,wmuck1,0.0,starter_assists_total,"Weekly starter assists, with xA as context.",,,,,,,,60.0,1.1372037529945371,,,,,,,,,,,,,,,,,,,,,,,,,,,
weekly,4.0,Assists,1,zxivny5tme3hojrx,Count Doku,2.0,starter_assists_total,"Weekly starter assists, with xA as context.",,,,,,,,73.0,1.513515116646886,,,,,,,,,,,,,,,,,,,,,,,,,,,
weekly,4.0,Assists,2,zf53q9hdme32qmoe,Robertske,2.0,starter_assists_total,"Weekly starter assists, with xA as context.",,,,,,,,132.5,1.1999519169330597,,,,,,,,,,,,,,,,,,,,,,,,,,,
weekly,4.0,Assists,3,fm7cv4p0me3j48nk,The Facerockers,2.0,starter_assists_total,"Weekly starter assists, with xA as context.",,,,,,,,134.5,0.5720681250095365,,,,,,,,,,,,,,,,,,,,,,,,,,,
weekly,4.0,Assists,4,eaz9h4hfme2wdh8p,epatel3,2.0,starter_assists_total,"Weekly starter assists, with xA as context.",,,,,,,,98.5,0.8843217417597771,,,,,,,,,,,,,,,,,,,,,,,,,,,
weekly,4.0,Assists,5,ss2dromsme3cbmga,Berkshire’s Club,1.0,starter_assists_total,"Weekly starter assists, with xA as context.",,,,,,,,103.0,0.6139727979898453,,,,,,,,,,,,,,,,,,,,,,,,,,,
weekly,4.0,Assists,6,ne94j2bxme0vsmkq,Pot Splashers,1.0,starter_assists_total,"Weekly starter assists, with xA as context.",,,,,,,,111.5,1.645194590091705,,,,,,,,,,,,,,,,,,,,,,,,,,,
weekly,4.0,Assists,7,0t8m7z91mdhjhvye,SUNNYD,1.0,starter_assists_total,"Weekly starter assists, with xA as context.",,,,,,,,121.0,2.0850643515586853,,,,,,,,,,,,,,,,,,,,,,,,,,,
weekly,4.0,Assists,8,ih2b4z8ome1job2n,nhauptma,1.0,starter_assists_total,"Weekly starter assists, with xA as context.",,,,,,,,95.0,0.4100945778191087,,,,,,,,,,,,,,,,,,,,,,,,,,,
weekly,4.0,Assists,9,qocqs3wjme34472y,KindComet,0.0,starter_assists_total,"Weekly starter assists, with xA as context.",,,,,,,,117.5,0.3118872307240961,,,,,,,,,,,,,,,,,,,,,,,,,,,
weekly,4.0,Assists,10,116s0o6ume0s7s58,Up the Arse-nal,0.0,starter_assists_total,"Weekly starter assists, with xA as context.",,,,,,,,79.5,0.8413144610822201,,,,,,,,,,,,,,,,,,,,,,,,,,,
weekly,4.0,Assists,11,avv7b4d5me2tlsrt,wmuck1,0.0,starter_assists_total,"Weekly starter assists, with xA as context.",,,,,,,,67.0,0.3337102364748715,,,,,,,,,,,,,,,,,,,,,,,,,,,
weekly,4.0,Assists,12,xnt9wpm9me0us0r4,yudesh,0.0,starter_assists_total,"Weekly starter assists, with xA as context.",,,,,,,,85.5,1.7109440993517635,,,,,,,,,,,,,,,,,,,,,,,,,,,
weekly,5.0,Assists,1,zxivny5tme3hojrx,Count Doku,3.0,starter_assists_total,"Weekly starter assists, with xA as context.",,,,,,,,145.5,1.864952951669693,,,,,,,,,,,,,,,,,,,,,,,,,,,
weekly,5.0,Assists,2,eaz9h4hfme2wdh8p,epatel3,3.0,starter_assists_total,"Weekly starter assists, with xA as context.",,,,,,,,90.0,0.5715556629002093,,,,,,,,,,,,,,,,,,,,,,,,,,,
weekly,5.0,Assists,3,qocqs3wjme34472y,KindComet,2.0,starter_assists_total,"Weekly starter assists, with xA as context.",,,,,,,,87.5,1.2271613329648972,,,,,,,,,,,,,,,,,,,,,,,,,,,
weekly,5.0,Assists,4,116s0o6ume0s7s58,Up the Arse-nal,2.0,starter_assists_total,"Weekly starter assists, with xA as context.",,,,,,,,85.5,1.0703479349613187,,,,,,,,,,,,,,,,,,,,,,,,,,,
weekly,5.0,Assists,5,ss2dromsme3cbmga,Berkshire’s Club,1.0,starter_assists_total,"Weekly starter assists, with xA as context.",,,,,,,,100.5,0.5041806120425459,,,,,,,,,,,,,,,,,,,,,,,,,,,
weekly,5.0,Assists,6,fm7cv4p0me3j48nk,The Facerockers,1.0,starter_assists_total,"Weekly starter assists, with xA as context.",,,,,,,,83.5,0.6903326772153378,,,,,,,,,,,,,,,,,,,,,,,,,,,
weekly,5.0,Assists,7,ih2b4z8ome1job2n,nhauptma,1.0,starter_assists_total,"Weekly starter assists, with xA as context.",,,,,,,,92.0,0.4141566250473258,,,,,,,,,,,,,,,,,,,,,,,,,,,
weekly,5.0,Assists,8,xnt9wpm9me0us0r4,yudesh,1.0,starter_assists_total,"Weekly starter assists, with xA as context.",,,,,,,,75.0,0.8394207060337067,,,,,,,,,,,,,,,,,,,,,,,,,,,
weekly,5.0,Assists,9,ne94j2bxme0vsmkq,Pot Splashers,0.0,starter_assists_total,"Weekly starter assists, with xA as context.",,,,,,,,61.5,0.9881741553544996,,,,,,,,,,,,,,,,,,,,,,,,,,,
weekly,5.0,Assists,10,zf53q9hdme32qmoe,Robertske,0.0,starter_assists_total,"Weekly starter assists, with xA as context.",,,,,,,,68.0,0.1262303441762923,,,,,,,,,,,,,,,,,,,,,,,,,,,
weekly,5.0,Assists,11,0t8m7z91mdhjhvye,SUNNYD,0.0,starter_assists_total,"Weekly starter assists, with xA as context.",,,,,,,,83.5,0.6968122180551287,,,,,,,,,,,,,,,,,,,,,,,,,,,
weekly,5.0,Assists,12,avv7b4d5me2tlsrt,wmuck1,0.0,starter_assists_total,"Weekly starter assists, with xA as context.",,,,,,,,50.0,0.0963025167584418,,,,,,,,,,,,,,,,,,,,,,,,,,,
weekly,6.0,Assists,1,116s0o6ume0s7s58,Up the Arse-nal,4.0,starter_assists_total,"Weekly starter assists, with xA as context.",,,,,,,,137.5,2.119581999257207,,,,,,,,,,,,,,,,,,,,,,,,,,,
weekly,6.0,Assists,2,fm7cv4p0me3j48nk,The Facerockers,3.0,starter_assists_total,"Weekly starter assists, with xA as context.",,,,,,,,133.5,0.8871048353612422,,,,,,,,,,,,,,,,,,,,,,,,,,,
weekly,6.0,Assists,3,zxivny5tme3hojrx,Count Doku,2.0,starter_assists_total,"Weekly starter assists, with xA as context.",,,,,,,,108.0,1.640603855252266,,,,,,,,,,,,,,,,,,,,,,,,,,,
weekly,6.0,Assists,4,0t8m7z91mdhjhvye,SUNNYD,2.0,starter_assists_total,"Weekly starter assists, with xA as context.",,,,,,,,86.0,1.0573514588177202,,,,,,,,,,,,,,,,,,,,,,,,,,,
weekly,6.0,Assists,5,ih2b4z8ome1job2n,nhauptma,2.0,starter_assists_total,"Weekly starter assists, with xA as context.",,,,,,,,82.5,1.3612164296209812,,,,,,,,,,,,,,,,,,,,,,,,,,,
weekly,6.0,Assists,6,qocqs3wjme34472y,KindComet,1.0,starter_assists_total,"Weekly starter assists, with xA as context.",,,,,,,,100.5,0.5750421825796364,,,,,,,,,,,,,,,,,,,,,,,,,,,
weekly,6.0,Assists,7,zf53q9hdme32qmoe,Robertske,1.0,starter_assists_total,"Weekly starter assists, with xA as context.",,,,,,,,120.0,0.7996568437665699,,,,,,,,,,,,,,,,,,,,,,,,,,,
weekly,6.0,Assists,8,eaz9h4hfme2wdh8p,epatel3,1.0,starter_assists_total,"Weekly starter assists, with xA as context.",,,,,,,,105.0,0.787336181849241,,,,,,,,,,,,,,,,,,,,,,,,,,,
weekly,6.0,Assists,9,avv7b4d5me2tlsrt,wmuck1,1.0,starter_assists_total,"Weekly starter assists, with xA as context.",,,,,,,,67.5,1.1018311195075512,,,,,,,,,,,,,,,,,,,,,,,,,,,
weekly,6.0,Assists,10,ss2dromsme3cbmga,Berkshire’s Club,0.0,starter_assists_total,"Weekly starter assists, with xA as context.",,,,,,,,101.0,1.299138881266117,,,,,,,,,,,,,,,,,,,,,,,,,,,
weekly,6.0,Assists,11,ne94j2bxme0vsmkq,Pot Splashers,0.0,starter_assists_total,"Weekly starter assists, with xA as context.",,,,,,,,78.5,0.5411616079509256,,,,,,,,,,,,,,,,,,,,,,,,,,,
weekly,6.0,Assists,12,xnt9wpm9me0us0r4,yudesh,0.0,starter_assists_total,"Weekly starter assists, with xA as context.",,,,,,,,64.5,0.8977124206721779,,,,,,,,,,,,,,,,,,,,,,,,,,,
weekly,7.0,Assists,1,ss2dromsme3cbmga,Berkshire’s Club,2.0,starter_assists_total,"Weekly starter assists, with xA as context.",,,,,,,,97.0,0.5121405813843009,,,,,,,,,,,,,,,,,,,,,,,,,,,
weekly,7.0,Assists,2,zxivny5tme3hojrx,Count Doku,2.0,starter_assists_total,"Weekly starter assists, with xA as context.",,,,,,,,82.0,0.7692159526050089,,,,,,,,,,,,,,,,,,,,,,,,,,,
weekly,7.0,Assists,3,ih2b4z8ome1job2n,nhauptma,2.0,starter_assists_total,"Weekly starter assists, with xA as context.",,,,,,,,113.5,1.1761019863188265,,,,,,,,,,,,,,,,,,,,,,,,,,,
weekly,7.0,Assists,4,avv7b4d5me2tlsrt,wmuck1,2.0,starter_assists_total,"Weekly starter assists, with xA as context.",,,,,,,,120.5,2.352847163565457,,,,,,,,,,,,,,,,,,,,,,,,,,,
weekly,7.0,Assists,5,qocqs3wjme34472y,KindComet,1.0,starter_assists_total,"Weekly starter assists, with xA as context.",,,,,,,,125.5,1.495303854346275,,,,,,,,,,,,,,,,,,,,,,,,,,,
weekly,7.0,Assists,6,0t8m7z91mdhjhvye,SUNNYD,1.0,starter_assists_total,"Weekly starter assists, with xA as context.",,,,,,,,102.5,1.358272615820169,,,,,,,,,,,,,,,,,,,,,,,,,,,
weekly,7.0,Assists,7,fm7cv4p0me3j48nk,The Facerockers,1.0,starter_assists_total,"Weekly starter assists, with xA as context.",,,,,,,,78.0,0.5042681097984313,,,,,,,,,,,,,,,,,,,,,,,,,,,
weekly,7.0,Assists,8,116s0o6ume0s7s58,Up the Arse-nal,1.0,starter_assists_total,"Weekly starter assists, with xA as context.",,,,,,,,139.0,1.7363773453980682,,,,,,,,,,,,,,,,,,,,,,,,,,,
weekly,7.0,Assists,9,eaz9h4hfme2wdh8p,epatel3,1.0,starter_assists_total,"Weekly starter assists, with xA as context.",,,,,,,,71.5,0.039466917514801,,,,,,,,,,,,,,,,,,,,,,,,,,,
weekly,7.0,Assists,10,xnt9wpm9me0us0r4,yudesh,1.0,starter_assists_total,"Weekly starter assists, with xA as context.",,,,,,,,108.5,1.0918190889060493,,,,,,,,,,,,,,,,,,,,,,,,,,,
weekly,7.0,Assists,11,ne94j2bxme0vsmkq,Pot Splashers,0.0,starter_assists_total,"Weekly starter assists, with xA as context.",,,,,,,,97.5,0.8585875928401947,,,,,,,,,,,,,,,,,,,,,,,,,,,
weekly,7.0,Assists,12,zf53q9hdme32qmoe,Robertske,0.0,starter_assists_total,"Weekly starter assists, with xA as context.",,,,,,,,72.5,0.2581443637609481,,,,,,,,,,,,,,,,,,,,,,,,,,,
weekly,8.0,Assists,1,116s0o6ume0s7s58,Up the Arse-nal,4.0,starter_assists_total,"Weekly starter assists, with xA as context.",,,,,,,,157.0,1.782173605635762,,,,,,,,,,,,,,,,,,,,,,,,,,,
weekly,8.0,Assists,2,qocqs3wjme34472y,KindComet,3.0,starter_assists_total,"Weekly starter assists, with xA as context.",,,,,,,,111.5,2.4779065204784274,,,,,,,,,,,,,,,,,,,,,,,,,,,
weekly,8.0,Assists,3,zf53q9hdme32qmoe,Robertske,2.0,starter_assists_total,"Weekly starter assists, with xA as context.",,,,,,,,127.5,2.2451960556209087,,,,,,,,,,,,,,,,,,,,,,,,,,,
weekly,8.0,Assists,4,eaz9h4hfme2wdh8p,epatel3,2.0,starter_assists_total,"Weekly starter assists, with xA as context.",,,,,,,,97.5,2.074447151273489,,,,,,,,,,,,,,,,,,,,,,,,,,,
weekly,8.0,Assists,5,ss2dromsme3cbmga,Berkshire’s Club,1.0,starter_assists_total,"Weekly starter assists, with xA as context.",,,,,,,,85.0,0.8266961798071859,,,,,,,,,,,,,,,,,,,,,,,,,,,
weekly,8.0,Assists,6,0t8m7z91mdhjhvye,SUNNYD,1.0,starter_assists_total,"Weekly starter assists, with xA as context.",,,,,,,,136.5,1.800218604505062,,,,,,,,,,,,,,,,,,,,,,,,,,,
weekly,8.0,Assists,7,xnt9wpm9me0us0r4,yudesh,1.0,starter_assists_total,"Weekly starter assists, with xA as context.",,,,,,,,102.5,1.566102808341384,,,,,,,,,,,,,,,,,,,,,,,,,,,
weekly,8.0,Assists,8,zxivny5tme3hojrx,Count Doku,0.0,starter_assists_total,"Weekly starter assists, with xA as context.",,,,,,,,78.5,1.4177908636629577,,,,,,,,,,,,,,,,,,,,,,,,,,,
weekly,8.0,Assists,9,ne94j2bxme0vsmkq,Pot Splashers,0.0,starter_assists_total,"Weekly starter assists, with xA as context.",,,,,,,,68.5,0.4724078103899954,,,,,,,,,,,,,,,,,,,,,,,,,,,
weekly,8.0,Assists,10,fm7cv4p0me3j48nk,The Facerockers,0.0,starter_assists_total,"Weekly starter assists, with xA as context.",,,,,,,,98.0,0.9319335892796516,,,,,,,,,,,,,,,,,,,,,,,,,,,
weekly,8.0,Assists,11,ih2b4z8ome1job2n,nhauptma,0.0,starter_assists_total,"Weekly starter assists, with xA as context.",,,,,,,,141.5,0.9189291857182978,,,,,,,,,,,,,,,,,,,,,,,,,,,
weekly,8.0,Assists,12,avv7b4d5me2tlsrt,wmuck1,0.0,starter_assists_total,"Weekly starter assists, with xA as context.",,,,,,,,63.0,0.3196150809526442,,,,,,,,,,,,,,,,,,,,,,,,,,,
weekly,9.0,Assists,1,116s0o6ume0s7s58,Up the Arse-nal,3.0,starter_assists_total,"Weekly starter assists, with xA as context.",,,,,,,,117.0,1.5765558322891593,,,,,,,,,,,,,,,,,,,,,,,,,,,
weekly,9.0,Assists,2,ih2b4z8ome1job2n,nhauptma,3.0,starter_assists_total,"Weekly starter assists, with xA as context.",,,,,,,,123.0,1.5198877826333044,,,,,,,,,,,,,,,,,,,,,,,,,,,
weekly,9.0,Assists,3,ss2dromsme3cbmga,Berkshire’s Club,2.0,starter_assists_total,"Weekly starter assists, with xA as context.",,,,,,,,122.0,0.4265207052230833,,,,,,,,,,,,,,,,,,,,,,,,,,,
weekly,9.0,Assists,4,zxivny5tme3hojrx,Count Doku,1.0,starter_assists_total,"Weekly starter assists, with xA as context.",,,,,,,,84.0,1.0897855106741188,,,,,,,,,,,,,,,,,,,,,,,,,,,
weekly,9.0,Assists,5,ne94j2bxme0vsmkq,Pot Splashers,1.0,starter_assists_total,"Weekly starter assists, with xA as context.",,,,,,,,61.5,1.8179185017943384,,,,,,,,,,,,,,,,,,,,,,,,,,,
weekly,9.0,Assists,6,0t8m7z91mdhjhvye,SUNNYD,1.0,starter_assists_total,"Weekly starter assists, with xA as context.",,,,,,,,107.0,1.7598013821989296,,,,,,,,,,,,,,,,,,,,,,,,,,,
weekly,9.0,Assists,7,qocqs3wjme34472y,KindComet,0.0,starter_assists_total,"Weekly starter assists, with xA as context.",,,,,,,,110.0,0.8473472595214843,,,,,,,,,,,,,,,,,,,,,,,,,,,
weekly,9.0,Assists,8,zf53q9hdme32qmoe,Robertske,0.0,starter_assists_total,"Weekly starter assists, with xA as context.",,,,,,,,87.5,0.717999828979373,,,,,,,,,,,,,,,,,,,,,,,,,,,
weekly,9.0,Assists,9,fm7cv4p0me3j48nk,The Facerockers,0.0,starter_assists_total,"Weekly starter assists, with xA as context.",,,,,,,,109.0,0.2840899182483551,,,,,,,,,,,,,,,,,,,,,,,,,,,
weekly,9.0,Assists,10,eaz9h4hfme2wdh8p,epatel3,0.0,starter_assists_total,"Weekly starter assists, with xA as context.",,,,,,,,113.0,0.3986185695976018,,,,,,,,,,,,,,,,,,,,,,,,,,,
weekly,9.0,Assists,11,avv7b4d5me2tlsrt,wmuck1,0.0,starter_assists_total,"Weekly starter assists, with xA as context.",,,,,,,,94.0,0.7603717371821401,,,,,,,,,,,,,,,,,,,,,,,,,,,
weekly,9.0,Assists,12,xnt9wpm9me0us0r4,yudesh,0.0,starter_assists_total,"Weekly starter assists, with xA as context.",,,,,,,,73.5,0.5180934183299539,,,,,,,,,,,,,,,,,,,,,,,,,,,
weekly,10.0,Assists,1,zf53q9hdme32qmoe,Robertske,5.0,starter_assists_total,"Weekly starter assists, with xA as context.",,,,,,,,131.5,2.308655172586441,,,,,,,,,,,,,,,,,,,,,,,,,,,
weekly,10.0,Assists,2,ss2dromsme3cbmga,Berkshire’s Club,2.0,starter_assists_total,"Weekly starter assists, with xA as context.",,,,,,,,113.0,1.7754653841257095,,,,,,,,,,,,,,,,,,,,,,,,,,,
weekly,10.0,Assists,3,ih2b4z8ome1job2n,nhauptma,2.0,starter_assists_total,"Weekly starter assists, with xA as context.",,,,,,,,129.5,1.811384439468384,,,,,,,,,,,,,,,,,,,,,,,,,,,
weekly,10.0,Assists,4,avv7b4d5me2tlsrt,wmuck1,2.0,starter_assists_total,"Weekly starter assists, with xA as context.",,,,,,,,80.0,0.3978528352454302,,,,,,,,,,,,,,,,,,,,,,,,,,,
weekly,10.0,Assists,5,ne94j2bxme0vsmkq,Pot Splashers,1.0,starter_assists_total,"Weekly starter assists, with xA as context.",,,,,,,,98.0,1.186137638986111,,,,,,,,,,,,,,,,,,,,,,,,,,,
weekly,10.0,Assists,6,116s0o6ume0s7s58,Up the Arse-nal,1.0,starter_assists_total,"Weekly starter assists, with xA as context.",,,,,,,,127.0,1.3391554020345209,,,,,,,,,,,,,,,,,,,,,,,,,,,
weekly,10.0,Assists,7,eaz9h4hfme2wdh8p,epatel3,1.0,starter_assists_total,"Weekly starter assists, with xA as context.",,,,,,,,129.0,1.4332188796252008,,,,,,,,,,,,,,,,,,,,,,,,,,,
weekly,10.0,Assists,8,xnt9wpm9me0us0r4,yudesh,1.0,starter_assists_total,"Weekly starter assists, with xA as context.",,,,,,,,98.5,0.4096090570092199,,,,,,,,,,,,,,,,,,,,,,,,,,,
weekly,10.0,Assists,9,zxivny5tme3hojrx,Count Doku,0.0,starter_assists_total,"Weekly starter assists, with xA as context.",,,,,,,,46.0,1.055312991142273,,,,,,,,,,,,,,,,,,,,,,,,,,,
weekly,10.0,Assists,10,qocqs3wjme34472y,KindComet,0.0,starter_assists_total,"Weekly starter assists, with xA as context.",,,,,,,,75.0,0.7542837113142014,,,,,,,,,,,,,,,,,,,,,,,,,,,
weekly,10.0,Assists,11,0t8m7z91mdhjhvye,SUNNYD,0.0,starter_assists_total,"Weekly starter assists, with xA as context.",,,,,,,,45.5,0.3784312531352042,,,,,,,,,,,,,,,,,,,,,,,,,,,
weekly,10.0,Assists,12,fm7cv4p0me3j48nk,The Facerockers,0.0,starter_assists_total,"Weekly starter assists, with xA as context.",,,,,,,,108.0,0.2816540040075778,,,,,,,,,,,,,,,,,,,,,,,,,,,
weekly,11.0,Assists,1,xnt9wpm9me0us0r4,yudesh,3.0,starter_assists_total,"Weekly starter assists, with xA as context.",,,,,,,,96.5,0.7416120395064352,,,,,,,,,,,,,,,,,,,,,,,,,,,
weekly,11.0,Assists,2,ne94j2bxme0vsmkq,Pot Splashers,2.0,starter_assists_total,"Weekly starter assists, with xA as context.",,,,,,,,113.0,1.690589502453804,,,,,,,,,,,,,,,,,,,,,,,,,,,
weekly,11.0,Assists,3,zf53q9hdme32qmoe,Robertske,2.0,starter_assists_total,"Weekly starter assists, with xA as context.",,,,,,,,111.5,0.4777605514973401,,,,,,,,,,,,,,,,,,,,,,,,,,,
weekly,11.0,Assists,4,0t8m7z91mdhjhvye,SUNNYD,2.0,starter_assists_total,"Weekly starter assists, with xA as context.",,,,,,,,115.5,1.4101048726588488,,,,,,,,,,,,,,,,,,,,,,,,,,,
weekly,11.0,Assists,5,116s0o6ume0s7s58,Up the Arse-nal,2.0,starter_assists_total,"Weekly starter assists, with xA as context.",,,,,,,,92.5,1.390575677156448,,,,,,,,,,,,,,,,,,,,,,,,,,,
weekly,11.0,Assists,6,zxivny5tme3hojrx,Count Doku,1.0,starter_assists_total,"Weekly starter assists, with xA as context.",,,,,,,,91.5,0.4290623441338538,,,,,,,,,,,,,,,,,,,,,,,,,,,
weekly,11.0,Assists,7,ih2b4z8ome1job2n,nhauptma,1.0,starter_assists_total,"Weekly starter assists, with xA as context.",,,,,,,,120.5,0.2547661215066908,,,,,,,,,,,,,,,,,,,,,,,,,,,
weekly,11.0,Assists,8,ss2dromsme3cbmga,Berkshire’s Club,0.0,starter_assists_total,"Weekly starter assists, with xA as context.",,,,,,,,71.5,0.2404587231576442,,,,,,,,,,,,,,,,,,,,,,,,,,,
weekly,11.0,Assists,9,qocqs3wjme34472y,KindComet,0.0,starter_assists_total,"Weekly starter assists, with xA as context.",,,,,,,,81.0,0.8552910536527634,,,,,,,,,,,,,,,,,,,,,,,,,,,
weekly,11.0,Assists,10,fm7cv4p0me3j48nk,The Facerockers,0.0,starter_assists_total,"Weekly starter assists, with xA as context.",,,,,,,,30.5,0.1548905670642852,,,,,,,,,,,,,,,,,,,,,,,,,,,
weekly,11.0,Assists,11,eaz9h4hfme2wdh8p,epatel3,0.0,starter_assists_total,"Weekly starter assists, with xA as context.",,,,,,,,81.0,0.1983144283294676,,,,,,,,,,,,,,,,,,,,,,,,,,,
weekly,11.0,Assists,12,avv7b4d5me2tlsrt,wmuck1,0.0,starter_assists_total,"Weekly starter assists, with xA as context.",,,,,,,,40.0,0.461711287498474,,,,,,,,,,,,,,,,,,,,,,,,,,,
weekly,12.0,Assists,1,xnt9wpm9me0us0r4,yudesh,4.0,starter_assists_total,"Weekly starter assists, with xA as context.",,,,,,,,117.0,0.8575102016329762,,,,,,,,,,,,,,,,,,,,,,,,,,,
weekly,12.0,Assists,2,116s0o6ume0s7s58,Up the Arse-nal,3.0,starter_assists_total,"Weekly starter assists, with xA as context.",,,,,,,,79.0,1.0137731870636342,,,,,,,,,,,,,,,,,,,,,,,,,,,
weekly,12.0,Assists,3,ss2dromsme3cbmga,Berkshire’s Club,2.0,starter_assists_total,"Weekly starter assists, with xA as context.",,,,,,,,113.0,1.7490803971886637,,,,,,,,,,,,,,,,,,,,,,,,,,,
weekly,12.0,Assists,4,zxivny5tme3hojrx,Count Doku,2.0,starter_assists_total,"Weekly starter assists, with xA as context.",,,,,,,,80.0,1.0976304216310382,,,,,,,,,,,,,,,,,,,,,,,,,,,
weekly,12.0,Assists,5,zf53q9hdme32qmoe,Robertske,2.0,starter_assists_total,"Weekly starter assists, with xA as context.",,,,,,,,83.5,2.18114760145545,,,,,,,,,,,,,,,,,,,,,,,,,,,
weekly,12.0,Assists,6,0t8m7z91mdhjhvye,SUNNYD,2.0,starter_assists_total,"Weekly starter assists, with xA as context.",,,,,,,,96.5,0.9233059659600258,,,,,,,,,,,,,,,,,,,,,,,,,,,
weekly,12.0,Assists,7,ih2b4z8ome1job2n,nhauptma,2.0,starter_assists_total,"Weekly starter assists, with xA as context.",,,,,,,,126.0,1.1933057270944118,,,,,,,,,,,,,,,,,,,,,,,,,,,
weekly,12.0,Assists,8,eaz9h4hfme2wdh8p,epatel3,1.0,starter_assists_total,"Weekly starter assists, with xA as context.",,,,,,,,170.5,1.719325881451368,,,,,,,,,,,,,,,,,,,,,,,,,,,
weekly,12.0,Assists,9,avv7b4d5me2tlsrt,wmuck1,1.0,starter_assists_total,"Weekly starter assists, with xA as context.",,,,,,,,56.5,1.4204716710373757,,,,,,,,,,,,,,,,,,,,,,,,,,,
weekly,12.0,Assists,10,qocqs3wjme34472y,KindComet,0.0,starter_assists_total,"Weekly starter assists, with xA as context.",,,,,,,,118.5,0.4822622835636137,,,,,,,,,,,,,,,,,,,,,,,,,,,
weekly,12.0,Assists,11,ne94j2bxme0vsmkq,Pot Splashers,0.0,starter_assists_total,"Weekly starter assists, with xA as context.",,,,,,,,77.0,0.267071190290153,,,,,,,,,,,,,,,,,,,,,,,,,,,
weekly,12.0,Assists,12,fm7cv4p0me3j48nk,The Facerockers,0.0,starter_assists_total,"Weekly starter assists, with xA as context.",,,,,,,,60.5,0.3005995359271762,,,,,,,,,,,,,,,,,,,,,,,,,,,
weekly,13.0,Assists,1,116s0o6ume0s7s58,Up the Arse-nal,4.0,starter_assists_total,"Weekly starter assists, with xA as context.",,,,,,,,147.5,1.0011846814304588,,,,,,,,,,,,,,,,,,,,,,,,,,,
weekly,13.0,Assists,2,zxivny5tme3hojrx,Count Doku,2.0,starter_assists_total,"Weekly starter assists, with xA as context.",,,,,,,,113.5,0.9581379145383832,,,,,,,,,,,,,,,,,,,,,,,,,,,
weekly,13.0,Assists,3,ne94j2bxme0vsmkq,Pot Splashers,2.0,starter_assists_total,"Weekly starter assists, with xA as context.",,,,,,,,95.5,1.4075186550617218,,,,,,,,,,,,,,,,,,,,,,,,,,,
weekly,13.0,Assists,4,zf53q9hdme32qmoe,Robertske,2.0,starter_assists_total,"Weekly starter assists, with xA as context.",,,,,,,,72.0,1.366611871868372,,,,,,,,,,,,,,,,,,,,,,,,,,,
weekly,13.0,Assists,5,0t8m7z91mdhjhvye,SUNNYD,2.0,starter_assists_total,"Weekly starter assists, with xA as context.",,,,,,,,96.0,0.8090509623289107,,,,,,,,,,,,,,,,,,,,,,,,,,,
weekly,13.0,Assists,6,xnt9wpm9me0us0r4,yudesh,2.0,starter_assists_total,"Weekly starter assists, with xA as context.",,,,,,,,152.5,1.6564981974661348,,,,,,,,,,,,,,,,,,,,,,,,,,,
weekly,13.0,Assists,7,ss2dromsme3cbmga,Berkshire’s Club,1.0,starter_assists_total,"Weekly starter assists, with xA as context.",,,,,,,,71.5,2.291528131812811,,,,,,,,,,,,,,,,,,,,,,,,,,,
weekly,13.0,Assists,8,fm7cv4p0me3j48nk,The Facerockers,1.0,starter_assists_total,"Weekly starter assists, with xA as context.",,,,,,,,93.5,0.430474743247032,,,,,,,,,,,,,,,,,,,,,,,,,,,
weekly,13.0,Assists,9,ih2b4z8ome1job2n,nhauptma,1.0,starter_assists_total,"Weekly starter assists, with xA as context.",,,,,,,,87.5,0.8758250670507548,,,,,,,,,,,,,,,,,,,,,,,,,,,
weekly,13.0,Assists,10,qocqs3wjme34472y,KindComet,0.0,starter_assists_total,"Weekly starter assists, with xA as context.",,,,,,,,83.0,0.3372369110584259,,,,,,,,,,,,,,,,,,,,,,,,,,,
weekly,13.0,Assists,11,eaz9h4hfme2wdh8p,epatel3,0.0,starter_assists_total,"Weekly starter assists, with xA as context.",,,,,,,,66.0,0.4275955650955438,,,,,,,,,,,,,,,,,,,,,,,,,,,
weekly,13.0,Assists,12,avv7b4d5me2tlsrt,wmuck1,0.0,starter_assists_total,"Weekly starter assists, with xA as context.",,,,,,,,68.0,0.369139105081558,,,,,,,,,,,,,,,,,,,,,,,,,,,
weekly,14.0,Assists,1,zxivny5tme3hojrx,Count Doku,5.0,starter_assists_total,"Weekly starter assists, with xA as context.",,,,,,,,116.0,1.3197119124233725,,,,,,,,,,,,,,,,,,,,,,,,,,,
weekly,14.0,Assists,2,ss2dromsme3cbmga,Berkshire’s Club,3.0,starter_assists_total,"Weekly starter assists, with xA as context.",,,,,,,,113.5,1.7545119151473043,,,,,,,,,,,,,,,,,,,,,,,,,,,
weekly,14.0,Assists,3,zf53q9hdme32qmoe,Robertske,2.0,starter_assists_total,"Weekly starter assists, with xA as context.",,,,,,,,77.5,1.55798502266407,,,,,,,,,,,,,,,,,,,,,,,,,,,
weekly,14.0,Assists,4,0t8m7z91mdhjhvye,SUNNYD,2.0,starter_assists_total,"Weekly starter assists, with xA as context.",,,,,,,,96.0,0.986403793096542,,,,,,,,,,,,,,,,,,,,,,,,,,,
weekly,14.0,Assists,5,fm7cv4p0me3j48nk,The Facerockers,2.0,starter_assists_total,"Weekly starter assists, with xA as context.",,,,,,,,119.5,0.8734303209930655,,,,,,,,,,,,,,,,,,,,,,,,,,,
weekly,14.0,Assists,6,eaz9h4hfme2wdh8p,epatel3,2.0,starter_assists_total,"Weekly starter assists, with xA as context.",,,,,,,,96.0,0.6978633981198071,,,,,,,,,,,,,,,,,,,,,,,,,,,
weekly,14.0,Assists,7,xnt9wpm9me0us0r4,yudesh,2.0,starter_assists_total,"Weekly starter assists, with xA as context.",,,,,,,,89.5,0.9010663665831088,,,,,,,,,,,,,,,,,,,,,,,,,,,
weekly,14.0,Assists,8,qocqs3wjme34472y,KindComet,1.0,starter_assists_total,"Weekly starter assists, with xA as context.",,,,,,,,107.5,1.6670616194605827,,,,,,,,,,,,,,,,,,,,,,,,,,,
weekly,14.0,Assists,9,avv7b4d5me2tlsrt,wmuck1,1.0,starter_assists_total,"Weekly starter assists, with xA as context.",,,,,,,,56.5,0.9251745138317344,,,,,,,,,,,,,,,,,,,,,,,,,,,
weekly,14.0,Assists,10,ne94j2bxme0vsmkq,Pot Splashers,0.0,starter_assists_total,"Weekly starter assists, with xA as context.",,,,,,,,37.0,0.2220182120800016,,,,,,,,,,,,,,,,,,,,,,,,,,,
weekly,14.0,Assists,11,116s0o6ume0s7s58,Up the Arse-nal,0.0,starter_assists_total,"Weekly starter assists, with xA as context.",,,,,,,,68.5,0.732836041599512,,,,,,,,,,,,,,,,,,,,,,,,,,,
weekly,14.0,Assists,12,ih2b4z8ome1job2n,nhauptma,0.0,starter_assists_total,"Weekly starter assists, with xA as context.",,,,,,,,135.0,0.6030589714646338,,,,,,,,,,,,,,,,,,,,,,,,,,,
weekly,15.0,Assists,1,ss2dromsme3cbmga,Berkshire’s Club,3.0,starter_assists_total,"Weekly starter assists, with xA as context.",,,,,,,,158.0,1.467064045369625,,,,,,,,,,,,,,,,,,,,,,,,,,,
weekly,15.0,Assists,2,zf53q9hdme32qmoe,Robertske,3.0,starter_assists_total,"Weekly starter assists, with xA as context.",,,,,,,,120.5,1.5454974099993706,,,,,,,,,,,,,,,,,,,,,,,,,,,
weekly,15.0,Assists,3,zxivny5tme3hojrx,Count Doku,2.0,starter_assists_total,"Weekly starter assists, with xA as context.",,,,,,,,123.5,1.7080838419497013,,,,,,,,,,,,,,,,,,,,,,,,,,,
weekly,15.0,Assists,4,0t8m7z91mdhjhvye,SUNNYD,2.0,starter_assists_total,"Weekly starter assists, with xA as context.",,,,,,,,101.5,1.1724184751510618,,,,,,,,,,,,,,,,,,,,,,,,,,,
weekly,15.0,Assists,5,fm7cv4p0me3j48nk,The Facerockers,2.0,starter_assists_total,"Weekly starter assists, with xA as context.",,,,,,,,113.5,0.9505117647349832,,,,,,,,,,,,,,,,,,,,,,,,,,,
weekly,15.0,Assists,6,xnt9wpm9me0us0r4,yudesh,2.0,starter_assists_total,"Weekly starter assists, with xA as context.",,,,,,,,123.5,1.2943113772198558,,,,,,,,,,,,,,,,,,,,,,,,,,,
weekly,15.0,Assists,7,116s0o6ume0s7s58,Up the Arse-nal,1.0,starter_assists_total,"Weekly starter assists, with xA as context.",,,,,,,,117.0,1.827881662175059,,,,,,,,,,,,,,,,,,,,,,,,,,,
weekly,15.0,Assists,8,eaz9h4hfme2wdh8p,epatel3,1.0,starter_assists_total,"Weekly starter assists, with xA as context.",,,,,,,,92.0,0.0584827214479445,,,,,,,,,,,,,,,,,,,,,,,,,,,
weekly,15.0,Assists,9,ih2b4z8ome1job2n,nhauptma,1.0,starter_assists_total,"Weekly starter assists, with xA as context.",,,,,,,,123.5,0.6880542906001209,,,,,,,,,,,,,,,,,,,,,,,,,,,
weekly,15.0,Assists,10,qocqs3wjme34472y,KindComet,0.0,starter_assists_total,"Weekly starter assists, with xA as context.",,,,,,,,79.0,0.1906479410827158,,,,,,,,,,,,,,,,,,,,,,,,,,,
weekly,15.0,Assists,11,ne94j2bxme0vsmkq,Pot Splashers,0.0,starter_assists_total,"Weekly starter assists, with xA as context.",,,,,,,,106.0,1.3710079826414583,,,,,,,,,,,,,,,,,,,,,,,,,,,
weekly,15.0,Assists,12,avv7b4d5me2tlsrt,wmuck1,0.0,starter_assists_total,"Weekly starter assists, with xA as context.",,,,,,,,85.5,0.6109439767897127,,,,,,,,,,,,,,,,,,,,,,,,,,,
weekly,16.0,Assists,1,0t8m7z91mdhjhvye,SUNNYD,4.0,starter_assists_total,"Weekly starter assists, with xA as context.",,,,,,,,171.5,1.7202670648694038,,,,,,,,,,,,,,,,,,,,,,,,,,,
weekly,16.0,Assists,2,fm7cv4p0me3j48nk,The Facerockers,4.0,starter_assists_total,"Weekly starter assists, with xA as context.",,,,,,,,129.5,2.077699154615402,,,,,,,,,,,,,,,,,,,,,,,,,,,
weekly,16.0,Assists,3,qocqs3wjme34472y,KindComet,2.0,starter_assists_total,"Weekly starter assists, with xA as context.",,,,,,,,155.0,1.5257411301136017,,,,,,,,,,,,,,,,,,,,,,,,,,,
weekly,16.0,Assists,4,zf53q9hdme32qmoe,Robertske,2.0,starter_assists_total,"Weekly starter assists, with xA as context.",,,,,,,,108.5,1.1987688913941383,,,,,,,,,,,,,,,,,,,,,,,,,,,
weekly,16.0,Assists,5,116s0o6ume0s7s58,Up the Arse-nal,2.0,starter_assists_total,"Weekly starter assists, with xA as context.",,,,,,,,128.5,1.8933306988328693,,,,,,,,,,,,,,,,,,,,,,,,,,,
weekly,16.0,Assists,6,ss2dromsme3cbmga,Berkshire’s Club,1.0,starter_assists_total,"Weekly starter assists, with xA as context.",,,,,,,,116.0,1.4986955001950262,,,,,,,,,,,,,,,,,,,,,,,,,,,
weekly,16.0,Assists,7,ih2b4z8ome1job2n,nhauptma,1.0,starter_assists_total,"Weekly starter assists, with xA as context.",,,,,,,,62.0,0.5926089286804199,,,,,,,,,,,,,,,,,,,,,,,,,,,
weekly,16.0,Assists,8,avv7b4d5me2tlsrt,wmuck1,1.0,starter_assists_total,"Weekly starter assists, with xA as context.",,,,,,,,75.5,0.8064400311559439,,,,,,,,,,,,,,,,,,,,,,,,,,,
weekly,16.0,Assists,9,zxivny5tme3hojrx,Count Doku,0.0,starter_assists_total,"Weekly starter assists, with xA as context.",,,,,,,,77.0,0.7567442078143356,,,,,,,,,,,,,,,,,,,,,,,,,,,
weekly,16.0,Assists,10,ne94j2bxme0vsmkq,Pot Splashers,0.0,starter_assists_total,"Weekly starter assists, with xA as context.",,,,,,,,78.0,0.3305418044328688,,,,,,,,,,,,,,,,,,,,,,,,,,,
weekly,16.0,Assists,11,eaz9h4hfme2wdh8p,epatel3,0.0,starter_assists_total,"Weekly starter assists, with xA as context.",,,,,,,,37.0,0.1403699722141027,,,,,,,,,,,,,,,,,,,,,,,,,,,
weekly,16.0,Assists,12,xnt9wpm9me0us0r4,yudesh,0.0,starter_assists_total,"Weekly starter assists, with xA as context.",,,,,,,,60.0,0.4901706576347349,,,,,,,,,,,,,,,,,,,,,,,,,,,
weekly,17.0,Assists,1,ne94j2bxme0vsmkq,Pot Splashers,5.0,starter_assists_total,"Weekly starter assists, with xA as context.",,,,,,,,91.0,1.699532128870487,,,,,,,,,,,,,,,,,,,,,,,,,,,
weekly,17.0,Assists,2,116s0o6ume0s7s58,Up the Arse-nal,2.0,starter_assists_total,"Weekly starter assists, with xA as context.",,,,,,,,131.5,1.759558767080307,,,,,,,,,,,,,,,,,,,,,,,,,,,
weekly,17.0,Assists,3,xnt9wpm9me0us0r4,yudesh,2.0,starter_assists_total,"Weekly starter assists, with xA as context.",,,,,,,,133.0,1.9759507887065408,,,,,,,,,,,,,,,,,,,,,,,,,,,
weekly,17.0,Assists,4,qocqs3wjme34472y,KindComet,1.0,starter_assists_total,"Weekly starter assists, with xA as context.",,,,,,,,109.5,0.1894043590873479,,,,,,,,,,,,,,,,,,,,,,,,,,,
weekly,17.0,Assists,5,zf53q9hdme32qmoe,Robertske,1.0,starter_assists_total,"Weekly starter assists, with xA as context.",,,,,,,,99.5,1.8952336916700008,,,,,,,,,,,,,,,,,,,,,,,,,,,
weekly,17.0,Assists,6,fm7cv4p0me3j48nk,The Facerockers,1.0,starter_assists_total,"Weekly starter assists, with xA as context.",,,,,,,,122.5,0.2976036332547662,,,,,,,,,,,,,,,,,,,,,,,,,,,
weekly,17.0,Assists,7,ss2dromsme3cbmga,Berkshire’s Club,0.0,starter_assists_total,"Weekly starter assists, with xA as context.",,,,,,,,123.5,1.4416451454162595,,,,,,,,,,,,,,,,,,,,,,,,,,,
weekly,17.0,Assists,8,zxivny5tme3hojrx,Count Doku,0.0,starter_assists_total,"Weekly starter assists, with xA as context.",,,,,,,,67.5,0.6814640732482076,,,,,,,,,,,,,,,,,,,,,,,,,,,
weekly,17.0,Assists,9,0t8m7z91mdhjhvye,SUNNYD,0.0,starter_assists_total,"Weekly starter assists, with xA as context.",,,,,,,,135.0,0.9611550681293008,,,,,,,,,,,,,,,,,,,,,,,,,,,
weekly,17.0,Assists,10,eaz9h4hfme2wdh8p,epatel3,0.0,starter_assists_total,"Weekly starter assists, with xA as context.",,,,,,,,69.0,1.3033057302236557,,,,,,,,,,,,,,,,,,,,,,,,,,,
weekly,17.0,Assists,11,ih2b4z8ome1job2n,nhauptma,0.0,starter_assists_total,"Weekly starter assists, with xA as context.",,,,,,,,71.5,0.2193188294768331,,,,,,,,,,,,,,,,,,,,,,,,,,,
weekly,17.0,Assists,12,avv7b4d5me2tlsrt,wmuck1,0.0,starter_assists_total,"Weekly starter assists, with xA as context.",,,,,,,,46.5,0.0927216708660124,,,,,,,,,,,,,,,,,,,,,,,,,,,
weekly,18.0,Assists,1,116s0o6ume0s7s58,Up the Arse-nal,3.0,starter_assists_total,"Weekly starter assists, with xA as context.",,,,,,,,109.0,1.6602847855538128,,,,,,,,,,,,,,,,,,,,,,,,,,,
weekly,18.0,Assists,2,zxivny5tme3hojrx,Count Doku,2.0,starter_assists_total,"Weekly starter assists, with xA as context.",,,,,,,,122.5,3.167183890938759,,,,,,,,,,,,,,,,,,,,,,,,,,,
weekly,18.0,Assists,3,qocqs3wjme34472y,KindComet,2.0,starter_assists_total,"Weekly starter assists, with xA as context.",,,,,,,,88.5,2.071134068071842,,,,,,,,,,,,,,,,,,,,,,,,,,,
weekly,18.0,Assists,4,ss2dromsme3cbmga,Berkshire’s Club,1.0,starter_assists_total,"Weekly starter assists, with xA as context.",,,,,,,,129.0,1.1626109480857845,,,,,,,,,,,,,,,,,,,,,,,,,,,
weekly,18.0,Assists,5,zf53q9hdme32qmoe,Robertske,1.0,starter_assists_total,"Weekly starter assists, with xA as context.",,,,,,,,88.0,1.3503439705818892,,,,,,,,,,,,,,,,,,,,,,,,,,,
weekly,18.0,Assists,6,0t8m7z91mdhjhvye,SUNNYD,1.0,starter_assists_total,"Weekly starter assists, with xA as context.",,,,,,,,151.0,1.0897571630775926,,,,,,,,,,,,,,,,,,,,,,,,,,,
weekly,18.0,Assists,7,fm7cv4p0me3j48nk,The Facerockers,1.0,starter_assists_total,"Weekly starter assists, with xA as context.",,,,,,,,119.5,1.1507343277335167,,,,,,,,,,,,,,,,,,,,,,,,,,,
weekly,18.0,Assists,8,avv7b4d5me2tlsrt,wmuck1,1.0,starter_assists_total,"Weekly starter assists, with xA as context.",,,,,,,,73.5,0.852694898843765,,,,,,,,,,,,,,,,,,,,,,,,,,,
weekly,18.0,Assists,9,ne94j2bxme0vsmkq,Pot Splashers,0.0,starter_assists_total,"Weekly starter assists, with xA as context.",,,,,,,,67.0,0.425970610231161,,,,,,,,,,,,,,,,,,,,,,,,,,,
weekly,18.0,Assists,10,eaz9h4hfme2wdh8p,epatel3,0.0,starter_assists_total,"Weekly starter assists, with xA as context.",,,,,,,,90.0,0.5049342140555381,,,,,,,,,,,,,,,,,,,,,,,,,,,
weekly,18.0,Assists,11,ih2b4z8ome1job2n,nhauptma,0.0,starter_assists_total,"Weekly starter assists, with xA as context.",,,,,,,,68.5,0.0528014060109851,,,,,,,,,,,,,,,,,,,,,,,,,,,
weekly,18.0,Assists,12,xnt9wpm9me0us0r4,yudesh,0.0,starter_assists_total,"Weekly starter assists, with xA as context.",,,,,,,,160.0,0.7437874972820278,,,,,,,,,,,,,,,,,,,,,,,,,,,
weekly,19.0,Assists,1,ss2dromsme3cbmga,Berkshire’s Club,2.0,starter_assists_total,"Weekly starter assists, with xA as context.",,,,,,,,157.5,1.7142023164778948,,,,,,,,,,,,,,,,,,,,,,,,,,,
weekly,19.0,Assists,2,ne94j2bxme0vsmkq,Pot Splashers,2.0,starter_assists_total,"Weekly starter assists, with xA as context.",,,,,,,,94.0,0.4552962826564907,,,,,,,,,,,,,,,,,,,,,,,,,,,
weekly,19.0,Assists,3,116s0o6ume0s7s58,Up the Arse-nal,2.0,starter_assists_total,"Weekly starter assists, with xA as context.",,,,,,,,116.5,1.5281550362706184,,,,,,,,,,,,,,,,,,,,,,,,,,,
weekly,19.0,Assists,4,ih2b4z8ome1job2n,nhauptma,2.0,starter_assists_total,"Weekly starter assists, with xA as context.",,,,,,,,109.5,0.0786305218935012,,,,,,,,,,,,,,,,,,,,,,,,,,,
weekly,19.0,Assists,5,zxivny5tme3hojrx,Count Doku,1.0,starter_assists_total,"Weekly starter assists, with xA as context.",,,,,,,,112.5,1.599690079689026,,,,,,,,,,,,,,,,,,,,,,,,,,,
weekly,19.0,Assists,6,zf53q9hdme32qmoe,Robertske,1.0,starter_assists_total,"Weekly starter assists, with xA as context.",,,,,,,,96.0,2.2615535892546177,,,,,,,,,,,,,,,,,,,,,,,,,,,
weekly,19.0,Assists,7,0t8m7z91mdhjhvye,SUNNYD,1.0,starter_assists_total,"Weekly starter assists, with xA as context.",,,,,,,,111.0,0.6182167921215292,,,,,,,,,,,,,,,,,,,,,,,,,,,
weekly,19.0,Assists,8,fm7cv4p0me3j48nk,The Facerockers,1.0,starter_assists_total,"Weekly starter assists, with xA as context.",,,,,,,,91.0,0.1882360018789766,,,,,,,,,,,,,,,,,,,,,,,,,,,
weekly,19.0,Assists,9,avv7b4d5me2tlsrt,wmuck1,1.0,starter_assists_total,"Weekly starter assists, with xA as context.",,,,,,,,80.0,0.5293798148632048,,,,,,,,,,,,,,,,,,,,,,,,,,,
weekly,19.0,Assists,10,qocqs3wjme34472y,KindComet,0.0,starter_assists_total,"Weekly starter assists, with xA as context.",,,,,,,,99.0,1.2274165302515028,,,,,,,,,,,,,,,,,,,,,,,,,,,
weekly,19.0,Assists,11,eaz9h4hfme2wdh8p,epatel3,0.0,starter_assists_total,"Weekly starter assists, with xA as context.",,,,,,,,125.0,0.5087993890047071,,,,,,,,,,,,,,,,,,,,,,,,,,,
weekly,19.0,Assists,12,xnt9wpm9me0us0r4,yudesh,0.0,starter_assists_total,"Weekly starter assists, with xA as context.",,,,,,,,95.5,1.3277940079569817,,,,,,,,,,,,,,,,,,,,,,,,,,,
weekly,20.0,Assists,1,ss2dromsme3cbmga,Berkshire’s Club,2.0,starter_assists_total,"Weekly starter assists, with xA as context.",,,,,,,,92.0,0.906090777367353,,,,,,,,,,,,,,,,,,,,,,,,,,,
weekly,20.0,Assists,2,zxivny5tme3hojrx,Count Doku,2.0,starter_assists_total,"Weekly starter assists, with xA as context.",,,,,,,,76.5,0.4123428268358109,,,,,,,,,,,,,,,,,,,,,,,,,,,
weekly,20.0,Assists,3,qocqs3wjme34472y,KindComet,2.0,starter_assists_total,"Weekly starter assists, with xA as context.",,,,,,,,165.0,1.6531038880348206,,,,,,,,,,,,,,,,,,,,,,,,,,,
weekly,20.0,Assists,4,ne94j2bxme0vsmkq,Pot Splashers,2.0,starter_assists_total,"Weekly starter assists, with xA as context.",,,,,,,,86.5,0.7274355478584763,,,,,,,,,,,,,,,,,,,,,,,,,,,
weekly,20.0,Assists,5,0t8m7z91mdhjhvye,SUNNYD,1.0,starter_assists_total,"Weekly starter assists, with xA as context.",,,,,,,,120.5,1.6420400105416777,,,,,,,,,,,,,,,,,,,,,,,,,,,
weekly,20.0,Assists,6,fm7cv4p0me3j48nk,The Facerockers,1.0,starter_assists_total,"Weekly starter assists, with xA as context.",,,,,,,,63.5,0.8952959496527908,,,,,,,,,,,,,,,,,,,,,,,,,,,
weekly,20.0,Assists,7,116s0o6ume0s7s58,Up the Arse-nal,1.0,starter_assists_total,"Weekly starter assists, with xA as context.",,,,,,,,77.0,0.9965271688997744,,,,,,,,,,,,,,,,,,,,,,,,,,,
weekly,20.0,Assists,8,ih2b4z8ome1job2n,nhauptma,1.0,starter_assists_total,"Weekly starter assists, with xA as context.",,,,,,,,111.5,0.5585103668272495,,,,,,,,,,,,,,,,,,,,,,,,,,,
weekly,20.0,Assists,9,avv7b4d5me2tlsrt,wmuck1,1.0,starter_assists_total,"Weekly starter assists, with xA as context.",,,,,,,,36.5,0.0897536948323249,,,,,,,,,,,,,,,,,,,,,,,,,,,
weekly,20.0,Assists,10,xnt9wpm9me0us0r4,yudesh,1.0,starter_assists_total,"Weekly starter assists, with xA as context.",,,,,,,,102.5,1.7707636132836342,,,,,,,,,,,,,,,,,,,,,,,,,,,
weekly,20.0,Assists,11,zf53q9hdme32qmoe,Robertske,0.0,starter_assists_total,"Weekly starter assists, with xA as context.",,,,,,,,55.0,0.3119520619511603,,,,,,,,,,,,,,,,,,,,,,,,,,,
weekly,20.0,Assists,12,eaz9h4hfme2wdh8p,epatel3,0.0,starter_assists_total,"Weekly starter assists, with xA as context.",,,,,,,,73.0,1.1214783266186714,,,,,,,,,,,,,,,,,,,,,,,,,,,
weekly,21.0,Assists,1,xnt9wpm9me0us0r4,yudesh,5.0,starter_assists_total,"Weekly starter assists, with xA as context.",,,,,,,,165.0,1.4246359281241894,,,,,,,,,,,,,,,,,,,,,,,,,,,
weekly,21.0,Assists,2,fm7cv4p0me3j48nk,The Facerockers,3.0,starter_assists_total,"Weekly starter assists, with xA as context.",,,,,,,,109.0,0.2878953553736207,,,,,,,,,,,,,,,,,,,,,,,,,,,
weekly,21.0,Assists,3,116s0o6ume0s7s58,Up the Arse-nal,3.0,starter_assists_total,"Weekly starter assists, with xA as context.",,,,,,,,163.0,1.9426899999380112,,,,,,,,,,,,,,,,,,,,,,,,,,,
weekly,21.0,Assists,4,zxivny5tme3hojrx,Count Doku,2.0,starter_assists_total,"Weekly starter assists, with xA as context.",,,,,,,,116.5,1.510100584477186,,,,,,,,,,,,,,,,,,,,,,,,,,,
weekly,21.0,Assists,5,qocqs3wjme34472y,KindComet,1.0,starter_assists_total,"Weekly starter assists, with xA as context.",,,,,,,,107.5,3.7948261350393295,,,,,,,,,,,,,,,,,,,,,,,,,,,
weekly,21.0,Assists,6,0t8m7z91mdhjhvye,SUNNYD,1.0,starter_assists_total,"Weekly starter assists, with xA as context.",,,,,,,,61.0,1.0914520844817162,,,,,,,,,,,,,,,,,,,,,,,,,,,
weekly,21.0,Assists,7,avv7b4d5me2tlsrt,wmuck1,1.0,starter_assists_total,"Weekly starter assists, with xA as context.",,,,,,,,60.5,0.9968884363770484,,,,,,,,,,,,,,,,,,,,,,,,,,,
weekly,21.0,Assists,8,ss2dromsme3cbmga,Berkshire’s Club,0.0,starter_assists_total,"Weekly starter assists, with xA as context.",,,,,,,,99.0,2.181778058409691,,,,,,,,,,,,,,,,,,,,,,,,,,,
weekly,21.0,Assists,9,ne94j2bxme0vsmkq,Pot Splashers,0.0,starter_assists_total,"Weekly starter assists, with xA as context.",,,,,,,,84.5,1.729648981243372,,,,,,,,,,,,,,,,,,,,,,,,,,,
weekly,21.0,Assists,10,zf53q9hdme32qmoe,Robertske,0.0,starter_assists_total,"Weekly starter assists, with xA as context.",,,,,,,,80.5,1.0916201407089827,,,,,,,,,,,,,,,,,,,,,,,,,,,
weekly,21.0,Assists,11,eaz9h4hfme2wdh8p,epatel3,0.0,starter_assists_total,"Weekly starter assists, with xA as context.",,,,,,,,93.0,0.3513710051774977,,,,,,,,,,,,,,,,,,,,,,,,,,,
weekly,21.0,Assists,12,ih2b4z8ome1job2n,nhauptma,0.0,starter_assists_total,"Weekly starter assists, with xA as context.",,,,,,,,104.5,0.2455437220633029,,,,,,,,,,,,,,,,,,,,,,,,,,,
weekly,22.0,Assists,1,0t8m7z91mdhjhvye,SUNNYD,3.0,starter_assists_total,"Weekly starter assists, with xA as context.",,,,,,,,127.0,1.6829559337347746,,,,,,,,,,,,,,,,,,,,,,,,,,,
weekly,22.0,Assists,2,qocqs3wjme34472y,KindComet,1.0,starter_assists_total,"Weekly starter assists, with xA as context.",,,,,,,,116.5,1.1182579994201656,,,,,,,,,,,,,,,,,,,,,,,,,,,
weekly,22.0,Assists,3,116s0o6ume0s7s58,Up the Arse-nal,1.0,starter_assists_total,"Weekly starter assists, with xA as context.",,,,,,,,87.5,3.3346534483134747,,,,,,,,,,,,,,,,,,,,,,,,,,,
weekly,22.0,Assists,4,ih2b4z8ome1job2n,nhauptma,1.0,starter_assists_total,"Weekly starter assists, with xA as context.",,,,,,,,126.0,0.5653374530375004,,,,,,,,,,,,,,,,,,,,,,,,,,,
weekly,22.0,Assists,5,avv7b4d5me2tlsrt,wmuck1,1.0,starter_assists_total,"Weekly starter assists, with xA as context.",,,,,,,,76.0,0.2613804824650286,,,,,,,,,,,,,,,,,,,,,,,,,,,
weekly,22.0,Assists,6,ss2dromsme3cbmga,Berkshire’s Club,0.0,starter_assists_total,"Weekly starter assists, with xA as context.",,,,,,,,66.5,0.9809153079986572,,,,,,,,,,,,,,,,,,,,,,,,,,,
weekly,22.0,Assists,7,zxivny5tme3hojrx,Count Doku,0.0,starter_assists_total,"Weekly starter assists, with xA as context.",,,,,,,,77.0,1.3437946699559684,,,,,,,,,,,,,,,,,,,,,,,,,,,
weekly,22.0,Assists,8,ne94j2bxme0vsmkq,Pot Splashers,0.0,starter_assists_total,"Weekly starter assists, with xA as context.",,,,,,,,129.0,0.4306236356496808,,,,,,,,,,,,,,,,,,,,,,,,,,,
weekly,22.0,Assists,9,zf53q9hdme32qmoe,Robertske,0.0,starter_assists_total,"Weekly starter assists, with xA as context.",,,,,,,,38.0,0.2679207175970077,,,,,,,,,,,,,,,,,,,,,,,,,,,
weekly,22.0,Assists,10,fm7cv4p0me3j48nk,The Facerockers,0.0,starter_assists_total,"Weekly starter assists, with xA as context.",,,,,,,,80.0,0.5296799708157778,,,,,,,,,,,,,,,,,,,,,,,,,,,
weekly,22.0,Assists,11,eaz9h4hfme2wdh8p,epatel3,0.0,starter_assists_total,"Weekly starter assists, with xA as context.",,,,,,,,114.0,0.4734224081039428,,,,,,,,,,,,,,,,,,,,,,,,,,,
weekly,22.0,Assists,12,xnt9wpm9me0us0r4,yudesh,0.0,starter_assists_total,"Weekly starter assists, with xA as context.",,,,,,,,133.0,0.523480236530304,,,,,,,,,,,,,,,,,,,,,,,,,,,
weekly,23.0,Assists,1,ss2dromsme3cbmga,Berkshire’s Club,3.0,starter_assists_total,"Weekly starter assists, with xA as context.",,,,,,,,152.0,1.2722226083278656,,,,,,,,,,,,,,,,,,,,,,,,,,,
weekly,23.0,Assists,2,zxivny5tme3hojrx,Count Doku,1.0,starter_assists_total,"Weekly starter assists, with xA as context.",,,,,,,,59.0,1.2854672586545348,,,,,,,,,,,,,,,,,,,,,,,,,,,
weekly,23.0,Assists,3,qocqs3wjme34472y,KindComet,1.0,starter_assists_total,"Weekly starter assists, with xA as context.",,,,,,,,64.5,1.1802457831799984,,,,,,,,,,,,,,,,,,,,,,,,,,,
weekly,23.0,Assists,4,0t8m7z91mdhjhvye,SUNNYD,1.0,starter_assists_total,"Weekly starter assists, with xA as context.",,,,,,,,98.0,1.665180884301662,,,,,,,,,,,,,,,,,,,,,,,,,,,
weekly,23.0,Assists,5,116s0o6ume0s7s58,Up the Arse-nal,1.0,starter_assists_total,"Weekly starter assists, with xA as context.",,,,,,,,44.5,0.3273771740496157,,,,,,,,,,,,,,,,,,,,,,,,,,,
weekly,23.0,Assists,6,eaz9h4hfme2wdh8p,epatel3,1.0,starter_assists_total,"Weekly starter assists, with xA as context.",,,,,,,,118.5,0.944413136690855,,,,,,,,,,,,,,,,,,,,,,,,,,,
weekly,23.0,Assists,7,ih2b4z8ome1job2n,nhauptma,1.0,starter_assists_total,"Weekly starter assists, with xA as context.",,,,,,,,97.0,1.272054273635149,,,,,,,,,,,,,,,,,,,,,,,,,,,
weekly,23.0,Assists,8,avv7b4d5me2tlsrt,wmuck1,1.0,starter_assists_total,"Weekly starter assists, with xA as context.",,,,,,,,95.5,0.8395103290677071,,,,,,,,,,,,,,,,,,,,,,,,,,,
weekly,23.0,Assists,9,xnt9wpm9me0us0r4,yudesh,1.0,starter_assists_total,"Weekly starter assists, with xA as context.",,,,,,,,118.5,1.1994150131940842,,,,,,,,,,,,,,,,,,,,,,,,,,,
weekly,23.0,Assists,10,ne94j2bxme0vsmkq,Pot Splashers,0.0,starter_assists_total,"Weekly starter assists, with xA as context.",,,,,,,,72.5,0.4041279479861259,,,,,,,,,,,,,,,,,,,,,,,,,,,
weekly,23.0,Assists,11,zf53q9hdme32qmoe,Robertske,0.0,starter_assists_total,"Weekly starter assists, with xA as context.",,,,,,,,70.0,0.4921833500266074,,,,,,,,,,,,,,,,,,,,,,,,,,,
weekly,23.0,Assists,12,fm7cv4p0me3j48nk,The Facerockers,0.0,starter_assists_total,"Weekly starter assists, with xA as context.",,,,,,,,113.5,1.7957760095596311,,,,,,,,,,,,,,,,,,,,,,,,,,,
weekly,24.0,Assists,1,eaz9h4hfme2wdh8p,epatel3,4.0,starter_assists_total,"Weekly starter assists, with xA as context.",,,,,,,,135.5,0.3783968500792978,,,,,,,,,,,,,,,,,,,,,,,,,,,
weekly,24.0,Assists,2,116s0o6ume0s7s58,Up the Arse-nal,3.0,starter_assists_total,"Weekly starter assists, with xA as context.",,,,,,,,102.5,2.473019540309906,,,,,,,,,,,,,,,,,,,,,,,,,,,
weekly,24.0,Assists,3,zxivny5tme3hojrx,Count Doku,2.0,starter_assists_total,"Weekly starter assists, with xA as context.",,,,,,,,106.0,1.8286433294415476,,,,,,,,,,,,,,,,,,,,,,,,,,,
weekly,24.0,Assists,4,zf53q9hdme32qmoe,Robertske,2.0,starter_assists_total,"Weekly starter assists, with xA as context.",,,,,,,,103.5,2.617723107337952,,,,,,,,,,,,,,,,,,,,,,,,,,,
weekly,24.0,Assists,5,avv7b4d5me2tlsrt,wmuck1,2.0,starter_assists_total,"Weekly starter assists, with xA as context.",,,,,,,,114.0,0.828489841893315,,,,,,,,,,,,,,,,,,,,,,,,,,,
weekly,24.0,Assists,6,0t8m7z91mdhjhvye,SUNNYD,1.0,starter_assists_total,"Weekly starter assists, with xA as context.",,,,,,,,104.5,0.4544747583568091,,,,,,,,,,,,,,,,,,,,,,,,,,,
weekly,24.0,Assists,7,xnt9wpm9me0us0r4,yudesh,1.0,starter_assists_total,"Weekly starter assists, with xA as context.",,,,,,,,104.0,2.084974584169686,,,,,,,,,,,,,,,,,,,,,,,,,,,
weekly,24.0,Assists,8,ss2dromsme3cbmga,Berkshire’s Club,0.0,starter_assists_total,"Weekly starter assists, with xA as context.",,,,,,,,118.0,1.293884480372071,,,,,,,,,,,,,,,,,,,,,,,,,,,
weekly,24.0,Assists,9,qocqs3wjme34472y,KindComet,0.0,starter_assists_total,"Weekly starter assists, with xA as context.",,,,,,,,80.0,1.0546101517975328,,,,,,,,,,,,,,,,,,,,,,,,,,,
weekly,24.0,Assists,10,ne94j2bxme0vsmkq,Pot Splashers,0.0,starter_assists_total,"Weekly starter assists, with xA as context.",,,,,,,,91.5,0.3659028708934783,,,,,,,,,,,,,,,,,,,,,,,,,,,
weekly,24.0,Assists,11,fm7cv4p0me3j48nk,The Facerockers,0.0,starter_assists_total,"Weekly starter assists, with xA as context.",,,,,,,,99.0,0.4202928282320498,,,,,,,,,,,,,,,,,,,,,,,,,,,
weekly,24.0,Assists,12,ih2b4z8ome1job2n,nhauptma,0.0,starter_assists_total,"Weekly starter assists, with xA as context.",,,,,,,,110.0,1.1209265692159534,,,,,,,,,,,,,,,,,,,,,,,,,,,
weekly,25.0,Assists,1,ss2dromsme3cbmga,Berkshire’s Club,3.0,starter_assists_total,"Weekly starter assists, with xA as context.",,,,,,,,137.0,1.4263686165213585,,,,,,,,,,,,,,,,,,,,,,,,,,,
weekly,25.0,Assists,2,zf53q9hdme32qmoe,Robertske,3.0,starter_assists_total,"Weekly starter assists, with xA as context.",,,,,,,,98.5,1.8393337726593015,,,,,,,,,,,,,,,,,,,,,,,,,,,
weekly,25.0,Assists,3,eaz9h4hfme2wdh8p,epatel3,3.0,starter_assists_total,"Weekly starter assists, with xA as context.",,,,,,,,143.0,1.2041711285710337,,,,,,,,,,,,,,,,,,,,,,,,,,,
weekly,25.0,Assists,4,avv7b4d5me2tlsrt,wmuck1,2.0,starter_assists_total,"Weekly starter assists, with xA as context.",,,,,,,,100.0,2.605868503451348,,,,,,,,,,,,,,,,,,,,,,,,,,,
weekly,25.0,Assists,5,fm7cv4p0me3j48nk,The Facerockers,1.0,starter_assists_total,"Weekly starter assists, with xA as context.",,,,,,,,66.5,0.3568108044564723,,,,,,,,,,,,,,,,,,,,,,,,,,,
weekly,25.0,Assists,6,116s0o6ume0s7s58,Up the Arse-nal,1.0,starter_assists_total,"Weekly starter assists, with xA as context.",,,,,,,,93.5,1.2084900736808777,,,,,,,,,,,,,,,,,,,,,,,,,,,
weekly,25.0,Assists,7,xnt9wpm9me0us0r4,yudesh,1.0,starter_assists_total,"Weekly starter assists, with xA as context.",,,,,,,,95.5,0.720473067834973,,,,,,,,,,,,,,,,,,,,,,,,,,,
weekly,25.0,Assists,8,zxivny5tme3hojrx,Count Doku,0.0,starter_assists_total,"Weekly starter assists, with xA as context.",,,,,,,,43.0,0.4376132320612668,,,,,,,,,,,,,,,,,,,,,,,,,,,
weekly,25.0,Assists,9,qocqs3wjme34472y,KindComet,0.0,starter_assists_total,"Weekly starter assists, with xA as context.",,,,,,,,133.5,1.6476977542042728,,,,,,,,,,,,,,,,,,,,,,,,,,,
weekly,25.0,Assists,10,ne94j2bxme0vsmkq,Pot Splashers,0.0,starter_assists_total,"Weekly starter assists, with xA as context.",,,,,,,,128.5,0.2065261416137217,,,,,,,,,,,,,,,,,,,,,,,,,,,
weekly,25.0,Assists,11,0t8m7z91mdhjhvye,SUNNYD,0.0,starter_assists_total,"Weekly starter assists, with xA as context.",,,,,,,,71.5,0.1261143684387207,,,,,,,,,,,,,,,,,,,,,,,,,,,
weekly,25.0,Assists,12,ih2b4z8ome1job2n,nhauptma,0.0,starter_assists_total,"Weekly starter assists, with xA as context.",,,,,,,,100.5,0.874598877504468,,,,,,,,,,,,,,,,,,,,,,,,,,,
weekly,26.0,Assists,1,ss2dromsme3cbmga,Berkshire’s Club,4.0,starter_assists_total,"Weekly starter assists, with xA as context.",,,,,,,,154.5,2.612160425633192,,,,,,,,,,,,,,,,,,,,,,,,,,,
weekly,26.0,Assists,2,zxivny5tme3hojrx,Count Doku,2.0,starter_assists_total,"Weekly starter assists, with xA as context.",,,,,,,,107.0,1.7180210426449776,,,,,,,,,,,,,,,,,,,,,,,,,,,
weekly,26.0,Assists,3,ne94j2bxme0vsmkq,Pot Splashers,2.0,starter_assists_total,"Weekly starter assists, with xA as context.",,,,,,,,113.0,1.3636095114052296,,,,,,,,,,,,,,,,,,,,,,,,,,,
weekly,26.0,Assists,4,zf53q9hdme32qmoe,Robertske,2.0,starter_assists_total,"Weekly starter assists, with xA as context.",,,,,,,,73.5,0.7679665135219691,,,,,,,,,,,,,,,,,,,,,,,,,,,
weekly,26.0,Assists,5,eaz9h4hfme2wdh8p,epatel3,2.0,starter_assists_total,"Weekly starter assists, with xA as context.",,,,,,,,110.5,0.639168046414852,,,,,,,,,,,,,,,,,,,,,,,,,,,
weekly,26.0,Assists,6,qocqs3wjme34472y,KindComet,1.0,starter_assists_total,"Weekly starter assists, with xA as context.",,,,,,,,92.0,2.280570223927498,,,,,,,,,,,,,,,,,,,,,,,,,,,
weekly,26.0,Assists,7,fm7cv4p0me3j48nk,The Facerockers,1.0,starter_assists_total,"Weekly starter assists, with xA as context.",,,,,,,,104.5,1.170065999031067,,,,,,,,,,,,,,,,,,,,,,,,,,,
weekly,26.0,Assists,8,116s0o6ume0s7s58,Up the Arse-nal,1.0,starter_assists_total,"Weekly starter assists, with xA as context.",,,,,,,,74.0,1.7500563748180866,,,,,,,,,,,,,,,,,,,,,,,,,,,
weekly,26.0,Assists,9,ih2b4z8ome1job2n,nhauptma,1.0,starter_assists_total,"Weekly starter assists, with xA as context.",,,,,,,,76.0,0.5652394220232961,,,,,,,,,,,,,,,,,,,,,,,,,,,
weekly,26.0,Assists,10,0t8m7z91mdhjhvye,SUNNYD,0.0,starter_assists_total,"Weekly starter assists, with xA as context.",,,,,,,,111.5,0.8050965741276739,,,,,,,,,,,,,,,,,,,,,,,,,,,
weekly,26.0,Assists,11,avv7b4d5me2tlsrt,wmuck1,0.0,starter_assists_total,"Weekly starter assists, with xA as context.",,,,,,,,65.5,0.3332576211541889,,,,,,,,,,,,,,,,,,,,,,,,,,,
weekly,26.0,Assists,12,xnt9wpm9me0us0r4,yudesh,0.0,starter_assists_total,"Weekly starter assists, with xA as context.",,,,,,,,63.5,0.8489292953163383,,,,,,,,,,,,,,,,,,,,,,,,,,,
weekly,27.0,Assists,1,fm7cv4p0me3j48nk,The Facerockers,3.0,starter_assists_total,"Weekly starter assists, with xA as context.",,,,,,,,139.0,0.7410707883536813,,,,,,,,,,,,,,,,,,,,,,,,,,,
weekly,27.0,Assists,2,0t8m7z91mdhjhvye,SUNNYD,2.0,starter_assists_total,"Weekly starter assists, with xA as context.",,,,,,,,100.5,0.7774210572242735,,,,,,,,,,,,,,,,,,,,,,,,,,,
weekly,27.0,Assists,3,ih2b4z8ome1job2n,nhauptma,2.0,starter_assists_total,"Weekly starter assists, with xA as context.",,,,,,,,156.5,1.8564599957317116,,,,,,,,,,,,,,,,,,,,,,,,,,,
weekly,27.0,Assists,4,zf53q9hdme32qmoe,Robertske,1.0,starter_assists_total,"Weekly starter assists, with xA as context.",,,,,,,,102.5,1.2030094489455223,,,,,,,,,,,,,,,,,,,,,,,,,,,
weekly,27.0,Assists,5,116s0o6ume0s7s58,Up the Arse-nal,1.0,starter_assists_total,"Weekly starter assists, with xA as context.",,,,,,,,87.5,1.1772869117558002,,,,,,,,,,,,,,,,,,,,,,,,,,,
weekly,27.0,Assists,6,ss2dromsme3cbmga,Berkshire’s Club,0.0,starter_assists_total,"Weekly starter assists, with xA as context.",,,,,,,,111.0,1.3397685065865514,,,,,,,,,,,,,,,,,,,,,,,,,,,
weekly,27.0,Assists,7,zxivny5tme3hojrx,Count Doku,0.0,starter_assists_total,"Weekly starter assists, with xA as context.",,,,,,,,90.5,0.1578559018671511,,,,,,,,,,,,,,,,,,,,,,,,,,,
weekly,27.0,Assists,8,qocqs3wjme34472y,KindComet,0.0,starter_assists_total,"Weekly starter assists, with xA as context.",,,,,,,,72.5,1.320162434130907,,,,,,,,,,,,,,,,,,,,,,,,,,,
weekly,27.0,Assists,9,ne94j2bxme0vsmkq,Pot Splashers,0.0,starter_assists_total,"Weekly starter assists, with xA as context.",,,,,,,,96.5,0.4881587512791154,,,,,,,,,,,,,,,,,,,,,,,,,,,
weekly,27.0,Assists,10,eaz9h4hfme2wdh8p,epatel3,0.0,starter_assists_total,"Weekly starter assists, with xA as context.",,,,,,,,116.0,1.4874791130423546,,,,,,,,,,,,,,,,,,,,,,,,,,,
weekly,27.0,Assists,11,avv7b4d5me2tlsrt,wmuck1,0.0,starter_assists_total,"Weekly starter assists, with xA as context.",,,,,,,,90.0,0.555701870471239,,,,,,,,,,,,,,,,,,,,,,,,,,,
weekly,27.0,Assists,12,xnt9wpm9me0us0r4,yudesh,0.0,starter_assists_total,"Weekly starter assists, with xA as context.",,,,,,,,90.0,0.6505159586668011,,,,,,,,,,,,,,,,,,,,,,,,,,,
weekly,28.0,Assists,1,116s0o6ume0s7s58,Up the Arse-nal,5.0,starter_assists_total,"Weekly starter assists, with xA as context.",,,,,,,,157.5,2.517454694956541,,,,,,,,,,,,,,,,,,,,,,,,,,,
weekly,28.0,Assists,2,ss2dromsme3cbmga,Berkshire’s Club,3.0,starter_assists_total,"Weekly starter assists, with xA as context.",,,,,,,,133.0,2.305382989346981,,,,,,,,,,,,,,,,,,,,,,,,,,,
weekly,28.0,Assists,3,avv7b4d5me2tlsrt,wmuck1,3.0,starter_assists_total,"Weekly starter assists, with xA as context.",,,,,,,,103.5,0.3382979109883306,,,,,,,,,,,,,,,,,,,,,,,,,,,
weekly,28.0,Assists,4,0t8m7z91mdhjhvye,SUNNYD,2.0,starter_assists_total,"Weekly starter assists, with xA as context.",,,,,,,,121.0,1.0392698366194963,,,,,,,,,,,,,,,,,,,,,,,,,,,
weekly,28.0,Assists,5,eaz9h4hfme2wdh8p,epatel3,2.0,starter_assists_total,"Weekly starter assists, with xA as context.",,,,,,,,122.5,2.4168446138501167,,,,,,,,,,,,,,,,,,,,,,,,,,,
weekly,28.0,Assists,6,xnt9wpm9me0us0r4,yudesh,2.0,starter_assists_total,"Weekly starter assists, with xA as context.",,,,,,,,81.5,1.5749970655888317,,,,,,,,,,,,,,,,,,,,,,,,,,,
weekly,28.0,Assists,7,zxivny5tme3hojrx,Count Doku,1.0,starter_assists_total,"Weekly starter assists, with xA as context.",,,,,,,,45.5,0.3012568689882755,,,,,,,,,,,,,,,,,,,,,,,,,,,
weekly,28.0,Assists,8,ne94j2bxme0vsmkq,Pot Splashers,1.0,starter_assists_total,"Weekly starter assists, with xA as context.",,,,,,,,111.5,1.095374301075935,,,,,,,,,,,,,,,,,,,,,,,,,,,
weekly,28.0,Assists,9,fm7cv4p0me3j48nk,The Facerockers,1.0,starter_assists_total,"Weekly starter assists, with xA as context.",,,,,,,,85.5,0.5224277786910532,,,,,,,,,,,,,,,,,,,,,,,,,,,
weekly,28.0,Assists,10,ih2b4z8ome1job2n,nhauptma,1.0,starter_assists_total,"Weekly starter assists, with xA as context.",,,,,,,,147.0,1.099138846620917,,,,,,,,,,,,,,,,,,,,,,,,,,,
weekly,28.0,Assists,11,qocqs3wjme34472y,KindComet,0.0,starter_assists_total,"Weekly starter assists, with xA as context.",,,,,,,,91.0,0.7350495494902133,,,,,,,,,,,,,,,,,,,,,,,,,,,
weekly,28.0,Assists,12,zf53q9hdme32qmoe,Robertske,0.0,starter_assists_total,"Weekly starter assists, with xA as context.",,,,,,,,30.0,0.3311943262815475,,,,,,,,,,,,,,,,,,,,,,,,,,,
weekly,29.0,Assists,1,zxivny5tme3hojrx,Count Doku,2.0,starter_assists_total,"Weekly starter assists, with xA as context.",,,,,,,,120.5,1.1170163601636882,,,,,,,,,,,,,,,,,,,,,,,,,,,
weekly,29.0,Assists,2,116s0o6ume0s7s58,Up the Arse-nal,2.0,starter_assists_total,"Weekly starter assists, with xA as context.",,,,,,,,134.0,1.3770728409290316,,,,,,,,,,,,,,,,,,,,,,,,,,,
weekly,29.0,Assists,3,ss2dromsme3cbmga,Berkshire’s Club,1.0,starter_assists_total,"Weekly starter assists, with xA as context.",,,,,,,,142.5,1.1541045196354387,,,,,,,,,,,,,,,,,,,,,,,,,,,
weekly,29.0,Assists,4,qocqs3wjme34472y,KindComet,1.0,starter_assists_total,"Weekly starter assists, with xA as context.",,,,,,,,72.0,0.622027227655053,,,,,,,,,,,,,,,,,,,,,,,,,,,
weekly,29.0,Assists,5,zf53q9hdme32qmoe,Robertske,1.0,starter_assists_total,"Weekly starter assists, with xA as context.",,,,,,,,50.5,1.3745213896036148,,,,,,,,,,,,,,,,,,,,,,,,,,,
weekly,29.0,Assists,6,0t8m7z91mdhjhvye,SUNNYD,1.0,starter_assists_total,"Weekly starter assists, with xA as context.",,,,,,,,124.5,1.3758745789527893,,,,,,,,,,,,,,,,,,,,,,,,,,,
weekly,29.0,Assists,7,eaz9h4hfme2wdh8p,epatel3,1.0,starter_assists_total,"Weekly starter assists, with xA as context.",,,,,,,,128.0,0.1363144814968109,,,,,,,,,,,,,,,,,,,,,,,,,,,
weekly,29.0,Assists,8,avv7b4d5me2tlsrt,wmuck1,1.0,starter_assists_total,"Weekly starter assists, with xA as context.",,,,,,,,58.5,1.442628350108862,,,,,,,,,,,,,,,,,,,,,,,,,,,
weekly,29.0,Assists,9,xnt9wpm9me0us0r4,yudesh,1.0,starter_assists_total,"Weekly starter assists, with xA as context.",,,,,,,,105.5,0.9320931509137153,,,,,,,,,,,,,,,,,,,,,,,,,,,
weekly,29.0,Assists,10,ne94j2bxme0vsmkq,Pot Splashers,0.0,starter_assists_total,"Weekly starter assists, with xA as context.",,,,,,,,85.5,0.7497752681374548,,,,,,,,,,,,,,,,,,,,,,,,,,,
weekly,29.0,Assists,11,fm7cv4p0me3j48nk,The Facerockers,0.0,starter_assists_total,"Weekly starter assists, with xA as context.",,,,,,,,78.0,0.5243676099926232,,,,,,,,,,,,,,,,,,,,,,,,,,,
weekly,29.0,Assists,12,ih2b4z8ome1job2n,nhauptma,0.0,starter_assists_total,"Weekly starter assists, with xA as context.",,,,,,,,105.5,1.353385604918003,,,,,,,,,,,,,,,,,,,,,,,,,,,
weekly,30.0,Assists,1,116s0o6ume0s7s58,Up the Arse-nal,2.0,starter_assists_total,"Weekly starter assists, with xA as context.",,,,,,,,69.0,2.0029363483190536,,,,,,,,,,,,,,,,,,,,,,,,,,,
weekly,30.0,Assists,2,xnt9wpm9me0us0r4,yudesh,2.0,starter_assists_total,"Weekly starter assists, with xA as context.",,,,,,,,142.0,2.405742430128157,,,,,,,,,,,,,,,,,,,,,,,,,,,
weekly,30.0,Assists,3,ss2dromsme3cbmga,Berkshire’s Club,1.0,starter_assists_total,"Weekly starter assists, with xA as context.",,,,,,,,89.5,0.7575076539069411,,,,,,,,,,,,,,,,,,,,,,,,,,,
weekly,30.0,Assists,4,zxivny5tme3hojrx,Count Doku,1.0,starter_assists_total,"Weekly starter assists, with xA as context.",,,,,,,,104.5,1.9636218063533304,,,,,,,,,,,,,,,,,,,,,,,,,,,
weekly,30.0,Assists,5,0t8m7z91mdhjhvye,SUNNYD,1.0,starter_assists_total,"Weekly starter assists, with xA as context.",,,,,,,,103.0,0.7550125829875466,,,,,,,,,,,,,,,,,,,,,,,,,,,
weekly,30.0,Assists,6,fm7cv4p0me3j48nk,The Facerockers,1.0,starter_assists_total,"Weekly starter assists, with xA as context.",,,,,,,,118.0,2.357372500002384,,,,,,,,,,,,,,,,,,,,,,,,,,,
weekly,30.0,Assists,7,qocqs3wjme34472y,KindComet,0.0,starter_assists_total,"Weekly starter assists, with xA as context.",,,,,,,,116.5,0.5123834125697612,,,,,,,,,,,,,,,,,,,,,,,,,,,
weekly,30.0,Assists,8,ne94j2bxme0vsmkq,Pot Splashers,0.0,starter_assists_total,"Weekly starter assists, with xA as context.",,,,,,,,105.5,1.1250852942466736,,,,,,,,,,,,,,,,,,,,,,,,,,,
weekly,30.0,Assists,9,zf53q9hdme32qmoe,Robertske,0.0,starter_assists_total,"Weekly starter assists, with xA as context.",,,,,,,,61.0,0.5504373908042905,,,,,,,,,,,,,,,,,,,,,,,,,,,
weekly,30.0,Assists,10,eaz9h4hfme2wdh8p,epatel3,0.0,starter_assists_total,"Weekly starter assists, with xA as context.",,,,,,,,140.5,0.6231001690030098,,,,,,,,,,,,,,,,,,,,,,,,,,,
weekly,30.0,Assists,11,ih2b4z8ome1job2n,nhauptma,0.0,starter_assists_total,"Weekly starter assists, with xA as context.",,,,,,,,72.0,0.4881110750138758,,,,,,,,,,,,,,,,,,,,,,,,,,,
weekly,30.0,Assists,12,avv7b4d5me2tlsrt,wmuck1,0.0,starter_assists_total,"Weekly starter assists, with xA as context.",,,,,,,,100.5,0.4327177554368971,,,,,,,,,,,,,,,,,,,,,,,,,,,
weekly,31.0,Assists,1,zxivny5tme3hojrx,Count Doku,2.0,starter_assists_total,"Weekly starter assists, with xA as context.",,,,,,,,134.0,1.1444247122853994,,,,,,,,,,,,,,,,,,,,,,,,,,,
weekly,31.0,Assists,2,116s0o6ume0s7s58,Up the Arse-nal,2.0,starter_assists_total,"Weekly starter assists, with xA as context.",,,,,,,,126.5,0.7792464699596164,,,,,,,,,,,,,,,,,,,,,,,,,,,
weekly,31.0,Assists,3,ss2dromsme3cbmga,Berkshire’s Club,1.0,starter_assists_total,"Weekly starter assists, with xA as context.",,,,,,,,99.5,0.9479154553264376,,,,,,,,,,,,,,,,,,,,,,,,,,,
weekly,31.0,Assists,4,qocqs3wjme34472y,KindComet,1.0,starter_assists_total,"Weekly starter assists, with xA as context.",,,,,,,,101.0,1.261285364627838,,,,,,,,,,,,,,,,,,,,,,,,,,,
weekly,31.0,Assists,5,0t8m7z91mdhjhvye,SUNNYD,1.0,starter_assists_total,"Weekly starter assists, with xA as context.",,,,,,,,50.0,0.6809340752661227,,,,,,,,,,,,,,,,,,,,,,,,,,,
weekly,31.0,Assists,6,fm7cv4p0me3j48nk,The Facerockers,1.0,starter_assists_total,"Weekly starter assists, with xA as context.",,,,,,,,90.5,0.38030225969851,,,,,,,,,,,,,,,,,,,,,,,,,,,
weekly,31.0,Assists,7,ih2b4z8ome1job2n,nhauptma,1.0,starter_assists_total,"Weekly starter assists, with xA as context.",,,,,,,,59.5,0.0585447754710911,,,,,,,,,,,,,,,,,,,,,,,,,,,
weekly,31.0,Assists,8,avv7b4d5me2tlsrt,wmuck1,1.0,starter_assists_total,"Weekly starter assists, with xA as context.",,,,,,,,111.0,0.983760729432106,,,,,,,,,,,,,,,,,,,,,,,,,,,
weekly,31.0,Assists,9,ne94j2bxme0vsmkq,Pot Splashers,0.0,starter_assists_total,"Weekly starter assists, with xA as context.",,,,,,,,94.5,1.6789088789373636,,,,,,,,,,,,,,,,,,,,,,,,,,,
weekly,31.0,Assists,10,zf53q9hdme32qmoe,Robertske,0.0,starter_assists_total,"Weekly starter assists, with xA as context.",,,,,,,,10.5,0.5111149549484253,,,,,,,,,,,,,,,,,,,,,,,,,,,
weekly,31.0,Assists,11,eaz9h4hfme2wdh8p,epatel3,0.0,starter_assists_total,"Weekly starter assists, with xA as context.",,,,,,,,74.5,0.8476999700069427,,,,,,,,,,,,,,,,,,,,,,,,,,,
weekly,31.0,Assists,12,xnt9wpm9me0us0r4,yudesh,0.0,starter_assists_total,"Weekly starter assists, with xA as context.",,,,,,,,96.0,1.0179850161075592,,,,,,,,,,,,,,,,,,,,,,,,,,,
weekly,32.0,Assists,1,ss2dromsme3cbmga,Berkshire’s Club,3.0,starter_assists_total,"Weekly starter assists, with xA as context.",,,,,,,,141.5,1.194593373686075,,,,,,,,,,,,,,,,,,,,,,,,,,,
weekly,32.0,Assists,2,zf53q9hdme32qmoe,Robertske,2.0,starter_assists_total,"Weekly starter assists, with xA as context.",,,,,,,,79.5,1.6608659457415342,,,,,,,,,,,,,,,,,,,,,,,,,,,
weekly,32.0,Assists,3,0t8m7z91mdhjhvye,SUNNYD,2.0,starter_assists_total,"Weekly starter assists, with xA as context.",,,,,,,,134.0,0.8764756899327037,,,,,,,,,,,,,,,,,,,,,,,,,,,
weekly,32.0,Assists,4,eaz9h4hfme2wdh8p,epatel3,2.0,starter_assists_total,"Weekly starter assists, with xA as context.",,,,,,,,142.5,0.8393538333475589,,,,,,,,,,,,,,,,,,,,,,,,,,,
weekly,32.0,Assists,5,xnt9wpm9me0us0r4,yudesh,2.0,starter_assists_total,"Weekly starter assists, with xA as context.",,,,,,,,95.0,1.4793382231146095,,,,,,,,,,,,,,,,,,,,,,,,,,,
weekly,32.0,Assists,6,zxivny5tme3hojrx,Count Doku,1.0,starter_assists_total,"Weekly starter assists, with xA as context.",,,,,,,,117.0,1.46436845138669,,,,,,,,,,,,,,,,,,,,,,,,,,,
weekly,32.0,Assists,7,qocqs3wjme34472y,KindComet,1.0,starter_assists_total,"Weekly starter assists, with xA as context.",,,,,,,,148.5,0.514890653081238,,,,,,,,,,,,,,,,,,,,,,,,,,,
weekly,32.0,Assists,8,ne94j2bxme0vsmkq,Pot Splashers,1.0,starter_assists_total,"Weekly starter assists, with xA as context.",,,,,,,,99.5,0.7944893036037681,,,,,,,,,,,,,,,,,,,,,,,,,,,
weekly,32.0,Assists,9,fm7cv4p0me3j48nk,The Facerockers,1.0,starter_assists_total,"Weekly starter assists, with xA as context.",,,,,,,,113.5,1.272414967417717,,,,,,,,,,,,,,,,,,,,,,,,,,,
weekly,32.0,Assists,10,116s0o6ume0s7s58,Up the Arse-nal,1.0,starter_assists_total,"Weekly starter assists, with xA as context.",,,,,,,,91.0,1.4839390888810158,,,,,,,,,,,,,,,,,,,,,,,,,,,
weekly,32.0,Assists,11,ih2b4z8ome1job2n,nhauptma,1.0,starter_assists_total,"Weekly starter assists, with xA as context.",,,,,,,,57.5,0.5088474163785576,,,,,,,,,,,,,,,,,,,,,,,,,,,
weekly,32.0,Assists,12,avv7b4d5me2tlsrt,wmuck1,0.0,starter_assists_total,"Weekly starter assists, with xA as context.",,,,,,,,73.5,0.9306110627949234,,,,,,,,,,,,,,,,,,,,,,,,,,,
weekly,33.0,Assists,1,zxivny5tme3hojrx,Count Doku,3.0,starter_assists_total,"Weekly starter assists, with xA as context.",,,,,,,,129.5,2.857431471347809,,,,,,,,,,,,,,,,,,,,,,,,,,,
weekly,33.0,Assists,2,avv7b4d5me2tlsrt,wmuck1,3.0,starter_assists_total,"Weekly starter assists, with xA as context.",,,,,,,,156.5,1.293990857899189,,,,,,,,,,,,,,,,,,,,,,,,,,,
weekly,33.0,Assists,3,ss2dromsme3cbmga,Berkshire’s Club,2.0,starter_assists_total,"Weekly starter assists, with xA as context.",,,,,,,,115.0,1.8045596592128277,,,,,,,,,,,,,,,,,,,,,,,,,,,
weekly,33.0,Assists,4,ne94j2bxme0vsmkq,Pot Splashers,2.0,starter_assists_total,"Weekly starter assists, with xA as context.",,,,,,,,134.5,2.706685196608305,,,,,,,,,,,,,,,,,,,,,,,,,,,
weekly,33.0,Assists,5,zf53q9hdme32qmoe,Robertske,2.0,starter_assists_total,"Weekly starter assists, with xA as context.",,,,,,,,144.0,2.9886590680107474,,,,,,,,,,,,,,,,,,,,,,,,,,,
weekly,33.0,Assists,6,116s0o6ume0s7s58,Up the Arse-nal,2.0,starter_assists_total,"Weekly starter assists, with xA as context.",,,,,,,,112.0,2.2023898884654045,,,,,,,,,,,,,,,,,,,,,,,,,,,
weekly,33.0,Assists,7,ih2b4z8ome1job2n,nhauptma,2.0,starter_assists_total,"Weekly starter assists, with xA as context.",,,,,,,,171.5,1.0510752648115154,,,,,,,,,,,,,,,,,,,,,,,,,,,
weekly,33.0,Assists,8,xnt9wpm9me0us0r4,yudesh,2.0,starter_assists_total,"Weekly starter assists, with xA as context.",,,,,,,,130.0,1.4277396956458688,,,,,,,,,,,,,,,,,,,,,,,,,,,
weekly,33.0,Assists,9,0t8m7z91mdhjhvye,SUNNYD,1.0,starter_assists_total,"Weekly starter assists, with xA as context.",,,,,,,,150.5,2.252621149644256,,,,,,,,,,,,,,,,,,,,,,,,,,,
weekly,33.0,Assists,10,fm7cv4p0me3j48nk,The Facerockers,1.0,starter_assists_total,"Weekly starter assists, with xA as context.",,,,,,,,184.5,1.394513789564371,,,,,,,,,,,,,,,,,,,,,,,,,,,
weekly,33.0,Assists,11,eaz9h4hfme2wdh8p,epatel3,1.0,starter_assists_total,"Weekly starter assists, with xA as context.",,,,,,,,103.0,0.9361131181940434,,,,,,,,,,,,,,,,,,,,,,,,,,,
weekly,33.0,Assists,12,qocqs3wjme34472y,KindComet,0.0,starter_assists_total,"Weekly starter assists, with xA as context.",,,,,,,,184.0,1.7581014931201937,,,,,,,,,,,,,,,,,,,,,,,,,,,
weekly,34.0,Assists,1,fm7cv4p0me3j48nk,The Facerockers,3.0,starter_assists_total,"Weekly starter assists, with xA as context.",,,,,,,,93.5,0.924984022974968,,,,,,,,,,,,,,,,,,,,,,,,,,,
weekly,34.0,Assists,2,116s0o6ume0s7s58,Up the Arse-nal,3.0,starter_assists_total,"Weekly starter assists, with xA as context.",,,,,,,,107.0,1.9130287375301125,,,,,,,,,,,,,,,,,,,,,,,,,,,
weekly,34.0,Assists,3,ss2dromsme3cbmga,Berkshire’s Club,2.0,starter_assists_total,"Weekly starter assists, with xA as context.",,,,,,,,100.5,1.3621364068239925,,,,,,,,,,,,,,,,,,,,,,,,,,,
weekly,34.0,Assists,4,ih2b4z8ome1job2n,nhauptma,2.0,starter_assists_total,"Weekly starter assists, with xA as context.",,,,,,,,59.5,0.5974450632929801,,,,,,,,,,,,,,,,,,,,,,,,,,,
weekly,34.0,Assists,5,ne94j2bxme0vsmkq,Pot Splashers,1.0,starter_assists_total,"Weekly starter assists, with xA as context.",,,,,,,,94.5,0.4454098716378211,,,,,,,,,,,,,,,,,,,,,,,,,,,
weekly,34.0,Assists,6,zxivny5tme3hojrx,Count Doku,0.0,starter_assists_total,"Weekly starter assists, with xA as context.",,,,,,,,121.5,1.0582956243306398,,,,,,,,,,,,,,,,,,,,,,,,,,,
weekly,34.0,Assists,7,qocqs3wjme34472y,KindComet,0.0,starter_assists_total,"Weekly starter assists, with xA as context.",,,,,,,,24.0,0.2148468568921088,,,,,,,,,,,,,,,,,,,,,,,,,,,
weekly,34.0,Assists,8,zf53q9hdme32qmoe,Robertske,0.0,starter_assists_total,"Weekly starter assists, with xA as context.",,,,,,,,20.0,0.0411023274064064,,,,,,,,,,,,,,,,,,,,,,,,,,,
weekly,34.0,Assists,9,0t8m7z91mdhjhvye,SUNNYD,0.0,starter_assists_total,"Weekly starter assists, with xA as context.",,,,,,,,65.0,1.068836886435747,,,,,,,,,,,,,,,,,,,,,,,,,,,
weekly,34.0,Assists,10,eaz9h4hfme2wdh8p,epatel3,0.0,starter_assists_total,"Weekly starter assists, with xA as context.",,,,,,,,121.5,0.6786950603127477,,,,,,,,,,,,,,,,,,,,,,,,,,,
weekly,34.0,Assists,11,avv7b4d5me2tlsrt,wmuck1,0.0,starter_assists_total,"Weekly starter assists, with xA as context.",,,,,,,,44.5,0.1170545145869255,,,,,,,,,,,,,,,,,,,,,,,,,,,
weekly,34.0,Assists,12,xnt9wpm9me0us0r4,yudesh,0.0,starter_assists_total,"Weekly starter assists, with xA as context.",,,,,,,,80.0,1.1041553765535357,,,,,,,,,,,,,,,,,,,,,,,,,,,
weekly,35.0,Assists,1,ih2b4z8ome1job2n,nhauptma,3.0,starter_assists_total,"Weekly starter assists, with xA as context.",,,,,,,,87.5,1.9393286854028704,,,,,,,,,,,,,,,,,,,,,,,,,,,
weekly,35.0,Assists,2,avv7b4d5me2tlsrt,wmuck1,3.0,starter_assists_total,"Weekly starter assists, with xA as context.",,,,,,,,80.0,0.8684305958449839,,,,,,,,,,,,,,,,,,,,,,,,,,,
weekly,35.0,Assists,3,ss2dromsme3cbmga,Berkshire’s Club,2.0,starter_assists_total,"Weekly starter assists, with xA as context.",,,,,,,,143.0,1.8814868591725824,,,,,,,,,,,,,,,,,,,,,,,,,,,
weekly,35.0,Assists,4,zf53q9hdme32qmoe,Robertske,2.0,starter_assists_total,"Weekly starter assists, with xA as context.",,,,,,,,86.0,1.051950446330011,,,,,,,,,,,,,,,,,,,,,,,,,,,
weekly,35.0,Assists,5,0t8m7z91mdhjhvye,SUNNYD,2.0,starter_assists_total,"Weekly starter assists, with xA as context.",,,,,,,,127.0,2.0549096670001745,,,,,,,,,,,,,,,,,,,,,,,,,,,
weekly,35.0,Assists,6,116s0o6ume0s7s58,Up the Arse-nal,2.0,starter_assists_total,"Weekly starter assists, with xA as context.",,,,,,,,114.0,2.2062303498387337,,,,,,,,,,,,,,,,,,,,,,,,,,,
weekly,35.0,Assists,7,eaz9h4hfme2wdh8p,epatel3,2.0,starter_assists_total,"Weekly starter assists, with xA as context.",,,,,,,,107.5,1.1150176636874674,,,,,,,,,,,,,,,,,,,,,,,,,,,
weekly,35.0,Assists,8,xnt9wpm9me0us0r4,yudesh,2.0,starter_assists_total,"Weekly starter assists, with xA as context.",,,,,,,,73.5,0.371450526639819,,,,,,,,,,,,,,,,,,,,,,,,,,,
weekly,35.0,Assists,9,ne94j2bxme0vsmkq,Pot Splashers,1.0,starter_assists_total,"Weekly starter assists, with xA as context.",,,,,,,,77.0,0.5015404783189295,,,,,,,,,,,,,,,,,,,,,,,,,,,
weekly,35.0,Assists,10,fm7cv4p0me3j48nk,The Facerockers,1.0,starter_assists_total,"Weekly starter assists, with xA as context.",,,,,,,,78.5,0.8325647749006747,,,,,,,,,,,,,,,,,,,,,,,,,,,
weekly,35.0,Assists,11,zxivny5tme3hojrx,Count Doku,0.0,starter_assists_total,"Weekly starter assists, with xA as context.",,,,,,,,115.5,0.8854060508310795,,,,,,,,,,,,,,,,,,,,,,,,,,,
weekly,35.0,Assists,12,qocqs3wjme34472y,KindComet,0.0,starter_assists_total,"Weekly starter assists, with xA as context.",,,,,,,,78.0,0.3809844851493835,,,,,,,,,,,,,,,,,,,,,,,,,,,
weekly,36.0,Assists,1,zf53q9hdme32qmoe,Robertske,6.0,starter_assists_total,"Weekly starter assists, with xA as context.",,,,,,,,167.5,3.606101162731648,,,,,,,,,,,,,,,,,,,,,,,,,,,
weekly,36.0,Assists,2,ss2dromsme3cbmga,Berkshire’s Club,1.0,starter_assists_total,"Weekly starter assists, with xA as context.",,,,,,,,148.0,1.6159460674971342,,,,,,,,,,,,,,,,,,,,,,,,,,,
weekly,36.0,Assists,3,0t8m7z91mdhjhvye,SUNNYD,1.0,starter_assists_total,"Weekly starter assists, with xA as context.",,,,,,,,114.0,0.5200733244419096,,,,,,,,,,,,,,,,,,,,,,,,,,,
weekly,36.0,Assists,4,fm7cv4p0me3j48nk,The Facerockers,1.0,starter_assists_total,"Weekly starter assists, with xA as context.",,,,,,,,93.0,0.4291750751435755,,,,,,,,,,,,,,,,,,,,,,,,,,,
weekly,36.0,Assists,5,116s0o6ume0s7s58,Up the Arse-nal,1.0,starter_assists_total,"Weekly starter assists, with xA as context.",,,,,,,,98.0,1.3625363782048223,,,,,,,,,,,,,,,,,,,,,,,,,,,
weekly,36.0,Assists,6,eaz9h4hfme2wdh8p,epatel3,1.0,starter_assists_total,"Weekly starter assists, with xA as context.",,,,,,,,112.0,0.1598634775727985,,,,,,,,,,,,,,,,,,,,,,,,,,,
weekly,36.0,Assists,7,ih2b4z8ome1job2n,nhauptma,1.0,starter_assists_total,"Weekly starter assists, with xA as context.",,,,,,,,104.5,0.8106339015066621,,,,,,,,,,,,,,,,,,,,,,,,,,,
weekly,36.0,Assists,8,avv7b4d5me2tlsrt,wmuck1,1.0,starter_assists_total,"Weekly starter assists, with xA as context.",,,,,,,,109.5,0.74390335008502,,,,,,,,,,,,,,,,,,,,,,,,,,,
weekly,36.0,Assists,9,xnt9wpm9me0us0r4,yudesh,1.0,starter_assists_total,"Weekly starter assists, with xA as context.",,,,,,,,102.5,1.6053638169541953,,,,,,,,,,,,,,,,,,,,,,,,,,,
weekly,36.0,Assists,10,zxivny5tme3hojrx,Count Doku,0.0,starter_assists_total,"Weekly starter assists, with xA as context.",,,,,,,,107.5,2.1774713210761543,,,,,,,,,,,,,,,,,,,,,,,,,,,
weekly,36.0,Assists,11,qocqs3wjme34472y,KindComet,0.0,starter_assists_total,"Weekly starter assists, with xA as context.",,,,,,,,132.0,1.7414516154676671,,,,,,,,,,,,,,,,,,,,,,,,,,,
weekly,36.0,Assists,12,ne94j2bxme0vsmkq,Pot Splashers,0.0,starter_assists_total,"Weekly starter assists, with xA as context.",,,,,,,,73.5,0.3252688646316526,,,,,,,,,,,,,,,,,,,,,,,,,,,
weekly,37.0,Assists,1,qocqs3wjme34472y,KindComet,3.0,starter_assists_total,"Weekly starter assists, with xA as context.",,,,,,,,144.0,2.615049943327904,,,,,,,,,,,,,,,,,,,,,,,,,,,
weekly,37.0,Assists,2,xnt9wpm9me0us0r4,yudesh,3.0,starter_assists_total,"Weekly starter assists, with xA as context.",,,,,,,,116.5,1.2217502091079948,,,,,,,,,,,,,,,,,,,,,,,,,,,
weekly,37.0,Assists,3,ss2dromsme3cbmga,Berkshire’s Club,2.0,starter_assists_total,"Weekly starter assists, with xA as context.",,,,,,,,98.0,1.3608350083231926,,,,,,,,,,,,,,,,,,,,,,,,,,,
weekly,37.0,Assists,4,zxivny5tme3hojrx,Count Doku,2.0,starter_assists_total,"Weekly starter assists, with xA as context.",,,,,,,,107.0,1.9225651770830152,,,,,,,,,,,,,,,,,,,,,,,,,,,
weekly,37.0,Assists,5,116s0o6ume0s7s58,Up the Arse-nal,2.0,starter_assists_total,"Weekly starter assists, with xA as context.",,,,,,,,103.5,1.6647508591413498,,,,,,,,,,,,,,,,,,,,,,,,,,,
weekly,37.0,Assists,6,ne94j2bxme0vsmkq,Pot Splashers,1.0,starter_assists_total,"Weekly starter assists, with xA as context.",,,,,,,,66.5,0.2163440696895119,,,,,,,,,,,,,,,,,,,,,,,,,,,
weekly,37.0,Assists,7,0t8m7z91mdhjhvye,SUNNYD,1.0,starter_assists_total,"Weekly starter assists, with xA as context.",,,,,,,,84.0,2.5623727664351463,,,,,,,,,,,,,,,,,,,,,,,,,,,
weekly,37.0,Assists,8,fm7cv4p0me3j48nk,The Facerockers,1.0,starter_assists_total,"Weekly starter assists, with xA as context.",,,,,,,,93.0,0.32945167645812,,,,,,,,,,,,,,,,,,,,,,,,,,,
weekly,37.0,Assists,9,avv7b4d5me2tlsrt,wmuck1,1.0,starter_assists_total,"Weekly starter assists, with xA as context.",,,,,,,,84.0,1.1727827638387678,,,,,,,,,,,,,,,,,,,,,,,,,,,
weekly,37.0,Assists,10,zf53q9hdme32qmoe,Robertske,0.0,starter_assists_total,"Weekly starter assists, with xA as context.",,,,,,,,90.5,1.3135564476251598,,,,,,,,,,,,,,,,,,,,,,,,,,,
weekly,37.0,Assists,11,eaz9h4hfme2wdh8p,epatel3,0.0,starter_assists_total,"Weekly starter assists, with xA as context.",,,,,,,,63.0,0.8685234449803829,,,,,,,,,,,,,,,,,,,,,,,,,,,
weekly,37.0,Assists,12,ih2b4z8ome1job2n,nhauptma,0.0,starter_assists_total,"Weekly starter assists, with xA as context.",,,,,,,,63.0,0.5541737824678419,,,,,,,,,,,,,,,,,,,,,,,,,,,
weekly,38.0,Assists,1,ss2dromsme3cbmga,Berkshire’s Club,2.0,starter_assists_total,"Weekly starter assists, with xA as context.",,,,,,,,117.5,1.9866280108690264,,,,,,,,,,,,,,,,,,,,,,,,,,,
weekly,38.0,Assists,2,fm7cv4p0me3j48nk,The Facerockers,2.0,starter_assists_total,"Weekly starter assists, with xA as context.",,,,,,,,71.0,0.6320333722978826,,,,,,,,,,,,,,,,,,,,,,,,,,,
weekly,38.0,Assists,3,zf53q9hdme32qmoe,Robertske,1.0,starter_assists_total,"Weekly starter assists, with xA as context.",,,,,,,,51.0,1.3817634880542755,,,,,,,,,,,,,,,,,,,,,,,,,,,
weekly,38.0,Assists,4,0t8m7z91mdhjhvye,SUNNYD,1.0,starter_assists_total,"Weekly starter assists, with xA as context.",,,,,,,,98.0,0.9726079087704418,,,,,,,,,,,,,,,,,,,,,,,,,,,
weekly,38.0,Assists,5,116s0o6ume0s7s58,Up the Arse-nal,1.0,starter_assists_total,"Weekly starter assists, with xA as context.",,,,,,,,91.5,1.251750078983605,,,,,,,,,,,,,,,,,,,,,,,,,,,
weekly,38.0,Assists,6,eaz9h4hfme2wdh8p,epatel3,1.0,starter_assists_total,"Weekly starter assists, with xA as context.",,,,,,,,77.0,1.0696346182376144,,,,,,,,,,,,,,,,,,,,,,,,,,,
weekly,38.0,Assists,7,avv7b4d5me2tlsrt,wmuck1,1.0,starter_assists_total,"Weekly starter assists, with xA as context.",,,,,,,,61.0,0.9491269662976264,,,,,,,,,,,,,,,,,,,,,,,,,,,
weekly,38.0,Assists,8,zxivny5tme3hojrx,Count Doku,0.0,starter_assists_total,"Weekly starter assists, with xA as context.",,,,,,,,77.0,1.545935790985823,,,,,,,,,,,,,,,,,,,,,,,,,,,
weekly,38.0,Assists,9,qocqs3wjme34472y,KindComet,0.0,starter_assists_total,"Weekly starter assists, with xA as context.",,,,,,,,82.5,0.6093632206320762,,,,,,,,,,,,,,,,,,,,,,,,,,,
weekly,38.0,Assists,10,ne94j2bxme0vsmkq,Pot Splashers,0.0,starter_assists_total,"Weekly starter assists, with xA as context.",,,,,,,,77.5,0.6903106253594159,,,,,,,,,,,,,,,,,,,,,,,,,,,
weekly,38.0,Assists,11,ih2b4z8ome1job2n,nhauptma,0.0,starter_assists_total,"Weekly starter assists, with xA as context.",,,,,,,,57.0,0.7112533040344714,,,,,,,,,,,,,,,,,,,,,,,,,,,
weekly,38.0,Assists,12,xnt9wpm9me0us0r4,yudesh,0.0,starter_assists_total,"Weekly starter assists, with xA as context.",,,,,,,,52.0,0.6659894343465564,,,,,,,,,,,,,,,,,,,,,,,,,,,
weekly,1.0,Clean Sheets,1,ne94j2bxme0vsmkq,Pot Splashers,8.0,starter_clean_sheets,Weekly starter clean sheets.,,,,,,,,140.0,,,,,,,,,,,,,,,,,,,,,,,,,,,,
weekly,1.0,Clean Sheets,2,zxivny5tme3hojrx,Count Doku,6.0,starter_clean_sheets,Weekly starter clean sheets.,,,,,,,,111.5,,,,,,,,,,,,,,,,,,,,,,,,,,,,
weekly,1.0,Clean Sheets,3,0t8m7z91mdhjhvye,SUNNYD,6.0,starter_clean_sheets,Weekly starter clean sheets.,,,,,,,,116.5,,,,,,,,,,,,,,,,,,,,,,,,,,,,
weekly,1.0,Clean Sheets,4,fm7cv4p0me3j48nk,The Facerockers,6.0,starter_clean_sheets,Weekly starter clean sheets.,,,,,,,,122.0,,,,,,,,,,,,,,,,,,,,,,,,,,,,
weekly,1.0,Clean Sheets,5,qocqs3wjme34472y,KindComet,4.0,starter_clean_sheets,Weekly starter clean sheets.,,,,,,,,102.5,,,,,,,,,,,,,,,,,,,,,,,,,,,,
weekly,1.0,Clean Sheets,6,zf53q9hdme32qmoe,Robertske,4.0,starter_clean_sheets,Weekly starter clean sheets.,,,,,,,,96.0,,,,,,,,,,,,,,,,,,,,,,,,,,,,
weekly,1.0,Clean Sheets,7,116s0o6ume0s7s58,Up the Arse-nal,4.0,starter_clean_sheets,Weekly starter clean sheets.,,,,,,,,67.5,,,,,,,,,,,,,,,,,,,,,,,,,,,,
weekly,1.0,Clean Sheets,8,eaz9h4hfme2wdh8p,epatel3,4.0,starter_clean_sheets,Weekly starter clean sheets.,,,,,,,,84.0,,,,,,,,,,,,,,,,,,,,,,,,,,,,
weekly,1.0,Clean Sheets,9,ih2b4z8ome1job2n,nhauptma,4.0,starter_clean_sheets,Weekly starter clean sheets.,,,,,,,,82.0,,,,,,,,,,,,,,,,,,,,,,,,,,,,
weekly,1.0,Clean Sheets,10,avv7b4d5me2tlsrt,wmuck1,4.0,starter_clean_sheets,Weekly starter clean sheets.,,,,,,,,81.5,,,,,,,,,,,,,,,,,,,,,,,,,,,,
weekly,1.0,Clean Sheets,11,xnt9wpm9me0us0r4,yudesh,4.0,starter_clean_sheets,Weekly starter clean sheets.,,,,,,,,81.5,,,,,,,,,,,,,,,,,,,,,,,,,,,,
weekly,1.0,Clean Sheets,12,ss2dromsme3cbmga,Berkshire’s Club,3.0,starter_clean_sheets,Weekly starter clean sheets.,,,,,,,,89.5,,,,,,,,,,,,,,,,,,,,,,,,,,,,
weekly,2.0,Clean Sheets,1,116s0o6ume0s7s58,Up the Arse-nal,5.0,starter_clean_sheets,Weekly starter clean sheets.,,,,,,,,155.5,,,,,,,,,,,,,,,,,,,,,,,,,,,,
weekly,2.0,Clean Sheets,2,ss2dromsme3cbmga,Berkshire’s Club,4.0,starter_clean_sheets,Weekly starter clean sheets.,,,,,,,,106.5,,,,,,,,,,,,,,,,,,,,,,,,,,,,
weekly,2.0,Clean Sheets,3,zxivny5tme3hojrx,Count Doku,3.0,starter_clean_sheets,Weekly starter clean sheets.,,,,,,,,55.5,,,,,,,,,,,,,,,,,,,,,,,,,,,,
weekly,2.0,Clean Sheets,4,fm7cv4p0me3j48nk,The Facerockers,3.0,starter_clean_sheets,Weekly starter clean sheets.,,,,,,,,71.0,,,,,,,,,,,,,,,,,,,,,,,,,,,,
weekly,2.0,Clean Sheets,5,ih2b4z8ome1job2n,nhauptma,3.0,starter_clean_sheets,Weekly starter clean sheets.,,,,,,,,117.5,,,,,,,,,,,,,,,,,,,,,,,,,,,,
weekly,2.0,Clean Sheets,6,xnt9wpm9me0us0r4,yudesh,3.0,starter_clean_sheets,Weekly starter clean sheets.,,,,,,,,100.5,,,,,,,,,,,,,,,,,,,,,,,,,,,,
weekly,2.0,Clean Sheets,7,qocqs3wjme34472y,KindComet,2.0,starter_clean_sheets,Weekly starter clean sheets.,,,,,,,,95.5,,,,,,,,,,,,,,,,,,,,,,,,,,,,
weekly,2.0,Clean Sheets,8,ne94j2bxme0vsmkq,Pot Splashers,2.0,starter_clean_sheets,Weekly starter clean sheets.,,,,,,,,93.0,,,,,,,,,,,,,,,,,,,,,,,,,,,,
weekly,2.0,Clean Sheets,9,0t8m7z91mdhjhvye,SUNNYD,2.0,starter_clean_sheets,Weekly starter clean sheets.,,,,,,,,102.5,,,,,,,,,,,,,,,,,,,,,,,,,,,,
weekly,2.0,Clean Sheets,10,eaz9h4hfme2wdh8p,epatel3,2.0,starter_clean_sheets,Weekly starter clean sheets.,,,,,,,,110.0,,,,,,,,,,,,,,,,,,,,,,,,,,,,
weekly,2.0,Clean Sheets,11,zf53q9hdme32qmoe,Robertske,1.0,starter_clean_sheets,Weekly starter clean sheets.,,,,,,,,45.5,,,,,,,,,,,,,,,,,,,,,,,,,,,,
weekly,2.0,Clean Sheets,12,avv7b4d5me2tlsrt,wmuck1,1.0,starter_clean_sheets,Weekly starter clean sheets.,,,,,,,,60.0,,,,,,,,,,,,,,,,,,,,,,,,,,,,
weekly,3.0,Clean Sheets,1,eaz9h4hfme2wdh8p,epatel3,7.0,starter_clean_sheets,Weekly starter clean sheets.,,,,,,,,107.5,,,,,,,,,,,,,,,,,,,,,,,,,,,,
weekly,3.0,Clean Sheets,2,qocqs3wjme34472y,KindComet,5.0,starter_clean_sheets,Weekly starter clean sheets.,,,,,,,,76.5,,,,,,,,,,,,,,,,,,,,,,,,,,,,
weekly,3.0,Clean Sheets,3,avv7b4d5me2tlsrt,wmuck1,5.0,starter_clean_sheets,Weekly starter clean sheets.,,,,,,,,60.0,,,,,,,,,,,,,,,,,,,,,,,,,,,,
weekly,3.0,Clean Sheets,4,ss2dromsme3cbmga,Berkshire’s Club,4.0,starter_clean_sheets,Weekly starter clean sheets.,,,,,,,,123.5,,,,,,,,,,,,,,,,,,,,,,,,,,,,
weekly,3.0,Clean Sheets,5,xnt9wpm9me0us0r4,yudesh,4.0,starter_clean_sheets,Weekly starter clean sheets.,,,,,,,,114.5,,,,,,,,,,,,,,,,,,,,,,,,,,,,
weekly,3.0,Clean Sheets,6,zxivny5tme3hojrx,Count Doku,3.0,starter_clean_sheets,Weekly starter clean sheets.,,,,,,,,49.0,,,,,,,,,,,,,,,,,,,,,,,,,,,,
weekly,3.0,Clean Sheets,7,ne94j2bxme0vsmkq,Pot Splashers,3.0,starter_clean_sheets,Weekly starter clean sheets.,,,,,,,,87.0,,,,,,,,,,,,,,,,,,,,,,,,,,,,
weekly,3.0,Clean Sheets,8,fm7cv4p0me3j48nk,The Facerockers,3.0,starter_clean_sheets,Weekly starter clean sheets.,,,,,,,,68.0,,,,,,,,,,,,,,,,,,,,,,,,,,,,
weekly,3.0,Clean Sheets,9,ih2b4z8ome1job2n,nhauptma,3.0,starter_clean_sheets,Weekly starter clean sheets.,,,,,,,,119.0,,,,,,,,,,,,,,,,,,,,,,,,,,,,
weekly,3.0,Clean Sheets,10,zf53q9hdme32qmoe,Robertske,2.0,starter_clean_sheets,Weekly starter clean sheets.,,,,,,,,69.0,,,,,,,,,,,,,,,,,,,,,,,,,,,,
weekly,3.0,Clean Sheets,11,0t8m7z91mdhjhvye,SUNNYD,2.0,starter_clean_sheets,Weekly starter clean sheets.,,,,,,,,45.5,,,,,,,,,,,,,,,,,,,,,,,,,,,,
weekly,3.0,Clean Sheets,12,116s0o6ume0s7s58,Up the Arse-nal,2.0,starter_clean_sheets,Weekly starter clean sheets.,,,,,,,,97.0,,,,,,,,,,,,,,,,,,,,,,,,,,,,
weekly,4.0,Clean Sheets,1,fm7cv4p0me3j48nk,The Facerockers,9.0,starter_clean_sheets,Weekly starter clean sheets.,,,,,,,,134.5,,,,,,,,,,,,,,,,,,,,,,,,,,,,
weekly,4.0,Clean Sheets,2,qocqs3wjme34472y,KindComet,8.0,starter_clean_sheets,Weekly starter clean sheets.,,,,,,,,117.5,,,,,,,,,,,,,,,,,,,,,,,,,,,,
weekly,4.0,Clean Sheets,3,0t8m7z91mdhjhvye,SUNNYD,8.0,starter_clean_sheets,Weekly starter clean sheets.,,,,,,,,121.0,,,,,,,,,,,,,,,,,,,,,,,,,,,,
weekly,4.0,Clean Sheets,4,ne94j2bxme0vsmkq,Pot Splashers,7.0,starter_clean_sheets,Weekly starter clean sheets.,,,,,,,,111.5,,,,,,,,,,,,,,,,,,,,,,,,,,,,
weekly,4.0,Clean Sheets,5,ih2b4z8ome1job2n,nhauptma,7.0,starter_clean_sheets,Weekly starter clean sheets.,,,,,,,,95.0,,,,,,,,,,,,,,,,,,,,,,,,,,,,
weekly,4.0,Clean Sheets,6,zf53q9hdme32qmoe,Robertske,6.0,starter_clean_sheets,Weekly starter clean sheets.,,,,,,,,132.5,,,,,,,,,,,,,,,,,,,,,,,,,,,,
weekly,4.0,Clean Sheets,7,eaz9h4hfme2wdh8p,epatel3,6.0,starter_clean_sheets,Weekly starter clean sheets.,,,,,,,,98.5,,,,,,,,,,,,,,,,,,,,,,,,,,,,
weekly,4.0,Clean Sheets,8,xnt9wpm9me0us0r4,yudesh,5.0,starter_clean_sheets,Weekly starter clean sheets.,,,,,,,,85.5,,,,,,,,,,,,,,,,,,,,,,,,,,,,
weekly,4.0,Clean Sheets,9,ss2dromsme3cbmga,Berkshire’s Club,4.0,starter_clean_sheets,Weekly starter clean sheets.,,,,,,,,103.0,,,,,,,,,,,,,,,,,,,,,,,,,,,,
weekly,4.0,Clean Sheets,10,zxivny5tme3hojrx,Count Doku,3.0,starter_clean_sheets,Weekly starter clean sheets.,,,,,,,,73.0,,,,,,,,,,,,,,,,,,,,,,,,,,,,
weekly,4.0,Clean Sheets,11,116s0o6ume0s7s58,Up the Arse-nal,3.0,starter_clean_sheets,Weekly starter clean sheets.,,,,,,,,79.5,,,,,,,,,,,,,,,,,,,,,,,,,,,,
weekly,4.0,Clean Sheets,12,avv7b4d5me2tlsrt,wmuck1,3.0,starter_clean_sheets,Weekly starter clean sheets.,,,,,,,,67.0,,,,,,,,,,,,,,,,,,,,,,,,,,,,
weekly,5.0,Clean Sheets,1,zxivny5tme3hojrx,Count Doku,3.0,starter_clean_sheets,Weekly starter clean sheets.,,,,,,,,145.5,,,,,,,,,,,,,,,,,,,,,,,,,,,,
weekly,5.0,Clean Sheets,2,zf53q9hdme32qmoe,Robertske,3.0,starter_clean_sheets,Weekly starter clean sheets.,,,,,,,,68.0,,,,,,,,,,,,,,,,,,,,,,,,,,,,
weekly,5.0,Clean Sheets,3,avv7b4d5me2tlsrt,wmuck1,3.0,starter_clean_sheets,Weekly starter clean sheets.,,,,,,,,50.0,,,,,,,,,,,,,,,,,,,,,,,,,,,,
weekly,5.0,Clean Sheets,4,ss2dromsme3cbmga,Berkshire’s Club,2.0,starter_clean_sheets,Weekly starter clean sheets.,,,,,,,,100.5,,,,,,,,,,,,,,,,,,,,,,,,,,,,
weekly,5.0,Clean Sheets,5,qocqs3wjme34472y,KindComet,2.0,starter_clean_sheets,Weekly starter clean sheets.,,,,,,,,87.5,,,,,,,,,,,,,,,,,,,,,,,,,,,,
weekly,5.0,Clean Sheets,6,fm7cv4p0me3j48nk,The Facerockers,2.0,starter_clean_sheets,Weekly starter clean sheets.,,,,,,,,83.5,,,,,,,,,,,,,,,,,,,,,,,,,,,,
weekly,5.0,Clean Sheets,7,xnt9wpm9me0us0r4,yudesh,2.0,starter_clean_sheets,Weekly starter clean sheets.,,,,,,,,75.0,,,,,,,,,,,,,,,,,,,,,,,,,,,,
weekly,5.0,Clean Sheets,8,ih2b4z8ome1job2n,nhauptma,1.0,starter_clean_sheets,Weekly starter clean sheets.,,,,,,,,92.0,,,,,,,,,,,,,,,,,,,,,,,,,,,,
weekly,5.0,Clean Sheets,9,ne94j2bxme0vsmkq,Pot Splashers,0.0,starter_clean_sheets,Weekly starter clean sheets.,,,,,,,,61.5,,,,,,,,,,,,,,,,,,,,,,,,,,,,
weekly,5.0,Clean Sheets,10,0t8m7z91mdhjhvye,SUNNYD,0.0,starter_clean_sheets,Weekly starter clean sheets.,,,,,,,,83.5,,,,,,,,,,,,,,,,,,,,,,,,,,,,
weekly,5.0,Clean Sheets,11,116s0o6ume0s7s58,Up the Arse-nal,0.0,starter_clean_sheets,Weekly starter clean sheets.,,,,,,,,85.5,,,,,,,,,,,,,,,,,,,,,,,,,,,,
weekly,5.0,Clean Sheets,12,eaz9h4hfme2wdh8p,epatel3,0.0,starter_clean_sheets,Weekly starter clean sheets.,,,,,,,,90.0,,,,,,,,,,,,,,,,,,,,,,,,,,,,
weekly,6.0,Clean Sheets,1,avv7b4d5me2tlsrt,wmuck1,2.0,starter_clean_sheets,Weekly starter clean sheets.,,,,,,,,67.5,,,,,,,,,,,,,,,,,,,,,,,,,,,,
weekly,6.0,Clean Sheets,2,zxivny5tme3hojrx,Count Doku,1.0,starter_clean_sheets,Weekly starter clean sheets.,,,,,,,,108.0,,,,,,,,,,,,,,,,,,,,,,,,,,,,
weekly,6.0,Clean Sheets,3,qocqs3wjme34472y,KindComet,1.0,starter_clean_sheets,Weekly starter clean sheets.,,,,,,,,100.5,,,,,,,,,,,,,,,,,,,,,,,,,,,,
weekly,6.0,Clean Sheets,4,ne94j2bxme0vsmkq,Pot Splashers,1.0,starter_clean_sheets,Weekly starter clean sheets.,,,,,,,,78.5,,,,,,,,,,,,,,,,,,,,,,,,,,,,
weekly,6.0,Clean Sheets,5,zf53q9hdme32qmoe,Robertske,1.0,starter_clean_sheets,Weekly starter clean sheets.,,,,,,,,120.0,,,,,,,,,,,,,,,,,,,,,,,,,,,,
weekly,6.0,Clean Sheets,6,0t8m7z91mdhjhvye,SUNNYD,1.0,starter_clean_sheets,Weekly starter clean sheets.,,,,,,,,86.0,,,,,,,,,,,,,,,,,,,,,,,,,,,,
weekly,6.0,Clean Sheets,7,fm7cv4p0me3j48nk,The Facerockers,1.0,starter_clean_sheets,Weekly starter clean sheets.,,,,,,,,133.5,,,,,,,,,,,,,,,,,,,,,,,,,,,,
weekly,6.0,Clean Sheets,8,116s0o6ume0s7s58,Up the Arse-nal,1.0,starter_clean_sheets,Weekly starter clean sheets.,,,,,,,,137.5,,,,,,,,,,,,,,,,,,,,,,,,,,,,
weekly,6.0,Clean Sheets,9,xnt9wpm9me0us0r4,yudesh,1.0,starter_clean_sheets,Weekly starter clean sheets.,,,,,,,,64.5,,,,,,,,,,,,,,,,,,,,,,,,,,,,
weekly,6.0,Clean Sheets,10,ss2dromsme3cbmga,Berkshire’s Club,0.0,starter_clean_sheets,Weekly starter clean sheets.,,,,,,,,101.0,,,,,,,,,,,,,,,,,,,,,,,,,,,,
weekly,6.0,Clean Sheets,11,eaz9h4hfme2wdh8p,epatel3,0.0,starter_clean_sheets,Weekly starter clean sheets.,,,,,,,,105.0,,,,,,,,,,,,,,,,,,,,,,,,,,,,
weekly,6.0,Clean Sheets,12,ih2b4z8ome1job2n,nhauptma,0.0,starter_clean_sheets,Weekly starter clean sheets.,,,,,,,,82.5,,,,,,,,,,,,,,,,,,,,,,,,,,,,
weekly,7.0,Clean Sheets,1,116s0o6ume0s7s58,Up the Arse-nal,5.0,starter_clean_sheets,Weekly starter clean sheets.,,,,,,,,139.0,,,,,,,,,,,,,,,,,,,,,,,,,,,,
weekly,7.0,Clean Sheets,2,ne94j2bxme0vsmkq,Pot Splashers,4.0,starter_clean_sheets,Weekly starter clean sheets.,,,,,,,,97.5,,,,,,,,,,,,,,,,,,,,,,,,,,,,
weekly,7.0,Clean Sheets,3,zf53q9hdme32qmoe,Robertske,4.0,starter_clean_sheets,Weekly starter clean sheets.,,,,,,,,72.5,,,,,,,,,,,,,,,,,,,,,,,,,,,,
weekly,7.0,Clean Sheets,4,fm7cv4p0me3j48nk,The Facerockers,4.0,starter_clean_sheets,Weekly starter clean sheets.,,,,,,,,78.0,,,,,,,,,,,,,,,,,,,,,,,,,,,,
weekly,7.0,Clean Sheets,5,ih2b4z8ome1job2n,nhauptma,4.0,starter_clean_sheets,Weekly starter clean sheets.,,,,,,,,113.5,,,,,,,,,,,,,,,,,,,,,,,,,,,,
weekly,7.0,Clean Sheets,6,xnt9wpm9me0us0r4,yudesh,4.0,starter_clean_sheets,Weekly starter clean sheets.,,,,,,,,108.5,,,,,,,,,,,,,,,,,,,,,,,,,,,,
weekly,7.0,Clean Sheets,7,0t8m7z91mdhjhvye,SUNNYD,3.0,starter_clean_sheets,Weekly starter clean sheets.,,,,,,,,102.5,,,,,,,,,,,,,,,,,,,,,,,,,,,,
weekly,7.0,Clean Sheets,8,qocqs3wjme34472y,KindComet,2.0,starter_clean_sheets,Weekly starter clean sheets.,,,,,,,,125.5,,,,,,,,,,,,,,,,,,,,,,,,,,,,
weekly,7.0,Clean Sheets,9,eaz9h4hfme2wdh8p,epatel3,2.0,starter_clean_sheets,Weekly starter clean sheets.,,,,,,,,71.5,,,,,,,,,,,,,,,,,,,,,,,,,,,,
weekly,7.0,Clean Sheets,10,zxivny5tme3hojrx,Count Doku,1.0,starter_clean_sheets,Weekly starter clean sheets.,,,,,,,,82.0,,,,,,,,,,,,,,,,,,,,,,,,,,,,
weekly,7.0,Clean Sheets,11,avv7b4d5me2tlsrt,wmuck1,1.0,starter_clean_sheets,Weekly starter clean sheets.,,,,,,,,120.5,,,,,,,,,,,,,,,,,,,,,,,,,,,,
weekly,7.0,Clean Sheets,12,ss2dromsme3cbmga,Berkshire’s Club,0.0,starter_clean_sheets,Weekly starter clean sheets.,,,,,,,,97.0,,,,,,,,,,,,,,,,,,,,,,,,,,,,
weekly,8.0,Clean Sheets,1,116s0o6ume0s7s58,Up the Arse-nal,7.0,starter_clean_sheets,Weekly starter clean sheets.,,,,,,,,157.0,,,,,,,,,,,,,,,,,,,,,,,,,,,,
weekly,8.0,Clean Sheets,2,zf53q9hdme32qmoe,Robertske,5.0,starter_clean_sheets,Weekly starter clean sheets.,,,,,,,,127.5,,,,,,,,,,,,,,,,,,,,,,,,,,,,
weekly,8.0,Clean Sheets,3,0t8m7z91mdhjhvye,SUNNYD,4.0,starter_clean_sheets,Weekly starter clean sheets.,,,,,,,,136.5,,,,,,,,,,,,,,,,,,,,,,,,,,,,
weekly,8.0,Clean Sheets,4,eaz9h4hfme2wdh8p,epatel3,4.0,starter_clean_sheets,Weekly starter clean sheets.,,,,,,,,97.5,,,,,,,,,,,,,,,,,,,,,,,,,,,,
weekly,8.0,Clean Sheets,5,ih2b4z8ome1job2n,nhauptma,4.0,starter_clean_sheets,Weekly starter clean sheets.,,,,,,,,141.5,,,,,,,,,,,,,,,,,,,,,,,,,,,,
weekly,8.0,Clean Sheets,6,ss2dromsme3cbmga,Berkshire’s Club,3.0,starter_clean_sheets,Weekly starter clean sheets.,,,,,,,,85.0,,,,,,,,,,,,,,,,,,,,,,,,,,,,
weekly,8.0,Clean Sheets,7,qocqs3wjme34472y,KindComet,2.0,starter_clean_sheets,Weekly starter clean sheets.,,,,,,,,111.5,,,,,,,,,,,,,,,,,,,,,,,,,,,,
weekly,8.0,Clean Sheets,8,ne94j2bxme0vsmkq,Pot Splashers,2.0,starter_clean_sheets,Weekly starter clean sheets.,,,,,,,,68.5,,,,,,,,,,,,,,,,,,,,,,,,,,,,
weekly,8.0,Clean Sheets,9,fm7cv4p0me3j48nk,The Facerockers,2.0,starter_clean_sheets,Weekly starter clean sheets.,,,,,,,,98.0,,,,,,,,,,,,,,,,,,,,,,,,,,,,
weekly,8.0,Clean Sheets,10,zxivny5tme3hojrx,Count Doku,1.0,starter_clean_sheets,Weekly starter clean sheets.,,,,,,,,78.5,,,,,,,,,,,,,,,,,,,,,,,,,,,,
weekly,8.0,Clean Sheets,11,avv7b4d5me2tlsrt,wmuck1,1.0,starter_clean_sheets,Weekly starter clean sheets.,,,,,,,,63.0,,,,,,,,,,,,,,,,,,,,,,,,,,,,
weekly,8.0,Clean Sheets,12,xnt9wpm9me0us0r4,yudesh,1.0,starter_clean_sheets,Weekly starter clean sheets.,,,,,,,,102.5,,,,,,,,,,,,,,,,,,,,,,,,,,,,
weekly,9.0,Clean Sheets,1,0t8m7z91mdhjhvye,SUNNYD,4.0,starter_clean_sheets,Weekly starter clean sheets.,,,,,,,,107.0,,,,,,,,,,,,,,,,,,,,,,,,,,,,
weekly,9.0,Clean Sheets,2,fm7cv4p0me3j48nk,The Facerockers,4.0,starter_clean_sheets,Weekly starter clean sheets.,,,,,,,,109.0,,,,,,,,,,,,,,,,,,,,,,,,,,,,
weekly,9.0,Clean Sheets,3,116s0o6ume0s7s58,Up the Arse-nal,4.0,starter_clean_sheets,Weekly starter clean sheets.,,,,,,,,117.0,,,,,,,,,,,,,,,,,,,,,,,,,,,,
weekly,9.0,Clean Sheets,4,ss2dromsme3cbmga,Berkshire’s Club,3.0,starter_clean_sheets,Weekly starter clean sheets.,,,,,,,,122.0,,,,,,,,,,,,,,,,,,,,,,,,,,,,
weekly,9.0,Clean Sheets,5,zxivny5tme3hojrx,Count Doku,3.0,starter_clean_sheets,Weekly starter clean sheets.,,,,,,,,84.0,,,,,,,,,,,,,,,,,,,,,,,,,,,,
weekly,9.0,Clean Sheets,6,avv7b4d5me2tlsrt,wmuck1,3.0,starter_clean_sheets,Weekly starter clean sheets.,,,,,,,,94.0,,,,,,,,,,,,,,,,,,,,,,,,,,,,
weekly,9.0,Clean Sheets,7,ne94j2bxme0vsmkq,Pot Splashers,2.0,starter_clean_sheets,Weekly starter clean sheets.,,,,,,,,61.5,,,,,,,,,,,,,,,,,,,,,,,,,,,,
weekly,9.0,Clean Sheets,8,zf53q9hdme32qmoe,Robertske,2.0,starter_clean_sheets,Weekly starter clean sheets.,,,,,,,,87.5,,,,,,,,,,,,,,,,,,,,,,,,,,,,
weekly,9.0,Clean Sheets,9,eaz9h4hfme2wdh8p,epatel3,2.0,starter_clean_sheets,Weekly starter clean sheets.,,,,,,,,113.0,,,,,,,,,,,,,,,,,,,,,,,,,,,,
weekly,9.0,Clean Sheets,10,ih2b4z8ome1job2n,nhauptma,2.0,starter_clean_sheets,Weekly starter clean sheets.,,,,,,,,123.0,,,,,,,,,,,,,,,,,,,,,,,,,,,,
weekly,9.0,Clean Sheets,11,qocqs3wjme34472y,KindComet,1.0,starter_clean_sheets,Weekly starter clean sheets.,,,,,,,,110.0,,,,,,,,,,,,,,,,,,,,,,,,,,,,
weekly,9.0,Clean Sheets,12,xnt9wpm9me0us0r4,yudesh,1.0,starter_clean_sheets,Weekly starter clean sheets.,,,,,,,,73.5,,,,,,,,,,,,,,,,,,,,,,,,,,,,
weekly,10.0,Clean Sheets,1,fm7cv4p0me3j48nk,The Facerockers,8.0,starter_clean_sheets,Weekly starter clean sheets.,,,,,,,,108.0,,,,,,,,,,,,,,,,,,,,,,,,,,,,
weekly,10.0,Clean Sheets,2,eaz9h4hfme2wdh8p,epatel3,6.0,starter_clean_sheets,Weekly starter clean sheets.,,,,,,,,129.0,,,,,,,,,,,,,,,,,,,,,,,,,,,,
weekly,10.0,Clean Sheets,3,ss2dromsme3cbmga,Berkshire’s Club,5.0,starter_clean_sheets,Weekly starter clean sheets.,,,,,,,,113.0,,,,,,,,,,,,,,,,,,,,,,,,,,,,
weekly,10.0,Clean Sheets,4,qocqs3wjme34472y,KindComet,4.0,starter_clean_sheets,Weekly starter clean sheets.,,,,,,,,75.0,,,,,,,,,,,,,,,,,,,,,,,,,,,,
weekly,10.0,Clean Sheets,5,ne94j2bxme0vsmkq,Pot Splashers,4.0,starter_clean_sheets,Weekly starter clean sheets.,,,,,,,,98.0,,,,,,,,,,,,,,,,,,,,,,,,,,,,
weekly,10.0,Clean Sheets,6,116s0o6ume0s7s58,Up the Arse-nal,4.0,starter_clean_sheets,Weekly starter clean sheets.,,,,,,,,127.0,,,,,,,,,,,,,,,,,,,,,,,,,,,,
weekly,10.0,Clean Sheets,7,ih2b4z8ome1job2n,nhauptma,4.0,starter_clean_sheets,Weekly starter clean sheets.,,,,,,,,129.5,,,,,,,,,,,,,,,,,,,,,,,,,,,,
weekly,10.0,Clean Sheets,8,0t8m7z91mdhjhvye,SUNNYD,3.0,starter_clean_sheets,Weekly starter clean sheets.,,,,,,,,45.5,,,,,,,,,,,,,,,,,,,,,,,,,,,,
weekly,10.0,Clean Sheets,9,avv7b4d5me2tlsrt,wmuck1,3.0,starter_clean_sheets,Weekly starter clean sheets.,,,,,,,,80.0,,,,,,,,,,,,,,,,,,,,,,,,,,,,
weekly,10.0,Clean Sheets,10,zf53q9hdme32qmoe,Robertske,2.0,starter_clean_sheets,Weekly starter clean sheets.,,,,,,,,131.5,,,,,,,,,,,,,,,,,,,,,,,,,,,,
weekly,10.0,Clean Sheets,11,zxivny5tme3hojrx,Count Doku,1.0,starter_clean_sheets,Weekly starter clean sheets.,,,,,,,,46.0,,,,,,,,,,,,,,,,,,,,,,,,,,,,
weekly,10.0,Clean Sheets,12,xnt9wpm9me0us0r4,yudesh,1.0,starter_clean_sheets,Weekly starter clean sheets.,,,,,,,,98.5,,,,,,,,,,,,,,,,,,,,,,,,,,,,
weekly,11.0,Clean Sheets,1,ne94j2bxme0vsmkq,Pot Splashers,6.0,starter_clean_sheets,Weekly starter clean sheets.,,,,,,,,113.0,,,,,,,,,,,,,,,,,,,,,,,,,,,,
weekly,11.0,Clean Sheets,2,zf53q9hdme32qmoe,Robertske,5.0,starter_clean_sheets,Weekly starter clean sheets.,,,,,,,,111.5,,,,,,,,,,,,,,,,,,,,,,,,,,,,
weekly,11.0,Clean Sheets,3,eaz9h4hfme2wdh8p,epatel3,5.0,starter_clean_sheets,Weekly starter clean sheets.,,,,,,,,81.0,,,,,,,,,,,,,,,,,,,,,,,,,,,,
weekly,11.0,Clean Sheets,4,qocqs3wjme34472y,KindComet,4.0,starter_clean_sheets,Weekly starter clean sheets.,,,,,,,,81.0,,,,,,,,,,,,,,,,,,,,,,,,,,,,
weekly,11.0,Clean Sheets,5,ih2b4z8ome1job2n,nhauptma,4.0,starter_clean_sheets,Weekly starter clean sheets.,,,,,,,,120.5,,,,,,,,,,,,,,,,,,,,,,,,,,,,
weekly,11.0,Clean Sheets,6,0t8m7z91mdhjhvye,SUNNYD,3.0,starter_clean_sheets,Weekly starter clean sheets.,,,,,,,,115.5,,,,,,,,,,,,,,,,,,,,,,,,,,,,
weekly,11.0,Clean Sheets,7,avv7b4d5me2tlsrt,wmuck1,3.0,starter_clean_sheets,Weekly starter clean sheets.,,,,,,,,40.0,,,,,,,,,,,,,,,,,,,,,,,,,,,,
weekly,11.0,Clean Sheets,8,zxivny5tme3hojrx,Count Doku,2.0,starter_clean_sheets,Weekly starter clean sheets.,,,,,,,,91.5,,,,,,,,,,,,,,,,,,,,,,,,,,,,
weekly,11.0,Clean Sheets,9,fm7cv4p0me3j48nk,The Facerockers,2.0,starter_clean_sheets,Weekly starter clean sheets.,,,,,,,,30.5,,,,,,,,,,,,,,,,,,,,,,,,,,,,
weekly,11.0,Clean Sheets,10,116s0o6ume0s7s58,Up the Arse-nal,2.0,starter_clean_sheets,Weekly starter clean sheets.,,,,,,,,92.5,,,,,,,,,,,,,,,,,,,,,,,,,,,,
weekly,11.0,Clean Sheets,11,xnt9wpm9me0us0r4,yudesh,2.0,starter_clean_sheets,Weekly starter clean sheets.,,,,,,,,96.5,,,,,,,,,,,,,,,,,,,,,,,,,,,,
weekly,11.0,Clean Sheets,12,ss2dromsme3cbmga,Berkshire’s Club,1.0,starter_clean_sheets,Weekly starter clean sheets.,,,,,,,,71.5,,,,,,,,,,,,,,,,,,,,,,,,,,,,
weekly,12.0,Clean Sheets,1,eaz9h4hfme2wdh8p,epatel3,6.0,starter_clean_sheets,Weekly starter clean sheets.,,,,,,,,170.5,,,,,,,,,,,,,,,,,,,,,,,,,,,,
weekly,12.0,Clean Sheets,2,xnt9wpm9me0us0r4,yudesh,5.0,starter_clean_sheets,Weekly starter clean sheets.,,,,,,,,117.0,,,,,,,,,,,,,,,,,,,,,,,,,,,,
weekly,12.0,Clean Sheets,3,ne94j2bxme0vsmkq,Pot Splashers,4.0,starter_clean_sheets,Weekly starter clean sheets.,,,,,,,,77.0,,,,,,,,,,,,,,,,,,,,,,,,,,,,
weekly,12.0,Clean Sheets,4,ss2dromsme3cbmga,Berkshire’s Club,3.0,starter_clean_sheets,Weekly starter clean sheets.,,,,,,,,113.0,,,,,,,,,,,,,,,,,,,,,,,,,,,,
weekly,12.0,Clean Sheets,5,zxivny5tme3hojrx,Count Doku,3.0,starter_clean_sheets,Weekly starter clean sheets.,,,,,,,,80.0,,,,,,,,,,,,,,,,,,,,,,,,,,,,
weekly,12.0,Clean Sheets,6,fm7cv4p0me3j48nk,The Facerockers,3.0,starter_clean_sheets,Weekly starter clean sheets.,,,,,,,,60.5,,,,,,,,,,,,,,,,,,,,,,,,,,,,
weekly,12.0,Clean Sheets,7,ih2b4z8ome1job2n,nhauptma,3.0,starter_clean_sheets,Weekly starter clean sheets.,,,,,,,,126.0,,,,,,,,,,,,,,,,,,,,,,,,,,,,
weekly,12.0,Clean Sheets,8,qocqs3wjme34472y,KindComet,2.0,starter_clean_sheets,Weekly starter clean sheets.,,,,,,,,118.5,,,,,,,,,,,,,,,,,,,,,,,,,,,,
weekly,12.0,Clean Sheets,9,avv7b4d5me2tlsrt,wmuck1,2.0,starter_clean_sheets,Weekly starter clean sheets.,,,,,,,,56.5,,,,,,,,,,,,,,,,,,,,,,,,,,,,
weekly,12.0,Clean Sheets,10,0t8m7z91mdhjhvye,SUNNYD,1.0,starter_clean_sheets,Weekly starter clean sheets.,,,,,,,,96.5,,,,,,,,,,,,,,,,,,,,,,,,,,,,
weekly,12.0,Clean Sheets,11,zf53q9hdme32qmoe,Robertske,0.0,starter_clean_sheets,Weekly starter clean sheets.,,,,,,,,83.5,,,,,,,,,,,,,,,,,,,,,,,,,,,,
weekly,12.0,Clean Sheets,12,116s0o6ume0s7s58,Up the Arse-nal,0.0,starter_clean_sheets,Weekly starter clean sheets.,,,,,,,,79.0,,,,,,,,,,,,,,,,,,,,,,,,,,,,
weekly,13.0,Clean Sheets,1,fm7cv4p0me3j48nk,The Facerockers,5.0,starter_clean_sheets,Weekly starter clean sheets.,,,,,,,,93.5,,,,,,,,,,,,,,,,,,,,,,,,,,,,
weekly,13.0,Clean Sheets,2,ss2dromsme3cbmga,Berkshire’s Club,2.0,starter_clean_sheets,Weekly starter clean sheets.,,,,,,,,71.5,,,,,,,,,,,,,,,,,,,,,,,,,,,,
weekly,13.0,Clean Sheets,3,ne94j2bxme0vsmkq,Pot Splashers,2.0,starter_clean_sheets,Weekly starter clean sheets.,,,,,,,,95.5,,,,,,,,,,,,,,,,,,,,,,,,,,,,
weekly,13.0,Clean Sheets,4,0t8m7z91mdhjhvye,SUNNYD,2.0,starter_clean_sheets,Weekly starter clean sheets.,,,,,,,,96.0,,,,,,,,,,,,,,,,,,,,,,,,,,,,
weekly,13.0,Clean Sheets,5,ih2b4z8ome1job2n,nhauptma,2.0,starter_clean_sheets,Weekly starter clean sheets.,,,,,,,,87.5,,,,,,,,,,,,,,,,,,,,,,,,,,,,
weekly,13.0,Clean Sheets,6,avv7b4d5me2tlsrt,wmuck1,2.0,starter_clean_sheets,Weekly starter clean sheets.,,,,,,,,68.0,,,,,,,,,,,,,,,,,,,,,,,,,,,,
weekly,13.0,Clean Sheets,7,qocqs3wjme34472y,KindComet,1.0,starter_clean_sheets,Weekly starter clean sheets.,,,,,,,,83.0,,,,,,,,,,,,,,,,,,,,,,,,,,,,
weekly,13.0,Clean Sheets,8,116s0o6ume0s7s58,Up the Arse-nal,1.0,starter_clean_sheets,Weekly starter clean sheets.,,,,,,,,147.5,,,,,,,,,,,,,,,,,,,,,,,,,,,,
weekly,13.0,Clean Sheets,9,eaz9h4hfme2wdh8p,epatel3,1.0,starter_clean_sheets,Weekly starter clean sheets.,,,,,,,,66.0,,,,,,,,,,,,,,,,,,,,,,,,,,,,
weekly,13.0,Clean Sheets,10,zxivny5tme3hojrx,Count Doku,0.0,starter_clean_sheets,Weekly starter clean sheets.,,,,,,,,113.5,,,,,,,,,,,,,,,,,,,,,,,,,,,,
weekly,13.0,Clean Sheets,11,zf53q9hdme32qmoe,Robertske,0.0,starter_clean_sheets,Weekly starter clean sheets.,,,,,,,,72.0,,,,,,,,,,,,,,,,,,,,,,,,,,,,
weekly,13.0,Clean Sheets,12,xnt9wpm9me0us0r4,yudesh,0.0,starter_clean_sheets,Weekly starter clean sheets.,,,,,,,,152.5,,,,,,,,,,,,,,,,,,,,,,,,,,,,
weekly,14.0,Clean Sheets,1,0t8m7z91mdhjhvye,SUNNYD,6.0,starter_clean_sheets,Weekly starter clean sheets.,,,,,,,,96.0,,,,,,,,,,,,,,,,,,,,,,,,,,,,
weekly,14.0,Clean Sheets,2,eaz9h4hfme2wdh8p,epatel3,5.0,starter_clean_sheets,Weekly starter clean sheets.,,,,,,,,96.0,,,,,,,,,,,,,,,,,,,,,,,,,,,,
weekly,14.0,Clean Sheets,3,ih2b4z8ome1job2n,nhauptma,5.0,starter_clean_sheets,Weekly starter clean sheets.,,,,,,,,135.0,,,,,,,,,,,,,,,,,,,,,,,,,,,,
weekly,14.0,Clean Sheets,4,zxivny5tme3hojrx,Count Doku,4.0,starter_clean_sheets,Weekly starter clean sheets.,,,,,,,,116.0,,,,,,,,,,,,,,,,,,,,,,,,,,,,
weekly,14.0,Clean Sheets,5,xnt9wpm9me0us0r4,yudesh,3.0,starter_clean_sheets,Weekly starter clean sheets.,,,,,,,,89.5,,,,,,,,,,,,,,,,,,,,,,,,,,,,
weekly,14.0,Clean Sheets,6,ss2dromsme3cbmga,Berkshire’s Club,2.0,starter_clean_sheets,Weekly starter clean sheets.,,,,,,,,113.5,,,,,,,,,,,,,,,,,,,,,,,,,,,,
weekly,14.0,Clean Sheets,7,qocqs3wjme34472y,KindComet,2.0,starter_clean_sheets,Weekly starter clean sheets.,,,,,,,,107.5,,,,,,,,,,,,,,,,,,,,,,,,,,,,
weekly,14.0,Clean Sheets,8,fm7cv4p0me3j48nk,The Facerockers,2.0,starter_clean_sheets,Weekly starter clean sheets.,,,,,,,,119.5,,,,,,,,,,,,,,,,,,,,,,,,,,,,
weekly,14.0,Clean Sheets,9,ne94j2bxme0vsmkq,Pot Splashers,1.0,starter_clean_sheets,Weekly starter clean sheets.,,,,,,,,37.0,,,,,,,,,,,,,,,,,,,,,,,,,,,,
weekly,14.0,Clean Sheets,10,116s0o6ume0s7s58,Up the Arse-nal,1.0,starter_clean_sheets,Weekly starter clean sheets.,,,,,,,,68.5,,,,,,,,,,,,,,,,,,,,,,,,,,,,
weekly,14.0,Clean Sheets,11,zf53q9hdme32qmoe,Robertske,0.0,starter_clean_sheets,Weekly starter clean sheets.,,,,,,,,77.5,,,,,,,,,,,,,,,,,,,,,,,,,,,,
weekly,14.0,Clean Sheets,12,avv7b4d5me2tlsrt,wmuck1,0.0,starter_clean_sheets,Weekly starter clean sheets.,,,,,,,,56.5,,,,,,,,,,,,,,,,,,,,,,,,,,,,
weekly,15.0,Clean Sheets,1,ne94j2bxme0vsmkq,Pot Splashers,6.0,starter_clean_sheets,Weekly starter clean sheets.,,,,,,,,106.0,,,,,,,,,,,,,,,,,,,,,,,,,,,,
weekly,15.0,Clean Sheets,2,zxivny5tme3hojrx,Count Doku,5.0,starter_clean_sheets,Weekly starter clean sheets.,,,,,,,,123.5,,,,,,,,,,,,,,,,,,,,,,,,,,,,
weekly,15.0,Clean Sheets,3,zf53q9hdme32qmoe,Robertske,5.0,starter_clean_sheets,Weekly starter clean sheets.,,,,,,,,120.5,,,,,,,,,,,,,,,,,,,,,,,,,,,,
weekly,15.0,Clean Sheets,4,ss2dromsme3cbmga,Berkshire’s Club,4.0,starter_clean_sheets,Weekly starter clean sheets.,,,,,,,,158.0,,,,,,,,,,,,,,,,,,,,,,,,,,,,
weekly,15.0,Clean Sheets,5,ih2b4z8ome1job2n,nhauptma,4.0,starter_clean_sheets,Weekly starter clean sheets.,,,,,,,,123.5,,,,,,,,,,,,,,,,,,,,,,,,,,,,
weekly,15.0,Clean Sheets,6,xnt9wpm9me0us0r4,yudesh,4.0,starter_clean_sheets,Weekly starter clean sheets.,,,,,,,,123.5,,,,,,,,,,,,,,,,,,,,,,,,,,,,
weekly,15.0,Clean Sheets,7,qocqs3wjme34472y,KindComet,3.0,starter_clean_sheets,Weekly starter clean sheets.,,,,,,,,79.0,,,,,,,,,,,,,,,,,,,,,,,,,,,,
weekly,15.0,Clean Sheets,8,0t8m7z91mdhjhvye,SUNNYD,3.0,starter_clean_sheets,Weekly starter clean sheets.,,,,,,,,101.5,,,,,,,,,,,,,,,,,,,,,,,,,,,,
weekly,15.0,Clean Sheets,9,fm7cv4p0me3j48nk,The Facerockers,2.0,starter_clean_sheets,Weekly starter clean sheets.,,,,,,,,113.5,,,,,,,,,,,,,,,,,,,,,,,,,,,,
weekly,15.0,Clean Sheets,10,116s0o6ume0s7s58,Up the Arse-nal,2.0,starter_clean_sheets,Weekly starter clean sheets.,,,,,,,,117.0,,,,,,,,,,,,,,,,,,,,,,,,,,,,
weekly,15.0,Clean Sheets,11,eaz9h4hfme2wdh8p,epatel3,2.0,starter_clean_sheets,Weekly starter clean sheets.,,,,,,,,92.0,,,,,,,,,,,,,,,,,,,,,,,,,,,,
weekly,15.0,Clean Sheets,12,avv7b4d5me2tlsrt,wmuck1,2.0,starter_clean_sheets,Weekly starter clean sheets.,,,,,,,,85.5,,,,,,,,,,,,,,,,,,,,,,,,,,,,
weekly,16.0,Clean Sheets,1,0t8m7z91mdhjhvye,SUNNYD,6.0,starter_clean_sheets,Weekly starter clean sheets.,,,,,,,,171.5,,,,,,,,,,,,,,,,,,,,,,,,,,,,
weekly,16.0,Clean Sheets,2,zf53q9hdme32qmoe,Robertske,5.0,starter_clean_sheets,Weekly starter clean sheets.,,,,,,,,108.5,,,,,,,,,,,,,,,,,,,,,,,,,,,,
weekly,16.0,Clean Sheets,3,116s0o6ume0s7s58,Up the Arse-nal,4.0,starter_clean_sheets,Weekly starter clean sheets.,,,,,,,,128.5,,,,,,,,,,,,,,,,,,,,,,,,,,,,
weekly,16.0,Clean Sheets,4,qocqs3wjme34472y,KindComet,3.0,starter_clean_sheets,Weekly starter clean sheets.,,,,,,,,155.0,,,,,,,,,,,,,,,,,,,,,,,,,,,,
weekly,16.0,Clean Sheets,5,ne94j2bxme0vsmkq,Pot Splashers,3.0,starter_clean_sheets,Weekly starter clean sheets.,,,,,,,,78.0,,,,,,,,,,,,,,,,,,,,,,,,,,,,
weekly,16.0,Clean Sheets,6,fm7cv4p0me3j48nk,The Facerockers,3.0,starter_clean_sheets,Weekly starter clean sheets.,,,,,,,,129.5,,,,,,,,,,,,,,,,,,,,,,,,,,,,
weekly,16.0,Clean Sheets,7,ih2b4z8ome1job2n,nhauptma,3.0,starter_clean_sheets,Weekly starter clean sheets.,,,,,,,,62.0,,,,,,,,,,,,,,,,,,,,,,,,,,,,
weekly,16.0,Clean Sheets,8,avv7b4d5me2tlsrt,wmuck1,3.0,starter_clean_sheets,Weekly starter clean sheets.,,,,,,,,75.5,,,,,,,,,,,,,,,,,,,,,,,,,,,,
weekly,16.0,Clean Sheets,9,zxivny5tme3hojrx,Count Doku,2.0,starter_clean_sheets,Weekly starter clean sheets.,,,,,,,,77.0,,,,,,,,,,,,,,,,,,,,,,,,,,,,
weekly,16.0,Clean Sheets,10,xnt9wpm9me0us0r4,yudesh,2.0,starter_clean_sheets,Weekly starter clean sheets.,,,,,,,,60.0,,,,,,,,,,,,,,,,,,,,,,,,,,,,
weekly,16.0,Clean Sheets,11,ss2dromsme3cbmga,Berkshire’s Club,1.0,starter_clean_sheets,Weekly starter clean sheets.,,,,,,,,116.0,,,,,,,,,,,,,,,,,,,,,,,,,,,,
weekly,16.0,Clean Sheets,12,eaz9h4hfme2wdh8p,epatel3,1.0,starter_clean_sheets,Weekly starter clean sheets.,,,,,,,,37.0,,,,,,,,,,,,,,,,,,,,,,,,,,,,
weekly,17.0,Clean Sheets,1,zf53q9hdme32qmoe,Robertske,7.0,starter_clean_sheets,Weekly starter clean sheets.,,,,,,,,99.5,,,,,,,,,,,,,,,,,,,,,,,,,,,,
weekly,17.0,Clean Sheets,2,0t8m7z91mdhjhvye,SUNNYD,6.0,starter_clean_sheets,Weekly starter clean sheets.,,,,,,,,135.0,,,,,,,,,,,,,,,,,,,,,,,,,,,,
weekly,17.0,Clean Sheets,3,fm7cv4p0me3j48nk,The Facerockers,5.0,starter_clean_sheets,Weekly starter clean sheets.,,,,,,,,122.5,,,,,,,,,,,,,,,,,,,,,,,,,,,,
weekly,17.0,Clean Sheets,4,116s0o6ume0s7s58,Up the Arse-nal,5.0,starter_clean_sheets,Weekly starter clean sheets.,,,,,,,,131.5,,,,,,,,,,,,,,,,,,,,,,,,,,,,
weekly,17.0,Clean Sheets,5,ih2b4z8ome1job2n,nhauptma,5.0,starter_clean_sheets,Weekly starter clean sheets.,,,,,,,,71.5,,,,,,,,,,,,,,,,,,,,,,,,,,,,
weekly,17.0,Clean Sheets,6,qocqs3wjme34472y,KindComet,4.0,starter_clean_sheets,Weekly starter clean sheets.,,,,,,,,109.5,,,,,,,,,,,,,,,,,,,,,,,,,,,,
weekly,17.0,Clean Sheets,7,ss2dromsme3cbmga,Berkshire’s Club,3.0,starter_clean_sheets,Weekly starter clean sheets.,,,,,,,,123.5,,,,,,,,,,,,,,,,,,,,,,,,,,,,
weekly,17.0,Clean Sheets,8,zxivny5tme3hojrx,Count Doku,3.0,starter_clean_sheets,Weekly starter clean sheets.,,,,,,,,67.5,,,,,,,,,,,,,,,,,,,,,,,,,,,,
weekly,17.0,Clean Sheets,9,eaz9h4hfme2wdh8p,epatel3,2.0,starter_clean_sheets,Weekly starter clean sheets.,,,,,,,,69.0,,,,,,,,,,,,,,,,,,,,,,,,,,,,
weekly,17.0,Clean Sheets,10,xnt9wpm9me0us0r4,yudesh,2.0,starter_clean_sheets,Weekly starter clean sheets.,,,,,,,,133.0,,,,,,,,,,,,,,,,,,,,,,,,,,,,
weekly,17.0,Clean Sheets,11,ne94j2bxme0vsmkq,Pot Splashers,0.0,starter_clean_sheets,Weekly starter clean sheets.,,,,,,,,91.0,,,,,,,,,,,,,,,,,,,,,,,,,,,,
weekly,17.0,Clean Sheets,12,avv7b4d5me2tlsrt,wmuck1,0.0,starter_clean_sheets,Weekly starter clean sheets.,,,,,,,,46.5,,,,,,,,,,,,,,,,,,,,,,,,,,,,
weekly,18.0,Clean Sheets,1,ss2dromsme3cbmga,Berkshire’s Club,4.0,starter_clean_sheets,Weekly starter clean sheets.,,,,,,,,129.0,,,,,,,,,,,,,,,,,,,,,,,,,,,,
weekly,18.0,Clean Sheets,2,xnt9wpm9me0us0r4,yudesh,4.0,starter_clean_sheets,Weekly starter clean sheets.,,,,,,,,160.0,,,,,,,,,,,,,,,,,,,,,,,,,,,,
weekly,18.0,Clean Sheets,3,0t8m7z91mdhjhvye,SUNNYD,3.0,starter_clean_sheets,Weekly starter clean sheets.,,,,,,,,151.0,,,,,,,,,,,,,,,,,,,,,,,,,,,,
weekly,18.0,Clean Sheets,4,eaz9h4hfme2wdh8p,epatel3,3.0,starter_clean_sheets,Weekly starter clean sheets.,,,,,,,,90.0,,,,,,,,,,,,,,,,,,,,,,,,,,,,
weekly,18.0,Clean Sheets,5,zxivny5tme3hojrx,Count Doku,2.0,starter_clean_sheets,Weekly starter clean sheets.,,,,,,,,122.5,,,,,,,,,,,,,,,,,,,,,,,,,,,,
weekly,18.0,Clean Sheets,6,ih2b4z8ome1job2n,nhauptma,2.0,starter_clean_sheets,Weekly starter clean sheets.,,,,,,,,68.5,,,,,,,,,,,,,,,,,,,,,,,,,,,,
weekly,18.0,Clean Sheets,7,avv7b4d5me2tlsrt,wmuck1,2.0,starter_clean_sheets,Weekly starter clean sheets.,,,,,,,,73.5,,,,,,,,,,,,,,,,,,,,,,,,,,,,
weekly,18.0,Clean Sheets,8,ne94j2bxme0vsmkq,Pot Splashers,1.0,starter_clean_sheets,Weekly starter clean sheets.,,,,,,,,67.0,,,,,,,,,,,,,,,,,,,,,,,,,,,,
weekly,18.0,Clean Sheets,9,zf53q9hdme32qmoe,Robertske,1.0,starter_clean_sheets,Weekly starter clean sheets.,,,,,,,,88.0,,,,,,,,,,,,,,,,,,,,,,,,,,,,
weekly,18.0,Clean Sheets,10,fm7cv4p0me3j48nk,The Facerockers,1.0,starter_clean_sheets,Weekly starter clean sheets.,,,,,,,,119.5,,,,,,,,,,,,,,,,,,,,,,,,,,,,
weekly,18.0,Clean Sheets,11,116s0o6ume0s7s58,Up the Arse-nal,1.0,starter_clean_sheets,Weekly starter clean sheets.,,,,,,,,109.0,,,,,,,,,,,,,,,,,,,,,,,,,,,,
weekly,18.0,Clean Sheets,12,qocqs3wjme34472y,KindComet,0.0,starter_clean_sheets,Weekly starter clean sheets.,,,,,,,,88.5,,,,,,,,,,,,,,,,,,,,,,,,,,,,
weekly,19.0,Clean Sheets,1,0t8m7z91mdhjhvye,SUNNYD,7.0,starter_clean_sheets,Weekly starter clean sheets.,,,,,,,,111.0,,,,,,,,,,,,,,,,,,,,,,,,,,,,
weekly,19.0,Clean Sheets,2,ss2dromsme3cbmga,Berkshire’s Club,6.0,starter_clean_sheets,Weekly starter clean sheets.,,,,,,,,157.5,,,,,,,,,,,,,,,,,,,,,,,,,,,,
weekly,19.0,Clean Sheets,3,zxivny5tme3hojrx,Count Doku,5.0,starter_clean_sheets,Weekly starter clean sheets.,,,,,,,,112.5,,,,,,,,,,,,,,,,,,,,,,,,,,,,
weekly,19.0,Clean Sheets,4,fm7cv4p0me3j48nk,The Facerockers,5.0,starter_clean_sheets,Weekly starter clean sheets.,,,,,,,,91.0,,,,,,,,,,,,,,,,,,,,,,,,,,,,
weekly,19.0,Clean Sheets,5,116s0o6ume0s7s58,Up the Arse-nal,4.0,starter_clean_sheets,Weekly starter clean sheets.,,,,,,,,116.5,,,,,,,,,,,,,,,,,,,,,,,,,,,,
weekly,19.0,Clean Sheets,6,ih2b4z8ome1job2n,nhauptma,4.0,starter_clean_sheets,Weekly starter clean sheets.,,,,,,,,109.5,,,,,,,,,,,,,,,,,,,,,,,,,,,,
weekly,19.0,Clean Sheets,7,qocqs3wjme34472y,KindComet,3.0,starter_clean_sheets,Weekly starter clean sheets.,,,,,,,,99.0,,,,,,,,,,,,,,,,,,,,,,,,,,,,
weekly,19.0,Clean Sheets,8,zf53q9hdme32qmoe,Robertske,3.0,starter_clean_sheets,Weekly starter clean sheets.,,,,,,,,96.0,,,,,,,,,,,,,,,,,,,,,,,,,,,,
weekly,19.0,Clean Sheets,9,eaz9h4hfme2wdh8p,epatel3,3.0,starter_clean_sheets,Weekly starter clean sheets.,,,,,,,,125.0,,,,,,,,,,,,,,,,,,,,,,,,,,,,
weekly,19.0,Clean Sheets,10,avv7b4d5me2tlsrt,wmuck1,2.0,starter_clean_sheets,Weekly starter clean sheets.,,,,,,,,80.0,,,,,,,,,,,,,,,,,,,,,,,,,,,,
weekly,19.0,Clean Sheets,11,ne94j2bxme0vsmkq,Pot Splashers,1.0,starter_clean_sheets,Weekly starter clean sheets.,,,,,,,,94.0,,,,,,,,,,,,,,,,,,,,,,,,,,,,
weekly,19.0,Clean Sheets,12,xnt9wpm9me0us0r4,yudesh,1.0,starter_clean_sheets,Weekly starter clean sheets.,,,,,,,,95.5,,,,,,,,,,,,,,,,,,,,,,,,,,,,
weekly,20.0,Clean Sheets,1,xnt9wpm9me0us0r4,yudesh,4.0,starter_clean_sheets,Weekly starter clean sheets.,,,,,,,,102.5,,,,,,,,,,,,,,,,,,,,,,,,,,,,
weekly,20.0,Clean Sheets,2,qocqs3wjme34472y,KindComet,3.0,starter_clean_sheets,Weekly starter clean sheets.,,,,,,,,165.0,,,,,,,,,,,,,,,,,,,,,,,,,,,,
weekly,20.0,Clean Sheets,3,0t8m7z91mdhjhvye,SUNNYD,2.0,starter_clean_sheets,Weekly starter clean sheets.,,,,,,,,120.5,,,,,,,,,,,,,,,,,,,,,,,,,,,,
weekly,20.0,Clean Sheets,4,ih2b4z8ome1job2n,nhauptma,2.0,starter_clean_sheets,Weekly starter clean sheets.,,,,,,,,111.5,,,,,,,,,,,,,,,,,,,,,,,,,,,,
weekly,20.0,Clean Sheets,5,ss2dromsme3cbmga,Berkshire’s Club,1.0,starter_clean_sheets,Weekly starter clean sheets.,,,,,,,,92.0,,,,,,,,,,,,,,,,,,,,,,,,,,,,
weekly,20.0,Clean Sheets,6,zxivny5tme3hojrx,Count Doku,1.0,starter_clean_sheets,Weekly starter clean sheets.,,,,,,,,76.5,,,,,,,,,,,,,,,,,,,,,,,,,,,,
weekly,20.0,Clean Sheets,7,ne94j2bxme0vsmkq,Pot Splashers,1.0,starter_clean_sheets,Weekly starter clean sheets.,,,,,,,,86.5,,,,,,,,,,,,,,,,,,,,,,,,,,,,
weekly,20.0,Clean Sheets,8,zf53q9hdme32qmoe,Robertske,1.0,starter_clean_sheets,Weekly starter clean sheets.,,,,,,,,55.0,,,,,,,,,,,,,,,,,,,,,,,,,,,,
weekly,20.0,Clean Sheets,9,116s0o6ume0s7s58,Up the Arse-nal,1.0,starter_clean_sheets,Weekly starter clean sheets.,,,,,,,,77.0,,,,,,,,,,,,,,,,,,,,,,,,,,,,
weekly,20.0,Clean Sheets,10,eaz9h4hfme2wdh8p,epatel3,1.0,starter_clean_sheets,Weekly starter clean sheets.,,,,,,,,73.0,,,,,,,,,,,,,,,,,,,,,,,,,,,,
weekly,20.0,Clean Sheets,11,avv7b4d5me2tlsrt,wmuck1,1.0,starter_clean_sheets,Weekly starter clean sheets.,,,,,,,,36.5,,,,,,,,,,,,,,,,,,,,,,,,,,,,
weekly,20.0,Clean Sheets,12,fm7cv4p0me3j48nk,The Facerockers,0.0,starter_clean_sheets,Weekly starter clean sheets.,,,,,,,,63.5,,,,,,,,,,,,,,,,,,,,,,,,,,,,
weekly,21.0,Clean Sheets,1,116s0o6ume0s7s58,Up the Arse-nal,5.0,starter_clean_sheets,Weekly starter clean sheets.,,,,,,,,163.0,,,,,,,,,,,,,,,,,,,,,,,,,,,,
weekly,21.0,Clean Sheets,2,eaz9h4hfme2wdh8p,epatel3,5.0,starter_clean_sheets,Weekly starter clean sheets.,,,,,,,,93.0,,,,,,,,,,,,,,,,,,,,,,,,,,,,
weekly,21.0,Clean Sheets,3,fm7cv4p0me3j48nk,The Facerockers,4.0,starter_clean_sheets,Weekly starter clean sheets.,,,,,,,,109.0,,,,,,,,,,,,,,,,,,,,,,,,,,,,
weekly,21.0,Clean Sheets,4,ss2dromsme3cbmga,Berkshire’s Club,3.0,starter_clean_sheets,Weekly starter clean sheets.,,,,,,,,99.0,,,,,,,,,,,,,,,,,,,,,,,,,,,,
weekly,21.0,Clean Sheets,5,zxivny5tme3hojrx,Count Doku,3.0,starter_clean_sheets,Weekly starter clean sheets.,,,,,,,,116.5,,,,,,,,,,,,,,,,,,,,,,,,,,,,
weekly,21.0,Clean Sheets,6,qocqs3wjme34472y,KindComet,3.0,starter_clean_sheets,Weekly starter clean sheets.,,,,,,,,107.5,,,,,,,,,,,,,,,,,,,,,,,,,,,,
weekly,21.0,Clean Sheets,7,0t8m7z91mdhjhvye,SUNNYD,3.0,starter_clean_sheets,Weekly starter clean sheets.,,,,,,,,61.0,,,,,,,,,,,,,,,,,,,,,,,,,,,,
weekly,21.0,Clean Sheets,8,ih2b4z8ome1job2n,nhauptma,3.0,starter_clean_sheets,Weekly starter clean sheets.,,,,,,,,104.5,,,,,,,,,,,,,,,,,,,,,,,,,,,,
weekly,21.0,Clean Sheets,9,ne94j2bxme0vsmkq,Pot Splashers,2.0,starter_clean_sheets,Weekly starter clean sheets.,,,,,,,,84.5,,,,,,,,,,,,,,,,,,,,,,,,,,,,
weekly,21.0,Clean Sheets,10,zf53q9hdme32qmoe,Robertske,1.0,starter_clean_sheets,Weekly starter clean sheets.,,,,,,,,80.5,,,,,,,,,,,,,,,,,,,,,,,,,,,,
weekly,21.0,Clean Sheets,11,avv7b4d5me2tlsrt,wmuck1,1.0,starter_clean_sheets,Weekly starter clean sheets.,,,,,,,,60.5,,,,,,,,,,,,,,,,,,,,,,,,,,,,
weekly,21.0,Clean Sheets,12,xnt9wpm9me0us0r4,yudesh,1.0,starter_clean_sheets,Weekly starter clean sheets.,,,,,,,,165.0,,,,,,,,,,,,,,,,,,,,,,,,,,,,
weekly,22.0,Clean Sheets,1,ne94j2bxme0vsmkq,Pot Splashers,7.0,starter_clean_sheets,Weekly starter clean sheets.,,,,,,,,129.0,,,,,,,,,,,,,,,,,,,,,,,,,,,,
weekly,22.0,Clean Sheets,2,eaz9h4hfme2wdh8p,epatel3,7.0,starter_clean_sheets,Weekly starter clean sheets.,,,,,,,,114.0,,,,,,,,,,,,,,,,,,,,,,,,,,,,
weekly,22.0,Clean Sheets,3,116s0o6ume0s7s58,Up the Arse-nal,6.0,starter_clean_sheets,Weekly starter clean sheets.,,,,,,,,87.5,,,,,,,,,,,,,,,,,,,,,,,,,,,,
weekly,22.0,Clean Sheets,4,ih2b4z8ome1job2n,nhauptma,6.0,starter_clean_sheets,Weekly starter clean sheets.,,,,,,,,126.0,,,,,,,,,,,,,,,,,,,,,,,,,,,,
weekly,22.0,Clean Sheets,5,xnt9wpm9me0us0r4,yudesh,6.0,starter_clean_sheets,Weekly starter clean sheets.,,,,,,,,133.0,,,,,,,,,,,,,,,,,,,,,,,,,,,,
weekly,22.0,Clean Sheets,6,avv7b4d5me2tlsrt,wmuck1,5.0,starter_clean_sheets,Weekly starter clean sheets.,,,,,,,,76.0,,,,,,,,,,,,,,,,,,,,,,,,,,,,
weekly,22.0,Clean Sheets,7,zxivny5tme3hojrx,Count Doku,4.0,starter_clean_sheets,Weekly starter clean sheets.,,,,,,,,77.0,,,,,,,,,,,,,,,,,,,,,,,,,,,,
weekly,22.0,Clean Sheets,8,qocqs3wjme34472y,KindComet,4.0,starter_clean_sheets,Weekly starter clean sheets.,,,,,,,,116.5,,,,,,,,,,,,,,,,,,,,,,,,,,,,
weekly,22.0,Clean Sheets,9,fm7cv4p0me3j48nk,The Facerockers,4.0,starter_clean_sheets,Weekly starter clean sheets.,,,,,,,,80.0,,,,,,,,,,,,,,,,,,,,,,,,,,,,
weekly,22.0,Clean Sheets,10,ss2dromsme3cbmga,Berkshire’s Club,2.0,starter_clean_sheets,Weekly starter clean sheets.,,,,,,,,66.5,,,,,,,,,,,,,,,,,,,,,,,,,,,,
weekly,22.0,Clean Sheets,11,zf53q9hdme32qmoe,Robertske,2.0,starter_clean_sheets,Weekly starter clean sheets.,,,,,,,,38.0,,,,,,,,,,,,,,,,,,,,,,,,,,,,
weekly,22.0,Clean Sheets,12,0t8m7z91mdhjhvye,SUNNYD,1.0,starter_clean_sheets,Weekly starter clean sheets.,,,,,,,,127.0,,,,,,,,,,,,,,,,,,,,,,,,,,,,
weekly,23.0,Clean Sheets,1,ss2dromsme3cbmga,Berkshire’s Club,4.0,starter_clean_sheets,Weekly starter clean sheets.,,,,,,,,152.0,,,,,,,,,,,,,,,,,,,,,,,,,,,,
weekly,23.0,Clean Sheets,2,qocqs3wjme34472y,KindComet,3.0,starter_clean_sheets,Weekly starter clean sheets.,,,,,,,,64.5,,,,,,,,,,,,,,,,,,,,,,,,,,,,
weekly,23.0,Clean Sheets,3,zf53q9hdme32qmoe,Robertske,3.0,starter_clean_sheets,Weekly starter clean sheets.,,,,,,,,70.0,,,,,,,,,,,,,,,,,,,,,,,,,,,,
weekly,23.0,Clean Sheets,4,zxivny5tme3hojrx,Count Doku,2.0,starter_clean_sheets,Weekly starter clean sheets.,,,,,,,,59.0,,,,,,,,,,,,,,,,,,,,,,,,,,,,
weekly,23.0,Clean Sheets,5,0t8m7z91mdhjhvye,SUNNYD,2.0,starter_clean_sheets,Weekly starter clean sheets.,,,,,,,,98.0,,,,,,,,,,,,,,,,,,,,,,,,,,,,
weekly,23.0,Clean Sheets,6,fm7cv4p0me3j48nk,The Facerockers,2.0,starter_clean_sheets,Weekly starter clean sheets.,,,,,,,,113.5,,,,,,,,,,,,,,,,,,,,,,,,,,,,
weekly,23.0,Clean Sheets,7,116s0o6ume0s7s58,Up the Arse-nal,2.0,starter_clean_sheets,Weekly starter clean sheets.,,,,,,,,44.5,,,,,,,,,,,,,,,,,,,,,,,,,,,,
weekly,23.0,Clean Sheets,8,eaz9h4hfme2wdh8p,epatel3,2.0,starter_clean_sheets,Weekly starter clean sheets.,,,,,,,,118.5,,,,,,,,,,,,,,,,,,,,,,,,,,,,
weekly,23.0,Clean Sheets,9,avv7b4d5me2tlsrt,wmuck1,2.0,starter_clean_sheets,Weekly starter clean sheets.,,,,,,,,95.5,,,,,,,,,,,,,,,,,,,,,,,,,,,,
weekly,23.0,Clean Sheets,10,ne94j2bxme0vsmkq,Pot Splashers,1.0,starter_clean_sheets,Weekly starter clean sheets.,,,,,,,,72.5,,,,,,,,,,,,,,,,,,,,,,,,,,,,
weekly,23.0,Clean Sheets,11,ih2b4z8ome1job2n,nhauptma,1.0,starter_clean_sheets,Weekly starter clean sheets.,,,,,,,,97.0,,,,,,,,,,,,,,,,,,,,,,,,,,,,
weekly,23.0,Clean Sheets,12,xnt9wpm9me0us0r4,yudesh,1.0,starter_clean_sheets,Weekly starter clean sheets.,,,,,,,,118.5,,,,,,,,,,,,,,,,,,,,,,,,,,,,
weekly,24.0,Clean Sheets,1,qocqs3wjme34472y,KindComet,4.0,starter_clean_sheets,Weekly starter clean sheets.,,,,,,,,80.0,,,,,,,,,,,,,,,,,,,,,,,,,,,,
weekly,24.0,Clean Sheets,2,116s0o6ume0s7s58,Up the Arse-nal,4.0,starter_clean_sheets,Weekly starter clean sheets.,,,,,,,,102.5,,,,,,,,,,,,,,,,,,,,,,,,,,,,
weekly,24.0,Clean Sheets,3,avv7b4d5me2tlsrt,wmuck1,4.0,starter_clean_sheets,Weekly starter clean sheets.,,,,,,,,114.0,,,,,,,,,,,,,,,,,,,,,,,,,,,,
weekly,24.0,Clean Sheets,4,zxivny5tme3hojrx,Count Doku,3.0,starter_clean_sheets,Weekly starter clean sheets.,,,,,,,,106.0,,,,,,,,,,,,,,,,,,,,,,,,,,,,
weekly,24.0,Clean Sheets,5,eaz9h4hfme2wdh8p,epatel3,3.0,starter_clean_sheets,Weekly starter clean sheets.,,,,,,,,135.5,,,,,,,,,,,,,,,,,,,,,,,,,,,,
weekly,24.0,Clean Sheets,6,ih2b4z8ome1job2n,nhauptma,3.0,starter_clean_sheets,Weekly starter clean sheets.,,,,,,,,110.0,,,,,,,,,,,,,,,,,,,,,,,,,,,,
weekly,24.0,Clean Sheets,7,ss2dromsme3cbmga,Berkshire’s Club,2.0,starter_clean_sheets,Weekly starter clean sheets.,,,,,,,,118.0,,,,,,,,,,,,,,,,,,,,,,,,,,,,
weekly,24.0,Clean Sheets,8,zf53q9hdme32qmoe,Robertske,2.0,starter_clean_sheets,Weekly starter clean sheets.,,,,,,,,103.5,,,,,,,,,,,,,,,,,,,,,,,,,,,,
weekly,24.0,Clean Sheets,9,0t8m7z91mdhjhvye,SUNNYD,2.0,starter_clean_sheets,Weekly starter clean sheets.,,,,,,,,104.5,,,,,,,,,,,,,,,,,,,,,,,,,,,,
weekly,24.0,Clean Sheets,10,fm7cv4p0me3j48nk,The Facerockers,2.0,starter_clean_sheets,Weekly starter clean sheets.,,,,,,,,99.0,,,,,,,,,,,,,,,,,,,,,,,,,,,,
weekly,24.0,Clean Sheets,11,ne94j2bxme0vsmkq,Pot Splashers,1.0,starter_clean_sheets,Weekly starter clean sheets.,,,,,,,,91.5,,,,,,,,,,,,,,,,,,,,,,,,,,,,
weekly,24.0,Clean Sheets,12,xnt9wpm9me0us0r4,yudesh,1.0,starter_clean_sheets,Weekly starter clean sheets.,,,,,,,,104.0,,,,,,,,,,,,,,,,,,,,,,,,,,,,
weekly,25.0,Clean Sheets,1,ss2dromsme3cbmga,Berkshire’s Club,5.0,starter_clean_sheets,Weekly starter clean sheets.,,,,,,,,137.0,,,,,,,,,,,,,,,,,,,,,,,,,,,,
weekly,25.0,Clean Sheets,2,eaz9h4hfme2wdh8p,epatel3,5.0,starter_clean_sheets,Weekly starter clean sheets.,,,,,,,,143.0,,,,,,,,,,,,,,,,,,,,,,,,,,,,
weekly,25.0,Clean Sheets,3,116s0o6ume0s7s58,Up the Arse-nal,4.0,starter_clean_sheets,Weekly starter clean sheets.,,,,,,,,93.5,,,,,,,,,,,,,,,,,,,,,,,,,,,,
weekly,25.0,Clean Sheets,4,0t8m7z91mdhjhvye,SUNNYD,3.0,starter_clean_sheets,Weekly starter clean sheets.,,,,,,,,71.5,,,,,,,,,,,,,,,,,,,,,,,,,,,,
weekly,25.0,Clean Sheets,5,xnt9wpm9me0us0r4,yudesh,3.0,starter_clean_sheets,Weekly starter clean sheets.,,,,,,,,95.5,,,,,,,,,,,,,,,,,,,,,,,,,,,,
weekly,25.0,Clean Sheets,6,zxivny5tme3hojrx,Count Doku,2.0,starter_clean_sheets,Weekly starter clean sheets.,,,,,,,,43.0,,,,,,,,,,,,,,,,,,,,,,,,,,,,
weekly,25.0,Clean Sheets,7,qocqs3wjme34472y,KindComet,2.0,starter_clean_sheets,Weekly starter clean sheets.,,,,,,,,133.5,,,,,,,,,,,,,,,,,,,,,,,,,,,,
weekly,25.0,Clean Sheets,8,ne94j2bxme0vsmkq,Pot Splashers,2.0,starter_clean_sheets,Weekly starter clean sheets.,,,,,,,,128.5,,,,,,,,,,,,,,,,,,,,,,,,,,,,
weekly,25.0,Clean Sheets,9,zf53q9hdme32qmoe,Robertske,2.0,starter_clean_sheets,Weekly starter clean sheets.,,,,,,,,98.5,,,,,,,,,,,,,,,,,,,,,,,,,,,,
weekly,25.0,Clean Sheets,10,ih2b4z8ome1job2n,nhauptma,2.0,starter_clean_sheets,Weekly starter clean sheets.,,,,,,,,100.5,,,,,,,,,,,,,,,,,,,,,,,,,,,,
weekly,25.0,Clean Sheets,11,avv7b4d5me2tlsrt,wmuck1,2.0,starter_clean_sheets,Weekly starter clean sheets.,,,,,,,,100.0,,,,,,,,,,,,,,,,,,,,,,,,,,,,
weekly,25.0,Clean Sheets,12,fm7cv4p0me3j48nk,The Facerockers,1.0,starter_clean_sheets,Weekly starter clean sheets.,,,,,,,,66.5,,,,,,,,,,,,,,,,,,,,,,,,,,,,
weekly,26.0,Clean Sheets,1,ss2dromsme3cbmga,Berkshire’s Club,4.0,starter_clean_sheets,Weekly starter clean sheets.,,,,,,,,154.5,,,,,,,,,,,,,,,,,,,,,,,,,,,,
weekly,26.0,Clean Sheets,2,0t8m7z91mdhjhvye,SUNNYD,4.0,starter_clean_sheets,Weekly starter clean sheets.,,,,,,,,111.5,,,,,,,,,,,,,,,,,,,,,,,,,,,,
weekly,26.0,Clean Sheets,3,fm7cv4p0me3j48nk,The Facerockers,4.0,starter_clean_sheets,Weekly starter clean sheets.,,,,,,,,104.5,,,,,,,,,,,,,,,,,,,,,,,,,,,,
weekly,26.0,Clean Sheets,4,zf53q9hdme32qmoe,Robertske,3.0,starter_clean_sheets,Weekly starter clean sheets.,,,,,,,,73.5,,,,,,,,,,,,,,,,,,,,,,,,,,,,
weekly,26.0,Clean Sheets,5,xnt9wpm9me0us0r4,yudesh,3.0,starter_clean_sheets,Weekly starter clean sheets.,,,,,,,,63.5,,,,,,,,,,,,,,,,,,,,,,,,,,,,
weekly,26.0,Clean Sheets,6,zxivny5tme3hojrx,Count Doku,2.0,starter_clean_sheets,Weekly starter clean sheets.,,,,,,,,107.0,,,,,,,,,,,,,,,,,,,,,,,,,,,,
weekly,26.0,Clean Sheets,7,116s0o6ume0s7s58,Up the Arse-nal,2.0,starter_clean_sheets,Weekly starter clean sheets.,,,,,,,,74.0,,,,,,,,,,,,,,,,,,,,,,,,,,,,
weekly,26.0,Clean Sheets,8,ih2b4z8ome1job2n,nhauptma,2.0,starter_clean_sheets,Weekly starter clean sheets.,,,,,,,,76.0,,,,,,,,,,,,,,,,,,,,,,,,,,,,
weekly,26.0,Clean Sheets,9,qocqs3wjme34472y,KindComet,1.0,starter_clean_sheets,Weekly starter clean sheets.,,,,,,,,92.0,,,,,,,,,,,,,,,,,,,,,,,,,,,,
weekly,26.0,Clean Sheets,10,ne94j2bxme0vsmkq,Pot Splashers,1.0,starter_clean_sheets,Weekly starter clean sheets.,,,,,,,,113.0,,,,,,,,,,,,,,,,,,,,,,,,,,,,
weekly,26.0,Clean Sheets,11,eaz9h4hfme2wdh8p,epatel3,1.0,starter_clean_sheets,Weekly starter clean sheets.,,,,,,,,110.5,,,,,,,,,,,,,,,,,,,,,,,,,,,,
weekly,26.0,Clean Sheets,12,avv7b4d5me2tlsrt,wmuck1,1.0,starter_clean_sheets,Weekly starter clean sheets.,,,,,,,,65.5,,,,,,,,,,,,,,,,,,,,,,,,,,,,
weekly,27.0,Clean Sheets,1,avv7b4d5me2tlsrt,wmuck1,8.0,starter_clean_sheets,Weekly starter clean sheets.,,,,,,,,90.0,,,,,,,,,,,,,,,,,,,,,,,,,,,,
weekly,27.0,Clean Sheets,2,fm7cv4p0me3j48nk,The Facerockers,7.0,starter_clean_sheets,Weekly starter clean sheets.,,,,,,,,139.0,,,,,,,,,,,,,,,,,,,,,,,,,,,,
weekly,27.0,Clean Sheets,3,ss2dromsme3cbmga,Berkshire’s Club,5.0,starter_clean_sheets,Weekly starter clean sheets.,,,,,,,,111.0,,,,,,,,,,,,,,,,,,,,,,,,,,,,
weekly,27.0,Clean Sheets,4,ne94j2bxme0vsmkq,Pot Splashers,5.0,starter_clean_sheets,Weekly starter clean sheets.,,,,,,,,96.5,,,,,,,,,,,,,,,,,,,,,,,,,,,,
weekly,27.0,Clean Sheets,5,ih2b4z8ome1job2n,nhauptma,5.0,starter_clean_sheets,Weekly starter clean sheets.,,,,,,,,156.5,,,,,,,,,,,,,,,,,,,,,,,,,,,,
weekly,27.0,Clean Sheets,6,116s0o6ume0s7s58,Up the Arse-nal,4.0,starter_clean_sheets,Weekly starter clean sheets.,,,,,,,,87.5,,,,,,,,,,,,,,,,,,,,,,,,,,,,
weekly,27.0,Clean Sheets,7,eaz9h4hfme2wdh8p,epatel3,4.0,starter_clean_sheets,Weekly starter clean sheets.,,,,,,,,116.0,,,,,,,,,,,,,,,,,,,,,,,,,,,,
weekly,27.0,Clean Sheets,8,zxivny5tme3hojrx,Count Doku,3.0,starter_clean_sheets,Weekly starter clean sheets.,,,,,,,,90.5,,,,,,,,,,,,,,,,,,,,,,,,,,,,
weekly,27.0,Clean Sheets,9,qocqs3wjme34472y,KindComet,3.0,starter_clean_sheets,Weekly starter clean sheets.,,,,,,,,72.5,,,,,,,,,,,,,,,,,,,,,,,,,,,,
weekly,27.0,Clean Sheets,10,zf53q9hdme32qmoe,Robertske,3.0,starter_clean_sheets,Weekly starter clean sheets.,,,,,,,,102.5,,,,,,,,,,,,,,,,,,,,,,,,,,,,
weekly,27.0,Clean Sheets,11,0t8m7z91mdhjhvye,SUNNYD,3.0,starter_clean_sheets,Weekly starter clean sheets.,,,,,,,,100.5,,,,,,,,,,,,,,,,,,,,,,,,,,,,
weekly,27.0,Clean Sheets,12,xnt9wpm9me0us0r4,yudesh,3.0,starter_clean_sheets,Weekly starter clean sheets.,,,,,,,,90.0,,,,,,,,,,,,,,,,,,,,,,,,,,,,
weekly,28.0,Clean Sheets,1,0t8m7z91mdhjhvye,SUNNYD,3.0,starter_clean_sheets,Weekly starter clean sheets.,,,,,,,,121.0,,,,,,,,,,,,,,,,,,,,,,,,,,,,
weekly,28.0,Clean Sheets,2,ss2dromsme3cbmga,Berkshire’s Club,2.0,starter_clean_sheets,Weekly starter clean sheets.,,,,,,,,133.0,,,,,,,,,,,,,,,,,,,,,,,,,,,,
weekly,28.0,Clean Sheets,3,zf53q9hdme32qmoe,Robertske,2.0,starter_clean_sheets,Weekly starter clean sheets.,,,,,,,,30.0,,,,,,,,,,,,,,,,,,,,,,,,,,,,
weekly,28.0,Clean Sheets,4,ih2b4z8ome1job2n,nhauptma,2.0,starter_clean_sheets,Weekly starter clean sheets.,,,,,,,,147.0,,,,,,,,,,,,,,,,,,,,,,,,,,,,
weekly,28.0,Clean Sheets,5,fm7cv4p0me3j48nk,The Facerockers,1.0,starter_clean_sheets,Weekly starter clean sheets.,,,,,,,,85.5,,,,,,,,,,,,,,,,,,,,,,,,,,,,
weekly,28.0,Clean Sheets,6,eaz9h4hfme2wdh8p,epatel3,1.0,starter_clean_sheets,Weekly starter clean sheets.,,,,,,,,122.5,,,,,,,,,,,,,,,,,,,,,,,,,,,,
weekly,28.0,Clean Sheets,7,xnt9wpm9me0us0r4,yudesh,1.0,starter_clean_sheets,Weekly starter clean sheets.,,,,,,,,81.5,,,,,,,,,,,,,,,,,,,,,,,,,,,,
weekly,28.0,Clean Sheets,8,zxivny5tme3hojrx,Count Doku,0.0,starter_clean_sheets,Weekly starter clean sheets.,,,,,,,,45.5,,,,,,,,,,,,,,,,,,,,,,,,,,,,
weekly,28.0,Clean Sheets,9,qocqs3wjme34472y,KindComet,0.0,starter_clean_sheets,Weekly starter clean sheets.,,,,,,,,91.0,,,,,,,,,,,,,,,,,,,,,,,,,,,,
weekly,28.0,Clean Sheets,10,ne94j2bxme0vsmkq,Pot Splashers,0.0,starter_clean_sheets,Weekly starter clean sheets.,,,,,,,,111.5,,,,,,,,,,,,,,,,,,,,,,,,,,,,
weekly,28.0,Clean Sheets,11,116s0o6ume0s7s58,Up the Arse-nal,0.0,starter_clean_sheets,Weekly starter clean sheets.,,,,,,,,157.5,,,,,,,,,,,,,,,,,,,,,,,,,,,,
weekly,28.0,Clean Sheets,12,avv7b4d5me2tlsrt,wmuck1,0.0,starter_clean_sheets,Weekly starter clean sheets.,,,,,,,,103.5,,,,,,,,,,,,,,,,,,,,,,,,,,,,
weekly,29.0,Clean Sheets,1,116s0o6ume0s7s58,Up the Arse-nal,7.0,starter_clean_sheets,Weekly starter clean sheets.,,,,,,,,134.0,,,,,,,,,,,,,,,,,,,,,,,,,,,,
weekly,29.0,Clean Sheets,2,0t8m7z91mdhjhvye,SUNNYD,6.0,starter_clean_sheets,Weekly starter clean sheets.,,,,,,,,124.5,,,,,,,,,,,,,,,,,,,,,,,,,,,,
weekly,29.0,Clean Sheets,3,eaz9h4hfme2wdh8p,epatel3,6.0,starter_clean_sheets,Weekly starter clean sheets.,,,,,,,,128.0,,,,,,,,,,,,,,,,,,,,,,,,,,,,
weekly,29.0,Clean Sheets,4,zxivny5tme3hojrx,Count Doku,4.0,starter_clean_sheets,Weekly starter clean sheets.,,,,,,,,120.5,,,,,,,,,,,,,,,,,,,,,,,,,,,,
weekly,29.0,Clean Sheets,5,xnt9wpm9me0us0r4,yudesh,4.0,starter_clean_sheets,Weekly starter clean sheets.,,,,,,,,105.5,,,,,,,,,,,,,,,,,,,,,,,,,,,,
weekly,29.0,Clean Sheets,6,qocqs3wjme34472y,KindComet,3.0,starter_clean_sheets,Weekly starter clean sheets.,,,,,,,,72.0,,,,,,,,,,,,,,,,,,,,,,,,,,,,
weekly,29.0,Clean Sheets,7,ne94j2bxme0vsmkq,Pot Splashers,3.0,starter_clean_sheets,Weekly starter clean sheets.,,,,,,,,85.5,,,,,,,,,,,,,,,,,,,,,,,,,,,,
weekly,29.0,Clean Sheets,8,ih2b4z8ome1job2n,nhauptma,3.0,starter_clean_sheets,Weekly starter clean sheets.,,,,,,,,105.5,,,,,,,,,,,,,,,,,,,,,,,,,,,,
weekly,29.0,Clean Sheets,9,ss2dromsme3cbmga,Berkshire’s Club,2.0,starter_clean_sheets,Weekly starter clean sheets.,,,,,,,,142.5,,,,,,,,,,,,,,,,,,,,,,,,,,,,
weekly,29.0,Clean Sheets,10,fm7cv4p0me3j48nk,The Facerockers,2.0,starter_clean_sheets,Weekly starter clean sheets.,,,,,,,,78.0,,,,,,,,,,,,,,,,,,,,,,,,,,,,
weekly,29.0,Clean Sheets,11,avv7b4d5me2tlsrt,wmuck1,2.0,starter_clean_sheets,Weekly starter clean sheets.,,,,,,,,58.5,,,,,,,,,,,,,,,,,,,,,,,,,,,,
weekly,29.0,Clean Sheets,12,zf53q9hdme32qmoe,Robertske,0.0,starter_clean_sheets,Weekly starter clean sheets.,,,,,,,,50.5,,,,,,,,,,,,,,,,,,,,,,,,,,,,
weekly,30.0,Clean Sheets,1,xnt9wpm9me0us0r4,yudesh,7.0,starter_clean_sheets,Weekly starter clean sheets.,,,,,,,,142.0,,,,,,,,,,,,,,,,,,,,,,,,,,,,
weekly,30.0,Clean Sheets,2,ne94j2bxme0vsmkq,Pot Splashers,6.0,starter_clean_sheets,Weekly starter clean sheets.,,,,,,,,105.5,,,,,,,,,,,,,,,,,,,,,,,,,,,,
weekly,30.0,Clean Sheets,3,fm7cv4p0me3j48nk,The Facerockers,6.0,starter_clean_sheets,Weekly starter clean sheets.,,,,,,,,118.0,,,,,,,,,,,,,,,,,,,,,,,,,,,,
weekly,30.0,Clean Sheets,4,eaz9h4hfme2wdh8p,epatel3,6.0,starter_clean_sheets,Weekly starter clean sheets.,,,,,,,,140.5,,,,,,,,,,,,,,,,,,,,,,,,,,,,
weekly,30.0,Clean Sheets,5,qocqs3wjme34472y,KindComet,5.0,starter_clean_sheets,Weekly starter clean sheets.,,,,,,,,116.5,,,,,,,,,,,,,,,,,,,,,,,,,,,,
weekly,30.0,Clean Sheets,6,0t8m7z91mdhjhvye,SUNNYD,4.0,starter_clean_sheets,Weekly starter clean sheets.,,,,,,,,103.0,,,,,,,,,,,,,,,,,,,,,,,,,,,,
weekly,30.0,Clean Sheets,7,avv7b4d5me2tlsrt,wmuck1,4.0,starter_clean_sheets,Weekly starter clean sheets.,,,,,,,,100.5,,,,,,,,,,,,,,,,,,,,,,,,,,,,
weekly,30.0,Clean Sheets,8,ss2dromsme3cbmga,Berkshire’s Club,3.0,starter_clean_sheets,Weekly starter clean sheets.,,,,,,,,89.5,,,,,,,,,,,,,,,,,,,,,,,,,,,,
weekly,30.0,Clean Sheets,9,zxivny5tme3hojrx,Count Doku,3.0,starter_clean_sheets,Weekly starter clean sheets.,,,,,,,,104.5,,,,,,,,,,,,,,,,,,,,,,,,,,,,
weekly,30.0,Clean Sheets,10,ih2b4z8ome1job2n,nhauptma,3.0,starter_clean_sheets,Weekly starter clean sheets.,,,,,,,,72.0,,,,,,,,,,,,,,,,,,,,,,,,,,,,
weekly,30.0,Clean Sheets,11,116s0o6ume0s7s58,Up the Arse-nal,2.0,starter_clean_sheets,Weekly starter clean sheets.,,,,,,,,69.0,,,,,,,,,,,,,,,,,,,,,,,,,,,,
weekly,30.0,Clean Sheets,12,zf53q9hdme32qmoe,Robertske,1.0,starter_clean_sheets,Weekly starter clean sheets.,,,,,,,,61.0,,,,,,,,,,,,,,,,,,,,,,,,,,,,
weekly,31.0,Clean Sheets,1,zxivny5tme3hojrx,Count Doku,4.0,starter_clean_sheets,Weekly starter clean sheets.,,,,,,,,134.0,,,,,,,,,,,,,,,,,,,,,,,,,,,,
weekly,31.0,Clean Sheets,2,ss2dromsme3cbmga,Berkshire’s Club,3.0,starter_clean_sheets,Weekly starter clean sheets.,,,,,,,,99.5,,,,,,,,,,,,,,,,,,,,,,,,,,,,
weekly,31.0,Clean Sheets,3,0t8m7z91mdhjhvye,SUNNYD,3.0,starter_clean_sheets,Weekly starter clean sheets.,,,,,,,,50.0,,,,,,,,,,,,,,,,,,,,,,,,,,,,
weekly,31.0,Clean Sheets,4,116s0o6ume0s7s58,Up the Arse-nal,3.0,starter_clean_sheets,Weekly starter clean sheets.,,,,,,,,126.5,,,,,,,,,,,,,,,,,,,,,,,,,,,,
weekly,31.0,Clean Sheets,5,eaz9h4hfme2wdh8p,epatel3,3.0,starter_clean_sheets,Weekly starter clean sheets.,,,,,,,,74.5,,,,,,,,,,,,,,,,,,,,,,,,,,,,
weekly,31.0,Clean Sheets,6,avv7b4d5me2tlsrt,wmuck1,3.0,starter_clean_sheets,Weekly starter clean sheets.,,,,,,,,111.0,,,,,,,,,,,,,,,,,,,,,,,,,,,,
weekly,31.0,Clean Sheets,7,xnt9wpm9me0us0r4,yudesh,3.0,starter_clean_sheets,Weekly starter clean sheets.,,,,,,,,96.0,,,,,,,,,,,,,,,,,,,,,,,,,,,,
weekly,31.0,Clean Sheets,8,qocqs3wjme34472y,KindComet,2.0,starter_clean_sheets,Weekly starter clean sheets.,,,,,,,,101.0,,,,,,,,,,,,,,,,,,,,,,,,,,,,
weekly,31.0,Clean Sheets,9,fm7cv4p0me3j48nk,The Facerockers,2.0,starter_clean_sheets,Weekly starter clean sheets.,,,,,,,,90.5,,,,,,,,,,,,,,,,,,,,,,,,,,,,
weekly,31.0,Clean Sheets,10,ih2b4z8ome1job2n,nhauptma,2.0,starter_clean_sheets,Weekly starter clean sheets.,,,,,,,,59.5,,,,,,,,,,,,,,,,,,,,,,,,,,,,
weekly,31.0,Clean Sheets,11,ne94j2bxme0vsmkq,Pot Splashers,1.0,starter_clean_sheets,Weekly starter clean sheets.,,,,,,,,94.5,,,,,,,,,,,,,,,,,,,,,,,,,,,,
weekly,31.0,Clean Sheets,12,zf53q9hdme32qmoe,Robertske,0.0,starter_clean_sheets,Weekly starter clean sheets.,,,,,,,,10.5,,,,,,,,,,,,,,,,,,,,,,,,,,,,
weekly,32.0,Clean Sheets,1,fm7cv4p0me3j48nk,The Facerockers,6.0,starter_clean_sheets,Weekly starter clean sheets.,,,,,,,,113.5,,,,,,,,,,,,,,,,,,,,,,,,,,,,
weekly,32.0,Clean Sheets,2,ss2dromsme3cbmga,Berkshire’s Club,5.0,starter_clean_sheets,Weekly starter clean sheets.,,,,,,,,141.5,,,,,,,,,,,,,,,,,,,,,,,,,,,,
weekly,32.0,Clean Sheets,3,zf53q9hdme32qmoe,Robertske,4.0,starter_clean_sheets,Weekly starter clean sheets.,,,,,,,,79.5,,,,,,,,,,,,,,,,,,,,,,,,,,,,
weekly,32.0,Clean Sheets,4,0t8m7z91mdhjhvye,SUNNYD,4.0,starter_clean_sheets,Weekly starter clean sheets.,,,,,,,,134.0,,,,,,,,,,,,,,,,,,,,,,,,,,,,
weekly,32.0,Clean Sheets,5,zxivny5tme3hojrx,Count Doku,3.0,starter_clean_sheets,Weekly starter clean sheets.,,,,,,,,117.0,,,,,,,,,,,,,,,,,,,,,,,,,,,,
weekly,32.0,Clean Sheets,6,ne94j2bxme0vsmkq,Pot Splashers,3.0,starter_clean_sheets,Weekly starter clean sheets.,,,,,,,,99.5,,,,,,,,,,,,,,,,,,,,,,,,,,,,
weekly,32.0,Clean Sheets,7,avv7b4d5me2tlsrt,wmuck1,3.0,starter_clean_sheets,Weekly starter clean sheets.,,,,,,,,73.5,,,,,,,,,,,,,,,,,,,,,,,,,,,,
weekly,32.0,Clean Sheets,8,116s0o6ume0s7s58,Up the Arse-nal,2.0,starter_clean_sheets,Weekly starter clean sheets.,,,,,,,,91.0,,,,,,,,,,,,,,,,,,,,,,,,,,,,
weekly,32.0,Clean Sheets,9,eaz9h4hfme2wdh8p,epatel3,2.0,starter_clean_sheets,Weekly starter clean sheets.,,,,,,,,142.5,,,,,,,,,,,,,,,,,,,,,,,,,,,,
weekly,32.0,Clean Sheets,10,xnt9wpm9me0us0r4,yudesh,2.0,starter_clean_sheets,Weekly starter clean sheets.,,,,,,,,95.0,,,,,,,,,,,,,,,,,,,,,,,,,,,,
weekly,32.0,Clean Sheets,11,qocqs3wjme34472y,KindComet,1.0,starter_clean_sheets,Weekly starter clean sheets.,,,,,,,,148.5,,,,,,,,,,,,,,,,,,,,,,,,,,,,
weekly,32.0,Clean Sheets,12,ih2b4z8ome1job2n,nhauptma,1.0,starter_clean_sheets,Weekly starter clean sheets.,,,,,,,,57.5,,,,,,,,,,,,,,,,,,,,,,,,,,,,
weekly,33.0,Clean Sheets,1,0t8m7z91mdhjhvye,SUNNYD,7.0,starter_clean_sheets,Weekly starter clean sheets.,,,,,,,,150.5,,,,,,,,,,,,,,,,,,,,,,,,,,,,
weekly,33.0,Clean Sheets,2,116s0o6ume0s7s58,Up the Arse-nal,6.0,starter_clean_sheets,Weekly starter clean sheets.,,,,,,,,112.0,,,,,,,,,,,,,,,,,,,,,,,,,,,,
weekly,33.0,Clean Sheets,3,zxivny5tme3hojrx,Count Doku,5.0,starter_clean_sheets,Weekly starter clean sheets.,,,,,,,,129.5,,,,,,,,,,,,,,,,,,,,,,,,,,,,
weekly,33.0,Clean Sheets,4,qocqs3wjme34472y,KindComet,5.0,starter_clean_sheets,Weekly starter clean sheets.,,,,,,,,184.0,,,,,,,,,,,,,,,,,,,,,,,,,,,,
weekly,33.0,Clean Sheets,5,ih2b4z8ome1job2n,nhauptma,5.0,starter_clean_sheets,Weekly starter clean sheets.,,,,,,,,171.5,,,,,,,,,,,,,,,,,,,,,,,,,,,,
weekly,33.0,Clean Sheets,6,avv7b4d5me2tlsrt,wmuck1,5.0,starter_clean_sheets,Weekly starter clean sheets.,,,,,,,,156.5,,,,,,,,,,,,,,,,,,,,,,,,,,,,
weekly,33.0,Clean Sheets,7,ss2dromsme3cbmga,Berkshire’s Club,4.0,starter_clean_sheets,Weekly starter clean sheets.,,,,,,,,115.0,,,,,,,,,,,,,,,,,,,,,,,,,,,,
weekly,33.0,Clean Sheets,8,zf53q9hdme32qmoe,Robertske,4.0,starter_clean_sheets,Weekly starter clean sheets.,,,,,,,,144.0,,,,,,,,,,,,,,,,,,,,,,,,,,,,
weekly,33.0,Clean Sheets,9,ne94j2bxme0vsmkq,Pot Splashers,3.0,starter_clean_sheets,Weekly starter clean sheets.,,,,,,,,134.5,,,,,,,,,,,,,,,,,,,,,,,,,,,,
weekly,33.0,Clean Sheets,10,fm7cv4p0me3j48nk,The Facerockers,3.0,starter_clean_sheets,Weekly starter clean sheets.,,,,,,,,184.5,,,,,,,,,,,,,,,,,,,,,,,,,,,,
weekly,33.0,Clean Sheets,11,xnt9wpm9me0us0r4,yudesh,3.0,starter_clean_sheets,Weekly starter clean sheets.,,,,,,,,130.0,,,,,,,,,,,,,,,,,,,,,,,,,,,,
weekly,33.0,Clean Sheets,12,eaz9h4hfme2wdh8p,epatel3,2.0,starter_clean_sheets,Weekly starter clean sheets.,,,,,,,,103.0,,,,,,,,,,,,,,,,,,,,,,,,,,,,
weekly,34.0,Clean Sheets,1,zxivny5tme3hojrx,Count Doku,6.0,starter_clean_sheets,Weekly starter clean sheets.,,,,,,,,121.5,,,,,,,,,,,,,,,,,,,,,,,,,,,,
weekly,34.0,Clean Sheets,2,eaz9h4hfme2wdh8p,epatel3,4.0,starter_clean_sheets,Weekly starter clean sheets.,,,,,,,,121.5,,,,,,,,,,,,,,,,,,,,,,,,,,,,
weekly,34.0,Clean Sheets,3,ss2dromsme3cbmga,Berkshire’s Club,3.0,starter_clean_sheets,Weekly starter clean sheets.,,,,,,,,100.5,,,,,,,,,,,,,,,,,,,,,,,,,,,,
weekly,34.0,Clean Sheets,4,fm7cv4p0me3j48nk,The Facerockers,3.0,starter_clean_sheets,Weekly starter clean sheets.,,,,,,,,93.5,,,,,,,,,,,,,,,,,,,,,,,,,,,,
weekly,34.0,Clean Sheets,5,0t8m7z91mdhjhvye,SUNNYD,2.0,starter_clean_sheets,Weekly starter clean sheets.,,,,,,,,65.0,,,,,,,,,,,,,,,,,,,,,,,,,,,,
weekly,34.0,Clean Sheets,6,116s0o6ume0s7s58,Up the Arse-nal,2.0,starter_clean_sheets,Weekly starter clean sheets.,,,,,,,,107.0,,,,,,,,,,,,,,,,,,,,,,,,,,,,
weekly,34.0,Clean Sheets,7,ih2b4z8ome1job2n,nhauptma,2.0,starter_clean_sheets,Weekly starter clean sheets.,,,,,,,,59.5,,,,,,,,,,,,,,,,,,,,,,,,,,,,
weekly,34.0,Clean Sheets,8,ne94j2bxme0vsmkq,Pot Splashers,1.0,starter_clean_sheets,Weekly starter clean sheets.,,,,,,,,94.5,,,,,,,,,,,,,,,,,,,,,,,,,,,,
weekly,34.0,Clean Sheets,9,xnt9wpm9me0us0r4,yudesh,1.0,starter_clean_sheets,Weekly starter clean sheets.,,,,,,,,80.0,,,,,,,,,,,,,,,,,,,,,,,,,,,,
weekly,34.0,Clean Sheets,10,qocqs3wjme34472y,KindComet,0.0,starter_clean_sheets,Weekly starter clean sheets.,,,,,,,,24.0,,,,,,,,,,,,,,,,,,,,,,,,,,,,
weekly,34.0,Clean Sheets,11,zf53q9hdme32qmoe,Robertske,0.0,starter_clean_sheets,Weekly starter clean sheets.,,,,,,,,20.0,,,,,,,,,,,,,,,,,,,,,,,,,,,,
weekly,34.0,Clean Sheets,12,avv7b4d5me2tlsrt,wmuck1,0.0,starter_clean_sheets,Weekly starter clean sheets.,,,,,,,,44.5,,,,,,,,,,,,,,,,,,,,,,,,,,,,
weekly,35.0,Clean Sheets,1,116s0o6ume0s7s58,Up the Arse-nal,5.0,starter_clean_sheets,Weekly starter clean sheets.,,,,,,,,114.0,,,,,,,,,,,,,,,,,,,,,,,,,,,,
weekly,35.0,Clean Sheets,2,0t8m7z91mdhjhvye,SUNNYD,4.0,starter_clean_sheets,Weekly starter clean sheets.,,,,,,,,127.0,,,,,,,,,,,,,,,,,,,,,,,,,,,,
weekly,35.0,Clean Sheets,3,zxivny5tme3hojrx,Count Doku,3.0,starter_clean_sheets,Weekly starter clean sheets.,,,,,,,,115.5,,,,,,,,,,,,,,,,,,,,,,,,,,,,
weekly,35.0,Clean Sheets,4,eaz9h4hfme2wdh8p,epatel3,3.0,starter_clean_sheets,Weekly starter clean sheets.,,,,,,,,107.5,,,,,,,,,,,,,,,,,,,,,,,,,,,,
weekly,35.0,Clean Sheets,5,qocqs3wjme34472y,KindComet,2.0,starter_clean_sheets,Weekly starter clean sheets.,,,,,,,,78.0,,,,,,,,,,,,,,,,,,,,,,,,,,,,
weekly,35.0,Clean Sheets,6,ne94j2bxme0vsmkq,Pot Splashers,2.0,starter_clean_sheets,Weekly starter clean sheets.,,,,,,,,77.0,,,,,,,,,,,,,,,,,,,,,,,,,,,,
weekly,35.0,Clean Sheets,7,ss2dromsme3cbmga,Berkshire’s Club,1.0,starter_clean_sheets,Weekly starter clean sheets.,,,,,,,,143.0,,,,,,,,,,,,,,,,,,,,,,,,,,,,
weekly,35.0,Clean Sheets,8,zf53q9hdme32qmoe,Robertske,1.0,starter_clean_sheets,Weekly starter clean sheets.,,,,,,,,86.0,,,,,,,,,,,,,,,,,,,,,,,,,,,,
weekly,35.0,Clean Sheets,9,fm7cv4p0me3j48nk,The Facerockers,1.0,starter_clean_sheets,Weekly starter clean sheets.,,,,,,,,78.5,,,,,,,,,,,,,,,,,,,,,,,,,,,,
weekly,35.0,Clean Sheets,10,ih2b4z8ome1job2n,nhauptma,1.0,starter_clean_sheets,Weekly starter clean sheets.,,,,,,,,87.5,,,,,,,,,,,,,,,,,,,,,,,,,,,,
weekly,35.0,Clean Sheets,11,avv7b4d5me2tlsrt,wmuck1,1.0,starter_clean_sheets,Weekly starter clean sheets.,,,,,,,,80.0,,,,,,,,,,,,,,,,,,,,,,,,,,,,
weekly,35.0,Clean Sheets,12,xnt9wpm9me0us0r4,yudesh,1.0,starter_clean_sheets,Weekly starter clean sheets.,,,,,,,,73.5,,,,,,,,,,,,,,,,,,,,,,,,,,,,
weekly,36.0,Clean Sheets,1,0t8m7z91mdhjhvye,SUNNYD,8.0,starter_clean_sheets,Weekly starter clean sheets.,,,,,,,,114.0,,,,,,,,,,,,,,,,,,,,,,,,,,,,
weekly,36.0,Clean Sheets,2,zf53q9hdme32qmoe,Robertske,6.0,starter_clean_sheets,Weekly starter clean sheets.,,,,,,,,167.5,,,,,,,,,,,,,,,,,,,,,,,,,,,,
weekly,36.0,Clean Sheets,3,eaz9h4hfme2wdh8p,epatel3,6.0,starter_clean_sheets,Weekly starter clean sheets.,,,,,,,,112.0,,,,,,,,,,,,,,,,,,,,,,,,,,,,
weekly,36.0,Clean Sheets,4,ss2dromsme3cbmga,Berkshire’s Club,4.0,starter_clean_sheets,Weekly starter clean sheets.,,,,,,,,148.0,,,,,,,,,,,,,,,,,,,,,,,,,,,,
weekly,36.0,Clean Sheets,5,fm7cv4p0me3j48nk,The Facerockers,4.0,starter_clean_sheets,Weekly starter clean sheets.,,,,,,,,93.0,,,,,,,,,,,,,,,,,,,,,,,,,,,,
weekly,36.0,Clean Sheets,6,116s0o6ume0s7s58,Up the Arse-nal,4.0,starter_clean_sheets,Weekly starter clean sheets.,,,,,,,,98.0,,,,,,,,,,,,,,,,,,,,,,,,,,,,
weekly,36.0,Clean Sheets,7,avv7b4d5me2tlsrt,wmuck1,4.0,starter_clean_sheets,Weekly starter clean sheets.,,,,,,,,109.5,,,,,,,,,,,,,,,,,,,,,,,,,,,,
weekly,36.0,Clean Sheets,8,zxivny5tme3hojrx,Count Doku,3.0,starter_clean_sheets,Weekly starter clean sheets.,,,,,,,,107.5,,,,,,,,,,,,,,,,,,,,,,,,,,,,
weekly,36.0,Clean Sheets,9,qocqs3wjme34472y,KindComet,3.0,starter_clean_sheets,Weekly starter clean sheets.,,,,,,,,132.0,,,,,,,,,,,,,,,,,,,,,,,,,,,,
weekly,36.0,Clean Sheets,10,ne94j2bxme0vsmkq,Pot Splashers,3.0,starter_clean_sheets,Weekly starter clean sheets.,,,,,,,,73.5,,,,,,,,,,,,,,,,,,,,,,,,,,,,
weekly,36.0,Clean Sheets,11,ih2b4z8ome1job2n,nhauptma,3.0,starter_clean_sheets,Weekly starter clean sheets.,,,,,,,,104.5,,,,,,,,,,,,,,,,,,,,,,,,,,,,
weekly,36.0,Clean Sheets,12,xnt9wpm9me0us0r4,yudesh,2.0,starter_clean_sheets,Weekly starter clean sheets.,,,,,,,,102.5,,,,,,,,,,,,,,,,,,,,,,,,,,,,
weekly,37.0,Clean Sheets,1,eaz9h4hfme2wdh8p,epatel3,4.0,starter_clean_sheets,Weekly starter clean sheets.,,,,,,,,63.0,,,,,,,,,,,,,,,,,,,,,,,,,,,,
weekly,37.0,Clean Sheets,2,0t8m7z91mdhjhvye,SUNNYD,3.0,starter_clean_sheets,Weekly starter clean sheets.,,,,,,,,84.0,,,,,,,,,,,,,,,,,,,,,,,,,,,,
weekly,37.0,Clean Sheets,3,ne94j2bxme0vsmkq,Pot Splashers,2.0,starter_clean_sheets,Weekly starter clean sheets.,,,,,,,,66.5,,,,,,,,,,,,,,,,,,,,,,,,,,,,
weekly,37.0,Clean Sheets,4,fm7cv4p0me3j48nk,The Facerockers,2.0,starter_clean_sheets,Weekly starter clean sheets.,,,,,,,,93.0,,,,,,,,,,,,,,,,,,,,,,,,,,,,
weekly,37.0,Clean Sheets,5,116s0o6ume0s7s58,Up the Arse-nal,2.0,starter_clean_sheets,Weekly starter clean sheets.,,,,,,,,103.5,,,,,,,,,,,,,,,,,,,,,,,,,,,,
weekly,37.0,Clean Sheets,6,ih2b4z8ome1job2n,nhauptma,2.0,starter_clean_sheets,Weekly starter clean sheets.,,,,,,,,63.0,,,,,,,,,,,,,,,,,,,,,,,,,,,,
weekly,37.0,Clean Sheets,7,avv7b4d5me2tlsrt,wmuck1,2.0,starter_clean_sheets,Weekly starter clean sheets.,,,,,,,,84.0,,,,,,,,,,,,,,,,,,,,,,,,,,,,
weekly,37.0,Clean Sheets,8,ss2dromsme3cbmga,Berkshire’s Club,1.0,starter_clean_sheets,Weekly starter clean sheets.,,,,,,,,98.0,,,,,,,,,,,,,,,,,,,,,,,,,,,,
weekly,37.0,Clean Sheets,9,qocqs3wjme34472y,KindComet,1.0,starter_clean_sheets,Weekly starter clean sheets.,,,,,,,,144.0,,,,,,,,,,,,,,,,,,,,,,,,,,,,
weekly,37.0,Clean Sheets,10,zf53q9hdme32qmoe,Robertske,1.0,starter_clean_sheets,Weekly starter clean sheets.,,,,,,,,90.5,,,,,,,,,,,,,,,,,,,,,,,,,,,,
weekly,37.0,Clean Sheets,11,zxivny5tme3hojrx,Count Doku,0.0,starter_clean_sheets,Weekly starter clean sheets.,,,,,,,,107.0,,,,,,,,,,,,,,,,,,,,,,,,,,,,
weekly,37.0,Clean Sheets,12,xnt9wpm9me0us0r4,yudesh,0.0,starter_clean_sheets,Weekly starter clean sheets.,,,,,,,,116.5,,,,,,,,,,,,,,,,,,,,,,,,,,,,
weekly,38.0,Clean Sheets,1,0t8m7z91mdhjhvye,SUNNYD,4.0,starter_clean_sheets,Weekly starter clean sheets.,,,,,,,,98.0,,,,,,,,,,,,,,,,,,,,,,,,,,,,
weekly,38.0,Clean Sheets,2,avv7b4d5me2tlsrt,wmuck1,3.0,starter_clean_sheets,Weekly starter clean sheets.,,,,,,,,61.0,,,,,,,,,,,,,,,,,,,,,,,,,,,,
weekly,38.0,Clean Sheets,3,ss2dromsme3cbmga,Berkshire’s Club,2.0,starter_clean_sheets,Weekly starter clean sheets.,,,,,,,,117.5,,,,,,,,,,,,,,,,,,,,,,,,,,,,
weekly,38.0,Clean Sheets,4,116s0o6ume0s7s58,Up the Arse-nal,2.0,starter_clean_sheets,Weekly starter clean sheets.,,,,,,,,91.5,,,,,,,,,,,,,,,,,,,,,,,,,,,,
weekly,38.0,Clean Sheets,5,eaz9h4hfme2wdh8p,epatel3,2.0,starter_clean_sheets,Weekly starter clean sheets.,,,,,,,,77.0,,,,,,,,,,,,,,,,,,,,,,,,,,,,
weekly,38.0,Clean Sheets,6,xnt9wpm9me0us0r4,yudesh,2.0,starter_clean_sheets,Weekly starter clean sheets.,,,,,,,,52.0,,,,,,,,,,,,,,,,,,,,,,,,,,,,
weekly,38.0,Clean Sheets,7,zxivny5tme3hojrx,Count Doku,1.0,starter_clean_sheets,Weekly starter clean sheets.,,,,,,,,77.0,,,,,,,,,,,,,,,,,,,,,,,,,,,,
weekly,38.0,Clean Sheets,8,qocqs3wjme34472y,KindComet,1.0,starter_clean_sheets,Weekly starter clean sheets.,,,,,,,,82.5,,,,,,,,,,,,,,,,,,,,,,,,,,,,
weekly,38.0,Clean Sheets,9,ne94j2bxme0vsmkq,Pot Splashers,1.0,starter_clean_sheets,Weekly starter clean sheets.,,,,,,,,77.5,,,,,,,,,,,,,,,,,,,,,,,,,,,,
weekly,38.0,Clean Sheets,10,fm7cv4p0me3j48nk,The Facerockers,1.0,starter_clean_sheets,Weekly starter clean sheets.,,,,,,,,71.0,,,,,,,,,,,,,,,,,,,,,,,,,,,,
weekly,38.0,Clean Sheets,11,ih2b4z8ome1job2n,nhauptma,1.0,starter_clean_sheets,Weekly starter clean sheets.,,,,,,,,57.0,,,,,,,,,,,,,,,,,,,,,,,,,,,,
weekly,38.0,Clean Sheets,12,zf53q9hdme32qmoe,Robertske,0.0,starter_clean_sheets,Weekly starter clean sheets.,,,,,,,,51.0,,,,,,,,,,,,,,,,,,,,,,,,,,,,
weekly,1.0,Efficiency,1,fm7cv4p0me3j48nk,The Facerockers,97.99,efficiency_pct,Weekly actual points divided by optimal legal lineup points.,,,,,,,,,,,,,2.5,122.0,124.5,,,,,,,,,,,,,,,,,,,,,
weekly,1.0,Efficiency,2,0t8m7z91mdhjhvye,SUNNYD,95.49,efficiency_pct,Weekly actual points divided by optimal legal lineup points.,,,,,,,,,,,,,5.5,116.5,122.0,,,,,,,,,,,,,,,,,,,,,
weekly,1.0,Efficiency,3,xnt9wpm9me0us0r4,yudesh,94.22,efficiency_pct,Weekly actual points divided by optimal legal lineup points.,,,,,,,,,,,,,5.0,81.5,86.5,,,,,,,,,,,,,,,,,,,,,
weekly,1.0,Efficiency,4,qocqs3wjme34472y,KindComet,93.61,efficiency_pct,Weekly actual points divided by optimal legal lineup points.,,,,,,,,,,,,,7.0,102.5,109.5,,,,,,,,,,,,,,,,,,,,,
weekly,1.0,Efficiency,5,ne94j2bxme0vsmkq,Pot Splashers,92.11,efficiency_pct,Weekly actual points divided by optimal legal lineup points.,,,,,,,,,,,,,12.0,140.0,152.0,,,,,,,,,,,,,,,,,,,,,
weekly,1.0,Efficiency,6,avv7b4d5me2tlsrt,wmuck1,88.11,efficiency_pct,Weekly actual points divided by optimal legal lineup points.,,,,,,,,,,,,,11.0,81.5,92.5,,,,,,,,,,,,,,,,,,,,,
weekly,1.0,Efficiency,7,ss2dromsme3cbmga,Berkshire’s Club,85.24,efficiency_pct,Weekly actual points divided by optimal legal lineup points.,,,,,,,,,,,,,15.5,89.5,105.0,,,,,,,,,,,,,,,,,,,,,
weekly,1.0,Efficiency,8,eaz9h4hfme2wdh8p,epatel3,82.76,efficiency_pct,Weekly actual points divided by optimal legal lineup points.,,,,,,,,,,,,,17.5,84.0,101.5,,,,,,,,,,,,,,,,,,,,,
weekly,1.0,Efficiency,9,116s0o6ume0s7s58,Up the Arse-nal,81.82,efficiency_pct,Weekly actual points divided by optimal legal lineup points.,,,,,,,,,,,,,15.0,67.5,82.5,,,,,,,,,,,,,,,,,,,,,
weekly,1.0,Efficiency,10,ih2b4z8ome1job2n,nhauptma,80.39,efficiency_pct,Weekly actual points divided by optimal legal lineup points.,,,,,,,,,,,,,20.0,82.0,102.0,,,,,,,,,,,,,,,,,,,,,
weekly,1.0,Efficiency,11,zxivny5tme3hojrx,Count Doku,78.52,efficiency_pct,Weekly actual points divided by optimal legal lineup points.,,,,,,,,,,,,,30.5,111.5,142.0,,,,,,,,,,,,,,,,,,,,,
weekly,1.0,Efficiency,12,zf53q9hdme32qmoe,Robertske,74.13,efficiency_pct,Weekly actual points divided by optimal legal lineup points.,,,,,,,,,,,,,33.5,96.0,129.5,,,,,,,,,,,,,,,,,,,,,
weekly,2.0,Efficiency,1,ih2b4z8ome1job2n,nhauptma,100.0,efficiency_pct,Weekly actual points divided by optimal legal lineup points.,,,,,,,,,,,,,0.0,117.5,117.5,,,,,,,,,,,,,,,,,,,,,
weekly,2.0,Efficiency,2,116s0o6ume0s7s58,Up the Arse-nal,99.68,efficiency_pct,Weekly actual points divided by optimal legal lineup points.,,,,,,,,,,,,,0.5,155.5,156.0,,,,,,,,,,,,,,,,,,,,,
weekly,2.0,Efficiency,3,xnt9wpm9me0us0r4,yudesh,99.01,efficiency_pct,Weekly actual points divided by optimal legal lineup points.,,,,,,,,,,,,,1.0,100.5,101.5,,,,,,,,,,,,,,,,,,,,,
weekly,2.0,Efficiency,4,avv7b4d5me2tlsrt,wmuck1,96.77,efficiency_pct,Weekly actual points divided by optimal legal lineup points.,,,,,,,,,,,,,2.0,60.0,62.0,,,,,,,,,,,,,,,,,,,,,
weekly,2.0,Efficiency,5,qocqs3wjme34472y,KindComet,94.55,efficiency_pct,Weekly actual points divided by optimal legal lineup points.,,,,,,,,,,,,,5.5,95.5,101.0,,,,,,,,,,,,,,,,,,,,,
weekly,2.0,Efficiency,6,eaz9h4hfme2wdh8p,epatel3,90.91,efficiency_pct,Weekly actual points divided by optimal legal lineup points.,,,,,,,,,,,,,11.0,110.0,121.0,,,,,,,,,,,,,,,,,,,,,
weekly,2.0,Efficiency,7,0t8m7z91mdhjhvye,SUNNYD,83.33,efficiency_pct,Weekly actual points divided by optimal legal lineup points.,,,,,,,,,,,,,20.5,102.5,123.0,,,,,,,,,,,,,,,,,,,,,
weekly,2.0,Efficiency,8,fm7cv4p0me3j48nk,The Facerockers,83.04,efficiency_pct,Weekly actual points divided by optimal legal lineup points.,,,,,,,,,,,,,14.5,71.0,85.5,,,,,,,,,,,,,,,,,,,,,
weekly,2.0,Efficiency,9,ss2dromsme3cbmga,Berkshire’s Club,82.88,efficiency_pct,Weekly actual points divided by optimal legal lineup points.,,,,,,,,,,,,,22.0,106.5,128.5,,,,,,,,,,,,,,,,,,,,,
weekly,2.0,Efficiency,10,zf53q9hdme32qmoe,Robertske,74.59,efficiency_pct,Weekly actual points divided by optimal legal lineup points.,,,,,,,,,,,,,15.5,45.5,61.0,,,,,,,,,,,,,,,,,,,,,
weekly,2.0,Efficiency,11,ne94j2bxme0vsmkq,Pot Splashers,73.23,efficiency_pct,Weekly actual points divided by optimal legal lineup points.,,,,,,,,,,,,,34.0,93.0,127.0,,,,,,,,,,,,,,,,,,,,,
weekly,2.0,Efficiency,12,zxivny5tme3hojrx,Count Doku,72.55,efficiency_pct,Weekly actual points divided by optimal legal lineup points.,,,,,,,,,,,,,21.0,55.5,76.5,,,,,,,,,,,,,,,,,,,,,
weekly,3.0,Efficiency,1,xnt9wpm9me0us0r4,yudesh,97.86,efficiency_pct,Weekly actual points divided by optimal legal lineup points.,,,,,,,,,,,,,2.5,114.5,117.0,,,,,,,,,,,,,,,,,,,,,
weekly,3.0,Efficiency,2,eaz9h4hfme2wdh8p,epatel3,93.89,efficiency_pct,Weekly actual points divided by optimal legal lineup points.,,,,,,,,,,,,,7.0,107.5,114.5,,,,,,,,,,,,,,,,,,,,,
weekly,3.0,Efficiency,3,qocqs3wjme34472y,KindComet,92.17,efficiency_pct,Weekly actual points divided by optimal legal lineup points.,,,,,,,,,,,,,6.5,76.5,83.0,,,,,,,,,,,,,,,,,,,,,
weekly,3.0,Efficiency,4,116s0o6ume0s7s58,Up the Arse-nal,86.61,efficiency_pct,Weekly actual points divided by optimal legal lineup points.,,,,,,,,,,,,,15.0,97.0,112.0,,,,,,,,,,,,,,,,,,,,,
weekly,3.0,Efficiency,5,ne94j2bxme0vsmkq,Pot Splashers,84.47,efficiency_pct,Weekly actual points divided by optimal legal lineup points.,,,,,,,,,,,,,16.0,87.0,103.0,,,,,,,,,,,,,,,,,,,,,
weekly,3.0,Efficiency,6,ih2b4z8ome1job2n,nhauptma,84.4,efficiency_pct,Weekly actual points divided by optimal legal lineup points.,,,,,,,,,,,,,22.0,119.0,141.0,,,,,,,,,,,,,,,,,,,,,
weekly,3.0,Efficiency,7,ss2dromsme3cbmga,Berkshire’s Club,80.72,efficiency_pct,Weekly actual points divided by optimal legal lineup points.,,,,,,,,,,,,,29.5,123.5,153.0,,,,,,,,,,,,,,,,,,,,,
weekly,3.0,Efficiency,8,zf53q9hdme32qmoe,Robertske,79.31,efficiency_pct,Weekly actual points divided by optimal legal lineup points.,,,,,,,,,,,,,18.0,69.0,87.0,,,,,,,,,,,,,,,,,,,,,
weekly,3.0,Efficiency,9,avv7b4d5me2tlsrt,wmuck1,78.43,efficiency_pct,Weekly actual points divided by optimal legal lineup points.,,,,,,,,,,,,,16.5,60.0,76.5,,,,,,,,,,,,,,,,,,,,,
weekly,3.0,Efficiency,10,zxivny5tme3hojrx,Count Doku,76.56,efficiency_pct,Weekly actual points divided by optimal legal lineup points.,,,,,,,,,,,,,15.0,49.0,64.0,,,,,,,,,,,,,,,,,,,,,
weekly,3.0,Efficiency,11,0t8m7z91mdhjhvye,SUNNYD,74.59,efficiency_pct,Weekly actual points divided by optimal legal lineup points.,,,,,,,,,,,,,15.5,45.5,61.0,,,,,,,,,,,,,,,,,,,,,
weekly,3.0,Efficiency,12,fm7cv4p0me3j48nk,The Facerockers,70.47,efficiency_pct,Weekly actual points divided by optimal legal lineup points.,,,,,,,,,,,,,28.5,68.0,96.5,,,,,,,,,,,,,,,,,,,,,
weekly,4.0,Efficiency,1,fm7cv4p0me3j48nk,The Facerockers,99.63,efficiency_pct,Weekly actual points divided by optimal legal lineup points.,,,,,,,,,,,,,0.5,134.5,135.0,,,,,,,,,,,,,,,,,,,,,
weekly,4.0,Efficiency,2,xnt9wpm9me0us0r4,yudesh,99.42,efficiency_pct,Weekly actual points divided by optimal legal lineup points.,,,,,,,,,,,,,0.5,85.5,86.0,,,,,,,,,,,,,,,,,,,,,
weekly,4.0,Efficiency,3,116s0o6ume0s7s58,Up the Arse-nal,95.78,efficiency_pct,Weekly actual points divided by optimal legal lineup points.,,,,,,,,,,,,,3.5,79.5,83.0,,,,,,,,,,,,,,,,,,,,,
weekly,4.0,Efficiency,4,eaz9h4hfme2wdh8p,epatel3,94.26,efficiency_pct,Weekly actual points divided by optimal legal lineup points.,,,,,,,,,,,,,6.0,98.5,104.5,,,,,,,,,,,,,,,,,,,,,
weekly,4.0,Efficiency,5,zxivny5tme3hojrx,Count Doku,94.19,efficiency_pct,Weekly actual points divided by optimal legal lineup points.,,,,,,,,,,,,,4.5,73.0,77.5,,,,,,,,,,,,,,,,,,,,,
weekly,4.0,Efficiency,6,0t8m7z91mdhjhvye,SUNNYD,94.16,efficiency_pct,Weekly actual points divided by optimal legal lineup points.,,,,,,,,,,,,,7.5,121.0,128.5,,,,,,,,,,,,,,,,,,,,,
weekly,4.0,Efficiency,7,qocqs3wjme34472y,KindComet,93.25,efficiency_pct,Weekly actual points divided by optimal legal lineup points.,,,,,,,,,,,,,8.5,117.5,126.0,,,,,,,,,,,,,,,,,,,,,
weekly,4.0,Efficiency,8,avv7b4d5me2tlsrt,wmuck1,89.33,efficiency_pct,Weekly actual points divided by optimal legal lineup points.,,,,,,,,,,,,,8.0,67.0,75.0,,,,,,,,,,,,,,,,,,,,,
weekly,4.0,Efficiency,9,ne94j2bxme0vsmkq,Pot Splashers,88.49,efficiency_pct,Weekly actual points divided by optimal legal lineup points.,,,,,,,,,,,,,14.5,111.5,126.0,,,,,,,,,,,,,,,,,,,,,
weekly,4.0,Efficiency,10,zf53q9hdme32qmoe,Robertske,88.33,efficiency_pct,Weekly actual points divided by optimal legal lineup points.,,,,,,,,,,,,,17.5,132.5,150.0,,,,,,,,,,,,,,,,,,,,,
weekly,4.0,Efficiency,11,ih2b4z8ome1job2n,nhauptma,87.96,efficiency_pct,Weekly actual points divided by optimal legal lineup points.,,,,,,,,,,,,,13.0,95.0,108.0,,,,,,,,,,,,,,,,,,,,,
weekly,4.0,Efficiency,12,ss2dromsme3cbmga,Berkshire’s Club,79.23,efficiency_pct,Weekly actual points divided by optimal legal lineup points.,,,,,,,,,,,,,27.0,103.0,130.0,,,,,,,,,,,,,,,,,,,,,
weekly,5.0,Efficiency,1,116s0o6ume0s7s58,Up the Arse-nal,100.0,efficiency_pct,Weekly actual points divided by optimal legal lineup points.,,,,,,,,,,,,,0.0,85.5,85.5,,,,,,,,,,,,,,,,,,,,,
weekly,5.0,Efficiency,2,qocqs3wjme34472y,KindComet,97.22,efficiency_pct,Weekly actual points divided by optimal legal lineup points.,,,,,,,,,,,,,2.5,87.5,90.0,,,,,,,,,,,,,,,,,,,,,
weekly,5.0,Efficiency,3,eaz9h4hfme2wdh8p,epatel3,95.24,efficiency_pct,Weekly actual points divided by optimal legal lineup points.,,,,,,,,,,,,,4.5,90.0,94.5,,,,,,,,,,,,,,,,,,,,,
weekly,5.0,Efficiency,4,ne94j2bxme0vsmkq,Pot Splashers,91.79,efficiency_pct,Weekly actual points divided by optimal legal lineup points.,,,,,,,,,,,,,5.5,61.5,67.0,,,,,,,,,,,,,,,,,,,,,
weekly,5.0,Efficiency,5,xnt9wpm9me0us0r4,yudesh,91.46,efficiency_pct,Weekly actual points divided by optimal legal lineup points.,,,,,,,,,,,,,7.0,75.0,82.0,,,,,,,,,,,,,,,,,,,,,
weekly,5.0,Efficiency,6,zxivny5tme3hojrx,Count Doku,88.99,efficiency_pct,Weekly actual points divided by optimal legal lineup points.,,,,,,,,,,,,,18.0,145.5,163.5,,,,,,,,,,,,,,,,,,,,,
weekly,5.0,Efficiency,7,ih2b4z8ome1job2n,nhauptma,88.04,efficiency_pct,Weekly actual points divided by optimal legal lineup points.,,,,,,,,,,,,,12.5,92.0,104.5,,,,,,,,,,,,,,,,,,,,,
weekly,5.0,Efficiency,8,zf53q9hdme32qmoe,Robertske,83.95,efficiency_pct,Weekly actual points divided by optimal legal lineup points.,,,,,,,,,,,,,13.0,68.0,81.0,,,,,,,,,,,,,,,,,,,,,
weekly,5.0,Efficiency,9,0t8m7z91mdhjhvye,SUNNYD,83.08,efficiency_pct,Weekly actual points divided by optimal legal lineup points.,,,,,,,,,,,,,17.0,83.5,100.5,,,,,,,,,,,,,,,,,,,,,
weekly,5.0,Efficiency,10,fm7cv4p0me3j48nk,The Facerockers,77.67,efficiency_pct,Weekly actual points divided by optimal legal lineup points.,,,,,,,,,,,,,24.0,83.5,107.5,,,,,,,,,,,,,,,,,,,,,
weekly,5.0,Efficiency,11,avv7b4d5me2tlsrt,wmuck1,77.52,efficiency_pct,Weekly actual points divided by optimal legal lineup points.,,,,,,,,,,,,,14.5,50.0,64.5,,,,,,,,,,,,,,,,,,,,,
weekly,5.0,Efficiency,12,ss2dromsme3cbmga,Berkshire’s Club,74.17,efficiency_pct,Weekly actual points divided by optimal legal lineup points.,,,,,,,,,,,,,35.0,100.5,135.5,,,,,,,,,,,,,,,,,,,,,
weekly,6.0,Efficiency,1,zxivny5tme3hojrx,Count Doku,99.54,efficiency_pct,Weekly actual points divided by optimal legal lineup points.,,,,,,,,,,,,,0.5,108.0,108.5,,,,,,,,,,,,,,,,,,,,,
weekly,6.0,Efficiency,2,116s0o6ume0s7s58,Up the Arse-nal,98.92,efficiency_pct,Weekly actual points divided by optimal legal lineup points.,,,,,,,,,,,,,1.5,137.5,139.0,,,,,,,,,,,,,,,,,,,,,
weekly,6.0,Efficiency,3,fm7cv4p0me3j48nk,The Facerockers,97.45,efficiency_pct,Weekly actual points divided by optimal legal lineup points.,,,,,,,,,,,,,3.5,133.5,137.0,,,,,,,,,,,,,,,,,,,,,
weekly,6.0,Efficiency,4,xnt9wpm9me0us0r4,yudesh,95.56,efficiency_pct,Weekly actual points divided by optimal legal lineup points.,,,,,,,,,,,,,3.0,64.5,67.5,,,,,,,,,,,,,,,,,,,,,
weekly,6.0,Efficiency,5,0t8m7z91mdhjhvye,SUNNYD,93.48,efficiency_pct,Weekly actual points divided by optimal legal lineup points.,,,,,,,,,,,,,6.0,86.0,92.0,,,,,,,,,,,,,,,,,,,,,
weekly,6.0,Efficiency,6,zf53q9hdme32qmoe,Robertske,91.25,efficiency_pct,Weekly actual points divided by optimal legal lineup points.,,,,,,,,,,,,,11.5,120.0,131.5,,,,,,,,,,,,,,,,,,,,,
weekly,6.0,Efficiency,7,ih2b4z8ome1job2n,nhauptma,88.24,efficiency_pct,Weekly actual points divided by optimal legal lineup points.,,,,,,,,,,,,,11.0,82.5,93.5,,,,,,,,,,,,,,,,,,,,,
weekly,6.0,Efficiency,8,eaz9h4hfme2wdh8p,epatel3,87.87,efficiency_pct,Weekly actual points divided by optimal legal lineup points.,,,,,,,,,,,,,14.5,105.0,119.5,,,,,,,,,,,,,,,,,,,,,
weekly,6.0,Efficiency,9,avv7b4d5me2tlsrt,wmuck1,84.38,efficiency_pct,Weekly actual points divided by optimal legal lineup points.,,,,,,,,,,,,,12.5,67.5,80.0,,,,,,,,,,,,,,,,,,,,,
weekly,6.0,Efficiency,10,ss2dromsme3cbmga,Berkshire’s Club,83.82,efficiency_pct,Weekly actual points divided by optimal legal lineup points.,,,,,,,,,,,,,19.5,101.0,120.5,,,,,,,,,,,,,,,,,,,,,
weekly,6.0,Efficiency,11,ne94j2bxme0vsmkq,Pot Splashers,83.07,efficiency_pct,Weekly actual points divided by optimal legal lineup points.,,,,,,,,,,,,,16.0,78.5,94.5,,,,,,,,,,,,,,,,,,,,,
weekly,6.0,Efficiency,12,qocqs3wjme34472y,KindComet,79.45,efficiency_pct,Weekly actual points divided by optimal legal lineup points.,,,,,,,,,,,,,26.0,100.5,126.5,,,,,,,,,,,,,,,,,,,,,
weekly,7.0,Efficiency,1,qocqs3wjme34472y,KindComet,99.6,efficiency_pct,Weekly actual points divided by optimal legal lineup points.,,,,,,,,,,,,,0.5,125.5,126.0,,,,,,,,,,,,,,,,,,,,,
weekly,7.0,Efficiency,2,0t8m7z91mdhjhvye,SUNNYD,95.79,efficiency_pct,Weekly actual points divided by optimal legal lineup points.,,,,,,,,,,,,,4.5,102.5,107.0,,,,,,,,,,,,,,,,,,,,,
weekly,7.0,Efficiency,3,xnt9wpm9me0us0r4,yudesh,95.59,efficiency_pct,Weekly actual points divided by optimal legal lineup points.,,,,,,,,,,,,,5.0,108.5,113.5,,,,,,,,,,,,,,,,,,,,,
weekly,7.0,Efficiency,4,ne94j2bxme0vsmkq,Pot Splashers,93.75,efficiency_pct,Weekly actual points divided by optimal legal lineup points.,,,,,,,,,,,,,6.5,97.5,104.0,,,,,,,,,,,,,,,,,,,,,
weekly,7.0,Efficiency,5,116s0o6ume0s7s58,Up the Arse-nal,92.98,efficiency_pct,Weekly actual points divided by optimal legal lineup points.,,,,,,,,,,,,,10.5,139.0,149.5,,,,,,,,,,,,,,,,,,,,,
weekly,7.0,Efficiency,6,eaz9h4hfme2wdh8p,epatel3,92.86,efficiency_pct,Weekly actual points divided by optimal legal lineup points.,,,,,,,,,,,,,5.5,71.5,77.0,,,,,,,,,,,,,,,,,,,,,
weekly,7.0,Efficiency,7,ss2dromsme3cbmga,Berkshire’s Club,91.94,efficiency_pct,Weekly actual points divided by optimal legal lineup points.,,,,,,,,,,,,,8.5,97.0,105.5,,,,,,,,,,,,,,,,,,,,,
weekly,7.0,Efficiency,8,zxivny5tme3hojrx,Count Doku,88.65,efficiency_pct,Weekly actual points divided by optimal legal lineup points.,,,,,,,,,,,,,10.5,82.0,92.5,,,,,,,,,,,,,,,,,,,,,
weekly,7.0,Efficiency,9,avv7b4d5me2tlsrt,wmuck1,87.96,efficiency_pct,Weekly actual points divided by optimal legal lineup points.,,,,,,,,,,,,,16.5,120.5,137.0,,,,,,,,,,,,,,,,,,,,,
weekly,7.0,Efficiency,10,fm7cv4p0me3j48nk,The Facerockers,85.71,efficiency_pct,Weekly actual points divided by optimal legal lineup points.,,,,,,,,,,,,,13.0,78.0,91.0,,,,,,,,,,,,,,,,,,,,,
weekly,7.0,Efficiency,11,ih2b4z8ome1job2n,nhauptma,83.76,efficiency_pct,Weekly actual points divided by optimal legal lineup points.,,,,,,,,,,,,,22.0,113.5,135.5,,,,,,,,,,,,,,,,,,,,,
weekly,7.0,Efficiency,12,zf53q9hdme32qmoe,Robertske,63.88,efficiency_pct,Weekly actual points divided by optimal legal lineup points.,,,,,,,,,,,,,41.0,72.5,113.5,,,,,,,,,,,,,,,,,,,,,
weekly,8.0,Efficiency,1,qocqs3wjme34472y,KindComet,98.24,efficiency_pct,Weekly actual points divided by optimal legal lineup points.,,,,,,,,,,,,,2.0,111.5,113.5,,,,,,,,,,,,,,,,,,,,,
weekly,8.0,Efficiency,2,fm7cv4p0me3j48nk,The Facerockers,94.23,efficiency_pct,Weekly actual points divided by optimal legal lineup points.,,,,,,,,,,,,,6.0,98.0,104.0,,,,,,,,,,,,,,,,,,,,,
weekly,8.0,Efficiency,3,eaz9h4hfme2wdh8p,epatel3,93.3,efficiency_pct,Weekly actual points divided by optimal legal lineup points.,,,,,,,,,,,,,7.0,97.5,104.5,,,,,,,,,,,,,,,,,,,,,
weekly,8.0,Efficiency,4,zf53q9hdme32qmoe,Robertske,91.07,efficiency_pct,Weekly actual points divided by optimal legal lineup points.,,,,,,,,,,,,,12.5,127.5,140.0,,,,,,,,,,,,,,,,,,,,,
weekly,8.0,Efficiency,5,xnt9wpm9me0us0r4,yudesh,90.71,efficiency_pct,Weekly actual points divided by optimal legal lineup points.,,,,,,,,,,,,,10.5,102.5,113.0,,,,,,,,,,,,,,,,,,,,,
weekly,8.0,Efficiency,6,0t8m7z91mdhjhvye,SUNNYD,90.1,efficiency_pct,Weekly actual points divided by optimal legal lineup points.,,,,,,,,,,,,,15.0,136.5,151.5,,,,,,,,,,,,,,,,,,,,,
weekly,8.0,Efficiency,7,ne94j2bxme0vsmkq,Pot Splashers,89.54,efficiency_pct,Weekly actual points divided by optimal legal lineup points.,,,,,,,,,,,,,8.0,68.5,76.5,,,,,,,,,,,,,,,,,,,,,
weekly,8.0,Efficiency,8,ih2b4z8ome1job2n,nhauptma,85.5,efficiency_pct,Weekly actual points divided by optimal legal lineup points.,,,,,,,,,,,,,24.0,141.5,165.5,,,,,,,,,,,,,,,,,,,,,
weekly,8.0,Efficiency,9,zxivny5tme3hojrx,Count Doku,81.77,efficiency_pct,Weekly actual points divided by optimal legal lineup points.,,,,,,,,,,,,,17.5,78.5,96.0,,,,,,,,,,,,,,,,,,,,,
weekly,8.0,Efficiency,10,ss2dromsme3cbmga,Berkshire’s Club,80.19,efficiency_pct,Weekly actual points divided by optimal legal lineup points.,,,,,,,,,,,,,21.0,85.0,106.0,,,,,,,,,,,,,,,,,,,,,
weekly,8.0,Efficiency,11,116s0o6ume0s7s58,Up the Arse-nal,80.1,efficiency_pct,Weekly actual points divided by optimal legal lineup points.,,,,,,,,,,,,,39.0,157.0,196.0,,,,,,,,,,,,,,,,,,,,,
weekly,8.0,Efficiency,12,avv7b4d5me2tlsrt,wmuck1,76.83,efficiency_pct,Weekly actual points divided by optimal legal lineup points.,,,,,,,,,,,,,19.0,63.0,82.0,,,,,,,,,,,,,,,,,,,,,
weekly,9.0,Efficiency,1,eaz9h4hfme2wdh8p,epatel3,100.0,efficiency_pct,Weekly actual points divided by optimal legal lineup points.,,,,,,,,,,,,,0.0,113.0,113.0,,,,,,,,,,,,,,,,,,,,,
weekly,9.0,Efficiency,2,zxivny5tme3hojrx,Count Doku,100.0,efficiency_pct,Weekly actual points divided by optimal legal lineup points.,,,,,,,,,,,,,0.0,84.0,84.0,,,,,,,,,,,,,,,,,,,,,
weekly,9.0,Efficiency,3,zf53q9hdme32qmoe,Robertske,97.22,efficiency_pct,Weekly actual points divided by optimal legal lineup points.,,,,,,,,,,,,,2.5,87.5,90.0,,,,,,,,,,,,,,,,,,,,,
weekly,9.0,Efficiency,4,fm7cv4p0me3j48nk,The Facerockers,96.04,efficiency_pct,Weekly actual points divided by optimal legal lineup points.,,,,,,,,,,,,,4.5,109.0,113.5,,,,,,,,,,,,,,,,,,,,,
weekly,9.0,Efficiency,5,avv7b4d5me2tlsrt,wmuck1,94.95,efficiency_pct,Weekly actual points divided by optimal legal lineup points.,,,,,,,,,,,,,5.0,94.0,99.0,,,,,,,,,,,,,,,,,,,,,
weekly,9.0,Efficiency,6,0t8m7z91mdhjhvye,SUNNYD,90.68,efficiency_pct,Weekly actual points divided by optimal legal lineup points.,,,,,,,,,,,,,11.0,107.0,118.0,,,,,,,,,,,,,,,,,,,,,
weekly,9.0,Efficiency,7,116s0o6ume0s7s58,Up the Arse-nal,88.3,efficiency_pct,Weekly actual points divided by optimal legal lineup points.,,,,,,,,,,,,,15.5,117.0,132.5,,,,,,,,,,,,,,,,,,,,,
weekly,9.0,Efficiency,8,ss2dromsme3cbmga,Berkshire’s Club,84.14,efficiency_pct,Weekly actual points divided by optimal legal lineup points.,,,,,,,,,,,,,23.0,122.0,145.0,,,,,,,,,,,,,,,,,,,,,
weekly,9.0,Efficiency,9,qocqs3wjme34472y,KindComet,83.97,efficiency_pct,Weekly actual points divided by optimal legal lineup points.,,,,,,,,,,,,,21.0,110.0,131.0,,,,,,,,,,,,,,,,,,,,,
weekly,9.0,Efficiency,10,ih2b4z8ome1job2n,nhauptma,83.39,efficiency_pct,Weekly actual points divided by optimal legal lineup points.,,,,,,,,,,,,,24.5,123.0,147.5,,,,,,,,,,,,,,,,,,,,,
weekly,9.0,Efficiency,11,xnt9wpm9me0us0r4,yudesh,75.77,efficiency_pct,Weekly actual points divided by optimal legal lineup points.,,,,,,,,,,,,,23.5,73.5,97.0,,,,,,,,,,,,,,,,,,,,,
weekly,9.0,Efficiency,12,ne94j2bxme0vsmkq,Pot Splashers,70.69,efficiency_pct,Weekly actual points divided by optimal legal lineup points.,,,,,,,,,,,,,25.5,61.5,87.0,,,,,,,,,,,,,,,,,,,,,
weekly,10.0,Efficiency,1,fm7cv4p0me3j48nk,The Facerockers,100.0,efficiency_pct,Weekly actual points divided by optimal legal lineup points.,,,,,,,,,,,,,0.0,108.0,108.0,,,,,,,,,,,,,,,,,,,,,
weekly,10.0,Efficiency,2,eaz9h4hfme2wdh8p,epatel3,99.23,efficiency_pct,Weekly actual points divided by optimal legal lineup points.,,,,,,,,,,,,,1.0,129.0,130.0,,,,,,,,,,,,,,,,,,,,,
weekly,10.0,Efficiency,3,avv7b4d5me2tlsrt,wmuck1,97.56,efficiency_pct,Weekly actual points divided by optimal legal lineup points.,,,,,,,,,,,,,2.0,80.0,82.0,,,,,,,,,,,,,,,,,,,,,
weekly,10.0,Efficiency,4,xnt9wpm9me0us0r4,yudesh,97.04,efficiency_pct,Weekly actual points divided by optimal legal lineup points.,,,,,,,,,,,,,3.0,98.5,101.5,,,,,,,,,,,,,,,,,,,,,
weekly,10.0,Efficiency,5,zxivny5tme3hojrx,Count Doku,95.83,efficiency_pct,Weekly actual points divided by optimal legal lineup points.,,,,,,,,,,,,,2.0,46.0,48.0,,,,,,,,,,,,,,,,,,,,,
weekly,10.0,Efficiency,6,zf53q9hdme32qmoe,Robertske,95.64,efficiency_pct,Weekly actual points divided by optimal legal lineup points.,,,,,,,,,,,,,6.0,131.5,137.5,,,,,,,,,,,,,,,,,,,,,
weekly,10.0,Efficiency,7,ss2dromsme3cbmga,Berkshire’s Club,95.36,efficiency_pct,Weekly actual points divided by optimal legal lineup points.,,,,,,,,,,,,,5.5,113.0,118.5,,,,,,,,,,,,,,,,,,,,,
weekly,10.0,Efficiency,8,ne94j2bxme0vsmkq,Pot Splashers,88.29,efficiency_pct,Weekly actual points divided by optimal legal lineup points.,,,,,,,,,,,,,13.0,98.0,111.0,,,,,,,,,,,,,,,,,,,,,
weekly,10.0,Efficiency,9,116s0o6ume0s7s58,Up the Arse-nal,86.99,efficiency_pct,Weekly actual points divided by optimal legal lineup points.,,,,,,,,,,,,,19.0,127.0,146.0,,,,,,,,,,,,,,,,,,,,,
weekly,10.0,Efficiency,10,0t8m7z91mdhjhvye,SUNNYD,86.67,efficiency_pct,Weekly actual points divided by optimal legal lineup points.,,,,,,,,,,,,,7.0,45.5,52.5,,,,,,,,,,,,,,,,,,,,,
weekly,10.0,Efficiency,11,qocqs3wjme34472y,KindComet,86.21,efficiency_pct,Weekly actual points divided by optimal legal lineup points.,,,,,,,,,,,,,12.0,75.0,87.0,,,,,,,,,,,,,,,,,,,,,
weekly,10.0,Efficiency,12,ih2b4z8ome1job2n,nhauptma,79.69,efficiency_pct,Weekly actual points divided by optimal legal lineup points.,,,,,,,,,,,,,33.0,129.5,162.5,,,,,,,,,,,,,,,,,,,,,
weekly,11.0,Efficiency,1,zf53q9hdme32qmoe,Robertske,92.53,efficiency_pct,Weekly actual points divided by optimal legal lineup points.,,,,,,,,,,,,,9.0,111.5,120.5,,,,,,,,,,,,,,,,,,,,,
weekly,11.0,Efficiency,2,116s0o6ume0s7s58,Up the Arse-nal,90.24,efficiency_pct,Weekly actual points divided by optimal legal lineup points.,,,,,,,,,,,,,10.0,92.5,102.5,,,,,,,,,,,,,,,,,,,,,
weekly,11.0,Efficiency,3,ne94j2bxme0vsmkq,Pot Splashers,87.94,efficiency_pct,Weekly actual points divided by optimal legal lineup points.,,,,,,,,,,,,,15.5,113.0,128.5,,,,,,,,,,,,,,,,,,,,,
weekly,11.0,Efficiency,4,0t8m7z91mdhjhvye,SUNNYD,83.7,efficiency_pct,Weekly actual points divided by optimal legal lineup points.,,,,,,,,,,,,,22.5,115.5,138.0,,,,,,,,,,,,,,,,,,,,,
weekly,11.0,Efficiency,5,ih2b4z8ome1job2n,nhauptma,83.1,efficiency_pct,Weekly actual points divided by optimal legal lineup points.,,,,,,,,,,,,,24.5,120.5,145.0,,,,,,,,,,,,,,,,,,,,,
weekly,11.0,Efficiency,6,zxivny5tme3hojrx,Count Doku,79.91,efficiency_pct,Weekly actual points divided by optimal legal lineup points.,,,,,,,,,,,,,23.0,91.5,114.5,,,,,,,,,,,,,,,,,,,,,
weekly,11.0,Efficiency,7,qocqs3wjme34472y,KindComet,79.02,efficiency_pct,Weekly actual points divided by optimal legal lineup points.,,,,,,,,,,,,,21.5,81.0,102.5,,,,,,,,,,,,,,,,,,,,,
weekly,11.0,Efficiency,8,xnt9wpm9me0us0r4,yudesh,74.23,efficiency_pct,Weekly actual points divided by optimal legal lineup points.,,,,,,,,,,,,,33.5,96.5,130.0,,,,,,,,,,,,,,,,,,,,,
weekly,11.0,Efficiency,9,fm7cv4p0me3j48nk,The Facerockers,72.62,efficiency_pct,Weekly actual points divided by optimal legal lineup points.,,,,,,,,,,,,,11.5,30.5,42.0,,,,,,,,,,,,,,,,,,,,,
weekly,11.0,Efficiency,10,eaz9h4hfme2wdh8p,epatel3,71.05,efficiency_pct,Weekly actual points divided by optimal legal lineup points.,,,,,,,,,,,,,33.0,81.0,114.0,,,,,,,,,,,,,,,,,,,,,
weekly,11.0,Efficiency,11,ss2dromsme3cbmga,Berkshire’s Club,62.72,efficiency_pct,Weekly actual points divided by optimal legal lineup points.,,,,,,,,,,,,,42.5,71.5,114.0,,,,,,,,,,,,,,,,,,,,,
weekly,11.0,Efficiency,12,avv7b4d5me2tlsrt,wmuck1,57.97,efficiency_pct,Weekly actual points divided by optimal legal lineup points.,,,,,,,,,,,,,29.0,40.0,69.0,,,,,,,,,,,,,,,,,,,,,
weekly,12.0,Efficiency,1,eaz9h4hfme2wdh8p,epatel3,99.13,efficiency_pct,Weekly actual points divided by optimal legal lineup points.,,,,,,,,,,,,,1.5,170.5,172.0,,,,,,,,,,,,,,,,,,,,,
weekly,12.0,Efficiency,2,ne94j2bxme0vsmkq,Pot Splashers,98.72,efficiency_pct,Weekly actual points divided by optimal legal lineup points.,,,,,,,,,,,,,1.0,77.0,78.0,,,,,,,,,,,,,,,,,,,,,
weekly,12.0,Efficiency,3,ss2dromsme3cbmga,Berkshire’s Club,98.26,efficiency_pct,Weekly actual points divided by optimal legal lineup points.,,,,,,,,,,,,,2.0,113.0,115.0,,,,,,,,,,,,,,,,,,,,,
weekly,12.0,Efficiency,4,0t8m7z91mdhjhvye,SUNNYD,95.54,efficiency_pct,Weekly actual points divided by optimal legal lineup points.,,,,,,,,,,,,,4.5,96.5,101.0,,,,,,,,,,,,,,,,,,,,,
weekly,12.0,Efficiency,5,xnt9wpm9me0us0r4,yudesh,93.6,efficiency_pct,Weekly actual points divided by optimal legal lineup points.,,,,,,,,,,,,,8.0,117.0,125.0,,,,,,,,,,,,,,,,,,,,,
weekly,12.0,Efficiency,6,zf53q9hdme32qmoe,Robertske,91.76,efficiency_pct,Weekly actual points divided by optimal legal lineup points.,,,,,,,,,,,,,7.5,83.5,91.0,,,,,,,,,,,,,,,,,,,,,
weekly,12.0,Efficiency,7,fm7cv4p0me3j48nk,The Facerockers,90.98,efficiency_pct,Weekly actual points divided by optimal legal lineup points.,,,,,,,,,,,,,6.0,60.5,66.5,,,,,,,,,,,,,,,,,,,,,
weekly,12.0,Efficiency,8,ih2b4z8ome1job2n,nhauptma,90.32,efficiency_pct,Weekly actual points divided by optimal legal lineup points.,,,,,,,,,,,,,13.5,126.0,139.5,,,,,,,,,,,,,,,,,,,,,
weekly,12.0,Efficiency,9,avv7b4d5me2tlsrt,wmuck1,88.98,efficiency_pct,Weekly actual points divided by optimal legal lineup points.,,,,,,,,,,,,,7.0,56.5,63.5,,,,,,,,,,,,,,,,,,,,,
weekly,12.0,Efficiency,10,zxivny5tme3hojrx,Count Doku,79.21,efficiency_pct,Weekly actual points divided by optimal legal lineup points.,,,,,,,,,,,,,21.0,80.0,101.0,,,,,,,,,,,,,,,,,,,,,
weekly,12.0,Efficiency,11,qocqs3wjme34472y,KindComet,76.45,efficiency_pct,Weekly actual points divided by optimal legal lineup points.,,,,,,,,,,,,,36.5,118.5,155.0,,,,,,,,,,,,,,,,,,,,,
weekly,12.0,Efficiency,12,116s0o6ume0s7s58,Up the Arse-nal,76.33,efficiency_pct,Weekly actual points divided by optimal legal lineup points.,,,,,,,,,,,,,24.5,79.0,103.5,,,,,,,,,,,,,,,,,,,,,
weekly,13.0,Efficiency,1,ne94j2bxme0vsmkq,Pot Splashers,99.48,efficiency_pct,Weekly actual points divided by optimal legal lineup points.,,,,,,,,,,,,,0.5,95.5,96.0,,,,,,,,,,,,,,,,,,,,,
weekly,13.0,Efficiency,2,0t8m7z91mdhjhvye,SUNNYD,96.97,efficiency_pct,Weekly actual points divided by optimal legal lineup points.,,,,,,,,,,,,,3.0,96.0,99.0,,,,,,,,,,,,,,,,,,,,,
weekly,13.0,Efficiency,3,fm7cv4p0me3j48nk,The Facerockers,96.39,efficiency_pct,Weekly actual points divided by optimal legal lineup points.,,,,,,,,,,,,,3.5,93.5,97.0,,,,,,,,,,,,,,,,,,,,,
weekly,13.0,Efficiency,4,zxivny5tme3hojrx,Count Doku,96.19,efficiency_pct,Weekly actual points divided by optimal legal lineup points.,,,,,,,,,,,,,4.5,113.5,118.0,,,,,,,,,,,,,,,,,,,,,
weekly,13.0,Efficiency,5,eaz9h4hfme2wdh8p,epatel3,95.65,efficiency_pct,Weekly actual points divided by optimal legal lineup points.,,,,,,,,,,,,,3.0,66.0,69.0,,,,,,,,,,,,,,,,,,,,,
weekly,13.0,Efficiency,6,116s0o6ume0s7s58,Up the Arse-nal,93.95,efficiency_pct,Weekly actual points divided by optimal legal lineup points.,,,,,,,,,,,,,9.5,147.5,157.0,,,,,,,,,,,,,,,,,,,,,
weekly,13.0,Efficiency,7,xnt9wpm9me0us0r4,yudesh,91.32,efficiency_pct,Weekly actual points divided by optimal legal lineup points.,,,,,,,,,,,,,14.5,152.5,167.0,,,,,,,,,,,,,,,,,,,,,
weekly,13.0,Efficiency,8,ih2b4z8ome1job2n,nhauptma,89.74,efficiency_pct,Weekly actual points divided by optimal legal lineup points.,,,,,,,,,,,,,10.0,87.5,97.5,,,,,,,,,,,,,,,,,,,,,
weekly,13.0,Efficiency,9,qocqs3wjme34472y,KindComet,79.43,efficiency_pct,Weekly actual points divided by optimal legal lineup points.,,,,,,,,,,,,,21.5,83.0,104.5,,,,,,,,,,,,,,,,,,,,,
weekly,13.0,Efficiency,10,zf53q9hdme32qmoe,Robertske,76.19,efficiency_pct,Weekly actual points divided by optimal legal lineup points.,,,,,,,,,,,,,22.5,72.0,94.5,,,,,,,,,,,,,,,,,,,,,
weekly,13.0,Efficiency,11,ss2dromsme3cbmga,Berkshire’s Club,70.79,efficiency_pct,Weekly actual points divided by optimal legal lineup points.,,,,,,,,,,,,,29.5,71.5,101.0,,,,,,,,,,,,,,,,,,,,,
weekly,13.0,Efficiency,12,avv7b4d5me2tlsrt,wmuck1,66.67,efficiency_pct,Weekly actual points divided by optimal legal lineup points.,,,,,,,,,,,,,34.0,68.0,102.0,,,,,,,,,,,,,,,,,,,,,
weekly,14.0,Efficiency,1,ih2b4z8ome1job2n,nhauptma,97.47,efficiency_pct,Weekly actual points divided by optimal legal lineup points.,,,,,,,,,,,,,3.5,135.0,138.5,,,,,,,,,,,,,,,,,,,,,
weekly,14.0,Efficiency,2,116s0o6ume0s7s58,Up the Arse-nal,96.48,efficiency_pct,Weekly actual points divided by optimal legal lineup points.,,,,,,,,,,,,,2.5,68.5,71.0,,,,,,,,,,,,,,,,,,,,,
weekly,14.0,Efficiency,3,zxivny5tme3hojrx,Count Doku,95.47,efficiency_pct,Weekly actual points divided by optimal legal lineup points.,,,,,,,,,,,,,5.5,116.0,121.5,,,,,,,,,,,,,,,,,,,,,
weekly,14.0,Efficiency,4,qocqs3wjme34472y,KindComet,93.07,efficiency_pct,Weekly actual points divided by optimal legal lineup points.,,,,,,,,,,,,,8.0,107.5,115.5,,,,,,,,,,,,,,,,,,,,,
weekly,14.0,Efficiency,5,eaz9h4hfme2wdh8p,epatel3,85.71,efficiency_pct,Weekly actual points divided by optimal legal lineup points.,,,,,,,,,,,,,16.0,96.0,112.0,,,,,,,,,,,,,,,,,,,,,
weekly,14.0,Efficiency,6,fm7cv4p0me3j48nk,The Facerockers,85.36,efficiency_pct,Weekly actual points divided by optimal legal lineup points.,,,,,,,,,,,,,20.5,119.5,140.0,,,,,,,,,,,,,,,,,,,,,
weekly,14.0,Efficiency,7,avv7b4d5me2tlsrt,wmuck1,83.7,efficiency_pct,Weekly actual points divided by optimal legal lineup points.,,,,,,,,,,,,,11.0,56.5,67.5,,,,,,,,,,,,,,,,,,,,,
weekly,14.0,Efficiency,8,0t8m7z91mdhjhvye,SUNNYD,83.48,efficiency_pct,Weekly actual points divided by optimal legal lineup points.,,,,,,,,,,,,,19.0,96.0,115.0,,,,,,,,,,,,,,,,,,,,,
weekly,14.0,Efficiency,9,ss2dromsme3cbmga,Berkshire’s Club,80.5,efficiency_pct,Weekly actual points divided by optimal legal lineup points.,,,,,,,,,,,,,27.5,113.5,141.0,,,,,,,,,,,,,,,,,,,,,
weekly,14.0,Efficiency,10,xnt9wpm9me0us0r4,yudesh,75.53,efficiency_pct,Weekly actual points divided by optimal legal lineup points.,,,,,,,,,,,,,29.0,89.5,118.5,,,,,,,,,,,,,,,,,,,,,
weekly,14.0,Efficiency,11,zf53q9hdme32qmoe,Robertske,74.16,efficiency_pct,Weekly actual points divided by optimal legal lineup points.,,,,,,,,,,,,,27.0,77.5,104.5,,,,,,,,,,,,,,,,,,,,,
weekly,14.0,Efficiency,12,ne94j2bxme0vsmkq,Pot Splashers,40.0,efficiency_pct,Weekly actual points divided by optimal legal lineup points.,,,,,,,,,,,,,55.5,37.0,92.5,,,,,,,,,,,,,,,,,,,,,
weekly,15.0,Efficiency,1,ih2b4z8ome1job2n,nhauptma,100.0,efficiency_pct,Weekly actual points divided by optimal legal lineup points.,,,,,,,,,,,,,0.0,123.5,123.5,,,,,,,,,,,,,,,,,,,,,
weekly,15.0,Efficiency,2,zxivny5tme3hojrx,Count Doku,100.0,efficiency_pct,Weekly actual points divided by optimal legal lineup points.,,,,,,,,,,,,,0.0,123.5,123.5,,,,,,,,,,,,,,,,,,,,,
weekly,15.0,Efficiency,3,fm7cv4p0me3j48nk,The Facerockers,93.8,efficiency_pct,Weekly actual points divided by optimal legal lineup points.,,,,,,,,,,,,,7.5,113.5,121.0,,,,,,,,,,,,,,,,,,,,,
weekly,15.0,Efficiency,4,qocqs3wjme34472y,KindComet,93.49,efficiency_pct,Weekly actual points divided by optimal legal lineup points.,,,,,,,,,,,,,5.5,79.0,84.5,,,,,,,,,,,,,,,,,,,,,
weekly,15.0,Efficiency,5,0t8m7z91mdhjhvye,SUNNYD,92.27,efficiency_pct,Weekly actual points divided by optimal legal lineup points.,,,,,,,,,,,,,8.5,101.5,110.0,,,,,,,,,,,,,,,,,,,,,
weekly,15.0,Efficiency,6,ss2dromsme3cbmga,Berkshire’s Club,91.86,efficiency_pct,Weekly actual points divided by optimal legal lineup points.,,,,,,,,,,,,,14.0,158.0,172.0,,,,,,,,,,,,,,,,,,,,,
weekly,15.0,Efficiency,7,xnt9wpm9me0us0r4,yudesh,91.82,efficiency_pct,Weekly actual points divided by optimal legal lineup points.,,,,,,,,,,,,,11.0,123.5,134.5,,,,,,,,,,,,,,,,,,,,,
weekly,15.0,Efficiency,8,116s0o6ume0s7s58,Up the Arse-nal,87.64,efficiency_pct,Weekly actual points divided by optimal legal lineup points.,,,,,,,,,,,,,16.5,117.0,133.5,,,,,,,,,,,,,,,,,,,,,
weekly,15.0,Efficiency,9,eaz9h4hfme2wdh8p,epatel3,82.14,efficiency_pct,Weekly actual points divided by optimal legal lineup points.,,,,,,,,,,,,,20.0,92.0,112.0,,,,,,,,,,,,,,,,,,,,,
weekly,15.0,Efficiency,10,ne94j2bxme0vsmkq,Pot Splashers,77.66,efficiency_pct,Weekly actual points divided by optimal legal lineup points.,,,,,,,,,,,,,30.5,106.0,136.5,,,,,,,,,,,,,,,,,,,,,
weekly,15.0,Efficiency,11,zf53q9hdme32qmoe,Robertske,73.7,efficiency_pct,Weekly actual points divided by optimal legal lineup points.,,,,,,,,,,,,,43.0,120.5,163.5,,,,,,,,,,,,,,,,,,,,,
weekly,15.0,Efficiency,12,avv7b4d5me2tlsrt,wmuck1,70.37,efficiency_pct,Weekly actual points divided by optimal legal lineup points.,,,,,,,,,,,,,36.0,85.5,121.5,,,,,,,,,,,,,,,,,,,,,
weekly,16.0,Efficiency,1,zxivny5tme3hojrx,Count Doku,100.0,efficiency_pct,Weekly actual points divided by optimal legal lineup points.,,,,,,,,,,,,,0.0,77.0,77.0,,,,,,,,,,,,,,,,,,,,,
weekly,16.0,Efficiency,2,fm7cv4p0me3j48nk,The Facerockers,99.23,efficiency_pct,Weekly actual points divided by optimal legal lineup points.,,,,,,,,,,,,,1.0,129.5,130.5,,,,,,,,,,,,,,,,,,,,,
weekly,16.0,Efficiency,3,qocqs3wjme34472y,KindComet,96.57,efficiency_pct,Weekly actual points divided by optimal legal lineup points.,,,,,,,,,,,,,5.5,155.0,160.5,,,,,,,,,,,,,,,,,,,,,
weekly,16.0,Efficiency,4,ne94j2bxme0vsmkq,Pot Splashers,96.3,efficiency_pct,Weekly actual points divided by optimal legal lineup points.,,,,,,,,,,,,,3.0,78.0,81.0,,,,,,,,,,,,,,,,,,,,,
weekly,16.0,Efficiency,5,116s0o6ume0s7s58,Up the Arse-nal,95.9,efficiency_pct,Weekly actual points divided by optimal legal lineup points.,,,,,,,,,,,,,5.5,128.5,134.0,,,,,,,,,,,,,,,,,,,,,
weekly,16.0,Efficiency,6,0t8m7z91mdhjhvye,SUNNYD,93.21,efficiency_pct,Weekly actual points divided by optimal legal lineup points.,,,,,,,,,,,,,12.5,171.5,184.0,,,,,,,,,,,,,,,,,,,,,
weekly,16.0,Efficiency,7,ih2b4z8ome1job2n,nhauptma,88.57,efficiency_pct,Weekly actual points divided by optimal legal lineup points.,,,,,,,,,,,,,8.0,62.0,70.0,,,,,,,,,,,,,,,,,,,,,
weekly,16.0,Efficiency,8,avv7b4d5me2tlsrt,wmuck1,85.31,efficiency_pct,Weekly actual points divided by optimal legal lineup points.,,,,,,,,,,,,,13.0,75.5,88.5,,,,,,,,,,,,,,,,,,,,,
weekly,16.0,Efficiency,9,xnt9wpm9me0us0r4,yudesh,77.92,efficiency_pct,Weekly actual points divided by optimal legal lineup points.,,,,,,,,,,,,,17.0,60.0,77.0,,,,,,,,,,,,,,,,,,,,,
weekly,16.0,Efficiency,10,ss2dromsme3cbmga,Berkshire’s Club,77.85,efficiency_pct,Weekly actual points divided by optimal legal lineup points.,,,,,,,,,,,,,33.0,116.0,149.0,,,,,,,,,,,,,,,,,,,,,
weekly,16.0,Efficiency,11,zf53q9hdme32qmoe,Robertske,75.61,efficiency_pct,Weekly actual points divided by optimal legal lineup points.,,,,,,,,,,,,,35.0,108.5,143.5,,,,,,,,,,,,,,,,,,,,,
weekly,16.0,Efficiency,12,eaz9h4hfme2wdh8p,epatel3,74.0,efficiency_pct,Weekly actual points divided by optimal legal lineup points.,,,,,,,,,,,,,13.0,37.0,50.0,,,,,,,,,,,,,,,,,,,,,
weekly,17.0,Efficiency,1,eaz9h4hfme2wdh8p,epatel3,100.0,efficiency_pct,Weekly actual points divided by optimal legal lineup points.,,,,,,,,,,,,,0.0,69.0,69.0,,,,,,,,,,,,,,,,,,,,,
weekly,17.0,Efficiency,2,xnt9wpm9me0us0r4,yudesh,100.0,efficiency_pct,Weekly actual points divided by optimal legal lineup points.,,,,,,,,,,,,,0.0,133.0,133.0,,,,,,,,,,,,,,,,,,,,,
weekly,17.0,Efficiency,3,ne94j2bxme0vsmkq,Pot Splashers,97.85,efficiency_pct,Weekly actual points divided by optimal legal lineup points.,,,,,,,,,,,,,2.0,91.0,93.0,,,,,,,,,,,,,,,,,,,,,
weekly,17.0,Efficiency,4,zxivny5tme3hojrx,Count Doku,95.74,efficiency_pct,Weekly actual points divided by optimal legal lineup points.,,,,,,,,,,,,,3.0,67.5,70.5,,,,,,,,,,,,,,,,,,,,,
weekly,17.0,Efficiency,5,116s0o6ume0s7s58,Up the Arse-nal,93.59,efficiency_pct,Weekly actual points divided by optimal legal lineup points.,,,,,,,,,,,,,9.0,131.5,140.5,,,,,,,,,,,,,,,,,,,,,
weekly,17.0,Efficiency,6,fm7cv4p0me3j48nk,The Facerockers,92.45,efficiency_pct,Weekly actual points divided by optimal legal lineup points.,,,,,,,,,,,,,10.0,122.5,132.5,,,,,,,,,,,,,,,,,,,,,
weekly,17.0,Efficiency,7,0t8m7z91mdhjhvye,SUNNYD,91.84,efficiency_pct,Weekly actual points divided by optimal legal lineup points.,,,,,,,,,,,,,12.0,135.0,147.0,,,,,,,,,,,,,,,,,,,,,
weekly,17.0,Efficiency,8,qocqs3wjme34472y,KindComet,90.12,efficiency_pct,Weekly actual points divided by optimal legal lineup points.,,,,,,,,,,,,,12.0,109.5,121.5,,,,,,,,,,,,,,,,,,,,,
weekly,17.0,Efficiency,9,zf53q9hdme32qmoe,Robertske,85.78,efficiency_pct,Weekly actual points divided by optimal legal lineup points.,,,,,,,,,,,,,16.5,99.5,116.0,,,,,,,,,,,,,,,,,,,,,
weekly,17.0,Efficiency,10,ss2dromsme3cbmga,Berkshire’s Club,82.89,efficiency_pct,Weekly actual points divided by optimal legal lineup points.,,,,,,,,,,,,,25.5,123.5,149.0,,,,,,,,,,,,,,,,,,,,,
weekly,17.0,Efficiency,11,ih2b4z8ome1job2n,nhauptma,74.48,efficiency_pct,Weekly actual points divided by optimal legal lineup points.,,,,,,,,,,,,,24.5,71.5,96.0,,,,,,,,,,,,,,,,,,,,,
weekly,17.0,Efficiency,12,avv7b4d5me2tlsrt,wmuck1,62.0,efficiency_pct,Weekly actual points divided by optimal legal lineup points.,,,,,,,,,,,,,28.5,46.5,75.0,,,,,,,,,,,,,,,,,,,,,
weekly,18.0,Efficiency,1,eaz9h4hfme2wdh8p,epatel3,99.45,efficiency_pct,Weekly actual points divided by optimal legal lineup points.,,,,,,,,,,,,,0.5,90.0,90.5,,,,,,,,,,,,,,,,,,,,,
weekly,18.0,Efficiency,2,qocqs3wjme34472y,KindComet,97.25,efficiency_pct,Weekly actual points divided by optimal legal lineup points.,,,,,,,,,,,,,2.5,88.5,91.0,,,,,,,,,,,,,,,,,,,,,
weekly,18.0,Efficiency,3,avv7b4d5me2tlsrt,wmuck1,96.08,efficiency_pct,Weekly actual points divided by optimal legal lineup points.,,,,,,,,,,,,,3.0,73.5,76.5,,,,,,,,,,,,,,,,,,,,,
weekly,18.0,Efficiency,4,0t8m7z91mdhjhvye,SUNNYD,95.87,efficiency_pct,Weekly actual points divided by optimal legal lineup points.,,,,,,,,,,,,,6.5,151.0,157.5,,,,,,,,,,,,,,,,,,,,,
weekly,18.0,Efficiency,5,zxivny5tme3hojrx,Count Doku,95.7,efficiency_pct,Weekly actual points divided by optimal legal lineup points.,,,,,,,,,,,,,5.5,122.5,128.0,,,,,,,,,,,,,,,,,,,,,
weekly,18.0,Efficiency,6,ih2b4z8ome1job2n,nhauptma,93.84,efficiency_pct,Weekly actual points divided by optimal legal lineup points.,,,,,,,,,,,,,4.5,68.5,73.0,,,,,,,,,,,,,,,,,,,,,
weekly,18.0,Efficiency,7,ss2dromsme3cbmga,Berkshire’s Club,93.14,efficiency_pct,Weekly actual points divided by optimal legal lineup points.,,,,,,,,,,,,,9.5,129.0,138.5,,,,,,,,,,,,,,,,,,,,,
weekly,18.0,Efficiency,8,xnt9wpm9me0us0r4,yudesh,89.64,efficiency_pct,Weekly actual points divided by optimal legal lineup points.,,,,,,,,,,,,,18.5,160.0,178.5,,,,,,,,,,,,,,,,,,,,,
weekly,18.0,Efficiency,9,116s0o6ume0s7s58,Up the Arse-nal,88.26,efficiency_pct,Weekly actual points divided by optimal legal lineup points.,,,,,,,,,,,,,14.5,109.0,123.5,,,,,,,,,,,,,,,,,,,,,
weekly,18.0,Efficiency,10,fm7cv4p0me3j48nk,The Facerockers,87.23,efficiency_pct,Weekly actual points divided by optimal legal lineup points.,,,,,,,,,,,,,17.5,119.5,137.0,,,,,,,,,,,,,,,,,,,,,
weekly,18.0,Efficiency,11,ne94j2bxme0vsmkq,Pot Splashers,81.21,efficiency_pct,Weekly actual points divided by optimal legal lineup points.,,,,,,,,,,,,,15.5,67.0,82.5,,,,,,,,,,,,,,,,,,,,,
weekly,18.0,Efficiency,12,zf53q9hdme32qmoe,Robertske,67.43,efficiency_pct,Weekly actual points divided by optimal legal lineup points.,,,,,,,,,,,,,42.5,88.0,130.5,,,,,,,,,,,,,,,,,,,,,
weekly,19.0,Efficiency,1,ih2b4z8ome1job2n,nhauptma,100.0,efficiency_pct,Weekly actual points divided by optimal legal lineup points.,,,,,,,,,,,,,0.0,109.5,109.5,,,,,,,,,,,,,,,,,,,,,
weekly,19.0,Efficiency,2,xnt9wpm9me0us0r4,yudesh,100.0,efficiency_pct,Weekly actual points divided by optimal legal lineup points.,,,,,,,,,,,,,0.0,95.5,95.5,,,,,,,,,,,,,,,,,,,,,
weekly,19.0,Efficiency,3,avv7b4d5me2tlsrt,wmuck1,94.12,efficiency_pct,Weekly actual points divided by optimal legal lineup points.,,,,,,,,,,,,,5.0,80.0,85.0,,,,,,,,,,,,,,,,,,,,,
weekly,19.0,Efficiency,4,0t8m7z91mdhjhvye,SUNNYD,94.07,efficiency_pct,Weekly actual points divided by optimal legal lineup points.,,,,,,,,,,,,,7.0,111.0,118.0,,,,,,,,,,,,,,,,,,,,,
weekly,19.0,Efficiency,5,ss2dromsme3cbmga,Berkshire’s Club,94.03,efficiency_pct,Weekly actual points divided by optimal legal lineup points.,,,,,,,,,,,,,10.0,157.5,167.5,,,,,,,,,,,,,,,,,,,,,
weekly,19.0,Efficiency,6,eaz9h4hfme2wdh8p,epatel3,93.28,efficiency_pct,Weekly actual points divided by optimal legal lineup points.,,,,,,,,,,,,,9.0,125.0,134.0,,,,,,,,,,,,,,,,,,,,,
weekly,19.0,Efficiency,7,fm7cv4p0me3j48nk,The Facerockers,91.0,efficiency_pct,Weekly actual points divided by optimal legal lineup points.,,,,,,,,,,,,,9.0,91.0,100.0,,,,,,,,,,,,,,,,,,,,,
weekly,19.0,Efficiency,8,116s0o6ume0s7s58,Up the Arse-nal,89.96,efficiency_pct,Weekly actual points divided by optimal legal lineup points.,,,,,,,,,,,,,13.0,116.5,129.5,,,,,,,,,,,,,,,,,,,,,
weekly,19.0,Efficiency,9,ne94j2bxme0vsmkq,Pot Splashers,88.26,efficiency_pct,Weekly actual points divided by optimal legal lineup points.,,,,,,,,,,,,,12.5,94.0,106.5,,,,,,,,,,,,,,,,,,,,,
weekly,19.0,Efficiency,10,zf53q9hdme32qmoe,Robertske,88.07,efficiency_pct,Weekly actual points divided by optimal legal lineup points.,,,,,,,,,,,,,13.0,96.0,109.0,,,,,,,,,,,,,,,,,,,,,
weekly,19.0,Efficiency,11,zxivny5tme3hojrx,Count Doku,87.89,efficiency_pct,Weekly actual points divided by optimal legal lineup points.,,,,,,,,,,,,,15.5,112.5,128.0,,,,,,,,,,,,,,,,,,,,,
weekly,19.0,Efficiency,12,qocqs3wjme34472y,KindComet,83.54,efficiency_pct,Weekly actual points divided by optimal legal lineup points.,,,,,,,,,,,,,19.5,99.0,118.5,,,,,,,,,,,,,,,,,,,,,
weekly,20.0,Efficiency,1,xnt9wpm9me0us0r4,yudesh,100.0,efficiency_pct,Weekly actual points divided by optimal legal lineup points.,,,,,,,,,,,,,0.0,102.5,102.5,,,,,,,,,,,,,,,,,,,,,
weekly,20.0,Efficiency,2,ih2b4z8ome1job2n,nhauptma,95.71,efficiency_pct,Weekly actual points divided by optimal legal lineup points.,,,,,,,,,,,,,5.0,111.5,116.5,,,,,,,,,,,,,,,,,,,,,
weekly,20.0,Efficiency,3,ss2dromsme3cbmga,Berkshire’s Club,93.88,efficiency_pct,Weekly actual points divided by optimal legal lineup points.,,,,,,,,,,,,,6.0,92.0,98.0,,,,,,,,,,,,,,,,,,,,,
weekly,20.0,Efficiency,4,zxivny5tme3hojrx,Count Doku,91.62,efficiency_pct,Weekly actual points divided by optimal legal lineup points.,,,,,,,,,,,,,7.0,76.5,83.5,,,,,,,,,,,,,,,,,,,,,
weekly,20.0,Efficiency,5,qocqs3wjme34472y,KindComet,89.43,efficiency_pct,Weekly actual points divided by optimal legal lineup points.,,,,,,,,,,,,,19.5,165.0,184.5,,,,,,,,,,,,,,,,,,,,,
weekly,20.0,Efficiency,6,0t8m7z91mdhjhvye,SUNNYD,88.28,efficiency_pct,Weekly actual points divided by optimal legal lineup points.,,,,,,,,,,,,,16.0,120.5,136.5,,,,,,,,,,,,,,,,,,,,,
weekly,20.0,Efficiency,7,avv7b4d5me2tlsrt,wmuck1,84.88,efficiency_pct,Weekly actual points divided by optimal legal lineup points.,,,,,,,,,,,,,6.5,36.5,43.0,,,,,,,,,,,,,,,,,,,,,
weekly,20.0,Efficiency,8,eaz9h4hfme2wdh8p,epatel3,84.88,efficiency_pct,Weekly actual points divided by optimal legal lineup points.,,,,,,,,,,,,,13.0,73.0,86.0,,,,,,,,,,,,,,,,,,,,,
weekly,20.0,Efficiency,9,zf53q9hdme32qmoe,Robertske,78.01,efficiency_pct,Weekly actual points divided by optimal legal lineup points.,,,,,,,,,,,,,15.5,55.0,70.5,,,,,,,,,,,,,,,,,,,,,
weekly,20.0,Efficiency,10,fm7cv4p0me3j48nk,The Facerockers,76.51,efficiency_pct,Weekly actual points divided by optimal legal lineup points.,,,,,,,,,,,,,19.5,63.5,83.0,,,,,,,,,,,,,,,,,,,,,
weekly,20.0,Efficiency,11,ne94j2bxme0vsmkq,Pot Splashers,74.57,efficiency_pct,Weekly actual points divided by optimal legal lineup points.,,,,,,,,,,,,,29.5,86.5,116.0,,,,,,,,,,,,,,,,,,,,,
weekly,20.0,Efficiency,12,116s0o6ume0s7s58,Up the Arse-nal,70.97,efficiency_pct,Weekly actual points divided by optimal legal lineup points.,,,,,,,,,,,,,31.5,77.0,108.5,,,,,,,,,,,,,,,,,,,,,
weekly,21.0,Efficiency,1,ih2b4z8ome1job2n,nhauptma,100.0,efficiency_pct,Weekly actual points divided by optimal legal lineup points.,,,,,,,,,,,,,0.0,104.5,104.5,,,,,,,,,,,,,,,,,,,,,
weekly,21.0,Efficiency,2,xnt9wpm9me0us0r4,yudesh,100.0,efficiency_pct,Weekly actual points divided by optimal legal lineup points.,,,,,,,,,,,,,0.0,165.0,165.0,,,,,,,,,,,,,,,,,,,,,
weekly,21.0,Efficiency,3,zxivny5tme3hojrx,Count Doku,97.9,efficiency_pct,Weekly actual points divided by optimal legal lineup points.,,,,,,,,,,,,,2.5,116.5,119.0,,,,,,,,,,,,,,,,,,,,,
weekly,21.0,Efficiency,4,zf53q9hdme32qmoe,Robertske,95.83,efficiency_pct,Weekly actual points divided by optimal legal lineup points.,,,,,,,,,,,,,3.5,80.5,84.0,,,,,,,,,,,,,,,,,,,,,
weekly,21.0,Efficiency,5,116s0o6ume0s7s58,Up the Arse-nal,94.77,efficiency_pct,Weekly actual points divided by optimal legal lineup points.,,,,,,,,,,,,,9.0,163.0,172.0,,,,,,,,,,,,,,,,,,,,,
weekly,21.0,Efficiency,6,eaz9h4hfme2wdh8p,epatel3,89.86,efficiency_pct,Weekly actual points divided by optimal legal lineup points.,,,,,,,,,,,,,10.5,93.0,103.5,,,,,,,,,,,,,,,,,,,,,
weekly,21.0,Efficiency,7,0t8m7z91mdhjhvye,SUNNYD,87.77,efficiency_pct,Weekly actual points divided by optimal legal lineup points.,,,,,,,,,,,,,8.5,61.0,69.5,,,,,,,,,,,,,,,,,,,,,
weekly,21.0,Efficiency,8,fm7cv4p0me3j48nk,The Facerockers,87.2,efficiency_pct,Weekly actual points divided by optimal legal lineup points.,,,,,,,,,,,,,16.0,109.0,125.0,,,,,,,,,,,,,,,,,,,,,
weekly,21.0,Efficiency,9,qocqs3wjme34472y,KindComet,83.66,efficiency_pct,Weekly actual points divided by optimal legal lineup points.,,,,,,,,,,,,,21.0,107.5,128.5,,,,,,,,,,,,,,,,,,,,,
weekly,21.0,Efficiency,10,ss2dromsme3cbmga,Berkshire’s Club,77.95,efficiency_pct,Weekly actual points divided by optimal legal lineup points.,,,,,,,,,,,,,28.0,99.0,127.0,,,,,,,,,,,,,,,,,,,,,
weekly,21.0,Efficiency,11,avv7b4d5me2tlsrt,wmuck1,71.6,efficiency_pct,Weekly actual points divided by optimal legal lineup points.,,,,,,,,,,,,,24.0,60.5,84.5,,,,,,,,,,,,,,,,,,,,,
weekly,21.0,Efficiency,12,ne94j2bxme0vsmkq,Pot Splashers,71.31,efficiency_pct,Weekly actual points divided by optimal legal lineup points.,,,,,,,,,,,,,34.0,84.5,118.5,,,,,,,,,,,,,,,,,,,,,
weekly,22.0,Efficiency,1,ih2b4z8ome1job2n,nhauptma,100.0,efficiency_pct,Weekly actual points divided by optimal legal lineup points.,,,,,,,,,,,,,0.0,126.0,126.0,,,,,,,,,,,,,,,,,,,,,
weekly,22.0,Efficiency,2,ne94j2bxme0vsmkq,Pot Splashers,100.0,efficiency_pct,Weekly actual points divided by optimal legal lineup points.,,,,,,,,,,,,,0.0,129.0,129.0,,,,,,,,,,,,,,,,,,,,,
weekly,22.0,Efficiency,3,eaz9h4hfme2wdh8p,epatel3,99.13,efficiency_pct,Weekly actual points divided by optimal legal lineup points.,,,,,,,,,,,,,1.0,114.0,115.0,,,,,,,,,,,,,,,,,,,,,
weekly,22.0,Efficiency,4,qocqs3wjme34472y,KindComet,96.68,efficiency_pct,Weekly actual points divided by optimal legal lineup points.,,,,,,,,,,,,,4.0,116.5,120.5,,,,,,,,,,,,,,,,,,,,,
weekly,22.0,Efficiency,5,zf53q9hdme32qmoe,Robertske,93.83,efficiency_pct,Weekly actual points divided by optimal legal lineup points.,,,,,,,,,,,,,2.5,38.0,40.5,,,,,,,,,,,,,,,,,,,,,
weekly,22.0,Efficiency,6,xnt9wpm9me0us0r4,yudesh,88.67,efficiency_pct,Weekly actual points divided by optimal legal lineup points.,,,,,,,,,,,,,17.0,133.0,150.0,,,,,,,,,,,,,,,,,,,,,
weekly,22.0,Efficiency,7,zxivny5tme3hojrx,Count Doku,88.51,efficiency_pct,Weekly actual points divided by optimal legal lineup points.,,,,,,,,,,,,,10.0,77.0,87.0,,,,,,,,,,,,,,,,,,,,,
weekly,22.0,Efficiency,8,avv7b4d5me2tlsrt,wmuck1,85.39,efficiency_pct,Weekly actual points divided by optimal legal lineup points.,,,,,,,,,,,,,13.0,76.0,89.0,,,,,,,,,,,,,,,,,,,,,
weekly,22.0,Efficiency,9,ss2dromsme3cbmga,Berkshire’s Club,85.26,efficiency_pct,Weekly actual points divided by optimal legal lineup points.,,,,,,,,,,,,,11.5,66.5,78.0,,,,,,,,,,,,,,,,,,,,,
weekly,22.0,Efficiency,10,0t8m7z91mdhjhvye,SUNNYD,84.95,efficiency_pct,Weekly actual points divided by optimal legal lineup points.,,,,,,,,,,,,,22.5,127.0,149.5,,,,,,,,,,,,,,,,,,,,,
weekly,22.0,Efficiency,11,116s0o6ume0s7s58,Up the Arse-nal,77.09,efficiency_pct,Weekly actual points divided by optimal legal lineup points.,,,,,,,,,,,,,26.0,87.5,113.5,,,,,,,,,,,,,,,,,,,,,
weekly,22.0,Efficiency,12,fm7cv4p0me3j48nk,The Facerockers,70.8,efficiency_pct,Weekly actual points divided by optimal legal lineup points.,,,,,,,,,,,,,33.0,80.0,113.0,,,,,,,,,,,,,,,,,,,,,
weekly,23.0,Efficiency,1,eaz9h4hfme2wdh8p,epatel3,90.46,efficiency_pct,Weekly actual points divided by optimal legal lineup points.,,,,,,,,,,,,,12.5,118.5,131.0,,,,,,,,,,,,,,,,,,,,,
weekly,23.0,Efficiency,2,ne94j2bxme0vsmkq,Pot Splashers,88.41,efficiency_pct,Weekly actual points divided by optimal legal lineup points.,,,,,,,,,,,,,9.5,72.5,82.0,,,,,,,,,,,,,,,,,,,,,
weekly,23.0,Efficiency,3,xnt9wpm9me0us0r4,yudesh,88.1,efficiency_pct,Weekly actual points divided by optimal legal lineup points.,,,,,,,,,,,,,16.0,118.5,134.5,,,,,,,,,,,,,,,,,,,,,
weekly,23.0,Efficiency,4,avv7b4d5me2tlsrt,wmuck1,87.21,efficiency_pct,Weekly actual points divided by optimal legal lineup points.,,,,,,,,,,,,,14.0,95.5,109.5,,,,,,,,,,,,,,,,,,,,,
weekly,23.0,Efficiency,5,fm7cv4p0me3j48nk,The Facerockers,86.31,efficiency_pct,Weekly actual points divided by optimal legal lineup points.,,,,,,,,,,,,,18.0,113.5,131.5,,,,,,,,,,,,,,,,,,,,,
weekly,23.0,Efficiency,6,ih2b4z8ome1job2n,nhauptma,83.98,efficiency_pct,Weekly actual points divided by optimal legal lineup points.,,,,,,,,,,,,,18.5,97.0,115.5,,,,,,,,,,,,,,,,,,,,,
weekly,23.0,Efficiency,7,qocqs3wjme34472y,KindComet,83.77,efficiency_pct,Weekly actual points divided by optimal legal lineup points.,,,,,,,,,,,,,12.5,64.5,77.0,,,,,,,,,,,,,,,,,,,,,
weekly,23.0,Efficiency,8,zf53q9hdme32qmoe,Robertske,82.35,efficiency_pct,Weekly actual points divided by optimal legal lineup points.,,,,,,,,,,,,,15.0,70.0,85.0,,,,,,,,,,,,,,,,,,,,,
weekly,23.0,Efficiency,9,0t8m7z91mdhjhvye,SUNNYD,80.33,efficiency_pct,Weekly actual points divided by optimal legal lineup points.,,,,,,,,,,,,,24.0,98.0,122.0,,,,,,,,,,,,,,,,,,,,,
weekly,23.0,Efficiency,10,ss2dromsme3cbmga,Berkshire’s Club,78.55,efficiency_pct,Weekly actual points divided by optimal legal lineup points.,,,,,,,,,,,,,41.5,152.0,193.5,,,,,,,,,,,,,,,,,,,,,
weekly,23.0,Efficiency,11,116s0o6ume0s7s58,Up the Arse-nal,72.36,efficiency_pct,Weekly actual points divided by optimal legal lineup points.,,,,,,,,,,,,,17.0,44.5,61.5,,,,,,,,,,,,,,,,,,,,,
weekly,23.0,Efficiency,12,zxivny5tme3hojrx,Count Doku,54.13,efficiency_pct,Weekly actual points divided by optimal legal lineup points.,,,,,,,,,,,,,50.0,59.0,109.0,,,,,,,,,,,,,,,,,,,,,
weekly,24.0,Efficiency,1,zf53q9hdme32qmoe,Robertske,97.64,efficiency_pct,Weekly actual points divided by optimal legal lineup points.,,,,,,,,,,,,,2.5,103.5,106.0,,,,,,,,,,,,,,,,,,,,,
weekly,24.0,Efficiency,2,ih2b4z8ome1job2n,nhauptma,97.35,efficiency_pct,Weekly actual points divided by optimal legal lineup points.,,,,,,,,,,,,,3.0,110.0,113.0,,,,,,,,,,,,,,,,,,,,,
weekly,24.0,Efficiency,3,eaz9h4hfme2wdh8p,epatel3,96.79,efficiency_pct,Weekly actual points divided by optimal legal lineup points.,,,,,,,,,,,,,4.5,135.5,140.0,,,,,,,,,,,,,,,,,,,,,
weekly,24.0,Efficiency,4,zxivny5tme3hojrx,Count Doku,91.77,efficiency_pct,Weekly actual points divided by optimal legal lineup points.,,,,,,,,,,,,,9.5,106.0,115.5,,,,,,,,,,,,,,,,,,,,,
weekly,24.0,Efficiency,5,ss2dromsme3cbmga,Berkshire’s Club,90.77,efficiency_pct,Weekly actual points divided by optimal legal lineup points.,,,,,,,,,,,,,12.0,118.0,130.0,,,,,,,,,,,,,,,,,,,,,
weekly,24.0,Efficiency,6,116s0o6ume0s7s58,Up the Arse-nal,90.71,efficiency_pct,Weekly actual points divided by optimal legal lineup points.,,,,,,,,,,,,,10.5,102.5,113.0,,,,,,,,,,,,,,,,,,,,,
weekly,24.0,Efficiency,7,fm7cv4p0me3j48nk,The Facerockers,88.39,efficiency_pct,Weekly actual points divided by optimal legal lineup points.,,,,,,,,,,,,,13.0,99.0,112.0,,,,,,,,,,,,,,,,,,,,,
weekly,24.0,Efficiency,8,qocqs3wjme34472y,KindComet,86.02,efficiency_pct,Weekly actual points divided by optimal legal lineup points.,,,,,,,,,,,,,13.0,80.0,93.0,,,,,,,,,,,,,,,,,,,,,
weekly,24.0,Efficiency,9,xnt9wpm9me0us0r4,yudesh,85.95,efficiency_pct,Weekly actual points divided by optimal legal lineup points.,,,,,,,,,,,,,17.0,104.0,121.0,,,,,,,,,,,,,,,,,,,,,
weekly,24.0,Efficiency,10,avv7b4d5me2tlsrt,wmuck1,84.44,efficiency_pct,Weekly actual points divided by optimal legal lineup points.,,,,,,,,,,,,,21.0,114.0,135.0,,,,,,,,,,,,,,,,,,,,,
weekly,24.0,Efficiency,11,ne94j2bxme0vsmkq,Pot Splashers,80.26,efficiency_pct,Weekly actual points divided by optimal legal lineup points.,,,,,,,,,,,,,22.5,91.5,114.0,,,,,,,,,,,,,,,,,,,,,
weekly,24.0,Efficiency,12,0t8m7z91mdhjhvye,SUNNYD,79.77,efficiency_pct,Weekly actual points divided by optimal legal lineup points.,,,,,,,,,,,,,26.5,104.5,131.0,,,,,,,,,,,,,,,,,,,,,
weekly,25.0,Efficiency,1,qocqs3wjme34472y,KindComet,100.0,efficiency_pct,Weekly actual points divided by optimal legal lineup points.,,,,,,,,,,,,,0.0,133.5,133.5,,,,,,,,,,,,,,,,,,,,,
weekly,25.0,Efficiency,2,zxivny5tme3hojrx,Count Doku,100.0,efficiency_pct,Weekly actual points divided by optimal legal lineup points.,,,,,,,,,,,,,0.0,43.0,43.0,,,,,,,,,,,,,,,,,,,,,
weekly,25.0,Efficiency,3,zf53q9hdme32qmoe,Robertske,99.49,efficiency_pct,Weekly actual points divided by optimal legal lineup points.,,,,,,,,,,,,,0.5,98.5,99.0,,,,,,,,,,,,,,,,,,,,,
weekly,25.0,Efficiency,4,ne94j2bxme0vsmkq,Pot Splashers,97.35,efficiency_pct,Weekly actual points divided by optimal legal lineup points.,,,,,,,,,,,,,3.5,128.5,132.0,,,,,,,,,,,,,,,,,,,,,
weekly,25.0,Efficiency,5,ss2dromsme3cbmga,Berkshire’s Club,96.48,efficiency_pct,Weekly actual points divided by optimal legal lineup points.,,,,,,,,,,,,,5.0,137.0,142.0,,,,,,,,,,,,,,,,,,,,,
weekly,25.0,Efficiency,6,116s0o6ume0s7s58,Up the Arse-nal,96.39,efficiency_pct,Weekly actual points divided by optimal legal lineup points.,,,,,,,,,,,,,3.5,93.5,97.0,,,,,,,,,,,,,,,,,,,,,
weekly,25.0,Efficiency,7,ih2b4z8ome1job2n,nhauptma,96.17,efficiency_pct,Weekly actual points divided by optimal legal lineup points.,,,,,,,,,,,,,4.0,100.5,104.5,,,,,,,,,,,,,,,,,,,,,
weekly,25.0,Efficiency,8,0t8m7z91mdhjhvye,SUNNYD,95.33,efficiency_pct,Weekly actual points divided by optimal legal lineup points.,,,,,,,,,,,,,3.5,71.5,75.0,,,,,,,,,,,,,,,,,,,,,
weekly,25.0,Efficiency,9,eaz9h4hfme2wdh8p,epatel3,94.08,efficiency_pct,Weekly actual points divided by optimal legal lineup points.,,,,,,,,,,,,,9.0,143.0,152.0,,,,,,,,,,,,,,,,,,,,,
weekly,25.0,Efficiency,10,avv7b4d5me2tlsrt,wmuck1,88.11,efficiency_pct,Weekly actual points divided by optimal legal lineup points.,,,,,,,,,,,,,13.5,100.0,113.5,,,,,,,,,,,,,,,,,,,,,
weekly,25.0,Efficiency,11,fm7cv4p0me3j48nk,The Facerockers,73.89,efficiency_pct,Weekly actual points divided by optimal legal lineup points.,,,,,,,,,,,,,23.5,66.5,90.0,,,,,,,,,,,,,,,,,,,,,
weekly,25.0,Efficiency,12,xnt9wpm9me0us0r4,yudesh,64.97,efficiency_pct,Weekly actual points divided by optimal legal lineup points.,,,,,,,,,,,,,51.5,95.5,147.0,,,,,,,,,,,,,,,,,,,,,
weekly,26.0,Efficiency,1,zf53q9hdme32qmoe,Robertske,100.0,efficiency_pct,Weekly actual points divided by optimal legal lineup points.,,,,,,,,,,,,,0.0,73.5,73.5,,,,,,,,,,,,,,,,,,,,,
weekly,26.0,Efficiency,2,ss2dromsme3cbmga,Berkshire’s Club,96.26,efficiency_pct,Weekly actual points divided by optimal legal lineup points.,,,,,,,,,,,,,6.0,154.5,160.5,,,,,,,,,,,,,,,,,,,,,
weekly,26.0,Efficiency,3,116s0o6ume0s7s58,Up the Arse-nal,95.48,efficiency_pct,Weekly actual points divided by optimal legal lineup points.,,,,,,,,,,,,,3.5,74.0,77.5,,,,,,,,,,,,,,,,,,,,,
weekly,26.0,Efficiency,4,ne94j2bxme0vsmkq,Pot Splashers,93.0,efficiency_pct,Weekly actual points divided by optimal legal lineup points.,,,,,,,,,,,,,8.5,113.0,121.5,,,,,,,,,,,,,,,,,,,,,
weekly,26.0,Efficiency,5,avv7b4d5me2tlsrt,wmuck1,92.25,efficiency_pct,Weekly actual points divided by optimal legal lineup points.,,,,,,,,,,,,,5.5,65.5,71.0,,,,,,,,,,,,,,,,,,,,,
weekly,26.0,Efficiency,6,eaz9h4hfme2wdh8p,epatel3,89.11,efficiency_pct,Weekly actual points divided by optimal legal lineup points.,,,,,,,,,,,,,13.5,110.5,124.0,,,,,,,,,,,,,,,,,,,,,
weekly,26.0,Efficiency,7,qocqs3wjme34472y,KindComet,87.62,efficiency_pct,Weekly actual points divided by optimal legal lineup points.,,,,,,,,,,,,,13.0,92.0,105.0,,,,,,,,,,,,,,,,,,,,,
weekly,26.0,Efficiency,8,zxivny5tme3hojrx,Count Doku,86.99,efficiency_pct,Weekly actual points divided by optimal legal lineup points.,,,,,,,,,,,,,16.0,107.0,123.0,,,,,,,,,,,,,,,,,,,,,
weekly,26.0,Efficiency,9,fm7cv4p0me3j48nk,The Facerockers,86.72,efficiency_pct,Weekly actual points divided by optimal legal lineup points.,,,,,,,,,,,,,16.0,104.5,120.5,,,,,,,,,,,,,,,,,,,,,
weekly,26.0,Efficiency,10,0t8m7z91mdhjhvye,SUNNYD,79.08,efficiency_pct,Weekly actual points divided by optimal legal lineup points.,,,,,,,,,,,,,29.5,111.5,141.0,,,,,,,,,,,,,,,,,,,,,
weekly,26.0,Efficiency,11,ih2b4z8ome1job2n,nhauptma,71.03,efficiency_pct,Weekly actual points divided by optimal legal lineup points.,,,,,,,,,,,,,31.0,76.0,107.0,,,,,,,,,,,,,,,,,,,,,
weekly,26.0,Efficiency,12,xnt9wpm9me0us0r4,yudesh,69.02,efficiency_pct,Weekly actual points divided by optimal legal lineup points.,,,,,,,,,,,,,28.5,63.5,92.0,,,,,,,,,,,,,,,,,,,,,
weekly,27.0,Efficiency,1,eaz9h4hfme2wdh8p,epatel3,98.72,efficiency_pct,Weekly actual points divided by optimal legal lineup points.,,,,,,,,,,,,,1.5,116.0,117.5,,,,,,,,,,,,,,,,,,,,,
weekly,27.0,Efficiency,2,0t8m7z91mdhjhvye,SUNNYD,98.53,efficiency_pct,Weekly actual points divided by optimal legal lineup points.,,,,,,,,,,,,,1.5,100.5,102.0,,,,,,,,,,,,,,,,,,,,,
weekly,27.0,Efficiency,3,ih2b4z8ome1job2n,nhauptma,97.81,efficiency_pct,Weekly actual points divided by optimal legal lineup points.,,,,,,,,,,,,,3.5,156.5,160.0,,,,,,,,,,,,,,,,,,,,,
weekly,27.0,Efficiency,4,zf53q9hdme32qmoe,Robertske,97.62,efficiency_pct,Weekly actual points divided by optimal legal lineup points.,,,,,,,,,,,,,2.5,102.5,105.0,,,,,,,,,,,,,,,,,,,,,
weekly,27.0,Efficiency,5,fm7cv4p0me3j48nk,The Facerockers,95.21,efficiency_pct,Weekly actual points divided by optimal legal lineup points.,,,,,,,,,,,,,7.0,139.0,146.0,,,,,,,,,,,,,,,,,,,,,
weekly,27.0,Efficiency,6,ne94j2bxme0vsmkq,Pot Splashers,91.47,efficiency_pct,Weekly actual points divided by optimal legal lineup points.,,,,,,,,,,,,,9.0,96.5,105.5,,,,,,,,,,,,,,,,,,,,,
weekly,27.0,Efficiency,7,zxivny5tme3hojrx,Count Doku,81.9,efficiency_pct,Weekly actual points divided by optimal legal lineup points.,,,,,,,,,,,,,20.0,90.5,110.5,,,,,,,,,,,,,,,,,,,,,
weekly,27.0,Efficiency,8,xnt9wpm9me0us0r4,yudesh,81.08,efficiency_pct,Weekly actual points divided by optimal legal lineup points.,,,,,,,,,,,,,21.0,90.0,111.0,,,,,,,,,,,,,,,,,,,,,
weekly,27.0,Efficiency,9,116s0o6ume0s7s58,Up the Arse-nal,80.65,efficiency_pct,Weekly actual points divided by optimal legal lineup points.,,,,,,,,,,,,,21.0,87.5,108.5,,,,,,,,,,,,,,,,,,,,,
weekly,27.0,Efficiency,10,ss2dromsme3cbmga,Berkshire’s Club,79.29,efficiency_pct,Weekly actual points divided by optimal legal lineup points.,,,,,,,,,,,,,29.0,111.0,140.0,,,,,,,,,,,,,,,,,,,,,
weekly,27.0,Efficiency,11,avv7b4d5me2tlsrt,wmuck1,74.38,efficiency_pct,Weekly actual points divided by optimal legal lineup points.,,,,,,,,,,,,,31.0,90.0,121.0,,,,,,,,,,,,,,,,,,,,,
weekly,27.0,Efficiency,12,qocqs3wjme34472y,KindComet,66.82,efficiency_pct,Weekly actual points divided by optimal legal lineup points.,,,,,,,,,,,,,36.0,72.5,108.5,,,,,,,,,,,,,,,,,,,,,
weekly,28.0,Efficiency,1,ih2b4z8ome1job2n,nhauptma,100.0,efficiency_pct,Weekly actual points divided by optimal legal lineup points.,,,,,,,,,,,,,0.0,147.0,147.0,,,,,,,,,,,,,,,,,,,,,
weekly,28.0,Efficiency,2,ne94j2bxme0vsmkq,Pot Splashers,97.38,efficiency_pct,Weekly actual points divided by optimal legal lineup points.,,,,,,,,,,,,,3.0,111.5,114.5,,,,,,,,,,,,,,,,,,,,,
weekly,28.0,Efficiency,3,0t8m7z91mdhjhvye,SUNNYD,96.03,efficiency_pct,Weekly actual points divided by optimal legal lineup points.,,,,,,,,,,,,,5.0,121.0,126.0,,,,,,,,,,,,,,,,,,,,,
weekly,28.0,Efficiency,4,116s0o6ume0s7s58,Up the Arse-nal,93.2,efficiency_pct,Weekly actual points divided by optimal legal lineup points.,,,,,,,,,,,,,11.5,157.5,169.0,,,,,,,,,,,,,,,,,,,,,
weekly,28.0,Efficiency,5,eaz9h4hfme2wdh8p,epatel3,93.16,efficiency_pct,Weekly actual points divided by optimal legal lineup points.,,,,,,,,,,,,,9.0,122.5,131.5,,,,,,,,,,,,,,,,,,,,,
weekly,28.0,Efficiency,6,ss2dromsme3cbmga,Berkshire’s Club,92.68,efficiency_pct,Weekly actual points divided by optimal legal lineup points.,,,,,,,,,,,,,10.5,133.0,143.5,,,,,,,,,,,,,,,,,,,,,
weekly,28.0,Efficiency,7,xnt9wpm9me0us0r4,yudesh,90.06,efficiency_pct,Weekly actual points divided by optimal legal lineup points.,,,,,,,,,,,,,9.0,81.5,90.5,,,,,,,,,,,,,,,,,,,,,
weekly,28.0,Efficiency,8,avv7b4d5me2tlsrt,wmuck1,86.25,efficiency_pct,Weekly actual points divided by optimal legal lineup points.,,,,,,,,,,,,,16.5,103.5,120.0,,,,,,,,,,,,,,,,,,,,,
weekly,28.0,Efficiency,9,zf53q9hdme32qmoe,Robertske,85.71,efficiency_pct,Weekly actual points divided by optimal legal lineup points.,,,,,,,,,,,,,5.0,30.0,35.0,,,,,,,,,,,,,,,,,,,,,
weekly,28.0,Efficiency,10,qocqs3wjme34472y,KindComet,81.61,efficiency_pct,Weekly actual points divided by optimal legal lineup points.,,,,,,,,,,,,,20.5,91.0,111.5,,,,,,,,,,,,,,,,,,,,,
weekly,28.0,Efficiency,11,fm7cv4p0me3j48nk,The Facerockers,78.08,efficiency_pct,Weekly actual points divided by optimal legal lineup points.,,,,,,,,,,,,,24.0,85.5,109.5,,,,,,,,,,,,,,,,,,,,,
weekly,28.0,Efficiency,12,zxivny5tme3hojrx,Count Doku,64.08,efficiency_pct,Weekly actual points divided by optimal legal lineup points.,,,,,,,,,,,,,25.5,45.5,71.0,,,,,,,,,,,,,,,,,,,,,
weekly,29.0,Efficiency,1,0t8m7z91mdhjhvye,SUNNYD,100.0,efficiency_pct,Weekly actual points divided by optimal legal lineup points.,,,,,,,,,,,,,0.0,124.5,124.5,,,,,,,,,,,,,,,,,,,,,
weekly,29.0,Efficiency,2,eaz9h4hfme2wdh8p,epatel3,99.61,efficiency_pct,Weekly actual points divided by optimal legal lineup points.,,,,,,,,,,,,,0.5,128.0,128.5,,,,,,,,,,,,,,,,,,,,,
weekly,29.0,Efficiency,3,xnt9wpm9me0us0r4,yudesh,98.6,efficiency_pct,Weekly actual points divided by optimal legal lineup points.,,,,,,,,,,,,,1.5,105.5,107.0,,,,,,,,,,,,,,,,,,,,,
weekly,29.0,Efficiency,4,116s0o6ume0s7s58,Up the Arse-nal,96.06,efficiency_pct,Weekly actual points divided by optimal legal lineup points.,,,,,,,,,,,,,5.5,134.0,139.5,,,,,,,,,,,,,,,,,,,,,
weekly,29.0,Efficiency,5,ih2b4z8ome1job2n,nhauptma,93.78,efficiency_pct,Weekly actual points divided by optimal legal lineup points.,,,,,,,,,,,,,7.0,105.5,112.5,,,,,,,,,,,,,,,,,,,,,
weekly,29.0,Efficiency,6,zxivny5tme3hojrx,Count Doku,93.41,efficiency_pct,Weekly actual points divided by optimal legal lineup points.,,,,,,,,,,,,,8.5,120.5,129.0,,,,,,,,,,,,,,,,,,,,,
weekly,29.0,Efficiency,7,zf53q9hdme32qmoe,Robertske,87.83,efficiency_pct,Weekly actual points divided by optimal legal lineup points.,,,,,,,,,,,,,7.0,50.5,57.5,,,,,,,,,,,,,,,,,,,,,
weekly,29.0,Efficiency,8,qocqs3wjme34472y,KindComet,87.8,efficiency_pct,Weekly actual points divided by optimal legal lineup points.,,,,,,,,,,,,,10.0,72.0,82.0,,,,,,,,,,,,,,,,,,,,,
weekly,29.0,Efficiency,9,ss2dromsme3cbmga,Berkshire’s Club,87.69,efficiency_pct,Weekly actual points divided by optimal legal lineup points.,,,,,,,,,,,,,20.0,142.5,162.5,,,,,,,,,,,,,,,,,,,,,
weekly,29.0,Efficiency,10,ne94j2bxme0vsmkq,Pot Splashers,76.34,efficiency_pct,Weekly actual points divided by optimal legal lineup points.,,,,,,,,,,,,,26.5,85.5,112.0,,,,,,,,,,,,,,,,,,,,,
weekly,29.0,Efficiency,11,fm7cv4p0me3j48nk,The Facerockers,72.9,efficiency_pct,Weekly actual points divided by optimal legal lineup points.,,,,,,,,,,,,,29.0,78.0,107.0,,,,,,,,,,,,,,,,,,,,,
weekly,29.0,Efficiency,12,avv7b4d5me2tlsrt,wmuck1,65.0,efficiency_pct,Weekly actual points divided by optimal legal lineup points.,,,,,,,,,,,,,31.5,58.5,90.0,,,,,,,,,,,,,,,,,,,,,
weekly,30.0,Efficiency,1,qocqs3wjme34472y,KindComet,100.0,efficiency_pct,Weekly actual points divided by optimal legal lineup points.,,,,,,,,,,,,,0.0,116.5,116.5,,,,,,,,,,,,,,,,,,,,,
weekly,30.0,Efficiency,2,eaz9h4hfme2wdh8p,epatel3,96.23,efficiency_pct,Weekly actual points divided by optimal legal lineup points.,,,,,,,,,,,,,5.5,140.5,146.0,,,,,,,,,,,,,,,,,,,,,
weekly,30.0,Efficiency,3,xnt9wpm9me0us0r4,yudesh,94.98,efficiency_pct,Weekly actual points divided by optimal legal lineup points.,,,,,,,,,,,,,7.5,142.0,149.5,,,,,,,,,,,,,,,,,,,,,
weekly,30.0,Efficiency,4,0t8m7z91mdhjhvye,SUNNYD,94.5,efficiency_pct,Weekly actual points divided by optimal legal lineup points.,,,,,,,,,,,,,6.0,103.0,109.0,,,,,,,,,,,,,,,,,,,,,
weekly,30.0,Efficiency,5,fm7cv4p0me3j48nk,The Facerockers,92.91,efficiency_pct,Weekly actual points divided by optimal legal lineup points.,,,,,,,,,,,,,9.0,118.0,127.0,,,,,,,,,,,,,,,,,,,,,
weekly,30.0,Efficiency,6,avv7b4d5me2tlsrt,wmuck1,90.54,efficiency_pct,Weekly actual points divided by optimal legal lineup points.,,,,,,,,,,,,,10.5,100.5,111.0,,,,,,,,,,,,,,,,,,,,,
weekly,30.0,Efficiency,7,zf53q9hdme32qmoe,Robertske,85.92,efficiency_pct,Weekly actual points divided by optimal legal lineup points.,,,,,,,,,,,,,10.0,61.0,71.0,,,,,,,,,,,,,,,,,,,,,
weekly,30.0,Efficiency,8,116s0o6ume0s7s58,Up the Arse-nal,82.63,efficiency_pct,Weekly actual points divided by optimal legal lineup points.,,,,,,,,,,,,,14.5,69.0,83.5,,,,,,,,,,,,,,,,,,,,,
weekly,30.0,Efficiency,9,ne94j2bxme0vsmkq,Pot Splashers,82.1,efficiency_pct,Weekly actual points divided by optimal legal lineup points.,,,,,,,,,,,,,23.0,105.5,128.5,,,,,,,,,,,,,,,,,,,,,
weekly,30.0,Efficiency,10,zxivny5tme3hojrx,Count Doku,79.17,efficiency_pct,Weekly actual points divided by optimal legal lineup points.,,,,,,,,,,,,,27.5,104.5,132.0,,,,,,,,,,,,,,,,,,,,,
weekly,30.0,Efficiency,11,ss2dromsme3cbmga,Berkshire’s Club,77.83,efficiency_pct,Weekly actual points divided by optimal legal lineup points.,,,,,,,,,,,,,25.5,89.5,115.0,,,,,,,,,,,,,,,,,,,,,
weekly,30.0,Efficiency,12,ih2b4z8ome1job2n,nhauptma,65.75,efficiency_pct,Weekly actual points divided by optimal legal lineup points.,,,,,,,,,,,,,37.5,72.0,109.5,,,,,,,,,,,,,,,,,,,,,
weekly,31.0,Efficiency,1,0t8m7z91mdhjhvye,SUNNYD,100.0,efficiency_pct,Weekly actual points divided by optimal legal lineup points.,,,,,,,,,,,,,0.0,50.0,50.0,,,,,,,,,,,,,,,,,,,,,
weekly,31.0,Efficiency,2,116s0o6ume0s7s58,Up the Arse-nal,100.0,efficiency_pct,Weekly actual points divided by optimal legal lineup points.,,,,,,,,,,,,,0.0,126.5,126.5,,,,,,,,,,,,,,,,,,,,,
weekly,31.0,Efficiency,3,eaz9h4hfme2wdh8p,epatel3,100.0,efficiency_pct,Weekly actual points divided by optimal legal lineup points.,,,,,,,,,,,,,0.0,74.5,74.5,,,,,,,,,,,,,,,,,,,,,
weekly,31.0,Efficiency,4,ss2dromsme3cbmga,Berkshire’s Club,100.0,efficiency_pct,Weekly actual points divided by optimal legal lineup points.,,,,,,,,,,,,,0.0,99.5,99.5,,,,,,,,,,,,,,,,,,,,,
weekly,31.0,Efficiency,5,xnt9wpm9me0us0r4,yudesh,97.96,efficiency_pct,Weekly actual points divided by optimal legal lineup points.,,,,,,,,,,,,,2.0,96.0,98.0,,,,,,,,,,,,,,,,,,,,,
weekly,31.0,Efficiency,6,zxivny5tme3hojrx,Count Doku,95.71,efficiency_pct,Weekly actual points divided by optimal legal lineup points.,,,,,,,,,,,,,6.0,134.0,140.0,,,,,,,,,,,,,,,,,,,,,
weekly,31.0,Efficiency,7,avv7b4d5me2tlsrt,wmuck1,91.36,efficiency_pct,Weekly actual points divided by optimal legal lineup points.,,,,,,,,,,,,,10.5,111.0,121.5,,,,,,,,,,,,,,,,,,,,,
weekly,31.0,Efficiency,8,qocqs3wjme34472y,KindComet,90.99,efficiency_pct,Weekly actual points divided by optimal legal lineup points.,,,,,,,,,,,,,10.0,101.0,111.0,,,,,,,,,,,,,,,,,,,,,
weekly,31.0,Efficiency,9,ne94j2bxme0vsmkq,Pot Splashers,87.91,efficiency_pct,Weekly actual points divided by optimal legal lineup points.,,,,,,,,,,,,,13.0,94.5,107.5,,,,,,,,,,,,,,,,,,,,,
weekly,31.0,Efficiency,10,ih2b4z8ome1job2n,nhauptma,87.5,efficiency_pct,Weekly actual points divided by optimal legal lineup points.,,,,,,,,,,,,,8.5,59.5,68.0,,,,,,,,,,,,,,,,,,,,,
weekly,31.0,Efficiency,11,fm7cv4p0me3j48nk,The Facerockers,87.44,efficiency_pct,Weekly actual points divided by optimal legal lineup points.,,,,,,,,,,,,,13.0,90.5,103.5,,,,,,,,,,,,,,,,,,,,,
weekly,31.0,Efficiency,12,zf53q9hdme32qmoe,Robertske,56.76,efficiency_pct,Weekly actual points divided by optimal legal lineup points.,,,,,,,,,,,,,8.0,10.5,18.5,,,,,,,,,,,,,,,,,,,,,
weekly,32.0,Efficiency,1,ne94j2bxme0vsmkq,Pot Splashers,100.0,efficiency_pct,Weekly actual points divided by optimal legal lineup points.,,,,,,,,,,,,,0.0,99.5,99.5,,,,,,,,,,,,,,,,,,,,,
weekly,32.0,Efficiency,2,ss2dromsme3cbmga,Berkshire’s Club,97.92,efficiency_pct,Weekly actual points divided by optimal legal lineup points.,,,,,,,,,,,,,3.0,141.5,144.5,,,,,,,,,,,,,,,,,,,,,
weekly,32.0,Efficiency,3,fm7cv4p0me3j48nk,The Facerockers,96.19,efficiency_pct,Weekly actual points divided by optimal legal lineup points.,,,,,,,,,,,,,4.5,113.5,118.0,,,,,,,,,,,,,,,,,,,,,
weekly,32.0,Efficiency,4,xnt9wpm9me0us0r4,yudesh,95.96,efficiency_pct,Weekly actual points divided by optimal legal lineup points.,,,,,,,,,,,,,4.0,95.0,99.0,,,,,,,,,,,,,,,,,,,,,
weekly,32.0,Efficiency,5,eaz9h4hfme2wdh8p,epatel3,95.64,efficiency_pct,Weekly actual points divided by optimal legal lineup points.,,,,,,,,,,,,,6.5,142.5,149.0,,,,,,,,,,,,,,,,,,,,,
weekly,32.0,Efficiency,6,qocqs3wjme34472y,KindComet,95.5,efficiency_pct,Weekly actual points divided by optimal legal lineup points.,,,,,,,,,,,,,7.0,148.5,155.5,,,,,,,,,,,,,,,,,,,,,
weekly,32.0,Efficiency,7,zf53q9hdme32qmoe,Robertske,92.98,efficiency_pct,Weekly actual points divided by optimal legal lineup points.,,,,,,,,,,,,,6.0,79.5,85.5,,,,,,,,,,,,,,,,,,,,,
weekly,32.0,Efficiency,8,zxivny5tme3hojrx,Count Doku,92.13,efficiency_pct,Weekly actual points divided by optimal legal lineup points.,,,,,,,,,,,,,10.0,117.0,127.0,,,,,,,,,,,,,,,,,,,,,
weekly,32.0,Efficiency,9,0t8m7z91mdhjhvye,SUNNYD,87.58,efficiency_pct,Weekly actual points divided by optimal legal lineup points.,,,,,,,,,,,,,19.0,134.0,153.0,,,,,,,,,,,,,,,,,,,,,
weekly,32.0,Efficiency,10,avv7b4d5me2tlsrt,wmuck1,83.52,efficiency_pct,Weekly actual points divided by optimal legal lineup points.,,,,,,,,,,,,,14.5,73.5,88.0,,,,,,,,,,,,,,,,,,,,,
weekly,32.0,Efficiency,11,116s0o6ume0s7s58,Up the Arse-nal,77.45,efficiency_pct,Weekly actual points divided by optimal legal lineup points.,,,,,,,,,,,,,26.5,91.0,117.5,,,,,,,,,,,,,,,,,,,,,
weekly,32.0,Efficiency,12,ih2b4z8ome1job2n,nhauptma,57.21,efficiency_pct,Weekly actual points divided by optimal legal lineup points.,,,,,,,,,,,,,43.0,57.5,100.5,,,,,,,,,,,,,,,,,,,,,
weekly,33.0,Efficiency,1,fm7cv4p0me3j48nk,The Facerockers,100.0,efficiency_pct,Weekly actual points divided by optimal legal lineup points.,,,,,,,,,,,,,0.0,184.5,184.5,,,,,,,,,,,,,,,,,,,,,
weekly,33.0,Efficiency,2,ss2dromsme3cbmga,Berkshire’s Club,96.23,efficiency_pct,Weekly actual points divided by optimal legal lineup points.,,,,,,,,,,,,,4.5,115.0,119.5,,,,,,,,,,,,,,,,,,,,,
weekly,33.0,Efficiency,3,xnt9wpm9me0us0r4,yudesh,95.59,efficiency_pct,Weekly actual points divided by optimal legal lineup points.,,,,,,,,,,,,,6.0,130.0,136.0,,,,,,,,,,,,,,,,,,,,,
weekly,33.0,Efficiency,4,ih2b4z8ome1job2n,nhauptma,95.28,efficiency_pct,Weekly actual points divided by optimal legal lineup points.,,,,,,,,,,,,,8.5,171.5,180.0,,,,,,,,,,,,,,,,,,,,,
weekly,33.0,Efficiency,5,ne94j2bxme0vsmkq,Pot Splashers,90.57,efficiency_pct,Weekly actual points divided by optimal legal lineup points.,,,,,,,,,,,,,14.0,134.5,148.5,,,,,,,,,,,,,,,,,,,,,
weekly,33.0,Efficiency,6,116s0o6ume0s7s58,Up the Arse-nal,90.32,efficiency_pct,Weekly actual points divided by optimal legal lineup points.,,,,,,,,,,,,,12.0,112.0,124.0,,,,,,,,,,,,,,,,,,,,,
weekly,33.0,Efficiency,7,avv7b4d5me2tlsrt,wmuck1,89.43,efficiency_pct,Weekly actual points divided by optimal legal lineup points.,,,,,,,,,,,,,18.5,156.5,175.0,,,,,,,,,,,,,,,,,,,,,
weekly,33.0,Efficiency,8,zf53q9hdme32qmoe,Robertske,88.89,efficiency_pct,Weekly actual points divided by optimal legal lineup points.,,,,,,,,,,,,,18.0,144.0,162.0,,,,,,,,,,,,,,,,,,,,,
weekly,33.0,Efficiency,9,zxivny5tme3hojrx,Count Doku,86.33,efficiency_pct,Weekly actual points divided by optimal legal lineup points.,,,,,,,,,,,,,20.5,129.5,150.0,,,,,,,,,,,,,,,,,,,,,
weekly,33.0,Efficiency,10,0t8m7z91mdhjhvye,SUNNYD,86.0,efficiency_pct,Weekly actual points divided by optimal legal lineup points.,,,,,,,,,,,,,24.5,150.5,175.0,,,,,,,,,,,,,,,,,,,,,
weekly,33.0,Efficiency,11,qocqs3wjme34472y,KindComet,84.99,efficiency_pct,Weekly actual points divided by optimal legal lineup points.,,,,,,,,,,,,,32.5,184.0,216.5,,,,,,,,,,,,,,,,,,,,,
weekly,33.0,Efficiency,12,eaz9h4hfme2wdh8p,epatel3,75.74,efficiency_pct,Weekly actual points divided by optimal legal lineup points.,,,,,,,,,,,,,33.0,103.0,136.0,,,,,,,,,,,,,,,,,,,,,
weekly,34.0,Efficiency,1,116s0o6ume0s7s58,Up the Arse-nal,100.0,efficiency_pct,Weekly actual points divided by optimal legal lineup points.,,,,,,,,,,,,,0.0,107.0,107.0,,,,,,,,,,,,,,,,,,,,,
weekly,34.0,Efficiency,2,fm7cv4p0me3j48nk,The Facerockers,100.0,efficiency_pct,Weekly actual points divided by optimal legal lineup points.,,,,,,,,,,,,,0.0,93.5,93.5,,,,,,,,,,,,,,,,,,,,,
weekly,34.0,Efficiency,3,ne94j2bxme0vsmkq,Pot Splashers,100.0,efficiency_pct,Weekly actual points divided by optimal legal lineup points.,,,,,,,,,,,,,0.0,94.5,94.5,,,,,,,,,,,,,,,,,,,,,
weekly,34.0,Efficiency,4,ss2dromsme3cbmga,Berkshire’s Club,100.0,efficiency_pct,Weekly actual points divided by optimal legal lineup points.,,,,,,,,,,,,,0.0,100.5,100.5,,,,,,,,,,,,,,,,,,,,,
weekly,34.0,Efficiency,5,xnt9wpm9me0us0r4,yudesh,99.38,efficiency_pct,Weekly actual points divided by optimal legal lineup points.,,,,,,,,,,,,,0.5,80.0,80.5,,,,,,,,,,,,,,,,,,,,,
weekly,34.0,Efficiency,6,0t8m7z91mdhjhvye,SUNNYD,99.24,efficiency_pct,Weekly actual points divided by optimal legal lineup points.,,,,,,,,,,,,,0.5,65.0,65.5,,,,,,,,,,,,,,,,,,,,,
weekly,34.0,Efficiency,7,eaz9h4hfme2wdh8p,epatel3,91.01,efficiency_pct,Weekly actual points divided by optimal legal lineup points.,,,,,,,,,,,,,12.0,121.5,133.5,,,,,,,,,,,,,,,,,,,,,
weekly,34.0,Efficiency,8,zxivny5tme3hojrx,Count Doku,90.33,efficiency_pct,Weekly actual points divided by optimal legal lineup points.,,,,,,,,,,,,,13.0,121.5,134.5,,,,,,,,,,,,,,,,,,,,,
weekly,34.0,Efficiency,9,avv7b4d5me2tlsrt,wmuck1,82.41,efficiency_pct,Weekly actual points divided by optimal legal lineup points.,,,,,,,,,,,,,9.5,44.5,54.0,,,,,,,,,,,,,,,,,,,,,
weekly,34.0,Efficiency,10,ih2b4z8ome1job2n,nhauptma,82.07,efficiency_pct,Weekly actual points divided by optimal legal lineup points.,,,,,,,,,,,,,13.0,59.5,72.5,,,,,,,,,,,,,,,,,,,,,
weekly,34.0,Efficiency,11,qocqs3wjme34472y,KindComet,77.42,efficiency_pct,Weekly actual points divided by optimal legal lineup points.,,,,,,,,,,,,,7.0,24.0,31.0,,,,,,,,,,,,,,,,,,,,,
weekly,34.0,Efficiency,12,zf53q9hdme32qmoe,Robertske,75.47,efficiency_pct,Weekly actual points divided by optimal legal lineup points.,,,,,,,,,,,,,6.5,20.0,26.5,,,,,,,,,,,,,,,,,,,,,
weekly,35.0,Efficiency,1,zf53q9hdme32qmoe,Robertske,98.85,efficiency_pct,Weekly actual points divided by optimal legal lineup points.,,,,,,,,,,,,,1.0,86.0,87.0,,,,,,,,,,,,,,,,,,,,,
weekly,35.0,Efficiency,2,0t8m7z91mdhjhvye,SUNNYD,97.32,efficiency_pct,Weekly actual points divided by optimal legal lineup points.,,,,,,,,,,,,,3.5,127.0,130.5,,,,,,,,,,,,,,,,,,,,,
weekly,35.0,Efficiency,3,116s0o6ume0s7s58,Up the Arse-nal,94.21,efficiency_pct,Weekly actual points divided by optimal legal lineup points.,,,,,,,,,,,,,7.0,114.0,121.0,,,,,,,,,,,,,,,,,,,,,
weekly,35.0,Efficiency,4,fm7cv4p0me3j48nk,The Facerockers,90.75,efficiency_pct,Weekly actual points divided by optimal legal lineup points.,,,,,,,,,,,,,8.0,78.5,86.5,,,,,,,,,,,,,,,,,,,,,
weekly,35.0,Efficiency,5,ss2dromsme3cbmga,Berkshire’s Club,89.94,efficiency_pct,Weekly actual points divided by optimal legal lineup points.,,,,,,,,,,,,,16.0,143.0,159.0,,,,,,,,,,,,,,,,,,,,,
weekly,35.0,Efficiency,6,eaz9h4hfme2wdh8p,epatel3,89.21,efficiency_pct,Weekly actual points divided by optimal legal lineup points.,,,,,,,,,,,,,13.0,107.5,120.5,,,,,,,,,,,,,,,,,,,,,
weekly,35.0,Efficiency,7,xnt9wpm9me0us0r4,yudesh,84.48,efficiency_pct,Weekly actual points divided by optimal legal lineup points.,,,,,,,,,,,,,13.5,73.5,87.0,,,,,,,,,,,,,,,,,,,,,
weekly,35.0,Efficiency,8,zxivny5tme3hojrx,Count Doku,83.7,efficiency_pct,Weekly actual points divided by optimal legal lineup points.,,,,,,,,,,,,,22.5,115.5,138.0,,,,,,,,,,,,,,,,,,,,,
weekly,35.0,Efficiency,9,ne94j2bxme0vsmkq,Pot Splashers,78.97,efficiency_pct,Weekly actual points divided by optimal legal lineup points.,,,,,,,,,,,,,20.5,77.0,97.5,,,,,,,,,,,,,,,,,,,,,
weekly,35.0,Efficiency,10,avv7b4d5me2tlsrt,wmuck1,77.67,efficiency_pct,Weekly actual points divided by optimal legal lineup points.,,,,,,,,,,,,,23.0,80.0,103.0,,,,,,,,,,,,,,,,,,,,,
weekly,35.0,Efficiency,11,qocqs3wjme34472y,KindComet,73.24,efficiency_pct,Weekly actual points divided by optimal legal lineup points.,,,,,,,,,,,,,28.5,78.0,106.5,,,,,,,,,,,,,,,,,,,,,
weekly,35.0,Efficiency,12,ih2b4z8ome1job2n,nhauptma,66.54,efficiency_pct,Weekly actual points divided by optimal legal lineup points.,,,,,,,,,,,,,44.0,87.5,131.5,,,,,,,,,,,,,,,,,,,,,
weekly,36.0,Efficiency,1,avv7b4d5me2tlsrt,wmuck1,100.0,efficiency_pct,Weekly actual points divided by optimal legal lineup points.,,,,,,,,,,,,,0.0,109.5,109.5,,,,,,,,,,,,,,,,,,,,,
weekly,36.0,Efficiency,2,zf53q9hdme32qmoe,Robertske,96.26,efficiency_pct,Weekly actual points divided by optimal legal lineup points.,,,,,,,,,,,,,6.5,167.5,174.0,,,,,,,,,,,,,,,,,,,,,
weekly,36.0,Efficiency,3,ne94j2bxme0vsmkq,Pot Splashers,96.08,efficiency_pct,Weekly actual points divided by optimal legal lineup points.,,,,,,,,,,,,,3.0,73.5,76.5,,,,,,,,,,,,,,,,,,,,,
weekly,36.0,Efficiency,4,ss2dromsme3cbmga,Berkshire’s Club,93.97,efficiency_pct,Weekly actual points divided by optimal legal lineup points.,,,,,,,,,,,,,9.5,148.0,157.5,,,,,,,,,,,,,,,,,,,,,
weekly,36.0,Efficiency,5,xnt9wpm9me0us0r4,yudesh,92.34,efficiency_pct,Weekly actual points divided by optimal legal lineup points.,,,,,,,,,,,,,8.5,102.5,111.0,,,,,,,,,,,,,,,,,,,,,
weekly,36.0,Efficiency,6,eaz9h4hfme2wdh8p,epatel3,92.18,efficiency_pct,Weekly actual points divided by optimal legal lineup points.,,,,,,,,,,,,,9.5,112.0,121.5,,,,,,,,,,,,,,,,,,,,,
weekly,36.0,Efficiency,7,qocqs3wjme34472y,KindComet,91.35,efficiency_pct,Weekly actual points divided by optimal legal lineup points.,,,,,,,,,,,,,12.5,132.0,144.5,,,,,,,,,,,,,,,,,,,,,
weekly,36.0,Efficiency,8,ih2b4z8ome1job2n,nhauptma,90.87,efficiency_pct,Weekly actual points divided by optimal legal lineup points.,,,,,,,,,,,,,10.5,104.5,115.0,,,,,,,,,,,,,,,,,,,,,
weekly,36.0,Efficiency,9,116s0o6ume0s7s58,Up the Arse-nal,90.74,efficiency_pct,Weekly actual points divided by optimal legal lineup points.,,,,,,,,,,,,,10.0,98.0,108.0,,,,,,,,,,,,,,,,,,,,,
weekly,36.0,Efficiency,10,zxivny5tme3hojrx,Count Doku,87.04,efficiency_pct,Weekly actual points divided by optimal legal lineup points.,,,,,,,,,,,,,16.0,107.5,123.5,,,,,,,,,,,,,,,,,,,,,
weekly,36.0,Efficiency,11,0t8m7z91mdhjhvye,SUNNYD,81.43,efficiency_pct,Weekly actual points divided by optimal legal lineup points.,,,,,,,,,,,,,26.0,114.0,140.0,,,,,,,,,,,,,,,,,,,,,
weekly,36.0,Efficiency,12,fm7cv4p0me3j48nk,The Facerockers,75.61,efficiency_pct,Weekly actual points divided by optimal legal lineup points.,,,,,,,,,,,,,30.0,93.0,123.0,,,,,,,,,,,,,,,,,,,,,
weekly,37.0,Efficiency,1,qocqs3wjme34472y,KindComet,100.0,efficiency_pct,Weekly actual points divided by optimal legal lineup points.,,,,,,,,,,,,,0.0,144.0,144.0,,,,,,,,,,,,,,,,,,,,,
weekly,37.0,Efficiency,2,zf53q9hdme32qmoe,Robertske,100.0,efficiency_pct,Weekly actual points divided by optimal legal lineup points.,,,,,,,,,,,,,0.0,90.5,90.5,,,,,,,,,,,,,,,,,,,,,
weekly,37.0,Efficiency,3,ne94j2bxme0vsmkq,Pot Splashers,98.52,efficiency_pct,Weekly actual points divided by optimal legal lineup points.,,,,,,,,,,,,,1.0,66.5,67.5,,,,,,,,,,,,,,,,,,,,,
weekly,37.0,Efficiency,4,ss2dromsme3cbmga,Berkshire’s Club,95.61,efficiency_pct,Weekly actual points divided by optimal legal lineup points.,,,,,,,,,,,,,4.5,98.0,102.5,,,,,,,,,,,,,,,,,,,,,
weekly,37.0,Efficiency,5,zxivny5tme3hojrx,Count Doku,92.24,efficiency_pct,Weekly actual points divided by optimal legal lineup points.,,,,,,,,,,,,,9.0,107.0,116.0,,,,,,,,,,,,,,,,,,,,,
weekly,37.0,Efficiency,6,eaz9h4hfme2wdh8p,epatel3,91.3,efficiency_pct,Weekly actual points divided by optimal legal lineup points.,,,,,,,,,,,,,6.0,63.0,69.0,,,,,,,,,,,,,,,,,,,,,
weekly,37.0,Efficiency,7,avv7b4d5me2tlsrt,wmuck1,90.32,efficiency_pct,Weekly actual points divided by optimal legal lineup points.,,,,,,,,,,,,,9.0,84.0,93.0,,,,,,,,,,,,,,,,,,,,,
weekly,37.0,Efficiency,8,0t8m7z91mdhjhvye,SUNNYD,87.05,efficiency_pct,Weekly actual points divided by optimal legal lineup points.,,,,,,,,,,,,,12.5,84.0,96.5,,,,,,,,,,,,,,,,,,,,,
weekly,37.0,Efficiency,9,116s0o6ume0s7s58,Up the Arse-nal,81.82,efficiency_pct,Weekly actual points divided by optimal legal lineup points.,,,,,,,,,,,,,23.0,103.5,126.5,,,,,,,,,,,,,,,,,,,,,
weekly,37.0,Efficiency,10,fm7cv4p0me3j48nk,The Facerockers,69.66,efficiency_pct,Weekly actual points divided by optimal legal lineup points.,,,,,,,,,,,,,40.5,93.0,133.5,,,,,,,,,,,,,,,,,,,,,
weekly,37.0,Efficiency,11,xnt9wpm9me0us0r4,yudesh,68.73,efficiency_pct,Weekly actual points divided by optimal legal lineup points.,,,,,,,,,,,,,53.0,116.5,169.5,,,,,,,,,,,,,,,,,,,,,
weekly,37.0,Efficiency,12,ih2b4z8ome1job2n,nhauptma,67.74,efficiency_pct,Weekly actual points divided by optimal legal lineup points.,,,,,,,,,,,,,30.0,63.0,93.0,,,,,,,,,,,,,,,,,,,,,
weekly,38.0,Efficiency,1,zf53q9hdme32qmoe,Robertske,89.47,efficiency_pct,Weekly actual points divided by optimal legal lineup points.,,,,,,,,,,,,,6.0,51.0,57.0,,,,,,,,,,,,,,,,,,,,,
weekly,38.0,Efficiency,2,ne94j2bxme0vsmkq,Pot Splashers,89.08,efficiency_pct,Weekly actual points divided by optimal legal lineup points.,,,,,,,,,,,,,9.5,77.5,87.0,,,,,,,,,,,,,,,,,,,,,
weekly,38.0,Efficiency,3,ss2dromsme3cbmga,Berkshire’s Club,86.4,efficiency_pct,Weekly actual points divided by optimal legal lineup points.,,,,,,,,,,,,,18.5,117.5,136.0,,,,,,,,,,,,,,,,,,,,,
weekly,38.0,Efficiency,4,avv7b4d5me2tlsrt,wmuck1,82.99,efficiency_pct,Weekly actual points divided by optimal legal lineup points.,,,,,,,,,,,,,12.5,61.0,73.5,,,,,,,,,,,,,,,,,,,,,
weekly,38.0,Efficiency,5,eaz9h4hfme2wdh8p,epatel3,79.38,efficiency_pct,Weekly actual points divided by optimal legal lineup points.,,,,,,,,,,,,,20.0,77.0,97.0,,,,,,,,,,,,,,,,,,,,,
weekly,38.0,Efficiency,6,0t8m7z91mdhjhvye,SUNNYD,78.71,efficiency_pct,Weekly actual points divided by optimal legal lineup points.,,,,,,,,,,,,,26.5,98.0,124.5,,,,,,,,,,,,,,,,,,,,,
weekly,38.0,Efficiency,7,qocqs3wjme34472y,KindComet,77.1,efficiency_pct,Weekly actual points divided by optimal legal lineup points.,,,,,,,,,,,,,24.5,82.5,107.0,,,,,,,,,,,,,,,,,,,,,
weekly,38.0,Efficiency,8,116s0o6ume0s7s58,Up the Arse-nal,75.0,efficiency_pct,Weekly actual points divided by optimal legal lineup points.,,,,,,,,,,,,,30.5,91.5,122.0,,,,,,,,,,,,,,,,,,,,,
weekly,38.0,Efficiency,9,ih2b4z8ome1job2n,nhauptma,72.61,efficiency_pct,Weekly actual points divided by optimal legal lineup points.,,,,,,,,,,,,,21.5,57.0,78.5,,,,,,,,,,,,,,,,,,,,,
weekly,38.0,Efficiency,10,zxivny5tme3hojrx,Count Doku,66.38,efficiency_pct,Weekly actual points divided by optimal legal lineup points.,,,,,,,,,,,,,39.0,77.0,116.0,,,,,,,,,,,,,,,,,,,,,
weekly,38.0,Efficiency,11,fm7cv4p0me3j48nk,The Facerockers,66.05,efficiency_pct,Weekly actual points divided by optimal legal lineup points.,,,,,,,,,,,,,36.5,71.0,107.5,,,,,,,,,,,,,,,,,,,,,
weekly,38.0,Efficiency,12,xnt9wpm9me0us0r4,yudesh,49.52,efficiency_pct,Weekly actual points divided by optimal legal lineup points.,,,,,,,,,,,,,53.0,52.0,105.0,,,,,,,,,,,,,,,,,,,,,
weekly,1.0,Ghost Points,1,fm7cv4p0me3j48nk,The Facerockers,107.0,ghost_points,"Weekly points excluding goals, assists, clean sheets, and GA penalties.",,,,,,,,,,,,,,,,,,122.0,15.0,,0.0,0.0,6.0,,,,,,,,,,,,,
weekly,1.0,Ghost Points,2,ne94j2bxme0vsmkq,Pot Splashers,90.0,ghost_points,"Weekly points excluding goals, assists, clean sheets, and GA penalties.",,,,,,,,,,,,,,,,,,140.0,50.0,,2.0,1.0,8.0,,,,,,,,,,,,,
weekly,1.0,Ghost Points,3,0t8m7z91mdhjhvye,SUNNYD,85.5,ghost_points,"Weekly points excluding goals, assists, clean sheets, and GA penalties.",,,,,,,,,,,,,,,,,,116.5,31.0,,1.0,2.0,6.0,,,,,,,,,,,,,
weekly,1.0,Ghost Points,4,qocqs3wjme34472y,KindComet,79.5,ghost_points,"Weekly points excluding goals, assists, clean sheets, and GA penalties.",,,,,,,,,,,,,,,,,,102.5,23.0,,2.0,1.0,4.0,,,,,,,,,,,,,
weekly,1.0,Ghost Points,5,zxivny5tme3hojrx,Count Doku,78.5,ghost_points,"Weekly points excluding goals, assists, clean sheets, and GA penalties.",,,,,,,,,,,,,,,,,,111.5,33.0,,0.0,3.0,6.0,,,,,,,,,,,,,
weekly,1.0,Ghost Points,6,xnt9wpm9me0us0r4,yudesh,70.5,ghost_points,"Weekly points excluding goals, assists, clean sheets, and GA penalties.",,,,,,,,,,,,,,,,,,81.5,11.0,,0.0,1.0,4.0,,,,,,,,,,,,,
weekly,1.0,Ghost Points,7,ih2b4z8ome1job2n,nhauptma,64.0,ghost_points,"Weekly points excluding goals, assists, clean sheets, and GA penalties.",,,,,,,,,,,,,,,,,,82.0,18.0,,0.0,1.0,4.0,,,,,,,,,,,,,
weekly,1.0,Ghost Points,8,avv7b4d5me2tlsrt,wmuck1,63.5,ghost_points,"Weekly points excluding goals, assists, clean sheets, and GA penalties.",,,,,,,,,,,,,,,,,,81.5,18.0,,0.0,1.0,4.0,,,,,,,,,,,,,
weekly,1.0,Ghost Points,9,ss2dromsme3cbmga,Berkshire’s Club,63.5,ghost_points,"Weekly points excluding goals, assists, clean sheets, and GA penalties.",,,,,,,,,,,,,,,,,,89.5,26.0,,2.0,0.0,3.0,,,,,,,,,,,,,
weekly,1.0,Ghost Points,10,116s0o6ume0s7s58,Up the Arse-nal,61.5,ghost_points,"Weekly points excluding goals, assists, clean sheets, and GA penalties.",,,,,,,,,,,,,,,,,,67.5,6.0,,0.0,1.0,4.0,,,,,,,,,,,,,
weekly,1.0,Ghost Points,11,eaz9h4hfme2wdh8p,epatel3,56.0,ghost_points,"Weekly points excluding goals, assists, clean sheets, and GA penalties.",,,,,,,,,,,,,,,,,,84.0,28.0,,2.0,0.0,4.0,,,,,,,,,,,,,
weekly,1.0,Ghost Points,12,zf53q9hdme32qmoe,Robertske,47.0,ghost_points,"Weekly points excluding goals, assists, clean sheets, and GA penalties.",,,,,,,,,,,,,,,,,,96.0,49.0,,4.0,0.0,4.0,,,,,,,,,,,,,
weekly,2.0,Ghost Points,1,eaz9h4hfme2wdh8p,epatel3,85.0,ghost_points,"Weekly points excluding goals, assists, clean sheets, and GA penalties.",,,,,,,,,,,,,,,,,,110.0,25.0,,1.0,2.0,2.0,,,,,,,,,,,,,
weekly,2.0,Ghost Points,2,116s0o6ume0s7s58,Up the Arse-nal,84.5,ghost_points,"Weekly points excluding goals, assists, clean sheets, and GA penalties.",,,,,,,,,,,,,,,,,,155.5,71.0,,4.0,2.0,5.0,,,,,,,,,,,,,
weekly,2.0,Ghost Points,3,ss2dromsme3cbmga,Berkshire’s Club,78.5,ghost_points,"Weekly points excluding goals, assists, clean sheets, and GA penalties.",,,,,,,,,,,,,,,,,,106.5,28.0,,1.0,2.0,4.0,,,,,,,,,,,,,
weekly,2.0,Ghost Points,4,0t8m7z91mdhjhvye,SUNNYD,72.5,ghost_points,"Weekly points excluding goals, assists, clean sheets, and GA penalties.",,,,,,,,,,,,,,,,,,102.5,30.0,,2.0,1.0,2.0,,,,,,,,,,,,,
weekly,2.0,Ghost Points,5,ih2b4z8ome1job2n,nhauptma,69.5,ghost_points,"Weekly points excluding goals, assists, clean sheets, and GA penalties.",,,,,,,,,,,,,,,,,,117.5,48.0,,2.0,3.0,3.0,,,,,,,,,,,,,
weekly,2.0,Ghost Points,6,xnt9wpm9me0us0r4,yudesh,66.5,ghost_points,"Weekly points excluding goals, assists, clean sheets, and GA penalties.",,,,,,,,,,,,,,,,,,100.5,34.0,,3.0,0.0,3.0,,,,,,,,,,,,,
weekly,2.0,Ghost Points,7,ne94j2bxme0vsmkq,Pot Splashers,61.0,ghost_points,"Weekly points excluding goals, assists, clean sheets, and GA penalties.",,,,,,,,,,,,,,,,,,93.0,32.0,,2.0,2.0,2.0,,,,,,,,,,,,,
weekly,2.0,Ghost Points,8,avv7b4d5me2tlsrt,wmuck1,53.0,ghost_points,"Weekly points excluding goals, assists, clean sheets, and GA penalties.",,,,,,,,,,,,,,,,,,60.0,7.0,,0.0,2.0,1.0,,,,,,,,,,,,,
weekly,2.0,Ghost Points,9,qocqs3wjme34472y,KindComet,52.5,ghost_points,"Weekly points excluding goals, assists, clean sheets, and GA penalties.",,,,,,,,,,,,,,,,,,95.5,43.0,,3.0,4.0,2.0,,,,,,,,,,,,,
weekly,2.0,Ghost Points,10,zxivny5tme3hojrx,Count Doku,46.5,ghost_points,"Weekly points excluding goals, assists, clean sheets, and GA penalties.",,,,,,,,,,,,,,,,,,55.5,9.0,,0.0,1.0,3.0,,,,,,,,,,,,,
weekly,2.0,Ghost Points,11,fm7cv4p0me3j48nk,The Facerockers,43.0,ghost_points,"Weekly points excluding goals, assists, clean sheets, and GA penalties.",,,,,,,,,,,,,,,,,,71.0,28.0,,2.0,0.0,3.0,,,,,,,,,,,,,
weekly,2.0,Ghost Points,12,zf53q9hdme32qmoe,Robertske,33.5,ghost_points,"Weekly points excluding goals, assists, clean sheets, and GA penalties.",,,,,,,,,,,,,,,,,,45.5,12.0,,1.0,1.0,1.0,,,,,,,,,,,,,
weekly,3.0,Ghost Points,1,ih2b4z8ome1job2n,nhauptma,92.0,ghost_points,"Weekly points excluding goals, assists, clean sheets, and GA penalties.",,,,,,,,,,,,,,,,,,119.0,27.0,,2.0,1.0,3.0,,,,,,,,,,,,,
weekly,3.0,Ghost Points,2,xnt9wpm9me0us0r4,yudesh,89.5,ghost_points,"Weekly points excluding goals, assists, clean sheets, and GA penalties.",,,,,,,,,,,,,,,,,,114.5,25.0,,1.0,1.0,4.0,,,,,,,,,,,,,
weekly,3.0,Ghost Points,3,ss2dromsme3cbmga,Berkshire’s Club,83.5,ghost_points,"Weekly points excluding goals, assists, clean sheets, and GA penalties.",,,,,,,,,,,,,,,,,,123.5,40.0,,3.0,1.0,4.0,,,,,,,,,,,,,
weekly,3.0,Ghost Points,4,116s0o6ume0s7s58,Up the Arse-nal,83.0,ghost_points,"Weekly points excluding goals, assists, clean sheets, and GA penalties.",,,,,,,,,,,,,,,,,,97.0,14.0,,2.0,0.0,2.0,,,,,,,,,,,,,
weekly,3.0,Ghost Points,5,eaz9h4hfme2wdh8p,epatel3,65.5,ghost_points,"Weekly points excluding goals, assists, clean sheets, and GA penalties.",,,,,,,,,,,,,,,,,,107.5,42.0,,2.0,1.0,7.0,,,,,,,,,,,,,
weekly,3.0,Ghost Points,6,ne94j2bxme0vsmkq,Pot Splashers,60.0,ghost_points,"Weekly points excluding goals, assists, clean sheets, and GA penalties.",,,,,,,,,,,,,,,,,,87.0,27.0,,0.0,3.0,3.0,,,,,,,,,,,,,
weekly,3.0,Ghost Points,7,qocqs3wjme34472y,KindComet,55.5,ghost_points,"Weekly points excluding goals, assists, clean sheets, and GA penalties.",,,,,,,,,,,,,,,,,,76.5,21.0,,1.0,1.0,5.0,,,,,,,,,,,,,
weekly,3.0,Ghost Points,8,fm7cv4p0me3j48nk,The Facerockers,54.0,ghost_points,"Weekly points excluding goals, assists, clean sheets, and GA penalties.",,,,,,,,,,,,,,,,,,68.0,14.0,,1.0,1.0,3.0,,,,,,,,,,,,,
weekly,3.0,Ghost Points,9,zxivny5tme3hojrx,Count Doku,52.0,ghost_points,"Weekly points excluding goals, assists, clean sheets, and GA penalties.",,,,,,,,,,,,,,,,,,49.0,-3.0,,0.0,0.0,3.0,,,,,,,,,,,,,
weekly,3.0,Ghost Points,10,0t8m7z91mdhjhvye,SUNNYD,47.5,ghost_points,"Weekly points excluding goals, assists, clean sheets, and GA penalties.",,,,,,,,,,,,,,,,,,45.5,-2.0,,0.0,0.0,2.0,,,,,,,,,,,,,
weekly,3.0,Ghost Points,11,avv7b4d5me2tlsrt,wmuck1,45.0,ghost_points,"Weekly points excluding goals, assists, clean sheets, and GA penalties.",,,,,,,,,,,,,,,,,,60.0,15.0,,0.0,0.0,5.0,,,,,,,,,,,,,
weekly,3.0,Ghost Points,12,zf53q9hdme32qmoe,Robertske,39.0,ghost_points,"Weekly points excluding goals, assists, clean sheets, and GA penalties.",,,,,,,,,,,,,,,,,,69.0,30.0,,2.0,0.0,2.0,,,,,,,,,,,,,
weekly,4.0,Ghost Points,1,fm7cv4p0me3j48nk,The Facerockers,84.5,ghost_points,"Weekly points excluding goals, assists, clean sheets, and GA penalties.",,,,,,,,,,,,,,,,,,134.5,50.0,,1.0,2.0,9.0,,,,,,,,,,,,,
weekly,4.0,Ghost Points,2,0t8m7z91mdhjhvye,SUNNYD,84.0,ghost_points,"Weekly points excluding goals, assists, clean sheets, and GA penalties.",,,,,,,,,,,,,,,,,,121.0,37.0,,1.0,1.0,8.0,,,,,,,,,,,,,
weekly,4.0,Ghost Points,3,ne94j2bxme0vsmkq,Pot Splashers,83.5,ghost_points,"Weekly points excluding goals, assists, clean sheets, and GA penalties.",,,,,,,,,,,,,,,,,,111.5,28.0,,1.0,1.0,7.0,,,,,,,,,,,,,
weekly,4.0,Ghost Points,4,qocqs3wjme34472y,KindComet,81.5,ghost_points,"Weekly points excluding goals, assists, clean sheets, and GA penalties.",,,,,,,,,,,,,,,,,,117.5,36.0,,1.0,0.0,8.0,,,,,,,,,,,,,
weekly,4.0,Ghost Points,5,xnt9wpm9me0us0r4,yudesh,77.5,ghost_points,"Weekly points excluding goals, assists, clean sheets, and GA penalties.",,,,,,,,,,,,,,,,,,85.5,8.0,,1.0,0.0,5.0,,,,,,,,,,,,,
weekly,4.0,Ghost Points,6,116s0o6ume0s7s58,Up the Arse-nal,70.5,ghost_points,"Weekly points excluding goals, assists, clean sheets, and GA penalties.",,,,,,,,,,,,,,,,,,79.5,9.0,,0.0,0.0,3.0,,,,,,,,,,,,,
weekly,4.0,Ghost Points,7,ss2dromsme3cbmga,Berkshire’s Club,68.0,ghost_points,"Weekly points excluding goals, assists, clean sheets, and GA penalties.",,,,,,,,,,,,,,,,,,103.0,35.0,,2.0,1.0,4.0,,,,,,,,,,,,,
weekly,4.0,Ghost Points,8,zf53q9hdme32qmoe,Robertske,65.5,ghost_points,"Weekly points excluding goals, assists, clean sheets, and GA penalties.",,,,,,,,,,,,,,,,,,132.5,67.0,,4.0,2.0,6.0,,,,,,,,,,,,,
weekly,4.0,Ghost Points,9,eaz9h4hfme2wdh8p,epatel3,59.5,ghost_points,"Weekly points excluding goals, assists, clean sheets, and GA penalties.",,,,,,,,,,,,,,,,,,98.5,39.0,,0.0,2.0,6.0,,,,,,,,,,,,,
weekly,4.0,Ghost Points,10,zxivny5tme3hojrx,Count Doku,57.0,ghost_points,"Weekly points excluding goals, assists, clean sheets, and GA penalties.",,,,,,,,,,,,,,,,,,73.0,16.0,,0.0,2.0,3.0,,,,,,,,,,,,,
weekly,4.0,Ghost Points,11,ih2b4z8ome1job2n,nhauptma,55.0,ghost_points,"Weekly points excluding goals, assists, clean sheets, and GA penalties.",,,,,,,,,,,,,,,,,,95.0,40.0,,1.0,1.0,7.0,,,,,,,,,,,,,
weekly,4.0,Ghost Points,12,avv7b4d5me2tlsrt,wmuck1,49.0,ghost_points,"Weekly points excluding goals, assists, clean sheets, and GA penalties.",,,,,,,,,,,,,,,,,,67.0,18.0,,0.0,0.0,3.0,,,,,,,,,,,,,
weekly,5.0,Ghost Points,1,zxivny5tme3hojrx,Count Doku,92.5,ghost_points,"Weekly points excluding goals, assists, clean sheets, and GA penalties.",,,,,,,,,,,,,,,,,,145.5,53.0,,3.0,3.0,3.0,,,,,,,,,,,,,
weekly,5.0,Ghost Points,2,qocqs3wjme34472y,KindComet,74.5,ghost_points,"Weekly points excluding goals, assists, clean sheets, and GA penalties.",,,,,,,,,,,,,,,,,,87.5,13.0,,0.0,2.0,2.0,,,,,,,,,,,,,
weekly,5.0,Ghost Points,3,eaz9h4hfme2wdh8p,epatel3,73.0,ghost_points,"Weekly points excluding goals, assists, clean sheets, and GA penalties.",,,,,,,,,,,,,,,,,,90.0,17.0,,0.0,3.0,0.0,,,,,,,,,,,,,
weekly,5.0,Ghost Points,4,ih2b4z8ome1job2n,nhauptma,70.0,ghost_points,"Weekly points excluding goals, assists, clean sheets, and GA penalties.",,,,,,,,,,,,,,,,,,92.0,22.0,,2.0,1.0,1.0,,,,,,,,,,,,,
weekly,5.0,Ghost Points,5,fm7cv4p0me3j48nk,The Facerockers,69.5,ghost_points,"Weekly points excluding goals, assists, clean sheets, and GA penalties.",,,,,,,,,,,,,,,,,,83.5,14.0,,1.0,1.0,2.0,,,,,,,,,,,,,
weekly,5.0,Ghost Points,6,ss2dromsme3cbmga,Berkshire’s Club,67.5,ghost_points,"Weekly points excluding goals, assists, clean sheets, and GA penalties.",,,,,,,,,,,,,,,,,,100.5,33.0,,3.0,1.0,2.0,,,,,,,,,,,,,
weekly,5.0,Ghost Points,7,0t8m7z91mdhjhvye,SUNNYD,66.5,ghost_points,"Weekly points excluding goals, assists, clean sheets, and GA penalties.",,,,,,,,,,,,,,,,,,83.5,17.0,,2.0,0.0,0.0,,,,,,,,,,,,,
weekly,5.0,Ghost Points,8,116s0o6ume0s7s58,Up the Arse-nal,64.5,ghost_points,"Weekly points excluding goals, assists, clean sheets, and GA penalties.",,,,,,,,,,,,,,,,,,85.5,21.0,,2.0,2.0,0.0,,,,,,,,,,,,,
weekly,5.0,Ghost Points,9,xnt9wpm9me0us0r4,yudesh,62.0,ghost_points,"Weekly points excluding goals, assists, clean sheets, and GA penalties.",,,,,,,,,,,,,,,,,,75.0,13.0,,0.0,1.0,2.0,,,,,,,,,,,,,
weekly,5.0,Ghost Points,10,ne94j2bxme0vsmkq,Pot Splashers,55.5,ghost_points,"Weekly points excluding goals, assists, clean sheets, and GA penalties.",,,,,,,,,,,,,,,,,,61.5,6.0,,1.0,0.0,0.0,,,,,,,,,,,,,
weekly,5.0,Ghost Points,11,zf53q9hdme32qmoe,Robertske,54.0,ghost_points,"Weekly points excluding goals, assists, clean sheets, and GA penalties.",,,,,,,,,,,,,,,,,,68.0,14.0,,1.0,0.0,3.0,,,,,,,,,,,,,
weekly,5.0,Ghost Points,12,avv7b4d5me2tlsrt,wmuck1,29.0,ghost_points,"Weekly points excluding goals, assists, clean sheets, and GA penalties.",,,,,,,,,,,,,,,,,,50.0,21.0,,1.0,0.0,3.0,,,,,,,,,,,,,
weekly,6.0,Ghost Points,1,116s0o6ume0s7s58,Up the Arse-nal,114.5,ghost_points,"Weekly points excluding goals, assists, clean sheets, and GA penalties.",,,,,,,,,,,,,,,,,,137.5,23.0,,0.0,4.0,1.0,,,,,,,,,,,,,
weekly,6.0,Ghost Points,2,zxivny5tme3hojrx,Count Doku,99.0,ghost_points,"Weekly points excluding goals, assists, clean sheets, and GA penalties.",,,,,,,,,,,,,,,,,,108.0,9.0,,0.0,2.0,1.0,,,,,,,,,,,,,
weekly,6.0,Ghost Points,3,fm7cv4p0me3j48nk,The Facerockers,98.5,ghost_points,"Weekly points excluding goals, assists, clean sheets, and GA penalties.",,,,,,,,,,,,,,,,,,133.5,35.0,,2.0,3.0,1.0,,,,,,,,,,,,,
weekly,6.0,Ghost Points,4,eaz9h4hfme2wdh8p,epatel3,92.0,ghost_points,"Weekly points excluding goals, assists, clean sheets, and GA penalties.",,,,,,,,,,,,,,,,,,105.0,13.0,,1.0,1.0,0.0,,,,,,,,,,,,,
weekly,6.0,Ghost Points,5,qocqs3wjme34472y,KindComet,87.5,ghost_points,"Weekly points excluding goals, assists, clean sheets, and GA penalties.",,,,,,,,,,,,,,,,,,100.5,13.0,,2.0,1.0,1.0,,,,,,,,,,,,,
weekly,6.0,Ghost Points,6,ss2dromsme3cbmga,Berkshire’s Club,78.0,ghost_points,"Weekly points excluding goals, assists, clean sheets, and GA penalties.",,,,,,,,,,,,,,,,,,101.0,23.0,,3.0,0.0,0.0,,,,,,,,,,,,,
weekly,6.0,Ghost Points,7,ih2b4z8ome1job2n,nhauptma,70.5,ghost_points,"Weekly points excluding goals, assists, clean sheets, and GA penalties.",,,,,,,,,,,,,,,,,,82.5,12.0,,0.0,2.0,0.0,,,,,,,,,,,,,
weekly,6.0,Ghost Points,8,zf53q9hdme32qmoe,Robertske,69.0,ghost_points,"Weekly points excluding goals, assists, clean sheets, and GA penalties.",,,,,,,,,,,,,,,,,,120.0,51.0,,5.0,1.0,1.0,,,,,,,,,,,,,
weekly,6.0,Ghost Points,9,0t8m7z91mdhjhvye,SUNNYD,68.0,ghost_points,"Weekly points excluding goals, assists, clean sheets, and GA penalties.",,,,,,,,,,,,,,,,,,86.0,18.0,,0.0,2.0,1.0,,,,,,,,,,,,,
weekly,6.0,Ghost Points,10,ne94j2bxme0vsmkq,Pot Splashers,67.5,ghost_points,"Weekly points excluding goals, assists, clean sheets, and GA penalties.",,,,,,,,,,,,,,,,,,78.5,11.0,,2.0,0.0,1.0,,,,,,,,,,,,,
weekly,6.0,Ghost Points,11,xnt9wpm9me0us0r4,yudesh,65.5,ghost_points,"Weekly points excluding goals, assists, clean sheets, and GA penalties.",,,,,,,,,,,,,,,,,,64.5,-1.0,,1.0,0.0,1.0,,,,,,,,,,,,,
weekly,6.0,Ghost Points,12,avv7b4d5me2tlsrt,wmuck1,64.5,ghost_points,"Weekly points excluding goals, assists, clean sheets, and GA penalties.",,,,,,,,,,,,,,,,,,67.5,3.0,,0.0,1.0,2.0,,,,,,,,,,,,,
weekly,7.0,Ghost Points,1,116s0o6ume0s7s58,Up the Arse-nal,110.0,ghost_points,"Weekly points excluding goals, assists, clean sheets, and GA penalties.",,,,,,,,,,,,,,,,,,139.0,29.0,,1.0,1.0,5.0,,,,,,,,,,,,,
weekly,7.0,Ghost Points,2,qocqs3wjme34472y,KindComet,108.5,ghost_points,"Weekly points excluding goals, assists, clean sheets, and GA penalties.",,,,,,,,,,,,,,,,,,125.5,17.0,,1.0,1.0,2.0,,,,,,,,,,,,,
weekly,7.0,Ghost Points,3,ih2b4z8ome1job2n,nhauptma,98.5,ghost_points,"Weekly points excluding goals, assists, clean sheets, and GA penalties.",,,,,,,,,,,,,,,,,,113.5,15.0,,0.0,2.0,4.0,,,,,,,,,,,,,
weekly,7.0,Ghost Points,4,avv7b4d5me2tlsrt,wmuck1,88.5,ghost_points,"Weekly points excluding goals, assists, clean sheets, and GA penalties.",,,,,,,,,,,,,,,,,,120.5,32.0,,2.0,2.0,1.0,,,,,,,,,,,,,
weekly,7.0,Ghost Points,5,0t8m7z91mdhjhvye,SUNNYD,78.5,ghost_points,"Weekly points excluding goals, assists, clean sheets, and GA penalties.",,,,,,,,,,,,,,,,,,102.5,24.0,,1.0,1.0,3.0,,,,,,,,,,,,,
weekly,7.0,Ghost Points,6,xnt9wpm9me0us0r4,yudesh,76.5,ghost_points,"Weekly points excluding goals, assists, clean sheets, and GA penalties.",,,,,,,,,,,,,,,,,,108.5,32.0,,3.0,1.0,4.0,,,,,,,,,,,,,
weekly,7.0,Ghost Points,7,eaz9h4hfme2wdh8p,epatel3,68.5,ghost_points,"Weekly points excluding goals, assists, clean sheets, and GA penalties.",,,,,,,,,,,,,,,,,,71.5,3.0,,0.0,1.0,2.0,,,,,,,,,,,,,
weekly,7.0,Ghost Points,8,ss2dromsme3cbmga,Berkshire’s Club,66.0,ghost_points,"Weekly points excluding goals, assists, clean sheets, and GA penalties.",,,,,,,,,,,,,,,,,,97.0,31.0,,2.0,2.0,0.0,,,,,,,,,,,,,
weekly,7.0,Ghost Points,9,ne94j2bxme0vsmkq,Pot Splashers,63.5,ghost_points,"Weekly points excluding goals, assists, clean sheets, and GA penalties.",,,,,,,,,,,,,,,,,,97.5,34.0,,3.0,0.0,4.0,,,,,,,,,,,,,
weekly,7.0,Ghost Points,10,fm7cv4p0me3j48nk,The Facerockers,61.0,ghost_points,"Weekly points excluding goals, assists, clean sheets, and GA penalties.",,,,,,,,,,,,,,,,,,78.0,17.0,,0.0,1.0,4.0,,,,,,,,,,,,,
weekly,7.0,Ghost Points,11,zxivny5tme3hojrx,Count Doku,56.0,ghost_points,"Weekly points excluding goals, assists, clean sheets, and GA penalties.",,,,,,,,,,,,,,,,,,82.0,26.0,,1.0,2.0,1.0,,,,,,,,,,,,,
weekly,7.0,Ghost Points,12,zf53q9hdme32qmoe,Robertske,47.5,ghost_points,"Weekly points excluding goals, assists, clean sheets, and GA penalties.",,,,,,,,,,,,,,,,,,72.5,25.0,,2.0,0.0,4.0,,,,,,,,,,,,,
weekly,8.0,Ghost Points,1,0t8m7z91mdhjhvye,SUNNYD,114.5,ghost_points,"Weekly points excluding goals, assists, clean sheets, and GA penalties.",,,,,,,,,,,,,,,,,,136.5,22.0,,1.0,1.0,4.0,,,,,,,,,,,,,
weekly,8.0,Ghost Points,2,fm7cv4p0me3j48nk,The Facerockers,94.0,ghost_points,"Weekly points excluding goals, assists, clean sheets, and GA penalties.",,,,,,,,,,,,,,,,,,98.0,4.0,,0.0,0.0,2.0,,,,,,,,,,,,,
weekly,8.0,Ghost Points,3,116s0o6ume0s7s58,Up the Arse-nal,92.0,ghost_points,"Weekly points excluding goals, assists, clean sheets, and GA penalties.",,,,,,,,,,,,,,,,,,157.0,65.0,,2.0,4.0,7.0,,,,,,,,,,,,,
weekly,8.0,Ghost Points,4,ih2b4z8ome1job2n,nhauptma,90.5,ghost_points,"Weekly points excluding goals, assists, clean sheets, and GA penalties.",,,,,,,,,,,,,,,,,,141.5,51.0,,4.0,0.0,4.0,,,,,,,,,,,,,
weekly,8.0,Ghost Points,5,xnt9wpm9me0us0r4,yudesh,87.5,ghost_points,"Weekly points excluding goals, assists, clean sheets, and GA penalties.",,,,,,,,,,,,,,,,,,102.5,15.0,,1.0,1.0,1.0,,,,,,,,,,,,,
weekly,8.0,Ghost Points,6,eaz9h4hfme2wdh8p,epatel3,86.5,ghost_points,"Weekly points excluding goals, assists, clean sheets, and GA penalties.",,,,,,,,,,,,,,,,,,97.5,11.0,,0.0,2.0,4.0,,,,,,,,,,,,,
weekly,8.0,Ghost Points,7,qocqs3wjme34472y,KindComet,85.5,ghost_points,"Weekly points excluding goals, assists, clean sheets, and GA penalties.",,,,,,,,,,,,,,,,,,111.5,26.0,,1.0,3.0,2.0,,,,,,,,,,,,,
weekly,8.0,Ghost Points,8,zxivny5tme3hojrx,Count Doku,82.5,ghost_points,"Weekly points excluding goals, assists, clean sheets, and GA penalties.",,,,,,,,,,,,,,,,,,78.5,-4.0,,0.0,0.0,1.0,,,,,,,,,,,,,
weekly,8.0,Ghost Points,9,ss2dromsme3cbmga,Berkshire’s Club,75.0,ghost_points,"Weekly points excluding goals, assists, clean sheets, and GA penalties.",,,,,,,,,,,,,,,,,,85.0,10.0,,0.0,1.0,3.0,,,,,,,,,,,,,
weekly,8.0,Ghost Points,10,zf53q9hdme32qmoe,Robertske,74.5,ghost_points,"Weekly points excluding goals, assists, clean sheets, and GA penalties.",,,,,,,,,,,,,,,,,,127.5,53.0,,4.0,2.0,5.0,,,,,,,,,,,,,
weekly,8.0,Ghost Points,11,avv7b4d5me2tlsrt,wmuck1,67.0,ghost_points,"Weekly points excluding goals, assists, clean sheets, and GA penalties.",,,,,,,,,,,,,,,,,,63.0,-4.0,,0.0,0.0,1.0,,,,,,,,,,,,,
weekly,8.0,Ghost Points,12,ne94j2bxme0vsmkq,Pot Splashers,49.5,ghost_points,"Weekly points excluding goals, assists, clean sheets, and GA penalties.",,,,,,,,,,,,,,,,,,68.5,19.0,,1.0,0.0,2.0,,,,,,,,,,,,,
weekly,9.0,Ghost Points,1,ss2dromsme3cbmga,Berkshire’s Club,102.0,ghost_points,"Weekly points excluding goals, assists, clean sheets, and GA penalties.",,,,,,,,,,,,,,,,,,122.0,20.0,,0.0,2.0,3.0,,,,,,,,,,,,,
weekly,9.0,Ghost Points,2,116s0o6ume0s7s58,Up the Arse-nal,89.0,ghost_points,"Weekly points excluding goals, assists, clean sheets, and GA penalties.",,,,,,,,,,,,,,,,,,117.0,28.0,,0.0,3.0,4.0,,,,,,,,,,,,,
weekly,9.0,Ghost Points,3,eaz9h4hfme2wdh8p,epatel3,85.0,ghost_points,"Weekly points excluding goals, assists, clean sheets, and GA penalties.",,,,,,,,,,,,,,,,,,113.0,28.0,,3.0,0.0,2.0,,,,,,,,,,,,,
weekly,9.0,Ghost Points,4,ih2b4z8ome1job2n,nhauptma,85.0,ghost_points,"Weekly points excluding goals, assists, clean sheets, and GA penalties.",,,,,,,,,,,,,,,,,,123.0,38.0,,2.0,3.0,2.0,,,,,,,,,,,,,
weekly,9.0,Ghost Points,5,qocqs3wjme34472y,KindComet,83.0,ghost_points,"Weekly points excluding goals, assists, clean sheets, and GA penalties.",,,,,,,,,,,,,,,,,,110.0,27.0,,3.0,0.0,1.0,,,,,,,,,,,,,
weekly,9.0,Ghost Points,6,fm7cv4p0me3j48nk,The Facerockers,77.0,ghost_points,"Weekly points excluding goals, assists, clean sheets, and GA penalties.",,,,,,,,,,,,,,,,,,109.0,32.0,,3.0,0.0,4.0,,,,,,,,,,,,,
weekly,9.0,Ghost Points,7,0t8m7z91mdhjhvye,SUNNYD,75.0,ghost_points,"Weekly points excluding goals, assists, clean sheets, and GA penalties.",,,,,,,,,,,,,,,,,,107.0,32.0,,2.0,1.0,4.0,,,,,,,,,,,,,
weekly,9.0,Ghost Points,8,zf53q9hdme32qmoe,Robertske,73.5,ghost_points,"Weekly points excluding goals, assists, clean sheets, and GA penalties.",,,,,,,,,,,,,,,,,,87.5,14.0,,1.0,0.0,2.0,,,,,,,,,,,,,
weekly,9.0,Ghost Points,9,avv7b4d5me2tlsrt,wmuck1,69.0,ghost_points,"Weekly points excluding goals, assists, clean sheets, and GA penalties.",,,,,,,,,,,,,,,,,,94.0,25.0,,2.0,0.0,3.0,,,,,,,,,,,,,
weekly,9.0,Ghost Points,10,xnt9wpm9me0us0r4,yudesh,67.5,ghost_points,"Weekly points excluding goals, assists, clean sheets, and GA penalties.",,,,,,,,,,,,,,,,,,73.5,6.0,,1.0,0.0,1.0,,,,,,,,,,,,,
weekly,9.0,Ghost Points,11,zxivny5tme3hojrx,Count Doku,67.0,ghost_points,"Weekly points excluding goals, assists, clean sheets, and GA penalties.",,,,,,,,,,,,,,,,,,84.0,17.0,,1.0,1.0,3.0,,,,,,,,,,,,,
weekly,9.0,Ghost Points,12,ne94j2bxme0vsmkq,Pot Splashers,63.5,ghost_points,"Weekly points excluding goals, assists, clean sheets, and GA penalties.",,,,,,,,,,,,,,,,,,61.5,-2.0,,0.0,1.0,2.0,,,,,,,,,,,,,
weekly,10.0,Ghost Points,1,116s0o6ume0s7s58,Up the Arse-nal,95.0,ghost_points,"Weekly points excluding goals, assists, clean sheets, and GA penalties.",,,,,,,,,,,,,,,,,,127.0,32.0,,2.0,1.0,4.0,,,,,,,,,,,,,
weekly,10.0,Ghost Points,2,ss2dromsme3cbmga,Berkshire’s Club,95.0,ghost_points,"Weekly points excluding goals, assists, clean sheets, and GA penalties.",,,,,,,,,,,,,,,,,,113.0,18.0,,0.0,2.0,5.0,,,,,,,,,,,,,
weekly,10.0,Ghost Points,3,ih2b4z8ome1job2n,nhauptma,88.5,ghost_points,"Weekly points excluding goals, assists, clean sheets, and GA penalties.",,,,,,,,,,,,,,,,,,129.5,41.0,,2.0,2.0,4.0,,,,,,,,,,,,,
weekly,10.0,Ghost Points,4,ne94j2bxme0vsmkq,Pot Splashers,81.0,ghost_points,"Weekly points excluding goals, assists, clean sheets, and GA penalties.",,,,,,,,,,,,,,,,,,98.0,17.0,,0.0,1.0,4.0,,,,,,,,,,,,,
weekly,10.0,Ghost Points,5,zf53q9hdme32qmoe,Robertske,79.5,ghost_points,"Weekly points excluding goals, assists, clean sheets, and GA penalties.",,,,,,,,,,,,,,,,,,131.5,52.0,,2.0,5.0,2.0,,,,,,,,,,,,,
weekly,10.0,Ghost Points,6,xnt9wpm9me0us0r4,yudesh,78.5,ghost_points,"Weekly points excluding goals, assists, clean sheets, and GA penalties.",,,,,,,,,,,,,,,,,,98.5,20.0,,2.0,1.0,1.0,,,,,,,,,,,,,
weekly,10.0,Ghost Points,7,eaz9h4hfme2wdh8p,epatel3,75.0,ghost_points,"Weekly points excluding goals, assists, clean sheets, and GA penalties.",,,,,,,,,,,,,,,,,,129.0,54.0,,3.0,1.0,6.0,,,,,,,,,,,,,
weekly,10.0,Ghost Points,8,fm7cv4p0me3j48nk,The Facerockers,63.0,ghost_points,"Weekly points excluding goals, assists, clean sheets, and GA penalties.",,,,,,,,,,,,,,,,,,108.0,45.0,,2.0,0.0,8.0,,,,,,,,,,,,,
weekly,10.0,Ghost Points,9,avv7b4d5me2tlsrt,wmuck1,59.0,ghost_points,"Weekly points excluding goals, assists, clean sheets, and GA penalties.",,,,,,,,,,,,,,,,,,80.0,21.0,,1.0,2.0,3.0,,,,,,,,,,,,,
weekly,10.0,Ghost Points,10,qocqs3wjme34472y,KindComet,58.0,ghost_points,"Weekly points excluding goals, assists, clean sheets, and GA penalties.",,,,,,,,,,,,,,,,,,75.0,17.0,,2.0,0.0,4.0,,,,,,,,,,,,,
weekly,10.0,Ghost Points,11,zxivny5tme3hojrx,Count Doku,58.0,ghost_points,"Weekly points excluding goals, assists, clean sheets, and GA penalties.",,,,,,,,,,,,,,,,,,46.0,-12.0,,0.0,0.0,1.0,,,,,,,,,,,,,
weekly,10.0,Ghost Points,12,0t8m7z91mdhjhvye,SUNNYD,42.5,ghost_points,"Weekly points excluding goals, assists, clean sheets, and GA penalties.",,,,,,,,,,,,,,,,,,45.5,3.0,,0.0,0.0,3.0,,,,,,,,,,,,,
weekly,11.0,Ghost Points,1,qocqs3wjme34472y,KindComet,83.0,ghost_points,"Weekly points excluding goals, assists, clean sheets, and GA penalties.",,,,,,,,,,,,,,,,,,81.0,-2.0,,0.0,0.0,4.0,,,,,,,,,,,,,
weekly,11.0,Ghost Points,2,ih2b4z8ome1job2n,nhauptma,78.5,ghost_points,"Weekly points excluding goals, assists, clean sheets, and GA penalties.",,,,,,,,,,,,,,,,,,120.5,42.0,,3.0,1.0,4.0,,,,,,,,,,,,,
weekly,11.0,Ghost Points,3,xnt9wpm9me0us0r4,yudesh,73.5,ghost_points,"Weekly points excluding goals, assists, clean sheets, and GA penalties.",,,,,,,,,,,,,,,,,,96.5,23.0,,1.0,3.0,2.0,,,,,,,,,,,,,
weekly,11.0,Ghost Points,4,zxivny5tme3hojrx,Count Doku,70.5,ghost_points,"Weekly points excluding goals, assists, clean sheets, and GA penalties.",,,,,,,,,,,,,,,,,,91.5,21.0,,2.0,1.0,2.0,,,,,,,,,,,,,
weekly,11.0,Ghost Points,5,0t8m7z91mdhjhvye,SUNNYD,69.5,ghost_points,"Weekly points excluding goals, assists, clean sheets, and GA penalties.",,,,,,,,,,,,,,,,,,115.5,46.0,,2.0,2.0,3.0,,,,,,,,,,,,,
weekly,11.0,Ghost Points,6,116s0o6ume0s7s58,Up the Arse-nal,65.5,ghost_points,"Weekly points excluding goals, assists, clean sheets, and GA penalties.",,,,,,,,,,,,,,,,,,92.5,27.0,,1.0,2.0,2.0,,,,,,,,,,,,,
weekly,11.0,Ghost Points,7,eaz9h4hfme2wdh8p,epatel3,64.0,ghost_points,"Weekly points excluding goals, assists, clean sheets, and GA penalties.",,,,,,,,,,,,,,,,,,81.0,17.0,,1.0,0.0,5.0,,,,,,,,,,,,,
weekly,11.0,Ghost Points,8,ss2dromsme3cbmga,Berkshire’s Club,63.5,ghost_points,"Weekly points excluding goals, assists, clean sheets, and GA penalties.",,,,,,,,,,,,,,,,,,71.5,8.0,,1.0,0.0,1.0,,,,,,,,,,,,,
weekly,11.0,Ghost Points,9,ne94j2bxme0vsmkq,Pot Splashers,63.0,ghost_points,"Weekly points excluding goals, assists, clean sheets, and GA penalties.",,,,,,,,,,,,,,,,,,113.0,50.0,,2.0,2.0,6.0,,,,,,,,,,,,,
weekly,11.0,Ghost Points,10,zf53q9hdme32qmoe,Robertske,52.5,ghost_points,"Weekly points excluding goals, assists, clean sheets, and GA penalties.",,,,,,,,,,,,,,,,,,111.5,59.0,,4.0,2.0,5.0,,,,,,,,,,,,,
weekly,11.0,Ghost Points,11,fm7cv4p0me3j48nk,The Facerockers,44.5,ghost_points,"Weekly points excluding goals, assists, clean sheets, and GA penalties.",,,,,,,,,,,,,,,,,,30.5,-14.0,,0.0,0.0,2.0,,,,,,,,,,,,,
weekly,11.0,Ghost Points,12,avv7b4d5me2tlsrt,wmuck1,40.0,ghost_points,"Weekly points excluding goals, assists, clean sheets, and GA penalties.",,,,,,,,,,,,,,,,,,40.0,0.0,,0.0,0.0,3.0,,,,,,,,,,,,,
weekly,12.0,Ghost Points,1,ss2dromsme3cbmga,Berkshire’s Club,94.0,ghost_points,"Weekly points excluding goals, assists, clean sheets, and GA penalties.",,,,,,,,,,,,,,,,,,113.0,19.0,,1.0,2.0,3.0,,,,,,,,,,,,,
weekly,12.0,Ghost Points,2,eaz9h4hfme2wdh8p,epatel3,91.5,ghost_points,"Weekly points excluding goals, assists, clean sheets, and GA penalties.",,,,,,,,,,,,,,,,,,170.5,79.0,,5.0,1.0,6.0,,,,,,,,,,,,,
weekly,12.0,Ghost Points,3,ih2b4z8ome1job2n,nhauptma,84.0,ghost_points,"Weekly points excluding goals, assists, clean sheets, and GA penalties.",,,,,,,,,,,,,,,,,,126.0,42.0,,2.0,2.0,3.0,,,,,,,,,,,,,
weekly,12.0,Ghost Points,4,xnt9wpm9me0us0r4,yudesh,81.0,ghost_points,"Weekly points excluding goals, assists, clean sheets, and GA penalties.",,,,,,,,,,,,,,,,,,117.0,36.0,,0.0,4.0,5.0,,,,,,,,,,,,,
weekly,12.0,Ghost Points,5,0t8m7z91mdhjhvye,SUNNYD,80.5,ghost_points,"Weekly points excluding goals, assists, clean sheets, and GA penalties.",,,,,,,,,,,,,,,,,,96.5,16.0,,0.0,2.0,1.0,,,,,,,,,,,,,
weekly,12.0,Ghost Points,6,qocqs3wjme34472y,KindComet,76.5,ghost_points,"Weekly points excluding goals, assists, clean sheets, and GA penalties.",,,,,,,,,,,,,,,,,,118.5,42.0,,4.0,0.0,2.0,,,,,,,,,,,,,
weekly,12.0,Ghost Points,7,zf53q9hdme32qmoe,Robertske,70.5,ghost_points,"Weekly points excluding goals, assists, clean sheets, and GA penalties.",,,,,,,,,,,,,,,,,,83.5,13.0,,1.0,2.0,0.0,,,,,,,,,,,,,
weekly,12.0,Ghost Points,8,fm7cv4p0me3j48nk,The Facerockers,66.5,ghost_points,"Weekly points excluding goals, assists, clean sheets, and GA penalties.",,,,,,,,,,,,,,,,,,60.5,-6.0,,0.0,0.0,3.0,,,,,,,,,,,,,
weekly,12.0,Ghost Points,9,116s0o6ume0s7s58,Up the Arse-nal,64.0,ghost_points,"Weekly points excluding goals, assists, clean sheets, and GA penalties.",,,,,,,,,,,,,,,,,,79.0,15.0,,0.0,3.0,0.0,,,,,,,,,,,,,
weekly,12.0,Ghost Points,10,ne94j2bxme0vsmkq,Pot Splashers,64.0,ghost_points,"Weekly points excluding goals, assists, clean sheets, and GA penalties.",,,,,,,,,,,,,,,,,,77.0,13.0,,0.0,0.0,4.0,,,,,,,,,,,,,
weekly,12.0,Ghost Points,11,zxivny5tme3hojrx,Count Doku,61.0,ghost_points,"Weekly points excluding goals, assists, clean sheets, and GA penalties.",,,,,,,,,,,,,,,,,,80.0,19.0,,1.0,2.0,3.0,,,,,,,,,,,,,
weekly,12.0,Ghost Points,12,avv7b4d5me2tlsrt,wmuck1,44.5,ghost_points,"Weekly points excluding goals, assists, clean sheets, and GA penalties.",,,,,,,,,,,,,,,,,,56.5,12.0,,0.0,1.0,2.0,,,,,,,,,,,,,
weekly,13.0,Ghost Points,1,xnt9wpm9me0us0r4,yudesh,117.5,ghost_points,"Weekly points excluding goals, assists, clean sheets, and GA penalties.",,,,,,,,,,,,,,,,,,152.5,35.0,,3.0,2.0,0.0,,,,,,,,,,,,,
weekly,13.0,Ghost Points,2,116s0o6ume0s7s58,Up the Arse-nal,116.5,ghost_points,"Weekly points excluding goals, assists, clean sheets, and GA penalties.",,,,,,,,,,,,,,,,,,147.5,31.0,,0.0,4.0,1.0,,,,,,,,,,,,,
weekly,13.0,Ghost Points,3,zxivny5tme3hojrx,Count Doku,90.5,ghost_points,"Weekly points excluding goals, assists, clean sheets, and GA penalties.",,,,,,,,,,,,,,,,,,113.5,23.0,,2.0,2.0,0.0,,,,,,,,,,,,,
weekly,13.0,Ghost Points,4,0t8m7z91mdhjhvye,SUNNYD,84.0,ghost_points,"Weekly points excluding goals, assists, clean sheets, and GA penalties.",,,,,,,,,,,,,,,,,,96.0,12.0,,1.0,2.0,2.0,,,,,,,,,,,,,
weekly,13.0,Ghost Points,5,ih2b4z8ome1job2n,nhauptma,80.5,ghost_points,"Weekly points excluding goals, assists, clean sheets, and GA penalties.",,,,,,,,,,,,,,,,,,87.5,7.0,,1.0,1.0,2.0,,,,,,,,,,,,,
weekly,13.0,Ghost Points,6,ss2dromsme3cbmga,Berkshire’s Club,76.5,ghost_points,"Weekly points excluding goals, assists, clean sheets, and GA penalties.",,,,,,,,,,,,,,,,,,71.5,-5.0,,0.0,1.0,2.0,,,,,,,,,,,,,
weekly,13.0,Ghost Points,7,ne94j2bxme0vsmkq,Pot Splashers,69.5,ghost_points,"Weekly points excluding goals, assists, clean sheets, and GA penalties.",,,,,,,,,,,,,,,,,,95.5,26.0,,2.0,2.0,2.0,,,,,,,,,,,,,
weekly,13.0,Ghost Points,8,eaz9h4hfme2wdh8p,epatel3,67.0,ghost_points,"Weekly points excluding goals, assists, clean sheets, and GA penalties.",,,,,,,,,,,,,,,,,,66.0,-1.0,,1.0,0.0,1.0,,,,,,,,,,,,,
weekly,13.0,Ghost Points,9,avv7b4d5me2tlsrt,wmuck1,65.0,ghost_points,"Weekly points excluding goals, assists, clean sheets, and GA penalties.",,,,,,,,,,,,,,,,,,68.0,3.0,,0.0,0.0,2.0,,,,,,,,,,,,,
weekly,13.0,Ghost Points,10,fm7cv4p0me3j48nk,The Facerockers,60.5,ghost_points,"Weekly points excluding goals, assists, clean sheets, and GA penalties.",,,,,,,,,,,,,,,,,,93.5,33.0,,1.0,1.0,5.0,,,,,,,,,,,,,
weekly,13.0,Ghost Points,11,qocqs3wjme34472y,KindComet,53.0,ghost_points,"Weekly points excluding goals, assists, clean sheets, and GA penalties.",,,,,,,,,,,,,,,,,,83.0,30.0,,4.0,0.0,1.0,,,,,,,,,,,,,
weekly,13.0,Ghost Points,12,zf53q9hdme32qmoe,Robertske,43.0,ghost_points,"Weekly points excluding goals, assists, clean sheets, and GA penalties.",,,,,,,,,,,,,,,,,,72.0,29.0,,2.0,2.0,0.0,,,,,,,,,,,,,
weekly,14.0,Ghost Points,1,ih2b4z8ome1job2n,nhauptma,108.0,ghost_points,"Weekly points excluding goals, assists, clean sheets, and GA penalties.",,,,,,,,,,,,,,,,,,135.0,27.0,,2.0,0.0,5.0,,,,,,,,,,,,,
weekly,14.0,Ghost Points,2,ss2dromsme3cbmga,Berkshire’s Club,95.5,ghost_points,"Weekly points excluding goals, assists, clean sheets, and GA penalties.",,,,,,,,,,,,,,,,,,113.5,18.0,,0.0,3.0,2.0,,,,,,,,,,,,,
weekly,14.0,Ghost Points,3,zxivny5tme3hojrx,Count Doku,82.0,ghost_points,"Weekly points excluding goals, assists, clean sheets, and GA penalties.",,,,,,,,,,,,,,,,,,116.0,34.0,,0.0,5.0,4.0,,,,,,,,,,,,,
weekly,14.0,Ghost Points,4,qocqs3wjme34472y,KindComet,78.5,ghost_points,"Weekly points excluding goals, assists, clean sheets, and GA penalties.",,,,,,,,,,,,,,,,,,107.5,29.0,,2.0,1.0,2.0,,,,,,,,,,,,,
weekly,14.0,Ghost Points,5,fm7cv4p0me3j48nk,The Facerockers,77.5,ghost_points,"Weekly points excluding goals, assists, clean sheets, and GA penalties.",,,,,,,,,,,,,,,,,,119.5,42.0,,2.0,2.0,2.0,,,,,,,,,,,,,
weekly,14.0,Ghost Points,6,xnt9wpm9me0us0r4,yudesh,76.5,ghost_points,"Weekly points excluding goals, assists, clean sheets, and GA penalties.",,,,,,,,,,,,,,,,,,89.5,13.0,,0.0,2.0,3.0,,,,,,,,,,,,,
weekly,14.0,Ghost Points,7,0t8m7z91mdhjhvye,SUNNYD,74.0,ghost_points,"Weekly points excluding goals, assists, clean sheets, and GA penalties.",,,,,,,,,,,,,,,,,,96.0,22.0,,1.0,2.0,6.0,,,,,,,,,,,,,
weekly,14.0,Ghost Points,8,eaz9h4hfme2wdh8p,epatel3,71.0,ghost_points,"Weekly points excluding goals, assists, clean sheets, and GA penalties.",,,,,,,,,,,,,,,,,,96.0,25.0,,0.0,2.0,5.0,,,,,,,,,,,,,
weekly,14.0,Ghost Points,9,116s0o6ume0s7s58,Up the Arse-nal,60.5,ghost_points,"Weekly points excluding goals, assists, clean sheets, and GA penalties.",,,,,,,,,,,,,,,,,,68.5,8.0,,1.0,0.0,1.0,,,,,,,,,,,,,
weekly,14.0,Ghost Points,10,avv7b4d5me2tlsrt,wmuck1,59.5,ghost_points,"Weekly points excluding goals, assists, clean sheets, and GA penalties.",,,,,,,,,,,,,,,,,,56.5,-3.0,,0.0,1.0,0.0,,,,,,,,,,,,,
weekly,14.0,Ghost Points,11,zf53q9hdme32qmoe,Robertske,50.5,ghost_points,"Weekly points excluding goals, assists, clean sheets, and GA penalties.",,,,,,,,,,,,,,,,,,77.5,27.0,,3.0,2.0,0.0,,,,,,,,,,,,,
weekly,14.0,Ghost Points,12,ne94j2bxme0vsmkq,Pot Splashers,35.0,ghost_points,"Weekly points excluding goals, assists, clean sheets, and GA penalties.",,,,,,,,,,,,,,,,,,37.0,2.0,,1.0,0.0,1.0,,,,,,,,,,,,,
weekly,15.0,Ghost Points,1,xnt9wpm9me0us0r4,yudesh,99.5,ghost_points,"Weekly points excluding goals, assists, clean sheets, and GA penalties.",,,,,,,,,,,,,,,,,,123.5,24.0,,1.0,2.0,4.0,,,,,,,,,,,,,
weekly,15.0,Ghost Points,2,zxivny5tme3hojrx,Count Doku,96.5,ghost_points,"Weekly points excluding goals, assists, clean sheets, and GA penalties.",,,,,,,,,,,,,,,,,,123.5,27.0,,1.0,2.0,5.0,,,,,,,,,,,,,
weekly,15.0,Ghost Points,3,116s0o6ume0s7s58,Up the Arse-nal,96.0,ghost_points,"Weekly points excluding goals, assists, clean sheets, and GA penalties.",,,,,,,,,,,,,,,,,,117.0,21.0,,2.0,1.0,2.0,,,,,,,,,,,,,
weekly,15.0,Ghost Points,4,ss2dromsme3cbmga,Berkshire’s Club,96.0,ghost_points,"Weekly points excluding goals, assists, clean sheets, and GA penalties.",,,,,,,,,,,,,,,,,,158.0,62.0,,3.0,3.0,4.0,,,,,,,,,,,,,
weekly,15.0,Ghost Points,5,ih2b4z8ome1job2n,nhauptma,87.5,ghost_points,"Weekly points excluding goals, assists, clean sheets, and GA penalties.",,,,,,,,,,,,,,,,,,123.5,36.0,,2.0,1.0,4.0,,,,,,,,,,,,,
weekly,15.0,Ghost Points,6,fm7cv4p0me3j48nk,The Facerockers,85.5,ghost_points,"Weekly points excluding goals, assists, clean sheets, and GA penalties.",,,,,,,,,,,,,,,,,,113.5,28.0,,2.0,2.0,2.0,,,,,,,,,,,,,
weekly,15.0,Ghost Points,7,qocqs3wjme34472y,KindComet,83.0,ghost_points,"Weekly points excluding goals, assists, clean sheets, and GA penalties.",,,,,,,,,,,,,,,,,,79.0,-4.0,,0.0,0.0,3.0,,,,,,,,,,,,,
weekly,15.0,Ghost Points,8,0t8m7z91mdhjhvye,SUNNYD,79.5,ghost_points,"Weekly points excluding goals, assists, clean sheets, and GA penalties.",,,,,,,,,,,,,,,,,,101.5,22.0,,0.0,2.0,3.0,,,,,,,,,,,,,
weekly,15.0,Ghost Points,9,ne94j2bxme0vsmkq,Pot Splashers,78.0,ghost_points,"Weekly points excluding goals, assists, clean sheets, and GA penalties.",,,,,,,,,,,,,,,,,,106.0,28.0,,1.0,0.0,6.0,,,,,,,,,,,,,
weekly,15.0,Ghost Points,10,zf53q9hdme32qmoe,Robertske,66.5,ghost_points,"Weekly points excluding goals, assists, clean sheets, and GA penalties.",,,,,,,,,,,,,,,,,,120.5,54.0,,3.0,3.0,5.0,,,,,,,,,,,,,
weekly,15.0,Ghost Points,11,eaz9h4hfme2wdh8p,epatel3,62.0,ghost_points,"Weekly points excluding goals, assists, clean sheets, and GA penalties.",,,,,,,,,,,,,,,,,,92.0,30.0,,2.0,1.0,2.0,,,,,,,,,,,,,
weekly,15.0,Ghost Points,12,avv7b4d5me2tlsrt,wmuck1,50.5,ghost_points,"Weekly points excluding goals, assists, clean sheets, and GA penalties.",,,,,,,,,,,,,,,,,,85.5,35.0,,3.0,0.0,2.0,,,,,,,,,,,,,
weekly,16.0,Ghost Points,1,qocqs3wjme34472y,KindComet,103.0,ghost_points,"Weekly points excluding goals, assists, clean sheets, and GA penalties.",,,,,,,,,,,,,,,,,,155.0,52.0,,3.0,2.0,3.0,,,,,,,,,,,,,
weekly,16.0,Ghost Points,2,ss2dromsme3cbmga,Berkshire’s Club,99.0,ghost_points,"Weekly points excluding goals, assists, clean sheets, and GA penalties.",,,,,,,,,,,,,,,,,,116.0,17.0,,2.0,1.0,1.0,,,,,,,,,,,,,
weekly,16.0,Ghost Points,3,116s0o6ume0s7s58,Up the Arse-nal,93.5,ghost_points,"Weekly points excluding goals, assists, clean sheets, and GA penalties.",,,,,,,,,,,,,,,,,,128.5,35.0,,1.0,2.0,4.0,,,,,,,,,,,,,
weekly,16.0,Ghost Points,4,0t8m7z91mdhjhvye,SUNNYD,91.5,ghost_points,"Weekly points excluding goals, assists, clean sheets, and GA penalties.",,,,,,,,,,,,,,,,,,171.5,80.0,,3.0,4.0,6.0,,,,,,,,,,,,,
weekly,16.0,Ghost Points,5,fm7cv4p0me3j48nk,The Facerockers,82.5,ghost_points,"Weekly points excluding goals, assists, clean sheets, and GA penalties.",,,,,,,,,,,,,,,,,,129.5,47.0,,1.0,4.0,3.0,,,,,,,,,,,,,
weekly,16.0,Ghost Points,6,zxivny5tme3hojrx,Count Doku,77.0,ghost_points,"Weekly points excluding goals, assists, clean sheets, and GA penalties.",,,,,,,,,,,,,,,,,,77.0,0.0,,0.0,0.0,2.0,,,,,,,,,,,,,
weekly,16.0,Ghost Points,7,ne94j2bxme0vsmkq,Pot Splashers,67.0,ghost_points,"Weekly points excluding goals, assists, clean sheets, and GA penalties.",,,,,,,,,,,,,,,,,,78.0,11.0,,1.0,0.0,3.0,,,,,,,,,,,,,
weekly,16.0,Ghost Points,8,zf53q9hdme32qmoe,Robertske,63.5,ghost_points,"Weekly points excluding goals, assists, clean sheets, and GA penalties.",,,,,,,,,,,,,,,,,,108.5,45.0,,3.0,2.0,5.0,,,,,,,,,,,,,
weekly,16.0,Ghost Points,9,xnt9wpm9me0us0r4,yudesh,61.0,ghost_points,"Weekly points excluding goals, assists, clean sheets, and GA penalties.",,,,,,,,,,,,,,,,,,60.0,-1.0,,1.0,0.0,2.0,,,,,,,,,,,,,
weekly,16.0,Ghost Points,10,ih2b4z8ome1job2n,nhauptma,54.0,ghost_points,"Weekly points excluding goals, assists, clean sheets, and GA penalties.",,,,,,,,,,,,,,,,,,62.0,8.0,,0.0,1.0,3.0,,,,,,,,,,,,,
weekly,16.0,Ghost Points,11,avv7b4d5me2tlsrt,wmuck1,52.5,ghost_points,"Weekly points excluding goals, assists, clean sheets, and GA penalties.",,,,,,,,,,,,,,,,,,75.5,23.0,,2.0,1.0,3.0,,,,,,,,,,,,,
weekly,16.0,Ghost Points,12,eaz9h4hfme2wdh8p,epatel3,50.0,ghost_points,"Weekly points excluding goals, assists, clean sheets, and GA penalties.",,,,,,,,,,,,,,,,,,37.0,-13.0,,0.0,0.0,1.0,,,,,,,,,,,,,
weekly,17.0,Ghost Points,1,xnt9wpm9me0us0r4,yudesh,99.0,ghost_points,"Weekly points excluding goals, assists, clean sheets, and GA penalties.",,,,,,,,,,,,,,,,,,133.0,34.0,,2.0,2.0,2.0,,,,,,,,,,,,,
weekly,17.0,Ghost Points,2,ss2dromsme3cbmga,Berkshire’s Club,95.5,ghost_points,"Weekly points excluding goals, assists, clean sheets, and GA penalties.",,,,,,,,,,,,,,,,,,123.5,28.0,,2.0,0.0,3.0,,,,,,,,,,,,,
weekly,17.0,Ghost Points,3,116s0o6ume0s7s58,Up the Arse-nal,91.5,ghost_points,"Weekly points excluding goals, assists, clean sheets, and GA penalties.",,,,,,,,,,,,,,,,,,131.5,40.0,,1.0,2.0,5.0,,,,,,,,,,,,,
weekly,17.0,Ghost Points,4,0t8m7z91mdhjhvye,SUNNYD,85.0,ghost_points,"Weekly points excluding goals, assists, clean sheets, and GA penalties.",,,,,,,,,,,,,,,,,,135.0,50.0,,3.0,0.0,6.0,,,,,,,,,,,,,
weekly,17.0,Ghost Points,5,fm7cv4p0me3j48nk,The Facerockers,79.5,ghost_points,"Weekly points excluding goals, assists, clean sheets, and GA penalties.",,,,,,,,,,,,,,,,,,122.5,43.0,,2.0,1.0,5.0,,,,,,,,,,,,,
weekly,17.0,Ghost Points,6,ne94j2bxme0vsmkq,Pot Splashers,67.0,ghost_points,"Weekly points excluding goals, assists, clean sheets, and GA penalties.",,,,,,,,,,,,,,,,,,91.0,24.0,,0.0,5.0,0.0,,,,,,,,,,,,,
weekly,17.0,Ghost Points,7,qocqs3wjme34472y,KindComet,66.5,ghost_points,"Weekly points excluding goals, assists, clean sheets, and GA penalties.",,,,,,,,,,,,,,,,,,109.5,43.0,,3.0,1.0,4.0,,,,,,,,,,,,,
weekly,17.0,Ghost Points,8,eaz9h4hfme2wdh8p,epatel3,65.0,ghost_points,"Weekly points excluding goals, assists, clean sheets, and GA penalties.",,,,,,,,,,,,,,,,,,69.0,4.0,,1.0,0.0,2.0,,,,,,,,,,,,,
weekly,17.0,Ghost Points,9,zf53q9hdme32qmoe,Robertske,56.5,ghost_points,"Weekly points excluding goals, assists, clean sheets, and GA penalties.",,,,,,,,,,,,,,,,,,99.5,43.0,,2.0,1.0,7.0,,,,,,,,,,,,,
weekly,17.0,Ghost Points,10,zxivny5tme3hojrx,Count Doku,51.5,ghost_points,"Weekly points excluding goals, assists, clean sheets, and GA penalties.",,,,,,,,,,,,,,,,,,67.5,16.0,,1.0,0.0,3.0,,,,,,,,,,,,,
weekly,17.0,Ghost Points,11,ih2b4z8ome1job2n,nhauptma,50.5,ghost_points,"Weekly points excluding goals, assists, clean sheets, and GA penalties.",,,,,,,,,,,,,,,,,,71.5,21.0,,1.0,0.0,5.0,,,,,,,,,,,,,
weekly,17.0,Ghost Points,12,avv7b4d5me2tlsrt,wmuck1,32.5,ghost_points,"Weekly points excluding goals, assists, clean sheets, and GA penalties.",,,,,,,,,,,,,,,,,,46.5,14.0,,2.0,0.0,0.0,,,,,,,,,,,,,
weekly,18.0,Ghost Points,1,xnt9wpm9me0us0r4,yudesh,123.0,ghost_points,"Weekly points excluding goals, assists, clean sheets, and GA penalties.",,,,,,,,,,,,,,,,,,160.0,37.0,,2.0,0.0,4.0,,,,,,,,,,,,,
weekly,18.0,Ghost Points,2,zxivny5tme3hojrx,Count Doku,111.5,ghost_points,"Weekly points excluding goals, assists, clean sheets, and GA penalties.",,,,,,,,,,,,,,,,,,122.5,11.0,,1.0,2.0,2.0,,,,,,,,,,,,,
weekly,18.0,Ghost Points,3,0t8m7z91mdhjhvye,SUNNYD,107.0,ghost_points,"Weekly points excluding goals, assists, clean sheets, and GA penalties.",,,,,,,,,,,,,,,,,,151.0,44.0,,3.0,1.0,3.0,,,,,,,,,,,,,
weekly,18.0,Ghost Points,4,ss2dromsme3cbmga,Berkshire’s Club,93.0,ghost_points,"Weekly points excluding goals, assists, clean sheets, and GA penalties.",,,,,,,,,,,,,,,,,,129.0,36.0,,2.0,1.0,4.0,,,,,,,,,,,,,
weekly,18.0,Ghost Points,5,116s0o6ume0s7s58,Up the Arse-nal,92.0,ghost_points,"Weekly points excluding goals, assists, clean sheets, and GA penalties.",,,,,,,,,,,,,,,,,,109.0,17.0,,0.0,3.0,1.0,,,,,,,,,,,,,
weekly,18.0,Ghost Points,6,fm7cv4p0me3j48nk,The Facerockers,77.5,ghost_points,"Weekly points excluding goals, assists, clean sheets, and GA penalties.",,,,,,,,,,,,,,,,,,119.5,42.0,,4.0,1.0,1.0,,,,,,,,,,,,,
weekly,18.0,Ghost Points,7,zf53q9hdme32qmoe,Robertske,69.0,ghost_points,"Weekly points excluding goals, assists, clean sheets, and GA penalties.",,,,,,,,,,,,,,,,,,88.0,19.0,,1.0,1.0,1.0,,,,,,,,,,,,,
weekly,18.0,Ghost Points,8,eaz9h4hfme2wdh8p,epatel3,68.0,ghost_points,"Weekly points excluding goals, assists, clean sheets, and GA penalties.",,,,,,,,,,,,,,,,,,90.0,22.0,,1.0,0.0,3.0,,,,,,,,,,,,,
weekly,18.0,Ghost Points,9,qocqs3wjme34472y,KindComet,66.5,ghost_points,"Weekly points excluding goals, assists, clean sheets, and GA penalties.",,,,,,,,,,,,,,,,,,88.5,22.0,,1.0,2.0,0.0,,,,,,,,,,,,,
weekly,18.0,Ghost Points,10,ne94j2bxme0vsmkq,Pot Splashers,65.0,ghost_points,"Weekly points excluding goals, assists, clean sheets, and GA penalties.",,,,,,,,,,,,,,,,,,67.0,2.0,,0.0,0.0,1.0,,,,,,,,,,,,,
weekly,18.0,Ghost Points,11,ih2b4z8ome1job2n,nhauptma,63.5,ghost_points,"Weekly points excluding goals, assists, clean sheets, and GA penalties.",,,,,,,,,,,,,,,,,,68.5,5.0,,0.0,0.0,2.0,,,,,,,,,,,,,
weekly,18.0,Ghost Points,12,avv7b4d5me2tlsrt,wmuck1,60.5,ghost_points,"Weekly points excluding goals, assists, clean sheets, and GA penalties.",,,,,,,,,,,,,,,,,,73.5,13.0,,0.0,1.0,2.0,,,,,,,,,,,,,
weekly,19.0,Ghost Points,1,zxivny5tme3hojrx,Count Doku,104.5,ghost_points,"Weekly points excluding goals, assists, clean sheets, and GA penalties.",,,,,,,,,,,,,,,,,,112.5,8.0,,0.0,1.0,5.0,,,,,,,,,,,,,
weekly,19.0,Ghost Points,2,ss2dromsme3cbmga,Berkshire’s Club,94.5,ghost_points,"Weekly points excluding goals, assists, clean sheets, and GA penalties.",,,,,,,,,,,,,,,,,,157.5,63.0,,2.0,2.0,6.0,,,,,,,,,,,,,
weekly,19.0,Ghost Points,3,xnt9wpm9me0us0r4,yudesh,89.5,ghost_points,"Weekly points excluding goals, assists, clean sheets, and GA penalties.",,,,,,,,,,,,,,,,,,95.5,6.0,,1.0,0.0,1.0,,,,,,,,,,,,,
weekly,19.0,Ghost Points,4,0t8m7z91mdhjhvye,SUNNYD,81.0,ghost_points,"Weekly points excluding goals, assists, clean sheets, and GA penalties.",,,,,,,,,,,,,,,,,,111.0,30.0,,0.0,1.0,7.0,,,,,,,,,,,,,
weekly,19.0,Ghost Points,5,qocqs3wjme34472y,KindComet,80.0,ghost_points,"Weekly points excluding goals, assists, clean sheets, and GA penalties.",,,,,,,,,,,,,,,,,,99.0,19.0,,1.0,0.0,3.0,,,,,,,,,,,,,
weekly,19.0,Ghost Points,6,zf53q9hdme32qmoe,Robertske,80.0,ghost_points,"Weekly points excluding goals, assists, clean sheets, and GA penalties.",,,,,,,,,,,,,,,,,,96.0,16.0,,1.0,1.0,3.0,,,,,,,,,,,,,
weekly,19.0,Ghost Points,7,eaz9h4hfme2wdh8p,epatel3,79.0,ghost_points,"Weekly points excluding goals, assists, clean sheets, and GA penalties.",,,,,,,,,,,,,,,,,,125.0,46.0,,3.0,0.0,3.0,,,,,,,,,,,,,
weekly,19.0,Ghost Points,8,ne94j2bxme0vsmkq,Pot Splashers,73.0,ghost_points,"Weekly points excluding goals, assists, clean sheets, and GA penalties.",,,,,,,,,,,,,,,,,,94.0,21.0,,1.0,2.0,1.0,,,,,,,,,,,,,
weekly,19.0,Ghost Points,9,ih2b4z8ome1job2n,nhauptma,72.5,ghost_points,"Weekly points excluding goals, assists, clean sheets, and GA penalties.",,,,,,,,,,,,,,,,,,109.5,37.0,,1.0,2.0,4.0,,,,,,,,,,,,,
weekly,19.0,Ghost Points,10,fm7cv4p0me3j48nk,The Facerockers,67.0,ghost_points,"Weekly points excluding goals, assists, clean sheets, and GA penalties.",,,,,,,,,,,,,,,,,,91.0,24.0,,0.0,1.0,5.0,,,,,,,,,,,,,
weekly,19.0,Ghost Points,11,116s0o6ume0s7s58,Up the Arse-nal,66.5,ghost_points,"Weekly points excluding goals, assists, clean sheets, and GA penalties.",,,,,,,,,,,,,,,,,,116.5,50.0,,2.0,2.0,4.0,,,,,,,,,,,,,
weekly,19.0,Ghost Points,12,avv7b4d5me2tlsrt,wmuck1,66.0,ghost_points,"Weekly points excluding goals, assists, clean sheets, and GA penalties.",,,,,,,,,,,,,,,,,,80.0,14.0,,1.0,1.0,2.0,,,,,,,,,,,,,
weekly,20.0,Ghost Points,1,0t8m7z91mdhjhvye,SUNNYD,101.5,ghost_points,"Weekly points excluding goals, assists, clean sheets, and GA penalties.",,,,,,,,,,,,,,,,,,120.5,19.0,,1.0,1.0,2.0,,,,,,,,,,,,,
weekly,20.0,Ghost Points,2,ih2b4z8ome1job2n,nhauptma,91.5,ghost_points,"Weekly points excluding goals, assists, clean sheets, and GA penalties.",,,,,,,,,,,,,,,,,,111.5,20.0,,1.0,1.0,2.0,,,,,,,,,,,,,
weekly,20.0,Ghost Points,3,qocqs3wjme34472y,KindComet,86.0,ghost_points,"Weekly points excluding goals, assists, clean sheets, and GA penalties.",,,,,,,,,,,,,,,,,,165.0,79.0,,6.0,2.0,3.0,,,,,,,,,,,,,
weekly,20.0,Ghost Points,4,ss2dromsme3cbmga,Berkshire’s Club,84.0,ghost_points,"Weekly points excluding goals, assists, clean sheets, and GA penalties.",,,,,,,,,,,,,,,,,,92.0,8.0,,1.0,2.0,1.0,,,,,,,,,,,,,
weekly,20.0,Ghost Points,5,eaz9h4hfme2wdh8p,epatel3,78.0,ghost_points,"Weekly points excluding goals, assists, clean sheets, and GA penalties.",,,,,,,,,,,,,,,,,,73.0,-5.0,,1.0,0.0,1.0,,,,,,,,,,,,,
weekly,20.0,Ghost Points,6,xnt9wpm9me0us0r4,yudesh,73.5,ghost_points,"Weekly points excluding goals, assists, clean sheets, and GA penalties.",,,,,,,,,,,,,,,,,,102.5,29.0,,2.0,1.0,4.0,,,,,,,,,,,,,
weekly,20.0,Ghost Points,7,ne94j2bxme0vsmkq,Pot Splashers,71.5,ghost_points,"Weekly points excluding goals, assists, clean sheets, and GA penalties.",,,,,,,,,,,,,,,,,,86.5,15.0,,1.0,2.0,1.0,,,,,,,,,,,,,
weekly,20.0,Ghost Points,8,116s0o6ume0s7s58,Up the Arse-nal,66.0,ghost_points,"Weekly points excluding goals, assists, clean sheets, and GA penalties.",,,,,,,,,,,,,,,,,,77.0,11.0,,1.0,1.0,1.0,,,,,,,,,,,,,
weekly,20.0,Ghost Points,9,zxivny5tme3hojrx,Count Doku,59.5,ghost_points,"Weekly points excluding goals, assists, clean sheets, and GA penalties.",,,,,,,,,,,,,,,,,,76.5,17.0,,1.0,2.0,1.0,,,,,,,,,,,,,
weekly,20.0,Ghost Points,10,zf53q9hdme32qmoe,Robertske,51.0,ghost_points,"Weekly points excluding goals, assists, clean sheets, and GA penalties.",,,,,,,,,,,,,,,,,,55.0,4.0,,0.0,0.0,1.0,,,,,,,,,,,,,
weekly,20.0,Ghost Points,11,fm7cv4p0me3j48nk,The Facerockers,48.5,ghost_points,"Weekly points excluding goals, assists, clean sheets, and GA penalties.",,,,,,,,,,,,,,,,,,63.5,15.0,,2.0,1.0,0.0,,,,,,,,,,,,,
weekly,20.0,Ghost Points,12,avv7b4d5me2tlsrt,wmuck1,32.5,ghost_points,"Weekly points excluding goals, assists, clean sheets, and GA penalties.",,,,,,,,,,,,,,,,,,36.5,4.0,,0.0,1.0,1.0,,,,,,,,,,,,,
weekly,21.0,Ghost Points,1,xnt9wpm9me0us0r4,yudesh,126.0,ghost_points,"Weekly points excluding goals, assists, clean sheets, and GA penalties.",,,,,,,,,,,,,,,,,,165.0,39.0,,2.0,5.0,1.0,,,,,,,,,,,,,
weekly,21.0,Ghost Points,2,116s0o6ume0s7s58,Up the Arse-nal,101.0,ghost_points,"Weekly points excluding goals, assists, clean sheets, and GA penalties.",,,,,,,,,,,,,,,,,,163.0,62.0,,2.0,3.0,5.0,,,,,,,,,,,,,
weekly,21.0,Ghost Points,3,ih2b4z8ome1job2n,nhauptma,90.5,ghost_points,"Weekly points excluding goals, assists, clean sheets, and GA penalties.",,,,,,,,,,,,,,,,,,104.5,14.0,,2.0,0.0,3.0,,,,,,,,,,,,,
weekly,21.0,Ghost Points,4,qocqs3wjme34472y,KindComet,87.5,ghost_points,"Weekly points excluding goals, assists, clean sheets, and GA penalties.",,,,,,,,,,,,,,,,,,107.5,20.0,,3.0,1.0,3.0,,,,,,,,,,,,,
weekly,21.0,Ghost Points,5,zxivny5tme3hojrx,Count Doku,84.5,ghost_points,"Weekly points excluding goals, assists, clean sheets, and GA penalties.",,,,,,,,,,,,,,,,,,116.5,32.0,,2.0,2.0,3.0,,,,,,,,,,,,,
weekly,21.0,Ghost Points,6,ne94j2bxme0vsmkq,Pot Splashers,82.5,ghost_points,"Weekly points excluding goals, assists, clean sheets, and GA penalties.",,,,,,,,,,,,,,,,,,84.5,2.0,,1.0,0.0,2.0,,,,,,,,,,,,,
weekly,21.0,Ghost Points,7,zf53q9hdme32qmoe,Robertske,78.5,ghost_points,"Weekly points excluding goals, assists, clean sheets, and GA penalties.",,,,,,,,,,,,,,,,,,80.5,2.0,,1.0,0.0,1.0,,,,,,,,,,,,,
weekly,21.0,Ghost Points,8,ss2dromsme3cbmga,Berkshire’s Club,77.0,ghost_points,"Weekly points excluding goals, assists, clean sheets, and GA penalties.",,,,,,,,,,,,,,,,,,99.0,22.0,,2.0,0.0,3.0,,,,,,,,,,,,,
weekly,21.0,Ghost Points,9,eaz9h4hfme2wdh8p,epatel3,74.0,ghost_points,"Weekly points excluding goals, assists, clean sheets, and GA penalties.",,,,,,,,,,,,,,,,,,93.0,19.0,,0.0,0.0,5.0,,,,,,,,,,,,,
weekly,21.0,Ghost Points,10,fm7cv4p0me3j48nk,The Facerockers,69.0,ghost_points,"Weekly points excluding goals, assists, clean sheets, and GA penalties.",,,,,,,,,,,,,,,,,,109.0,40.0,,2.0,3.0,4.0,,,,,,,,,,,,,
weekly,21.0,Ghost Points,11,0t8m7z91mdhjhvye,SUNNYD,60.0,ghost_points,"Weekly points excluding goals, assists, clean sheets, and GA penalties.",,,,,,,,,,,,,,,,,,61.0,1.0,,0.0,1.0,3.0,,,,,,,,,,,,,
weekly,21.0,Ghost Points,12,avv7b4d5me2tlsrt,wmuck1,42.5,ghost_points,"Weekly points excluding goals, assists, clean sheets, and GA penalties.",,,,,,,,,,,,,,,,,,60.5,18.0,,1.0,1.0,1.0,,,,,,,,,,,,,
weekly,22.0,Ghost Points,1,0t8m7z91mdhjhvye,SUNNYD,105.0,ghost_points,"Weekly points excluding goals, assists, clean sheets, and GA penalties.",,,,,,,,,,,,,,,,,,127.0,22.0,,0.0,3.0,1.0,,,,,,,,,,,,,
weekly,22.0,Ghost Points,2,xnt9wpm9me0us0r4,yudesh,102.0,ghost_points,"Weekly points excluding goals, assists, clean sheets, and GA penalties.",,,,,,,,,,,,,,,,,,133.0,31.0,,2.0,0.0,6.0,,,,,,,,,,,,,
weekly,22.0,Ghost Points,3,ih2b4z8ome1job2n,nhauptma,92.0,ghost_points,"Weekly points excluding goals, assists, clean sheets, and GA penalties.",,,,,,,,,,,,,,,,,,126.0,34.0,,1.0,1.0,6.0,,,,,,,,,,,,,
weekly,22.0,Ghost Points,4,qocqs3wjme34472y,KindComet,87.5,ghost_points,"Weekly points excluding goals, assists, clean sheets, and GA penalties.",,,,,,,,,,,,,,,,,,116.5,29.0,,1.0,1.0,4.0,,,,,,,,,,,,,
weekly,22.0,Ghost Points,5,ne94j2bxme0vsmkq,Pot Splashers,86.0,ghost_points,"Weekly points excluding goals, assists, clean sheets, and GA penalties.",,,,,,,,,,,,,,,,,,129.0,43.0,,2.0,0.0,7.0,,,,,,,,,,,,,
weekly,22.0,Ghost Points,6,fm7cv4p0me3j48nk,The Facerockers,74.0,ghost_points,"Weekly points excluding goals, assists, clean sheets, and GA penalties.",,,,,,,,,,,,,,,,,,80.0,6.0,,0.0,0.0,4.0,,,,,,,,,,,,,
weekly,22.0,Ghost Points,7,eaz9h4hfme2wdh8p,epatel3,72.0,ghost_points,"Weekly points excluding goals, assists, clean sheets, and GA penalties.",,,,,,,,,,,,,,,,,,114.0,42.0,,2.0,0.0,7.0,,,,,,,,,,,,,
weekly,22.0,Ghost Points,8,116s0o6ume0s7s58,Up the Arse-nal,70.5,ghost_points,"Weekly points excluding goals, assists, clean sheets, and GA penalties.",,,,,,,,,,,,,,,,,,87.5,17.0,,0.0,1.0,6.0,,,,,,,,,,,,,
weekly,22.0,Ghost Points,9,ss2dromsme3cbmga,Berkshire’s Club,69.5,ghost_points,"Weekly points excluding goals, assists, clean sheets, and GA penalties.",,,,,,,,,,,,,,,,,,66.5,-3.0,,0.0,0.0,2.0,,,,,,,,,,,,,
weekly,22.0,Ghost Points,10,zxivny5tme3hojrx,Count Doku,57.0,ghost_points,"Weekly points excluding goals, assists, clean sheets, and GA penalties.",,,,,,,,,,,,,,,,,,77.0,20.0,,1.0,0.0,4.0,,,,,,,,,,,,,
weekly,22.0,Ghost Points,11,avv7b4d5me2tlsrt,wmuck1,51.0,ghost_points,"Weekly points excluding goals, assists, clean sheets, and GA penalties.",,,,,,,,,,,,,,,,,,76.0,25.0,,0.0,1.0,5.0,,,,,,,,,,,,,
weekly,22.0,Ghost Points,12,zf53q9hdme32qmoe,Robertske,28.0,ghost_points,"Weekly points excluding goals, assists, clean sheets, and GA penalties.",,,,,,,,,,,,,,,,,,38.0,10.0,,0.0,0.0,2.0,,,,,,,,,,,,,
weekly,23.0,Ghost Points,1,eaz9h4hfme2wdh8p,epatel3,100.5,ghost_points,"Weekly points excluding goals, assists, clean sheets, and GA penalties.",,,,,,,,,,,,,,,,,,118.5,18.0,,2.0,1.0,2.0,,,,,,,,,,,,,
weekly,23.0,Ghost Points,2,xnt9wpm9me0us0r4,yudesh,99.5,ghost_points,"Weekly points excluding goals, assists, clean sheets, and GA penalties.",,,,,,,,,,,,,,,,,,118.5,19.0,,2.0,1.0,1.0,,,,,,,,,,,,,
weekly,23.0,Ghost Points,3,ss2dromsme3cbmga,Berkshire’s Club,96.0,ghost_points,"Weekly points excluding goals, assists, clean sheets, and GA penalties.",,,,,,,,,,,,,,,,,,152.0,56.0,,3.0,3.0,4.0,,,,,,,,,,,,,
weekly,23.0,Ghost Points,4,ih2b4z8ome1job2n,nhauptma,93.0,ghost_points,"Weekly points excluding goals, assists, clean sheets, and GA penalties.",,,,,,,,,,,,,,,,,,97.0,4.0,,1.0,1.0,1.0,,,,,,,,,,,,,
weekly,23.0,Ghost Points,5,0t8m7z91mdhjhvye,SUNNYD,85.0,ghost_points,"Weekly points excluding goals, assists, clean sheets, and GA penalties.",,,,,,,,,,,,,,,,,,98.0,13.0,,1.0,1.0,2.0,,,,,,,,,,,,,
weekly,23.0,Ghost Points,6,fm7cv4p0me3j48nk,The Facerockers,83.5,ghost_points,"Weekly points excluding goals, assists, clean sheets, and GA penalties.",,,,,,,,,,,,,,,,,,113.5,30.0,,4.0,0.0,2.0,,,,,,,,,,,,,
weekly,23.0,Ghost Points,7,avv7b4d5me2tlsrt,wmuck1,68.5,ghost_points,"Weekly points excluding goals, assists, clean sheets, and GA penalties.",,,,,,,,,,,,,,,,,,95.5,27.0,,2.0,1.0,2.0,,,,,,,,,,,,,
weekly,23.0,Ghost Points,8,ne94j2bxme0vsmkq,Pot Splashers,67.5,ghost_points,"Weekly points excluding goals, assists, clean sheets, and GA penalties.",,,,,,,,,,,,,,,,,,72.5,5.0,,1.0,0.0,1.0,,,,,,,,,,,,,
weekly,23.0,Ghost Points,9,zf53q9hdme32qmoe,Robertske,59.0,ghost_points,"Weekly points excluding goals, assists, clean sheets, and GA penalties.",,,,,,,,,,,,,,,,,,70.0,11.0,,1.0,0.0,3.0,,,,,,,,,,,,,
weekly,23.0,Ghost Points,10,qocqs3wjme34472y,KindComet,54.5,ghost_points,"Weekly points excluding goals, assists, clean sheets, and GA penalties.",,,,,,,,,,,,,,,,,,64.5,10.0,,1.0,1.0,3.0,,,,,,,,,,,,,
weekly,23.0,Ghost Points,11,zxivny5tme3hojrx,Count Doku,45.0,ghost_points,"Weekly points excluding goals, assists, clean sheets, and GA penalties.",,,,,,,,,,,,,,,,,,59.0,14.0,,0.0,1.0,2.0,,,,,,,,,,,,,
weekly,23.0,Ghost Points,12,116s0o6ume0s7s58,Up the Arse-nal,41.5,ghost_points,"Weekly points excluding goals, assists, clean sheets, and GA penalties.",,,,,,,,,,,,,,,,,,44.5,3.0,,0.0,1.0,2.0,,,,,,,,,,,,,
weekly,24.0,Ghost Points,1,ih2b4z8ome1job2n,nhauptma,92.0,ghost_points,"Weekly points excluding goals, assists, clean sheets, and GA penalties.",,,,,,,,,,,,,,,,,,110.0,18.0,,2.0,0.0,3.0,,,,,,,,,,,,,
weekly,24.0,Ghost Points,2,ss2dromsme3cbmga,Berkshire’s Club,90.0,ghost_points,"Weekly points excluding goals, assists, clean sheets, and GA penalties.",,,,,,,,,,,,,,,,,,118.0,28.0,,2.0,0.0,2.0,,,,,,,,,,,,,
weekly,24.0,Ghost Points,3,xnt9wpm9me0us0r4,yudesh,89.0,ghost_points,"Weekly points excluding goals, assists, clean sheets, and GA penalties.",,,,,,,,,,,,,,,,,,104.0,15.0,,2.0,1.0,1.0,,,,,,,,,,,,,
weekly,24.0,Ghost Points,4,zf53q9hdme32qmoe,Robertske,88.5,ghost_points,"Weekly points excluding goals, assists, clean sheets, and GA penalties.",,,,,,,,,,,,,,,,,,103.5,15.0,,1.0,2.0,2.0,,,,,,,,,,,,,
weekly,24.0,Ghost Points,5,ne94j2bxme0vsmkq,Pot Splashers,82.5,ghost_points,"Weekly points excluding goals, assists, clean sheets, and GA penalties.",,,,,,,,,,,,,,,,,,91.5,9.0,,2.0,0.0,1.0,,,,,,,,,,,,,
weekly,24.0,Ghost Points,6,eaz9h4hfme2wdh8p,epatel3,81.5,ghost_points,"Weekly points excluding goals, assists, clean sheets, and GA penalties.",,,,,,,,,,,,,,,,,,135.5,54.0,,3.0,4.0,3.0,,,,,,,,,,,,,
weekly,24.0,Ghost Points,7,avv7b4d5me2tlsrt,wmuck1,77.0,ghost_points,"Weekly points excluding goals, assists, clean sheets, and GA penalties.",,,,,,,,,,,,,,,,,,114.0,37.0,,2.0,2.0,4.0,,,,,,,,,,,,,
weekly,24.0,Ghost Points,8,fm7cv4p0me3j48nk,The Facerockers,76.0,ghost_points,"Weekly points excluding goals, assists, clean sheets, and GA penalties.",,,,,,,,,,,,,,,,,,99.0,23.0,,2.0,0.0,2.0,,,,,,,,,,,,,
weekly,24.0,Ghost Points,9,0t8m7z91mdhjhvye,SUNNYD,74.5,ghost_points,"Weekly points excluding goals, assists, clean sheets, and GA penalties.",,,,,,,,,,,,,,,,,,104.5,30.0,,2.0,1.0,2.0,,,,,,,,,,,,,
weekly,24.0,Ghost Points,10,qocqs3wjme34472y,KindComet,66.0,ghost_points,"Weekly points excluding goals, assists, clean sheets, and GA penalties.",,,,,,,,,,,,,,,,,,80.0,14.0,,1.0,0.0,4.0,,,,,,,,,,,,,
weekly,24.0,Ghost Points,11,zxivny5tme3hojrx,Count Doku,63.0,ghost_points,"Weekly points excluding goals, assists, clean sheets, and GA penalties.",,,,,,,,,,,,,,,,,,106.0,43.0,,2.0,2.0,3.0,,,,,,,,,,,,,
weekly,24.0,Ghost Points,12,116s0o6ume0s7s58,Up the Arse-nal,61.5,ghost_points,"Weekly points excluding goals, assists, clean sheets, and GA penalties.",,,,,,,,,,,,,,,,,,102.5,41.0,,1.0,3.0,4.0,,,,,,,,,,,,,
weekly,25.0,Ghost Points,1,qocqs3wjme34472y,KindComet,102.5,ghost_points,"Weekly points excluding goals, assists, clean sheets, and GA penalties.",,,,,,,,,,,,,,,,,,133.5,31.0,,3.0,0.0,2.0,,,,,,,,,,,,,
weekly,25.0,Ghost Points,2,ss2dromsme3cbmga,Berkshire’s Club,101.0,ghost_points,"Weekly points excluding goals, assists, clean sheets, and GA penalties.",,,,,,,,,,,,,,,,,,137.0,36.0,,1.0,3.0,5.0,,,,,,,,,,,,,
weekly,25.0,Ghost Points,3,eaz9h4hfme2wdh8p,epatel3,89.0,ghost_points,"Weekly points excluding goals, assists, clean sheets, and GA penalties.",,,,,,,,,,,,,,,,,,143.0,54.0,,2.0,3.0,5.0,,,,,,,,,,,,,
weekly,25.0,Ghost Points,4,xnt9wpm9me0us0r4,yudesh,88.5,ghost_points,"Weekly points excluding goals, assists, clean sheets, and GA penalties.",,,,,,,,,,,,,,,,,,95.5,7.0,,0.0,1.0,3.0,,,,,,,,,,,,,
weekly,25.0,Ghost Points,5,avv7b4d5me2tlsrt,wmuck1,81.0,ghost_points,"Weekly points excluding goals, assists, clean sheets, and GA penalties.",,,,,,,,,,,,,,,,,,100.0,19.0,,0.0,2.0,2.0,,,,,,,,,,,,,
weekly,25.0,Ghost Points,6,ne94j2bxme0vsmkq,Pot Splashers,77.5,ghost_points,"Weekly points excluding goals, assists, clean sheets, and GA penalties.",,,,,,,,,,,,,,,,,,128.5,51.0,,4.0,0.0,2.0,,,,,,,,,,,,,
weekly,25.0,Ghost Points,7,116s0o6ume0s7s58,Up the Arse-nal,75.5,ghost_points,"Weekly points excluding goals, assists, clean sheets, and GA penalties.",,,,,,,,,,,,,,,,,,93.5,18.0,,1.0,1.0,4.0,,,,,,,,,,,,,
weekly,25.0,Ghost Points,8,ih2b4z8ome1job2n,nhauptma,75.5,ghost_points,"Weekly points excluding goals, assists, clean sheets, and GA penalties.",,,,,,,,,,,,,,,,,,100.5,25.0,,3.0,0.0,2.0,,,,,,,,,,,,,
weekly,25.0,Ghost Points,9,zf53q9hdme32qmoe,Robertske,67.5,ghost_points,"Weekly points excluding goals, assists, clean sheets, and GA penalties.",,,,,,,,,,,,,,,,,,98.5,31.0,,1.0,3.0,2.0,,,,,,,,,,,,,
weekly,25.0,Ghost Points,10,0t8m7z91mdhjhvye,SUNNYD,66.5,ghost_points,"Weekly points excluding goals, assists, clean sheets, and GA penalties.",,,,,,,,,,,,,,,,,,71.5,5.0,,1.0,0.0,3.0,,,,,,,,,,,,,
weekly,25.0,Ghost Points,11,fm7cv4p0me3j48nk,The Facerockers,60.5,ghost_points,"Weekly points excluding goals, assists, clean sheets, and GA penalties.",,,,,,,,,,,,,,,,,,66.5,6.0,,1.0,1.0,1.0,,,,,,,,,,,,,
weekly,25.0,Ghost Points,12,zxivny5tme3hojrx,Count Doku,49.0,ghost_points,"Weekly points excluding goals, assists, clean sheets, and GA penalties.",,,,,,,,,,,,,,,,,,43.0,-6.0,,0.0,0.0,2.0,,,,,,,,,,,,,
weekly,26.0,Ghost Points,1,eaz9h4hfme2wdh8p,epatel3,94.5,ghost_points,"Weekly points excluding goals, assists, clean sheets, and GA penalties.",,,,,,,,,,,,,,,,,,110.5,16.0,,1.0,2.0,1.0,,,,,,,,,,,,,
weekly,26.0,Ghost Points,2,ss2dromsme3cbmga,Berkshire’s Club,93.5,ghost_points,"Weekly points excluding goals, assists, clean sheets, and GA penalties.",,,,,,,,,,,,,,,,,,154.5,61.0,,3.0,4.0,4.0,,,,,,,,,,,,,
weekly,26.0,Ghost Points,3,0t8m7z91mdhjhvye,SUNNYD,92.5,ghost_points,"Weekly points excluding goals, assists, clean sheets, and GA penalties.",,,,,,,,,,,,,,,,,,111.5,19.0,,1.0,0.0,4.0,,,,,,,,,,,,,
weekly,26.0,Ghost Points,4,zxivny5tme3hojrx,Count Doku,87.0,ghost_points,"Weekly points excluding goals, assists, clean sheets, and GA penalties.",,,,,,,,,,,,,,,,,,107.0,20.0,,0.0,2.0,2.0,,,,,,,,,,,,,
weekly,26.0,Ghost Points,5,qocqs3wjme34472y,KindComet,85.0,ghost_points,"Weekly points excluding goals, assists, clean sheets, and GA penalties.",,,,,,,,,,,,,,,,,,92.0,7.0,,1.0,1.0,1.0,,,,,,,,,,,,,
weekly,26.0,Ghost Points,6,fm7cv4p0me3j48nk,The Facerockers,79.5,ghost_points,"Weekly points excluding goals, assists, clean sheets, and GA penalties.",,,,,,,,,,,,,,,,,,104.5,25.0,,1.0,1.0,4.0,,,,,,,,,,,,,
weekly,26.0,Ghost Points,7,ne94j2bxme0vsmkq,Pot Splashers,79.0,ghost_points,"Weekly points excluding goals, assists, clean sheets, and GA penalties.",,,,,,,,,,,,,,,,,,113.0,34.0,,3.0,2.0,1.0,,,,,,,,,,,,,
weekly,26.0,Ghost Points,8,ih2b4z8ome1job2n,nhauptma,69.0,ghost_points,"Weekly points excluding goals, assists, clean sheets, and GA penalties.",,,,,,,,,,,,,,,,,,76.0,7.0,,0.0,1.0,2.0,,,,,,,,,,,,,
weekly,26.0,Ghost Points,9,116s0o6ume0s7s58,Up the Arse-nal,67.0,ghost_points,"Weekly points excluding goals, assists, clean sheets, and GA penalties.",,,,,,,,,,,,,,,,,,74.0,7.0,,0.0,1.0,2.0,,,,,,,,,,,,,
weekly,26.0,Ghost Points,10,xnt9wpm9me0us0r4,yudesh,66.5,ghost_points,"Weekly points excluding goals, assists, clean sheets, and GA penalties.",,,,,,,,,,,,,,,,,,63.5,-3.0,,0.0,0.0,3.0,,,,,,,,,,,,,
weekly,26.0,Ghost Points,11,avv7b4d5me2tlsrt,wmuck1,58.5,ghost_points,"Weekly points excluding goals, assists, clean sheets, and GA penalties.",,,,,,,,,,,,,,,,,,65.5,7.0,,1.0,0.0,1.0,,,,,,,,,,,,,
weekly,26.0,Ghost Points,12,zf53q9hdme32qmoe,Robertske,36.5,ghost_points,"Weekly points excluding goals, assists, clean sheets, and GA penalties.",,,,,,,,,,,,,,,,,,73.5,37.0,,2.0,2.0,3.0,,,,,,,,,,,,,
weekly,27.0,Ghost Points,1,ih2b4z8ome1job2n,nhauptma,116.5,ghost_points,"Weekly points excluding goals, assists, clean sheets, and GA penalties.",,,,,,,,,,,,,,,,,,156.5,40.0,,2.0,2.0,5.0,,,,,,,,,,,,,
weekly,27.0,Ghost Points,2,ss2dromsme3cbmga,Berkshire’s Club,95.0,ghost_points,"Weekly points excluding goals, assists, clean sheets, and GA penalties.",,,,,,,,,,,,,,,,,,111.0,16.0,,1.0,0.0,5.0,,,,,,,,,,,,,
weekly,27.0,Ghost Points,3,fm7cv4p0me3j48nk,The Facerockers,88.0,ghost_points,"Weekly points excluding goals, assists, clean sheets, and GA penalties.",,,,,,,,,,,,,,,,,,139.0,51.0,,0.0,3.0,7.0,,,,,,,,,,,,,
weekly,27.0,Ghost Points,4,ne94j2bxme0vsmkq,Pot Splashers,87.5,ghost_points,"Weekly points excluding goals, assists, clean sheets, and GA penalties.",,,,,,,,,,,,,,,,,,96.5,9.0,,0.0,0.0,5.0,,,,,,,,,,,,,
weekly,27.0,Ghost Points,5,0t8m7z91mdhjhvye,SUNNYD,85.5,ghost_points,"Weekly points excluding goals, assists, clean sheets, and GA penalties.",,,,,,,,,,,,,,,,,,100.5,15.0,,0.0,2.0,3.0,,,,,,,,,,,,,
weekly,27.0,Ghost Points,6,eaz9h4hfme2wdh8p,epatel3,79.0,ghost_points,"Weekly points excluding goals, assists, clean sheets, and GA penalties.",,,,,,,,,,,,,,,,,,116.0,37.0,,4.0,0.0,4.0,,,,,,,,,,,,,
weekly,27.0,Ghost Points,7,116s0o6ume0s7s58,Up the Arse-nal,76.5,ghost_points,"Weekly points excluding goals, assists, clean sheets, and GA penalties.",,,,,,,,,,,,,,,,,,87.5,11.0,,0.0,1.0,4.0,,,,,,,,,,,,,
weekly,27.0,Ghost Points,8,xnt9wpm9me0us0r4,yudesh,74.0,ghost_points,"Weekly points excluding goals, assists, clean sheets, and GA penalties.",,,,,,,,,,,,,,,,,,90.0,16.0,,1.0,0.0,3.0,,,,,,,,,,,,,
weekly,27.0,Ghost Points,9,zxivny5tme3hojrx,Count Doku,72.5,ghost_points,"Weekly points excluding goals, assists, clean sheets, and GA penalties.",,,,,,,,,,,,,,,,,,90.5,18.0,,1.0,0.0,3.0,,,,,,,,,,,,,
weekly,27.0,Ghost Points,10,zf53q9hdme32qmoe,Robertske,66.5,ghost_points,"Weekly points excluding goals, assists, clean sheets, and GA penalties.",,,,,,,,,,,,,,,,,,102.5,36.0,,2.0,1.0,3.0,,,,,,,,,,,,,
weekly,27.0,Ghost Points,11,qocqs3wjme34472y,KindComet,65.5,ghost_points,"Weekly points excluding goals, assists, clean sheets, and GA penalties.",,,,,,,,,,,,,,,,,,72.5,7.0,,0.0,0.0,3.0,,,,,,,,,,,,,
weekly,27.0,Ghost Points,12,avv7b4d5me2tlsrt,wmuck1,64.0,ghost_points,"Weekly points excluding goals, assists, clean sheets, and GA penalties.",,,,,,,,,,,,,,,,,,90.0,26.0,,0.0,0.0,8.0,,,,,,,,,,,,,
weekly,28.0,Ghost Points,1,ih2b4z8ome1job2n,nhauptma,115.0,ghost_points,"Weekly points excluding goals, assists, clean sheets, and GA penalties.",,,,,,,,,,,,,,,,,,147.0,32.0,,2.0,1.0,2.0,,,,,,,,,,,,,
weekly,28.0,Ghost Points,2,ss2dromsme3cbmga,Berkshire’s Club,105.0,ghost_points,"Weekly points excluding goals, assists, clean sheets, and GA penalties.",,,,,,,,,,,,,,,,,,133.0,28.0,,1.0,3.0,2.0,,,,,,,,,,,,,
weekly,28.0,Ghost Points,3,116s0o6ume0s7s58,Up the Arse-nal,100.5,ghost_points,"Weekly points excluding goals, assists, clean sheets, and GA penalties.",,,,,,,,,,,,,,,,,,157.5,57.0,,4.0,5.0,0.0,,,,,,,,,,,,,
weekly,28.0,Ghost Points,4,ne94j2bxme0vsmkq,Pot Splashers,82.5,ghost_points,"Weekly points excluding goals, assists, clean sheets, and GA penalties.",,,,,,,,,,,,,,,,,,111.5,29.0,,3.0,1.0,0.0,,,,,,,,,,,,,
weekly,28.0,Ghost Points,5,xnt9wpm9me0us0r4,yudesh,82.5,ghost_points,"Weekly points excluding goals, assists, clean sheets, and GA penalties.",,,,,,,,,,,,,,,,,,81.5,-1.0,,0.0,2.0,1.0,,,,,,,,,,,,,
weekly,28.0,Ghost Points,6,qocqs3wjme34472y,KindComet,79.0,ghost_points,"Weekly points excluding goals, assists, clean sheets, and GA penalties.",,,,,,,,,,,,,,,,,,91.0,12.0,,2.0,0.0,0.0,,,,,,,,,,,,,
weekly,28.0,Ghost Points,7,eaz9h4hfme2wdh8p,epatel3,78.5,ghost_points,"Weekly points excluding goals, assists, clean sheets, and GA penalties.",,,,,,,,,,,,,,,,,,122.5,44.0,,3.0,2.0,1.0,,,,,,,,,,,,,
weekly,28.0,Ghost Points,8,0t8m7z91mdhjhvye,SUNNYD,78.0,ghost_points,"Weekly points excluding goals, assists, clean sheets, and GA penalties.",,,,,,,,,,,,,,,,,,121.0,43.0,,2.0,2.0,3.0,,,,,,,,,,,,,
weekly,28.0,Ghost Points,9,avv7b4d5me2tlsrt,wmuck1,67.5,ghost_points,"Weekly points excluding goals, assists, clean sheets, and GA penalties.",,,,,,,,,,,,,,,,,,103.5,36.0,,2.0,3.0,0.0,,,,,,,,,,,,,
weekly,28.0,Ghost Points,10,fm7cv4p0me3j48nk,The Facerockers,60.5,ghost_points,"Weekly points excluding goals, assists, clean sheets, and GA penalties.",,,,,,,,,,,,,,,,,,85.5,25.0,,3.0,1.0,1.0,,,,,,,,,,,,,
weekly,28.0,Ghost Points,11,zxivny5tme3hojrx,Count Doku,52.5,ghost_points,"Weekly points excluding goals, assists, clean sheets, and GA penalties.",,,,,,,,,,,,,,,,,,45.5,-7.0,,0.0,1.0,0.0,,,,,,,,,,,,,
weekly,28.0,Ghost Points,12,zf53q9hdme32qmoe,Robertske,27.0,ghost_points,"Weekly points excluding goals, assists, clean sheets, and GA penalties.",,,,,,,,,,,,,,,,,,30.0,3.0,,0.0,0.0,2.0,,,,,,,,,,,,,
weekly,29.0,Ghost Points,1,ss2dromsme3cbmga,Berkshire’s Club,119.5,ghost_points,"Weekly points excluding goals, assists, clean sheets, and GA penalties.",,,,,,,,,,,,,,,,,,142.5,23.0,,2.0,1.0,2.0,,,,,,,,,,,,,
weekly,29.0,Ghost Points,2,0t8m7z91mdhjhvye,SUNNYD,93.5,ghost_points,"Weekly points excluding goals, assists, clean sheets, and GA penalties.",,,,,,,,,,,,,,,,,,124.5,31.0,,2.0,1.0,6.0,,,,,,,,,,,,,
weekly,29.0,Ghost Points,3,zxivny5tme3hojrx,Count Doku,83.5,ghost_points,"Weekly points excluding goals, assists, clean sheets, and GA penalties.",,,,,,,,,,,,,,,,,,120.5,37.0,,1.0,2.0,4.0,,,,,,,,,,,,,
weekly,29.0,Ghost Points,4,116s0o6ume0s7s58,Up the Arse-nal,80.0,ghost_points,"Weekly points excluding goals, assists, clean sheets, and GA penalties.",,,,,,,,,,,,,,,,,,134.0,54.0,,1.0,2.0,7.0,,,,,,,,,,,,,
weekly,29.0,Ghost Points,5,ih2b4z8ome1job2n,nhauptma,76.5,ghost_points,"Weekly points excluding goals, assists, clean sheets, and GA penalties.",,,,,,,,,,,,,,,,,,105.5,29.0,,2.0,0.0,3.0,,,,,,,,,,,,,
weekly,29.0,Ghost Points,6,xnt9wpm9me0us0r4,yudesh,76.5,ghost_points,"Weekly points excluding goals, assists, clean sheets, and GA penalties.",,,,,,,,,,,,,,,,,,105.5,29.0,,2.0,1.0,4.0,,,,,,,,,,,,,
weekly,29.0,Ghost Points,7,ne94j2bxme0vsmkq,Pot Splashers,67.5,ghost_points,"Weekly points excluding goals, assists, clean sheets, and GA penalties.",,,,,,,,,,,,,,,,,,85.5,18.0,,2.0,0.0,3.0,,,,,,,,,,,,,
weekly,29.0,Ghost Points,8,qocqs3wjme34472y,KindComet,59.0,ghost_points,"Weekly points excluding goals, assists, clean sheets, and GA penalties.",,,,,,,,,,,,,,,,,,72.0,13.0,,0.0,1.0,3.0,,,,,,,,,,,,,
weekly,29.0,Ghost Points,9,eaz9h4hfme2wdh8p,epatel3,55.0,ghost_points,"Weekly points excluding goals, assists, clean sheets, and GA penalties.",,,,,,,,,,,,,,,,,,128.0,73.0,,5.0,1.0,6.0,,,,,,,,,,,,,
weekly,29.0,Ghost Points,10,fm7cv4p0me3j48nk,The Facerockers,52.0,ghost_points,"Weekly points excluding goals, assists, clean sheets, and GA penalties.",,,,,,,,,,,,,,,,,,78.0,26.0,,2.0,0.0,2.0,,,,,,,,,,,,,
weekly,29.0,Ghost Points,11,avv7b4d5me2tlsrt,wmuck1,48.5,ghost_points,"Weekly points excluding goals, assists, clean sheets, and GA penalties.",,,,,,,,,,,,,,,,,,58.5,10.0,,0.0,1.0,2.0,,,,,,,,,,,,,
weekly,29.0,Ghost Points,12,zf53q9hdme32qmoe,Robertske,35.5,ghost_points,"Weekly points excluding goals, assists, clean sheets, and GA penalties.",,,,,,,,,,,,,,,,,,50.5,15.0,,1.0,1.0,0.0,,,,,,,,,,,,,
weekly,30.0,Ghost Points,1,eaz9h4hfme2wdh8p,epatel3,107.5,ghost_points,"Weekly points excluding goals, assists, clean sheets, and GA penalties.",,,,,,,,,,,,,,,,,,140.5,33.0,,1.0,0.0,6.0,,,,,,,,,,,,,
weekly,30.0,Ghost Points,2,xnt9wpm9me0us0r4,yudesh,105.0,ghost_points,"Weekly points excluding goals, assists, clean sheets, and GA penalties.",,,,,,,,,,,,,,,,,,142.0,37.0,,0.0,2.0,7.0,,,,,,,,,,,,,
weekly,30.0,Ghost Points,3,qocqs3wjme34472y,KindComet,91.5,ghost_points,"Weekly points excluding goals, assists, clean sheets, and GA penalties.",,,,,,,,,,,,,,,,,,116.5,25.0,,1.0,0.0,5.0,,,,,,,,,,,,,
weekly,30.0,Ghost Points,4,ne94j2bxme0vsmkq,Pot Splashers,87.5,ghost_points,"Weekly points excluding goals, assists, clean sheets, and GA penalties.",,,,,,,,,,,,,,,,,,105.5,18.0,,1.0,0.0,6.0,,,,,,,,,,,,,
weekly,30.0,Ghost Points,5,avv7b4d5me2tlsrt,wmuck1,86.5,ghost_points,"Weekly points excluding goals, assists, clean sheets, and GA penalties.",,,,,,,,,,,,,,,,,,100.5,14.0,,0.0,0.0,4.0,,,,,,,,,,,,,
weekly,30.0,Ghost Points,6,fm7cv4p0me3j48nk,The Facerockers,85.0,ghost_points,"Weekly points excluding goals, assists, clean sheets, and GA penalties.",,,,,,,,,,,,,,,,,,118.0,33.0,,1.0,1.0,6.0,,,,,,,,,,,,,
weekly,30.0,Ghost Points,7,0t8m7z91mdhjhvye,SUNNYD,80.0,ghost_points,"Weekly points excluding goals, assists, clean sheets, and GA penalties.",,,,,,,,,,,,,,,,,,103.0,23.0,,1.0,1.0,4.0,,,,,,,,,,,,,
weekly,30.0,Ghost Points,8,zxivny5tme3hojrx,Count Doku,78.5,ghost_points,"Weekly points excluding goals, assists, clean sheets, and GA penalties.",,,,,,,,,,,,,,,,,,104.5,26.0,,1.0,1.0,3.0,,,,,,,,,,,,,
weekly,30.0,Ghost Points,9,ss2dromsme3cbmga,Berkshire’s Club,71.5,ghost_points,"Weekly points excluding goals, assists, clean sheets, and GA penalties.",,,,,,,,,,,,,,,,,,89.5,18.0,,1.0,1.0,3.0,,,,,,,,,,,,,
weekly,30.0,Ghost Points,10,116s0o6ume0s7s58,Up the Arse-nal,60.0,ghost_points,"Weekly points excluding goals, assists, clean sheets, and GA penalties.",,,,,,,,,,,,,,,,,,69.0,9.0,,0.0,2.0,2.0,,,,,,,,,,,,,
weekly,30.0,Ghost Points,11,ih2b4z8ome1job2n,nhauptma,58.0,ghost_points,"Weekly points excluding goals, assists, clean sheets, and GA penalties.",,,,,,,,,,,,,,,,,,72.0,14.0,,1.0,0.0,3.0,,,,,,,,,,,,,
weekly,30.0,Ghost Points,12,zf53q9hdme32qmoe,Robertske,55.0,ghost_points,"Weekly points excluding goals, assists, clean sheets, and GA penalties.",,,,,,,,,,,,,,,,,,61.0,6.0,,0.0,0.0,1.0,,,,,,,,,,,,,
weekly,31.0,Ghost Points,1,avv7b4d5me2tlsrt,wmuck1,107.0,ghost_points,"Weekly points excluding goals, assists, clean sheets, and GA penalties.",,,,,,,,,,,,,,,,,,111.0,4.0,,0.0,1.0,3.0,,,,,,,,,,,,,
weekly,31.0,Ghost Points,2,zxivny5tme3hojrx,Count Doku,105.0,ghost_points,"Weekly points excluding goals, assists, clean sheets, and GA penalties.",,,,,,,,,,,,,,,,,,134.0,29.0,,0.0,2.0,4.0,,,,,,,,,,,,,
weekly,31.0,Ghost Points,3,qocqs3wjme34472y,KindComet,103.0,ghost_points,"Weekly points excluding goals, assists, clean sheets, and GA penalties.",,,,,,,,,,,,,,,,,,101.0,-2.0,,0.0,1.0,2.0,,,,,,,,,,,,,
weekly,31.0,Ghost Points,4,ne94j2bxme0vsmkq,Pot Splashers,89.5,ghost_points,"Weekly points excluding goals, assists, clean sheets, and GA penalties.",,,,,,,,,,,,,,,,,,94.5,5.0,,1.0,0.0,1.0,,,,,,,,,,,,,
weekly,31.0,Ghost Points,5,xnt9wpm9me0us0r4,yudesh,86.0,ghost_points,"Weekly points excluding goals, assists, clean sheets, and GA penalties.",,,,,,,,,,,,,,,,,,96.0,10.0,,1.0,0.0,3.0,,,,,,,,,,,,,
weekly,31.0,Ghost Points,6,116s0o6ume0s7s58,Up the Arse-nal,78.5,ghost_points,"Weekly points excluding goals, assists, clean sheets, and GA penalties.",,,,,,,,,,,,,,,,,,126.5,48.0,,3.0,2.0,3.0,,,,,,,,,,,,,
weekly,31.0,Ghost Points,7,ss2dromsme3cbmga,Berkshire’s Club,78.5,ghost_points,"Weekly points excluding goals, assists, clean sheets, and GA penalties.",,,,,,,,,,,,,,,,,,99.5,21.0,,1.0,1.0,3.0,,,,,,,,,,,,,
weekly,31.0,Ghost Points,8,fm7cv4p0me3j48nk,The Facerockers,75.5,ghost_points,"Weekly points excluding goals, assists, clean sheets, and GA penalties.",,,,,,,,,,,,,,,,,,90.5,15.0,,2.0,1.0,2.0,,,,,,,,,,,,,
weekly,31.0,Ghost Points,9,0t8m7z91mdhjhvye,SUNNYD,46.0,ghost_points,"Weekly points excluding goals, assists, clean sheets, and GA penalties.",,,,,,,,,,,,,,,,,,50.0,4.0,,0.0,1.0,3.0,,,,,,,,,,,,,
weekly,31.0,Ghost Points,10,eaz9h4hfme2wdh8p,epatel3,43.5,ghost_points,"Weekly points excluding goals, assists, clean sheets, and GA penalties.",,,,,,,,,,,,,,,,,,74.5,31.0,,2.0,0.0,3.0,,,,,,,,,,,,,
weekly,31.0,Ghost Points,11,ih2b4z8ome1job2n,nhauptma,37.5,ghost_points,"Weekly points excluding goals, assists, clean sheets, and GA penalties.",,,,,,,,,,,,,,,,,,59.5,22.0,,1.0,1.0,2.0,,,,,,,,,,,,,
weekly,31.0,Ghost Points,12,zf53q9hdme32qmoe,Robertske,12.5,ghost_points,"Weekly points excluding goals, assists, clean sheets, and GA penalties.",,,,,,,,,,,,,,,,,,10.5,-2.0,,0.0,0.0,0.0,,,,,,,,,,,,,
weekly,32.0,Ghost Points,1,eaz9h4hfme2wdh8p,epatel3,102.5,ghost_points,"Weekly points excluding goals, assists, clean sheets, and GA penalties.",,,,,,,,,,,,,,,,,,142.5,40.0,,3.0,2.0,2.0,,,,,,,,,,,,,
weekly,32.0,Ghost Points,2,0t8m7z91mdhjhvye,SUNNYD,95.0,ghost_points,"Weekly points excluding goals, assists, clean sheets, and GA penalties.",,,,,,,,,,,,,,,,,,134.0,39.0,,1.0,2.0,4.0,,,,,,,,,,,,,
weekly,32.0,Ghost Points,3,qocqs3wjme34472y,KindComet,91.5,ghost_points,"Weekly points excluding goals, assists, clean sheets, and GA penalties.",,,,,,,,,,,,,,,,,,148.5,57.0,,5.0,1.0,1.0,,,,,,,,,,,,,
weekly,32.0,Ghost Points,4,xnt9wpm9me0us0r4,yudesh,91.0,ghost_points,"Weekly points excluding goals, assists, clean sheets, and GA penalties.",,,,,,,,,,,,,,,,,,95.0,4.0,,0.0,2.0,2.0,,,,,,,,,,,,,
weekly,32.0,Ghost Points,5,ss2dromsme3cbmga,Berkshire’s Club,89.5,ghost_points,"Weekly points excluding goals, assists, clean sheets, and GA penalties.",,,,,,,,,,,,,,,,,,141.5,52.0,,2.0,3.0,5.0,,,,,,,,,,,,,
weekly,32.0,Ghost Points,6,zxivny5tme3hojrx,Count Doku,89.0,ghost_points,"Weekly points excluding goals, assists, clean sheets, and GA penalties.",,,,,,,,,,,,,,,,,,117.0,28.0,,2.0,1.0,3.0,,,,,,,,,,,,,
weekly,32.0,Ghost Points,7,ne94j2bxme0vsmkq,Pot Splashers,83.5,ghost_points,"Weekly points excluding goals, assists, clean sheets, and GA penalties.",,,,,,,,,,,,,,,,,,99.5,16.0,,1.0,1.0,3.0,,,,,,,,,,,,,
weekly,32.0,Ghost Points,8,116s0o6ume0s7s58,Up the Arse-nal,82.0,ghost_points,"Weekly points excluding goals, assists, clean sheets, and GA penalties.",,,,,,,,,,,,,,,,,,91.0,9.0,,0.0,1.0,2.0,,,,,,,,,,,,,
weekly,32.0,Ghost Points,9,avv7b4d5me2tlsrt,wmuck1,74.5,ghost_points,"Weekly points excluding goals, assists, clean sheets, and GA penalties.",,,,,,,,,,,,,,,,,,73.5,-1.0,,0.0,0.0,3.0,,,,,,,,,,,,,
weekly,32.0,Ghost Points,10,fm7cv4p0me3j48nk,The Facerockers,74.5,ghost_points,"Weekly points excluding goals, assists, clean sheets, and GA penalties.",,,,,,,,,,,,,,,,,,113.5,39.0,,1.0,1.0,6.0,,,,,,,,,,,,,
weekly,32.0,Ghost Points,11,ih2b4z8ome1job2n,nhauptma,42.5,ghost_points,"Weekly points excluding goals, assists, clean sheets, and GA penalties.",,,,,,,,,,,,,,,,,,57.5,15.0,,1.0,1.0,1.0,,,,,,,,,,,,,
weekly,32.0,Ghost Points,12,zf53q9hdme32qmoe,Robertske,41.5,ghost_points,"Weekly points excluding goals, assists, clean sheets, and GA penalties.",,,,,,,,,,,,,,,,,,79.5,38.0,,2.0,2.0,4.0,,,,,,,,,,,,,
weekly,33.0,Ghost Points,1,qocqs3wjme34472y,KindComet,139.0,ghost_points,"Weekly points excluding goals, assists, clean sheets, and GA penalties.",,,,,,,,,,,,,,,,,,184.0,45.0,,3.0,0.0,5.0,,,,,,,,,,,,,
weekly,33.0,Ghost Points,2,fm7cv4p0me3j48nk,The Facerockers,136.5,ghost_points,"Weekly points excluding goals, assists, clean sheets, and GA penalties.",,,,,,,,,,,,,,,,,,184.5,48.0,,5.0,1.0,3.0,,,,,,,,,,,,,
weekly,33.0,Ghost Points,3,avv7b4d5me2tlsrt,wmuck1,124.5,ghost_points,"Weekly points excluding goals, assists, clean sheets, and GA penalties.",,,,,,,,,,,,,,,,,,156.5,32.0,,2.0,3.0,5.0,,,,,,,,,,,,,
weekly,33.0,Ghost Points,4,xnt9wpm9me0us0r4,yudesh,121.0,ghost_points,"Weekly points excluding goals, assists, clean sheets, and GA penalties.",,,,,,,,,,,,,,,,,,130.0,9.0,,0.0,2.0,3.0,,,,,,,,,,,,,
weekly,33.0,Ghost Points,5,0t8m7z91mdhjhvye,SUNNYD,111.5,ghost_points,"Weekly points excluding goals, assists, clean sheets, and GA penalties.",,,,,,,,,,,,,,,,,,150.5,39.0,,3.0,1.0,7.0,,,,,,,,,,,,,
weekly,33.0,Ghost Points,6,ih2b4z8ome1job2n,nhauptma,110.5,ghost_points,"Weekly points excluding goals, assists, clean sheets, and GA penalties.",,,,,,,,,,,,,,,,,,171.5,61.0,,4.0,2.0,5.0,,,,,,,,,,,,,
weekly,33.0,Ghost Points,7,ss2dromsme3cbmga,Berkshire’s Club,101.0,ghost_points,"Weekly points excluding goals, assists, clean sheets, and GA penalties.",,,,,,,,,,,,,,,,,,115.0,14.0,,0.0,2.0,4.0,,,,,,,,,,,,,
weekly,33.0,Ghost Points,8,ne94j2bxme0vsmkq,Pot Splashers,99.5,ghost_points,"Weekly points excluding goals, assists, clean sheets, and GA penalties.",,,,,,,,,,,,,,,,,,134.5,35.0,,2.0,2.0,3.0,,,,,,,,,,,,,
weekly,33.0,Ghost Points,9,zxivny5tme3hojrx,Count Doku,97.5,ghost_points,"Weekly points excluding goals, assists, clean sheets, and GA penalties.",,,,,,,,,,,,,,,,,,129.5,32.0,,0.0,3.0,5.0,,,,,,,,,,,,,
weekly,33.0,Ghost Points,10,eaz9h4hfme2wdh8p,epatel3,95.0,ghost_points,"Weekly points excluding goals, assists, clean sheets, and GA penalties.",,,,,,,,,,,,,,,,,,103.0,8.0,,1.0,1.0,2.0,,,,,,,,,,,,,
weekly,33.0,Ghost Points,11,zf53q9hdme32qmoe,Robertske,82.0,ghost_points,"Weekly points excluding goals, assists, clean sheets, and GA penalties.",,,,,,,,,,,,,,,,,,144.0,62.0,,4.0,2.0,4.0,,,,,,,,,,,,,
weekly,33.0,Ghost Points,12,116s0o6ume0s7s58,Up the Arse-nal,72.0,ghost_points,"Weekly points excluding goals, assists, clean sheets, and GA penalties.",,,,,,,,,,,,,,,,,,112.0,40.0,,1.0,2.0,6.0,,,,,,,,,,,,,
weekly,34.0,Ghost Points,1,zxivny5tme3hojrx,Count Doku,99.5,ghost_points,"Weekly points excluding goals, assists, clean sheets, and GA penalties.",,,,,,,,,,,,,,,,,,121.5,22.0,,0.0,0.0,6.0,,,,,,,,,,,,,
weekly,34.0,Ghost Points,2,eaz9h4hfme2wdh8p,epatel3,90.5,ghost_points,"Weekly points excluding goals, assists, clean sheets, and GA penalties.",,,,,,,,,,,,,,,,,,121.5,31.0,,2.0,0.0,4.0,,,,,,,,,,,,,
weekly,34.0,Ghost Points,3,116s0o6ume0s7s58,Up the Arse-nal,85.0,ghost_points,"Weekly points excluding goals, assists, clean sheets, and GA penalties.",,,,,,,,,,,,,,,,,,107.0,22.0,,0.0,3.0,2.0,,,,,,,,,,,,,
weekly,34.0,Ghost Points,4,ss2dromsme3cbmga,Berkshire’s Club,84.5,ghost_points,"Weekly points excluding goals, assists, clean sheets, and GA penalties.",,,,,,,,,,,,,,,,,,100.5,16.0,,0.0,2.0,3.0,,,,,,,,,,,,,
weekly,34.0,Ghost Points,5,ne94j2bxme0vsmkq,Pot Splashers,70.5,ghost_points,"Weekly points excluding goals, assists, clean sheets, and GA penalties.",,,,,,,,,,,,,,,,,,94.5,24.0,,2.0,1.0,1.0,,,,,,,,,,,,,
weekly,34.0,Ghost Points,6,fm7cv4p0me3j48nk,The Facerockers,68.5,ghost_points,"Weekly points excluding goals, assists, clean sheets, and GA penalties.",,,,,,,,,,,,,,,,,,93.5,25.0,,0.0,3.0,3.0,,,,,,,,,,,,,
weekly,34.0,Ghost Points,7,0t8m7z91mdhjhvye,SUNNYD,67.0,ghost_points,"Weekly points excluding goals, assists, clean sheets, and GA penalties.",,,,,,,,,,,,,,,,,,65.0,-2.0,,1.0,0.0,2.0,,,,,,,,,,,,,
weekly,34.0,Ghost Points,8,xnt9wpm9me0us0r4,yudesh,67.0,ghost_points,"Weekly points excluding goals, assists, clean sheets, and GA penalties.",,,,,,,,,,,,,,,,,,80.0,13.0,,2.0,0.0,1.0,,,,,,,,,,,,,
weekly,34.0,Ghost Points,9,ih2b4z8ome1job2n,nhauptma,41.5,ghost_points,"Weekly points excluding goals, assists, clean sheets, and GA penalties.",,,,,,,,,,,,,,,,,,59.5,18.0,,1.0,2.0,2.0,,,,,,,,,,,,,
weekly,34.0,Ghost Points,10,qocqs3wjme34472y,KindComet,38.0,ghost_points,"Weekly points excluding goals, assists, clean sheets, and GA penalties.",,,,,,,,,,,,,,,,,,24.0,-14.0,,1.0,0.0,0.0,,,,,,,,,,,,,
weekly,34.0,Ghost Points,11,avv7b4d5me2tlsrt,wmuck1,35.5,ghost_points,"Weekly points excluding goals, assists, clean sheets, and GA penalties.",,,,,,,,,,,,,,,,,,44.5,9.0,,1.0,0.0,0.0,,,,,,,,,,,,,
weekly,34.0,Ghost Points,12,zf53q9hdme32qmoe,Robertske,20.0,ghost_points,"Weekly points excluding goals, assists, clean sheets, and GA penalties.",,,,,,,,,,,,,,,,,,20.0,0.0,,0.0,0.0,0.0,,,,,,,,,,,,,
weekly,35.0,Ghost Points,1,ss2dromsme3cbmga,Berkshire’s Club,113.0,ghost_points,"Weekly points excluding goals, assists, clean sheets, and GA penalties.",,,,,,,,,,,,,,,,,,143.0,30.0,,2.0,2.0,1.0,,,,,,,,,,,,,
weekly,35.0,Ghost Points,2,eaz9h4hfme2wdh8p,epatel3,88.5,ghost_points,"Weekly points excluding goals, assists, clean sheets, and GA penalties.",,,,,,,,,,,,,,,,,,107.5,19.0,,1.0,2.0,3.0,,,,,,,,,,,,,
weekly,35.0,Ghost Points,3,0t8m7z91mdhjhvye,SUNNYD,87.0,ghost_points,"Weekly points excluding goals, assists, clean sheets, and GA penalties.",,,,,,,,,,,,,,,,,,127.0,40.0,,3.0,2.0,4.0,,,,,,,,,,,,,
weekly,35.0,Ghost Points,4,qocqs3wjme34472y,KindComet,82.0,ghost_points,"Weekly points excluding goals, assists, clean sheets, and GA penalties.",,,,,,,,,,,,,,,,,,78.0,-4.0,,1.0,0.0,2.0,,,,,,,,,,,,,
weekly,35.0,Ghost Points,5,zxivny5tme3hojrx,Count Doku,80.5,ghost_points,"Weekly points excluding goals, assists, clean sheets, and GA penalties.",,,,,,,,,,,,,,,,,,115.5,35.0,,3.0,0.0,3.0,,,,,,,,,,,,,
weekly,35.0,Ghost Points,6,116s0o6ume0s7s58,Up the Arse-nal,72.0,ghost_points,"Weekly points excluding goals, assists, clean sheets, and GA penalties.",,,,,,,,,,,,,,,,,,114.0,42.0,,2.0,2.0,5.0,,,,,,,,,,,,,
weekly,35.0,Ghost Points,7,ne94j2bxme0vsmkq,Pot Splashers,66.0,ghost_points,"Weekly points excluding goals, assists, clean sheets, and GA penalties.",,,,,,,,,,,,,,,,,,77.0,11.0,,2.0,1.0,2.0,,,,,,,,,,,,,
weekly,35.0,Ghost Points,8,xnt9wpm9me0us0r4,yudesh,64.5,ghost_points,"Weekly points excluding goals, assists, clean sheets, and GA penalties.",,,,,,,,,,,,,,,,,,73.5,9.0,,1.0,2.0,1.0,,,,,,,,,,,,,
weekly,35.0,Ghost Points,9,ih2b4z8ome1job2n,nhauptma,63.5,ghost_points,"Weekly points excluding goals, assists, clean sheets, and GA penalties.",,,,,,,,,,,,,,,,,,87.5,24.0,,2.0,3.0,1.0,,,,,,,,,,,,,
weekly,35.0,Ghost Points,10,fm7cv4p0me3j48nk,The Facerockers,62.5,ghost_points,"Weekly points excluding goals, assists, clean sheets, and GA penalties.",,,,,,,,,,,,,,,,,,78.5,16.0,,1.0,1.0,1.0,,,,,,,,,,,,,
weekly,35.0,Ghost Points,11,avv7b4d5me2tlsrt,wmuck1,61.0,ghost_points,"Weekly points excluding goals, assists, clean sheets, and GA penalties.",,,,,,,,,,,,,,,,,,80.0,19.0,,0.0,3.0,1.0,,,,,,,,,,,,,
weekly,35.0,Ghost Points,12,zf53q9hdme32qmoe,Robertske,61.0,ghost_points,"Weekly points excluding goals, assists, clean sheets, and GA penalties.",,,,,,,,,,,,,,,,,,86.0,25.0,,2.0,2.0,1.0,,,,,,,,,,,,,
weekly,36.0,Ghost Points,1,qocqs3wjme34472y,KindComet,118.0,ghost_points,"Weekly points excluding goals, assists, clean sheets, and GA penalties.",,,,,,,,,,,,,,,,,,132.0,14.0,,1.0,0.0,3.0,,,,,,,,,,,,,
weekly,36.0,Ghost Points,2,ss2dromsme3cbmga,Berkshire’s Club,114.0,ghost_points,"Weekly points excluding goals, assists, clean sheets, and GA penalties.",,,,,,,,,,,,,,,,,,148.0,34.0,,2.0,1.0,4.0,,,,,,,,,,,,,
weekly,36.0,Ghost Points,3,zxivny5tme3hojrx,Count Doku,94.5,ghost_points,"Weekly points excluding goals, assists, clean sheets, and GA penalties.",,,,,,,,,,,,,,,,,,107.5,13.0,,1.0,0.0,3.0,,,,,,,,,,,,,
weekly,36.0,Ghost Points,4,xnt9wpm9me0us0r4,yudesh,93.5,ghost_points,"Weekly points excluding goals, assists, clean sheets, and GA penalties.",,,,,,,,,,,,,,,,,,102.5,9.0,,1.0,1.0,2.0,,,,,,,,,,,,,
weekly,36.0,Ghost Points,5,eaz9h4hfme2wdh8p,epatel3,91.0,ghost_points,"Weekly points excluding goals, assists, clean sheets, and GA penalties.",,,,,,,,,,,,,,,,,,112.0,21.0,,0.0,1.0,6.0,,,,,,,,,,,,,
weekly,36.0,Ghost Points,6,zf53q9hdme32qmoe,Robertske,89.5,ghost_points,"Weekly points excluding goals, assists, clean sheets, and GA penalties.",,,,,,,,,,,,,,,,,,167.5,78.0,,3.0,6.0,6.0,,,,,,,,,,,,,
weekly,36.0,Ghost Points,7,116s0o6ume0s7s58,Up the Arse-nal,89.0,ghost_points,"Weekly points excluding goals, assists, clean sheets, and GA penalties.",,,,,,,,,,,,,,,,,,98.0,9.0,,1.0,1.0,4.0,,,,,,,,,,,,,
weekly,36.0,Ghost Points,8,avv7b4d5me2tlsrt,wmuck1,86.5,ghost_points,"Weekly points excluding goals, assists, clean sheets, and GA penalties.",,,,,,,,,,,,,,,,,,109.5,23.0,,0.0,1.0,4.0,,,,,,,,,,,,,
weekly,36.0,Ghost Points,9,ih2b4z8ome1job2n,nhauptma,73.5,ghost_points,"Weekly points excluding goals, assists, clean sheets, and GA penalties.",,,,,,,,,,,,,,,,,,104.5,31.0,,3.0,1.0,3.0,,,,,,,,,,,,,
weekly,36.0,Ghost Points,10,0t8m7z91mdhjhvye,SUNNYD,73.0,ghost_points,"Weekly points excluding goals, assists, clean sheets, and GA penalties.",,,,,,,,,,,,,,,,,,114.0,41.0,,1.0,1.0,8.0,,,,,,,,,,,,,
weekly,36.0,Ghost Points,11,fm7cv4p0me3j48nk,The Facerockers,64.0,ghost_points,"Weekly points excluding goals, assists, clean sheets, and GA penalties.",,,,,,,,,,,,,,,,,,93.0,29.0,,1.0,1.0,4.0,,,,,,,,,,,,,
weekly,36.0,Ghost Points,12,ne94j2bxme0vsmkq,Pot Splashers,50.5,ghost_points,"Weekly points excluding goals, assists, clean sheets, and GA penalties.",,,,,,,,,,,,,,,,,,73.5,23.0,,2.0,0.0,3.0,,,,,,,,,,,,,
weekly,37.0,Ghost Points,1,qocqs3wjme34472y,KindComet,108.0,ghost_points,"Weekly points excluding goals, assists, clean sheets, and GA penalties.",,,,,,,,,,,,,,,,,,144.0,36.0,,2.0,3.0,1.0,,,,,,,,,,,,,
weekly,37.0,Ghost Points,2,ss2dromsme3cbmga,Berkshire’s Club,87.0,ghost_points,"Weekly points excluding goals, assists, clean sheets, and GA penalties.",,,,,,,,,,,,,,,,,,98.0,11.0,,0.0,2.0,1.0,,,,,,,,,,,,,
weekly,37.0,Ghost Points,3,zf53q9hdme32qmoe,Robertske,82.5,ghost_points,"Weekly points excluding goals, assists, clean sheets, and GA penalties.",,,,,,,,,,,,,,,,,,90.5,8.0,,1.0,0.0,1.0,,,,,,,,,,,,,
weekly,37.0,Ghost Points,4,116s0o6ume0s7s58,Up the Arse-nal,80.5,ghost_points,"Weekly points excluding goals, assists, clean sheets, and GA penalties.",,,,,,,,,,,,,,,,,,103.5,23.0,,2.0,2.0,2.0,,,,,,,,,,,,,
weekly,37.0,Ghost Points,5,xnt9wpm9me0us0r4,yudesh,79.5,ghost_points,"Weekly points excluding goals, assists, clean sheets, and GA penalties.",,,,,,,,,,,,,,,,,,116.5,37.0,,2.0,3.0,0.0,,,,,,,,,,,,,
weekly,37.0,Ghost Points,6,avv7b4d5me2tlsrt,wmuck1,73.0,ghost_points,"Weekly points excluding goals, assists, clean sheets, and GA penalties.",,,,,,,,,,,,,,,,,,84.0,11.0,,1.0,1.0,2.0,,,,,,,,,,,,,
weekly,37.0,Ghost Points,7,zxivny5tme3hojrx,Count Doku,73.0,ghost_points,"Weekly points excluding goals, assists, clean sheets, and GA penalties.",,,,,,,,,,,,,,,,,,107.0,34.0,,3.0,2.0,0.0,,,,,,,,,,,,,
weekly,37.0,Ghost Points,8,0t8m7z91mdhjhvye,SUNNYD,63.0,ghost_points,"Weekly points excluding goals, assists, clean sheets, and GA penalties.",,,,,,,,,,,,,,,,,,84.0,21.0,,1.0,1.0,3.0,,,,,,,,,,,,,
weekly,37.0,Ghost Points,9,fm7cv4p0me3j48nk,The Facerockers,63.0,ghost_points,"Weekly points excluding goals, assists, clean sheets, and GA penalties.",,,,,,,,,,,,,,,,,,93.0,30.0,,3.0,1.0,2.0,,,,,,,,,,,,,
weekly,37.0,Ghost Points,10,ne94j2bxme0vsmkq,Pot Splashers,59.5,ghost_points,"Weekly points excluding goals, assists, clean sheets, and GA penalties.",,,,,,,,,,,,,,,,,,66.5,7.0,,0.0,1.0,2.0,,,,,,,,,,,,,
weekly,37.0,Ghost Points,11,eaz9h4hfme2wdh8p,epatel3,56.0,ghost_points,"Weekly points excluding goals, assists, clean sheets, and GA penalties.",,,,,,,,,,,,,,,,,,63.0,7.0,,0.0,0.0,4.0,,,,,,,,,,,,,
weekly,37.0,Ghost Points,12,ih2b4z8ome1job2n,nhauptma,54.0,ghost_points,"Weekly points excluding goals, assists, clean sheets, and GA penalties.",,,,,,,,,,,,,,,,,,63.0,9.0,,1.0,0.0,2.0,,,,,,,,,,,,,
weekly,38.0,Ghost Points,1,0t8m7z91mdhjhvye,SUNNYD,86.0,ghost_points,"Weekly points excluding goals, assists, clean sheets, and GA penalties.",,,,,,,,,,,,,,,,,,98.0,12.0,,0.0,1.0,4.0,,,,,,,,,,,,,
weekly,38.0,Ghost Points,2,zxivny5tme3hojrx,Count Doku,83.0,ghost_points,"Weekly points excluding goals, assists, clean sheets, and GA penalties.",,,,,,,,,,,,,,,,,,77.0,-6.0,,0.0,0.0,1.0,,,,,,,,,,,,,
weekly,38.0,Ghost Points,3,ss2dromsme3cbmga,Berkshire’s Club,77.5,ghost_points,"Weekly points excluding goals, assists, clean sheets, and GA penalties.",,,,,,,,,,,,,,,,,,117.5,40.0,,3.0,2.0,2.0,,,,,,,,,,,,,
weekly,38.0,Ghost Points,4,qocqs3wjme34472y,KindComet,71.5,ghost_points,"Weekly points excluding goals, assists, clean sheets, and GA penalties.",,,,,,,,,,,,,,,,,,82.5,11.0,,1.0,0.0,1.0,,,,,,,,,,,,,
weekly,38.0,Ghost Points,5,116s0o6ume0s7s58,Up the Arse-nal,70.5,ghost_points,"Weekly points excluding goals, assists, clean sheets, and GA penalties.",,,,,,,,,,,,,,,,,,91.5,21.0,,1.0,1.0,2.0,,,,,,,,,,,,,
weekly,38.0,Ghost Points,6,ne94j2bxme0vsmkq,Pot Splashers,68.5,ghost_points,"Weekly points excluding goals, assists, clean sheets, and GA penalties.",,,,,,,,,,,,,,,,,,77.5,9.0,,1.0,0.0,1.0,,,,,,,,,,,,,
weekly,38.0,Ghost Points,7,fm7cv4p0me3j48nk,The Facerockers,57.0,ghost_points,"Weekly points excluding goals, assists, clean sheets, and GA penalties.",,,,,,,,,,,,,,,,,,71.0,14.0,,0.0,2.0,1.0,,,,,,,,,,,,,
weekly,38.0,Ghost Points,8,eaz9h4hfme2wdh8p,epatel3,56.0,ghost_points,"Weekly points excluding goals, assists, clean sheets, and GA penalties.",,,,,,,,,,,,,,,,,,77.0,21.0,,1.0,1.0,2.0,,,,,,,,,,,,,
weekly,38.0,Ghost Points,9,zf53q9hdme32qmoe,Robertske,51.0,ghost_points,"Weekly points excluding goals, assists, clean sheets, and GA penalties.",,,,,,,,,,,,,,,,,,51.0,0.0,,0.0,1.0,0.0,,,,,,,,,,,,,
weekly,38.0,Ghost Points,10,xnt9wpm9me0us0r4,yudesh,47.0,ghost_points,"Weekly points excluding goals, assists, clean sheets, and GA penalties.",,,,,,,,,,,,,,,,,,52.0,5.0,,0.0,0.0,2.0,,,,,,,,,,,,,
weekly,38.0,Ghost Points,11,avv7b4d5me2tlsrt,wmuck1,44.0,ghost_points,"Weekly points excluding goals, assists, clean sheets, and GA penalties.",,,,,,,,,,,,,,,,,,61.0,17.0,,0.0,1.0,3.0,,,,,,,,,,,,,
weekly,38.0,Ghost Points,12,ih2b4z8ome1job2n,nhauptma,44.0,ghost_points,"Weekly points excluding goals, assists, clean sheets, and GA penalties.",,,,,,,,,,,,,,,,,,57.0,13.0,,2.0,0.0,1.0,,,,,,,,,,,,,
weekly,1.0,Goals,1,zf53q9hdme32qmoe,Robertske,4.0,starter_goals,"Weekly starter goals, with xG as context.",,,,,,,2.82583418674767,96.0,,,,,,,,,,,,,,,,,,,,,,,,,,,,
weekly,1.0,Goals,2,ss2dromsme3cbmga,Berkshire’s Club,2.0,starter_goals,"Weekly starter goals, with xG as context.",,,,,,,1.3666435508057475,89.5,,,,,,,,,,,,,,,,,,,,,,,,,,,,
weekly,1.0,Goals,3,qocqs3wjme34472y,KindComet,2.0,starter_goals,"Weekly starter goals, with xG as context.",,,,,,,1.275202356278896,102.5,,,,,,,,,,,,,,,,,,,,,,,,,,,,
weekly,1.0,Goals,4,ne94j2bxme0vsmkq,Pot Splashers,2.0,starter_goals,"Weekly starter goals, with xG as context.",,,,,,,1.8166595846414568,140.0,,,,,,,,,,,,,,,,,,,,,,,,,,,,
weekly,1.0,Goals,5,eaz9h4hfme2wdh8p,epatel3,2.0,starter_goals,"Weekly starter goals, with xG as context.",,,,,,,1.507744163274765,84.0,,,,,,,,,,,,,,,,,,,,,,,,,,,,
weekly,1.0,Goals,6,0t8m7z91mdhjhvye,SUNNYD,1.0,starter_goals,"Weekly starter goals, with xG as context.",,,,,,,1.4467734284698963,116.5,,,,,,,,,,,,,,,,,,,,,,,,,,,,
weekly,1.0,Goals,7,zxivny5tme3hojrx,Count Doku,0.0,starter_goals,"Weekly starter goals, with xG as context.",,,,,,,0.4345458857715127,111.5,,,,,,,,,,,,,,,,,,,,,,,,,,,,
weekly,1.0,Goals,8,fm7cv4p0me3j48nk,The Facerockers,0.0,starter_goals,"Weekly starter goals, with xG as context.",,,,,,,0.8530353233218193,122.0,,,,,,,,,,,,,,,,,,,,,,,,,,,,
weekly,1.0,Goals,9,116s0o6ume0s7s58,Up the Arse-nal,0.0,starter_goals,"Weekly starter goals, with xG as context.",,,,,,,0.3427682705223558,67.5,,,,,,,,,,,,,,,,,,,,,,,,,,,,
weekly,1.0,Goals,10,ih2b4z8ome1job2n,nhauptma,0.0,starter_goals,"Weekly starter goals, with xG as context.",,,,,,,1.7645583748817444,82.0,,,,,,,,,,,,,,,,,,,,,,,,,,,,
weekly,1.0,Goals,11,avv7b4d5me2tlsrt,wmuck1,0.0,starter_goals,"Weekly starter goals, with xG as context.",,,,,,,1.1313018202781675,81.5,,,,,,,,,,,,,,,,,,,,,,,,,,,,
weekly,1.0,Goals,12,xnt9wpm9me0us0r4,yudesh,0.0,starter_goals,"Weekly starter goals, with xG as context.",,,,,,,0.6581715531647202,81.5,,,,,,,,,,,,,,,,,,,,,,,,,,,,
weekly,2.0,Goals,1,116s0o6ume0s7s58,Up the Arse-nal,4.0,starter_goals,"Weekly starter goals, with xG as context.",,,,,,,2.155500190332532,155.5,,,,,,,,,,,,,,,,,,,,,,,,,,,,
weekly,2.0,Goals,2,qocqs3wjme34472y,KindComet,3.0,starter_goals,"Weekly starter goals, with xG as context.",,,,,,,1.4702489748597145,95.5,,,,,,,,,,,,,,,,,,,,,,,,,,,,
weekly,2.0,Goals,3,xnt9wpm9me0us0r4,yudesh,3.0,starter_goals,"Weekly starter goals, with xG as context.",,,,,,,2.28638743981719,100.5,,,,,,,,,,,,,,,,,,,,,,,,,,,,
weekly,2.0,Goals,4,ne94j2bxme0vsmkq,Pot Splashers,2.0,starter_goals,"Weekly starter goals, with xG as context.",,,,,,,2.3902489114552736,93.0,,,,,,,,,,,,,,,,,,,,,,,,,,,,
weekly,2.0,Goals,5,0t8m7z91mdhjhvye,SUNNYD,2.0,starter_goals,"Weekly starter goals, with xG as context.",,,,,,,0.753294516354799,102.5,,,,,,,,,,,,,,,,,,,,,,,,,,,,
weekly,2.0,Goals,6,fm7cv4p0me3j48nk,The Facerockers,2.0,starter_goals,"Weekly starter goals, with xG as context.",,,,,,,0.9490567632019518,71.0,,,,,,,,,,,,,,,,,,,,,,,,,,,,
weekly,2.0,Goals,7,ih2b4z8ome1job2n,nhauptma,2.0,starter_goals,"Weekly starter goals, with xG as context.",,,,,,,1.940511167049408,117.5,,,,,,,,,,,,,,,,,,,,,,,,,,,,
weekly,2.0,Goals,8,ss2dromsme3cbmga,Berkshire’s Club,1.0,starter_goals,"Weekly starter goals, with xG as context.",,,,,,,1.9362930711358783,106.5,,,,,,,,,,,,,,,,,,,,,,,,,,,,
weekly,2.0,Goals,9,zf53q9hdme32qmoe,Robertske,1.0,starter_goals,"Weekly starter goals, with xG as context.",,,,,,,1.5861326605081554,45.5,,,,,,,,,,,,,,,,,,,,,,,,,,,,
weekly,2.0,Goals,10,eaz9h4hfme2wdh8p,epatel3,1.0,starter_goals,"Weekly starter goals, with xG as context.",,,,,,,1.5724569056183098,110.0,,,,,,,,,,,,,,,,,,,,,,,,,,,,
weekly,2.0,Goals,11,zxivny5tme3hojrx,Count Doku,0.0,starter_goals,"Weekly starter goals, with xG as context.",,,,,,,0.1395788844674824,55.5,,,,,,,,,,,,,,,,,,,,,,,,,,,,
weekly,2.0,Goals,12,avv7b4d5me2tlsrt,wmuck1,0.0,starter_goals,"Weekly starter goals, with xG as context.",,,,,,,0.6470450460910795,60.0,,,,,,,,,,,,,,,,,,,,,,,,,,,,
weekly,3.0,Goals,1,ss2dromsme3cbmga,Berkshire’s Club,3.0,starter_goals,"Weekly starter goals, with xG as context.",,,,,,,1.4763804795220494,123.5,,,,,,,,,,,,,,,,,,,,,,,,,,,,
weekly,3.0,Goals,2,zf53q9hdme32qmoe,Robertske,2.0,starter_goals,"Weekly starter goals, with xG as context.",,,,,,,1.958352053537965,69.0,,,,,,,,,,,,,,,,,,,,,,,,,,,,
weekly,3.0,Goals,3,116s0o6ume0s7s58,Up the Arse-nal,2.0,starter_goals,"Weekly starter goals, with xG as context.",,,,,,,2.0498903840780254,97.0,,,,,,,,,,,,,,,,,,,,,,,,,,,,
weekly,3.0,Goals,4,eaz9h4hfme2wdh8p,epatel3,2.0,starter_goals,"Weekly starter goals, with xG as context.",,,,,,,1.899539651349187,107.5,,,,,,,,,,,,,,,,,,,,,,,,,,,,
weekly,3.0,Goals,5,ih2b4z8ome1job2n,nhauptma,2.0,starter_goals,"Weekly starter goals, with xG as context.",,,,,,,1.8912417218089104,119.0,,,,,,,,,,,,,,,,,,,,,,,,,,,,
weekly,3.0,Goals,6,qocqs3wjme34472y,KindComet,1.0,starter_goals,"Weekly starter goals, with xG as context.",,,,,,,1.3447940535843372,76.5,,,,,,,,,,,,,,,,,,,,,,,,,,,,
weekly,3.0,Goals,7,fm7cv4p0me3j48nk,The Facerockers,1.0,starter_goals,"Weekly starter goals, with xG as context.",,,,,,,2.109069498255849,68.0,,,,,,,,,,,,,,,,,,,,,,,,,,,,
weekly,3.0,Goals,8,xnt9wpm9me0us0r4,yudesh,1.0,starter_goals,"Weekly starter goals, with xG as context.",,,,,,,1.5357258804142475,114.5,,,,,,,,,,,,,,,,,,,,,,,,,,,,
weekly,3.0,Goals,9,zxivny5tme3hojrx,Count Doku,0.0,starter_goals,"Weekly starter goals, with xG as context.",,,,,,,0.0677618160843849,49.0,,,,,,,,,,,,,,,,,,,,,,,,,,,,
weekly,3.0,Goals,10,ne94j2bxme0vsmkq,Pot Splashers,0.0,starter_goals,"Weekly starter goals, with xG as context.",,,,,,,0.9289441555738446,87.0,,,,,,,,,,,,,,,,,,,,,,,,,,,,
weekly,3.0,Goals,11,0t8m7z91mdhjhvye,SUNNYD,0.0,starter_goals,"Weekly starter goals, with xG as context.",,,,,,,1.2988418061286209,45.5,,,,,,,,,,,,,,,,,,,,,,,,,,,,
weekly,3.0,Goals,12,avv7b4d5me2tlsrt,wmuck1,0.0,starter_goals,"Weekly starter goals, with xG as context.",,,,,,,0.5723951924592257,60.0,,,,,,,,,,,,,,,,,,,,,,,,,,,,
weekly,4.0,Goals,1,zf53q9hdme32qmoe,Robertske,4.0,starter_goals,"Weekly starter goals, with xG as context.",,,,,,,1.7412706017494202,132.5,,,,,,,,,,,,,,,,,,,,,,,,,,,,
weekly,4.0,Goals,2,ss2dromsme3cbmga,Berkshire’s Club,2.0,starter_goals,"Weekly starter goals, with xG as context.",,,,,,,1.5094025433063505,103.0,,,,,,,,,,,,,,,,,,,,,,,,,,,,
weekly,4.0,Goals,3,qocqs3wjme34472y,KindComet,1.0,starter_goals,"Weekly starter goals, with xG as context.",,,,,,,1.606297995895147,117.5,,,,,,,,,,,,,,,,,,,,,,,,,,,,
weekly,4.0,Goals,4,ne94j2bxme0vsmkq,Pot Splashers,1.0,starter_goals,"Weekly starter goals, with xG as context.",,,,,,,2.2847065068781376,111.5,,,,,,,,,,,,,,,,,,,,,,,,,,,,
weekly,4.0,Goals,5,0t8m7z91mdhjhvye,SUNNYD,1.0,starter_goals,"Weekly starter goals, with xG as context.",,,,,,,1.2685376163572073,121.0,,,,,,,,,,,,,,,,,,,,,,,,,,,,
weekly,4.0,Goals,6,fm7cv4p0me3j48nk,The Facerockers,1.0,starter_goals,"Weekly starter goals, with xG as context.",,,,,,,1.8172281086444853,134.5,,,,,,,,,,,,,,,,,,,,,,,,,,,,
weekly,4.0,Goals,7,ih2b4z8ome1job2n,nhauptma,1.0,starter_goals,"Weekly starter goals, with xG as context.",,,,,,,3.1082069911062717,95.0,,,,,,,,,,,,,,,,,,,,,,,,,,,,
weekly,4.0,Goals,8,xnt9wpm9me0us0r4,yudesh,1.0,starter_goals,"Weekly starter goals, with xG as context.",,,,,,,0.7723662294447419,85.5,,,,,,,,,,,,,,,,,,,,,,,,,,,,
weekly,4.0,Goals,9,zxivny5tme3hojrx,Count Doku,0.0,starter_goals,"Weekly starter goals, with xG as context.",,,,,,,0.6991950236260889,73.0,,,,,,,,,,,,,,,,,,,,,,,,,,,,
weekly,4.0,Goals,10,116s0o6ume0s7s58,Up the Arse-nal,0.0,starter_goals,"Weekly starter goals, with xG as context.",,,,,,,0.4033847302198407,79.5,,,,,,,,,,,,,,,,,,,,,,,,,,,,
weekly,4.0,Goals,11,eaz9h4hfme2wdh8p,epatel3,0.0,starter_goals,"Weekly starter goals, with xG as context.",,,,,,,1.3006008137017488,98.5,,,,,,,,,,,,,,,,,,,,,,,,,,,,
weekly,4.0,Goals,12,avv7b4d5me2tlsrt,wmuck1,0.0,starter_goals,"Weekly starter goals, with xG as context.",,,,,,,0.1531333625316619,67.0,,,,,,,,,,,,,,,,,,,,,,,,,,,,
weekly,5.0,Goals,1,ss2dromsme3cbmga,Berkshire’s Club,3.0,starter_goals,"Weekly starter goals, with xG as context.",,,,,,,1.0721963569521904,100.5,,,,,,,,,,,,,,,,,,,,,,,,,,,,
weekly,5.0,Goals,2,zxivny5tme3hojrx,Count Doku,3.0,starter_goals,"Weekly starter goals, with xG as context.",,,,,,,1.673914521932602,145.5,,,,,,,,,,,,,,,,,,,,,,,,,,,,
weekly,5.0,Goals,3,0t8m7z91mdhjhvye,SUNNYD,2.0,starter_goals,"Weekly starter goals, with xG as context.",,,,,,,1.423875369131565,83.5,,,,,,,,,,,,,,,,,,,,,,,,,,,,
weekly,5.0,Goals,4,116s0o6ume0s7s58,Up the Arse-nal,2.0,starter_goals,"Weekly starter goals, with xG as context.",,,,,,,1.2924294248223305,85.5,,,,,,,,,,,,,,,,,,,,,,,,,,,,
weekly,5.0,Goals,5,ih2b4z8ome1job2n,nhauptma,2.0,starter_goals,"Weekly starter goals, with xG as context.",,,,,,,1.854753866791725,92.0,,,,,,,,,,,,,,,,,,,,,,,,,,,,
weekly,5.0,Goals,6,ne94j2bxme0vsmkq,Pot Splashers,1.0,starter_goals,"Weekly starter goals, with xG as context.",,,,,,,0.4679513126611708,61.5,,,,,,,,,,,,,,,,,,,,,,,,,,,,
weekly,5.0,Goals,7,zf53q9hdme32qmoe,Robertske,1.0,starter_goals,"Weekly starter goals, with xG as context.",,,,,,,0.788483815267682,68.0,,,,,,,,,,,,,,,,,,,,,,,,,,,,
weekly,5.0,Goals,8,fm7cv4p0me3j48nk,The Facerockers,1.0,starter_goals,"Weekly starter goals, with xG as context.",,,,,,,0.3861104771494863,83.5,,,,,,,,,,,,,,,,,,,,,,,,,,,,
weekly,5.0,Goals,9,avv7b4d5me2tlsrt,wmuck1,1.0,starter_goals,"Weekly starter goals, with xG as context.",,,,,,,0.1565651167184114,50.0,,,,,,,,,,,,,,,,,,,,,,,,,,,,
weekly,5.0,Goals,10,qocqs3wjme34472y,KindComet,0.0,starter_goals,"Weekly starter goals, with xG as context.",,,,,,,0.6492981500923631,87.5,,,,,,,,,,,,,,,,,,,,,,,,,,,,
weekly,5.0,Goals,11,eaz9h4hfme2wdh8p,epatel3,0.0,starter_goals,"Weekly starter goals, with xG as context.",,,,,,,0.999836482107639,90.0,,,,,,,,,,,,,,,,,,,,,,,,,,,,
weekly,5.0,Goals,12,xnt9wpm9me0us0r4,yudesh,0.0,starter_goals,"Weekly starter goals, with xG as context.",,,,,,,0.3101781532168387,75.0,,,,,,,,,,,,,,,,,,,,,,,,,,,,
weekly,6.0,Goals,1,zf53q9hdme32qmoe,Robertske,5.0,starter_goals,"Weekly starter goals, with xG as context.",,,,,,,3.6029979959130287,120.0,,,,,,,,,,,,,,,,,,,,,,,,,,,,
weekly,6.0,Goals,2,ss2dromsme3cbmga,Berkshire’s Club,3.0,starter_goals,"Weekly starter goals, with xG as context.",,,,,,,1.595810569822788,101.0,,,,,,,,,,,,,,,,,,,,,,,,,,,,
weekly,6.0,Goals,3,qocqs3wjme34472y,KindComet,2.0,starter_goals,"Weekly starter goals, with xG as context.",,,,,,,2.684476936236024,100.5,,,,,,,,,,,,,,,,,,,,,,,,,,,,
weekly,6.0,Goals,4,ne94j2bxme0vsmkq,Pot Splashers,2.0,starter_goals,"Weekly starter goals, with xG as context.",,,,,,,2.5238962173461914,78.5,,,,,,,,,,,,,,,,,,,,,,,,,,,,
weekly,6.0,Goals,5,fm7cv4p0me3j48nk,The Facerockers,2.0,starter_goals,"Weekly starter goals, with xG as context.",,,,,,,1.4942315015941858,133.5,,,,,,,,,,,,,,,,,,,,,,,,,,,,
weekly,6.0,Goals,6,eaz9h4hfme2wdh8p,epatel3,1.0,starter_goals,"Weekly starter goals, with xG as context.",,,,,,,1.9283613562583923,105.0,,,,,,,,,,,,,,,,,,,,,,,,,,,,
weekly,6.0,Goals,7,xnt9wpm9me0us0r4,yudesh,1.0,starter_goals,"Weekly starter goals, with xG as context.",,,,,,,1.5389744155108929,64.5,,,,,,,,,,,,,,,,,,,,,,,,,,,,
weekly,6.0,Goals,8,zxivny5tme3hojrx,Count Doku,0.0,starter_goals,"Weekly starter goals, with xG as context.",,,,,,,1.1782953403890133,108.0,,,,,,,,,,,,,,,,,,,,,,,,,,,,
weekly,6.0,Goals,9,0t8m7z91mdhjhvye,SUNNYD,0.0,starter_goals,"Weekly starter goals, with xG as context.",,,,,,,0.584860613569617,86.0,,,,,,,,,,,,,,,,,,,,,,,,,,,,
weekly,6.0,Goals,10,116s0o6ume0s7s58,Up the Arse-nal,0.0,starter_goals,"Weekly starter goals, with xG as context.",,,,,,,1.672804348170757,137.5,,,,,,,,,,,,,,,,,,,,,,,,,,,,
weekly,6.0,Goals,11,ih2b4z8ome1job2n,nhauptma,0.0,starter_goals,"Weekly starter goals, with xG as context.",,,,,,,1.7592716254293916,82.5,,,,,,,,,,,,,,,,,,,,,,,,,,,,
weekly,6.0,Goals,12,avv7b4d5me2tlsrt,wmuck1,0.0,starter_goals,"Weekly starter goals, with xG as context.",,,,,,,1.3896171124652024,67.5,,,,,,,,,,,,,,,,,,,,,,,,,,,,
weekly,7.0,Goals,1,ne94j2bxme0vsmkq,Pot Splashers,3.0,starter_goals,"Weekly starter goals, with xG as context.",,,,,,,2.5202419981360435,97.5,,,,,,,,,,,,,,,,,,,,,,,,,,,,
weekly,7.0,Goals,2,xnt9wpm9me0us0r4,yudesh,3.0,starter_goals,"Weekly starter goals, with xG as context.",,,,,,,3.92965991422534,108.5,,,,,,,,,,,,,,,,,,,,,,,,,,,,
weekly,7.0,Goals,3,ss2dromsme3cbmga,Berkshire’s Club,2.0,starter_goals,"Weekly starter goals, with xG as context.",,,,,,,1.3734125569462776,97.0,,,,,,,,,,,,,,,,,,,,,,,,,,,,
weekly,7.0,Goals,4,zf53q9hdme32qmoe,Robertske,2.0,starter_goals,"Weekly starter goals, with xG as context.",,,,,,,1.3836565203964708,72.5,,,,,,,,,,,,,,,,,,,,,,,,,,,,
weekly,7.0,Goals,5,avv7b4d5me2tlsrt,wmuck1,2.0,starter_goals,"Weekly starter goals, with xG as context.",,,,,,,1.53377191349864,120.5,,,,,,,,,,,,,,,,,,,,,,,,,,,,
weekly,7.0,Goals,6,zxivny5tme3hojrx,Count Doku,1.0,starter_goals,"Weekly starter goals, with xG as context.",,,,,,,0.593825418502092,82.0,,,,,,,,,,,,,,,,,,,,,,,,,,,,
weekly,7.0,Goals,7,qocqs3wjme34472y,KindComet,1.0,starter_goals,"Weekly starter goals, with xG as context.",,,,,,,2.366102954372764,125.5,,,,,,,,,,,,,,,,,,,,,,,,,,,,
weekly,7.0,Goals,8,0t8m7z91mdhjhvye,SUNNYD,1.0,starter_goals,"Weekly starter goals, with xG as context.",,,,,,,0.9867978077381848,102.5,,,,,,,,,,,,,,,,,,,,,,,,,,,,
weekly,7.0,Goals,9,116s0o6ume0s7s58,Up the Arse-nal,1.0,starter_goals,"Weekly starter goals, with xG as context.",,,,,,,1.0472762389108536,139.0,,,,,,,,,,,,,,,,,,,,,,,,,,,,
weekly,7.0,Goals,10,fm7cv4p0me3j48nk,The Facerockers,0.0,starter_goals,"Weekly starter goals, with xG as context.",,,,,,,0.3772845845669507,78.0,,,,,,,,,,,,,,,,,,,,,,,,,,,,
weekly,7.0,Goals,11,eaz9h4hfme2wdh8p,epatel3,0.0,starter_goals,"Weekly starter goals, with xG as context.",,,,,,,0.9471849240362644,71.5,,,,,,,,,,,,,,,,,,,,,,,,,,,,
weekly,7.0,Goals,12,ih2b4z8ome1job2n,nhauptma,0.0,starter_goals,"Weekly starter goals, with xG as context.",,,,,,,2.1829318664968014,113.5,,,,,,,,,,,,,,,,,,,,,,,,,,,,
weekly,8.0,Goals,1,zf53q9hdme32qmoe,Robertske,4.0,starter_goals,"Weekly starter goals, with xG as context.",,,,,,,4.327479921281338,127.5,,,,,,,,,,,,,,,,,,,,,,,,,,,,
weekly,8.0,Goals,2,ih2b4z8ome1job2n,nhauptma,4.0,starter_goals,"Weekly starter goals, with xG as context.",,,,,,,5.240663610398769,141.5,,,,,,,,,,,,,,,,,,,,,,,,,,,,
weekly,8.0,Goals,3,116s0o6ume0s7s58,Up the Arse-nal,2.0,starter_goals,"Weekly starter goals, with xG as context.",,,,,,,1.0268200309947129,157.0,,,,,,,,,,,,,,,,,,,,,,,,,,,,
weekly,8.0,Goals,4,qocqs3wjme34472y,KindComet,1.0,starter_goals,"Weekly starter goals, with xG as context.",,,,,,,0.7493728082627056,111.5,,,,,,,,,,,,,,,,,,,,,,,,,,,,
weekly,8.0,Goals,5,ne94j2bxme0vsmkq,Pot Splashers,1.0,starter_goals,"Weekly starter goals, with xG as context.",,,,,,,1.6705702850595117,68.5,,,,,,,,,,,,,,,,,,,,,,,,,,,,
weekly,8.0,Goals,6,0t8m7z91mdhjhvye,SUNNYD,1.0,starter_goals,"Weekly starter goals, with xG as context.",,,,,,,1.410066245123744,136.5,,,,,,,,,,,,,,,,,,,,,,,,,,,,
weekly,8.0,Goals,7,xnt9wpm9me0us0r4,yudesh,1.0,starter_goals,"Weekly starter goals, with xG as context.",,,,,,,1.4420638810843227,102.5,,,,,,,,,,,,,,,,,,,,,,,,,,,,
weekly,8.0,Goals,8,ss2dromsme3cbmga,Berkshire’s Club,0.0,starter_goals,"Weekly starter goals, with xG as context.",,,,,,,0.4689556490629909,85.0,,,,,,,,,,,,,,,,,,,,,,,,,,,,
weekly,8.0,Goals,9,zxivny5tme3hojrx,Count Doku,0.0,starter_goals,"Weekly starter goals, with xG as context.",,,,,,,1.358855627477169,78.5,,,,,,,,,,,,,,,,,,,,,,,,,,,,
weekly,8.0,Goals,10,fm7cv4p0me3j48nk,The Facerockers,0.0,starter_goals,"Weekly starter goals, with xG as context.",,,,,,,0.8096499796956775,98.0,,,,,,,,,,,,,,,,,,,,,,,,,,,,
weekly,8.0,Goals,11,eaz9h4hfme2wdh8p,epatel3,0.0,starter_goals,"Weekly starter goals, with xG as context.",,,,,,,0.4524773228913543,97.5,,,,,,,,,,,,,,,,,,,,,,,,,,,,
weekly,8.0,Goals,12,avv7b4d5me2tlsrt,wmuck1,0.0,starter_goals,"Weekly starter goals, with xG as context.",,,,,,,0.6531690843403335,63.0,,,,,,,,,,,,,,,,,,,,,,,,,,,,
weekly,9.0,Goals,1,qocqs3wjme34472y,KindComet,3.0,starter_goals,"Weekly starter goals, with xG as context.",,,,,,,1.6443397272378206,110.0,,,,,,,,,,,,,,,,,,,,,,,,,,,,
weekly,9.0,Goals,2,fm7cv4p0me3j48nk,The Facerockers,3.0,starter_goals,"Weekly starter goals, with xG as context.",,,,,,,1.905589111149311,109.0,,,,,,,,,,,,,,,,,,,,,,,,,,,,
weekly,9.0,Goals,3,eaz9h4hfme2wdh8p,epatel3,3.0,starter_goals,"Weekly starter goals, with xG as context.",,,,,,,0.9145766403526066,113.0,,,,,,,,,,,,,,,,,,,,,,,,,,,,
weekly,9.0,Goals,4,0t8m7z91mdhjhvye,SUNNYD,2.0,starter_goals,"Weekly starter goals, with xG as context.",,,,,,,2.710661354474724,107.0,,,,,,,,,,,,,,,,,,,,,,,,,,,,
weekly,9.0,Goals,5,ih2b4z8ome1job2n,nhauptma,2.0,starter_goals,"Weekly starter goals, with xG as context.",,,,,,,1.6324466727674003,123.0,,,,,,,,,,,,,,,,,,,,,,,,,,,,
weekly,9.0,Goals,6,avv7b4d5me2tlsrt,wmuck1,2.0,starter_goals,"Weekly starter goals, with xG as context.",,,,,,,0.3849644735455511,94.0,,,,,,,,,,,,,,,,,,,,,,,,,,,,
weekly,9.0,Goals,7,zxivny5tme3hojrx,Count Doku,1.0,starter_goals,"Weekly starter goals, with xG as context.",,,,,,,1.4118871493265028,84.0,,,,,,,,,,,,,,,,,,,,,,,,,,,,
weekly,9.0,Goals,8,zf53q9hdme32qmoe,Robertske,1.0,starter_goals,"Weekly starter goals, with xG as context.",,,,,,,2.401284851133823,87.5,,,,,,,,,,,,,,,,,,,,,,,,,,,,
weekly,9.0,Goals,9,xnt9wpm9me0us0r4,yudesh,1.0,starter_goals,"Weekly starter goals, with xG as context.",,,,,,,2.3336567021906376,73.5,,,,,,,,,,,,,,,,,,,,,,,,,,,,
weekly,9.0,Goals,10,ss2dromsme3cbmga,Berkshire’s Club,0.0,starter_goals,"Weekly starter goals, with xG as context.",,,,,,,0.281954703852534,122.0,,,,,,,,,,,,,,,,,,,,,,,,,,,,
weekly,9.0,Goals,11,ne94j2bxme0vsmkq,Pot Splashers,0.0,starter_goals,"Weekly starter goals, with xG as context.",,,,,,,1.1646827161312103,61.5,,,,,,,,,,,,,,,,,,,,,,,,,,,,
weekly,9.0,Goals,12,116s0o6ume0s7s58,Up the Arse-nal,0.0,starter_goals,"Weekly starter goals, with xG as context.",,,,,,,1.1679252609610558,117.0,,,,,,,,,,,,,,,,,,,,,,,,,,,,
weekly,10.0,Goals,1,eaz9h4hfme2wdh8p,epatel3,3.0,starter_goals,"Weekly starter goals, with xG as context.",,,,,,,2.858554318547249,129.0,,,,,,,,,,,,,,,,,,,,,,,,,,,,
weekly,10.0,Goals,2,qocqs3wjme34472y,KindComet,2.0,starter_goals,"Weekly starter goals, with xG as context.",,,,,,,1.879179541952908,75.0,,,,,,,,,,,,,,,,,,,,,,,,,,,,
weekly,10.0,Goals,3,zf53q9hdme32qmoe,Robertske,2.0,starter_goals,"Weekly starter goals, with xG as context.",,,,,,,1.859756108373403,131.5,,,,,,,,,,,,,,,,,,,,,,,,,,,,
weekly,10.0,Goals,4,fm7cv4p0me3j48nk,The Facerockers,2.0,starter_goals,"Weekly starter goals, with xG as context.",,,,,,,1.226616390049457,108.0,,,,,,,,,,,,,,,,,,,,,,,,,,,,
weekly,10.0,Goals,5,116s0o6ume0s7s58,Up the Arse-nal,2.0,starter_goals,"Weekly starter goals, with xG as context.",,,,,,,1.297099996358156,127.0,,,,,,,,,,,,,,,,,,,,,,,,,,,,
weekly,10.0,Goals,6,ih2b4z8ome1job2n,nhauptma,2.0,starter_goals,"Weekly starter goals, with xG as context.",,,,,,,1.5177293606102469,129.5,,,,,,,,,,,,,,,,,,,,,,,,,,,,
weekly,10.0,Goals,7,xnt9wpm9me0us0r4,yudesh,2.0,starter_goals,"Weekly starter goals, with xG as context.",,,,,,,0.6120949164032934,98.5,,,,,,,,,,,,,,,,,,,,,,,,,,,,
weekly,10.0,Goals,8,avv7b4d5me2tlsrt,wmuck1,1.0,starter_goals,"Weekly starter goals, with xG as context.",,,,,,,0.6695698499679562,80.0,,,,,,,,,,,,,,,,,,,,,,,,,,,,
weekly,10.0,Goals,9,ss2dromsme3cbmga,Berkshire’s Club,0.0,starter_goals,"Weekly starter goals, with xG as context.",,,,,,,1.0876651592552662,113.0,,,,,,,,,,,,,,,,,,,,,,,,,,,,
weekly,10.0,Goals,10,zxivny5tme3hojrx,Count Doku,0.0,starter_goals,"Weekly starter goals, with xG as context.",,,,,,,0.2281409967690704,46.0,,,,,,,,,,,,,,,,,,,,,,,,,,,,
weekly,10.0,Goals,11,ne94j2bxme0vsmkq,Pot Splashers,0.0,starter_goals,"Weekly starter goals, with xG as context.",,,,,,,0.5609523877501486,98.0,,,,,,,,,,,,,,,,,,,,,,,,,,,,
weekly,10.0,Goals,12,0t8m7z91mdhjhvye,SUNNYD,0.0,starter_goals,"Weekly starter goals, with xG as context.",,,,,,,1.075739400461316,45.5,,,,,,,,,,,,,,,,,,,,,,,,,,,,
weekly,11.0,Goals,1,zf53q9hdme32qmoe,Robertske,4.0,starter_goals,"Weekly starter goals, with xG as context.",,,,,,,2.477326136082411,111.5,,,,,,,,,,,,,,,,,,,,,,,,,,,,
weekly,11.0,Goals,2,ih2b4z8ome1job2n,nhauptma,3.0,starter_goals,"Weekly starter goals, with xG as context.",,,,,,,2.113470122218132,120.5,,,,,,,,,,,,,,,,,,,,,,,,,,,,
weekly,11.0,Goals,3,zxivny5tme3hojrx,Count Doku,2.0,starter_goals,"Weekly starter goals, with xG as context.",,,,,,,0.9553530793637036,91.5,,,,,,,,,,,,,,,,,,,,,,,,,,,,
weekly,11.0,Goals,4,ne94j2bxme0vsmkq,Pot Splashers,2.0,starter_goals,"Weekly starter goals, with xG as context.",,,,,,,2.080198469571769,113.0,,,,,,,,,,,,,,,,,,,,,,,,,,,,
weekly,11.0,Goals,5,0t8m7z91mdhjhvye,SUNNYD,2.0,starter_goals,"Weekly starter goals, with xG as context.",,,,,,,2.6376160010695457,115.5,,,,,,,,,,,,,,,,,,,,,,,,,,,,
weekly,11.0,Goals,6,ss2dromsme3cbmga,Berkshire’s Club,1.0,starter_goals,"Weekly starter goals, with xG as context.",,,,,,,2.4972953246906395,71.5,,,,,,,,,,,,,,,,,,,,,,,,,,,,
weekly,11.0,Goals,7,116s0o6ume0s7s58,Up the Arse-nal,1.0,starter_goals,"Weekly starter goals, with xG as context.",,,,,,,1.0194242522120474,92.5,,,,,,,,,,,,,,,,,,,,,,,,,,,,
weekly,11.0,Goals,8,eaz9h4hfme2wdh8p,epatel3,1.0,starter_goals,"Weekly starter goals, with xG as context.",,,,,,,1.1045990977436304,81.0,,,,,,,,,,,,,,,,,,,,,,,,,,,,
weekly,11.0,Goals,9,xnt9wpm9me0us0r4,yudesh,1.0,starter_goals,"Weekly starter goals, with xG as context.",,,,,,,1.0054992623627184,96.5,,,,,,,,,,,,,,,,,,,,,,,,,,,,
weekly,11.0,Goals,10,qocqs3wjme34472y,KindComet,0.0,starter_goals,"Weekly starter goals, with xG as context.",,,,,,,1.3868516981601715,81.0,,,,,,,,,,,,,,,,,,,,,,,,,,,,
weekly,11.0,Goals,11,fm7cv4p0me3j48nk,The Facerockers,0.0,starter_goals,"Weekly starter goals, with xG as context.",,,,,,,1.0131670814007518,30.5,,,,,,,,,,,,,,,,,,,,,,,,,,,,
weekly,11.0,Goals,12,avv7b4d5me2tlsrt,wmuck1,0.0,starter_goals,"Weekly starter goals, with xG as context.",,,,,,,0.1239150986075399,40.0,,,,,,,,,,,,,,,,,,,,,,,,,,,,
weekly,12.0,Goals,1,eaz9h4hfme2wdh8p,epatel3,5.0,starter_goals,"Weekly starter goals, with xG as context.",,,,,,,1.495907999575138,170.5,,,,,,,,,,,,,,,,,,,,,,,,,,,,
weekly,12.0,Goals,2,qocqs3wjme34472y,KindComet,4.0,starter_goals,"Weekly starter goals, with xG as context.",,,,,,,4.050942242145538,118.5,,,,,,,,,,,,,,,,,,,,,,,,,,,,
weekly,12.0,Goals,3,ih2b4z8ome1job2n,nhauptma,2.0,starter_goals,"Weekly starter goals, with xG as context.",,,,,,,1.727448247373104,126.0,,,,,,,,,,,,,,,,,,,,,,,,,,,,
weekly,12.0,Goals,4,ss2dromsme3cbmga,Berkshire’s Club,1.0,starter_goals,"Weekly starter goals, with xG as context.",,,,,,,0.881548799574375,113.0,,,,,,,,,,,,,,,,,,,,,,,,,,,,
weekly,12.0,Goals,5,zxivny5tme3hojrx,Count Doku,1.0,starter_goals,"Weekly starter goals, with xG as context.",,,,,,,0.3956495067104695,80.0,,,,,,,,,,,,,,,,,,,,,,,,,,,,
weekly,12.0,Goals,6,zf53q9hdme32qmoe,Robertske,1.0,starter_goals,"Weekly starter goals, with xG as context.",,,,,,,2.802490156143904,83.5,,,,,,,,,,,,,,,,,,,,,,,,,,,,
weekly,12.0,Goals,7,ne94j2bxme0vsmkq,Pot Splashers,0.0,starter_goals,"Weekly starter goals, with xG as context.",,,,,,,0.6246846718713639,77.0,,,,,,,,,,,,,,,,,,,,,,,,,,,,
weekly,12.0,Goals,8,0t8m7z91mdhjhvye,SUNNYD,0.0,starter_goals,"Weekly starter goals, with xG as context.",,,,,,,1.9247567094862457,96.5,,,,,,,,,,,,,,,,,,,,,,,,,,,,
weekly,12.0,Goals,9,fm7cv4p0me3j48nk,The Facerockers,0.0,starter_goals,"Weekly starter goals, with xG as context.",,,,,,,0.5289118383079766,60.5,,,,,,,,,,,,,,,,,,,,,,,,,,,,
weekly,12.0,Goals,10,116s0o6ume0s7s58,Up the Arse-nal,0.0,starter_goals,"Weekly starter goals, with xG as context.",,,,,,,1.5953130554407835,79.0,,,,,,,,,,,,,,,,,,,,,,,,,,,,
weekly,12.0,Goals,11,avv7b4d5me2tlsrt,wmuck1,0.0,starter_goals,"Weekly starter goals, with xG as context.",,,,,,,1.3461755290627475,56.5,,,,,,,,,,,,,,,,,,,,,,,,,,,,
weekly,12.0,Goals,12,xnt9wpm9me0us0r4,yudesh,0.0,starter_goals,"Weekly starter goals, with xG as context.",,,,,,,1.6968601420521736,117.0,,,,,,,,,,,,,,,,,,,,,,,,,,,,
weekly,13.0,Goals,1,qocqs3wjme34472y,KindComet,4.0,starter_goals,"Weekly starter goals, with xG as context.",,,,,,,3.2269443422555923,83.0,,,,,,,,,,,,,,,,,,,,,,,,,,,,
weekly,13.0,Goals,2,xnt9wpm9me0us0r4,yudesh,3.0,starter_goals,"Weekly starter goals, with xG as context.",,,,,,,1.9393476285040372,152.5,,,,,,,,,,,,,,,,,,,,,,,,,,,,
weekly,13.0,Goals,3,zxivny5tme3hojrx,Count Doku,2.0,starter_goals,"Weekly starter goals, with xG as context.",,,,,,,0.9671343676745888,113.5,,,,,,,,,,,,,,,,,,,,,,,,,,,,
weekly,13.0,Goals,4,ne94j2bxme0vsmkq,Pot Splashers,2.0,starter_goals,"Weekly starter goals, with xG as context.",,,,,,,0.5266842804849144,95.5,,,,,,,,,,,,,,,,,,,,,,,,,,,,
weekly,13.0,Goals,5,zf53q9hdme32qmoe,Robertske,2.0,starter_goals,"Weekly starter goals, with xG as context.",,,,,,,2.074840947985649,72.0,,,,,,,,,,,,,,,,,,,,,,,,,,,,
weekly,13.0,Goals,6,0t8m7z91mdhjhvye,SUNNYD,1.0,starter_goals,"Weekly starter goals, with xG as context.",,,,,,,2.7387175485491757,96.0,,,,,,,,,,,,,,,,,,,,,,,,,,,,
weekly,13.0,Goals,7,fm7cv4p0me3j48nk,The Facerockers,1.0,starter_goals,"Weekly starter goals, with xG as context.",,,,,,,0.628327147103846,93.5,,,,,,,,,,,,,,,,,,,,,,,,,,,,
weekly,13.0,Goals,8,eaz9h4hfme2wdh8p,epatel3,1.0,starter_goals,"Weekly starter goals, with xG as context.",,,,,,,2.119969002902508,66.0,,,,,,,,,,,,,,,,,,,,,,,,,,,,
weekly,13.0,Goals,9,ih2b4z8ome1job2n,nhauptma,1.0,starter_goals,"Weekly starter goals, with xG as context.",,,,,,,1.973709002137184,87.5,,,,,,,,,,,,,,,,,,,,,,,,,,,,
weekly,13.0,Goals,10,ss2dromsme3cbmga,Berkshire’s Club,0.0,starter_goals,"Weekly starter goals, with xG as context.",,,,,,,1.0733993947505949,71.5,,,,,,,,,,,,,,,,,,,,,,,,,,,,
weekly,13.0,Goals,11,116s0o6ume0s7s58,Up the Arse-nal,0.0,starter_goals,"Weekly starter goals, with xG as context.",,,,,,,1.562391445972025,147.5,,,,,,,,,,,,,,,,,,,,,,,,,,,,
weekly,13.0,Goals,12,avv7b4d5me2tlsrt,wmuck1,0.0,starter_goals,"Weekly starter goals, with xG as context.",,,,,,,0.1199055491015314,68.0,,,,,,,,,,,,,,,,,,,,,,,,,,,,
weekly,14.0,Goals,1,zf53q9hdme32qmoe,Robertske,3.0,starter_goals,"Weekly starter goals, with xG as context.",,,,,,,1.4470040425658226,77.5,,,,,,,,,,,,,,,,,,,,,,,,,,,,
weekly,14.0,Goals,2,qocqs3wjme34472y,KindComet,2.0,starter_goals,"Weekly starter goals, with xG as context.",,,,,,,0.9958571940660476,107.5,,,,,,,,,,,,,,,,,,,,,,,,,,,,
weekly,14.0,Goals,3,fm7cv4p0me3j48nk,The Facerockers,2.0,starter_goals,"Weekly starter goals, with xG as context.",,,,,,,1.1993025690317152,119.5,,,,,,,,,,,,,,,,,,,,,,,,,,,,
weekly,14.0,Goals,4,ih2b4z8ome1job2n,nhauptma,2.0,starter_goals,"Weekly starter goals, with xG as context.",,,,,,,2.190881084650755,135.0,,,,,,,,,,,,,,,,,,,,,,,,,,,,
weekly,14.0,Goals,5,ne94j2bxme0vsmkq,Pot Splashers,1.0,starter_goals,"Weekly starter goals, with xG as context.",,,,,,,0.2310493793338536,37.0,,,,,,,,,,,,,,,,,,,,,,,,,,,,
weekly,14.0,Goals,6,0t8m7z91mdhjhvye,SUNNYD,1.0,starter_goals,"Weekly starter goals, with xG as context.",,,,,,,2.681088238954544,96.0,,,,,,,,,,,,,,,,,,,,,,,,,,,,
weekly,14.0,Goals,7,116s0o6ume0s7s58,Up the Arse-nal,1.0,starter_goals,"Weekly starter goals, with xG as context.",,,,,,,1.3505872637033465,68.5,,,,,,,,,,,,,,,,,,,,,,,,,,,,
weekly,14.0,Goals,8,ss2dromsme3cbmga,Berkshire’s Club,0.0,starter_goals,"Weekly starter goals, with xG as context.",,,,,,,1.1738011986017225,113.5,,,,,,,,,,,,,,,,,,,,,,,,,,,,
weekly,14.0,Goals,9,zxivny5tme3hojrx,Count Doku,0.0,starter_goals,"Weekly starter goals, with xG as context.",,,,,,,0.4558393023908136,116.0,,,,,,,,,,,,,,,,,,,,,,,,,,,,
weekly,14.0,Goals,10,eaz9h4hfme2wdh8p,epatel3,0.0,starter_goals,"Weekly starter goals, with xG as context.",,,,,,,0.2757092267274856,96.0,,,,,,,,,,,,,,,,,,,,,,,,,,,,
weekly,14.0,Goals,11,avv7b4d5me2tlsrt,wmuck1,0.0,starter_goals,"Weekly starter goals, with xG as context.",,,,,,,0.5634617581963539,56.5,,,,,,,,,,,,,,,,,,,,,,,,,,,,
weekly,14.0,Goals,12,xnt9wpm9me0us0r4,yudesh,0.0,starter_goals,"Weekly starter goals, with xG as context.",,,,,,,1.1019413881003854,89.5,,,,,,,,,,,,,,,,,,,,,,,,,,,,
weekly,15.0,Goals,1,ss2dromsme3cbmga,Berkshire’s Club,3.0,starter_goals,"Weekly starter goals, with xG as context.",,,,,,,1.63504958152771,158.0,,,,,,,,,,,,,,,,,,,,,,,,,,,,
weekly,15.0,Goals,2,zf53q9hdme32qmoe,Robertske,3.0,starter_goals,"Weekly starter goals, with xG as context.",,,,,,,3.543748147785664,120.5,,,,,,,,,,,,,,,,,,,,,,,,,,,,
weekly,15.0,Goals,3,avv7b4d5me2tlsrt,wmuck1,3.0,starter_goals,"Weekly starter goals, with xG as context.",,,,,,,1.5625016409903765,85.5,,,,,,,,,,,,,,,,,,,,,,,,,,,,
weekly,15.0,Goals,4,fm7cv4p0me3j48nk,The Facerockers,2.0,starter_goals,"Weekly starter goals, with xG as context.",,,,,,,1.762937241233885,113.5,,,,,,,,,,,,,,,,,,,,,,,,,,,,
weekly,15.0,Goals,5,116s0o6ume0s7s58,Up the Arse-nal,2.0,starter_goals,"Weekly starter goals, with xG as context.",,,,,,,1.877967581152916,117.0,,,,,,,,,,,,,,,,,,,,,,,,,,,,
weekly,15.0,Goals,6,eaz9h4hfme2wdh8p,epatel3,2.0,starter_goals,"Weekly starter goals, with xG as context.",,,,,,,0.7646256946027278,92.0,,,,,,,,,,,,,,,,,,,,,,,,,,,,
weekly,15.0,Goals,7,ih2b4z8ome1job2n,nhauptma,2.0,starter_goals,"Weekly starter goals, with xG as context.",,,,,,,1.40829149633646,123.5,,,,,,,,,,,,,,,,,,,,,,,,,,,,
weekly,15.0,Goals,8,zxivny5tme3hojrx,Count Doku,1.0,starter_goals,"Weekly starter goals, with xG as context.",,,,,,,1.3494697734713552,123.5,,,,,,,,,,,,,,,,,,,,,,,,,,,,
weekly,15.0,Goals,9,ne94j2bxme0vsmkq,Pot Splashers,1.0,starter_goals,"Weekly starter goals, with xG as context.",,,,,,,1.7846776805818076,106.0,,,,,,,,,,,,,,,,,,,,,,,,,,,,
weekly,15.0,Goals,10,xnt9wpm9me0us0r4,yudesh,1.0,starter_goals,"Weekly starter goals, with xG as context.",,,,,,,0.7679036334156988,123.5,,,,,,,,,,,,,,,,,,,,,,,,,,,,
weekly,15.0,Goals,11,qocqs3wjme34472y,KindComet,0.0,starter_goals,"Weekly starter goals, with xG as context.",,,,,,,0.87927764095366,79.0,,,,,,,,,,,,,,,,,,,,,,,,,,,,
weekly,15.0,Goals,12,0t8m7z91mdhjhvye,SUNNYD,0.0,starter_goals,"Weekly starter goals, with xG as context.",,,,,,,1.2728255204856396,101.5,,,,,,,,,,,,,,,,,,,,,,,,,,,,
weekly,16.0,Goals,1,qocqs3wjme34472y,KindComet,3.0,starter_goals,"Weekly starter goals, with xG as context.",,,,,,,1.6693340726196766,155.0,,,,,,,,,,,,,,,,,,,,,,,,,,,,
weekly,16.0,Goals,2,zf53q9hdme32qmoe,Robertske,3.0,starter_goals,"Weekly starter goals, with xG as context.",,,,,,,2.0428675059229136,108.5,,,,,,,,,,,,,,,,,,,,,,,,,,,,
weekly,16.0,Goals,3,0t8m7z91mdhjhvye,SUNNYD,3.0,starter_goals,"Weekly starter goals, with xG as context.",,,,,,,2.0783099941909318,171.5,,,,,,,,,,,,,,,,,,,,,,,,,,,,
weekly,16.0,Goals,4,ss2dromsme3cbmga,Berkshire’s Club,2.0,starter_goals,"Weekly starter goals, with xG as context.",,,,,,,1.6154353991150856,116.0,,,,,,,,,,,,,,,,,,,,,,,,,,,,
weekly,16.0,Goals,5,avv7b4d5me2tlsrt,wmuck1,2.0,starter_goals,"Weekly starter goals, with xG as context.",,,,,,,1.4442376047372818,75.5,,,,,,,,,,,,,,,,,,,,,,,,,,,,
weekly,16.0,Goals,6,ne94j2bxme0vsmkq,Pot Splashers,1.0,starter_goals,"Weekly starter goals, with xG as context.",,,,,,,2.497838895767927,78.0,,,,,,,,,,,,,,,,,,,,,,,,,,,,
weekly,16.0,Goals,7,fm7cv4p0me3j48nk,The Facerockers,1.0,starter_goals,"Weekly starter goals, with xG as context.",,,,,,,0.4923873171210288,129.5,,,,,,,,,,,,,,,,,,,,,,,,,,,,
weekly,16.0,Goals,8,116s0o6ume0s7s58,Up the Arse-nal,1.0,starter_goals,"Weekly starter goals, with xG as context.",,,,,,,1.0580420540645716,128.5,,,,,,,,,,,,,,,,,,,,,,,,,,,,
weekly,16.0,Goals,9,xnt9wpm9me0us0r4,yudesh,1.0,starter_goals,"Weekly starter goals, with xG as context.",,,,,,,1.804014876484871,60.0,,,,,,,,,,,,,,,,,,,,,,,,,,,,
weekly,16.0,Goals,10,zxivny5tme3hojrx,Count Doku,0.0,starter_goals,"Weekly starter goals, with xG as context.",,,,,,,0.6092615798115728,77.0,,,,,,,,,,,,,,,,,,,,,,,,,,,,
weekly,16.0,Goals,11,eaz9h4hfme2wdh8p,epatel3,0.0,starter_goals,"Weekly starter goals, with xG as context.",,,,,,,0.1841002106666563,37.0,,,,,,,,,,,,,,,,,,,,,,,,,,,,
weekly,16.0,Goals,12,ih2b4z8ome1job2n,nhauptma,0.0,starter_goals,"Weekly starter goals, with xG as context.",,,,,,,2.013723082840442,62.0,,,,,,,,,,,,,,,,,,,,,,,,,,,,
weekly,17.0,Goals,1,qocqs3wjme34472y,KindComet,3.0,starter_goals,"Weekly starter goals, with xG as context.",,,,,,,1.85057588852942,109.5,,,,,,,,,,,,,,,,,,,,,,,,,,,,
weekly,17.0,Goals,2,0t8m7z91mdhjhvye,SUNNYD,3.0,starter_goals,"Weekly starter goals, with xG as context.",,,,,,,2.4195940867066383,135.0,,,,,,,,,,,,,,,,,,,,,,,,,,,,
weekly,17.0,Goals,3,ss2dromsme3cbmga,Berkshire’s Club,2.0,starter_goals,"Weekly starter goals, with xG as context.",,,,,,,0.3535188753157852,123.5,,,,,,,,,,,,,,,,,,,,,,,,,,,,
weekly,17.0,Goals,4,zf53q9hdme32qmoe,Robertske,2.0,starter_goals,"Weekly starter goals, with xG as context.",,,,,,,2.9109724685549736,99.5,,,,,,,,,,,,,,,,,,,,,,,,,,,,
weekly,17.0,Goals,5,fm7cv4p0me3j48nk,The Facerockers,2.0,starter_goals,"Weekly starter goals, with xG as context.",,,,,,,2.598815592005849,122.5,,,,,,,,,,,,,,,,,,,,,,,,,,,,
weekly,17.0,Goals,6,avv7b4d5me2tlsrt,wmuck1,2.0,starter_goals,"Weekly starter goals, with xG as context.",,,,,,,1.244801301509142,46.5,,,,,,,,,,,,,,,,,,,,,,,,,,,,
weekly,17.0,Goals,7,xnt9wpm9me0us0r4,yudesh,2.0,starter_goals,"Weekly starter goals, with xG as context.",,,,,,,2.094693078659475,133.0,,,,,,,,,,,,,,,,,,,,,,,,,,,,
weekly,17.0,Goals,8,zxivny5tme3hojrx,Count Doku,1.0,starter_goals,"Weekly starter goals, with xG as context.",,,,,,,0.7828189516440032,67.5,,,,,,,,,,,,,,,,,,,,,,,,,,,,
weekly,17.0,Goals,9,116s0o6ume0s7s58,Up the Arse-nal,1.0,starter_goals,"Weekly starter goals, with xG as context.",,,,,,,0.8993098121136424,131.5,,,,,,,,,,,,,,,,,,,,,,,,,,,,
weekly,17.0,Goals,10,eaz9h4hfme2wdh8p,epatel3,1.0,starter_goals,"Weekly starter goals, with xG as context.",,,,,,,0.5609622299671172,69.0,,,,,,,,,,,,,,,,,,,,,,,,,,,,
weekly,17.0,Goals,11,ih2b4z8ome1job2n,nhauptma,1.0,starter_goals,"Weekly starter goals, with xG as context.",,,,,,,1.598567325621843,71.5,,,,,,,,,,,,,,,,,,,,,,,,,,,,
weekly,17.0,Goals,12,ne94j2bxme0vsmkq,Pot Splashers,0.0,starter_goals,"Weekly starter goals, with xG as context.",,,,,,,1.8371880147606132,91.0,,,,,,,,,,,,,,,,,,,,,,,,,,,,
weekly,18.0,Goals,1,fm7cv4p0me3j48nk,The Facerockers,4.0,starter_goals,"Weekly starter goals, with xG as context.",,,,,,,2.205137737095356,119.5,,,,,,,,,,,,,,,,,,,,,,,,,,,,
weekly,18.0,Goals,2,0t8m7z91mdhjhvye,SUNNYD,3.0,starter_goals,"Weekly starter goals, with xG as context.",,,,,,,3.2825160631909966,151.0,,,,,,,,,,,,,,,,,,,,,,,,,,,,
weekly,18.0,Goals,3,ss2dromsme3cbmga,Berkshire’s Club,2.0,starter_goals,"Weekly starter goals, with xG as context.",,,,,,,2.567739718593657,129.0,,,,,,,,,,,,,,,,,,,,,,,,,,,,
weekly,18.0,Goals,4,xnt9wpm9me0us0r4,yudesh,2.0,starter_goals,"Weekly starter goals, with xG as context.",,,,,,,1.1273429477587342,160.0,,,,,,,,,,,,,,,,,,,,,,,,,,,,
weekly,18.0,Goals,5,zxivny5tme3hojrx,Count Doku,1.0,starter_goals,"Weekly starter goals, with xG as context.",,,,,,,1.1880165487527845,122.5,,,,,,,,,,,,,,,,,,,,,,,,,,,,
weekly,18.0,Goals,6,qocqs3wjme34472y,KindComet,1.0,starter_goals,"Weekly starter goals, with xG as context.",,,,,,,0.936023026704788,88.5,,,,,,,,,,,,,,,,,,,,,,,,,,,,
weekly,18.0,Goals,7,zf53q9hdme32qmoe,Robertske,1.0,starter_goals,"Weekly starter goals, with xG as context.",,,,,,,1.7397012170404196,88.0,,,,,,,,,,,,,,,,,,,,,,,,,,,,
weekly,18.0,Goals,8,eaz9h4hfme2wdh8p,epatel3,1.0,starter_goals,"Weekly starter goals, with xG as context.",,,,,,,1.8868766454979773,90.0,,,,,,,,,,,,,,,,,,,,,,,,,,,,
weekly,18.0,Goals,9,ne94j2bxme0vsmkq,Pot Splashers,0.0,starter_goals,"Weekly starter goals, with xG as context.",,,,,,,1.4120764061808584,67.0,,,,,,,,,,,,,,,,,,,,,,,,,,,,
weekly,18.0,Goals,10,116s0o6ume0s7s58,Up the Arse-nal,0.0,starter_goals,"Weekly starter goals, with xG as context.",,,,,,,0.660461578518152,109.0,,,,,,,,,,,,,,,,,,,,,,,,,,,,
weekly,18.0,Goals,11,ih2b4z8ome1job2n,nhauptma,0.0,starter_goals,"Weekly starter goals, with xG as context.",,,,,,,0.6435696855187415,68.5,,,,,,,,,,,,,,,,,,,,,,,,,,,,
weekly,18.0,Goals,12,avv7b4d5me2tlsrt,wmuck1,0.0,starter_goals,"Weekly starter goals, with xG as context.",,,,,,,0.6077143400907514,73.5,,,,,,,,,,,,,,,,,,,,,,,,,,,,
weekly,19.0,Goals,1,eaz9h4hfme2wdh8p,epatel3,3.0,starter_goals,"Weekly starter goals, with xG as context.",,,,,,,5.086047798395157,125.0,,,,,,,,,,,,,,,,,,,,,,,,,,,,
weekly,19.0,Goals,2,ss2dromsme3cbmga,Berkshire’s Club,2.0,starter_goals,"Weekly starter goals, with xG as context.",,,,,,,1.9522731052711604,157.5,,,,,,,,,,,,,,,,,,,,,,,,,,,,
weekly,19.0,Goals,3,116s0o6ume0s7s58,Up the Arse-nal,2.0,starter_goals,"Weekly starter goals, with xG as context.",,,,,,,2.840424619615078,116.5,,,,,,,,,,,,,,,,,,,,,,,,,,,,
weekly,19.0,Goals,4,qocqs3wjme34472y,KindComet,1.0,starter_goals,"Weekly starter goals, with xG as context.",,,,,,,0.7574481088668106,99.0,,,,,,,,,,,,,,,,,,,,,,,,,,,,
weekly,19.0,Goals,5,ne94j2bxme0vsmkq,Pot Splashers,1.0,starter_goals,"Weekly starter goals, with xG as context.",,,,,,,2.846238255500793,94.0,,,,,,,,,,,,,,,,,,,,,,,,,,,,
weekly,19.0,Goals,6,zf53q9hdme32qmoe,Robertske,1.0,starter_goals,"Weekly starter goals, with xG as context.",,,,,,,1.919277288019657,96.0,,,,,,,,,,,,,,,,,,,,,,,,,,,,
weekly,19.0,Goals,7,ih2b4z8ome1job2n,nhauptma,1.0,starter_goals,"Weekly starter goals, with xG as context.",,,,,,,2.5278293788433075,109.5,,,,,,,,,,,,,,,,,,,,,,,,,,,,
weekly,19.0,Goals,8,avv7b4d5me2tlsrt,wmuck1,1.0,starter_goals,"Weekly starter goals, with xG as context.",,,,,,,1.290586390532553,80.0,,,,,,,,,,,,,,,,,,,,,,,,,,,,
weekly,19.0,Goals,9,xnt9wpm9me0us0r4,yudesh,1.0,starter_goals,"Weekly starter goals, with xG as context.",,,,,,,1.447452599182725,95.5,,,,,,,,,,,,,,,,,,,,,,,,,,,,
weekly,19.0,Goals,10,zxivny5tme3hojrx,Count Doku,0.0,starter_goals,"Weekly starter goals, with xG as context.",,,,,,,0.780375078320503,112.5,,,,,,,,,,,,,,,,,,,,,,,,,,,,
weekly,19.0,Goals,11,0t8m7z91mdhjhvye,SUNNYD,0.0,starter_goals,"Weekly starter goals, with xG as context.",,,,,,,0.9275905974209306,111.0,,,,,,,,,,,,,,,,,,,,,,,,,,,,
weekly,19.0,Goals,12,fm7cv4p0me3j48nk,The Facerockers,0.0,starter_goals,"Weekly starter goals, with xG as context.",,,,,,,0.7813237830996511,91.0,,,,,,,,,,,,,,,,,,,,,,,,,,,,
weekly,20.0,Goals,1,qocqs3wjme34472y,KindComet,6.0,starter_goals,"Weekly starter goals, with xG as context.",,,,,,,5.047843053936958,165.0,,,,,,,,,,,,,,,,,,,,,,,,,,,,
weekly,20.0,Goals,2,fm7cv4p0me3j48nk,The Facerockers,2.0,starter_goals,"Weekly starter goals, with xG as context.",,,,,,,1.2107936292886734,63.5,,,,,,,,,,,,,,,,,,,,,,,,,,,,
weekly,20.0,Goals,3,xnt9wpm9me0us0r4,yudesh,2.0,starter_goals,"Weekly starter goals, with xG as context.",,,,,,,1.2075367383658886,102.5,,,,,,,,,,,,,,,,,,,,,,,,,,,,
weekly,20.0,Goals,4,ss2dromsme3cbmga,Berkshire’s Club,1.0,starter_goals,"Weekly starter goals, with xG as context.",,,,,,,0.7561458218842741,92.0,,,,,,,,,,,,,,,,,,,,,,,,,,,,
weekly,20.0,Goals,5,zxivny5tme3hojrx,Count Doku,1.0,starter_goals,"Weekly starter goals, with xG as context.",,,,,,,0.9207272734493016,76.5,,,,,,,,,,,,,,,,,,,,,,,,,,,,
weekly,20.0,Goals,6,ne94j2bxme0vsmkq,Pot Splashers,1.0,starter_goals,"Weekly starter goals, with xG as context.",,,,,,,2.164250463247299,86.5,,,,,,,,,,,,,,,,,,,,,,,,,,,,
weekly,20.0,Goals,7,0t8m7z91mdhjhvye,SUNNYD,1.0,starter_goals,"Weekly starter goals, with xG as context.",,,,,,,0.763012367300689,120.5,,,,,,,,,,,,,,,,,,,,,,,,,,,,
weekly,20.0,Goals,8,116s0o6ume0s7s58,Up the Arse-nal,1.0,starter_goals,"Weekly starter goals, with xG as context.",,,,,,,1.404477782547474,77.0,,,,,,,,,,,,,,,,,,,,,,,,,,,,
weekly,20.0,Goals,9,eaz9h4hfme2wdh8p,epatel3,1.0,starter_goals,"Weekly starter goals, with xG as context.",,,,,,,0.6589374914765358,73.0,,,,,,,,,,,,,,,,,,,,,,,,,,,,
weekly,20.0,Goals,10,ih2b4z8ome1job2n,nhauptma,1.0,starter_goals,"Weekly starter goals, with xG as context.",,,,,,,0.8328575454652307,111.5,,,,,,,,,,,,,,,,,,,,,,,,,,,,
weekly,20.0,Goals,11,zf53q9hdme32qmoe,Robertske,0.0,starter_goals,"Weekly starter goals, with xG as context.",,,,,,,1.3939515613019464,55.0,,,,,,,,,,,,,,,,,,,,,,,,,,,,
weekly,20.0,Goals,12,avv7b4d5me2tlsrt,wmuck1,0.0,starter_goals,"Weekly starter goals, with xG as context.",,,,,,,0.2091851755976675,36.5,,,,,,,,,,,,,,,,,,,,,,,,,,,,
weekly,21.0,Goals,1,qocqs3wjme34472y,KindComet,3.0,starter_goals,"Weekly starter goals, with xG as context.",,,,,,,2.564558334648609,107.5,,,,,,,,,,,,,,,,,,,,,,,,,,,,
weekly,21.0,Goals,2,ss2dromsme3cbmga,Berkshire’s Club,2.0,starter_goals,"Weekly starter goals, with xG as context.",,,,,,,1.7073317170143123,99.0,,,,,,,,,,,,,,,,,,,,,,,,,,,,
weekly,21.0,Goals,3,zxivny5tme3hojrx,Count Doku,2.0,starter_goals,"Weekly starter goals, with xG as context.",,,,,,,1.318880476057529,116.5,,,,,,,,,,,,,,,,,,,,,,,,,,,,
weekly,21.0,Goals,4,fm7cv4p0me3j48nk,The Facerockers,2.0,starter_goals,"Weekly starter goals, with xG as context.",,,,,,,3.2663700617849827,109.0,,,,,,,,,,,,,,,,,,,,,,,,,,,,
weekly,21.0,Goals,5,116s0o6ume0s7s58,Up the Arse-nal,2.0,starter_goals,"Weekly starter goals, with xG as context.",,,,,,,1.4161280766129491,163.0,,,,,,,,,,,,,,,,,,,,,,,,,,,,
weekly,21.0,Goals,6,ih2b4z8ome1job2n,nhauptma,2.0,starter_goals,"Weekly starter goals, with xG as context.",,,,,,,1.514227630570531,104.5,,,,,,,,,,,,,,,,,,,,,,,,,,,,
weekly,21.0,Goals,7,xnt9wpm9me0us0r4,yudesh,2.0,starter_goals,"Weekly starter goals, with xG as context.",,,,,,,2.382555730640888,165.0,,,,,,,,,,,,,,,,,,,,,,,,,,,,
weekly,21.0,Goals,8,ne94j2bxme0vsmkq,Pot Splashers,1.0,starter_goals,"Weekly starter goals, with xG as context.",,,,,,,1.6497806804254649,84.5,,,,,,,,,,,,,,,,,,,,,,,,,,,,
weekly,21.0,Goals,9,zf53q9hdme32qmoe,Robertske,1.0,starter_goals,"Weekly starter goals, with xG as context.",,,,,,,2.300457861274481,80.5,,,,,,,,,,,,,,,,,,,,,,,,,,,,
weekly,21.0,Goals,10,avv7b4d5me2tlsrt,wmuck1,1.0,starter_goals,"Weekly starter goals, with xG as context.",,,,,,,0.2578496355563401,60.5,,,,,,,,,,,,,,,,,,,,,,,,,,,,
weekly,21.0,Goals,11,0t8m7z91mdhjhvye,SUNNYD,0.0,starter_goals,"Weekly starter goals, with xG as context.",,,,,,,1.3157978868111966,61.0,,,,,,,,,,,,,,,,,,,,,,,,,,,,
weekly,21.0,Goals,12,eaz9h4hfme2wdh8p,epatel3,0.0,starter_goals,"Weekly starter goals, with xG as context.",,,,,,,0.6261634305119514,93.0,,,,,,,,,,,,,,,,,,,,,,,,,,,,
weekly,22.0,Goals,1,ne94j2bxme0vsmkq,Pot Splashers,2.0,starter_goals,"Weekly starter goals, with xG as context.",,,,,,,2.2928214073181152,129.0,,,,,,,,,,,,,,,,,,,,,,,,,,,,
weekly,22.0,Goals,2,eaz9h4hfme2wdh8p,epatel3,2.0,starter_goals,"Weekly starter goals, with xG as context.",,,,,,,1.2266791984438896,114.0,,,,,,,,,,,,,,,,,,,,,,,,,,,,
weekly,22.0,Goals,3,xnt9wpm9me0us0r4,yudesh,2.0,starter_goals,"Weekly starter goals, with xG as context.",,,,,,,1.6485902965068815,133.0,,,,,,,,,,,,,,,,,,,,,,,,,,,,
weekly,22.0,Goals,4,zxivny5tme3hojrx,Count Doku,1.0,starter_goals,"Weekly starter goals, with xG as context.",,,,,,,1.0490458849817514,77.0,,,,,,,,,,,,,,,,,,,,,,,,,,,,
weekly,22.0,Goals,5,qocqs3wjme34472y,KindComet,1.0,starter_goals,"Weekly starter goals, with xG as context.",,,,,,,2.1281860917806625,116.5,,,,,,,,,,,,,,,,,,,,,,,,,,,,
weekly,22.0,Goals,6,ih2b4z8ome1job2n,nhauptma,1.0,starter_goals,"Weekly starter goals, with xG as context.",,,,,,,3.237091558054089,126.0,,,,,,,,,,,,,,,,,,,,,,,,,,,,
weekly,22.0,Goals,7,ss2dromsme3cbmga,Berkshire’s Club,0.0,starter_goals,"Weekly starter goals, with xG as context.",,,,,,,1.3427152577787638,66.5,,,,,,,,,,,,,,,,,,,,,,,,,,,,
weekly,22.0,Goals,8,zf53q9hdme32qmoe,Robertske,0.0,starter_goals,"Weekly starter goals, with xG as context.",,,,,,,0.2706181481480596,38.0,,,,,,,,,,,,,,,,,,,,,,,,,,,,
weekly,22.0,Goals,9,0t8m7z91mdhjhvye,SUNNYD,0.0,starter_goals,"Weekly starter goals, with xG as context.",,,,,,,1.5801645293831823,127.0,,,,,,,,,,,,,,,,,,,,,,,,,,,,
weekly,22.0,Goals,10,fm7cv4p0me3j48nk,The Facerockers,0.0,starter_goals,"Weekly starter goals, with xG as context.",,,,,,,0.8369078710675235,80.0,,,,,,,,,,,,,,,,,,,,,,,,,,,,
weekly,22.0,Goals,11,116s0o6ume0s7s58,Up the Arse-nal,0.0,starter_goals,"Weekly starter goals, with xG as context.",,,,,,,0.306191839277744,87.5,,,,,,,,,,,,,,,,,,,,,,,,,,,,
weekly,22.0,Goals,12,avv7b4d5me2tlsrt,wmuck1,0.0,starter_goals,"Weekly starter goals, with xG as context.",,,,,,,1.2480223253369331,76.0,,,,,,,,,,,,,,,,,,,,,,,,,,,,
weekly,23.0,Goals,1,fm7cv4p0me3j48nk,The Facerockers,4.0,starter_goals,"Weekly starter goals, with xG as context.",,,,,,,2.909845195710659,113.5,,,,,,,,,,,,,,,,,,,,,,,,,,,,
weekly,23.0,Goals,2,ss2dromsme3cbmga,Berkshire’s Club,3.0,starter_goals,"Weekly starter goals, with xG as context.",,,,,,,2.017881453037261,152.0,,,,,,,,,,,,,,,,,,,,,,,,,,,,
weekly,23.0,Goals,3,eaz9h4hfme2wdh8p,epatel3,2.0,starter_goals,"Weekly starter goals, with xG as context.",,,,,,,1.4387832377105951,118.5,,,,,,,,,,,,,,,,,,,,,,,,,,,,
weekly,23.0,Goals,4,avv7b4d5me2tlsrt,wmuck1,2.0,starter_goals,"Weekly starter goals, with xG as context.",,,,,,,3.144311774522066,95.5,,,,,,,,,,,,,,,,,,,,,,,,,,,,
weekly,23.0,Goals,5,xnt9wpm9me0us0r4,yudesh,2.0,starter_goals,"Weekly starter goals, with xG as context.",,,,,,,0.8188028447329996,118.5,,,,,,,,,,,,,,,,,,,,,,,,,,,,
weekly,23.0,Goals,6,qocqs3wjme34472y,KindComet,1.0,starter_goals,"Weekly starter goals, with xG as context.",,,,,,,2.310654614120722,64.5,,,,,,,,,,,,,,,,,,,,,,,,,,,,
weekly,23.0,Goals,7,ne94j2bxme0vsmkq,Pot Splashers,1.0,starter_goals,"Weekly starter goals, with xG as context.",,,,,,,0.7211307603865859,72.5,,,,,,,,,,,,,,,,,,,,,,,,,,,,
weekly,23.0,Goals,8,zf53q9hdme32qmoe,Robertske,1.0,starter_goals,"Weekly starter goals, with xG as context.",,,,,,,0.5402224566787479,70.0,,,,,,,,,,,,,,,,,,,,,,,,,,,,
weekly,23.0,Goals,9,0t8m7z91mdhjhvye,SUNNYD,1.0,starter_goals,"Weekly starter goals, with xG as context.",,,,,,,1.7029671669006348,98.0,,,,,,,,,,,,,,,,,,,,,,,,,,,,
weekly,23.0,Goals,10,ih2b4z8ome1job2n,nhauptma,1.0,starter_goals,"Weekly starter goals, with xG as context.",,,,,,,1.3551093814894557,97.0,,,,,,,,,,,,,,,,,,,,,,,,,,,,
weekly,23.0,Goals,11,zxivny5tme3hojrx,Count Doku,0.0,starter_goals,"Weekly starter goals, with xG as context.",,,,,,,1.0777472667396069,59.0,,,,,,,,,,,,,,,,,,,,,,,,,,,,
weekly,23.0,Goals,12,116s0o6ume0s7s58,Up the Arse-nal,0.0,starter_goals,"Weekly starter goals, with xG as context.",,,,,,,0.2904212409630416,44.5,,,,,,,,,,,,,,,,,,,,,,,,,,,,
weekly,24.0,Goals,1,eaz9h4hfme2wdh8p,epatel3,3.0,starter_goals,"Weekly starter goals, with xG as context.",,,,,,,3.2355346344411373,135.5,,,,,,,,,,,,,,,,,,,,,,,,,,,,
weekly,24.0,Goals,2,ss2dromsme3cbmga,Berkshire’s Club,2.0,starter_goals,"Weekly starter goals, with xG as context.",,,,,,,1.1506730280816555,118.0,,,,,,,,,,,,,,,,,,,,,,,,,,,,
weekly,24.0,Goals,3,zxivny5tme3hojrx,Count Doku,2.0,starter_goals,"Weekly starter goals, with xG as context.",,,,,,,0.713293209671974,106.0,,,,,,,,,,,,,,,,,,,,,,,,,,,,
weekly,24.0,Goals,4,ne94j2bxme0vsmkq,Pot Splashers,2.0,starter_goals,"Weekly starter goals, with xG as context.",,,,,,,1.7883193604648109,91.5,,,,,,,,,,,,,,,,,,,,,,,,,,,,
weekly,24.0,Goals,5,0t8m7z91mdhjhvye,SUNNYD,2.0,starter_goals,"Weekly starter goals, with xG as context.",,,,,,,1.7535827644169328,104.5,,,,,,,,,,,,,,,,,,,,,,,,,,,,
weekly,24.0,Goals,6,fm7cv4p0me3j48nk,The Facerockers,2.0,starter_goals,"Weekly starter goals, with xG as context.",,,,,,,1.648227259516716,99.0,,,,,,,,,,,,,,,,,,,,,,,,,,,,
weekly,24.0,Goals,7,ih2b4z8ome1job2n,nhauptma,2.0,starter_goals,"Weekly starter goals, with xG as context.",,,,,,,2.2937856391072278,110.0,,,,,,,,,,,,,,,,,,,,,,,,,,,,
weekly,24.0,Goals,8,avv7b4d5me2tlsrt,wmuck1,2.0,starter_goals,"Weekly starter goals, with xG as context.",,,,,,,2.662819132208824,114.0,,,,,,,,,,,,,,,,,,,,,,,,,,,,
weekly,24.0,Goals,9,xnt9wpm9me0us0r4,yudesh,2.0,starter_goals,"Weekly starter goals, with xG as context.",,,,,,,0.970410112291574,104.0,,,,,,,,,,,,,,,,,,,,,,,,,,,,
weekly,24.0,Goals,10,qocqs3wjme34472y,KindComet,1.0,starter_goals,"Weekly starter goals, with xG as context.",,,,,,,1.2142876908183091,80.0,,,,,,,,,,,,,,,,,,,,,,,,,,,,
weekly,24.0,Goals,11,zf53q9hdme32qmoe,Robertske,1.0,starter_goals,"Weekly starter goals, with xG as context.",,,,,,,1.4574760654941197,103.5,,,,,,,,,,,,,,,,,,,,,,,,,,,,
weekly,24.0,Goals,12,116s0o6ume0s7s58,Up the Arse-nal,1.0,starter_goals,"Weekly starter goals, with xG as context.",,,,,,,0.4849849529564379,102.5,,,,,,,,,,,,,,,,,,,,,,,,,,,,
weekly,25.0,Goals,1,ne94j2bxme0vsmkq,Pot Splashers,4.0,starter_goals,"Weekly starter goals, with xG as context.",,,,,,,2.557881599292158,128.5,,,,,,,,,,,,,,,,,,,,,,,,,,,,
weekly,25.0,Goals,2,qocqs3wjme34472y,KindComet,3.0,starter_goals,"Weekly starter goals, with xG as context.",,,,,,,2.3684959076344967,133.5,,,,,,,,,,,,,,,,,,,,,,,,,,,,
weekly,25.0,Goals,3,ih2b4z8ome1job2n,nhauptma,3.0,starter_goals,"Weekly starter goals, with xG as context.",,,,,,,2.488240107893944,100.5,,,,,,,,,,,,,,,,,,,,,,,,,,,,
weekly,25.0,Goals,4,eaz9h4hfme2wdh8p,epatel3,2.0,starter_goals,"Weekly starter goals, with xG as context.",,,,,,,0.94572657905519,143.0,,,,,,,,,,,,,,,,,,,,,,,,,,,,
weekly,25.0,Goals,5,ss2dromsme3cbmga,Berkshire’s Club,1.0,starter_goals,"Weekly starter goals, with xG as context.",,,,,,,1.6250591725111003,137.0,,,,,,,,,,,,,,,,,,,,,,,,,,,,
weekly,25.0,Goals,6,zf53q9hdme32qmoe,Robertske,1.0,starter_goals,"Weekly starter goals, with xG as context.",,,,,,,2.469864409416914,98.5,,,,,,,,,,,,,,,,,,,,,,,,,,,,
weekly,25.0,Goals,7,0t8m7z91mdhjhvye,SUNNYD,1.0,starter_goals,"Weekly starter goals, with xG as context.",,,,,,,1.105131959542632,71.5,,,,,,,,,,,,,,,,,,,,,,,,,,,,
weekly,25.0,Goals,8,fm7cv4p0me3j48nk,The Facerockers,1.0,starter_goals,"Weekly starter goals, with xG as context.",,,,,,,0.7282154969871042,66.5,,,,,,,,,,,,,,,,,,,,,,,,,,,,
weekly,25.0,Goals,9,116s0o6ume0s7s58,Up the Arse-nal,1.0,starter_goals,"Weekly starter goals, with xG as context.",,,,,,,1.8828088734298944,93.5,,,,,,,,,,,,,,,,,,,,,,,,,,,,
weekly,25.0,Goals,10,zxivny5tme3hojrx,Count Doku,0.0,starter_goals,"Weekly starter goals, with xG as context.",,,,,,,0.2740315105766056,43.0,,,,,,,,,,,,,,,,,,,,,,,,,,,,
weekly,25.0,Goals,11,avv7b4d5me2tlsrt,wmuck1,0.0,starter_goals,"Weekly starter goals, with xG as context.",,,,,,,1.2597803249955175,100.0,,,,,,,,,,,,,,,,,,,,,,,,,,,,
weekly,25.0,Goals,12,xnt9wpm9me0us0r4,yudesh,0.0,starter_goals,"Weekly starter goals, with xG as context.",,,,,,,0.4055975731462238,95.5,,,,,,,,,,,,,,,,,,,,,,,,,,,,
weekly,26.0,Goals,1,ss2dromsme3cbmga,Berkshire’s Club,3.0,starter_goals,"Weekly starter goals, with xG as context.",,,,,,,2.02194238640368,154.5,,,,,,,,,,,,,,,,,,,,,,,,,,,,
weekly,26.0,Goals,2,ne94j2bxme0vsmkq,Pot Splashers,3.0,starter_goals,"Weekly starter goals, with xG as context.",,,,,,,2.739107549190521,113.0,,,,,,,,,,,,,,,,,,,,,,,,,,,,
weekly,26.0,Goals,3,zf53q9hdme32qmoe,Robertske,2.0,starter_goals,"Weekly starter goals, with xG as context.",,,,,,,1.660142548382282,73.5,,,,,,,,,,,,,,,,,,,,,,,,,,,,
weekly,26.0,Goals,4,qocqs3wjme34472y,KindComet,1.0,starter_goals,"Weekly starter goals, with xG as context.",,,,,,,2.6016667187213898,92.0,,,,,,,,,,,,,,,,,,,,,,,,,,,,
weekly,26.0,Goals,5,0t8m7z91mdhjhvye,SUNNYD,1.0,starter_goals,"Weekly starter goals, with xG as context.",,,,,,,0.9807817526161672,111.5,,,,,,,,,,,,,,,,,,,,,,,,,,,,
weekly,26.0,Goals,6,fm7cv4p0me3j48nk,The Facerockers,1.0,starter_goals,"Weekly starter goals, with xG as context.",,,,,,,1.6972402194514868,104.5,,,,,,,,,,,,,,,,,,,,,,,,,,,,
weekly,26.0,Goals,7,eaz9h4hfme2wdh8p,epatel3,1.0,starter_goals,"Weekly starter goals, with xG as context.",,,,,,,1.5608181282877922,110.5,,,,,,,,,,,,,,,,,,,,,,,,,,,,
weekly,26.0,Goals,8,avv7b4d5me2tlsrt,wmuck1,1.0,starter_goals,"Weekly starter goals, with xG as context.",,,,,,,1.6559181436896324,65.5,,,,,,,,,,,,,,,,,,,,,,,,,,,,
weekly,26.0,Goals,9,zxivny5tme3hojrx,Count Doku,0.0,starter_goals,"Weekly starter goals, with xG as context.",,,,,,,0.6330262171104546,107.0,,,,,,,,,,,,,,,,,,,,,,,,,,,,
weekly,26.0,Goals,10,116s0o6ume0s7s58,Up the Arse-nal,0.0,starter_goals,"Weekly starter goals, with xG as context.",,,,,,,0.0391695499420166,74.0,,,,,,,,,,,,,,,,,,,,,,,,,,,,
weekly,26.0,Goals,11,ih2b4z8ome1job2n,nhauptma,0.0,starter_goals,"Weekly starter goals, with xG as context.",,,,,,,0.9199817664921282,76.0,,,,,,,,,,,,,,,,,,,,,,,,,,,,
weekly,26.0,Goals,12,xnt9wpm9me0us0r4,yudesh,0.0,starter_goals,"Weekly starter goals, with xG as context.",,,,,,,1.3768269643187525,63.5,,,,,,,,,,,,,,,,,,,,,,,,,,,,
weekly,27.0,Goals,1,eaz9h4hfme2wdh8p,epatel3,4.0,starter_goals,"Weekly starter goals, with xG as context.",,,,,,,4.1948433592915535,116.0,,,,,,,,,,,,,,,,,,,,,,,,,,,,
weekly,27.0,Goals,2,zf53q9hdme32qmoe,Robertske,2.0,starter_goals,"Weekly starter goals, with xG as context.",,,,,,,1.8477053754031656,102.5,,,,,,,,,,,,,,,,,,,,,,,,,,,,
weekly,27.0,Goals,3,ih2b4z8ome1job2n,nhauptma,2.0,starter_goals,"Weekly starter goals, with xG as context.",,,,,,,1.5122482627630234,156.5,,,,,,,,,,,,,,,,,,,,,,,,,,,,
weekly,27.0,Goals,4,ss2dromsme3cbmga,Berkshire’s Club,1.0,starter_goals,"Weekly starter goals, with xG as context.",,,,,,,0.7139677703380584,111.0,,,,,,,,,,,,,,,,,,,,,,,,,,,,
weekly,27.0,Goals,5,zxivny5tme3hojrx,Count Doku,1.0,starter_goals,"Weekly starter goals, with xG as context.",,,,,,,1.131413897499442,90.5,,,,,,,,,,,,,,,,,,,,,,,,,,,,
weekly,27.0,Goals,6,xnt9wpm9me0us0r4,yudesh,1.0,starter_goals,"Weekly starter goals, with xG as context.",,,,,,,1.0364280678331852,90.0,,,,,,,,,,,,,,,,,,,,,,,,,,,,
weekly,27.0,Goals,7,qocqs3wjme34472y,KindComet,0.0,starter_goals,"Weekly starter goals, with xG as context.",,,,,,,0.6997518464922902,72.5,,,,,,,,,,,,,,,,,,,,,,,,,,,,
weekly,27.0,Goals,8,ne94j2bxme0vsmkq,Pot Splashers,0.0,starter_goals,"Weekly starter goals, with xG as context.",,,,,,,1.4555295333266258,96.5,,,,,,,,,,,,,,,,,,,,,,,,,,,,
weekly,27.0,Goals,9,0t8m7z91mdhjhvye,SUNNYD,0.0,starter_goals,"Weekly starter goals, with xG as context.",,,,,,,1.313932128250599,100.5,,,,,,,,,,,,,,,,,,,,,,,,,,,,
weekly,27.0,Goals,10,fm7cv4p0me3j48nk,The Facerockers,0.0,starter_goals,"Weekly starter goals, with xG as context.",,,,,,,2.099430494941771,139.0,,,,,,,,,,,,,,,,,,,,,,,,,,,,
weekly,27.0,Goals,11,116s0o6ume0s7s58,Up the Arse-nal,0.0,starter_goals,"Weekly starter goals, with xG as context.",,,,,,,0.3896050956100223,87.5,,,,,,,,,,,,,,,,,,,,,,,,,,,,
weekly,27.0,Goals,12,avv7b4d5me2tlsrt,wmuck1,0.0,starter_goals,"Weekly starter goals, with xG as context.",,,,,,,0.9529229216277598,90.0,,,,,,,,,,,,,,,,,,,,,,,,,,,,
weekly,28.0,Goals,1,116s0o6ume0s7s58,Up the Arse-nal,4.0,starter_goals,"Weekly starter goals, with xG as context.",,,,,,,2.339049492031336,157.5,,,,,,,,,,,,,,,,,,,,,,,,,,,,
weekly,28.0,Goals,2,ne94j2bxme0vsmkq,Pot Splashers,3.0,starter_goals,"Weekly starter goals, with xG as context.",,,,,,,2.01061687991023,111.5,,,,,,,,,,,,,,,,,,,,,,,,,,,,
weekly,28.0,Goals,3,fm7cv4p0me3j48nk,The Facerockers,3.0,starter_goals,"Weekly starter goals, with xG as context.",,,,,,,1.969329096376896,85.5,,,,,,,,,,,,,,,,,,,,,,,,,,,,
weekly,28.0,Goals,4,eaz9h4hfme2wdh8p,epatel3,3.0,starter_goals,"Weekly starter goals, with xG as context.",,,,,,,2.501005921512842,122.5,,,,,,,,,,,,,,,,,,,,,,,,,,,,
weekly,28.0,Goals,5,qocqs3wjme34472y,KindComet,2.0,starter_goals,"Weekly starter goals, with xG as context.",,,,,,,1.3938494343310597,91.0,,,,,,,,,,,,,,,,,,,,,,,,,,,,
weekly,28.0,Goals,6,0t8m7z91mdhjhvye,SUNNYD,2.0,starter_goals,"Weekly starter goals, with xG as context.",,,,,,,2.0972519088536496,121.0,,,,,,,,,,,,,,,,,,,,,,,,,,,,
weekly,28.0,Goals,7,ih2b4z8ome1job2n,nhauptma,2.0,starter_goals,"Weekly starter goals, with xG as context.",,,,,,,0.7809894680976865,147.0,,,,,,,,,,,,,,,,,,,,,,,,,,,,
weekly,28.0,Goals,8,avv7b4d5me2tlsrt,wmuck1,2.0,starter_goals,"Weekly starter goals, with xG as context.",,,,,,,0.4821266643702981,103.5,,,,,,,,,,,,,,,,,,,,,,,,,,,,
weekly,28.0,Goals,9,ss2dromsme3cbmga,Berkshire’s Club,1.0,starter_goals,"Weekly starter goals, with xG as context.",,,,,,,1.0895134229212995,133.0,,,,,,,,,,,,,,,,,,,,,,,,,,,,
weekly,28.0,Goals,10,zxivny5tme3hojrx,Count Doku,0.0,starter_goals,"Weekly starter goals, with xG as context.",,,,,,,0.175600903108716,45.5,,,,,,,,,,,,,,,,,,,,,,,,,,,,
weekly,28.0,Goals,11,zf53q9hdme32qmoe,Robertske,0.0,starter_goals,"Weekly starter goals, with xG as context.",,,,,,,1.2419885136187074,30.0,,,,,,,,,,,,,,,,,,,,,,,,,,,,
weekly,28.0,Goals,12,xnt9wpm9me0us0r4,yudesh,0.0,starter_goals,"Weekly starter goals, with xG as context.",,,,,,,0.2497988715767857,81.5,,,,,,,,,,,,,,,,,,,,,,,,,,,,
weekly,29.0,Goals,1,eaz9h4hfme2wdh8p,epatel3,5.0,starter_goals,"Weekly starter goals, with xG as context.",,,,,,,3.403863461688161,128.0,,,,,,,,,,,,,,,,,,,,,,,,,,,,
weekly,29.0,Goals,2,ss2dromsme3cbmga,Berkshire’s Club,2.0,starter_goals,"Weekly starter goals, with xG as context.",,,,,,,1.898858077824116,142.5,,,,,,,,,,,,,,,,,,,,,,,,,,,,
weekly,29.0,Goals,3,ne94j2bxme0vsmkq,Pot Splashers,2.0,starter_goals,"Weekly starter goals, with xG as context.",,,,,,,2.353375246748328,85.5,,,,,,,,,,,,,,,,,,,,,,,,,,,,
weekly,29.0,Goals,4,0t8m7z91mdhjhvye,SUNNYD,2.0,starter_goals,"Weekly starter goals, with xG as context.",,,,,,,0.9838063418865202,124.5,,,,,,,,,,,,,,,,,,,,,,,,,,,,
weekly,29.0,Goals,5,fm7cv4p0me3j48nk,The Facerockers,2.0,starter_goals,"Weekly starter goals, with xG as context.",,,,,,,2.5777214020490646,78.0,,,,,,,,,,,,,,,,,,,,,,,,,,,,
weekly,29.0,Goals,6,ih2b4z8ome1job2n,nhauptma,2.0,starter_goals,"Weekly starter goals, with xG as context.",,,,,,,1.421040382236242,105.5,,,,,,,,,,,,,,,,,,,,,,,,,,,,
weekly,29.0,Goals,7,xnt9wpm9me0us0r4,yudesh,2.0,starter_goals,"Weekly starter goals, with xG as context.",,,,,,,0.9809534568339584,105.5,,,,,,,,,,,,,,,,,,,,,,,,,,,,
weekly,29.0,Goals,8,zxivny5tme3hojrx,Count Doku,1.0,starter_goals,"Weekly starter goals, with xG as context.",,,,,,,1.3190394192934036,120.5,,,,,,,,,,,,,,,,,,,,,,,,,,,,
weekly,29.0,Goals,9,zf53q9hdme32qmoe,Robertske,1.0,starter_goals,"Weekly starter goals, with xG as context.",,,,,,,0.9951988644897936,50.5,,,,,,,,,,,,,,,,,,,,,,,,,,,,
weekly,29.0,Goals,10,116s0o6ume0s7s58,Up the Arse-nal,1.0,starter_goals,"Weekly starter goals, with xG as context.",,,,,,,0.6003600023686884,134.0,,,,,,,,,,,,,,,,,,,,,,,,,,,,
weekly,29.0,Goals,11,qocqs3wjme34472y,KindComet,0.0,starter_goals,"Weekly starter goals, with xG as context.",,,,,,,0.6128021553158758,72.0,,,,,,,,,,,,,,,,,,,,,,,,,,,,
weekly,29.0,Goals,12,avv7b4d5me2tlsrt,wmuck1,0.0,starter_goals,"Weekly starter goals, with xG as context.",,,,,,,0.1897139493376015,58.5,,,,,,,,,,,,,,,,,,,,,,,,,,,,
weekly,30.0,Goals,1,ss2dromsme3cbmga,Berkshire’s Club,1.0,starter_goals,"Weekly starter goals, with xG as context.",,,,,,,0.4225314464420078,89.5,,,,,,,,,,,,,,,,,,,,,,,,,,,,
weekly,30.0,Goals,2,zxivny5tme3hojrx,Count Doku,1.0,starter_goals,"Weekly starter goals, with xG as context.",,,,,,,0.694465573877096,104.5,,,,,,,,,,,,,,,,,,,,,,,,,,,,
weekly,30.0,Goals,3,qocqs3wjme34472y,KindComet,1.0,starter_goals,"Weekly starter goals, with xG as context.",,,,,,,2.706219095736742,116.5,,,,,,,,,,,,,,,,,,,,,,,,,,,,
weekly,30.0,Goals,4,ne94j2bxme0vsmkq,Pot Splashers,1.0,starter_goals,"Weekly starter goals, with xG as context.",,,,,,,2.010097010061145,105.5,,,,,,,,,,,,,,,,,,,,,,,,,,,,
weekly,30.0,Goals,5,0t8m7z91mdhjhvye,SUNNYD,1.0,starter_goals,"Weekly starter goals, with xG as context.",,,,,,,0.8121814131736753,103.0,,,,,,,,,,,,,,,,,,,,,,,,,,,,
weekly,30.0,Goals,6,fm7cv4p0me3j48nk,The Facerockers,1.0,starter_goals,"Weekly starter goals, with xG as context.",,,,,,,1.3547465354204176,118.0,,,,,,,,,,,,,,,,,,,,,,,,,,,,
weekly,30.0,Goals,7,eaz9h4hfme2wdh8p,epatel3,1.0,starter_goals,"Weekly starter goals, with xG as context.",,,,,,,1.5125337149947882,140.5,,,,,,,,,,,,,,,,,,,,,,,,,,,,
weekly,30.0,Goals,8,ih2b4z8ome1job2n,nhauptma,1.0,starter_goals,"Weekly starter goals, with xG as context.",,,,,,,1.6054563485085962,72.0,,,,,,,,,,,,,,,,,,,,,,,,,,,,
weekly,30.0,Goals,9,zf53q9hdme32qmoe,Robertske,0.0,starter_goals,"Weekly starter goals, with xG as context.",,,,,,,1.604882411658764,61.0,,,,,,,,,,,,,,,,,,,,,,,,,,,,
weekly,30.0,Goals,10,116s0o6ume0s7s58,Up the Arse-nal,0.0,starter_goals,"Weekly starter goals, with xG as context.",,,,,,,0.5951135456562041,69.0,,,,,,,,,,,,,,,,,,,,,,,,,,,,
weekly,30.0,Goals,11,avv7b4d5me2tlsrt,wmuck1,0.0,starter_goals,"Weekly starter goals, with xG as context.",,,,,,,0.617630712687969,100.5,,,,,,,,,,,,,,,,,,,,,,,,,,,,
weekly,30.0,Goals,12,xnt9wpm9me0us0r4,yudesh,0.0,starter_goals,"Weekly starter goals, with xG as context.",,,,,,,0.6947060627862809,142.0,,,,,,,,,,,,,,,,,,,,,,,,,,,,
weekly,31.0,Goals,1,116s0o6ume0s7s58,Up the Arse-nal,3.0,starter_goals,"Weekly starter goals, with xG as context.",,,,,,,2.581463200971484,126.5,,,,,,,,,,,,,,,,,,,,,,,,,,,,
weekly,31.0,Goals,2,fm7cv4p0me3j48nk,The Facerockers,2.0,starter_goals,"Weekly starter goals, with xG as context.",,,,,,,1.5434469543397429,90.5,,,,,,,,,,,,,,,,,,,,,,,,,,,,
weekly,31.0,Goals,3,eaz9h4hfme2wdh8p,epatel3,2.0,starter_goals,"Weekly starter goals, with xG as context.",,,,,,,1.8211396839469671,74.5,,,,,,,,,,,,,,,,,,,,,,,,,,,,
weekly,31.0,Goals,4,ss2dromsme3cbmga,Berkshire’s Club,1.0,starter_goals,"Weekly starter goals, with xG as context.",,,,,,,2.1283248513937,99.5,,,,,,,,,,,,,,,,,,,,,,,,,,,,
weekly,31.0,Goals,5,ne94j2bxme0vsmkq,Pot Splashers,1.0,starter_goals,"Weekly starter goals, with xG as context.",,,,,,,1.136721638962626,94.5,,,,,,,,,,,,,,,,,,,,,,,,,,,,
weekly,31.0,Goals,6,ih2b4z8ome1job2n,nhauptma,1.0,starter_goals,"Weekly starter goals, with xG as context.",,,,,,,0.6603762852028009,59.5,,,,,,,,,,,,,,,,,,,,,,,,,,,,
weekly,31.0,Goals,7,xnt9wpm9me0us0r4,yudesh,1.0,starter_goals,"Weekly starter goals, with xG as context.",,,,,,,0.516097482293844,96.0,,,,,,,,,,,,,,,,,,,,,,,,,,,,
weekly,31.0,Goals,8,zxivny5tme3hojrx,Count Doku,0.0,starter_goals,"Weekly starter goals, with xG as context.",,,,,,,1.1650831177830694,134.0,,,,,,,,,,,,,,,,,,,,,,,,,,,,
weekly,31.0,Goals,9,qocqs3wjme34472y,KindComet,0.0,starter_goals,"Weekly starter goals, with xG as context.",,,,,,,2.5112929567694664,101.0,,,,,,,,,,,,,,,,,,,,,,,,,,,,
weekly,31.0,Goals,10,zf53q9hdme32qmoe,Robertske,0.0,starter_goals,"Weekly starter goals, with xG as context.",,,,,,,0.0138375554233789,10.5,,,,,,,,,,,,,,,,,,,,,,,,,,,,
weekly,31.0,Goals,11,0t8m7z91mdhjhvye,SUNNYD,0.0,starter_goals,"Weekly starter goals, with xG as context.",,,,,,,0.2223933450877664,50.0,,,,,,,,,,,,,,,,,,,,,,,,,,,,
weekly,31.0,Goals,12,avv7b4d5me2tlsrt,wmuck1,0.0,starter_goals,"Weekly starter goals, with xG as context.",,,,,,,0.8332646768540142,111.0,,,,,,,,,,,,,,,,,,,,,,,,,,,,
weekly,32.0,Goals,1,qocqs3wjme34472y,KindComet,5.0,starter_goals,"Weekly starter goals, with xG as context.",,,,,,,3.921650128439069,148.5,,,,,,,,,,,,,,,,,,,,,,,,,,,,
weekly,32.0,Goals,2,eaz9h4hfme2wdh8p,epatel3,3.0,starter_goals,"Weekly starter goals, with xG as context.",,,,,,,1.9898992776870728,142.5,,,,,,,,,,,,,,,,,,,,,,,,,,,,
weekly,32.0,Goals,3,ss2dromsme3cbmga,Berkshire’s Club,2.0,starter_goals,"Weekly starter goals, with xG as context.",,,,,,,0.9264175770804284,141.5,,,,,,,,,,,,,,,,,,,,,,,,,,,,
weekly,32.0,Goals,4,zxivny5tme3hojrx,Count Doku,2.0,starter_goals,"Weekly starter goals, with xG as context.",,,,,,,1.5379997305572033,117.0,,,,,,,,,,,,,,,,,,,,,,,,,,,,
weekly,32.0,Goals,5,zf53q9hdme32qmoe,Robertske,2.0,starter_goals,"Weekly starter goals, with xG as context.",,,,,,,1.7053771913051603,79.5,,,,,,,,,,,,,,,,,,,,,,,,,,,,
weekly,32.0,Goals,6,ne94j2bxme0vsmkq,Pot Splashers,1.0,starter_goals,"Weekly starter goals, with xG as context.",,,,,,,2.145616428926587,99.5,,,,,,,,,,,,,,,,,,,,,,,,,,,,
weekly,32.0,Goals,7,0t8m7z91mdhjhvye,SUNNYD,1.0,starter_goals,"Weekly starter goals, with xG as context.",,,,,,,2.037975313141942,134.0,,,,,,,,,,,,,,,,,,,,,,,,,,,,
weekly,32.0,Goals,8,fm7cv4p0me3j48nk,The Facerockers,1.0,starter_goals,"Weekly starter goals, with xG as context.",,,,,,,2.0825093761086464,113.5,,,,,,,,,,,,,,,,,,,,,,,,,,,,
weekly,32.0,Goals,9,ih2b4z8ome1job2n,nhauptma,1.0,starter_goals,"Weekly starter goals, with xG as context.",,,,,,,1.8827321901917455,57.5,,,,,,,,,,,,,,,,,,,,,,,,,,,,
weekly,32.0,Goals,10,116s0o6ume0s7s58,Up the Arse-nal,0.0,starter_goals,"Weekly starter goals, with xG as context.",,,,,,,2.1073298621922723,91.0,,,,,,,,,,,,,,,,,,,,,,,,,,,,
weekly,32.0,Goals,11,avv7b4d5me2tlsrt,wmuck1,0.0,starter_goals,"Weekly starter goals, with xG as context.",,,,,,,0.6252753939479587,73.5,,,,,,,,,,,,,,,,,,,,,,,,,,,,
weekly,32.0,Goals,12,xnt9wpm9me0us0r4,yudesh,0.0,starter_goals,"Weekly starter goals, with xG as context.",,,,,,,0.9802387878298758,95.0,,,,,,,,,,,,,,,,,,,,,,,,,,,,
weekly,33.0,Goals,1,fm7cv4p0me3j48nk,The Facerockers,5.0,starter_goals,"Weekly starter goals, with xG as context.",,,,,,,5.474057231098413,184.5,,,,,,,,,,,,,,,,,,,,,,,,,,,,
weekly,33.0,Goals,2,zf53q9hdme32qmoe,Robertske,4.0,starter_goals,"Weekly starter goals, with xG as context.",,,,,,,5.213102832436562,144.0,,,,,,,,,,,,,,,,,,,,,,,,,,,,
weekly,33.0,Goals,3,ih2b4z8ome1job2n,nhauptma,4.0,starter_goals,"Weekly starter goals, with xG as context.",,,,,,,2.337671674787998,171.5,,,,,,,,,,,,,,,,,,,,,,,,,,,,
weekly,33.0,Goals,4,qocqs3wjme34472y,KindComet,3.0,starter_goals,"Weekly starter goals, with xG as context.",,,,,,,4.62918633967638,184.0,,,,,,,,,,,,,,,,,,,,,,,,,,,,
weekly,33.0,Goals,5,0t8m7z91mdhjhvye,SUNNYD,3.0,starter_goals,"Weekly starter goals, with xG as context.",,,,,,,2.799040937796235,150.5,,,,,,,,,,,,,,,,,,,,,,,,,,,,
weekly,33.0,Goals,6,ne94j2bxme0vsmkq,Pot Splashers,2.0,starter_goals,"Weekly starter goals, with xG as context.",,,,,,,2.1412957943975925,134.5,,,,,,,,,,,,,,,,,,,,,,,,,,,,
weekly,33.0,Goals,7,avv7b4d5me2tlsrt,wmuck1,2.0,starter_goals,"Weekly starter goals, with xG as context.",,,,,,,2.236554404720664,156.5,,,,,,,,,,,,,,,,,,,,,,,,,,,,
weekly,33.0,Goals,8,116s0o6ume0s7s58,Up the Arse-nal,1.0,starter_goals,"Weekly starter goals, with xG as context.",,,,,,,1.391634870320558,112.0,,,,,,,,,,,,,,,,,,,,,,,,,,,,
weekly,33.0,Goals,9,eaz9h4hfme2wdh8p,epatel3,1.0,starter_goals,"Weekly starter goals, with xG as context.",,,,,,,1.019217513501644,103.0,,,,,,,,,,,,,,,,,,,,,,,,,,,,
weekly,33.0,Goals,10,ss2dromsme3cbmga,Berkshire’s Club,0.0,starter_goals,"Weekly starter goals, with xG as context.",,,,,,,0.5244026714935893,115.0,,,,,,,,,,,,,,,,,,,,,,,,,,,,
weekly,33.0,Goals,11,zxivny5tme3hojrx,Count Doku,0.0,starter_goals,"Weekly starter goals, with xG as context.",,,,,,,0.5272000730037687,129.5,,,,,,,,,,,,,,,,,,,,,,,,,,,,
weekly,33.0,Goals,12,xnt9wpm9me0us0r4,yudesh,0.0,starter_goals,"Weekly starter goals, with xG as context.",,,,,,,0.7732144147157668,130.0,,,,,,,,,,,,,,,,,,,,,,,,,,,,
weekly,34.0,Goals,1,ne94j2bxme0vsmkq,Pot Splashers,2.0,starter_goals,"Weekly starter goals, with xG as context.",,,,,,,1.3967337422072887,94.5,,,,,,,,,,,,,,,,,,,,,,,,,,,,
weekly,34.0,Goals,2,eaz9h4hfme2wdh8p,epatel3,2.0,starter_goals,"Weekly starter goals, with xG as context.",,,,,,,0.8298747781664132,121.5,,,,,,,,,,,,,,,,,,,,,,,,,,,,
weekly,34.0,Goals,3,xnt9wpm9me0us0r4,yudesh,2.0,starter_goals,"Weekly starter goals, with xG as context.",,,,,,,2.1755876317620277,80.0,,,,,,,,,,,,,,,,,,,,,,,,,,,,
weekly,34.0,Goals,4,qocqs3wjme34472y,KindComet,1.0,starter_goals,"Weekly starter goals, with xG as context.",,,,,,,0.373023748397827,24.0,,,,,,,,,,,,,,,,,,,,,,,,,,,,
weekly,34.0,Goals,5,0t8m7z91mdhjhvye,SUNNYD,1.0,starter_goals,"Weekly starter goals, with xG as context.",,,,,,,0.5095650460571048,65.0,,,,,,,,,,,,,,,,,,,,,,,,,,,,
weekly,34.0,Goals,6,ih2b4z8ome1job2n,nhauptma,1.0,starter_goals,"Weekly starter goals, with xG as context.",,,,,,,0.7145125865936278,59.5,,,,,,,,,,,,,,,,,,,,,,,,,,,,
weekly,34.0,Goals,7,avv7b4d5me2tlsrt,wmuck1,1.0,starter_goals,"Weekly starter goals, with xG as context.",,,,,,,0.4299028813838956,44.5,,,,,,,,,,,,,,,,,,,,,,,,,,,,
weekly,34.0,Goals,8,ss2dromsme3cbmga,Berkshire’s Club,0.0,starter_goals,"Weekly starter goals, with xG as context.",,,,,,,0.8449138179421423,100.5,,,,,,,,,,,,,,,,,,,,,,,,,,,,
weekly,34.0,Goals,9,zxivny5tme3hojrx,Count Doku,0.0,starter_goals,"Weekly starter goals, with xG as context.",,,,,,,0.5854644197970627,121.5,,,,,,,,,,,,,,,,,,,,,,,,,,,,
weekly,34.0,Goals,10,zf53q9hdme32qmoe,Robertske,0.0,starter_goals,"Weekly starter goals, with xG as context.",,,,,,,0.1405574083328246,20.0,,,,,,,,,,,,,,,,,,,,,,,,,,,,
weekly,34.0,Goals,11,fm7cv4p0me3j48nk,The Facerockers,0.0,starter_goals,"Weekly starter goals, with xG as context.",,,,,,,0.8808833360671994,93.5,,,,,,,,,,,,,,,,,,,,,,,,,,,,
weekly,34.0,Goals,12,116s0o6ume0s7s58,Up the Arse-nal,0.0,starter_goals,"Weekly starter goals, with xG as context.",,,,,,,0.24716829508543,107.0,,,,,,,,,,,,,,,,,,,,,,,,,,,,
weekly,35.0,Goals,1,zxivny5tme3hojrx,Count Doku,3.0,starter_goals,"Weekly starter goals, with xG as context.",,,,,,,0.8703963309526443,115.5,,,,,,,,,,,,,,,,,,,,,,,,,,,,
weekly,35.0,Goals,2,0t8m7z91mdhjhvye,SUNNYD,3.0,starter_goals,"Weekly starter goals, with xG as context.",,,,,,,1.4134573601186275,127.0,,,,,,,,,,,,,,,,,,,,,,,,,,,,
weekly,35.0,Goals,3,ss2dromsme3cbmga,Berkshire’s Club,2.0,starter_goals,"Weekly starter goals, with xG as context.",,,,,,,0.5902505926787851,143.0,,,,,,,,,,,,,,,,,,,,,,,,,,,,
weekly,35.0,Goals,4,ne94j2bxme0vsmkq,Pot Splashers,2.0,starter_goals,"Weekly starter goals, with xG as context.",,,,,,,2.7032263707369566,77.0,,,,,,,,,,,,,,,,,,,,,,,,,,,,
weekly,35.0,Goals,5,zf53q9hdme32qmoe,Robertske,2.0,starter_goals,"Weekly starter goals, with xG as context.",,,,,,,1.42650705948472,86.0,,,,,,,,,,,,,,,,,,,,,,,,,,,,
weekly,35.0,Goals,6,116s0o6ume0s7s58,Up the Arse-nal,2.0,starter_goals,"Weekly starter goals, with xG as context.",,,,,,,1.6618334278464315,114.0,,,,,,,,,,,,,,,,,,,,,,,,,,,,
weekly,35.0,Goals,7,ih2b4z8ome1job2n,nhauptma,2.0,starter_goals,"Weekly starter goals, with xG as context.",,,,,,,3.1242324113845825,87.5,,,,,,,,,,,,,,,,,,,,,,,,,,,,
weekly,35.0,Goals,8,qocqs3wjme34472y,KindComet,1.0,starter_goals,"Weekly starter goals, with xG as context.",,,,,,,2.386925029568374,78.0,,,,,,,,,,,,,,,,,,,,,,,,,,,,
weekly,35.0,Goals,9,fm7cv4p0me3j48nk,The Facerockers,1.0,starter_goals,"Weekly starter goals, with xG as context.",,,,,,,0.9758825460448858,78.5,,,,,,,,,,,,,,,,,,,,,,,,,,,,
weekly,35.0,Goals,10,eaz9h4hfme2wdh8p,epatel3,1.0,starter_goals,"Weekly starter goals, with xG as context.",,,,,,,2.279811915010214,107.5,,,,,,,,,,,,,,,,,,,,,,,,,,,,
weekly,35.0,Goals,11,xnt9wpm9me0us0r4,yudesh,1.0,starter_goals,"Weekly starter goals, with xG as context.",,,,,,,1.176476718857884,73.5,,,,,,,,,,,,,,,,,,,,,,,,,,,,
weekly,35.0,Goals,12,avv7b4d5me2tlsrt,wmuck1,0.0,starter_goals,"Weekly starter goals, with xG as context.",,,,,,,0.1709515769034622,80.0,,,,,,,,,,,,,,,,,,,,,,,,,,,,
weekly,36.0,Goals,1,zf53q9hdme32qmoe,Robertske,3.0,starter_goals,"Weekly starter goals, with xG as context.",,,,,,,4.137132201343775,167.5,,,,,,,,,,,,,,,,,,,,,,,,,,,,
weekly,36.0,Goals,2,ih2b4z8ome1job2n,nhauptma,3.0,starter_goals,"Weekly starter goals, with xG as context.",,,,,,,2.1001807134598494,104.5,,,,,,,,,,,,,,,,,,,,,,,,,,,,
weekly,36.0,Goals,3,ss2dromsme3cbmga,Berkshire’s Club,2.0,starter_goals,"Weekly starter goals, with xG as context.",,,,,,,1.370693264529109,148.0,,,,,,,,,,,,,,,,,,,,,,,,,,,,
weekly,36.0,Goals,4,ne94j2bxme0vsmkq,Pot Splashers,2.0,starter_goals,"Weekly starter goals, with xG as context.",,,,,,,0.9444643631577492,73.5,,,,,,,,,,,,,,,,,,,,,,,,,,,,
weekly,36.0,Goals,5,zxivny5tme3hojrx,Count Doku,1.0,starter_goals,"Weekly starter goals, with xG as context.",,,,,,,1.3071539495140312,107.5,,,,,,,,,,,,,,,,,,,,,,,,,,,,
weekly,36.0,Goals,6,qocqs3wjme34472y,KindComet,1.0,starter_goals,"Weekly starter goals, with xG as context.",,,,,,,2.4118466153740883,132.0,,,,,,,,,,,,,,,,,,,,,,,,,,,,
weekly,36.0,Goals,7,0t8m7z91mdhjhvye,SUNNYD,1.0,starter_goals,"Weekly starter goals, with xG as context.",,,,,,,1.3541771667078133,114.0,,,,,,,,,,,,,,,,,,,,,,,,,,,,
weekly,36.0,Goals,8,fm7cv4p0me3j48nk,The Facerockers,1.0,starter_goals,"Weekly starter goals, with xG as context.",,,,,,,2.168338805437088,93.0,,,,,,,,,,,,,,,,,,,,,,,,,,,,
weekly,36.0,Goals,9,116s0o6ume0s7s58,Up the Arse-nal,1.0,starter_goals,"Weekly starter goals, with xG as context.",,,,,,,1.0028888471424575,98.0,,,,,,,,,,,,,,,,,,,,,,,,,,,,
weekly,36.0,Goals,10,xnt9wpm9me0us0r4,yudesh,1.0,starter_goals,"Weekly starter goals, with xG as context.",,,,,,,2.040140308439732,102.5,,,,,,,,,,,,,,,,,,,,,,,,,,,,
weekly,36.0,Goals,11,eaz9h4hfme2wdh8p,epatel3,0.0,starter_goals,"Weekly starter goals, with xG as context.",,,,,,,1.4408156871795654,112.0,,,,,,,,,,,,,,,,,,,,,,,,,,,,
weekly,36.0,Goals,12,avv7b4d5me2tlsrt,wmuck1,0.0,starter_goals,"Weekly starter goals, with xG as context.",,,,,,,0.7184308692812917,109.5,,,,,,,,,,,,,,,,,,,,,,,,,,,,
weekly,37.0,Goals,1,zxivny5tme3hojrx,Count Doku,3.0,starter_goals,"Weekly starter goals, with xG as context.",,,,,,,1.8543879948556423,107.0,,,,,,,,,,,,,,,,,,,,,,,,,,,,
weekly,37.0,Goals,2,fm7cv4p0me3j48nk,The Facerockers,3.0,starter_goals,"Weekly starter goals, with xG as context.",,,,,,,1.7409191206097605,93.0,,,,,,,,,,,,,,,,,,,,,,,,,,,,
weekly,37.0,Goals,3,qocqs3wjme34472y,KindComet,2.0,starter_goals,"Weekly starter goals, with xG as context.",,,,,,,0.3555292151868339,144.0,,,,,,,,,,,,,,,,,,,,,,,,,,,,
weekly,37.0,Goals,4,116s0o6ume0s7s58,Up the Arse-nal,2.0,starter_goals,"Weekly starter goals, with xG as context.",,,,,,,1.1272491849958894,103.5,,,,,,,,,,,,,,,,,,,,,,,,,,,,
weekly,37.0,Goals,5,xnt9wpm9me0us0r4,yudesh,2.0,starter_goals,"Weekly starter goals, with xG as context.",,,,,,,1.3965325597673657,116.5,,,,,,,,,,,,,,,,,,,,,,,,,,,,
weekly,37.0,Goals,6,zf53q9hdme32qmoe,Robertske,1.0,starter_goals,"Weekly starter goals, with xG as context.",,,,,,,1.1773984357714649,90.5,,,,,,,,,,,,,,,,,,,,,,,,,,,,
weekly,37.0,Goals,7,0t8m7z91mdhjhvye,SUNNYD,1.0,starter_goals,"Weekly starter goals, with xG as context.",,,,,,,1.2329012267291546,84.0,,,,,,,,,,,,,,,,,,,,,,,,,,,,
weekly,37.0,Goals,8,ih2b4z8ome1job2n,nhauptma,1.0,starter_goals,"Weekly starter goals, with xG as context.",,,,,,,2.897499615326524,63.0,,,,,,,,,,,,,,,,,,,,,,,,,,,,
weekly,37.0,Goals,9,avv7b4d5me2tlsrt,wmuck1,1.0,starter_goals,"Weekly starter goals, with xG as context.",,,,,,,0.2969347350299354,84.0,,,,,,,,,,,,,,,,,,,,,,,,,,,,
weekly,37.0,Goals,10,ss2dromsme3cbmga,Berkshire’s Club,0.0,starter_goals,"Weekly starter goals, with xG as context.",,,,,,,0.5606673881411548,98.0,,,,,,,,,,,,,,,,,,,,,,,,,,,,
weekly,37.0,Goals,11,ne94j2bxme0vsmkq,Pot Splashers,0.0,starter_goals,"Weekly starter goals, with xG as context.",,,,,,,0.882501048967242,66.5,,,,,,,,,,,,,,,,,,,,,,,,,,,,
weekly,37.0,Goals,12,eaz9h4hfme2wdh8p,epatel3,0.0,starter_goals,"Weekly starter goals, with xG as context.",,,,,,,1.2490973258391025,63.0,,,,,,,,,,,,,,,,,,,,,,,,,,,,
weekly,38.0,Goals,1,ss2dromsme3cbmga,Berkshire’s Club,3.0,starter_goals,"Weekly starter goals, with xG as context.",,,,,,,1.1962968939915295,117.5,,,,,,,,,,,,,,,,,,,,,,,,,,,,
weekly,38.0,Goals,2,ih2b4z8ome1job2n,nhauptma,2.0,starter_goals,"Weekly starter goals, with xG as context.",,,,,,,1.7553081773221493,57.0,,,,,,,,,,,,,,,,,,,,,,,,,,,,
weekly,38.0,Goals,3,qocqs3wjme34472y,KindComet,1.0,starter_goals,"Weekly starter goals, with xG as context.",,,,,,,0.8410879150032996,82.5,,,,,,,,,,,,,,,,,,,,,,,,,,,,
weekly,38.0,Goals,4,ne94j2bxme0vsmkq,Pot Splashers,1.0,starter_goals,"Weekly starter goals, with xG as context.",,,,,,,1.1453120820224283,77.5,,,,,,,,,,,,,,,,,,,,,,,,,,,,
weekly,38.0,Goals,5,116s0o6ume0s7s58,Up the Arse-nal,1.0,starter_goals,"Weekly starter goals, with xG as context.",,,,,,,0.5547852441668508,91.5,,,,,,,,,,,,,,,,,,,,,,,,,,,,
weekly,38.0,Goals,6,eaz9h4hfme2wdh8p,epatel3,1.0,starter_goals,"Weekly starter goals, with xG as context.",,,,,,,1.705826684832573,77.0,,,,,,,,,,,,,,,,,,,,,,,,,,,,
weekly,38.0,Goals,7,zxivny5tme3hojrx,Count Doku,0.0,starter_goals,"Weekly starter goals, with xG as context.",,,,,,,0.3064660876989362,77.0,,,,,,,,,,,,,,,,,,,,,,,,,,,,
weekly,38.0,Goals,8,zf53q9hdme32qmoe,Robertske,0.0,starter_goals,"Weekly starter goals, with xG as context.",,,,,,,0.4476292598992585,51.0,,,,,,,,,,,,,,,,,,,,,,,,,,,,
weekly,38.0,Goals,9,0t8m7z91mdhjhvye,SUNNYD,0.0,starter_goals,"Weekly starter goals, with xG as context.",,,,,,,0.3451901115477084,98.0,,,,,,,,,,,,,,,,,,,,,,,,,,,,
weekly,38.0,Goals,10,fm7cv4p0me3j48nk,The Facerockers,0.0,starter_goals,"Weekly starter goals, with xG as context.",,,,,,,1.4116575196385384,71.0,,,,,,,,,,,,,,,,,,,,,,,,,,,,
weekly,38.0,Goals,11,avv7b4d5me2tlsrt,wmuck1,0.0,starter_goals,"Weekly starter goals, with xG as context.",,,,,,,0.1105780405923722,61.0,,,,,,,,,,,,,,,,,,,,,,,,,,,,
weekly,38.0,Goals,12,xnt9wpm9me0us0r4,yudesh,0.0,starter_goals,"Weekly starter goals, with xG as context.",,,,,,,1.3607376469299195,52.0,,,,,,,,,,,,,,,,,,,,,,,,,,,,
weekly,1.0,Highest Score,1,ne94j2bxme0vsmkq,Pot Splashers,140.0,starter_fantasy_points,Highest starter fantasy points in a gameweek.,,,,,,,,,,2.0,1.0,8.0,,,,,,,,,,,,,,,,,,,,,,,,
weekly,1.0,Highest Score,2,fm7cv4p0me3j48nk,The Facerockers,122.0,starter_fantasy_points,Highest starter fantasy points in a gameweek.,,,,,,,,,,0.0,0.0,6.0,,,,,,,,,,,,,,,,,,,,,,,,
weekly,1.0,Highest Score,3,0t8m7z91mdhjhvye,SUNNYD,116.5,starter_fantasy_points,Highest starter fantasy points in a gameweek.,,,,,,,,,,1.0,2.0,6.0,,,,,,,,,,,,,,,,,,,,,,,,
weekly,1.0,Highest Score,4,zxivny5tme3hojrx,Count Doku,111.5,starter_fantasy_points,Highest starter fantasy points in a gameweek.,,,,,,,,,,0.0,3.0,6.0,,,,,,,,,,,,,,,,,,,,,,,,
weekly,1.0,Highest Score,5,qocqs3wjme34472y,KindComet,102.5,starter_fantasy_points,Highest starter fantasy points in a gameweek.,,,,,,,,,,2.0,1.0,4.0,,,,,,,,,,,,,,,,,,,,,,,,
weekly,1.0,Highest Score,6,zf53q9hdme32qmoe,Robertske,96.0,starter_fantasy_points,Highest starter fantasy points in a gameweek.,,,,,,,,,,4.0,0.0,4.0,,,,,,,,,,,,,,,,,,,,,,,,
weekly,1.0,Highest Score,7,ss2dromsme3cbmga,Berkshire’s Club,89.5,starter_fantasy_points,Highest starter fantasy points in a gameweek.,,,,,,,,,,2.0,0.0,3.0,,,,,,,,,,,,,,,,,,,,,,,,
weekly,1.0,Highest Score,8,eaz9h4hfme2wdh8p,epatel3,84.0,starter_fantasy_points,Highest starter fantasy points in a gameweek.,,,,,,,,,,2.0,0.0,4.0,,,,,,,,,,,,,,,,,,,,,,,,
weekly,1.0,Highest Score,9,ih2b4z8ome1job2n,nhauptma,82.0,starter_fantasy_points,Highest starter fantasy points in a gameweek.,,,,,,,,,,0.0,1.0,4.0,,,,,,,,,,,,,,,,,,,,,,,,
weekly,1.0,Highest Score,10,avv7b4d5me2tlsrt,wmuck1,81.5,starter_fantasy_points,Highest starter fantasy points in a gameweek.,,,,,,,,,,0.0,1.0,4.0,,,,,,,,,,,,,,,,,,,,,,,,
weekly,1.0,Highest Score,11,xnt9wpm9me0us0r4,yudesh,81.5,starter_fantasy_points,Highest starter fantasy points in a gameweek.,,,,,,,,,,0.0,1.0,4.0,,,,,,,,,,,,,,,,,,,,,,,,
weekly,1.0,Highest Score,12,116s0o6ume0s7s58,Up the Arse-nal,67.5,starter_fantasy_points,Highest starter fantasy points in a gameweek.,,,,,,,,,,0.0,1.0,4.0,,,,,,,,,,,,,,,,,,,,,,,,
weekly,2.0,Highest Score,1,116s0o6ume0s7s58,Up the Arse-nal,155.5,starter_fantasy_points,Highest starter fantasy points in a gameweek.,,,,,,,,,,4.0,2.0,5.0,,,,,,,,,,,,,,,,,,,,,,,,
weekly,2.0,Highest Score,2,ih2b4z8ome1job2n,nhauptma,117.5,starter_fantasy_points,Highest starter fantasy points in a gameweek.,,,,,,,,,,2.0,3.0,3.0,,,,,,,,,,,,,,,,,,,,,,,,
weekly,2.0,Highest Score,3,eaz9h4hfme2wdh8p,epatel3,110.0,starter_fantasy_points,Highest starter fantasy points in a gameweek.,,,,,,,,,,1.0,2.0,2.0,,,,,,,,,,,,,,,,,,,,,,,,
weekly,2.0,Highest Score,4,ss2dromsme3cbmga,Berkshire’s Club,106.5,starter_fantasy_points,Highest starter fantasy points in a gameweek.,,,,,,,,,,1.0,2.0,4.0,,,,,,,,,,,,,,,,,,,,,,,,
weekly,2.0,Highest Score,5,0t8m7z91mdhjhvye,SUNNYD,102.5,starter_fantasy_points,Highest starter fantasy points in a gameweek.,,,,,,,,,,2.0,1.0,2.0,,,,,,,,,,,,,,,,,,,,,,,,
weekly,2.0,Highest Score,6,xnt9wpm9me0us0r4,yudesh,100.5,starter_fantasy_points,Highest starter fantasy points in a gameweek.,,,,,,,,,,3.0,0.0,3.0,,,,,,,,,,,,,,,,,,,,,,,,
weekly,2.0,Highest Score,7,qocqs3wjme34472y,KindComet,95.5,starter_fantasy_points,Highest starter fantasy points in a gameweek.,,,,,,,,,,3.0,4.0,2.0,,,,,,,,,,,,,,,,,,,,,,,,
weekly,2.0,Highest Score,8,ne94j2bxme0vsmkq,Pot Splashers,93.0,starter_fantasy_points,Highest starter fantasy points in a gameweek.,,,,,,,,,,2.0,2.0,2.0,,,,,,,,,,,,,,,,,,,,,,,,
weekly,2.0,Highest Score,9,fm7cv4p0me3j48nk,The Facerockers,71.0,starter_fantasy_points,Highest starter fantasy points in a gameweek.,,,,,,,,,,2.0,0.0,3.0,,,,,,,,,,,,,,,,,,,,,,,,
weekly,2.0,Highest Score,10,avv7b4d5me2tlsrt,wmuck1,60.0,starter_fantasy_points,Highest starter fantasy points in a gameweek.,,,,,,,,,,0.0,2.0,1.0,,,,,,,,,,,,,,,,,,,,,,,,
weekly,2.0,Highest Score,11,zxivny5tme3hojrx,Count Doku,55.5,starter_fantasy_points,Highest starter fantasy points in a gameweek.,,,,,,,,,,0.0,1.0,3.0,,,,,,,,,,,,,,,,,,,,,,,,
weekly,2.0,Highest Score,12,zf53q9hdme32qmoe,Robertske,45.5,starter_fantasy_points,Highest starter fantasy points in a gameweek.,,,,,,,,,,1.0,1.0,1.0,,,,,,,,,,,,,,,,,,,,,,,,
weekly,3.0,Highest Score,1,ss2dromsme3cbmga,Berkshire’s Club,123.5,starter_fantasy_points,Highest starter fantasy points in a gameweek.,,,,,,,,,,3.0,1.0,4.0,,,,,,,,,,,,,,,,,,,,,,,,
weekly,3.0,Highest Score,2,ih2b4z8ome1job2n,nhauptma,119.0,starter_fantasy_points,Highest starter fantasy points in a gameweek.,,,,,,,,,,2.0,1.0,3.0,,,,,,,,,,,,,,,,,,,,,,,,
weekly,3.0,Highest Score,3,xnt9wpm9me0us0r4,yudesh,114.5,starter_fantasy_points,Highest starter fantasy points in a gameweek.,,,,,,,,,,1.0,1.0,4.0,,,,,,,,,,,,,,,,,,,,,,,,
weekly,3.0,Highest Score,4,eaz9h4hfme2wdh8p,epatel3,107.5,starter_fantasy_points,Highest starter fantasy points in a gameweek.,,,,,,,,,,2.0,1.0,7.0,,,,,,,,,,,,,,,,,,,,,,,,
weekly,3.0,Highest Score,5,116s0o6ume0s7s58,Up the Arse-nal,97.0,starter_fantasy_points,Highest starter fantasy points in a gameweek.,,,,,,,,,,2.0,0.0,2.0,,,,,,,,,,,,,,,,,,,,,,,,
weekly,3.0,Highest Score,6,ne94j2bxme0vsmkq,Pot Splashers,87.0,starter_fantasy_points,Highest starter fantasy points in a gameweek.,,,,,,,,,,0.0,3.0,3.0,,,,,,,,,,,,,,,,,,,,,,,,
weekly,3.0,Highest Score,7,qocqs3wjme34472y,KindComet,76.5,starter_fantasy_points,Highest starter fantasy points in a gameweek.,,,,,,,,,,1.0,1.0,5.0,,,,,,,,,,,,,,,,,,,,,,,,
weekly,3.0,Highest Score,8,zf53q9hdme32qmoe,Robertske,69.0,starter_fantasy_points,Highest starter fantasy points in a gameweek.,,,,,,,,,,2.0,0.0,2.0,,,,,,,,,,,,,,,,,,,,,,,,
weekly,3.0,Highest Score,9,fm7cv4p0me3j48nk,The Facerockers,68.0,starter_fantasy_points,Highest starter fantasy points in a gameweek.,,,,,,,,,,1.0,1.0,3.0,,,,,,,,,,,,,,,,,,,,,,,,
weekly,3.0,Highest Score,10,avv7b4d5me2tlsrt,wmuck1,60.0,starter_fantasy_points,Highest starter fantasy points in a gameweek.,,,,,,,,,,0.0,0.0,5.0,,,,,,,,,,,,,,,,,,,,,,,,
weekly,3.0,Highest Score,11,zxivny5tme3hojrx,Count Doku,49.0,starter_fantasy_points,Highest starter fantasy points in a gameweek.,,,,,,,,,,0.0,0.0,3.0,,,,,,,,,,,,,,,,,,,,,,,,
weekly,3.0,Highest Score,12,0t8m7z91mdhjhvye,SUNNYD,45.5,starter_fantasy_points,Highest starter fantasy points in a gameweek.,,,,,,,,,,0.0,0.0,2.0,,,,,,,,,,,,,,,,,,,,,,,,
weekly,4.0,Highest Score,1,fm7cv4p0me3j48nk,The Facerockers,134.5,starter_fantasy_points,Highest starter fantasy points in a gameweek.,,,,,,,,,,1.0,2.0,9.0,,,,,,,,,,,,,,,,,,,,,,,,
weekly,4.0,Highest Score,2,zf53q9hdme32qmoe,Robertske,132.5,starter_fantasy_points,Highest starter fantasy points in a gameweek.,,,,,,,,,,4.0,2.0,6.0,,,,,,,,,,,,,,,,,,,,,,,,
weekly,4.0,Highest Score,3,0t8m7z91mdhjhvye,SUNNYD,121.0,starter_fantasy_points,Highest starter fantasy points in a gameweek.,,,,,,,,,,1.0,1.0,8.0,,,,,,,,,,,,,,,,,,,,,,,,
weekly,4.0,Highest Score,4,qocqs3wjme34472y,KindComet,117.5,starter_fantasy_points,Highest starter fantasy points in a gameweek.,,,,,,,,,,1.0,0.0,8.0,,,,,,,,,,,,,,,,,,,,,,,,
weekly,4.0,Highest Score,5,ne94j2bxme0vsmkq,Pot Splashers,111.5,starter_fantasy_points,Highest starter fantasy points in a gameweek.,,,,,,,,,,1.0,1.0,7.0,,,,,,,,,,,,,,,,,,,,,,,,
weekly,4.0,Highest Score,6,ss2dromsme3cbmga,Berkshire’s Club,103.0,starter_fantasy_points,Highest starter fantasy points in a gameweek.,,,,,,,,,,2.0,1.0,4.0,,,,,,,,,,,,,,,,,,,,,,,,
weekly,4.0,Highest Score,7,eaz9h4hfme2wdh8p,epatel3,98.5,starter_fantasy_points,Highest starter fantasy points in a gameweek.,,,,,,,,,,0.0,2.0,6.0,,,,,,,,,,,,,,,,,,,,,,,,
weekly,4.0,Highest Score,8,ih2b4z8ome1job2n,nhauptma,95.0,starter_fantasy_points,Highest starter fantasy points in a gameweek.,,,,,,,,,,1.0,1.0,7.0,,,,,,,,,,,,,,,,,,,,,,,,
weekly,4.0,Highest Score,9,xnt9wpm9me0us0r4,yudesh,85.5,starter_fantasy_points,Highest starter fantasy points in a gameweek.,,,,,,,,,,1.0,0.0,5.0,,,,,,,,,,,,,,,,,,,,,,,,
weekly,4.0,Highest Score,10,116s0o6ume0s7s58,Up the Arse-nal,79.5,starter_fantasy_points,Highest starter fantasy points in a gameweek.,,,,,,,,,,0.0,0.0,3.0,,,,,,,,,,,,,,,,,,,,,,,,
weekly,4.0,Highest Score,11,zxivny5tme3hojrx,Count Doku,73.0,starter_fantasy_points,Highest starter fantasy points in a gameweek.,,,,,,,,,,0.0,2.0,3.0,,,,,,,,,,,,,,,,,,,,,,,,
weekly,4.0,Highest Score,12,avv7b4d5me2tlsrt,wmuck1,67.0,starter_fantasy_points,Highest starter fantasy points in a gameweek.,,,,,,,,,,0.0,0.0,3.0,,,,,,,,,,,,,,,,,,,,,,,,
weekly,5.0,Highest Score,1,zxivny5tme3hojrx,Count Doku,145.5,starter_fantasy_points,Highest starter fantasy points in a gameweek.,,,,,,,,,,3.0,3.0,3.0,,,,,,,,,,,,,,,,,,,,,,,,
weekly,5.0,Highest Score,2,ss2dromsme3cbmga,Berkshire’s Club,100.5,starter_fantasy_points,Highest starter fantasy points in a gameweek.,,,,,,,,,,3.0,1.0,2.0,,,,,,,,,,,,,,,,,,,,,,,,
weekly,5.0,Highest Score,3,ih2b4z8ome1job2n,nhauptma,92.0,starter_fantasy_points,Highest starter fantasy points in a gameweek.,,,,,,,,,,2.0,1.0,1.0,,,,,,,,,,,,,,,,,,,,,,,,
weekly,5.0,Highest Score,4,eaz9h4hfme2wdh8p,epatel3,90.0,starter_fantasy_points,Highest starter fantasy points in a gameweek.,,,,,,,,,,0.0,3.0,0.0,,,,,,,,,,,,,,,,,,,,,,,,
weekly,5.0,Highest Score,5,qocqs3wjme34472y,KindComet,87.5,starter_fantasy_points,Highest starter fantasy points in a gameweek.,,,,,,,,,,0.0,2.0,2.0,,,,,,,,,,,,,,,,,,,,,,,,
weekly,5.0,Highest Score,6,116s0o6ume0s7s58,Up the Arse-nal,85.5,starter_fantasy_points,Highest starter fantasy points in a gameweek.,,,,,,,,,,2.0,2.0,0.0,,,,,,,,,,,,,,,,,,,,,,,,
weekly,5.0,Highest Score,7,0t8m7z91mdhjhvye,SUNNYD,83.5,starter_fantasy_points,Highest starter fantasy points in a gameweek.,,,,,,,,,,2.0,0.0,0.0,,,,,,,,,,,,,,,,,,,,,,,,
weekly,5.0,Highest Score,8,fm7cv4p0me3j48nk,The Facerockers,83.5,starter_fantasy_points,Highest starter fantasy points in a gameweek.,,,,,,,,,,1.0,1.0,2.0,,,,,,,,,,,,,,,,,,,,,,,,
weekly,5.0,Highest Score,9,xnt9wpm9me0us0r4,yudesh,75.0,starter_fantasy_points,Highest starter fantasy points in a gameweek.,,,,,,,,,,0.0,1.0,2.0,,,,,,,,,,,,,,,,,,,,,,,,
weekly,5.0,Highest Score,10,zf53q9hdme32qmoe,Robertske,68.0,starter_fantasy_points,Highest starter fantasy points in a gameweek.,,,,,,,,,,1.0,0.0,3.0,,,,,,,,,,,,,,,,,,,,,,,,
weekly,5.0,Highest Score,11,ne94j2bxme0vsmkq,Pot Splashers,61.5,starter_fantasy_points,Highest starter fantasy points in a gameweek.,,,,,,,,,,1.0,0.0,0.0,,,,,,,,,,,,,,,,,,,,,,,,
weekly,5.0,Highest Score,12,avv7b4d5me2tlsrt,wmuck1,50.0,starter_fantasy_points,Highest starter fantasy points in a gameweek.,,,,,,,,,,1.0,0.0,3.0,,,,,,,,,,,,,,,,,,,,,,,,
weekly,6.0,Highest Score,1,116s0o6ume0s7s58,Up the Arse-nal,137.5,starter_fantasy_points,Highest starter fantasy points in a gameweek.,,,,,,,,,,0.0,4.0,1.0,,,,,,,,,,,,,,,,,,,,,,,,
weekly,6.0,Highest Score,2,fm7cv4p0me3j48nk,The Facerockers,133.5,starter_fantasy_points,Highest starter fantasy points in a gameweek.,,,,,,,,,,2.0,3.0,1.0,,,,,,,,,,,,,,,,,,,,,,,,
weekly,6.0,Highest Score,3,zf53q9hdme32qmoe,Robertske,120.0,starter_fantasy_points,Highest starter fantasy points in a gameweek.,,,,,,,,,,5.0,1.0,1.0,,,,,,,,,,,,,,,,,,,,,,,,
weekly,6.0,Highest Score,4,zxivny5tme3hojrx,Count Doku,108.0,starter_fantasy_points,Highest starter fantasy points in a gameweek.,,,,,,,,,,0.0,2.0,1.0,,,,,,,,,,,,,,,,,,,,,,,,
weekly,6.0,Highest Score,5,eaz9h4hfme2wdh8p,epatel3,105.0,starter_fantasy_points,Highest starter fantasy points in a gameweek.,,,,,,,,,,1.0,1.0,0.0,,,,,,,,,,,,,,,,,,,,,,,,
weekly,6.0,Highest Score,6,ss2dromsme3cbmga,Berkshire’s Club,101.0,starter_fantasy_points,Highest starter fantasy points in a gameweek.,,,,,,,,,,3.0,0.0,0.0,,,,,,,,,,,,,,,,,,,,,,,,
weekly,6.0,Highest Score,7,qocqs3wjme34472y,KindComet,100.5,starter_fantasy_points,Highest starter fantasy points in a gameweek.,,,,,,,,,,2.0,1.0,1.0,,,,,,,,,,,,,,,,,,,,,,,,
weekly,6.0,Highest Score,8,0t8m7z91mdhjhvye,SUNNYD,86.0,starter_fantasy_points,Highest starter fantasy points in a gameweek.,,,,,,,,,,0.0,2.0,1.0,,,,,,,,,,,,,,,,,,,,,,,,
weekly,6.0,Highest Score,9,ih2b4z8ome1job2n,nhauptma,82.5,starter_fantasy_points,Highest starter fantasy points in a gameweek.,,,,,,,,,,0.0,2.0,0.0,,,,,,,,,,,,,,,,,,,,,,,,
weekly,6.0,Highest Score,10,ne94j2bxme0vsmkq,Pot Splashers,78.5,starter_fantasy_points,Highest starter fantasy points in a gameweek.,,,,,,,,,,2.0,0.0,1.0,,,,,,,,,,,,,,,,,,,,,,,,
weekly,6.0,Highest Score,11,avv7b4d5me2tlsrt,wmuck1,67.5,starter_fantasy_points,Highest starter fantasy points in a gameweek.,,,,,,,,,,0.0,1.0,2.0,,,,,,,,,,,,,,,,,,,,,,,,
weekly,6.0,Highest Score,12,xnt9wpm9me0us0r4,yudesh,64.5,starter_fantasy_points,Highest starter fantasy points in a gameweek.,,,,,,,,,,1.0,0.0,1.0,,,,,,,,,,,,,,,,,,,,,,,,
weekly,7.0,Highest Score,1,116s0o6ume0s7s58,Up the Arse-nal,139.0,starter_fantasy_points,Highest starter fantasy points in a gameweek.,,,,,,,,,,1.0,1.0,5.0,,,,,,,,,,,,,,,,,,,,,,,,
weekly,7.0,Highest Score,2,qocqs3wjme34472y,KindComet,125.5,starter_fantasy_points,Highest starter fantasy points in a gameweek.,,,,,,,,,,1.0,1.0,2.0,,,,,,,,,,,,,,,,,,,,,,,,
weekly,7.0,Highest Score,3,avv7b4d5me2tlsrt,wmuck1,120.5,starter_fantasy_points,Highest starter fantasy points in a gameweek.,,,,,,,,,,2.0,2.0,1.0,,,,,,,,,,,,,,,,,,,,,,,,
weekly,7.0,Highest Score,4,ih2b4z8ome1job2n,nhauptma,113.5,starter_fantasy_points,Highest starter fantasy points in a gameweek.,,,,,,,,,,0.0,2.0,4.0,,,,,,,,,,,,,,,,,,,,,,,,
weekly,7.0,Highest Score,5,xnt9wpm9me0us0r4,yudesh,108.5,starter_fantasy_points,Highest starter fantasy points in a gameweek.,,,,,,,,,,3.0,1.0,4.0,,,,,,,,,,,,,,,,,,,,,,,,
weekly,7.0,Highest Score,6,0t8m7z91mdhjhvye,SUNNYD,102.5,starter_fantasy_points,Highest starter fantasy points in a gameweek.,,,,,,,,,,1.0,1.0,3.0,,,,,,,,,,,,,,,,,,,,,,,,
weekly,7.0,Highest Score,7,ne94j2bxme0vsmkq,Pot Splashers,97.5,starter_fantasy_points,Highest starter fantasy points in a gameweek.,,,,,,,,,,3.0,0.0,4.0,,,,,,,,,,,,,,,,,,,,,,,,
weekly,7.0,Highest Score,8,ss2dromsme3cbmga,Berkshire’s Club,97.0,starter_fantasy_points,Highest starter fantasy points in a gameweek.,,,,,,,,,,2.0,2.0,0.0,,,,,,,,,,,,,,,,,,,,,,,,
weekly,7.0,Highest Score,9,zxivny5tme3hojrx,Count Doku,82.0,starter_fantasy_points,Highest starter fantasy points in a gameweek.,,,,,,,,,,1.0,2.0,1.0,,,,,,,,,,,,,,,,,,,,,,,,
weekly,7.0,Highest Score,10,fm7cv4p0me3j48nk,The Facerockers,78.0,starter_fantasy_points,Highest starter fantasy points in a gameweek.,,,,,,,,,,0.0,1.0,4.0,,,,,,,,,,,,,,,,,,,,,,,,
weekly,7.0,Highest Score,11,zf53q9hdme32qmoe,Robertske,72.5,starter_fantasy_points,Highest starter fantasy points in a gameweek.,,,,,,,,,,2.0,0.0,4.0,,,,,,,,,,,,,,,,,,,,,,,,
weekly,7.0,Highest Score,12,eaz9h4hfme2wdh8p,epatel3,71.5,starter_fantasy_points,Highest starter fantasy points in a gameweek.,,,,,,,,,,0.0,1.0,2.0,,,,,,,,,,,,,,,,,,,,,,,,
weekly,8.0,Highest Score,1,116s0o6ume0s7s58,Up the Arse-nal,157.0,starter_fantasy_points,Highest starter fantasy points in a gameweek.,,,,,,,,,,2.0,4.0,7.0,,,,,,,,,,,,,,,,,,,,,,,,
weekly,8.0,Highest Score,2,ih2b4z8ome1job2n,nhauptma,141.5,starter_fantasy_points,Highest starter fantasy points in a gameweek.,,,,,,,,,,4.0,0.0,4.0,,,,,,,,,,,,,,,,,,,,,,,,
weekly,8.0,Highest Score,3,0t8m7z91mdhjhvye,SUNNYD,136.5,starter_fantasy_points,Highest starter fantasy points in a gameweek.,,,,,,,,,,1.0,1.0,4.0,,,,,,,,,,,,,,,,,,,,,,,,
weekly,8.0,Highest Score,4,zf53q9hdme32qmoe,Robertske,127.5,starter_fantasy_points,Highest starter fantasy points in a gameweek.,,,,,,,,,,4.0,2.0,5.0,,,,,,,,,,,,,,,,,,,,,,,,
weekly,8.0,Highest Score,5,qocqs3wjme34472y,KindComet,111.5,starter_fantasy_points,Highest starter fantasy points in a gameweek.,,,,,,,,,,1.0,3.0,2.0,,,,,,,,,,,,,,,,,,,,,,,,
weekly,8.0,Highest Score,6,xnt9wpm9me0us0r4,yudesh,102.5,starter_fantasy_points,Highest starter fantasy points in a gameweek.,,,,,,,,,,1.0,1.0,1.0,,,,,,,,,,,,,,,,,,,,,,,,
weekly,8.0,Highest Score,7,fm7cv4p0me3j48nk,The Facerockers,98.0,starter_fantasy_points,Highest starter fantasy points in a gameweek.,,,,,,,,,,0.0,0.0,2.0,,,,,,,,,,,,,,,,,,,,,,,,
weekly,8.0,Highest Score,8,eaz9h4hfme2wdh8p,epatel3,97.5,starter_fantasy_points,Highest starter fantasy points in a gameweek.,,,,,,,,,,0.0,2.0,4.0,,,,,,,,,,,,,,,,,,,,,,,,
weekly,8.0,Highest Score,9,ss2dromsme3cbmga,Berkshire’s Club,85.0,starter_fantasy_points,Highest starter fantasy points in a gameweek.,,,,,,,,,,0.0,1.0,3.0,,,,,,,,,,,,,,,,,,,,,,,,
weekly,8.0,Highest Score,10,zxivny5tme3hojrx,Count Doku,78.5,starter_fantasy_points,Highest starter fantasy points in a gameweek.,,,,,,,,,,0.0,0.0,1.0,,,,,,,,,,,,,,,,,,,,,,,,
weekly,8.0,Highest Score,11,ne94j2bxme0vsmkq,Pot Splashers,68.5,starter_fantasy_points,Highest starter fantasy points in a gameweek.,,,,,,,,,,1.0,0.0,2.0,,,,,,,,,,,,,,,,,,,,,,,,
weekly,8.0,Highest Score,12,avv7b4d5me2tlsrt,wmuck1,63.0,starter_fantasy_points,Highest starter fantasy points in a gameweek.,,,,,,,,,,0.0,0.0,1.0,,,,,,,,,,,,,,,,,,,,,,,,
weekly,9.0,Highest Score,1,ih2b4z8ome1job2n,nhauptma,123.0,starter_fantasy_points,Highest starter fantasy points in a gameweek.,,,,,,,,,,2.0,3.0,2.0,,,,,,,,,,,,,,,,,,,,,,,,
weekly,9.0,Highest Score,2,ss2dromsme3cbmga,Berkshire’s Club,122.0,starter_fantasy_points,Highest starter fantasy points in a gameweek.,,,,,,,,,,0.0,2.0,3.0,,,,,,,,,,,,,,,,,,,,,,,,
weekly,9.0,Highest Score,3,116s0o6ume0s7s58,Up the Arse-nal,117.0,starter_fantasy_points,Highest starter fantasy points in a gameweek.,,,,,,,,,,0.0,3.0,4.0,,,,,,,,,,,,,,,,,,,,,,,,
weekly,9.0,Highest Score,4,eaz9h4hfme2wdh8p,epatel3,113.0,starter_fantasy_points,Highest starter fantasy points in a gameweek.,,,,,,,,,,3.0,0.0,2.0,,,,,,,,,,,,,,,,,,,,,,,,
weekly,9.0,Highest Score,5,qocqs3wjme34472y,KindComet,110.0,starter_fantasy_points,Highest starter fantasy points in a gameweek.,,,,,,,,,,3.0,0.0,1.0,,,,,,,,,,,,,,,,,,,,,,,,
weekly,9.0,Highest Score,6,fm7cv4p0me3j48nk,The Facerockers,109.0,starter_fantasy_points,Highest starter fantasy points in a gameweek.,,,,,,,,,,3.0,0.0,4.0,,,,,,,,,,,,,,,,,,,,,,,,
weekly,9.0,Highest Score,7,0t8m7z91mdhjhvye,SUNNYD,107.0,starter_fantasy_points,Highest starter fantasy points in a gameweek.,,,,,,,,,,2.0,1.0,4.0,,,,,,,,,,,,,,,,,,,,,,,,
weekly,9.0,Highest Score,8,avv7b4d5me2tlsrt,wmuck1,94.0,starter_fantasy_points,Highest starter fantasy points in a gameweek.,,,,,,,,,,2.0,0.0,3.0,,,,,,,,,,,,,,,,,,,,,,,,
weekly,9.0,Highest Score,9,zf53q9hdme32qmoe,Robertske,87.5,starter_fantasy_points,Highest starter fantasy points in a gameweek.,,,,,,,,,,1.0,0.0,2.0,,,,,,,,,,,,,,,,,,,,,,,,
weekly,9.0,Highest Score,10,zxivny5tme3hojrx,Count Doku,84.0,starter_fantasy_points,Highest starter fantasy points in a gameweek.,,,,,,,,,,1.0,1.0,3.0,,,,,,,,,,,,,,,,,,,,,,,,
weekly,9.0,Highest Score,11,xnt9wpm9me0us0r4,yudesh,73.5,starter_fantasy_points,Highest starter fantasy points in a gameweek.,,,,,,,,,,1.0,0.0,1.0,,,,,,,,,,,,,,,,,,,,,,,,
weekly,9.0,Highest Score,12,ne94j2bxme0vsmkq,Pot Splashers,61.5,starter_fantasy_points,Highest starter fantasy points in a gameweek.,,,,,,,,,,0.0,1.0,2.0,,,,,,,,,,,,,,,,,,,,,,,,
weekly,10.0,Highest Score,1,zf53q9hdme32qmoe,Robertske,131.5,starter_fantasy_points,Highest starter fantasy points in a gameweek.,,,,,,,,,,2.0,5.0,2.0,,,,,,,,,,,,,,,,,,,,,,,,
weekly,10.0,Highest Score,2,ih2b4z8ome1job2n,nhauptma,129.5,starter_fantasy_points,Highest starter fantasy points in a gameweek.,,,,,,,,,,2.0,2.0,4.0,,,,,,,,,,,,,,,,,,,,,,,,
weekly,10.0,Highest Score,3,eaz9h4hfme2wdh8p,epatel3,129.0,starter_fantasy_points,Highest starter fantasy points in a gameweek.,,,,,,,,,,3.0,1.0,6.0,,,,,,,,,,,,,,,,,,,,,,,,
weekly,10.0,Highest Score,4,116s0o6ume0s7s58,Up the Arse-nal,127.0,starter_fantasy_points,Highest starter fantasy points in a gameweek.,,,,,,,,,,2.0,1.0,4.0,,,,,,,,,,,,,,,,,,,,,,,,
weekly,10.0,Highest Score,5,ss2dromsme3cbmga,Berkshire’s Club,113.0,starter_fantasy_points,Highest starter fantasy points in a gameweek.,,,,,,,,,,0.0,2.0,5.0,,,,,,,,,,,,,,,,,,,,,,,,
weekly,10.0,Highest Score,6,fm7cv4p0me3j48nk,The Facerockers,108.0,starter_fantasy_points,Highest starter fantasy points in a gameweek.,,,,,,,,,,2.0,0.0,8.0,,,,,,,,,,,,,,,,,,,,,,,,
weekly,10.0,Highest Score,7,xnt9wpm9me0us0r4,yudesh,98.5,starter_fantasy_points,Highest starter fantasy points in a gameweek.,,,,,,,,,,2.0,1.0,1.0,,,,,,,,,,,,,,,,,,,,,,,,
weekly,10.0,Highest Score,8,ne94j2bxme0vsmkq,Pot Splashers,98.0,starter_fantasy_points,Highest starter fantasy points in a gameweek.,,,,,,,,,,0.0,1.0,4.0,,,,,,,,,,,,,,,,,,,,,,,,
weekly,10.0,Highest Score,9,avv7b4d5me2tlsrt,wmuck1,80.0,starter_fantasy_points,Highest starter fantasy points in a gameweek.,,,,,,,,,,1.0,2.0,3.0,,,,,,,,,,,,,,,,,,,,,,,,
weekly,10.0,Highest Score,10,qocqs3wjme34472y,KindComet,75.0,starter_fantasy_points,Highest starter fantasy points in a gameweek.,,,,,,,,,,2.0,0.0,4.0,,,,,,,,,,,,,,,,,,,,,,,,
weekly,10.0,Highest Score,11,zxivny5tme3hojrx,Count Doku,46.0,starter_fantasy_points,Highest starter fantasy points in a gameweek.,,,,,,,,,,0.0,0.0,1.0,,,,,,,,,,,,,,,,,,,,,,,,
weekly,10.0,Highest Score,12,0t8m7z91mdhjhvye,SUNNYD,45.5,starter_fantasy_points,Highest starter fantasy points in a gameweek.,,,,,,,,,,0.0,0.0,3.0,,,,,,,,,,,,,,,,,,,,,,,,
weekly,11.0,Highest Score,1,ih2b4z8ome1job2n,nhauptma,120.5,starter_fantasy_points,Highest starter fantasy points in a gameweek.,,,,,,,,,,3.0,1.0,4.0,,,,,,,,,,,,,,,,,,,,,,,,
weekly,11.0,Highest Score,2,0t8m7z91mdhjhvye,SUNNYD,115.5,starter_fantasy_points,Highest starter fantasy points in a gameweek.,,,,,,,,,,2.0,2.0,3.0,,,,,,,,,,,,,,,,,,,,,,,,
weekly,11.0,Highest Score,3,ne94j2bxme0vsmkq,Pot Splashers,113.0,starter_fantasy_points,Highest starter fantasy points in a gameweek.,,,,,,,,,,2.0,2.0,6.0,,,,,,,,,,,,,,,,,,,,,,,,
weekly,11.0,Highest Score,4,zf53q9hdme32qmoe,Robertske,111.5,starter_fantasy_points,Highest starter fantasy points in a gameweek.,,,,,,,,,,4.0,2.0,5.0,,,,,,,,,,,,,,,,,,,,,,,,
weekly,11.0,Highest Score,5,xnt9wpm9me0us0r4,yudesh,96.5,starter_fantasy_points,Highest starter fantasy points in a gameweek.,,,,,,,,,,1.0,3.0,2.0,,,,,,,,,,,,,,,,,,,,,,,,
weekly,11.0,Highest Score,6,116s0o6ume0s7s58,Up the Arse-nal,92.5,starter_fantasy_points,Highest starter fantasy points in a gameweek.,,,,,,,,,,1.0,2.0,2.0,,,,,,,,,,,,,,,,,,,,,,,,
weekly,11.0,Highest Score,7,zxivny5tme3hojrx,Count Doku,91.5,starter_fantasy_points,Highest starter fantasy points in a gameweek.,,,,,,,,,,2.0,1.0,2.0,,,,,,,,,,,,,,,,,,,,,,,,
weekly,11.0,Highest Score,8,qocqs3wjme34472y,KindComet,81.0,starter_fantasy_points,Highest starter fantasy points in a gameweek.,,,,,,,,,,0.0,0.0,4.0,,,,,,,,,,,,,,,,,,,,,,,,
weekly,11.0,Highest Score,9,eaz9h4hfme2wdh8p,epatel3,81.0,starter_fantasy_points,Highest starter fantasy points in a gameweek.,,,,,,,,,,1.0,0.0,5.0,,,,,,,,,,,,,,,,,,,,,,,,
weekly,11.0,Highest Score,10,ss2dromsme3cbmga,Berkshire’s Club,71.5,starter_fantasy_points,Highest starter fantasy points in a gameweek.,,,,,,,,,,1.0,0.0,1.0,,,,,,,,,,,,,,,,,,,,,,,,
weekly,11.0,Highest Score,11,avv7b4d5me2tlsrt,wmuck1,40.0,starter_fantasy_points,Highest starter fantasy points in a gameweek.,,,,,,,,,,0.0,0.0,3.0,,,,,,,,,,,,,,,,,,,,,,,,
weekly,11.0,Highest Score,12,fm7cv4p0me3j48nk,The Facerockers,30.5,starter_fantasy_points,Highest starter fantasy points in a gameweek.,,,,,,,,,,0.0,0.0,2.0,,,,,,,,,,,,,,,,,,,,,,,,
weekly,12.0,Highest Score,1,eaz9h4hfme2wdh8p,epatel3,170.5,starter_fantasy_points,Highest starter fantasy points in a gameweek.,,,,,,,,,,5.0,1.0,6.0,,,,,,,,,,,,,,,,,,,,,,,,
weekly,12.0,Highest Score,2,ih2b4z8ome1job2n,nhauptma,126.0,starter_fantasy_points,Highest starter fantasy points in a gameweek.,,,,,,,,,,2.0,2.0,3.0,,,,,,,,,,,,,,,,,,,,,,,,
weekly,12.0,Highest Score,3,qocqs3wjme34472y,KindComet,118.5,starter_fantasy_points,Highest starter fantasy points in a gameweek.,,,,,,,,,,4.0,0.0,2.0,,,,,,,,,,,,,,,,,,,,,,,,
weekly,12.0,Highest Score,4,xnt9wpm9me0us0r4,yudesh,117.0,starter_fantasy_points,Highest starter fantasy points in a gameweek.,,,,,,,,,,0.0,4.0,5.0,,,,,,,,,,,,,,,,,,,,,,,,
weekly,12.0,Highest Score,5,ss2dromsme3cbmga,Berkshire’s Club,113.0,starter_fantasy_points,Highest starter fantasy points in a gameweek.,,,,,,,,,,1.0,2.0,3.0,,,,,,,,,,,,,,,,,,,,,,,,
weekly,12.0,Highest Score,6,0t8m7z91mdhjhvye,SUNNYD,96.5,starter_fantasy_points,Highest starter fantasy points in a gameweek.,,,,,,,,,,0.0,2.0,1.0,,,,,,,,,,,,,,,,,,,,,,,,
weekly,12.0,Highest Score,7,zf53q9hdme32qmoe,Robertske,83.5,starter_fantasy_points,Highest starter fantasy points in a gameweek.,,,,,,,,,,1.0,2.0,0.0,,,,,,,,,,,,,,,,,,,,,,,,
weekly,12.0,Highest Score,8,zxivny5tme3hojrx,Count Doku,80.0,starter_fantasy_points,Highest starter fantasy points in a gameweek.,,,,,,,,,,1.0,2.0,3.0,,,,,,,,,,,,,,,,,,,,,,,,
weekly,12.0,Highest Score,9,116s0o6ume0s7s58,Up the Arse-nal,79.0,starter_fantasy_points,Highest starter fantasy points in a gameweek.,,,,,,,,,,0.0,3.0,0.0,,,,,,,,,,,,,,,,,,,,,,,,
weekly,12.0,Highest Score,10,ne94j2bxme0vsmkq,Pot Splashers,77.0,starter_fantasy_points,Highest starter fantasy points in a gameweek.,,,,,,,,,,0.0,0.0,4.0,,,,,,,,,,,,,,,,,,,,,,,,
weekly,12.0,Highest Score,11,fm7cv4p0me3j48nk,The Facerockers,60.5,starter_fantasy_points,Highest starter fantasy points in a gameweek.,,,,,,,,,,0.0,0.0,3.0,,,,,,,,,,,,,,,,,,,,,,,,
weekly,12.0,Highest Score,12,avv7b4d5me2tlsrt,wmuck1,56.5,starter_fantasy_points,Highest starter fantasy points in a gameweek.,,,,,,,,,,0.0,1.0,2.0,,,,,,,,,,,,,,,,,,,,,,,,
weekly,13.0,Highest Score,1,xnt9wpm9me0us0r4,yudesh,152.5,starter_fantasy_points,Highest starter fantasy points in a gameweek.,,,,,,,,,,3.0,2.0,0.0,,,,,,,,,,,,,,,,,,,,,,,,
weekly,13.0,Highest Score,2,116s0o6ume0s7s58,Up the Arse-nal,147.5,starter_fantasy_points,Highest starter fantasy points in a gameweek.,,,,,,,,,,0.0,4.0,1.0,,,,,,,,,,,,,,,,,,,,,,,,
weekly,13.0,Highest Score,3,zxivny5tme3hojrx,Count Doku,113.5,starter_fantasy_points,Highest starter fantasy points in a gameweek.,,,,,,,,,,2.0,2.0,0.0,,,,,,,,,,,,,,,,,,,,,,,,
weekly,13.0,Highest Score,4,0t8m7z91mdhjhvye,SUNNYD,96.0,starter_fantasy_points,Highest starter fantasy points in a gameweek.,,,,,,,,,,1.0,2.0,2.0,,,,,,,,,,,,,,,,,,,,,,,,
weekly,13.0,Highest Score,5,ne94j2bxme0vsmkq,Pot Splashers,95.5,starter_fantasy_points,Highest starter fantasy points in a gameweek.,,,,,,,,,,2.0,2.0,2.0,,,,,,,,,,,,,,,,,,,,,,,,
weekly,13.0,Highest Score,6,fm7cv4p0me3j48nk,The Facerockers,93.5,starter_fantasy_points,Highest starter fantasy points in a gameweek.,,,,,,,,,,1.0,1.0,5.0,,,,,,,,,,,,,,,,,,,,,,,,
weekly,13.0,Highest Score,7,ih2b4z8ome1job2n,nhauptma,87.5,starter_fantasy_points,Highest starter fantasy points in a gameweek.,,,,,,,,,,1.0,1.0,2.0,,,,,,,,,,,,,,,,,,,,,,,,
weekly,13.0,Highest Score,8,qocqs3wjme34472y,KindComet,83.0,starter_fantasy_points,Highest starter fantasy points in a gameweek.,,,,,,,,,,4.0,0.0,1.0,,,,,,,,,,,,,,,,,,,,,,,,
weekly,13.0,Highest Score,9,zf53q9hdme32qmoe,Robertske,72.0,starter_fantasy_points,Highest starter fantasy points in a gameweek.,,,,,,,,,,2.0,2.0,0.0,,,,,,,,,,,,,,,,,,,,,,,,
weekly,13.0,Highest Score,10,ss2dromsme3cbmga,Berkshire’s Club,71.5,starter_fantasy_points,Highest starter fantasy points in a gameweek.,,,,,,,,,,0.0,1.0,2.0,,,,,,,,,,,,,,,,,,,,,,,,
weekly,13.0,Highest Score,11,avv7b4d5me2tlsrt,wmuck1,68.0,starter_fantasy_points,Highest starter fantasy points in a gameweek.,,,,,,,,,,0.0,0.0,2.0,,,,,,,,,,,,,,,,,,,,,,,,
weekly,13.0,Highest Score,12,eaz9h4hfme2wdh8p,epatel3,66.0,starter_fantasy_points,Highest starter fantasy points in a gameweek.,,,,,,,,,,1.0,0.0,1.0,,,,,,,,,,,,,,,,,,,,,,,,
weekly,14.0,Highest Score,1,ih2b4z8ome1job2n,nhauptma,135.0,starter_fantasy_points,Highest starter fantasy points in a gameweek.,,,,,,,,,,2.0,0.0,5.0,,,,,,,,,,,,,,,,,,,,,,,,
weekly,14.0,Highest Score,2,fm7cv4p0me3j48nk,The Facerockers,119.5,starter_fantasy_points,Highest starter fantasy points in a gameweek.,,,,,,,,,,2.0,2.0,2.0,,,,,,,,,,,,,,,,,,,,,,,,
weekly,14.0,Highest Score,3,zxivny5tme3hojrx,Count Doku,116.0,starter_fantasy_points,Highest starter fantasy points in a gameweek.,,,,,,,,,,0.0,5.0,4.0,,,,,,,,,,,,,,,,,,,,,,,,
weekly,14.0,Highest Score,4,ss2dromsme3cbmga,Berkshire’s Club,113.5,starter_fantasy_points,Highest starter fantasy points in a gameweek.,,,,,,,,,,0.0,3.0,2.0,,,,,,,,,,,,,,,,,,,,,,,,
weekly,14.0,Highest Score,5,qocqs3wjme34472y,KindComet,107.5,starter_fantasy_points,Highest starter fantasy points in a gameweek.,,,,,,,,,,2.0,1.0,2.0,,,,,,,,,,,,,,,,,,,,,,,,
weekly,14.0,Highest Score,6,0t8m7z91mdhjhvye,SUNNYD,96.0,starter_fantasy_points,Highest starter fantasy points in a gameweek.,,,,,,,,,,1.0,2.0,6.0,,,,,,,,,,,,,,,,,,,,,,,,
weekly,14.0,Highest Score,7,eaz9h4hfme2wdh8p,epatel3,96.0,starter_fantasy_points,Highest starter fantasy points in a gameweek.,,,,,,,,,,0.0,2.0,5.0,,,,,,,,,,,,,,,,,,,,,,,,
weekly,14.0,Highest Score,8,xnt9wpm9me0us0r4,yudesh,89.5,starter_fantasy_points,Highest starter fantasy points in a gameweek.,,,,,,,,,,0.0,2.0,3.0,,,,,,,,,,,,,,,,,,,,,,,,
weekly,14.0,Highest Score,9,zf53q9hdme32qmoe,Robertske,77.5,starter_fantasy_points,Highest starter fantasy points in a gameweek.,,,,,,,,,,3.0,2.0,0.0,,,,,,,,,,,,,,,,,,,,,,,,
weekly,14.0,Highest Score,10,116s0o6ume0s7s58,Up the Arse-nal,68.5,starter_fantasy_points,Highest starter fantasy points in a gameweek.,,,,,,,,,,1.0,0.0,1.0,,,,,,,,,,,,,,,,,,,,,,,,
weekly,14.0,Highest Score,11,avv7b4d5me2tlsrt,wmuck1,56.5,starter_fantasy_points,Highest starter fantasy points in a gameweek.,,,,,,,,,,0.0,1.0,0.0,,,,,,,,,,,,,,,,,,,,,,,,
weekly,14.0,Highest Score,12,ne94j2bxme0vsmkq,Pot Splashers,37.0,starter_fantasy_points,Highest starter fantasy points in a gameweek.,,,,,,,,,,1.0,0.0,1.0,,,,,,,,,,,,,,,,,,,,,,,,
weekly,15.0,Highest Score,1,ss2dromsme3cbmga,Berkshire’s Club,158.0,starter_fantasy_points,Highest starter fantasy points in a gameweek.,,,,,,,,,,3.0,3.0,4.0,,,,,,,,,,,,,,,,,,,,,,,,
weekly,15.0,Highest Score,2,zxivny5tme3hojrx,Count Doku,123.5,starter_fantasy_points,Highest starter fantasy points in a gameweek.,,,,,,,,,,1.0,2.0,5.0,,,,,,,,,,,,,,,,,,,,,,,,
weekly,15.0,Highest Score,3,ih2b4z8ome1job2n,nhauptma,123.5,starter_fantasy_points,Highest starter fantasy points in a gameweek.,,,,,,,,,,2.0,1.0,4.0,,,,,,,,,,,,,,,,,,,,,,,,
weekly,15.0,Highest Score,4,xnt9wpm9me0us0r4,yudesh,123.5,starter_fantasy_points,Highest starter fantasy points in a gameweek.,,,,,,,,,,1.0,2.0,4.0,,,,,,,,,,,,,,,,,,,,,,,,
weekly,15.0,Highest Score,5,zf53q9hdme32qmoe,Robertske,120.5,starter_fantasy_points,Highest starter fantasy points in a gameweek.,,,,,,,,,,3.0,3.0,5.0,,,,,,,,,,,,,,,,,,,,,,,,
weekly,15.0,Highest Score,6,116s0o6ume0s7s58,Up the Arse-nal,117.0,starter_fantasy_points,Highest starter fantasy points in a gameweek.,,,,,,,,,,2.0,1.0,2.0,,,,,,,,,,,,,,,,,,,,,,,,
weekly,15.0,Highest Score,7,fm7cv4p0me3j48nk,The Facerockers,113.5,starter_fantasy_points,Highest starter fantasy points in a gameweek.,,,,,,,,,,2.0,2.0,2.0,,,,,,,,,,,,,,,,,,,,,,,,
weekly,15.0,Highest Score,8,ne94j2bxme0vsmkq,Pot Splashers,106.0,starter_fantasy_points,Highest starter fantasy points in a gameweek.,,,,,,,,,,1.0,0.0,6.0,,,,,,,,,,,,,,,,,,,,,,,,
weekly,15.0,Highest Score,9,0t8m7z91mdhjhvye,SUNNYD,101.5,starter_fantasy_points,Highest starter fantasy points in a gameweek.,,,,,,,,,,0.0,2.0,3.0,,,,,,,,,,,,,,,,,,,,,,,,
weekly,15.0,Highest Score,10,eaz9h4hfme2wdh8p,epatel3,92.0,starter_fantasy_points,Highest starter fantasy points in a gameweek.,,,,,,,,,,2.0,1.0,2.0,,,,,,,,,,,,,,,,,,,,,,,,
weekly,15.0,Highest Score,11,avv7b4d5me2tlsrt,wmuck1,85.5,starter_fantasy_points,Highest starter fantasy points in a gameweek.,,,,,,,,,,3.0,0.0,2.0,,,,,,,,,,,,,,,,,,,,,,,,
weekly,15.0,Highest Score,12,qocqs3wjme34472y,KindComet,79.0,starter_fantasy_points,Highest starter fantasy points in a gameweek.,,,,,,,,,,0.0,0.0,3.0,,,,,,,,,,,,,,,,,,,,,,,,
weekly,16.0,Highest Score,1,0t8m7z91mdhjhvye,SUNNYD,171.5,starter_fantasy_points,Highest starter fantasy points in a gameweek.,,,,,,,,,,3.0,4.0,6.0,,,,,,,,,,,,,,,,,,,,,,,,
weekly,16.0,Highest Score,2,qocqs3wjme34472y,KindComet,155.0,starter_fantasy_points,Highest starter fantasy points in a gameweek.,,,,,,,,,,3.0,2.0,3.0,,,,,,,,,,,,,,,,,,,,,,,,
weekly,16.0,Highest Score,3,fm7cv4p0me3j48nk,The Facerockers,129.5,starter_fantasy_points,Highest starter fantasy points in a gameweek.,,,,,,,,,,1.0,4.0,3.0,,,,,,,,,,,,,,,,,,,,,,,,
weekly,16.0,Highest Score,4,116s0o6ume0s7s58,Up the Arse-nal,128.5,starter_fantasy_points,Highest starter fantasy points in a gameweek.,,,,,,,,,,1.0,2.0,4.0,,,,,,,,,,,,,,,,,,,,,,,,
weekly,16.0,Highest Score,5,ss2dromsme3cbmga,Berkshire’s Club,116.0,starter_fantasy_points,Highest starter fantasy points in a gameweek.,,,,,,,,,,2.0,1.0,1.0,,,,,,,,,,,,,,,,,,,,,,,,
weekly,16.0,Highest Score,6,zf53q9hdme32qmoe,Robertske,108.5,starter_fantasy_points,Highest starter fantasy points in a gameweek.,,,,,,,,,,3.0,2.0,5.0,,,,,,,,,,,,,,,,,,,,,,,,
weekly,16.0,Highest Score,7,ne94j2bxme0vsmkq,Pot Splashers,78.0,starter_fantasy_points,Highest starter fantasy points in a gameweek.,,,,,,,,,,1.0,0.0,3.0,,,,,,,,,,,,,,,,,,,,,,,,
weekly,16.0,Highest Score,8,zxivny5tme3hojrx,Count Doku,77.0,starter_fantasy_points,Highest starter fantasy points in a gameweek.,,,,,,,,,,0.0,0.0,2.0,,,,,,,,,,,,,,,,,,,,,,,,
weekly,16.0,Highest Score,9,avv7b4d5me2tlsrt,wmuck1,75.5,starter_fantasy_points,Highest starter fantasy points in a gameweek.,,,,,,,,,,2.0,1.0,3.0,,,,,,,,,,,,,,,,,,,,,,,,
weekly,16.0,Highest Score,10,ih2b4z8ome1job2n,nhauptma,62.0,starter_fantasy_points,Highest starter fantasy points in a gameweek.,,,,,,,,,,0.0,1.0,3.0,,,,,,,,,,,,,,,,,,,,,,,,
weekly,16.0,Highest Score,11,xnt9wpm9me0us0r4,yudesh,60.0,starter_fantasy_points,Highest starter fantasy points in a gameweek.,,,,,,,,,,1.0,0.0,2.0,,,,,,,,,,,,,,,,,,,,,,,,
weekly,16.0,Highest Score,12,eaz9h4hfme2wdh8p,epatel3,37.0,starter_fantasy_points,Highest starter fantasy points in a gameweek.,,,,,,,,,,0.0,0.0,1.0,,,,,,,,,,,,,,,,,,,,,,,,
weekly,17.0,Highest Score,1,0t8m7z91mdhjhvye,SUNNYD,135.0,starter_fantasy_points,Highest starter fantasy points in a gameweek.,,,,,,,,,,3.0,0.0,6.0,,,,,,,,,,,,,,,,,,,,,,,,
weekly,17.0,Highest Score,2,xnt9wpm9me0us0r4,yudesh,133.0,starter_fantasy_points,Highest starter fantasy points in a gameweek.,,,,,,,,,,2.0,2.0,2.0,,,,,,,,,,,,,,,,,,,,,,,,
weekly,17.0,Highest Score,3,116s0o6ume0s7s58,Up the Arse-nal,131.5,starter_fantasy_points,Highest starter fantasy points in a gameweek.,,,,,,,,,,1.0,2.0,5.0,,,,,,,,,,,,,,,,,,,,,,,,
weekly,17.0,Highest Score,4,ss2dromsme3cbmga,Berkshire’s Club,123.5,starter_fantasy_points,Highest starter fantasy points in a gameweek.,,,,,,,,,,2.0,0.0,3.0,,,,,,,,,,,,,,,,,,,,,,,,
weekly,17.0,Highest Score,5,fm7cv4p0me3j48nk,The Facerockers,122.5,starter_fantasy_points,Highest starter fantasy points in a gameweek.,,,,,,,,,,2.0,1.0,5.0,,,,,,,,,,,,,,,,,,,,,,,,
weekly,17.0,Highest Score,6,qocqs3wjme34472y,KindComet,109.5,starter_fantasy_points,Highest starter fantasy points in a gameweek.,,,,,,,,,,3.0,1.0,4.0,,,,,,,,,,,,,,,,,,,,,,,,
weekly,17.0,Highest Score,7,zf53q9hdme32qmoe,Robertske,99.5,starter_fantasy_points,Highest starter fantasy points in a gameweek.,,,,,,,,,,2.0,1.0,7.0,,,,,,,,,,,,,,,,,,,,,,,,
weekly,17.0,Highest Score,8,ne94j2bxme0vsmkq,Pot Splashers,91.0,starter_fantasy_points,Highest starter fantasy points in a gameweek.,,,,,,,,,,0.0,5.0,0.0,,,,,,,,,,,,,,,,,,,,,,,,
weekly,17.0,Highest Score,9,ih2b4z8ome1job2n,nhauptma,71.5,starter_fantasy_points,Highest starter fantasy points in a gameweek.,,,,,,,,,,1.0,0.0,5.0,,,,,,,,,,,,,,,,,,,,,,,,
weekly,17.0,Highest Score,10,eaz9h4hfme2wdh8p,epatel3,69.0,starter_fantasy_points,Highest starter fantasy points in a gameweek.,,,,,,,,,,1.0,0.0,2.0,,,,,,,,,,,,,,,,,,,,,,,,
weekly,17.0,Highest Score,11,zxivny5tme3hojrx,Count Doku,67.5,starter_fantasy_points,Highest starter fantasy points in a gameweek.,,,,,,,,,,1.0,0.0,3.0,,,,,,,,,,,,,,,,,,,,,,,,
weekly,17.0,Highest Score,12,avv7b4d5me2tlsrt,wmuck1,46.5,starter_fantasy_points,Highest starter fantasy points in a gameweek.,,,,,,,,,,2.0,0.0,0.0,,,,,,,,,,,,,,,,,,,,,,,,
weekly,18.0,Highest Score,1,xnt9wpm9me0us0r4,yudesh,160.0,starter_fantasy_points,Highest starter fantasy points in a gameweek.,,,,,,,,,,2.0,0.0,4.0,,,,,,,,,,,,,,,,,,,,,,,,
weekly,18.0,Highest Score,2,0t8m7z91mdhjhvye,SUNNYD,151.0,starter_fantasy_points,Highest starter fantasy points in a gameweek.,,,,,,,,,,3.0,1.0,3.0,,,,,,,,,,,,,,,,,,,,,,,,
weekly,18.0,Highest Score,3,ss2dromsme3cbmga,Berkshire’s Club,129.0,starter_fantasy_points,Highest starter fantasy points in a gameweek.,,,,,,,,,,2.0,1.0,4.0,,,,,,,,,,,,,,,,,,,,,,,,
weekly,18.0,Highest Score,4,zxivny5tme3hojrx,Count Doku,122.5,starter_fantasy_points,Highest starter fantasy points in a gameweek.,,,,,,,,,,1.0,2.0,2.0,,,,,,,,,,,,,,,,,,,,,,,,
weekly,18.0,Highest Score,5,fm7cv4p0me3j48nk,The Facerockers,119.5,starter_fantasy_points,Highest starter fantasy points in a gameweek.,,,,,,,,,,4.0,1.0,1.0,,,,,,,,,,,,,,,,,,,,,,,,
weekly,18.0,Highest Score,6,116s0o6ume0s7s58,Up the Arse-nal,109.0,starter_fantasy_points,Highest starter fantasy points in a gameweek.,,,,,,,,,,0.0,3.0,1.0,,,,,,,,,,,,,,,,,,,,,,,,
weekly,18.0,Highest Score,7,eaz9h4hfme2wdh8p,epatel3,90.0,starter_fantasy_points,Highest starter fantasy points in a gameweek.,,,,,,,,,,1.0,0.0,3.0,,,,,,,,,,,,,,,,,,,,,,,,
weekly,18.0,Highest Score,8,qocqs3wjme34472y,KindComet,88.5,starter_fantasy_points,Highest starter fantasy points in a gameweek.,,,,,,,,,,1.0,2.0,0.0,,,,,,,,,,,,,,,,,,,,,,,,
weekly,18.0,Highest Score,9,zf53q9hdme32qmoe,Robertske,88.0,starter_fantasy_points,Highest starter fantasy points in a gameweek.,,,,,,,,,,1.0,1.0,1.0,,,,,,,,,,,,,,,,,,,,,,,,
weekly,18.0,Highest Score,10,avv7b4d5me2tlsrt,wmuck1,73.5,starter_fantasy_points,Highest starter fantasy points in a gameweek.,,,,,,,,,,0.0,1.0,2.0,,,,,,,,,,,,,,,,,,,,,,,,
weekly,18.0,Highest Score,11,ih2b4z8ome1job2n,nhauptma,68.5,starter_fantasy_points,Highest starter fantasy points in a gameweek.,,,,,,,,,,0.0,0.0,2.0,,,,,,,,,,,,,,,,,,,,,,,,
weekly,18.0,Highest Score,12,ne94j2bxme0vsmkq,Pot Splashers,67.0,starter_fantasy_points,Highest starter fantasy points in a gameweek.,,,,,,,,,,0.0,0.0,1.0,,,,,,,,,,,,,,,,,,,,,,,,
weekly,19.0,Highest Score,1,ss2dromsme3cbmga,Berkshire’s Club,157.5,starter_fantasy_points,Highest starter fantasy points in a gameweek.,,,,,,,,,,2.0,2.0,6.0,,,,,,,,,,,,,,,,,,,,,,,,
weekly,19.0,Highest Score,2,eaz9h4hfme2wdh8p,epatel3,125.0,starter_fantasy_points,Highest starter fantasy points in a gameweek.,,,,,,,,,,3.0,0.0,3.0,,,,,,,,,,,,,,,,,,,,,,,,
weekly,19.0,Highest Score,3,116s0o6ume0s7s58,Up the Arse-nal,116.5,starter_fantasy_points,Highest starter fantasy points in a gameweek.,,,,,,,,,,2.0,2.0,4.0,,,,,,,,,,,,,,,,,,,,,,,,
weekly,19.0,Highest Score,4,zxivny5tme3hojrx,Count Doku,112.5,starter_fantasy_points,Highest starter fantasy points in a gameweek.,,,,,,,,,,0.0,1.0,5.0,,,,,,,,,,,,,,,,,,,,,,,,
weekly,19.0,Highest Score,5,0t8m7z91mdhjhvye,SUNNYD,111.0,starter_fantasy_points,Highest starter fantasy points in a gameweek.,,,,,,,,,,0.0,1.0,7.0,,,,,,,,,,,,,,,,,,,,,,,,
weekly,19.0,Highest Score,6,ih2b4z8ome1job2n,nhauptma,109.5,starter_fantasy_points,Highest starter fantasy points in a gameweek.,,,,,,,,,,1.0,2.0,4.0,,,,,,,,,,,,,,,,,,,,,,,,
weekly,19.0,Highest Score,7,qocqs3wjme34472y,KindComet,99.0,starter_fantasy_points,Highest starter fantasy points in a gameweek.,,,,,,,,,,1.0,0.0,3.0,,,,,,,,,,,,,,,,,,,,,,,,
weekly,19.0,Highest Score,8,zf53q9hdme32qmoe,Robertske,96.0,starter_fantasy_points,Highest starter fantasy points in a gameweek.,,,,,,,,,,1.0,1.0,3.0,,,,,,,,,,,,,,,,,,,,,,,,
weekly,19.0,Highest Score,9,xnt9wpm9me0us0r4,yudesh,95.5,starter_fantasy_points,Highest starter fantasy points in a gameweek.,,,,,,,,,,1.0,0.0,1.0,,,,,,,,,,,,,,,,,,,,,,,,
weekly,19.0,Highest Score,10,ne94j2bxme0vsmkq,Pot Splashers,94.0,starter_fantasy_points,Highest starter fantasy points in a gameweek.,,,,,,,,,,1.0,2.0,1.0,,,,,,,,,,,,,,,,,,,,,,,,
weekly,19.0,Highest Score,11,fm7cv4p0me3j48nk,The Facerockers,91.0,starter_fantasy_points,Highest starter fantasy points in a gameweek.,,,,,,,,,,0.0,1.0,5.0,,,,,,,,,,,,,,,,,,,,,,,,
weekly,19.0,Highest Score,12,avv7b4d5me2tlsrt,wmuck1,80.0,starter_fantasy_points,Highest starter fantasy points in a gameweek.,,,,,,,,,,1.0,1.0,2.0,,,,,,,,,,,,,,,,,,,,,,,,
weekly,20.0,Highest Score,1,qocqs3wjme34472y,KindComet,165.0,starter_fantasy_points,Highest starter fantasy points in a gameweek.,,,,,,,,,,6.0,2.0,3.0,,,,,,,,,,,,,,,,,,,,,,,,
weekly,20.0,Highest Score,2,0t8m7z91mdhjhvye,SUNNYD,120.5,starter_fantasy_points,Highest starter fantasy points in a gameweek.,,,,,,,,,,1.0,1.0,2.0,,,,,,,,,,,,,,,,,,,,,,,,
weekly,20.0,Highest Score,3,ih2b4z8ome1job2n,nhauptma,111.5,starter_fantasy_points,Highest starter fantasy points in a gameweek.,,,,,,,,,,1.0,1.0,2.0,,,,,,,,,,,,,,,,,,,,,,,,
weekly,20.0,Highest Score,4,xnt9wpm9me0us0r4,yudesh,102.5,starter_fantasy_points,Highest starter fantasy points in a gameweek.,,,,,,,,,,2.0,1.0,4.0,,,,,,,,,,,,,,,,,,,,,,,,
weekly,20.0,Highest Score,5,ss2dromsme3cbmga,Berkshire’s Club,92.0,starter_fantasy_points,Highest starter fantasy points in a gameweek.,,,,,,,,,,1.0,2.0,1.0,,,,,,,,,,,,,,,,,,,,,,,,
weekly,20.0,Highest Score,6,ne94j2bxme0vsmkq,Pot Splashers,86.5,starter_fantasy_points,Highest starter fantasy points in a gameweek.,,,,,,,,,,1.0,2.0,1.0,,,,,,,,,,,,,,,,,,,,,,,,
weekly,20.0,Highest Score,7,116s0o6ume0s7s58,Up the Arse-nal,77.0,starter_fantasy_points,Highest starter fantasy points in a gameweek.,,,,,,,,,,1.0,1.0,1.0,,,,,,,,,,,,,,,,,,,,,,,,
weekly,20.0,Highest Score,8,zxivny5tme3hojrx,Count Doku,76.5,starter_fantasy_points,Highest starter fantasy points in a gameweek.,,,,,,,,,,1.0,2.0,1.0,,,,,,,,,,,,,,,,,,,,,,,,
weekly,20.0,Highest Score,9,eaz9h4hfme2wdh8p,epatel3,73.0,starter_fantasy_points,Highest starter fantasy points in a gameweek.,,,,,,,,,,1.0,0.0,1.0,,,,,,,,,,,,,,,,,,,,,,,,
weekly,20.0,Highest Score,10,fm7cv4p0me3j48nk,The Facerockers,63.5,starter_fantasy_points,Highest starter fantasy points in a gameweek.,,,,,,,,,,2.0,1.0,0.0,,,,,,,,,,,,,,,,,,,,,,,,
weekly,20.0,Highest Score,11,zf53q9hdme32qmoe,Robertske,55.0,starter_fantasy_points,Highest starter fantasy points in a gameweek.,,,,,,,,,,0.0,0.0,1.0,,,,,,,,,,,,,,,,,,,,,,,,
weekly,20.0,Highest Score,12,avv7b4d5me2tlsrt,wmuck1,36.5,starter_fantasy_points,Highest starter fantasy points in a gameweek.,,,,,,,,,,0.0,1.0,1.0,,,,,,,,,,,,,,,,,,,,,,,,
weekly,21.0,Highest Score,1,xnt9wpm9me0us0r4,yudesh,165.0,starter_fantasy_points,Highest starter fantasy points in a gameweek.,,,,,,,,,,2.0,5.0,1.0,,,,,,,,,,,,,,,,,,,,,,,,
weekly,21.0,Highest Score,2,116s0o6ume0s7s58,Up the Arse-nal,163.0,starter_fantasy_points,Highest starter fantasy points in a gameweek.,,,,,,,,,,2.0,3.0,5.0,,,,,,,,,,,,,,,,,,,,,,,,
weekly,21.0,Highest Score,3,zxivny5tme3hojrx,Count Doku,116.5,starter_fantasy_points,Highest starter fantasy points in a gameweek.,,,,,,,,,,2.0,2.0,3.0,,,,,,,,,,,,,,,,,,,,,,,,
weekly,21.0,Highest Score,4,fm7cv4p0me3j48nk,The Facerockers,109.0,starter_fantasy_points,Highest starter fantasy points in a gameweek.,,,,,,,,,,2.0,3.0,4.0,,,,,,,,,,,,,,,,,,,,,,,,
weekly,21.0,Highest Score,5,qocqs3wjme34472y,KindComet,107.5,starter_fantasy_points,Highest starter fantasy points in a gameweek.,,,,,,,,,,3.0,1.0,3.0,,,,,,,,,,,,,,,,,,,,,,,,
weekly,21.0,Highest Score,6,ih2b4z8ome1job2n,nhauptma,104.5,starter_fantasy_points,Highest starter fantasy points in a gameweek.,,,,,,,,,,2.0,0.0,3.0,,,,,,,,,,,,,,,,,,,,,,,,
weekly,21.0,Highest Score,7,ss2dromsme3cbmga,Berkshire’s Club,99.0,starter_fantasy_points,Highest starter fantasy points in a gameweek.,,,,,,,,,,2.0,0.0,3.0,,,,,,,,,,,,,,,,,,,,,,,,
weekly,21.0,Highest Score,8,eaz9h4hfme2wdh8p,epatel3,93.0,starter_fantasy_points,Highest starter fantasy points in a gameweek.,,,,,,,,,,0.0,0.0,5.0,,,,,,,,,,,,,,,,,,,,,,,,
weekly,21.0,Highest Score,9,ne94j2bxme0vsmkq,Pot Splashers,84.5,starter_fantasy_points,Highest starter fantasy points in a gameweek.,,,,,,,,,,1.0,0.0,2.0,,,,,,,,,,,,,,,,,,,,,,,,
weekly,21.0,Highest Score,10,zf53q9hdme32qmoe,Robertske,80.5,starter_fantasy_points,Highest starter fantasy points in a gameweek.,,,,,,,,,,1.0,0.0,1.0,,,,,,,,,,,,,,,,,,,,,,,,
weekly,21.0,Highest Score,11,0t8m7z91mdhjhvye,SUNNYD,61.0,starter_fantasy_points,Highest starter fantasy points in a gameweek.,,,,,,,,,,0.0,1.0,3.0,,,,,,,,,,,,,,,,,,,,,,,,
weekly,21.0,Highest Score,12,avv7b4d5me2tlsrt,wmuck1,60.5,starter_fantasy_points,Highest starter fantasy points in a gameweek.,,,,,,,,,,1.0,1.0,1.0,,,,,,,,,,,,,,,,,,,,,,,,
weekly,22.0,Highest Score,1,xnt9wpm9me0us0r4,yudesh,133.0,starter_fantasy_points,Highest starter fantasy points in a gameweek.,,,,,,,,,,2.0,0.0,6.0,,,,,,,,,,,,,,,,,,,,,,,,
weekly,22.0,Highest Score,2,ne94j2bxme0vsmkq,Pot Splashers,129.0,starter_fantasy_points,Highest starter fantasy points in a gameweek.,,,,,,,,,,2.0,0.0,7.0,,,,,,,,,,,,,,,,,,,,,,,,
weekly,22.0,Highest Score,3,0t8m7z91mdhjhvye,SUNNYD,127.0,starter_fantasy_points,Highest starter fantasy points in a gameweek.,,,,,,,,,,0.0,3.0,1.0,,,,,,,,,,,,,,,,,,,,,,,,
weekly,22.0,Highest Score,4,ih2b4z8ome1job2n,nhauptma,126.0,starter_fantasy_points,Highest starter fantasy points in a gameweek.,,,,,,,,,,1.0,1.0,6.0,,,,,,,,,,,,,,,,,,,,,,,,
weekly,22.0,Highest Score,5,qocqs3wjme34472y,KindComet,116.5,starter_fantasy_points,Highest starter fantasy points in a gameweek.,,,,,,,,,,1.0,1.0,4.0,,,,,,,,,,,,,,,,,,,,,,,,
weekly,22.0,Highest Score,6,eaz9h4hfme2wdh8p,epatel3,114.0,starter_fantasy_points,Highest starter fantasy points in a gameweek.,,,,,,,,,,2.0,0.0,7.0,,,,,,,,,,,,,,,,,,,,,,,,
weekly,22.0,Highest Score,7,116s0o6ume0s7s58,Up the Arse-nal,87.5,starter_fantasy_points,Highest starter fantasy points in a gameweek.,,,,,,,,,,0.0,1.0,6.0,,,,,,,,,,,,,,,,,,,,,,,,
weekly,22.0,Highest Score,8,fm7cv4p0me3j48nk,The Facerockers,80.0,starter_fantasy_points,Highest starter fantasy points in a gameweek.,,,,,,,,,,0.0,0.0,4.0,,,,,,,,,,,,,,,,,,,,,,,,
weekly,22.0,Highest Score,9,zxivny5tme3hojrx,Count Doku,77.0,starter_fantasy_points,Highest starter fantasy points in a gameweek.,,,,,,,,,,1.0,0.0,4.0,,,,,,,,,,,,,,,,,,,,,,,,
weekly,22.0,Highest Score,10,avv7b4d5me2tlsrt,wmuck1,76.0,starter_fantasy_points,Highest starter fantasy points in a gameweek.,,,,,,,,,,0.0,1.0,5.0,,,,,,,,,,,,,,,,,,,,,,,,
weekly,22.0,Highest Score,11,ss2dromsme3cbmga,Berkshire’s Club,66.5,starter_fantasy_points,Highest starter fantasy points in a gameweek.,,,,,,,,,,0.0,0.0,2.0,,,,,,,,,,,,,,,,,,,,,,,,
weekly,22.0,Highest Score,12,zf53q9hdme32qmoe,Robertske,38.0,starter_fantasy_points,Highest starter fantasy points in a gameweek.,,,,,,,,,,0.0,0.0,2.0,,,,,,,,,,,,,,,,,,,,,,,,
weekly,23.0,Highest Score,1,ss2dromsme3cbmga,Berkshire’s Club,152.0,starter_fantasy_points,Highest starter fantasy points in a gameweek.,,,,,,,,,,3.0,3.0,4.0,,,,,,,,,,,,,,,,,,,,,,,,
weekly,23.0,Highest Score,2,eaz9h4hfme2wdh8p,epatel3,118.5,starter_fantasy_points,Highest starter fantasy points in a gameweek.,,,,,,,,,,2.0,1.0,2.0,,,,,,,,,,,,,,,,,,,,,,,,
weekly,23.0,Highest Score,3,xnt9wpm9me0us0r4,yudesh,118.5,starter_fantasy_points,Highest starter fantasy points in a gameweek.,,,,,,,,,,2.0,1.0,1.0,,,,,,,,,,,,,,,,,,,,,,,,
weekly,23.0,Highest Score,4,fm7cv4p0me3j48nk,The Facerockers,113.5,starter_fantasy_points,Highest starter fantasy points in a gameweek.,,,,,,,,,,4.0,0.0,2.0,,,,,,,,,,,,,,,,,,,,,,,,
weekly,23.0,Highest Score,5,0t8m7z91mdhjhvye,SUNNYD,98.0,starter_fantasy_points,Highest starter fantasy points in a gameweek.,,,,,,,,,,1.0,1.0,2.0,,,,,,,,,,,,,,,,,,,,,,,,
weekly,23.0,Highest Score,6,ih2b4z8ome1job2n,nhauptma,97.0,starter_fantasy_points,Highest starter fantasy points in a gameweek.,,,,,,,,,,1.0,1.0,1.0,,,,,,,,,,,,,,,,,,,,,,,,
weekly,23.0,Highest Score,7,avv7b4d5me2tlsrt,wmuck1,95.5,starter_fantasy_points,Highest starter fantasy points in a gameweek.,,,,,,,,,,2.0,1.0,2.0,,,,,,,,,,,,,,,,,,,,,,,,
weekly,23.0,Highest Score,8,ne94j2bxme0vsmkq,Pot Splashers,72.5,starter_fantasy_points,Highest starter fantasy points in a gameweek.,,,,,,,,,,1.0,0.0,1.0,,,,,,,,,,,,,,,,,,,,,,,,
weekly,23.0,Highest Score,9,zf53q9hdme32qmoe,Robertske,70.0,starter_fantasy_points,Highest starter fantasy points in a gameweek.,,,,,,,,,,1.0,0.0,3.0,,,,,,,,,,,,,,,,,,,,,,,,
weekly,23.0,Highest Score,10,qocqs3wjme34472y,KindComet,64.5,starter_fantasy_points,Highest starter fantasy points in a gameweek.,,,,,,,,,,1.0,1.0,3.0,,,,,,,,,,,,,,,,,,,,,,,,
weekly,23.0,Highest Score,11,zxivny5tme3hojrx,Count Doku,59.0,starter_fantasy_points,Highest starter fantasy points in a gameweek.,,,,,,,,,,0.0,1.0,2.0,,,,,,,,,,,,,,,,,,,,,,,,
weekly,23.0,Highest Score,12,116s0o6ume0s7s58,Up the Arse-nal,44.5,starter_fantasy_points,Highest starter fantasy points in a gameweek.,,,,,,,,,,0.0,1.0,2.0,,,,,,,,,,,,,,,,,,,,,,,,
weekly,24.0,Highest Score,1,eaz9h4hfme2wdh8p,epatel3,135.5,starter_fantasy_points,Highest starter fantasy points in a gameweek.,,,,,,,,,,3.0,4.0,3.0,,,,,,,,,,,,,,,,,,,,,,,,
weekly,24.0,Highest Score,2,ss2dromsme3cbmga,Berkshire’s Club,118.0,starter_fantasy_points,Highest starter fantasy points in a gameweek.,,,,,,,,,,2.0,0.0,2.0,,,,,,,,,,,,,,,,,,,,,,,,
weekly,24.0,Highest Score,3,avv7b4d5me2tlsrt,wmuck1,114.0,starter_fantasy_points,Highest starter fantasy points in a gameweek.,,,,,,,,,,2.0,2.0,4.0,,,,,,,,,,,,,,,,,,,,,,,,
weekly,24.0,Highest Score,4,ih2b4z8ome1job2n,nhauptma,110.0,starter_fantasy_points,Highest starter fantasy points in a gameweek.,,,,,,,,,,2.0,0.0,3.0,,,,,,,,,,,,,,,,,,,,,,,,
weekly,24.0,Highest Score,5,zxivny5tme3hojrx,Count Doku,106.0,starter_fantasy_points,Highest starter fantasy points in a gameweek.,,,,,,,,,,2.0,2.0,3.0,,,,,,,,,,,,,,,,,,,,,,,,
weekly,24.0,Highest Score,6,0t8m7z91mdhjhvye,SUNNYD,104.5,starter_fantasy_points,Highest starter fantasy points in a gameweek.,,,,,,,,,,2.0,1.0,2.0,,,,,,,,,,,,,,,,,,,,,,,,
weekly,24.0,Highest Score,7,xnt9wpm9me0us0r4,yudesh,104.0,starter_fantasy_points,Highest starter fantasy points in a gameweek.,,,,,,,,,,2.0,1.0,1.0,,,,,,,,,,,,,,,,,,,,,,,,
weekly,24.0,Highest Score,8,zf53q9hdme32qmoe,Robertske,103.5,starter_fantasy_points,Highest starter fantasy points in a gameweek.,,,,,,,,,,1.0,2.0,2.0,,,,,,,,,,,,,,,,,,,,,,,,
weekly,24.0,Highest Score,9,116s0o6ume0s7s58,Up the Arse-nal,102.5,starter_fantasy_points,Highest starter fantasy points in a gameweek.,,,,,,,,,,1.0,3.0,4.0,,,,,,,,,,,,,,,,,,,,,,,,
weekly,24.0,Highest Score,10,fm7cv4p0me3j48nk,The Facerockers,99.0,starter_fantasy_points,Highest starter fantasy points in a gameweek.,,,,,,,,,,2.0,0.0,2.0,,,,,,,,,,,,,,,,,,,,,,,,
weekly,24.0,Highest Score,11,ne94j2bxme0vsmkq,Pot Splashers,91.5,starter_fantasy_points,Highest starter fantasy points in a gameweek.,,,,,,,,,,2.0,0.0,1.0,,,,,,,,,,,,,,,,,,,,,,,,
weekly,24.0,Highest Score,12,qocqs3wjme34472y,KindComet,80.0,starter_fantasy_points,Highest starter fantasy points in a gameweek.,,,,,,,,,,1.0,0.0,4.0,,,,,,,,,,,,,,,,,,,,,,,,
weekly,25.0,Highest Score,1,eaz9h4hfme2wdh8p,epatel3,143.0,starter_fantasy_points,Highest starter fantasy points in a gameweek.,,,,,,,,,,2.0,3.0,5.0,,,,,,,,,,,,,,,,,,,,,,,,
weekly,25.0,Highest Score,2,ss2dromsme3cbmga,Berkshire’s Club,137.0,starter_fantasy_points,Highest starter fantasy points in a gameweek.,,,,,,,,,,1.0,3.0,5.0,,,,,,,,,,,,,,,,,,,,,,,,
weekly,25.0,Highest Score,3,qocqs3wjme34472y,KindComet,133.5,starter_fantasy_points,Highest starter fantasy points in a gameweek.,,,,,,,,,,3.0,0.0,2.0,,,,,,,,,,,,,,,,,,,,,,,,
weekly,25.0,Highest Score,4,ne94j2bxme0vsmkq,Pot Splashers,128.5,starter_fantasy_points,Highest starter fantasy points in a gameweek.,,,,,,,,,,4.0,0.0,2.0,,,,,,,,,,,,,,,,,,,,,,,,
weekly,25.0,Highest Score,5,ih2b4z8ome1job2n,nhauptma,100.5,starter_fantasy_points,Highest starter fantasy points in a gameweek.,,,,,,,,,,3.0,0.0,2.0,,,,,,,,,,,,,,,,,,,,,,,,
weekly,25.0,Highest Score,6,avv7b4d5me2tlsrt,wmuck1,100.0,starter_fantasy_points,Highest starter fantasy points in a gameweek.,,,,,,,,,,0.0,2.0,2.0,,,,,,,,,,,,,,,,,,,,,,,,
weekly,25.0,Highest Score,7,zf53q9hdme32qmoe,Robertske,98.5,starter_fantasy_points,Highest starter fantasy points in a gameweek.,,,,,,,,,,1.0,3.0,2.0,,,,,,,,,,,,,,,,,,,,,,,,
weekly,25.0,Highest Score,8,xnt9wpm9me0us0r4,yudesh,95.5,starter_fantasy_points,Highest starter fantasy points in a gameweek.,,,,,,,,,,0.0,1.0,3.0,,,,,,,,,,,,,,,,,,,,,,,,
weekly,25.0,Highest Score,9,116s0o6ume0s7s58,Up the Arse-nal,93.5,starter_fantasy_points,Highest starter fantasy points in a gameweek.,,,,,,,,,,1.0,1.0,4.0,,,,,,,,,,,,,,,,,,,,,,,,
weekly,25.0,Highest Score,10,0t8m7z91mdhjhvye,SUNNYD,71.5,starter_fantasy_points,Highest starter fantasy points in a gameweek.,,,,,,,,,,1.0,0.0,3.0,,,,,,,,,,,,,,,,,,,,,,,,
weekly,25.0,Highest Score,11,fm7cv4p0me3j48nk,The Facerockers,66.5,starter_fantasy_points,Highest starter fantasy points in a gameweek.,,,,,,,,,,1.0,1.0,1.0,,,,,,,,,,,,,,,,,,,,,,,,
weekly,25.0,Highest Score,12,zxivny5tme3hojrx,Count Doku,43.0,starter_fantasy_points,Highest starter fantasy points in a gameweek.,,,,,,,,,,0.0,0.0,2.0,,,,,,,,,,,,,,,,,,,,,,,,
weekly,26.0,Highest Score,1,ss2dromsme3cbmga,Berkshire’s Club,154.5,starter_fantasy_points,Highest starter fantasy points in a gameweek.,,,,,,,,,,3.0,4.0,4.0,,,,,,,,,,,,,,,,,,,,,,,,
weekly,26.0,Highest Score,2,ne94j2bxme0vsmkq,Pot Splashers,113.0,starter_fantasy_points,Highest starter fantasy points in a gameweek.,,,,,,,,,,3.0,2.0,1.0,,,,,,,,,,,,,,,,,,,,,,,,
weekly,26.0,Highest Score,3,0t8m7z91mdhjhvye,SUNNYD,111.5,starter_fantasy_points,Highest starter fantasy points in a gameweek.,,,,,,,,,,1.0,0.0,4.0,,,,,,,,,,,,,,,,,,,,,,,,
weekly,26.0,Highest Score,4,eaz9h4hfme2wdh8p,epatel3,110.5,starter_fantasy_points,Highest starter fantasy points in a gameweek.,,,,,,,,,,1.0,2.0,1.0,,,,,,,,,,,,,,,,,,,,,,,,
weekly,26.0,Highest Score,5,zxivny5tme3hojrx,Count Doku,107.0,starter_fantasy_points,Highest starter fantasy points in a gameweek.,,,,,,,,,,0.0,2.0,2.0,,,,,,,,,,,,,,,,,,,,,,,,
weekly,26.0,Highest Score,6,fm7cv4p0me3j48nk,The Facerockers,104.5,starter_fantasy_points,Highest starter fantasy points in a gameweek.,,,,,,,,,,1.0,1.0,4.0,,,,,,,,,,,,,,,,,,,,,,,,
weekly,26.0,Highest Score,7,qocqs3wjme34472y,KindComet,92.0,starter_fantasy_points,Highest starter fantasy points in a gameweek.,,,,,,,,,,1.0,1.0,1.0,,,,,,,,,,,,,,,,,,,,,,,,
weekly,26.0,Highest Score,8,ih2b4z8ome1job2n,nhauptma,76.0,starter_fantasy_points,Highest starter fantasy points in a gameweek.,,,,,,,,,,0.0,1.0,2.0,,,,,,,,,,,,,,,,,,,,,,,,
weekly,26.0,Highest Score,9,116s0o6ume0s7s58,Up the Arse-nal,74.0,starter_fantasy_points,Highest starter fantasy points in a gameweek.,,,,,,,,,,0.0,1.0,2.0,,,,,,,,,,,,,,,,,,,,,,,,
weekly,26.0,Highest Score,10,zf53q9hdme32qmoe,Robertske,73.5,starter_fantasy_points,Highest starter fantasy points in a gameweek.,,,,,,,,,,2.0,2.0,3.0,,,,,,,,,,,,,,,,,,,,,,,,
weekly,26.0,Highest Score,11,avv7b4d5me2tlsrt,wmuck1,65.5,starter_fantasy_points,Highest starter fantasy points in a gameweek.,,,,,,,,,,1.0,0.0,1.0,,,,,,,,,,,,,,,,,,,,,,,,
weekly,26.0,Highest Score,12,xnt9wpm9me0us0r4,yudesh,63.5,starter_fantasy_points,Highest starter fantasy points in a gameweek.,,,,,,,,,,0.0,0.0,3.0,,,,,,,,,,,,,,,,,,,,,,,,
weekly,27.0,Highest Score,1,ih2b4z8ome1job2n,nhauptma,156.5,starter_fantasy_points,Highest starter fantasy points in a gameweek.,,,,,,,,,,2.0,2.0,5.0,,,,,,,,,,,,,,,,,,,,,,,,
weekly,27.0,Highest Score,2,fm7cv4p0me3j48nk,The Facerockers,139.0,starter_fantasy_points,Highest starter fantasy points in a gameweek.,,,,,,,,,,0.0,3.0,7.0,,,,,,,,,,,,,,,,,,,,,,,,
weekly,27.0,Highest Score,3,eaz9h4hfme2wdh8p,epatel3,116.0,starter_fantasy_points,Highest starter fantasy points in a gameweek.,,,,,,,,,,4.0,0.0,4.0,,,,,,,,,,,,,,,,,,,,,,,,
weekly,27.0,Highest Score,4,ss2dromsme3cbmga,Berkshire’s Club,111.0,starter_fantasy_points,Highest starter fantasy points in a gameweek.,,,,,,,,,,1.0,0.0,5.0,,,,,,,,,,,,,,,,,,,,,,,,
weekly,27.0,Highest Score,5,zf53q9hdme32qmoe,Robertske,102.5,starter_fantasy_points,Highest starter fantasy points in a gameweek.,,,,,,,,,,2.0,1.0,3.0,,,,,,,,,,,,,,,,,,,,,,,,
weekly,27.0,Highest Score,6,0t8m7z91mdhjhvye,SUNNYD,100.5,starter_fantasy_points,Highest starter fantasy points in a gameweek.,,,,,,,,,,0.0,2.0,3.0,,,,,,,,,,,,,,,,,,,,,,,,
weekly,27.0,Highest Score,7,ne94j2bxme0vsmkq,Pot Splashers,96.5,starter_fantasy_points,Highest starter fantasy points in a gameweek.,,,,,,,,,,0.0,0.0,5.0,,,,,,,,,,,,,,,,,,,,,,,,
weekly,27.0,Highest Score,8,zxivny5tme3hojrx,Count Doku,90.5,starter_fantasy_points,Highest starter fantasy points in a gameweek.,,,,,,,,,,1.0,0.0,3.0,,,,,,,,,,,,,,,,,,,,,,,,
weekly,27.0,Highest Score,9,avv7b4d5me2tlsrt,wmuck1,90.0,starter_fantasy_points,Highest starter fantasy points in a gameweek.,,,,,,,,,,0.0,0.0,8.0,,,,,,,,,,,,,,,,,,,,,,,,
weekly,27.0,Highest Score,10,xnt9wpm9me0us0r4,yudesh,90.0,starter_fantasy_points,Highest starter fantasy points in a gameweek.,,,,,,,,,,1.0,0.0,3.0,,,,,,,,,,,,,,,,,,,,,,,,
weekly,27.0,Highest Score,11,116s0o6ume0s7s58,Up the Arse-nal,87.5,starter_fantasy_points,Highest starter fantasy points in a gameweek.,,,,,,,,,,0.0,1.0,4.0,,,,,,,,,,,,,,,,,,,,,,,,
weekly,27.0,Highest Score,12,qocqs3wjme34472y,KindComet,72.5,starter_fantasy_points,Highest starter fantasy points in a gameweek.,,,,,,,,,,0.0,0.0,3.0,,,,,,,,,,,,,,,,,,,,,,,,
weekly,28.0,Highest Score,1,116s0o6ume0s7s58,Up the Arse-nal,157.5,starter_fantasy_points,Highest starter fantasy points in a gameweek.,,,,,,,,,,4.0,5.0,0.0,,,,,,,,,,,,,,,,,,,,,,,,
weekly,28.0,Highest Score,2,ih2b4z8ome1job2n,nhauptma,147.0,starter_fantasy_points,Highest starter fantasy points in a gameweek.,,,,,,,,,,2.0,1.0,2.0,,,,,,,,,,,,,,,,,,,,,,,,
weekly,28.0,Highest Score,3,ss2dromsme3cbmga,Berkshire’s Club,133.0,starter_fantasy_points,Highest starter fantasy points in a gameweek.,,,,,,,,,,1.0,3.0,2.0,,,,,,,,,,,,,,,,,,,,,,,,
weekly,28.0,Highest Score,4,eaz9h4hfme2wdh8p,epatel3,122.5,starter_fantasy_points,Highest starter fantasy points in a gameweek.,,,,,,,,,,3.0,2.0,1.0,,,,,,,,,,,,,,,,,,,,,,,,
weekly,28.0,Highest Score,5,0t8m7z91mdhjhvye,SUNNYD,121.0,starter_fantasy_points,Highest starter fantasy points in a gameweek.,,,,,,,,,,2.0,2.0,3.0,,,,,,,,,,,,,,,,,,,,,,,,
weekly,28.0,Highest Score,6,ne94j2bxme0vsmkq,Pot Splashers,111.5,starter_fantasy_points,Highest starter fantasy points in a gameweek.,,,,,,,,,,3.0,1.0,0.0,,,,,,,,,,,,,,,,,,,,,,,,
weekly,28.0,Highest Score,7,avv7b4d5me2tlsrt,wmuck1,103.5,starter_fantasy_points,Highest starter fantasy points in a gameweek.,,,,,,,,,,2.0,3.0,0.0,,,,,,,,,,,,,,,,,,,,,,,,
weekly,28.0,Highest Score,8,qocqs3wjme34472y,KindComet,91.0,starter_fantasy_points,Highest starter fantasy points in a gameweek.,,,,,,,,,,2.0,0.0,0.0,,,,,,,,,,,,,,,,,,,,,,,,
weekly,28.0,Highest Score,9,fm7cv4p0me3j48nk,The Facerockers,85.5,starter_fantasy_points,Highest starter fantasy points in a gameweek.,,,,,,,,,,3.0,1.0,1.0,,,,,,,,,,,,,,,,,,,,,,,,
weekly,28.0,Highest Score,10,xnt9wpm9me0us0r4,yudesh,81.5,starter_fantasy_points,Highest starter fantasy points in a gameweek.,,,,,,,,,,0.0,2.0,1.0,,,,,,,,,,,,,,,,,,,,,,,,
weekly,28.0,Highest Score,11,zxivny5tme3hojrx,Count Doku,45.5,starter_fantasy_points,Highest starter fantasy points in a gameweek.,,,,,,,,,,0.0,1.0,0.0,,,,,,,,,,,,,,,,,,,,,,,,
weekly,28.0,Highest Score,12,zf53q9hdme32qmoe,Robertske,30.0,starter_fantasy_points,Highest starter fantasy points in a gameweek.,,,,,,,,,,0.0,0.0,2.0,,,,,,,,,,,,,,,,,,,,,,,,
weekly,29.0,Highest Score,1,ss2dromsme3cbmga,Berkshire’s Club,142.5,starter_fantasy_points,Highest starter fantasy points in a gameweek.,,,,,,,,,,2.0,1.0,2.0,,,,,,,,,,,,,,,,,,,,,,,,
weekly,29.0,Highest Score,2,116s0o6ume0s7s58,Up the Arse-nal,134.0,starter_fantasy_points,Highest starter fantasy points in a gameweek.,,,,,,,,,,1.0,2.0,7.0,,,,,,,,,,,,,,,,,,,,,,,,
weekly,29.0,Highest Score,3,eaz9h4hfme2wdh8p,epatel3,128.0,starter_fantasy_points,Highest starter fantasy points in a gameweek.,,,,,,,,,,5.0,1.0,6.0,,,,,,,,,,,,,,,,,,,,,,,,
weekly,29.0,Highest Score,4,0t8m7z91mdhjhvye,SUNNYD,124.5,starter_fantasy_points,Highest starter fantasy points in a gameweek.,,,,,,,,,,2.0,1.0,6.0,,,,,,,,,,,,,,,,,,,,,,,,
weekly,29.0,Highest Score,5,zxivny5tme3hojrx,Count Doku,120.5,starter_fantasy_points,Highest starter fantasy points in a gameweek.,,,,,,,,,,1.0,2.0,4.0,,,,,,,,,,,,,,,,,,,,,,,,
weekly,29.0,Highest Score,6,ih2b4z8ome1job2n,nhauptma,105.5,starter_fantasy_points,Highest starter fantasy points in a gameweek.,,,,,,,,,,2.0,0.0,3.0,,,,,,,,,,,,,,,,,,,,,,,,
weekly,29.0,Highest Score,7,xnt9wpm9me0us0r4,yudesh,105.5,starter_fantasy_points,Highest starter fantasy points in a gameweek.,,,,,,,,,,2.0,1.0,4.0,,,,,,,,,,,,,,,,,,,,,,,,
weekly,29.0,Highest Score,8,ne94j2bxme0vsmkq,Pot Splashers,85.5,starter_fantasy_points,Highest starter fantasy points in a gameweek.,,,,,,,,,,2.0,0.0,3.0,,,,,,,,,,,,,,,,,,,,,,,,
weekly,29.0,Highest Score,9,fm7cv4p0me3j48nk,The Facerockers,78.0,starter_fantasy_points,Highest starter fantasy points in a gameweek.,,,,,,,,,,2.0,0.0,2.0,,,,,,,,,,,,,,,,,,,,,,,,
weekly,29.0,Highest Score,10,qocqs3wjme34472y,KindComet,72.0,starter_fantasy_points,Highest starter fantasy points in a gameweek.,,,,,,,,,,0.0,1.0,3.0,,,,,,,,,,,,,,,,,,,,,,,,
weekly,29.0,Highest Score,11,avv7b4d5me2tlsrt,wmuck1,58.5,starter_fantasy_points,Highest starter fantasy points in a gameweek.,,,,,,,,,,0.0,1.0,2.0,,,,,,,,,,,,,,,,,,,,,,,,
weekly,29.0,Highest Score,12,zf53q9hdme32qmoe,Robertske,50.5,starter_fantasy_points,Highest starter fantasy points in a gameweek.,,,,,,,,,,1.0,1.0,0.0,,,,,,,,,,,,,,,,,,,,,,,,
weekly,30.0,Highest Score,1,xnt9wpm9me0us0r4,yudesh,142.0,starter_fantasy_points,Highest starter fantasy points in a gameweek.,,,,,,,,,,0.0,2.0,7.0,,,,,,,,,,,,,,,,,,,,,,,,
weekly,30.0,Highest Score,2,eaz9h4hfme2wdh8p,epatel3,140.5,starter_fantasy_points,Highest starter fantasy points in a gameweek.,,,,,,,,,,1.0,0.0,6.0,,,,,,,,,,,,,,,,,,,,,,,,
weekly,30.0,Highest Score,3,fm7cv4p0me3j48nk,The Facerockers,118.0,starter_fantasy_points,Highest starter fantasy points in a gameweek.,,,,,,,,,,1.0,1.0,6.0,,,,,,,,,,,,,,,,,,,,,,,,
weekly,30.0,Highest Score,4,qocqs3wjme34472y,KindComet,116.5,starter_fantasy_points,Highest starter fantasy points in a gameweek.,,,,,,,,,,1.0,0.0,5.0,,,,,,,,,,,,,,,,,,,,,,,,
weekly,30.0,Highest Score,5,ne94j2bxme0vsmkq,Pot Splashers,105.5,starter_fantasy_points,Highest starter fantasy points in a gameweek.,,,,,,,,,,1.0,0.0,6.0,,,,,,,,,,,,,,,,,,,,,,,,
weekly,30.0,Highest Score,6,zxivny5tme3hojrx,Count Doku,104.5,starter_fantasy_points,Highest starter fantasy points in a gameweek.,,,,,,,,,,1.0,1.0,3.0,,,,,,,,,,,,,,,,,,,,,,,,
weekly,30.0,Highest Score,7,0t8m7z91mdhjhvye,SUNNYD,103.0,starter_fantasy_points,Highest starter fantasy points in a gameweek.,,,,,,,,,,1.0,1.0,4.0,,,,,,,,,,,,,,,,,,,,,,,,
weekly,30.0,Highest Score,8,avv7b4d5me2tlsrt,wmuck1,100.5,starter_fantasy_points,Highest starter fantasy points in a gameweek.,,,,,,,,,,0.0,0.0,4.0,,,,,,,,,,,,,,,,,,,,,,,,
weekly,30.0,Highest Score,9,ss2dromsme3cbmga,Berkshire’s Club,89.5,starter_fantasy_points,Highest starter fantasy points in a gameweek.,,,,,,,,,,1.0,1.0,3.0,,,,,,,,,,,,,,,,,,,,,,,,
weekly,30.0,Highest Score,10,ih2b4z8ome1job2n,nhauptma,72.0,starter_fantasy_points,Highest starter fantasy points in a gameweek.,,,,,,,,,,1.0,0.0,3.0,,,,,,,,,,,,,,,,,,,,,,,,
weekly,30.0,Highest Score,11,116s0o6ume0s7s58,Up the Arse-nal,69.0,starter_fantasy_points,Highest starter fantasy points in a gameweek.,,,,,,,,,,0.0,2.0,2.0,,,,,,,,,,,,,,,,,,,,,,,,
weekly,30.0,Highest Score,12,zf53q9hdme32qmoe,Robertske,61.0,starter_fantasy_points,Highest starter fantasy points in a gameweek.,,,,,,,,,,0.0,0.0,1.0,,,,,,,,,,,,,,,,,,,,,,,,
weekly,31.0,Highest Score,1,zxivny5tme3hojrx,Count Doku,134.0,starter_fantasy_points,Highest starter fantasy points in a gameweek.,,,,,,,,,,0.0,2.0,4.0,,,,,,,,,,,,,,,,,,,,,,,,
weekly,31.0,Highest Score,2,116s0o6ume0s7s58,Up the Arse-nal,126.5,starter_fantasy_points,Highest starter fantasy points in a gameweek.,,,,,,,,,,3.0,2.0,3.0,,,,,,,,,,,,,,,,,,,,,,,,
weekly,31.0,Highest Score,3,avv7b4d5me2tlsrt,wmuck1,111.0,starter_fantasy_points,Highest starter fantasy points in a gameweek.,,,,,,,,,,0.0,1.0,3.0,,,,,,,,,,,,,,,,,,,,,,,,
weekly,31.0,Highest Score,4,qocqs3wjme34472y,KindComet,101.0,starter_fantasy_points,Highest starter fantasy points in a gameweek.,,,,,,,,,,0.0,1.0,2.0,,,,,,,,,,,,,,,,,,,,,,,,
weekly,31.0,Highest Score,5,ss2dromsme3cbmga,Berkshire’s Club,99.5,starter_fantasy_points,Highest starter fantasy points in a gameweek.,,,,,,,,,,1.0,1.0,3.0,,,,,,,,,,,,,,,,,,,,,,,,
weekly,31.0,Highest Score,6,xnt9wpm9me0us0r4,yudesh,96.0,starter_fantasy_points,Highest starter fantasy points in a gameweek.,,,,,,,,,,1.0,0.0,3.0,,,,,,,,,,,,,,,,,,,,,,,,
weekly,31.0,Highest Score,7,ne94j2bxme0vsmkq,Pot Splashers,94.5,starter_fantasy_points,Highest starter fantasy points in a gameweek.,,,,,,,,,,1.0,0.0,1.0,,,,,,,,,,,,,,,,,,,,,,,,
weekly,31.0,Highest Score,8,fm7cv4p0me3j48nk,The Facerockers,90.5,starter_fantasy_points,Highest starter fantasy points in a gameweek.,,,,,,,,,,2.0,1.0,2.0,,,,,,,,,,,,,,,,,,,,,,,,
weekly,31.0,Highest Score,9,eaz9h4hfme2wdh8p,epatel3,74.5,starter_fantasy_points,Highest starter fantasy points in a gameweek.,,,,,,,,,,2.0,0.0,3.0,,,,,,,,,,,,,,,,,,,,,,,,
weekly,31.0,Highest Score,10,ih2b4z8ome1job2n,nhauptma,59.5,starter_fantasy_points,Highest starter fantasy points in a gameweek.,,,,,,,,,,1.0,1.0,2.0,,,,,,,,,,,,,,,,,,,,,,,,
weekly,31.0,Highest Score,11,0t8m7z91mdhjhvye,SUNNYD,50.0,starter_fantasy_points,Highest starter fantasy points in a gameweek.,,,,,,,,,,0.0,1.0,3.0,,,,,,,,,,,,,,,,,,,,,,,,
weekly,31.0,Highest Score,12,zf53q9hdme32qmoe,Robertske,10.5,starter_fantasy_points,Highest starter fantasy points in a gameweek.,,,,,,,,,,0.0,0.0,0.0,,,,,,,,,,,,,,,,,,,,,,,,
weekly,32.0,Highest Score,1,qocqs3wjme34472y,KindComet,148.5,starter_fantasy_points,Highest starter fantasy points in a gameweek.,,,,,,,,,,5.0,1.0,1.0,,,,,,,,,,,,,,,,,,,,,,,,
weekly,32.0,Highest Score,2,eaz9h4hfme2wdh8p,epatel3,142.5,starter_fantasy_points,Highest starter fantasy points in a gameweek.,,,,,,,,,,3.0,2.0,2.0,,,,,,,,,,,,,,,,,,,,,,,,
weekly,32.0,Highest Score,3,ss2dromsme3cbmga,Berkshire’s Club,141.5,starter_fantasy_points,Highest starter fantasy points in a gameweek.,,,,,,,,,,2.0,3.0,5.0,,,,,,,,,,,,,,,,,,,,,,,,
weekly,32.0,Highest Score,4,0t8m7z91mdhjhvye,SUNNYD,134.0,starter_fantasy_points,Highest starter fantasy points in a gameweek.,,,,,,,,,,1.0,2.0,4.0,,,,,,,,,,,,,,,,,,,,,,,,
weekly,32.0,Highest Score,5,zxivny5tme3hojrx,Count Doku,117.0,starter_fantasy_points,Highest starter fantasy points in a gameweek.,,,,,,,,,,2.0,1.0,3.0,,,,,,,,,,,,,,,,,,,,,,,,
weekly,32.0,Highest Score,6,fm7cv4p0me3j48nk,The Facerockers,113.5,starter_fantasy_points,Highest starter fantasy points in a gameweek.,,,,,,,,,,1.0,1.0,6.0,,,,,,,,,,,,,,,,,,,,,,,,
weekly,32.0,Highest Score,7,ne94j2bxme0vsmkq,Pot Splashers,99.5,starter_fantasy_points,Highest starter fantasy points in a gameweek.,,,,,,,,,,1.0,1.0,3.0,,,,,,,,,,,,,,,,,,,,,,,,
weekly,32.0,Highest Score,8,xnt9wpm9me0us0r4,yudesh,95.0,starter_fantasy_points,Highest starter fantasy points in a gameweek.,,,,,,,,,,0.0,2.0,2.0,,,,,,,,,,,,,,,,,,,,,,,,
weekly,32.0,Highest Score,9,116s0o6ume0s7s58,Up the Arse-nal,91.0,starter_fantasy_points,Highest starter fantasy points in a gameweek.,,,,,,,,,,0.0,1.0,2.0,,,,,,,,,,,,,,,,,,,,,,,,
weekly,32.0,Highest Score,10,zf53q9hdme32qmoe,Robertske,79.5,starter_fantasy_points,Highest starter fantasy points in a gameweek.,,,,,,,,,,2.0,2.0,4.0,,,,,,,,,,,,,,,,,,,,,,,,
weekly,32.0,Highest Score,11,avv7b4d5me2tlsrt,wmuck1,73.5,starter_fantasy_points,Highest starter fantasy points in a gameweek.,,,,,,,,,,0.0,0.0,3.0,,,,,,,,,,,,,,,,,,,,,,,,
weekly,32.0,Highest Score,12,ih2b4z8ome1job2n,nhauptma,57.5,starter_fantasy_points,Highest starter fantasy points in a gameweek.,,,,,,,,,,1.0,1.0,1.0,,,,,,,,,,,,,,,,,,,,,,,,
weekly,33.0,Highest Score,1,fm7cv4p0me3j48nk,The Facerockers,184.5,starter_fantasy_points,Highest starter fantasy points in a gameweek.,,,,,,,,,,5.0,1.0,3.0,,,,,,,,,,,,,,,,,,,,,,,,
weekly,33.0,Highest Score,2,qocqs3wjme34472y,KindComet,184.0,starter_fantasy_points,Highest starter fantasy points in a gameweek.,,,,,,,,,,3.0,0.0,5.0,,,,,,,,,,,,,,,,,,,,,,,,
weekly,33.0,Highest Score,3,ih2b4z8ome1job2n,nhauptma,171.5,starter_fantasy_points,Highest starter fantasy points in a gameweek.,,,,,,,,,,4.0,2.0,5.0,,,,,,,,,,,,,,,,,,,,,,,,
weekly,33.0,Highest Score,4,avv7b4d5me2tlsrt,wmuck1,156.5,starter_fantasy_points,Highest starter fantasy points in a gameweek.,,,,,,,,,,2.0,3.0,5.0,,,,,,,,,,,,,,,,,,,,,,,,
weekly,33.0,Highest Score,5,0t8m7z91mdhjhvye,SUNNYD,150.5,starter_fantasy_points,Highest starter fantasy points in a gameweek.,,,,,,,,,,3.0,1.0,7.0,,,,,,,,,,,,,,,,,,,,,,,,
weekly,33.0,Highest Score,6,zf53q9hdme32qmoe,Robertske,144.0,starter_fantasy_points,Highest starter fantasy points in a gameweek.,,,,,,,,,,4.0,2.0,4.0,,,,,,,,,,,,,,,,,,,,,,,,
weekly,33.0,Highest Score,7,ne94j2bxme0vsmkq,Pot Splashers,134.5,starter_fantasy_points,Highest starter fantasy points in a gameweek.,,,,,,,,,,2.0,2.0,3.0,,,,,,,,,,,,,,,,,,,,,,,,
weekly,33.0,Highest Score,8,xnt9wpm9me0us0r4,yudesh,130.0,starter_fantasy_points,Highest starter fantasy points in a gameweek.,,,,,,,,,,0.0,2.0,3.0,,,,,,,,,,,,,,,,,,,,,,,,
weekly,33.0,Highest Score,9,zxivny5tme3hojrx,Count Doku,129.5,starter_fantasy_points,Highest starter fantasy points in a gameweek.,,,,,,,,,,0.0,3.0,5.0,,,,,,,,,,,,,,,,,,,,,,,,
weekly,33.0,Highest Score,10,ss2dromsme3cbmga,Berkshire’s Club,115.0,starter_fantasy_points,Highest starter fantasy points in a gameweek.,,,,,,,,,,0.0,2.0,4.0,,,,,,,,,,,,,,,,,,,,,,,,
weekly,33.0,Highest Score,11,116s0o6ume0s7s58,Up the Arse-nal,112.0,starter_fantasy_points,Highest starter fantasy points in a gameweek.,,,,,,,,,,1.0,2.0,6.0,,,,,,,,,,,,,,,,,,,,,,,,
weekly,33.0,Highest Score,12,eaz9h4hfme2wdh8p,epatel3,103.0,starter_fantasy_points,Highest starter fantasy points in a gameweek.,,,,,,,,,,1.0,1.0,2.0,,,,,,,,,,,,,,,,,,,,,,,,
weekly,34.0,Highest Score,1,zxivny5tme3hojrx,Count Doku,121.5,starter_fantasy_points,Highest starter fantasy points in a gameweek.,,,,,,,,,,0.0,0.0,6.0,,,,,,,,,,,,,,,,,,,,,,,,
weekly,34.0,Highest Score,2,eaz9h4hfme2wdh8p,epatel3,121.5,starter_fantasy_points,Highest starter fantasy points in a gameweek.,,,,,,,,,,2.0,0.0,4.0,,,,,,,,,,,,,,,,,,,,,,,,
weekly,34.0,Highest Score,3,116s0o6ume0s7s58,Up the Arse-nal,107.0,starter_fantasy_points,Highest starter fantasy points in a gameweek.,,,,,,,,,,0.0,3.0,2.0,,,,,,,,,,,,,,,,,,,,,,,,
weekly,34.0,Highest Score,4,ss2dromsme3cbmga,Berkshire’s Club,100.5,starter_fantasy_points,Highest starter fantasy points in a gameweek.,,,,,,,,,,0.0,2.0,3.0,,,,,,,,,,,,,,,,,,,,,,,,
weekly,34.0,Highest Score,5,ne94j2bxme0vsmkq,Pot Splashers,94.5,starter_fantasy_points,Highest starter fantasy points in a gameweek.,,,,,,,,,,2.0,1.0,1.0,,,,,,,,,,,,,,,,,,,,,,,,
weekly,34.0,Highest Score,6,fm7cv4p0me3j48nk,The Facerockers,93.5,starter_fantasy_points,Highest starter fantasy points in a gameweek.,,,,,,,,,,0.0,3.0,3.0,,,,,,,,,,,,,,,,,,,,,,,,
weekly,34.0,Highest Score,7,xnt9wpm9me0us0r4,yudesh,80.0,starter_fantasy_points,Highest starter fantasy points in a gameweek.,,,,,,,,,,2.0,0.0,1.0,,,,,,,,,,,,,,,,,,,,,,,,
weekly,34.0,Highest Score,8,0t8m7z91mdhjhvye,SUNNYD,65.0,starter_fantasy_points,Highest starter fantasy points in a gameweek.,,,,,,,,,,1.0,0.0,2.0,,,,,,,,,,,,,,,,,,,,,,,,
weekly,34.0,Highest Score,9,ih2b4z8ome1job2n,nhauptma,59.5,starter_fantasy_points,Highest starter fantasy points in a gameweek.,,,,,,,,,,1.0,2.0,2.0,,,,,,,,,,,,,,,,,,,,,,,,
weekly,34.0,Highest Score,10,avv7b4d5me2tlsrt,wmuck1,44.5,starter_fantasy_points,Highest starter fantasy points in a gameweek.,,,,,,,,,,1.0,0.0,0.0,,,,,,,,,,,,,,,,,,,,,,,,
weekly,34.0,Highest Score,11,qocqs3wjme34472y,KindComet,24.0,starter_fantasy_points,Highest starter fantasy points in a gameweek.,,,,,,,,,,1.0,0.0,0.0,,,,,,,,,,,,,,,,,,,,,,,,
weekly,34.0,Highest Score,12,zf53q9hdme32qmoe,Robertske,20.0,starter_fantasy_points,Highest starter fantasy points in a gameweek.,,,,,,,,,,0.0,0.0,0.0,,,,,,,,,,,,,,,,,,,,,,,,
weekly,35.0,Highest Score,1,ss2dromsme3cbmga,Berkshire’s Club,143.0,starter_fantasy_points,Highest starter fantasy points in a gameweek.,,,,,,,,,,2.0,2.0,1.0,,,,,,,,,,,,,,,,,,,,,,,,
weekly,35.0,Highest Score,2,0t8m7z91mdhjhvye,SUNNYD,127.0,starter_fantasy_points,Highest starter fantasy points in a gameweek.,,,,,,,,,,3.0,2.0,4.0,,,,,,,,,,,,,,,,,,,,,,,,
weekly,35.0,Highest Score,3,zxivny5tme3hojrx,Count Doku,115.5,starter_fantasy_points,Highest starter fantasy points in a gameweek.,,,,,,,,,,3.0,0.0,3.0,,,,,,,,,,,,,,,,,,,,,,,,
weekly,35.0,Highest Score,4,116s0o6ume0s7s58,Up the Arse-nal,114.0,starter_fantasy_points,Highest starter fantasy points in a gameweek.,,,,,,,,,,2.0,2.0,5.0,,,,,,,,,,,,,,,,,,,,,,,,
weekly,35.0,Highest Score,5,eaz9h4hfme2wdh8p,epatel3,107.5,starter_fantasy_points,Highest starter fantasy points in a gameweek.,,,,,,,,,,1.0,2.0,3.0,,,,,,,,,,,,,,,,,,,,,,,,
weekly,35.0,Highest Score,6,ih2b4z8ome1job2n,nhauptma,87.5,starter_fantasy_points,Highest starter fantasy points in a gameweek.,,,,,,,,,,2.0,3.0,1.0,,,,,,,,,,,,,,,,,,,,,,,,
weekly,35.0,Highest Score,7,zf53q9hdme32qmoe,Robertske,86.0,starter_fantasy_points,Highest starter fantasy points in a gameweek.,,,,,,,,,,2.0,2.0,1.0,,,,,,,,,,,,,,,,,,,,,,,,
weekly,35.0,Highest Score,8,avv7b4d5me2tlsrt,wmuck1,80.0,starter_fantasy_points,Highest starter fantasy points in a gameweek.,,,,,,,,,,0.0,3.0,1.0,,,,,,,,,,,,,,,,,,,,,,,,
weekly,35.0,Highest Score,9,fm7cv4p0me3j48nk,The Facerockers,78.5,starter_fantasy_points,Highest starter fantasy points in a gameweek.,,,,,,,,,,1.0,1.0,1.0,,,,,,,,,,,,,,,,,,,,,,,,
weekly,35.0,Highest Score,10,qocqs3wjme34472y,KindComet,78.0,starter_fantasy_points,Highest starter fantasy points in a gameweek.,,,,,,,,,,1.0,0.0,2.0,,,,,,,,,,,,,,,,,,,,,,,,
weekly,35.0,Highest Score,11,ne94j2bxme0vsmkq,Pot Splashers,77.0,starter_fantasy_points,Highest starter fantasy points in a gameweek.,,,,,,,,,,2.0,1.0,2.0,,,,,,,,,,,,,,,,,,,,,,,,
weekly,35.0,Highest Score,12,xnt9wpm9me0us0r4,yudesh,73.5,starter_fantasy_points,Highest starter fantasy points in a gameweek.,,,,,,,,,,1.0,2.0,1.0,,,,,,,,,,,,,,,,,,,,,,,,
weekly,36.0,Highest Score,1,zf53q9hdme32qmoe,Robertske,167.5,starter_fantasy_points,Highest starter fantasy points in a gameweek.,,,,,,,,,,3.0,6.0,6.0,,,,,,,,,,,,,,,,,,,,,,,,
weekly,36.0,Highest Score,2,ss2dromsme3cbmga,Berkshire’s Club,148.0,starter_fantasy_points,Highest starter fantasy points in a gameweek.,,,,,,,,,,2.0,1.0,4.0,,,,,,,,,,,,,,,,,,,,,,,,
weekly,36.0,Highest Score,3,qocqs3wjme34472y,KindComet,132.0,starter_fantasy_points,Highest starter fantasy points in a gameweek.,,,,,,,,,,1.0,0.0,3.0,,,,,,,,,,,,,,,,,,,,,,,,
weekly,36.0,Highest Score,4,0t8m7z91mdhjhvye,SUNNYD,114.0,starter_fantasy_points,Highest starter fantasy points in a gameweek.,,,,,,,,,,1.0,1.0,8.0,,,,,,,,,,,,,,,,,,,,,,,,
weekly,36.0,Highest Score,5,eaz9h4hfme2wdh8p,epatel3,112.0,starter_fantasy_points,Highest starter fantasy points in a gameweek.,,,,,,,,,,0.0,1.0,6.0,,,,,,,,,,,,,,,,,,,,,,,,
weekly,36.0,Highest Score,6,avv7b4d5me2tlsrt,wmuck1,109.5,starter_fantasy_points,Highest starter fantasy points in a gameweek.,,,,,,,,,,0.0,1.0,4.0,,,,,,,,,,,,,,,,,,,,,,,,
weekly,36.0,Highest Score,7,zxivny5tme3hojrx,Count Doku,107.5,starter_fantasy_points,Highest starter fantasy points in a gameweek.,,,,,,,,,,1.0,0.0,3.0,,,,,,,,,,,,,,,,,,,,,,,,
weekly,36.0,Highest Score,8,ih2b4z8ome1job2n,nhauptma,104.5,starter_fantasy_points,Highest starter fantasy points in a gameweek.,,,,,,,,,,3.0,1.0,3.0,,,,,,,,,,,,,,,,,,,,,,,,
weekly,36.0,Highest Score,9,xnt9wpm9me0us0r4,yudesh,102.5,starter_fantasy_points,Highest starter fantasy points in a gameweek.,,,,,,,,,,1.0,1.0,2.0,,,,,,,,,,,,,,,,,,,,,,,,
weekly,36.0,Highest Score,10,116s0o6ume0s7s58,Up the Arse-nal,98.0,starter_fantasy_points,Highest starter fantasy points in a gameweek.,,,,,,,,,,1.0,1.0,4.0,,,,,,,,,,,,,,,,,,,,,,,,
weekly,36.0,Highest Score,11,fm7cv4p0me3j48nk,The Facerockers,93.0,starter_fantasy_points,Highest starter fantasy points in a gameweek.,,,,,,,,,,1.0,1.0,4.0,,,,,,,,,,,,,,,,,,,,,,,,
weekly,36.0,Highest Score,12,ne94j2bxme0vsmkq,Pot Splashers,73.5,starter_fantasy_points,Highest starter fantasy points in a gameweek.,,,,,,,,,,2.0,0.0,3.0,,,,,,,,,,,,,,,,,,,,,,,,
weekly,37.0,Highest Score,1,qocqs3wjme34472y,KindComet,144.0,starter_fantasy_points,Highest starter fantasy points in a gameweek.,,,,,,,,,,2.0,3.0,1.0,,,,,,,,,,,,,,,,,,,,,,,,
weekly,37.0,Highest Score,2,xnt9wpm9me0us0r4,yudesh,116.5,starter_fantasy_points,Highest starter fantasy points in a gameweek.,,,,,,,,,,2.0,3.0,0.0,,,,,,,,,,,,,,,,,,,,,,,,
weekly,37.0,Highest Score,3,zxivny5tme3hojrx,Count Doku,107.0,starter_fantasy_points,Highest starter fantasy points in a gameweek.,,,,,,,,,,3.0,2.0,0.0,,,,,,,,,,,,,,,,,,,,,,,,
weekly,37.0,Highest Score,4,116s0o6ume0s7s58,Up the Arse-nal,103.5,starter_fantasy_points,Highest starter fantasy points in a gameweek.,,,,,,,,,,2.0,2.0,2.0,,,,,,,,,,,,,,,,,,,,,,,,
weekly,37.0,Highest Score,5,ss2dromsme3cbmga,Berkshire’s Club,98.0,starter_fantasy_points,Highest starter fantasy points in a gameweek.,,,,,,,,,,0.0,2.0,1.0,,,,,,,,,,,,,,,,,,,,,,,,
weekly,37.0,Highest Score,6,fm7cv4p0me3j48nk,The Facerockers,93.0,starter_fantasy_points,Highest starter fantasy points in a gameweek.,,,,,,,,,,3.0,1.0,2.0,,,,,,,,,,,,,,,,,,,,,,,,
weekly,37.0,Highest Score,7,zf53q9hdme32qmoe,Robertske,90.5,starter_fantasy_points,Highest starter fantasy points in a gameweek.,,,,,,,,,,1.0,0.0,1.0,,,,,,,,,,,,,,,,,,,,,,,,
weekly,37.0,Highest Score,8,0t8m7z91mdhjhvye,SUNNYD,84.0,starter_fantasy_points,Highest starter fantasy points in a gameweek.,,,,,,,,,,1.0,1.0,3.0,,,,,,,,,,,,,,,,,,,,,,,,
weekly,37.0,Highest Score,9,avv7b4d5me2tlsrt,wmuck1,84.0,starter_fantasy_points,Highest starter fantasy points in a gameweek.,,,,,,,,,,1.0,1.0,2.0,,,,,,,,,,,,,,,,,,,,,,,,
weekly,37.0,Highest Score,10,ne94j2bxme0vsmkq,Pot Splashers,66.5,starter_fantasy_points,Highest starter fantasy points in a gameweek.,,,,,,,,,,0.0,1.0,2.0,,,,,,,,,,,,,,,,,,,,,,,,
weekly,37.0,Highest Score,11,eaz9h4hfme2wdh8p,epatel3,63.0,starter_fantasy_points,Highest starter fantasy points in a gameweek.,,,,,,,,,,0.0,0.0,4.0,,,,,,,,,,,,,,,,,,,,,,,,
weekly,37.0,Highest Score,12,ih2b4z8ome1job2n,nhauptma,63.0,starter_fantasy_points,Highest starter fantasy points in a gameweek.,,,,,,,,,,1.0,0.0,2.0,,,,,,,,,,,,,,,,,,,,,,,,
weekly,38.0,Highest Score,1,ss2dromsme3cbmga,Berkshire’s Club,117.5,starter_fantasy_points,Highest starter fantasy points in a gameweek.,,,,,,,,,,3.0,2.0,2.0,,,,,,,,,,,,,,,,,,,,,,,,
weekly,38.0,Highest Score,2,0t8m7z91mdhjhvye,SUNNYD,98.0,starter_fantasy_points,Highest starter fantasy points in a gameweek.,,,,,,,,,,0.0,1.0,4.0,,,,,,,,,,,,,,,,,,,,,,,,
weekly,38.0,Highest Score,3,116s0o6ume0s7s58,Up the Arse-nal,91.5,starter_fantasy_points,Highest starter fantasy points in a gameweek.,,,,,,,,,,1.0,1.0,2.0,,,,,,,,,,,,,,,,,,,,,,,,
weekly,38.0,Highest Score,4,qocqs3wjme34472y,KindComet,82.5,starter_fantasy_points,Highest starter fantasy points in a gameweek.,,,,,,,,,,1.0,0.0,1.0,,,,,,,,,,,,,,,,,,,,,,,,
weekly,38.0,Highest Score,5,ne94j2bxme0vsmkq,Pot Splashers,77.5,starter_fantasy_points,Highest starter fantasy points in a gameweek.,,,,,,,,,,1.0,0.0,1.0,,,,,,,,,,,,,,,,,,,,,,,,
weekly,38.0,Highest Score,6,zxivny5tme3hojrx,Count Doku,77.0,starter_fantasy_points,Highest starter fantasy points in a gameweek.,,,,,,,,,,0.0,0.0,1.0,,,,,,,,,,,,,,,,,,,,,,,,
weekly,38.0,Highest Score,7,eaz9h4hfme2wdh8p,epatel3,77.0,starter_fantasy_points,Highest starter fantasy points in a gameweek.,,,,,,,,,,1.0,1.0,2.0,,,,,,,,,,,,,,,,,,,,,,,,
weekly,38.0,Highest Score,8,fm7cv4p0me3j48nk,The Facerockers,71.0,starter_fantasy_points,Highest starter fantasy points in a gameweek.,,,,,,,,,,0.0,2.0,1.0,,,,,,,,,,,,,,,,,,,,,,,,
weekly,38.0,Highest Score,9,avv7b4d5me2tlsrt,wmuck1,61.0,starter_fantasy_points,Highest starter fantasy points in a gameweek.,,,,,,,,,,0.0,1.0,3.0,,,,,,,,,,,,,,,,,,,,,,,,
weekly,38.0,Highest Score,10,ih2b4z8ome1job2n,nhauptma,57.0,starter_fantasy_points,Highest starter fantasy points in a gameweek.,,,,,,,,,,2.0,0.0,1.0,,,,,,,,,,,,,,,,,,,,,,,,
weekly,38.0,Highest Score,11,xnt9wpm9me0us0r4,yudesh,52.0,starter_fantasy_points,Highest starter fantasy points in a gameweek.,,,,,,,,,,0.0,0.0,2.0,,,,,,,,,,,,,,,,,,,,,,,,
weekly,38.0,Highest Score,12,zf53q9hdme32qmoe,Robertske,51.0,starter_fantasy_points,Highest starter fantasy points in a gameweek.,,,,,,,,,,0.0,1.0,0.0,,,,,,,,,,,,,,,,,,,,,,,,
weekly,1.0,Jester,1,116s0o6ume0s7s58,Up the Arse-nal,67.5,starter_fantasy_points,Lowest starter fantasy points in a gameweek.,,,,,,,,,,0.0,1.0,4.0,,,,,,,,,,,,,,,,,,,,,,,,
weekly,1.0,Jester,2,avv7b4d5me2tlsrt,wmuck1,81.5,starter_fantasy_points,Lowest starter fantasy points in a gameweek.,,,,,,,,,,0.0,1.0,4.0,,,,,,,,,,,,,,,,,,,,,,,,
weekly,1.0,Jester,3,xnt9wpm9me0us0r4,yudesh,81.5,starter_fantasy_points,Lowest starter fantasy points in a gameweek.,,,,,,,,,,0.0,1.0,4.0,,,,,,,,,,,,,,,,,,,,,,,,
weekly,1.0,Jester,4,ih2b4z8ome1job2n,nhauptma,82.0,starter_fantasy_points,Lowest starter fantasy points in a gameweek.,,,,,,,,,,0.0,1.0,4.0,,,,,,,,,,,,,,,,,,,,,,,,
weekly,1.0,Jester,5,eaz9h4hfme2wdh8p,epatel3,84.0,starter_fantasy_points,Lowest starter fantasy points in a gameweek.,,,,,,,,,,2.0,0.0,4.0,,,,,,,,,,,,,,,,,,,,,,,,
weekly,1.0,Jester,6,ss2dromsme3cbmga,Berkshire’s Club,89.5,starter_fantasy_points,Lowest starter fantasy points in a gameweek.,,,,,,,,,,2.0,0.0,3.0,,,,,,,,,,,,,,,,,,,,,,,,
weekly,1.0,Jester,7,zf53q9hdme32qmoe,Robertske,96.0,starter_fantasy_points,Lowest starter fantasy points in a gameweek.,,,,,,,,,,4.0,0.0,4.0,,,,,,,,,,,,,,,,,,,,,,,,
weekly,1.0,Jester,8,qocqs3wjme34472y,KindComet,102.5,starter_fantasy_points,Lowest starter fantasy points in a gameweek.,,,,,,,,,,2.0,1.0,4.0,,,,,,,,,,,,,,,,,,,,,,,,
weekly,1.0,Jester,9,zxivny5tme3hojrx,Count Doku,111.5,starter_fantasy_points,Lowest starter fantasy points in a gameweek.,,,,,,,,,,0.0,3.0,6.0,,,,,,,,,,,,,,,,,,,,,,,,
weekly,1.0,Jester,10,0t8m7z91mdhjhvye,SUNNYD,116.5,starter_fantasy_points,Lowest starter fantasy points in a gameweek.,,,,,,,,,,1.0,2.0,6.0,,,,,,,,,,,,,,,,,,,,,,,,
weekly,1.0,Jester,11,fm7cv4p0me3j48nk,The Facerockers,122.0,starter_fantasy_points,Lowest starter fantasy points in a gameweek.,,,,,,,,,,0.0,0.0,6.0,,,,,,,,,,,,,,,,,,,,,,,,
weekly,1.0,Jester,12,ne94j2bxme0vsmkq,Pot Splashers,140.0,starter_fantasy_points,Lowest starter fantasy points in a gameweek.,,,,,,,,,,2.0,1.0,8.0,,,,,,,,,,,,,,,,,,,,,,,,
weekly,2.0,Jester,1,zf53q9hdme32qmoe,Robertske,45.5,starter_fantasy_points,Lowest starter fantasy points in a gameweek.,,,,,,,,,,1.0,1.0,1.0,,,,,,,,,,,,,,,,,,,,,,,,
weekly,2.0,Jester,2,zxivny5tme3hojrx,Count Doku,55.5,starter_fantasy_points,Lowest starter fantasy points in a gameweek.,,,,,,,,,,0.0,1.0,3.0,,,,,,,,,,,,,,,,,,,,,,,,
weekly,2.0,Jester,3,avv7b4d5me2tlsrt,wmuck1,60.0,starter_fantasy_points,Lowest starter fantasy points in a gameweek.,,,,,,,,,,0.0,2.0,1.0,,,,,,,,,,,,,,,,,,,,,,,,
weekly,2.0,Jester,4,fm7cv4p0me3j48nk,The Facerockers,71.0,starter_fantasy_points,Lowest starter fantasy points in a gameweek.,,,,,,,,,,2.0,0.0,3.0,,,,,,,,,,,,,,,,,,,,,,,,
weekly,2.0,Jester,5,ne94j2bxme0vsmkq,Pot Splashers,93.0,starter_fantasy_points,Lowest starter fantasy points in a gameweek.,,,,,,,,,,2.0,2.0,2.0,,,,,,,,,,,,,,,,,,,,,,,,
weekly,2.0,Jester,6,qocqs3wjme34472y,KindComet,95.5,starter_fantasy_points,Lowest starter fantasy points in a gameweek.,,,,,,,,,,3.0,4.0,2.0,,,,,,,,,,,,,,,,,,,,,,,,
weekly,2.0,Jester,7,xnt9wpm9me0us0r4,yudesh,100.5,starter_fantasy_points,Lowest starter fantasy points in a gameweek.,,,,,,,,,,3.0,0.0,3.0,,,,,,,,,,,,,,,,,,,,,,,,
weekly,2.0,Jester,8,0t8m7z91mdhjhvye,SUNNYD,102.5,starter_fantasy_points,Lowest starter fantasy points in a gameweek.,,,,,,,,,,2.0,1.0,2.0,,,,,,,,,,,,,,,,,,,,,,,,
weekly,2.0,Jester,9,ss2dromsme3cbmga,Berkshire’s Club,106.5,starter_fantasy_points,Lowest starter fantasy points in a gameweek.,,,,,,,,,,1.0,2.0,4.0,,,,,,,,,,,,,,,,,,,,,,,,
weekly,2.0,Jester,10,eaz9h4hfme2wdh8p,epatel3,110.0,starter_fantasy_points,Lowest starter fantasy points in a gameweek.,,,,,,,,,,1.0,2.0,2.0,,,,,,,,,,,,,,,,,,,,,,,,
weekly,2.0,Jester,11,ih2b4z8ome1job2n,nhauptma,117.5,starter_fantasy_points,Lowest starter fantasy points in a gameweek.,,,,,,,,,,2.0,3.0,3.0,,,,,,,,,,,,,,,,,,,,,,,,
weekly,2.0,Jester,12,116s0o6ume0s7s58,Up the Arse-nal,155.5,starter_fantasy_points,Lowest starter fantasy points in a gameweek.,,,,,,,,,,4.0,2.0,5.0,,,,,,,,,,,,,,,,,,,,,,,,
weekly,3.0,Jester,1,0t8m7z91mdhjhvye,SUNNYD,45.5,starter_fantasy_points,Lowest starter fantasy points in a gameweek.,,,,,,,,,,0.0,0.0,2.0,,,,,,,,,,,,,,,,,,,,,,,,
weekly,3.0,Jester,2,zxivny5tme3hojrx,Count Doku,49.0,starter_fantasy_points,Lowest starter fantasy points in a gameweek.,,,,,,,,,,0.0,0.0,3.0,,,,,,,,,,,,,,,,,,,,,,,,
weekly,3.0,Jester,3,avv7b4d5me2tlsrt,wmuck1,60.0,starter_fantasy_points,Lowest starter fantasy points in a gameweek.,,,,,,,,,,0.0,0.0,5.0,,,,,,,,,,,,,,,,,,,,,,,,
weekly,3.0,Jester,4,fm7cv4p0me3j48nk,The Facerockers,68.0,starter_fantasy_points,Lowest starter fantasy points in a gameweek.,,,,,,,,,,1.0,1.0,3.0,,,,,,,,,,,,,,,,,,,,,,,,
weekly,3.0,Jester,5,zf53q9hdme32qmoe,Robertske,69.0,starter_fantasy_points,Lowest starter fantasy points in a gameweek.,,,,,,,,,,2.0,0.0,2.0,,,,,,,,,,,,,,,,,,,,,,,,
weekly,3.0,Jester,6,qocqs3wjme34472y,KindComet,76.5,starter_fantasy_points,Lowest starter fantasy points in a gameweek.,,,,,,,,,,1.0,1.0,5.0,,,,,,,,,,,,,,,,,,,,,,,,
weekly,3.0,Jester,7,ne94j2bxme0vsmkq,Pot Splashers,87.0,starter_fantasy_points,Lowest starter fantasy points in a gameweek.,,,,,,,,,,0.0,3.0,3.0,,,,,,,,,,,,,,,,,,,,,,,,
weekly,3.0,Jester,8,116s0o6ume0s7s58,Up the Arse-nal,97.0,starter_fantasy_points,Lowest starter fantasy points in a gameweek.,,,,,,,,,,2.0,0.0,2.0,,,,,,,,,,,,,,,,,,,,,,,,
weekly,3.0,Jester,9,eaz9h4hfme2wdh8p,epatel3,107.5,starter_fantasy_points,Lowest starter fantasy points in a gameweek.,,,,,,,,,,2.0,1.0,7.0,,,,,,,,,,,,,,,,,,,,,,,,
weekly,3.0,Jester,10,xnt9wpm9me0us0r4,yudesh,114.5,starter_fantasy_points,Lowest starter fantasy points in a gameweek.,,,,,,,,,,1.0,1.0,4.0,,,,,,,,,,,,,,,,,,,,,,,,
weekly,3.0,Jester,11,ih2b4z8ome1job2n,nhauptma,119.0,starter_fantasy_points,Lowest starter fantasy points in a gameweek.,,,,,,,,,,2.0,1.0,3.0,,,,,,,,,,,,,,,,,,,,,,,,
weekly,3.0,Jester,12,ss2dromsme3cbmga,Berkshire’s Club,123.5,starter_fantasy_points,Lowest starter fantasy points in a gameweek.,,,,,,,,,,3.0,1.0,4.0,,,,,,,,,,,,,,,,,,,,,,,,
weekly,4.0,Jester,1,avv7b4d5me2tlsrt,wmuck1,67.0,starter_fantasy_points,Lowest starter fantasy points in a gameweek.,,,,,,,,,,0.0,0.0,3.0,,,,,,,,,,,,,,,,,,,,,,,,
weekly,4.0,Jester,2,zxivny5tme3hojrx,Count Doku,73.0,starter_fantasy_points,Lowest starter fantasy points in a gameweek.,,,,,,,,,,0.0,2.0,3.0,,,,,,,,,,,,,,,,,,,,,,,,
weekly,4.0,Jester,3,116s0o6ume0s7s58,Up the Arse-nal,79.5,starter_fantasy_points,Lowest starter fantasy points in a gameweek.,,,,,,,,,,0.0,0.0,3.0,,,,,,,,,,,,,,,,,,,,,,,,
weekly,4.0,Jester,4,xnt9wpm9me0us0r4,yudesh,85.5,starter_fantasy_points,Lowest starter fantasy points in a gameweek.,,,,,,,,,,1.0,0.0,5.0,,,,,,,,,,,,,,,,,,,,,,,,
weekly,4.0,Jester,5,ih2b4z8ome1job2n,nhauptma,95.0,starter_fantasy_points,Lowest starter fantasy points in a gameweek.,,,,,,,,,,1.0,1.0,7.0,,,,,,,,,,,,,,,,,,,,,,,,
weekly,4.0,Jester,6,eaz9h4hfme2wdh8p,epatel3,98.5,starter_fantasy_points,Lowest starter fantasy points in a gameweek.,,,,,,,,,,0.0,2.0,6.0,,,,,,,,,,,,,,,,,,,,,,,,
weekly,4.0,Jester,7,ss2dromsme3cbmga,Berkshire’s Club,103.0,starter_fantasy_points,Lowest starter fantasy points in a gameweek.,,,,,,,,,,2.0,1.0,4.0,,,,,,,,,,,,,,,,,,,,,,,,
weekly,4.0,Jester,8,ne94j2bxme0vsmkq,Pot Splashers,111.5,starter_fantasy_points,Lowest starter fantasy points in a gameweek.,,,,,,,,,,1.0,1.0,7.0,,,,,,,,,,,,,,,,,,,,,,,,
weekly,4.0,Jester,9,qocqs3wjme34472y,KindComet,117.5,starter_fantasy_points,Lowest starter fantasy points in a gameweek.,,,,,,,,,,1.0,0.0,8.0,,,,,,,,,,,,,,,,,,,,,,,,
weekly,4.0,Jester,10,0t8m7z91mdhjhvye,SUNNYD,121.0,starter_fantasy_points,Lowest starter fantasy points in a gameweek.,,,,,,,,,,1.0,1.0,8.0,,,,,,,,,,,,,,,,,,,,,,,,
weekly,4.0,Jester,11,zf53q9hdme32qmoe,Robertske,132.5,starter_fantasy_points,Lowest starter fantasy points in a gameweek.,,,,,,,,,,4.0,2.0,6.0,,,,,,,,,,,,,,,,,,,,,,,,
weekly,4.0,Jester,12,fm7cv4p0me3j48nk,The Facerockers,134.5,starter_fantasy_points,Lowest starter fantasy points in a gameweek.,,,,,,,,,,1.0,2.0,9.0,,,,,,,,,,,,,,,,,,,,,,,,
weekly,5.0,Jester,1,avv7b4d5me2tlsrt,wmuck1,50.0,starter_fantasy_points,Lowest starter fantasy points in a gameweek.,,,,,,,,,,1.0,0.0,3.0,,,,,,,,,,,,,,,,,,,,,,,,
weekly,5.0,Jester,2,ne94j2bxme0vsmkq,Pot Splashers,61.5,starter_fantasy_points,Lowest starter fantasy points in a gameweek.,,,,,,,,,,1.0,0.0,0.0,,,,,,,,,,,,,,,,,,,,,,,,
weekly,5.0,Jester,3,zf53q9hdme32qmoe,Robertske,68.0,starter_fantasy_points,Lowest starter fantasy points in a gameweek.,,,,,,,,,,1.0,0.0,3.0,,,,,,,,,,,,,,,,,,,,,,,,
weekly,5.0,Jester,4,xnt9wpm9me0us0r4,yudesh,75.0,starter_fantasy_points,Lowest starter fantasy points in a gameweek.,,,,,,,,,,0.0,1.0,2.0,,,,,,,,,,,,,,,,,,,,,,,,
weekly,5.0,Jester,5,0t8m7z91mdhjhvye,SUNNYD,83.5,starter_fantasy_points,Lowest starter fantasy points in a gameweek.,,,,,,,,,,2.0,0.0,0.0,,,,,,,,,,,,,,,,,,,,,,,,
weekly,5.0,Jester,6,fm7cv4p0me3j48nk,The Facerockers,83.5,starter_fantasy_points,Lowest starter fantasy points in a gameweek.,,,,,,,,,,1.0,1.0,2.0,,,,,,,,,,,,,,,,,,,,,,,,
weekly,5.0,Jester,7,116s0o6ume0s7s58,Up the Arse-nal,85.5,starter_fantasy_points,Lowest starter fantasy points in a gameweek.,,,,,,,,,,2.0,2.0,0.0,,,,,,,,,,,,,,,,,,,,,,,,
weekly,5.0,Jester,8,qocqs3wjme34472y,KindComet,87.5,starter_fantasy_points,Lowest starter fantasy points in a gameweek.,,,,,,,,,,0.0,2.0,2.0,,,,,,,,,,,,,,,,,,,,,,,,
weekly,5.0,Jester,9,eaz9h4hfme2wdh8p,epatel3,90.0,starter_fantasy_points,Lowest starter fantasy points in a gameweek.,,,,,,,,,,0.0,3.0,0.0,,,,,,,,,,,,,,,,,,,,,,,,
weekly,5.0,Jester,10,ih2b4z8ome1job2n,nhauptma,92.0,starter_fantasy_points,Lowest starter fantasy points in a gameweek.,,,,,,,,,,2.0,1.0,1.0,,,,,,,,,,,,,,,,,,,,,,,,
weekly,5.0,Jester,11,ss2dromsme3cbmga,Berkshire’s Club,100.5,starter_fantasy_points,Lowest starter fantasy points in a gameweek.,,,,,,,,,,3.0,1.0,2.0,,,,,,,,,,,,,,,,,,,,,,,,
weekly,5.0,Jester,12,zxivny5tme3hojrx,Count Doku,145.5,starter_fantasy_points,Lowest starter fantasy points in a gameweek.,,,,,,,,,,3.0,3.0,3.0,,,,,,,,,,,,,,,,,,,,,,,,
weekly,6.0,Jester,1,xnt9wpm9me0us0r4,yudesh,64.5,starter_fantasy_points,Lowest starter fantasy points in a gameweek.,,,,,,,,,,1.0,0.0,1.0,,,,,,,,,,,,,,,,,,,,,,,,
weekly,6.0,Jester,2,avv7b4d5me2tlsrt,wmuck1,67.5,starter_fantasy_points,Lowest starter fantasy points in a gameweek.,,,,,,,,,,0.0,1.0,2.0,,,,,,,,,,,,,,,,,,,,,,,,
weekly,6.0,Jester,3,ne94j2bxme0vsmkq,Pot Splashers,78.5,starter_fantasy_points,Lowest starter fantasy points in a gameweek.,,,,,,,,,,2.0,0.0,1.0,,,,,,,,,,,,,,,,,,,,,,,,
weekly,6.0,Jester,4,ih2b4z8ome1job2n,nhauptma,82.5,starter_fantasy_points,Lowest starter fantasy points in a gameweek.,,,,,,,,,,0.0,2.0,0.0,,,,,,,,,,,,,,,,,,,,,,,,
weekly,6.0,Jester,5,0t8m7z91mdhjhvye,SUNNYD,86.0,starter_fantasy_points,Lowest starter fantasy points in a gameweek.,,,,,,,,,,0.0,2.0,1.0,,,,,,,,,,,,,,,,,,,,,,,,
weekly,6.0,Jester,6,qocqs3wjme34472y,KindComet,100.5,starter_fantasy_points,Lowest starter fantasy points in a gameweek.,,,,,,,,,,2.0,1.0,1.0,,,,,,,,,,,,,,,,,,,,,,,,
weekly,6.0,Jester,7,ss2dromsme3cbmga,Berkshire’s Club,101.0,starter_fantasy_points,Lowest starter fantasy points in a gameweek.,,,,,,,,,,3.0,0.0,0.0,,,,,,,,,,,,,,,,,,,,,,,,
weekly,6.0,Jester,8,eaz9h4hfme2wdh8p,epatel3,105.0,starter_fantasy_points,Lowest starter fantasy points in a gameweek.,,,,,,,,,,1.0,1.0,0.0,,,,,,,,,,,,,,,,,,,,,,,,
weekly,6.0,Jester,9,zxivny5tme3hojrx,Count Doku,108.0,starter_fantasy_points,Lowest starter fantasy points in a gameweek.,,,,,,,,,,0.0,2.0,1.0,,,,,,,,,,,,,,,,,,,,,,,,
weekly,6.0,Jester,10,zf53q9hdme32qmoe,Robertske,120.0,starter_fantasy_points,Lowest starter fantasy points in a gameweek.,,,,,,,,,,5.0,1.0,1.0,,,,,,,,,,,,,,,,,,,,,,,,
weekly,6.0,Jester,11,fm7cv4p0me3j48nk,The Facerockers,133.5,starter_fantasy_points,Lowest starter fantasy points in a gameweek.,,,,,,,,,,2.0,3.0,1.0,,,,,,,,,,,,,,,,,,,,,,,,
weekly,6.0,Jester,12,116s0o6ume0s7s58,Up the Arse-nal,137.5,starter_fantasy_points,Lowest starter fantasy points in a gameweek.,,,,,,,,,,0.0,4.0,1.0,,,,,,,,,,,,,,,,,,,,,,,,
weekly,7.0,Jester,1,eaz9h4hfme2wdh8p,epatel3,71.5,starter_fantasy_points,Lowest starter fantasy points in a gameweek.,,,,,,,,,,0.0,1.0,2.0,,,,,,,,,,,,,,,,,,,,,,,,
weekly,7.0,Jester,2,zf53q9hdme32qmoe,Robertske,72.5,starter_fantasy_points,Lowest starter fantasy points in a gameweek.,,,,,,,,,,2.0,0.0,4.0,,,,,,,,,,,,,,,,,,,,,,,,
weekly,7.0,Jester,3,fm7cv4p0me3j48nk,The Facerockers,78.0,starter_fantasy_points,Lowest starter fantasy points in a gameweek.,,,,,,,,,,0.0,1.0,4.0,,,,,,,,,,,,,,,,,,,,,,,,
weekly,7.0,Jester,4,zxivny5tme3hojrx,Count Doku,82.0,starter_fantasy_points,Lowest starter fantasy points in a gameweek.,,,,,,,,,,1.0,2.0,1.0,,,,,,,,,,,,,,,,,,,,,,,,
weekly,7.0,Jester,5,ss2dromsme3cbmga,Berkshire’s Club,97.0,starter_fantasy_points,Lowest starter fantasy points in a gameweek.,,,,,,,,,,2.0,2.0,0.0,,,,,,,,,,,,,,,,,,,,,,,,
weekly,7.0,Jester,6,ne94j2bxme0vsmkq,Pot Splashers,97.5,starter_fantasy_points,Lowest starter fantasy points in a gameweek.,,,,,,,,,,3.0,0.0,4.0,,,,,,,,,,,,,,,,,,,,,,,,
weekly,7.0,Jester,7,0t8m7z91mdhjhvye,SUNNYD,102.5,starter_fantasy_points,Lowest starter fantasy points in a gameweek.,,,,,,,,,,1.0,1.0,3.0,,,,,,,,,,,,,,,,,,,,,,,,
weekly,7.0,Jester,8,xnt9wpm9me0us0r4,yudesh,108.5,starter_fantasy_points,Lowest starter fantasy points in a gameweek.,,,,,,,,,,3.0,1.0,4.0,,,,,,,,,,,,,,,,,,,,,,,,
weekly,7.0,Jester,9,ih2b4z8ome1job2n,nhauptma,113.5,starter_fantasy_points,Lowest starter fantasy points in a gameweek.,,,,,,,,,,0.0,2.0,4.0,,,,,,,,,,,,,,,,,,,,,,,,
weekly,7.0,Jester,10,avv7b4d5me2tlsrt,wmuck1,120.5,starter_fantasy_points,Lowest starter fantasy points in a gameweek.,,,,,,,,,,2.0,2.0,1.0,,,,,,,,,,,,,,,,,,,,,,,,
weekly,7.0,Jester,11,qocqs3wjme34472y,KindComet,125.5,starter_fantasy_points,Lowest starter fantasy points in a gameweek.,,,,,,,,,,1.0,1.0,2.0,,,,,,,,,,,,,,,,,,,,,,,,
weekly,7.0,Jester,12,116s0o6ume0s7s58,Up the Arse-nal,139.0,starter_fantasy_points,Lowest starter fantasy points in a gameweek.,,,,,,,,,,1.0,1.0,5.0,,,,,,,,,,,,,,,,,,,,,,,,
weekly,8.0,Jester,1,avv7b4d5me2tlsrt,wmuck1,63.0,starter_fantasy_points,Lowest starter fantasy points in a gameweek.,,,,,,,,,,0.0,0.0,1.0,,,,,,,,,,,,,,,,,,,,,,,,
weekly,8.0,Jester,2,ne94j2bxme0vsmkq,Pot Splashers,68.5,starter_fantasy_points,Lowest starter fantasy points in a gameweek.,,,,,,,,,,1.0,0.0,2.0,,,,,,,,,,,,,,,,,,,,,,,,
weekly,8.0,Jester,3,zxivny5tme3hojrx,Count Doku,78.5,starter_fantasy_points,Lowest starter fantasy points in a gameweek.,,,,,,,,,,0.0,0.0,1.0,,,,,,,,,,,,,,,,,,,,,,,,
weekly,8.0,Jester,4,ss2dromsme3cbmga,Berkshire’s Club,85.0,starter_fantasy_points,Lowest starter fantasy points in a gameweek.,,,,,,,,,,0.0,1.0,3.0,,,,,,,,,,,,,,,,,,,,,,,,
weekly,8.0,Jester,5,eaz9h4hfme2wdh8p,epatel3,97.5,starter_fantasy_points,Lowest starter fantasy points in a gameweek.,,,,,,,,,,0.0,2.0,4.0,,,,,,,,,,,,,,,,,,,,,,,,
weekly,8.0,Jester,6,fm7cv4p0me3j48nk,The Facerockers,98.0,starter_fantasy_points,Lowest starter fantasy points in a gameweek.,,,,,,,,,,0.0,0.0,2.0,,,,,,,,,,,,,,,,,,,,,,,,
weekly,8.0,Jester,7,xnt9wpm9me0us0r4,yudesh,102.5,starter_fantasy_points,Lowest starter fantasy points in a gameweek.,,,,,,,,,,1.0,1.0,1.0,,,,,,,,,,,,,,,,,,,,,,,,
weekly,8.0,Jester,8,qocqs3wjme34472y,KindComet,111.5,starter_fantasy_points,Lowest starter fantasy points in a gameweek.,,,,,,,,,,1.0,3.0,2.0,,,,,,,,,,,,,,,,,,,,,,,,
weekly,8.0,Jester,9,zf53q9hdme32qmoe,Robertske,127.5,starter_fantasy_points,Lowest starter fantasy points in a gameweek.,,,,,,,,,,4.0,2.0,5.0,,,,,,,,,,,,,,,,,,,,,,,,
weekly,8.0,Jester,10,0t8m7z91mdhjhvye,SUNNYD,136.5,starter_fantasy_points,Lowest starter fantasy points in a gameweek.,,,,,,,,,,1.0,1.0,4.0,,,,,,,,,,,,,,,,,,,,,,,,
weekly,8.0,Jester,11,ih2b4z8ome1job2n,nhauptma,141.5,starter_fantasy_points,Lowest starter fantasy points in a gameweek.,,,,,,,,,,4.0,0.0,4.0,,,,,,,,,,,,,,,,,,,,,,,,
weekly,8.0,Jester,12,116s0o6ume0s7s58,Up the Arse-nal,157.0,starter_fantasy_points,Lowest starter fantasy points in a gameweek.,,,,,,,,,,2.0,4.0,7.0,,,,,,,,,,,,,,,,,,,,,,,,
weekly,9.0,Jester,1,ne94j2bxme0vsmkq,Pot Splashers,61.5,starter_fantasy_points,Lowest starter fantasy points in a gameweek.,,,,,,,,,,0.0,1.0,2.0,,,,,,,,,,,,,,,,,,,,,,,,
weekly,9.0,Jester,2,xnt9wpm9me0us0r4,yudesh,73.5,starter_fantasy_points,Lowest starter fantasy points in a gameweek.,,,,,,,,,,1.0,0.0,1.0,,,,,,,,,,,,,,,,,,,,,,,,
weekly,9.0,Jester,3,zxivny5tme3hojrx,Count Doku,84.0,starter_fantasy_points,Lowest starter fantasy points in a gameweek.,,,,,,,,,,1.0,1.0,3.0,,,,,,,,,,,,,,,,,,,,,,,,
weekly,9.0,Jester,4,zf53q9hdme32qmoe,Robertske,87.5,starter_fantasy_points,Lowest starter fantasy points in a gameweek.,,,,,,,,,,1.0,0.0,2.0,,,,,,,,,,,,,,,,,,,,,,,,
weekly,9.0,Jester,5,avv7b4d5me2tlsrt,wmuck1,94.0,starter_fantasy_points,Lowest starter fantasy points in a gameweek.,,,,,,,,,,2.0,0.0,3.0,,,,,,,,,,,,,,,,,,,,,,,,
weekly,9.0,Jester,6,0t8m7z91mdhjhvye,SUNNYD,107.0,starter_fantasy_points,Lowest starter fantasy points in a gameweek.,,,,,,,,,,2.0,1.0,4.0,,,,,,,,,,,,,,,,,,,,,,,,
weekly,9.0,Jester,7,fm7cv4p0me3j48nk,The Facerockers,109.0,starter_fantasy_points,Lowest starter fantasy points in a gameweek.,,,,,,,,,,3.0,0.0,4.0,,,,,,,,,,,,,,,,,,,,,,,,
weekly,9.0,Jester,8,qocqs3wjme34472y,KindComet,110.0,starter_fantasy_points,Lowest starter fantasy points in a gameweek.,,,,,,,,,,3.0,0.0,1.0,,,,,,,,,,,,,,,,,,,,,,,,
weekly,9.0,Jester,9,eaz9h4hfme2wdh8p,epatel3,113.0,starter_fantasy_points,Lowest starter fantasy points in a gameweek.,,,,,,,,,,3.0,0.0,2.0,,,,,,,,,,,,,,,,,,,,,,,,
weekly,9.0,Jester,10,116s0o6ume0s7s58,Up the Arse-nal,117.0,starter_fantasy_points,Lowest starter fantasy points in a gameweek.,,,,,,,,,,0.0,3.0,4.0,,,,,,,,,,,,,,,,,,,,,,,,
weekly,9.0,Jester,11,ss2dromsme3cbmga,Berkshire’s Club,122.0,starter_fantasy_points,Lowest starter fantasy points in a gameweek.,,,,,,,,,,0.0,2.0,3.0,,,,,,,,,,,,,,,,,,,,,,,,
weekly,9.0,Jester,12,ih2b4z8ome1job2n,nhauptma,123.0,starter_fantasy_points,Lowest starter fantasy points in a gameweek.,,,,,,,,,,2.0,3.0,2.0,,,,,,,,,,,,,,,,,,,,,,,,
weekly,10.0,Jester,1,0t8m7z91mdhjhvye,SUNNYD,45.5,starter_fantasy_points,Lowest starter fantasy points in a gameweek.,,,,,,,,,,0.0,0.0,3.0,,,,,,,,,,,,,,,,,,,,,,,,
weekly,10.0,Jester,2,zxivny5tme3hojrx,Count Doku,46.0,starter_fantasy_points,Lowest starter fantasy points in a gameweek.,,,,,,,,,,0.0,0.0,1.0,,,,,,,,,,,,,,,,,,,,,,,,
weekly,10.0,Jester,3,qocqs3wjme34472y,KindComet,75.0,starter_fantasy_points,Lowest starter fantasy points in a gameweek.,,,,,,,,,,2.0,0.0,4.0,,,,,,,,,,,,,,,,,,,,,,,,
weekly,10.0,Jester,4,avv7b4d5me2tlsrt,wmuck1,80.0,starter_fantasy_points,Lowest starter fantasy points in a gameweek.,,,,,,,,,,1.0,2.0,3.0,,,,,,,,,,,,,,,,,,,,,,,,
weekly,10.0,Jester,5,ne94j2bxme0vsmkq,Pot Splashers,98.0,starter_fantasy_points,Lowest starter fantasy points in a gameweek.,,,,,,,,,,0.0,1.0,4.0,,,,,,,,,,,,,,,,,,,,,,,,
weekly,10.0,Jester,6,xnt9wpm9me0us0r4,yudesh,98.5,starter_fantasy_points,Lowest starter fantasy points in a gameweek.,,,,,,,,,,2.0,1.0,1.0,,,,,,,,,,,,,,,,,,,,,,,,
weekly,10.0,Jester,7,fm7cv4p0me3j48nk,The Facerockers,108.0,starter_fantasy_points,Lowest starter fantasy points in a gameweek.,,,,,,,,,,2.0,0.0,8.0,,,,,,,,,,,,,,,,,,,,,,,,
weekly,10.0,Jester,8,ss2dromsme3cbmga,Berkshire’s Club,113.0,starter_fantasy_points,Lowest starter fantasy points in a gameweek.,,,,,,,,,,0.0,2.0,5.0,,,,,,,,,,,,,,,,,,,,,,,,
weekly,10.0,Jester,9,116s0o6ume0s7s58,Up the Arse-nal,127.0,starter_fantasy_points,Lowest starter fantasy points in a gameweek.,,,,,,,,,,2.0,1.0,4.0,,,,,,,,,,,,,,,,,,,,,,,,
weekly,10.0,Jester,10,eaz9h4hfme2wdh8p,epatel3,129.0,starter_fantasy_points,Lowest starter fantasy points in a gameweek.,,,,,,,,,,3.0,1.0,6.0,,,,,,,,,,,,,,,,,,,,,,,,
weekly,10.0,Jester,11,ih2b4z8ome1job2n,nhauptma,129.5,starter_fantasy_points,Lowest starter fantasy points in a gameweek.,,,,,,,,,,2.0,2.0,4.0,,,,,,,,,,,,,,,,,,,,,,,,
weekly,10.0,Jester,12,zf53q9hdme32qmoe,Robertske,131.5,starter_fantasy_points,Lowest starter fantasy points in a gameweek.,,,,,,,,,,2.0,5.0,2.0,,,,,,,,,,,,,,,,,,,,,,,,
weekly,11.0,Jester,1,fm7cv4p0me3j48nk,The Facerockers,30.5,starter_fantasy_points,Lowest starter fantasy points in a gameweek.,,,,,,,,,,0.0,0.0,2.0,,,,,,,,,,,,,,,,,,,,,,,,
weekly,11.0,Jester,2,avv7b4d5me2tlsrt,wmuck1,40.0,starter_fantasy_points,Lowest starter fantasy points in a gameweek.,,,,,,,,,,0.0,0.0,3.0,,,,,,,,,,,,,,,,,,,,,,,,
weekly,11.0,Jester,3,ss2dromsme3cbmga,Berkshire’s Club,71.5,starter_fantasy_points,Lowest starter fantasy points in a gameweek.,,,,,,,,,,1.0,0.0,1.0,,,,,,,,,,,,,,,,,,,,,,,,
weekly,11.0,Jester,4,qocqs3wjme34472y,KindComet,81.0,starter_fantasy_points,Lowest starter fantasy points in a gameweek.,,,,,,,,,,0.0,0.0,4.0,,,,,,,,,,,,,,,,,,,,,,,,
weekly,11.0,Jester,5,eaz9h4hfme2wdh8p,epatel3,81.0,starter_fantasy_points,Lowest starter fantasy points in a gameweek.,,,,,,,,,,1.0,0.0,5.0,,,,,,,,,,,,,,,,,,,,,,,,
weekly,11.0,Jester,6,zxivny5tme3hojrx,Count Doku,91.5,starter_fantasy_points,Lowest starter fantasy points in a gameweek.,,,,,,,,,,2.0,1.0,2.0,,,,,,,,,,,,,,,,,,,,,,,,
weekly,11.0,Jester,7,116s0o6ume0s7s58,Up the Arse-nal,92.5,starter_fantasy_points,Lowest starter fantasy points in a gameweek.,,,,,,,,,,1.0,2.0,2.0,,,,,,,,,,,,,,,,,,,,,,,,
weekly,11.0,Jester,8,xnt9wpm9me0us0r4,yudesh,96.5,starter_fantasy_points,Lowest starter fantasy points in a gameweek.,,,,,,,,,,1.0,3.0,2.0,,,,,,,,,,,,,,,,,,,,,,,,
weekly,11.0,Jester,9,zf53q9hdme32qmoe,Robertske,111.5,starter_fantasy_points,Lowest starter fantasy points in a gameweek.,,,,,,,,,,4.0,2.0,5.0,,,,,,,,,,,,,,,,,,,,,,,,
weekly,11.0,Jester,10,ne94j2bxme0vsmkq,Pot Splashers,113.0,starter_fantasy_points,Lowest starter fantasy points in a gameweek.,,,,,,,,,,2.0,2.0,6.0,,,,,,,,,,,,,,,,,,,,,,,,
weekly,11.0,Jester,11,0t8m7z91mdhjhvye,SUNNYD,115.5,starter_fantasy_points,Lowest starter fantasy points in a gameweek.,,,,,,,,,,2.0,2.0,3.0,,,,,,,,,,,,,,,,,,,,,,,,
weekly,11.0,Jester,12,ih2b4z8ome1job2n,nhauptma,120.5,starter_fantasy_points,Lowest starter fantasy points in a gameweek.,,,,,,,,,,3.0,1.0,4.0,,,,,,,,,,,,,,,,,,,,,,,,
weekly,12.0,Jester,1,avv7b4d5me2tlsrt,wmuck1,56.5,starter_fantasy_points,Lowest starter fantasy points in a gameweek.,,,,,,,,,,0.0,1.0,2.0,,,,,,,,,,,,,,,,,,,,,,,,
weekly,12.0,Jester,2,fm7cv4p0me3j48nk,The Facerockers,60.5,starter_fantasy_points,Lowest starter fantasy points in a gameweek.,,,,,,,,,,0.0,0.0,3.0,,,,,,,,,,,,,,,,,,,,,,,,
weekly,12.0,Jester,3,ne94j2bxme0vsmkq,Pot Splashers,77.0,starter_fantasy_points,Lowest starter fantasy points in a gameweek.,,,,,,,,,,0.0,0.0,4.0,,,,,,,,,,,,,,,,,,,,,,,,
weekly,12.0,Jester,4,116s0o6ume0s7s58,Up the Arse-nal,79.0,starter_fantasy_points,Lowest starter fantasy points in a gameweek.,,,,,,,,,,0.0,3.0,0.0,,,,,,,,,,,,,,,,,,,,,,,,
weekly,12.0,Jester,5,zxivny5tme3hojrx,Count Doku,80.0,starter_fantasy_points,Lowest starter fantasy points in a gameweek.,,,,,,,,,,1.0,2.0,3.0,,,,,,,,,,,,,,,,,,,,,,,,
weekly,12.0,Jester,6,zf53q9hdme32qmoe,Robertske,83.5,starter_fantasy_points,Lowest starter fantasy points in a gameweek.,,,,,,,,,,1.0,2.0,0.0,,,,,,,,,,,,,,,,,,,,,,,,
weekly,12.0,Jester,7,0t8m7z91mdhjhvye,SUNNYD,96.5,starter_fantasy_points,Lowest starter fantasy points in a gameweek.,,,,,,,,,,0.0,2.0,1.0,,,,,,,,,,,,,,,,,,,,,,,,
weekly,12.0,Jester,8,ss2dromsme3cbmga,Berkshire’s Club,113.0,starter_fantasy_points,Lowest starter fantasy points in a gameweek.,,,,,,,,,,1.0,2.0,3.0,,,,,,,,,,,,,,,,,,,,,,,,
weekly,12.0,Jester,9,xnt9wpm9me0us0r4,yudesh,117.0,starter_fantasy_points,Lowest starter fantasy points in a gameweek.,,,,,,,,,,0.0,4.0,5.0,,,,,,,,,,,,,,,,,,,,,,,,
weekly,12.0,Jester,10,qocqs3wjme34472y,KindComet,118.5,starter_fantasy_points,Lowest starter fantasy points in a gameweek.,,,,,,,,,,4.0,0.0,2.0,,,,,,,,,,,,,,,,,,,,,,,,
weekly,12.0,Jester,11,ih2b4z8ome1job2n,nhauptma,126.0,starter_fantasy_points,Lowest starter fantasy points in a gameweek.,,,,,,,,,,2.0,2.0,3.0,,,,,,,,,,,,,,,,,,,,,,,,
weekly,12.0,Jester,12,eaz9h4hfme2wdh8p,epatel3,170.5,starter_fantasy_points,Lowest starter fantasy points in a gameweek.,,,,,,,,,,5.0,1.0,6.0,,,,,,,,,,,,,,,,,,,,,,,,
weekly,13.0,Jester,1,eaz9h4hfme2wdh8p,epatel3,66.0,starter_fantasy_points,Lowest starter fantasy points in a gameweek.,,,,,,,,,,1.0,0.0,1.0,,,,,,,,,,,,,,,,,,,,,,,,
weekly,13.0,Jester,2,avv7b4d5me2tlsrt,wmuck1,68.0,starter_fantasy_points,Lowest starter fantasy points in a gameweek.,,,,,,,,,,0.0,0.0,2.0,,,,,,,,,,,,,,,,,,,,,,,,
weekly,13.0,Jester,3,ss2dromsme3cbmga,Berkshire’s Club,71.5,starter_fantasy_points,Lowest starter fantasy points in a gameweek.,,,,,,,,,,0.0,1.0,2.0,,,,,,,,,,,,,,,,,,,,,,,,
weekly,13.0,Jester,4,zf53q9hdme32qmoe,Robertske,72.0,starter_fantasy_points,Lowest starter fantasy points in a gameweek.,,,,,,,,,,2.0,2.0,0.0,,,,,,,,,,,,,,,,,,,,,,,,
weekly,13.0,Jester,5,qocqs3wjme34472y,KindComet,83.0,starter_fantasy_points,Lowest starter fantasy points in a gameweek.,,,,,,,,,,4.0,0.0,1.0,,,,,,,,,,,,,,,,,,,,,,,,
weekly,13.0,Jester,6,ih2b4z8ome1job2n,nhauptma,87.5,starter_fantasy_points,Lowest starter fantasy points in a gameweek.,,,,,,,,,,1.0,1.0,2.0,,,,,,,,,,,,,,,,,,,,,,,,
weekly,13.0,Jester,7,fm7cv4p0me3j48nk,The Facerockers,93.5,starter_fantasy_points,Lowest starter fantasy points in a gameweek.,,,,,,,,,,1.0,1.0,5.0,,,,,,,,,,,,,,,,,,,,,,,,
weekly,13.0,Jester,8,ne94j2bxme0vsmkq,Pot Splashers,95.5,starter_fantasy_points,Lowest starter fantasy points in a gameweek.,,,,,,,,,,2.0,2.0,2.0,,,,,,,,,,,,,,,,,,,,,,,,
weekly,13.0,Jester,9,0t8m7z91mdhjhvye,SUNNYD,96.0,starter_fantasy_points,Lowest starter fantasy points in a gameweek.,,,,,,,,,,1.0,2.0,2.0,,,,,,,,,,,,,,,,,,,,,,,,
weekly,13.0,Jester,10,zxivny5tme3hojrx,Count Doku,113.5,starter_fantasy_points,Lowest starter fantasy points in a gameweek.,,,,,,,,,,2.0,2.0,0.0,,,,,,,,,,,,,,,,,,,,,,,,
weekly,13.0,Jester,11,116s0o6ume0s7s58,Up the Arse-nal,147.5,starter_fantasy_points,Lowest starter fantasy points in a gameweek.,,,,,,,,,,0.0,4.0,1.0,,,,,,,,,,,,,,,,,,,,,,,,
weekly,13.0,Jester,12,xnt9wpm9me0us0r4,yudesh,152.5,starter_fantasy_points,Lowest starter fantasy points in a gameweek.,,,,,,,,,,3.0,2.0,0.0,,,,,,,,,,,,,,,,,,,,,,,,
weekly,14.0,Jester,1,ne94j2bxme0vsmkq,Pot Splashers,37.0,starter_fantasy_points,Lowest starter fantasy points in a gameweek.,,,,,,,,,,1.0,0.0,1.0,,,,,,,,,,,,,,,,,,,,,,,,
weekly,14.0,Jester,2,avv7b4d5me2tlsrt,wmuck1,56.5,starter_fantasy_points,Lowest starter fantasy points in a gameweek.,,,,,,,,,,0.0,1.0,0.0,,,,,,,,,,,,,,,,,,,,,,,,
weekly,14.0,Jester,3,116s0o6ume0s7s58,Up the Arse-nal,68.5,starter_fantasy_points,Lowest starter fantasy points in a gameweek.,,,,,,,,,,1.0,0.0,1.0,,,,,,,,,,,,,,,,,,,,,,,,
weekly,14.0,Jester,4,zf53q9hdme32qmoe,Robertske,77.5,starter_fantasy_points,Lowest starter fantasy points in a gameweek.,,,,,,,,,,3.0,2.0,0.0,,,,,,,,,,,,,,,,,,,,,,,,
weekly,14.0,Jester,5,xnt9wpm9me0us0r4,yudesh,89.5,starter_fantasy_points,Lowest starter fantasy points in a gameweek.,,,,,,,,,,0.0,2.0,3.0,,,,,,,,,,,,,,,,,,,,,,,,
weekly,14.0,Jester,6,0t8m7z91mdhjhvye,SUNNYD,96.0,starter_fantasy_points,Lowest starter fantasy points in a gameweek.,,,,,,,,,,1.0,2.0,6.0,,,,,,,,,,,,,,,,,,,,,,,,
weekly,14.0,Jester,7,eaz9h4hfme2wdh8p,epatel3,96.0,starter_fantasy_points,Lowest starter fantasy points in a gameweek.,,,,,,,,,,0.0,2.0,5.0,,,,,,,,,,,,,,,,,,,,,,,,
weekly,14.0,Jester,8,qocqs3wjme34472y,KindComet,107.5,starter_fantasy_points,Lowest starter fantasy points in a gameweek.,,,,,,,,,,2.0,1.0,2.0,,,,,,,,,,,,,,,,,,,,,,,,
weekly,14.0,Jester,9,ss2dromsme3cbmga,Berkshire’s Club,113.5,starter_fantasy_points,Lowest starter fantasy points in a gameweek.,,,,,,,,,,0.0,3.0,2.0,,,,,,,,,,,,,,,,,,,,,,,,
weekly,14.0,Jester,10,zxivny5tme3hojrx,Count Doku,116.0,starter_fantasy_points,Lowest starter fantasy points in a gameweek.,,,,,,,,,,0.0,5.0,4.0,,,,,,,,,,,,,,,,,,,,,,,,
weekly,14.0,Jester,11,fm7cv4p0me3j48nk,The Facerockers,119.5,starter_fantasy_points,Lowest starter fantasy points in a gameweek.,,,,,,,,,,2.0,2.0,2.0,,,,,,,,,,,,,,,,,,,,,,,,
weekly,14.0,Jester,12,ih2b4z8ome1job2n,nhauptma,135.0,starter_fantasy_points,Lowest starter fantasy points in a gameweek.,,,,,,,,,,2.0,0.0,5.0,,,,,,,,,,,,,,,,,,,,,,,,
weekly,15.0,Jester,1,qocqs3wjme34472y,KindComet,79.0,starter_fantasy_points,Lowest starter fantasy points in a gameweek.,,,,,,,,,,0.0,0.0,3.0,,,,,,,,,,,,,,,,,,,,,,,,
weekly,15.0,Jester,2,avv7b4d5me2tlsrt,wmuck1,85.5,starter_fantasy_points,Lowest starter fantasy points in a gameweek.,,,,,,,,,,3.0,0.0,2.0,,,,,,,,,,,,,,,,,,,,,,,,
weekly,15.0,Jester,3,eaz9h4hfme2wdh8p,epatel3,92.0,starter_fantasy_points,Lowest starter fantasy points in a gameweek.,,,,,,,,,,2.0,1.0,2.0,,,,,,,,,,,,,,,,,,,,,,,,
weekly,15.0,Jester,4,0t8m7z91mdhjhvye,SUNNYD,101.5,starter_fantasy_points,Lowest starter fantasy points in a gameweek.,,,,,,,,,,0.0,2.0,3.0,,,,,,,,,,,,,,,,,,,,,,,,
weekly,15.0,Jester,5,ne94j2bxme0vsmkq,Pot Splashers,106.0,starter_fantasy_points,Lowest starter fantasy points in a gameweek.,,,,,,,,,,1.0,0.0,6.0,,,,,,,,,,,,,,,,,,,,,,,,
weekly,15.0,Jester,6,fm7cv4p0me3j48nk,The Facerockers,113.5,starter_fantasy_points,Lowest starter fantasy points in a gameweek.,,,,,,,,,,2.0,2.0,2.0,,,,,,,,,,,,,,,,,,,,,,,,
weekly,15.0,Jester,7,116s0o6ume0s7s58,Up the Arse-nal,117.0,starter_fantasy_points,Lowest starter fantasy points in a gameweek.,,,,,,,,,,2.0,1.0,2.0,,,,,,,,,,,,,,,,,,,,,,,,
weekly,15.0,Jester,8,zf53q9hdme32qmoe,Robertske,120.5,starter_fantasy_points,Lowest starter fantasy points in a gameweek.,,,,,,,,,,3.0,3.0,5.0,,,,,,,,,,,,,,,,,,,,,,,,
weekly,15.0,Jester,9,zxivny5tme3hojrx,Count Doku,123.5,starter_fantasy_points,Lowest starter fantasy points in a gameweek.,,,,,,,,,,1.0,2.0,5.0,,,,,,,,,,,,,,,,,,,,,,,,
weekly,15.0,Jester,10,ih2b4z8ome1job2n,nhauptma,123.5,starter_fantasy_points,Lowest starter fantasy points in a gameweek.,,,,,,,,,,2.0,1.0,4.0,,,,,,,,,,,,,,,,,,,,,,,,
weekly,15.0,Jester,11,xnt9wpm9me0us0r4,yudesh,123.5,starter_fantasy_points,Lowest starter fantasy points in a gameweek.,,,,,,,,,,1.0,2.0,4.0,,,,,,,,,,,,,,,,,,,,,,,,
weekly,15.0,Jester,12,ss2dromsme3cbmga,Berkshire’s Club,158.0,starter_fantasy_points,Lowest starter fantasy points in a gameweek.,,,,,,,,,,3.0,3.0,4.0,,,,,,,,,,,,,,,,,,,,,,,,
weekly,16.0,Jester,1,eaz9h4hfme2wdh8p,epatel3,37.0,starter_fantasy_points,Lowest starter fantasy points in a gameweek.,,,,,,,,,,0.0,0.0,1.0,,,,,,,,,,,,,,,,,,,,,,,,
weekly,16.0,Jester,2,xnt9wpm9me0us0r4,yudesh,60.0,starter_fantasy_points,Lowest starter fantasy points in a gameweek.,,,,,,,,,,1.0,0.0,2.0,,,,,,,,,,,,,,,,,,,,,,,,
weekly,16.0,Jester,3,ih2b4z8ome1job2n,nhauptma,62.0,starter_fantasy_points,Lowest starter fantasy points in a gameweek.,,,,,,,,,,0.0,1.0,3.0,,,,,,,,,,,,,,,,,,,,,,,,
weekly,16.0,Jester,4,avv7b4d5me2tlsrt,wmuck1,75.5,starter_fantasy_points,Lowest starter fantasy points in a gameweek.,,,,,,,,,,2.0,1.0,3.0,,,,,,,,,,,,,,,,,,,,,,,,
weekly,16.0,Jester,5,zxivny5tme3hojrx,Count Doku,77.0,starter_fantasy_points,Lowest starter fantasy points in a gameweek.,,,,,,,,,,0.0,0.0,2.0,,,,,,,,,,,,,,,,,,,,,,,,
weekly,16.0,Jester,6,ne94j2bxme0vsmkq,Pot Splashers,78.0,starter_fantasy_points,Lowest starter fantasy points in a gameweek.,,,,,,,,,,1.0,0.0,3.0,,,,,,,,,,,,,,,,,,,,,,,,
weekly,16.0,Jester,7,zf53q9hdme32qmoe,Robertske,108.5,starter_fantasy_points,Lowest starter fantasy points in a gameweek.,,,,,,,,,,3.0,2.0,5.0,,,,,,,,,,,,,,,,,,,,,,,,
weekly,16.0,Jester,8,ss2dromsme3cbmga,Berkshire’s Club,116.0,starter_fantasy_points,Lowest starter fantasy points in a gameweek.,,,,,,,,,,2.0,1.0,1.0,,,,,,,,,,,,,,,,,,,,,,,,
weekly,16.0,Jester,9,116s0o6ume0s7s58,Up the Arse-nal,128.5,starter_fantasy_points,Lowest starter fantasy points in a gameweek.,,,,,,,,,,1.0,2.0,4.0,,,,,,,,,,,,,,,,,,,,,,,,
weekly,16.0,Jester,10,fm7cv4p0me3j48nk,The Facerockers,129.5,starter_fantasy_points,Lowest starter fantasy points in a gameweek.,,,,,,,,,,1.0,4.0,3.0,,,,,,,,,,,,,,,,,,,,,,,,
weekly,16.0,Jester,11,qocqs3wjme34472y,KindComet,155.0,starter_fantasy_points,Lowest starter fantasy points in a gameweek.,,,,,,,,,,3.0,2.0,3.0,,,,,,,,,,,,,,,,,,,,,,,,
weekly,16.0,Jester,12,0t8m7z91mdhjhvye,SUNNYD,171.5,starter_fantasy_points,Lowest starter fantasy points in a gameweek.,,,,,,,,,,3.0,4.0,6.0,,,,,,,,,,,,,,,,,,,,,,,,
weekly,17.0,Jester,1,avv7b4d5me2tlsrt,wmuck1,46.5,starter_fantasy_points,Lowest starter fantasy points in a gameweek.,,,,,,,,,,2.0,0.0,0.0,,,,,,,,,,,,,,,,,,,,,,,,
weekly,17.0,Jester,2,zxivny5tme3hojrx,Count Doku,67.5,starter_fantasy_points,Lowest starter fantasy points in a gameweek.,,,,,,,,,,1.0,0.0,3.0,,,,,,,,,,,,,,,,,,,,,,,,
weekly,17.0,Jester,3,eaz9h4hfme2wdh8p,epatel3,69.0,starter_fantasy_points,Lowest starter fantasy points in a gameweek.,,,,,,,,,,1.0,0.0,2.0,,,,,,,,,,,,,,,,,,,,,,,,
weekly,17.0,Jester,4,ih2b4z8ome1job2n,nhauptma,71.5,starter_fantasy_points,Lowest starter fantasy points in a gameweek.,,,,,,,,,,1.0,0.0,5.0,,,,,,,,,,,,,,,,,,,,,,,,
weekly,17.0,Jester,5,ne94j2bxme0vsmkq,Pot Splashers,91.0,starter_fantasy_points,Lowest starter fantasy points in a gameweek.,,,,,,,,,,0.0,5.0,0.0,,,,,,,,,,,,,,,,,,,,,,,,
weekly,17.0,Jester,6,zf53q9hdme32qmoe,Robertske,99.5,starter_fantasy_points,Lowest starter fantasy points in a gameweek.,,,,,,,,,,2.0,1.0,7.0,,,,,,,,,,,,,,,,,,,,,,,,
weekly,17.0,Jester,7,qocqs3wjme34472y,KindComet,109.5,starter_fantasy_points,Lowest starter fantasy points in a gameweek.,,,,,,,,,,3.0,1.0,4.0,,,,,,,,,,,,,,,,,,,,,,,,
weekly,17.0,Jester,8,fm7cv4p0me3j48nk,The Facerockers,122.5,starter_fantasy_points,Lowest starter fantasy points in a gameweek.,,,,,,,,,,2.0,1.0,5.0,,,,,,,,,,,,,,,,,,,,,,,,
weekly,17.0,Jester,9,ss2dromsme3cbmga,Berkshire’s Club,123.5,starter_fantasy_points,Lowest starter fantasy points in a gameweek.,,,,,,,,,,2.0,0.0,3.0,,,,,,,,,,,,,,,,,,,,,,,,
weekly,17.0,Jester,10,116s0o6ume0s7s58,Up the Arse-nal,131.5,starter_fantasy_points,Lowest starter fantasy points in a gameweek.,,,,,,,,,,1.0,2.0,5.0,,,,,,,,,,,,,,,,,,,,,,,,
weekly,17.0,Jester,11,xnt9wpm9me0us0r4,yudesh,133.0,starter_fantasy_points,Lowest starter fantasy points in a gameweek.,,,,,,,,,,2.0,2.0,2.0,,,,,,,,,,,,,,,,,,,,,,,,
weekly,17.0,Jester,12,0t8m7z91mdhjhvye,SUNNYD,135.0,starter_fantasy_points,Lowest starter fantasy points in a gameweek.,,,,,,,,,,3.0,0.0,6.0,,,,,,,,,,,,,,,,,,,,,,,,
weekly,18.0,Jester,1,ne94j2bxme0vsmkq,Pot Splashers,67.0,starter_fantasy_points,Lowest starter fantasy points in a gameweek.,,,,,,,,,,0.0,0.0,1.0,,,,,,,,,,,,,,,,,,,,,,,,
weekly,18.0,Jester,2,ih2b4z8ome1job2n,nhauptma,68.5,starter_fantasy_points,Lowest starter fantasy points in a gameweek.,,,,,,,,,,0.0,0.0,2.0,,,,,,,,,,,,,,,,,,,,,,,,
weekly,18.0,Jester,3,avv7b4d5me2tlsrt,wmuck1,73.5,starter_fantasy_points,Lowest starter fantasy points in a gameweek.,,,,,,,,,,0.0,1.0,2.0,,,,,,,,,,,,,,,,,,,,,,,,
weekly,18.0,Jester,4,zf53q9hdme32qmoe,Robertske,88.0,starter_fantasy_points,Lowest starter fantasy points in a gameweek.,,,,,,,,,,1.0,1.0,1.0,,,,,,,,,,,,,,,,,,,,,,,,
weekly,18.0,Jester,5,qocqs3wjme34472y,KindComet,88.5,starter_fantasy_points,Lowest starter fantasy points in a gameweek.,,,,,,,,,,1.0,2.0,0.0,,,,,,,,,,,,,,,,,,,,,,,,
weekly,18.0,Jester,6,eaz9h4hfme2wdh8p,epatel3,90.0,starter_fantasy_points,Lowest starter fantasy points in a gameweek.,,,,,,,,,,1.0,0.0,3.0,,,,,,,,,,,,,,,,,,,,,,,,
weekly,18.0,Jester,7,116s0o6ume0s7s58,Up the Arse-nal,109.0,starter_fantasy_points,Lowest starter fantasy points in a gameweek.,,,,,,,,,,0.0,3.0,1.0,,,,,,,,,,,,,,,,,,,,,,,,
weekly,18.0,Jester,8,fm7cv4p0me3j48nk,The Facerockers,119.5,starter_fantasy_points,Lowest starter fantasy points in a gameweek.,,,,,,,,,,4.0,1.0,1.0,,,,,,,,,,,,,,,,,,,,,,,,
weekly,18.0,Jester,9,zxivny5tme3hojrx,Count Doku,122.5,starter_fantasy_points,Lowest starter fantasy points in a gameweek.,,,,,,,,,,1.0,2.0,2.0,,,,,,,,,,,,,,,,,,,,,,,,
weekly,18.0,Jester,10,ss2dromsme3cbmga,Berkshire’s Club,129.0,starter_fantasy_points,Lowest starter fantasy points in a gameweek.,,,,,,,,,,2.0,1.0,4.0,,,,,,,,,,,,,,,,,,,,,,,,
weekly,18.0,Jester,11,0t8m7z91mdhjhvye,SUNNYD,151.0,starter_fantasy_points,Lowest starter fantasy points in a gameweek.,,,,,,,,,,3.0,1.0,3.0,,,,,,,,,,,,,,,,,,,,,,,,
weekly,18.0,Jester,12,xnt9wpm9me0us0r4,yudesh,160.0,starter_fantasy_points,Lowest starter fantasy points in a gameweek.,,,,,,,,,,2.0,0.0,4.0,,,,,,,,,,,,,,,,,,,,,,,,
weekly,19.0,Jester,1,avv7b4d5me2tlsrt,wmuck1,80.0,starter_fantasy_points,Lowest starter fantasy points in a gameweek.,,,,,,,,,,1.0,1.0,2.0,,,,,,,,,,,,,,,,,,,,,,,,
weekly,19.0,Jester,2,fm7cv4p0me3j48nk,The Facerockers,91.0,starter_fantasy_points,Lowest starter fantasy points in a gameweek.,,,,,,,,,,0.0,1.0,5.0,,,,,,,,,,,,,,,,,,,,,,,,
weekly,19.0,Jester,3,ne94j2bxme0vsmkq,Pot Splashers,94.0,starter_fantasy_points,Lowest starter fantasy points in a gameweek.,,,,,,,,,,1.0,2.0,1.0,,,,,,,,,,,,,,,,,,,,,,,,
weekly,19.0,Jester,4,xnt9wpm9me0us0r4,yudesh,95.5,starter_fantasy_points,Lowest starter fantasy points in a gameweek.,,,,,,,,,,1.0,0.0,1.0,,,,,,,,,,,,,,,,,,,,,,,,
weekly,19.0,Jester,5,zf53q9hdme32qmoe,Robertske,96.0,starter_fantasy_points,Lowest starter fantasy points in a gameweek.,,,,,,,,,,1.0,1.0,3.0,,,,,,,,,,,,,,,,,,,,,,,,
weekly,19.0,Jester,6,qocqs3wjme34472y,KindComet,99.0,starter_fantasy_points,Lowest starter fantasy points in a gameweek.,,,,,,,,,,1.0,0.0,3.0,,,,,,,,,,,,,,,,,,,,,,,,
weekly,19.0,Jester,7,ih2b4z8ome1job2n,nhauptma,109.5,starter_fantasy_points,Lowest starter fantasy points in a gameweek.,,,,,,,,,,1.0,2.0,4.0,,,,,,,,,,,,,,,,,,,,,,,,
weekly,19.0,Jester,8,0t8m7z91mdhjhvye,SUNNYD,111.0,starter_fantasy_points,Lowest starter fantasy points in a gameweek.,,,,,,,,,,0.0,1.0,7.0,,,,,,,,,,,,,,,,,,,,,,,,
weekly,19.0,Jester,9,zxivny5tme3hojrx,Count Doku,112.5,starter_fantasy_points,Lowest starter fantasy points in a gameweek.,,,,,,,,,,0.0,1.0,5.0,,,,,,,,,,,,,,,,,,,,,,,,
weekly,19.0,Jester,10,116s0o6ume0s7s58,Up the Arse-nal,116.5,starter_fantasy_points,Lowest starter fantasy points in a gameweek.,,,,,,,,,,2.0,2.0,4.0,,,,,,,,,,,,,,,,,,,,,,,,
weekly,19.0,Jester,11,eaz9h4hfme2wdh8p,epatel3,125.0,starter_fantasy_points,Lowest starter fantasy points in a gameweek.,,,,,,,,,,3.0,0.0,3.0,,,,,,,,,,,,,,,,,,,,,,,,
weekly,19.0,Jester,12,ss2dromsme3cbmga,Berkshire’s Club,157.5,starter_fantasy_points,Lowest starter fantasy points in a gameweek.,,,,,,,,,,2.0,2.0,6.0,,,,,,,,,,,,,,,,,,,,,,,,
weekly,20.0,Jester,1,avv7b4d5me2tlsrt,wmuck1,36.5,starter_fantasy_points,Lowest starter fantasy points in a gameweek.,,,,,,,,,,0.0,1.0,1.0,,,,,,,,,,,,,,,,,,,,,,,,
weekly,20.0,Jester,2,zf53q9hdme32qmoe,Robertske,55.0,starter_fantasy_points,Lowest starter fantasy points in a gameweek.,,,,,,,,,,0.0,0.0,1.0,,,,,,,,,,,,,,,,,,,,,,,,
weekly,20.0,Jester,3,fm7cv4p0me3j48nk,The Facerockers,63.5,starter_fantasy_points,Lowest starter fantasy points in a gameweek.,,,,,,,,,,2.0,1.0,0.0,,,,,,,,,,,,,,,,,,,,,,,,
weekly,20.0,Jester,4,eaz9h4hfme2wdh8p,epatel3,73.0,starter_fantasy_points,Lowest starter fantasy points in a gameweek.,,,,,,,,,,1.0,0.0,1.0,,,,,,,,,,,,,,,,,,,,,,,,
weekly,20.0,Jester,5,zxivny5tme3hojrx,Count Doku,76.5,starter_fantasy_points,Lowest starter fantasy points in a gameweek.,,,,,,,,,,1.0,2.0,1.0,,,,,,,,,,,,,,,,,,,,,,,,
weekly,20.0,Jester,6,116s0o6ume0s7s58,Up the Arse-nal,77.0,starter_fantasy_points,Lowest starter fantasy points in a gameweek.,,,,,,,,,,1.0,1.0,1.0,,,,,,,,,,,,,,,,,,,,,,,,
weekly,20.0,Jester,7,ne94j2bxme0vsmkq,Pot Splashers,86.5,starter_fantasy_points,Lowest starter fantasy points in a gameweek.,,,,,,,,,,1.0,2.0,1.0,,,,,,,,,,,,,,,,,,,,,,,,
weekly,20.0,Jester,8,ss2dromsme3cbmga,Berkshire’s Club,92.0,starter_fantasy_points,Lowest starter fantasy points in a gameweek.,,,,,,,,,,1.0,2.0,1.0,,,,,,,,,,,,,,,,,,,,,,,,
weekly,20.0,Jester,9,xnt9wpm9me0us0r4,yudesh,102.5,starter_fantasy_points,Lowest starter fantasy points in a gameweek.,,,,,,,,,,2.0,1.0,4.0,,,,,,,,,,,,,,,,,,,,,,,,
weekly,20.0,Jester,10,ih2b4z8ome1job2n,nhauptma,111.5,starter_fantasy_points,Lowest starter fantasy points in a gameweek.,,,,,,,,,,1.0,1.0,2.0,,,,,,,,,,,,,,,,,,,,,,,,
weekly,20.0,Jester,11,0t8m7z91mdhjhvye,SUNNYD,120.5,starter_fantasy_points,Lowest starter fantasy points in a gameweek.,,,,,,,,,,1.0,1.0,2.0,,,,,,,,,,,,,,,,,,,,,,,,
weekly,20.0,Jester,12,qocqs3wjme34472y,KindComet,165.0,starter_fantasy_points,Lowest starter fantasy points in a gameweek.,,,,,,,,,,6.0,2.0,3.0,,,,,,,,,,,,,,,,,,,,,,,,
weekly,21.0,Jester,1,avv7b4d5me2tlsrt,wmuck1,60.5,starter_fantasy_points,Lowest starter fantasy points in a gameweek.,,,,,,,,,,1.0,1.0,1.0,,,,,,,,,,,,,,,,,,,,,,,,
weekly,21.0,Jester,2,0t8m7z91mdhjhvye,SUNNYD,61.0,starter_fantasy_points,Lowest starter fantasy points in a gameweek.,,,,,,,,,,0.0,1.0,3.0,,,,,,,,,,,,,,,,,,,,,,,,
weekly,21.0,Jester,3,zf53q9hdme32qmoe,Robertske,80.5,starter_fantasy_points,Lowest starter fantasy points in a gameweek.,,,,,,,,,,1.0,0.0,1.0,,,,,,,,,,,,,,,,,,,,,,,,
weekly,21.0,Jester,4,ne94j2bxme0vsmkq,Pot Splashers,84.5,starter_fantasy_points,Lowest starter fantasy points in a gameweek.,,,,,,,,,,1.0,0.0,2.0,,,,,,,,,,,,,,,,,,,,,,,,
weekly,21.0,Jester,5,eaz9h4hfme2wdh8p,epatel3,93.0,starter_fantasy_points,Lowest starter fantasy points in a gameweek.,,,,,,,,,,0.0,0.0,5.0,,,,,,,,,,,,,,,,,,,,,,,,
weekly,21.0,Jester,6,ss2dromsme3cbmga,Berkshire’s Club,99.0,starter_fantasy_points,Lowest starter fantasy points in a gameweek.,,,,,,,,,,2.0,0.0,3.0,,,,,,,,,,,,,,,,,,,,,,,,
weekly,21.0,Jester,7,ih2b4z8ome1job2n,nhauptma,104.5,starter_fantasy_points,Lowest starter fantasy points in a gameweek.,,,,,,,,,,2.0,0.0,3.0,,,,,,,,,,,,,,,,,,,,,,,,
weekly,21.0,Jester,8,qocqs3wjme34472y,KindComet,107.5,starter_fantasy_points,Lowest starter fantasy points in a gameweek.,,,,,,,,,,3.0,1.0,3.0,,,,,,,,,,,,,,,,,,,,,,,,
weekly,21.0,Jester,9,fm7cv4p0me3j48nk,The Facerockers,109.0,starter_fantasy_points,Lowest starter fantasy points in a gameweek.,,,,,,,,,,2.0,3.0,4.0,,,,,,,,,,,,,,,,,,,,,,,,
weekly,21.0,Jester,10,zxivny5tme3hojrx,Count Doku,116.5,starter_fantasy_points,Lowest starter fantasy points in a gameweek.,,,,,,,,,,2.0,2.0,3.0,,,,,,,,,,,,,,,,,,,,,,,,
weekly,21.0,Jester,11,116s0o6ume0s7s58,Up the Arse-nal,163.0,starter_fantasy_points,Lowest starter fantasy points in a gameweek.,,,,,,,,,,2.0,3.0,5.0,,,,,,,,,,,,,,,,,,,,,,,,
weekly,21.0,Jester,12,xnt9wpm9me0us0r4,yudesh,165.0,starter_fantasy_points,Lowest starter fantasy points in a gameweek.,,,,,,,,,,2.0,5.0,1.0,,,,,,,,,,,,,,,,,,,,,,,,
weekly,22.0,Jester,1,zf53q9hdme32qmoe,Robertske,38.0,starter_fantasy_points,Lowest starter fantasy points in a gameweek.,,,,,,,,,,0.0,0.0,2.0,,,,,,,,,,,,,,,,,,,,,,,,
weekly,22.0,Jester,2,ss2dromsme3cbmga,Berkshire’s Club,66.5,starter_fantasy_points,Lowest starter fantasy points in a gameweek.,,,,,,,,,,0.0,0.0,2.0,,,,,,,,,,,,,,,,,,,,,,,,
weekly,22.0,Jester,3,avv7b4d5me2tlsrt,wmuck1,76.0,starter_fantasy_points,Lowest starter fantasy points in a gameweek.,,,,,,,,,,0.0,1.0,5.0,,,,,,,,,,,,,,,,,,,,,,,,
weekly,22.0,Jester,4,zxivny5tme3hojrx,Count Doku,77.0,starter_fantasy_points,Lowest starter fantasy points in a gameweek.,,,,,,,,,,1.0,0.0,4.0,,,,,,,,,,,,,,,,,,,,,,,,
weekly,22.0,Jester,5,fm7cv4p0me3j48nk,The Facerockers,80.0,starter_fantasy_points,Lowest starter fantasy points in a gameweek.,,,,,,,,,,0.0,0.0,4.0,,,,,,,,,,,,,,,,,,,,,,,,
weekly,22.0,Jester,6,116s0o6ume0s7s58,Up the Arse-nal,87.5,starter_fantasy_points,Lowest starter fantasy points in a gameweek.,,,,,,,,,,0.0,1.0,6.0,,,,,,,,,,,,,,,,,,,,,,,,
weekly,22.0,Jester,7,eaz9h4hfme2wdh8p,epatel3,114.0,starter_fantasy_points,Lowest starter fantasy points in a gameweek.,,,,,,,,,,2.0,0.0,7.0,,,,,,,,,,,,,,,,,,,,,,,,
weekly,22.0,Jester,8,qocqs3wjme34472y,KindComet,116.5,starter_fantasy_points,Lowest starter fantasy points in a gameweek.,,,,,,,,,,1.0,1.0,4.0,,,,,,,,,,,,,,,,,,,,,,,,
weekly,22.0,Jester,9,ih2b4z8ome1job2n,nhauptma,126.0,starter_fantasy_points,Lowest starter fantasy points in a gameweek.,,,,,,,,,,1.0,1.0,6.0,,,,,,,,,,,,,,,,,,,,,,,,
weekly,22.0,Jester,10,0t8m7z91mdhjhvye,SUNNYD,127.0,starter_fantasy_points,Lowest starter fantasy points in a gameweek.,,,,,,,,,,0.0,3.0,1.0,,,,,,,,,,,,,,,,,,,,,,,,
weekly,22.0,Jester,11,ne94j2bxme0vsmkq,Pot Splashers,129.0,starter_fantasy_points,Lowest starter fantasy points in a gameweek.,,,,,,,,,,2.0,0.0,7.0,,,,,,,,,,,,,,,,,,,,,,,,
weekly,22.0,Jester,12,xnt9wpm9me0us0r4,yudesh,133.0,starter_fantasy_points,Lowest starter fantasy points in a gameweek.,,,,,,,,,,2.0,0.0,6.0,,,,,,,,,,,,,,,,,,,,,,,,
weekly,23.0,Jester,1,116s0o6ume0s7s58,Up the Arse-nal,44.5,starter_fantasy_points,Lowest starter fantasy points in a gameweek.,,,,,,,,,,0.0,1.0,2.0,,,,,,,,,,,,,,,,,,,,,,,,
weekly,23.0,Jester,2,zxivny5tme3hojrx,Count Doku,59.0,starter_fantasy_points,Lowest starter fantasy points in a gameweek.,,,,,,,,,,0.0,1.0,2.0,,,,,,,,,,,,,,,,,,,,,,,,
weekly,23.0,Jester,3,qocqs3wjme34472y,KindComet,64.5,starter_fantasy_points,Lowest starter fantasy points in a gameweek.,,,,,,,,,,1.0,1.0,3.0,,,,,,,,,,,,,,,,,,,,,,,,
weekly,23.0,Jester,4,zf53q9hdme32qmoe,Robertske,70.0,starter_fantasy_points,Lowest starter fantasy points in a gameweek.,,,,,,,,,,1.0,0.0,3.0,,,,,,,,,,,,,,,,,,,,,,,,
weekly,23.0,Jester,5,ne94j2bxme0vsmkq,Pot Splashers,72.5,starter_fantasy_points,Lowest starter fantasy points in a gameweek.,,,,,,,,,,1.0,0.0,1.0,,,,,,,,,,,,,,,,,,,,,,,,
weekly,23.0,Jester,6,avv7b4d5me2tlsrt,wmuck1,95.5,starter_fantasy_points,Lowest starter fantasy points in a gameweek.,,,,,,,,,,2.0,1.0,2.0,,,,,,,,,,,,,,,,,,,,,,,,
weekly,23.0,Jester,7,ih2b4z8ome1job2n,nhauptma,97.0,starter_fantasy_points,Lowest starter fantasy points in a gameweek.,,,,,,,,,,1.0,1.0,1.0,,,,,,,,,,,,,,,,,,,,,,,,
weekly,23.0,Jester,8,0t8m7z91mdhjhvye,SUNNYD,98.0,starter_fantasy_points,Lowest starter fantasy points in a gameweek.,,,,,,,,,,1.0,1.0,2.0,,,,,,,,,,,,,,,,,,,,,,,,
weekly,23.0,Jester,9,fm7cv4p0me3j48nk,The Facerockers,113.5,starter_fantasy_points,Lowest starter fantasy points in a gameweek.,,,,,,,,,,4.0,0.0,2.0,,,,,,,,,,,,,,,,,,,,,,,,
weekly,23.0,Jester,10,eaz9h4hfme2wdh8p,epatel3,118.5,starter_fantasy_points,Lowest starter fantasy points in a gameweek.,,,,,,,,,,2.0,1.0,2.0,,,,,,,,,,,,,,,,,,,,,,,,
weekly,23.0,Jester,11,xnt9wpm9me0us0r4,yudesh,118.5,starter_fantasy_points,Lowest starter fantasy points in a gameweek.,,,,,,,,,,2.0,1.0,1.0,,,,,,,,,,,,,,,,,,,,,,,,
weekly,23.0,Jester,12,ss2dromsme3cbmga,Berkshire’s Club,152.0,starter_fantasy_points,Lowest starter fantasy points in a gameweek.,,,,,,,,,,3.0,3.0,4.0,,,,,,,,,,,,,,,,,,,,,,,,
weekly,24.0,Jester,1,qocqs3wjme34472y,KindComet,80.0,starter_fantasy_points,Lowest starter fantasy points in a gameweek.,,,,,,,,,,1.0,0.0,4.0,,,,,,,,,,,,,,,,,,,,,,,,
weekly,24.0,Jester,2,ne94j2bxme0vsmkq,Pot Splashers,91.5,starter_fantasy_points,Lowest starter fantasy points in a gameweek.,,,,,,,,,,2.0,0.0,1.0,,,,,,,,,,,,,,,,,,,,,,,,
weekly,24.0,Jester,3,fm7cv4p0me3j48nk,The Facerockers,99.0,starter_fantasy_points,Lowest starter fantasy points in a gameweek.,,,,,,,,,,2.0,0.0,2.0,,,,,,,,,,,,,,,,,,,,,,,,
weekly,24.0,Jester,4,116s0o6ume0s7s58,Up the Arse-nal,102.5,starter_fantasy_points,Lowest starter fantasy points in a gameweek.,,,,,,,,,,1.0,3.0,4.0,,,,,,,,,,,,,,,,,,,,,,,,
weekly,24.0,Jester,5,zf53q9hdme32qmoe,Robertske,103.5,starter_fantasy_points,Lowest starter fantasy points in a gameweek.,,,,,,,,,,1.0,2.0,2.0,,,,,,,,,,,,,,,,,,,,,,,,
weekly,24.0,Jester,6,xnt9wpm9me0us0r4,yudesh,104.0,starter_fantasy_points,Lowest starter fantasy points in a gameweek.,,,,,,,,,,2.0,1.0,1.0,,,,,,,,,,,,,,,,,,,,,,,,
weekly,24.0,Jester,7,0t8m7z91mdhjhvye,SUNNYD,104.5,starter_fantasy_points,Lowest starter fantasy points in a gameweek.,,,,,,,,,,2.0,1.0,2.0,,,,,,,,,,,,,,,,,,,,,,,,
weekly,24.0,Jester,8,zxivny5tme3hojrx,Count Doku,106.0,starter_fantasy_points,Lowest starter fantasy points in a gameweek.,,,,,,,,,,2.0,2.0,3.0,,,,,,,,,,,,,,,,,,,,,,,,
weekly,24.0,Jester,9,ih2b4z8ome1job2n,nhauptma,110.0,starter_fantasy_points,Lowest starter fantasy points in a gameweek.,,,,,,,,,,2.0,0.0,3.0,,,,,,,,,,,,,,,,,,,,,,,,
weekly,24.0,Jester,10,avv7b4d5me2tlsrt,wmuck1,114.0,starter_fantasy_points,Lowest starter fantasy points in a gameweek.,,,,,,,,,,2.0,2.0,4.0,,,,,,,,,,,,,,,,,,,,,,,,
weekly,24.0,Jester,11,ss2dromsme3cbmga,Berkshire’s Club,118.0,starter_fantasy_points,Lowest starter fantasy points in a gameweek.,,,,,,,,,,2.0,0.0,2.0,,,,,,,,,,,,,,,,,,,,,,,,
weekly,24.0,Jester,12,eaz9h4hfme2wdh8p,epatel3,135.5,starter_fantasy_points,Lowest starter fantasy points in a gameweek.,,,,,,,,,,3.0,4.0,3.0,,,,,,,,,,,,,,,,,,,,,,,,
weekly,25.0,Jester,1,zxivny5tme3hojrx,Count Doku,43.0,starter_fantasy_points,Lowest starter fantasy points in a gameweek.,,,,,,,,,,0.0,0.0,2.0,,,,,,,,,,,,,,,,,,,,,,,,
weekly,25.0,Jester,2,fm7cv4p0me3j48nk,The Facerockers,66.5,starter_fantasy_points,Lowest starter fantasy points in a gameweek.,,,,,,,,,,1.0,1.0,1.0,,,,,,,,,,,,,,,,,,,,,,,,
weekly,25.0,Jester,3,0t8m7z91mdhjhvye,SUNNYD,71.5,starter_fantasy_points,Lowest starter fantasy points in a gameweek.,,,,,,,,,,1.0,0.0,3.0,,,,,,,,,,,,,,,,,,,,,,,,
weekly,25.0,Jester,4,116s0o6ume0s7s58,Up the Arse-nal,93.5,starter_fantasy_points,Lowest starter fantasy points in a gameweek.,,,,,,,,,,1.0,1.0,4.0,,,,,,,,,,,,,,,,,,,,,,,,
weekly,25.0,Jester,5,xnt9wpm9me0us0r4,yudesh,95.5,starter_fantasy_points,Lowest starter fantasy points in a gameweek.,,,,,,,,,,0.0,1.0,3.0,,,,,,,,,,,,,,,,,,,,,,,,
weekly,25.0,Jester,6,zf53q9hdme32qmoe,Robertske,98.5,starter_fantasy_points,Lowest starter fantasy points in a gameweek.,,,,,,,,,,1.0,3.0,2.0,,,,,,,,,,,,,,,,,,,,,,,,
weekly,25.0,Jester,7,avv7b4d5me2tlsrt,wmuck1,100.0,starter_fantasy_points,Lowest starter fantasy points in a gameweek.,,,,,,,,,,0.0,2.0,2.0,,,,,,,,,,,,,,,,,,,,,,,,
weekly,25.0,Jester,8,ih2b4z8ome1job2n,nhauptma,100.5,starter_fantasy_points,Lowest starter fantasy points in a gameweek.,,,,,,,,,,3.0,0.0,2.0,,,,,,,,,,,,,,,,,,,,,,,,
weekly,25.0,Jester,9,ne94j2bxme0vsmkq,Pot Splashers,128.5,starter_fantasy_points,Lowest starter fantasy points in a gameweek.,,,,,,,,,,4.0,0.0,2.0,,,,,,,,,,,,,,,,,,,,,,,,
weekly,25.0,Jester,10,qocqs3wjme34472y,KindComet,133.5,starter_fantasy_points,Lowest starter fantasy points in a gameweek.,,,,,,,,,,3.0,0.0,2.0,,,,,,,,,,,,,,,,,,,,,,,,
weekly,25.0,Jester,11,ss2dromsme3cbmga,Berkshire’s Club,137.0,starter_fantasy_points,Lowest starter fantasy points in a gameweek.,,,,,,,,,,1.0,3.0,5.0,,,,,,,,,,,,,,,,,,,,,,,,
weekly,25.0,Jester,12,eaz9h4hfme2wdh8p,epatel3,143.0,starter_fantasy_points,Lowest starter fantasy points in a gameweek.,,,,,,,,,,2.0,3.0,5.0,,,,,,,,,,,,,,,,,,,,,,,,
weekly,26.0,Jester,1,xnt9wpm9me0us0r4,yudesh,63.5,starter_fantasy_points,Lowest starter fantasy points in a gameweek.,,,,,,,,,,0.0,0.0,3.0,,,,,,,,,,,,,,,,,,,,,,,,
weekly,26.0,Jester,2,avv7b4d5me2tlsrt,wmuck1,65.5,starter_fantasy_points,Lowest starter fantasy points in a gameweek.,,,,,,,,,,1.0,0.0,1.0,,,,,,,,,,,,,,,,,,,,,,,,
weekly,26.0,Jester,3,zf53q9hdme32qmoe,Robertske,73.5,starter_fantasy_points,Lowest starter fantasy points in a gameweek.,,,,,,,,,,2.0,2.0,3.0,,,,,,,,,,,,,,,,,,,,,,,,
weekly,26.0,Jester,4,116s0o6ume0s7s58,Up the Arse-nal,74.0,starter_fantasy_points,Lowest starter fantasy points in a gameweek.,,,,,,,,,,0.0,1.0,2.0,,,,,,,,,,,,,,,,,,,,,,,,
weekly,26.0,Jester,5,ih2b4z8ome1job2n,nhauptma,76.0,starter_fantasy_points,Lowest starter fantasy points in a gameweek.,,,,,,,,,,0.0,1.0,2.0,,,,,,,,,,,,,,,,,,,,,,,,
weekly,26.0,Jester,6,qocqs3wjme34472y,KindComet,92.0,starter_fantasy_points,Lowest starter fantasy points in a gameweek.,,,,,,,,,,1.0,1.0,1.0,,,,,,,,,,,,,,,,,,,,,,,,
weekly,26.0,Jester,7,fm7cv4p0me3j48nk,The Facerockers,104.5,starter_fantasy_points,Lowest starter fantasy points in a gameweek.,,,,,,,,,,1.0,1.0,4.0,,,,,,,,,,,,,,,,,,,,,,,,
weekly,26.0,Jester,8,zxivny5tme3hojrx,Count Doku,107.0,starter_fantasy_points,Lowest starter fantasy points in a gameweek.,,,,,,,,,,0.0,2.0,2.0,,,,,,,,,,,,,,,,,,,,,,,,
weekly,26.0,Jester,9,eaz9h4hfme2wdh8p,epatel3,110.5,starter_fantasy_points,Lowest starter fantasy points in a gameweek.,,,,,,,,,,1.0,2.0,1.0,,,,,,,,,,,,,,,,,,,,,,,,
weekly,26.0,Jester,10,0t8m7z91mdhjhvye,SUNNYD,111.5,starter_fantasy_points,Lowest starter fantasy points in a gameweek.,,,,,,,,,,1.0,0.0,4.0,,,,,,,,,,,,,,,,,,,,,,,,
weekly,26.0,Jester,11,ne94j2bxme0vsmkq,Pot Splashers,113.0,starter_fantasy_points,Lowest starter fantasy points in a gameweek.,,,,,,,,,,3.0,2.0,1.0,,,,,,,,,,,,,,,,,,,,,,,,
weekly,26.0,Jester,12,ss2dromsme3cbmga,Berkshire’s Club,154.5,starter_fantasy_points,Lowest starter fantasy points in a gameweek.,,,,,,,,,,3.0,4.0,4.0,,,,,,,,,,,,,,,,,,,,,,,,
weekly,27.0,Jester,1,qocqs3wjme34472y,KindComet,72.5,starter_fantasy_points,Lowest starter fantasy points in a gameweek.,,,,,,,,,,0.0,0.0,3.0,,,,,,,,,,,,,,,,,,,,,,,,
weekly,27.0,Jester,2,116s0o6ume0s7s58,Up the Arse-nal,87.5,starter_fantasy_points,Lowest starter fantasy points in a gameweek.,,,,,,,,,,0.0,1.0,4.0,,,,,,,,,,,,,,,,,,,,,,,,
weekly,27.0,Jester,3,avv7b4d5me2tlsrt,wmuck1,90.0,starter_fantasy_points,Lowest starter fantasy points in a gameweek.,,,,,,,,,,0.0,0.0,8.0,,,,,,,,,,,,,,,,,,,,,,,,
weekly,27.0,Jester,4,xnt9wpm9me0us0r4,yudesh,90.0,starter_fantasy_points,Lowest starter fantasy points in a gameweek.,,,,,,,,,,1.0,0.0,3.0,,,,,,,,,,,,,,,,,,,,,,,,
weekly,27.0,Jester,5,zxivny5tme3hojrx,Count Doku,90.5,starter_fantasy_points,Lowest starter fantasy points in a gameweek.,,,,,,,,,,1.0,0.0,3.0,,,,,,,,,,,,,,,,,,,,,,,,
weekly,27.0,Jester,6,ne94j2bxme0vsmkq,Pot Splashers,96.5,starter_fantasy_points,Lowest starter fantasy points in a gameweek.,,,,,,,,,,0.0,0.0,5.0,,,,,,,,,,,,,,,,,,,,,,,,
weekly,27.0,Jester,7,0t8m7z91mdhjhvye,SUNNYD,100.5,starter_fantasy_points,Lowest starter fantasy points in a gameweek.,,,,,,,,,,0.0,2.0,3.0,,,,,,,,,,,,,,,,,,,,,,,,
weekly,27.0,Jester,8,zf53q9hdme32qmoe,Robertske,102.5,starter_fantasy_points,Lowest starter fantasy points in a gameweek.,,,,,,,,,,2.0,1.0,3.0,,,,,,,,,,,,,,,,,,,,,,,,
weekly,27.0,Jester,9,ss2dromsme3cbmga,Berkshire’s Club,111.0,starter_fantasy_points,Lowest starter fantasy points in a gameweek.,,,,,,,,,,1.0,0.0,5.0,,,,,,,,,,,,,,,,,,,,,,,,
weekly,27.0,Jester,10,eaz9h4hfme2wdh8p,epatel3,116.0,starter_fantasy_points,Lowest starter fantasy points in a gameweek.,,,,,,,,,,4.0,0.0,4.0,,,,,,,,,,,,,,,,,,,,,,,,
weekly,27.0,Jester,11,fm7cv4p0me3j48nk,The Facerockers,139.0,starter_fantasy_points,Lowest starter fantasy points in a gameweek.,,,,,,,,,,0.0,3.0,7.0,,,,,,,,,,,,,,,,,,,,,,,,
weekly,27.0,Jester,12,ih2b4z8ome1job2n,nhauptma,156.5,starter_fantasy_points,Lowest starter fantasy points in a gameweek.,,,,,,,,,,2.0,2.0,5.0,,,,,,,,,,,,,,,,,,,,,,,,
weekly,28.0,Jester,1,zf53q9hdme32qmoe,Robertske,30.0,starter_fantasy_points,Lowest starter fantasy points in a gameweek.,,,,,,,,,,0.0,0.0,2.0,,,,,,,,,,,,,,,,,,,,,,,,
weekly,28.0,Jester,2,zxivny5tme3hojrx,Count Doku,45.5,starter_fantasy_points,Lowest starter fantasy points in a gameweek.,,,,,,,,,,0.0,1.0,0.0,,,,,,,,,,,,,,,,,,,,,,,,
weekly,28.0,Jester,3,xnt9wpm9me0us0r4,yudesh,81.5,starter_fantasy_points,Lowest starter fantasy points in a gameweek.,,,,,,,,,,0.0,2.0,1.0,,,,,,,,,,,,,,,,,,,,,,,,
weekly,28.0,Jester,4,fm7cv4p0me3j48nk,The Facerockers,85.5,starter_fantasy_points,Lowest starter fantasy points in a gameweek.,,,,,,,,,,3.0,1.0,1.0,,,,,,,,,,,,,,,,,,,,,,,,
weekly,28.0,Jester,5,qocqs3wjme34472y,KindComet,91.0,starter_fantasy_points,Lowest starter fantasy points in a gameweek.,,,,,,,,,,2.0,0.0,0.0,,,,,,,,,,,,,,,,,,,,,,,,
weekly,28.0,Jester,6,avv7b4d5me2tlsrt,wmuck1,103.5,starter_fantasy_points,Lowest starter fantasy points in a gameweek.,,,,,,,,,,2.0,3.0,0.0,,,,,,,,,,,,,,,,,,,,,,,,
weekly,28.0,Jester,7,ne94j2bxme0vsmkq,Pot Splashers,111.5,starter_fantasy_points,Lowest starter fantasy points in a gameweek.,,,,,,,,,,3.0,1.0,0.0,,,,,,,,,,,,,,,,,,,,,,,,
weekly,28.0,Jester,8,0t8m7z91mdhjhvye,SUNNYD,121.0,starter_fantasy_points,Lowest starter fantasy points in a gameweek.,,,,,,,,,,2.0,2.0,3.0,,,,,,,,,,,,,,,,,,,,,,,,
weekly,28.0,Jester,9,eaz9h4hfme2wdh8p,epatel3,122.5,starter_fantasy_points,Lowest starter fantasy points in a gameweek.,,,,,,,,,,3.0,2.0,1.0,,,,,,,,,,,,,,,,,,,,,,,,
weekly,28.0,Jester,10,ss2dromsme3cbmga,Berkshire’s Club,133.0,starter_fantasy_points,Lowest starter fantasy points in a gameweek.,,,,,,,,,,1.0,3.0,2.0,,,,,,,,,,,,,,,,,,,,,,,,
weekly,28.0,Jester,11,ih2b4z8ome1job2n,nhauptma,147.0,starter_fantasy_points,Lowest starter fantasy points in a gameweek.,,,,,,,,,,2.0,1.0,2.0,,,,,,,,,,,,,,,,,,,,,,,,
weekly,28.0,Jester,12,116s0o6ume0s7s58,Up the Arse-nal,157.5,starter_fantasy_points,Lowest starter fantasy points in a gameweek.,,,,,,,,,,4.0,5.0,0.0,,,,,,,,,,,,,,,,,,,,,,,,
weekly,29.0,Jester,1,zf53q9hdme32qmoe,Robertske,50.5,starter_fantasy_points,Lowest starter fantasy points in a gameweek.,,,,,,,,,,1.0,1.0,0.0,,,,,,,,,,,,,,,,,,,,,,,,
weekly,29.0,Jester,2,avv7b4d5me2tlsrt,wmuck1,58.5,starter_fantasy_points,Lowest starter fantasy points in a gameweek.,,,,,,,,,,0.0,1.0,2.0,,,,,,,,,,,,,,,,,,,,,,,,
weekly,29.0,Jester,3,qocqs3wjme34472y,KindComet,72.0,starter_fantasy_points,Lowest starter fantasy points in a gameweek.,,,,,,,,,,0.0,1.0,3.0,,,,,,,,,,,,,,,,,,,,,,,,
weekly,29.0,Jester,4,fm7cv4p0me3j48nk,The Facerockers,78.0,starter_fantasy_points,Lowest starter fantasy points in a gameweek.,,,,,,,,,,2.0,0.0,2.0,,,,,,,,,,,,,,,,,,,,,,,,
weekly,29.0,Jester,5,ne94j2bxme0vsmkq,Pot Splashers,85.5,starter_fantasy_points,Lowest starter fantasy points in a gameweek.,,,,,,,,,,2.0,0.0,3.0,,,,,,,,,,,,,,,,,,,,,,,,
weekly,29.0,Jester,6,ih2b4z8ome1job2n,nhauptma,105.5,starter_fantasy_points,Lowest starter fantasy points in a gameweek.,,,,,,,,,,2.0,0.0,3.0,,,,,,,,,,,,,,,,,,,,,,,,
weekly,29.0,Jester,7,xnt9wpm9me0us0r4,yudesh,105.5,starter_fantasy_points,Lowest starter fantasy points in a gameweek.,,,,,,,,,,2.0,1.0,4.0,,,,,,,,,,,,,,,,,,,,,,,,
weekly,29.0,Jester,8,zxivny5tme3hojrx,Count Doku,120.5,starter_fantasy_points,Lowest starter fantasy points in a gameweek.,,,,,,,,,,1.0,2.0,4.0,,,,,,,,,,,,,,,,,,,,,,,,
weekly,29.0,Jester,9,0t8m7z91mdhjhvye,SUNNYD,124.5,starter_fantasy_points,Lowest starter fantasy points in a gameweek.,,,,,,,,,,2.0,1.0,6.0,,,,,,,,,,,,,,,,,,,,,,,,
weekly,29.0,Jester,10,eaz9h4hfme2wdh8p,epatel3,128.0,starter_fantasy_points,Lowest starter fantasy points in a gameweek.,,,,,,,,,,5.0,1.0,6.0,,,,,,,,,,,,,,,,,,,,,,,,
weekly,29.0,Jester,11,116s0o6ume0s7s58,Up the Arse-nal,134.0,starter_fantasy_points,Lowest starter fantasy points in a gameweek.,,,,,,,,,,1.0,2.0,7.0,,,,,,,,,,,,,,,,,,,,,,,,
weekly,29.0,Jester,12,ss2dromsme3cbmga,Berkshire’s Club,142.5,starter_fantasy_points,Lowest starter fantasy points in a gameweek.,,,,,,,,,,2.0,1.0,2.0,,,,,,,,,,,,,,,,,,,,,,,,
weekly,30.0,Jester,1,zf53q9hdme32qmoe,Robertske,61.0,starter_fantasy_points,Lowest starter fantasy points in a gameweek.,,,,,,,,,,0.0,0.0,1.0,,,,,,,,,,,,,,,,,,,,,,,,
weekly,30.0,Jester,2,116s0o6ume0s7s58,Up the Arse-nal,69.0,starter_fantasy_points,Lowest starter fantasy points in a gameweek.,,,,,,,,,,0.0,2.0,2.0,,,,,,,,,,,,,,,,,,,,,,,,
weekly,30.0,Jester,3,ih2b4z8ome1job2n,nhauptma,72.0,starter_fantasy_points,Lowest starter fantasy points in a gameweek.,,,,,,,,,,1.0,0.0,3.0,,,,,,,,,,,,,,,,,,,,,,,,
weekly,30.0,Jester,4,ss2dromsme3cbmga,Berkshire’s Club,89.5,starter_fantasy_points,Lowest starter fantasy points in a gameweek.,,,,,,,,,,1.0,1.0,3.0,,,,,,,,,,,,,,,,,,,,,,,,
weekly,30.0,Jester,5,avv7b4d5me2tlsrt,wmuck1,100.5,starter_fantasy_points,Lowest starter fantasy points in a gameweek.,,,,,,,,,,0.0,0.0,4.0,,,,,,,,,,,,,,,,,,,,,,,,
weekly,30.0,Jester,6,0t8m7z91mdhjhvye,SUNNYD,103.0,starter_fantasy_points,Lowest starter fantasy points in a gameweek.,,,,,,,,,,1.0,1.0,4.0,,,,,,,,,,,,,,,,,,,,,,,,
weekly,30.0,Jester,7,zxivny5tme3hojrx,Count Doku,104.5,starter_fantasy_points,Lowest starter fantasy points in a gameweek.,,,,,,,,,,1.0,1.0,3.0,,,,,,,,,,,,,,,,,,,,,,,,
weekly,30.0,Jester,8,ne94j2bxme0vsmkq,Pot Splashers,105.5,starter_fantasy_points,Lowest starter fantasy points in a gameweek.,,,,,,,,,,1.0,0.0,6.0,,,,,,,,,,,,,,,,,,,,,,,,
weekly,30.0,Jester,9,qocqs3wjme34472y,KindComet,116.5,starter_fantasy_points,Lowest starter fantasy points in a gameweek.,,,,,,,,,,1.0,0.0,5.0,,,,,,,,,,,,,,,,,,,,,,,,
weekly,30.0,Jester,10,fm7cv4p0me3j48nk,The Facerockers,118.0,starter_fantasy_points,Lowest starter fantasy points in a gameweek.,,,,,,,,,,1.0,1.0,6.0,,,,,,,,,,,,,,,,,,,,,,,,
weekly,30.0,Jester,11,eaz9h4hfme2wdh8p,epatel3,140.5,starter_fantasy_points,Lowest starter fantasy points in a gameweek.,,,,,,,,,,1.0,0.0,6.0,,,,,,,,,,,,,,,,,,,,,,,,
weekly,30.0,Jester,12,xnt9wpm9me0us0r4,yudesh,142.0,starter_fantasy_points,Lowest starter fantasy points in a gameweek.,,,,,,,,,,0.0,2.0,7.0,,,,,,,,,,,,,,,,,,,,,,,,
weekly,31.0,Jester,1,zf53q9hdme32qmoe,Robertske,10.5,starter_fantasy_points,Lowest starter fantasy points in a gameweek.,,,,,,,,,,0.0,0.0,0.0,,,,,,,,,,,,,,,,,,,,,,,,
weekly,31.0,Jester,2,0t8m7z91mdhjhvye,SUNNYD,50.0,starter_fantasy_points,Lowest starter fantasy points in a gameweek.,,,,,,,,,,0.0,1.0,3.0,,,,,,,,,,,,,,,,,,,,,,,,
weekly,31.0,Jester,3,ih2b4z8ome1job2n,nhauptma,59.5,starter_fantasy_points,Lowest starter fantasy points in a gameweek.,,,,,,,,,,1.0,1.0,2.0,,,,,,,,,,,,,,,,,,,,,,,,
weekly,31.0,Jester,4,eaz9h4hfme2wdh8p,epatel3,74.5,starter_fantasy_points,Lowest starter fantasy points in a gameweek.,,,,,,,,,,2.0,0.0,3.0,,,,,,,,,,,,,,,,,,,,,,,,
weekly,31.0,Jester,5,fm7cv4p0me3j48nk,The Facerockers,90.5,starter_fantasy_points,Lowest starter fantasy points in a gameweek.,,,,,,,,,,2.0,1.0,2.0,,,,,,,,,,,,,,,,,,,,,,,,
weekly,31.0,Jester,6,ne94j2bxme0vsmkq,Pot Splashers,94.5,starter_fantasy_points,Lowest starter fantasy points in a gameweek.,,,,,,,,,,1.0,0.0,1.0,,,,,,,,,,,,,,,,,,,,,,,,
weekly,31.0,Jester,7,xnt9wpm9me0us0r4,yudesh,96.0,starter_fantasy_points,Lowest starter fantasy points in a gameweek.,,,,,,,,,,1.0,0.0,3.0,,,,,,,,,,,,,,,,,,,,,,,,
weekly,31.0,Jester,8,ss2dromsme3cbmga,Berkshire’s Club,99.5,starter_fantasy_points,Lowest starter fantasy points in a gameweek.,,,,,,,,,,1.0,1.0,3.0,,,,,,,,,,,,,,,,,,,,,,,,
weekly,31.0,Jester,9,qocqs3wjme34472y,KindComet,101.0,starter_fantasy_points,Lowest starter fantasy points in a gameweek.,,,,,,,,,,0.0,1.0,2.0,,,,,,,,,,,,,,,,,,,,,,,,
weekly,31.0,Jester,10,avv7b4d5me2tlsrt,wmuck1,111.0,starter_fantasy_points,Lowest starter fantasy points in a gameweek.,,,,,,,,,,0.0,1.0,3.0,,,,,,,,,,,,,,,,,,,,,,,,
weekly,31.0,Jester,11,116s0o6ume0s7s58,Up the Arse-nal,126.5,starter_fantasy_points,Lowest starter fantasy points in a gameweek.,,,,,,,,,,3.0,2.0,3.0,,,,,,,,,,,,,,,,,,,,,,,,
weekly,31.0,Jester,12,zxivny5tme3hojrx,Count Doku,134.0,starter_fantasy_points,Lowest starter fantasy points in a gameweek.,,,,,,,,,,0.0,2.0,4.0,,,,,,,,,,,,,,,,,,,,,,,,
weekly,32.0,Jester,1,ih2b4z8ome1job2n,nhauptma,57.5,starter_fantasy_points,Lowest starter fantasy points in a gameweek.,,,,,,,,,,1.0,1.0,1.0,,,,,,,,,,,,,,,,,,,,,,,,
weekly,32.0,Jester,2,avv7b4d5me2tlsrt,wmuck1,73.5,starter_fantasy_points,Lowest starter fantasy points in a gameweek.,,,,,,,,,,0.0,0.0,3.0,,,,,,,,,,,,,,,,,,,,,,,,
weekly,32.0,Jester,3,zf53q9hdme32qmoe,Robertske,79.5,starter_fantasy_points,Lowest starter fantasy points in a gameweek.,,,,,,,,,,2.0,2.0,4.0,,,,,,,,,,,,,,,,,,,,,,,,
weekly,32.0,Jester,4,116s0o6ume0s7s58,Up the Arse-nal,91.0,starter_fantasy_points,Lowest starter fantasy points in a gameweek.,,,,,,,,,,0.0,1.0,2.0,,,,,,,,,,,,,,,,,,,,,,,,
weekly,32.0,Jester,5,xnt9wpm9me0us0r4,yudesh,95.0,starter_fantasy_points,Lowest starter fantasy points in a gameweek.,,,,,,,,,,0.0,2.0,2.0,,,,,,,,,,,,,,,,,,,,,,,,
weekly,32.0,Jester,6,ne94j2bxme0vsmkq,Pot Splashers,99.5,starter_fantasy_points,Lowest starter fantasy points in a gameweek.,,,,,,,,,,1.0,1.0,3.0,,,,,,,,,,,,,,,,,,,,,,,,
weekly,32.0,Jester,7,fm7cv4p0me3j48nk,The Facerockers,113.5,starter_fantasy_points,Lowest starter fantasy points in a gameweek.,,,,,,,,,,1.0,1.0,6.0,,,,,,,,,,,,,,,,,,,,,,,,
weekly,32.0,Jester,8,zxivny5tme3hojrx,Count Doku,117.0,starter_fantasy_points,Lowest starter fantasy points in a gameweek.,,,,,,,,,,2.0,1.0,3.0,,,,,,,,,,,,,,,,,,,,,,,,
weekly,32.0,Jester,9,0t8m7z91mdhjhvye,SUNNYD,134.0,starter_fantasy_points,Lowest starter fantasy points in a gameweek.,,,,,,,,,,1.0,2.0,4.0,,,,,,,,,,,,,,,,,,,,,,,,
weekly,32.0,Jester,10,ss2dromsme3cbmga,Berkshire’s Club,141.5,starter_fantasy_points,Lowest starter fantasy points in a gameweek.,,,,,,,,,,2.0,3.0,5.0,,,,,,,,,,,,,,,,,,,,,,,,
weekly,32.0,Jester,11,eaz9h4hfme2wdh8p,epatel3,142.5,starter_fantasy_points,Lowest starter fantasy points in a gameweek.,,,,,,,,,,3.0,2.0,2.0,,,,,,,,,,,,,,,,,,,,,,,,
weekly,32.0,Jester,12,qocqs3wjme34472y,KindComet,148.5,starter_fantasy_points,Lowest starter fantasy points in a gameweek.,,,,,,,,,,5.0,1.0,1.0,,,,,,,,,,,,,,,,,,,,,,,,
weekly,33.0,Jester,1,eaz9h4hfme2wdh8p,epatel3,103.0,starter_fantasy_points,Lowest starter fantasy points in a gameweek.,,,,,,,,,,1.0,1.0,2.0,,,,,,,,,,,,,,,,,,,,,,,,
weekly,33.0,Jester,2,116s0o6ume0s7s58,Up the Arse-nal,112.0,starter_fantasy_points,Lowest starter fantasy points in a gameweek.,,,,,,,,,,1.0,2.0,6.0,,,,,,,,,,,,,,,,,,,,,,,,
weekly,33.0,Jester,3,ss2dromsme3cbmga,Berkshire’s Club,115.0,starter_fantasy_points,Lowest starter fantasy points in a gameweek.,,,,,,,,,,0.0,2.0,4.0,,,,,,,,,,,,,,,,,,,,,,,,
weekly,33.0,Jester,4,zxivny5tme3hojrx,Count Doku,129.5,starter_fantasy_points,Lowest starter fantasy points in a gameweek.,,,,,,,,,,0.0,3.0,5.0,,,,,,,,,,,,,,,,,,,,,,,,
weekly,33.0,Jester,5,xnt9wpm9me0us0r4,yudesh,130.0,starter_fantasy_points,Lowest starter fantasy points in a gameweek.,,,,,,,,,,0.0,2.0,3.0,,,,,,,,,,,,,,,,,,,,,,,,
weekly,33.0,Jester,6,ne94j2bxme0vsmkq,Pot Splashers,134.5,starter_fantasy_points,Lowest starter fantasy points in a gameweek.,,,,,,,,,,2.0,2.0,3.0,,,,,,,,,,,,,,,,,,,,,,,,
weekly,33.0,Jester,7,zf53q9hdme32qmoe,Robertske,144.0,starter_fantasy_points,Lowest starter fantasy points in a gameweek.,,,,,,,,,,4.0,2.0,4.0,,,,,,,,,,,,,,,,,,,,,,,,
weekly,33.0,Jester,8,0t8m7z91mdhjhvye,SUNNYD,150.5,starter_fantasy_points,Lowest starter fantasy points in a gameweek.,,,,,,,,,,3.0,1.0,7.0,,,,,,,,,,,,,,,,,,,,,,,,
weekly,33.0,Jester,9,avv7b4d5me2tlsrt,wmuck1,156.5,starter_fantasy_points,Lowest starter fantasy points in a gameweek.,,,,,,,,,,2.0,3.0,5.0,,,,,,,,,,,,,,,,,,,,,,,,
weekly,33.0,Jester,10,ih2b4z8ome1job2n,nhauptma,171.5,starter_fantasy_points,Lowest starter fantasy points in a gameweek.,,,,,,,,,,4.0,2.0,5.0,,,,,,,,,,,,,,,,,,,,,,,,
weekly,33.0,Jester,11,qocqs3wjme34472y,KindComet,184.0,starter_fantasy_points,Lowest starter fantasy points in a gameweek.,,,,,,,,,,3.0,0.0,5.0,,,,,,,,,,,,,,,,,,,,,,,,
weekly,33.0,Jester,12,fm7cv4p0me3j48nk,The Facerockers,184.5,starter_fantasy_points,Lowest starter fantasy points in a gameweek.,,,,,,,,,,5.0,1.0,3.0,,,,,,,,,,,,,,,,,,,,,,,,
weekly,34.0,Jester,1,zf53q9hdme32qmoe,Robertske,20.0,starter_fantasy_points,Lowest starter fantasy points in a gameweek.,,,,,,,,,,0.0,0.0,0.0,,,,,,,,,,,,,,,,,,,,,,,,
weekly,34.0,Jester,2,qocqs3wjme34472y,KindComet,24.0,starter_fantasy_points,Lowest starter fantasy points in a gameweek.,,,,,,,,,,1.0,0.0,0.0,,,,,,,,,,,,,,,,,,,,,,,,
weekly,34.0,Jester,3,avv7b4d5me2tlsrt,wmuck1,44.5,starter_fantasy_points,Lowest starter fantasy points in a gameweek.,,,,,,,,,,1.0,0.0,0.0,,,,,,,,,,,,,,,,,,,,,,,,
weekly,34.0,Jester,4,ih2b4z8ome1job2n,nhauptma,59.5,starter_fantasy_points,Lowest starter fantasy points in a gameweek.,,,,,,,,,,1.0,2.0,2.0,,,,,,,,,,,,,,,,,,,,,,,,
weekly,34.0,Jester,5,0t8m7z91mdhjhvye,SUNNYD,65.0,starter_fantasy_points,Lowest starter fantasy points in a gameweek.,,,,,,,,,,1.0,0.0,2.0,,,,,,,,,,,,,,,,,,,,,,,,
weekly,34.0,Jester,6,xnt9wpm9me0us0r4,yudesh,80.0,starter_fantasy_points,Lowest starter fantasy points in a gameweek.,,,,,,,,,,2.0,0.0,1.0,,,,,,,,,,,,,,,,,,,,,,,,
weekly,34.0,Jester,7,fm7cv4p0me3j48nk,The Facerockers,93.5,starter_fantasy_points,Lowest starter fantasy points in a gameweek.,,,,,,,,,,0.0,3.0,3.0,,,,,,,,,,,,,,,,,,,,,,,,
weekly,34.0,Jester,8,ne94j2bxme0vsmkq,Pot Splashers,94.5,starter_fantasy_points,Lowest starter fantasy points in a gameweek.,,,,,,,,,,2.0,1.0,1.0,,,,,,,,,,,,,,,,,,,,,,,,
weekly,34.0,Jester,9,ss2dromsme3cbmga,Berkshire’s Club,100.5,starter_fantasy_points,Lowest starter fantasy points in a gameweek.,,,,,,,,,,0.0,2.0,3.0,,,,,,,,,,,,,,,,,,,,,,,,
weekly,34.0,Jester,10,116s0o6ume0s7s58,Up the Arse-nal,107.0,starter_fantasy_points,Lowest starter fantasy points in a gameweek.,,,,,,,,,,0.0,3.0,2.0,,,,,,,,,,,,,,,,,,,,,,,,
weekly,34.0,Jester,11,zxivny5tme3hojrx,Count Doku,121.5,starter_fantasy_points,Lowest starter fantasy points in a gameweek.,,,,,,,,,,0.0,0.0,6.0,,,,,,,,,,,,,,,,,,,,,,,,
weekly,34.0,Jester,12,eaz9h4hfme2wdh8p,epatel3,121.5,starter_fantasy_points,Lowest starter fantasy points in a gameweek.,,,,,,,,,,2.0,0.0,4.0,,,,,,,,,,,,,,,,,,,,,,,,
weekly,35.0,Jester,1,xnt9wpm9me0us0r4,yudesh,73.5,starter_fantasy_points,Lowest starter fantasy points in a gameweek.,,,,,,,,,,1.0,2.0,1.0,,,,,,,,,,,,,,,,,,,,,,,,
weekly,35.0,Jester,2,ne94j2bxme0vsmkq,Pot Splashers,77.0,starter_fantasy_points,Lowest starter fantasy points in a gameweek.,,,,,,,,,,2.0,1.0,2.0,,,,,,,,,,,,,,,,,,,,,,,,
weekly,35.0,Jester,3,qocqs3wjme34472y,KindComet,78.0,starter_fantasy_points,Lowest starter fantasy points in a gameweek.,,,,,,,,,,1.0,0.0,2.0,,,,,,,,,,,,,,,,,,,,,,,,
weekly,35.0,Jester,4,fm7cv4p0me3j48nk,The Facerockers,78.5,starter_fantasy_points,Lowest starter fantasy points in a gameweek.,,,,,,,,,,1.0,1.0,1.0,,,,,,,,,,,,,,,,,,,,,,,,
weekly,35.0,Jester,5,avv7b4d5me2tlsrt,wmuck1,80.0,starter_fantasy_points,Lowest starter fantasy points in a gameweek.,,,,,,,,,,0.0,3.0,1.0,,,,,,,,,,,,,,,,,,,,,,,,
weekly,35.0,Jester,6,zf53q9hdme32qmoe,Robertske,86.0,starter_fantasy_points,Lowest starter fantasy points in a gameweek.,,,,,,,,,,2.0,2.0,1.0,,,,,,,,,,,,,,,,,,,,,,,,
weekly,35.0,Jester,7,ih2b4z8ome1job2n,nhauptma,87.5,starter_fantasy_points,Lowest starter fantasy points in a gameweek.,,,,,,,,,,2.0,3.0,1.0,,,,,,,,,,,,,,,,,,,,,,,,
weekly,35.0,Jester,8,eaz9h4hfme2wdh8p,epatel3,107.5,starter_fantasy_points,Lowest starter fantasy points in a gameweek.,,,,,,,,,,1.0,2.0,3.0,,,,,,,,,,,,,,,,,,,,,,,,
weekly,35.0,Jester,9,116s0o6ume0s7s58,Up the Arse-nal,114.0,starter_fantasy_points,Lowest starter fantasy points in a gameweek.,,,,,,,,,,2.0,2.0,5.0,,,,,,,,,,,,,,,,,,,,,,,,
weekly,35.0,Jester,10,zxivny5tme3hojrx,Count Doku,115.5,starter_fantasy_points,Lowest starter fantasy points in a gameweek.,,,,,,,,,,3.0,0.0,3.0,,,,,,,,,,,,,,,,,,,,,,,,
weekly,35.0,Jester,11,0t8m7z91mdhjhvye,SUNNYD,127.0,starter_fantasy_points,Lowest starter fantasy points in a gameweek.,,,,,,,,,,3.0,2.0,4.0,,,,,,,,,,,,,,,,,,,,,,,,
weekly,35.0,Jester,12,ss2dromsme3cbmga,Berkshire’s Club,143.0,starter_fantasy_points,Lowest starter fantasy points in a gameweek.,,,,,,,,,,2.0,2.0,1.0,,,,,,,,,,,,,,,,,,,,,,,,
weekly,36.0,Jester,1,ne94j2bxme0vsmkq,Pot Splashers,73.5,starter_fantasy_points,Lowest starter fantasy points in a gameweek.,,,,,,,,,,2.0,0.0,3.0,,,,,,,,,,,,,,,,,,,,,,,,
weekly,36.0,Jester,2,fm7cv4p0me3j48nk,The Facerockers,93.0,starter_fantasy_points,Lowest starter fantasy points in a gameweek.,,,,,,,,,,1.0,1.0,4.0,,,,,,,,,,,,,,,,,,,,,,,,
weekly,36.0,Jester,3,116s0o6ume0s7s58,Up the Arse-nal,98.0,starter_fantasy_points,Lowest starter fantasy points in a gameweek.,,,,,,,,,,1.0,1.0,4.0,,,,,,,,,,,,,,,,,,,,,,,,
weekly,36.0,Jester,4,xnt9wpm9me0us0r4,yudesh,102.5,starter_fantasy_points,Lowest starter fantasy points in a gameweek.,,,,,,,,,,1.0,1.0,2.0,,,,,,,,,,,,,,,,,,,,,,,,
weekly,36.0,Jester,5,ih2b4z8ome1job2n,nhauptma,104.5,starter_fantasy_points,Lowest starter fantasy points in a gameweek.,,,,,,,,,,3.0,1.0,3.0,,,,,,,,,,,,,,,,,,,,,,,,
weekly,36.0,Jester,6,zxivny5tme3hojrx,Count Doku,107.5,starter_fantasy_points,Lowest starter fantasy points in a gameweek.,,,,,,,,,,1.0,0.0,3.0,,,,,,,,,,,,,,,,,,,,,,,,
weekly,36.0,Jester,7,avv7b4d5me2tlsrt,wmuck1,109.5,starter_fantasy_points,Lowest starter fantasy points in a gameweek.,,,,,,,,,,0.0,1.0,4.0,,,,,,,,,,,,,,,,,,,,,,,,
weekly,36.0,Jester,8,eaz9h4hfme2wdh8p,epatel3,112.0,starter_fantasy_points,Lowest starter fantasy points in a gameweek.,,,,,,,,,,0.0,1.0,6.0,,,,,,,,,,,,,,,,,,,,,,,,
weekly,36.0,Jester,9,0t8m7z91mdhjhvye,SUNNYD,114.0,starter_fantasy_points,Lowest starter fantasy points in a gameweek.,,,,,,,,,,1.0,1.0,8.0,,,,,,,,,,,,,,,,,,,,,,,,
weekly,36.0,Jester,10,qocqs3wjme34472y,KindComet,132.0,starter_fantasy_points,Lowest starter fantasy points in a gameweek.,,,,,,,,,,1.0,0.0,3.0,,,,,,,,,,,,,,,,,,,,,,,,
weekly,36.0,Jester,11,ss2dromsme3cbmga,Berkshire’s Club,148.0,starter_fantasy_points,Lowest starter fantasy points in a gameweek.,,,,,,,,,,2.0,1.0,4.0,,,,,,,,,,,,,,,,,,,,,,,,
weekly,36.0,Jester,12,zf53q9hdme32qmoe,Robertske,167.5,starter_fantasy_points,Lowest starter fantasy points in a gameweek.,,,,,,,,,,3.0,6.0,6.0,,,,,,,,,,,,,,,,,,,,,,,,
weekly,37.0,Jester,1,eaz9h4hfme2wdh8p,epatel3,63.0,starter_fantasy_points,Lowest starter fantasy points in a gameweek.,,,,,,,,,,0.0,0.0,4.0,,,,,,,,,,,,,,,,,,,,,,,,
weekly,37.0,Jester,2,ih2b4z8ome1job2n,nhauptma,63.0,starter_fantasy_points,Lowest starter fantasy points in a gameweek.,,,,,,,,,,1.0,0.0,2.0,,,,,,,,,,,,,,,,,,,,,,,,
weekly,37.0,Jester,3,ne94j2bxme0vsmkq,Pot Splashers,66.5,starter_fantasy_points,Lowest starter fantasy points in a gameweek.,,,,,,,,,,0.0,1.0,2.0,,,,,,,,,,,,,,,,,,,,,,,,
weekly,37.0,Jester,4,0t8m7z91mdhjhvye,SUNNYD,84.0,starter_fantasy_points,Lowest starter fantasy points in a gameweek.,,,,,,,,,,1.0,1.0,3.0,,,,,,,,,,,,,,,,,,,,,,,,
weekly,37.0,Jester,5,avv7b4d5me2tlsrt,wmuck1,84.0,starter_fantasy_points,Lowest starter fantasy points in a gameweek.,,,,,,,,,,1.0,1.0,2.0,,,,,,,,,,,,,,,,,,,,,,,,
weekly,37.0,Jester,6,zf53q9hdme32qmoe,Robertske,90.5,starter_fantasy_points,Lowest starter fantasy points in a gameweek.,,,,,,,,,,1.0,0.0,1.0,,,,,,,,,,,,,,,,,,,,,,,,
weekly,37.0,Jester,7,fm7cv4p0me3j48nk,The Facerockers,93.0,starter_fantasy_points,Lowest starter fantasy points in a gameweek.,,,,,,,,,,3.0,1.0,2.0,,,,,,,,,,,,,,,,,,,,,,,,
weekly,37.0,Jester,8,ss2dromsme3cbmga,Berkshire’s Club,98.0,starter_fantasy_points,Lowest starter fantasy points in a gameweek.,,,,,,,,,,0.0,2.0,1.0,,,,,,,,,,,,,,,,,,,,,,,,
weekly,37.0,Jester,9,116s0o6ume0s7s58,Up the Arse-nal,103.5,starter_fantasy_points,Lowest starter fantasy points in a gameweek.,,,,,,,,,,2.0,2.0,2.0,,,,,,,,,,,,,,,,,,,,,,,,
weekly,37.0,Jester,10,zxivny5tme3hojrx,Count Doku,107.0,starter_fantasy_points,Lowest starter fantasy points in a gameweek.,,,,,,,,,,3.0,2.0,0.0,,,,,,,,,,,,,,,,,,,,,,,,
weekly,37.0,Jester,11,xnt9wpm9me0us0r4,yudesh,116.5,starter_fantasy_points,Lowest starter fantasy points in a gameweek.,,,,,,,,,,2.0,3.0,0.0,,,,,,,,,,,,,,,,,,,,,,,,
weekly,37.0,Jester,12,qocqs3wjme34472y,KindComet,144.0,starter_fantasy_points,Lowest starter fantasy points in a gameweek.,,,,,,,,,,2.0,3.0,1.0,,,,,,,,,,,,,,,,,,,,,,,,
weekly,38.0,Jester,1,zf53q9hdme32qmoe,Robertske,51.0,starter_fantasy_points,Lowest starter fantasy points in a gameweek.,,,,,,,,,,0.0,1.0,0.0,,,,,,,,,,,,,,,,,,,,,,,,
weekly,38.0,Jester,2,xnt9wpm9me0us0r4,yudesh,52.0,starter_fantasy_points,Lowest starter fantasy points in a gameweek.,,,,,,,,,,0.0,0.0,2.0,,,,,,,,,,,,,,,,,,,,,,,,
weekly,38.0,Jester,3,ih2b4z8ome1job2n,nhauptma,57.0,starter_fantasy_points,Lowest starter fantasy points in a gameweek.,,,,,,,,,,2.0,0.0,1.0,,,,,,,,,,,,,,,,,,,,,,,,
weekly,38.0,Jester,4,avv7b4d5me2tlsrt,wmuck1,61.0,starter_fantasy_points,Lowest starter fantasy points in a gameweek.,,,,,,,,,,0.0,1.0,3.0,,,,,,,,,,,,,,,,,,,,,,,,
weekly,38.0,Jester,5,fm7cv4p0me3j48nk,The Facerockers,71.0,starter_fantasy_points,Lowest starter fantasy points in a gameweek.,,,,,,,,,,0.0,2.0,1.0,,,,,,,,,,,,,,,,,,,,,,,,
weekly,38.0,Jester,6,zxivny5tme3hojrx,Count Doku,77.0,starter_fantasy_points,Lowest starter fantasy points in a gameweek.,,,,,,,,,,0.0,0.0,1.0,,,,,,,,,,,,,,,,,,,,,,,,
weekly,38.0,Jester,7,eaz9h4hfme2wdh8p,epatel3,77.0,starter_fantasy_points,Lowest starter fantasy points in a gameweek.,,,,,,,,,,1.0,1.0,2.0,,,,,,,,,,,,,,,,,,,,,,,,
weekly,38.0,Jester,8,ne94j2bxme0vsmkq,Pot Splashers,77.5,starter_fantasy_points,Lowest starter fantasy points in a gameweek.,,,,,,,,,,1.0,0.0,1.0,,,,,,,,,,,,,,,,,,,,,,,,
weekly,38.0,Jester,9,qocqs3wjme34472y,KindComet,82.5,starter_fantasy_points,Lowest starter fantasy points in a gameweek.,,,,,,,,,,1.0,0.0,1.0,,,,,,,,,,,,,,,,,,,,,,,,
weekly,38.0,Jester,10,116s0o6ume0s7s58,Up the Arse-nal,91.5,starter_fantasy_points,Lowest starter fantasy points in a gameweek.,,,,,,,,,,1.0,1.0,2.0,,,,,,,,,,,,,,,,,,,,,,,,
weekly,38.0,Jester,11,0t8m7z91mdhjhvye,SUNNYD,98.0,starter_fantasy_points,Lowest starter fantasy points in a gameweek.,,,,,,,,,,0.0,1.0,4.0,,,,,,,,,,,,,,,,,,,,,,,,
weekly,38.0,Jester,12,ss2dromsme3cbmga,Berkshire’s Club,117.5,starter_fantasy_points,Lowest starter fantasy points in a gameweek.,,,,,,,,,,3.0,2.0,2.0,,,,,,,,,,,,,,,,,,,,,,,,
weekly,1.0,Lineup Changes,1,0t8m7z91mdhjhvye,SUNNYD,0.0,starter_changes,Most starter changes in a gameweek.,,,,,,,,,,,,,,,,,,,,,,,,,,,,,,,,,,0.0,0.0,0.0
weekly,1.0,Lineup Changes,2,116s0o6ume0s7s58,Up the Arse-nal,0.0,starter_changes,Most starter changes in a gameweek.,,,,,,,,,,,,,,,,,,,,,,,,,,,,,,,,,,0.0,0.0,0.0
weekly,1.0,Lineup Changes,3,avv7b4d5me2tlsrt,wmuck1,0.0,starter_changes,Most starter changes in a gameweek.,,,,,,,,,,,,,,,,,,,,,,,,,,,,,,,,,,0.0,0.0,0.0
weekly,1.0,Lineup Changes,4,eaz9h4hfme2wdh8p,epatel3,0.0,starter_changes,Most starter changes in a gameweek.,,,,,,,,,,,,,,,,,,,,,,,,,,,,,,,,,,0.0,0.0,0.0
weekly,1.0,Lineup Changes,5,fm7cv4p0me3j48nk,The Facerockers,0.0,starter_changes,Most starter changes in a gameweek.,,,,,,,,,,,,,,,,,,,,,,,,,,,,,,,,,,0.0,0.0,0.0
weekly,1.0,Lineup Changes,6,ih2b4z8ome1job2n,nhauptma,0.0,starter_changes,Most starter changes in a gameweek.,,,,,,,,,,,,,,,,,,,,,,,,,,,,,,,,,,0.0,0.0,0.0
weekly,1.0,Lineup Changes,7,ne94j2bxme0vsmkq,Pot Splashers,0.0,starter_changes,Most starter changes in a gameweek.,,,,,,,,,,,,,,,,,,,,,,,,,,,,,,,,,,0.0,0.0,0.0
weekly,1.0,Lineup Changes,8,qocqs3wjme34472y,KindComet,0.0,starter_changes,Most starter changes in a gameweek.,,,,,,,,,,,,,,,,,,,,,,,,,,,,,,,,,,0.0,0.0,0.0
weekly,1.0,Lineup Changes,9,ss2dromsme3cbmga,Berkshire’s Club,0.0,starter_changes,Most starter changes in a gameweek.,,,,,,,,,,,,,,,,,,,,,,,,,,,,,,,,,,0.0,0.0,0.0
weekly,1.0,Lineup Changes,10,xnt9wpm9me0us0r4,yudesh,0.0,starter_changes,Most starter changes in a gameweek.,,,,,,,,,,,,,,,,,,,,,,,,,,,,,,,,,,0.0,0.0,0.0
weekly,1.0,Lineup Changes,11,zf53q9hdme32qmoe,Robertske,0.0,starter_changes,Most starter changes in a gameweek.,,,,,,,,,,,,,,,,,,,,,,,,,,,,,,,,,,0.0,0.0,0.0
weekly,1.0,Lineup Changes,12,zxivny5tme3hojrx,Count Doku,0.0,starter_changes,Most starter changes in a gameweek.,,,,,,,,,,,,,,,,,,,,,,,,,,,,,,,,,,0.0,0.0,0.0
weekly,2.0,Lineup Changes,1,avv7b4d5me2tlsrt,wmuck1,8.0,starter_changes,Most starter changes in a gameweek.,,,,,,,,,,,,,,,,,,,,,,,,,,,,,,,,,,6.0,4.0,4.0
weekly,2.0,Lineup Changes,2,0t8m7z91mdhjhvye,SUNNYD,6.0,starter_changes,Most starter changes in a gameweek.,,,,,,,,,,,,,,,,,,,,,,,,,,,,,,,,,,2.0,3.0,3.0
weekly,2.0,Lineup Changes,3,fm7cv4p0me3j48nk,The Facerockers,6.0,starter_changes,Most starter changes in a gameweek.,,,,,,,,,,,,,,,,,,,,,,,,,,,,,,,,,,3.0,3.0,3.0
weekly,2.0,Lineup Changes,4,ne94j2bxme0vsmkq,Pot Splashers,6.0,starter_changes,Most starter changes in a gameweek.,,,,,,,,,,,,,,,,,,,,,,,,,,,,,,,,,,2.0,3.0,3.0
weekly,2.0,Lineup Changes,5,ss2dromsme3cbmga,Berkshire’s Club,6.0,starter_changes,Most starter changes in a gameweek.,,,,,,,,,,,,,,,,,,,,,,,,,,,,,,,,,,4.0,3.0,3.0
weekly,2.0,Lineup Changes,6,eaz9h4hfme2wdh8p,epatel3,4.0,starter_changes,Most starter changes in a gameweek.,,,,,,,,,,,,,,,,,,,,,,,,,,,,,,,,,,1.0,2.0,2.0
weekly,2.0,Lineup Changes,7,ih2b4z8ome1job2n,nhauptma,4.0,starter_changes,Most starter changes in a gameweek.,,,,,,,,,,,,,,,,,,,,,,,,,,,,,,,,,,1.0,2.0,2.0
weekly,2.0,Lineup Changes,8,qocqs3wjme34472y,KindComet,4.0,starter_changes,Most starter changes in a gameweek.,,,,,,,,,,,,,,,,,,,,,,,,,,,,,,,,,,4.0,2.0,2.0
weekly,2.0,Lineup Changes,9,xnt9wpm9me0us0r4,yudesh,4.0,starter_changes,Most starter changes in a gameweek.,,,,,,,,,,,,,,,,,,,,,,,,,,,,,,,,,,2.0,2.0,2.0
weekly,2.0,Lineup Changes,10,zxivny5tme3hojrx,Count Doku,4.0,starter_changes,Most starter changes in a gameweek.,,,,,,,,,,,,,,,,,,,,,,,,,,,,,,,,,,2.0,2.0,2.0
weekly,2.0,Lineup Changes,11,116s0o6ume0s7s58,Up the Arse-nal,2.0,starter_changes,Most starter changes in a gameweek.,,,,,,,,,,,,,,,,,,,,,,,,,,,,,,,,,,2.0,1.0,1.0
weekly,2.0,Lineup Changes,12,zf53q9hdme32qmoe,Robertske,0.0,starter_changes,Most starter changes in a gameweek.,,,,,,,,,,,,,,,,,,,,,,,,,,,,,,,,,,1.0,0.0,0.0
weekly,3.0,Lineup Changes,1,fm7cv4p0me3j48nk,The Facerockers,10.0,starter_changes,Most starter changes in a gameweek.,,,,,,,,,,,,,,,,,,,,,,,,,,,,,,,,,,4.0,5.0,5.0
weekly,3.0,Lineup Changes,2,0t8m7z91mdhjhvye,SUNNYD,6.0,starter_changes,Most starter changes in a gameweek.,,,,,,,,,,,,,,,,,,,,,,,,,,,,,,,,,,4.0,3.0,3.0
weekly,3.0,Lineup Changes,3,avv7b4d5me2tlsrt,wmuck1,6.0,starter_changes,Most starter changes in a gameweek.,,,,,,,,,,,,,,,,,,,,,,,,,,,,,,,,,,2.0,3.0,3.0
weekly,3.0,Lineup Changes,4,zf53q9hdme32qmoe,Robertske,6.0,starter_changes,Most starter changes in a gameweek.,,,,,,,,,,,,,,,,,,,,,,,,,,,,,,,,,,0.0,3.0,3.0
weekly,3.0,Lineup Changes,5,zxivny5tme3hojrx,Count Doku,6.0,starter_changes,Most starter changes in a gameweek.,,,,,,,,,,,,,,,,,,,,,,,,,,,,,,,,,,4.0,3.0,3.0
weekly,3.0,Lineup Changes,6,eaz9h4hfme2wdh8p,epatel3,4.0,starter_changes,Most starter changes in a gameweek.,,,,,,,,,,,,,,,,,,,,,,,,,,,,,,,,,,2.0,2.0,2.0
weekly,3.0,Lineup Changes,7,ne94j2bxme0vsmkq,Pot Splashers,4.0,starter_changes,Most starter changes in a gameweek.,,,,,,,,,,,,,,,,,,,,,,,,,,,,,,,,,,2.0,2.0,2.0
weekly,3.0,Lineup Changes,8,qocqs3wjme34472y,KindComet,4.0,starter_changes,Most starter changes in a gameweek.,,,,,,,,,,,,,,,,,,,,,,,,,,,,,,,,,,2.0,2.0,2.0
weekly,3.0,Lineup Changes,9,ss2dromsme3cbmga,Berkshire’s Club,4.0,starter_changes,Most starter changes in a gameweek.,,,,,,,,,,,,,,,,,,,,,,,,,,,,,,,,,,0.0,2.0,2.0
weekly,3.0,Lineup Changes,10,116s0o6ume0s7s58,Up the Arse-nal,2.0,starter_changes,Most starter changes in a gameweek.,,,,,,,,,,,,,,,,,,,,,,,,,,,,,,,,,,0.0,1.0,1.0
weekly,3.0,Lineup Changes,11,xnt9wpm9me0us0r4,yudesh,2.0,starter_changes,Most starter changes in a gameweek.,,,,,,,,,,,,,,,,,,,,,,,,,,,,,,,,,,2.0,1.0,1.0
weekly,3.0,Lineup Changes,12,ih2b4z8ome1job2n,nhauptma,0.0,starter_changes,Most starter changes in a gameweek.,,,,,,,,,,,,,,,,,,,,,,,,,,,,,,,,,,2.0,0.0,0.0
weekly,4.0,Lineup Changes,1,avv7b4d5me2tlsrt,wmuck1,12.0,starter_changes,Most starter changes in a gameweek.,,,,,,,,,,,,,,,,,,,,,,,,,,,,,,,,,,8.0,6.0,6.0
weekly,4.0,Lineup Changes,2,fm7cv4p0me3j48nk,The Facerockers,12.0,starter_changes,Most starter changes in a gameweek.,,,,,,,,,,,,,,,,,,,,,,,,,,,,,,,,,,7.0,6.0,6.0
weekly,4.0,Lineup Changes,3,0t8m7z91mdhjhvye,SUNNYD,8.0,starter_changes,Most starter changes in a gameweek.,,,,,,,,,,,,,,,,,,,,,,,,,,,,,,,,,,6.0,4.0,4.0
weekly,4.0,Lineup Changes,4,ss2dromsme3cbmga,Berkshire’s Club,6.0,starter_changes,Most starter changes in a gameweek.,,,,,,,,,,,,,,,,,,,,,,,,,,,,,,,,,,1.0,3.0,3.0
weekly,4.0,Lineup Changes,5,xnt9wpm9me0us0r4,yudesh,6.0,starter_changes,Most starter changes in a gameweek.,,,,,,,,,,,,,,,,,,,,,,,,,,,,,,,,,,6.0,3.0,3.0
weekly,4.0,Lineup Changes,6,eaz9h4hfme2wdh8p,epatel3,4.0,starter_changes,Most starter changes in a gameweek.,,,,,,,,,,,,,,,,,,,,,,,,,,,,,,,,,,0.0,2.0,2.0
weekly,4.0,Lineup Changes,7,ne94j2bxme0vsmkq,Pot Splashers,4.0,starter_changes,Most starter changes in a gameweek.,,,,,,,,,,,,,,,,,,,,,,,,,,,,,,,,,,2.0,2.0,2.0
weekly,4.0,Lineup Changes,8,zxivny5tme3hojrx,Count Doku,4.0,starter_changes,Most starter changes in a gameweek.,,,,,,,,,,,,,,,,,,,,,,,,,,,,,,,,,,0.0,2.0,2.0
weekly,4.0,Lineup Changes,9,116s0o6ume0s7s58,Up the Arse-nal,2.0,starter_changes,Most starter changes in a gameweek.,,,,,,,,,,,,,,,,,,,,,,,,,,,,,,,,,,0.0,1.0,1.0
weekly,4.0,Lineup Changes,10,ih2b4z8ome1job2n,nhauptma,2.0,starter_changes,Most starter changes in a gameweek.,,,,,,,,,,,,,,,,,,,,,,,,,,,,,,,,,,0.0,1.0,1.0
weekly,4.0,Lineup Changes,11,qocqs3wjme34472y,KindComet,2.0,starter_changes,Most starter changes in a gameweek.,,,,,,,,,,,,,,,,,,,,,,,,,,,,,,,,,,4.0,1.0,1.0
weekly,4.0,Lineup Changes,12,zf53q9hdme32qmoe,Robertske,0.0,starter_changes,Most starter changes in a gameweek.,,,,,,,,,,,,,,,,,,,,,,,,,,,,,,,,,,0.0,0.0,0.0
weekly,5.0,Lineup Changes,1,0t8m7z91mdhjhvye,SUNNYD,6.0,starter_changes,Most starter changes in a gameweek.,,,,,,,,,,,,,,,,,,,,,,,,,,,,,,,,,,4.0,3.0,3.0
weekly,5.0,Lineup Changes,2,fm7cv4p0me3j48nk,The Facerockers,6.0,starter_changes,Most starter changes in a gameweek.,,,,,,,,,,,,,,,,,,,,,,,,,,,,,,,,,,5.0,3.0,3.0
weekly,5.0,Lineup Changes,3,qocqs3wjme34472y,KindComet,6.0,starter_changes,Most starter changes in a gameweek.,,,,,,,,,,,,,,,,,,,,,,,,,,,,,,,,,,6.0,3.0,3.0
weekly,5.0,Lineup Changes,4,ne94j2bxme0vsmkq,Pot Splashers,4.0,starter_changes,Most starter changes in a gameweek.,,,,,,,,,,,,,,,,,,,,,,,,,,,,,,,,,,0.0,2.0,2.0
weekly,5.0,Lineup Changes,5,xnt9wpm9me0us0r4,yudesh,4.0,starter_changes,Most starter changes in a gameweek.,,,,,,,,,,,,,,,,,,,,,,,,,,,,,,,,,,2.0,2.0,2.0
weekly,5.0,Lineup Changes,6,eaz9h4hfme2wdh8p,epatel3,2.0,starter_changes,Most starter changes in a gameweek.,,,,,,,,,,,,,,,,,,,,,,,,,,,,,,,,,,4.0,1.0,1.0
weekly,5.0,Lineup Changes,7,ss2dromsme3cbmga,Berkshire’s Club,2.0,starter_changes,Most starter changes in a gameweek.,,,,,,,,,,,,,,,,,,,,,,,,,,,,,,,,,,0.0,1.0,1.0
weekly,5.0,Lineup Changes,8,zxivny5tme3hojrx,Count Doku,2.0,starter_changes,Most starter changes in a gameweek.,,,,,,,,,,,,,,,,,,,,,,,,,,,,,,,,,,0.0,1.0,1.0
weekly,5.0,Lineup Changes,9,116s0o6ume0s7s58,Up the Arse-nal,0.0,starter_changes,Most starter changes in a gameweek.,,,,,,,,,,,,,,,,,,,,,,,,,,,,,,,,,,0.0,0.0,0.0
weekly,5.0,Lineup Changes,10,avv7b4d5me2tlsrt,wmuck1,0.0,starter_changes,Most starter changes in a gameweek.,,,,,,,,,,,,,,,,,,,,,,,,,,,,,,,,,,0.0,0.0,0.0
weekly,5.0,Lineup Changes,11,ih2b4z8ome1job2n,nhauptma,0.0,starter_changes,Most starter changes in a gameweek.,,,,,,,,,,,,,,,,,,,,,,,,,,,,,,,,,,0.0,0.0,0.0
weekly,5.0,Lineup Changes,12,zf53q9hdme32qmoe,Robertske,0.0,starter_changes,Most starter changes in a gameweek.,,,,,,,,,,,,,,,,,,,,,,,,,,,,,,,,,,0.0,0.0,0.0
weekly,6.0,Lineup Changes,1,0t8m7z91mdhjhvye,SUNNYD,8.0,starter_changes,Most starter changes in a gameweek.,,,,,,,,,,,,,,,,,,,,,,,,,,,,,,,,,,6.0,4.0,4.0
weekly,6.0,Lineup Changes,2,avv7b4d5me2tlsrt,wmuck1,8.0,starter_changes,Most starter changes in a gameweek.,,,,,,,,,,,,,,,,,,,,,,,,,,,,,,,,,,3.0,4.0,4.0
weekly,6.0,Lineup Changes,3,ne94j2bxme0vsmkq,Pot Splashers,8.0,starter_changes,Most starter changes in a gameweek.,,,,,,,,,,,,,,,,,,,,,,,,,,,,,,,,,,4.0,4.0,4.0
weekly,6.0,Lineup Changes,4,qocqs3wjme34472y,KindComet,6.0,starter_changes,Most starter changes in a gameweek.,,,,,,,,,,,,,,,,,,,,,,,,,,,,,,,,,,8.0,3.0,3.0
weekly,6.0,Lineup Changes,5,eaz9h4hfme2wdh8p,epatel3,4.0,starter_changes,Most starter changes in a gameweek.,,,,,,,,,,,,,,,,,,,,,,,,,,,,,,,,,,2.0,2.0,2.0
weekly,6.0,Lineup Changes,6,fm7cv4p0me3j48nk,The Facerockers,2.0,starter_changes,Most starter changes in a gameweek.,,,,,,,,,,,,,,,,,,,,,,,,,,,,,,,,,,1.0,1.0,1.0
weekly,6.0,Lineup Changes,7,ss2dromsme3cbmga,Berkshire’s Club,2.0,starter_changes,Most starter changes in a gameweek.,,,,,,,,,,,,,,,,,,,,,,,,,,,,,,,,,,0.0,1.0,1.0
weekly,6.0,Lineup Changes,8,xnt9wpm9me0us0r4,yudesh,2.0,starter_changes,Most starter changes in a gameweek.,,,,,,,,,,,,,,,,,,,,,,,,,,,,,,,,,,0.0,1.0,1.0
weekly,6.0,Lineup Changes,9,116s0o6ume0s7s58,Up the Arse-nal,0.0,starter_changes,Most starter changes in a gameweek.,,,,,,,,,,,,,,,,,,,,,,,,,,,,,,,,,,0.0,0.0,0.0
weekly,6.0,Lineup Changes,10,ih2b4z8ome1job2n,nhauptma,0.0,starter_changes,Most starter changes in a gameweek.,,,,,,,,,,,,,,,,,,,,,,,,,,,,,,,,,,4.0,0.0,0.0
weekly,6.0,Lineup Changes,11,zf53q9hdme32qmoe,Robertske,0.0,starter_changes,Most starter changes in a gameweek.,,,,,,,,,,,,,,,,,,,,,,,,,,,,,,,,,,0.0,0.0,0.0
weekly,6.0,Lineup Changes,12,zxivny5tme3hojrx,Count Doku,0.0,starter_changes,Most starter changes in a gameweek.,,,,,,,,,,,,,,,,,,,,,,,,,,,,,,,,,,0.0,0.0,0.0
weekly,7.0,Lineup Changes,1,0t8m7z91mdhjhvye,SUNNYD,8.0,starter_changes,Most starter changes in a gameweek.,,,,,,,,,,,,,,,,,,,,,,,,,,,,,,,,,,6.0,4.0,4.0
weekly,7.0,Lineup Changes,2,fm7cv4p0me3j48nk,The Facerockers,6.0,starter_changes,Most starter changes in a gameweek.,,,,,,,,,,,,,,,,,,,,,,,,,,,,,,,,,,1.0,3.0,3.0
weekly,7.0,Lineup Changes,3,ne94j2bxme0vsmkq,Pot Splashers,6.0,starter_changes,Most starter changes in a gameweek.,,,,,,,,,,,,,,,,,,,,,,,,,,,,,,,,,,2.0,3.0,3.0
weekly,7.0,Lineup Changes,4,qocqs3wjme34472y,KindComet,6.0,starter_changes,Most starter changes in a gameweek.,,,,,,,,,,,,,,,,,,,,,,,,,,,,,,,,,,4.0,3.0,3.0
weekly,7.0,Lineup Changes,5,116s0o6ume0s7s58,Up the Arse-nal,4.0,starter_changes,Most starter changes in a gameweek.,,,,,,,,,,,,,,,,,,,,,,,,,,,,,,,,,,3.0,2.0,2.0
weekly,7.0,Lineup Changes,6,avv7b4d5me2tlsrt,wmuck1,4.0,starter_changes,Most starter changes in a gameweek.,,,,,,,,,,,,,,,,,,,,,,,,,,,,,,,,,,0.0,2.0,2.0
weekly,7.0,Lineup Changes,7,ih2b4z8ome1job2n,nhauptma,4.0,starter_changes,Most starter changes in a gameweek.,,,,,,,,,,,,,,,,,,,,,,,,,,,,,,,,,,3.0,2.0,2.0
weekly,7.0,Lineup Changes,8,ss2dromsme3cbmga,Berkshire’s Club,4.0,starter_changes,Most starter changes in a gameweek.,,,,,,,,,,,,,,,,,,,,,,,,,,,,,,,,,,0.0,2.0,2.0
weekly,7.0,Lineup Changes,9,xnt9wpm9me0us0r4,yudesh,2.0,starter_changes,Most starter changes in a gameweek.,,,,,,,,,,,,,,,,,,,,,,,,,,,,,,,,,,0.0,1.0,1.0
weekly,7.0,Lineup Changes,10,zxivny5tme3hojrx,Count Doku,2.0,starter_changes,Most starter changes in a gameweek.,,,,,,,,,,,,,,,,,,,,,,,,,,,,,,,,,,2.0,1.0,1.0
weekly,7.0,Lineup Changes,11,eaz9h4hfme2wdh8p,epatel3,0.0,starter_changes,Most starter changes in a gameweek.,,,,,,,,,,,,,,,,,,,,,,,,,,,,,,,,,,0.0,0.0,0.0
weekly,7.0,Lineup Changes,12,zf53q9hdme32qmoe,Robertske,0.0,starter_changes,Most starter changes in a gameweek.,,,,,,,,,,,,,,,,,,,,,,,,,,,,,,,,,,0.0,0.0,0.0
weekly,8.0,Lineup Changes,1,fm7cv4p0me3j48nk,The Facerockers,6.0,starter_changes,Most starter changes in a gameweek.,,,,,,,,,,,,,,,,,,,,,,,,,,,,,,,,,,2.0,3.0,3.0
weekly,8.0,Lineup Changes,2,ne94j2bxme0vsmkq,Pot Splashers,6.0,starter_changes,Most starter changes in a gameweek.,,,,,,,,,,,,,,,,,,,,,,,,,,,,,,,,,,2.0,3.0,3.0
weekly,8.0,Lineup Changes,3,xnt9wpm9me0us0r4,yudesh,6.0,starter_changes,Most starter changes in a gameweek.,,,,,,,,,,,,,,,,,,,,,,,,,,,,,,,,,,4.0,3.0,3.0
weekly,8.0,Lineup Changes,4,0t8m7z91mdhjhvye,SUNNYD,4.0,starter_changes,Most starter changes in a gameweek.,,,,,,,,,,,,,,,,,,,,,,,,,,,,,,,,,,4.0,2.0,2.0
weekly,8.0,Lineup Changes,5,avv7b4d5me2tlsrt,wmuck1,4.0,starter_changes,Most starter changes in a gameweek.,,,,,,,,,,,,,,,,,,,,,,,,,,,,,,,,,,1.0,2.0,2.0
weekly,8.0,Lineup Changes,6,ss2dromsme3cbmga,Berkshire’s Club,4.0,starter_changes,Most starter changes in a gameweek.,,,,,,,,,,,,,,,,,,,,,,,,,,,,,,,,,,2.0,2.0,2.0
weekly,8.0,Lineup Changes,7,116s0o6ume0s7s58,Up the Arse-nal,2.0,starter_changes,Most starter changes in a gameweek.,,,,,,,,,,,,,,,,,,,,,,,,,,,,,,,,,,0.0,1.0,1.0
weekly,8.0,Lineup Changes,8,eaz9h4hfme2wdh8p,epatel3,2.0,starter_changes,Most starter changes in a gameweek.,,,,,,,,,,,,,,,,,,,,,,,,,,,,,,,,,,0.0,1.0,1.0
weekly,8.0,Lineup Changes,9,ih2b4z8ome1job2n,nhauptma,2.0,starter_changes,Most starter changes in a gameweek.,,,,,,,,,,,,,,,,,,,,,,,,,,,,,,,,,,1.0,1.0,1.0
weekly,8.0,Lineup Changes,10,qocqs3wjme34472y,KindComet,2.0,starter_changes,Most starter changes in a gameweek.,,,,,,,,,,,,,,,,,,,,,,,,,,,,,,,,,,0.0,1.0,1.0
weekly,8.0,Lineup Changes,11,zxivny5tme3hojrx,Count Doku,1.0,starter_changes,Most starter changes in a gameweek.,,,,,,,,,,,,,,,,,,,,,,,,,,,,,,,,,,3.0,0.0,1.0
weekly,8.0,Lineup Changes,12,zf53q9hdme32qmoe,Robertske,0.0,starter_changes,Most starter changes in a gameweek.,,,,,,,,,,,,,,,,,,,,,,,,,,,,,,,,,,0.0,0.0,0.0
weekly,9.0,Lineup Changes,1,fm7cv4p0me3j48nk,The Facerockers,10.0,starter_changes,Most starter changes in a gameweek.,,,,,,,,,,,,,,,,,,,,,,,,,,,,,,,,,,6.0,5.0,5.0
weekly,9.0,Lineup Changes,2,avv7b4d5me2tlsrt,wmuck1,8.0,starter_changes,Most starter changes in a gameweek.,,,,,,,,,,,,,,,,,,,,,,,,,,,,,,,,,,0.0,4.0,4.0
weekly,9.0,Lineup Changes,3,0t8m7z91mdhjhvye,SUNNYD,6.0,starter_changes,Most starter changes in a gameweek.,,,,,,,,,,,,,,,,,,,,,,,,,,,,,,,,,,2.0,3.0,3.0
weekly,9.0,Lineup Changes,4,eaz9h4hfme2wdh8p,epatel3,6.0,starter_changes,Most starter changes in a gameweek.,,,,,,,,,,,,,,,,,,,,,,,,,,,,,,,,,,2.0,3.0,3.0
weekly,9.0,Lineup Changes,5,ne94j2bxme0vsmkq,Pot Splashers,6.0,starter_changes,Most starter changes in a gameweek.,,,,,,,,,,,,,,,,,,,,,,,,,,,,,,,,,,0.0,3.0,3.0
weekly,9.0,Lineup Changes,6,ss2dromsme3cbmga,Berkshire’s Club,6.0,starter_changes,Most starter changes in a gameweek.,,,,,,,,,,,,,,,,,,,,,,,,,,,,,,,,,,2.0,3.0,3.0
weekly,9.0,Lineup Changes,7,xnt9wpm9me0us0r4,yudesh,6.0,starter_changes,Most starter changes in a gameweek.,,,,,,,,,,,,,,,,,,,,,,,,,,,,,,,,,,4.0,3.0,3.0
weekly,9.0,Lineup Changes,8,116s0o6ume0s7s58,Up the Arse-nal,4.0,starter_changes,Most starter changes in a gameweek.,,,,,,,,,,,,,,,,,,,,,,,,,,,,,,,,,,0.0,2.0,2.0
weekly,9.0,Lineup Changes,9,ih2b4z8ome1job2n,nhauptma,4.0,starter_changes,Most starter changes in a gameweek.,,,,,,,,,,,,,,,,,,,,,,,,,,,,,,,,,,2.0,2.0,2.0
weekly,9.0,Lineup Changes,10,zxivny5tme3hojrx,Count Doku,3.0,starter_changes,Most starter changes in a gameweek.,,,,,,,,,,,,,,,,,,,,,,,,,,,,,,,,,,0.0,2.0,1.0
weekly,9.0,Lineup Changes,11,qocqs3wjme34472y,KindComet,2.0,starter_changes,Most starter changes in a gameweek.,,,,,,,,,,,,,,,,,,,,,,,,,,,,,,,,,,2.0,1.0,1.0
weekly,9.0,Lineup Changes,12,zf53q9hdme32qmoe,Robertske,0.0,starter_changes,Most starter changes in a gameweek.,,,,,,,,,,,,,,,,,,,,,,,,,,,,,,,,,,0.0,0.0,0.0
weekly,10.0,Lineup Changes,1,avv7b4d5me2tlsrt,wmuck1,6.0,starter_changes,Most starter changes in a gameweek.,,,,,,,,,,,,,,,,,,,,,,,,,,,,,,,,,,8.0,3.0,3.0
weekly,10.0,Lineup Changes,2,fm7cv4p0me3j48nk,The Facerockers,6.0,starter_changes,Most starter changes in a gameweek.,,,,,,,,,,,,,,,,,,,,,,,,,,,,,,,,,,6.0,3.0,3.0
weekly,10.0,Lineup Changes,3,xnt9wpm9me0us0r4,yudesh,6.0,starter_changes,Most starter changes in a gameweek.,,,,,,,,,,,,,,,,,,,,,,,,,,,,,,,,,,6.0,3.0,3.0
weekly,10.0,Lineup Changes,4,0t8m7z91mdhjhvye,SUNNYD,4.0,starter_changes,Most starter changes in a gameweek.,,,,,,,,,,,,,,,,,,,,,,,,,,,,,,,,,,2.0,2.0,2.0
weekly,10.0,Lineup Changes,5,116s0o6ume0s7s58,Up the Arse-nal,4.0,starter_changes,Most starter changes in a gameweek.,,,,,,,,,,,,,,,,,,,,,,,,,,,,,,,,,,0.0,2.0,2.0
weekly,10.0,Lineup Changes,6,eaz9h4hfme2wdh8p,epatel3,4.0,starter_changes,Most starter changes in a gameweek.,,,,,,,,,,,,,,,,,,,,,,,,,,,,,,,,,,4.0,2.0,2.0
weekly,10.0,Lineup Changes,7,ss2dromsme3cbmga,Berkshire’s Club,4.0,starter_changes,Most starter changes in a gameweek.,,,,,,,,,,,,,,,,,,,,,,,,,,,,,,,,,,2.0,2.0,2.0
weekly,10.0,Lineup Changes,8,zxivny5tme3hojrx,Count Doku,4.0,starter_changes,Most starter changes in a gameweek.,,,,,,,,,,,,,,,,,,,,,,,,,,,,,,,,,,1.0,2.0,2.0
weekly,10.0,Lineup Changes,9,ih2b4z8ome1job2n,nhauptma,2.0,starter_changes,Most starter changes in a gameweek.,,,,,,,,,,,,,,,,,,,,,,,,,,,,,,,,,,3.0,1.0,1.0
weekly,10.0,Lineup Changes,10,ne94j2bxme0vsmkq,Pot Splashers,2.0,starter_changes,Most starter changes in a gameweek.,,,,,,,,,,,,,,,,,,,,,,,,,,,,,,,,,,0.0,1.0,1.0
weekly,10.0,Lineup Changes,11,qocqs3wjme34472y,KindComet,2.0,starter_changes,Most starter changes in a gameweek.,,,,,,,,,,,,,,,,,,,,,,,,,,,,,,,,,,3.0,1.0,1.0
weekly,10.0,Lineup Changes,12,zf53q9hdme32qmoe,Robertske,0.0,starter_changes,Most starter changes in a gameweek.,,,,,,,,,,,,,,,,,,,,,,,,,,,,,,,,,,0.0,0.0,0.0
weekly,11.0,Lineup Changes,1,0t8m7z91mdhjhvye,SUNNYD,10.0,starter_changes,Most starter changes in a gameweek.,,,,,,,,,,,,,,,,,,,,,,,,,,,,,,,,,,10.0,5.0,5.0
weekly,11.0,Lineup Changes,2,ss2dromsme3cbmga,Berkshire’s Club,10.0,starter_changes,Most starter changes in a gameweek.,,,,,,,,,,,,,,,,,,,,,,,,,,,,,,,,,,6.0,5.0,5.0
weekly,11.0,Lineup Changes,3,fm7cv4p0me3j48nk,The Facerockers,6.0,starter_changes,Most starter changes in a gameweek.,,,,,,,,,,,,,,,,,,,,,,,,,,,,,,,,,,4.0,3.0,3.0
weekly,11.0,Lineup Changes,4,eaz9h4hfme2wdh8p,epatel3,4.0,starter_changes,Most starter changes in a gameweek.,,,,,,,,,,,,,,,,,,,,,,,,,,,,,,,,,,6.0,2.0,2.0
weekly,11.0,Lineup Changes,5,ih2b4z8ome1job2n,nhauptma,4.0,starter_changes,Most starter changes in a gameweek.,,,,,,,,,,,,,,,,,,,,,,,,,,,,,,,,,,0.0,2.0,2.0
weekly,11.0,Lineup Changes,6,qocqs3wjme34472y,KindComet,4.0,starter_changes,Most starter changes in a gameweek.,,,,,,,,,,,,,,,,,,,,,,,,,,,,,,,,,,2.0,2.0,2.0
weekly,11.0,Lineup Changes,7,zxivny5tme3hojrx,Count Doku,4.0,starter_changes,Most starter changes in a gameweek.,,,,,,,,,,,,,,,,,,,,,,,,,,,,,,,,,,4.0,2.0,2.0
weekly,11.0,Lineup Changes,8,ne94j2bxme0vsmkq,Pot Splashers,2.0,starter_changes,Most starter changes in a gameweek.,,,,,,,,,,,,,,,,,,,,,,,,,,,,,,,,,,0.0,1.0,1.0
weekly,11.0,Lineup Changes,9,xnt9wpm9me0us0r4,yudesh,2.0,starter_changes,Most starter changes in a gameweek.,,,,,,,,,,,,,,,,,,,,,,,,,,,,,,,,,,4.0,1.0,1.0
weekly,11.0,Lineup Changes,10,zf53q9hdme32qmoe,Robertske,2.0,starter_changes,Most starter changes in a gameweek.,,,,,,,,,,,,,,,,,,,,,,,,,,,,,,,,,,3.0,1.0,1.0
weekly,11.0,Lineup Changes,11,116s0o6ume0s7s58,Up the Arse-nal,0.0,starter_changes,Most starter changes in a gameweek.,,,,,,,,,,,,,,,,,,,,,,,,,,,,,,,,,,0.0,0.0,0.0
weekly,11.0,Lineup Changes,12,avv7b4d5me2tlsrt,wmuck1,0.0,starter_changes,Most starter changes in a gameweek.,,,,,,,,,,,,,,,,,,,,,,,,,,,,,,,,,,0.0,0.0,0.0
weekly,12.0,Lineup Changes,1,ss2dromsme3cbmga,Berkshire’s Club,12.0,starter_changes,Most starter changes in a gameweek.,,,,,,,,,,,,,,,,,,,,,,,,,,,,,,,,,,6.0,6.0,6.0
weekly,12.0,Lineup Changes,2,qocqs3wjme34472y,KindComet,8.0,starter_changes,Most starter changes in a gameweek.,,,,,,,,,,,,,,,,,,,,,,,,,,,,,,,,,,5.0,4.0,4.0
weekly,12.0,Lineup Changes,3,0t8m7z91mdhjhvye,SUNNYD,6.0,starter_changes,Most starter changes in a gameweek.,,,,,,,,,,,,,,,,,,,,,,,,,,,,,,,,,,2.0,3.0,3.0
weekly,12.0,Lineup Changes,4,fm7cv4p0me3j48nk,The Facerockers,6.0,starter_changes,Most starter changes in a gameweek.,,,,,,,,,,,,,,,,,,,,,,,,,,,,,,,,,,3.0,3.0,3.0
weekly,12.0,Lineup Changes,5,zf53q9hdme32qmoe,Robertske,6.0,starter_changes,Most starter changes in a gameweek.,,,,,,,,,,,,,,,,,,,,,,,,,,,,,,,,,,7.0,3.0,3.0
weekly,12.0,Lineup Changes,6,eaz9h4hfme2wdh8p,epatel3,4.0,starter_changes,Most starter changes in a gameweek.,,,,,,,,,,,,,,,,,,,,,,,,,,,,,,,,,,4.0,2.0,2.0
weekly,12.0,Lineup Changes,7,ih2b4z8ome1job2n,nhauptma,4.0,starter_changes,Most starter changes in a gameweek.,,,,,,,,,,,,,,,,,,,,,,,,,,,,,,,,,,0.0,2.0,2.0
weekly,12.0,Lineup Changes,8,xnt9wpm9me0us0r4,yudesh,4.0,starter_changes,Most starter changes in a gameweek.,,,,,,,,,,,,,,,,,,,,,,,,,,,,,,,,,,2.0,2.0,2.0
weekly,12.0,Lineup Changes,9,116s0o6ume0s7s58,Up the Arse-nal,2.0,starter_changes,Most starter changes in a gameweek.,,,,,,,,,,,,,,,,,,,,,,,,,,,,,,,,,,2.0,1.0,1.0
weekly,12.0,Lineup Changes,10,avv7b4d5me2tlsrt,wmuck1,2.0,starter_changes,Most starter changes in a gameweek.,,,,,,,,,,,,,,,,,,,,,,,,,,,,,,,,,,2.0,1.0,1.0
weekly,12.0,Lineup Changes,11,ne94j2bxme0vsmkq,Pot Splashers,2.0,starter_changes,Most starter changes in a gameweek.,,,,,,,,,,,,,,,,,,,,,,,,,,,,,,,,,,2.0,1.0,1.0
weekly,12.0,Lineup Changes,12,zxivny5tme3hojrx,Count Doku,2.0,starter_changes,Most starter changes in a gameweek.,,,,,,,,,,,,,,,,,,,,,,,,,,,,,,,,,,0.0,1.0,1.0
weekly,13.0,Lineup Changes,1,fm7cv4p0me3j48nk,The Facerockers,10.0,starter_changes,Most starter changes in a gameweek.,,,,,,,,,,,,,,,,,,,,,,,,,,,,,,,,,,9.0,5.0,5.0
weekly,13.0,Lineup Changes,2,0t8m7z91mdhjhvye,SUNNYD,8.0,starter_changes,Most starter changes in a gameweek.,,,,,,,,,,,,,,,,,,,,,,,,,,,,,,,,,,10.0,4.0,4.0
weekly,13.0,Lineup Changes,3,ss2dromsme3cbmga,Berkshire’s Club,6.0,starter_changes,Most starter changes in a gameweek.,,,,,,,,,,,,,,,,,,,,,,,,,,,,,,,,,,4.0,3.0,3.0
weekly,13.0,Lineup Changes,4,ih2b4z8ome1job2n,nhauptma,4.0,starter_changes,Most starter changes in a gameweek.,,,,,,,,,,,,,,,,,,,,,,,,,,,,,,,,,,0.0,2.0,2.0
weekly,13.0,Lineup Changes,5,qocqs3wjme34472y,KindComet,4.0,starter_changes,Most starter changes in a gameweek.,,,,,,,,,,,,,,,,,,,,,,,,,,,,,,,,,,2.0,2.0,2.0
weekly,13.0,Lineup Changes,6,zxivny5tme3hojrx,Count Doku,4.0,starter_changes,Most starter changes in a gameweek.,,,,,,,,,,,,,,,,,,,,,,,,,,,,,,,,,,2.0,2.0,2.0
weekly,13.0,Lineup Changes,7,116s0o6ume0s7s58,Up the Arse-nal,2.0,starter_changes,Most starter changes in a gameweek.,,,,,,,,,,,,,,,,,,,,,,,,,,,,,,,,,,0.0,1.0,1.0
weekly,13.0,Lineup Changes,8,avv7b4d5me2tlsrt,wmuck1,2.0,starter_changes,Most starter changes in a gameweek.,,,,,,,,,,,,,,,,,,,,,,,,,,,,,,,,,,4.0,1.0,1.0
weekly,13.0,Lineup Changes,9,eaz9h4hfme2wdh8p,epatel3,2.0,starter_changes,Most starter changes in a gameweek.,,,,,,,,,,,,,,,,,,,,,,,,,,,,,,,,,,0.0,1.0,1.0
weekly,13.0,Lineup Changes,10,ne94j2bxme0vsmkq,Pot Splashers,2.0,starter_changes,Most starter changes in a gameweek.,,,,,,,,,,,,,,,,,,,,,,,,,,,,,,,,,,0.0,1.0,1.0
weekly,13.0,Lineup Changes,11,xnt9wpm9me0us0r4,yudesh,2.0,starter_changes,Most starter changes in a gameweek.,,,,,,,,,,,,,,,,,,,,,,,,,,,,,,,,,,2.0,1.0,1.0
weekly,13.0,Lineup Changes,12,zf53q9hdme32qmoe,Robertske,0.0,starter_changes,Most starter changes in a gameweek.,,,,,,,,,,,,,,,,,,,,,,,,,,,,,,,,,,0.0,0.0,0.0
weekly,14.0,Lineup Changes,1,fm7cv4p0me3j48nk,The Facerockers,12.0,starter_changes,Most starter changes in a gameweek.,,,,,,,,,,,,,,,,,,,,,,,,,,,,,,,,,,8.0,6.0,6.0
weekly,14.0,Lineup Changes,2,ss2dromsme3cbmga,Berkshire’s Club,8.0,starter_changes,Most starter changes in a gameweek.,,,,,,,,,,,,,,,,,,,,,,,,,,,,,,,,,,4.0,4.0,4.0
weekly,14.0,Lineup Changes,3,0t8m7z91mdhjhvye,SUNNYD,6.0,starter_changes,Most starter changes in a gameweek.,,,,,,,,,,,,,,,,,,,,,,,,,,,,,,,,,,6.0,3.0,3.0
weekly,14.0,Lineup Changes,4,avv7b4d5me2tlsrt,wmuck1,6.0,starter_changes,Most starter changes in a gameweek.,,,,,,,,,,,,,,,,,,,,,,,,,,,,,,,,,,0.0,3.0,3.0
weekly,14.0,Lineup Changes,5,qocqs3wjme34472y,KindComet,6.0,starter_changes,Most starter changes in a gameweek.,,,,,,,,,,,,,,,,,,,,,,,,,,,,,,,,,,2.0,3.0,3.0
weekly,14.0,Lineup Changes,6,ih2b4z8ome1job2n,nhauptma,4.0,starter_changes,Most starter changes in a gameweek.,,,,,,,,,,,,,,,,,,,,,,,,,,,,,,,,,,0.0,2.0,2.0
weekly,14.0,Lineup Changes,7,xnt9wpm9me0us0r4,yudesh,4.0,starter_changes,Most starter changes in a gameweek.,,,,,,,,,,,,,,,,,,,,,,,,,,,,,,,,,,0.0,2.0,2.0
weekly,14.0,Lineup Changes,8,zxivny5tme3hojrx,Count Doku,4.0,starter_changes,Most starter changes in a gameweek.,,,,,,,,,,,,,,,,,,,,,,,,,,,,,,,,,,0.0,2.0,2.0
weekly,14.0,Lineup Changes,9,116s0o6ume0s7s58,Up the Arse-nal,2.0,starter_changes,Most starter changes in a gameweek.,,,,,,,,,,,,,,,,,,,,,,,,,,,,,,,,,,0.0,1.0,1.0
weekly,14.0,Lineup Changes,10,ne94j2bxme0vsmkq,Pot Splashers,2.0,starter_changes,Most starter changes in a gameweek.,,,,,,,,,,,,,,,,,,,,,,,,,,,,,,,,,,0.0,1.0,1.0
weekly,14.0,Lineup Changes,11,zf53q9hdme32qmoe,Robertske,2.0,starter_changes,Most starter changes in a gameweek.,,,,,,,,,,,,,,,,,,,,,,,,,,,,,,,,,,2.0,1.0,1.0
weekly,14.0,Lineup Changes,12,eaz9h4hfme2wdh8p,epatel3,0.0,starter_changes,Most starter changes in a gameweek.,,,,,,,,,,,,,,,,,,,,,,,,,,,,,,,,,,0.0,0.0,0.0
weekly,15.0,Lineup Changes,1,qocqs3wjme34472y,KindComet,8.0,starter_changes,Most starter changes in a gameweek.,,,,,,,,,,,,,,,,,,,,,,,,,,,,,,,,,,2.0,4.0,4.0
weekly,15.0,Lineup Changes,2,fm7cv4p0me3j48nk,The Facerockers,6.0,starter_changes,Most starter changes in a gameweek.,,,,,,,,,,,,,,,,,,,,,,,,,,,,,,,,,,4.0,3.0,3.0
weekly,15.0,Lineup Changes,3,ne94j2bxme0vsmkq,Pot Splashers,6.0,starter_changes,Most starter changes in a gameweek.,,,,,,,,,,,,,,,,,,,,,,,,,,,,,,,,,,0.0,3.0,3.0
weekly,15.0,Lineup Changes,4,ss2dromsme3cbmga,Berkshire’s Club,6.0,starter_changes,Most starter changes in a gameweek.,,,,,,,,,,,,,,,,,,,,,,,,,,,,,,,,,,4.0,3.0,3.0
weekly,15.0,Lineup Changes,5,0t8m7z91mdhjhvye,SUNNYD,4.0,starter_changes,Most starter changes in a gameweek.,,,,,,,,,,,,,,,,,,,,,,,,,,,,,,,,,,0.0,2.0,2.0
weekly,15.0,Lineup Changes,6,xnt9wpm9me0us0r4,yudesh,4.0,starter_changes,Most starter changes in a gameweek.,,,,,,,,,,,,,,,,,,,,,,,,,,,,,,,,,,0.0,2.0,2.0
weekly,15.0,Lineup Changes,7,zxivny5tme3hojrx,Count Doku,4.0,starter_changes,Most starter changes in a gameweek.,,,,,,,,,,,,,,,,,,,,,,,,,,,,,,,,,,0.0,2.0,2.0
weekly,15.0,Lineup Changes,8,eaz9h4hfme2wdh8p,epatel3,2.0,starter_changes,Most starter changes in a gameweek.,,,,,,,,,,,,,,,,,,,,,,,,,,,,,,,,,,2.0,1.0,1.0
weekly,15.0,Lineup Changes,9,116s0o6ume0s7s58,Up the Arse-nal,0.0,starter_changes,Most starter changes in a gameweek.,,,,,,,,,,,,,,,,,,,,,,,,,,,,,,,,,,0.0,0.0,0.0
weekly,15.0,Lineup Changes,10,avv7b4d5me2tlsrt,wmuck1,0.0,starter_changes,Most starter changes in a gameweek.,,,,,,,,,,,,,,,,,,,,,,,,,,,,,,,,,,0.0,0.0,0.0
weekly,15.0,Lineup Changes,11,ih2b4z8ome1job2n,nhauptma,0.0,starter_changes,Most starter changes in a gameweek.,,,,,,,,,,,,,,,,,,,,,,,,,,,,,,,,,,1.0,0.0,0.0
weekly,15.0,Lineup Changes,12,zf53q9hdme32qmoe,Robertske,0.0,starter_changes,Most starter changes in a gameweek.,,,,,,,,,,,,,,,,,,,,,,,,,,,,,,,,,,0.0,0.0,0.0
weekly,16.0,Lineup Changes,1,fm7cv4p0me3j48nk,The Facerockers,8.0,starter_changes,Most starter changes in a gameweek.,,,,,,,,,,,,,,,,,,,,,,,,,,,,,,,,,,5.0,4.0,4.0
weekly,16.0,Lineup Changes,2,ne94j2bxme0vsmkq,Pot Splashers,6.0,starter_changes,Most starter changes in a gameweek.,,,,,,,,,,,,,,,,,,,,,,,,,,,,,,,,,,2.0,3.0,3.0
weekly,16.0,Lineup Changes,3,0t8m7z91mdhjhvye,SUNNYD,4.0,starter_changes,Most starter changes in a gameweek.,,,,,,,,,,,,,,,,,,,,,,,,,,,,,,,,,,3.0,2.0,2.0
weekly,16.0,Lineup Changes,4,qocqs3wjme34472y,KindComet,4.0,starter_changes,Most starter changes in a gameweek.,,,,,,,,,,,,,,,,,,,,,,,,,,,,,,,,,,2.0,2.0,2.0
weekly,16.0,Lineup Changes,5,xnt9wpm9me0us0r4,yudesh,4.0,starter_changes,Most starter changes in a gameweek.,,,,,,,,,,,,,,,,,,,,,,,,,,,,,,,,,,3.0,2.0,2.0
weekly,16.0,Lineup Changes,6,zf53q9hdme32qmoe,Robertske,3.0,starter_changes,Most starter changes in a gameweek.,,,,,,,,,,,,,,,,,,,,,,,,,,,,,,,,,,4.0,1.0,2.0
weekly,16.0,Lineup Changes,7,eaz9h4hfme2wdh8p,epatel3,2.0,starter_changes,Most starter changes in a gameweek.,,,,,,,,,,,,,,,,,,,,,,,,,,,,,,,,,,0.0,1.0,1.0
weekly,16.0,Lineup Changes,8,ih2b4z8ome1job2n,nhauptma,2.0,starter_changes,Most starter changes in a gameweek.,,,,,,,,,,,,,,,,,,,,,,,,,,,,,,,,,,2.0,1.0,1.0
weekly,16.0,Lineup Changes,9,ss2dromsme3cbmga,Berkshire’s Club,2.0,starter_changes,Most starter changes in a gameweek.,,,,,,,,,,,,,,,,,,,,,,,,,,,,,,,,,,2.0,1.0,1.0
weekly,16.0,Lineup Changes,10,zxivny5tme3hojrx,Count Doku,2.0,starter_changes,Most starter changes in a gameweek.,,,,,,,,,,,,,,,,,,,,,,,,,,,,,,,,,,3.0,1.0,1.0
weekly,16.0,Lineup Changes,11,116s0o6ume0s7s58,Up the Arse-nal,0.0,starter_changes,Most starter changes in a gameweek.,,,,,,,,,,,,,,,,,,,,,,,,,,,,,,,,,,0.0,0.0,0.0
weekly,16.0,Lineup Changes,12,avv7b4d5me2tlsrt,wmuck1,0.0,starter_changes,Most starter changes in a gameweek.,,,,,,,,,,,,,,,,,,,,,,,,,,,,,,,,,,0.0,0.0,0.0
weekly,17.0,Lineup Changes,1,qocqs3wjme34472y,KindComet,8.0,starter_changes,Most starter changes in a gameweek.,,,,,,,,,,,,,,,,,,,,,,,,,,,,,,,,,,2.0,4.0,4.0
weekly,17.0,Lineup Changes,2,ss2dromsme3cbmga,Berkshire’s Club,8.0,starter_changes,Most starter changes in a gameweek.,,,,,,,,,,,,,,,,,,,,,,,,,,,,,,,,,,2.0,4.0,4.0
weekly,17.0,Lineup Changes,3,fm7cv4p0me3j48nk,The Facerockers,6.0,starter_changes,Most starter changes in a gameweek.,,,,,,,,,,,,,,,,,,,,,,,,,,,,,,,,,,5.0,3.0,3.0
weekly,17.0,Lineup Changes,4,ih2b4z8ome1job2n,nhauptma,6.0,starter_changes,Most starter changes in a gameweek.,,,,,,,,,,,,,,,,,,,,,,,,,,,,,,,,,,0.0,3.0,3.0
weekly,17.0,Lineup Changes,5,xnt9wpm9me0us0r4,yudesh,6.0,starter_changes,Most starter changes in a gameweek.,,,,,,,,,,,,,,,,,,,,,,,,,,,,,,,,,,3.0,3.0,3.0
weekly,17.0,Lineup Changes,6,0t8m7z91mdhjhvye,SUNNYD,4.0,starter_changes,Most starter changes in a gameweek.,,,,,,,,,,,,,,,,,,,,,,,,,,,,,,,,,,5.0,2.0,2.0
weekly,17.0,Lineup Changes,7,eaz9h4hfme2wdh8p,epatel3,4.0,starter_changes,Most starter changes in a gameweek.,,,,,,,,,,,,,,,,,,,,,,,,,,,,,,,,,,0.0,2.0,2.0
weekly,17.0,Lineup Changes,8,zf53q9hdme32qmoe,Robertske,3.0,starter_changes,Most starter changes in a gameweek.,,,,,,,,,,,,,,,,,,,,,,,,,,,,,,,,,,4.0,2.0,1.0
weekly,17.0,Lineup Changes,9,zxivny5tme3hojrx,Count Doku,3.0,starter_changes,Most starter changes in a gameweek.,,,,,,,,,,,,,,,,,,,,,,,,,,,,,,,,,,3.0,1.0,2.0
weekly,17.0,Lineup Changes,10,116s0o6ume0s7s58,Up the Arse-nal,2.0,starter_changes,Most starter changes in a gameweek.,,,,,,,,,,,,,,,,,,,,,,,,,,,,,,,,,,0.0,1.0,1.0
weekly,17.0,Lineup Changes,11,ne94j2bxme0vsmkq,Pot Splashers,2.0,starter_changes,Most starter changes in a gameweek.,,,,,,,,,,,,,,,,,,,,,,,,,,,,,,,,,,0.0,1.0,1.0
weekly,17.0,Lineup Changes,12,avv7b4d5me2tlsrt,wmuck1,0.0,starter_changes,Most starter changes in a gameweek.,,,,,,,,,,,,,,,,,,,,,,,,,,,,,,,,,,0.0,0.0,0.0
weekly,18.0,Lineup Changes,1,ss2dromsme3cbmga,Berkshire’s Club,8.0,starter_changes,Most starter changes in a gameweek.,,,,,,,,,,,,,,,,,,,,,,,,,,,,,,,,,,2.0,4.0,4.0
weekly,18.0,Lineup Changes,2,0t8m7z91mdhjhvye,SUNNYD,4.0,starter_changes,Most starter changes in a gameweek.,,,,,,,,,,,,,,,,,,,,,,,,,,,,,,,,,,2.0,2.0,2.0
weekly,18.0,Lineup Changes,3,116s0o6ume0s7s58,Up the Arse-nal,4.0,starter_changes,Most starter changes in a gameweek.,,,,,,,,,,,,,,,,,,,,,,,,,,,,,,,,,,0.0,2.0,2.0
weekly,18.0,Lineup Changes,4,ih2b4z8ome1job2n,nhauptma,4.0,starter_changes,Most starter changes in a gameweek.,,,,,,,,,,,,,,,,,,,,,,,,,,,,,,,,,,0.0,2.0,2.0
weekly,18.0,Lineup Changes,5,ne94j2bxme0vsmkq,Pot Splashers,4.0,starter_changes,Most starter changes in a gameweek.,,,,,,,,,,,,,,,,,,,,,,,,,,,,,,,,,,2.0,2.0,2.0
weekly,18.0,Lineup Changes,6,qocqs3wjme34472y,KindComet,4.0,starter_changes,Most starter changes in a gameweek.,,,,,,,,,,,,,,,,,,,,,,,,,,,,,,,,,,0.0,2.0,2.0
weekly,18.0,Lineup Changes,7,zxivny5tme3hojrx,Count Doku,3.0,starter_changes,Most starter changes in a gameweek.,,,,,,,,,,,,,,,,,,,,,,,,,,,,,,,,,,6.0,2.0,1.0
weekly,18.0,Lineup Changes,8,eaz9h4hfme2wdh8p,epatel3,2.0,starter_changes,Most starter changes in a gameweek.,,,,,,,,,,,,,,,,,,,,,,,,,,,,,,,,,,0.0,1.0,1.0
weekly,18.0,Lineup Changes,9,fm7cv4p0me3j48nk,The Facerockers,2.0,starter_changes,Most starter changes in a gameweek.,,,,,,,,,,,,,,,,,,,,,,,,,,,,,,,,,,4.0,1.0,1.0
weekly,18.0,Lineup Changes,10,avv7b4d5me2tlsrt,wmuck1,0.0,starter_changes,Most starter changes in a gameweek.,,,,,,,,,,,,,,,,,,,,,,,,,,,,,,,,,,0.0,0.0,0.0
weekly,18.0,Lineup Changes,11,xnt9wpm9me0us0r4,yudesh,0.0,starter_changes,Most starter changes in a gameweek.,,,,,,,,,,,,,,,,,,,,,,,,,,,,,,,,,,0.0,0.0,0.0
weekly,18.0,Lineup Changes,12,zf53q9hdme32qmoe,Robertske,0.0,starter_changes,Most starter changes in a gameweek.,,,,,,,,,,,,,,,,,,,,,,,,,,,,,,,,,,0.0,0.0,0.0
weekly,19.0,Lineup Changes,1,fm7cv4p0me3j48nk,The Facerockers,8.0,starter_changes,Most starter changes in a gameweek.,,,,,,,,,,,,,,,,,,,,,,,,,,,,,,,,,,6.0,4.0,4.0
weekly,19.0,Lineup Changes,2,116s0o6ume0s7s58,Up the Arse-nal,6.0,starter_changes,Most starter changes in a gameweek.,,,,,,,,,,,,,,,,,,,,,,,,,,,,,,,,,,0.0,3.0,3.0
weekly,19.0,Lineup Changes,3,ne94j2bxme0vsmkq,Pot Splashers,6.0,starter_changes,Most starter changes in a gameweek.,,,,,,,,,,,,,,,,,,,,,,,,,,,,,,,,,,2.0,3.0,3.0
weekly,19.0,Lineup Changes,4,qocqs3wjme34472y,KindComet,6.0,starter_changes,Most starter changes in a gameweek.,,,,,,,,,,,,,,,,,,,,,,,,,,,,,,,,,,4.0,3.0,3.0
weekly,19.0,Lineup Changes,5,zf53q9hdme32qmoe,Robertske,5.0,starter_changes,Most starter changes in a gameweek.,,,,,,,,,,,,,,,,,,,,,,,,,,,,,,,,,,0.0,2.0,3.0
weekly,19.0,Lineup Changes,6,0t8m7z91mdhjhvye,SUNNYD,4.0,starter_changes,Most starter changes in a gameweek.,,,,,,,,,,,,,,,,,,,,,,,,,,,,,,,,,,2.0,2.0,2.0
weekly,19.0,Lineup Changes,7,avv7b4d5me2tlsrt,wmuck1,4.0,starter_changes,Most starter changes in a gameweek.,,,,,,,,,,,,,,,,,,,,,,,,,,,,,,,,,,0.0,2.0,2.0
weekly,19.0,Lineup Changes,8,eaz9h4hfme2wdh8p,epatel3,4.0,starter_changes,Most starter changes in a gameweek.,,,,,,,,,,,,,,,,,,,,,,,,,,,,,,,,,,4.0,2.0,2.0
weekly,19.0,Lineup Changes,9,ih2b4z8ome1job2n,nhauptma,4.0,starter_changes,Most starter changes in a gameweek.,,,,,,,,,,,,,,,,,,,,,,,,,,,,,,,,,,4.0,2.0,2.0
weekly,19.0,Lineup Changes,10,ss2dromsme3cbmga,Berkshire’s Club,4.0,starter_changes,Most starter changes in a gameweek.,,,,,,,,,,,,,,,,,,,,,,,,,,,,,,,,,,2.0,2.0,2.0
weekly,19.0,Lineup Changes,11,xnt9wpm9me0us0r4,yudesh,2.0,starter_changes,Most starter changes in a gameweek.,,,,,,,,,,,,,,,,,,,,,,,,,,,,,,,,,,2.0,1.0,1.0
weekly,19.0,Lineup Changes,12,zxivny5tme3hojrx,Count Doku,2.0,starter_changes,Most starter changes in a gameweek.,,,,,,,,,,,,,,,,,,,,,,,,,,,,,,,,,,2.0,1.0,1.0
weekly,20.0,Lineup Changes,1,ne94j2bxme0vsmkq,Pot Splashers,8.0,starter_changes,Most starter changes in a gameweek.,,,,,,,,,,,,,,,,,,,,,,,,,,,,,,,,,,0.0,4.0,4.0
weekly,20.0,Lineup Changes,2,fm7cv4p0me3j48nk,The Facerockers,7.0,starter_changes,Most starter changes in a gameweek.,,,,,,,,,,,,,,,,,,,,,,,,,,,,,,,,,,4.0,3.0,4.0
weekly,20.0,Lineup Changes,3,0t8m7z91mdhjhvye,SUNNYD,6.0,starter_changes,Most starter changes in a gameweek.,,,,,,,,,,,,,,,,,,,,,,,,,,,,,,,,,,4.0,3.0,3.0
weekly,20.0,Lineup Changes,4,qocqs3wjme34472y,KindComet,6.0,starter_changes,Most starter changes in a gameweek.,,,,,,,,,,,,,,,,,,,,,,,,,,,,,,,,,,2.0,3.0,3.0
weekly,20.0,Lineup Changes,5,116s0o6ume0s7s58,Up the Arse-nal,4.0,starter_changes,Most starter changes in a gameweek.,,,,,,,,,,,,,,,,,,,,,,,,,,,,,,,,,,0.0,2.0,2.0
weekly,20.0,Lineup Changes,6,eaz9h4hfme2wdh8p,epatel3,2.0,starter_changes,Most starter changes in a gameweek.,,,,,,,,,,,,,,,,,,,,,,,,,,,,,,,,,,2.0,1.0,1.0
weekly,20.0,Lineup Changes,7,ih2b4z8ome1job2n,nhauptma,2.0,starter_changes,Most starter changes in a gameweek.,,,,,,,,,,,,,,,,,,,,,,,,,,,,,,,,,,2.0,1.0,1.0
weekly,20.0,Lineup Changes,8,ss2dromsme3cbmga,Berkshire’s Club,2.0,starter_changes,Most starter changes in a gameweek.,,,,,,,,,,,,,,,,,,,,,,,,,,,,,,,,,,0.0,1.0,1.0
weekly,20.0,Lineup Changes,9,xnt9wpm9me0us0r4,yudesh,2.0,starter_changes,Most starter changes in a gameweek.,,,,,,,,,,,,,,,,,,,,,,,,,,,,,,,,,,2.0,1.0,1.0
weekly,20.0,Lineup Changes,10,avv7b4d5me2tlsrt,wmuck1,0.0,starter_changes,Most starter changes in a gameweek.,,,,,,,,,,,,,,,,,,,,,,,,,,,,,,,,,,0.0,0.0,0.0
weekly,20.0,Lineup Changes,11,zf53q9hdme32qmoe,Robertske,0.0,starter_changes,Most starter changes in a gameweek.,,,,,,,,,,,,,,,,,,,,,,,,,,,,,,,,,,0.0,0.0,0.0
weekly,20.0,Lineup Changes,12,zxivny5tme3hojrx,Count Doku,0.0,starter_changes,Most starter changes in a gameweek.,,,,,,,,,,,,,,,,,,,,,,,,,,,,,,,,,,0.0,0.0,0.0
weekly,21.0,Lineup Changes,1,ih2b4z8ome1job2n,nhauptma,8.0,starter_changes,Most starter changes in a gameweek.,,,,,,,,,,,,,,,,,,,,,,,,,,,,,,,,,,6.0,4.0,4.0
weekly,21.0,Lineup Changes,2,fm7cv4p0me3j48nk,The Facerockers,7.0,starter_changes,Most starter changes in a gameweek.,,,,,,,,,,,,,,,,,,,,,,,,,,,,,,,,,,4.0,4.0,3.0
weekly,21.0,Lineup Changes,3,116s0o6ume0s7s58,Up the Arse-nal,6.0,starter_changes,Most starter changes in a gameweek.,,,,,,,,,,,,,,,,,,,,,,,,,,,,,,,,,,4.0,3.0,3.0
weekly,21.0,Lineup Changes,4,qocqs3wjme34472y,KindComet,6.0,starter_changes,Most starter changes in a gameweek.,,,,,,,,,,,,,,,,,,,,,,,,,,,,,,,,,,2.0,3.0,3.0
weekly,21.0,Lineup Changes,5,zxivny5tme3hojrx,Count Doku,6.0,starter_changes,Most starter changes in a gameweek.,,,,,,,,,,,,,,,,,,,,,,,,,,,,,,,,,,2.0,3.0,3.0
weekly,21.0,Lineup Changes,6,zf53q9hdme32qmoe,Robertske,5.0,starter_changes,Most starter changes in a gameweek.,,,,,,,,,,,,,,,,,,,,,,,,,,,,,,,,,,0.0,3.0,2.0
weekly,21.0,Lineup Changes,7,0t8m7z91mdhjhvye,SUNNYD,4.0,starter_changes,Most starter changes in a gameweek.,,,,,,,,,,,,,,,,,,,,,,,,,,,,,,,,,,2.0,2.0,2.0
weekly,21.0,Lineup Changes,8,avv7b4d5me2tlsrt,wmuck1,4.0,starter_changes,Most starter changes in a gameweek.,,,,,,,,,,,,,,,,,,,,,,,,,,,,,,,,,,0.0,2.0,2.0
weekly,21.0,Lineup Changes,9,eaz9h4hfme2wdh8p,epatel3,4.0,starter_changes,Most starter changes in a gameweek.,,,,,,,,,,,,,,,,,,,,,,,,,,,,,,,,,,2.0,2.0,2.0
weekly,21.0,Lineup Changes,10,ne94j2bxme0vsmkq,Pot Splashers,4.0,starter_changes,Most starter changes in a gameweek.,,,,,,,,,,,,,,,,,,,,,,,,,,,,,,,,,,2.0,2.0,2.0
weekly,21.0,Lineup Changes,11,xnt9wpm9me0us0r4,yudesh,4.0,starter_changes,Most starter changes in a gameweek.,,,,,,,,,,,,,,,,,,,,,,,,,,,,,,,,,,6.0,2.0,2.0
weekly,21.0,Lineup Changes,12,ss2dromsme3cbmga,Berkshire’s Club,2.0,starter_changes,Most starter changes in a gameweek.,,,,,,,,,,,,,,,,,,,,,,,,,,,,,,,,,,4.0,1.0,1.0
weekly,22.0,Lineup Changes,1,fm7cv4p0me3j48nk,The Facerockers,10.0,starter_changes,Most starter changes in a gameweek.,,,,,,,,,,,,,,,,,,,,,,,,,,,,,,,,,,10.0,5.0,5.0
weekly,22.0,Lineup Changes,2,avv7b4d5me2tlsrt,wmuck1,8.0,starter_changes,Most starter changes in a gameweek.,,,,,,,,,,,,,,,,,,,,,,,,,,,,,,,,,,2.0,4.0,4.0
weekly,22.0,Lineup Changes,3,0t8m7z91mdhjhvye,SUNNYD,6.0,starter_changes,Most starter changes in a gameweek.,,,,,,,,,,,,,,,,,,,,,,,,,,,,,,,,,,10.0,3.0,3.0
weekly,22.0,Lineup Changes,4,ne94j2bxme0vsmkq,Pot Splashers,6.0,starter_changes,Most starter changes in a gameweek.,,,,,,,,,,,,,,,,,,,,,,,,,,,,,,,,,,0.0,3.0,3.0
weekly,22.0,Lineup Changes,5,eaz9h4hfme2wdh8p,epatel3,4.0,starter_changes,Most starter changes in a gameweek.,,,,,,,,,,,,,,,,,,,,,,,,,,,,,,,,,,4.0,2.0,2.0
weekly,22.0,Lineup Changes,6,qocqs3wjme34472y,KindComet,4.0,starter_changes,Most starter changes in a gameweek.,,,,,,,,,,,,,,,,,,,,,,,,,,,,,,,,,,0.0,2.0,2.0
weekly,22.0,Lineup Changes,7,ss2dromsme3cbmga,Berkshire’s Club,4.0,starter_changes,Most starter changes in a gameweek.,,,,,,,,,,,,,,,,,,,,,,,,,,,,,,,,,,2.0,2.0,2.0
weekly,22.0,Lineup Changes,8,xnt9wpm9me0us0r4,yudesh,4.0,starter_changes,Most starter changes in a gameweek.,,,,,,,,,,,,,,,,,,,,,,,,,,,,,,,,,,0.0,2.0,2.0
weekly,22.0,Lineup Changes,9,116s0o6ume0s7s58,Up the Arse-nal,2.0,starter_changes,Most starter changes in a gameweek.,,,,,,,,,,,,,,,,,,,,,,,,,,,,,,,,,,0.0,1.0,1.0
weekly,22.0,Lineup Changes,10,ih2b4z8ome1job2n,nhauptma,2.0,starter_changes,Most starter changes in a gameweek.,,,,,,,,,,,,,,,,,,,,,,,,,,,,,,,,,,0.0,1.0,1.0
weekly,22.0,Lineup Changes,11,zxivny5tme3hojrx,Count Doku,2.0,starter_changes,Most starter changes in a gameweek.,,,,,,,,,,,,,,,,,,,,,,,,,,,,,,,,,,6.0,1.0,1.0
weekly,22.0,Lineup Changes,12,zf53q9hdme32qmoe,Robertske,0.0,starter_changes,Most starter changes in a gameweek.,,,,,,,,,,,,,,,,,,,,,,,,,,,,,,,,,,0.0,0.0,0.0
weekly,23.0,Lineup Changes,1,fm7cv4p0me3j48nk,The Facerockers,8.0,starter_changes,Most starter changes in a gameweek.,,,,,,,,,,,,,,,,,,,,,,,,,,,,,,,,,,8.0,4.0,4.0
weekly,23.0,Lineup Changes,2,0t8m7z91mdhjhvye,SUNNYD,6.0,starter_changes,Most starter changes in a gameweek.,,,,,,,,,,,,,,,,,,,,,,,,,,,,,,,,,,8.0,3.0,3.0
weekly,23.0,Lineup Changes,3,ne94j2bxme0vsmkq,Pot Splashers,6.0,starter_changes,Most starter changes in a gameweek.,,,,,,,,,,,,,,,,,,,,,,,,,,,,,,,,,,6.0,3.0,3.0
weekly,23.0,Lineup Changes,4,xnt9wpm9me0us0r4,yudesh,6.0,starter_changes,Most starter changes in a gameweek.,,,,,,,,,,,,,,,,,,,,,,,,,,,,,,,,,,2.0,3.0,3.0
weekly,23.0,Lineup Changes,5,116s0o6ume0s7s58,Up the Arse-nal,4.0,starter_changes,Most starter changes in a gameweek.,,,,,,,,,,,,,,,,,,,,,,,,,,,,,,,,,,0.0,2.0,2.0
weekly,23.0,Lineup Changes,6,avv7b4d5me2tlsrt,wmuck1,4.0,starter_changes,Most starter changes in a gameweek.,,,,,,,,,,,,,,,,,,,,,,,,,,,,,,,,,,4.0,2.0,2.0
weekly,23.0,Lineup Changes,7,ss2dromsme3cbmga,Berkshire’s Club,4.0,starter_changes,Most starter changes in a gameweek.,,,,,,,,,,,,,,,,,,,,,,,,,,,,,,,,,,6.0,2.0,2.0
weekly,23.0,Lineup Changes,8,eaz9h4hfme2wdh8p,epatel3,2.0,starter_changes,Most starter changes in a gameweek.,,,,,,,,,,,,,,,,,,,,,,,,,,,,,,,,,,0.0,1.0,1.0
weekly,23.0,Lineup Changes,9,ih2b4z8ome1job2n,nhauptma,2.0,starter_changes,Most starter changes in a gameweek.,,,,,,,,,,,,,,,,,,,,,,,,,,,,,,,,,,0.0,1.0,1.0
weekly,23.0,Lineup Changes,10,qocqs3wjme34472y,KindComet,2.0,starter_changes,Most starter changes in a gameweek.,,,,,,,,,,,,,,,,,,,,,,,,,,,,,,,,,,2.0,1.0,1.0
weekly,23.0,Lineup Changes,11,zf53q9hdme32qmoe,Robertske,0.0,starter_changes,Most starter changes in a gameweek.,,,,,,,,,,,,,,,,,,,,,,,,,,,,,,,,,,0.0,0.0,0.0
weekly,23.0,Lineup Changes,12,zxivny5tme3hojrx,Count Doku,0.0,starter_changes,Most starter changes in a gameweek.,,,,,,,,,,,,,,,,,,,,,,,,,,,,,,,,,,0.0,0.0,0.0
weekly,24.0,Lineup Changes,1,0t8m7z91mdhjhvye,SUNNYD,12.0,starter_changes,Most starter changes in a gameweek.,,,,,,,,,,,,,,,,,,,,,,,,,,,,,,,,,,5.0,6.0,6.0
weekly,24.0,Lineup Changes,2,avv7b4d5me2tlsrt,wmuck1,12.0,starter_changes,Most starter changes in a gameweek.,,,,,,,,,,,,,,,,,,,,,,,,,,,,,,,,,,8.0,6.0,6.0
weekly,24.0,Lineup Changes,3,116s0o6ume0s7s58,Up the Arse-nal,8.0,starter_changes,Most starter changes in a gameweek.,,,,,,,,,,,,,,,,,,,,,,,,,,,,,,,,,,2.0,4.0,4.0
weekly,24.0,Lineup Changes,4,fm7cv4p0me3j48nk,The Facerockers,8.0,starter_changes,Most starter changes in a gameweek.,,,,,,,,,,,,,,,,,,,,,,,,,,,,,,,,,,4.0,4.0,4.0
weekly,24.0,Lineup Changes,5,ss2dromsme3cbmga,Berkshire’s Club,8.0,starter_changes,Most starter changes in a gameweek.,,,,,,,,,,,,,,,,,,,,,,,,,,,,,,,,,,8.0,4.0,4.0
weekly,24.0,Lineup Changes,6,ne94j2bxme0vsmkq,Pot Splashers,6.0,starter_changes,Most starter changes in a gameweek.,,,,,,,,,,,,,,,,,,,,,,,,,,,,,,,,,,4.0,3.0,3.0
weekly,24.0,Lineup Changes,7,eaz9h4hfme2wdh8p,epatel3,4.0,starter_changes,Most starter changes in a gameweek.,,,,,,,,,,,,,,,,,,,,,,,,,,,,,,,,,,0.0,2.0,2.0
weekly,24.0,Lineup Changes,8,ih2b4z8ome1job2n,nhauptma,4.0,starter_changes,Most starter changes in a gameweek.,,,,,,,,,,,,,,,,,,,,,,,,,,,,,,,,,,0.0,2.0,2.0
weekly,24.0,Lineup Changes,9,qocqs3wjme34472y,KindComet,4.0,starter_changes,Most starter changes in a gameweek.,,,,,,,,,,,,,,,,,,,,,,,,,,,,,,,,,,2.0,2.0,2.0
weekly,24.0,Lineup Changes,10,zxivny5tme3hojrx,Count Doku,4.0,starter_changes,Most starter changes in a gameweek.,,,,,,,,,,,,,,,,,,,,,,,,,,,,,,,,,,0.0,2.0,2.0
weekly,24.0,Lineup Changes,11,xnt9wpm9me0us0r4,yudesh,2.0,starter_changes,Most starter changes in a gameweek.,,,,,,,,,,,,,,,,,,,,,,,,,,,,,,,,,,0.0,1.0,1.0
weekly,24.0,Lineup Changes,12,zf53q9hdme32qmoe,Robertske,2.0,starter_changes,Most starter changes in a gameweek.,,,,,,,,,,,,,,,,,,,,,,,,,,,,,,,,,,1.0,1.0,1.0
weekly,25.0,Lineup Changes,1,fm7cv4p0me3j48nk,The Facerockers,8.0,starter_changes,Most starter changes in a gameweek.,,,,,,,,,,,,,,,,,,,,,,,,,,,,,,,,,,5.0,4.0,4.0
weekly,25.0,Lineup Changes,2,0t8m7z91mdhjhvye,SUNNYD,6.0,starter_changes,Most starter changes in a gameweek.,,,,,,,,,,,,,,,,,,,,,,,,,,,,,,,,,,1.0,3.0,3.0
weekly,25.0,Lineup Changes,3,116s0o6ume0s7s58,Up the Arse-nal,6.0,starter_changes,Most starter changes in a gameweek.,,,,,,,,,,,,,,,,,,,,,,,,,,,,,,,,,,4.0,3.0,3.0
weekly,25.0,Lineup Changes,4,avv7b4d5me2tlsrt,wmuck1,6.0,starter_changes,Most starter changes in a gameweek.,,,,,,,,,,,,,,,,,,,,,,,,,,,,,,,,,,0.0,3.0,3.0
weekly,25.0,Lineup Changes,5,ss2dromsme3cbmga,Berkshire’s Club,6.0,starter_changes,Most starter changes in a gameweek.,,,,,,,,,,,,,,,,,,,,,,,,,,,,,,,,,,6.0,3.0,3.0
weekly,25.0,Lineup Changes,6,zxivny5tme3hojrx,Count Doku,6.0,starter_changes,Most starter changes in a gameweek.,,,,,,,,,,,,,,,,,,,,,,,,,,,,,,,,,,2.0,3.0,3.0
weekly,25.0,Lineup Changes,7,eaz9h4hfme2wdh8p,epatel3,4.0,starter_changes,Most starter changes in a gameweek.,,,,,,,,,,,,,,,,,,,,,,,,,,,,,,,,,,0.0,2.0,2.0
weekly,25.0,Lineup Changes,8,ne94j2bxme0vsmkq,Pot Splashers,4.0,starter_changes,Most starter changes in a gameweek.,,,,,,,,,,,,,,,,,,,,,,,,,,,,,,,,,,0.0,2.0,2.0
weekly,25.0,Lineup Changes,9,qocqs3wjme34472y,KindComet,4.0,starter_changes,Most starter changes in a gameweek.,,,,,,,,,,,,,,,,,,,,,,,,,,,,,,,,,,2.0,2.0,2.0
weekly,25.0,Lineup Changes,10,ih2b4z8ome1job2n,nhauptma,0.0,starter_changes,Most starter changes in a gameweek.,,,,,,,,,,,,,,,,,,,,,,,,,,,,,,,,,,0.0,0.0,0.0
weekly,25.0,Lineup Changes,11,xnt9wpm9me0us0r4,yudesh,0.0,starter_changes,Most starter changes in a gameweek.,,,,,,,,,,,,,,,,,,,,,,,,,,,,,,,,,,0.0,0.0,0.0
weekly,25.0,Lineup Changes,12,zf53q9hdme32qmoe,Robertske,0.0,starter_changes,Most starter changes in a gameweek.,,,,,,,,,,,,,,,,,,,,,,,,,,,,,,,,,,0.0,0.0,0.0
weekly,26.0,Lineup Changes,1,fm7cv4p0me3j48nk,The Facerockers,8.0,starter_changes,Most starter changes in a gameweek.,,,,,,,,,,,,,,,,,,,,,,,,,,,,,,,,,,5.0,4.0,4.0
weekly,26.0,Lineup Changes,2,0t8m7z91mdhjhvye,SUNNYD,6.0,starter_changes,Most starter changes in a gameweek.,,,,,,,,,,,,,,,,,,,,,,,,,,,,,,,,,,4.0,3.0,3.0
weekly,26.0,Lineup Changes,3,116s0o6ume0s7s58,Up the Arse-nal,6.0,starter_changes,Most starter changes in a gameweek.,,,,,,,,,,,,,,,,,,,,,,,,,,,,,,,,,,2.0,3.0,3.0
weekly,26.0,Lineup Changes,4,eaz9h4hfme2wdh8p,epatel3,6.0,starter_changes,Most starter changes in a gameweek.,,,,,,,,,,,,,,,,,,,,,,,,,,,,,,,,,,0.0,3.0,3.0
weekly,26.0,Lineup Changes,5,ss2dromsme3cbmga,Berkshire’s Club,6.0,starter_changes,Most starter changes in a gameweek.,,,,,,,,,,,,,,,,,,,,,,,,,,,,,,,,,,2.0,3.0,3.0
weekly,26.0,Lineup Changes,6,avv7b4d5me2tlsrt,wmuck1,4.0,starter_changes,Most starter changes in a gameweek.,,,,,,,,,,,,,,,,,,,,,,,,,,,,,,,,,,0.0,2.0,2.0
weekly,26.0,Lineup Changes,7,ih2b4z8ome1job2n,nhauptma,4.0,starter_changes,Most starter changes in a gameweek.,,,,,,,,,,,,,,,,,,,,,,,,,,,,,,,,,,0.0,2.0,2.0
weekly,26.0,Lineup Changes,8,ne94j2bxme0vsmkq,Pot Splashers,4.0,starter_changes,Most starter changes in a gameweek.,,,,,,,,,,,,,,,,,,,,,,,,,,,,,,,,,,2.0,2.0,2.0
weekly,26.0,Lineup Changes,9,xnt9wpm9me0us0r4,yudesh,4.0,starter_changes,Most starter changes in a gameweek.,,,,,,,,,,,,,,,,,,,,,,,,,,,,,,,,,,0.0,2.0,2.0
weekly,26.0,Lineup Changes,10,zxivny5tme3hojrx,Count Doku,4.0,starter_changes,Most starter changes in a gameweek.,,,,,,,,,,,,,,,,,,,,,,,,,,,,,,,,,,0.0,2.0,2.0
weekly,26.0,Lineup Changes,11,qocqs3wjme34472y,KindComet,2.0,starter_changes,Most starter changes in a gameweek.,,,,,,,,,,,,,,,,,,,,,,,,,,,,,,,,,,2.0,1.0,1.0
weekly,26.0,Lineup Changes,12,zf53q9hdme32qmoe,Robertske,0.0,starter_changes,Most starter changes in a gameweek.,,,,,,,,,,,,,,,,,,,,,,,,,,,,,,,,,,0.0,0.0,0.0
weekly,27.0,Lineup Changes,1,fm7cv4p0me3j48nk,The Facerockers,10.0,starter_changes,Most starter changes in a gameweek.,,,,,,,,,,,,,,,,,,,,,,,,,,,,,,,,,,6.0,5.0,5.0
weekly,27.0,Lineup Changes,2,0t8m7z91mdhjhvye,SUNNYD,8.0,starter_changes,Most starter changes in a gameweek.,,,,,,,,,,,,,,,,,,,,,,,,,,,,,,,,,,4.0,4.0,4.0
weekly,27.0,Lineup Changes,3,xnt9wpm9me0us0r4,yudesh,8.0,starter_changes,Most starter changes in a gameweek.,,,,,,,,,,,,,,,,,,,,,,,,,,,,,,,,,,2.0,4.0,4.0
weekly,27.0,Lineup Changes,4,eaz9h4hfme2wdh8p,epatel3,6.0,starter_changes,Most starter changes in a gameweek.,,,,,,,,,,,,,,,,,,,,,,,,,,,,,,,,,,0.0,3.0,3.0
weekly,27.0,Lineup Changes,5,avv7b4d5me2tlsrt,wmuck1,4.0,starter_changes,Most starter changes in a gameweek.,,,,,,,,,,,,,,,,,,,,,,,,,,,,,,,,,,2.0,2.0,2.0
weekly,27.0,Lineup Changes,6,ih2b4z8ome1job2n,nhauptma,4.0,starter_changes,Most starter changes in a gameweek.,,,,,,,,,,,,,,,,,,,,,,,,,,,,,,,,,,0.0,2.0,2.0
weekly,27.0,Lineup Changes,7,qocqs3wjme34472y,KindComet,4.0,starter_changes,Most starter changes in a gameweek.,,,,,,,,,,,,,,,,,,,,,,,,,,,,,,,,,,4.0,2.0,2.0
weekly,27.0,Lineup Changes,8,ss2dromsme3cbmga,Berkshire’s Club,4.0,starter_changes,Most starter changes in a gameweek.,,,,,,,,,,,,,,,,,,,,,,,,,,,,,,,,,,4.0,2.0,2.0
weekly,27.0,Lineup Changes,9,zxivny5tme3hojrx,Count Doku,4.0,starter_changes,Most starter changes in a gameweek.,,,,,,,,,,,,,,,,,,,,,,,,,,,,,,,,,,4.0,2.0,2.0
weekly,27.0,Lineup Changes,10,ne94j2bxme0vsmkq,Pot Splashers,2.0,starter_changes,Most starter changes in a gameweek.,,,,,,,,,,,,,,,,,,,,,,,,,,,,,,,,,,0.0,1.0,1.0
weekly,27.0,Lineup Changes,11,116s0o6ume0s7s58,Up the Arse-nal,0.0,starter_changes,Most starter changes in a gameweek.,,,,,,,,,,,,,,,,,,,,,,,,,,,,,,,,,,0.0,0.0,0.0
weekly,27.0,Lineup Changes,12,zf53q9hdme32qmoe,Robertske,0.0,starter_changes,Most starter changes in a gameweek.,,,,,,,,,,,,,,,,,,,,,,,,,,,,,,,,,,0.0,0.0,0.0
weekly,28.0,Lineup Changes,1,0t8m7z91mdhjhvye,SUNNYD,10.0,starter_changes,Most starter changes in a gameweek.,,,,,,,,,,,,,,,,,,,,,,,,,,,,,,,,,,8.0,5.0,5.0
weekly,28.0,Lineup Changes,2,fm7cv4p0me3j48nk,The Facerockers,8.0,starter_changes,Most starter changes in a gameweek.,,,,,,,,,,,,,,,,,,,,,,,,,,,,,,,,,,4.0,4.0,4.0
weekly,28.0,Lineup Changes,3,avv7b4d5me2tlsrt,wmuck1,6.0,starter_changes,Most starter changes in a gameweek.,,,,,,,,,,,,,,,,,,,,,,,,,,,,,,,,,,4.0,3.0,3.0
weekly,28.0,Lineup Changes,4,eaz9h4hfme2wdh8p,epatel3,6.0,starter_changes,Most starter changes in a gameweek.,,,,,,,,,,,,,,,,,,,,,,,,,,,,,,,,,,0.0,3.0,3.0
weekly,28.0,Lineup Changes,5,qocqs3wjme34472y,KindComet,4.0,starter_changes,Most starter changes in a gameweek.,,,,,,,,,,,,,,,,,,,,,,,,,,,,,,,,,,0.0,2.0,2.0
weekly,28.0,Lineup Changes,6,ss2dromsme3cbmga,Berkshire’s Club,4.0,starter_changes,Most starter changes in a gameweek.,,,,,,,,,,,,,,,,,,,,,,,,,,,,,,,,,,3.0,2.0,2.0
weekly,28.0,Lineup Changes,7,xnt9wpm9me0us0r4,yudesh,4.0,starter_changes,Most starter changes in a gameweek.,,,,,,,,,,,,,,,,,,,,,,,,,,,,,,,,,,0.0,2.0,2.0
weekly,28.0,Lineup Changes,8,zxivny5tme3hojrx,Count Doku,4.0,starter_changes,Most starter changes in a gameweek.,,,,,,,,,,,,,,,,,,,,,,,,,,,,,,,,,,0.0,2.0,2.0
weekly,28.0,Lineup Changes,9,116s0o6ume0s7s58,Up the Arse-nal,2.0,starter_changes,Most starter changes in a gameweek.,,,,,,,,,,,,,,,,,,,,,,,,,,,,,,,,,,2.0,1.0,1.0
weekly,28.0,Lineup Changes,10,ne94j2bxme0vsmkq,Pot Splashers,2.0,starter_changes,Most starter changes in a gameweek.,,,,,,,,,,,,,,,,,,,,,,,,,,,,,,,,,,0.0,1.0,1.0
weekly,28.0,Lineup Changes,11,ih2b4z8ome1job2n,nhauptma,0.0,starter_changes,Most starter changes in a gameweek.,,,,,,,,,,,,,,,,,,,,,,,,,,,,,,,,,,0.0,0.0,0.0
weekly,28.0,Lineup Changes,12,zf53q9hdme32qmoe,Robertske,0.0,starter_changes,Most starter changes in a gameweek.,,,,,,,,,,,,,,,,,,,,,,,,,,,,,,,,,,0.0,0.0,0.0
weekly,29.0,Lineup Changes,1,fm7cv4p0me3j48nk,The Facerockers,8.0,starter_changes,Most starter changes in a gameweek.,,,,,,,,,,,,,,,,,,,,,,,,,,,,,,,,,,4.0,4.0,4.0
weekly,29.0,Lineup Changes,2,0t8m7z91mdhjhvye,SUNNYD,6.0,starter_changes,Most starter changes in a gameweek.,,,,,,,,,,,,,,,,,,,,,,,,,,,,,,,,,,2.0,3.0,3.0
weekly,29.0,Lineup Changes,3,eaz9h4hfme2wdh8p,epatel3,6.0,starter_changes,Most starter changes in a gameweek.,,,,,,,,,,,,,,,,,,,,,,,,,,,,,,,,,,0.0,3.0,3.0
weekly,29.0,Lineup Changes,4,ss2dromsme3cbmga,Berkshire’s Club,4.0,starter_changes,Most starter changes in a gameweek.,,,,,,,,,,,,,,,,,,,,,,,,,,,,,,,,,,0.0,2.0,2.0
weekly,29.0,Lineup Changes,5,xnt9wpm9me0us0r4,yudesh,4.0,starter_changes,Most starter changes in a gameweek.,,,,,,,,,,,,,,,,,,,,,,,,,,,,,,,,,,2.0,2.0,2.0
weekly,29.0,Lineup Changes,6,zxivny5tme3hojrx,Count Doku,4.0,starter_changes,Most starter changes in a gameweek.,,,,,,,,,,,,,,,,,,,,,,,,,,,,,,,,,,2.0,2.0,2.0
weekly,29.0,Lineup Changes,7,avv7b4d5me2tlsrt,wmuck1,2.0,starter_changes,Most starter changes in a gameweek.,,,,,,,,,,,,,,,,,,,,,,,,,,,,,,,,,,0.0,1.0,1.0
weekly,29.0,Lineup Changes,8,ih2b4z8ome1job2n,nhauptma,2.0,starter_changes,Most starter changes in a gameweek.,,,,,,,,,,,,,,,,,,,,,,,,,,,,,,,,,,0.0,1.0,1.0
weekly,29.0,Lineup Changes,9,ne94j2bxme0vsmkq,Pot Splashers,2.0,starter_changes,Most starter changes in a gameweek.,,,,,,,,,,,,,,,,,,,,,,,,,,,,,,,,,,2.0,1.0,1.0
weekly,29.0,Lineup Changes,10,qocqs3wjme34472y,KindComet,2.0,starter_changes,Most starter changes in a gameweek.,,,,,,,,,,,,,,,,,,,,,,,,,,,,,,,,,,0.0,1.0,1.0
weekly,29.0,Lineup Changes,11,116s0o6ume0s7s58,Up the Arse-nal,0.0,starter_changes,Most starter changes in a gameweek.,,,,,,,,,,,,,,,,,,,,,,,,,,,,,,,,,,0.0,0.0,0.0
weekly,29.0,Lineup Changes,12,zf53q9hdme32qmoe,Robertske,0.0,starter_changes,Most starter changes in a gameweek.,,,,,,,,,,,,,,,,,,,,,,,,,,,,,,,,,,0.0,0.0,0.0
weekly,30.0,Lineup Changes,1,0t8m7z91mdhjhvye,SUNNYD,8.0,starter_changes,Most starter changes in a gameweek.,,,,,,,,,,,,,,,,,,,,,,,,,,,,,,,,,,2.0,4.0,4.0
weekly,30.0,Lineup Changes,2,fm7cv4p0me3j48nk,The Facerockers,8.0,starter_changes,Most starter changes in a gameweek.,,,,,,,,,,,,,,,,,,,,,,,,,,,,,,,,,,5.0,4.0,4.0
weekly,30.0,Lineup Changes,3,qocqs3wjme34472y,KindComet,8.0,starter_changes,Most starter changes in a gameweek.,,,,,,,,,,,,,,,,,,,,,,,,,,,,,,,,,,4.0,4.0,4.0
weekly,30.0,Lineup Changes,4,avv7b4d5me2tlsrt,wmuck1,6.0,starter_changes,Most starter changes in a gameweek.,,,,,,,,,,,,,,,,,,,,,,,,,,,,,,,,,,0.0,3.0,3.0
weekly,30.0,Lineup Changes,5,eaz9h4hfme2wdh8p,epatel3,4.0,starter_changes,Most starter changes in a gameweek.,,,,,,,,,,,,,,,,,,,,,,,,,,,,,,,,,,0.0,2.0,2.0
weekly,30.0,Lineup Changes,6,ne94j2bxme0vsmkq,Pot Splashers,4.0,starter_changes,Most starter changes in a gameweek.,,,,,,,,,,,,,,,,,,,,,,,,,,,,,,,,,,4.0,2.0,2.0
weekly,30.0,Lineup Changes,7,ss2dromsme3cbmga,Berkshire’s Club,4.0,starter_changes,Most starter changes in a gameweek.,,,,,,,,,,,,,,,,,,,,,,,,,,,,,,,,,,0.0,2.0,2.0
weekly,30.0,Lineup Changes,8,116s0o6ume0s7s58,Up the Arse-nal,2.0,starter_changes,Most starter changes in a gameweek.,,,,,,,,,,,,,,,,,,,,,,,,,,,,,,,,,,2.0,1.0,1.0
weekly,30.0,Lineup Changes,9,ih2b4z8ome1job2n,nhauptma,2.0,starter_changes,Most starter changes in a gameweek.,,,,,,,,,,,,,,,,,,,,,,,,,,,,,,,,,,0.0,1.0,1.0
weekly,30.0,Lineup Changes,10,xnt9wpm9me0us0r4,yudesh,2.0,starter_changes,Most starter changes in a gameweek.,,,,,,,,,,,,,,,,,,,,,,,,,,,,,,,,,,0.0,1.0,1.0
weekly,30.0,Lineup Changes,11,zf53q9hdme32qmoe,Robertske,0.0,starter_changes,Most starter changes in a gameweek.,,,,,,,,,,,,,,,,,,,,,,,,,,,,,,,,,,0.0,0.0,0.0
weekly,30.0,Lineup Changes,12,zxivny5tme3hojrx,Count Doku,0.0,starter_changes,Most starter changes in a gameweek.,,,,,,,,,,,,,,,,,,,,,,,,,,,,,,,,,,0.0,0.0,0.0
weekly,31.0,Lineup Changes,1,0t8m7z91mdhjhvye,SUNNYD,8.0,starter_changes,Most starter changes in a gameweek.,,,,,,,,,,,,,,,,,,,,,,,,,,,,,,,,,,0.0,4.0,4.0
weekly,31.0,Lineup Changes,2,116s0o6ume0s7s58,Up the Arse-nal,8.0,starter_changes,Most starter changes in a gameweek.,,,,,,,,,,,,,,,,,,,,,,,,,,,,,,,,,,0.0,4.0,4.0
weekly,31.0,Lineup Changes,3,fm7cv4p0me3j48nk,The Facerockers,8.0,starter_changes,Most starter changes in a gameweek.,,,,,,,,,,,,,,,,,,,,,,,,,,,,,,,,,,3.0,4.0,4.0
weekly,31.0,Lineup Changes,4,ss2dromsme3cbmga,Berkshire’s Club,8.0,starter_changes,Most starter changes in a gameweek.,,,,,,,,,,,,,,,,,,,,,,,,,,,,,,,,,,4.0,4.0,4.0
weekly,31.0,Lineup Changes,5,eaz9h4hfme2wdh8p,epatel3,6.0,starter_changes,Most starter changes in a gameweek.,,,,,,,,,,,,,,,,,,,,,,,,,,,,,,,,,,0.0,3.0,3.0
weekly,31.0,Lineup Changes,6,avv7b4d5me2tlsrt,wmuck1,4.0,starter_changes,Most starter changes in a gameweek.,,,,,,,,,,,,,,,,,,,,,,,,,,,,,,,,,,4.0,2.0,2.0
weekly,31.0,Lineup Changes,7,ih2b4z8ome1job2n,nhauptma,4.0,starter_changes,Most starter changes in a gameweek.,,,,,,,,,,,,,,,,,,,,,,,,,,,,,,,,,,0.0,2.0,2.0
weekly,31.0,Lineup Changes,8,qocqs3wjme34472y,KindComet,4.0,starter_changes,Most starter changes in a gameweek.,,,,,,,,,,,,,,,,,,,,,,,,,,,,,,,,,,2.0,2.0,2.0
weekly,31.0,Lineup Changes,9,xnt9wpm9me0us0r4,yudesh,4.0,starter_changes,Most starter changes in a gameweek.,,,,,,,,,,,,,,,,,,,,,,,,,,,,,,,,,,0.0,2.0,2.0
weekly,31.0,Lineup Changes,10,ne94j2bxme0vsmkq,Pot Splashers,2.0,starter_changes,Most starter changes in a gameweek.,,,,,,,,,,,,,,,,,,,,,,,,,,,,,,,,,,0.0,1.0,1.0
weekly,31.0,Lineup Changes,11,zxivny5tme3hojrx,Count Doku,2.0,starter_changes,Most starter changes in a gameweek.,,,,,,,,,,,,,,,,,,,,,,,,,,,,,,,,,,0.0,1.0,1.0
weekly,31.0,Lineup Changes,12,zf53q9hdme32qmoe,Robertske,0.0,starter_changes,Most starter changes in a gameweek.,,,,,,,,,,,,,,,,,,,,,,,,,,,,,,,,,,0.0,0.0,0.0
weekly,32.0,Lineup Changes,1,fm7cv4p0me3j48nk,The Facerockers,10.0,starter_changes,Most starter changes in a gameweek.,,,,,,,,,,,,,,,,,,,,,,,,,,,,,,,,,,4.0,5.0,5.0
weekly,32.0,Lineup Changes,2,0t8m7z91mdhjhvye,SUNNYD,8.0,starter_changes,Most starter changes in a gameweek.,,,,,,,,,,,,,,,,,,,,,,,,,,,,,,,,,,2.0,4.0,4.0
weekly,32.0,Lineup Changes,3,116s0o6ume0s7s58,Up the Arse-nal,8.0,starter_changes,Most starter changes in a gameweek.,,,,,,,,,,,,,,,,,,,,,,,,,,,,,,,,,,2.0,4.0,4.0
weekly,32.0,Lineup Changes,4,ss2dromsme3cbmga,Berkshire’s Club,8.0,starter_changes,Most starter changes in a gameweek.,,,,,,,,,,,,,,,,,,,,,,,,,,,,,,,,,,4.0,4.0,4.0
weekly,32.0,Lineup Changes,5,eaz9h4hfme2wdh8p,epatel3,6.0,starter_changes,Most starter changes in a gameweek.,,,,,,,,,,,,,,,,,,,,,,,,,,,,,,,,,,0.0,3.0,3.0
weekly,32.0,Lineup Changes,6,qocqs3wjme34472y,KindComet,6.0,starter_changes,Most starter changes in a gameweek.,,,,,,,,,,,,,,,,,,,,,,,,,,,,,,,,,,6.0,3.0,3.0
weekly,32.0,Lineup Changes,7,zxivny5tme3hojrx,Count Doku,6.0,starter_changes,Most starter changes in a gameweek.,,,,,,,,,,,,,,,,,,,,,,,,,,,,,,,,,,2.0,3.0,3.0
weekly,32.0,Lineup Changes,8,ne94j2bxme0vsmkq,Pot Splashers,4.0,starter_changes,Most starter changes in a gameweek.,,,,,,,,,,,,,,,,,,,,,,,,,,,,,,,,,,2.0,2.0,2.0
weekly,32.0,Lineup Changes,9,avv7b4d5me2tlsrt,wmuck1,0.0,starter_changes,Most starter changes in a gameweek.,,,,,,,,,,,,,,,,,,,,,,,,,,,,,,,,,,0.0,0.0,0.0
weekly,32.0,Lineup Changes,10,ih2b4z8ome1job2n,nhauptma,0.0,starter_changes,Most starter changes in a gameweek.,,,,,,,,,,,,,,,,,,,,,,,,,,,,,,,,,,0.0,0.0,0.0
weekly,32.0,Lineup Changes,11,xnt9wpm9me0us0r4,yudesh,0.0,starter_changes,Most starter changes in a gameweek.,,,,,,,,,,,,,,,,,,,,,,,,,,,,,,,,,,0.0,0.0,0.0
weekly,32.0,Lineup Changes,12,zf53q9hdme32qmoe,Robertske,0.0,starter_changes,Most starter changes in a gameweek.,,,,,,,,,,,,,,,,,,,,,,,,,,,,,,,,,,0.0,0.0,0.0
weekly,33.0,Lineup Changes,1,fm7cv4p0me3j48nk,The Facerockers,10.0,starter_changes,Most starter changes in a gameweek.,,,,,,,,,,,,,,,,,,,,,,,,,,,,,,,,,,6.0,5.0,5.0
weekly,33.0,Lineup Changes,2,0t8m7z91mdhjhvye,SUNNYD,6.0,starter_changes,Most starter changes in a gameweek.,,,,,,,,,,,,,,,,,,,,,,,,,,,,,,,,,,4.0,3.0,3.0
weekly,33.0,Lineup Changes,3,eaz9h4hfme2wdh8p,epatel3,6.0,starter_changes,Most starter changes in a gameweek.,,,,,,,,,,,,,,,,,,,,,,,,,,,,,,,,,,3.0,3.0,3.0
weekly,33.0,Lineup Changes,4,ih2b4z8ome1job2n,nhauptma,6.0,starter_changes,Most starter changes in a gameweek.,,,,,,,,,,,,,,,,,,,,,,,,,,,,,,,,,,0.0,3.0,3.0
weekly,33.0,Lineup Changes,5,qocqs3wjme34472y,KindComet,6.0,starter_changes,Most starter changes in a gameweek.,,,,,,,,,,,,,,,,,,,,,,,,,,,,,,,,,,2.0,3.0,3.0
weekly,33.0,Lineup Changes,6,ss2dromsme3cbmga,Berkshire’s Club,6.0,starter_changes,Most starter changes in a gameweek.,,,,,,,,,,,,,,,,,,,,,,,,,,,,,,,,,,7.0,3.0,3.0
weekly,33.0,Lineup Changes,7,116s0o6ume0s7s58,Up the Arse-nal,4.0,starter_changes,Most starter changes in a gameweek.,,,,,,,,,,,,,,,,,,,,,,,,,,,,,,,,,,2.0,2.0,2.0
weekly,33.0,Lineup Changes,8,avv7b4d5me2tlsrt,wmuck1,4.0,starter_changes,Most starter changes in a gameweek.,,,,,,,,,,,,,,,,,,,,,,,,,,,,,,,,,,0.0,2.0,2.0
weekly,33.0,Lineup Changes,9,ne94j2bxme0vsmkq,Pot Splashers,4.0,starter_changes,Most starter changes in a gameweek.,,,,,,,,,,,,,,,,,,,,,,,,,,,,,,,,,,4.0,2.0,2.0
weekly,33.0,Lineup Changes,10,xnt9wpm9me0us0r4,yudesh,4.0,starter_changes,Most starter changes in a gameweek.,,,,,,,,,,,,,,,,,,,,,,,,,,,,,,,,,,0.0,2.0,2.0
weekly,33.0,Lineup Changes,11,zxivny5tme3hojrx,Count Doku,4.0,starter_changes,Most starter changes in a gameweek.,,,,,,,,,,,,,,,,,,,,,,,,,,,,,,,,,,2.0,2.0,2.0
weekly,33.0,Lineup Changes,12,zf53q9hdme32qmoe,Robertske,0.0,starter_changes,Most starter changes in a gameweek.,,,,,,,,,,,,,,,,,,,,,,,,,,,,,,,,,,0.0,0.0,0.0
weekly,34.0,Lineup Changes,1,ne94j2bxme0vsmkq,Pot Splashers,16.0,starter_changes,Most starter changes in a gameweek.,,,,,,,,,,,,,,,,,,,,,,,,,,,,,,,,,,14.0,8.0,8.0
weekly,34.0,Lineup Changes,2,fm7cv4p0me3j48nk,The Facerockers,13.0,starter_changes,Most starter changes in a gameweek.,,,,,,,,,,,,,,,,,,,,,,,,,,,,,,,,,,5.0,6.0,7.0
weekly,34.0,Lineup Changes,3,ss2dromsme3cbmga,Berkshire’s Club,12.0,starter_changes,Most starter changes in a gameweek.,,,,,,,,,,,,,,,,,,,,,,,,,,,,,,,,,,6.0,6.0,6.0
weekly,34.0,Lineup Changes,4,xnt9wpm9me0us0r4,yudesh,10.0,starter_changes,Most starter changes in a gameweek.,,,,,,,,,,,,,,,,,,,,,,,,,,,,,,,,,,2.0,5.0,5.0
weekly,34.0,Lineup Changes,5,0t8m7z91mdhjhvye,SUNNYD,8.0,starter_changes,Most starter changes in a gameweek.,,,,,,,,,,,,,,,,,,,,,,,,,,,,,,,,,,2.0,4.0,4.0
weekly,34.0,Lineup Changes,6,eaz9h4hfme2wdh8p,epatel3,8.0,starter_changes,Most starter changes in a gameweek.,,,,,,,,,,,,,,,,,,,,,,,,,,,,,,,,,,0.0,4.0,4.0
weekly,34.0,Lineup Changes,7,qocqs3wjme34472y,KindComet,8.0,starter_changes,Most starter changes in a gameweek.,,,,,,,,,,,,,,,,,,,,,,,,,,,,,,,,,,3.0,4.0,4.0
weekly,34.0,Lineup Changes,8,zxivny5tme3hojrx,Count Doku,6.0,starter_changes,Most starter changes in a gameweek.,,,,,,,,,,,,,,,,,,,,,,,,,,,,,,,,,,5.0,3.0,3.0
weekly,34.0,Lineup Changes,9,116s0o6ume0s7s58,Up the Arse-nal,4.0,starter_changes,Most starter changes in a gameweek.,,,,,,,,,,,,,,,,,,,,,,,,,,,,,,,,,,2.0,2.0,2.0
weekly,34.0,Lineup Changes,10,avv7b4d5me2tlsrt,wmuck1,0.0,starter_changes,Most starter changes in a gameweek.,,,,,,,,,,,,,,,,,,,,,,,,,,,,,,,,,,0.0,0.0,0.0
weekly,34.0,Lineup Changes,11,ih2b4z8ome1job2n,nhauptma,0.0,starter_changes,Most starter changes in a gameweek.,,,,,,,,,,,,,,,,,,,,,,,,,,,,,,,,,,0.0,0.0,0.0
weekly,34.0,Lineup Changes,12,zf53q9hdme32qmoe,Robertske,0.0,starter_changes,Most starter changes in a gameweek.,,,,,,,,,,,,,,,,,,,,,,,,,,,,,,,,,,0.0,0.0,0.0
weekly,35.0,Lineup Changes,1,ne94j2bxme0vsmkq,Pot Splashers,16.0,starter_changes,Most starter changes in a gameweek.,,,,,,,,,,,,,,,,,,,,,,,,,,,,,,,,,,8.0,8.0,8.0
weekly,35.0,Lineup Changes,2,fm7cv4p0me3j48nk,The Facerockers,11.0,starter_changes,Most starter changes in a gameweek.,,,,,,,,,,,,,,,,,,,,,,,,,,,,,,,,,,3.0,6.0,5.0
weekly,35.0,Lineup Changes,3,ss2dromsme3cbmga,Berkshire’s Club,10.0,starter_changes,Most starter changes in a gameweek.,,,,,,,,,,,,,,,,,,,,,,,,,,,,,,,,,,5.0,5.0,5.0
weekly,35.0,Lineup Changes,4,0t8m7z91mdhjhvye,SUNNYD,8.0,starter_changes,Most starter changes in a gameweek.,,,,,,,,,,,,,,,,,,,,,,,,,,,,,,,,,,0.0,4.0,4.0
weekly,35.0,Lineup Changes,5,eaz9h4hfme2wdh8p,epatel3,6.0,starter_changes,Most starter changes in a gameweek.,,,,,,,,,,,,,,,,,,,,,,,,,,,,,,,,,,3.0,3.0,3.0
weekly,35.0,Lineup Changes,6,xnt9wpm9me0us0r4,yudesh,6.0,starter_changes,Most starter changes in a gameweek.,,,,,,,,,,,,,,,,,,,,,,,,,,,,,,,,,,2.0,3.0,3.0
weekly,35.0,Lineup Changes,7,zxivny5tme3hojrx,Count Doku,6.0,starter_changes,Most starter changes in a gameweek.,,,,,,,,,,,,,,,,,,,,,,,,,,,,,,,,,,2.0,3.0,3.0
weekly,35.0,Lineup Changes,8,116s0o6ume0s7s58,Up the Arse-nal,4.0,starter_changes,Most starter changes in a gameweek.,,,,,,,,,,,,,,,,,,,,,,,,,,,,,,,,,,0.0,2.0,2.0
weekly,35.0,Lineup Changes,9,ih2b4z8ome1job2n,nhauptma,4.0,starter_changes,Most starter changes in a gameweek.,,,,,,,,,,,,,,,,,,,,,,,,,,,,,,,,,,0.0,2.0,2.0
weekly,35.0,Lineup Changes,10,qocqs3wjme34472y,KindComet,2.0,starter_changes,Most starter changes in a gameweek.,,,,,,,,,,,,,,,,,,,,,,,,,,,,,,,,,,0.0,1.0,1.0
weekly,35.0,Lineup Changes,11,avv7b4d5me2tlsrt,wmuck1,0.0,starter_changes,Most starter changes in a gameweek.,,,,,,,,,,,,,,,,,,,,,,,,,,,,,,,,,,0.0,0.0,0.0
weekly,35.0,Lineup Changes,12,zf53q9hdme32qmoe,Robertske,0.0,starter_changes,Most starter changes in a gameweek.,,,,,,,,,,,,,,,,,,,,,,,,,,,,,,,,,,0.0,0.0,0.0
weekly,36.0,Lineup Changes,1,fm7cv4p0me3j48nk,The Facerockers,12.0,starter_changes,Most starter changes in a gameweek.,,,,,,,,,,,,,,,,,,,,,,,,,,,,,,,,,,8.0,6.0,6.0
weekly,36.0,Lineup Changes,2,0t8m7z91mdhjhvye,SUNNYD,10.0,starter_changes,Most starter changes in a gameweek.,,,,,,,,,,,,,,,,,,,,,,,,,,,,,,,,,,6.0,5.0,5.0
weekly,36.0,Lineup Changes,3,qocqs3wjme34472y,KindComet,6.0,starter_changes,Most starter changes in a gameweek.,,,,,,,,,,,,,,,,,,,,,,,,,,,,,,,,,,2.0,3.0,3.0
weekly,36.0,Lineup Changes,4,zxivny5tme3hojrx,Count Doku,6.0,starter_changes,Most starter changes in a gameweek.,,,,,,,,,,,,,,,,,,,,,,,,,,,,,,,,,,2.0,3.0,3.0
weekly,36.0,Lineup Changes,5,avv7b4d5me2tlsrt,wmuck1,4.0,starter_changes,Most starter changes in a gameweek.,,,,,,,,,,,,,,,,,,,,,,,,,,,,,,,,,,0.0,2.0,2.0
weekly,36.0,Lineup Changes,6,ih2b4z8ome1job2n,nhauptma,4.0,starter_changes,Most starter changes in a gameweek.,,,,,,,,,,,,,,,,,,,,,,,,,,,,,,,,,,0.0,2.0,2.0
weekly,36.0,Lineup Changes,7,ss2dromsme3cbmga,Berkshire’s Club,4.0,starter_changes,Most starter changes in a gameweek.,,,,,,,,,,,,,,,,,,,,,,,,,,,,,,,,,,1.0,2.0,2.0
weekly,36.0,Lineup Changes,8,116s0o6ume0s7s58,Up the Arse-nal,2.0,starter_changes,Most starter changes in a gameweek.,,,,,,,,,,,,,,,,,,,,,,,,,,,,,,,,,,0.0,1.0,1.0
weekly,36.0,Lineup Changes,9,eaz9h4hfme2wdh8p,epatel3,2.0,starter_changes,Most starter changes in a gameweek.,,,,,,,,,,,,,,,,,,,,,,,,,,,,,,,,,,0.0,1.0,1.0
weekly,36.0,Lineup Changes,10,xnt9wpm9me0us0r4,yudesh,2.0,starter_changes,Most starter changes in a gameweek.,,,,,,,,,,,,,,,,,,,,,,,,,,,,,,,,,,0.0,1.0,1.0
weekly,36.0,Lineup Changes,11,ne94j2bxme0vsmkq,Pot Splashers,0.0,starter_changes,Most starter changes in a gameweek.,,,,,,,,,,,,,,,,,,,,,,,,,,,,,,,,,,0.0,0.0,0.0
weekly,36.0,Lineup Changes,12,zf53q9hdme32qmoe,Robertske,0.0,starter_changes,Most starter changes in a gameweek.,,,,,,,,,,,,,,,,,,,,,,,,,,,,,,,,,,0.0,0.0,0.0
weekly,37.0,Lineup Changes,1,0t8m7z91mdhjhvye,SUNNYD,6.0,starter_changes,Most starter changes in a gameweek.,,,,,,,,,,,,,,,,,,,,,,,,,,,,,,,,,,4.0,3.0,3.0
weekly,37.0,Lineup Changes,2,eaz9h4hfme2wdh8p,epatel3,4.0,starter_changes,Most starter changes in a gameweek.,,,,,,,,,,,,,,,,,,,,,,,,,,,,,,,,,,2.0,2.0,2.0
weekly,37.0,Lineup Changes,3,qocqs3wjme34472y,KindComet,4.0,starter_changes,Most starter changes in a gameweek.,,,,,,,,,,,,,,,,,,,,,,,,,,,,,,,,,,0.0,2.0,2.0
weekly,37.0,Lineup Changes,4,ss2dromsme3cbmga,Berkshire’s Club,2.0,starter_changes,Most starter changes in a gameweek.,,,,,,,,,,,,,,,,,,,,,,,,,,,,,,,,,,4.0,1.0,1.0
weekly,37.0,Lineup Changes,5,116s0o6ume0s7s58,Up the Arse-nal,0.0,starter_changes,Most starter changes in a gameweek.,,,,,,,,,,,,,,,,,,,,,,,,,,,,,,,,,,0.0,0.0,0.0
weekly,37.0,Lineup Changes,6,avv7b4d5me2tlsrt,wmuck1,0.0,starter_changes,Most starter changes in a gameweek.,,,,,,,,,,,,,,,,,,,,,,,,,,,,,,,,,,0.0,0.0,0.0
weekly,37.0,Lineup Changes,7,fm7cv4p0me3j48nk,The Facerockers,0.0,starter_changes,Most starter changes in a gameweek.,,,,,,,,,,,,,,,,,,,,,,,,,,,,,,,,,,0.0,0.0,0.0
weekly,37.0,Lineup Changes,8,ih2b4z8ome1job2n,nhauptma,0.0,starter_changes,Most starter changes in a gameweek.,,,,,,,,,,,,,,,,,,,,,,,,,,,,,,,,,,0.0,0.0,0.0
weekly,37.0,Lineup Changes,9,ne94j2bxme0vsmkq,Pot Splashers,0.0,starter_changes,Most starter changes in a gameweek.,,,,,,,,,,,,,,,,,,,,,,,,,,,,,,,,,,0.0,0.0,0.0
weekly,37.0,Lineup Changes,10,xnt9wpm9me0us0r4,yudesh,0.0,starter_changes,Most starter changes in a gameweek.,,,,,,,,,,,,,,,,,,,,,,,,,,,,,,,,,,0.0,0.0,0.0
weekly,37.0,Lineup Changes,11,zf53q9hdme32qmoe,Robertske,0.0,starter_changes,Most starter changes in a gameweek.,,,,,,,,,,,,,,,,,,,,,,,,,,,,,,,,,,0.0,0.0,0.0
weekly,37.0,Lineup Changes,12,zxivny5tme3hojrx,Count Doku,0.0,starter_changes,Most starter changes in a gameweek.,,,,,,,,,,,,,,,,,,,,,,,,,,,,,,,,,,0.0,0.0,0.0
weekly,38.0,Lineup Changes,1,ss2dromsme3cbmga,Berkshire’s Club,12.0,starter_changes,Most starter changes in a gameweek.,,,,,,,,,,,,,,,,,,,,,,,,,,,,,,,,,,11.0,6.0,6.0
weekly,38.0,Lineup Changes,2,0t8m7z91mdhjhvye,SUNNYD,10.0,starter_changes,Most starter changes in a gameweek.,,,,,,,,,,,,,,,,,,,,,,,,,,,,,,,,,,6.0,5.0,5.0
weekly,38.0,Lineup Changes,3,eaz9h4hfme2wdh8p,epatel3,8.0,starter_changes,Most starter changes in a gameweek.,,,,,,,,,,,,,,,,,,,,,,,,,,,,,,,,,,0.0,4.0,4.0
weekly,38.0,Lineup Changes,4,qocqs3wjme34472y,KindComet,8.0,starter_changes,Most starter changes in a gameweek.,,,,,,,,,,,,,,,,,,,,,,,,,,,,,,,,,,4.0,4.0,4.0
weekly,38.0,Lineup Changes,5,116s0o6ume0s7s58,Up the Arse-nal,0.0,starter_changes,Most starter changes in a gameweek.,,,,,,,,,,,,,,,,,,,,,,,,,,,,,,,,,,0.0,0.0,0.0
weekly,38.0,Lineup Changes,6,avv7b4d5me2tlsrt,wmuck1,0.0,starter_changes,Most starter changes in a gameweek.,,,,,,,,,,,,,,,,,,,,,,,,,,,,,,,,,,0.0,0.0,0.0
weekly,38.0,Lineup Changes,7,fm7cv4p0me3j48nk,The Facerockers,0.0,starter_changes,Most starter changes in a gameweek.,,,,,,,,,,,,,,,,,,,,,,,,,,,,,,,,,,0.0,0.0,0.0
weekly,38.0,Lineup Changes,8,ih2b4z8ome1job2n,nhauptma,0.0,starter_changes,Most starter changes in a gameweek.,,,,,,,,,,,,,,,,,,,,,,,,,,,,,,,,,,0.0,0.0,0.0
weekly,38.0,Lineup Changes,9,ne94j2bxme0vsmkq,Pot Splashers,0.0,starter_changes,Most starter changes in a gameweek.,,,,,,,,,,,,,,,,,,,,,,,,,,,,,,,,,,0.0,0.0,0.0
weekly,38.0,Lineup Changes,10,xnt9wpm9me0us0r4,yudesh,0.0,starter_changes,Most starter changes in a gameweek.,,,,,,,,,,,,,,,,,,,,,,,,,,,,,,,,,,0.0,0.0,0.0
weekly,38.0,Lineup Changes,11,zf53q9hdme32qmoe,Robertske,0.0,starter_changes,Most starter changes in a gameweek.,,,,,,,,,,,,,,,,,,,,,,,,,,,,,,,,,,0.0,0.0,0.0
weekly,38.0,Lineup Changes,12,zxivny5tme3hojrx,Count Doku,0.0,starter_changes,Most starter changes in a gameweek.,,,,,,,,,,,,,,,,,,,,,,,,,,,,,,,,,,0.0,0.0,0.0
weekly,1.0,Missed Points,1,fm7cv4p0me3j48nk,The Facerockers,2.5,missed_points,Fewest missed points in a gameweek. Lower is better.,,,,,,,,,,,,,,122.0,124.5,,97.99,,,,,,,,,,,,,,,,,,,
weekly,1.0,Missed Points,2,xnt9wpm9me0us0r4,yudesh,5.0,missed_points,Fewest missed points in a gameweek. Lower is better.,,,,,,,,,,,,,,81.5,86.5,,94.22,,,,,,,,,,,,,,,,,,,
weekly,1.0,Missed Points,3,0t8m7z91mdhjhvye,SUNNYD,5.5,missed_points,Fewest missed points in a gameweek. Lower is better.,,,,,,,,,,,,,,116.5,122.0,,95.49,,,,,,,,,,,,,,,,,,,
weekly,1.0,Missed Points,4,qocqs3wjme34472y,KindComet,7.0,missed_points,Fewest missed points in a gameweek. Lower is better.,,,,,,,,,,,,,,102.5,109.5,,93.61,,,,,,,,,,,,,,,,,,,
weekly,1.0,Missed Points,5,avv7b4d5me2tlsrt,wmuck1,11.0,missed_points,Fewest missed points in a gameweek. Lower is better.,,,,,,,,,,,,,,81.5,92.5,,88.11,,,,,,,,,,,,,,,,,,,
weekly,1.0,Missed Points,6,ne94j2bxme0vsmkq,Pot Splashers,12.0,missed_points,Fewest missed points in a gameweek. Lower is better.,,,,,,,,,,,,,,140.0,152.0,,92.11,,,,,,,,,,,,,,,,,,,
weekly,1.0,Missed Points,7,116s0o6ume0s7s58,Up the Arse-nal,15.0,missed_points,Fewest missed points in a gameweek. Lower is better.,,,,,,,,,,,,,,67.5,82.5,,81.82,,,,,,,,,,,,,,,,,,,
weekly,1.0,Missed Points,8,ss2dromsme3cbmga,Berkshire’s Club,15.5,missed_points,Fewest missed points in a gameweek. Lower is better.,,,,,,,,,,,,,,89.5,105.0,,85.24,,,,,,,,,,,,,,,,,,,
weekly,1.0,Missed Points,9,eaz9h4hfme2wdh8p,epatel3,17.5,missed_points,Fewest missed points in a gameweek. Lower is better.,,,,,,,,,,,,,,84.0,101.5,,82.76,,,,,,,,,,,,,,,,,,,
weekly,1.0,Missed Points,10,ih2b4z8ome1job2n,nhauptma,20.0,missed_points,Fewest missed points in a gameweek. Lower is better.,,,,,,,,,,,,,,82.0,102.0,,80.39,,,,,,,,,,,,,,,,,,,
weekly,1.0,Missed Points,11,zxivny5tme3hojrx,Count Doku,30.5,missed_points,Fewest missed points in a gameweek. Lower is better.,,,,,,,,,,,,,,111.5,142.0,,78.52,,,,,,,,,,,,,,,,,,,
weekly,1.0,Missed Points,12,zf53q9hdme32qmoe,Robertske,33.5,missed_points,Fewest missed points in a gameweek. Lower is better.,,,,,,,,,,,,,,96.0,129.5,,74.13,,,,,,,,,,,,,,,,,,,
weekly,2.0,Missed Points,1,ih2b4z8ome1job2n,nhauptma,0.0,missed_points,Fewest missed points in a gameweek. Lower is better.,,,,,,,,,,,,,,117.5,117.5,,100.0,,,,,,,,,,,,,,,,,,,
weekly,2.0,Missed Points,2,116s0o6ume0s7s58,Up the Arse-nal,0.5,missed_points,Fewest missed points in a gameweek. Lower is better.,,,,,,,,,,,,,,155.5,156.0,,99.68,,,,,,,,,,,,,,,,,,,
weekly,2.0,Missed Points,3,xnt9wpm9me0us0r4,yudesh,1.0,missed_points,Fewest missed points in a gameweek. Lower is better.,,,,,,,,,,,,,,100.5,101.5,,99.01,,,,,,,,,,,,,,,,,,,
weekly,2.0,Missed Points,4,avv7b4d5me2tlsrt,wmuck1,2.0,missed_points,Fewest missed points in a gameweek. Lower is better.,,,,,,,,,,,,,,60.0,62.0,,96.77,,,,,,,,,,,,,,,,,,,
weekly,2.0,Missed Points,5,qocqs3wjme34472y,KindComet,5.5,missed_points,Fewest missed points in a gameweek. Lower is better.,,,,,,,,,,,,,,95.5,101.0,,94.55,,,,,,,,,,,,,,,,,,,
weekly,2.0,Missed Points,6,eaz9h4hfme2wdh8p,epatel3,11.0,missed_points,Fewest missed points in a gameweek. Lower is better.,,,,,,,,,,,,,,110.0,121.0,,90.91,,,,,,,,,,,,,,,,,,,
weekly,2.0,Missed Points,7,fm7cv4p0me3j48nk,The Facerockers,14.5,missed_points,Fewest missed points in a gameweek. Lower is better.,,,,,,,,,,,,,,71.0,85.5,,83.04,,,,,,,,,,,,,,,,,,,
weekly,2.0,Missed Points,8,zf53q9hdme32qmoe,Robertske,15.5,missed_points,Fewest missed points in a gameweek. Lower is better.,,,,,,,,,,,,,,45.5,61.0,,74.59,,,,,,,,,,,,,,,,,,,
weekly,2.0,Missed Points,9,0t8m7z91mdhjhvye,SUNNYD,20.5,missed_points,Fewest missed points in a gameweek. Lower is better.,,,,,,,,,,,,,,102.5,123.0,,83.33,,,,,,,,,,,,,,,,,,,
weekly,2.0,Missed Points,10,zxivny5tme3hojrx,Count Doku,21.0,missed_points,Fewest missed points in a gameweek. Lower is better.,,,,,,,,,,,,,,55.5,76.5,,72.55,,,,,,,,,,,,,,,,,,,
weekly,2.0,Missed Points,11,ss2dromsme3cbmga,Berkshire’s Club,22.0,missed_points,Fewest missed points in a gameweek. Lower is better.,,,,,,,,,,,,,,106.5,128.5,,82.88,,,,,,,,,,,,,,,,,,,
weekly,2.0,Missed Points,12,ne94j2bxme0vsmkq,Pot Splashers,34.0,missed_points,Fewest missed points in a gameweek. Lower is better.,,,,,,,,,,,,,,93.0,127.0,,73.23,,,,,,,,,,,,,,,,,,,
weekly,3.0,Missed Points,1,xnt9wpm9me0us0r4,yudesh,2.5,missed_points,Fewest missed points in a gameweek. Lower is better.,,,,,,,,,,,,,,114.5,117.0,,97.86,,,,,,,,,,,,,,,,,,,
weekly,3.0,Missed Points,2,qocqs3wjme34472y,KindComet,6.5,missed_points,Fewest missed points in a gameweek. Lower is better.,,,,,,,,,,,,,,76.5,83.0,,92.17,,,,,,,,,,,,,,,,,,,
weekly,3.0,Missed Points,3,eaz9h4hfme2wdh8p,epatel3,7.0,missed_points,Fewest missed points in a gameweek. Lower is better.,,,,,,,,,,,,,,107.5,114.5,,93.89,,,,,,,,,,,,,,,,,,,
weekly,3.0,Missed Points,4,116s0o6ume0s7s58,Up the Arse-nal,15.0,missed_points,Fewest missed points in a gameweek. Lower is better.,,,,,,,,,,,,,,97.0,112.0,,86.61,,,,,,,,,,,,,,,,,,,
weekly,3.0,Missed Points,5,zxivny5tme3hojrx,Count Doku,15.0,missed_points,Fewest missed points in a gameweek. Lower is better.,,,,,,,,,,,,,,49.0,64.0,,76.56,,,,,,,,,,,,,,,,,,,
weekly,3.0,Missed Points,6,0t8m7z91mdhjhvye,SUNNYD,15.5,missed_points,Fewest missed points in a gameweek. Lower is better.,,,,,,,,,,,,,,45.5,61.0,,74.59,,,,,,,,,,,,,,,,,,,
weekly,3.0,Missed Points,7,ne94j2bxme0vsmkq,Pot Splashers,16.0,missed_points,Fewest missed points in a gameweek. Lower is better.,,,,,,,,,,,,,,87.0,103.0,,84.47,,,,,,,,,,,,,,,,,,,
weekly,3.0,Missed Points,8,avv7b4d5me2tlsrt,wmuck1,16.5,missed_points,Fewest missed points in a gameweek. Lower is better.,,,,,,,,,,,,,,60.0,76.5,,78.43,,,,,,,,,,,,,,,,,,,
weekly,3.0,Missed Points,9,zf53q9hdme32qmoe,Robertske,18.0,missed_points,Fewest missed points in a gameweek. Lower is better.,,,,,,,,,,,,,,69.0,87.0,,79.31,,,,,,,,,,,,,,,,,,,
weekly,3.0,Missed Points,10,ih2b4z8ome1job2n,nhauptma,22.0,missed_points,Fewest missed points in a gameweek. Lower is better.,,,,,,,,,,,,,,119.0,141.0,,84.4,,,,,,,,,,,,,,,,,,,
weekly,3.0,Missed Points,11,fm7cv4p0me3j48nk,The Facerockers,28.5,missed_points,Fewest missed points in a gameweek. Lower is better.,,,,,,,,,,,,,,68.0,96.5,,70.47,,,,,,,,,,,,,,,,,,,
weekly,3.0,Missed Points,12,ss2dromsme3cbmga,Berkshire’s Club,29.5,missed_points,Fewest missed points in a gameweek. Lower is better.,,,,,,,,,,,,,,123.5,153.0,,80.72,,,,,,,,,,,,,,,,,,,
weekly,4.0,Missed Points,1,fm7cv4p0me3j48nk,The Facerockers,0.5,missed_points,Fewest missed points in a gameweek. Lower is better.,,,,,,,,,,,,,,134.5,135.0,,99.63,,,,,,,,,,,,,,,,,,,
weekly,4.0,Missed Points,2,xnt9wpm9me0us0r4,yudesh,0.5,missed_points,Fewest missed points in a gameweek. Lower is better.,,,,,,,,,,,,,,85.5,86.0,,99.42,,,,,,,,,,,,,,,,,,,
weekly,4.0,Missed Points,3,116s0o6ume0s7s58,Up the Arse-nal,3.5,missed_points,Fewest missed points in a gameweek. Lower is better.,,,,,,,,,,,,,,79.5,83.0,,95.78,,,,,,,,,,,,,,,,,,,
weekly,4.0,Missed Points,4,zxivny5tme3hojrx,Count Doku,4.5,missed_points,Fewest missed points in a gameweek. Lower is better.,,,,,,,,,,,,,,73.0,77.5,,94.19,,,,,,,,,,,,,,,,,,,
weekly,4.0,Missed Points,5,eaz9h4hfme2wdh8p,epatel3,6.0,missed_points,Fewest missed points in a gameweek. Lower is better.,,,,,,,,,,,,,,98.5,104.5,,94.26,,,,,,,,,,,,,,,,,,,
weekly,4.0,Missed Points,6,0t8m7z91mdhjhvye,SUNNYD,7.5,missed_points,Fewest missed points in a gameweek. Lower is better.,,,,,,,,,,,,,,121.0,128.5,,94.16,,,,,,,,,,,,,,,,,,,
weekly,4.0,Missed Points,7,avv7b4d5me2tlsrt,wmuck1,8.0,missed_points,Fewest missed points in a gameweek. Lower is better.,,,,,,,,,,,,,,67.0,75.0,,89.33,,,,,,,,,,,,,,,,,,,
weekly,4.0,Missed Points,8,qocqs3wjme34472y,KindComet,8.5,missed_points,Fewest missed points in a gameweek. Lower is better.,,,,,,,,,,,,,,117.5,126.0,,93.25,,,,,,,,,,,,,,,,,,,
weekly,4.0,Missed Points,9,ih2b4z8ome1job2n,nhauptma,13.0,missed_points,Fewest missed points in a gameweek. Lower is better.,,,,,,,,,,,,,,95.0,108.0,,87.96,,,,,,,,,,,,,,,,,,,
weekly,4.0,Missed Points,10,ne94j2bxme0vsmkq,Pot Splashers,14.5,missed_points,Fewest missed points in a gameweek. Lower is better.,,,,,,,,,,,,,,111.5,126.0,,88.49,,,,,,,,,,,,,,,,,,,
weekly,4.0,Missed Points,11,zf53q9hdme32qmoe,Robertske,17.5,missed_points,Fewest missed points in a gameweek. Lower is better.,,,,,,,,,,,,,,132.5,150.0,,88.33,,,,,,,,,,,,,,,,,,,
weekly,4.0,Missed Points,12,ss2dromsme3cbmga,Berkshire’s Club,27.0,missed_points,Fewest missed points in a gameweek. Lower is better.,,,,,,,,,,,,,,103.0,130.0,,79.23,,,,,,,,,,,,,,,,,,,
weekly,5.0,Missed Points,1,116s0o6ume0s7s58,Up the Arse-nal,0.0,missed_points,Fewest missed points in a gameweek. Lower is better.,,,,,,,,,,,,,,85.5,85.5,,100.0,,,,,,,,,,,,,,,,,,,
weekly,5.0,Missed Points,2,qocqs3wjme34472y,KindComet,2.5,missed_points,Fewest missed points in a gameweek. Lower is better.,,,,,,,,,,,,,,87.5,90.0,,97.22,,,,,,,,,,,,,,,,,,,
weekly,5.0,Missed Points,3,eaz9h4hfme2wdh8p,epatel3,4.5,missed_points,Fewest missed points in a gameweek. Lower is better.,,,,,,,,,,,,,,90.0,94.5,,95.24,,,,,,,,,,,,,,,,,,,
weekly,5.0,Missed Points,4,ne94j2bxme0vsmkq,Pot Splashers,5.5,missed_points,Fewest missed points in a gameweek. Lower is better.,,,,,,,,,,,,,,61.5,67.0,,91.79,,,,,,,,,,,,,,,,,,,
weekly,5.0,Missed Points,5,xnt9wpm9me0us0r4,yudesh,7.0,missed_points,Fewest missed points in a gameweek. Lower is better.,,,,,,,,,,,,,,75.0,82.0,,91.46,,,,,,,,,,,,,,,,,,,
weekly,5.0,Missed Points,6,ih2b4z8ome1job2n,nhauptma,12.5,missed_points,Fewest missed points in a gameweek. Lower is better.,,,,,,,,,,,,,,92.0,104.5,,88.04,,,,,,,,,,,,,,,,,,,
weekly,5.0,Missed Points,7,zf53q9hdme32qmoe,Robertske,13.0,missed_points,Fewest missed points in a gameweek. Lower is better.,,,,,,,,,,,,,,68.0,81.0,,83.95,,,,,,,,,,,,,,,,,,,
weekly,5.0,Missed Points,8,avv7b4d5me2tlsrt,wmuck1,14.5,missed_points,Fewest missed points in a gameweek. Lower is better.,,,,,,,,,,,,,,50.0,64.5,,77.52,,,,,,,,,,,,,,,,,,,
weekly,5.0,Missed Points,9,0t8m7z91mdhjhvye,SUNNYD,17.0,missed_points,Fewest missed points in a gameweek. Lower is better.,,,,,,,,,,,,,,83.5,100.5,,83.08,,,,,,,,,,,,,,,,,,,
weekly,5.0,Missed Points,10,zxivny5tme3hojrx,Count Doku,18.0,missed_points,Fewest missed points in a gameweek. Lower is better.,,,,,,,,,,,,,,145.5,163.5,,88.99,,,,,,,,,,,,,,,,,,,
weekly,5.0,Missed Points,11,fm7cv4p0me3j48nk,The Facerockers,24.0,missed_points,Fewest missed points in a gameweek. Lower is better.,,,,,,,,,,,,,,83.5,107.5,,77.67,,,,,,,,,,,,,,,,,,,
weekly,5.0,Missed Points,12,ss2dromsme3cbmga,Berkshire’s Club,35.0,missed_points,Fewest missed points in a gameweek. Lower is better.,,,,,,,,,,,,,,100.5,135.5,,74.17,,,,,,,,,,,,,,,,,,,
weekly,6.0,Missed Points,1,zxivny5tme3hojrx,Count Doku,0.5,missed_points,Fewest missed points in a gameweek. Lower is better.,,,,,,,,,,,,,,108.0,108.5,,99.54,,,,,,,,,,,,,,,,,,,
weekly,6.0,Missed Points,2,116s0o6ume0s7s58,Up the Arse-nal,1.5,missed_points,Fewest missed points in a gameweek. Lower is better.,,,,,,,,,,,,,,137.5,139.0,,98.92,,,,,,,,,,,,,,,,,,,
weekly,6.0,Missed Points,3,xnt9wpm9me0us0r4,yudesh,3.0,missed_points,Fewest missed points in a gameweek. Lower is better.,,,,,,,,,,,,,,64.5,67.5,,95.56,,,,,,,,,,,,,,,,,,,
weekly,6.0,Missed Points,4,fm7cv4p0me3j48nk,The Facerockers,3.5,missed_points,Fewest missed points in a gameweek. Lower is better.,,,,,,,,,,,,,,133.5,137.0,,97.45,,,,,,,,,,,,,,,,,,,
weekly,6.0,Missed Points,5,0t8m7z91mdhjhvye,SUNNYD,6.0,missed_points,Fewest missed points in a gameweek. Lower is better.,,,,,,,,,,,,,,86.0,92.0,,93.48,,,,,,,,,,,,,,,,,,,
weekly,6.0,Missed Points,6,ih2b4z8ome1job2n,nhauptma,11.0,missed_points,Fewest missed points in a gameweek. Lower is better.,,,,,,,,,,,,,,82.5,93.5,,88.24,,,,,,,,,,,,,,,,,,,
weekly,6.0,Missed Points,7,zf53q9hdme32qmoe,Robertske,11.5,missed_points,Fewest missed points in a gameweek. Lower is better.,,,,,,,,,,,,,,120.0,131.5,,91.25,,,,,,,,,,,,,,,,,,,
weekly,6.0,Missed Points,8,avv7b4d5me2tlsrt,wmuck1,12.5,missed_points,Fewest missed points in a gameweek. Lower is better.,,,,,,,,,,,,,,67.5,80.0,,84.38,,,,,,,,,,,,,,,,,,,
weekly,6.0,Missed Points,9,eaz9h4hfme2wdh8p,epatel3,14.5,missed_points,Fewest missed points in a gameweek. Lower is better.,,,,,,,,,,,,,,105.0,119.5,,87.87,,,,,,,,,,,,,,,,,,,
weekly,6.0,Missed Points,10,ne94j2bxme0vsmkq,Pot Splashers,16.0,missed_points,Fewest missed points in a gameweek. Lower is better.,,,,,,,,,,,,,,78.5,94.5,,83.07,,,,,,,,,,,,,,,,,,,
weekly,6.0,Missed Points,11,ss2dromsme3cbmga,Berkshire’s Club,19.5,missed_points,Fewest missed points in a gameweek. Lower is better.,,,,,,,,,,,,,,101.0,120.5,,83.82,,,,,,,,,,,,,,,,,,,
weekly,6.0,Missed Points,12,qocqs3wjme34472y,KindComet,26.0,missed_points,Fewest missed points in a gameweek. Lower is better.,,,,,,,,,,,,,,100.5,126.5,,79.45,,,,,,,,,,,,,,,,,,,
weekly,7.0,Missed Points,1,qocqs3wjme34472y,KindComet,0.5,missed_points,Fewest missed points in a gameweek. Lower is better.,,,,,,,,,,,,,,125.5,126.0,,99.6,,,,,,,,,,,,,,,,,,,
weekly,7.0,Missed Points,2,0t8m7z91mdhjhvye,SUNNYD,4.5,missed_points,Fewest missed points in a gameweek. Lower is better.,,,,,,,,,,,,,,102.5,107.0,,95.79,,,,,,,,,,,,,,,,,,,
weekly,7.0,Missed Points,3,xnt9wpm9me0us0r4,yudesh,5.0,missed_points,Fewest missed points in a gameweek. Lower is better.,,,,,,,,,,,,,,108.5,113.5,,95.59,,,,,,,,,,,,,,,,,,,
weekly,7.0,Missed Points,4,eaz9h4hfme2wdh8p,epatel3,5.5,missed_points,Fewest missed points in a gameweek. Lower is better.,,,,,,,,,,,,,,71.5,77.0,,92.86,,,,,,,,,,,,,,,,,,,
weekly,7.0,Missed Points,5,ne94j2bxme0vsmkq,Pot Splashers,6.5,missed_points,Fewest missed points in a gameweek. Lower is better.,,,,,,,,,,,,,,97.5,104.0,,93.75,,,,,,,,,,,,,,,,,,,
weekly,7.0,Missed Points,6,ss2dromsme3cbmga,Berkshire’s Club,8.5,missed_points,Fewest missed points in a gameweek. Lower is better.,,,,,,,,,,,,,,97.0,105.5,,91.94,,,,,,,,,,,,,,,,,,,
weekly,7.0,Missed Points,7,116s0o6ume0s7s58,Up the Arse-nal,10.5,missed_points,Fewest missed points in a gameweek. Lower is better.,,,,,,,,,,,,,,139.0,149.5,,92.98,,,,,,,,,,,,,,,,,,,
weekly,7.0,Missed Points,8,zxivny5tme3hojrx,Count Doku,10.5,missed_points,Fewest missed points in a gameweek. Lower is better.,,,,,,,,,,,,,,82.0,92.5,,88.65,,,,,,,,,,,,,,,,,,,
weekly,7.0,Missed Points,9,fm7cv4p0me3j48nk,The Facerockers,13.0,missed_points,Fewest missed points in a gameweek. Lower is better.,,,,,,,,,,,,,,78.0,91.0,,85.71,,,,,,,,,,,,,,,,,,,
weekly,7.0,Missed Points,10,avv7b4d5me2tlsrt,wmuck1,16.5,missed_points,Fewest missed points in a gameweek. Lower is better.,,,,,,,,,,,,,,120.5,137.0,,87.96,,,,,,,,,,,,,,,,,,,
weekly,7.0,Missed Points,11,ih2b4z8ome1job2n,nhauptma,22.0,missed_points,Fewest missed points in a gameweek. Lower is better.,,,,,,,,,,,,,,113.5,135.5,,83.76,,,,,,,,,,,,,,,,,,,
weekly,7.0,Missed Points,12,zf53q9hdme32qmoe,Robertske,41.0,missed_points,Fewest missed points in a gameweek. Lower is better.,,,,,,,,,,,,,,72.5,113.5,,63.88,,,,,,,,,,,,,,,,,,,
weekly,8.0,Missed Points,1,qocqs3wjme34472y,KindComet,2.0,missed_points,Fewest missed points in a gameweek. Lower is better.,,,,,,,,,,,,,,111.5,113.5,,98.24,,,,,,,,,,,,,,,,,,,
weekly,8.0,Missed Points,2,fm7cv4p0me3j48nk,The Facerockers,6.0,missed_points,Fewest missed points in a gameweek. Lower is better.,,,,,,,,,,,,,,98.0,104.0,,94.23,,,,,,,,,,,,,,,,,,,
weekly,8.0,Missed Points,3,eaz9h4hfme2wdh8p,epatel3,7.0,missed_points,Fewest missed points in a gameweek. Lower is better.,,,,,,,,,,,,,,97.5,104.5,,93.3,,,,,,,,,,,,,,,,,,,
weekly,8.0,Missed Points,4,ne94j2bxme0vsmkq,Pot Splashers,8.0,missed_points,Fewest missed points in a gameweek. Lower is better.,,,,,,,,,,,,,,68.5,76.5,,89.54,,,,,,,,,,,,,,,,,,,
weekly,8.0,Missed Points,5,xnt9wpm9me0us0r4,yudesh,10.5,missed_points,Fewest missed points in a gameweek. Lower is better.,,,,,,,,,,,,,,102.5,113.0,,90.71,,,,,,,,,,,,,,,,,,,
weekly,8.0,Missed Points,6,zf53q9hdme32qmoe,Robertske,12.5,missed_points,Fewest missed points in a gameweek. Lower is better.,,,,,,,,,,,,,,127.5,140.0,,91.07,,,,,,,,,,,,,,,,,,,
weekly,8.0,Missed Points,7,0t8m7z91mdhjhvye,SUNNYD,15.0,missed_points,Fewest missed points in a gameweek. Lower is better.,,,,,,,,,,,,,,136.5,151.5,,90.1,,,,,,,,,,,,,,,,,,,
weekly,8.0,Missed Points,8,zxivny5tme3hojrx,Count Doku,17.5,missed_points,Fewest missed points in a gameweek. Lower is better.,,,,,,,,,,,,,,78.5,96.0,,81.77,,,,,,,,,,,,,,,,,,,
weekly,8.0,Missed Points,9,avv7b4d5me2tlsrt,wmuck1,19.0,missed_points,Fewest missed points in a gameweek. Lower is better.,,,,,,,,,,,,,,63.0,82.0,,76.83,,,,,,,,,,,,,,,,,,,
weekly,8.0,Missed Points,10,ss2dromsme3cbmga,Berkshire’s Club,21.0,missed_points,Fewest missed points in a gameweek. Lower is better.,,,,,,,,,,,,,,85.0,106.0,,80.19,,,,,,,,,,,,,,,,,,,
weekly,8.0,Missed Points,11,ih2b4z8ome1job2n,nhauptma,24.0,missed_points,Fewest missed points in a gameweek. Lower is better.,,,,,,,,,,,,,,141.5,165.5,,85.5,,,,,,,,,,,,,,,,,,,
weekly,8.0,Missed Points,12,116s0o6ume0s7s58,Up the Arse-nal,39.0,missed_points,Fewest missed points in a gameweek. Lower is better.,,,,,,,,,,,,,,157.0,196.0,,80.1,,,,,,,,,,,,,,,,,,,
weekly,9.0,Missed Points,1,eaz9h4hfme2wdh8p,epatel3,0.0,missed_points,Fewest missed points in a gameweek. Lower is better.,,,,,,,,,,,,,,113.0,113.0,,100.0,,,,,,,,,,,,,,,,,,,
weekly,9.0,Missed Points,2,zxivny5tme3hojrx,Count Doku,0.0,missed_points,Fewest missed points in a gameweek. Lower is better.,,,,,,,,,,,,,,84.0,84.0,,100.0,,,,,,,,,,,,,,,,,,,
weekly,9.0,Missed Points,3,zf53q9hdme32qmoe,Robertske,2.5,missed_points,Fewest missed points in a gameweek. Lower is better.,,,,,,,,,,,,,,87.5,90.0,,97.22,,,,,,,,,,,,,,,,,,,
weekly,9.0,Missed Points,4,fm7cv4p0me3j48nk,The Facerockers,4.5,missed_points,Fewest missed points in a gameweek. Lower is better.,,,,,,,,,,,,,,109.0,113.5,,96.04,,,,,,,,,,,,,,,,,,,
weekly,9.0,Missed Points,5,avv7b4d5me2tlsrt,wmuck1,5.0,missed_points,Fewest missed points in a gameweek. Lower is better.,,,,,,,,,,,,,,94.0,99.0,,94.95,,,,,,,,,,,,,,,,,,,
weekly,9.0,Missed Points,6,0t8m7z91mdhjhvye,SUNNYD,11.0,missed_points,Fewest missed points in a gameweek. Lower is better.,,,,,,,,,,,,,,107.0,118.0,,90.68,,,,,,,,,,,,,,,,,,,
weekly,9.0,Missed Points,7,116s0o6ume0s7s58,Up the Arse-nal,15.5,missed_points,Fewest missed points in a gameweek. Lower is better.,,,,,,,,,,,,,,117.0,132.5,,88.3,,,,,,,,,,,,,,,,,,,
weekly,9.0,Missed Points,8,qocqs3wjme34472y,KindComet,21.0,missed_points,Fewest missed points in a gameweek. Lower is better.,,,,,,,,,,,,,,110.0,131.0,,83.97,,,,,,,,,,,,,,,,,,,
weekly,9.0,Missed Points,9,ss2dromsme3cbmga,Berkshire’s Club,23.0,missed_points,Fewest missed points in a gameweek. Lower is better.,,,,,,,,,,,,,,122.0,145.0,,84.14,,,,,,,,,,,,,,,,,,,
weekly,9.0,Missed Points,10,xnt9wpm9me0us0r4,yudesh,23.5,missed_points,Fewest missed points in a gameweek. Lower is better.,,,,,,,,,,,,,,73.5,97.0,,75.77,,,,,,,,,,,,,,,,,,,
weekly,9.0,Missed Points,11,ih2b4z8ome1job2n,nhauptma,24.5,missed_points,Fewest missed points in a gameweek. Lower is better.,,,,,,,,,,,,,,123.0,147.5,,83.39,,,,,,,,,,,,,,,,,,,
weekly,9.0,Missed Points,12,ne94j2bxme0vsmkq,Pot Splashers,25.5,missed_points,Fewest missed points in a gameweek. Lower is better.,,,,,,,,,,,,,,61.5,87.0,,70.69,,,,,,,,,,,,,,,,,,,
weekly,10.0,Missed Points,1,fm7cv4p0me3j48nk,The Facerockers,0.0,missed_points,Fewest missed points in a gameweek. Lower is better.,,,,,,,,,,,,,,108.0,108.0,,100.0,,,,,,,,,,,,,,,,,,,
weekly,10.0,Missed Points,2,eaz9h4hfme2wdh8p,epatel3,1.0,missed_points,Fewest missed points in a gameweek. Lower is better.,,,,,,,,,,,,,,129.0,130.0,,99.23,,,,,,,,,,,,,,,,,,,
weekly,10.0,Missed Points,3,avv7b4d5me2tlsrt,wmuck1,2.0,missed_points,Fewest missed points in a gameweek. Lower is better.,,,,,,,,,,,,,,80.0,82.0,,97.56,,,,,,,,,,,,,,,,,,,
weekly,10.0,Missed Points,4,zxivny5tme3hojrx,Count Doku,2.0,missed_points,Fewest missed points in a gameweek. Lower is better.,,,,,,,,,,,,,,46.0,48.0,,95.83,,,,,,,,,,,,,,,,,,,
weekly,10.0,Missed Points,5,xnt9wpm9me0us0r4,yudesh,3.0,missed_points,Fewest missed points in a gameweek. Lower is better.,,,,,,,,,,,,,,98.5,101.5,,97.04,,,,,,,,,,,,,,,,,,,
weekly,10.0,Missed Points,6,ss2dromsme3cbmga,Berkshire’s Club,5.5,missed_points,Fewest missed points in a gameweek. Lower is better.,,,,,,,,,,,,,,113.0,118.5,,95.36,,,,,,,,,,,,,,,,,,,
weekly,10.0,Missed Points,7,zf53q9hdme32qmoe,Robertske,6.0,missed_points,Fewest missed points in a gameweek. Lower is better.,,,,,,,,,,,,,,131.5,137.5,,95.64,,,,,,,,,,,,,,,,,,,
weekly,10.0,Missed Points,8,0t8m7z91mdhjhvye,SUNNYD,7.0,missed_points,Fewest missed points in a gameweek. Lower is better.,,,,,,,,,,,,,,45.5,52.5,,86.67,,,,,,,,,,,,,,,,,,,
weekly,10.0,Missed Points,9,qocqs3wjme34472y,KindComet,12.0,missed_points,Fewest missed points in a gameweek. Lower is better.,,,,,,,,,,,,,,75.0,87.0,,86.21,,,,,,,,,,,,,,,,,,,
weekly,10.0,Missed Points,10,ne94j2bxme0vsmkq,Pot Splashers,13.0,missed_points,Fewest missed points in a gameweek. Lower is better.,,,,,,,,,,,,,,98.0,111.0,,88.29,,,,,,,,,,,,,,,,,,,
weekly,10.0,Missed Points,11,116s0o6ume0s7s58,Up the Arse-nal,19.0,missed_points,Fewest missed points in a gameweek. Lower is better.,,,,,,,,,,,,,,127.0,146.0,,86.99,,,,,,,,,,,,,,,,,,,
weekly,10.0,Missed Points,12,ih2b4z8ome1job2n,nhauptma,33.0,missed_points,Fewest missed points in a gameweek. Lower is better.,,,,,,,,,,,,,,129.5,162.5,,79.69,,,,,,,,,,,,,,,,,,,
weekly,11.0,Missed Points,1,zf53q9hdme32qmoe,Robertske,9.0,missed_points,Fewest missed points in a gameweek. Lower is better.,,,,,,,,,,,,,,111.5,120.5,,92.53,,,,,,,,,,,,,,,,,,,
weekly,11.0,Missed Points,2,116s0o6ume0s7s58,Up the Arse-nal,10.0,missed_points,Fewest missed points in a gameweek. Lower is better.,,,,,,,,,,,,,,92.5,102.5,,90.24,,,,,,,,,,,,,,,,,,,
weekly,11.0,Missed Points,3,fm7cv4p0me3j48nk,The Facerockers,11.5,missed_points,Fewest missed points in a gameweek. Lower is better.,,,,,,,,,,,,,,30.5,42.0,,72.62,,,,,,,,,,,,,,,,,,,
weekly,11.0,Missed Points,4,ne94j2bxme0vsmkq,Pot Splashers,15.5,missed_points,Fewest missed points in a gameweek. Lower is better.,,,,,,,,,,,,,,113.0,128.5,,87.94,,,,,,,,,,,,,,,,,,,
weekly,11.0,Missed Points,5,qocqs3wjme34472y,KindComet,21.5,missed_points,Fewest missed points in a gameweek. Lower is better.,,,,,,,,,,,,,,81.0,102.5,,79.02,,,,,,,,,,,,,,,,,,,
weekly,11.0,Missed Points,6,0t8m7z91mdhjhvye,SUNNYD,22.5,missed_points,Fewest missed points in a gameweek. Lower is better.,,,,,,,,,,,,,,115.5,138.0,,83.7,,,,,,,,,,,,,,,,,,,
weekly,11.0,Missed Points,7,zxivny5tme3hojrx,Count Doku,23.0,missed_points,Fewest missed points in a gameweek. Lower is better.,,,,,,,,,,,,,,91.5,114.5,,79.91,,,,,,,,,,,,,,,,,,,
weekly,11.0,Missed Points,8,ih2b4z8ome1job2n,nhauptma,24.5,missed_points,Fewest missed points in a gameweek. Lower is better.,,,,,,,,,,,,,,120.5,145.0,,83.1,,,,,,,,,,,,,,,,,,,
weekly,11.0,Missed Points,9,avv7b4d5me2tlsrt,wmuck1,29.0,missed_points,Fewest missed points in a gameweek. Lower is better.,,,,,,,,,,,,,,40.0,69.0,,57.97,,,,,,,,,,,,,,,,,,,
weekly,11.0,Missed Points,10,eaz9h4hfme2wdh8p,epatel3,33.0,missed_points,Fewest missed points in a gameweek. Lower is better.,,,,,,,,,,,,,,81.0,114.0,,71.05,,,,,,,,,,,,,,,,,,,
weekly,11.0,Missed Points,11,xnt9wpm9me0us0r4,yudesh,33.5,missed_points,Fewest missed points in a gameweek. Lower is better.,,,,,,,,,,,,,,96.5,130.0,,74.23,,,,,,,,,,,,,,,,,,,
weekly,11.0,Missed Points,12,ss2dromsme3cbmga,Berkshire’s Club,42.5,missed_points,Fewest missed points in a gameweek. Lower is better.,,,,,,,,,,,,,,71.5,114.0,,62.72,,,,,,,,,,,,,,,,,,,
weekly,12.0,Missed Points,1,ne94j2bxme0vsmkq,Pot Splashers,1.0,missed_points,Fewest missed points in a gameweek. Lower is better.,,,,,,,,,,,,,,77.0,78.0,,98.72,,,,,,,,,,,,,,,,,,,
weekly,12.0,Missed Points,2,eaz9h4hfme2wdh8p,epatel3,1.5,missed_points,Fewest missed points in a gameweek. Lower is better.,,,,,,,,,,,,,,170.5,172.0,,99.13,,,,,,,,,,,,,,,,,,,
weekly,12.0,Missed Points,3,ss2dromsme3cbmga,Berkshire’s Club,2.0,missed_points,Fewest missed points in a gameweek. Lower is better.,,,,,,,,,,,,,,113.0,115.0,,98.26,,,,,,,,,,,,,,,,,,,
weekly,12.0,Missed Points,4,0t8m7z91mdhjhvye,SUNNYD,4.5,missed_points,Fewest missed points in a gameweek. Lower is better.,,,,,,,,,,,,,,96.5,101.0,,95.54,,,,,,,,,,,,,,,,,,,
weekly,12.0,Missed Points,5,fm7cv4p0me3j48nk,The Facerockers,6.0,missed_points,Fewest missed points in a gameweek. Lower is better.,,,,,,,,,,,,,,60.5,66.5,,90.98,,,,,,,,,,,,,,,,,,,
weekly,12.0,Missed Points,6,avv7b4d5me2tlsrt,wmuck1,7.0,missed_points,Fewest missed points in a gameweek. Lower is better.,,,,,,,,,,,,,,56.5,63.5,,88.98,,,,,,,,,,,,,,,,,,,
weekly,12.0,Missed Points,7,zf53q9hdme32qmoe,Robertske,7.5,missed_points,Fewest missed points in a gameweek. Lower is better.,,,,,,,,,,,,,,83.5,91.0,,91.76,,,,,,,,,,,,,,,,,,,
weekly,12.0,Missed Points,8,xnt9wpm9me0us0r4,yudesh,8.0,missed_points,Fewest missed points in a gameweek. Lower is better.,,,,,,,,,,,,,,117.0,125.0,,93.6,,,,,,,,,,,,,,,,,,,
weekly,12.0,Missed Points,9,ih2b4z8ome1job2n,nhauptma,13.5,missed_points,Fewest missed points in a gameweek. Lower is better.,,,,,,,,,,,,,,126.0,139.5,,90.32,,,,,,,,,,,,,,,,,,,
weekly,12.0,Missed Points,10,zxivny5tme3hojrx,Count Doku,21.0,missed_points,Fewest missed points in a gameweek. Lower is better.,,,,,,,,,,,,,,80.0,101.0,,79.21,,,,,,,,,,,,,,,,,,,
weekly,12.0,Missed Points,11,116s0o6ume0s7s58,Up the Arse-nal,24.5,missed_points,Fewest missed points in a gameweek. Lower is better.,,,,,,,,,,,,,,79.0,103.5,,76.33,,,,,,,,,,,,,,,,,,,
weekly,12.0,Missed Points,12,qocqs3wjme34472y,KindComet,36.5,missed_points,Fewest missed points in a gameweek. Lower is better.,,,,,,,,,,,,,,118.5,155.0,,76.45,,,,,,,,,,,,,,,,,,,
weekly,13.0,Missed Points,1,ne94j2bxme0vsmkq,Pot Splashers,0.5,missed_points,Fewest missed points in a gameweek. Lower is better.,,,,,,,,,,,,,,95.5,96.0,,99.48,,,,,,,,,,,,,,,,,,,
weekly,13.0,Missed Points,2,0t8m7z91mdhjhvye,SUNNYD,3.0,missed_points,Fewest missed points in a gameweek. Lower is better.,,,,,,,,,,,,,,96.0,99.0,,96.97,,,,,,,,,,,,,,,,,,,
weekly,13.0,Missed Points,3,eaz9h4hfme2wdh8p,epatel3,3.0,missed_points,Fewest missed points in a gameweek. Lower is better.,,,,,,,,,,,,,,66.0,69.0,,95.65,,,,,,,,,,,,,,,,,,,
weekly,13.0,Missed Points,4,fm7cv4p0me3j48nk,The Facerockers,3.5,missed_points,Fewest missed points in a gameweek. Lower is better.,,,,,,,,,,,,,,93.5,97.0,,96.39,,,,,,,,,,,,,,,,,,,
weekly,13.0,Missed Points,5,zxivny5tme3hojrx,Count Doku,4.5,missed_points,Fewest missed points in a gameweek. Lower is better.,,,,,,,,,,,,,,113.5,118.0,,96.19,,,,,,,,,,,,,,,,,,,
weekly,13.0,Missed Points,6,116s0o6ume0s7s58,Up the Arse-nal,9.5,missed_points,Fewest missed points in a gameweek. Lower is better.,,,,,,,,,,,,,,147.5,157.0,,93.95,,,,,,,,,,,,,,,,,,,
weekly,13.0,Missed Points,7,ih2b4z8ome1job2n,nhauptma,10.0,missed_points,Fewest missed points in a gameweek. Lower is better.,,,,,,,,,,,,,,87.5,97.5,,89.74,,,,,,,,,,,,,,,,,,,
weekly,13.0,Missed Points,8,xnt9wpm9me0us0r4,yudesh,14.5,missed_points,Fewest missed points in a gameweek. Lower is better.,,,,,,,,,,,,,,152.5,167.0,,91.32,,,,,,,,,,,,,,,,,,,
weekly,13.0,Missed Points,9,qocqs3wjme34472y,KindComet,21.5,missed_points,Fewest missed points in a gameweek. Lower is better.,,,,,,,,,,,,,,83.0,104.5,,79.43,,,,,,,,,,,,,,,,,,,
weekly,13.0,Missed Points,10,zf53q9hdme32qmoe,Robertske,22.5,missed_points,Fewest missed points in a gameweek. Lower is better.,,,,,,,,,,,,,,72.0,94.5,,76.19,,,,,,,,,,,,,,,,,,,
weekly,13.0,Missed Points,11,ss2dromsme3cbmga,Berkshire’s Club,29.5,missed_points,Fewest missed points in a gameweek. Lower is better.,,,,,,,,,,,,,,71.5,101.0,,70.79,,,,,,,,,,,,,,,,,,,
weekly,13.0,Missed Points,12,avv7b4d5me2tlsrt,wmuck1,34.0,missed_points,Fewest missed points in a gameweek. Lower is better.,,,,,,,,,,,,,,68.0,102.0,,66.67,,,,,,,,,,,,,,,,,,,
weekly,14.0,Missed Points,1,116s0o6ume0s7s58,Up the Arse-nal,2.5,missed_points,Fewest missed points in a gameweek. Lower is better.,,,,,,,,,,,,,,68.5,71.0,,96.48,,,,,,,,,,,,,,,,,,,
weekly,14.0,Missed Points,2,ih2b4z8ome1job2n,nhauptma,3.5,missed_points,Fewest missed points in a gameweek. Lower is better.,,,,,,,,,,,,,,135.0,138.5,,97.47,,,,,,,,,,,,,,,,,,,
weekly,14.0,Missed Points,3,zxivny5tme3hojrx,Count Doku,5.5,missed_points,Fewest missed points in a gameweek. Lower is better.,,,,,,,,,,,,,,116.0,121.5,,95.47,,,,,,,,,,,,,,,,,,,
weekly,14.0,Missed Points,4,qocqs3wjme34472y,KindComet,8.0,missed_points,Fewest missed points in a gameweek. Lower is better.,,,,,,,,,,,,,,107.5,115.5,,93.07,,,,,,,,,,,,,,,,,,,
weekly,14.0,Missed Points,5,avv7b4d5me2tlsrt,wmuck1,11.0,missed_points,Fewest missed points in a gameweek. Lower is better.,,,,,,,,,,,,,,56.5,67.5,,83.7,,,,,,,,,,,,,,,,,,,
weekly,14.0,Missed Points,6,eaz9h4hfme2wdh8p,epatel3,16.0,missed_points,Fewest missed points in a gameweek. Lower is better.,,,,,,,,,,,,,,96.0,112.0,,85.71,,,,,,,,,,,,,,,,,,,
weekly,14.0,Missed Points,7,0t8m7z91mdhjhvye,SUNNYD,19.0,missed_points,Fewest missed points in a gameweek. Lower is better.,,,,,,,,,,,,,,96.0,115.0,,83.48,,,,,,,,,,,,,,,,,,,
weekly,14.0,Missed Points,8,fm7cv4p0me3j48nk,The Facerockers,20.5,missed_points,Fewest missed points in a gameweek. Lower is better.,,,,,,,,,,,,,,119.5,140.0,,85.36,,,,,,,,,,,,,,,,,,,
weekly,14.0,Missed Points,9,zf53q9hdme32qmoe,Robertske,27.0,missed_points,Fewest missed points in a gameweek. Lower is better.,,,,,,,,,,,,,,77.5,104.5,,74.16,,,,,,,,,,,,,,,,,,,
weekly,14.0,Missed Points,10,ss2dromsme3cbmga,Berkshire’s Club,27.5,missed_points,Fewest missed points in a gameweek. Lower is better.,,,,,,,,,,,,,,113.5,141.0,,80.5,,,,,,,,,,,,,,,,,,,
weekly,14.0,Missed Points,11,xnt9wpm9me0us0r4,yudesh,29.0,missed_points,Fewest missed points in a gameweek. Lower is better.,,,,,,,,,,,,,,89.5,118.5,,75.53,,,,,,,,,,,,,,,,,,,
weekly,14.0,Missed Points,12,ne94j2bxme0vsmkq,Pot Splashers,55.5,missed_points,Fewest missed points in a gameweek. Lower is better.,,,,,,,,,,,,,,37.0,92.5,,40.0,,,,,,,,,,,,,,,,,,,
weekly,15.0,Missed Points,1,ih2b4z8ome1job2n,nhauptma,0.0,missed_points,Fewest missed points in a gameweek. Lower is better.,,,,,,,,,,,,,,123.5,123.5,,100.0,,,,,,,,,,,,,,,,,,,
weekly,15.0,Missed Points,2,zxivny5tme3hojrx,Count Doku,0.0,missed_points,Fewest missed points in a gameweek. Lower is better.,,,,,,,,,,,,,,123.5,123.5,,100.0,,,,,,,,,,,,,,,,,,,
weekly,15.0,Missed Points,3,qocqs3wjme34472y,KindComet,5.5,missed_points,Fewest missed points in a gameweek. Lower is better.,,,,,,,,,,,,,,79.0,84.5,,93.49,,,,,,,,,,,,,,,,,,,
weekly,15.0,Missed Points,4,fm7cv4p0me3j48nk,The Facerockers,7.5,missed_points,Fewest missed points in a gameweek. Lower is better.,,,,,,,,,,,,,,113.5,121.0,,93.8,,,,,,,,,,,,,,,,,,,
weekly,15.0,Missed Points,5,0t8m7z91mdhjhvye,SUNNYD,8.5,missed_points,Fewest missed points in a gameweek. Lower is better.,,,,,,,,,,,,,,101.5,110.0,,92.27,,,,,,,,,,,,,,,,,,,
weekly,15.0,Missed Points,6,xnt9wpm9me0us0r4,yudesh,11.0,missed_points,Fewest missed points in a gameweek. Lower is better.,,,,,,,,,,,,,,123.5,134.5,,91.82,,,,,,,,,,,,,,,,,,,
weekly,15.0,Missed Points,7,ss2dromsme3cbmga,Berkshire’s Club,14.0,missed_points,Fewest missed points in a gameweek. Lower is better.,,,,,,,,,,,,,,158.0,172.0,,91.86,,,,,,,,,,,,,,,,,,,
weekly,15.0,Missed Points,8,116s0o6ume0s7s58,Up the Arse-nal,16.5,missed_points,Fewest missed points in a gameweek. Lower is better.,,,,,,,,,,,,,,117.0,133.5,,87.64,,,,,,,,,,,,,,,,,,,
weekly,15.0,Missed Points,9,eaz9h4hfme2wdh8p,epatel3,20.0,missed_points,Fewest missed points in a gameweek. Lower is better.,,,,,,,,,,,,,,92.0,112.0,,82.14,,,,,,,,,,,,,,,,,,,
weekly,15.0,Missed Points,10,ne94j2bxme0vsmkq,Pot Splashers,30.5,missed_points,Fewest missed points in a gameweek. Lower is better.,,,,,,,,,,,,,,106.0,136.5,,77.66,,,,,,,,,,,,,,,,,,,
weekly,15.0,Missed Points,11,avv7b4d5me2tlsrt,wmuck1,36.0,missed_points,Fewest missed points in a gameweek. Lower is better.,,,,,,,,,,,,,,85.5,121.5,,70.37,,,,,,,,,,,,,,,,,,,
weekly,15.0,Missed Points,12,zf53q9hdme32qmoe,Robertske,43.0,missed_points,Fewest missed points in a gameweek. Lower is better.,,,,,,,,,,,,,,120.5,163.5,,73.7,,,,,,,,,,,,,,,,,,,
weekly,16.0,Missed Points,1,zxivny5tme3hojrx,Count Doku,0.0,missed_points,Fewest missed points in a gameweek. Lower is better.,,,,,,,,,,,,,,77.0,77.0,,100.0,,,,,,,,,,,,,,,,,,,
weekly,16.0,Missed Points,2,fm7cv4p0me3j48nk,The Facerockers,1.0,missed_points,Fewest missed points in a gameweek. Lower is better.,,,,,,,,,,,,,,129.5,130.5,,99.23,,,,,,,,,,,,,,,,,,,
weekly,16.0,Missed Points,3,ne94j2bxme0vsmkq,Pot Splashers,3.0,missed_points,Fewest missed points in a gameweek. Lower is better.,,,,,,,,,,,,,,78.0,81.0,,96.3,,,,,,,,,,,,,,,,,,,
weekly,16.0,Missed Points,4,qocqs3wjme34472y,KindComet,5.5,missed_points,Fewest missed points in a gameweek. Lower is better.,,,,,,,,,,,,,,155.0,160.5,,96.57,,,,,,,,,,,,,,,,,,,
weekly,16.0,Missed Points,5,116s0o6ume0s7s58,Up the Arse-nal,5.5,missed_points,Fewest missed points in a gameweek. Lower is better.,,,,,,,,,,,,,,128.5,134.0,,95.9,,,,,,,,,,,,,,,,,,,
weekly,16.0,Missed Points,6,ih2b4z8ome1job2n,nhauptma,8.0,missed_points,Fewest missed points in a gameweek. Lower is better.,,,,,,,,,,,,,,62.0,70.0,,88.57,,,,,,,,,,,,,,,,,,,
weekly,16.0,Missed Points,7,0t8m7z91mdhjhvye,SUNNYD,12.5,missed_points,Fewest missed points in a gameweek. Lower is better.,,,,,,,,,,,,,,171.5,184.0,,93.21,,,,,,,,,,,,,,,,,,,
weekly,16.0,Missed Points,8,avv7b4d5me2tlsrt,wmuck1,13.0,missed_points,Fewest missed points in a gameweek. Lower is better.,,,,,,,,,,,,,,75.5,88.5,,85.31,,,,,,,,,,,,,,,,,,,
weekly,16.0,Missed Points,9,eaz9h4hfme2wdh8p,epatel3,13.0,missed_points,Fewest missed points in a gameweek. Lower is better.,,,,,,,,,,,,,,37.0,50.0,,74.0,,,,,,,,,,,,,,,,,,,
weekly,16.0,Missed Points,10,xnt9wpm9me0us0r4,yudesh,17.0,missed_points,Fewest missed points in a gameweek. Lower is better.,,,,,,,,,,,,,,60.0,77.0,,77.92,,,,,,,,,,,,,,,,,,,
weekly,16.0,Missed Points,11,ss2dromsme3cbmga,Berkshire’s Club,33.0,missed_points,Fewest missed points in a gameweek. Lower is better.,,,,,,,,,,,,,,116.0,149.0,,77.85,,,,,,,,,,,,,,,,,,,
weekly,16.0,Missed Points,12,zf53q9hdme32qmoe,Robertske,35.0,missed_points,Fewest missed points in a gameweek. Lower is better.,,,,,,,,,,,,,,108.5,143.5,,75.61,,,,,,,,,,,,,,,,,,,
weekly,17.0,Missed Points,1,eaz9h4hfme2wdh8p,epatel3,0.0,missed_points,Fewest missed points in a gameweek. Lower is better.,,,,,,,,,,,,,,69.0,69.0,,100.0,,,,,,,,,,,,,,,,,,,
weekly,17.0,Missed Points,2,xnt9wpm9me0us0r4,yudesh,0.0,missed_points,Fewest missed points in a gameweek. Lower is better.,,,,,,,,,,,,,,133.0,133.0,,100.0,,,,,,,,,,,,,,,,,,,
weekly,17.0,Missed Points,3,ne94j2bxme0vsmkq,Pot Splashers,2.0,missed_points,Fewest missed points in a gameweek. Lower is better.,,,,,,,,,,,,,,91.0,93.0,,97.85,,,,,,,,,,,,,,,,,,,
weekly,17.0,Missed Points,4,zxivny5tme3hojrx,Count Doku,3.0,missed_points,Fewest missed points in a gameweek. Lower is better.,,,,,,,,,,,,,,67.5,70.5,,95.74,,,,,,,,,,,,,,,,,,,
weekly,17.0,Missed Points,5,116s0o6ume0s7s58,Up the Arse-nal,9.0,missed_points,Fewest missed points in a gameweek. Lower is better.,,,,,,,,,,,,,,131.5,140.5,,93.59,,,,,,,,,,,,,,,,,,,
weekly,17.0,Missed Points,6,fm7cv4p0me3j48nk,The Facerockers,10.0,missed_points,Fewest missed points in a gameweek. Lower is better.,,,,,,,,,,,,,,122.5,132.5,,92.45,,,,,,,,,,,,,,,,,,,
weekly,17.0,Missed Points,7,0t8m7z91mdhjhvye,SUNNYD,12.0,missed_points,Fewest missed points in a gameweek. Lower is better.,,,,,,,,,,,,,,135.0,147.0,,91.84,,,,,,,,,,,,,,,,,,,
weekly,17.0,Missed Points,8,qocqs3wjme34472y,KindComet,12.0,missed_points,Fewest missed points in a gameweek. Lower is better.,,,,,,,,,,,,,,109.5,121.5,,90.12,,,,,,,,,,,,,,,,,,,
weekly,17.0,Missed Points,9,zf53q9hdme32qmoe,Robertske,16.5,missed_points,Fewest missed points in a gameweek. Lower is better.,,,,,,,,,,,,,,99.5,116.0,,85.78,,,,,,,,,,,,,,,,,,,
weekly,17.0,Missed Points,10,ih2b4z8ome1job2n,nhauptma,24.5,missed_points,Fewest missed points in a gameweek. Lower is better.,,,,,,,,,,,,,,71.5,96.0,,74.48,,,,,,,,,,,,,,,,,,,
weekly,17.0,Missed Points,11,ss2dromsme3cbmga,Berkshire’s Club,25.5,missed_points,Fewest missed points in a gameweek. Lower is better.,,,,,,,,,,,,,,123.5,149.0,,82.89,,,,,,,,,,,,,,,,,,,
weekly,17.0,Missed Points,12,avv7b4d5me2tlsrt,wmuck1,28.5,missed_points,Fewest missed points in a gameweek. Lower is better.,,,,,,,,,,,,,,46.5,75.0,,62.0,,,,,,,,,,,,,,,,,,,
weekly,18.0,Missed Points,1,eaz9h4hfme2wdh8p,epatel3,0.5,missed_points,Fewest missed points in a gameweek. Lower is better.,,,,,,,,,,,,,,90.0,90.5,,99.45,,,,,,,,,,,,,,,,,,,
weekly,18.0,Missed Points,2,qocqs3wjme34472y,KindComet,2.5,missed_points,Fewest missed points in a gameweek. Lower is better.,,,,,,,,,,,,,,88.5,91.0,,97.25,,,,,,,,,,,,,,,,,,,
weekly,18.0,Missed Points,3,avv7b4d5me2tlsrt,wmuck1,3.0,missed_points,Fewest missed points in a gameweek. Lower is better.,,,,,,,,,,,,,,73.5,76.5,,96.08,,,,,,,,,,,,,,,,,,,
weekly,18.0,Missed Points,4,ih2b4z8ome1job2n,nhauptma,4.5,missed_points,Fewest missed points in a gameweek. Lower is better.,,,,,,,,,,,,,,68.5,73.0,,93.84,,,,,,,,,,,,,,,,,,,
weekly,18.0,Missed Points,5,zxivny5tme3hojrx,Count Doku,5.5,missed_points,Fewest missed points in a gameweek. Lower is better.,,,,,,,,,,,,,,122.5,128.0,,95.7,,,,,,,,,,,,,,,,,,,
weekly,18.0,Missed Points,6,0t8m7z91mdhjhvye,SUNNYD,6.5,missed_points,Fewest missed points in a gameweek. Lower is better.,,,,,,,,,,,,,,151.0,157.5,,95.87,,,,,,,,,,,,,,,,,,,
weekly,18.0,Missed Points,7,ss2dromsme3cbmga,Berkshire’s Club,9.5,missed_points,Fewest missed points in a gameweek. Lower is better.,,,,,,,,,,,,,,129.0,138.5,,93.14,,,,,,,,,,,,,,,,,,,
weekly,18.0,Missed Points,8,116s0o6ume0s7s58,Up the Arse-nal,14.5,missed_points,Fewest missed points in a gameweek. Lower is better.,,,,,,,,,,,,,,109.0,123.5,,88.26,,,,,,,,,,,,,,,,,,,
weekly,18.0,Missed Points,9,ne94j2bxme0vsmkq,Pot Splashers,15.5,missed_points,Fewest missed points in a gameweek. Lower is better.,,,,,,,,,,,,,,67.0,82.5,,81.21,,,,,,,,,,,,,,,,,,,
weekly,18.0,Missed Points,10,fm7cv4p0me3j48nk,The Facerockers,17.5,missed_points,Fewest missed points in a gameweek. Lower is better.,,,,,,,,,,,,,,119.5,137.0,,87.23,,,,,,,,,,,,,,,,,,,
weekly,18.0,Missed Points,11,xnt9wpm9me0us0r4,yudesh,18.5,missed_points,Fewest missed points in a gameweek. Lower is better.,,,,,,,,,,,,,,160.0,178.5,,89.64,,,,,,,,,,,,,,,,,,,
weekly,18.0,Missed Points,12,zf53q9hdme32qmoe,Robertske,42.5,missed_points,Fewest missed points in a gameweek. Lower is better.,,,,,,,,,,,,,,88.0,130.5,,67.43,,,,,,,,,,,,,,,,,,,
weekly,19.0,Missed Points,1,ih2b4z8ome1job2n,nhauptma,0.0,missed_points,Fewest missed points in a gameweek. Lower is better.,,,,,,,,,,,,,,109.5,109.5,,100.0,,,,,,,,,,,,,,,,,,,
weekly,19.0,Missed Points,2,xnt9wpm9me0us0r4,yudesh,0.0,missed_points,Fewest missed points in a gameweek. Lower is better.,,,,,,,,,,,,,,95.5,95.5,,100.0,,,,,,,,,,,,,,,,,,,
weekly,19.0,Missed Points,3,avv7b4d5me2tlsrt,wmuck1,5.0,missed_points,Fewest missed points in a gameweek. Lower is better.,,,,,,,,,,,,,,80.0,85.0,,94.12,,,,,,,,,,,,,,,,,,,
weekly,19.0,Missed Points,4,0t8m7z91mdhjhvye,SUNNYD,7.0,missed_points,Fewest missed points in a gameweek. Lower is better.,,,,,,,,,,,,,,111.0,118.0,,94.07,,,,,,,,,,,,,,,,,,,
weekly,19.0,Missed Points,5,eaz9h4hfme2wdh8p,epatel3,9.0,missed_points,Fewest missed points in a gameweek. Lower is better.,,,,,,,,,,,,,,125.0,134.0,,93.28,,,,,,,,,,,,,,,,,,,
weekly,19.0,Missed Points,6,fm7cv4p0me3j48nk,The Facerockers,9.0,missed_points,Fewest missed points in a gameweek. Lower is better.,,,,,,,,,,,,,,91.0,100.0,,91.0,,,,,,,,,,,,,,,,,,,
weekly,19.0,Missed Points,7,ss2dromsme3cbmga,Berkshire’s Club,10.0,missed_points,Fewest missed points in a gameweek. Lower is better.,,,,,,,,,,,,,,157.5,167.5,,94.03,,,,,,,,,,,,,,,,,,,
weekly,19.0,Missed Points,8,ne94j2bxme0vsmkq,Pot Splashers,12.5,missed_points,Fewest missed points in a gameweek. Lower is better.,,,,,,,,,,,,,,94.0,106.5,,88.26,,,,,,,,,,,,,,,,,,,
weekly,19.0,Missed Points,9,116s0o6ume0s7s58,Up the Arse-nal,13.0,missed_points,Fewest missed points in a gameweek. Lower is better.,,,,,,,,,,,,,,116.5,129.5,,89.96,,,,,,,,,,,,,,,,,,,
weekly,19.0,Missed Points,10,zf53q9hdme32qmoe,Robertske,13.0,missed_points,Fewest missed points in a gameweek. Lower is better.,,,,,,,,,,,,,,96.0,109.0,,88.07,,,,,,,,,,,,,,,,,,,
weekly,19.0,Missed Points,11,zxivny5tme3hojrx,Count Doku,15.5,missed_points,Fewest missed points in a gameweek. Lower is better.,,,,,,,,,,,,,,112.5,128.0,,87.89,,,,,,,,,,,,,,,,,,,
weekly,19.0,Missed Points,12,qocqs3wjme34472y,KindComet,19.5,missed_points,Fewest missed points in a gameweek. Lower is better.,,,,,,,,,,,,,,99.0,118.5,,83.54,,,,,,,,,,,,,,,,,,,
weekly,20.0,Missed Points,1,xnt9wpm9me0us0r4,yudesh,0.0,missed_points,Fewest missed points in a gameweek. Lower is better.,,,,,,,,,,,,,,102.5,102.5,,100.0,,,,,,,,,,,,,,,,,,,
weekly,20.0,Missed Points,2,ih2b4z8ome1job2n,nhauptma,5.0,missed_points,Fewest missed points in a gameweek. Lower is better.,,,,,,,,,,,,,,111.5,116.5,,95.71,,,,,,,,,,,,,,,,,,,
weekly,20.0,Missed Points,3,ss2dromsme3cbmga,Berkshire’s Club,6.0,missed_points,Fewest missed points in a gameweek. Lower is better.,,,,,,,,,,,,,,92.0,98.0,,93.88,,,,,,,,,,,,,,,,,,,
weekly,20.0,Missed Points,4,avv7b4d5me2tlsrt,wmuck1,6.5,missed_points,Fewest missed points in a gameweek. Lower is better.,,,,,,,,,,,,,,36.5,43.0,,84.88,,,,,,,,,,,,,,,,,,,
weekly,20.0,Missed Points,5,zxivny5tme3hojrx,Count Doku,7.0,missed_points,Fewest missed points in a gameweek. Lower is better.,,,,,,,,,,,,,,76.5,83.5,,91.62,,,,,,,,,,,,,,,,,,,
weekly,20.0,Missed Points,6,eaz9h4hfme2wdh8p,epatel3,13.0,missed_points,Fewest missed points in a gameweek. Lower is better.,,,,,,,,,,,,,,73.0,86.0,,84.88,,,,,,,,,,,,,,,,,,,
weekly,20.0,Missed Points,7,zf53q9hdme32qmoe,Robertske,15.5,missed_points,Fewest missed points in a gameweek. Lower is better.,,,,,,,,,,,,,,55.0,70.5,,78.01,,,,,,,,,,,,,,,,,,,
weekly,20.0,Missed Points,8,0t8m7z91mdhjhvye,SUNNYD,16.0,missed_points,Fewest missed points in a gameweek. Lower is better.,,,,,,,,,,,,,,120.5,136.5,,88.28,,,,,,,,,,,,,,,,,,,
weekly,20.0,Missed Points,9,qocqs3wjme34472y,KindComet,19.5,missed_points,Fewest missed points in a gameweek. Lower is better.,,,,,,,,,,,,,,165.0,184.5,,89.43,,,,,,,,,,,,,,,,,,,
weekly,20.0,Missed Points,10,fm7cv4p0me3j48nk,The Facerockers,19.5,missed_points,Fewest missed points in a gameweek. Lower is better.,,,,,,,,,,,,,,63.5,83.0,,76.51,,,,,,,,,,,,,,,,,,,
weekly,20.0,Missed Points,11,ne94j2bxme0vsmkq,Pot Splashers,29.5,missed_points,Fewest missed points in a gameweek. Lower is better.,,,,,,,,,,,,,,86.5,116.0,,74.57,,,,,,,,,,,,,,,,,,,
weekly,20.0,Missed Points,12,116s0o6ume0s7s58,Up the Arse-nal,31.5,missed_points,Fewest missed points in a gameweek. Lower is better.,,,,,,,,,,,,,,77.0,108.5,,70.97,,,,,,,,,,,,,,,,,,,
weekly,21.0,Missed Points,1,ih2b4z8ome1job2n,nhauptma,0.0,missed_points,Fewest missed points in a gameweek. Lower is better.,,,,,,,,,,,,,,104.5,104.5,,100.0,,,,,,,,,,,,,,,,,,,
weekly,21.0,Missed Points,2,xnt9wpm9me0us0r4,yudesh,0.0,missed_points,Fewest missed points in a gameweek. Lower is better.,,,,,,,,,,,,,,165.0,165.0,,100.0,,,,,,,,,,,,,,,,,,,
weekly,21.0,Missed Points,3,zxivny5tme3hojrx,Count Doku,2.5,missed_points,Fewest missed points in a gameweek. Lower is better.,,,,,,,,,,,,,,116.5,119.0,,97.9,,,,,,,,,,,,,,,,,,,
weekly,21.0,Missed Points,4,zf53q9hdme32qmoe,Robertske,3.5,missed_points,Fewest missed points in a gameweek. Lower is better.,,,,,,,,,,,,,,80.5,84.0,,95.83,,,,,,,,,,,,,,,,,,,
weekly,21.0,Missed Points,5,0t8m7z91mdhjhvye,SUNNYD,8.5,missed_points,Fewest missed points in a gameweek. Lower is better.,,,,,,,,,,,,,,61.0,69.5,,87.77,,,,,,,,,,,,,,,,,,,
weekly,21.0,Missed Points,6,116s0o6ume0s7s58,Up the Arse-nal,9.0,missed_points,Fewest missed points in a gameweek. Lower is better.,,,,,,,,,,,,,,163.0,172.0,,94.77,,,,,,,,,,,,,,,,,,,
weekly,21.0,Missed Points,7,eaz9h4hfme2wdh8p,epatel3,10.5,missed_points,Fewest missed points in a gameweek. Lower is better.,,,,,,,,,,,,,,93.0,103.5,,89.86,,,,,,,,,,,,,,,,,,,
weekly,21.0,Missed Points,8,fm7cv4p0me3j48nk,The Facerockers,16.0,missed_points,Fewest missed points in a gameweek. Lower is better.,,,,,,,,,,,,,,109.0,125.0,,87.2,,,,,,,,,,,,,,,,,,,
weekly,21.0,Missed Points,9,qocqs3wjme34472y,KindComet,21.0,missed_points,Fewest missed points in a gameweek. Lower is better.,,,,,,,,,,,,,,107.5,128.5,,83.66,,,,,,,,,,,,,,,,,,,
weekly,21.0,Missed Points,10,avv7b4d5me2tlsrt,wmuck1,24.0,missed_points,Fewest missed points in a gameweek. Lower is better.,,,,,,,,,,,,,,60.5,84.5,,71.6,,,,,,,,,,,,,,,,,,,
weekly,21.0,Missed Points,11,ss2dromsme3cbmga,Berkshire’s Club,28.0,missed_points,Fewest missed points in a gameweek. Lower is better.,,,,,,,,,,,,,,99.0,127.0,,77.95,,,,,,,,,,,,,,,,,,,
weekly,21.0,Missed Points,12,ne94j2bxme0vsmkq,Pot Splashers,34.0,missed_points,Fewest missed points in a gameweek. Lower is better.,,,,,,,,,,,,,,84.5,118.5,,71.31,,,,,,,,,,,,,,,,,,,
weekly,22.0,Missed Points,1,ih2b4z8ome1job2n,nhauptma,0.0,missed_points,Fewest missed points in a gameweek. Lower is better.,,,,,,,,,,,,,,126.0,126.0,,100.0,,,,,,,,,,,,,,,,,,,
weekly,22.0,Missed Points,2,ne94j2bxme0vsmkq,Pot Splashers,0.0,missed_points,Fewest missed points in a gameweek. Lower is better.,,,,,,,,,,,,,,129.0,129.0,,100.0,,,,,,,,,,,,,,,,,,,
weekly,22.0,Missed Points,3,eaz9h4hfme2wdh8p,epatel3,1.0,missed_points,Fewest missed points in a gameweek. Lower is better.,,,,,,,,,,,,,,114.0,115.0,,99.13,,,,,,,,,,,,,,,,,,,
weekly,22.0,Missed Points,4,zf53q9hdme32qmoe,Robertske,2.5,missed_points,Fewest missed points in a gameweek. Lower is better.,,,,,,,,,,,,,,38.0,40.5,,93.83,,,,,,,,,,,,,,,,,,,
weekly,22.0,Missed Points,5,qocqs3wjme34472y,KindComet,4.0,missed_points,Fewest missed points in a gameweek. Lower is better.,,,,,,,,,,,,,,116.5,120.5,,96.68,,,,,,,,,,,,,,,,,,,
weekly,22.0,Missed Points,6,zxivny5tme3hojrx,Count Doku,10.0,missed_points,Fewest missed points in a gameweek. Lower is better.,,,,,,,,,,,,,,77.0,87.0,,88.51,,,,,,,,,,,,,,,,,,,
weekly,22.0,Missed Points,7,ss2dromsme3cbmga,Berkshire’s Club,11.5,missed_points,Fewest missed points in a gameweek. Lower is better.,,,,,,,,,,,,,,66.5,78.0,,85.26,,,,,,,,,,,,,,,,,,,
weekly,22.0,Missed Points,8,avv7b4d5me2tlsrt,wmuck1,13.0,missed_points,Fewest missed points in a gameweek. Lower is better.,,,,,,,,,,,,,,76.0,89.0,,85.39,,,,,,,,,,,,,,,,,,,
weekly,22.0,Missed Points,9,xnt9wpm9me0us0r4,yudesh,17.0,missed_points,Fewest missed points in a gameweek. Lower is better.,,,,,,,,,,,,,,133.0,150.0,,88.67,,,,,,,,,,,,,,,,,,,
weekly,22.0,Missed Points,10,0t8m7z91mdhjhvye,SUNNYD,22.5,missed_points,Fewest missed points in a gameweek. Lower is better.,,,,,,,,,,,,,,127.0,149.5,,84.95,,,,,,,,,,,,,,,,,,,
weekly,22.0,Missed Points,11,116s0o6ume0s7s58,Up the Arse-nal,26.0,missed_points,Fewest missed points in a gameweek. Lower is better.,,,,,,,,,,,,,,87.5,113.5,,77.09,,,,,,,,,,,,,,,,,,,
weekly,22.0,Missed Points,12,fm7cv4p0me3j48nk,The Facerockers,33.0,missed_points,Fewest missed points in a gameweek. Lower is better.,,,,,,,,,,,,,,80.0,113.0,,70.8,,,,,,,,,,,,,,,,,,,
weekly,23.0,Missed Points,1,ne94j2bxme0vsmkq,Pot Splashers,9.5,missed_points,Fewest missed points in a gameweek. Lower is better.,,,,,,,,,,,,,,72.5,82.0,,88.41,,,,,,,,,,,,,,,,,,,
weekly,23.0,Missed Points,2,eaz9h4hfme2wdh8p,epatel3,12.5,missed_points,Fewest missed points in a gameweek. Lower is better.,,,,,,,,,,,,,,118.5,131.0,,90.46,,,,,,,,,,,,,,,,,,,
weekly,23.0,Missed Points,3,qocqs3wjme34472y,KindComet,12.5,missed_points,Fewest missed points in a gameweek. Lower is better.,,,,,,,,,,,,,,64.5,77.0,,83.77,,,,,,,,,,,,,,,,,,,
weekly,23.0,Missed Points,4,avv7b4d5me2tlsrt,wmuck1,14.0,missed_points,Fewest missed points in a gameweek. Lower is better.,,,,,,,,,,,,,,95.5,109.5,,87.21,,,,,,,,,,,,,,,,,,,
weekly,23.0,Missed Points,5,zf53q9hdme32qmoe,Robertske,15.0,missed_points,Fewest missed points in a gameweek. Lower is better.,,,,,,,,,,,,,,70.0,85.0,,82.35,,,,,,,,,,,,,,,,,,,
weekly,23.0,Missed Points,6,xnt9wpm9me0us0r4,yudesh,16.0,missed_points,Fewest missed points in a gameweek. Lower is better.,,,,,,,,,,,,,,118.5,134.5,,88.1,,,,,,,,,,,,,,,,,,,
weekly,23.0,Missed Points,7,116s0o6ume0s7s58,Up the Arse-nal,17.0,missed_points,Fewest missed points in a gameweek. Lower is better.,,,,,,,,,,,,,,44.5,61.5,,72.36,,,,,,,,,,,,,,,,,,,
weekly,23.0,Missed Points,8,fm7cv4p0me3j48nk,The Facerockers,18.0,missed_points,Fewest missed points in a gameweek. Lower is better.,,,,,,,,,,,,,,113.5,131.5,,86.31,,,,,,,,,,,,,,,,,,,
weekly,23.0,Missed Points,9,ih2b4z8ome1job2n,nhauptma,18.5,missed_points,Fewest missed points in a gameweek. Lower is better.,,,,,,,,,,,,,,97.0,115.5,,83.98,,,,,,,,,,,,,,,,,,,
weekly,23.0,Missed Points,10,0t8m7z91mdhjhvye,SUNNYD,24.0,missed_points,Fewest missed points in a gameweek. Lower is better.,,,,,,,,,,,,,,98.0,122.0,,80.33,,,,,,,,,,,,,,,,,,,
weekly,23.0,Missed Points,11,ss2dromsme3cbmga,Berkshire’s Club,41.5,missed_points,Fewest missed points in a gameweek. Lower is better.,,,,,,,,,,,,,,152.0,193.5,,78.55,,,,,,,,,,,,,,,,,,,
weekly,23.0,Missed Points,12,zxivny5tme3hojrx,Count Doku,50.0,missed_points,Fewest missed points in a gameweek. Lower is better.,,,,,,,,,,,,,,59.0,109.0,,54.13,,,,,,,,,,,,,,,,,,,
weekly,24.0,Missed Points,1,zf53q9hdme32qmoe,Robertske,2.5,missed_points,Fewest missed points in a gameweek. Lower is better.,,,,,,,,,,,,,,103.5,106.0,,97.64,,,,,,,,,,,,,,,,,,,
weekly,24.0,Missed Points,2,ih2b4z8ome1job2n,nhauptma,3.0,missed_points,Fewest missed points in a gameweek. Lower is better.,,,,,,,,,,,,,,110.0,113.0,,97.35,,,,,,,,,,,,,,,,,,,
weekly,24.0,Missed Points,3,eaz9h4hfme2wdh8p,epatel3,4.5,missed_points,Fewest missed points in a gameweek. Lower is better.,,,,,,,,,,,,,,135.5,140.0,,96.79,,,,,,,,,,,,,,,,,,,
weekly,24.0,Missed Points,4,zxivny5tme3hojrx,Count Doku,9.5,missed_points,Fewest missed points in a gameweek. Lower is better.,,,,,,,,,,,,,,106.0,115.5,,91.77,,,,,,,,,,,,,,,,,,,
weekly,24.0,Missed Points,5,116s0o6ume0s7s58,Up the Arse-nal,10.5,missed_points,Fewest missed points in a gameweek. Lower is better.,,,,,,,,,,,,,,102.5,113.0,,90.71,,,,,,,,,,,,,,,,,,,
weekly,24.0,Missed Points,6,ss2dromsme3cbmga,Berkshire’s Club,12.0,missed_points,Fewest missed points in a gameweek. Lower is better.,,,,,,,,,,,,,,118.0,130.0,,90.77,,,,,,,,,,,,,,,,,,,
weekly,24.0,Missed Points,7,fm7cv4p0me3j48nk,The Facerockers,13.0,missed_points,Fewest missed points in a gameweek. Lower is better.,,,,,,,,,,,,,,99.0,112.0,,88.39,,,,,,,,,,,,,,,,,,,
weekly,24.0,Missed Points,8,qocqs3wjme34472y,KindComet,13.0,missed_points,Fewest missed points in a gameweek. Lower is better.,,,,,,,,,,,,,,80.0,93.0,,86.02,,,,,,,,,,,,,,,,,,,
weekly,24.0,Missed Points,9,xnt9wpm9me0us0r4,yudesh,17.0,missed_points,Fewest missed points in a gameweek. Lower is better.,,,,,,,,,,,,,,104.0,121.0,,85.95,,,,,,,,,,,,,,,,,,,
weekly,24.0,Missed Points,10,avv7b4d5me2tlsrt,wmuck1,21.0,missed_points,Fewest missed points in a gameweek. Lower is better.,,,,,,,,,,,,,,114.0,135.0,,84.44,,,,,,,,,,,,,,,,,,,
weekly,24.0,Missed Points,11,ne94j2bxme0vsmkq,Pot Splashers,22.5,missed_points,Fewest missed points in a gameweek. Lower is better.,,,,,,,,,,,,,,91.5,114.0,,80.26,,,,,,,,,,,,,,,,,,,
weekly,24.0,Missed Points,12,0t8m7z91mdhjhvye,SUNNYD,26.5,missed_points,Fewest missed points in a gameweek. Lower is better.,,,,,,,,,,,,,,104.5,131.0,,79.77,,,,,,,,,,,,,,,,,,,
weekly,25.0,Missed Points,1,qocqs3wjme34472y,KindComet,0.0,missed_points,Fewest missed points in a gameweek. Lower is better.,,,,,,,,,,,,,,133.5,133.5,,100.0,,,,,,,,,,,,,,,,,,,
weekly,25.0,Missed Points,2,zxivny5tme3hojrx,Count Doku,0.0,missed_points,Fewest missed points in a gameweek. Lower is better.,,,,,,,,,,,,,,43.0,43.0,,100.0,,,,,,,,,,,,,,,,,,,
weekly,25.0,Missed Points,3,zf53q9hdme32qmoe,Robertske,0.5,missed_points,Fewest missed points in a gameweek. Lower is better.,,,,,,,,,,,,,,98.5,99.0,,99.49,,,,,,,,,,,,,,,,,,,
weekly,25.0,Missed Points,4,ne94j2bxme0vsmkq,Pot Splashers,3.5,missed_points,Fewest missed points in a gameweek. Lower is better.,,,,,,,,,,,,,,128.5,132.0,,97.35,,,,,,,,,,,,,,,,,,,
weekly,25.0,Missed Points,5,116s0o6ume0s7s58,Up the Arse-nal,3.5,missed_points,Fewest missed points in a gameweek. Lower is better.,,,,,,,,,,,,,,93.5,97.0,,96.39,,,,,,,,,,,,,,,,,,,
weekly,25.0,Missed Points,6,0t8m7z91mdhjhvye,SUNNYD,3.5,missed_points,Fewest missed points in a gameweek. Lower is better.,,,,,,,,,,,,,,71.5,75.0,,95.33,,,,,,,,,,,,,,,,,,,
weekly,25.0,Missed Points,7,ih2b4z8ome1job2n,nhauptma,4.0,missed_points,Fewest missed points in a gameweek. Lower is better.,,,,,,,,,,,,,,100.5,104.5,,96.17,,,,,,,,,,,,,,,,,,,
weekly,25.0,Missed Points,8,ss2dromsme3cbmga,Berkshire’s Club,5.0,missed_points,Fewest missed points in a gameweek. Lower is better.,,,,,,,,,,,,,,137.0,142.0,,96.48,,,,,,,,,,,,,,,,,,,
weekly,25.0,Missed Points,9,eaz9h4hfme2wdh8p,epatel3,9.0,missed_points,Fewest missed points in a gameweek. Lower is better.,,,,,,,,,,,,,,143.0,152.0,,94.08,,,,,,,,,,,,,,,,,,,
weekly,25.0,Missed Points,10,avv7b4d5me2tlsrt,wmuck1,13.5,missed_points,Fewest missed points in a gameweek. Lower is better.,,,,,,,,,,,,,,100.0,113.5,,88.11,,,,,,,,,,,,,,,,,,,
weekly,25.0,Missed Points,11,fm7cv4p0me3j48nk,The Facerockers,23.5,missed_points,Fewest missed points in a gameweek. Lower is better.,,,,,,,,,,,,,,66.5,90.0,,73.89,,,,,,,,,,,,,,,,,,,
weekly,25.0,Missed Points,12,xnt9wpm9me0us0r4,yudesh,51.5,missed_points,Fewest missed points in a gameweek. Lower is better.,,,,,,,,,,,,,,95.5,147.0,,64.97,,,,,,,,,,,,,,,,,,,
weekly,26.0,Missed Points,1,zf53q9hdme32qmoe,Robertske,0.0,missed_points,Fewest missed points in a gameweek. Lower is better.,,,,,,,,,,,,,,73.5,73.5,,100.0,,,,,,,,,,,,,,,,,,,
weekly,26.0,Missed Points,2,116s0o6ume0s7s58,Up the Arse-nal,3.5,missed_points,Fewest missed points in a gameweek. Lower is better.,,,,,,,,,,,,,,74.0,77.5,,95.48,,,,,,,,,,,,,,,,,,,
weekly,26.0,Missed Points,3,avv7b4d5me2tlsrt,wmuck1,5.5,missed_points,Fewest missed points in a gameweek. Lower is better.,,,,,,,,,,,,,,65.5,71.0,,92.25,,,,,,,,,,,,,,,,,,,
weekly,26.0,Missed Points,4,ss2dromsme3cbmga,Berkshire’s Club,6.0,missed_points,Fewest missed points in a gameweek. Lower is better.,,,,,,,,,,,,,,154.5,160.5,,96.26,,,,,,,,,,,,,,,,,,,
weekly,26.0,Missed Points,5,ne94j2bxme0vsmkq,Pot Splashers,8.5,missed_points,Fewest missed points in a gameweek. Lower is better.,,,,,,,,,,,,,,113.0,121.5,,93.0,,,,,,,,,,,,,,,,,,,
weekly,26.0,Missed Points,6,qocqs3wjme34472y,KindComet,13.0,missed_points,Fewest missed points in a gameweek. Lower is better.,,,,,,,,,,,,,,92.0,105.0,,87.62,,,,,,,,,,,,,,,,,,,
weekly,26.0,Missed Points,7,eaz9h4hfme2wdh8p,epatel3,13.5,missed_points,Fewest missed points in a gameweek. Lower is better.,,,,,,,,,,,,,,110.5,124.0,,89.11,,,,,,,,,,,,,,,,,,,
weekly,26.0,Missed Points,8,zxivny5tme3hojrx,Count Doku,16.0,missed_points,Fewest missed points in a gameweek. Lower is better.,,,,,,,,,,,,,,107.0,123.0,,86.99,,,,,,,,,,,,,,,,,,,
weekly,26.0,Missed Points,9,fm7cv4p0me3j48nk,The Facerockers,16.0,missed_points,Fewest missed points in a gameweek. Lower is better.,,,,,,,,,,,,,,104.5,120.5,,86.72,,,,,,,,,,,,,,,,,,,
weekly,26.0,Missed Points,10,xnt9wpm9me0us0r4,yudesh,28.5,missed_points,Fewest missed points in a gameweek. Lower is better.,,,,,,,,,,,,,,63.5,92.0,,69.02,,,,,,,,,,,,,,,,,,,
weekly,26.0,Missed Points,11,0t8m7z91mdhjhvye,SUNNYD,29.5,missed_points,Fewest missed points in a gameweek. Lower is better.,,,,,,,,,,,,,,111.5,141.0,,79.08,,,,,,,,,,,,,,,,,,,
weekly,26.0,Missed Points,12,ih2b4z8ome1job2n,nhauptma,31.0,missed_points,Fewest missed points in a gameweek. Lower is better.,,,,,,,,,,,,,,76.0,107.0,,71.03,,,,,,,,,,,,,,,,,,,
weekly,27.0,Missed Points,1,eaz9h4hfme2wdh8p,epatel3,1.5,missed_points,Fewest missed points in a gameweek. Lower is better.,,,,,,,,,,,,,,116.0,117.5,,98.72,,,,,,,,,,,,,,,,,,,
weekly,27.0,Missed Points,2,0t8m7z91mdhjhvye,SUNNYD,1.5,missed_points,Fewest missed points in a gameweek. Lower is better.,,,,,,,,,,,,,,100.5,102.0,,98.53,,,,,,,,,,,,,,,,,,,
weekly,27.0,Missed Points,3,zf53q9hdme32qmoe,Robertske,2.5,missed_points,Fewest missed points in a gameweek. Lower is better.,,,,,,,,,,,,,,102.5,105.0,,97.62,,,,,,,,,,,,,,,,,,,
weekly,27.0,Missed Points,4,ih2b4z8ome1job2n,nhauptma,3.5,missed_points,Fewest missed points in a gameweek. Lower is better.,,,,,,,,,,,,,,156.5,160.0,,97.81,,,,,,,,,,,,,,,,,,,
weekly,27.0,Missed Points,5,fm7cv4p0me3j48nk,The Facerockers,7.0,missed_points,Fewest missed points in a gameweek. Lower is better.,,,,,,,,,,,,,,139.0,146.0,,95.21,,,,,,,,,,,,,,,,,,,
weekly,27.0,Missed Points,6,ne94j2bxme0vsmkq,Pot Splashers,9.0,missed_points,Fewest missed points in a gameweek. Lower is better.,,,,,,,,,,,,,,96.5,105.5,,91.47,,,,,,,,,,,,,,,,,,,
weekly,27.0,Missed Points,7,zxivny5tme3hojrx,Count Doku,20.0,missed_points,Fewest missed points in a gameweek. Lower is better.,,,,,,,,,,,,,,90.5,110.5,,81.9,,,,,,,,,,,,,,,,,,,
weekly,27.0,Missed Points,8,xnt9wpm9me0us0r4,yudesh,21.0,missed_points,Fewest missed points in a gameweek. Lower is better.,,,,,,,,,,,,,,90.0,111.0,,81.08,,,,,,,,,,,,,,,,,,,
weekly,27.0,Missed Points,9,116s0o6ume0s7s58,Up the Arse-nal,21.0,missed_points,Fewest missed points in a gameweek. Lower is better.,,,,,,,,,,,,,,87.5,108.5,,80.65,,,,,,,,,,,,,,,,,,,
weekly,27.0,Missed Points,10,ss2dromsme3cbmga,Berkshire’s Club,29.0,missed_points,Fewest missed points in a gameweek. Lower is better.,,,,,,,,,,,,,,111.0,140.0,,79.29,,,,,,,,,,,,,,,,,,,
weekly,27.0,Missed Points,11,avv7b4d5me2tlsrt,wmuck1,31.0,missed_points,Fewest missed points in a gameweek. Lower is better.,,,,,,,,,,,,,,90.0,121.0,,74.38,,,,,,,,,,,,,,,,,,,
weekly,27.0,Missed Points,12,qocqs3wjme34472y,KindComet,36.0,missed_points,Fewest missed points in a gameweek. Lower is better.,,,,,,,,,,,,,,72.5,108.5,,66.82,,,,,,,,,,,,,,,,,,,
weekly,28.0,Missed Points,1,ih2b4z8ome1job2n,nhauptma,0.0,missed_points,Fewest missed points in a gameweek. Lower is better.,,,,,,,,,,,,,,147.0,147.0,,100.0,,,,,,,,,,,,,,,,,,,
weekly,28.0,Missed Points,2,ne94j2bxme0vsmkq,Pot Splashers,3.0,missed_points,Fewest missed points in a gameweek. Lower is better.,,,,,,,,,,,,,,111.5,114.5,,97.38,,,,,,,,,,,,,,,,,,,
weekly,28.0,Missed Points,3,0t8m7z91mdhjhvye,SUNNYD,5.0,missed_points,Fewest missed points in a gameweek. Lower is better.,,,,,,,,,,,,,,121.0,126.0,,96.03,,,,,,,,,,,,,,,,,,,
weekly,28.0,Missed Points,4,zf53q9hdme32qmoe,Robertske,5.0,missed_points,Fewest missed points in a gameweek. Lower is better.,,,,,,,,,,,,,,30.0,35.0,,85.71,,,,,,,,,,,,,,,,,,,
weekly,28.0,Missed Points,5,eaz9h4hfme2wdh8p,epatel3,9.0,missed_points,Fewest missed points in a gameweek. Lower is better.,,,,,,,,,,,,,,122.5,131.5,,93.16,,,,,,,,,,,,,,,,,,,
weekly,28.0,Missed Points,6,xnt9wpm9me0us0r4,yudesh,9.0,missed_points,Fewest missed points in a gameweek. Lower is better.,,,,,,,,,,,,,,81.5,90.5,,90.06,,,,,,,,,,,,,,,,,,,
weekly,28.0,Missed Points,7,ss2dromsme3cbmga,Berkshire’s Club,10.5,missed_points,Fewest missed points in a gameweek. Lower is better.,,,,,,,,,,,,,,133.0,143.5,,92.68,,,,,,,,,,,,,,,,,,,
weekly,28.0,Missed Points,8,116s0o6ume0s7s58,Up the Arse-nal,11.5,missed_points,Fewest missed points in a gameweek. Lower is better.,,,,,,,,,,,,,,157.5,169.0,,93.2,,,,,,,,,,,,,,,,,,,
weekly,28.0,Missed Points,9,avv7b4d5me2tlsrt,wmuck1,16.5,missed_points,Fewest missed points in a gameweek. Lower is better.,,,,,,,,,,,,,,103.5,120.0,,86.25,,,,,,,,,,,,,,,,,,,
weekly,28.0,Missed Points,10,qocqs3wjme34472y,KindComet,20.5,missed_points,Fewest missed points in a gameweek. Lower is better.,,,,,,,,,,,,,,91.0,111.5,,81.61,,,,,,,,,,,,,,,,,,,
weekly,28.0,Missed Points,11,fm7cv4p0me3j48nk,The Facerockers,24.0,missed_points,Fewest missed points in a gameweek. Lower is better.,,,,,,,,,,,,,,85.5,109.5,,78.08,,,,,,,,,,,,,,,,,,,
weekly,28.0,Missed Points,12,zxivny5tme3hojrx,Count Doku,25.5,missed_points,Fewest missed points in a gameweek. Lower is better.,,,,,,,,,,,,,,45.5,71.0,,64.08,,,,,,,,,,,,,,,,,,,
weekly,29.0,Missed Points,1,0t8m7z91mdhjhvye,SUNNYD,0.0,missed_points,Fewest missed points in a gameweek. Lower is better.,,,,,,,,,,,,,,124.5,124.5,,100.0,,,,,,,,,,,,,,,,,,,
weekly,29.0,Missed Points,2,eaz9h4hfme2wdh8p,epatel3,0.5,missed_points,Fewest missed points in a gameweek. Lower is better.,,,,,,,,,,,,,,128.0,128.5,,99.61,,,,,,,,,,,,,,,,,,,
weekly,29.0,Missed Points,3,xnt9wpm9me0us0r4,yudesh,1.5,missed_points,Fewest missed points in a gameweek. Lower is better.,,,,,,,,,,,,,,105.5,107.0,,98.6,,,,,,,,,,,,,,,,,,,
weekly,29.0,Missed Points,4,116s0o6ume0s7s58,Up the Arse-nal,5.5,missed_points,Fewest missed points in a gameweek. Lower is better.,,,,,,,,,,,,,,134.0,139.5,,96.06,,,,,,,,,,,,,,,,,,,
weekly,29.0,Missed Points,5,ih2b4z8ome1job2n,nhauptma,7.0,missed_points,Fewest missed points in a gameweek. Lower is better.,,,,,,,,,,,,,,105.5,112.5,,93.78,,,,,,,,,,,,,,,,,,,
weekly,29.0,Missed Points,6,zf53q9hdme32qmoe,Robertske,7.0,missed_points,Fewest missed points in a gameweek. Lower is better.,,,,,,,,,,,,,,50.5,57.5,,87.83,,,,,,,,,,,,,,,,,,,
weekly,29.0,Missed Points,7,zxivny5tme3hojrx,Count Doku,8.5,missed_points,Fewest missed points in a gameweek. Lower is better.,,,,,,,,,,,,,,120.5,129.0,,93.41,,,,,,,,,,,,,,,,,,,
weekly,29.0,Missed Points,8,qocqs3wjme34472y,KindComet,10.0,missed_points,Fewest missed points in a gameweek. Lower is better.,,,,,,,,,,,,,,72.0,82.0,,87.8,,,,,,,,,,,,,,,,,,,
weekly,29.0,Missed Points,9,ss2dromsme3cbmga,Berkshire’s Club,20.0,missed_points,Fewest missed points in a gameweek. Lower is better.,,,,,,,,,,,,,,142.5,162.5,,87.69,,,,,,,,,,,,,,,,,,,
weekly,29.0,Missed Points,10,ne94j2bxme0vsmkq,Pot Splashers,26.5,missed_points,Fewest missed points in a gameweek. Lower is better.,,,,,,,,,,,,,,85.5,112.0,,76.34,,,,,,,,,,,,,,,,,,,
weekly,29.0,Missed Points,11,fm7cv4p0me3j48nk,The Facerockers,29.0,missed_points,Fewest missed points in a gameweek. Lower is better.,,,,,,,,,,,,,,78.0,107.0,,72.9,,,,,,,,,,,,,,,,,,,
weekly,29.0,Missed Points,12,avv7b4d5me2tlsrt,wmuck1,31.5,missed_points,Fewest missed points in a gameweek. Lower is better.,,,,,,,,,,,,,,58.5,90.0,,65.0,,,,,,,,,,,,,,,,,,,
weekly,30.0,Missed Points,1,qocqs3wjme34472y,KindComet,0.0,missed_points,Fewest missed points in a gameweek. Lower is better.,,,,,,,,,,,,,,116.5,116.5,,100.0,,,,,,,,,,,,,,,,,,,
weekly,30.0,Missed Points,2,eaz9h4hfme2wdh8p,epatel3,5.5,missed_points,Fewest missed points in a gameweek. Lower is better.,,,,,,,,,,,,,,140.5,146.0,,96.23,,,,,,,,,,,,,,,,,,,
weekly,30.0,Missed Points,3,0t8m7z91mdhjhvye,SUNNYD,6.0,missed_points,Fewest missed points in a gameweek. Lower is better.,,,,,,,,,,,,,,103.0,109.0,,94.5,,,,,,,,,,,,,,,,,,,
weekly,30.0,Missed Points,4,xnt9wpm9me0us0r4,yudesh,7.5,missed_points,Fewest missed points in a gameweek. Lower is better.,,,,,,,,,,,,,,142.0,149.5,,94.98,,,,,,,,,,,,,,,,,,,
weekly,30.0,Missed Points,5,fm7cv4p0me3j48nk,The Facerockers,9.0,missed_points,Fewest missed points in a gameweek. Lower is better.,,,,,,,,,,,,,,118.0,127.0,,92.91,,,,,,,,,,,,,,,,,,,
weekly,30.0,Missed Points,6,zf53q9hdme32qmoe,Robertske,10.0,missed_points,Fewest missed points in a gameweek. Lower is better.,,,,,,,,,,,,,,61.0,71.0,,85.92,,,,,,,,,,,,,,,,,,,
weekly,30.0,Missed Points,7,avv7b4d5me2tlsrt,wmuck1,10.5,missed_points,Fewest missed points in a gameweek. Lower is better.,,,,,,,,,,,,,,100.5,111.0,,90.54,,,,,,,,,,,,,,,,,,,
weekly,30.0,Missed Points,8,116s0o6ume0s7s58,Up the Arse-nal,14.5,missed_points,Fewest missed points in a gameweek. Lower is better.,,,,,,,,,,,,,,69.0,83.5,,82.63,,,,,,,,,,,,,,,,,,,
weekly,30.0,Missed Points,9,ne94j2bxme0vsmkq,Pot Splashers,23.0,missed_points,Fewest missed points in a gameweek. Lower is better.,,,,,,,,,,,,,,105.5,128.5,,82.1,,,,,,,,,,,,,,,,,,,
weekly,30.0,Missed Points,10,ss2dromsme3cbmga,Berkshire’s Club,25.5,missed_points,Fewest missed points in a gameweek. Lower is better.,,,,,,,,,,,,,,89.5,115.0,,77.83,,,,,,,,,,,,,,,,,,,
weekly,30.0,Missed Points,11,zxivny5tme3hojrx,Count Doku,27.5,missed_points,Fewest missed points in a gameweek. Lower is better.,,,,,,,,,,,,,,104.5,132.0,,79.17,,,,,,,,,,,,,,,,,,,
weekly,30.0,Missed Points,12,ih2b4z8ome1job2n,nhauptma,37.5,missed_points,Fewest missed points in a gameweek. Lower is better.,,,,,,,,,,,,,,72.0,109.5,,65.75,,,,,,,,,,,,,,,,,,,
weekly,31.0,Missed Points,1,0t8m7z91mdhjhvye,SUNNYD,0.0,missed_points,Fewest missed points in a gameweek. Lower is better.,,,,,,,,,,,,,,50.0,50.0,,100.0,,,,,,,,,,,,,,,,,,,
weekly,31.0,Missed Points,2,116s0o6ume0s7s58,Up the Arse-nal,0.0,missed_points,Fewest missed points in a gameweek. Lower is better.,,,,,,,,,,,,,,126.5,126.5,,100.0,,,,,,,,,,,,,,,,,,,
weekly,31.0,Missed Points,3,eaz9h4hfme2wdh8p,epatel3,0.0,missed_points,Fewest missed points in a gameweek. Lower is better.,,,,,,,,,,,,,,74.5,74.5,,100.0,,,,,,,,,,,,,,,,,,,
weekly,31.0,Missed Points,4,ss2dromsme3cbmga,Berkshire’s Club,0.0,missed_points,Fewest missed points in a gameweek. Lower is better.,,,,,,,,,,,,,,99.5,99.5,,100.0,,,,,,,,,,,,,,,,,,,
weekly,31.0,Missed Points,5,xnt9wpm9me0us0r4,yudesh,2.0,missed_points,Fewest missed points in a gameweek. Lower is better.,,,,,,,,,,,,,,96.0,98.0,,97.96,,,,,,,,,,,,,,,,,,,
weekly,31.0,Missed Points,6,zxivny5tme3hojrx,Count Doku,6.0,missed_points,Fewest missed points in a gameweek. Lower is better.,,,,,,,,,,,,,,134.0,140.0,,95.71,,,,,,,,,,,,,,,,,,,
weekly,31.0,Missed Points,7,zf53q9hdme32qmoe,Robertske,8.0,missed_points,Fewest missed points in a gameweek. Lower is better.,,,,,,,,,,,,,,10.5,18.5,,56.76,,,,,,,,,,,,,,,,,,,
weekly,31.0,Missed Points,8,ih2b4z8ome1job2n,nhauptma,8.5,missed_points,Fewest missed points in a gameweek. Lower is better.,,,,,,,,,,,,,,59.5,68.0,,87.5,,,,,,,,,,,,,,,,,,,
weekly,31.0,Missed Points,9,qocqs3wjme34472y,KindComet,10.0,missed_points,Fewest missed points in a gameweek. Lower is better.,,,,,,,,,,,,,,101.0,111.0,,90.99,,,,,,,,,,,,,,,,,,,
weekly,31.0,Missed Points,10,avv7b4d5me2tlsrt,wmuck1,10.5,missed_points,Fewest missed points in a gameweek. Lower is better.,,,,,,,,,,,,,,111.0,121.5,,91.36,,,,,,,,,,,,,,,,,,,
weekly,31.0,Missed Points,11,ne94j2bxme0vsmkq,Pot Splashers,13.0,missed_points,Fewest missed points in a gameweek. Lower is better.,,,,,,,,,,,,,,94.5,107.5,,87.91,,,,,,,,,,,,,,,,,,,
weekly,31.0,Missed Points,12,fm7cv4p0me3j48nk,The Facerockers,13.0,missed_points,Fewest missed points in a gameweek. Lower is better.,,,,,,,,,,,,,,90.5,103.5,,87.44,,,,,,,,,,,,,,,,,,,
weekly,32.0,Missed Points,1,ne94j2bxme0vsmkq,Pot Splashers,0.0,missed_points,Fewest missed points in a gameweek. Lower is better.,,,,,,,,,,,,,,99.5,99.5,,100.0,,,,,,,,,,,,,,,,,,,
weekly,32.0,Missed Points,2,ss2dromsme3cbmga,Berkshire’s Club,3.0,missed_points,Fewest missed points in a gameweek. Lower is better.,,,,,,,,,,,,,,141.5,144.5,,97.92,,,,,,,,,,,,,,,,,,,
weekly,32.0,Missed Points,3,xnt9wpm9me0us0r4,yudesh,4.0,missed_points,Fewest missed points in a gameweek. Lower is better.,,,,,,,,,,,,,,95.0,99.0,,95.96,,,,,,,,,,,,,,,,,,,
weekly,32.0,Missed Points,4,fm7cv4p0me3j48nk,The Facerockers,4.5,missed_points,Fewest missed points in a gameweek. Lower is better.,,,,,,,,,,,,,,113.5,118.0,,96.19,,,,,,,,,,,,,,,,,,,
weekly,32.0,Missed Points,5,zf53q9hdme32qmoe,Robertske,6.0,missed_points,Fewest missed points in a gameweek. Lower is better.,,,,,,,,,,,,,,79.5,85.5,,92.98,,,,,,,,,,,,,,,,,,,
weekly,32.0,Missed Points,6,eaz9h4hfme2wdh8p,epatel3,6.5,missed_points,Fewest missed points in a gameweek. Lower is better.,,,,,,,,,,,,,,142.5,149.0,,95.64,,,,,,,,,,,,,,,,,,,
weekly,32.0,Missed Points,7,qocqs3wjme34472y,KindComet,7.0,missed_points,Fewest missed points in a gameweek. Lower is better.,,,,,,,,,,,,,,148.5,155.5,,95.5,,,,,,,,,,,,,,,,,,,
weekly,32.0,Missed Points,8,zxivny5tme3hojrx,Count Doku,10.0,missed_points,Fewest missed points in a gameweek. Lower is better.,,,,,,,,,,,,,,117.0,127.0,,92.13,,,,,,,,,,,,,,,,,,,
weekly,32.0,Missed Points,9,avv7b4d5me2tlsrt,wmuck1,14.5,missed_points,Fewest missed points in a gameweek. Lower is better.,,,,,,,,,,,,,,73.5,88.0,,83.52,,,,,,,,,,,,,,,,,,,
weekly,32.0,Missed Points,10,0t8m7z91mdhjhvye,SUNNYD,19.0,missed_points,Fewest missed points in a gameweek. Lower is better.,,,,,,,,,,,,,,134.0,153.0,,87.58,,,,,,,,,,,,,,,,,,,
weekly,32.0,Missed Points,11,116s0o6ume0s7s58,Up the Arse-nal,26.5,missed_points,Fewest missed points in a gameweek. Lower is better.,,,,,,,,,,,,,,91.0,117.5,,77.45,,,,,,,,,,,,,,,,,,,
weekly,32.0,Missed Points,12,ih2b4z8ome1job2n,nhauptma,43.0,missed_points,Fewest missed points in a gameweek. Lower is better.,,,,,,,,,,,,,,57.5,100.5,,57.21,,,,,,,,,,,,,,,,,,,
weekly,33.0,Missed Points,1,fm7cv4p0me3j48nk,The Facerockers,0.0,missed_points,Fewest missed points in a gameweek. Lower is better.,,,,,,,,,,,,,,184.5,184.5,,100.0,,,,,,,,,,,,,,,,,,,
weekly,33.0,Missed Points,2,ss2dromsme3cbmga,Berkshire’s Club,4.5,missed_points,Fewest missed points in a gameweek. Lower is better.,,,,,,,,,,,,,,115.0,119.5,,96.23,,,,,,,,,,,,,,,,,,,
weekly,33.0,Missed Points,3,xnt9wpm9me0us0r4,yudesh,6.0,missed_points,Fewest missed points in a gameweek. Lower is better.,,,,,,,,,,,,,,130.0,136.0,,95.59,,,,,,,,,,,,,,,,,,,
weekly,33.0,Missed Points,4,ih2b4z8ome1job2n,nhauptma,8.5,missed_points,Fewest missed points in a gameweek. Lower is better.,,,,,,,,,,,,,,171.5,180.0,,95.28,,,,,,,,,,,,,,,,,,,
weekly,33.0,Missed Points,5,116s0o6ume0s7s58,Up the Arse-nal,12.0,missed_points,Fewest missed points in a gameweek. Lower is better.,,,,,,,,,,,,,,112.0,124.0,,90.32,,,,,,,,,,,,,,,,,,,
weekly,33.0,Missed Points,6,ne94j2bxme0vsmkq,Pot Splashers,14.0,missed_points,Fewest missed points in a gameweek. Lower is better.,,,,,,,,,,,,,,134.5,148.5,,90.57,,,,,,,,,,,,,,,,,,,
weekly,33.0,Missed Points,7,zf53q9hdme32qmoe,Robertske,18.0,missed_points,Fewest missed points in a gameweek. Lower is better.,,,,,,,,,,,,,,144.0,162.0,,88.89,,,,,,,,,,,,,,,,,,,
weekly,33.0,Missed Points,8,avv7b4d5me2tlsrt,wmuck1,18.5,missed_points,Fewest missed points in a gameweek. Lower is better.,,,,,,,,,,,,,,156.5,175.0,,89.43,,,,,,,,,,,,,,,,,,,
weekly,33.0,Missed Points,9,zxivny5tme3hojrx,Count Doku,20.5,missed_points,Fewest missed points in a gameweek. Lower is better.,,,,,,,,,,,,,,129.5,150.0,,86.33,,,,,,,,,,,,,,,,,,,
weekly,33.0,Missed Points,10,0t8m7z91mdhjhvye,SUNNYD,24.5,missed_points,Fewest missed points in a gameweek. Lower is better.,,,,,,,,,,,,,,150.5,175.0,,86.0,,,,,,,,,,,,,,,,,,,
weekly,33.0,Missed Points,11,qocqs3wjme34472y,KindComet,32.5,missed_points,Fewest missed points in a gameweek. Lower is better.,,,,,,,,,,,,,,184.0,216.5,,84.99,,,,,,,,,,,,,,,,,,,
weekly,33.0,Missed Points,12,eaz9h4hfme2wdh8p,epatel3,33.0,missed_points,Fewest missed points in a gameweek. Lower is better.,,,,,,,,,,,,,,103.0,136.0,,75.74,,,,,,,,,,,,,,,,,,,
weekly,34.0,Missed Points,1,116s0o6ume0s7s58,Up the Arse-nal,0.0,missed_points,Fewest missed points in a gameweek. Lower is better.,,,,,,,,,,,,,,107.0,107.0,,100.0,,,,,,,,,,,,,,,,,,,
weekly,34.0,Missed Points,2,fm7cv4p0me3j48nk,The Facerockers,0.0,missed_points,Fewest missed points in a gameweek. Lower is better.,,,,,,,,,,,,,,93.5,93.5,,100.0,,,,,,,,,,,,,,,,,,,
weekly,34.0,Missed Points,3,ne94j2bxme0vsmkq,Pot Splashers,0.0,missed_points,Fewest missed points in a gameweek. Lower is better.,,,,,,,,,,,,,,94.5,94.5,,100.0,,,,,,,,,,,,,,,,,,,
weekly,34.0,Missed Points,4,ss2dromsme3cbmga,Berkshire’s Club,0.0,missed_points,Fewest missed points in a gameweek. Lower is better.,,,,,,,,,,,,,,100.5,100.5,,100.0,,,,,,,,,,,,,,,,,,,
weekly,34.0,Missed Points,5,xnt9wpm9me0us0r4,yudesh,0.5,missed_points,Fewest missed points in a gameweek. Lower is better.,,,,,,,,,,,,,,80.0,80.5,,99.38,,,,,,,,,,,,,,,,,,,
weekly,34.0,Missed Points,6,0t8m7z91mdhjhvye,SUNNYD,0.5,missed_points,Fewest missed points in a gameweek. Lower is better.,,,,,,,,,,,,,,65.0,65.5,,99.24,,,,,,,,,,,,,,,,,,,
weekly,34.0,Missed Points,7,zf53q9hdme32qmoe,Robertske,6.5,missed_points,Fewest missed points in a gameweek. Lower is better.,,,,,,,,,,,,,,20.0,26.5,,75.47,,,,,,,,,,,,,,,,,,,
weekly,34.0,Missed Points,8,qocqs3wjme34472y,KindComet,7.0,missed_points,Fewest missed points in a gameweek. Lower is better.,,,,,,,,,,,,,,24.0,31.0,,77.42,,,,,,,,,,,,,,,,,,,
weekly,34.0,Missed Points,9,avv7b4d5me2tlsrt,wmuck1,9.5,missed_points,Fewest missed points in a gameweek. Lower is better.,,,,,,,,,,,,,,44.5,54.0,,82.41,,,,,,,,,,,,,,,,,,,
weekly,34.0,Missed Points,10,eaz9h4hfme2wdh8p,epatel3,12.0,missed_points,Fewest missed points in a gameweek. Lower is better.,,,,,,,,,,,,,,121.5,133.5,,91.01,,,,,,,,,,,,,,,,,,,
weekly,34.0,Missed Points,11,zxivny5tme3hojrx,Count Doku,13.0,missed_points,Fewest missed points in a gameweek. Lower is better.,,,,,,,,,,,,,,121.5,134.5,,90.33,,,,,,,,,,,,,,,,,,,
weekly,34.0,Missed Points,12,ih2b4z8ome1job2n,nhauptma,13.0,missed_points,Fewest missed points in a gameweek. Lower is better.,,,,,,,,,,,,,,59.5,72.5,,82.07,,,,,,,,,,,,,,,,,,,
weekly,35.0,Missed Points,1,zf53q9hdme32qmoe,Robertske,1.0,missed_points,Fewest missed points in a gameweek. Lower is better.,,,,,,,,,,,,,,86.0,87.0,,98.85,,,,,,,,,,,,,,,,,,,
weekly,35.0,Missed Points,2,0t8m7z91mdhjhvye,SUNNYD,3.5,missed_points,Fewest missed points in a gameweek. Lower is better.,,,,,,,,,,,,,,127.0,130.5,,97.32,,,,,,,,,,,,,,,,,,,
weekly,35.0,Missed Points,3,116s0o6ume0s7s58,Up the Arse-nal,7.0,missed_points,Fewest missed points in a gameweek. Lower is better.,,,,,,,,,,,,,,114.0,121.0,,94.21,,,,,,,,,,,,,,,,,,,
weekly,35.0,Missed Points,4,fm7cv4p0me3j48nk,The Facerockers,8.0,missed_points,Fewest missed points in a gameweek. Lower is better.,,,,,,,,,,,,,,78.5,86.5,,90.75,,,,,,,,,,,,,,,,,,,
weekly,35.0,Missed Points,5,eaz9h4hfme2wdh8p,epatel3,13.0,missed_points,Fewest missed points in a gameweek. Lower is better.,,,,,,,,,,,,,,107.5,120.5,,89.21,,,,,,,,,,,,,,,,,,,
weekly,35.0,Missed Points,6,xnt9wpm9me0us0r4,yudesh,13.5,missed_points,Fewest missed points in a gameweek. Lower is better.,,,,,,,,,,,,,,73.5,87.0,,84.48,,,,,,,,,,,,,,,,,,,
weekly,35.0,Missed Points,7,ss2dromsme3cbmga,Berkshire’s Club,16.0,missed_points,Fewest missed points in a gameweek. Lower is better.,,,,,,,,,,,,,,143.0,159.0,,89.94,,,,,,,,,,,,,,,,,,,
weekly,35.0,Missed Points,8,ne94j2bxme0vsmkq,Pot Splashers,20.5,missed_points,Fewest missed points in a gameweek. Lower is better.,,,,,,,,,,,,,,77.0,97.5,,78.97,,,,,,,,,,,,,,,,,,,
weekly,35.0,Missed Points,9,zxivny5tme3hojrx,Count Doku,22.5,missed_points,Fewest missed points in a gameweek. Lower is better.,,,,,,,,,,,,,,115.5,138.0,,83.7,,,,,,,,,,,,,,,,,,,
weekly,35.0,Missed Points,10,avv7b4d5me2tlsrt,wmuck1,23.0,missed_points,Fewest missed points in a gameweek. Lower is better.,,,,,,,,,,,,,,80.0,103.0,,77.67,,,,,,,,,,,,,,,,,,,
weekly,35.0,Missed Points,11,qocqs3wjme34472y,KindComet,28.5,missed_points,Fewest missed points in a gameweek. Lower is better.,,,,,,,,,,,,,,78.0,106.5,,73.24,,,,,,,,,,,,,,,,,,,
weekly,35.0,Missed Points,12,ih2b4z8ome1job2n,nhauptma,44.0,missed_points,Fewest missed points in a gameweek. Lower is better.,,,,,,,,,,,,,,87.5,131.5,,66.54,,,,,,,,,,,,,,,,,,,
weekly,36.0,Missed Points,1,avv7b4d5me2tlsrt,wmuck1,0.0,missed_points,Fewest missed points in a gameweek. Lower is better.,,,,,,,,,,,,,,109.5,109.5,,100.0,,,,,,,,,,,,,,,,,,,
weekly,36.0,Missed Points,2,ne94j2bxme0vsmkq,Pot Splashers,3.0,missed_points,Fewest missed points in a gameweek. Lower is better.,,,,,,,,,,,,,,73.5,76.5,,96.08,,,,,,,,,,,,,,,,,,,
weekly,36.0,Missed Points,3,zf53q9hdme32qmoe,Robertske,6.5,missed_points,Fewest missed points in a gameweek. Lower is better.,,,,,,,,,,,,,,167.5,174.0,,96.26,,,,,,,,,,,,,,,,,,,
weekly,36.0,Missed Points,4,xnt9wpm9me0us0r4,yudesh,8.5,missed_points,Fewest missed points in a gameweek. Lower is better.,,,,,,,,,,,,,,102.5,111.0,,92.34,,,,,,,,,,,,,,,,,,,
weekly,36.0,Missed Points,5,ss2dromsme3cbmga,Berkshire’s Club,9.5,missed_points,Fewest missed points in a gameweek. Lower is better.,,,,,,,,,,,,,,148.0,157.5,,93.97,,,,,,,,,,,,,,,,,,,
weekly,36.0,Missed Points,6,eaz9h4hfme2wdh8p,epatel3,9.5,missed_points,Fewest missed points in a gameweek. Lower is better.,,,,,,,,,,,,,,112.0,121.5,,92.18,,,,,,,,,,,,,,,,,,,
weekly,36.0,Missed Points,7,116s0o6ume0s7s58,Up the Arse-nal,10.0,missed_points,Fewest missed points in a gameweek. Lower is better.,,,,,,,,,,,,,,98.0,108.0,,90.74,,,,,,,,,,,,,,,,,,,
weekly,36.0,Missed Points,8,ih2b4z8ome1job2n,nhauptma,10.5,missed_points,Fewest missed points in a gameweek. Lower is better.,,,,,,,,,,,,,,104.5,115.0,,90.87,,,,,,,,,,,,,,,,,,,
weekly,36.0,Missed Points,9,qocqs3wjme34472y,KindComet,12.5,missed_points,Fewest missed points in a gameweek. Lower is better.,,,,,,,,,,,,,,132.0,144.5,,91.35,,,,,,,,,,,,,,,,,,,
weekly,36.0,Missed Points,10,zxivny5tme3hojrx,Count Doku,16.0,missed_points,Fewest missed points in a gameweek. Lower is better.,,,,,,,,,,,,,,107.5,123.5,,87.04,,,,,,,,,,,,,,,,,,,
weekly,36.0,Missed Points,11,0t8m7z91mdhjhvye,SUNNYD,26.0,missed_points,Fewest missed points in a gameweek. Lower is better.,,,,,,,,,,,,,,114.0,140.0,,81.43,,,,,,,,,,,,,,,,,,,
weekly,36.0,Missed Points,12,fm7cv4p0me3j48nk,The Facerockers,30.0,missed_points,Fewest missed points in a gameweek. Lower is better.,,,,,,,,,,,,,,93.0,123.0,,75.61,,,,,,,,,,,,,,,,,,,
weekly,37.0,Missed Points,1,qocqs3wjme34472y,KindComet,0.0,missed_points,Fewest missed points in a gameweek. Lower is better.,,,,,,,,,,,,,,144.0,144.0,,100.0,,,,,,,,,,,,,,,,,,,
weekly,37.0,Missed Points,2,zf53q9hdme32qmoe,Robertske,0.0,missed_points,Fewest missed points in a gameweek. Lower is better.,,,,,,,,,,,,,,90.5,90.5,,100.0,,,,,,,,,,,,,,,,,,,
weekly,37.0,Missed Points,3,ne94j2bxme0vsmkq,Pot Splashers,1.0,missed_points,Fewest missed points in a gameweek. Lower is better.,,,,,,,,,,,,,,66.5,67.5,,98.52,,,,,,,,,,,,,,,,,,,
weekly,37.0,Missed Points,4,ss2dromsme3cbmga,Berkshire’s Club,4.5,missed_points,Fewest missed points in a gameweek. Lower is better.,,,,,,,,,,,,,,98.0,102.5,,95.61,,,,,,,,,,,,,,,,,,,
weekly,37.0,Missed Points,5,eaz9h4hfme2wdh8p,epatel3,6.0,missed_points,Fewest missed points in a gameweek. Lower is better.,,,,,,,,,,,,,,63.0,69.0,,91.3,,,,,,,,,,,,,,,,,,,
weekly,37.0,Missed Points,6,zxivny5tme3hojrx,Count Doku,9.0,missed_points,Fewest missed points in a gameweek. Lower is better.,,,,,,,,,,,,,,107.0,116.0,,92.24,,,,,,,,,,,,,,,,,,,
weekly,37.0,Missed Points,7,avv7b4d5me2tlsrt,wmuck1,9.0,missed_points,Fewest missed points in a gameweek. Lower is better.,,,,,,,,,,,,,,84.0,93.0,,90.32,,,,,,,,,,,,,,,,,,,
weekly,37.0,Missed Points,8,0t8m7z91mdhjhvye,SUNNYD,12.5,missed_points,Fewest missed points in a gameweek. Lower is better.,,,,,,,,,,,,,,84.0,96.5,,87.05,,,,,,,,,,,,,,,,,,,
weekly,37.0,Missed Points,9,116s0o6ume0s7s58,Up the Arse-nal,23.0,missed_points,Fewest missed points in a gameweek. Lower is better.,,,,,,,,,,,,,,103.5,126.5,,81.82,,,,,,,,,,,,,,,,,,,
weekly,37.0,Missed Points,10,ih2b4z8ome1job2n,nhauptma,30.0,missed_points,Fewest missed points in a gameweek. Lower is better.,,,,,,,,,,,,,,63.0,93.0,,67.74,,,,,,,,,,,,,,,,,,,
weekly,37.0,Missed Points,11,fm7cv4p0me3j48nk,The Facerockers,40.5,missed_points,Fewest missed points in a gameweek. Lower is better.,,,,,,,,,,,,,,93.0,133.5,,69.66,,,,,,,,,,,,,,,,,,,
weekly,37.0,Missed Points,12,xnt9wpm9me0us0r4,yudesh,53.0,missed_points,Fewest missed points in a gameweek. Lower is better.,,,,,,,,,,,,,,116.5,169.5,,68.73,,,,,,,,,,,,,,,,,,,
weekly,38.0,Missed Points,1,zf53q9hdme32qmoe,Robertske,6.0,missed_points,Fewest missed points in a gameweek. Lower is better.,,,,,,,,,,,,,,51.0,57.0,,89.47,,,,,,,,,,,,,,,,,,,
weekly,38.0,Missed Points,2,ne94j2bxme0vsmkq,Pot Splashers,9.5,missed_points,Fewest missed points in a gameweek. Lower is better.,,,,,,,,,,,,,,77.5,87.0,,89.08,,,,,,,,,,,,,,,,,,,
weekly,38.0,Missed Points,3,avv7b4d5me2tlsrt,wmuck1,12.5,missed_points,Fewest missed points in a gameweek. Lower is better.,,,,,,,,,,,,,,61.0,73.5,,82.99,,,,,,,,,,,,,,,,,,,
weekly,38.0,Missed Points,4,ss2dromsme3cbmga,Berkshire’s Club,18.5,missed_points,Fewest missed points in a gameweek. Lower is better.,,,,,,,,,,,,,,117.5,136.0,,86.4,,,,,,,,,,,,,,,,,,,
weekly,38.0,Missed Points,5,eaz9h4hfme2wdh8p,epatel3,20.0,missed_points,Fewest missed points in a gameweek. Lower is better.,,,,,,,,,,,,,,77.0,97.0,,79.38,,,,,,,,,,,,,,,,,,,
weekly,38.0,Missed Points,6,ih2b4z8ome1job2n,nhauptma,21.5,missed_points,Fewest missed points in a gameweek. Lower is better.,,,,,,,,,,,,,,57.0,78.5,,72.61,,,,,,,,,,,,,,,,,,,
weekly,38.0,Missed Points,7,qocqs3wjme34472y,KindComet,24.5,missed_points,Fewest missed points in a gameweek. Lower is better.,,,,,,,,,,,,,,82.5,107.0,,77.1,,,,,,,,,,,,,,,,,,,
weekly,38.0,Missed Points,8,0t8m7z91mdhjhvye,SUNNYD,26.5,missed_points,Fewest missed points in a gameweek. Lower is better.,,,,,,,,,,,,,,98.0,124.5,,78.71,,,,,,,,,,,,,,,,,,,
weekly,38.0,Missed Points,9,116s0o6ume0s7s58,Up the Arse-nal,30.5,missed_points,Fewest missed points in a gameweek. Lower is better.,,,,,,,,,,,,,,91.5,122.0,,75.0,,,,,,,,,,,,,,,,,,,
weekly,38.0,Missed Points,10,fm7cv4p0me3j48nk,The Facerockers,36.5,missed_points,Fewest missed points in a gameweek. Lower is better.,,,,,,,,,,,,,,71.0,107.5,,66.05,,,,,,,,,,,,,,,,,,,
weekly,38.0,Missed Points,11,zxivny5tme3hojrx,Count Doku,39.0,missed_points,Fewest missed points in a gameweek. Lower is better.,,,,,,,,,,,,,,77.0,116.0,,66.38,,,,,,,,,,,,,,,,,,,
weekly,38.0,Missed Points,12,xnt9wpm9me0us0r4,yudesh,53.0,missed_points,Fewest missed points in a gameweek. Lower is better.,,,,,,,,,,,,,,52.0,105.0,,49.52,,,,,,,,,,,,,,,,,,,
