canonical_match_id,whoscored_match_id,date,club_id,opponent_id,venue,goals_for,goals_against,result,formation,manager_name,manager_id,source,events,passes_attempted,passes_completed,average_event_x,average_pass_start_x,average_pass_end_x,progressive_pass_distance_proxy,final_third_entries,box_entries,crosses,through_balls,shots,shots_on_target,key_passes,take_ons,aerial_player_events,tackles,interceptions,clearances,recoveries,defensive_action_average_x,shot_average_x,pass_completion_rate,final_third_pass_share,feature_class,contains_prediction
understat:28778,1903117,2025-08-15,liverpool,bournemouth,H,4,2,W,4231,Arne Slot,mgr:328a5fafed26,WhoScored/Opta observed,866,537,430,45.25207852193996,47.3463687150838,52.29702048417132,4342.2,61,32,18,3,19,12,15,23,47,16,4,40,46,36.077777777777776,85.72631578947369,0.8007448789571695,0.11359404096834265,observed_or_transparently_derived,False
understat:28778,1903117,2025-08-15,bournemouth,liverpool,A,2,4,L,4141,Andoni Iraola,mgr:b4b8eecb310f,WhoScored/Opta observed,677,341,229,42.93589364844904,45.52991202346041,54.163636363636364,3985.4,45,30,21,0,10,6,8,22,47,20,11,44,46,31.47076923076923,87.7,0.6715542521994134,0.13196480938416422,observed_or_transparently_derived,False
understat:28779,1903118,2025-08-16,aston_villa,newcastle_united,H,0,0,D,4231,Unai Emery,mgr:dcdf2dffc0c2,WhoScored/Opta observed,592,343,243,41.273986486486486,43.62769679300292,52.70466472303206,3992.0,46,24,14,4,3,3,3,20,27,11,10,21,40,31.102272727272727,89.06666666666666,0.7084548104956269,0.13411078717201166,observed_or_transparently_derived,False
understat:28779,1903118,2025-08-16,newcastle_united,aston_villa,A,0,0,D,433,Eddie Howe,mgr:65451ab24622,WhoScored/Opta observed,774,498,403,48.400775193798445,51.113453815261046,56.33212851405623,3804.7000000000003,55,36,28,4,16,10,14,15,27,10,12,24,50,33.684000000000005,79.30000000000001,0.8092369477911646,0.11044176706827309,observed_or_transparently_derived,False
understat:28780,1903119,2025-08-16,brighton,fulham,H,1,1,D,4231,Fabian Hürzeler,mgr:dfda8206a0e2,WhoScored/Opta observed,722,451,388,42.47160664819945,41.958314855875834,46.5450110864745,3464.6,47,21,11,0,10,5,7,13,21,19,9,27,37,36.68137254901961,85.21000000000001,0.8603104212860311,0.10421286031042129,observed_or_transparently_derived,False
understat:28780,1903119,2025-08-16,fulham,brighton,A,1,1,D,4231,Marco Alexandre Saraiva da Silva,mgr:d242da40969a,WhoScored/Opta observed,700,464,376,42.79714285714286,43.26982758620689,48.52370689655172,3996.8,49,22,14,0,7,3,5,20,21,15,2,15,28,33.18412698412698,90.25714285714285,0.8103448275862069,0.10560344827586207,observed_or_transparently_derived,False
understat:28781,1903121,2025-08-16,sunderland,west_ham,H,3,0,W,433,Régis Le Bris,mgr:1a031e232e88,WhoScored/Opta observed,613,360,268,42.35970636215335,47.793888888888894,54.54944444444444,3519.1,48,18,22,0,10,6,7,8,36,14,9,34,31,26.614893617021284,90.38000000000001,0.7444444444444445,0.13333333333333333,observed_or_transparently_derived,False
understat:28781,1903121,2025-08-16,west_ham,sunderland,A,0,3,L,3412,Graham Potter,mgr:182deb7ae6a3,WhoScored/Opta observed,850,600,496,50.084,51.2845,55.13550000000001,4282.5,78,32,30,1,12,10,7,19,36,12,4,19,38,37.20487804878049,84.22500000000001,0.8266666666666667,0.13,observed_or_transparently_derived,False
understat:28782,1903122,2025-08-16,tottenham_hotspur,burnley,H,3,0,W,433,Thomas Frank,mgr:1e78f2997997,WhoScored/Opta observed,808,559,477,44.10037128712871,45.99713774597495,49.98032200357782,3887.5,58,36,31,1,16,7,12,16,35,12,1,29,31,28.264935064935067,88.90625,0.853309481216458,0.1037567084078712,observed_or_transparently_derived,False
understat:28782,1903122,2025-08-16,burnley,tottenham_hotspur,A,0,3,L,541,Scott Parker,mgr:c49e040048ca,WhoScored/Opta observed,531,278,197,46.86384180790961,50.813669064748204,58.79208633093525,2938.6,34,31,17,1,14,7,12,13,35,6,7,28,26,31.109459459459465,82.8,0.7086330935251799,0.1223021582733813,observed_or_transparently_derived,False
understat:28783,1903123,2025-08-16,wolverhampton_wanderers,manchester_city,H,0,4,L,343,Vítor Manuel de Oliveira Lopes Pereira,mgr:807de4c745b0,WhoScored/Opta observed,692,441,354,44.727745664739885,46.49183673469387,50.90612244897959,3603.4,46,26,22,1,9,6,7,13,15,25,6,21,35,36.86808510638298,84.7,0.8027210884353742,0.10430839002267574,observed_or_transparently_derived,False
understat:28783,1903123,2025-08-16,manchester_city,wolverhampton_wanderers,A,4,0,W,433,Pep Guardiola,mgr:26dfbbc164aa,WhoScored/Opta observed,873,603,535,46.4651775486827,48.38291873963516,51.38623548922056,3588.7,48,28,23,1,15,8,9,29,15,18,7,24,31,34.139534883720934,85.02,0.8872305140961857,0.07960199004975124,observed_or_transparently_derived,False
understat:28784,1903124,2025-08-17,chelsea,crystal_palace,H,0,0,D,4231,Enzo Maresca,mgr:dc01d928d84f,WhoScored/Opta observed,889,620,538,50.41237345331833,51.16209677419355,54.49451612903227,3798.2,62,34,29,4,19,12,10,27,33,13,11,18,34,40.69634146341463,85.47368421052632,0.867741935483871,0.1,observed_or_transparently_derived,False
understat:28784,1903124,2025-08-17,crystal_palace,chelsea,A,0,0,D,3421,Oliver Glasner,mgr:1058459b93f2,WhoScored/Opta observed,532,257,184,36.9531954887218,39.63852140077821,48.759533073929965,2833.4,28,18,13,1,11,8,5,10,33,16,7,43,32,26.098058252427183,76.53636363636363,0.7159533073929961,0.10894941634241245,observed_or_transparently_derived,False
understat:28785,1903120,2025-08-17,nottingham_forest,brentford,H,3,1,W,4231,Nuno Herlander Simões Espírito Santo,mgr:b68b19e445ac,WhoScored/Opta observed,737,464,364,49.41506105834464,52.987500000000004,58.910991379310346,4209.8,64,39,26,3,11,7,9,18,33,12,9,26,43,32.151041666666664,83.83636363636363,0.7844827586206896,0.13793103448275862,observed_or_transparently_derived,False
understat:28785,1903120,2025-08-17,brentford,nottingham_forest,A,1,3,L,4231,Keith Andrews,mgr:5f487ee40c90,WhoScored/Opta observed,678,392,297,38.82079646017699,39.60790816326531,46.704336734693875,3877.8,47,20,18,0,10,6,7,18,33,20,5,26,41,29.890000000000004,87.28,0.7576530612244898,0.11989795918367346,observed_or_transparently_derived,False
understat:28786,1903125,2025-08-17,manchester_united,arsenal,H,0,1,L,3421,Ruben Filipe Marques Diogo Amorim,mgr:662d1720cf8b,WhoScored/Opta observed,802,513,418,44.921197007481304,46.04035087719298,50.65672514619883,4113.8,54,32,15,4,22,15,17,14,36,22,4,23,39,31.84574468085107,85.37727272727271,0.8148148148148148,0.10526315789473684,observed_or_transparently_derived,False
understat:28786,1903125,2025-08-17,arsenal,manchester_united,A,1,0,W,433,Mikel Arteta,mgr:5fdd2f365fdc,WhoScored/Opta observed,645,329,239,43.032868217054265,46.41702127659575,54.53191489361702,3447.2000000000003,35,25,11,2,9,6,5,28,36,18,4,29,39,29.570212765957447,83.98888888888888,0.7264437689969605,0.10638297872340426,observed_or_transparently_derived,False
understat:28787,1903126,2025-08-18,leeds_united,everton,H,1,0,W,433,Daniel Farke,mgr:fa5d385e34dc,WhoScored/Opta observed,798,533,427,50.03872180451128,51.10206378986867,55.52157598499062,3920.7999999999997,57,32,26,0,21,14,12,23,36,15,9,28,35,39.3494623655914,85.14285714285714,0.801125703564728,0.10694183864915573,observed_or_transparently_derived,False
understat:28787,1903126,2025-08-18,everton,leeds_united,A,0,1,L,4231,David Moyes,mgr:84316c036a2d,WhoScored/Opta observed,723,448,349,39.54273858921162,39.9875,45.528124999999996,4109.5,48,22,13,0,7,4,3,25,36,16,2,32,31,25.989772727272726,88.12857142857142,0.7790178571428571,0.10714285714285714,observed_or_transparently_derived,False
understat:28788,1903136,2025-08-22,west_ham,chelsea,H,1,5,L,3412,Graham Potter,mgr:182deb7ae6a3,WhoScored/Opta observed,682,436,371,45.40307917888563,46.27981651376147,50.622018348623854,3241.4,43,23,16,0,12,7,10,20,29,11,7,29,30,30.638554216867465,89.10833333333335,0.8509174311926605,0.09862385321100918,observed_or_transparently_derived,False
understat:28788,1903136,2025-08-22,chelsea,west_ham,A,5,1,W,4231,Enzo Maresca,mgr:dc01d928d84f,WhoScored/Opta observed,834,611,525,44.86354916067146,47.277577741407526,50.53617021276596,4101.2,63,18,15,1,12,8,7,9,29,19,4,17,31,32.29066666666666,89.31666666666668,0.8592471358428805,0.10310965630114566,observed_or_transparently_derived,False
understat:28789,1903134,2025-08-23,manchester_city,tottenham_hotspur,H,0,2,L,4141,Pep Guardiola,mgr:26dfbbc164aa,WhoScored/Opta observed,847,572,488,45.61900826446281,46.045979020979026,49.88566433566434,3914.7999999999997,47,29,19,2,10,7,8,20,20,20,6,23,39,39.19574468085106,86.61000000000001,0.8531468531468531,0.08216783216783216,observed_or_transparently_derived,False
understat:28789,1903134,2025-08-23,tottenham_hotspur,manchester_city,A,2,0,W,433,Thomas Frank,mgr:1e78f2997997,WhoScored/Opta observed,656,366,282,40.45030487804878,40.75300546448088,47.49371584699454,3889.9,50,18,14,1,12,7,7,25,20,24,7,27,46,33.22727272727273,87.66666666666667,0.7704918032786885,0.1366120218579235,observed_or_transparently_derived,False
understat:28790,1903129,2025-08-23,brentford,aston_villa,H,1,0,W,4231,Keith Andrews,mgr:5f487ee40c90,WhoScored/Opta observed,535,204,138,39.8803738317757,44.80343137254903,57.98921568627451,3101.0,38,19,16,3,9,5,5,17,36,28,11,49,47,28.80952380952381,89.9,0.6764705882352942,0.18627450980392157,observed_or_transparently_derived,False
understat:28790,1903129,2025-08-23,aston_villa,brentford,A,0,1,L,4231,Unai Emery,mgr:dcdf2dffc0c2,WhoScored/Opta observed,918,642,540,50.128431372549024,52.296417445482874,55.82383177570094,3965.1,69,42,28,4,17,10,12,25,36,14,6,13,40,33.0958904109589,85.33529411764705,0.8411214953271028,0.10747663551401869,observed_or_transparently_derived,False
understat:28791,1903130,2025-08-23,burnley,sunderland,H,2,0,W,4231,Scott Parker,mgr:c49e040048ca,WhoScored/Opta observed,757,475,374,45.5443857331572,47.857052631578945,53.91284210526315,4157.5,58,24,18,2,7,3,6,14,34,22,7,30,44,33.040517241379305,85.15714285714287,0.7873684210526316,0.12210526315789473,observed_or_transparently_derived,False
understat:28791,1903130,2025-08-23,sunderland,burnley,A,0,2,L,433,Régis Le Bris,mgr:1a031e232e88,WhoScored/Opta observed,913,663,557,47.3105147864184,50.62730015082956,54.467269984917046,4395.6,68,35,25,5,9,6,7,12,34,18,7,28,38,30.855,85.76666666666668,0.8401206636500754,0.10256410256410256,observed_or_transparently_derived,False
understat:28792,1903127,2025-08-23,bournemouth,wolverhampton_wanderers,H,1,0,W,4141,Andoni Iraola,mgr:b4b8eecb310f,WhoScored/Opta observed,769,494,407,50.635760728218465,52.55931174089069,57.34858299595141,3902.4,70,36,21,2,14,9,13,24,32,12,6,32,31,34.72613636363636,83.91428571428571,0.8238866396761133,0.1417004048582996,observed_or_transparently_derived,False
understat:28792,1903127,2025-08-23,wolverhampton_wanderers,bournemouth,A,0,1,L,343,Vítor Manuel de Oliveira Lopes Pereira,mgr:807de4c745b0,WhoScored/Opta observed,625,347,250,41.26656,47.528530259365986,55.457060518731986,4056.4,61,26,20,0,6,3,4,10,32,21,9,32,27,28.338541666666668,85.26666666666667,0.7204610951008645,0.17579250720461095,observed_or_transparently_derived,False
understat:28793,1903128,2025-08-23,arsenal,leeds_united,H,5,0,W,433,Mikel Arteta,mgr:5fdd2f365fdc,WhoScored/Opta observed,870,647,582,48.09137931034483,46.426429675425034,48.289026275115916,3655.9,52,24,19,3,18,9,12,27,16,12,5,7,36,47.13150684931507,87.72222222222223,0.8995363214837713,0.080370942812983,observed_or_transparently_derived,False
understat:28793,1903128,2025-08-23,leeds_united,arsenal,A,0,5,L,433,Daniel Farke,mgr:fa5d385e34dc,WhoScored/Opta observed,515,312,234,34.422330097087375,36.70384615384616,41.78397435897436,2559.9,17,6,6,0,3,3,3,13,16,18,6,21,30,25.402564102564103,85.66666666666667,0.75,0.05448717948717949,observed_or_transparently_derived,False
understat:28794,1903131,2025-08-24,crystal_palace,nottingham_forest,H,1,1,D,343,Oliver Glasner,mgr:1058459b93f2,WhoScored/Opta observed,649,411,307,42.8442218798151,44.51654501216545,51.2632603406326,3776.6,51,26,21,1,8,4,7,8,32,20,7,24,39,34.376288659793815,88.3375,0.7469586374695864,0.12408759124087591,observed_or_transparently_derived,False
understat:28794,1903131,2025-08-24,nottingham_forest,crystal_palace,A,1,1,D,4231,Nuno Herlander Simões Espírito Santo,mgr:b68b19e445ac,WhoScored/Opta observed,822,562,462,45.39124087591241,47.63096085409252,53.11387900355872,4669.5,70,28,27,2,9,2,6,20,32,12,10,16,43,32.49550561797753,89.5,0.8220640569395018,0.12455516014234876,observed_or_transparently_derived,False
understat:28795,1903132,2025-08-24,everton,brighton,H,2,0,W,4231,David Moyes,mgr:84316c036a2d,WhoScored/Opta observed,687,395,293,44.5292576419214,48.24911392405064,56.11316455696202,4454.5,73,22,13,1,11,4,10,20,47,15,8,35,34,31.80105263157895,86.35454545454546,0.7417721518987341,0.1848101265822785,observed_or_transparently_derived,False
understat:28795,1903132,2025-08-24,brighton,everton,A,0,2,L,4231,Fabian Hürzeler,mgr:dfda8206a0e2,WhoScored/Opta observed,828,537,449,44.03925120772947,43.84581005586593,48.298324022346364,3809.4,58,16,13,0,13,8,10,16,47,17,5,26,38,33.921505376344086,84.25384615384615,0.8361266294227188,0.10800744878957169,observed_or_transparently_derived,False
understat:28796,1903133,2025-08-24,fulham,manchester_united,H,1,1,D,4231,Marco Alexandre Saraiva da Silva,mgr:d242da40969a,WhoScored/Opta observed,744,477,386,49.08857526881721,50.58700209643606,54.73542976939203,3489.5,47,40,34,2,14,10,9,16,43,10,8,23,31,35.738157894736844,83.10714285714286,0.8092243186582809,0.09853249475890985,observed_or_transparently_derived,False
understat:28796,1903133,2025-08-24,manchester_united,fulham,A,1,1,D,3421,Ruben Filipe Marques Diogo Amorim,mgr:662d1720cf8b,WhoScored/Opta observed,703,432,348,43.90213371266003,46.87199074074074,51.644675925925924,3440.4,50,25,17,1,10,4,9,12,43,17,5,30,25,33.17816091954023,86.65,0.8055555555555556,0.11574074074074074,observed_or_transparently_derived,False
understat:28797,1903135,2025-08-25,newcastle_united,liverpool,H,2,3,L,433,Eddie Howe,mgr:65451ab24622,WhoScored/Opta observed,548,298,195,49.777554744525546,52.77080536912752,60.72818791946309,3143.2,51,40,27,2,10,6,7,19,33,12,8,22,36,33.24761904761905,89.07000000000001,0.6543624161073825,0.17114093959731544,observed_or_transparently_derived,False
understat:28797,1903135,2025-08-25,liverpool,newcastle_united,A,3,2,W,4231,Arne Slot,mgr:328a5fafed26,WhoScored/Opta observed,754,477,390,41.15092838196286,45.1146750524109,50.30524109014676,4090.7,49,25,11,1,5,5,6,10,33,13,2,42,31,27.572631578947366,83.66,0.8176100628930818,0.10272536687631027,observed_or_transparently_derived,False
understat:28798,1903141,2025-08-30,chelsea,fulham,H,2,0,W,4231,Enzo Maresca,mgr:dc01d928d84f,WhoScored/Opta observed,834,528,453,46.735731414868106,46.94166666666667,51.6,4118.5,64,26,15,2,13,12,11,23,30,19,18,21,43,38.00865384615385,88.14615384615384,0.8579545454545454,0.12121212121212122,observed_or_transparently_derived,False
understat:28798,1903141,2025-08-30,fulham,chelsea,A,0,2,L,4231,Marco Alexandre Saraiva da Silva,mgr:d242da40969a,WhoScored/Opta observed,749,458,369,41.249265687583446,42.13558951965065,47.191484716157206,3932.6,49,25,17,3,11,5,9,17,30,29,6,21,36,33.27291666666667,87.11818181818182,0.8056768558951966,0.10698689956331878,observed_or_transparently_derived,False
understat:28799,1903142,2025-08-30,tottenham_hotspur,bournemouth,H,0,1,L,433,Thomas Frank,mgr:1e78f2997997,WhoScored/Opta observed,862,529,424,41.60011600928075,44.43780718336484,50.90812854442344,4947.7,67,25,20,0,5,2,3,35,33,16,4,33,45,27.77777777777778,83.46000000000001,0.8015122873345936,0.1266540642722117,observed_or_transparently_derived,False
understat:28799,1903142,2025-08-30,bournemouth,tottenham_hotspur,A,1,0,W,4231,Andoni Iraola,mgr:b4b8eecb310f,WhoScored/Opta observed,671,332,223,45.83561847988078,48.21144578313253,57.943072289156625,4095.3,61,38,19,2,20,11,13,25,33,28,9,31,50,35.810399999999994,86.67999999999999,0.6716867469879518,0.18373493975903615,observed_or_transparently_derived,False
understat:28800,1903144,2025-08-30,wolverhampton_wanderers,everton,H,2,3,L,343,Vítor Manuel de Oliveira Lopes Pereira,mgr:807de4c745b0,WhoScored/Opta observed,868,574,461,43.37361751152074,45.40470383275262,50.53135888501742,4825.7,67,31,16,3,12,9,9,12,36,23,10,18,49,30.271698113207545,83.36666666666666,0.8031358885017421,0.11672473867595819,observed_or_transparently_derived,False
understat:28800,1903144,2025-08-30,everton,wolverhampton_wanderers,A,3,2,W,4231,David Moyes,mgr:84316c036a2d,WhoScored/Opta observed,704,409,298,46.777272727272724,48.919315403422985,56.70366748166259,4526.7,61,23,13,7,10,8,9,22,36,16,16,28,44,38.04054054054055,86.28,0.7286063569682152,0.1491442542787286,observed_or_transparently_derived,False
understat:28801,1903140,2025-08-30,sunderland,brentford,H,2,1,W,433,Régis Le Bris,mgr:1a031e232e88,WhoScored/Opta observed,727,460,360,46.773865199449794,48.137173913043476,53.84347826086957,4187.6,70,32,19,1,12,6,5,10,45,28,7,35,28,37.89999999999999,85.60000000000001,0.782608695652174,0.15217391304347827,observed_or_transparently_derived,False
understat:28801,1903140,2025-08-30,brentford,sunderland,A,1,2,L,4231,Keith Andrews,mgr:5f487ee40c90,WhoScored/Opta observed,667,388,300,40.607046476761624,42.774484536082475,49.18298969072165,3590.3,44,21,16,0,7,5,4,25,45,9,4,34,31,23.065882352941177,88.02857142857144,0.7731958762886598,0.1134020618556701,observed_or_transparently_derived,False
understat:28802,1903146,2025-08-30,manchester_united,burnley,H,3,2,W,3421,Ruben Filipe Marques Diogo Amorim,mgr:662d1720cf8b,WhoScored/Opta observed,842,557,449,49.28598574821853,50.46157989228008,55.040394973070015,4163.6,59,39,29,5,26,13,19,13,42,16,3,20,48,36.87010309278351,87.89230769230768,0.8061041292639138,0.1059245960502693,observed_or_transparently_derived,False
understat:28802,1903146,2025-08-30,burnley,manchester_united,A,2,3,L,4231,Scott Parker,mgr:c49e040048ca,WhoScored/Opta observed,649,345,237,40.555007704160246,44.18782608695652,53.65217391304348,4129.3,48,24,9,2,7,6,2,8,42,20,9,38,34,26.828181818181818,75.84285714285716,0.6869565217391305,0.1391304347826087,observed_or_transparently_derived,False
understat:28803,1903143,2025-08-30,leeds_united,newcastle_united,H,0,0,D,433,Daniel Farke,mgr:fa5d385e34dc,WhoScored/Opta observed,703,452,349,45.13769559032717,46.70110619469027,52.500442477876106,4167.0,49,23,19,0,10,4,9,16,19,18,13,20,42,34.93168316831682,82.36,0.7721238938053098,0.1084070796460177,observed_or_transparently_derived,False
understat:28803,1903143,2025-08-30,newcastle_united,leeds_united,A,0,0,D,532,Eddie Howe,mgr:65451ab24622,WhoScored/Opta observed,850,603,498,43.63294117647059,45.28590381426203,50.23880597014925,4908.8,65,25,22,0,8,5,7,18,19,10,8,7,44,37.01139240506328,82.9,0.8258706467661692,0.1077943615257048,observed_or_transparently_derived,False
understat:28804,1903138,2025-08-31,nottingham_forest,west_ham,H,0,3,L,4231,Nuno Herlander Simões Espírito Santo,mgr:b68b19e445ac,WhoScored/Opta observed,861,596,491,52.0246225319396,54.38053691275168,58.8525167785235,4110.9,80,47,37,1,11,8,8,19,22,19,6,17,45,40.375510204081635,87.38181818181818,0.8238255033557047,0.1342281879194631,observed_or_transparently_derived,False
understat:28804,1903138,2025-08-31,west_ham,nottingham_forest,A,3,0,W,4231,Graham Potter,mgr:182deb7ae6a3,WhoScored/Opta observed,695,425,344,38.6294964028777,39.70094117647059,45.14752941176471,3303.6,33,19,23,1,12,8,11,24,22,16,6,36,39,25.232352941176476,90.06666666666666,0.8094117647058824,0.07764705882352942,observed_or_transparently_derived,False
understat:28805,1903139,2025-08-31,brighton,manchester_city,H,2,1,W,4231,Fabian Hürzeler,mgr:dfda8206a0e2,WhoScored/Opta observed,607,339,251,43.57808896210874,41.36283185840708,48.150147492625365,3495.5,46,20,9,3,12,10,9,15,23,17,8,11,43,38.73225806451613,87.0,0.7404129793510325,0.13569321533923304,observed_or_transparently_derived,False
understat:28805,1903139,2025-08-31,manchester_city,brighton,A,1,2,L,433,Pep Guardiola,mgr:26dfbbc164aa,WhoScored/Opta observed,862,589,513,43.384454756380514,45.546179966044136,48.68285229202037,3941.6,38,13,5,4,12,4,8,32,23,15,9,15,41,33.53258426966292,86.87499999999999,0.8709677419354839,0.06451612903225806,observed_or_transparently_derived,False
understat:28806,1903145,2025-08-31,liverpool,arsenal,H,1,0,W,4231,Arne Slot,mgr:328a5fafed26,WhoScored/Opta observed,716,464,386,38.4518156424581,39.94547413793103,45.025646551724144,4067.5,50,22,10,3,9,7,7,17,18,11,7,32,38,30.441836734693876,80.51111111111112,0.8318965517241379,0.10775862068965517,observed_or_transparently_derived,False
understat:28806,1903145,2025-08-31,arsenal,liverpool,A,0,1,L,433,Mikel Arteta,mgr:5fdd2f365fdc,WhoScored/Opta observed,647,411,327,45.929520865533235,46.16861313868614,50.86155717761558,3458.2,46,25,18,0,11,8,5,10,18,14,9,20,34,37.41686746987952,84.97272727272727,0.7956204379562044,0.11192214111922141,observed_or_transparently_derived,False
understat:28807,1903137,2025-08-31,aston_villa,crystal_palace,H,0,3,L,4231,Unai Emery,mgr:dcdf2dffc0c2,WhoScored/Opta observed,830,586,503,52.75337349397591,54.382252559726965,57.86211604095563,3915.3,79,42,31,1,13,5,10,19,15,11,6,16,38,40.6126582278481,86.00769230769232,0.8583617747440273,0.1348122866894198,observed_or_transparently_derived,False
understat:28807,1903137,2025-08-31,crystal_palace,aston_villa,A,3,0,W,3421,Oliver Glasner,mgr:1058459b93f2,WhoScored/Opta observed,682,412,342,41.04032258064516,47.83252427184466,53.10655339805825,3504.3,51,17,17,4,6,5,4,9,15,26,10,43,40,24.577235772357724,89.3,0.8300970873786407,0.12378640776699029,observed_or_transparently_derived,False
understat:28808,1903148,2025-09-13,arsenal,nottingham_forest,H,3,0,W,433,Mikel Arteta,mgr:5fdd2f365fdc,WhoScored/Opta observed,756,515,434,48.78161375661376,48.459223300970876,51.66349514563107,3362.8,48,31,21,5,16,10,13,26,17,13,7,16,39,39.69512195121951,88.65,0.8427184466019417,0.09320388349514563,observed_or_transparently_derived,False
understat:28808,1903148,2025-09-13,nottingham_forest,arsenal,A,0,3,L,4231,Ange Postecoglou,mgr:baf747465a0d,WhoScored/Opta observed,683,448,373,40.9099560761347,44.91361607142858,49.52254464285714,3427.2,50,24,14,2,5,4,5,16,17,12,11,20,32,29.367073170731707,83.67999999999999,0.8325892857142857,0.11160714285714286,observed_or_transparently_derived,False
understat:28809,1903155,2025-09-13,newcastle_united,wolverhampton_wanderers,H,1,0,W,433,Eddie Howe,mgr:65451ab24622,WhoScored/Opta observed,775,508,400,50.35225806451613,52.2251968503937,57.86043307086614,4482.2,75,45,25,3,16,9,12,16,34,10,6,20,37,35.23827160493827,83.95625,0.7874015748031497,0.14763779527559054,observed_or_transparently_derived,False
understat:28809,1903155,2025-09-13,wolverhampton_wanderers,newcastle_united,A,0,1,L,352,Vítor Manuel de Oliveira Lopes Pereira,mgr:807de4c745b0,WhoScored/Opta observed,699,384,286,40.357081545064375,45.865885416666664,52.466145833333336,4090.1,45,21,20,3,8,5,5,18,34,16,14,38,43,26.18290598290598,88.9375,0.7447916666666666,0.1171875,observed_or_transparently_derived,False
understat:28810,1903147,2025-09-13,bournemouth,brighton,H,2,1,W,4231,Andoni Iraola,mgr:b4b8eecb310f,WhoScored/Opta observed,732,433,330,45.316803278688525,48.878983833718245,55.62401847575057,4053.8,65,31,21,0,13,9,9,18,26,18,3,37,46,30.419827586206893,84.34615384615387,0.7621247113163973,0.15011547344110854,observed_or_transparently_derived,False
understat:28810,1903147,2025-09-13,brighton,bournemouth,A,1,2,L,4231,Fabian Hürzeler,mgr:dfda8206a0e2,WhoScored/Opta observed,718,415,314,43.58495821727019,47.00048192771084,54.00072289156627,3901.1,56,27,19,0,6,4,4,26,26,20,6,36,44,30.288983050847452,89.35000000000001,0.7566265060240964,0.13493975903614458,observed_or_transparently_derived,False
understat:28811,1903151,2025-09-13,crystal_palace,sunderland,H,0,0,D,3421,Oliver Glasner,mgr:1058459b93f2,WhoScored/Opta observed,780,539,439,44.39230769230769,44.59035250463822,49.91725417439704,4400.3,45,38,22,5,14,10,8,12,34,10,6,27,34,33.43218390804597,86.11428571428571,0.8144712430426716,0.08348794063079777,observed_or_transparently_derived,False
understat:28811,1903151,2025-09-13,sunderland,crystal_palace,A,0,0,D,433,Régis Le Bris,mgr:1a031e232e88,WhoScored/Opta observed,687,428,332,42.31994177583697,44.870560747663546,50.9892523364486,4046.9,60,32,19,0,6,2,6,20,34,13,10,35,37,30.147474747474742,88.58333333333336,0.7757009345794392,0.14018691588785046,observed_or_transparently_derived,False
understat:28812,1903152,2025-09-13,everton,aston_villa,H,0,0,D,4231,David Moyes,mgr:84316c036a2d,WhoScored/Opta observed,694,389,308,52.73760806916427,52.63984575835476,58.28020565552699,3424.9,53,35,22,0,20,11,17,24,37,23,5,17,40,40.046236559139786,86.81,0.7917737789203085,0.13624678663239073,observed_or_transparently_derived,False
understat:28812,1903152,2025-09-13,aston_villa,everton,A,0,0,D,4231,Unai Emery,mgr:dcdf2dffc0c2,WhoScored/Opta observed,696,409,329,40.85301724137931,46.15721271393644,51.840586797066024,3412.7999999999997,43,23,15,0,7,6,4,17,37,16,4,23,36,26.864367816091953,80.29999999999998,0.80440097799511,0.10513447432762836,observed_or_transparently_derived,False
understat:28813,1903153,2025-09-13,fulham,leeds_united,H,1,0,W,4231,Marco Alexandre Saraiva da Silva,mgr:d242da40969a,WhoScored/Opta observed,779,503,408,46.27740693196405,49.44532803180915,53.96858846918489,3663.7,76,38,23,0,5,3,4,18,32,24,6,23,37,33.101010101010104,87.22,0.8111332007952287,0.15109343936381708,observed_or_transparently_derived,False
understat:28813,1903153,2025-09-13,leeds_united,fulham,A,0,1,L,433,Daniel Farke,mgr:fa5d385e34dc,WhoScored/Opta observed,714,423,332,43.35084033613445,45.226950354609926,51.348463356974,3939.8,54,24,14,0,11,8,4,20,32,18,7,30,38,30.211881188118802,80.10909090909091,0.7848699763593381,0.1276595744680851,observed_or_transparently_derived,False
understat:28814,1903156,2025-09-13,west_ham,tottenham_hotspur,H,0,3,L,4231,Graham Potter,mgr:182deb7ae6a3,WhoScored/Opta observed,603,340,262,38.916086235489225,44.34882352941177,51.556176470588234,3656.0,48,11,10,1,7,4,6,19,35,13,5,40,31,25.460824742268038,87.74285714285715,0.7705882352941177,0.1411764705882353,observed_or_transparently_derived,False
understat:28814,1903156,2025-09-13,tottenham_hotspur,west_ham,A,3,0,W,433,Thomas Frank,mgr:1e78f2997997,WhoScored/Opta observed,843,591,493,49.71720047449585,49.51387478849408,53.076480541455155,3940.5,60,42,32,0,14,10,11,17,35,16,3,10,34,34.813235294117646,89.00714285714287,0.8341793570219966,0.10152284263959391,observed_or_transparently_derived,False
understat:28815,1903149,2025-09-13,brentford,chelsea,H,2,2,D,532,Keith Andrews,mgr:5f487ee40c90,WhoScored/Opta observed,596,324,236,40.56912751677852,45.06604938271605,51.656481481481485,3137.2,35,24,18,1,7,5,7,22,21,17,6,32,30,27.336263736263746,89.68571428571428,0.7283950617283951,0.10802469135802469,observed_or_transparently_derived,False
understat:28815,1903149,2025-09-13,chelsea,brentford,A,2,2,D,4231,Enzo Maresca,mgr:dc01d928d84f,WhoScored/Opta observed,903,613,543,49.84507198228128,52.26166394779772,55.11859706362153,3608.7999999999997,70,28,18,2,16,13,13,16,21,15,13,34,34,36.864285714285714,83.29375,0.8858075040783034,0.11419249592169657,observed_or_transparently_derived,False
understat:28816,1903150,2025-09-14,burnley,liverpool,H,0,1,L,541,Scott Parker,mgr:c49e040048ca,WhoScored/Opta observed,481,186,87,33.78939708939709,38.454301075268816,56.488709677419365,3714.2,39,8,5,0,3,0,2,11,43,16,17,46,20,24.999038461538458,82.5,0.46774193548387094,0.20967741935483872,observed_or_transparently_derived,False
understat:28816,1903150,2025-09-14,liverpool,burnley,A,1,0,W,4231,Arne Slot,mgr:328a5fafed26,WhoScored/Opta observed,1024,765,644,57.562109375,58.7635294117647,62.39228758169936,4413.9,85,57,44,0,27,16,21,20,43,10,7,12,28,36.73076923076924,84.72222222222223,0.8418300653594771,0.1111111111111111,observed_or_transparently_derived,False
understat:28817,1903154,2025-09-14,manchester_city,manchester_united,H,3,0,W,4141,Pep Guardiola,mgr:26dfbbc164aa,WhoScored/Opta observed,740,461,377,41.678513513513515,43.85965292841649,49.222125813449026,3762.1,41,11,3,7,13,6,10,26,29,13,10,31,44,31.226666666666663,91.20000000000002,0.8177874186550976,0.08893709327548807,observed_or_transparently_derived,False
understat:28817,1903154,2025-09-14,manchester_united,manchester_city,A,0,3,L,3421,Ruben Filipe Marques Diogo Amorim,mgr:662d1720cf8b,WhoScored/Opta observed,802,547,442,49.38241895261845,50.446800731261426,55.06087751371115,4324.4,66,38,23,5,12,4,9,16,29,23,13,10,44,37.38247422680413,86.18333333333334,0.8080438756855576,0.1206581352833638,observed_or_transparently_derived,False
understat:28818,1903164,2025-09-20,liverpool,everton,H,2,1,W,4231,Arne Slot,mgr:328a5fafed26,WhoScored/Opta observed,815,515,433,44.320368098159506,46.70407766990291,51.33883495145631,3992.8,46,30,12,5,11,8,7,22,34,18,12,35,39,30.427272727272722,85.48181818181818,0.8407766990291262,0.08932038834951456,observed_or_transparently_derived,False
understat:28818,1903164,2025-09-20,everton,liverpool,A,1,2,L,4231,David Moyes,mgr:84316c036a2d,WhoScored/Opta observed,678,391,287,47.6834808259587,50.83017902813299,57.54194373401535,3944.5,54,42,20,3,9,5,8,23,34,18,10,23,44,35.739423076923075,85.62222222222222,0.7340153452685422,0.13810741687979539,observed_or_transparently_derived,False
understat:28819,1903171,2025-09-20,west_ham,crystal_palace,H,1,2,L,433,Graham Potter,mgr:182deb7ae6a3,WhoScored/Opta observed,776,497,406,47.2340206185567,49.11810865191147,53.95010060362173,3778.9,56,29,25,6,8,4,8,25,46,9,7,23,36,32.779746835443056,89.6875,0.8169014084507042,0.11267605633802817,observed_or_transparently_derived,False
understat:28819,1903171,2025-09-20,crystal_palace,west_ham,A,2,1,W,3421,Oliver Glasner,mgr:1058459b93f2,WhoScored/Opta observed,691,379,303,43.039942112879885,45.4976253298153,52.24696569920845,3664.1,47,31,21,4,18,9,13,9,46,22,10,35,33,27.376106194690266,88.04444444444444,0.7994722955145118,0.12401055408970976,observed_or_transparently_derived,False
understat:28820,1903173,2025-09-20,wolverhampton_wanderers,leeds_united,H,1,3,L,3421,Vítor Manuel de Oliveira Lopes Pereira,mgr:807de4c745b0,WhoScored/Opta observed,862,572,463,50.31160092807424,50.64842657342657,55.24562937062937,4401.2,83,51,35,1,16,10,14,17,47,28,3,16,51,38.5625,86.4625,0.8094405594405595,0.1451048951048951,observed_or_transparently_derived,False
understat:28820,1903173,2025-09-20,leeds_united,wolverhampton_wanderers,A,3,1,W,433,Daniel Farke,mgr:fa5d385e34dc,WhoScored/Opta observed,792,445,372,39.604292929292924,43.851235955056175,49.057078651685394,3861.2000000000003,43,14,10,4,6,4,2,23,47,20,7,50,48,30.037593984962406,80.8,0.8359550561797753,0.09662921348314607,observed_or_transparently_derived,False
understat:28821,1903159,2025-09-20,brighton,tottenham_hotspur,H,2,2,D,4231,Fabian Hürzeler,mgr:dfda8206a0e2,WhoScored/Opta observed,647,329,251,39.773879443585784,43.11003039513678,51.59817629179331,3631.2000000000003,51,14,11,0,13,6,9,19,25,25,5,42,45,28.54065040650406,73.97692307692307,0.7629179331306991,0.15501519756838905,observed_or_transparently_derived,False
understat:28821,1903159,2025-09-20,tottenham_hotspur,brighton,A,2,2,D,433,Thomas Frank,mgr:1e78f2997997,WhoScored/Opta observed,892,580,487,49.94114349775785,51.37293103448276,55.71793103448276,4205.0,66,51,33,1,11,5,10,31,25,26,9,18,53,38.076991150442474,88.05454545454546,0.8396551724137931,0.11379310344827587,observed_or_transparently_derived,False
understat:28822,1903160,2025-09-20,burnley,nottingham_forest,H,1,1,D,541,Scott Parker,mgr:c49e040048ca,WhoScored/Opta observed,662,400,298,44.954833836858,50.13924999999999,55.94325,3273.0,53,35,28,0,12,8,10,19,22,11,10,36,39,27.574509803921572,88.24166666666667,0.745,0.1325,observed_or_transparently_derived,False
understat:28822,1903160,2025-09-20,nottingham_forest,burnley,A,1,1,D,4231,Ange Postecoglou,mgr:baf747465a0d,WhoScored/Opta observed,943,681,592,48.982184517497345,51.89838472834068,54.79001468428781,4033.2,73,32,32,0,17,15,13,12,22,11,7,31,42,30.405050505050507,83.35882352941177,0.869309838472834,0.10719530102790015,observed_or_transparently_derived,False
understat:28824,1903167,2025-09-20,manchester_united,chelsea,H,2,1,W,3421,Ruben Filipe Marques Diogo Amorim,mgr:662d1720cf8b,WhoScored/Opta observed,707,420,320,48.97312588401697,50.8897619047619,56.410000000000004,3717.3,49,36,29,3,11,8,6,19,27,21,10,21,45,37.519047619047626,87.07272727272728,0.7619047619047619,0.11666666666666667,observed_or_transparently_derived,False
understat:28824,1903167,2025-09-20,chelsea,manchester_united,A,1,2,L,4231,Enzo Maresca,mgr:dc01d928d84f,WhoScored/Opta observed,879,586,488,42.08327645051194,44.870307167235495,48.37201365187713,3660.9,54,19,17,2,5,3,4,22,27,16,8,30,40,29.95,89.67999999999999,0.8327645051194539,0.09215017064846416,observed_or_transparently_derived,False
understat:28825,1903162,2025-09-20,fulham,brentford,H,3,1,W,4231,Marco Alexandre Saraiva da Silva,mgr:d242da40969a,WhoScored/Opta observed,783,491,407,41.97765006385696,45.47128309572301,50.13645621181263,3755.1,40,16,15,2,14,9,11,13,23,19,6,40,37,26.51,84.99285714285715,0.8289205702647657,0.0814663951120163,observed_or_transparently_derived,False
understat:28825,1903162,2025-09-20,brentford,fulham,A,1,3,L,532,Keith Andrews,mgr:5f487ee40c90,WhoScored/Opta observed,708,445,342,44.75706214689266,43.69640449438202,49.31168539325842,3815.2999999999997,46,34,21,0,9,7,4,15,23,13,5,17,34,35.39493670886075,80.33333333333333,0.7685393258426966,0.10337078651685393,observed_or_transparently_derived,False
understat:28823,1903157,2025-09-21,bournemouth,newcastle_united,H,0,0,D,4231,Andoni Iraola,mgr:b4b8eecb310f,WhoScored/Opta observed,845,544,429,46.718698224852076,48.39466911764706,53.2547794117647,4327.2,71,30,22,3,11,8,6,22,34,15,16,28,55,34.728571428571435,80.39090909090909,0.7886029411764706,0.13051470588235295,observed_or_transparently_derived,False
understat:28823,1903157,2025-09-21,newcastle_united,bournemouth,A,0,0,D,3421,Eddie Howe,mgr:65451ab24622,WhoScored/Opta observed,738,438,317,44.61436314363144,48.86164383561644,55.57054794520548,4434.900000000001,67,24,18,1,4,2,3,24,34,19,8,37,46,31.520689655172415,80.075,0.723744292237443,0.15296803652968036,observed_or_transparently_derived,False
understat:28826,1903169,2025-09-21,sunderland,aston_villa,H,1,1,D,433,Régis Le Bris,mgr:1a031e232e88,WhoScored/Opta observed,496,247,164,41.83548387096774,44.28663967611337,54.06396761133603,2991.0,41,22,14,0,14,8,10,7,30,20,8,35,25,30.019791666666666,87.20714285714284,0.6639676113360324,0.1659919028340081,observed_or_transparently_derived,False
understat:28826,1903169,2025-09-21,aston_villa,sunderland,A,1,1,D,4231,Unai Emery,mgr:dcdf2dffc0c2,WhoScored/Opta observed,848,596,513,50.85896226415095,55.1989932885906,58.740436241610745,3866.0,67,45,27,0,12,8,7,13,30,11,3,28,31,32.29746835443039,82.23333333333333,0.860738255033557,0.11241610738255034,observed_or_transparently_derived,False
understat:28827,1903158,2025-09-21,arsenal,manchester_city,H,1,1,D,433,Mikel Arteta,mgr:5fdd2f365fdc,WhoScored/Opta observed,938,635,540,50.548507462686565,51.79590551181103,55.12834645669292,4012.3,61,43,32,7,12,6,8,16,32,20,5,18,47,36.579411764705874,88.575,0.8503937007874016,0.09606299212598425,observed_or_transparently_derived,False
understat:28827,1903158,2025-09-21,manchester_city,arsenal,A,1,1,D,4141,Pep Guardiola,mgr:26dfbbc164aa,WhoScored/Opta observed,650,330,245,39.36184615384615,44.67575757575757,51.631212121212116,3183.1,48,10,8,1,5,3,5,22,32,13,5,60,44,23.93543307086614,86.82000000000001,0.7424242424242424,0.14545454545454545,observed_or_transparently_derived,False
understat:28828,1903177,2025-09-27,brentford,manchester_united,H,3,1,W,4231,Keith Andrews,mgr:5f487ee40c90,WhoScored/Opta observed,679,399,299,45.892930780559645,46.55814536340852,53.689223057644114,3990.3,61,29,15,1,10,9,8,18,41,14,7,24,36,36.52708333333334,87.86000000000001,0.7493734335839599,0.15288220551378445,observed_or_transparently_derived,False
understat:28828,1903177,2025-09-27,manchester_united,brentford,A,1,3,L,3421,Ruben Filipe Marques Diogo Amorim,mgr:662d1720cf8b,WhoScored/Opta observed,758,493,386,43.07427440633245,45.93995943204868,50.715821501014204,3715.6,44,21,15,2,14,10,9,12,41,16,4,30,38,27.457777777777782,87.42857142857143,0.7829614604462475,0.08924949290060852,observed_or_transparently_derived,False
understat:28829,1903178,2025-09-27,chelsea,brighton,H,1,3,L,433,Enzo Maresca,mgr:dc01d928d84f,WhoScored/Opta observed,772,511,423,43.567875647668394,44.43737769080235,48.705675146771036,4149.3,53,23,14,2,13,9,9,29,18,21,10,8,25,31.62400000000001,85.41538461538461,0.8277886497064579,0.10371819960861056,observed_or_transparently_derived,False
understat:28829,1903178,2025-09-27,brighton,chelsea,A,3,1,W,4231,Fabian Hürzeler,mgr:dfda8206a0e2,WhoScored/Opta observed,647,353,290,46.85703245749614,49.95325779036827,54.855240793201126,2789.9,51,23,17,2,12,5,7,24,18,21,12,28,37,35.786407766990294,87.05000000000001,0.8215297450424929,0.14447592067988668,observed_or_transparently_derived,False
understat:28830,1903179,2025-09-27,crystal_palace,liverpool,H,2,1,W,3421,Oliver Glasner,mgr:1058459b93f2,WhoScored/Opta observed,571,302,196,41.46532399299475,44.21788079470198,55.97549668874173,4368.6,58,26,8,2,16,9,12,10,33,24,9,32,32,27.609615384615388,87.06875,0.6490066225165563,0.19205298013245034,observed_or_transparently_derived,False
understat:28830,1903179,2025-09-27,liverpool,crystal_palace,A,1,2,L,4231,Arne Slot,mgr:328a5fafed26,WhoScored/Opta observed,1047,740,643,48.86494746895893,50.947702702702706,54.59135135135135,4943.0,93,39,27,2,20,9,12,23,33,7,10,37,46,36.72385321100918,86.98500000000001,0.8689189189189189,0.12567567567567567,observed_or_transparently_derived,False
understat:28832,1903183,2025-09-27,leeds_united,bournemouth,H,2,2,D,433,Daniel Farke,mgr:fa5d385e34dc,WhoScored/Opta observed,700,394,304,43.253,43.10659898477157,50.977411167512685,4182.1,48,29,17,1,19,14,13,18,35,27,9,25,33,32.38952380952381,88.3,0.7715736040609137,0.1218274111675127,observed_or_transparently_derived,False
understat:28832,1903183,2025-09-27,bournemouth,leeds_united,A,2,2,D,4231,Andoni Iraola,mgr:b4b8eecb310f,WhoScored/Opta observed,892,565,469,47.06973094170403,52.011150442477884,56.272212389380535,4077.2,60,43,21,1,12,8,8,27,35,23,7,30,44,32.07478260869565,83.4,0.8300884955752212,0.10619469026548672,observed_or_transparently_derived,False
understat:28833,1903185,2025-09-27,manchester_city,burnley,H,5,1,W,4141,Pep Guardiola,mgr:26dfbbc164aa,WhoScored/Opta observed,910,685,598,55.88131868131868,57.53343065693431,59.30277372262774,3124.1,64,35,24,2,21,14,14,25,24,8,4,20,33,35.49545454545454,85.62857142857143,0.872992700729927,0.09343065693430656,observed_or_transparently_derived,False
understat:28833,1903185,2025-09-27,burnley,manchester_city,A,1,5,L,541,Scott Parker,mgr:c49e040048ca,WhoScored/Opta observed,582,319,255,37.985395189003434,43.10532915360501,49.25297805642633,2992.7,38,17,7,0,11,9,7,9,24,20,10,30,30,26.268807339449545,70.43636363636364,0.799373040752351,0.11912225705329153,observed_or_transparently_derived,False
understat:28834,1903188,2025-09-27,nottingham_forest,sunderland,H,0,1,L,4231,Ange Postecoglou,mgr:baf747465a0d,WhoScored/Opta observed,915,646,555,51.79857923497268,53.53792569659443,56.90123839009288,4406.5,79,46,43,2,22,12,16,18,28,16,1,20,43,36.90229885057471,86.14545454545454,0.8591331269349846,0.12229102167182662,observed_or_transparently_derived,False
understat:28834,1903188,2025-09-27,sunderland,nottingham_forest,A,1,0,W,4231,Régis Le Bris,mgr:1a031e232e88,WhoScored/Opta observed,639,354,273,37.52394366197183,42.729096045197736,49.18305084745762,3548.6,42,24,23,1,11,6,5,14,28,10,6,45,39,21.686111111111106,86.83636363636363,0.7711864406779662,0.11864406779661017,observed_or_transparently_derived,False
understat:28835,1903161,2025-09-27,tottenham_hotspur,wolverhampton_wanderers,H,1,1,D,4231,Thomas Frank,mgr:1e78f2997997,WhoScored/Opta observed,772,459,358,50.16917098445596,54.06383442265794,58.926797385620915,3498.5,65,42,33,0,10,5,7,29,34,17,10,20,41,33.4087912087912,85.14000000000001,0.7799564270152506,0.14161220043572983,observed_or_transparently_derived,False
understat:28835,1903161,2025-09-27,wolverhampton_wanderers,tottenham_hotspur,A,1,1,D,433,Vítor Manuel de Oliveira Lopes Pereira,mgr:807de4c745b0,WhoScored/Opta observed,757,438,349,41.380977542932634,44.2079908675799,49.28630136986302,4171.0,45,21,17,0,9,4,5,20,34,31,10,41,34,27.467716535433073,87.76666666666667,0.7968036529680366,0.10273972602739725,observed_or_transparently_derived,False
understat:28831,1903175,2025-09-28,aston_villa,fulham,H,3,1,W,4231,Unai Emery,mgr:dcdf2dffc0c2,WhoScored/Opta observed,704,429,355,41.57897727272727,43.95804195804196,49.781818181818174,3570.7,43,22,13,8,9,6,6,16,21,10,7,29,38,33.878947368421045,83.2,0.8275058275058275,0.10023310023310024,observed_or_transparently_derived,False
understat:28831,1903175,2025-09-28,fulham,aston_villa,A,1,3,L,4231,Marco Alexandre Saraiva da Silva,mgr:d242da40969a,WhoScored/Opta observed,743,466,380,44.5078061911171,45.45236051502146,50.315879828326175,3647.8,56,36,32,2,11,7,7,20,21,16,9,25,43,32.98217821782178,85.5909090909091,0.8154506437768241,0.12017167381974249,observed_or_transparently_derived,False
understat:28836,1903186,2025-09-28,newcastle_united,arsenal,H,1,2,L,433,Eddie Howe,mgr:65451ab24622,WhoScored/Opta observed,631,323,214,40.745324881141045,45.581114551083594,54.246130030959755,3604.6,46,31,17,1,8,7,8,10,48,12,8,43,30,25.85154639175257,88.7875,0.6625386996904025,0.14241486068111456,observed_or_transparently_derived,False
understat:28836,1903186,2025-09-28,arsenal,newcastle_united,A,2,1,W,4231,Mikel Arteta,mgr:5fdd2f365fdc,WhoScored/Opta observed,833,543,433,49.169147659063626,51.99797421731124,56.95138121546961,4257.7,63,49,24,2,20,13,15,21,48,13,10,29,40,30.828125,88.595,0.7974217311233885,0.11602209944751381,observed_or_transparently_derived,False
understat:28837,1903181,2025-09-29,everton,west_ham,H,1,1,D,4231,David Moyes,mgr:84316c036a2d,WhoScored/Opta observed,780,492,399,48.63871794871795,51.927845528455286,56.90162601626016,3713.1,51,35,24,2,12,9,9,11,44,11,5,39,40,33.385576923076925,86.33333333333333,0.8109756097560976,0.10365853658536585,observed_or_transparently_derived,False
understat:28837,1903181,2025-09-29,west_ham,everton,A,1,1,D,4141,Nuno Herlander Simões Espírito Santo,mgr:b68b19e445ac,WhoScored/Opta observed,761,463,362,44.96373193166886,49.20842332613391,55.1414686825054,3983.3,53,32,19,2,14,9,10,12,44,16,6,36,40,27.684615384615388,86.83571428571427,0.7818574514038877,0.11447084233261338,observed_or_transparently_derived,False
understat:28838,1903163,2025-10-03,bournemouth,fulham,H,3,1,W,4231,Andoni Iraola,mgr:b4b8eecb310f,WhoScored/Opta observed,859,595,490,49.46926658905704,51.984537815126046,57.21277310924369,4851.099999999999,89,32,27,5,11,9,7,20,17,10,8,24,53,39.47075471698114,84.47272727272727,0.8235294117647058,0.1495798319327731,observed_or_transparently_derived,False
understat:28838,1903163,2025-10-03,fulham,bournemouth,A,1,3,L,3421,Marco Alexandre Saraiva da Silva,mgr:d242da40969a,WhoScored/Opta observed,778,511,404,41.91311053984576,45.5637964774951,51.00880626223092,4223.8,55,28,19,3,12,8,9,13,17,11,7,38,50,25.96260869565217,83.25,0.7906066536203522,0.10763209393346379,observed_or_transparently_derived,False
understat:28839,1903165,2025-10-04,arsenal,west_ham,H,2,0,W,433,Mikel Arteta,mgr:5fdd2f365fdc,WhoScored/Opta observed,874,610,516,51.32688787185354,51.56524590163935,54.54754098360656,3381.9,44,49,24,5,21,14,11,16,24,23,7,28,30,38.0,88.58571428571429,0.8459016393442623,0.07213114754098361,observed_or_transparently_derived,False
understat:28839,1903165,2025-10-04,west_ham,arsenal,A,0,2,L,4141,Nuno Herlander Simões Espírito Santo,mgr:b68b19e445ac,WhoScored/Opta observed,587,299,229,38.20919931856899,46.636789297658865,53.153846153846146,2915.8,34,17,12,0,4,1,4,18,24,17,12,49,27,22.900000000000002,92.35,0.7658862876254181,0.11371237458193979,observed_or_transparently_derived,False
understat:28842,1903170,2025-10-04,chelsea,liverpool,H,2,1,W,4231,Enzo Maresca,mgr:dc01d928d84f,WhoScored/Opta observed,799,553,449,45.23066332916146,47.16672694394213,51.879927667269435,4728.1,56,35,20,1,12,8,9,17,12,21,13,12,44,34.63298969072166,83.60833333333333,0.8119349005424955,0.10126582278481013,observed_or_transparently_derived,False
understat:28842,1903170,2025-10-04,liverpool,chelsea,A,1,2,L,4231,Arne Slot,mgr:328a5fafed26,WhoScored/Opta observed,764,495,406,42.17277486910995,44.18545454545453,49.28424242424243,4016.0,50,25,12,8,12,7,10,18,12,16,9,26,40,32.384375000000006,86.03333333333335,0.8202020202020202,0.10101010101010101,observed_or_transparently_derived,False
understat:28844,1903174,2025-10-04,leeds_united,tottenham_hotspur,H,1,2,L,433,Daniel Farke,mgr:fa5d385e34dc,WhoScored/Opta observed,784,517,426,45.984056122448976,46.969245647969046,52.470986460348165,4282.3,65,33,21,1,16,6,14,14,23,19,6,25,46,35.80194174757282,86.71875,0.8239845261121856,0.12572533849129594,observed_or_transparently_derived,False
understat:28844,1903174,2025-10-04,tottenham_hotspur,leeds_united,A,2,1,W,4231,Thomas Frank,mgr:1e78f2997997,WhoScored/Opta observed,668,401,315,42.585778443113774,44.232917705735666,51.51246882793018,3992.6,51,19,11,1,9,5,5,21,23,15,6,35,38,34.04711538461538,82.80000000000001,0.7855361596009975,0.12718204488778054,observed_or_transparently_derived,False
understat:28845,1903176,2025-10-04,manchester_united,sunderland,H,2,0,W,3421,Ruben Filipe Marques Diogo Amorim,mgr:662d1720cf8b,WhoScored/Opta observed,774,480,370,44.23062015503876,45.37375,51.63916666666666,4651.0,55,19,7,0,15,8,11,24,34,17,10,24,43,34.94607843137255,86.46666666666667,0.7708333333333334,0.11458333333333333,observed_or_transparently_derived,False
understat:28845,1903176,2025-10-04,sunderland,manchester_united,A,0,2,L,4231,Régis Le Bris,mgr:1a031e232e88,WhoScored/Opta observed,768,473,364,44.60455729166667,47.33742071881606,53.71458773784355,4298.5,48,30,22,1,8,4,6,21,34,21,10,32,37,34.65137614678899,85.3625,0.7695560253699789,0.1014799154334038,observed_or_transparently_derived,False
understat:28840,1903166,2025-10-05,aston_villa,burnley,H,2,1,W,4222,Unai Emery,mgr:dcdf2dffc0c2,WhoScored/Opta observed,798,519,452,42.10288220551378,42.79344894026975,46.22292870905588,3545.7,40,23,11,3,15,10,13,21,26,15,5,23,42,30.29677419354839,87.74666666666666,0.8709055876685935,0.07707129094412331,observed_or_transparently_derived,False
understat:28840,1903166,2025-10-05,burnley,aston_villa,A,1,2,L,541,Scott Parker,mgr:c49e040048ca,WhoScored/Opta observed,693,435,347,44.6041847041847,45.86206896551724,51.141379310344824,3466.4,60,19,9,3,5,4,4,11,26,27,13,6,43,39.61473684210526,86.16000000000001,0.7977011494252874,0.13793103448275862,observed_or_transparently_derived,False
understat:28841,1903168,2025-10-05,brentford,manchester_city,H,0,1,L,532,Keith Andrews,mgr:5f487ee40c90,WhoScored/Opta observed,580,350,267,41.51189655172414,41.66428571428571,47.44971428571429,3159.4,44,19,15,0,6,3,4,11,25,16,11,15,33,41.82289156626507,82.5,0.7628571428571429,0.12571428571428572,observed_or_transparently_derived,False
understat:28841,1903168,2025-10-05,manchester_city,brentford,A,1,0,W,4141,Pep Guardiola,mgr:26dfbbc164aa,WhoScored/Opta observed,1042,795,718,49.20614203454895,52.02792452830188,53.83836477987421,3765.3,59,20,10,2,10,8,10,27,25,14,6,21,41,33.83529411764707,84.41999999999999,0.9031446540880503,0.07421383647798742,observed_or_transparently_derived,False
understat:28843,1903172,2025-10-05,everton,crystal_palace,H,2,1,W,4231,David Moyes,mgr:84316c036a2d,WhoScored/Opta observed,824,486,382,45.12281553398058,48.476748971193416,54.24320987654322,4099.8,66,28,21,3,14,9,10,22,51,19,11,37,43,31.99145299145299,86.43571428571428,0.7860082304526749,0.13580246913580246,observed_or_transparently_derived,False
understat:28843,1903172,2025-10-05,crystal_palace,everton,A,1,2,L,3421,Oliver Glasner,mgr:1058459b93f2,WhoScored/Opta observed,812,472,372,42.50012315270936,44.64851694915254,50.148516949152544,3936.5,56,28,15,3,15,11,8,15,51,31,14,39,39,30.298484848484847,86.72666666666666,0.788135593220339,0.11864406779661017,observed_or_transparently_derived,False
understat:28846,1903180,2025-10-05,newcastle_united,nottingham_forest,H,2,0,W,433,Eddie Howe,mgr:65451ab24622,WhoScored/Opta observed,802,522,420,51.540274314214464,52.948467432950196,58.2580459770115,4065.2,71,42,27,3,18,14,15,14,24,16,9,16,45,36.835869565217386,85.39444444444445,0.8045977011494253,0.1360153256704981,observed_or_transparently_derived,False
understat:28846,1903180,2025-10-05,nottingham_forest,newcastle_united,A,0,2,L,343,Ange Postecoglou,mgr:baf747465a0d,WhoScored/Opta observed,790,488,393,38.22696202531645,42.048155737704924,46.94139344262295,3895.5,38,24,19,0,5,4,4,18,24,13,9,42,48,26.393103448275852,85.82000000000001,0.805327868852459,0.0778688524590164,observed_or_transparently_derived,False
understat:28847,1903182,2025-10-05,wolverhampton_wanderers,brighton,H,1,1,D,433,Vítor Manuel de Oliveira Lopes Pereira,mgr:807de4c745b0,WhoScored/Opta observed,699,391,296,39.16337625178827,41.915601023017906,49.35242966751918,4036.0,48,20,16,0,6,3,4,18,27,26,9,33,45,30.01652173913044,88.34999999999998,0.7570332480818415,0.12276214833759591,observed_or_transparently_derived,False
understat:28847,1903182,2025-10-05,brighton,wolverhampton_wanderers,A,1,1,D,4231,Fabian Hürzeler,mgr:dfda8206a0e2,WhoScored/Opta observed,853,551,464,48.17221570926143,49.28911070780399,53.252813067150626,3886.4,66,41,33,1,18,12,13,37,27,19,9,17,43,36.18775510204081,78.73888888888888,0.8421052631578947,0.11978221415607986,observed_or_transparently_derived,False
understat:28848,1903184,2025-10-18,brighton,newcastle_united,H,2,1,W,4231,Fabian Hürzeler,mgr:dfda8206a0e2,WhoScored/Opta observed,746,457,359,45.95348525469169,48.6253829321663,53.54398249452954,3638.9,48,26,20,3,13,10,10,17,29,21,5,31,40,38.18691588785046,82.52307692307691,0.7855579868708972,0.1050328227571116,observed_or_transparently_derived,False
understat:28848,1903184,2025-10-18,newcastle_united,brighton,A,1,2,L,433,Eddie Howe,mgr:65451ab24622,WhoScored/Opta observed,839,551,458,45.593325387365915,48.202540834845735,52.655898366606166,3795.8,49,35,25,1,16,8,11,29,29,17,7,22,37,29.35698924731182,85.8125,0.8312159709618875,0.08892921960072596,observed_or_transparently_derived,False
understat:28849,1903187,2025-10-18,burnley,leeds_united,H,2,0,W,4231,Scott Parker,mgr:c49e040048ca,WhoScored/Opta observed,609,321,236,36.398357963875206,42.126168224299064,49.38847352024922,3127.1,36,14,17,0,4,3,3,12,42,14,17,58,30,23.31693548387097,77.64999999999999,0.735202492211838,0.11214953271028037,observed_or_transparently_derived,False
understat:28849,1903187,2025-10-18,leeds_united,burnley,A,0,2,L,433,Daniel Farke,mgr:fa5d385e34dc,WhoScored/Opta observed,935,691,569,52.45743315508021,52.85730824891462,55.89826338639652,4022.8,61,48,48,0,19,7,16,12,42,13,12,13,33,40.861728395061725,89.67894736842105,0.8234442836468886,0.08827785817655572,observed_or_transparently_derived,False
understat:28850,1903189,2025-10-18,crystal_palace,bournemouth,H,3,3,D,3421,Oliver Glasner,mgr:1058459b93f2,WhoScored/Opta observed,765,441,327,46.3956862745098,46.15079365079365,53.50839002267574,4402.2,60,45,19,3,20,14,12,20,54,23,6,32,44,33.98034188034188,88.14000000000001,0.7414965986394558,0.1360544217687075,observed_or_transparently_derived,False
understat:28850,1903189,2025-10-18,bournemouth,crystal_palace,A,3,3,D,4231,Andoni Iraola,mgr:b4b8eecb310f,WhoScored/Opta observed,745,400,300,40.05812080536913,43.411500000000004,50.546749999999996,3848.6,43,30,14,2,8,5,5,13,54,18,12,49,34,29.03032786885246,86.225,0.75,0.1075,observed_or_transparently_derived,False
understat:28851,1903190,2025-10-18,fulham,arsenal,H,0,1,L,4231,Marco Alexandre Saraiva da Silva,mgr:d242da40969a,WhoScored/Opta observed,634,354,266,37.342744479495266,40.85762711864407,48.46271186440678,3886.0,37,28,19,1,9,3,8,10,30,20,7,34,33,22.509803921568633,83.86666666666667,0.751412429378531,0.10451977401129943,observed_or_transparently_derived,False
understat:28851,1903190,2025-10-18,arsenal,fulham,A,1,0,W,433,Mikel Arteta,mgr:5fdd2f365fdc,WhoScored/Opta observed,858,590,496,52.58391608391609,54.34305084745763,58.782711864406785,4342.8,80,48,26,6,16,9,13,15,30,9,1,31,45,35.69239130434782,89.7125,0.8406779661016949,0.13559322033898305,observed_or_transparently_derived,False
understat:28853,1903192,2025-10-18,manchester_city,everton,H,2,0,W,4141,Pep Guardiola,mgr:26dfbbc164aa,WhoScored/Opta observed,1075,794,715,49.94,51.02027707808564,52.81209068010076,3929.6,69,29,20,8,19,14,17,27,35,15,5,26,35,35.30581395348837,87.13684210526316,0.9005037783375315,0.08690176322418136,observed_or_transparently_derived,False
understat:28853,1903192,2025-10-18,everton,manchester_city,A,0,2,L,4231,David Moyes,mgr:84316c036a2d,WhoScored/Opta observed,609,325,247,41.29967159277504,46.28953846153847,53.07353846153847,3322.3,43,21,11,1,5,3,3,16,35,18,7,29,37,26.778350515463917,89.08,0.76,0.13230769230769232,observed_or_transparently_derived,False
understat:28854,1903193,2025-10-18,nottingham_forest,chelsea,H,0,3,L,532,Ange Postecoglou,mgr:baf747465a0d,WhoScored/Opta observed,748,494,397,44.73021390374331,46.72429149797571,51.794736842105266,4149.0,50,34,23,1,12,4,9,19,18,19,9,14,36,37.214457831325305,88.40000000000002,0.8036437246963563,0.10121457489878542,observed_or_transparently_derived,False
understat:28854,1903193,2025-10-18,chelsea,nottingham_forest,A,3,0,W,4231,Enzo Maresca,mgr:dc01d928d84f,WhoScored/Opta observed,782,490,417,43.38196930946291,43.08265306122449,47.62714285714286,3959.7999999999997,52,21,12,4,17,11,12,25,18,15,13,22,43,36.266,85.15882352941176,0.8510204081632653,0.10612244897959183,observed_or_transparently_derived,False
understat:28855,1903194,2025-10-18,sunderland,wolverhampton_wanderers,H,2,0,W,4231,Régis Le Bris,mgr:1a031e232e88,WhoScored/Opta observed,651,370,258,42.17864823348694,46.07459459459459,54.1681081081081,3956.4,47,30,14,0,8,5,7,18,59,14,7,38,34,25.054545454545462,85.5,0.6972972972972973,0.12702702702702703,observed_or_transparently_derived,False
understat:28855,1903194,2025-10-18,wolverhampton_wanderers,sunderland,A,0,2,L,433,Vítor Manuel de Oliveira Lopes Pereira,mgr:807de4c745b0,WhoScored/Opta observed,832,529,429,48.84951923076923,51.62381852551985,56.186956521739134,4181.9,65,40,31,0,17,9,10,18,59,15,8,39,34,36.21057692307692,79.12352941176471,0.8109640831758034,0.12287334593572778,observed_or_transparently_derived,False
understat:28852,1903191,2025-10-19,liverpool,manchester_united,H,1,2,L,4231,Arne Slot,mgr:328a5fafed26,WhoScored/Opta observed,843,565,451,51.379359430604985,53.23203539823009,58.43610619469027,4566.2,63,49,49,3,19,8,18,14,39,13,5,29,29,33.458749999999995,88.43684210526314,0.7982300884955752,0.11150442477876106,observed_or_transparently_derived,False
understat:28852,1903191,2025-10-19,manchester_united,liverpool,A,2,1,W,3421,Ruben Filipe Marques Diogo Amorim,mgr:662d1720cf8b,WhoScored/Opta observed,629,324,218,41.039427662957074,46.74074074074074,58.788271604938274,4908.0,63,24,16,2,12,7,9,10,39,15,6,49,30,22.027358490566037,87.46666666666668,0.6728395061728395,0.19444444444444445,observed_or_transparently_derived,False
understat:28856,1903195,2025-10-19,tottenham_hotspur,aston_villa,H,1,2,L,4231,Thomas Frank,mgr:1e78f2997997,WhoScored/Opta observed,720,432,360,46.18611111111111,47.61157407407407,52.03055555555555,3068.2,47,32,26,0,10,5,9,22,24,25,6,32,41,33.48878504672897,87.61999999999999,0.8333333333333334,0.1087962962962963,observed_or_transparently_derived,False
understat:28856,1903195,2025-10-19,aston_villa,tottenham_hotspur,A,2,1,W,4231,Unai Emery,mgr:dcdf2dffc0c2,WhoScored/Opta observed,660,389,312,41.220757575757574,43.79717223650386,49.7974293059126,3384.9,43,25,17,2,8,4,5,20,24,24,2,30,34,29.152040816326533,81.55,0.8020565552699229,0.11053984575835475,observed_or_transparently_derived,False
understat:28857,1903196,2025-10-20,west_ham,brentford,H,0,2,L,4231,Nuno Herlander Simões Espírito Santo,mgr:b68b19e445ac,WhoScored/Opta observed,704,398,290,40.845454545454544,47.12160804020101,53.95226130653266,3689.6,33,26,21,2,7,4,4,10,50,16,2,40,35,26.791836734693877,80.42857142857143,0.7286432160804021,0.0829145728643216,observed_or_transparently_derived,False
understat:28857,1903196,2025-10-20,brentford,west_ham,A,2,0,W,4231,Keith Andrews,mgr:5f487ee40c90,WhoScored/Opta observed,794,503,407,47.2492443324937,46.943737574552685,52.546520874751494,4198.2,52,48,26,2,22,12,20,19,50,11,7,28,39,32.53368421052632,90.19999999999999,0.8091451292246521,0.10337972166998012,observed_or_transparently_derived,False
understat:28864,1903203,2025-10-24,leeds_united,west_ham,H,2,1,W,433,Daniel Farke,mgr:fa5d385e34dc,WhoScored/Opta observed,704,403,320,38.4609375,39.050868486352364,45.788337468982625,4084.8,37,15,12,2,13,8,9,10,41,21,12,40,37,30.526724137931037,85.92307692307692,0.794044665012407,0.09181141439205956,observed_or_transparently_derived,False
understat:28864,1903203,2025-10-24,west_ham,leeds_united,A,1,2,L,343,Nuno Herlander Simões Espírito Santo,mgr:b68b19e445ac,WhoScored/Opta observed,851,583,465,48.971210340775556,50.70188679245283,55.19742710120069,4083.1,63,32,23,2,9,6,7,17,41,12,4,12,46,39.79358974358975,83.63333333333334,0.7975986277873071,0.10806174957118353,observed_or_transparently_derived,False
understat:28861,1903200,2025-10-25,brentford,liverpool,H,3,2,W,4231,Keith Andrews,mgr:5f487ee40c90,WhoScored/Opta observed,676,335,225,45.8448224852071,48.12477611940298,56.7510447761194,3816.4,50,34,19,3,17,10,11,24,53,15,14,35,48,31.05526315789474,86.27058823529411,0.6716417910447762,0.14925373134328357,observed_or_transparently_derived,False
understat:28861,1903200,2025-10-25,liverpool,brentford,A,2,3,L,4231,Arne Slot,mgr:328a5fafed26,WhoScored/Opta observed,965,629,516,45.66932642487047,49.36518282988871,54.042766295707466,4862.1,74,40,23,2,18,11,11,22,53,21,4,42,44,29.812280701754386,86.87222222222222,0.8203497615262321,0.11764705882352941,observed_or_transparently_derived,False
understat:28862,1903201,2025-10-25,chelsea,sunderland,H,1,2,L,4231,Enzo Maresca,mgr:dc01d928d84f,WhoScored/Opta observed,929,678,589,48.386652314316464,50.125516224188786,53.350294985250734,4073.5,61,40,30,1,16,11,14,18,25,8,3,19,41,29.858666666666668,85.6625,0.8687315634218289,0.08997050147492626,observed_or_transparently_derived,False
understat:28862,1903201,2025-10-25,sunderland,chelsea,A,2,1,W,541,Régis Le Bris,mgr:1a031e232e88,WhoScored/Opta observed,582,320,243,39.835910652920965,43.458124999999995,52.642500000000005,3912.9,55,23,10,1,10,8,6,13,25,14,8,33,32,27.618478260869566,86.39000000000001,0.759375,0.171875,observed_or_transparently_derived,False
understat:28865,1903204,2025-10-25,manchester_united,brighton,H,4,2,W,3421,Ruben Filipe Marques Diogo Amorim,mgr:662d1720cf8b,WhoScored/Opta observed,801,470,379,46.06317103620474,48.302765957446816,53.95808510638297,4075.4,46,24,10,6,13,10,12,24,33,21,14,16,53,40.572881355932196,83.84615384615384,0.8063829787234043,0.09787234042553192,observed_or_transparently_derived,False
understat:28865,1903204,2025-10-25,brighton,manchester_united,A,2,4,L,4231,Fabian Hürzeler,mgr:dfda8206a0e2,WhoScored/Opta observed,919,602,506,43.425027203482045,43.55348837209302,46.92458471760797,3725.6,45,29,17,1,17,9,13,26,33,18,12,18,60,36.425000000000004,80.97058823529412,0.840531561461794,0.07475083056478406,observed_or_transparently_derived,False
understat:28866,1903205,2025-10-25,newcastle_united,fulham,H,2,1,W,433,Eddie Howe,mgr:65451ab24622,WhoScored/Opta observed,795,495,407,47.154716981132076,47.90767676767677,52.72121212121212,3728.3999999999996,51,23,20,1,18,12,14,19,25,14,7,21,46,38.81530612244897,85.83888888888889,0.8222222222222222,0.10303030303030303,observed_or_transparently_derived,False
understat:28866,1903205,2025-10-25,fulham,newcastle_united,A,1,2,L,4231,Marco Alexandre Saraiva da Silva,mgr:d242da40969a,WhoScored/Opta observed,760,484,376,41.33697368421053,43.946280991735534,48.45103305785125,3771.7,48,15,13,0,12,10,7,15,25,19,9,20,43,30.833673469387755,86.84999999999998,0.7768595041322314,0.09917355371900827,observed_or_transparently_derived,False
understat:28858,1903197,2025-10-26,bournemouth,nottingham_forest,H,2,0,W,4231,Andoni Iraola,mgr:b4b8eecb310f,WhoScored/Opta observed,772,484,381,45.898575129533675,47.610950413223144,52.502272727272725,3744.8,45,27,12,0,13,9,8,17,37,9,12,18,44,35.91630434782609,83.35384615384615,0.7871900826446281,0.09297520661157024,observed_or_transparently_derived,False
understat:28858,1903197,2025-10-26,nottingham_forest,bournemouth,A,0,2,L,4231,Sean Dyche,mgr:224591e666ec,WhoScored/Opta observed,716,442,335,43.62011173184357,46.14773755656108,53.13642533936651,4654.0,62,21,14,1,8,6,7,9,37,19,9,19,43,31.214583333333337,84.0875,0.7579185520361991,0.14027149321266968,observed_or_transparently_derived,False
understat:28859,1903198,2025-10-26,arsenal,crystal_palace,H,1,0,W,433,Mikel Arteta,mgr:5fdd2f365fdc,WhoScored/Opta observed,844,570,463,46.80260663507109,48.17333333333334,53.36122807017544,4738.099999999999,87,23,11,3,10,6,7,15,37,12,6,29,37,32.51595744680851,87.28,0.8122807017543859,0.15263157894736842,observed_or_transparently_derived,False
understat:28859,1903198,2025-10-26,crystal_palace,arsenal,A,0,1,L,3421,Oliver Glasner,mgr:1058459b93f2,WhoScored/Opta observed,661,392,287,41.65385779122542,45.57474489795917,53.34158163265305,4007.9,46,20,10,4,7,4,4,7,37,16,12,44,39,29.133333333333333,84.91428571428571,0.7321428571428571,0.11734693877551021,observed_or_transparently_derived,False
understat:28860,1903199,2025-10-26,aston_villa,manchester_city,H,1,0,W,4231,Unai Emery,mgr:dcdf2dffc0c2,WhoScored/Opta observed,740,481,407,38.45864864864865,41.6,46.42141372141372,4134.8,48,26,14,3,9,8,6,17,16,18,7,21,29,24.603749999999998,88.94444444444444,0.8461538461538461,0.0997920997920998,observed_or_transparently_derived,False
understat:28860,1903199,2025-10-26,manchester_city,aston_villa,A,0,1,L,4141,Pep Guardiola,mgr:26dfbbc164aa,WhoScored/Opta observed,795,542,478,51.952452830188676,55.2819188191882,57.717527675276756,2750.0,52,42,21,3,18,13,14,20,16,14,11,19,40,34.89545454545455,86.54444444444444,0.8819188191881919,0.0959409594095941,observed_or_transparently_derived,False
understat:28863,1903202,2025-10-26,everton,tottenham_hotspur,H,0,3,L,4231,David Moyes,mgr:84316c036a2d,WhoScored/Opta observed,766,495,391,50.63825065274152,53.964444444444446,58.224444444444444,3541.2,56,47,33,6,12,7,9,23,30,19,6,26,41,33.48041237113402,86.30833333333332,0.7898989898989899,0.11313131313131314,observed_or_transparently_derived,False
understat:28863,1903202,2025-10-26,tottenham_hotspur,everton,A,3,0,W,4231,Thomas Frank,mgr:1e78f2997997,WhoScored/Opta observed,742,430,347,38.732479784366575,41.52883720930233,46.653720930232566,3543.4,37,22,16,0,7,5,4,21,30,20,6,53,40,23.58425196850393,90.18571428571428,0.8069767441860465,0.08604651162790698,observed_or_transparently_derived,False
understat:28867,1903206,2025-10-26,wolverhampton_wanderers,burnley,H,2,3,L,433,Vítor Manuel de Oliveira Lopes Pereira,mgr:807de4c745b0,WhoScored/Opta observed,855,559,445,50.86210526315789,54.357066189624334,58.68747763864044,4067.1,73,44,46,0,15,9,9,16,39,14,9,26,42,36.63232323232322,85.76,0.7960644007155635,0.13059033989266547,observed_or_transparently_derived,False
understat:28867,1903206,2025-10-26,burnley,wolverhampton_wanderers,A,3,2,W,4231,Scott Parker,mgr:c49e040048ca,WhoScored/Opta observed,726,427,326,41.95426997245179,45.81709601873536,52.49063231850117,3953.8,56,26,16,2,11,10,7,13,39,19,5,48,26,26.596261682242982,83.23636363636365,0.7634660421545667,0.13114754098360656,observed_or_transparently_derived,False
understat:28868,1903207,2025-11-01,brighton,leeds_united,H,3,0,W,4231,Fabian Hürzeler,mgr:dfda8206a0e2,WhoScored/Opta observed,771,527,458,42.76498054474708,42.33491461100569,45.80796963946869,3599.9,50,17,11,0,14,9,9,12,19,24,3,15,35,38.60975609756099,84.20714285714287,0.8690702087286527,0.09487666034155598,observed_or_transparently_derived,False
understat:28868,1903207,2025-11-01,leeds_united,brighton,A,0,3,L,4141,Daniel Farke,mgr:fa5d385e34dc,WhoScored/Opta observed,771,528,448,41.974578469520104,42.38200757575758,45.70435606060607,3563.3,35,19,19,2,5,3,4,28,19,12,6,19,32,32.23472222222222,84.99999999999999,0.8484848484848485,0.06628787878787878,observed_or_transparently_derived,False
understat:28869,1903208,2025-11-01,burnley,arsenal,H,0,2,L,541,Scott Parker,mgr:c49e040048ca,WhoScored/Opta observed,713,462,365,43.86690042075736,46.519047619047626,51.70844155844156,3785.9,57,22,13,2,3,0,1,15,32,14,7,27,29,33.84390243902439,85.96666666666665,0.79004329004329,0.12337662337662338,observed_or_transparently_derived,False
understat:28869,1903208,2025-11-01,arsenal,burnley,A,2,0,W,433,Mikel Arteta,mgr:5fdd2f365fdc,WhoScored/Opta observed,803,533,448,43.94059775840598,45.72251407129456,50.224765478424004,3799.4,50,26,17,5,12,9,10,15,32,16,6,31,39,31.389523809523812,87.52499999999998,0.8405253283302064,0.09380863039399624,observed_or_transparently_derived,False
understat:28870,1903209,2025-11-01,crystal_palace,brentford,H,2,0,W,3421,Oliver Glasner,mgr:1058459b93f2,WhoScored/Opta observed,581,311,201,44.29879518072289,47.81382636655949,58.27331189710611,3982.7999999999997,57,35,18,0,10,7,4,9,41,13,12,31,41,32.75825242718446,83.83,0.6463022508038585,0.1832797427652733,observed_or_transparently_derived,False
understat:28870,1903209,2025-11-01,brentford,crystal_palace,A,0,2,L,4231,Keith Andrews,mgr:5f487ee40c90,WhoScored/Opta observed,833,537,417,42.06926770708283,44.465176908752326,50.08212290502793,4714.4,66,32,18,0,7,5,3,16,41,16,4,39,49,29.377477477477477,72.00000000000001,0.776536312849162,0.12290502793296089,observed_or_transparently_derived,False
understat:28871,1903210,2025-11-01,fulham,wolverhampton_wanderers,H,3,0,W,4231,Marco Alexandre Saraiva da Silva,mgr:d242da40969a,WhoScored/Opta observed,877,611,518,47.336259977194985,49.25548281505728,53.07414075286415,4178.3,58,33,24,2,19,14,16,19,28,6,4,24,38,28.532894736842106,84.25263157894737,0.8477905073649754,0.09492635024549918,observed_or_transparently_derived,False
understat:28871,1903210,2025-11-01,wolverhampton_wanderers,fulham,A,0,3,L,532,Vítor Manuel de Oliveira Lopes Pereira,mgr:807de4c745b0,WhoScored/Opta observed,624,349,258,41.596634615384616,45.41661891117479,53.99512893982808,4149.8,64,28,16,0,6,4,4,6,28,17,10,31,32,32.44,71.78333333333333,0.7392550143266475,0.1833810888252149,observed_or_transparently_derived,False
understat:28872,1903211,2025-11-01,liverpool,aston_villa,H,2,0,W,4231,Arne Slot,mgr:328a5fafed26,WhoScored/Opta observed,736,500,431,48.8820652173913,50.4894,55.171600000000005,3824.8,63,25,15,3,16,9,12,16,16,12,6,29,32,30.370588235294118,82.04374999999999,0.862,0.126,observed_or_transparently_derived,False
understat:28872,1903211,2025-11-01,aston_villa,liverpool,A,0,2,L,4231,Unai Emery,mgr:dcdf2dffc0c2,WhoScored/Opta observed,675,433,352,40.12696296296296,42.69353348729792,48.008083140877595,3754.8,51,29,20,3,10,4,10,11,16,11,6,28,25,27.974999999999998,80.87,0.812933025404157,0.11778290993071594,observed_or_transparently_derived,False
understat:28874,1903213,2025-11-01,nottingham_forest,manchester_united,H,2,2,D,4231,Sean Dyche,mgr:224591e666ec,WhoScored/Opta observed,673,394,280,48.2554234769688,50.75177664974618,59.03807106598985,4557.4,57,36,25,0,17,9,12,11,46,17,11,16,45,36.57872340425531,87.08235294117647,0.7106598984771574,0.1446700507614213,observed_or_transparently_derived,False
understat:28874,1903213,2025-11-01,manchester_united,nottingham_forest,A,2,2,D,3421,Ruben Filipe Marques Diogo Amorim,mgr:662d1720cf8b,WhoScored/Opta observed,852,553,457,42.792018779342726,44.08010849909584,49.739602169981914,4992.2,63,21,13,3,18,12,15,22,46,12,10,21,50,32.34583333333333,82.9,0.8264014466546112,0.11392405063291139,observed_or_transparently_derived,False
understat:28876,1903215,2025-11-01,tottenham_hotspur,chelsea,H,0,1,L,4231,Thomas Frank,mgr:1e78f2997997,WhoScored/Opta observed,769,433,319,41.09011703511053,42.52032332563511,48.633718244803696,4165.7,47,26,18,0,3,2,3,22,41,30,4,21,50,33.90521739130435,84.56666666666666,0.7367205542725174,0.10854503464203233,observed_or_transparently_derived,False
understat:28876,1903215,2025-11-01,chelsea,tottenham_hotspur,A,1,0,W,4231,Enzo Maresca,mgr:dc01d928d84f,WhoScored/Opta observed,806,466,372,47.93449131513647,49.033261802575105,54.24034334763949,4074.3,53,20,14,1,15,10,14,31,41,20,17,19,54,41.262184873949565,87.67999999999999,0.7982832618025751,0.11373390557939914,observed_or_transparently_derived,False
understat:28873,1903212,2025-11-02,manchester_city,bournemouth,H,3,1,W,4321,Pep Guardiola,mgr:26dfbbc164aa,WhoScored/Opta observed,791,532,449,47.814664981036664,50.31616541353384,53.808458646616536,3290.7999999999997,53,26,17,1,15,11,13,30,15,10,9,22,35,28.99876543209876,88.08666666666666,0.8439849624060151,0.09962406015037593,observed_or_transparently_derived,False
understat:28873,1903212,2025-11-02,bournemouth,manchester_city,A,1,3,L,4231,Andoni Iraola,mgr:b4b8eecb310f,WhoScored/Opta observed,824,554,473,44.01674757281554,46.798375451263546,50.075090252707575,3641.7000000000003,55,28,22,4,8,6,5,12,15,23,5,27,42,34.00925925925926,77.19999999999999,0.8537906137184116,0.09927797833935018,observed_or_transparently_derived,False
understat:28877,1903216,2025-11-02,west_ham,newcastle_united,H,3,1,W,433,Nuno Herlander Simões Espírito Santo,mgr:b68b19e445ac,WhoScored/Opta observed,633,363,269,42.63554502369668,47.96501377410468,55.18539944903581,3852.6,41,21,23,2,15,12,10,11,16,21,7,41,37,26.709734513274338,85.65333333333334,0.7410468319559229,0.11294765840220386,observed_or_transparently_derived,False
understat:28877,1903216,2025-11-02,newcastle_united,west_ham,A,1,3,L,433,Eddie Howe,mgr:65451ab24622,WhoScored/Opta observed,853,605,500,49.2461899179367,52.802148760330574,57.27917355371901,4567.3,89,38,29,0,13,7,8,15,16,8,9,18,33,33.04999999999999,77.04615384615386,0.8264462809917356,0.14710743801652892,observed_or_transparently_derived,False
understat:28875,1903214,2025-11-03,sunderland,everton,H,1,1,D,343,Régis Le Bris,mgr:1a031e232e88,WhoScored/Opta observed,844,571,468,48.735189573459714,48.45113835376532,53.38546409807356,4636.8,80,39,21,1,17,10,13,22,39,14,5,21,47,37.31595744680851,86.78823529411765,0.819614711033275,0.14010507880910683,observed_or_transparently_derived,False
understat:28875,1903214,2025-11-03,everton,sunderland,A,1,1,D,4231,David Moyes,mgr:84316c036a2d,WhoScored/Opta observed,671,380,283,39.91907600596125,45.75631578947368,53.15526315789474,3818.9,47,22,9,3,8,5,4,14,39,14,8,45,39,26.19464285714286,83.75,0.7447368421052631,0.12368421052631579,observed_or_transparently_derived,False
understat:28880,1903219,2025-11-08,chelsea,wolverhampton_wanderers,H,3,0,W,4231,Enzo Maresca,mgr:dc01d928d84f,WhoScored/Opta observed,883,654,560,53.117440543601354,54.62951070336392,57.42721712538226,4013.8,70,40,28,5,20,14,14,21,16,9,7,17,39,35.00533333333334,86.555,0.8562691131498471,0.10703363914373089,observed_or_transparently_derived,False
understat:28880,1903219,2025-11-08,wolverhampton_wanderers,chelsea,A,0,3,L,532,James Collins,mgr:b72337fa641c,WhoScored/Opta observed,616,379,304,37.63814935064935,41.92506596306068,47.61451187335093,3853.6,40,12,12,1,3,0,2,9,16,10,12,32,32,25.3054347826087,80.36666666666666,0.8021108179419525,0.10554089709762533,observed_or_transparently_derived,False
understat:28882,1903221,2025-11-08,everton,fulham,H,2,0,W,4231,David Moyes,mgr:84316c036a2d,WhoScored/Opta observed,726,452,364,49.92644628099173,52.24513274336284,57.223230088495576,3541.5,53,33,23,1,14,9,10,19,28,15,4,24,36,34.16263736263736,84.98571428571428,0.8053097345132744,0.1172566371681416,observed_or_transparently_derived,False
understat:28882,1903221,2025-11-08,fulham,everton,A,0,2,L,4231,Marco Alexandre Saraiva da Silva,mgr:d242da40969a,WhoScored/Opta observed,726,446,358,39.52134986225895,42.369730941704034,46.55986547085202,3290.6,37,23,17,1,8,7,6,21,28,17,13,36,32,26.706666666666663,83.55,0.8026905829596412,0.08295964125560538,observed_or_transparently_derived,False
understat:28885,1903224,2025-11-08,sunderland,arsenal,H,2,2,D,541,Régis Le Bris,mgr:1a031e232e88,WhoScored/Opta observed,580,318,235,41.6948275862069,46.471698113207545,53.82861635220126,3309.2,43,28,15,2,6,4,5,7,46,16,6,42,20,21.2,89.36666666666667,0.7389937106918238,0.13522012578616352,observed_or_transparently_derived,False
understat:28885,1903224,2025-11-08,arsenal,sunderland,A,2,2,D,4231,Mikel Arteta,mgr:5fdd2f365fdc,WhoScored/Opta observed,820,574,484,54.259878048780486,57.81358885017421,61.694076655052264,3902.6,62,45,23,2,17,11,9,18,46,12,3,26,36,34.63375,84.40588235294118,0.8432055749128919,0.10801393728222997,observed_or_transparently_derived,False
understat:28886,1903225,2025-11-08,tottenham_hotspur,manchester_united,H,2,2,D,4231,Thomas Frank,mgr:1e78f2997997,WhoScored/Opta observed,822,515,411,48.30474452554745,49.52699029126214,54.211456310679615,4041.5,65,29,31,0,10,7,6,27,31,26,7,18,51,40.37603305785124,85.78999999999999,0.7980582524271844,0.1262135922330097,observed_or_transparently_derived,False
understat:28886,1903225,2025-11-08,manchester_united,tottenham_hotspur,A,2,2,D,3421,Ruben Filipe Marques Diogo Amorim,mgr:662d1720cf8b,WhoScored/Opta observed,728,434,329,42.83434065934066,45.29101382488479,51.08387096774194,3902.1,40,19,16,4,5,3,5,20,31,21,6,27,45,31.729523809523812,91.13999999999999,0.7580645161290323,0.09216589861751152,observed_or_transparently_derived,False
understat:28887,1903226,2025-11-08,west_ham,burnley,H,3,2,W,433,Nuno Herlander Simões Espírito Santo,mgr:b68b19e445ac,WhoScored/Opta observed,709,412,327,45.25712270803949,48.62912621359222,54.81699029126213,3894.0,47,28,18,0,15,14,9,20,30,14,13,29,39,32.37619047619047,85.68666666666667,0.7936893203883495,0.11407766990291263,observed_or_transparently_derived,False
understat:28887,1903226,2025-11-08,burnley,west_ham,A,2,3,L,4231,Scott Parker,mgr:c49e040048ca,WhoScored/Opta observed,847,551,457,45.71180637544274,49.06588021778584,53.39201451905626,3907.6,68,34,15,2,16,14,10,17,30,16,7,30,44,29.270370370370376,84.1625,0.8294010889292196,0.12341197822141561,observed_or_transparently_derived,False
understat:28878,1903217,2025-11-09,aston_villa,bournemouth,H,4,0,W,442,Unai Emery,mgr:dcdf2dffc0c2,WhoScored/Opta observed,672,382,289,44.43407738095238,45.635602094240845,51.9759162303665,3596.7,54,27,20,2,16,14,11,17,19,20,6,26,31,37.90638297872341,86.18125,0.756544502617801,0.14136125654450263,observed_or_transparently_derived,False
understat:28878,1903217,2025-11-09,bournemouth,aston_villa,A,0,4,L,4231,Andoni Iraola,mgr:b4b8eecb310f,WhoScored/Opta observed,665,363,277,44.59037593984962,50.32865013774104,55.29090909090909,2787.0,43,27,21,3,12,7,7,27,19,16,11,34,38,29.21682242990654,83.80833333333334,0.7630853994490359,0.1184573002754821,observed_or_transparently_derived,False
understat:28879,1903218,2025-11-09,brentford,newcastle_united,H,3,1,W,4231,Keith Andrews,mgr:5f487ee40c90,WhoScored/Opta observed,732,467,344,48.98142076502732,49.32762312633833,55.30920770877945,4158.3,64,41,16,0,15,11,9,16,30,17,10,15,53,35.19702970297029,87.84,0.7366167023554604,0.13704496788008566,observed_or_transparently_derived,False
understat:28879,1903218,2025-11-09,newcastle_united,brentford,A,1,3,L,433,Eddie Howe,mgr:65451ab24622,WhoScored/Opta observed,767,476,383,41.39700130378097,47.05819327731093,52.75840336134454,4107.2,51,22,15,0,5,2,4,13,30,10,5,54,42,28.91393442622951,82.05999999999999,0.8046218487394958,0.10714285714285714,observed_or_transparently_derived,False
understat:28881,1903220,2025-11-09,crystal_palace,brighton,H,0,0,D,3421,Oliver Glasner,mgr:1058459b93f2,WhoScored/Opta observed,705,410,299,41.7977304964539,43.090731707317076,49.77634146341464,3911.8,47,29,13,0,10,3,8,15,41,21,14,30,39,31.128440366972477,88.43,0.7292682926829268,0.11463414634146342,observed_or_transparently_derived,False
understat:28881,1903220,2025-11-09,brighton,crystal_palace,A,0,0,D,4231,Fabian Hürzeler,mgr:dfda8206a0e2,WhoScored/Opta observed,843,548,439,44.94661921708185,45.75620437956205,50.03978102189782,3796.7000000000003,48,35,27,2,7,6,6,16,41,16,4,23,47,37.926,84.81428571428572,0.801094890510949,0.08759124087591241,observed_or_transparently_derived,False
understat:28883,1903222,2025-11-09,manchester_city,liverpool,H,3,0,W,433,Pep Guardiola,mgr:26dfbbc164aa,WhoScored/Opta observed,734,486,402,43.60040871934605,46.047942386831274,48.81625514403292,2922.5,35,18,15,2,14,11,11,20,13,17,9,27,33,28.845054945054947,83.70714285714287,0.8271604938271605,0.0720164609053498,observed_or_transparently_derived,False
understat:28883,1903222,2025-11-09,liverpool,manchester_city,A,0,3,L,4231,Arne Slot,mgr:328a5fafed26,WhoScored/Opta observed,758,506,426,46.60606860158312,48.1395256916996,51.79130434782609,3447.2,64,26,18,6,7,5,6,16,13,8,9,13,32,38.84342105263158,86.31428571428572,0.841897233201581,0.12648221343873517,observed_or_transparently_derived,False
understat:28884,1903223,2025-11-09,nottingham_forest,leeds_united,H,3,1,W,4231,Sean Dyche,mgr:224591e666ec,WhoScored/Opta observed,700,398,299,45.22828571428571,48.36633165829146,56.184924623115585,4298.0,66,35,28,0,14,12,9,17,32,27,6,29,45,30.46440677966101,86.5285714285714,0.7512562814070352,0.1658291457286432,observed_or_transparently_derived,False
understat:28884,1903223,2025-11-09,leeds_united,nottingham_forest,A,1,3,L,433,Daniel Farke,mgr:fa5d385e34dc,WhoScored/Opta observed,768,470,371,42.2109375,41.90702127659574,47.463191489361705,4011.5,64,20,16,0,10,5,5,28,32,15,9,31,40,30.920792079207917,85.12,0.7893617021276595,0.13617021276595745,observed_or_transparently_derived,False
understat:28888,1903227,2025-11-22,bournemouth,west_ham,H,2,2,D,4231,Andoni Iraola,mgr:b4b8eecb310f,WhoScored/Opta observed,984,701,573,57.480284552845525,58.56932952924394,62.15577746077033,4328.400000000001,95,67,54,1,28,17,18,19,21,19,7,11,55,42.50736842105263,85.93928571428572,0.8174037089871612,0.1355206847360913,observed_or_transparently_derived,False
understat:28888,1903227,2025-11-22,west_ham,bournemouth,A,2,2,D,343,Nuno Herlander Simões Espírito Santo,mgr:b68b19e445ac,WhoScored/Opta observed,542,221,120,32.127121771217716,38.460180995475106,54.70633484162895,3987.9,49,16,11,0,5,3,4,13,21,13,9,59,44,23.26923076923077,88.2,0.5429864253393665,0.22171945701357465,observed_or_transparently_derived,False
understat:28890,1903229,2025-11-22,brighton,brentford,H,2,1,W,4231,Fabian Hürzeler,mgr:dfda8206a0e2,WhoScored/Opta observed,899,611,496,45.32202447163515,45.55957446808511,49.237315875613746,4094.3,59,26,20,0,14,6,9,23,22,23,8,20,50,36.89320388349514,84.54285714285713,0.8117839607201309,0.09656301145662848,observed_or_transparently_derived,False
understat:28890,1903229,2025-11-22,brentford,brighton,A,1,2,L,4231,Keith Andrews,mgr:5f487ee40c90,WhoScored/Opta observed,642,343,249,39.764641744548285,39.97842565597668,47.89737609329447,3626.6,42,20,15,0,10,5,5,25,22,20,13,30,48,30.714754098360658,85.35,0.7259475218658892,0.12244897959183673,observed_or_transparently_derived,False
understat:28891,1903230,2025-11-22,burnley,chelsea,H,0,2,L,433,Scott Parker,mgr:c49e040048ca,WhoScored/Opta observed,710,447,350,40.71112676056338,43.5758389261745,49.30402684563759,3897.4,48,20,8,1,8,5,8,8,30,16,12,24,33,30.834831460674152,84.8,0.7829977628635347,0.10738255033557047,observed_or_transparently_derived,False
understat:28891,1903230,2025-11-22,chelsea,burnley,A,2,0,W,4231,Enzo Maresca,mgr:dc01d928d84f,WhoScored/Opta observed,833,552,453,43.27262905162065,42.70199275362319,46.913768115942034,4152.7,39,26,13,9,15,10,11,18,30,15,12,19,46,37.420792079207914,85.88000000000002,0.8206521739130435,0.07065217391304347,observed_or_transparently_derived,False
understat:28892,1903231,2025-11-22,fulham,sunderland,H,1,0,W,4231,Marco Alexandre Saraiva da Silva,mgr:d242da40969a,WhoScored/Opta observed,794,536,445,47.34282115869017,47.900932835820896,52.204850746268654,4091.4,51,32,30,0,24,11,19,16,26,11,6,32,35,31.88913043478261,85.09583333333335,0.8302238805970149,0.09514925373134328,observed_or_transparently_derived,False
understat:28892,1903231,2025-11-22,sunderland,fulham,A,0,1,L,541,Régis Le Bris,mgr:1a031e232e88,WhoScored/Opta observed,663,408,314,40.427752639517344,43.5063725490196,50.20171568627452,3864.5,51,22,18,3,4,3,4,6,26,21,9,28,35,28.50707070707071,91.22500000000001,0.7696078431372549,0.125,observed_or_transparently_derived,False
understat:28894,1903233,2025-11-22,liverpool,nottingham_forest,H,0,3,L,433,Arne Slot,mgr:328a5fafed26,WhoScored/Opta observed,992,702,601,54.98901209677419,57.01481481481482,60.47079772079772,4582.4,88,47,39,1,21,13,18,35,29,15,4,17,32,41.770129870129864,86.64761904761905,0.8561253561253561,0.12535612535612536,observed_or_transparently_derived,False
understat:28894,1903233,2025-11-22,nottingham_forest,liverpool,A,3,0,W,4231,Sean Dyche,mgr:224591e666ec,WhoScored/Opta observed,578,249,170,38.82128027681661,44.85903614457832,56.19799196787149,3547.1,39,22,19,1,15,12,7,22,29,27,7,49,32,23.895798319327735,84.18666666666667,0.6827309236947792,0.1566265060240964,observed_or_transparently_derived,False
understat:28896,1903235,2025-11-22,newcastle_united,manchester_city,H,2,1,W,451,Eddie Howe,mgr:65451ab24622,WhoScored/Opta observed,578,314,238,41.5219723183391,45.29363057324841,53.03121019108281,3368.9,41,20,15,4,9,6,7,12,27,17,7,37,37,32.17980769230769,90.6888888888889,0.7579617834394905,0.1305732484076433,observed_or_transparently_derived,False
understat:28896,1903235,2025-11-22,manchester_city,newcastle_united,A,1,2,L,4321,Pep Guardiola,mgr:26dfbbc164aa,WhoScored/Opta observed,902,632,551,51.08359201773836,54.11787974683544,57.05300632911393,3653.6,73,37,28,5,17,8,13,26,27,13,10,17,36,32.59634146341463,86.47647058823529,0.8718354430379747,0.11550632911392406,observed_or_transparently_derived,False
understat:28897,1903236,2025-11-22,wolverhampton_wanderers,crystal_palace,H,0,2,L,532,Rob Edwards,mgr:434bf1b2b6dc,WhoScored/Opta observed,743,445,350,42.97267833109018,45.500449438202246,51.211910112359554,3805.9,59,25,15,0,8,3,5,17,25,21,8,44,40,30.499180327868853,85.1875,0.7865168539325843,0.13258426966292136,observed_or_transparently_derived,False
understat:28897,1903236,2025-11-22,crystal_palace,wolverhampton_wanderers,A,2,0,W,343,Oliver Glasner,mgr:1058459b93f2,WhoScored/Opta observed,778,480,379,46.55809768637532,48.92395833333333,54.732916666666675,3993.2000000000003,53,40,24,4,10,7,9,22,25,19,10,31,43,34.02456140350876,85.25,0.7895833333333333,0.11041666666666666,observed_or_transparently_derived,False
understat:28889,1903228,2025-11-23,arsenal,tottenham_hotspur,H,4,1,W,4231,Mikel Arteta,mgr:5fdd2f365fdc,WhoScored/Opta observed,758,483,382,51.092744063324545,50.9815734989648,56.02401656314699,3843.9,65,33,15,3,17,10,11,19,29,23,11,17,47,45.221495327102794,85.9235294117647,0.7908902691511387,0.13457556935817805,observed_or_transparently_derived,False
understat:28889,1903228,2025-11-23,tottenham_hotspur,arsenal,A,1,4,L,3421,Thomas Frank,mgr:1e78f2997997,WhoScored/Opta observed,669,367,274,34.751420029895364,36.59564032697547,43.8392370572207,3912.2,37,13,8,0,3,2,3,17,29,21,8,34,38,24.62477876106195,72.39999999999999,0.7465940054495913,0.1008174386920981,observed_or_transparently_derived,False
understat:28893,1903232,2025-11-23,leeds_united,aston_villa,H,1,2,L,433,Daniel Farke,mgr:fa5d385e34dc,WhoScored/Opta observed,764,438,348,46.76596858638743,46.86917808219178,53.18493150684932,3836.2,62,28,27,0,14,9,12,28,24,26,12,22,58,37.88492063492063,88.03571428571429,0.7945205479452054,0.1415525114155251,observed_or_transparently_derived,False
understat:28893,1903232,2025-11-23,aston_villa,leeds_united,A,2,1,W,442,Unai Emery,mgr:dcdf2dffc0c2,WhoScored/Opta observed,789,480,382,41.393789607097595,42.80916666666667,48.52104166666666,4159.1,51,20,15,0,14,7,12,29,24,20,7,22,51,30.161682242990654,84.1285714285714,0.7958333333333333,0.10625,observed_or_transparently_derived,False
understat:28895,1903234,2025-11-24,manchester_united,everton,H,0,1,L,3421,Ruben Filipe Marques Diogo Amorim,mgr:662d1720cf8b,WhoScored/Opta observed,981,695,587,54.451274209989805,56.593525179856115,59.70863309352518,3876.1,70,49,40,6,25,13,20,11,47,14,8,21,48,39.29072164948453,85.48800000000001,0.8446043165467626,0.10071942446043165,observed_or_transparently_derived,False
understat:28895,1903234,2025-11-24,everton,manchester_united,A,1,0,W,4231,David Moyes,mgr:84316c036a2d,WhoScored/Opta observed,617,309,198,38.54797406807131,44.596763754045305,54.41715210355988,3824.8,45,18,12,0,3,2,3,9,47,6,11,47,40,23.48974358974359,85.36666666666667,0.6407766990291263,0.14563106796116504,observed_or_transparently_derived,False
understat:28899,1903238,2025-11-29,brentford,burnley,H,3,1,W,4231,Keith Andrews,mgr:5f487ee40c90,WhoScored/Opta observed,780,459,347,48.15,50.47712418300654,56.76928104575164,3892.9,71,40,26,3,14,5,10,18,46,9,11,53,50,35.41119402985075,90.01428571428572,0.7559912854030502,0.15468409586056645,observed_or_transparently_derived,False
understat:28899,1903238,2025-11-29,burnley,brentford,A,1,3,L,4231,Scott Parker,mgr:c49e040048ca,WhoScored/Opta observed,697,422,280,40.164562410329985,43.89502369668247,52.26327014218009,4711.4,53,32,15,1,6,5,2,10,46,26,7,36,33,28.98454545454545,82.36666666666667,0.6635071090047393,0.12559241706161137,observed_or_transparently_derived,False
understat:28902,1903241,2025-11-29,everton,newcastle_united,H,1,4,L,4231,David Moyes,mgr:84316c036a2d,WhoScored/Opta observed,817,563,478,51.59987760097919,54.6834813499112,58.15666074600355,3947.8,77,36,26,1,10,4,7,14,35,19,9,19,42,38.64081632653061,87.63000000000001,0.8490230905861457,0.13676731793960922,observed_or_transparently_derived,False
understat:28902,1903241,2025-11-29,newcastle_united,everton,A,4,1,W,433,Eddie Howe,mgr:65451ab24622,WhoScored/Opta observed,865,593,511,44.70057803468208,47.355480607082626,50.698482293423275,3896.4,47,27,19,1,13,12,11,16,35,16,3,32,40,28.656122448979595,88.36923076923077,0.8617200674536256,0.07925801011804384,observed_or_transparently_derived,False
understat:28903,1903242,2025-11-29,manchester_city,leeds_united,H,3,2,W,4321,Pep Guardiola,mgr:26dfbbc164aa,WhoScored/Opta observed,892,599,516,49.850112107623325,52.8033388981636,56.01969949916528,3661.4,59,38,29,4,18,15,13,24,37,6,2,28,40,31.76144578313253,88.11666666666667,0.8614357262103506,0.09849749582637729,observed_or_transparently_derived,False
understat:28903,1903242,2025-11-29,leeds_united,manchester_city,A,2,3,L,433,Daniel Farke,mgr:fa5d385e34dc,WhoScored/Opta observed,664,376,276,40.209789156626506,40.486702127659576,47.540159574468085,3889.1,42,23,14,2,9,6,3,13,37,26,8,21,34,32.83958333333333,88.80000000000001,0.7340425531914894,0.11170212765957446,observed_or_transparently_derived,False
understat:28905,1903244,2025-11-29,sunderland,bournemouth,H,3,2,W,4231,Régis Le Bris,mgr:1a031e232e88,WhoScored/Opta observed,667,374,260,45.64152923538231,48.24010695187165,55.73609625668448,3741.2,58,34,25,2,12,8,10,27,36,14,8,28,47,33.09411764705882,87.03333333333332,0.6951871657754011,0.15508021390374332,observed_or_transparently_derived,False
understat:28905,1903244,2025-11-29,bournemouth,sunderland,A,2,3,L,4231,Andoni Iraola,mgr:b4b8eecb310f,WhoScored/Opta observed,817,508,403,46.025336597307216,49.99507874015748,55.847047244094476,4388.9,76,26,25,1,18,10,13,13,36,19,9,22,42,29.362886597938143,84.5888888888889,0.7933070866141733,0.14960629921259844,observed_or_transparently_derived,False
understat:28906,1903245,2025-11-29,tottenham_hotspur,fulham,H,1,2,L,4222,Thomas Frank,mgr:1e78f2997997,WhoScored/Opta observed,892,576,470,50.38576233183856,51.39826388888889,55.37482638888889,3781.9,73,48,39,2,14,8,10,21,39,14,13,17,47,42.008823529411764,87.69285714285715,0.8159722222222222,0.1267361111111111,observed_or_transparently_derived,False
understat:28906,1903245,2025-11-29,fulham,tottenham_hotspur,A,2,1,W,4231,Marco Alexandre Saraiva da Silva,mgr:d242da40969a,WhoScored/Opta observed,672,352,258,36.73690476190476,38.90113636363637,46.168465909090905,3629.7,32,10,11,0,7,6,4,13,39,29,9,49,42,29.604444444444447,84.85714285714286,0.7329545454545454,0.09090909090909091,observed_or_transparently_derived,False
understat:28898,1903237,2025-11-30,aston_villa,wolverhampton_wanderers,H,1,0,W,4231,Unai Emery,mgr:dcdf2dffc0c2,WhoScored/Opta observed,777,496,418,50.97966537966538,54.87580645161291,58.26310483870968,3072.1,65,32,22,2,16,10,13,22,29,16,4,27,39,32.371428571428574,83.9625,0.842741935483871,0.1310483870967742,observed_or_transparently_derived,False
understat:28898,1903237,2025-11-30,wolverhampton_wanderers,aston_villa,A,0,1,L,343,Rob Edwards,mgr:434bf1b2b6dc,WhoScored/Opta observed,742,453,383,43.93059299191375,48.49580573951435,52.819646799117,3485.0,51,26,22,1,9,7,7,19,29,22,6,32,39,28.448623853211007,88.77777777777777,0.8454746136865342,0.11258278145695365,observed_or_transparently_derived,False
understat:28900,1903239,2025-11-30,chelsea,arsenal,H,1,1,D,4231,Enzo Maresca,mgr:dc01d928d84f,WhoScored/Opta observed,580,315,245,42.98586206896552,43.09492063492064,51.74444444444445,3815.2,50,17,17,0,11,6,10,19,39,13,6,31,28,31.439506172839504,86.2181818181818,0.7777777777777778,0.15873015873015872,observed_or_transparently_derived,False
understat:28900,1903239,2025-11-30,arsenal,chelsea,A,1,1,D,433,Mikel Arteta,mgr:5fdd2f365fdc,WhoScored/Opta observed,752,499,413,46.082712765957446,48.701002004008025,53.54829659318638,3693.2,54,26,17,1,8,5,8,14,39,15,10,18,34,29.803797468354425,89.01249999999999,0.8276553106212425,0.10821643286573146,observed_or_transparently_derived,False
understat:28901,1903240,2025-11-30,crystal_palace,manchester_united,H,1,2,L,3421,Oliver Glasner,mgr:1058459b93f2,WhoScored/Opta observed,687,375,265,43.27350800582242,45.42746666666667,53.63440000000001,4083.4,62,26,17,0,14,8,8,9,50,14,7,40,36,29.356862745098034,85.77857142857142,0.7066666666666667,0.16533333333333333,observed_or_transparently_derived,False
understat:28901,1903240,2025-11-30,manchester_united,crystal_palace,A,2,1,W,3421,Ruben Filipe Marques Diogo Amorim,mgr:662d1720cf8b,WhoScored/Opta observed,788,485,371,44.8006345177665,47.43257731958764,53.31381443298969,4476.2,70,32,19,0,14,6,9,16,50,16,10,32,43,32.369811320754714,85.64285714285712,0.7649484536082474,0.14432989690721648,observed_or_transparently_derived,False
understat:28904,1903243,2025-11-30,nottingham_forest,brighton,H,0,2,L,4231,Sean Dyche,mgr:224591e666ec,WhoScored/Opta observed,833,541,432,48.45726290516207,49.867837338262476,55.73512014787431,4717.5,67,48,33,1,19,13,16,28,25,22,7,19,56,35.154545454545456,85.4,0.7985212569316081,0.12384473197781885,observed_or_transparently_derived,False
understat:28904,1903243,2025-11-30,brighton,nottingham_forest,A,2,0,W,4231,Fabian Hürzeler,mgr:dfda8206a0e2,WhoScored/Opta observed,822,504,412,40.017274939172744,41.78194444444444,47.4234126984127,4448.9,56,21,5,1,17,12,11,20,25,19,13,37,49,29.904724409448825,86.12352941176471,0.8174603174603174,0.1111111111111111,observed_or_transparently_derived,False
understat:28907,1903246,2025-11-30,west_ham,liverpool,H,0,2,L,4231,Nuno Herlander Simões Espírito Santo,mgr:b68b19e445ac,WhoScored/Opta observed,666,424,323,47.396096096096095,50.14575471698114,55.85377358490566,3562.2,47,28,26,2,7,5,6,10,25,13,9,22,38,32.3561797752809,83.28571428571429,0.7617924528301887,0.11084905660377359,observed_or_transparently_derived,False
understat:28907,1903246,2025-11-30,liverpool,west_ham,A,2,0,W,4231,Arne Slot,mgr:328a5fafed26,WhoScored/Opta observed,789,549,464,44.45842839036755,47.29234972677595,51.79089253187613,4064.0,63,28,13,1,9,5,8,14,25,11,4,31,39,27.749450549450554,84.58888888888889,0.8451730418943534,0.11475409836065574,observed_or_transparently_derived,False
understat:28908,1903247,2025-12-02,bournemouth,everton,H,0,1,L,4231,Andoni Iraola,mgr:b4b8eecb310f,WhoScored/Opta observed,842,517,427,41.43064133016627,46.32011605415861,51.092649903288205,4110.7,64,23,19,1,5,4,3,19,44,15,3,54,39,25.81065573770492,88.46000000000001,0.8259187620889749,0.12379110251450677,observed_or_transparently_derived,False
understat:28908,1903247,2025-12-02,everton,bournemouth,A,1,0,W,4231,David Moyes,mgr:84316c036a2d,WhoScored/Opta observed,715,433,303,51.29286713286714,53.658660508083145,60.06974595842956,3908.0,61,42,26,2,13,8,10,12,44,18,4,24,43,35.13368421052631,86.8923076923077,0.6997690531177829,0.14087759815242495,observed_or_transparently_derived,False
understat:28912,1903251,2025-12-02,fulham,manchester_city,H,4,5,L,4231,Marco Alexandre Saraiva da Silva,mgr:d242da40969a,WhoScored/Opta observed,921,654,562,46.33355048859934,46.94021406727829,49.78715596330276,3996.5,47,28,21,1,13,10,7,14,20,18,11,18,46,33.34271844660194,80.97692307692309,0.8593272171253823,0.07186544342507645,observed_or_transparently_derived,False
understat:28912,1903251,2025-12-02,manchester_city,fulham,A,5,4,W,433,Pep Guardiola,mgr:26dfbbc164aa,WhoScored/Opta observed,775,494,412,44.82645161290323,47.74757085020243,51.33744939271255,3338.4,41,22,8,5,11,8,8,22,20,16,16,27,39,33.924299065420556,88.41818181818182,0.8340080971659919,0.08299595141700405,observed_or_transparently_derived,False
understat:28916,1903255,2025-12-02,newcastle_united,tottenham_hotspur,H,2,2,D,433,Eddie Howe,mgr:65451ab24622,WhoScored/Opta observed,819,497,403,49.387789987789986,50.796780684104625,55.694969818913485,3571.9,53,46,41,2,19,14,12,21,39,18,9,28,49,39.27327586206897,87.64210526315789,0.8108651911468813,0.10663983903420524,observed_or_transparently_derived,False
understat:28916,1903255,2025-12-02,tottenham_hotspur,newcastle_united,A,2,2,D,4231,Thomas Frank,mgr:1e78f2997997,WhoScored/Opta observed,751,439,338,42.728362183754996,48.24487471526196,54.05763097949885,3804.5,43,36,31,0,8,7,6,23,39,17,8,37,41,27.582407407407413,88.6875,0.7699316628701595,0.0979498861047836,observed_or_transparently_derived,False
understat:28909,1903248,2025-12-03,arsenal,brentford,H,2,0,W,433,Mikel Arteta,mgr:5fdd2f365fdc,WhoScored/Opta observed,866,580,478,48.47390300230947,50.057758620689654,54.151551724137924,4306.8,71,24,15,3,15,11,13,18,36,26,6,24,47,37.652336448598135,86.8,0.8241379310344827,0.12241379310344827,observed_or_transparently_derived,False
understat:28909,1903248,2025-12-03,brentford,arsenal,A,0,2,L,532,Keith Andrews,mgr:5f487ee40c90,WhoScored/Opta observed,658,361,267,40.362310030395136,43.267313019390585,50.596675900277,3827.5,55,29,12,1,6,4,4,18,36,19,10,34,46,26.809482758620685,88.85000000000001,0.739612188365651,0.1523545706371191,observed_or_transparently_derived,False
understat:28910,1903249,2025-12-03,brighton,aston_villa,H,3,4,L,4231,Fabian Hürzeler,mgr:dfda8206a0e2,WhoScored/Opta observed,798,507,422,47.871929824561406,47.531558185404336,51.43550295857989,3556.9,54,27,21,3,16,10,9,23,19,23,9,18,39,43.43608247422681,86.98125,0.8323471400394478,0.10650887573964497,observed_or_transparently_derived,False
understat:28910,1903249,2025-12-03,aston_villa,brighton,A,4,3,W,4231,Unai Emery,mgr:dcdf2dffc0c2,WhoScored/Opta observed,685,400,318,37.10131386861314,37.58375,42.91,3404.4,37,26,16,2,15,13,12,28,19,23,8,26,32,30.422580645161286,83.7,0.795,0.0925,observed_or_transparently_derived,False
understat:28911,1903250,2025-12-03,burnley,crystal_palace,H,0,1,L,442,Scott Parker,mgr:c49e040048ca,WhoScored/Opta observed,924,617,501,46.18322510822511,46.75510534846029,51.03176661264181,4444.4,65,37,19,1,11,10,8,10,47,13,16,41,48,36.5421875,87.07272727272726,0.8119935170178282,0.1053484602917342,observed_or_transparently_derived,False
understat:28911,1903250,2025-12-03,crystal_palace,burnley,A,1,0,W,3421,Oliver Glasner,mgr:1058459b93f2,WhoScored/Opta observed,749,452,331,40.994526034712955,43.72654867256637,50.13893805309734,4118.0,49,23,12,0,3,3,3,6,47,17,11,43,50,30.306818181818183,92.59999999999998,0.7323008849557522,0.1084070796460177,observed_or_transparently_derived,False
understat:28913,1903252,2025-12-03,leeds_united,chelsea,H,3,1,W,352,Daniel Farke,mgr:fa5d385e34dc,WhoScored/Opta observed,604,299,205,44.57417218543046,47.177591973244155,56.4180602006689,3815.8,55,25,20,0,17,7,9,17,32,21,9,34,48,34.43934426229509,86.21176470588236,0.68561872909699,0.18394648829431437,observed_or_transparently_derived,False
understat:28913,1903252,2025-12-03,chelsea,leeds_united,A,1,3,L,4231,Enzo Maresca,mgr:dc01d928d84f,WhoScored/Opta observed,1017,729,637,45.68751229105211,47.20480109739369,50.31947873799725,4440.3,69,27,21,6,14,7,11,20,32,16,3,36,38,30.341414141414145,87.59285714285714,0.8737997256515775,0.09465020576131687,observed_or_transparently_derived,False
understat:28914,1903253,2025-12-03,liverpool,sunderland,H,1,1,D,4231,Arne Slot,mgr:328a5fafed26,WhoScored/Opta observed,972,693,581,51.93641975308642,54.403030303030306,58.63838383838383,4847.9,84,45,35,0,23,15,17,15,34,12,6,26,41,35.64148936170213,84.09565217391304,0.8383838383838383,0.12121212121212122,observed_or_transparently_derived,False
understat:28914,1903253,2025-12-03,sunderland,liverpool,A,1,1,D,442,Régis Le Bris,mgr:1a031e232e88,WhoScored/Opta observed,603,333,233,38.23416252072968,42.68198198198198,51.08288288288288,3931.2,43,23,15,2,10,8,4,10,34,15,9,50,31,26.76696428571429,75.03,0.6996996996996997,0.12912912912912913,observed_or_transparently_derived,False
understat:28917,1903256,2025-12-03,wolverhampton_wanderers,nottingham_forest,H,0,1,L,343,Rob Edwards,mgr:434bf1b2b6dc,WhoScored/Opta observed,752,455,351,41.40398936170212,44.43032967032968,50.253626373626375,3987.9,45,24,21,1,5,3,5,17,32,19,10,18,44,30.105050505050503,88.74000000000001,0.7714285714285715,0.0989010989010989,observed_or_transparently_derived,False
understat:28917,1903256,2025-12-03,nottingham_forest,wolverhampton_wanderers,A,1,0,W,4231,Sean Dyche,mgr:224591e666ec,WhoScored/Opta observed,758,464,367,48.35277044854882,49.428879310344826,55.345043103448276,3936.4,56,31,21,1,10,7,8,16,32,17,5,18,37,37.25955056179775,87.53999999999999,0.790948275862069,0.1206896551724138,observed_or_transparently_derived,False
understat:28915,1903254,2025-12-04,manchester_united,west_ham,H,1,1,D,3421,Ruben Filipe Marques Diogo Amorim,mgr:662d1720cf8b,WhoScored/Opta observed,919,609,476,49.509031556039176,52.35911330049261,56.78013136288998,4360.1,65,39,32,1,17,12,10,15,36,19,5,18,48,32.91818181818182,86.25294117647059,0.7816091954022989,0.10673234811165845,observed_or_transparently_derived,False
understat:28915,1903254,2025-12-04,west_ham,manchester_united,A,1,1,D,4231,Nuno Herlander Simões Espírito Santo,mgr:b68b19e445ac,WhoScored/Opta observed,665,333,227,43.93353383458646,48.892492492492494,58.63723723723723,4015.9,60,23,20,0,11,8,6,20,36,15,20,39,41,31.277165354330705,88.09090909090908,0.6816816816816816,0.18018018018018017,observed_or_transparently_derived,False
understat:28918,1903257,2025-12-06,bournemouth,chelsea,H,0,0,D,4231,Andoni Iraola,mgr:b4b8eecb310f,WhoScored/Opta observed,668,367,258,43.93023952095809,44.574114441416896,52.74277929155313,4146.099999999999,59,20,12,1,13,7,8,20,40,17,14,24,47,32.08518518518519,85.72307692307692,0.7029972752043597,0.16076294277929154,observed_or_transparently_derived,False
understat:28918,1903257,2025-12-06,chelsea,bournemouth,A,0,0,D,4231,Enzo Maresca,mgr:dc01d928d84f,WhoScored/Opta observed,871,557,456,45.10815154994259,47.79892280071813,53.44452423698384,4736.8,66,25,14,2,11,5,9,24,40,17,10,25,52,34.80884955752212,84.75454545454546,0.8186714542190305,0.118491921005386,observed_or_transparently_derived,False
understat:28919,1903258,2025-12-06,aston_villa,arsenal,H,2,1,W,4231,Unai Emery,mgr:dcdf2dffc0c2,WhoScored/Opta observed,693,432,340,44.57734487734488,48.02800925925926,54.30416666666667,3945.7000000000003,53,24,16,4,15,13,9,19,19,15,6,25,35,30.533333333333335,89.50666666666666,0.7870370370370371,0.12268518518518519,observed_or_transparently_derived,False
understat:28919,1903258,2025-12-06,arsenal,aston_villa,A,1,2,L,433,Mikel Arteta,mgr:5fdd2f365fdc,WhoScored/Opta observed,761,479,396,46.68147174770039,51.00584551148226,55.91858037578288,3542.5,59,30,21,0,15,10,10,16,19,20,11,29,47,30.920512820512823,86.50666666666666,0.826722338204593,0.12317327766179541,observed_or_transparently_derived,False
understat:28921,1903477,2025-12-06,everton,nottingham_forest,H,3,0,W,4231,David Moyes,mgr:84316c036a2d,WhoScored/Opta observed,682,348,256,46.68181818181818,51.41235632183908,57.62988505747126,3300.7000000000003,56,27,21,0,11,9,8,16,45,15,11,44,45,33.1392,84.87272727272727,0.735632183908046,0.16091954022988506,observed_or_transparently_derived,False
understat:28921,1903477,2025-12-06,nottingham_forest,everton,A,0,3,L,4231,Sean Dyche,mgr:224591e666ec,WhoScored/Opta observed,800,493,388,42.265874999999994,44.589249492900606,49.19614604462475,3709.2,41,24,22,0,8,6,4,15,45,24,6,38,36,30.190909090909095,79.2125,0.7870182555780934,0.08316430020283976,observed_or_transparently_derived,False
understat:28923,1903479,2025-12-06,leeds_united,liverpool,H,3,3,D,352,Daniel Farke,mgr:fa5d385e34dc,WhoScored/Opta observed,729,445,347,45.79903978052126,48.879101123595504,54.69752808988764,4004.0,65,29,15,0,12,7,8,14,34,9,10,18,38,33.90444444444445,85.84166666666665,0.7797752808988764,0.14606741573033707,observed_or_transparently_derived,False
understat:28923,1903479,2025-12-06,liverpool,leeds_united,A,3,3,D,4231,Arne Slot,mgr:328a5fafed26,WhoScored/Opta observed,811,537,437,48.00579531442663,51.25735567970205,55.65232774674115,4036.4,46,28,20,0,16,11,13,14,34,17,5,31,41,33.86060606060606,86.3875,0.813780260707635,0.0856610800744879,observed_or_transparently_derived,False
understat:28924,1903480,2025-12-06,manchester_city,sunderland,H,3,0,W,4321,Pep Guardiola,mgr:26dfbbc164aa,WhoScored/Opta observed,922,668,589,52.907592190889375,55.51002994011976,57.95419161676646,3461.7,53,33,21,4,18,11,16,26,21,8,4,23,43,35.29880952380953,87.41666666666667,0.8817365269461078,0.07934131736526946,observed_or_transparently_derived,False
understat:28924,1903480,2025-12-06,sunderland,manchester_city,A,0,3,L,541,Régis Le Bris,mgr:1a031e232e88,WhoScored/Opta observed,621,377,294,36.765056360708535,38.250132625994695,43.557824933687,3399.0,29,17,14,1,8,4,5,11,21,20,8,29,40,28.51826923076923,85.3625,0.7798408488063661,0.07692307692307693,observed_or_transparently_derived,False
understat:28925,1903481,2025-12-06,newcastle_united,burnley,H,2,1,W,433,Eddie Howe,mgr:65451ab24622,WhoScored/Opta observed,939,656,574,49.58764643237487,53.20655487804878,57.139634146341464,4605.7,78,38,26,1,17,10,10,17,25,19,1,27,48,31.98118811881188,83.57647058823531,0.875,0.11890243902439024,observed_or_transparently_derived,False
understat:28925,1903481,2025-12-06,burnley,newcastle_united,A,1,2,L,433,Scott Parker,mgr:c49e040048ca,WhoScored/Opta observed,567,296,208,42.79417989417989,47.02398648648648,56.08479729729731,3528.1,42,26,21,3,9,6,8,12,25,15,7,27,34,27.419318181818177,85.21111111111112,0.7027027027027027,0.14189189189189189,observed_or_transparently_derived,False
understat:28926,1903482,2025-12-06,tottenham_hotspur,brentford,H,2,0,W,4231,Thomas Frank,mgr:1e78f2997997,WhoScored/Opta observed,758,449,354,47.21398416886543,49.33318485523385,54.86681514476615,4065.0,49,32,28,1,15,10,9,22,34,17,11,31,50,34.77699115044248,86.09333333333333,0.7884187082405345,0.1091314031180401,observed_or_transparently_derived,False
understat:28926,1903482,2025-12-06,brentford,tottenham_hotspur,A,0,2,L,4231,Keith Andrews,mgr:5f487ee40c90,WhoScored/Opta observed,703,393,300,41.54210526315789,45.8824427480916,52.43282442748091,3589.7999999999997,50,33,20,1,4,2,3,20,34,24,7,32,43,27.801801801801798,86.05,0.7633587786259542,0.1272264631043257,observed_or_transparently_derived,False
understat:28920,1903476,2025-12-07,brighton,west_ham,H,1,1,D,4231,Fabian Hürzeler,mgr:dfda8206a0e2,WhoScored/Opta observed,913,644,546,52.53789704271632,55.307763975155275,58.517391304347825,3645.4,59,46,39,1,22,14,16,19,26,12,9,13,39,35.589473684210525,85.63181818181819,0.8478260869565217,0.09161490683229814,observed_or_transparently_derived,False
understat:28920,1903476,2025-12-07,west_ham,brighton,A,1,1,D,3412,Nuno Herlander Simões Espírito Santo,mgr:b68b19e445ac,WhoScored/Opta observed,611,307,224,41.8417348608838,47.42964169381107,56.845602605863185,3491.3,39,16,13,3,14,8,11,26,26,14,13,43,34,24.965486725663716,87.64285714285714,0.7296416938110749,0.1270358306188925,observed_or_transparently_derived,False
understat:28922,1903478,2025-12-07,fulham,crystal_palace,H,1,2,L,4231,Marco Alexandre Saraiva da Silva,mgr:d242da40969a,WhoScored/Opta observed,948,686,589,47.12457805907173,48.8134110787172,51.86807580174927,4130.6,69,30,23,0,12,7,10,21,22,12,8,27,48,32.220618556701034,86.425,0.858600583090379,0.10058309037900874,observed_or_transparently_derived,False
understat:28922,1903478,2025-12-07,crystal_palace,fulham,A,2,1,W,3421,Oliver Glasner,mgr:1058459b93f2,WhoScored/Opta observed,676,401,321,42.16967455621302,44.69276807980051,51.306234413965086,3583.5,50,26,15,2,11,10,9,19,22,20,9,29,39,31.7754716981132,88.20909090909092,0.800498753117207,0.12468827930174564,observed_or_transparently_derived,False
understat:28927,1903483,2025-12-08,wolverhampton_wanderers,manchester_united,H,1,4,L,3421,Rob Edwards,mgr:434bf1b2b6dc,WhoScored/Opta observed,696,341,234,44.66479885057471,50.29032258064516,58.17360703812317,3809.7,61,31,26,0,8,5,7,27,41,26,13,23,52,36.233333333333334,81.9,0.6862170087976539,0.17888563049853373,observed_or_transparently_derived,False
understat:28927,1903483,2025-12-08,manchester_united,wolverhampton_wanderers,A,4,1,W,3421,Ruben Filipe Marques Diogo Amorim,mgr:662d1720cf8b,WhoScored/Opta observed,914,579,481,47.12275711159737,48.16632124352331,52.185664939550946,4103.2,50,28,18,12,27,24,21,25,41,16,7,31,45,32.97476635514019,86.52222222222223,0.8307426597582038,0.08635578583765112,observed_or_transparently_derived,False
understat:28928,1903484,2025-12-13,arsenal,wolverhampton_wanderers,H,2,1,W,433,Mikel Arteta,mgr:5fdd2f365fdc,WhoScored/Opta observed,871,628,529,54.045005740528126,57.35047770700637,60.92722929936306,3873.9,81,56,30,13,16,5,12,20,36,5,8,21,37,31.43783783783784,87.7875,0.8423566878980892,0.12898089171974522,observed_or_transparently_derived,False
understat:28928,1903484,2025-12-13,wolverhampton_wanderers,arsenal,A,1,2,L,352,Rob Edwards,mgr:434bf1b2b6dc,WhoScored/Opta observed,553,282,192,39.4,46.48014184397163,57.67482269503546,4013.4,52,19,10,1,5,5,3,10,36,8,5,53,29,24.503883495145626,54.90000000000001,0.6808510638297872,0.18439716312056736,observed_or_transparently_derived,False
understat:28930,1903486,2025-12-13,burnley,fulham,H,2,3,L,433,Scott Parker,mgr:c49e040048ca,WhoScored/Opta observed,828,580,468,51.324154589371986,51.25603448275862,56.33689655172413,4595.3,88,35,18,3,16,12,10,18,32,13,9,10,44,43.277647058823526,86.35625,0.8068965517241379,0.15172413793103448,observed_or_transparently_derived,False
understat:28930,1903486,2025-12-13,fulham,burnley,A,3,2,W,4231,Marco Alexandre Saraiva da Silva,mgr:d242da40969a,WhoScored/Opta observed,790,517,411,36.72392405063292,40.40851063829787,45.96228239845261,4372.2,43,20,17,2,6,4,6,10,32,22,12,39,47,23.248,90.38333333333334,0.7949709864603481,0.08317214700193423,observed_or_transparently_derived,False
understat:28931,1903487,2025-12-13,chelsea,everton,H,2,0,W,4231,Enzo Maresca,mgr:dc01d928d84f,WhoScored/Opta observed,858,560,489,43.28123543123544,43.47142857142857,46.97875,3895.7,44,20,11,3,17,8,12,22,26,15,11,33,47,34.75555555555556,87.02352941176471,0.8732142857142857,0.07857142857142857,observed_or_transparently_derived,False
understat:28931,1903487,2025-12-13,everton,chelsea,A,0,2,L,4231,David Moyes,mgr:84316c036a2d,WhoScored/Opta observed,696,425,334,45.92054597701149,47.587529411764706,53.056,3649.8,58,26,23,1,11,6,10,15,26,22,8,11,36,39.61149425287357,88.71818181818183,0.7858823529411765,0.13647058823529412,observed_or_transparently_derived,False
understat:28933,1903489,2025-12-13,liverpool,brighton,H,2,0,W,4231,Arne Slot,mgr:328a5fafed26,WhoScored/Opta observed,823,535,458,43.297083839611176,46.228971962616825,51.013831775700936,4364.1,45,16,7,2,18,10,16,26,26,22,8,32,43,29.65504587155963,84.92222222222222,0.8560747663551402,0.08411214953271028,observed_or_transparently_derived,False
understat:28933,1903489,2025-12-13,brighton,liverpool,A,0,2,L,4231,Fabian Hürzeler,mgr:dfda8206a0e2,WhoScored/Opta observed,838,558,487,46.985680190930786,46.86863799283154,51.15931899641577,4179.4,62,34,18,3,14,7,11,27,26,13,6,6,44,41.025333333333336,87.50714285714287,0.8727598566308243,0.1111111111111111,observed_or_transparently_derived,False
understat:28929,1903485,2025-12-14,brentford,leeds_united,H,1,1,D,4231,Keith Andrews,mgr:5f487ee40c90,WhoScored/Opta observed,827,542,423,43.52539298669891,47.01383763837639,52.86512915129151,4970.1,62,32,19,0,7,3,4,17,55,12,8,43,39,29.400961538461537,86.27142857142857,0.7804428044280443,0.11439114391143912,observed_or_transparently_derived,False
understat:28929,1903485,2025-12-14,leeds_united,brentford,A,1,1,D,352,Daniel Farke,mgr:fa5d385e34dc,WhoScored/Opta observed,700,412,289,47.204,50.06674757281554,57.3254854368932,4181.4,51,38,24,0,18,12,12,14,55,15,7,44,37,32.47333333333333,85.08333333333331,0.7014563106796117,0.12378640776699029,observed_or_transparently_derived,False
understat:28932,1903488,2025-12-14,crystal_palace,manchester_city,H,0,3,L,3421,Oliver Glasner,mgr:1058459b93f2,WhoScored/Opta observed,681,412,305,44.97063142437592,44.133252427184466,49.59684466019418,3521.8999999999996,40,30,14,4,16,10,6,9,28,23,6,20,45,39.420754716981136,86.19999999999999,0.7402912621359223,0.0970873786407767,observed_or_transparently_derived,False
understat:28932,1903488,2025-12-14,manchester_city,crystal_palace,A,3,0,W,4321,Pep Guardiola,mgr:26dfbbc164aa,WhoScored/Opta observed,917,624,532,43.869574700109055,46.29807692307692,49.06394230769231,3503.2,65,12,9,2,7,6,5,30,28,14,8,37,48,31.395726495726493,86.39999999999999,0.8525641025641025,0.10416666666666667,observed_or_transparently_derived,False
understat:28935,1903491,2025-12-14,nottingham_forest,tottenham_hotspur,H,3,0,W,4231,Sean Dyche,mgr:224591e666ec,WhoScored/Opta observed,726,429,340,46.62038567493113,48.36130536130536,53.52400932400932,3663.2,49,18,17,2,15,8,10,19,23,17,12,23,44,35.9125,87.14,0.7925407925407926,0.11421911421911422,observed_or_transparently_derived,False
understat:28935,1903491,2025-12-14,tottenham_hotspur,nottingham_forest,A,0,3,L,4231,Thomas Frank,mgr:1e78f2997997,WhoScored/Opta observed,751,466,360,44.80066577896139,47.140128755364806,51.941630901287546,3545.2000000000003,48,25,21,0,6,5,5,25,23,30,11,17,41,36.336111111111116,88.28333333333335,0.7725321888412017,0.10300429184549356,observed_or_transparently_derived,False
understat:28936,1903492,2025-12-14,sunderland,newcastle_united,H,1,0,W,4231,Régis Le Bris,mgr:1a031e232e88,WhoScored/Opta observed,704,435,321,46.974857954545456,51.44160919540229,58.21586206896552,4247.1,69,35,16,0,5,3,4,14,54,10,11,30,33,27.417647058823523,87.7,0.7379310344827587,0.15862068965517243,observed_or_transparently_derived,False
understat:28936,1903492,2025-12-14,newcastle_united,sunderland,A,0,1,L,433,Eddie Howe,mgr:65451ab24622,WhoScored/Opta observed,786,499,406,42.979516539440205,46.34909819639279,51.788777555110215,3920.5,57,38,28,3,7,6,5,18,54,8,3,54,31,27.674757281553394,71.22857142857143,0.8136272545090181,0.11422845691382766,observed_or_transparently_derived,False
understat:28937,1903493,2025-12-14,west_ham,aston_villa,H,2,3,L,4312,Nuno Herlander Simões Espírito Santo,mgr:b68b19e445ac,WhoScored/Opta observed,684,420,345,47.2937134502924,49.22452380952381,54.05071428571428,3384.2,56,19,15,2,11,7,6,22,27,17,9,16,41,31.644186046511624,78.37272727272726,0.8214285714285714,0.13333333333333333,observed_or_transparently_derived,False
understat:28937,1903493,2025-12-14,aston_villa,west_ham,A,3,2,W,4231,Unai Emery,mgr:dcdf2dffc0c2,WhoScored/Opta observed,853,592,517,42.9274325908558,44.02060810810811,47.131925675675674,3604.7000000000003,41,26,13,1,7,5,7,19,27,22,6,14,42,33.43258426966292,84.28571428571429,0.8733108108108109,0.06925675675675676,observed_or_transparently_derived,False
understat:28934,1903490,2025-12-15,manchester_united,bournemouth,H,4,4,D,3421,Ruben Filipe Marques Diogo Amorim,mgr:662d1720cf8b,WhoScored/Opta observed,759,437,338,47.230039525691694,50.78970251716247,56.702745995423335,3671.1,53,41,21,2,25,19,18,17,50,16,3,47,34,29.367289719626164,86.26000000000002,0.7734553775743707,0.12128146453089245,observed_or_transparently_derived,False
understat:28934,1903490,2025-12-15,bournemouth,manchester_united,A,4,4,D,4231,Andoni Iraola,mgr:b4b8eecb310f,WhoScored/Opta observed,656,341,223,46.36859756097561,51.95777126099706,61.252199413489734,3916.8,65,42,17,0,14,9,10,19,50,14,8,29,34,29.437362637362636,84.27857142857144,0.6539589442815249,0.1906158357771261,observed_or_transparently_derived,False
understat:28938,1903494,2025-12-20,bournemouth,burnley,H,1,1,D,4231,Andoni Iraola,mgr:b4b8eecb310f,WhoScored/Opta observed,840,559,437,49.68630952380953,53.0830053667263,58.30626118067979,4458.9,74,38,23,2,16,4,15,15,35,21,8,32,45,35.227272727272734,86.75625,0.7817531305903399,0.13237924865831843,observed_or_transparently_derived,False
understat:28938,1903494,2025-12-20,burnley,bournemouth,A,1,1,D,442,Scott Parker,mgr:c49e040048ca,WhoScored/Opta observed,598,297,189,41.550334448160534,43.24915824915825,55.18922558922558,4196.0,57,23,8,2,4,3,2,17,35,15,10,36,40,30.374561403508775,82.85,0.6363636363636364,0.1919191919191919,observed_or_transparently_derived,False
understat:28940,1903496,2025-12-20,brighton,sunderland,H,0,0,D,4231,Fabian Hürzeler,mgr:dfda8206a0e2,WhoScored/Opta observed,798,488,397,45.67380952380952,47.24508196721311,51.77131147540984,3667.5,56,25,21,0,16,9,14,37,41,12,7,30,40,30.457291666666663,83.95625,0.8135245901639344,0.11475409836065574,observed_or_transparently_derived,False
understat:28940,1903496,2025-12-20,sunderland,brighton,A,0,0,D,4231,Régis Le Bris,mgr:1a031e232e88,WhoScored/Opta observed,672,372,276,43.02410714285715,44.88655913978494,52.27150537634409,3856.3,50,29,16,1,14,10,9,10,41,25,9,24,38,29.743137254901967,86.82142857142857,0.7419354838709677,0.13440860215053763,observed_or_transparently_derived,False
understat:28941,1903281,2025-12-20,everton,arsenal,H,0,1,L,4231,David Moyes,mgr:84316c036a2d,WhoScored/Opta observed,651,377,270,43.23410138248848,44.285941644562335,51.20477453580902,3812.7,56,27,15,3,5,3,3,17,43,26,8,23,45,33.98468468468468,86.78,0.7161803713527851,0.14854111405835543,observed_or_transparently_derived,False
understat:28941,1903281,2025-12-20,arsenal,everton,A,1,0,W,433,Mikel Arteta,mgr:5fdd2f365fdc,WhoScored/Opta observed,979,694,600,44.56077630234934,45.42391930835735,48.521037463976946,4410.3,61,22,13,3,13,4,9,25,43,14,7,33,47,31.665384615384614,88.66923076923075,0.8645533141210374,0.08789625360230548,observed_or_transparently_derived,False
understat:28943,1903287,2025-12-20,leeds_united,crystal_palace,H,4,1,W,352,Daniel Farke,mgr:fa5d385e34dc,WhoScored/Opta observed,775,461,355,46.394451612903225,46.07765726681128,51.39783080260304,4104.9,51,41,23,0,20,13,8,16,50,15,7,30,40,34.49081632653061,87.63,0.7700650759219089,0.11062906724511931,observed_or_transparently_derived,False
understat:28943,1903287,2025-12-20,crystal_palace,leeds_united,A,1,4,L,3421,Oliver Glasner,mgr:1058459b93f2,WhoScored/Opta observed,726,389,295,40.66115702479339,45.85167095115681,51.794087403598965,3320.4,40,25,18,1,9,6,6,11,50,22,6,60,38,26.267692307692307,84.57777777777778,0.7583547557840618,0.10282776349614396,observed_or_transparently_derived,False
understat:28944,1903290,2025-12-20,manchester_city,west_ham,H,3,0,W,4321,Pep Guardiola,mgr:26dfbbc164aa,WhoScored/Opta observed,1045,787,713,51.67454545454546,51.88818297331639,53.700381194409154,3718.2999999999997,54,34,21,5,17,10,12,27,11,12,9,9,50,45.48488372093023,88.93529411764706,0.9059720457433291,0.06861499364675985,observed_or_transparently_derived,False
understat:28944,1903290,2025-12-20,west_ham,manchester_city,A,0,3,L,4312,Nuno Herlander Simões Espírito Santo,mgr:b68b19e445ac,WhoScored/Opta observed,663,410,331,35.89064856711916,36.57878048780488,41.37487804878048,3172.5,28,4,3,1,7,3,3,17,11,24,12,15,45,32.306,87.41428571428571,0.8073170731707318,0.06829268292682927,observed_or_transparently_derived,False
understat:28945,1903293,2025-12-20,newcastle_united,chelsea,H,2,2,D,433,Eddie Howe,mgr:65451ab24622,WhoScored/Opta observed,685,413,308,46.24408759124088,48.35617433414044,54.64527845036319,3770.0,46,33,30,2,11,5,8,11,30,13,14,21,47,34.98910891089109,85.91818181818182,0.7457627118644068,0.11138014527845036,observed_or_transparently_derived,False
understat:28945,1903293,2025-12-20,chelsea,newcastle_united,A,2,2,D,4231,Enzo Maresca,mgr:dc01d928d84f,WhoScored/Opta observed,742,465,369,44.30808625336927,47.252473118279575,52.53827956989248,4067.3,46,20,20,1,13,8,11,20,30,11,13,27,48,31.831067961165047,85.13846153846156,0.7935483870967742,0.0989247311827957,observed_or_transparently_derived,False
understat:28946,1903296,2025-12-20,tottenham_hotspur,liverpool,H,1,2,L,4222,Thomas Frank,mgr:1e78f2997997,WhoScored/Opta observed,617,358,264,43.72739059967585,48.45921787709498,54.94245810055866,3475.5,53,21,23,0,15,11,12,6,26,11,7,35,41,28.84326923076923,85.44666666666669,0.7374301675977654,0.14804469273743018,observed_or_transparently_derived,False
understat:28946,1903296,2025-12-20,liverpool,tottenham_hotspur,A,2,1,W,4231,Arne Slot,mgr:328a5fafed26,WhoScored/Opta observed,920,668,575,51.38619565217392,55.634131736526946,59.07949101796407,4189.2,74,36,25,1,8,7,7,15,26,4,7,23,31,32.36575342465754,87.55,0.8607784431137725,0.11077844311377245,observed_or_transparently_derived,False
understat:28947,1903299,2025-12-20,wolverhampton_wanderers,brentford,H,0,2,L,352,Rob Edwards,mgr:434bf1b2b6dc,WhoScored/Opta observed,689,405,305,45.4043541364296,47.80839506172839,54.2558024691358,3601.4,53,30,22,1,9,8,5,16,34,16,9,37,40,33.49363636363636,84.02222222222223,0.7530864197530864,0.1308641975308642,observed_or_transparently_derived,False
understat:28947,1903299,2025-12-20,brentford,wolverhampton_wanderers,A,2,0,W,433,Keith Andrews,mgr:5f487ee40c90,WhoScored/Opta observed,817,526,424,44.37625458996328,46.733269961977186,51.94429657794677,4155.0,49,39,22,1,7,6,5,16,34,12,16,35,52,31.29576271186441,89.71428571428571,0.8060836501901141,0.09315589353612168,observed_or_transparently_derived,False
understat:28939,1903495,2025-12-21,aston_villa,manchester_united,H,2,1,W,4231,Unai Emery,mgr:dcdf2dffc0c2,WhoScored/Opta observed,666,372,289,35.94864864864865,36.321774193548386,42.80080645161291,3435.0,27,15,11,2,12,9,10,14,24,18,7,25,36,31.146315789473686,85.2,0.7768817204301075,0.07258064516129033,observed_or_transparently_derived,False
understat:28939,1903495,2025-12-21,manchester_united,aston_villa,A,1,2,L,3421,Ruben Filipe Marques Diogo Amorim,mgr:662d1720cf8b,WhoScored/Opta observed,799,509,417,49.879849812265334,51.124557956778,54.87308447937132,3268.3,49,39,27,2,15,9,8,20,24,26,9,22,50,40.95178571428572,81.36666666666666,0.8192534381139489,0.0962671905697446,observed_or_transparently_derived,False
understat:28942,1903284,2025-12-22,fulham,nottingham_forest,H,1,0,W,4231,Marco Alexandre Saraiva da Silva,mgr:d242da40969a,WhoScored/Opta observed,813,525,418,40.070356703567036,41.45904761904762,46.32342857142857,4410.6,38,14,8,1,11,7,9,14,34,21,10,28,46,31.666363636363638,84.61818181818182,0.7961904761904762,0.07238095238095238,observed_or_transparently_derived,False
understat:28942,1903284,2025-12-22,nottingham_forest,fulham,A,0,1,L,4231,Sean Dyche,mgr:224591e666ec,WhoScored/Opta observed,807,536,435,46.45055762081784,47.718470149253726,53.04832089552239,4450.5,65,40,23,2,12,6,11,18,34,10,8,16,52,34.99239130434783,82.5,0.8115671641791045,0.12126865671641791,observed_or_transparently_derived,False
understat:28954,1903319,2025-12-26,manchester_united,newcastle_united,H,1,0,W,4231,Ruben Filipe Marques Diogo Amorim,mgr:662d1720cf8b,WhoScored/Opta observed,690,359,271,36.20275362318841,42.416713091922006,48.528969359331484,3481.7,36,12,13,1,10,4,8,15,31,20,18,50,38,25.393333333333334,87.55,0.754874651810585,0.10027855153203342,observed_or_transparently_derived,False
understat:28954,1903319,2025-12-26,newcastle_united,manchester_united,A,0,1,L,433,Eddie Howe,mgr:65451ab24622,WhoScored/Opta observed,975,695,575,55.228205128205126,56.144748201438844,59.758705035971225,4310.9,85,55,47,1,16,10,11,27,31,14,6,14,49,42.33645833333333,88.2875,0.8273381294964028,0.1223021582733813,observed_or_transparently_derived,False
understat:28948,1903302,2025-12-27,arsenal,brighton,H,2,1,W,433,Mikel Arteta,mgr:5fdd2f365fdc,WhoScored/Opta observed,750,492,401,50.041466666666665,49.18658536585366,53.326829268292684,3779.0,50,30,19,3,24,16,18,22,27,14,9,16,37,38.17948717948717,87.72500000000001,0.8150406504065041,0.1016260162601626,observed_or_transparently_derived,False
understat:28948,1903302,2025-12-27,brighton,arsenal,A,1,2,L,3421,Fabian Hürzeler,mgr:dfda8206a0e2,WhoScored/Opta observed,717,436,354,38.66387726638773,41.357568807339455,46.901834862385314,3767.8,55,15,12,0,9,6,4,16,27,16,5,28,33,30.6247191011236,76.61111111111111,0.8119266055045872,0.12614678899082568,observed_or_transparently_derived,False
understat:28949,1903305,2025-12-27,brentford,bournemouth,H,4,1,W,4231,Keith Andrews,mgr:5f487ee40c90,WhoScored/Opta observed,779,427,329,38.19525032092426,43.60632318501171,50.83911007025761,4259.8,52,23,10,1,15,11,11,20,35,12,10,53,43,21.69672131147541,86.77999999999999,0.7704918032786885,0.12177985948477751,observed_or_transparently_derived,False
understat:28949,1903305,2025-12-27,bournemouth,brentford,A,1,4,L,4231,Andoni Iraola,mgr:b4b8eecb310f,WhoScored/Opta observed,759,434,311,51.47918313570487,54.266820276497704,61.04101382488479,4116.7,51,46,38,1,21,19,12,28,35,18,7,25,46,38.72666666666667,82.74761904761905,0.716589861751152,0.1175115207373272,observed_or_transparently_derived,False
understat:28950,1903308,2025-12-27,burnley,everton,H,0,0,D,343,Scott Parker,mgr:c49e040048ca,WhoScored/Opta observed,853,514,380,46.16119577960141,48.52470817120623,55.056225680933856,4835.5,77,34,17,1,16,7,9,23,62,22,4,35,35,33.30882352941176,83.39375,0.7392996108949417,0.14980544747081712,observed_or_transparently_derived,False
understat:28950,1903308,2025-12-27,everton,burnley,A,0,0,D,4231,David Moyes,mgr:84316c036a2d,WhoScored/Opta observed,785,426,318,45.12522292993631,48.60328638497653,55.54788732394366,4294.2,64,26,19,0,15,9,10,27,62,25,11,47,43,29.135555555555555,86.82000000000001,0.7464788732394366,0.15023474178403756,observed_or_transparently_derived,False
understat:28951,1903311,2025-12-27,chelsea,aston_villa,H,1,2,L,4231,Enzo Maresca,mgr:dc01d928d84f,WhoScored/Opta observed,824,570,486,52.60618932038835,54.23877192982456,57.64894736842104,3651.6,58,37,30,0,14,10,10,12,19,26,9,7,49,47.921875,85.13571428571427,0.8526315789473684,0.10175438596491228,observed_or_transparently_derived,False
understat:28951,1903311,2025-12-27,aston_villa,chelsea,A,2,1,W,442,Unai Emery,mgr:dcdf2dffc0c2,WhoScored/Opta observed,602,345,272,35.870099667774085,38.258840579710146,44.19507246376811,3066.7,25,16,9,3,11,10,7,20,19,8,4,29,40,21.296666666666667,85.66363636363636,0.7884057971014493,0.07246376811594203,observed_or_transparently_derived,False
understat:28953,1903316,2025-12-27,liverpool,wolverhampton_wanderers,H,2,1,W,4231,Arne Slot,mgr:328a5fafed26,WhoScored/Opta observed,978,701,607,52.77750511247444,55.61455064194009,59.39871611982882,4519.2,77,38,22,3,14,7,11,23,39,19,9,22,44,35.51747572815535,86.72142857142856,0.8659058487874465,0.10984308131241084,observed_or_transparently_derived,False
understat:28953,1903316,2025-12-27,wolverhampton_wanderers,liverpool,A,1,2,L,3421,Rob Edwards,mgr:434bf1b2b6dc,WhoScored/Opta observed,651,362,272,41.39201228878648,45.619613259668505,53.167403314917124,3953.7999999999997,53,25,17,0,9,5,7,12,39,16,8,25,42,27.39368421052632,84.03333333333333,0.7513812154696132,0.1464088397790055,observed_or_transparently_derived,False
understat:28955,1903323,2025-12-27,nottingham_forest,manchester_city,H,1,2,L,4231,Sean Dyche,mgr:224591e666ec,WhoScored/Opta observed,578,334,239,43.12076124567474,46.74550898203592,54.533832335329336,3662.1,43,29,22,0,7,5,4,20,25,15,8,22,36,28.048837209302324,85.85714285714286,0.7155688622754491,0.12874251497005987,observed_or_transparently_derived,False
understat:28955,1903323,2025-12-27,manchester_city,nottingham_forest,A,2,1,W,4321,Pep Guardiola,mgr:26dfbbc164aa,WhoScored/Opta observed,889,630,553,50.89538807649044,53.962539682539685,56.15428571428571,3241.4,69,30,18,4,16,12,15,25,25,14,4,35,41,34.213265306122445,83.51249999999999,0.8777777777777778,0.10952380952380952,observed_or_transparently_derived,False
understat:28957,1903330,2025-12-27,west_ham,fulham,H,0,1,L,4321,Nuno Herlander Simões Espírito Santo,mgr:b68b19e445ac,WhoScored/Opta observed,741,444,353,45.89082321187584,50.18378378378378,56.24324324324324,3961.8,47,26,21,0,11,7,6,14,34,29,9,29,35,28.499999999999996,86.27272727272727,0.795045045045045,0.10585585585585586,observed_or_transparently_derived,False
understat:28957,1903330,2025-12-27,fulham,west_ham,A,1,0,W,4231,Marco Alexandre Saraiva da Silva,mgr:d242da40969a,WhoScored/Opta observed,861,558,469,48.98792102206736,52.9005376344086,56.85215053763441,4053.6,64,30,26,0,17,11,13,21,34,16,12,35,33,30.771568627450982,84.66470588235292,0.8405017921146953,0.11469534050179211,observed_or_transparently_derived,False
understat:28952,1903314,2025-12-28,crystal_palace,tottenham_hotspur,H,0,1,L,3421,Oliver Glasner,mgr:1058459b93f2,WhoScored/Opta observed,924,598,457,50.653246753246755,51.348327759197325,57.00367892976588,4979.7,78,44,28,1,15,7,14,20,51,16,7,24,62,42.614754098360656,86.05333333333334,0.7642140468227425,0.13043478260869565,observed_or_transparently_derived,False
understat:28952,1903314,2025-12-28,tottenham_hotspur,crystal_palace,A,1,0,W,4231,Thomas Frank,mgr:1e78f2997997,WhoScored/Opta observed,721,375,254,37.488210818307905,40.64933333333334,50.80480000000001,4633.8,52,19,17,1,8,5,7,19,51,20,6,54,57,25.30821917808219,86.25,0.6773333333333333,0.13866666666666666,observed_or_transparently_derived,False
understat:28956,1903326,2025-12-28,sunderland,leeds_united,H,1,1,D,4231,Régis Le Bris,mgr:1a031e232e88,WhoScored/Opta observed,722,433,346,40.8792243767313,44.71316397228638,49.38290993071593,3271.2000000000003,45,22,18,2,8,5,8,21,46,14,5,46,26,25.008737864077666,90.48750000000001,0.7990762124711316,0.10392609699769054,observed_or_transparently_derived,False
understat:28956,1903326,2025-12-28,leeds_united,sunderland,A,1,1,D,352,Daniel Farke,mgr:fa5d385e34dc,WhoScored/Opta observed,837,558,455,48.12066905615293,47.747849462365586,51.625627240143366,4033.3,52,41,30,2,17,12,16,16,46,14,6,23,41,38.67127659574468,87.06470588235295,0.8154121863799283,0.0931899641577061,observed_or_transparently_derived,False
understat:28958,1903333,2025-12-30,arsenal,aston_villa,H,4,1,W,433,Mikel Arteta,mgr:5fdd2f365fdc,WhoScored/Opta observed,616,378,322,52.16412337662337,54.5378306878307,58.42248677248678,2506.2,51,26,13,2,22,14,17,10,16,17,8,18,30,41.76923076923077,88.53181818181818,0.8518518518518519,0.1349206349206349,observed_or_transparently_derived,False
understat:28958,1903333,2025-12-30,aston_villa,arsenal,A,1,4,L,4231,Unai Emery,mgr:dcdf2dffc0c2,WhoScored/Opta observed,668,446,378,39.215269461077845,41.18856502242152,44.3744394618834,2878.6,23,21,12,0,11,7,7,21,16,10,3,17,20,24.255555555555556,87.83636363636363,0.8475336322869955,0.0515695067264574,observed_or_transparently_derived,False
understat:28960,1903339,2025-12-30,burnley,newcastle_united,H,1,3,L,343,Scott Parker,mgr:c49e040048ca,WhoScored/Opta observed,792,472,365,46.94621212121212,49.30847457627118,54.68516949152543,3905.3,54,25,13,0,15,7,15,21,45,21,11,27,54,36.52314049586777,84.65333333333334,0.7733050847457628,0.11440677966101695,observed_or_transparently_derived,False
understat:28960,1903339,2025-12-30,newcastle_united,burnley,A,3,1,W,433,Eddie Howe,mgr:65451ab24622,WhoScored/Opta observed,816,507,413,43.251960784313724,44.720315581854045,49.81084812623274,4096.7,45,21,20,2,20,15,10,23,45,19,11,37,46,31.674999999999997,86.94999999999997,0.814595660749507,0.08875739644970414,observed_or_transparently_derived,False
understat:28961,1903342,2025-12-30,chelsea,bournemouth,H,2,2,D,4231,Enzo Maresca,mgr:dc01d928d84f,WhoScored/Opta observed,920,612,512,51.31847826086957,54.1998366013072,58.41372549019607,4476.8,64,45,26,0,17,11,13,25,41,17,8,29,44,34.88269230769231,87.89411764705882,0.8366013071895425,0.10457516339869281,observed_or_transparently_derived,False
understat:28961,1903342,2025-12-30,bournemouth,chelsea,A,2,2,D,4231,Andoni Iraola,mgr:b4b8eecb310f,WhoScored/Opta observed,626,303,213,40.46837060702875,47.978547854785475,56.68712871287129,3394.0,42,32,19,0,17,10,10,19,41,16,17,40,44,23.05564516129032,88.43529411764706,0.7029702970297029,0.13861386138613863,observed_or_transparently_derived,False
understat:28964,1903351,2025-12-30,manchester_united,wolverhampton_wanderers,H,1,1,D,4231,Ruben Filipe Marques Diogo Amorim,mgr:662d1720cf8b,WhoScored/Opta observed,805,549,472,49.737888198757766,50.582695810564665,53.779781420765026,3409.4,58,35,23,0,15,10,12,14,26,21,4,17,39,35.403488372093015,85.34666666666665,0.8597449908925319,0.10564663023679417,observed_or_transparently_derived,False
understat:28964,1903351,2025-12-30,wolverhampton_wanderers,manchester_united,A,1,1,D,352,Rob Edwards,mgr:434bf1b2b6dc,WhoScored/Opta observed,705,429,355,43.2558865248227,47.883916083916084,52.04055944055944,3197.2,36,21,15,0,11,6,7,25,26,20,10,27,33,28.223232323232327,87.98181818181818,0.8275058275058275,0.08391608391608392,observed_or_transparently_derived,False
understat:28965,1903354,2025-12-30,nottingham_forest,everton,H,0,2,L,4231,Sean Dyche,mgr:224591e666ec,WhoScored/Opta observed,1054,744,634,55.04089184060721,56.19153225806452,60.14623655913979,4828.1,85,71,53,1,21,13,15,33,38,21,5,13,51,42.132989690721644,84.4,0.8521505376344086,0.11424731182795698,observed_or_transparently_derived,False
understat:28965,1903354,2025-12-30,everton,nottingham_forest,A,2,0,W,4231,David Moyes,mgr:84316c036a2d,WhoScored/Opta observed,672,328,236,36.476190476190474,39.43262195121951,49.81371951219512,4244.6,46,15,10,2,11,7,8,18,38,23,9,56,42,25.351824817518246,85.01818181818182,0.7195121951219512,0.1402439024390244,observed_or_transparently_derived,False
understat:28967,1903360,2025-12-30,west_ham,brighton,H,2,2,D,4231,Nuno Herlander Simões Espírito Santo,mgr:b68b19e445ac,WhoScored/Opta observed,689,371,270,41.81654571843251,46.25094339622641,54.850404312668466,4226.5,50,22,18,1,10,7,8,11,29,27,9,28,46,27.05913043478261,88.19,0.7277628032345014,0.1347708894878706,observed_or_transparently_derived,False
understat:28967,1903360,2025-12-30,brighton,west_ham,A,2,2,D,4231,Fabian Hürzeler,mgr:dfda8206a0e2,WhoScored/Opta observed,922,587,489,47.396637744034706,49.11788756388416,52.605962521294714,3902.2,61,33,24,0,16,10,11,25,29,13,16,24,55,38.57333333333333,82.44375,0.8330494037478705,0.10391822827938671,observed_or_transparently_derived,False
understat:28959,1903336,2026-01-01,brentford,tottenham_hotspur,H,0,0,D,433,Keith Andrews,mgr:5f487ee40c90,WhoScored/Opta observed,838,558,450,47.082458233890215,47.06362007168459,52.47240143369175,4582.2,72,32,20,1,7,4,4,13,35,18,9,20,57,36.388073394495414,85.47142857142856,0.8064516129032258,0.12903225806451613,observed_or_transparently_derived,False
understat:28959,1903336,2026-01-01,tottenham_hotspur,brentford,A,0,0,D,433,Thomas Frank,mgr:1e78f2997997,WhoScored/Opta observed,734,442,337,41.81389645776567,45.8735294117647,52.74298642533937,4327.3,48,24,11,1,9,7,6,20,35,18,10,31,56,31.081451612903223,86.27777777777777,0.7624434389140271,0.1085972850678733,observed_or_transparently_derived,False
understat:28962,1903345,2026-01-01,crystal_palace,fulham,H,1,1,D,3421,Oliver Glasner,mgr:1058459b93f2,WhoScored/Opta observed,699,419,314,44.8137339055794,46.272076372315034,52.71408114558473,3811.4,54,29,15,0,11,6,7,20,38,14,9,30,35,31.31237113402062,87.57272727272726,0.7494033412887828,0.1288782816229117,observed_or_transparently_derived,False
understat:28962,1903345,2026-01-01,fulham,crystal_palace,A,1,1,D,4231,Marco Alexandre Saraiva da Silva,mgr:d242da40969a,WhoScored/Opta observed,923,624,527,45.2020585048754,48.229647435897434,52.33397435897436,4600.2,75,28,20,0,17,11,11,15,38,16,9,35,47,30.850434782608694,87.05882352941177,0.844551282051282,0.1201923076923077,observed_or_transparently_derived,False
understat:28963,1903348,2026-01-01,liverpool,leeds_united,H,0,0,D,4231,Arne Slot,mgr:328a5fafed26,WhoScored/Opta observed,995,686,578,53.551758793969846,55.724489795918366,59.21224489795918,4508.6,90,37,25,3,19,12,15,22,48,8,6,19,42,39.41022727272727,85.0526315789474,0.8425655976676385,0.13119533527696792,observed_or_transparently_derived,False
understat:28963,1903348,2026-01-01,leeds_united,liverpool,A,0,0,D,352,Daniel Farke,mgr:fa5d385e34dc,WhoScored/Opta observed,629,326,207,38.01732909379968,41.26411042944785,50.301226993865036,3783.7,50,21,13,0,4,3,1,12,48,18,11,40,36,26.127027027027022,82.725,0.6349693251533742,0.15337423312883436,observed_or_transparently_derived,False
understat:28966,1903357,2026-01-01,sunderland,manchester_city,H,0,0,D,4231,Régis Le Bris,mgr:1a031e232e88,WhoScored/Opta observed,631,335,242,44.094453248811405,45.614626865671646,53.797313432835814,3681.4,60,21,10,1,10,6,6,20,23,18,17,32,44,33.971311475409834,87.4,0.7223880597014926,0.1791044776119403,observed_or_transparently_derived,False
understat:28966,1903357,2026-01-01,manchester_city,sunderland,A,0,0,D,4321,Pep Guardiola,mgr:26dfbbc164aa,WhoScored/Opta observed,981,686,579,46.117838939857286,48.866034985422736,51.9237609329446,4294.3,62,34,22,2,14,9,9,30,23,23,12,22,56,29.426666666666666,89.67142857142858,0.8440233236151603,0.09037900874635568,observed_or_transparently_derived,False
understat:28970,1903263,2026-01-03,wolverhampton_wanderers,west_ham,H,3,0,W,352,Rob Edwards,mgr:434bf1b2b6dc,WhoScored/Opta observed,634,348,260,41.74400630914827,46.617528735632185,52.663218390804595,3039.5,34,23,19,2,11,8,8,22,28,23,9,32,35,26.342056074766354,86.21818181818182,0.7471264367816092,0.09770114942528736,observed_or_transparently_derived,False
understat:28970,1903263,2026-01-03,west_ham,wolverhampton_wanderers,A,0,3,L,4231,Nuno Herlander Simões Espírito Santo,mgr:b68b19e445ac,WhoScored/Opta observed,936,674,574,51.87735042735042,53.46854599406529,56.81038575667655,4214.4,80,40,28,4,6,0,4,22,28,27,6,15,38,41.146391752577316,86.10000000000001,0.8516320474777448,0.11869436201780416,observed_or_transparently_derived,False
understat:28971,1903363,2026-01-03,bournemouth,arsenal,H,2,3,L,4231,Andoni Iraola,mgr:b4b8eecb310f,WhoScored/Opta observed,683,380,277,44.77554904831625,48.07947368421052,55.63236842105263,3880.2,62,27,23,1,15,8,9,23,37,16,4,35,41,30.389719626168223,81.13333333333334,0.7289473684210527,0.1631578947368421,observed_or_transparently_derived,False
understat:28971,1903363,2026-01-03,arsenal,bournemouth,A,3,2,W,433,Mikel Arteta,mgr:5fdd2f365fdc,WhoScored/Opta observed,789,499,387,46.261089987325725,48.49739478957916,54.12665330661322,4215.6,60,28,22,3,12,9,10,23,37,25,7,32,47,33.26864406779661,85.40833333333335,0.7755511022044088,0.12024048096192384,observed_or_transparently_derived,False
understat:28972,1903366,2026-01-03,aston_villa,nottingham_forest,H,3,1,W,4231,Unai Emery,mgr:dcdf2dffc0c2,WhoScored/Opta observed,960,683,600,52.6103125,54.03382137628112,57.143484626647144,3988.7,65,46,18,1,11,8,7,19,15,18,11,13,39,46.11764705882352,82.78181818181818,0.8784773060029283,0.0951683748169839,observed_or_transparently_derived,False
understat:28972,1903366,2026-01-03,nottingham_forest,aston_villa,A,1,3,L,451,Sean Dyche,mgr:224591e666ec,WhoScored/Opta observed,538,258,178,35.06802973977695,36.840310077519376,45.249224806201546,2920.6,18,14,11,2,10,7,7,12,15,19,14,29,41,26.608849557522124,85.02000000000001,0.689922480620155,0.06976744186046512,observed_or_transparently_derived,False
understat:28973,1903369,2026-01-03,brighton,burnley,H,2,0,W,4231,Fabian Hürzeler,mgr:dfda8206a0e2,WhoScored/Opta observed,925,634,560,45.93232432432433,46.20031545741325,48.66466876971609,3614.6,39,18,11,0,15,8,10,26,32,17,6,24,40,35.44842105263158,86.10666666666667,0.8832807570977917,0.061514195583596214,observed_or_transparently_derived,False
understat:28973,1903369,2026-01-03,burnley,brighton,A,0,2,L,541,Scott Parker,mgr:c49e040048ca,WhoScored/Opta observed,703,438,347,42.43385490753912,43.810273972602744,48.396347031963465,3299.9,43,21,17,0,5,3,2,17,32,25,3,20,36,35.023655913978494,87.66,0.7922374429223744,0.09817351598173515,observed_or_transparently_derived,False
understat:28968,1903259,2026-01-04,newcastle_united,crystal_palace,H,2,0,W,433,Eddie Howe,mgr:65451ab24622,WhoScored/Opta observed,897,544,434,46.1025641025641,48.28327205882353,53.254227941176474,4240.8,62,39,33,2,12,9,8,31,37,16,7,37,52,33.016,89.80833333333334,0.7977941176470589,0.11397058823529412,observed_or_transparently_derived,False
understat:28968,1903259,2026-01-04,crystal_palace,newcastle_united,A,0,2,L,3421,Oliver Glasner,mgr:1058459b93f2,WhoScored/Opta observed,736,378,254,44.93029891304347,51.02328042328042,57.43121693121693,3305.2,43,31,19,4,11,6,7,15,37,28,11,46,47,31.473972602739725,86.89090909090909,0.671957671957672,0.11375661375661375,observed_or_transparently_derived,False
understat:28969,1903261,2026-01-04,tottenham_hotspur,sunderland,H,1,1,D,4231,Thomas Frank,mgr:1e78f2997997,WhoScored/Opta observed,722,411,314,45.43157894736842,48.265693430656924,54.160583941605836,3836.1,53,30,26,0,13,7,10,18,47,15,8,35,44,33.81160714285714,86.62307692307694,0.7639902676399026,0.12895377128953772,observed_or_transparently_derived,False
understat:28969,1903261,2026-01-04,sunderland,tottenham_hotspur,A,1,1,D,442,Régis Le Bris,mgr:1a031e232e88,WhoScored/Opta observed,716,429,320,44.04916201117319,46.36759906759908,52.71398601398601,3946.0,54,44,25,1,10,6,8,16,47,17,9,30,41,34.57142857142857,86.56,0.745920745920746,0.1258741258741259,observed_or_transparently_derived,False
understat:28974,1903371,2026-01-04,everton,brentford,H,2,4,L,4231,David Moyes,mgr:84316c036a2d,WhoScored/Opta observed,742,417,312,48.50269541778976,50.19928057553957,57.051079136690646,3948.4,53,35,27,1,14,11,13,25,51,24,7,22,49,40.5171171171171,88.42857142857143,0.7482014388489209,0.12709832134292565,observed_or_transparently_derived,False
understat:28974,1903371,2026-01-04,brentford,everton,A,4,2,W,4231,Keith Andrews,mgr:5f487ee40c90,WhoScored/Opta observed,836,495,386,41.167583732057416,41.62767676767677,47.76767676767677,4575.7,61,25,13,5,11,9,9,20,51,16,10,23,53,35.30540540540541,84.72727272727272,0.7797979797979798,0.12323232323232323,observed_or_transparently_derived,False
understat:28975,1903374,2026-01-04,fulham,liverpool,H,2,2,D,3421,Marco Alexandre Saraiva da Silva,mgr:d242da40969a,WhoScored/Opta observed,759,497,408,40.12911725955204,43.70965794768612,47.99014084507042,3850.2000000000003,39,21,17,0,8,5,6,9,22,15,10,44,34,24.62612612612612,83.9375,0.8209255533199196,0.07847082494969819,observed_or_transparently_derived,False
understat:28975,1903374,2026-01-04,liverpool,fulham,A,2,2,D,4231,Arne Slot,mgr:328a5fafed26,WhoScored/Opta observed,922,693,595,51.3677874186551,53.65945165945166,56.7991341991342,4324.2,87,37,24,2,10,5,7,11,22,7,5,24,32,32.18630136986302,87.34,0.8585858585858586,0.12554112554112554,observed_or_transparently_derived,False
understat:28976,1903375,2026-01-04,leeds_united,manchester_united,H,1,1,D,352,Daniel Farke,mgr:fa5d385e34dc,WhoScored/Opta observed,765,469,328,47.30980392156863,48.30255863539446,56.04712153518123,4782.3,67,42,20,1,11,5,8,19,39,18,17,23,48,36.96637168141593,84.20909090909092,0.6993603411513859,0.14285714285714285,observed_or_transparently_derived,False
understat:28976,1903375,2026-01-04,manchester_united,leeds_united,A,1,1,D,3421,Ruben Filipe Marques Diogo Amorim,mgr:662d1720cf8b,WhoScored/Opta observed,868,557,435,43.14354838709677,45.44739676840215,50.40825852782765,4652.2,66,25,12,1,15,7,11,13,39,25,8,40,46,29.85223880597015,84.74666666666668,0.7809694793536804,0.118491921005386,observed_or_transparently_derived,False
understat:28977,1903376,2026-01-04,manchester_city,chelsea,H,1,1,D,4141,Pep Guardiola,mgr:26dfbbc164aa,WhoScored/Opta observed,891,609,520,50.31167227833894,50.26584564860426,52.79014778325123,3438.7,57,33,15,9,14,8,12,19,13,24,9,6,53,49.04952380952382,87.7,0.8538587848932676,0.09359605911330049,observed_or_transparently_derived,False
understat:28977,1903376,2026-01-04,chelsea,manchester_city,A,1,1,D,4231,Calum McFarlane,mgr:3b963ae58719,WhoScored/Opta observed,751,467,389,36.66537949400799,37.44282655246253,40.55053533190578,3067.3,24,11,5,4,8,4,4,24,13,20,14,24,40,29.91121495327103,92.57499999999999,0.8329764453961456,0.05139186295503212,observed_or_transparently_derived,False
understat:28987,1903288,2026-01-06,west_ham,nottingham_forest,H,1,2,L,4231,Nuno Herlander Simões Espírito Santo,mgr:b68b19e445ac,WhoScored/Opta observed,741,426,315,45.24035087719298,49.443896713615025,56.57300469483569,4366.1,70,30,24,0,14,8,10,8,47,28,7,38,41,30.20569105691057,88.32857142857142,0.7394366197183099,0.1643192488262911,observed_or_transparently_derived,False
understat:28987,1903288,2026-01-06,nottingham_forest,west_ham,A,2,1,W,4231,Sean Dyche,mgr:224591e666ec,WhoScored/Opta observed,794,477,364,49.95239294710327,53.92096436058701,60.270440251572325,4403.7,70,35,28,0,14,10,9,23,47,15,6,32,49,30.71037735849057,80.37857142857142,0.7631027253668763,0.14675052410901468,observed_or_transparently_derived,False
understat:28978,1903276,2026-01-07,everton,wolverhampton_wanderers,H,1,1,D,433,David Moyes,mgr:84316c036a2d,WhoScored/Opta observed,702,399,314,45.67777777777778,49.509523809523806,55.034085213032576,3180.4,43,28,22,1,13,5,10,17,53,17,6,45,34,32.97592592592592,86.73846153846154,0.7869674185463659,0.10776942355889724,observed_or_transparently_derived,False
understat:28978,1903276,2026-01-07,wolverhampton_wanderers,everton,A,1,1,D,352,Rob Edwards,mgr:434bf1b2b6dc,WhoScored/Opta observed,781,474,380,46.06209987195903,48.35675105485232,53.15105485232067,3874.7999999999997,67,38,31,1,13,7,12,13,53,16,5,24,44,28.778787878787877,84.01538461538462,0.8016877637130801,0.14135021097046413,observed_or_transparently_derived,False
understat:28979,1903265,2026-01-07,bournemouth,tottenham_hotspur,H,3,2,W,4231,Andoni Iraola,mgr:b4b8eecb310f,WhoScored/Opta observed,673,353,262,42.45839524517088,46.535127478753544,54.11756373937677,3608.5,44,20,14,2,11,8,5,22,35,17,10,36,49,31.657983193277317,84.55454545454546,0.7422096317280453,0.12464589235127478,observed_or_transparently_derived,False
understat:28979,1903265,2026-01-07,tottenham_hotspur,bournemouth,A,2,3,L,4231,Thomas Frank,mgr:1e78f2997997,WhoScored/Opta observed,771,484,364,44.11621271076524,42.8392561983471,48.417355371900825,4149.4,44,31,21,2,16,9,11,38,35,24,5,15,44,32.5421052631579,86.85625,0.7520661157024794,0.09090909090909091,observed_or_transparently_derived,False
understat:28981,1903269,2026-01-07,brentford,sunderland,H,3,0,W,4231,Keith Andrews,mgr:5f487ee40c90,WhoScored/Opta observed,701,430,344,46.89557774607704,49.342790697674424,55.336279069767436,3923.5,41,42,22,2,18,11,14,11,35,8,8,22,46,32.540909090909096,90.16111111111111,0.8,0.09534883720930233,observed_or_transparently_derived,False
understat:28981,1903269,2026-01-07,sunderland,brentford,A,0,3,L,4231,Régis Le Bris,mgr:1a031e232e88,WhoScored/Opta observed,676,418,330,41.98816568047337,44.28349282296651,50.38301435406698,3868.4,55,21,13,0,11,7,5,7,35,7,10,25,39,32.086046511627906,83.60909090909091,0.7894736842105263,0.13157894736842105,observed_or_transparently_derived,False
understat:28982,1903271,2026-01-07,burnley,manchester_united,H,2,2,D,3421,Scott Parker,mgr:c49e040048ca,WhoScored/Opta observed,647,344,256,42.778979907264294,45.51075581395348,53.88575581395348,3756.7,36,11,8,0,7,6,6,23,31,16,7,25,44,32.18316831683169,86.25714285714285,0.7441860465116279,0.10465116279069768,observed_or_transparently_derived,False
understat:28982,1903271,2026-01-07,manchester_united,burnley,A,2,2,D,4231,Darren Fletcher,mgr:98dfad21cc80,WhoScored/Opta observed,934,637,545,47.81927194860813,49.14693877551021,52.56923076923078,4169.4,74,37,27,2,31,18,21,22,31,19,6,14,54,35.44571428571429,83.10645161290321,0.8555729984301413,0.11616954474097331,observed_or_transparently_derived,False
understat:28983,1903274,2026-01-07,crystal_palace,aston_villa,H,0,0,D,3421,Oliver Glasner,mgr:1058459b93f2,WhoScored/Opta observed,643,403,320,43.40808709175739,48.383870967741935,54.531513647642676,3568.1,46,27,14,2,11,9,7,7,21,20,4,32,32,29.87755102040816,87.83636363636363,0.794044665012407,0.1141439205955335,observed_or_transparently_derived,False
understat:28983,1903274,2026-01-07,aston_villa,crystal_palace,A,0,0,D,4231,Unai Emery,mgr:dcdf2dffc0c2,WhoScored/Opta observed,826,576,489,44.00230024213075,43.82465277777778,47.681250000000006,3853.2,49,33,17,1,15,8,11,19,21,14,9,22,33,34.99638554216867,87.95333333333333,0.8489583333333334,0.08506944444444445,observed_or_transparently_derived,False
understat:28984,1903279,2026-01-07,fulham,chelsea,H,2,1,W,3421,Marco Alexandre Saraiva da Silva,mgr:d242da40969a,WhoScored/Opta observed,880,608,524,47.46670454545454,50.5452302631579,53.77861842105263,4000.3,55,30,21,1,16,13,11,25,29,16,9,29,37,36.271428571428565,85.2625,0.8618421052631579,0.09046052631578948,observed_or_transparently_derived,False
understat:28984,1903279,2026-01-07,chelsea,fulham,A,1,2,L,4231,Calum McFarlane,mgr:3b963ae58719,WhoScored/Opta observed,770,497,409,44.25155844155844,46.352917505030184,50.874245472837025,3809.3,54,32,23,2,14,9,10,11,29,13,8,30,37,31.228865979381442,88.89285714285714,0.8229376257545271,0.10865191146881288,observed_or_transparently_derived,False
understat:28985,1903282,2026-01-07,manchester_city,brighton,H,1,1,D,4141,Pep Guardiola,mgr:26dfbbc164aa,WhoScored/Opta observed,920,643,557,51.459347826086955,50.45381026438569,53.49362363919129,4069.0,54,24,14,4,21,12,14,31,22,14,19,8,43,42.40860215053763,87.72380952380954,0.8662519440124417,0.08398133748055987,observed_or_transparently_derived,False
understat:28985,1903282,2026-01-07,brighton,manchester_city,A,1,1,D,4231,Fabian Hürzeler,mgr:dfda8206a0e2,WhoScored/Opta observed,715,432,336,34.68,35.91759259259259,40.86782407407408,3570.0,36,12,9,3,6,3,6,7,22,22,20,24,41,29.360869565217392,92.18333333333334,0.7777777777777778,0.08333333333333333,observed_or_transparently_derived,False
understat:28986,1903285,2026-01-07,newcastle_united,leeds_united,H,4,3,W,433,Eddie Howe,mgr:65451ab24622,WhoScored/Opta observed,908,600,499,47.12213656387665,49.70633333333334,54.019,4103.0,51,47,36,1,18,12,14,19,40,14,9,33,43,30.32621359223301,89.3777777777778,0.8316666666666667,0.085,observed_or_transparently_derived,False
understat:28986,1903285,2026-01-07,leeds_united,newcastle_united,A,3,4,L,3142,Daniel Farke,mgr:fa5d385e34dc,WhoScored/Opta observed,669,366,266,46.530941704035875,51.51830601092897,59.24890710382513,3921.6,62,28,14,2,14,9,9,16,40,17,16,33,45,32.31739130434783,89.51428571428572,0.726775956284153,0.16939890710382513,observed_or_transparently_derived,False
understat:28980,1903267,2026-01-08,arsenal,liverpool,H,0,0,D,433,Mikel Arteta,mgr:5fdd2f365fdc,WhoScored/Opta observed,694,491,414,50.94481268011527,52.65519348268839,55.87026476578412,3199.5,51,31,16,5,9,8,7,23,11,11,7,16,31,39.43768115942029,87.36666666666666,0.8431771894093686,0.10386965376782077,observed_or_transparently_derived,False
understat:28980,1903267,2026-01-08,liverpool,arsenal,A,0,0,D,4231,Arne Slot,mgr:328a5fafed26,WhoScored/Opta observed,751,540,469,45.01691078561917,48.62462962962963,52.370000000000005,3674.5,63,8,11,1,8,3,3,18,11,10,8,24,27,27.237333333333332,80.125,0.8685185185185185,0.11666666666666667,observed_or_transparently_derived,False
understat:28990,1903297,2026-01-17,chelsea,brentford,H,2,0,W,4231,Liam Rosenior,mgr:4fed4e69ba04,WhoScored/Opta observed,745,472,390,38.51234899328859,42.406567796610176,46.95169491525424,3770.7000000000003,40,13,12,0,6,4,5,19,24,17,11,43,38,29.282608695652176,86.14999999999999,0.826271186440678,0.0847457627118644,observed_or_transparently_derived,False
understat:28990,1903297,2026-01-17,brentford,chelsea,A,0,2,L,4231,Keith Andrews,mgr:5f487ee40c90,WhoScored/Opta observed,819,565,473,48.231746031746034,48.727787610619465,52.60035398230089,4064.0,62,43,31,1,15,10,14,16,24,14,8,18,47,37.12736842105263,87.39333333333336,0.8371681415929203,0.10973451327433628,observed_or_transparently_derived,False
understat:28991,1903300,2026-01-17,leeds_united,fulham,H,1,0,W,352,Daniel Farke,mgr:fa5d385e34dc,WhoScored/Opta observed,723,447,334,46.76307053941908,45.72371364653244,52.3413870246085,4292.4,55,32,23,2,14,6,12,13,48,10,7,14,43,37.199999999999996,87.52857142857144,0.7472035794183445,0.12304250559284116,observed_or_transparently_derived,False
understat:28991,1903300,2026-01-17,fulham,leeds_united,A,0,1,L,4231,Marco Alexandre Saraiva da Silva,mgr:d242da40969a,WhoScored/Opta observed,793,511,411,37.29281210592686,39.330136986301376,44.33405088062623,4093.2,48,16,13,1,8,3,5,9,48,16,10,36,28,29.482795698924733,83.8875,0.8043052837573386,0.09393346379647749,observed_or_transparently_derived,False
understat:28992,1903303,2026-01-17,liverpool,burnley,H,1,1,D,4231,Arne Slot,mgr:328a5fafed26,WhoScored/Opta observed,1063,792,673,57.134524929444964,58.74280303030304,62.39267676767677,5040.3,80,60,35,2,32,24,25,27,32,7,8,13,38,35.40434782608695,85.39999999999999,0.8497474747474747,0.10101010101010101,observed_or_transparently_derived,False
understat:28992,1903303,2026-01-17,burnley,liverpool,A,1,1,D,3421,Scott Parker,mgr:c49e040048ca,WhoScored/Opta observed,605,297,202,36.19834710743802,42.405050505050504,53.06632996632997,3824.7000000000003,35,15,9,0,7,3,3,9,32,19,9,40,35,24.80526315789474,86.37142857142858,0.6801346801346801,0.11784511784511785,observed_or_transparently_derived,False
understat:28993,1903304,2026-01-17,manchester_united,manchester_city,H,2,0,W,4231,Michael Carrick,mgr:3aa905054daf,WhoScored/Opta observed,598,331,257,42.82190635451505,48.25105740181269,55.19577039274925,3231.3,50,22,13,2,11,7,8,12,16,24,12,30,44,28.28173913043478,90.38181818181816,0.7764350453172205,0.1510574018126888,observed_or_transparently_derived,False
understat:28993,1903304,2026-01-17,manchester_city,manchester_united,A,0,2,L,4141,Pep Guardiola,mgr:26dfbbc164aa,WhoScored/Opta observed,941,689,604,51.749202975557914,54.00522496371554,56.43686502177068,3542.8,59,34,21,3,7,4,7,18,16,13,9,19,35,38.081481481481475,85.81428571428572,0.8766328011611031,0.08563134978229318,observed_or_transparently_derived,False
understat:28994,1903307,2026-01-17,nottingham_forest,arsenal,H,0,0,D,4231,Sean Dyche,mgr:224591e666ec,WhoScored/Opta observed,635,369,282,45.94818897637795,52.41192411924119,59.613821138211385,3637.6,52,27,27,1,6,3,4,19,34,12,6,34,26,25.94823529411764,81.73333333333333,0.7642276422764228,0.14092140921409213,observed_or_transparently_derived,False
understat:28994,1903307,2026-01-17,arsenal,nottingham_forest,A,0,0,D,433,Mikel Arteta,mgr:5fdd2f365fdc,WhoScored/Opta observed,780,536,443,48.433717948717955,50.724253731343275,55.06399253731344,3792.2,50,40,30,1,15,11,11,14,34,16,4,30,29,31.65421686746988,91.55999999999999,0.8264925373134329,0.09328358208955224,observed_or_transparently_derived,False
understat:28995,1903310,2026-01-17,sunderland,crystal_palace,H,2,1,W,4231,Régis Le Bris,mgr:1a031e232e88,WhoScored/Opta observed,782,502,389,45.07762148337596,46.20059760956175,51.6898406374502,4264.2,62,41,21,2,13,8,7,18,48,15,11,36,30,34.284375000000004,87.66923076923078,0.7749003984063745,0.12350597609561753,observed_or_transparently_derived,False
understat:28995,1903310,2026-01-17,crystal_palace,sunderland,A,1,2,L,3421,Oliver Glasner,mgr:1058459b93f2,WhoScored/Opta observed,644,368,267,44.16350931677019,46.887499999999996,54.13315217391305,3784.9,62,26,17,2,6,4,4,9,48,12,9,38,39,30.40810810810811,93.53333333333335,0.7255434782608695,0.16847826086956522,observed_or_transparently_derived,False
understat:28996,1903313,2026-01-17,tottenham_hotspur,west_ham,H,1,2,L,4231,Thomas Frank,mgr:1e78f2997997,WhoScored/Opta observed,896,546,430,51.486383928571435,52.58772893772894,57.16355311355311,3974.5,64,47,45,3,21,10,18,40,45,19,7,17,53,38.44411764705882,85.93809523809526,0.7875457875457875,0.11721611721611722,observed_or_transparently_derived,False
understat:28996,1903313,2026-01-17,west_ham,tottenham_hotspur,A,2,1,W,4411,Nuno Herlander Simões Espírito Santo,mgr:b68b19e445ac,WhoScored/Opta observed,705,340,248,39.297872340425535,45.16088235294118,52.84882352941176,3448.4,37,21,26,0,17,10,12,16,45,25,19,48,43,24.211347517730495,89.47058823529412,0.7294117647058823,0.10882352941176471,observed_or_transparently_derived,False
understat:28988,1903291,2026-01-18,aston_villa,everton,H,0,1,L,4231,Unai Emery,mgr:dcdf2dffc0c2,WhoScored/Opta observed,820,537,458,46.74353658536585,48.00409683426442,51.50949720670391,3526.9,50,33,19,2,18,11,15,13,34,14,4,16,44,35.95697674418605,84.40555555555555,0.8528864059590316,0.0931098696461825,observed_or_transparently_derived,False
understat:28988,1903291,2026-01-18,everton,aston_villa,A,1,0,W,4231,David Moyes,mgr:84316c036a2d,WhoScored/Opta observed,608,317,239,42.064638157894734,43.49179810725552,51.78264984227129,3530.0,43,14,9,2,9,7,7,9,34,17,13,27,47,32.32162162162162,85.56666666666666,0.7539432176656151,0.13564668769716087,observed_or_transparently_derived,False
understat:28997,1903317,2026-01-18,wolverhampton_wanderers,newcastle_united,H,0,0,D,352,Rob Edwards,mgr:434bf1b2b6dc,WhoScored/Opta observed,586,336,250,41.1580204778157,45.690178571428575,52.870535714285715,3378.3,37,25,20,1,6,4,5,16,30,11,8,29,35,23.938636363636366,87.86666666666667,0.7440476190476191,0.11011904761904762,observed_or_transparently_derived,False
understat:28997,1903317,2026-01-18,newcastle_united,wolverhampton_wanderers,A,0,0,D,433,Eddie Howe,mgr:65451ab24622,WhoScored/Opta observed,936,667,592,50.64113247863248,52.22173913043478,55.0184407796102,3597.9,60,51,36,4,12,6,8,17,30,10,8,22,38,37.04942528735632,86.875,0.8875562218890555,0.08995502248875563,observed_or_transparently_derived,False
understat:28989,1903294,2026-01-19,brighton,bournemouth,H,1,1,D,4231,Fabian Hürzeler,mgr:dfda8206a0e2,WhoScored/Opta observed,948,627,513,50.558860759493676,51.92503987240829,55.51658692185007,4194.8,74,32,25,0,17,12,15,32,42,21,2,25,46,37.81078431372549,85.63529411764705,0.8181818181818182,0.11802232854864433,observed_or_transparently_derived,False
understat:28989,1903294,2026-01-19,bournemouth,brighton,A,1,1,D,4231,Andoni Iraola,mgr:b4b8eecb310f,WhoScored/Opta observed,651,321,213,40.06559139784947,45.61183800623053,54.239252336448594,3866.1,49,20,17,1,11,7,7,19,42,18,17,31,45,27.403361344537817,85.09090909090908,0.6635514018691588,0.1526479750778816,observed_or_transparently_derived,False
understat:28998,1903320,2026-01-24,bournemouth,liverpool,H,3,2,W,4231,Andoni Iraola,mgr:b4b8eecb310f,WhoScored/Opta observed,607,333,250,39.352224052718284,44.632732732732734,52.40810810810811,3517.9,37,27,17,1,12,8,7,16,15,20,14,41,38,24.739516129032257,89.85000000000001,0.7507507507507507,0.1111111111111111,observed_or_transparently_derived,False
understat:28998,1903320,2026-01-24,liverpool,bournemouth,A,2,3,L,4222,Arne Slot,mgr:328a5fafed26,WhoScored/Opta observed,911,663,567,52.73304061470911,55.12126696832579,58.79864253393665,4500.6,81,47,21,4,14,10,13,19,15,12,4,28,40,35.18181818181818,84.20000000000002,0.8552036199095022,0.12217194570135746,observed_or_transparently_derived,False
understat:29001,1903328,2026-01-24,burnley,tottenham_hotspur,H,2,2,D,3421,Scott Parker,mgr:c49e040048ca,WhoScored/Opta observed,704,403,310,43.44460227272727,45.259305210918114,51.99652605459057,3797.7,44,12,6,0,9,7,7,25,25,19,16,18,53,34.859482758620686,86.95555555555556,0.7692307692307693,0.10918114143920596,observed_or_transparently_derived,False
understat:29001,1903328,2026-01-24,tottenham_hotspur,burnley,A,2,2,D,3421,Thomas Frank,mgr:1e78f2997997,WhoScored/Opta observed,978,661,553,47.11656441717791,47.70105900151286,50.81028744326776,4200.6,50,31,20,0,18,11,11,32,25,26,10,15,66,41.067441860465124,85.11111111111111,0.8366111951588502,0.07564296520423601,observed_or_transparently_derived,False
understat:29004,1903337,2026-01-24,fulham,brighton,H,2,1,W,4231,Marco Alexandre Saraiva da Silva,mgr:d242da40969a,WhoScored/Opta observed,823,549,446,41.10121506682868,43.45154826958106,47.626593806921676,4142.2,46,27,21,1,12,7,9,11,25,11,7,44,35,28.6196261682243,83.33333333333333,0.8123861566484517,0.08378870673952642,observed_or_transparently_derived,False
understat:29004,1903337,2026-01-24,brighton,fulham,A,1,2,L,433,Fabian Hürzeler,mgr:dfda8206a0e2,WhoScored/Opta observed,828,558,453,45.57125603864734,46.954301075268816,51.07956989247312,4079.1,47,39,29,3,13,9,9,15,25,16,12,25,41,37.40186915887851,90.16923076923075,0.8118279569892473,0.08422939068100359,observed_or_transparently_derived,False
understat:29005,1903340,2026-01-24,manchester_city,wolverhampton_wanderers,H,2,0,W,4141,Pep Guardiola,mgr:26dfbbc164aa,WhoScored/Opta observed,944,677,607,48.79057203389831,50.049926144756284,52.36632200886263,3489.9,70,27,9,1,11,4,11,17,18,16,17,11,39,42.077894736842104,86.55454545454546,0.896602658788774,0.103397341211226,observed_or_transparently_derived,False
understat:29005,1903340,2026-01-24,wolverhampton_wanderers,manchester_city,A,0,2,L,352,Rob Edwards,mgr:434bf1b2b6dc,WhoScored/Opta observed,657,390,307,37.6468797564688,35.75846153846154,40.74948717948718,3018.9,29,18,14,0,11,6,7,26,18,19,10,22,36,27.40957446808511,84.53636363636365,0.7871794871794872,0.07435897435897436,observed_or_transparently_derived,False
understat:29007,1903260,2026-01-24,west_ham,sunderland,H,3,1,W,4411,Nuno Herlander Simões Espírito Santo,mgr:b68b19e445ac,WhoScored/Opta observed,673,405,302,44.383952451708765,46.19777777777778,52.9525925925926,4074.8,56,21,16,0,13,8,7,23,35,25,5,27,31,31.041052631578953,85.17692307692307,0.745679012345679,0.1382716049382716,observed_or_transparently_derived,False
understat:29007,1903260,2026-01-24,sunderland,west_ham,A,1,3,L,442,Régis Le Bris,mgr:1a031e232e88,WhoScored/Opta observed,724,453,363,45.55,48.1130242825607,53.113686534216335,3725.4,55,29,17,0,7,3,5,12,35,13,3,29,37,33.13411764705882,86.69999999999997,0.8013245033112583,0.12141280353200883,observed_or_transparently_derived,False
understat:28999,1903322,2026-01-25,arsenal,manchester_united,H,2,3,L,433,Mikel Arteta,mgr:5fdd2f365fdc,WhoScored/Opta observed,747,493,398,50.881392235609106,53.03144016227181,56.72961460446247,3036.7,47,41,25,3,15,10,13,16,25,11,11,20,33,37.526923076923076,86.41333333333333,0.8073022312373225,0.09533468559837728,observed_or_transparently_derived,False
understat:28999,1903322,2026-01-25,manchester_united,arsenal,A,3,2,W,4231,Michael Carrick,mgr:3aa905054daf,WhoScored/Opta observed,632,384,301,41.749525316455696,45.95703125,52.602864583333336,3937.9,56,15,8,4,11,6,7,6,25,14,6,25,31,30.555813953488368,71.32727272727271,0.7838541666666666,0.14583333333333334,observed_or_transparently_derived,False
understat:29000,1903325,2026-01-25,brentford,nottingham_forest,H,0,2,L,4231,Keith Andrews,mgr:5f487ee40c90,WhoScored/Opta observed,930,629,519,51.8747311827957,53.898569157392686,57.77074721780605,4238.9,74,50,37,2,10,4,9,24,39,14,15,23,51,39.033027522935775,91.1,0.8251192368839427,0.11764705882352941,observed_or_transparently_derived,False
understat:29000,1903325,2026-01-25,nottingham_forest,brentford,A,2,0,W,4231,Sean Dyche,mgr:224591e666ec,WhoScored/Opta observed,655,327,232,40.2181679389313,45.62201834862386,54.40581039755351,3723.0,43,15,18,1,7,5,3,21,39,18,8,54,46,25.053623188405794,86.81428571428572,0.709480122324159,0.13149847094801223,observed_or_transparently_derived,False
understat:29002,1903331,2026-01-25,crystal_palace,chelsea,H,1,3,L,3421,Oliver Glasner,mgr:1058459b93f2,WhoScored/Opta observed,776,481,362,44.0020618556701,44.70810810810811,49.891060291060285,3954.2,52,33,20,5,13,10,8,16,44,17,10,22,39,33.70721649484536,90.4076923076923,0.7525987525987526,0.10810810810810811,observed_or_transparently_derived,False
understat:29002,1903331,2026-01-25,chelsea,crystal_palace,A,3,1,W,4231,Liam Rosenior,mgr:4fed4e69ba04,WhoScored/Opta observed,929,625,526,39.40904198062433,39.844,43.719680000000004,4215.5,35,24,18,2,10,7,4,16,44,15,14,48,33,28.102631578947367,88.99000000000001,0.8416,0.056,observed_or_transparently_derived,False
understat:29006,1903343,2026-01-25,newcastle_united,aston_villa,H,0,2,L,433,Eddie Howe,mgr:65451ab24622,WhoScored/Opta observed,891,578,477,47.305274971941635,50.5,55.6847750865052,4573.5,79,48,34,0,15,11,11,22,32,24,3,22,58,34.10917431192661,85.81333333333332,0.8252595155709342,0.13667820069204153,observed_or_transparently_derived,False
understat:29006,1903343,2026-01-25,aston_villa,newcastle_united,A,2,0,W,4231,Unai Emery,mgr:dcdf2dffc0c2,WhoScored/Opta observed,696,377,286,44.73031609195402,49.98832891246684,58.15092838196287,4277.9,58,25,12,2,14,10,8,25,32,21,7,30,49,30.56495726495727,83.32142857142858,0.7586206896551724,0.15384615384615385,observed_or_transparently_derived,False
understat:29003,1903334,2026-01-26,everton,leeds_united,H,1,1,D,4231,David Moyes,mgr:84316c036a2d,WhoScored/Opta observed,927,591,478,49.69180151024811,52.98680203045685,57.34906937394248,4168.2,79,33,20,5,10,7,7,27,53,20,6,32,47,35.64782608695652,84.0,0.8087986463620981,0.13367174280879865,observed_or_transparently_derived,False
understat:29003,1903334,2026-01-26,leeds_united,everton,A,1,1,D,3421,Daniel Farke,mgr:fa5d385e34dc,WhoScored/Opta observed,789,430,319,41.638910012674266,43.62674418604651,50.5846511627907,4383.9,57,24,15,2,14,7,8,18,53,31,10,47,53,29.94866666666666,86.0142857142857,0.7418604651162791,0.1325581395348837,observed_or_transparently_derived,False
understat:29009,1903266,2026-01-31,chelsea,west_ham,H,3,2,W,4141,Liam Rosenior,mgr:4fed4e69ba04,WhoScored/Opta observed,1088,782,674,50.2922794117647,51.79104859335038,55.07659846547315,4829.3,78,43,37,0,14,10,9,18,31,14,8,24,41,36.161616161616166,88.34285714285713,0.8618925831202046,0.09974424552429667,observed_or_transparently_derived,False
understat:29009,1903266,2026-01-31,west_ham,chelsea,A,2,3,L,4411,Nuno Herlander Simões Espírito Santo,mgr:b68b19e445ac,WhoScored/Opta observed,632,328,219,39.87310126582278,46.30914634146341,54.970121951219504,3763.4,60,21,16,3,11,9,9,19,31,15,7,48,43,22.697478991596636,88.46363636363638,0.6676829268292683,0.18292682926829268,observed_or_transparently_derived,False
understat:29010,1903264,2026-01-31,brighton,everton,H,1,1,D,433,Fabian Hürzeler,mgr:dfda8206a0e2,WhoScored/Opta observed,827,518,425,44.97400241837968,45.194208494208496,49.89806949806949,3849.5,50,27,15,1,11,6,9,17,38,20,9,32,51,35.54083333333334,87.86363636363636,0.8204633204633205,0.09652509652509653,observed_or_transparently_derived,False
understat:29010,1903264,2026-01-31,everton,brighton,A,1,1,D,4231,David Moyes,mgr:84316c036a2d,WhoScored/Opta observed,748,461,353,43.199331550802135,45.77201735357918,52.30737527114968,4376.5,57,21,15,0,7,5,4,16,38,23,7,20,43,30.201,90.54285714285713,0.7657266811279827,0.12364425162689804,observed_or_transparently_derived,False
understat:29014,1903270,2026-01-31,liverpool,newcastle_united,H,4,1,W,4231,Arne Slot,mgr:328a5fafed26,WhoScored/Opta observed,712,445,365,47.57570224719101,51.17887640449438,56.75078651685393,3786.2,63,33,16,2,17,10,14,15,22,18,6,36,40,32.04660194174757,85.91764705882353,0.8202247191011236,0.14157303370786517,observed_or_transparently_derived,False
understat:29014,1903270,2026-01-31,newcastle_united,liverpool,A,1,4,L,433,Eddie Howe,mgr:65451ab24622,WhoScored/Opta observed,660,387,302,43.07787878787879,46.83359173126615,53.60284237726099,3807.3,54,37,26,3,8,5,6,18,22,13,8,24,32,26.375294117647055,83.3125,0.7803617571059431,0.13953488372093023,observed_or_transparently_derived,False
understat:29015,1903268,2026-01-31,leeds_united,arsenal,H,0,4,L,3421,Daniel Farke,mgr:fa5d385e34dc,WhoScored/Opta observed,716,443,335,42.36578212290503,46.08465011286682,51.92844243792326,4152.7,53,23,22,0,3,2,2,17,36,16,10,38,25,28.28315789473685,87.03333333333335,0.7562076749435666,0.11963882618510158,observed_or_transparently_derived,False
understat:29015,1903268,2026-01-31,arsenal,leeds_united,A,4,0,W,4231,Mikel Arteta,mgr:5fdd2f365fdc,WhoScored/Opta observed,734,451,346,47.916485013623976,50.13170731707317,55.98137472283813,3779.7000000000003,57,45,27,1,15,11,12,25,36,14,6,32,33,29.795454545454547,91.0,0.7671840354767184,0.12638580931263857,observed_or_transparently_derived,False
understat:29017,1903278,2026-01-31,wolverhampton_wanderers,bournemouth,H,0,2,L,352,Rob Edwards,mgr:434bf1b2b6dc,WhoScored/Opta observed,826,519,411,44.37421307506053,44.44142581888247,48.576685934489404,3704.6,41,29,22,0,17,10,10,22,33,23,3,18,53,34.08785046728972,83.28823529411765,0.791907514450867,0.0789980732177264,observed_or_transparently_derived,False
understat:29017,1903278,2026-01-31,bournemouth,wolverhampton_wanderers,A,2,0,W,4231,Andoni Iraola,mgr:b4b8eecb310f,WhoScored/Opta observed,839,500,419,42.64076281287247,44.296600000000005,49.451,3994.3,49,24,12,1,9,5,9,25,33,20,13,32,48,35.91854838709678,88.37777777777778,0.838,0.098,observed_or_transparently_derived,False
understat:29008,1903262,2026-02-01,aston_villa,brentford,H,0,1,L,4231,Unai Emery,mgr:dcdf2dffc0c2,WhoScored/Opta observed,948,681,582,56.380801687763714,59.047577092511006,62.28590308370044,3738.3,42,52,26,2,27,16,21,15,33,19,3,18,46,34.339325842696624,85.38518518518516,0.8546255506607929,0.06167400881057269,observed_or_transparently_derived,False
understat:29008,1903262,2026-02-01,brentford,aston_villa,A,1,0,W,4231,Keith Andrews,mgr:5f487ee40c90,WhoScored/Opta observed,586,281,195,37.44914675767918,41.62633451957296,52.86868327402135,4129.6,53,13,9,1,6,3,3,16,33,7,13,34,40,24.666355140186912,88.76666666666667,0.693950177935943,0.18861209964412812,observed_or_transparently_derived,False
understat:29012,1903272,2026-02-01,manchester_united,fulham,H,3,2,W,4231,Michael Carrick,mgr:3aa905054daf,WhoScored/Opta observed,726,454,391,44.710743801652896,49.98590308370044,54.89977973568282,3812.9,68,20,16,3,13,9,12,16,24,22,10,32,39,29.294594594594596,88.94615384615386,0.8612334801762115,0.14977973568281938,observed_or_transparently_derived,False
understat:29012,1903272,2026-02-01,fulham,manchester_united,A,2,3,L,4231,Marco Alexandre Saraiva da Silva,mgr:d242da40969a,WhoScored/Opta observed,873,631,548,47.45635738831615,48.45736925515056,51.24992076069731,3553.8999999999996,53,37,29,3,14,11,9,19,24,17,13,11,38,34.73522727272727,85.92142857142856,0.8684627575277337,0.08399366085578447,observed_or_transparently_derived,False
understat:29013,1903273,2026-02-01,nottingham_forest,crystal_palace,H,1,1,D,4231,Sean Dyche,mgr:224591e666ec,WhoScored/Opta observed,604,312,220,42.866721854304636,46.701602564102565,56.3775641025641,3816.1,47,19,17,0,9,4,7,23,40,16,10,28,39,29.434579439252342,85.89999999999999,0.7051282051282052,0.15064102564102563,observed_or_transparently_derived,False
understat:29013,1903273,2026-02-01,crystal_palace,nottingham_forest,A,1,1,D,3421,Oliver Glasner,mgr:1058459b93f2,WhoScored/Opta observed,881,621,515,49.46685584562997,52.30177133655395,56.47375201288244,4308.4,73,35,25,0,14,6,12,6,40,14,6,23,41,33.97472527472527,84.75,0.8293075684380032,0.11755233494363929,observed_or_transparently_derived,False
understat:29016,1903277,2026-02-01,tottenham_hotspur,manchester_city,H,2,2,D,3421,Thomas Frank,mgr:1e78f2997997,WhoScored/Opta observed,702,419,333,44.889031339031334,46.385680190930785,51.182100238663494,3610.1,45,18,14,1,12,11,8,24,22,24,6,20,39,34.172164948453606,86.0,0.7947494033412887,0.10739856801909307,observed_or_transparently_derived,False
understat:29016,1903277,2026-02-01,manchester_city,tottenham_hotspur,A,2,2,D,4132,Pep Guardiola,mgr:26dfbbc164aa,WhoScored/Opta observed,922,613,546,46.60650759219089,49.31402936378466,52.285807504078306,3641.4,56,27,17,1,15,7,12,24,22,23,4,25,42,34.38514851485149,89.52666666666666,0.8907014681892332,0.09135399673735727,observed_or_transparently_derived,False
understat:29011,1903275,2026-02-02,sunderland,burnley,H,3,0,W,541,Régis Le Bris,mgr:1a031e232e88,WhoScored/Opta observed,712,456,372,45.31615168539326,46.85548245614035,51.69473684210527,3897.6,70,19,11,0,14,7,12,15,28,9,9,26,47,32.91,85.8,0.8157894736842105,0.15350877192982457,observed_or_transparently_derived,False
understat:29011,1903275,2026-02-02,burnley,sunderland,A,0,3,L,3421,Scott Parker,mgr:c49e040048ca,WhoScored/Opta observed,821,578,487,45.04713763702801,48.07214532871972,51.66487889273356,3705.8,57,30,23,0,6,3,4,3,28,14,5,28,30,36.367045454545455,69.11666666666666,0.842560553633218,0.0986159169550173,observed_or_transparently_derived,False
understat:29023,1903295,2026-02-06,leeds_united,nottingham_forest,H,3,1,W,3421,Daniel Farke,mgr:fa5d385e34dc,WhoScored/Opta observed,811,510,416,42.43181257706535,43.762941176470584,48.9278431372549,4189.4,48,24,21,1,14,11,11,18,37,22,5,40,25,30.102040816326532,90.97142857142858,0.8156862745098039,0.09411764705882353,observed_or_transparently_derived,False
understat:29023,1903295,2026-02-06,nottingham_forest,leeds_united,A,1,3,L,4231,Sean Dyche,mgr:224591e666ec,WhoScored/Opta observed,706,407,299,48.014305949008495,50.0955773955774,56.622604422604425,3808.9,53,34,34,0,16,10,12,25,37,14,8,18,42,30.138202247191014,84.83125,0.7346437346437347,0.13022113022113022,observed_or_transparently_derived,False
understat:29018,1903280,2026-02-07,bournemouth,aston_villa,H,1,1,D,4231,Andoni Iraola,mgr:b4b8eecb310f,WhoScored/Opta observed,758,464,360,49.026649076517145,50.50991379310344,56.089008620689654,3955.5,64,43,28,5,20,13,15,13,37,10,11,26,54,36.42075471698113,84.72999999999999,0.7758620689655172,0.13793103448275862,observed_or_transparently_derived,False
understat:29018,1903280,2026-02-07,aston_villa,bournemouth,A,1,1,D,4231,Unai Emery,mgr:dcdf2dffc0c2,WhoScored/Opta observed,722,414,325,39.54792243767313,43.45821256038648,51.231884057971016,4391.4,51,20,14,0,7,7,7,11,37,18,7,42,34,26.29626168224299,87.24285714285715,0.785024154589372,0.12318840579710146,observed_or_transparently_derived,False
understat:29019,1903283,2026-02-07,arsenal,sunderland,H,3,0,W,433,Mikel Arteta,mgr:5fdd2f365fdc,WhoScored/Opta observed,707,427,343,49.29377652050919,52.42388758782202,57.909367681498836,3445.5,44,35,20,1,16,10,11,13,33,15,12,23,42,39.47692307692308,84.96875,0.8032786885245902,0.10304449648711944,observed_or_transparently_derived,False
understat:29019,1903283,2026-02-07,sunderland,arsenal,A,0,3,L,4231,Régis Le Bris,mgr:1a031e232e88,WhoScored/Opta observed,709,442,350,40.6885754583921,43.81787330316743,49.26425339366516,4153.7,58,21,15,0,5,4,4,14,33,13,6,32,36,25.301052631578955,84.9,0.7918552036199095,0.13122171945701358,observed_or_transparently_derived,False
understat:29021,1903289,2026-02-07,burnley,west_ham,H,0,2,L,451,Scott Parker,mgr:c49e040048ca,WhoScored/Opta observed,807,538,439,49.13655514250309,52.43104089219331,56.70650557620817,3719.4,57,40,36,5,18,13,13,15,16,16,2,23,41,35.506741573033715,84.9888888888889,0.8159851301115242,0.10594795539033457,observed_or_transparently_derived,False
understat:29021,1903289,2026-02-07,west_ham,burnley,A,2,0,W,4411,Nuno Herlander Simões Espírito Santo,mgr:b68b19e445ac,WhoScored/Opta observed,751,457,366,39.60053262316911,43.25032822757112,49.01750547045952,3905.8,53,14,12,1,6,4,5,26,16,14,17,37,42,26.48879310344827,82.65,0.8008752735229759,0.11597374179431072,observed_or_transparently_derived,False
understat:29022,1903292,2026-02-07,fulham,everton,H,1,2,L,4231,Marco Alexandre Saraiva da Silva,mgr:d242da40969a,WhoScored/Opta observed,789,527,451,44.226489226869454,46.27115749525617,50.124857685009495,3535.4,44,35,20,2,14,6,9,13,32,20,9,22,33,30.72298850574712,81.78571428571429,0.855787476280835,0.08349146110056926,observed_or_transparently_derived,False
understat:29022,1903292,2026-02-07,everton,fulham,A,2,1,W,4231,David Moyes,mgr:84316c036a2d,WhoScored/Opta observed,702,429,354,47.22065527065527,49.187179487179485,54.84871794871795,3701.4,49,37,22,0,17,7,13,15,32,15,8,29,45,33.82596153846154,84.28235294117647,0.8251748251748252,0.11421911421911422,observed_or_transparently_derived,False
understat:29025,1903301,2026-02-07,manchester_united,tottenham_hotspur,H,2,0,W,4231,Michael Carrick,mgr:3aa905054daf,WhoScored/Opta observed,935,688,604,53.10053475935829,54.66119186046512,57.93938953488372,4105.7,78,41,21,6,23,16,18,18,15,18,5,12,39,39.6975,82.77391304347827,0.877906976744186,0.11337209302325581,observed_or_transparently_derived,False
understat:29025,1903301,2026-02-07,tottenham_hotspur,manchester_united,A,0,2,L,433,Thomas Frank,mgr:1e78f2997997,WhoScored/Opta observed,639,366,300,38.07417840375587,42.99999999999999,49.31502732240438,3382.8,38,17,10,0,7,6,5,21,15,16,9,30,29,24.50337078651685,83.38571428571427,0.819672131147541,0.10382513661202186,observed_or_transparently_derived,False
understat:29026,1903306,2026-02-07,newcastle_united,brentford,H,2,3,L,433,Eddie Howe,mgr:65451ab24622,WhoScored/Opta observed,779,471,375,46.0591784338896,49.1407643312102,54.86985138004246,4069.2,65,32,23,0,16,8,11,16,38,9,4,33,47,35.093939393939394,86.53750000000001,0.7961783439490446,0.13800424628450106,observed_or_transparently_derived,False
understat:29026,1903306,2026-02-07,brentford,newcastle_united,A,3,2,W,4231,Keith Andrews,mgr:5f487ee40c90,WhoScored/Opta observed,686,415,302,44.71384839650146,46.4166265060241,54.04795180722892,4598.6,64,28,15,0,11,9,8,12,38,15,3,21,48,31.581111111111113,83.75454545454545,0.727710843373494,0.15421686746987953,observed_or_transparently_derived,False
understat:29027,1903309,2026-02-07,wolverhampton_wanderers,chelsea,H,1,3,L,4231,Rob Edwards,mgr:434bf1b2b6dc,WhoScored/Opta observed,675,403,325,42.211999999999996,43.386600496277914,48.591315136476425,3229.6,38,34,21,2,11,7,9,26,19,12,8,22,39,29.37752808988764,88.5,0.8064516129032258,0.09429280397022333,observed_or_transparently_derived,False
understat:29027,1903309,2026-02-07,chelsea,wolverhampton_wanderers,A,3,1,W,4231,Liam Rosenior,mgr:4fed4e69ba04,WhoScored/Opta observed,1041,776,711,44.34073006724303,46.130412371134014,48.55618556701031,3965.1,51,28,15,8,15,12,10,13,19,21,10,30,38,31.862037037037037,86.47333333333334,0.9162371134020618,0.06572164948453608,observed_or_transparently_derived,False
understat:29020,1903286,2026-02-08,brighton,crystal_palace,H,0,1,L,4231,Fabian Hürzeler,mgr:dfda8206a0e2,WhoScored/Opta observed,909,590,494,42.43784378437844,42.79101694915254,47.702881355932206,4629.8,61,24,16,0,7,5,4,19,39,17,3,34,52,32.320689655172416,87.7,0.8372881355932204,0.10338983050847457,observed_or_transparently_derived,False
understat:29020,1903286,2026-02-08,crystal_palace,brighton,A,1,0,W,3421,Oliver Glasner,mgr:1058459b93f2,WhoScored/Opta observed,651,346,238,42.63502304147465,44.30953757225433,53.31040462427745,4132.0,58,24,12,0,7,4,5,16,39,21,10,33,41,32.271794871794874,89.78571428571429,0.6878612716763006,0.1676300578034682,observed_or_transparently_derived,False
understat:29024,1903298,2026-02-08,liverpool,manchester_city,H,1,2,L,4231,Arne Slot,mgr:328a5fafed26,WhoScored/Opta observed,725,431,331,46.06027586206896,46.87935034802784,54.22691415313225,4605.7,55,38,22,2,15,7,12,20,28,17,7,21,43,33.45698924731183,83.31333333333333,0.7679814385150812,0.12761020881670534,observed_or_transparently_derived,False
understat:29024,1903298,2026-02-08,manchester_city,liverpool,A,2,1,W,4132,Pep Guardiola,mgr:26dfbbc164aa,WhoScored/Opta observed,799,494,410,44.31264080100126,47.15121457489878,52.09817813765182,3886.7,50,24,12,6,17,11,15,14,28,15,10,28,40,32.71960784313726,79.31176470588235,0.8299595141700404,0.10121457489878542,observed_or_transparently_derived,False
understat:29030,1903318,2026-02-10,chelsea,leeds_united,H,2,2,D,4231,Liam Rosenior,mgr:4fed4e69ba04,WhoScored/Opta observed,941,688,624,47.16896918172157,48.02703488372093,50.20712209302326,3741.8,54,34,19,12,19,11,16,14,30,14,7,22,31,35.47375,87.27368421052631,0.9069767441860465,0.07848837209302326,observed_or_transparently_derived,False
understat:29030,1903318,2026-02-10,leeds_united,chelsea,A,2,2,D,541,Daniel Farke,mgr:fa5d385e34dc,WhoScored/Opta observed,613,364,293,40.69804241435563,42.06978021978021,48.28324175824176,3742.0,40,12,5,0,4,4,2,7,30,11,9,33,21,27.516455696202527,84.225,0.804945054945055,0.10989010989010989,observed_or_transparently_derived,False
understat:29032,1903324,2026-02-10,everton,bournemouth,H,1,2,L,4231,David Moyes,mgr:84316c036a2d,WhoScored/Opta observed,782,490,386,50.78107416879796,50.90571428571429,56.76571428571429,4467.7,67,32,25,0,16,11,7,20,44,11,8,21,40,38.699999999999996,89.28125,0.7877551020408163,0.13673469387755102,observed_or_transparently_derived,False
understat:29032,1903324,2026-02-10,bournemouth,everton,A,2,1,W,4231,Andoni Iraola,mgr:b4b8eecb310f,WhoScored/Opta observed,735,439,333,39.87986394557823,45.47881548974942,50.8503416856492,3741.6,48,25,14,6,11,9,9,12,44,21,8,36,45,29.730357142857144,80.68181818181817,0.7585421412300684,0.10933940774487472,observed_or_transparently_derived,False
understat:29036,1903335,2026-02-10,tottenham_hotspur,newcastle_united,H,1,2,L,433,Thomas Frank,mgr:1e78f2997997,WhoScored/Opta observed,751,437,363,42.34860186418109,46.30503432494279,52.27986270022883,3730.9,56,22,16,0,16,10,15,21,30,16,7,44,40,27.008928571428573,85.74375,0.8306636155606407,0.12814645308924486,observed_or_transparently_derived,False
understat:29036,1903335,2026-02-10,newcastle_united,tottenham_hotspur,A,2,1,W,433,Eddie Howe,mgr:65451ab24622,WhoScored/Opta observed,698,392,301,50.17191977077364,52.73673469387755,59.37372448979591,3467.1,53,36,35,0,21,14,10,15,30,23,3,26,38,35.878571428571426,89.0952380952381,0.7678571428571429,0.13520408163265307,observed_or_transparently_derived,False
understat:29037,1903338,2026-02-10,west_ham,manchester_united,H,1,1,D,4231,Nuno Herlander Simões Espírito Santo,mgr:b68b19e445ac,WhoScored/Opta observed,624,363,280,41.87131410256411,45.06694214876033,51.523691460055105,3223.7000000000003,47,15,14,0,7,6,5,14,22,15,16,23,36,28.458252427184465,86.39999999999999,0.7713498622589532,0.12947658402203857,observed_or_transparently_derived,False
understat:29037,1903338,2026-02-10,manchester_united,west_ham,A,1,1,D,4231,Michael Carrick,mgr:3aa905054daf,WhoScored/Opta observed,911,678,584,50.339407244785946,52.28554572271386,55.096755162241884,3963.2,73,39,21,0,9,5,8,20,22,19,8,12,46,36.70777777777778,88.74444444444444,0.8613569321533924,0.10766961651917405,observed_or_transparently_derived,False
understat:29028,1903312,2026-02-11,aston_villa,brighton,H,1,0,W,4231,Unai Emery,mgr:dcdf2dffc0c2,WhoScored/Opta observed,717,452,364,39.16401673640167,40.58738938053097,46.836283185840706,4247.7,50,25,16,0,15,5,13,13,23,11,7,23,37,27.90574712643678,86.46666666666667,0.8053097345132744,0.11061946902654868,observed_or_transparently_derived,False
understat:29028,1903312,2026-02-11,brighton,aston_villa,A,0,1,L,433,Fabian Hürzeler,mgr:dfda8206a0e2,WhoScored/Opta observed,713,468,370,45.56647966339411,47.3905982905983,52.960042735042734,3957.7,57,37,27,1,10,5,7,13,23,16,13,13,40,37.25806451612903,79.21,0.7905982905982906,0.12179487179487179,observed_or_transparently_derived,False
understat:29031,1903321,2026-02-11,crystal_palace,burnley,H,2,3,L,3421,Oliver Glasner,mgr:1058459b93f2,WhoScored/Opta observed,938,619,490,48.79904051172708,49.08675282714055,53.538126009693066,4534.5,67,43,25,9,22,15,15,8,50,14,8,25,45,38.49809523809524,82.84090909090908,0.7915993537964459,0.10823909531502424,observed_or_transparently_derived,False
understat:29031,1903321,2026-02-11,burnley,crystal_palace,A,3,2,W,3421,Scott Parker,mgr:c49e040048ca,WhoScored/Opta observed,653,347,227,40.51960183767228,44.08472622478386,53.28501440922191,4050.4,54,23,14,0,8,4,5,13,50,16,7,38,52,29.105737704918035,83.6625,0.654178674351585,0.15561959654178675,observed_or_transparently_derived,False
understat:29033,1903327,2026-02-11,manchester_city,fulham,H,3,0,W,4132,Pep Guardiola,mgr:26dfbbc164aa,WhoScored/Opta observed,923,657,589,46.72784398699892,48.44307458143075,50.34748858447489,3621.2999999999997,59,13,10,2,13,10,8,21,14,22,7,16,44,40.279999999999994,84.3153846153846,0.8964992389649924,0.0898021308980213,observed_or_transparently_derived,False
understat:29033,1903327,2026-02-11,fulham,manchester_city,A,0,3,L,4231,Marco Alexandre Saraiva da Silva,mgr:d242da40969a,WhoScored/Opta observed,782,529,444,41.59079283887468,41.30888468809074,44.302079395085066,3419.3,33,19,15,1,14,6,9,17,14,23,8,12,42,34.47191011235955,88.2,0.8393194706994329,0.062381852551984876,observed_or_transparently_derived,False
understat:29034,1903329,2026-02-11,nottingham_forest,wolverhampton_wanderers,H,0,0,D,4231,Sean Dyche,mgr:224591e666ec,WhoScored/Opta observed,821,536,453,53.23130328867235,55.462126865671635,60.084701492537306,3720.4,55,47,38,0,35,19,26,18,35,18,6,26,46,33.82475247524752,83.14857142857143,0.8451492537313433,0.10261194029850747,observed_or_transparently_derived,False
understat:29034,1903329,2026-02-11,wolverhampton_wanderers,nottingham_forest,A,0,0,D,3412,Rob Edwards,mgr:434bf1b2b6dc,WhoScored/Opta observed,620,319,233,37.75016129032258,39.00721003134796,49.00219435736677,4087.9,50,16,13,0,7,3,5,17,35,20,6,39,27,27.1734693877551,81.62857142857142,0.7304075235109718,0.15673981191222572,observed_or_transparently_derived,False
understat:29035,1903332,2026-02-11,sunderland,liverpool,H,0,1,L,4231,Régis Le Bris,mgr:1a031e232e88,WhoScored/Opta observed,717,415,332,43.66680613668061,47.32698795180723,52.79180722891566,3678.5,44,41,26,3,11,6,9,23,32,14,8,37,32,28.214851485148518,86.70909090909092,0.8,0.10602409638554217,observed_or_transparently_derived,False
understat:29035,1903332,2026-02-11,liverpool,sunderland,A,1,0,W,4231,Arne Slot,mgr:328a5fafed26,WhoScored/Opta observed,843,544,451,50.509015421115066,54.505147058823525,59.02775735294118,4036.4,64,43,29,1,23,16,15,21,32,15,4,38,36,30.684693877551023,85.34782608695653,0.8290441176470589,0.11764705882352941,observed_or_transparently_derived,False
understat:29029,1903315,2026-02-12,brentford,arsenal,H,1,1,D,4231,Keith Andrews,mgr:5f487ee40c90,WhoScored/Opta observed,613,354,259,41.252691680261016,43.1361581920904,50.12344632768362,3603.0,39,32,16,3,12,8,9,20,28,11,12,29,39,24.532631578947367,88.625,0.731638418079096,0.11016949152542373,observed_or_transparently_derived,False
understat:29029,1903315,2026-02-12,arsenal,brentford,A,1,1,D,4231,Mikel Arteta,mgr:5fdd2f365fdc,WhoScored/Opta observed,766,500,415,47.775195822454315,52.6982,57.178,3834.1,46,29,23,1,7,5,7,12,28,22,4,37,32,34.768,88.78571428571429,0.83,0.092,observed_or_transparently_derived,False
understat:29087,1903469,2026-02-18,wolverhampton_wanderers,arsenal,H,2,2,D,3421,Rob Edwards,mgr:434bf1b2b6dc,WhoScored/Opta observed,691,408,288,41.19811866859624,42.779901960784315,49.57745098039215,3984.7999999999997,45,21,15,1,5,2,4,9,42,26,8,18,45,30.014018691588788,83.8,0.7058823529411765,0.11029411764705882,observed_or_transparently_derived,False
understat:29087,1903469,2026-02-18,arsenal,wolverhampton_wanderers,A,2,2,D,4231,Mikel Arteta,mgr:5fdd2f365fdc,WhoScored/Opta observed,829,526,418,50.898673100120625,53.9458174904943,59.04220532319391,4158.9,81,24,23,2,10,6,9,25,42,20,13,27,54,39.27520661157025,89.07000000000001,0.7946768060836502,0.15399239543726237,observed_or_transparently_derived,False
understat:29038,1903341,2026-02-21,aston_villa,leeds_united,H,1,1,D,4231,Unai Emery,mgr:dcdf2dffc0c2,WhoScored/Opta observed,879,573,474,50.80295790671217,52.6064572425829,56.95095986038394,4079.1,64,46,29,0,16,9,12,25,38,14,8,20,43,37.443010752688174,84.26249999999999,0.8272251308900523,0.11169284467713787,observed_or_transparently_derived,False
understat:29038,1903341,2026-02-21,leeds_united,aston_villa,A,1,1,D,541,Daniel Farke,mgr:fa5d385e34dc,WhoScored/Opta observed,611,289,202,40.63731587561375,44.5159169550173,53.352595155709345,3172.8,36,19,16,0,14,8,9,10,38,22,11,41,35,30.279999999999998,84.89285714285712,0.698961937716263,0.1245674740484429,observed_or_transparently_derived,False
understat:29039,1903344,2026-02-21,brentford,brighton,H,0,2,L,4231,Keith Andrews,mgr:5f487ee40c90,WhoScored/Opta observed,756,489,371,43.31256613756614,44.924130879345604,50.59938650306748,4330.8,54,30,21,3,13,3,8,15,47,8,10,21,33,30.213157894736845,87.23076923076923,0.7586912065439673,0.11042944785276074,observed_or_transparently_derived,False
understat:29039,1903344,2026-02-21,brighton,brentford,A,2,0,W,433,Fabian Hürzeler,mgr:dfda8206a0e2,WhoScored/Opta observed,720,444,332,46.04375,48.64369369369369,55.0954954954955,4116.2,63,16,14,1,11,8,7,8,47,16,9,27,35,34.340860215053766,84.78181818181818,0.7477477477477478,0.14189189189189189,observed_or_transparently_derived,False
understat:29040,1903347,2026-02-21,chelsea,burnley,H,1,1,D,4231,Liam Rosenior,mgr:4fed4e69ba04,WhoScored/Opta observed,875,638,550,50.21828571428571,52.13871473354232,55.28103448275863,4017.0,72,30,19,2,12,7,8,18,21,13,9,14,38,42.053749999999994,85.27499999999999,0.8620689655172413,0.11285266457680251,observed_or_transparently_derived,False
understat:29040,1903347,2026-02-21,burnley,chelsea,A,1,1,D,3421,Scott Parker,mgr:c49e040048ca,WhoScored/Opta observed,582,330,261,41.16786941580756,43.01484848484849,48.986666666666665,2957.2,39,20,12,0,12,6,9,14,21,9,15,20,38,28.925882352941183,86.94166666666666,0.7909090909090909,0.11818181818181818,observed_or_transparently_derived,False
understat:29043,1903385,2026-02-21,manchester_city,newcastle_united,H,2,1,W,4132,Pep Guardiola,mgr:26dfbbc164aa,WhoScored/Opta observed,779,497,416,47.021437740693194,49.3533199195171,53.038832997987925,3527.9,39,20,13,5,15,9,12,28,29,21,5,24,41,35.03333333333334,85.19333333333334,0.8370221327967807,0.07847082494969819,observed_or_transparently_derived,False
understat:29043,1903385,2026-02-21,newcastle_united,manchester_city,A,1,2,L,433,Eddie Howe,mgr:65451ab24622,WhoScored/Opta observed,695,410,329,43.6631654676259,45.46268292682926,51.18414634146342,3518.8,45,22,13,3,13,10,10,15,29,18,8,17,40,35.52613636363637,85.4,0.802439024390244,0.10975609756097561,observed_or_transparently_derived,False
understat:29047,1903394,2026-02-21,west_ham,bournemouth,H,0,0,D,451,Nuno Herlander Simões Espírito Santo,mgr:b68b19e445ac,WhoScored/Opta observed,695,382,270,45.41165467625899,47.97565445026178,55.68952879581152,3807.2999999999997,51,34,24,0,20,10,16,17,37,21,8,30,47,32.372321428571425,89.33500000000001,0.7068062827225131,0.13350785340314136,observed_or_transparently_derived,False
understat:29047,1903394,2026-02-21,bournemouth,west_ham,A,0,0,D,4231,Andoni Iraola,mgr:b4b8eecb310f,WhoScored/Opta observed,823,523,404,43.07606318347509,44.997896749521985,50.24302103250478,4464.8,58,30,19,2,10,9,7,20,37,17,8,28,43,31.187850467289714,80.35000000000001,0.7724665391969407,0.11089866156787763,observed_or_transparently_derived,False
understat:29041,1903380,2026-02-22,crystal_palace,wolverhampton_wanderers,H,1,0,W,3421,Oliver Glasner,mgr:1058459b93f2,WhoScored/Opta observed,789,480,367,47.558048162230676,50.07166666666667,55.57020833333333,4047.3,61,39,24,1,14,7,8,16,46,15,7,29,41,33.5,86.0357142857143,0.7645833333333333,0.12708333333333333,observed_or_transparently_derived,False
understat:29041,1903380,2026-02-22,wolverhampton_wanderers,crystal_palace,A,0,1,L,3421,Rob Edwards,mgr:434bf1b2b6dc,WhoScored/Opta observed,659,316,231,43.309104704097116,47.5873417721519,55.800949367088606,3299.7000000000003,56,27,18,1,12,10,8,26,46,17,13,49,38,27.844354838709677,85.375,0.7310126582278481,0.17721518987341772,observed_or_transparently_derived,False
understat:29044,1903386,2026-02-22,nottingham_forest,liverpool,H,0,1,L,4231,Vítor Manuel de Oliveira Lopes Pereira,mgr:807de4c745b0,WhoScored/Opta observed,764,466,364,47.75170157068063,51.601502145922744,56.09742489270386,3495.2000000000003,42,39,30,2,18,10,11,10,26,18,10,34,57,35.1,81.57222222222222,0.7811158798283262,0.09012875536480687,observed_or_transparently_derived,False
understat:29044,1903386,2026-02-22,liverpool,nottingham_forest,A,1,0,W,4231,Arne Slot,mgr:328a5fafed26,WhoScored/Opta observed,799,524,433,43.95782227784731,45.945992366412206,50.74522900763359,4262.8,59,24,15,0,10,8,8,15,26,14,9,28,44,35.02718446601942,90.07999999999998,0.8263358778625954,0.11259541984732824,observed_or_transparently_derived,False
understat:29045,1903390,2026-02-22,sunderland,fulham,H,1,3,L,4141,Régis Le Bris,mgr:1a031e232e88,WhoScored/Opta observed,703,445,354,44.79032716927453,45.880674157303375,52.091460674157304,4227.3,64,32,14,1,12,7,7,16,28,12,5,25,46,35.58191489361702,84.98333333333333,0.7955056179775281,0.14382022471910114,observed_or_transparently_derived,False
understat:29045,1903390,2026-02-22,fulham,sunderland,A,3,1,W,4231,Marco Alexandre Saraiva da Silva,mgr:d242da40969a,WhoScored/Opta observed,671,396,304,43.274813710879286,47.64646464646464,53.859595959595964,3802.8,44,22,18,1,12,7,9,10,28,22,9,38,40,29.136842105263156,86.26666666666665,0.7676767676767676,0.1111111111111111,observed_or_transparently_derived,False
understat:29046,1903393,2026-02-22,tottenham_hotspur,arsenal,H,1,4,L,352,Igor Tudor,mgr:e99dd67f9cac,WhoScored/Opta observed,693,364,259,36.78845598845599,38.996153846153845,45.862912087912086,3423.0,29,14,11,1,6,6,4,18,32,24,15,42,44,26.879710144927532,86.73333333333333,0.7115384615384616,0.07967032967032966,observed_or_transparently_derived,False
understat:29046,1903393,2026-02-22,arsenal,tottenham_hotspur,A,4,1,W,4231,Mikel Arteta,mgr:5fdd2f365fdc,WhoScored/Opta observed,835,520,404,52.58011976047904,53.49173076923076,58.988461538461536,4275.7,80,25,15,5,20,14,13,21,32,31,8,14,48,50.20990990990992,85.42,0.7769230769230769,0.15384615384615385,observed_or_transparently_derived,False
understat:29042,1903383,2026-02-23,everton,manchester_united,H,0,1,L,4231,David Moyes,mgr:84316c036a2d,WhoScored/Opta observed,758,474,343,52.2320580474934,55.08902953586498,60.85738396624472,4040.5,57,40,35,1,12,10,8,20,42,18,14,13,53,37.39351851851851,80.72500000000001,0.7236286919831224,0.12025316455696203,observed_or_transparently_derived,False
understat:29042,1903383,2026-02-23,manchester_united,everton,A,1,0,W,4231,Michael Carrick,mgr:3aa905054daf,WhoScored/Opta observed,834,508,407,41.28321342925659,45.474409448818896,51.059251968503936,4266.9,52,18,11,1,11,5,7,16,42,12,8,39,52,29.83583333333333,83.80909090909091,0.8011811023622047,0.10236220472440945,observed_or_transparently_derived,False
understat:29057,1903414,2026-02-27,wolverhampton_wanderers,aston_villa,H,2,0,W,3421,Rob Edwards,mgr:434bf1b2b6dc,WhoScored/Opta observed,628,357,273,38.841242038216556,41.63669467787115,48.45434173669468,3296.9,39,18,17,0,9,5,5,16,19,16,10,31,41,25.402912621359224,83.87777777777778,0.7647058823529411,0.1092436974789916,observed_or_transparently_derived,False
understat:29057,1903414,2026-02-27,aston_villa,wolverhampton_wanderers,A,0,2,L,4231,Unai Emery,mgr:dcdf2dffc0c2,WhoScored/Opta observed,797,546,462,46.6306148055207,45.88553113553114,50.07399267399268,3851.3,54,30,26,0,14,11,11,14,19,11,11,15,42,43.271590909090904,87.92142857142858,0.8461538461538461,0.0989010989010989,observed_or_transparently_derived,False
understat:29048,1903396,2026-02-28,bournemouth,sunderland,H,1,1,D,4231,Andoni Iraola,mgr:b4b8eecb310f,WhoScored/Opta observed,841,513,383,46.50879904875149,48.12046783625731,54.6869395711501,4964.6,79,39,26,0,21,12,12,25,41,16,14,26,43,36.2,84.73333333333332,0.746588693957115,0.1539961013645224,observed_or_transparently_derived,False
understat:29048,1903396,2026-02-28,sunderland,bournemouth,A,1,1,D,4231,Régis Le Bris,mgr:1a031e232e88,WhoScored/Opta observed,663,327,207,41.7737556561086,43.32752293577982,53.41253822629969,4165.8,58,26,12,1,8,6,4,19,41,26,6,44,41,32.36532258064516,87.5375,0.6330275229357798,0.17737003058103976,observed_or_transparently_derived,False
understat:29051,1903402,2026-02-28,burnley,brentford,H,3,4,L,3421,Scott Parker,mgr:c49e040048ca,WhoScored/Opta observed,678,366,276,42.865781710914455,47.5704918032787,55.025956284153004,3709.2999999999997,47,28,20,1,12,5,11,28,45,13,4,40,36,25.601020408163265,86.08333333333333,0.7540983606557377,0.1284153005464481,observed_or_transparently_derived,False
understat:29051,1903402,2026-02-28,brentford,burnley,A,4,3,W,4231,Keith Andrews,mgr:5f487ee40c90,WhoScored/Opta observed,812,505,396,46.17068965517241,45.70217821782178,51.218415841584154,4235.599999999999,48,36,23,2,17,13,13,30,45,14,8,29,45,34.62323232323233,84.20588235294117,0.7841584158415842,0.09504950495049505,observed_or_transparently_derived,False
understat:29053,1903406,2026-02-28,leeds_united,manchester_city,H,0,1,L,541,Daniel Farke,mgr:fa5d385e34dc,WhoScored/Opta observed,625,356,251,44.6824,46.7247191011236,52.97808988764045,3386.2,40,33,22,0,14,7,10,15,25,14,9,26,36,35.105376344086025,84.59285714285714,0.7050561797752809,0.11235955056179775,observed_or_transparently_derived,False
understat:29053,1903406,2026-02-28,manchester_city,leeds_united,A,1,0,W,4132,Pep Guardiola,mgr:26dfbbc164aa,WhoScored/Opta observed,964,692,605,48.896369294605805,52.37528901734104,55.059104046242766,4119.0,70,26,22,3,14,9,10,25,25,17,0,39,30,28.984536082474225,89.47142857142858,0.8742774566473989,0.10115606936416185,observed_or_transparently_derived,False
understat:29054,1903408,2026-02-28,liverpool,west_ham,H,5,2,W,4231,Arne Slot,mgr:328a5fafed26,WhoScored/Opta observed,743,452,354,45.48102288021534,47.79911504424779,53.10840707964602,3609.2000000000003,52,33,22,0,18,14,15,11,29,21,6,24,39,31.256,87.28888888888889,0.7831858407079646,0.11504424778761062,observed_or_transparently_derived,False
understat:29054,1903408,2026-02-28,west_ham,liverpool,A,2,5,L,451,Nuno Herlander Simões Espírito Santo,mgr:b68b19e445ac,WhoScored/Opta observed,756,469,359,44.77037037037037,47.187206823027715,52.66353944562899,3842.0,51,25,24,2,12,8,8,12,29,13,13,21,45,33.92980769230769,80.37500000000001,0.7654584221748401,0.10874200426439233,observed_or_transparently_derived,False
understat:29056,1903412,2026-02-28,newcastle_united,everton,H,2,3,L,433,Eddie Howe,mgr:65451ab24622,WhoScored/Opta observed,936,648,542,53.141452991452994,55.39290123456791,58.88641975308642,3972.6,67,39,30,0,17,11,10,23,42,13,5,10,42,40.72105263157895,82.45294117647059,0.8364197530864198,0.10339506172839506,observed_or_transparently_derived,False
understat:29056,1903412,2026-02-28,everton,newcastle_united,A,3,2,W,4231,David Moyes,mgr:84316c036a2d,WhoScored/Opta observed,660,331,244,39.99318181818182,44.42477341389728,51.87099697885196,3357.3,47,9,7,1,9,6,8,20,42,27,9,44,49,28.441911764705885,84.02222222222223,0.7371601208459214,0.1419939577039275,observed_or_transparently_derived,False
understat:29049,1903399,2026-03-01,arsenal,chelsea,H,2,1,W,4231,Mikel Arteta,mgr:5fdd2f365fdc,WhoScored/Opta observed,616,359,287,48.316233766233765,49.2041782729805,55.20891364902507,3307.6,57,22,11,3,13,10,10,20,26,17,5,21,37,40.79397590361446,76.4076923076923,0.7994428969359332,0.15877437325905291,observed_or_transparently_derived,False
understat:29049,1903399,2026-03-01,chelsea,arsenal,A,1,2,L,433,Liam Rosenior,mgr:4fed4e69ba04,WhoScored/Opta observed,789,513,442,38.72661596958175,39.85906432748538,43.5803118908382,3576.2,29,19,18,1,9,4,8,11,26,20,13,22,37,25.203125,86.48888888888888,0.8615984405458089,0.056530214424951264,observed_or_transparently_derived,False
understat:29050,1903400,2026-03-01,brighton,nottingham_forest,H,2,1,W,4231,Fabian Hürzeler,mgr:dfda8206a0e2,WhoScored/Opta observed,820,551,476,46.47256097560975,47.00235934664247,51.13974591651542,4008.4,55,26,11,2,14,9,12,7,26,17,6,20,37,40.36091954022989,82.5,0.8638838475499092,0.0998185117967332,observed_or_transparently_derived,False
understat:29050,1903400,2026-03-01,nottingham_forest,brighton,A,1,2,L,4231,Vítor Manuel de Oliveira Lopes Pereira,mgr:807de4c745b0,WhoScored/Opta observed,748,479,401,42.15080213903743,43.71002087682672,47.850313152400844,3492.5,40,20,17,0,13,10,10,23,26,9,8,15,45,29.04352941176471,84.93076923076923,0.837160751565762,0.08350730688935282,observed_or_transparently_derived,False
understat:29052,1903404,2026-03-01,fulham,tottenham_hotspur,H,2,1,W,4231,Marco Alexandre Saraiva da Silva,mgr:d242da40969a,WhoScored/Opta observed,813,512,403,42.53677736777368,44.833984375,50.2353515625,4287.1,51,26,14,0,18,8,13,18,36,12,10,32,41,30.2,87.95555555555555,0.787109375,0.099609375,observed_or_transparently_derived,False
understat:29052,1903404,2026-03-01,tottenham_hotspur,fulham,A,1,2,L,442,Igor Tudor,mgr:e99dd67f9cac,WhoScored/Opta observed,728,442,317,43.34478021978022,43.188009049773754,50.33778280542986,4430.5,51,32,22,0,13,8,8,10,36,16,10,19,44,34.48811881188118,87.1,0.7171945701357466,0.11538461538461539,observed_or_transparently_derived,False
understat:29055,1903410,2026-03-01,manchester_united,crystal_palace,H,2,1,W,4231,Michael Carrick,mgr:3aa905054daf,WhoScored/Opta observed,914,651,552,51.94934354485776,53.50046082949309,56.812596006144396,3901.1,58,37,25,4,20,16,16,18,37,14,4,16,46,39.09886363636363,83.94500000000001,0.847926267281106,0.0890937019969278,observed_or_transparently_derived,False
understat:29055,1903410,2026-03-01,crystal_palace,manchester_united,A,1,2,L,3421,Oliver Glasner,mgr:1058459b93f2,WhoScored/Opta observed,703,420,322,38.80483641536273,41.74547619047619,48.542857142857144,4293.2,49,18,6,1,8,5,8,10,37,16,6,28,39,30.467708333333334,83.6,0.7666666666666667,0.11666666666666667,observed_or_transparently_derived,False
understat:29058,1903416,2026-03-03,bournemouth,brentford,H,0,0,D,4231,Andoni Iraola,mgr:b4b8eecb310f,WhoScored/Opta observed,783,455,344,47.099872286079176,50.343296703296694,56.48197802197802,4056.0,56,36,16,4,13,5,11,20,50,13,12,42,58,33.20454545454545,86.57692307692308,0.756043956043956,0.12307692307692308,observed_or_transparently_derived,False
understat:29058,1903416,2026-03-03,brentford,bournemouth,A,0,0,D,4231,Keith Andrews,mgr:5f487ee40c90,WhoScored/Opta observed,786,495,369,40.41424936386768,41.608686868686874,48.566262626262635,4582.7,54,38,16,2,5,4,5,10,50,14,6,30,54,31.045535714285712,85.02,0.7454545454545455,0.10909090909090909,observed_or_transparently_derived,False
understat:29061,1903423,2026-03-03,everton,burnley,H,2,0,W,4231,David Moyes,mgr:84316c036a2d,WhoScored/Opta observed,887,628,537,49.60270574971815,50.89156050955414,54.7374203821656,4385.7,67,34,20,1,14,9,8,20,21,18,10,25,45,36.19903846153846,85.77857142857142,0.8550955414012739,0.10668789808917198,observed_or_transparently_derived,False
understat:29061,1903423,2026-03-03,burnley,everton,A,0,2,L,3421,Scott Parker,mgr:c49e040048ca,WhoScored/Opta observed,784,510,429,42.518367346938774,46.60137254901961,50.736862745098044,3477.8,55,21,8,0,5,3,4,10,21,17,14,30,46,27.963392857142857,84.2,0.8411764705882353,0.10784313725490197,observed_or_transparently_derived,False
understat:29063,1903427,2026-03-03,leeds_united,sunderland,H,0,1,L,451,Daniel Farke,mgr:fa5d385e34dc,WhoScored/Opta observed,908,604,479,47.74735682819383,47.41572847682119,51.974999999999994,4935.3,65,37,30,0,18,13,10,16,49,16,6,21,46,38.956382978723404,85.71111111111112,0.793046357615894,0.1076158940397351,observed_or_transparently_derived,False
understat:29063,1903427,2026-03-03,sunderland,leeds_united,A,1,0,W,4231,Régis Le Bris,mgr:1a031e232e88,WhoScored/Opta observed,600,265,161,36.935833333333335,40.37698113207547,51.23018867924528,3597.8,41,20,11,0,3,3,2,12,49,16,7,51,35,27.84873949579832,88.60000000000001,0.6075471698113207,0.15471698113207547,observed_or_transparently_derived,False
understat:29067,1903435,2026-03-03,wolverhampton_wanderers,liverpool,H,2,1,W,3511,Rob Edwards,mgr:434bf1b2b6dc,WhoScored/Opta observed,652,346,268,34.907208588957054,39.258092485549135,46.16560693641619,3226.7,32,14,14,3,4,3,4,17,17,25,9,36,41,25.751612903225805,85.45,0.7745664739884393,0.09248554913294797,observed_or_transparently_derived,False
understat:29067,1903435,2026-03-03,liverpool,wolverhampton_wanderers,A,1,2,L,4231,Arne Slot,mgr:328a5fafed26,WhoScored/Opta observed,919,659,563,53.10587595212188,53.04506828528072,56.180576631259484,3946.0,68,45,28,5,20,10,15,25,17,16,8,12,47,41.62,86.28,0.8543247344461306,0.10318664643399089,observed_or_transparently_derived,False
understat:29059,1903418,2026-03-04,aston_villa,chelsea,H,1,4,L,4231,Unai Emery,mgr:dcdf2dffc0c2,WhoScored/Opta observed,704,463,393,40.52372159090909,42.057019438444925,45.85939524838013,3327.5,43,21,13,2,9,5,7,12,13,11,7,16,34,33.97692307692307,85.53333333333335,0.8488120950323974,0.09287257019438445,observed_or_transparently_derived,False
understat:29059,1903418,2026-03-04,chelsea,aston_villa,A,4,1,W,433,Liam Rosenior,mgr:4fed4e69ba04,WhoScored/Opta observed,843,610,541,42.41945432977461,42.05688524590164,44.39475409836066,3376.7,37,20,20,3,15,12,13,13,13,15,9,16,35,36.948192771084344,89.17333333333333,0.8868852459016393,0.060655737704918035,observed_or_transparently_derived,False
understat:29060,1903421,2026-03-04,brighton,arsenal,H,0,1,L,4231,Fabian Hürzeler,mgr:dfda8206a0e2,WhoScored/Opta observed,830,524,413,46.533734939759036,48.86660305343512,53.96335877862596,4242.5,62,37,30,0,11,8,7,16,38,23,11,27,42,31.861946902654868,83.78181818181817,0.7881679389312977,0.1183206106870229,observed_or_transparently_derived,False
understat:29060,1903421,2026-03-04,arsenal,brighton,A,1,0,W,4231,Mikel Arteta,mgr:5fdd2f365fdc,WhoScored/Opta observed,658,359,254,41.46094224924012,43.06155988857939,51.07688022284122,4015.0,60,18,8,5,7,3,6,19,38,16,8,50,30,31.15,88.17142857142858,0.7075208913649025,0.1671309192200557,observed_or_transparently_derived,False
understat:29062,1903425,2026-03-04,fulham,west_ham,H,0,1,L,4231,Marco Alexandre Saraiva da Silva,mgr:d242da40969a,WhoScored/Opta observed,875,614,504,45.552,46.300814332247555,50.97198697068404,4852.6,64,42,27,0,13,9,8,9,27,9,3,23,44,33.49404761904763,88.4,0.8208469055374593,0.10423452768729642,observed_or_transparently_derived,False
understat:29062,1903425,2026-03-04,west_ham,fulham,A,1,0,W,442,Nuno Herlander Simões Espírito Santo,mgr:b68b19e445ac,WhoScored/Opta observed,700,418,321,39.656571428571425,41.75071770334928,48.076076555023924,3794.1,42,25,17,0,9,5,8,12,27,7,14,33,40,29.15,85.01111111111112,0.7679425837320574,0.10047846889952153,observed_or_transparently_derived,False
understat:29064,1903429,2026-03-04,manchester_city,nottingham_forest,H,2,2,D,4132,Pep Guardiola,mgr:26dfbbc164aa,WhoScored/Opta observed,1052,817,734,56.15627376425856,57.468788249694,59.52925336597306,4321.2,83,43,26,6,21,13,17,29,23,10,6,8,47,41.853947368421046,86.9952380952381,0.8984088127294981,0.10159118727050184,observed_or_transparently_derived,False
understat:29064,1903429,2026-03-04,nottingham_forest,manchester_city,A,2,2,D,532,Vítor Manuel de Oliveira Lopes Pereira,mgr:807de4c745b0,WhoScored/Opta observed,617,351,281,36.06288492706645,39.11965811965812,46.03789173789174,3557.7,26,12,13,0,9,7,7,11,23,20,6,29,41,25.456310679611647,85.42222222222222,0.8005698005698005,0.07407407407407407,observed_or_transparently_derived,False
understat:29065,1903431,2026-03-04,newcastle_united,manchester_united,H,2,1,W,433,Eddie Howe,mgr:65451ab24622,WhoScored/Opta observed,717,418,316,43.28410041841004,46.36985645933014,52.657177033492815,3918.7,48,19,16,0,12,6,8,15,42,18,9,31,44,30.1009009009009,87.175,0.7559808612440191,0.11483253588516747,observed_or_transparently_derived,False
understat:29065,1903431,2026-03-04,manchester_united,newcastle_united,A,1,2,L,4231,Michael Carrick,mgr:3aa905054daf,WhoScored/Opta observed,781,502,402,47.904097311139566,51.031474103585666,55.8601593625498,3749.2999999999997,49,31,15,7,14,10,11,18,42,12,9,19,42,36.724444444444444,85.48571428571428,0.8007968127490039,0.09760956175298804,observed_or_transparently_derived,False
understat:29066,1903433,2026-03-05,tottenham_hotspur,crystal_palace,H,1,3,L,3421,Igor Tudor,mgr:e99dd67f9cac,WhoScored/Opta observed,637,346,262,46.206436420722135,48.10549132947977,53.71011560693642,2970.9,43,22,13,2,12,9,10,22,44,17,10,28,29,30.582558139534893,87.43333333333334,0.7572254335260116,0.12427745664739884,observed_or_transparently_derived,False
understat:29066,1903433,2026-03-05,crystal_palace,tottenham_hotspur,A,3,1,W,3421,Oliver Glasner,mgr:1058459b93f2,WhoScored/Opta observed,772,499,415,44.957901554404145,47.6,51.64809619238477,3616.9,51,30,23,3,9,7,4,12,44,24,6,32,28,31.93473684210526,87.80000000000001,0.8316633266533067,0.10220440881763528,observed_or_transparently_derived,False
understat:29068,1903437,2026-03-14,arsenal,everton,H,2,0,W,4231,Mikel Arteta,mgr:5fdd2f365fdc,WhoScored/Opta observed,907,618,519,53.551157662624036,56.22265372168286,59.33009708737864,3642.5,61,34,21,1,25,16,18,19,38,16,4,27,39,37.736956521739124,82.448,0.8398058252427184,0.09870550161812297,observed_or_transparently_derived,False
understat:29068,1903437,2026-03-14,everton,arsenal,A,0,2,L,4231,David Moyes,mgr:84316c036a2d,WhoScored/Opta observed,651,350,253,38.90337941628264,41.89428571428572,50.07971428571429,3991.6,48,19,13,0,9,7,4,14,38,15,16,37,34,23.608035714285712,85.45555555555556,0.7228571428571429,0.13714285714285715,observed_or_transparently_derived,False
understat:29070,1903441,2026-03-14,burnley,bournemouth,H,0,0,D,4231,Scott Parker,mgr:c49e040048ca,WhoScored/Opta observed,663,340,226,45.79668174962293,49.085588235294125,58.9270588235294,4173.5,56,32,22,1,15,10,10,18,42,13,3,40,43,30.14695652173913,89.39333333333335,0.6647058823529411,0.16470588235294117,observed_or_transparently_derived,False
understat:29070,1903441,2026-03-14,bournemouth,burnley,A,0,0,D,4231,Andoni Iraola,mgr:b4b8eecb310f,WhoScored/Opta observed,849,518,401,45.088457008244994,48.659845559845564,54.54247104247104,4320.8,56,43,28,2,22,12,16,20,42,20,11,43,57,29.086619718309862,86.81363636363636,0.7741312741312741,0.10810810810810811,observed_or_transparently_derived,False
understat:29071,1903443,2026-03-14,chelsea,newcastle_united,H,0,1,L,4231,Liam Rosenior,mgr:4fed4e69ba04,WhoScored/Opta observed,1000,733,656,50.9824,52.17298772169168,54.63356070941336,3853.6,55,38,30,6,22,12,18,19,31,11,9,24,31,31.202499999999997,84.0909090909091,0.8949522510231923,0.07503410641200546,observed_or_transparently_derived,False
understat:29071,1903443,2026-03-14,newcastle_united,chelsea,A,1,0,W,4231,Eddie Howe,mgr:65451ab24622,WhoScored/Opta observed,607,365,279,39.372981878088964,43.75178082191781,51.240547945205485,4000.7,54,22,12,2,7,6,7,15,31,16,7,28,30,28.917241379310347,85.22857142857143,0.7643835616438356,0.14794520547945206,observed_or_transparently_derived,False
understat:29076,1903456,2026-03-14,sunderland,brighton,H,0,1,L,4141,Régis Le Bris,mgr:1a031e232e88,WhoScored/Opta observed,751,476,355,47.9659121171771,49.21050420168066,55.04726890756302,4259.4,66,34,20,4,14,9,6,23,28,7,5,21,46,33.167857142857144,82.84285714285714,0.7457983193277311,0.13865546218487396,observed_or_transparently_derived,False
understat:29076,1903456,2026-03-14,brighton,sunderland,A,1,0,W,4231,Fabian Hürzeler,mgr:dfda8206a0e2,WhoScored/Opta observed,788,494,384,40.88997461928934,44.165789473684214,50.05668016194332,4412.9,54,18,14,1,12,9,9,12,28,26,12,44,46,29.47426470588235,87.49166666666667,0.7773279352226721,0.10931174089068826,observed_or_transparently_derived,False
understat:29077,1903459,2026-03-14,west_ham,manchester_city,H,1,1,D,3421,Nuno Herlander Simões Espírito Santo,mgr:b68b19e445ac,WhoScored/Opta observed,627,336,244,33.379585326953745,37.26636904761905,44.62410714285714,3319.8,32,12,9,0,1,1,1,7,25,25,12,37,36,26.4155737704918,95.8,0.7261904761904762,0.09523809523809523,observed_or_transparently_derived,False
understat:29077,1903459,2026-03-14,manchester_city,west_ham,A,1,1,D,4132,Pep Guardiola,mgr:26dfbbc164aa,WhoScored/Opta observed,1099,807,713,53.699454049135575,54.11499380421313,56.160966542750934,4048.8,86,44,33,1,24,13,18,29,25,8,13,16,46,40.87894736842106,89.09583333333335,0.8835192069392813,0.10656753407682776,observed_or_transparently_derived,False
understat:29072,1903445,2026-03-15,crystal_palace,leeds_united,H,0,0,D,3421,Oliver Glasner,mgr:1058459b93f2,WhoScored/Opta observed,839,510,390,46.72002383790226,49.87705882352942,55.89921568627451,4353.4,68,40,23,2,12,7,6,14,64,9,3,52,32,29.14953271028037,84.90833333333332,0.7647058823529411,0.13333333333333333,observed_or_transparently_derived,False
understat:29072,1903445,2026-03-15,leeds_united,crystal_palace,A,0,0,D,3412,Daniel Farke,mgr:fa5d385e34dc,WhoScored/Opta observed,588,269,156,41.802891156462586,46.94460966542751,58.93494423791822,3843.6,50,31,14,1,10,6,5,11,64,15,6,55,30,25.918803418803414,84.76,0.5799256505576208,0.18587360594795538,observed_or_transparently_derived,False
understat:29073,1903447,2026-03-15,liverpool,tottenham_hotspur,H,1,1,D,4231,Arne Slot,mgr:328a5fafed26,WhoScored/Opta observed,886,602,495,50.521444695259596,52.64302325581395,57.12890365448506,4407.6,64,36,20,1,17,10,12,24,20,12,11,16,50,40.45979381443299,84.10000000000001,0.8222591362126246,0.10631229235880399,observed_or_transparently_derived,False
understat:29073,1903447,2026-03-15,tottenham_hotspur,liverpool,A,1,1,D,442,Igor Tudor,mgr:e99dd67f9cac,WhoScored/Opta observed,661,360,261,40.44341906202723,43.13416666666667,50.99250000000001,3856.7,46,23,12,1,13,10,9,17,20,20,12,36,46,30.30079365079365,83.53846153846152,0.725,0.12777777777777777,observed_or_transparently_derived,False
understat:29074,1903450,2026-03-15,manchester_united,aston_villa,H,3,1,W,4231,Michael Carrick,mgr:3aa905054daf,WhoScored/Opta observed,750,514,426,47.10959999999999,50.64260700389105,54.52568093385214,3399.3,56,31,21,6,16,10,13,11,21,19,12,22,44,30.987128712871286,84.85,0.8287937743190662,0.10894941634241245,observed_or_transparently_derived,False
understat:29074,1903450,2026-03-15,aston_villa,manchester_united,A,1,3,L,4231,Unai Emery,mgr:dcdf2dffc0c2,WhoScored/Opta observed,728,475,394,45.62019230769231,49.024,53.63157894736842,3600.4,51,30,18,3,9,4,7,15,21,16,8,32,39,29.798019801980203,86.16666666666667,0.8294736842105264,0.10736842105263159,observed_or_transparently_derived,False
understat:29075,1903452,2026-03-15,nottingham_forest,fulham,H,0,0,D,4231,Vítor Manuel de Oliveira Lopes Pereira,mgr:807de4c745b0,WhoScored/Opta observed,723,447,346,44.35463347164592,45.61006711409395,51.85324384787472,4059.1,53,24,17,2,11,7,9,25,27,8,7,25,47,32.88383838383838,82.59090909090911,0.7740492170022372,0.1185682326621924,observed_or_transparently_derived,False
understat:29075,1903452,2026-03-15,fulham,nottingham_forest,A,0,0,D,4231,Marco Alexandre Saraiva da Silva,mgr:d242da40969a,WhoScored/Opta observed,775,517,404,42.77896774193548,45.02185686653772,50.40116054158607,4438.0,60,25,20,2,6,3,3,14,27,16,10,24,43,33.91359223300971,86.71666666666668,0.781431334622824,0.11605415860735009,observed_or_transparently_derived,False
understat:29069,1903439,2026-03-16,brentford,wolverhampton_wanderers,H,2,2,D,4141,Keith Andrews,mgr:5f487ee40c90,WhoScored/Opta observed,729,472,358,41.380521262002745,42.73580508474577,48.77542372881356,4113.2,49,29,18,2,10,3,9,11,30,15,11,29,46,34.78073394495413,91.3,0.7584745762711864,0.1038135593220339,observed_or_transparently_derived,False
understat:29069,1903439,2026-03-16,wolverhampton_wanderers,brentford,A,2,2,D,3421,Rob Edwards,mgr:434bf1b2b6dc,WhoScored/Opta observed,747,485,376,44.32248995983936,44.50969072164948,50.600824742268045,4387.2,51,32,27,0,13,7,11,18,30,8,8,25,39,35.6090909090909,87.63846153846154,0.7752577319587629,0.10515463917525773,observed_or_transparently_derived,False
understat:29078,1903460,2026-03-20,bournemouth,manchester_united,H,2,2,D,4231,Andoni Iraola,mgr:b4b8eecb310f,WhoScored/Opta observed,839,544,446,48.72836710369487,52.24613970588236,56.472977941176474,3944.3,72,42,22,0,17,10,10,16,32,13,9,24,57,38.0561403508772,77.44117647058823,0.8198529411764706,0.1323529411764706,observed_or_transparently_derived,False
understat:29078,1903460,2026-03-20,manchester_united,bournemouth,A,2,2,D,4231,Michael Carrick,mgr:3aa905054daf,WhoScored/Opta observed,733,446,337,42.21978171896316,45.33677130044843,51.65448430493274,4074.3,44,30,17,3,14,12,11,12,32,16,12,31,44,28.802702702702707,85.50000000000001,0.7556053811659192,0.09865470852017937,observed_or_transparently_derived,False
understat:29080,1903462,2026-03-21,brighton,liverpool,H,2,1,W,4231,Fabian Hürzeler,mgr:dfda8206a0e2,WhoScored/Opta observed,706,422,324,46.614164305949004,49.251658767772504,55.11492890995261,3691.2,58,22,17,1,16,9,10,18,18,11,7,25,37,36.76451612903226,87.98125,0.7677725118483413,0.13744075829383887,observed_or_transparently_derived,False
understat:29080,1903462,2026-03-21,liverpool,brighton,A,1,2,L,41212,Arne Slot,mgr:328a5fafed26,WhoScored/Opta observed,759,481,381,44.837022397891964,47.85010395010395,52.637422037422034,3631.1,46,30,19,2,12,8,8,25,18,12,12,31,36,28.151000000000003,83.875,0.7920997920997921,0.09563409563409564,observed_or_transparently_derived,False
understat:29081,1903463,2026-03-21,everton,chelsea,H,3,0,W,4231,David Moyes,mgr:84316c036a2d,WhoScored/Opta observed,696,427,339,42.611781609195404,45.65339578454333,51.27892271662763,3594.2999999999997,43,30,24,1,10,10,9,15,27,22,7,34,44,26.462931034482757,88.96000000000001,0.7939110070257611,0.10070257611241218,observed_or_transparently_derived,False
understat:29081,1903463,2026-03-21,chelsea,everton,A,0,3,L,4231,Liam Rosenior,mgr:4fed4e69ba04,WhoScored/Opta observed,996,734,638,49.41265060240964,52.14209809264305,54.752724795640326,3819.4,65,36,24,1,12,8,8,19,27,15,7,21,41,33.8436170212766,86.53333333333332,0.8692098092643051,0.0885558583106267,observed_or_transparently_derived,False
understat:29082,1903464,2026-03-21,fulham,burnley,H,3,1,W,4231,Marco Alexandre Saraiva da Silva,mgr:d242da40969a,WhoScored/Opta observed,827,562,464,46.29927448609432,48.87028469750889,53.56120996441281,4317.2,68,36,24,4,22,12,16,9,32,18,6,27,51,30.521153846153844,88.20909090909092,0.8256227758007118,0.12099644128113879,observed_or_transparently_derived,False
understat:29082,1903464,2026-03-21,burnley,fulham,A,1,3,L,4231,Scott Parker,mgr:c49e040048ca,WhoScored/Opta observed,721,448,360,42.808321775312066,45.565401785714286,51.88437500000001,4344.9,57,25,20,0,9,8,9,9,32,13,7,26,41,28.66530612244898,82.28888888888888,0.8035714285714286,0.12723214285714285,observed_or_transparently_derived,False
understat:29083,1903465,2026-03-21,leeds_united,brentford,H,0,0,D,3412,Daniel Farke,mgr:fa5d385e34dc,WhoScored/Opta observed,877,525,394,48.45849486887115,51.000571428571426,56.498666666666665,4162.4,55,48,33,2,14,11,11,13,80,15,8,39,42,35.71769911504425,81.92857142857143,0.7504761904761905,0.10476190476190476,observed_or_transparently_derived,False
understat:29083,1903465,2026-03-21,brentford,leeds_united,A,0,0,D,532,Keith Andrews,mgr:5f487ee40c90,WhoScored/Opta observed,748,404,265,39.80775401069519,41.68663366336633,50.900000000000006,4776.9,56,32,16,1,6,3,4,18,80,11,7,48,46,29.485950413223144,87.38333333333333,0.655940594059406,0.13861386138613863,observed_or_transparently_derived,False
understat:29079,1903461,2026-03-22,aston_villa,west_ham,H,2,0,W,4231,Unai Emery,mgr:dcdf2dffc0c2,WhoScored/Opta observed,796,547,472,48.50917085427136,50.31444241316271,54.57861060329068,3993.4,64,29,19,1,23,14,17,12,28,18,4,19,32,34.48831168831168,82.83043478260869,0.8628884826325411,0.1170018281535649,observed_or_transparently_derived,False
understat:29079,1903461,2026-03-22,west_ham,aston_villa,A,0,2,L,433,Nuno Herlander Simões Espírito Santo,mgr:b68b19e445ac,WhoScored/Opta observed,623,381,306,44.08330658105939,46.477952755905505,52.03727034120735,3156.7,35,30,20,0,9,6,7,16,28,13,10,21,30,33.35853658536586,88.97777777777777,0.8031496062992126,0.09186351706036745,observed_or_transparently_derived,False
understat:29085,1903467,2026-03-22,newcastle_united,sunderland,H,1,2,L,4231,Eddie Howe,mgr:65451ab24622,WhoScored/Opta observed,738,449,357,43.84132791327914,45.41915367483296,51.52783964365256,3893.6,49,34,25,0,16,8,12,17,29,13,6,39,41,30.913592233009712,84.01875,0.7951002227171492,0.1091314031180401,observed_or_transparently_derived,False
understat:29085,1903467,2026-03-22,sunderland,newcastle_united,A,2,1,W,4141,Régis Le Bris,mgr:1a031e232e88,WhoScored/Opta observed,575,305,203,45.16330434782609,49.564918032786885,58.79344262295082,3596.1,43,41,24,0,17,12,10,14,29,17,4,33,35,31.367647058823525,86.50588235294117,0.6655737704918033,0.14098360655737704,observed_or_transparently_derived,False
understat:29086,1903468,2026-03-22,tottenham_hotspur,nottingham_forest,H,0,3,L,442,Igor Tudor,mgr:e99dd67f9cac,WhoScored/Opta observed,825,514,391,48.91115151515151,49.39299610894942,54.16089494163423,3799.4,61,38,32,3,14,9,10,28,45,19,7,15,39,40.01363636363636,86.37142857142858,0.7607003891050583,0.11867704280155641,observed_or_transparently_derived,False
understat:29086,1903468,2026-03-22,nottingham_forest,tottenham_hotspur,A,3,0,W,4231,Vítor Manuel de Oliveira Lopes Pereira,mgr:807de4c745b0,WhoScored/Opta observed,687,360,265,40.80742358078603,46.355,54.894444444444446,3971.7,48,25,14,0,8,8,7,18,45,21,9,42,35,26.35652173913044,87.51249999999999,0.7361111111111112,0.13333333333333333,observed_or_transparently_derived,False
understat:29091,1903355,2026-04-10,west_ham,wolverhampton_wanderers,H,4,0,W,4411,Nuno Herlander Simões Espírito Santo,mgr:b68b19e445ac,WhoScored/Opta observed,668,400,318,42.97844311377245,45.035749999999986,51.33074999999999,3876.6,53,27,19,6,18,11,16,15,25,23,5,23,43,32.849000000000004,84.88333333333334,0.795,0.1325,observed_or_transparently_derived,False
understat:29091,1903355,2026-04-10,wolverhampton_wanderers,west_ham,A,0,4,L,3511,Rob Edwards,mgr:434bf1b2b6dc,WhoScored/Opta observed,775,501,418,47.06683870967742,48.89481037924152,52.679441117764476,3245.4,40,28,20,2,14,6,8,23,25,17,8,21,38,34.752272727272725,83.60714285714288,0.8343313373253493,0.07984031936127745,observed_or_transparently_derived,False
understat:29092,1903470,2026-04-11,arsenal,bournemouth,H,1,2,L,4231,Mikel Arteta,mgr:5fdd2f365fdc,WhoScored/Opta observed,732,448,347,46.584016393442624,46.136160714285715,52.010937500000004,4153.8,47,29,22,2,15,11,9,21,32,17,7,23,31,36.31136363636364,85.93333333333334,0.7745535714285714,0.10491071428571429,observed_or_transparently_derived,False
understat:29092,1903470,2026-04-11,bournemouth,arsenal,A,2,1,W,4231,Andoni Iraola,mgr:b4b8eecb310f,WhoScored/Opta observed,702,399,310,41.83903133903134,44.71453634085213,51.242606516290735,3712.9,50,18,10,2,8,5,5,19,32,20,9,27,41,33.35283018867925,84.825,0.7769423558897243,0.12531328320802004,observed_or_transparently_derived,False
understat:29093,1903471,2026-04-11,brentford,everton,H,2,2,D,4231,Keith Andrews,mgr:5f487ee40c90,WhoScored/Opta observed,797,500,402,46.03814303638645,48.283,54.2196,4303.900000000001,70,36,23,3,17,10,12,22,33,15,8,29,52,30.242727272727272,87.15882352941176,0.804,0.14,observed_or_transparently_derived,False
understat:29093,1903471,2026-04-11,everton,brentford,A,2,2,D,4231,David Moyes,mgr:84316c036a2d,WhoScored/Opta observed,701,421,322,45.6376604850214,48.527315914489314,54.9874109263658,3779.7999999999997,54,33,20,2,14,11,10,7,33,16,7,44,45,33.41260504201681,84.1,0.7648456057007126,0.12826603325415678,observed_or_transparently_derived,False
understat:29094,1903472,2026-04-11,burnley,brighton,H,0,2,L,4231,Scott Parker,mgr:c49e040048ca,WhoScored/Opta observed,817,528,421,42.9734394124847,44.75151515151515,49.99848484848484,4252.5,51,22,24,0,10,7,9,29,21,11,10,26,47,29.208163265306123,88.93999999999998,0.7973484848484849,0.09659090909090909,observed_or_transparently_derived,False
understat:29094,1903472,2026-04-11,brighton,burnley,A,2,0,W,4231,Fabian Hürzeler,mgr:dfda8206a0e2,WhoScored/Opta observed,817,505,413,45.36829865361077,46.62534653465347,51.777227722772274,4032.3,55,30,20,0,13,10,12,14,21,29,18,29,56,37.51678832116788,86.93846153846155,0.8178217821782178,0.10891089108910891,observed_or_transparently_derived,False
understat:29097,1903475,2026-04-11,liverpool,fulham,H,2,0,W,4231,Arne Slot,mgr:328a5fafed26,WhoScored/Opta observed,836,557,474,47.61746411483253,50.138958707360864,53.781867145421906,3849.9,45,30,20,2,18,11,15,16,21,17,7,28,37,33.49693877551021,88.43333333333334,0.8509874326750448,0.0807899461400359,observed_or_transparently_derived,False
understat:29097,1903475,2026-04-11,fulham,liverpool,A,0,2,L,4231,Marco Alexandre Saraiva da Silva,mgr:d242da40969a,WhoScored/Opta observed,772,488,403,45.05673575129534,47.54672131147541,51.83176229508197,3696.2,44,32,34,0,19,12,16,17,21,20,15,32,34,29.34074074074074,84.8,0.8258196721311475,0.09016393442622951,observed_or_transparently_derived,False
understat:29089,1903349,2026-04-12,nottingham_forest,aston_villa,H,1,1,D,4231,Vítor Manuel de Oliveira Lopes Pereira,mgr:807de4c745b0,WhoScored/Opta observed,634,366,290,48.821766561514195,51.62868852459016,57.58196721311475,3059.8,41,25,25,0,16,10,12,14,23,15,9,24,38,37.56739130434783,80.6625,0.7923497267759563,0.11202185792349727,observed_or_transparently_derived,False
understat:29089,1903349,2026-04-12,aston_villa,nottingham_forest,A,1,1,D,4231,Unai Emery,mgr:dcdf2dffc0c2,WhoScored/Opta observed,797,538,462,42.613927227101634,44.40278810408922,48.107434944237916,3645.5,50,28,16,1,12,5,10,17,23,15,8,14,36,32.538271604938274,85.16666666666666,0.8587360594795539,0.09293680297397769,observed_or_transparently_derived,False
understat:29090,1903352,2026-04-12,sunderland,tottenham_hotspur,H,1,0,W,4231,Régis Le Bris,mgr:1a031e232e88,WhoScored/Opta observed,693,439,335,45.702308802308806,48.87813211845103,55.32779043280183,4068.7,63,35,19,1,13,5,8,14,21,22,9,23,38,34.6989898989899,86.65384615384616,0.7630979498861048,0.14350797266514806,observed_or_transparently_derived,False
understat:29090,1903352,2026-04-12,tottenham_hotspur,sunderland,A,0,1,L,4231,Roberto De Zerbi,mgr:b283d24885e5,WhoScored/Opta observed,687,409,328,41.8863173216885,42.67506112469437,48.6322738386308,3563.7000000000003,39,30,25,2,11,8,9,23,21,10,8,28,34,30.157777777777774,89.73636363636363,0.8019559902200489,0.09535452322738386,observed_or_transparently_derived,False
understat:29095,1903473,2026-04-12,chelsea,manchester_city,H,0,3,L,4231,Liam Rosenior,mgr:4fed4e69ba04,WhoScored/Opta observed,721,434,363,39.297780859916784,41.315668202764975,45.85990783410138,3360.3,42,16,12,1,12,8,10,23,11,21,5,24,37,28.744565217391308,86.77499999999998,0.836405529953917,0.0967741935483871,observed_or_transparently_derived,False
understat:29095,1903473,2026-04-12,manchester_city,chelsea,A,3,0,W,4231,Pep Guardiola,mgr:26dfbbc164aa,WhoScored/Opta observed,1003,723,649,52.53379860418744,53.52116182572613,55.38921161825726,3810.0,70,32,23,2,18,14,14,29,11,20,8,10,41,43.17362637362637,87.36111111111111,0.8976486860304288,0.09681881051175657,observed_or_transparently_derived,False
understat:29096,1903474,2026-04-12,crystal_palace,newcastle_united,H,2,1,W,343,Oliver Glasner,mgr:1058459b93f2,WhoScored/Opta observed,744,419,330,41.2244623655914,43.65035799522673,50.61479713603819,4171.2,60,19,16,1,11,8,6,6,34,21,12,42,55,32.054966887417216,89.85454545454546,0.7875894988066826,0.1431980906921241,observed_or_transparently_derived,False
understat:29096,1903474,2026-04-12,newcastle_united,crystal_palace,A,1,2,L,433,Eddie Howe,mgr:65451ab24622,WhoScored/Opta observed,861,597,466,45.75842044134727,46.45812395309883,51.24773869346734,4542.400000000001,64,34,21,4,7,6,4,19,34,6,12,17,43,42.11149425287357,87.87142857142855,0.7805695142378559,0.10720268006700168,observed_or_transparently_derived,False
understat:29088,1903346,2026-04-13,manchester_united,leeds_united,H,1,2,L,4231,Michael Carrick,mgr:3aa905054daf,WhoScored/Opta observed,838,545,449,46.938424821002386,49.6943119266055,54.09284403669725,4006.1,53,44,26,0,20,15,14,12,36,18,15,26,37,31.024509803921575,86.96000000000001,0.8238532110091743,0.09724770642201835,observed_or_transparently_derived,False
understat:29088,1903346,2026-04-13,leeds_united,manchester_united,A,2,1,W,3421,Daniel Farke,mgr:fa5d385e34dc,WhoScored/Opta observed,783,488,397,46.628480204342274,49.81659836065574,55.367418032786894,4225.2,59,29,20,0,15,11,11,21,36,12,7,38,36,29.424489795918372,88.58,0.8135245901639344,0.12090163934426229,observed_or_transparently_derived,False
understat:29099,1903362,2026-04-18,brentford,fulham,H,0,0,D,4231,Keith Andrews,mgr:5f487ee40c90,WhoScored/Opta observed,689,441,339,45.34397677793904,43.528571428571425,49.85759637188209,4216.4,58,31,24,1,13,7,13,21,37,12,3,17,35,35.72676056338029,90.43076923076923,0.7687074829931972,0.13151927437641722,observed_or_transparently_derived,False
understat:29099,1903362,2026-04-18,fulham,brentford,A,0,0,D,4231,Marco Alexandre Saraiva da Silva,mgr:d242da40969a,WhoScored/Opta observed,728,475,379,40.25865384615385,42.71052631578947,48.74968421052631,4102.0,41,27,17,2,11,6,9,11,37,13,5,24,29,28.249367088607602,86.6,0.7978947368421052,0.0863157894736842,observed_or_transparently_derived,False
understat:29100,1903365,2026-04-18,chelsea,manchester_united,H,0,1,L,4231,Liam Rosenior,mgr:4fed4e69ba04,WhoScored/Opta observed,888,647,562,49.79786036036036,49.44822256568779,53.055950540958264,4421.3,75,46,28,3,21,16,16,12,13,10,10,14,45,40.27272727272727,83.71904761904761,0.8686244204018547,0.11591962905718702,observed_or_transparently_derived,False
understat:29100,1903365,2026-04-18,manchester_united,chelsea,A,1,0,W,4231,Michael Carrick,mgr:3aa905054daf,WhoScored/Opta observed,703,462,381,37.47197724039829,41.59155844155843,46.211255411255415,3532.4,36,19,13,3,4,3,4,10,13,16,6,31,30,24.226373626373626,77.725,0.8246753246753247,0.07792207792207792,observed_or_transparently_derived,False
understat:29103,1903377,2026-04-18,leeds_united,wolverhampton_wanderers,H,3,0,W,3421,Daniel Farke,mgr:fa5d385e34dc,WhoScored/Opta observed,802,516,398,44.34239401496259,44.0889534883721,49.149031007751944,4338.6,51,28,18,0,17,10,14,13,27,12,15,23,35,35.45591397849463,90.34705882352942,0.7713178294573644,0.09883720930232558,observed_or_transparently_derived,False
understat:29103,1903377,2026-04-18,wolverhampton_wanderers,leeds_united,A,0,3,L,3421,Rob Edwards,mgr:434bf1b2b6dc,WhoScored/Opta observed,686,396,283,42.581195335276966,43.09393939393939,50.283838383838386,4090.3,48,22,18,0,7,5,3,15,27,23,4,34,34,34.99166666666667,91.17142857142858,0.7146464646464646,0.12121212121212122,observed_or_transparently_derived,False
understat:29105,1903379,2026-04-18,newcastle_united,bournemouth,H,1,2,L,433,Eddie Howe,mgr:65451ab24622,WhoScored/Opta observed,778,484,376,47.540874035989724,48.20247933884298,54.76797520661157,4386.400000000001,66,26,20,0,12,8,5,22,48,15,2,25,36,34.36477272727273,88.18333333333334,0.7768595041322314,0.13636363636363635,observed_or_transparently_derived,False
understat:29105,1903379,2026-04-18,bournemouth,newcastle_united,A,2,1,W,4231,Andoni Iraola,mgr:b4b8eecb310f,WhoScored/Opta observed,739,420,308,42.17212449255751,45.55428571428571,53.22285714285714,4402.4,56,23,13,2,12,6,9,19,48,25,6,28,47,29.81637931034483,88.33333333333333,0.7333333333333333,0.13333333333333333,observed_or_transparently_derived,False
understat:29107,1903382,2026-04-18,tottenham_hotspur,brighton,H,2,2,D,433,Roberto De Zerbi,mgr:b283d24885e5,WhoScored/Opta observed,670,359,279,41.0620895522388,42.40055710306407,48.42701949860724,3455.9,34,32,17,0,13,9,8,27,36,14,11,34,35,28.033333333333335,86.77692307692308,0.7771587743732591,0.0947075208913649,observed_or_transparently_derived,False
understat:29107,1903382,2026-04-18,brighton,tottenham_hotspur,A,2,2,D,4231,Fabian Hürzeler,mgr:dfda8206a0e2,WhoScored/Opta observed,770,488,395,48.09415584415584,50.67274590163935,55.80389344262296,3646.6,59,34,29,2,10,6,8,11,36,14,8,28,33,38.926966292134836,88.75,0.8094262295081968,0.12090163934426229,observed_or_transparently_derived,False
understat:29098,1903358,2026-04-19,aston_villa,sunderland,H,4,3,W,4231,Unai Emery,mgr:dcdf2dffc0c2,WhoScored/Opta observed,676,435,360,43.73683431952662,45.00413793103449,50.503908045977006,3814.5,41,22,19,0,15,10,12,14,22,10,5,23,39,31.08915662650602,85.71333333333334,0.8275862068965517,0.09425287356321839,observed_or_transparently_derived,False
understat:29098,1903358,2026-04-19,sunderland,aston_villa,A,3,4,L,4231,Régis Le Bris,mgr:1a031e232e88,WhoScored/Opta observed,682,438,356,45.827712609970675,49.20730593607306,53.542694063926945,3426.4,48,27,16,4,10,8,8,10,22,14,7,23,45,33.19583333333333,88.32,0.8127853881278538,0.1095890410958904,observed_or_transparently_derived,False
understat:29102,1903372,2026-04-19,everton,liverpool,H,1,2,L,4231,David Moyes,mgr:84316c036a2d,WhoScored/Opta observed,701,415,312,43.49957203994294,45.151807228915665,52.45759036144579,4358.2,64,28,17,0,10,5,9,12,31,29,10,28,46,35.094166666666666,85.1,0.7518072289156627,0.15421686746987953,observed_or_transparently_derived,False
understat:29102,1903372,2026-04-19,liverpool,everton,A,2,1,W,4231,Arne Slot,mgr:328a5fafed26,WhoScored/Opta observed,808,534,439,44.747277227722776,46.05224719101124,51.557303370786514,4241.8,61,19,12,3,14,10,13,17,31,12,10,27,43,32.27731958762887,83.4,0.8220973782771536,0.11423220973782772,observed_or_transparently_derived,False
understat:29104,1903378,2026-04-19,manchester_city,arsenal,H,2,1,W,4231,Pep Guardiola,mgr:26dfbbc164aa,WhoScored/Opta observed,828,536,445,47.11630434782609,49.29869402985074,53.36473880597014,3759.9,44,29,17,1,15,10,9,29,32,12,9,27,46,31.369387755102043,89.56,0.8302238805970149,0.08208955223880597,observed_or_transparently_derived,False
understat:29104,1903378,2026-04-19,arsenal,manchester_city,A,1,2,L,433,Mikel Arteta,mgr:5fdd2f365fdc,WhoScored/Opta observed,653,383,285,43.61408882082695,46.43498694516971,53.67624020887728,3870.4,50,29,14,8,9,6,6,10,32,22,9,28,37,33.31132075471698,91.80000000000001,0.7441253263707572,0.13054830287206268,observed_or_transparently_derived,False
understat:29106,1903381,2026-04-19,nottingham_forest,burnley,H,4,1,W,4231,Vítor Manuel de Oliveira Lopes Pereira,mgr:807de4c745b0,WhoScored/Opta observed,798,527,417,47.36679197994987,48.95351043643264,53.94022770398482,4147.9,60,29,23,5,10,6,7,22,23,22,5,20,46,36.891176470588235,87.32,0.7912713472485768,0.11385199240986717,observed_or_transparently_derived,False
understat:29106,1903381,2026-04-19,burnley,nottingham_forest,A,1,4,L,4231,Scott Parker,mgr:c49e040048ca,WhoScored/Opta observed,772,493,394,40.50414507772021,42.35212981744422,47.713387423935096,4365.1,51,16,14,0,4,4,3,11,23,22,13,33,37,30.243859649122808,86.175,0.7991886409736308,0.10344827586206896,observed_or_transparently_derived,False
understat:29101,1903368,2026-04-20,crystal_palace,west_ham,H,0,0,D,3421,Oliver Glasner,mgr:1058459b93f2,WhoScored/Opta observed,802,506,395,43.12730673316708,47.0304347826087,52.2893280632411,4076.2,60,45,26,0,9,2,8,13,33,13,5,41,44,28.861403508771932,84.17777777777776,0.7806324110671937,0.11857707509881422,observed_or_transparently_derived,False
understat:29101,1903368,2026-04-20,west_ham,crystal_palace,A,0,0,D,4411,Nuno Herlander Simões Espírito Santo,mgr:b68b19e445ac,WhoScored/Opta observed,698,423,300,45.830659025787966,47.17304964539007,54.712765957446805,4252.7,54,31,31,0,9,6,4,18,33,16,6,31,42,36.73846153846154,84.38888888888889,0.7092198581560284,0.1276595744680851,observed_or_transparently_derived,False
understat:29110,1903388,2026-04-21,brighton,chelsea,H,3,0,W,4231,Fabian Hürzeler,mgr:dfda8206a0e2,WhoScored/Opta observed,821,574,477,47.09488428745433,48.02961672473867,51.81428571428572,4420.2,58,33,24,2,15,11,12,10,26,14,8,21,40,37.77954545454545,87.8,0.8310104529616724,0.10104529616724739,observed_or_transparently_derived,False
understat:29110,1903388,2026-04-21,chelsea,brighton,A,0,3,L,541,Liam Rosenior,mgr:4fed4e69ba04,WhoScored/Opta observed,759,514,424,41.495915678524376,44.31556420233463,48.57976653696498,3664.7000000000003,44,18,14,1,6,4,4,20,26,7,8,27,27,26.77972972972973,82.03333333333333,0.8249027237354085,0.08560311284046693,observed_or_transparently_derived,False
understat:29108,1903384,2026-04-22,bournemouth,leeds_united,H,2,2,D,4231,Andoni Iraola,mgr:b4b8eecb310f,WhoScored/Opta observed,841,534,407,51.32901307966706,54.213670411985014,59.12172284644195,4283.2,71,59,32,3,18,13,14,22,51,10,13,24,44,33.809278350515456,83.77222222222224,0.7621722846441947,0.13295880149812733,observed_or_transparently_derived,False
understat:29108,1903384,2026-04-22,leeds_united,bournemouth,A,2,2,D,3421,Daniel Farke,mgr:fa5d385e34dc,WhoScored/Opta observed,697,358,259,40.603586800573886,45.763687150837995,53.50810055865922,3700.6,53,23,15,0,10,5,7,17,51,22,6,62,33,29.976642335766424,89.73,0.723463687150838,0.14804469273743018,observed_or_transparently_derived,False
understat:29111,1903389,2026-04-22,burnley,manchester_city,H,0,1,L,541,Scott Parker,mgr:c49e040048ca,WhoScored/Opta observed,683,380,296,34.629721815519765,34.95157894736842,41.307105263157894,3726.7,28,11,10,0,9,5,6,10,17,24,12,28,44,26.300847457627118,83.85555555555555,0.7789473684210526,0.07368421052631578,observed_or_transparently_derived,False
understat:29111,1903389,2026-04-22,manchester_city,burnley,A,1,0,W,4231,Pep Guardiola,mgr:26dfbbc164aa,WhoScored/Opta observed,993,718,638,55.156898288016116,56.30807799442896,58.00208913649025,3240.1,59,33,13,3,28,19,23,27,17,11,13,18,51,40.679591836734694,86.22142857142858,0.8885793871866295,0.08217270194986072,observed_or_transparently_derived,False
understat:29115,1903397,2026-04-24,sunderland,nottingham_forest,H,0,5,L,4231,Régis Le Bris,mgr:1a031e232e88,WhoScored/Opta observed,744,479,379,51.26787634408603,52.897286012526095,58.321711899791225,4376.3,72,53,25,1,15,12,8,22,36,9,8,23,33,33.59374999999999,77.67333333333333,0.791231732776618,0.15031315240083507,observed_or_transparently_derived,False
understat:29115,1903397,2026-04-24,nottingham_forest,sunderland,A,5,0,W,442,Vítor Manuel de Oliveira Lopes Pereira,mgr:807de4c745b0,WhoScored/Opta observed,613,308,216,41.626264274061995,48.9538961038961,56.020454545454555,3049.6,38,22,17,0,10,8,6,15,36,15,7,54,36,26.574999999999996,85.02000000000001,0.7012987012987013,0.12337662337662338,observed_or_transparently_derived,False
understat:29109,1903387,2026-04-25,arsenal,newcastle_united,H,1,0,W,433,Mikel Arteta,mgr:5fdd2f365fdc,WhoScored/Opta observed,689,432,343,45.42612481857765,48.48356481481481,53.882407407407406,3735.8,54,22,16,4,11,9,11,14,27,15,10,26,31,30.81860465116279,83.93636363636365,0.7939814814814815,0.125,observed_or_transparently_derived,False
understat:29109,1903387,2026-04-25,newcastle_united,arsenal,A,0,1,L,4141,Eddie Howe,mgr:65451ab24622,WhoScored/Opta observed,786,521,432,45.896437659033076,48.092514395393465,53.17581573896353,4207.1,63,29,18,2,13,8,10,16,27,14,12,21,35,33.903191489361696,81.33076923076922,0.8291746641074856,0.12092130518234165,observed_or_transparently_derived,False
understat:29112,1903391,2026-04-25,fulham,aston_villa,H,1,0,W,4231,Marco Alexandre Saraiva da Silva,mgr:d242da40969a,WhoScored/Opta observed,648,366,291,44.928703703703704,46.32978142076503,52.99590163934426,3366.2,53,23,20,2,13,11,9,20,29,18,16,27,34,36.274311926605506,83.72307692307693,0.7950819672131147,0.1448087431693989,observed_or_transparently_derived,False
understat:29112,1903391,2026-04-25,aston_villa,fulham,A,0,1,L,4231,Unai Emery,mgr:dcdf2dffc0c2,WhoScored/Opta observed,831,577,481,43.4430806257521,45.24384748700174,49.74124783362218,4162.0,58,30,21,2,10,2,9,11,29,13,6,12,28,32.225,85.14,0.8336221837088388,0.10051993067590988,observed_or_transparently_derived,False
understat:29113,1903392,2026-04-25,liverpool,crystal_palace,H,3,1,W,4231,Arne Slot,mgr:328a5fafed26,WhoScored/Opta observed,757,491,395,44.0225891677675,46.73319755600814,52.04663951120163,4141.1,52,24,13,2,9,7,5,10,36,9,4,37,36,27.83263157894737,85.73333333333332,0.8044806517311609,0.10590631364562118,observed_or_transparently_derived,False
understat:29113,1903392,2026-04-25,crystal_palace,liverpool,A,1,3,L,3421,Oliver Glasner,mgr:1058459b93f2,WhoScored/Opta observed,693,436,345,44.24574314574314,45.62408256880734,51.301376146788996,3809.9,52,35,19,1,14,8,11,11,36,13,9,28,35,30.690217391304348,88.49285714285715,0.7912844036697247,0.11926605504587157,observed_or_transparently_derived,False
understat:29116,1903398,2026-04-25,west_ham,everton,H,2,1,W,4411,Nuno Herlander Simões Espírito Santo,mgr:b68b19e445ac,WhoScored/Opta observed,708,409,325,44.477118644067794,46.4601466992665,52.8682151589242,3888.1,56,27,14,0,10,6,8,25,37,22,10,28,36,31.343809523809526,90.19000000000001,0.7946210268948656,0.13691931540342298,observed_or_transparently_derived,False
understat:29116,1903398,2026-04-25,everton,west_ham,A,1,2,L,4231,David Moyes,mgr:84316c036a2d,WhoScored/Opta observed,779,524,424,47.96328626444159,51.28664122137404,56.01851145038168,4008.5,58,38,19,3,11,8,9,18,37,17,6,21,34,30.426190476190484,86.74545454545454,0.8091603053435115,0.11068702290076336,observed_or_transparently_derived,False
understat:29117,1903401,2026-04-25,wolverhampton_wanderers,tottenham_hotspur,H,0,1,L,3421,Rob Edwards,mgr:434bf1b2b6dc,WhoScored/Opta observed,669,363,270,42.371300448430496,45.12148760330579,52.25123966942149,3632.7,42,16,23,1,11,6,5,27,33,32,6,23,31,30.451,83.76363636363637,0.743801652892562,0.11570247933884298,observed_or_transparently_derived,False
understat:29117,1903401,2026-04-25,tottenham_hotspur,wolverhampton_wanderers,A,1,0,W,4231,Roberto De Zerbi,mgr:b283d24885e5,WhoScored/Opta observed,843,500,417,48.25670225385528,49.51,54.264,4041.0,73,24,17,1,11,4,9,32,33,29,15,24,44,40.47333333333333,84.03636363636365,0.834,0.146,observed_or_transparently_derived,False
understat:29114,1903395,2026-04-27,manchester_united,brentford,H,2,1,W,4231,Michael Carrick,mgr:3aa905054daf,WhoScored/Opta observed,744,442,353,40.06908602150538,45.01199095022624,50.74276018099547,3770.3,42,23,17,1,11,6,10,11,32,29,8,46,39,25.071538461538463,86.64545454545454,0.7986425339366516,0.09502262443438914,observed_or_transparently_derived,False
understat:29114,1903395,2026-04-27,brentford,manchester_united,A,1,2,L,4231,Keith Andrews,mgr:5f487ee40c90,WhoScored/Opta observed,834,544,450,51.91127098321343,53.97794117647059,59.0297794117647,4021.6,56,48,33,2,12,8,7,26,32,9,15,21,50,34.660000000000004,88.03333333333332,0.8272058823529411,0.10294117647058823,observed_or_transparently_derived,False
understat:29124,1903415,2026-05-01,leeds_united,burnley,H,3,1,W,352,Daniel Farke,mgr:fa5d385e34dc,WhoScored/Opta observed,755,488,374,47.811258278145694,46.98688524590165,52.40840163934427,4382.7,66,26,20,0,18,13,13,10,44,10,12,13,45,43.18181818181818,85.42222222222223,0.7663934426229508,0.13524590163934427,observed_or_transparently_derived,False
understat:29124,1903415,2026-05-01,burnley,leeds_united,A,1,3,L,541,Michael Jackson,mgr:7670d95f755e,WhoScored/Opta observed,828,544,450,38.88804347826087,41.32242647058824,45.77297794117647,3975.2,44,14,9,2,9,7,7,18,44,13,8,34,39,28.825,83.35555555555555,0.8272058823529411,0.08088235294117647,observed_or_transparently_derived,False
understat:29119,1903405,2026-05-02,arsenal,fulham,H,3,0,W,4231,Mikel Arteta,mgr:5fdd2f365fdc,WhoScored/Opta observed,815,537,472,48.375337423312885,47.95512104283054,51.68472998137803,3777.0,52,21,10,5,18,12,14,23,28,6,11,15,48,39.38333333333333,88.18333333333332,0.8789571694599627,0.09683426443202979,observed_or_transparently_derived,False
understat:29119,1903405,2026-05-02,fulham,arsenal,A,0,3,L,4231,Marco Alexandre Saraiva da Silva,mgr:d242da40969a,WhoScored/Opta observed,716,461,373,41.261033519553074,44.33904555314533,48.51041214750543,3188.1,43,17,12,1,10,7,6,5,28,22,5,19,39,32.2021978021978,83.75,0.8091106290672451,0.09327548806941431,observed_or_transparently_derived,False
understat:29121,1903409,2026-05-02,brentford,west_ham,H,3,0,W,4231,Keith Andrews,mgr:5f487ee40c90,WhoScored/Opta observed,637,371,286,44.519623233908945,46.39083557951483,53.826415094339616,3868.7,46,32,15,1,14,9,8,30,38,19,5,21,35,33.90235294117647,84.39285714285714,0.77088948787062,0.12398921832884097,observed_or_transparently_derived,False
understat:29121,1903409,2026-05-02,west_ham,brentford,A,0,3,L,4411,Nuno Herlander Simões Espírito Santo,mgr:b68b19e445ac,WhoScored/Opta observed,661,399,301,46.07821482602118,49.28496240601503,56.53007518796993,3914.3,60,27,21,1,14,5,13,18,38,25,8,18,33,36.147126436781605,78.85714285714285,0.7543859649122807,0.15037593984962405,observed_or_transparently_derived,False
understat:29126,1903419,2026-05-02,newcastle_united,brighton,H,3,1,W,4231,Eddie Howe,mgr:65451ab24622,WhoScored/Opta observed,568,274,190,38.24665492957746,41.690145985401465,51.97007299270073,3363.6,24,19,14,2,13,7,10,19,31,11,6,44,33,25.312244897959182,90.53846153846152,0.6934306569343066,0.08759124087591241,observed_or_transparently_derived,False
understat:29126,1903419,2026-05-02,brighton,newcastle_united,A,1,3,L,4231,Fabian Hürzeler,mgr:dfda8206a0e2,WhoScored/Opta observed,827,569,456,50.05054413542926,52.525131810193315,56.97223198594024,4278.0,70,51,38,1,13,7,10,17,31,11,3,17,42,36.55128205128205,86.25384615384617,0.8014059753954306,0.12302284710017575,observed_or_transparently_derived,False
understat:29127,1903420,2026-05-02,wolverhampton_wanderers,sunderland,H,1,1,D,3421,Rob Edwards,mgr:434bf1b2b6dc,WhoScored/Opta observed,771,486,406,47.2970168612192,49.83251028806584,54.44423868312757,3509.0,41,40,33,0,20,12,15,12,41,12,6,32,41,30.483,86.74999999999999,0.8353909465020576,0.08436213991769548,observed_or_transparently_derived,False
understat:29127,1903420,2026-05-02,sunderland,wolverhampton_wanderers,A,1,1,D,4231,Régis Le Bris,mgr:1a031e232e88,WhoScored/Opta observed,628,363,265,44.97977707006369,50.320110192837454,58.46611570247933,4028.3,60,29,18,2,10,7,8,12,41,17,9,25,36,30.575555555555557,84.61999999999999,0.7300275482093664,0.1652892561983471,observed_or_transparently_derived,False
understat:29118,1903403,2026-05-03,bournemouth,crystal_palace,H,3,0,W,4231,Andoni Iraola,mgr:b4b8eecb310f,WhoScored/Opta observed,748,432,344,47.570989304812834,48.94074074074074,54.612731481481475,3798.7,58,30,19,10,16,11,10,32,35,17,9,26,55,37.79912280701755,85.84375,0.7962962962962963,0.13425925925925927,observed_or_transparently_derived,False
understat:29118,1903403,2026-05-03,crystal_palace,bournemouth,A,0,3,L,343,Oliver Glasner,mgr:1058459b93f2,WhoScored/Opta observed,745,438,335,40.36536912751678,43.5406392694064,49.88447488584475,4109.7,50,26,11,2,8,3,6,14,35,22,4,30,44,29.32870370370371,77.4625,0.7648401826484018,0.1141552511415525,observed_or_transparently_derived,False
understat:29120,1903407,2026-05-03,aston_villa,tottenham_hotspur,H,1,2,L,4231,Unai Emery,mgr:dcdf2dffc0c2,WhoScored/Opta observed,650,410,334,43.94169230769231,42.99878048780488,46.745365853658534,2748.5,44,16,13,1,5,4,5,16,13,19,5,14,35,37.83333333333333,83.17999999999999,0.8146341463414634,0.1073170731707317,observed_or_transparently_derived,False
understat:29120,1903407,2026-05-03,tottenham_hotspur,aston_villa,A,2,1,W,4231,Roberto De Zerbi,mgr:b283d24885e5,WhoScored/Opta observed,764,497,425,44.644895287958114,45.72555331991952,48.512877263581494,3394.6,46,18,16,0,10,7,5,23,13,23,10,18,41,34.690291262135915,84.36,0.8551307847082495,0.0925553319919517,observed_or_transparently_derived,False
understat:29125,1903417,2026-05-03,manchester_united,liverpool,H,3,2,W,4231,Michael Carrick,mgr:3aa905054daf,WhoScored/Opta observed,667,385,303,42.9311844077961,45.11896103896104,51.15922077922079,3302.7,48,23,16,1,18,12,12,14,23,19,16,23,44,34.95090909090909,87.54444444444444,0.787012987012987,0.12467532467532468,observed_or_transparently_derived,False
understat:29125,1903417,2026-05-03,liverpool,manchester_united,A,2,3,L,4222,Arne Slot,mgr:328a5fafed26,WhoScored/Opta observed,918,650,567,49.08562091503268,50.64753846153845,53.821384615384616,3824.3,67,25,16,3,13,8,11,28,23,8,10,15,38,37.06666666666667,82.72307692307692,0.8723076923076923,0.10307692307692308,observed_or_transparently_derived,False
understat:29122,1903411,2026-05-04,chelsea,nottingham_forest,H,1,3,L,4231,Calum McFarlane,mgr:3b963ae58719,WhoScored/Opta observed,971,716,629,53.442842430484035,53.450139664804475,56.225139664804466,3887.3,57,42,36,3,21,13,16,20,25,14,7,9,46,43.010000000000005,84.54285714285714,0.8784916201117319,0.07960893854748603,observed_or_transparently_derived,False
understat:29122,1903411,2026-05-04,nottingham_forest,chelsea,A,3,1,W,442,Vítor Manuel de Oliveira Lopes Pereira,mgr:807de4c745b0,WhoScored/Opta observed,620,354,281,34.789032258064516,37.71412429378531,44.33898305084746,3480.9,29,10,8,0,6,5,4,10,25,22,10,29,32,25.45263157894737,88.90000000000002,0.7937853107344632,0.08192090395480225,observed_or_transparently_derived,False
understat:29123,1903413,2026-05-04,everton,manchester_city,H,3,3,D,4231,David Moyes,mgr:84316c036a2d,WhoScored/Opta observed,523,231,158,41.465965583174,45.44155844155844,55.9987012987013,3113.7,41,20,11,0,14,12,7,10,33,26,4,25,32,29.853124999999995,84.65714285714284,0.683982683982684,0.1774891774891775,observed_or_transparently_derived,False
understat:29123,1903413,2026-05-04,manchester_city,everton,A,3,3,D,4231,Pep Guardiola,mgr:26dfbbc164aa,WhoScored/Opta observed,970,677,597,51.89443298969072,54.275036927621855,56.973116691285085,3673.4,69,35,23,1,21,13,17,37,33,18,2,19,39,31.734939759036138,85.42857142857144,0.8818316100443131,0.1019202363367799,observed_or_transparently_derived,False
understat:29128,1903422,2026-05-09,brighton,wolverhampton_wanderers,H,3,0,W,4231,Fabian Hürzeler,mgr:dfda8206a0e2,WhoScored/Opta observed,875,629,528,47.904,47.32241653418124,51.60365659777424,4662.6,59,33,25,0,14,9,9,20,21,15,10,7,34,39.17972972972972,87.17142857142858,0.8394276629570747,0.09379968203497616,observed_or_transparently_derived,False
understat:29128,1903422,2026-05-09,wolverhampton_wanderers,brighton,A,0,3,L,3421,Rob Edwards,mgr:434bf1b2b6dc,WhoScored/Opta observed,514,251,171,36.4204280155642,39.505179282868525,49.14302788844621,3106.9,33,15,8,0,5,1,5,14,21,17,13,32,30,27.146938775510204,87.63999999999999,0.6812749003984063,0.13147410358565736,observed_or_transparently_derived,False
understat:29131,1903428,2026-05-09,fulham,bournemouth,H,0,1,L,4231,Marco Alexandre Saraiva da Silva,mgr:d242da40969a,WhoScored/Opta observed,817,568,476,47.54112607099143,48.85528169014085,52.7987676056338,3719.4,49,41,28,1,14,8,10,15,24,16,5,9,31,29.827868852459012,87.33571428571429,0.8380281690140845,0.08626760563380281,observed_or_transparently_derived,False
understat:29131,1903428,2026-05-09,bournemouth,fulham,A,1,0,W,4231,Andoni Iraola,mgr:b4b8eecb310f,WhoScored/Opta observed,684,382,322,39.481286549707605,41.98324607329843,48.69528795811518,3972.0,52,16,14,0,10,7,10,16,24,11,5,38,42,26.282999999999998,84.25999999999999,0.8429319371727748,0.13612565445026178,observed_or_transparently_derived,False
understat:29132,1903430,2026-05-09,liverpool,chelsea,H,1,1,D,4231,Arne Slot,mgr:328a5fafed26,WhoScored/Opta observed,755,514,426,43.229933774834436,43.871011673151756,47.980350194552535,3784.2000000000003,35,23,18,1,8,4,7,26,17,10,6,12,30,33.52388059701492,85.42500000000001,0.8287937743190662,0.06809338521400778,observed_or_transparently_derived,False
understat:29132,1903430,2026-05-09,chelsea,liverpool,A,1,1,D,4231,Calum McFarlane,mgr:3b963ae58719,WhoScored/Opta observed,787,547,471,44.952477763659466,46.438208409506395,50.782449725776964,3954.5,45,18,9,2,6,4,4,15,17,20,10,16,32,35.76705882352941,84.86666666666666,0.8610603290676416,0.08226691042047532,observed_or_transparently_derived,False
understat:29133,1903432,2026-05-09,manchester_city,brentford,H,3,0,W,4231,Pep Guardiola,mgr:26dfbbc164aa,WhoScored/Opta observed,812,518,436,52.17056650246305,54.399227799227795,57.33648648648648,3003.6,40,32,19,3,25,18,17,34,26,14,5,30,40,35.30434782608695,86.2,0.8416988416988417,0.07722007722007722,observed_or_transparently_derived,False
understat:29133,1903432,2026-05-09,brentford,manchester_city,A,0,3,L,442,Keith Andrews,mgr:5f487ee40c90,WhoScored/Opta observed,658,362,268,37.72750759878419,41.48342541436464,49.034254143646415,3665.1,48,21,14,4,4,3,3,21,26,24,11,30,39,30.45849056603773,86.07499999999999,0.7403314917127072,0.13259668508287292,observed_or_transparently_derived,False
understat:29135,1903436,2026-05-09,sunderland,manchester_united,H,0,0,D,4231,Régis Le Bris,mgr:1a031e232e88,WhoScored/Opta observed,799,523,428,47.601501877346685,49.84550669216061,54.158508604206496,3885.8,64,36,18,2,15,9,12,20,25,10,10,22,51,34.31481481481482,84.55333333333333,0.8183556405353728,0.12237093690248566,observed_or_transparently_derived,False
understat:29135,1903436,2026-05-09,manchester_united,sunderland,A,0,0,D,4231,Michael Carrick,mgr:3aa905054daf,WhoScored/Opta observed,769,508,409,44.790637191157344,47.619685039370076,51.73956692913385,3705.4,45,32,19,2,11,6,9,11,25,14,11,27,41,31.265000000000004,82.93636363636364,0.8051181102362205,0.08858267716535433,observed_or_transparently_derived,False
understat:29129,1903424,2026-05-10,burnley,aston_villa,H,2,2,D,4231,Michael Jackson,mgr:7670d95f755e,WhoScored/Opta observed,556,295,210,41.98525179856115,45.857627118644075,54.108474576271185,3120.4,35,16,16,1,15,11,11,12,11,21,9,31,40,32.19345794392524,81.76,0.711864406779661,0.11864406779661017,observed_or_transparently_derived,False
understat:29129,1903424,2026-05-10,aston_villa,burnley,A,2,2,D,4231,Unai Emery,mgr:dcdf2dffc0c2,WhoScored/Opta observed,828,579,482,46.339009661835746,47.736614853195164,51.79602763385147,3830.5,49,46,28,1,18,12,12,17,11,13,5,15,44,34.44814814814815,84.97777777777777,0.8324697754749568,0.0846286701208981,observed_or_transparently_derived,False
understat:29130,1903426,2026-05-10,crystal_palace,everton,H,2,2,D,3421,Oliver Glasner,mgr:1058459b93f2,WhoScored/Opta observed,850,507,410,47.50941176470588,51.94437869822486,56.90276134122289,3752.1,50,37,27,2,21,13,14,9,73,21,4,34,36,30.064077669902915,86.79047619047617,0.8086785009861933,0.09861932938856016,observed_or_transparently_derived,False
understat:29130,1903426,2026-05-10,everton,crystal_palace,A,2,2,D,4231,David Moyes,mgr:84316c036a2d,WhoScored/Opta observed,680,355,249,48.99529411764706,52.71380281690141,60.29999999999999,3819.4,46,33,22,2,13,10,11,26,73,14,6,26,26,31.67341772151899,88.71538461538461,0.7014084507042253,0.1295774647887324,observed_or_transparently_derived,False
understat:29134,1903434,2026-05-10,nottingham_forest,newcastle_united,H,1,1,D,3421,Vítor Manuel de Oliveira Lopes Pereira,mgr:807de4c745b0,WhoScored/Opta observed,740,456,364,39.832702702702704,41.54188596491228,47.54451754385965,4047.6,54,25,15,1,17,12,12,20,22,16,5,27,47,26.942307692307693,86.2764705882353,0.7982456140350878,0.11842105263157894,observed_or_transparently_derived,False
understat:29134,1903434,2026-05-10,newcastle_united,nottingham_forest,A,1,1,D,4231,Eddie Howe,mgr:65451ab24622,WhoScored/Opta observed,809,531,446,47.04734239802225,48.41977401129944,53.42542372881356,3977.0,59,30,15,2,16,10,12,18,22,17,9,29,46,37.467289719626166,81.30624999999999,0.839924670433145,0.1111111111111111,observed_or_transparently_derived,False
understat:29137,1903440,2026-05-10,west_ham,arsenal,H,0,1,L,3421,Nuno Herlander Simões Espírito Santo,mgr:b68b19e445ac,WhoScored/Opta observed,561,317,202,42.481639928698755,45.54574132492114,55.07728706624606,3817.4,58,23,14,2,9,7,7,12,28,15,5,24,27,30.797500000000003,85.13333333333334,0.637223974763407,0.1829652996845426,observed_or_transparently_derived,False
understat:29137,1903440,2026-05-10,arsenal,west_ham,A,1,0,W,4231,Mikel Arteta,mgr:5fdd2f365fdc,WhoScored/Opta observed,794,541,440,48.02682619647356,50.215341959334566,54.92809611829944,4115.9,65,29,18,3,15,9,10,14,28,8,3,25,31,35.166666666666664,86.48666666666666,0.8133086876155268,0.12014787430683918,observed_or_transparently_derived,False
understat:29136,1903438,2026-05-11,tottenham_hotspur,leeds_united,H,1,1,D,4231,Roberto De Zerbi,mgr:b283d24885e5,WhoScored/Opta observed,818,482,371,47.67481662591687,48.08008298755186,52.69377593360996,3598.2,48,38,33,1,16,8,8,26,46,21,11,24,44,36.69561403508772,88.225,0.7697095435684648,0.0995850622406639,observed_or_transparently_derived,False
understat:29136,1903438,2026-05-11,leeds_united,tottenham_hotspur,A,1,1,D,352,Daniel Farke,mgr:fa5d385e34dc,WhoScored/Opta observed,692,366,256,41.761271676300574,45.21994535519126,53.201092896174856,3924.7,65,20,15,1,11,5,8,16,46,25,9,45,36,30.6,85.06363636363636,0.6994535519125683,0.17759562841530055,observed_or_transparently_derived,False
understat:29084,1903466,2026-05-13,manchester_city,crystal_palace,H,3,0,W,4222,Pep Guardiola,mgr:26dfbbc164aa,WhoScored/Opta observed,1031,787,691,55.84975751697381,56.49949174078781,58.673697585768736,3906.9,73,36,18,4,15,7,11,28,18,11,7,6,35,49.606153846153845,84.20666666666668,0.8780177890724269,0.09275730622617535,observed_or_transparently_derived,False
understat:29084,1903466,2026-05-13,crystal_palace,manchester_city,A,0,3,L,541,Oliver Glasner,mgr:1058459b93f2,WhoScored/Opta observed,580,302,227,33.52637931034483,35.88940397350993,42.6930463576159,2811.5,24,12,9,0,6,4,5,5,18,28,5,42,38,25.029032258064518,88.03333333333335,0.7516556291390728,0.07947019867549669,observed_or_transparently_derived,False
understat:29140,1903446,2026-05-15,aston_villa,liverpool,H,4,2,W,4231,Unai Emery,mgr:dcdf2dffc0c2,WhoScored/Opta observed,639,399,318,42.76463223787167,44.5796992481203,49.07568922305764,3311.5,38,24,12,3,14,12,10,15,26,11,5,24,29,30.011111111111113,85.64999999999999,0.7969924812030075,0.09523809523809523,observed_or_transparently_derived,False
understat:29140,1903446,2026-05-15,liverpool,aston_villa,A,2,4,L,4231,Arne Slot,mgr:328a5fafed26,WhoScored/Opta observed,735,485,407,47.742448979591835,49.67113402061856,53.261855670103095,3101.1,44,37,24,2,16,8,13,17,26,9,9,16,34,32.346575342465755,86.0375,0.8391752577319588,0.09072164948453608,observed_or_transparently_derived,False
understat:29141,1903448,2026-05-17,brentford,crystal_palace,H,2,2,D,4231,Keith Andrews,mgr:5f487ee40c90,WhoScored/Opta observed,832,514,394,46.46514423076923,48.25311284046693,54.65583657587548,4454.3,71,45,24,2,14,6,10,19,47,5,7,42,57,32.93474576271186,88.97857142857143,0.7665369649805448,0.13813229571984437,observed_or_transparently_derived,False
understat:29141,1903448,2026-05-17,crystal_palace,brentford,A,2,2,D,3421,Oliver Glasner,mgr:1058459b93f2,WhoScored/Opta observed,672,377,245,42.035267857142856,47.06100795755968,56.78143236074271,4674.5,55,34,12,1,16,11,10,4,47,18,13,40,48,28.969531250000003,83.31875000000001,0.649867374005305,0.14588859416445624,observed_or_transparently_derived,False
understat:29143,1903451,2026-05-17,everton,sunderland,H,1,3,L,4231,David Moyes,mgr:84316c036a2d,WhoScored/Opta observed,693,449,369,45.775757575757574,50.1543429844098,55.89977728285078,4097.9,69,30,19,0,10,6,9,12,25,13,10,36,34,27.86666666666666,86.06,0.821826280623608,0.15367483296213807,observed_or_transparently_derived,False
understat:29143,1903451,2026-05-17,sunderland,everton,A,3,1,W,4231,Régis Le Bris,mgr:1a031e232e88,WhoScored/Opta observed,721,493,402,44.65700416088766,47.43874239350912,52.63711967545639,4034.8,55,34,20,3,7,3,4,12,25,10,3,27,38,28.9873417721519,84.27142857142857,0.8154158215010142,0.11156186612576065,observed_or_transparently_derived,False
understat:29144,1903453,2026-05-17,leeds_united,brighton,H,1,0,W,352,Daniel Farke,mgr:fa5d385e34dc,WhoScored/Opta observed,592,322,204,42.112162162162164,45.9667701863354,55.64316770186335,3899.6,51,29,24,0,7,4,5,11,43,12,3,40,29,27.129670329670333,83.71428571428571,0.6335403726708074,0.15838509316770186,observed_or_transparently_derived,False
understat:29144,1903453,2026-05-17,brighton,leeds_united,A,0,1,L,4231,Fabian Hürzeler,mgr:dfda8206a0e2,WhoScored/Opta observed,903,616,504,48.92104097452934,51.59123376623377,55.76087662337662,4190.5,60,46,37,1,19,13,17,11,43,6,6,34,34,35.03068181818182,89.10526315789474,0.8181818181818182,0.09740259740259741,observed_or_transparently_derived,False
understat:29145,1903454,2026-05-17,manchester_united,nottingham_forest,H,3,2,W,4231,Michael Carrick,mgr:3aa905054daf,WhoScored/Opta observed,765,470,405,47.84209150326797,49.60127659574468,53.52127659574468,3161.5,35,36,21,6,29,20,22,22,18,16,10,37,46,31.269166666666667,87.04827586206895,0.8617021276595744,0.07446808510638298,observed_or_transparently_derived,False
understat:29145,1903454,2026-05-17,nottingham_forest,manchester_united,A,2,3,L,442,Vítor Manuel de Oliveira Lopes Pereira,mgr:807de4c745b0,WhoScored/Opta observed,787,514,423,43.5430749682338,46.61400778210117,51.297276264591446,3792.9,49,32,21,7,11,7,10,27,18,20,12,18,46,32.139047619047616,90.68181818181819,0.8229571984435797,0.09533073929961089,observed_or_transparently_derived,False
understat:29146,1903455,2026-05-17,newcastle_united,west_ham,H,3,1,W,4231,Eddie Howe,mgr:65451ab24622,WhoScored/Opta observed,832,559,454,44.252884615384616,46.62898032200358,51.83846153846154,4474.3,52,35,18,3,15,13,14,13,23,24,8,14,38,32.15227272727273,84.37333333333335,0.8121645796064401,0.09302325581395349,observed_or_transparently_derived,False
understat:29146,1903455,2026-05-17,west_ham,newcastle_united,A,1,3,L,3421,Nuno Herlander Simões Espírito Santo,mgr:b68b19e445ac,WhoScored/Opta observed,754,451,367,47.28580901856764,49.57006651884701,55.348115299334815,3846.7,62,34,17,3,15,12,8,25,23,20,9,19,46,38.74807692307692,86.88666666666667,0.8137472283813747,0.13747228381374724,observed_or_transparently_derived,False
understat:29147,1903457,2026-05-17,wolverhampton_wanderers,fulham,H,1,1,D,4231,Rob Edwards,mgr:434bf1b2b6dc,WhoScored/Opta observed,576,294,197,42.57621527777778,45.128911564625845,55.511224489795914,3762.8,54,28,15,3,11,3,7,13,19,16,12,23,49,33.93518518518518,85.69090909090909,0.6700680272108843,0.1836734693877551,observed_or_transparently_derived,False
understat:29147,1903457,2026-05-17,fulham,wolverhampton_wanderers,A,1,1,D,4231,Marco Alexandre Saraiva da Silva,mgr:d242da40969a,WhoScored/Opta observed,906,635,536,46.18377483443709,48.08157480314961,51.4259842519685,3862.5,55,32,21,5,13,8,8,19,19,19,10,25,49,33.5622641509434,85.00769230769232,0.8440944881889764,0.08661417322834646,observed_or_transparently_derived,False
understat:29139,1903444,2026-05-18,arsenal,burnley,H,1,0,W,433,Mikel Arteta,mgr:5fdd2f365fdc,WhoScored/Opta observed,790,553,470,52.120253164556964,53.81699819168173,58.251537070524414,4067.2,73,38,13,0,13,6,11,17,21,17,2,15,36,39.74666666666667,87.19999999999999,0.8499095840867993,0.13200723327305605,observed_or_transparently_derived,False
understat:29139,1903444,2026-05-18,burnley,arsenal,A,0,1,L,4231,Michael Jackson,mgr:7670d95f755e,WhoScored/Opta observed,597,358,281,37.13601340033501,38.486871508379885,45.92206703910614,3737.0,42,17,11,0,5,1,4,15,21,21,7,24,34,26.18461538461538,82.52,0.7849162011173184,0.11731843575418995,observed_or_transparently_derived,False
understat:29138,1903442,2026-05-19,bournemouth,manchester_city,H,1,1,D,4231,Andoni Iraola,mgr:b4b8eecb310f,WhoScored/Opta observed,767,487,383,41.2245110821382,44.77330595482546,50.01478439425051,4060.4,47,25,16,2,10,5,10,8,25,18,2,38,43,27.466981132075468,86.88,0.7864476386036962,0.09650924024640657,observed_or_transparently_derived,False
understat:29138,1903442,2026-05-19,manchester_city,bournemouth,A,1,1,D,4141,Pep Guardiola,mgr:26dfbbc164aa,WhoScored/Opta observed,850,570,481,48.40376470588235,49.345263157894735,53.746315789473684,4045.1000000000004,68,32,19,4,14,11,8,30,25,5,6,20,49,33.76813186813187,86.40714285714286,0.843859649122807,0.11929824561403508,observed_or_transparently_derived,False
understat:29142,1903449,2026-05-19,chelsea,tottenham_hotspur,H,2,1,W,4231,Calum McFarlane,mgr:3b963ae58719,WhoScored/Opta observed,735,465,382,40.4847619047619,40.696774193548386,45.333978494623665,3696.8,39,13,13,0,9,6,6,13,20,19,14,13,38,36.15052631578948,84.66666666666669,0.821505376344086,0.08387096774193549,observed_or_transparently_derived,False
understat:29142,1903449,2026-05-19,tottenham_hotspur,chelsea,A,1,2,L,4231,Roberto De Zerbi,mgr:b283d24885e5,WhoScored/Opta observed,842,584,504,45.10095011876484,45.63510273972602,48.82123287671233,3928.5,45,18,18,2,9,4,8,23,20,14,11,16,42,38.653333333333336,89.8777777777778,0.863013698630137,0.07705479452054795,observed_or_transparently_derived,False
understat:29148,1903458,2026-05-24,brighton,manchester_united,H,0,3,L,4231,Fabian Hürzeler,mgr:dfda8206a0e2,WhoScored/Opta observed,767,526,441,47.82346805736636,48.16311787072243,52.418060836501894,3596.6,45,37,21,0,13,7,9,10,17,17,8,13,42,42.73258426966292,84.26923076923077,0.8384030418250951,0.08555133079847908,observed_or_transparently_derived,False
understat:29148,1903458,2026-05-24,manchester_united,brighton,A,3,0,W,4231,Michael Carrick,mgr:3aa905054daf,WhoScored/Opta observed,705,476,388,42.54808510638298,45.28403361344538,50.551260504201686,3825.4,50,14,12,1,11,8,11,19,17,18,10,15,43,30.32282608695652,86.85454545454546,0.8151260504201681,0.10504201680672269,observed_or_transparently_derived,False
understat:29149,1903350,2026-05-24,burnley,wolverhampton_wanderers,H,1,1,D,4231,Michael Jackson,mgr:7670d95f755e,WhoScored/Opta observed,880,617,521,47.92045454545455,51.105834683954626,55.50518638573743,4538.6,75,41,29,2,16,14,14,19,23,9,7,14,50,34.52727272727273,81.7,0.8444084278768234,0.12155591572123177,observed_or_transparently_derived,False
understat:29149,1903350,2026-05-24,wolverhampton_wanderers,burnley,A,1,1,D,3421,Rob Edwards,mgr:434bf1b2b6dc,WhoScored/Opta observed,558,266,187,42.43817204301075,45.96052631578947,56.40563909774437,3301.9,39,28,25,1,16,11,12,13,23,17,9,30,44,28.888785046728977,86.57499999999999,0.7030075187969925,0.14661654135338345,observed_or_transparently_derived,False
understat:29150,1903353,2026-05-24,crystal_palace,arsenal,H,1,2,L,3421,Oliver Glasner,mgr:1058459b93f2,WhoScored/Opta observed,608,366,280,43.7672697368421,48.028961748633876,55.25300546448087,3722.1,48,27,19,0,8,5,7,12,23,12,10,24,34,28.33409090909091,89.575,0.7650273224043715,0.13114754098360656,observed_or_transparently_derived,False
understat:29150,1903353,2026-05-24,arsenal,crystal_palace,A,2,1,W,4231,Mikel Arteta,mgr:5fdd2f365fdc,WhoScored/Opta observed,802,554,484,48.679925187032424,51.37635379061372,55.310830324909745,3796.4,67,24,13,6,17,11,12,20,23,7,5,27,35,33.48554216867469,87.41764705882352,0.8736462093862816,0.12093862815884476,observed_or_transparently_derived,False
understat:29151,1903356,2026-05-24,fulham,newcastle_united,H,2,0,W,4231,Marco Alexandre Saraiva da Silva,mgr:d242da40969a,WhoScored/Opta observed,703,451,366,48.89672830725463,49.95676274944567,55.08026607538803,3548.4,52,27,14,1,21,12,16,14,28,16,12,14,40,39.395348837209305,83.04285714285714,0.811529933481153,0.11529933481152993,observed_or_transparently_derived,False
understat:29151,1903356,2026-05-24,newcastle_united,fulham,A,0,2,L,352,Eddie Howe,mgr:65451ab24622,WhoScored/Opta observed,806,547,469,41.17803970223325,43.48537477148081,48.163985374771485,4256.1,43,26,17,2,7,4,6,12,28,14,10,19,30,32.879012345679016,84.47142857142858,0.8574040219378428,0.07861060329067641,observed_or_transparently_derived,False
understat:29152,1903359,2026-05-24,liverpool,brentford,H,1,1,D,4231,Arne Slot,mgr:328a5fafed26,WhoScored/Opta observed,826,553,460,52.245278450363195,53.58679927667269,58.05280289330923,4159.7,65,45,28,1,24,16,19,20,27,15,6,18,45,37.357142857142854,87.15416666666665,0.8318264014466547,0.11754068716094032,observed_or_transparently_derived,False
understat:29152,1903359,2026-05-24,brentford,liverpool,A,1,1,D,4231,Keith Andrews,mgr:5f487ee40c90,WhoScored/Opta observed,655,366,279,39.16030534351145,42.39016393442622,50.15573770491803,3722.3,26,23,21,0,11,5,8,21,27,21,3,28,44,27.602884615384617,89.66363636363636,0.7622950819672131,0.07103825136612021,observed_or_transparently_derived,False
understat:29153,1903361,2026-05-24,manchester_city,aston_villa,H,1,2,L,4222,Pep Guardiola,mgr:26dfbbc164aa,WhoScored/Opta observed,724,517,449,54.846823204419884,56.36576402321083,58.97852998065764,2746.4,55,34,15,4,16,9,10,23,10,10,7,16,31,42.54347826086956,87.51875000000001,0.8684719535783365,0.10638297872340426,observed_or_transparently_derived,False
understat:29153,1903361,2026-05-24,aston_villa,manchester_city,A,2,1,W,4231,Unai Emery,mgr:dcdf2dffc0c2,WhoScored/Opta observed,701,460,412,34.58773181169757,36.71717391304348,40.11195652173913,3239.2,25,16,8,1,12,7,9,10,10,28,11,36,29,23.318348623853208,88.625,0.8956521739130435,0.05434782608695652,observed_or_transparently_derived,False
understat:29154,1903364,2026-05-24,nottingham_forest,bournemouth,H,1,1,D,442,Vítor Manuel de Oliveira Lopes Pereira,mgr:807de4c745b0,WhoScored/Opta observed,713,428,326,39.797054698457224,40.93247663551402,46.828971962616826,3749.5,46,20,17,2,15,10,10,20,26,16,10,28,45,28.880733944954127,87.07999999999998,0.7616822429906542,0.10747663551401869,observed_or_transparently_derived,False
understat:29154,1903364,2026-05-24,bournemouth,nottingham_forest,A,1,1,D,4231,Andoni Iraola,mgr:b4b8eecb310f,WhoScored/Opta observed,815,531,437,50.22871165644172,53.106403013182664,57.250094161958565,3793.7,63,30,17,0,17,11,12,21,26,21,18,18,40,43.42095238095238,81.10588235294118,0.8229755178907722,0.11864406779661017,observed_or_transparently_derived,False
understat:29155,1903367,2026-05-24,sunderland,chelsea,H,2,1,W,4231,Régis Le Bris,mgr:1a031e232e88,WhoScored/Opta observed,642,386,302,49.20872274143302,50.8378238341969,57.64378238341969,3738.9,56,31,19,2,21,13,17,8,19,18,11,20,40,37.708247422680415,86.87619047619047,0.7823834196891192,0.14507772020725387,observed_or_transparently_derived,False
understat:29155,1903367,2026-05-24,chelsea,sunderland,A,1,2,L,3412,Calum McFarlane,mgr:3b963ae58719,WhoScored/Opta observed,746,487,401,39.28914209115282,42.60410677618069,47.79794661190965,3886.2000000000003,46,19,13,1,9,6,7,21,19,7,9,26,32,26.017283950617283,75.12222222222222,0.8234086242299795,0.0944558521560575,observed_or_transparently_derived,False
understat:29156,1903370,2026-05-24,tottenham_hotspur,everton,H,1,0,W,4231,Roberto De Zerbi,mgr:b283d24885e5,WhoScored/Opta observed,757,421,339,44.6107001321004,46.157719714964365,50.53467933491686,3246.8,38,21,29,0,20,11,12,25,46,21,10,40,38,32.385840707964604,86.855,0.8052256532066508,0.09026128266033254,observed_or_transparently_derived,False
understat:29156,1903370,2026-05-24,everton,tottenham_hotspur,A,0,1,L,4231,David Moyes,mgr:84316c036a2d,WhoScored/Opta observed,724,429,339,46.745165745856355,50.435431235431246,56.140792540792546,3698.7999999999997,55,29,28,1,10,4,9,16,46,22,4,29,33,32.81612903225807,86.15,0.7902097902097902,0.1282051282051282,observed_or_transparently_derived,False
understat:29157,1903373,2026-05-24,west_ham,leeds_united,H,3,0,W,4231,Nuno Herlander Simões Espírito Santo,mgr:b68b19e445ac,WhoScored/Opta observed,634,361,260,45.217981072555204,48.55567867036011,56.66454293628809,3747.0,50,28,26,2,16,12,10,19,24,12,7,23,40,29.820689655172416,90.2375,0.7202216066481995,0.13850415512465375,observed_or_transparently_derived,False
understat:29157,1903373,2026-05-24,leeds_united,west_ham,A,0,3,L,352,Daniel Farke,mgr:fa5d385e34dc,WhoScored/Opta observed,775,493,396,44.17161290322581,47.68722109533469,52.71866125760649,4160.7,52,29,23,2,13,7,10,12,24,21,7,31,40,33.652830188679246,86.72307692307692,0.8032454361054767,0.10547667342799188,observed_or_transparently_derived,False
