season,canonical_match_id,club_id,opponent_id,opponent_profile_matches,opponent_confidence,opponent_territorial_activity_percentile,opponent_territorial_activity_trait,opponent_width_percentile,opponent_width_trait,opponent_crossing_tendency_percentile,opponent_crossing_tendency_trait,opponent_central_creation_percentile,opponent_central_creation_trait,opponent_dribbling_tendency_percentile,opponent_dribbling_tendency_trait,opponent_box_penetration_percentile,opponent_box_penetration_trait,opponent_chance_creation_percentile,opponent_chance_creation_trait,opponent_defensive_activity_height_percentile,opponent_defensive_activity_height_trait,opponent_defensive_disruption_percentile,opponent_defensive_disruption_trait,opponent_aerial_orientation_percentile,opponent_aerial_orientation_trait,methodology_version,contains_prediction
2526,understat:28778,bournemouth,liverpool,38,Established,95.0,Advanced Attacking Activity,40.0,Balanced Attacking Width,62.49999999999999,Balanced Crossing,35.0,Balanced Creation,60.99999999999999,Balanced 1v1 Activity,98.0,High Box Penetration,92.0,High Chance Creation,81.5,Advanced Defensive Activity,13.25,Low Defensive Disruption,20.0,Aerial Light,team_tactical_v1,False
2526,understat:28778,liverpool,bournemouth,38,Established,70.0,Balanced Territorial Activity,30.0,Balanced Attacking Width,71.0,Balanced Crossing,90.0,Central Creation,85.5,Dribble Heavy,51.0,Moderate Box Penetration,72.0,Typical Chance Creation,64.5,Mid Defensive Activity,81.35,High Defensive Disruption,80.0,Aerial Heavy,team_tactical_v1,False
2526,understat:28779,aston_villa,newcastle_united,38,Established,82.5,Advanced Attacking Activity,60.0,Balanced Attacking Width,92.5,Cross Heavy,70.0,Balanced Creation,47.5,Balanced 1v1 Activity,76.0,Moderate Box Penetration,60.0,Typical Chance Creation,69.0,Mid Defensive Activity,39.95,Typical Defensive Disruption,65.0,Balanced Aerial Volume,team_tactical_v1,False
2526,understat:28779,newcastle_united,aston_villa,38,Established,52.5,Balanced Territorial Activity,25.0,Balanced Attacking Width,16.0,Cross Light,65.0,Balanced Creation,49.5,Balanced 1v1 Activity,63.0,Moderate Box Penetration,63.0,Typical Chance Creation,49.5,Mid Defensive Activity,13.500000000000002,Low Defensive Disruption,10.0,Aerial Light,team_tactical_v1,False
2526,understat:28780,brighton,fulham,38,Established,42.5,Balanced Territorial Activity,80.0,Wide Attacking Activity,62.0,Balanced Crossing,55.0,Balanced Creation,21.5,Balanced 1v1 Activity,54.0,Moderate Box Penetration,45.0,Typical Chance Creation,19.0,Deep Defensive Activity,58.400000000000006,Typical Defensive Disruption,25.0,Balanced Aerial Volume,team_tactical_v1,False
2526,understat:28780,fulham,brighton,38,Established,65.0,Balanced Territorial Activity,35.0,Balanced Attacking Width,66.0,Balanced Crossing,80.0,Central Creation,54.0,Balanced 1v1 Activity,52.0,Moderate Box Penetration,59.0,Typical Chance Creation,93.0,Advanced Defensive Activity,71.80000000000001,Typical Defensive Disruption,30.0,Balanced Aerial Volume,team_tactical_v1,False
2526,understat:28781,sunderland,west_ham,38,Established,10.0,Deep Attacking Activity,100.0,Wide Attacking Activity,42.0,Balanced Crossing,25.0,Balanced Creation,53.5,Balanced 1v1 Activity,16.0,Low Box Penetration,29.0,Typical Chance Creation,13.0,Deep Defensive Activity,65.10000000000001,Typical Defensive Disruption,45.0,Balanced Aerial Volume,team_tactical_v1,False
2526,understat:28781,west_ham,sunderland,38,Established,40.0,Balanced Territorial Activity,50.0,Balanced Attacking Width,33.5,Balanced Crossing,45.0,Balanced Creation,23.5,Balanced 1v1 Activity,29.0,Moderate Box Penetration,15.0,Low Chance Creation,23.0,Mid Defensive Activity,25.150000000000002,Typical Defensive Disruption,75.0,Balanced Aerial Volume,team_tactical_v1,False
2526,understat:28782,burnley,tottenham_hotspur,38,Established,40.0,Balanced Territorial Activity,85.0,Wide Attacking Activity,88.5,Cross Heavy,40.0,Balanced Creation,96.5,Dribble Heavy,29.0,Moderate Box Penetration,32.0,Typical Chance Creation,57.5,Mid Defensive Activity,80.2,High Defensive Disruption,60.0,Balanced Aerial Volume,team_tactical_v1,False
2526,understat:28782,tottenham_hotspur,burnley,38,Established,15.0,Deep Attacking Activity,95.0,Wide Attacking Activity,14.0,Cross Light,10.0,Wide Creation,31.5,Balanced 1v1 Activity,5.0,Low Box Penetration,8.0,Low Chance Creation,13.5,Deep Defensive Activity,54.900000000000006,Typical Defensive Disruption,70.0,Balanced Aerial Volume,team_tactical_v1,False
2526,understat:28783,manchester_city,wolverhampton_wanderers,38,Established,7.5,Deep Attacking Activity,55.0,Balanced Attacking Width,79.0,Balanced Crossing,20.0,Wide Creation,53.0,Balanced 1v1 Activity,16.0,Low Box Penetration,7.0,Low Chance Creation,8.0,Deep Defensive Activity,68.60000000000001,Typical Defensive Disruption,50.0,Balanced Aerial Volume,team_tactical_v1,False
2526,understat:28783,wolverhampton_wanderers,manchester_city,38,Established,95.0,Advanced Attacking Activity,45.0,Balanced Attacking Width,19.0,Cross Light,85.0,Central Creation,80.5,Dribble Heavy,93.0,High Box Penetration,97.0,High Chance Creation,93.5,Advanced Defensive Activity,39.75,Typical Defensive Disruption,5.0,Aerial Light,team_tactical_v1,False
2526,understat:28784,chelsea,crystal_palace,38,Established,17.5,Deep Attacking Activity,5.0,Central Attacking Activity,28.5,Balanced Crossing,100.0,Central Creation,6.5,Dribble Light,66.0,Moderate Box Penetration,44.0,Typical Chance Creation,28.5,Mid Defensive Activity,63.60000000000001,Typical Defensive Disruption,95.0,Aerial Heavy,team_tactical_v1,False
2526,understat:28784,crystal_palace,chelsea,38,Established,62.5,Balanced Territorial Activity,20.0,Central Attacking Activity,42.5,Balanced Crossing,60.0,Balanced Creation,69.5,Balanced 1v1 Activity,41.0,Moderate Box Penetration,84.0,High Chance Creation,83.5,Advanced Defensive Activity,56.35,Typical Defensive Disruption,15.0,Aerial Light,team_tactical_v1,False
2526,understat:28785,brentford,nottingham_forest,38,Established,62.5,Balanced Territorial Activity,90.0,Wide Attacking Activity,90.5,Cross Heavy,5.0,Wide Creation,68.5,Balanced 1v1 Activity,27.0,Moderate Box Penetration,40.0,Typical Chance Creation,39.5,Mid Defensive Activity,58.300000000000004,Typical Defensive Disruption,35.0,Balanced Aerial Volume,team_tactical_v1,False
2526,understat:28785,nottingham_forest,brentford,38,Established,30.0,Balanced Territorial Activity,70.0,Balanced Attacking Width,70.5,Balanced Crossing,75.0,Balanced Creation,79.5,Balanced 1v1 Activity,73.0,Moderate Box Penetration,43.0,Typical Chance Creation,38.5,Mid Defensive Activity,59.5,Typical Defensive Disruption,85.0,Aerial Heavy,team_tactical_v1,False
2526,understat:28786,arsenal,manchester_united,38,Established,72.5,Balanced Territorial Activity,10.0,Central Attacking Activity,30.5,Balanced Crossing,50.0,Balanced Creation,23.5,Balanced 1v1 Activity,67.0,Moderate Box Penetration,88.0,High Chance Creation,52.0,Mid Defensive Activity,75.05000000000001,Typical Defensive Disruption,55.0,Balanced Aerial Volume,team_tactical_v1,False
2526,understat:28786,manchester_united,arsenal,38,Established,95.0,Advanced Attacking Activity,75.0,Balanced Attacking Width,36.0,Balanced Crossing,15.0,Wide Creation,50.0,Balanced 1v1 Activity,94.0,High Box Penetration,89.0,High Chance Creation,98.5,Advanced Defensive Activity,18.35,Low Defensive Disruption,40.0,Balanced Aerial Volume,team_tactical_v1,False
2526,understat:28787,everton,leeds_united,38,Established,30.0,Balanced Territorial Activity,15.0,Central Attacking Activity,69.0,Balanced Crossing,95.0,Central Creation,45.0,Balanced 1v1 Activity,44.0,Moderate Box Penetration,49.0,Typical Chance Creation,68.5,Mid Defensive Activity,51.75000000000001,Typical Defensive Disruption,90.0,Aerial Heavy,team_tactical_v1,False
2526,understat:28787,leeds_united,everton,38,Established,65.0,Balanced Territorial Activity,65.0,Balanced Attacking Width,40.0,Balanced Crossing,30.0,Balanced Creation,50.0,Balanced 1v1 Activity,56.0,Moderate Box Penetration,40.0,Typical Chance Creation,56.0,Mid Defensive Activity,58.5,Typical Defensive Disruption,100.0,Aerial Heavy,team_tactical_v1,False
2526,understat:28788,chelsea,west_ham,38,Established,10.0,Deep Attacking Activity,100.0,Wide Attacking Activity,42.0,Balanced Crossing,25.0,Balanced Creation,53.5,Balanced 1v1 Activity,16.0,Low Box Penetration,29.0,Typical Chance Creation,13.0,Deep Defensive Activity,65.10000000000001,Typical Defensive Disruption,45.0,Balanced Aerial Volume,team_tactical_v1,False
2526,understat:28788,west_ham,chelsea,38,Established,62.5,Balanced Territorial Activity,20.0,Central Attacking Activity,42.5,Balanced Crossing,60.0,Balanced Creation,69.5,Balanced 1v1 Activity,41.0,Moderate Box Penetration,84.0,High Chance Creation,83.5,Advanced Defensive Activity,56.35,Typical Defensive Disruption,15.0,Aerial Light,team_tactical_v1,False
2526,understat:28789,manchester_city,tottenham_hotspur,38,Established,40.0,Balanced Territorial Activity,85.0,Wide Attacking Activity,88.5,Cross Heavy,40.0,Balanced Creation,96.5,Dribble Heavy,29.0,Moderate Box Penetration,32.0,Typical Chance Creation,57.5,Mid Defensive Activity,80.2,High Defensive Disruption,60.0,Balanced Aerial Volume,team_tactical_v1,False
2526,understat:28789,tottenham_hotspur,manchester_city,38,Established,95.0,Advanced Attacking Activity,45.0,Balanced Attacking Width,19.0,Cross Light,85.0,Central Creation,80.5,Dribble Heavy,93.0,High Box Penetration,97.0,High Chance Creation,93.5,Advanced Defensive Activity,39.75,Typical Defensive Disruption,5.0,Aerial Light,team_tactical_v1,False
2526,understat:28790,aston_villa,brentford,38,Established,30.0,Balanced Territorial Activity,70.0,Balanced Attacking Width,70.5,Balanced Crossing,75.0,Balanced Creation,79.5,Balanced 1v1 Activity,73.0,Moderate Box Penetration,43.0,Typical Chance Creation,38.5,Mid Defensive Activity,59.5,Typical Defensive Disruption,85.0,Aerial Heavy,team_tactical_v1,False
2526,understat:28790,brentford,aston_villa,38,Established,52.5,Balanced Territorial Activity,25.0,Balanced Attacking Width,16.0,Cross Light,65.0,Balanced Creation,49.5,Balanced 1v1 Activity,63.0,Moderate Box Penetration,63.0,Typical Chance Creation,49.5,Mid Defensive Activity,13.500000000000002,Low Defensive Disruption,10.0,Aerial Light,team_tactical_v1,False
2526,understat:28791,burnley,sunderland,38,Established,40.0,Balanced Territorial Activity,50.0,Balanced Attacking Width,33.5,Balanced Crossing,45.0,Balanced Creation,23.5,Balanced 1v1 Activity,29.0,Moderate Box Penetration,15.0,Low Chance Creation,23.0,Mid Defensive Activity,25.150000000000002,Typical Defensive Disruption,75.0,Balanced Aerial Volume,team_tactical_v1,False
2526,understat:28791,sunderland,burnley,38,Established,15.0,Deep Attacking Activity,95.0,Wide Attacking Activity,14.0,Cross Light,10.0,Wide Creation,31.5,Balanced 1v1 Activity,5.0,Low Box Penetration,8.0,Low Chance Creation,13.5,Deep Defensive Activity,54.900000000000006,Typical Defensive Disruption,70.0,Balanced Aerial Volume,team_tactical_v1,False
2526,understat:28792,bournemouth,wolverhampton_wanderers,38,Established,7.5,Deep Attacking Activity,55.0,Balanced Attacking Width,79.0,Balanced Crossing,20.0,Wide Creation,53.0,Balanced 1v1 Activity,16.0,Low Box Penetration,7.0,Low Chance Creation,8.0,Deep Defensive Activity,68.60000000000001,Typical Defensive Disruption,50.0,Balanced Aerial Volume,team_tactical_v1,False
2526,understat:28792,wolverhampton_wanderers,bournemouth,38,Established,70.0,Balanced Territorial Activity,30.0,Balanced Attacking Width,71.0,Balanced Crossing,90.0,Central Creation,85.5,Dribble Heavy,51.0,Moderate Box Penetration,72.0,Typical Chance Creation,64.5,Mid Defensive Activity,81.35,High Defensive Disruption,80.0,Aerial Heavy,team_tactical_v1,False
2526,understat:28793,arsenal,leeds_united,38,Established,30.0,Balanced Territorial Activity,15.0,Central Attacking Activity,69.0,Balanced Crossing,95.0,Central Creation,45.0,Balanced 1v1 Activity,44.0,Moderate Box Penetration,49.0,Typical Chance Creation,68.5,Mid Defensive Activity,51.75000000000001,Typical Defensive Disruption,90.0,Aerial Heavy,team_tactical_v1,False
2526,understat:28793,leeds_united,arsenal,38,Established,95.0,Advanced Attacking Activity,75.0,Balanced Attacking Width,36.0,Balanced Crossing,15.0,Wide Creation,50.0,Balanced 1v1 Activity,94.0,High Box Penetration,89.0,High Chance Creation,98.5,Advanced Defensive Activity,18.35,Low Defensive Disruption,40.0,Balanced Aerial Volume,team_tactical_v1,False
2526,understat:28794,crystal_palace,nottingham_forest,38,Established,62.5,Balanced Territorial Activity,90.0,Wide Attacking Activity,90.5,Cross Heavy,5.0,Wide Creation,68.5,Balanced 1v1 Activity,27.0,Moderate Box Penetration,40.0,Typical Chance Creation,39.5,Mid Defensive Activity,58.300000000000004,Typical Defensive Disruption,35.0,Balanced Aerial Volume,team_tactical_v1,False
2526,understat:28794,nottingham_forest,crystal_palace,38,Established,17.5,Deep Attacking Activity,5.0,Central Attacking Activity,28.5,Balanced Crossing,100.0,Central Creation,6.5,Dribble Light,66.0,Moderate Box Penetration,44.0,Typical Chance Creation,28.5,Mid Defensive Activity,63.60000000000001,Typical Defensive Disruption,95.0,Aerial Heavy,team_tactical_v1,False
2526,understat:28795,brighton,everton,38,Established,65.0,Balanced Territorial Activity,65.0,Balanced Attacking Width,40.0,Balanced Crossing,30.0,Balanced Creation,50.0,Balanced 1v1 Activity,56.0,Moderate Box Penetration,40.0,Typical Chance Creation,56.0,Mid Defensive Activity,58.5,Typical Defensive Disruption,100.0,Aerial Heavy,team_tactical_v1,False
2526,understat:28795,everton,brighton,38,Established,65.0,Balanced Territorial Activity,35.0,Balanced Attacking Width,66.0,Balanced Crossing,80.0,Central Creation,54.0,Balanced 1v1 Activity,52.0,Moderate Box Penetration,59.0,Typical Chance Creation,93.0,Advanced Defensive Activity,71.80000000000001,Typical Defensive Disruption,30.0,Balanced Aerial Volume,team_tactical_v1,False
2526,understat:28796,fulham,manchester_united,38,Established,72.5,Balanced Territorial Activity,10.0,Central Attacking Activity,30.5,Balanced Crossing,50.0,Balanced Creation,23.5,Balanced 1v1 Activity,67.0,Moderate Box Penetration,88.0,High Chance Creation,52.0,Mid Defensive Activity,75.05000000000001,Typical Defensive Disruption,55.0,Balanced Aerial Volume,team_tactical_v1,False
2526,understat:28796,manchester_united,fulham,38,Established,42.5,Balanced Territorial Activity,80.0,Wide Attacking Activity,62.0,Balanced Crossing,55.0,Balanced Creation,21.5,Balanced 1v1 Activity,54.0,Moderate Box Penetration,45.0,Typical Chance Creation,19.0,Deep Defensive Activity,58.400000000000006,Typical Defensive Disruption,25.0,Balanced Aerial Volume,team_tactical_v1,False
2526,understat:28797,liverpool,newcastle_united,38,Established,82.5,Advanced Attacking Activity,60.0,Balanced Attacking Width,92.5,Cross Heavy,70.0,Balanced Creation,47.5,Balanced 1v1 Activity,76.0,Moderate Box Penetration,60.0,Typical Chance Creation,69.0,Mid Defensive Activity,39.95,Typical Defensive Disruption,65.0,Balanced Aerial Volume,team_tactical_v1,False
2526,understat:28797,newcastle_united,liverpool,38,Established,95.0,Advanced Attacking Activity,40.0,Balanced Attacking Width,62.49999999999999,Balanced Crossing,35.0,Balanced Creation,60.99999999999999,Balanced 1v1 Activity,98.0,High Box Penetration,92.0,High Chance Creation,81.5,Advanced Defensive Activity,13.25,Low Defensive Disruption,20.0,Aerial Light,team_tactical_v1,False
2526,understat:28798,chelsea,fulham,38,Established,42.5,Balanced Territorial Activity,80.0,Wide Attacking Activity,62.0,Balanced Crossing,55.0,Balanced Creation,21.5,Balanced 1v1 Activity,54.0,Moderate Box Penetration,45.0,Typical Chance Creation,19.0,Deep Defensive Activity,58.400000000000006,Typical Defensive Disruption,25.0,Balanced Aerial Volume,team_tactical_v1,False
2526,understat:28798,fulham,chelsea,38,Established,62.5,Balanced Territorial Activity,20.0,Central Attacking Activity,42.5,Balanced Crossing,60.0,Balanced Creation,69.5,Balanced 1v1 Activity,41.0,Moderate Box Penetration,84.0,High Chance Creation,83.5,Advanced Defensive Activity,56.35,Typical Defensive Disruption,15.0,Aerial Light,team_tactical_v1,False
2526,understat:28799,bournemouth,tottenham_hotspur,38,Established,40.0,Balanced Territorial Activity,85.0,Wide Attacking Activity,88.5,Cross Heavy,40.0,Balanced Creation,96.5,Dribble Heavy,29.0,Moderate Box Penetration,32.0,Typical Chance Creation,57.5,Mid Defensive Activity,80.2,High Defensive Disruption,60.0,Balanced Aerial Volume,team_tactical_v1,False
2526,understat:28799,tottenham_hotspur,bournemouth,38,Established,70.0,Balanced Territorial Activity,30.0,Balanced Attacking Width,71.0,Balanced Crossing,90.0,Central Creation,85.5,Dribble Heavy,51.0,Moderate Box Penetration,72.0,Typical Chance Creation,64.5,Mid Defensive Activity,81.35,High Defensive Disruption,80.0,Aerial Heavy,team_tactical_v1,False
2526,understat:28800,everton,wolverhampton_wanderers,38,Established,7.5,Deep Attacking Activity,55.0,Balanced Attacking Width,79.0,Balanced Crossing,20.0,Wide Creation,53.0,Balanced 1v1 Activity,16.0,Low Box Penetration,7.0,Low Chance Creation,8.0,Deep Defensive Activity,68.60000000000001,Typical Defensive Disruption,50.0,Balanced Aerial Volume,team_tactical_v1,False
2526,understat:28800,wolverhampton_wanderers,everton,38,Established,65.0,Balanced Territorial Activity,65.0,Balanced Attacking Width,40.0,Balanced Crossing,30.0,Balanced Creation,50.0,Balanced 1v1 Activity,56.0,Moderate Box Penetration,40.0,Typical Chance Creation,56.0,Mid Defensive Activity,58.5,Typical Defensive Disruption,100.0,Aerial Heavy,team_tactical_v1,False
2526,understat:28801,brentford,sunderland,38,Established,40.0,Balanced Territorial Activity,50.0,Balanced Attacking Width,33.5,Balanced Crossing,45.0,Balanced Creation,23.5,Balanced 1v1 Activity,29.0,Moderate Box Penetration,15.0,Low Chance Creation,23.0,Mid Defensive Activity,25.150000000000002,Typical Defensive Disruption,75.0,Balanced Aerial Volume,team_tactical_v1,False
2526,understat:28801,sunderland,brentford,38,Established,30.0,Balanced Territorial Activity,70.0,Balanced Attacking Width,70.5,Balanced Crossing,75.0,Balanced Creation,79.5,Balanced 1v1 Activity,73.0,Moderate Box Penetration,43.0,Typical Chance Creation,38.5,Mid Defensive Activity,59.5,Typical Defensive Disruption,85.0,Aerial Heavy,team_tactical_v1,False
2526,understat:28802,burnley,manchester_united,38,Established,72.5,Balanced Territorial Activity,10.0,Central Attacking Activity,30.5,Balanced Crossing,50.0,Balanced Creation,23.5,Balanced 1v1 Activity,67.0,Moderate Box Penetration,88.0,High Chance Creation,52.0,Mid Defensive Activity,75.05000000000001,Typical Defensive Disruption,55.0,Balanced Aerial Volume,team_tactical_v1,False
2526,understat:28802,manchester_united,burnley,38,Established,15.0,Deep Attacking Activity,95.0,Wide Attacking Activity,14.0,Cross Light,10.0,Wide Creation,31.5,Balanced 1v1 Activity,5.0,Low Box Penetration,8.0,Low Chance Creation,13.5,Deep Defensive Activity,54.900000000000006,Typical Defensive Disruption,70.0,Balanced Aerial Volume,team_tactical_v1,False
2526,understat:28803,leeds_united,newcastle_united,38,Established,82.5,Advanced Attacking Activity,60.0,Balanced Attacking Width,92.5,Cross Heavy,70.0,Balanced Creation,47.5,Balanced 1v1 Activity,76.0,Moderate Box Penetration,60.0,Typical Chance Creation,69.0,Mid Defensive Activity,39.95,Typical Defensive Disruption,65.0,Balanced Aerial Volume,team_tactical_v1,False
2526,understat:28803,newcastle_united,leeds_united,38,Established,30.0,Balanced Territorial Activity,15.0,Central Attacking Activity,69.0,Balanced Crossing,95.0,Central Creation,45.0,Balanced 1v1 Activity,44.0,Moderate Box Penetration,49.0,Typical Chance Creation,68.5,Mid Defensive Activity,51.75000000000001,Typical Defensive Disruption,90.0,Aerial Heavy,team_tactical_v1,False
2526,understat:28804,nottingham_forest,west_ham,38,Established,10.0,Deep Attacking Activity,100.0,Wide Attacking Activity,42.0,Balanced Crossing,25.0,Balanced Creation,53.5,Balanced 1v1 Activity,16.0,Low Box Penetration,29.0,Typical Chance Creation,13.0,Deep Defensive Activity,65.10000000000001,Typical Defensive Disruption,45.0,Balanced Aerial Volume,team_tactical_v1,False
2526,understat:28804,west_ham,nottingham_forest,38,Established,62.5,Balanced Territorial Activity,90.0,Wide Attacking Activity,90.5,Cross Heavy,5.0,Wide Creation,68.5,Balanced 1v1 Activity,27.0,Moderate Box Penetration,40.0,Typical Chance Creation,39.5,Mid Defensive Activity,58.300000000000004,Typical Defensive Disruption,35.0,Balanced Aerial Volume,team_tactical_v1,False
2526,understat:28805,brighton,manchester_city,38,Established,95.0,Advanced Attacking Activity,45.0,Balanced Attacking Width,19.0,Cross Light,85.0,Central Creation,80.5,Dribble Heavy,93.0,High Box Penetration,97.0,High Chance Creation,93.5,Advanced Defensive Activity,39.75,Typical Defensive Disruption,5.0,Aerial Light,team_tactical_v1,False
2526,understat:28805,manchester_city,brighton,38,Established,65.0,Balanced Territorial Activity,35.0,Balanced Attacking Width,66.0,Balanced Crossing,80.0,Central Creation,54.0,Balanced 1v1 Activity,52.0,Moderate Box Penetration,59.0,Typical Chance Creation,93.0,Advanced Defensive Activity,71.80000000000001,Typical Defensive Disruption,30.0,Balanced Aerial Volume,team_tactical_v1,False
2526,understat:28806,arsenal,liverpool,38,Established,95.0,Advanced Attacking Activity,40.0,Balanced Attacking Width,62.49999999999999,Balanced Crossing,35.0,Balanced Creation,60.99999999999999,Balanced 1v1 Activity,98.0,High Box Penetration,92.0,High Chance Creation,81.5,Advanced Defensive Activity,13.25,Low Defensive Disruption,20.0,Aerial Light,team_tactical_v1,False
2526,understat:28806,liverpool,arsenal,38,Established,95.0,Advanced Attacking Activity,75.0,Balanced Attacking Width,36.0,Balanced Crossing,15.0,Wide Creation,50.0,Balanced 1v1 Activity,94.0,High Box Penetration,89.0,High Chance Creation,98.5,Advanced Defensive Activity,18.35,Low Defensive Disruption,40.0,Balanced Aerial Volume,team_tactical_v1,False
2526,understat:28807,aston_villa,crystal_palace,38,Established,17.5,Deep Attacking Activity,5.0,Central Attacking Activity,28.5,Balanced Crossing,100.0,Central Creation,6.5,Dribble Light,66.0,Moderate Box Penetration,44.0,Typical Chance Creation,28.5,Mid Defensive Activity,63.60000000000001,Typical Defensive Disruption,95.0,Aerial Heavy,team_tactical_v1,False
2526,understat:28807,crystal_palace,aston_villa,38,Established,52.5,Balanced Territorial Activity,25.0,Balanced Attacking Width,16.0,Cross Light,65.0,Balanced Creation,49.5,Balanced 1v1 Activity,63.0,Moderate Box Penetration,63.0,Typical Chance Creation,49.5,Mid Defensive Activity,13.500000000000002,Low Defensive Disruption,10.0,Aerial Light,team_tactical_v1,False
2526,understat:28808,arsenal,nottingham_forest,38,Established,62.5,Balanced Territorial Activity,90.0,Wide Attacking Activity,90.5,Cross Heavy,5.0,Wide Creation,68.5,Balanced 1v1 Activity,27.0,Moderate Box Penetration,40.0,Typical Chance Creation,39.5,Mid Defensive Activity,58.300000000000004,Typical Defensive Disruption,35.0,Balanced Aerial Volume,team_tactical_v1,False
2526,understat:28808,nottingham_forest,arsenal,38,Established,95.0,Advanced Attacking Activity,75.0,Balanced Attacking Width,36.0,Balanced Crossing,15.0,Wide Creation,50.0,Balanced 1v1 Activity,94.0,High Box Penetration,89.0,High Chance Creation,98.5,Advanced Defensive Activity,18.35,Low Defensive Disruption,40.0,Balanced Aerial Volume,team_tactical_v1,False
2526,understat:28809,newcastle_united,wolverhampton_wanderers,38,Established,7.5,Deep Attacking Activity,55.0,Balanced Attacking Width,79.0,Balanced Crossing,20.0,Wide Creation,53.0,Balanced 1v1 Activity,16.0,Low Box Penetration,7.0,Low Chance Creation,8.0,Deep Defensive Activity,68.60000000000001,Typical Defensive Disruption,50.0,Balanced Aerial Volume,team_tactical_v1,False
2526,understat:28809,wolverhampton_wanderers,newcastle_united,38,Established,82.5,Advanced Attacking Activity,60.0,Balanced Attacking Width,92.5,Cross Heavy,70.0,Balanced Creation,47.5,Balanced 1v1 Activity,76.0,Moderate Box Penetration,60.0,Typical Chance Creation,69.0,Mid Defensive Activity,39.95,Typical Defensive Disruption,65.0,Balanced Aerial Volume,team_tactical_v1,False
2526,understat:28810,bournemouth,brighton,38,Established,65.0,Balanced Territorial Activity,35.0,Balanced Attacking Width,66.0,Balanced Crossing,80.0,Central Creation,54.0,Balanced 1v1 Activity,52.0,Moderate Box Penetration,59.0,Typical Chance Creation,93.0,Advanced Defensive Activity,71.80000000000001,Typical Defensive Disruption,30.0,Balanced Aerial Volume,team_tactical_v1,False
2526,understat:28810,brighton,bournemouth,38,Established,70.0,Balanced Territorial Activity,30.0,Balanced Attacking Width,71.0,Balanced Crossing,90.0,Central Creation,85.5,Dribble Heavy,51.0,Moderate Box Penetration,72.0,Typical Chance Creation,64.5,Mid Defensive Activity,81.35,High Defensive Disruption,80.0,Aerial Heavy,team_tactical_v1,False
2526,understat:28811,crystal_palace,sunderland,38,Established,40.0,Balanced Territorial Activity,50.0,Balanced Attacking Width,33.5,Balanced Crossing,45.0,Balanced Creation,23.5,Balanced 1v1 Activity,29.0,Moderate Box Penetration,15.0,Low Chance Creation,23.0,Mid Defensive Activity,25.150000000000002,Typical Defensive Disruption,75.0,Balanced Aerial Volume,team_tactical_v1,False
2526,understat:28811,sunderland,crystal_palace,38,Established,17.5,Deep Attacking Activity,5.0,Central Attacking Activity,28.5,Balanced Crossing,100.0,Central Creation,6.5,Dribble Light,66.0,Moderate Box Penetration,44.0,Typical Chance Creation,28.5,Mid Defensive Activity,63.60000000000001,Typical Defensive Disruption,95.0,Aerial Heavy,team_tactical_v1,False
2526,understat:28812,aston_villa,everton,38,Established,65.0,Balanced Territorial Activity,65.0,Balanced Attacking Width,40.0,Balanced Crossing,30.0,Balanced Creation,50.0,Balanced 1v1 Activity,56.0,Moderate Box Penetration,40.0,Typical Chance Creation,56.0,Mid Defensive Activity,58.5,Typical Defensive Disruption,100.0,Aerial Heavy,team_tactical_v1,False
2526,understat:28812,everton,aston_villa,38,Established,52.5,Balanced Territorial Activity,25.0,Balanced Attacking Width,16.0,Cross Light,65.0,Balanced Creation,49.5,Balanced 1v1 Activity,63.0,Moderate Box Penetration,63.0,Typical Chance Creation,49.5,Mid Defensive Activity,13.500000000000002,Low Defensive Disruption,10.0,Aerial Light,team_tactical_v1,False
2526,understat:28813,fulham,leeds_united,38,Established,30.0,Balanced Territorial Activity,15.0,Central Attacking Activity,69.0,Balanced Crossing,95.0,Central Creation,45.0,Balanced 1v1 Activity,44.0,Moderate Box Penetration,49.0,Typical Chance Creation,68.5,Mid Defensive Activity,51.75000000000001,Typical Defensive Disruption,90.0,Aerial Heavy,team_tactical_v1,False
2526,understat:28813,leeds_united,fulham,38,Established,42.5,Balanced Territorial Activity,80.0,Wide Attacking Activity,62.0,Balanced Crossing,55.0,Balanced Creation,21.5,Balanced 1v1 Activity,54.0,Moderate Box Penetration,45.0,Typical Chance Creation,19.0,Deep Defensive Activity,58.400000000000006,Typical Defensive Disruption,25.0,Balanced Aerial Volume,team_tactical_v1,False
2526,understat:28814,tottenham_hotspur,west_ham,38,Established,10.0,Deep Attacking Activity,100.0,Wide Attacking Activity,42.0,Balanced Crossing,25.0,Balanced Creation,53.5,Balanced 1v1 Activity,16.0,Low Box Penetration,29.0,Typical Chance Creation,13.0,Deep Defensive Activity,65.10000000000001,Typical Defensive Disruption,45.0,Balanced Aerial Volume,team_tactical_v1,False
2526,understat:28814,west_ham,tottenham_hotspur,38,Established,40.0,Balanced Territorial Activity,85.0,Wide Attacking Activity,88.5,Cross Heavy,40.0,Balanced Creation,96.5,Dribble Heavy,29.0,Moderate Box Penetration,32.0,Typical Chance Creation,57.5,Mid Defensive Activity,80.2,High Defensive Disruption,60.0,Balanced Aerial Volume,team_tactical_v1,False
2526,understat:28815,brentford,chelsea,38,Established,62.5,Balanced Territorial Activity,20.0,Central Attacking Activity,42.5,Balanced Crossing,60.0,Balanced Creation,69.5,Balanced 1v1 Activity,41.0,Moderate Box Penetration,84.0,High Chance Creation,83.5,Advanced Defensive Activity,56.35,Typical Defensive Disruption,15.0,Aerial Light,team_tactical_v1,False
2526,understat:28815,chelsea,brentford,38,Established,30.0,Balanced Territorial Activity,70.0,Balanced Attacking Width,70.5,Balanced Crossing,75.0,Balanced Creation,79.5,Balanced 1v1 Activity,73.0,Moderate Box Penetration,43.0,Typical Chance Creation,38.5,Mid Defensive Activity,59.5,Typical Defensive Disruption,85.0,Aerial Heavy,team_tactical_v1,False
2526,understat:28816,burnley,liverpool,38,Established,95.0,Advanced Attacking Activity,40.0,Balanced Attacking Width,62.49999999999999,Balanced Crossing,35.0,Balanced Creation,60.99999999999999,Balanced 1v1 Activity,98.0,High Box Penetration,92.0,High Chance Creation,81.5,Advanced Defensive Activity,13.25,Low Defensive Disruption,20.0,Aerial Light,team_tactical_v1,False
2526,understat:28816,liverpool,burnley,38,Established,15.0,Deep Attacking Activity,95.0,Wide Attacking Activity,14.0,Cross Light,10.0,Wide Creation,31.5,Balanced 1v1 Activity,5.0,Low Box Penetration,8.0,Low Chance Creation,13.5,Deep Defensive Activity,54.900000000000006,Typical Defensive Disruption,70.0,Balanced Aerial Volume,team_tactical_v1,False
2526,understat:28817,manchester_city,manchester_united,38,Established,72.5,Balanced Territorial Activity,10.0,Central Attacking Activity,30.5,Balanced Crossing,50.0,Balanced Creation,23.5,Balanced 1v1 Activity,67.0,Moderate Box Penetration,88.0,High Chance Creation,52.0,Mid Defensive Activity,75.05000000000001,Typical Defensive Disruption,55.0,Balanced Aerial Volume,team_tactical_v1,False
2526,understat:28817,manchester_united,manchester_city,38,Established,95.0,Advanced Attacking Activity,45.0,Balanced Attacking Width,19.0,Cross Light,85.0,Central Creation,80.5,Dribble Heavy,93.0,High Box Penetration,97.0,High Chance Creation,93.5,Advanced Defensive Activity,39.75,Typical Defensive Disruption,5.0,Aerial Light,team_tactical_v1,False
2526,understat:28818,everton,liverpool,38,Established,95.0,Advanced Attacking Activity,40.0,Balanced Attacking Width,62.49999999999999,Balanced Crossing,35.0,Balanced Creation,60.99999999999999,Balanced 1v1 Activity,98.0,High Box Penetration,92.0,High Chance Creation,81.5,Advanced Defensive Activity,13.25,Low Defensive Disruption,20.0,Aerial Light,team_tactical_v1,False
2526,understat:28818,liverpool,everton,38,Established,65.0,Balanced Territorial Activity,65.0,Balanced Attacking Width,40.0,Balanced Crossing,30.0,Balanced Creation,50.0,Balanced 1v1 Activity,56.0,Moderate Box Penetration,40.0,Typical Chance Creation,56.0,Mid Defensive Activity,58.5,Typical Defensive Disruption,100.0,Aerial Heavy,team_tactical_v1,False
2526,understat:28819,crystal_palace,west_ham,38,Established,10.0,Deep Attacking Activity,100.0,Wide Attacking Activity,42.0,Balanced Crossing,25.0,Balanced Creation,53.5,Balanced 1v1 Activity,16.0,Low Box Penetration,29.0,Typical Chance Creation,13.0,Deep Defensive Activity,65.10000000000001,Typical Defensive Disruption,45.0,Balanced Aerial Volume,team_tactical_v1,False
2526,understat:28819,west_ham,crystal_palace,38,Established,17.5,Deep Attacking Activity,5.0,Central Attacking Activity,28.5,Balanced Crossing,100.0,Central Creation,6.5,Dribble Light,66.0,Moderate Box Penetration,44.0,Typical Chance Creation,28.5,Mid Defensive Activity,63.60000000000001,Typical Defensive Disruption,95.0,Aerial Heavy,team_tactical_v1,False
2526,understat:28820,leeds_united,wolverhampton_wanderers,38,Established,7.5,Deep Attacking Activity,55.0,Balanced Attacking Width,79.0,Balanced Crossing,20.0,Wide Creation,53.0,Balanced 1v1 Activity,16.0,Low Box Penetration,7.0,Low Chance Creation,8.0,Deep Defensive Activity,68.60000000000001,Typical Defensive Disruption,50.0,Balanced Aerial Volume,team_tactical_v1,False
2526,understat:28820,wolverhampton_wanderers,leeds_united,38,Established,30.0,Balanced Territorial Activity,15.0,Central Attacking Activity,69.0,Balanced Crossing,95.0,Central Creation,45.0,Balanced 1v1 Activity,44.0,Moderate Box Penetration,49.0,Typical Chance Creation,68.5,Mid Defensive Activity,51.75000000000001,Typical Defensive Disruption,90.0,Aerial Heavy,team_tactical_v1,False
2526,understat:28821,brighton,tottenham_hotspur,38,Established,40.0,Balanced Territorial Activity,85.0,Wide Attacking Activity,88.5,Cross Heavy,40.0,Balanced Creation,96.5,Dribble Heavy,29.0,Moderate Box Penetration,32.0,Typical Chance Creation,57.5,Mid Defensive Activity,80.2,High Defensive Disruption,60.0,Balanced Aerial Volume,team_tactical_v1,False
2526,understat:28821,tottenham_hotspur,brighton,38,Established,65.0,Balanced Territorial Activity,35.0,Balanced Attacking Width,66.0,Balanced Crossing,80.0,Central Creation,54.0,Balanced 1v1 Activity,52.0,Moderate Box Penetration,59.0,Typical Chance Creation,93.0,Advanced Defensive Activity,71.80000000000001,Typical Defensive Disruption,30.0,Balanced Aerial Volume,team_tactical_v1,False
2526,understat:28822,burnley,nottingham_forest,38,Established,62.5,Balanced Territorial Activity,90.0,Wide Attacking Activity,90.5,Cross Heavy,5.0,Wide Creation,68.5,Balanced 1v1 Activity,27.0,Moderate Box Penetration,40.0,Typical Chance Creation,39.5,Mid Defensive Activity,58.300000000000004,Typical Defensive Disruption,35.0,Balanced Aerial Volume,team_tactical_v1,False
2526,understat:28822,nottingham_forest,burnley,38,Established,15.0,Deep Attacking Activity,95.0,Wide Attacking Activity,14.0,Cross Light,10.0,Wide Creation,31.5,Balanced 1v1 Activity,5.0,Low Box Penetration,8.0,Low Chance Creation,13.5,Deep Defensive Activity,54.900000000000006,Typical Defensive Disruption,70.0,Balanced Aerial Volume,team_tactical_v1,False
2526,understat:28824,chelsea,manchester_united,38,Established,72.5,Balanced Territorial Activity,10.0,Central Attacking Activity,30.5,Balanced Crossing,50.0,Balanced Creation,23.5,Balanced 1v1 Activity,67.0,Moderate Box Penetration,88.0,High Chance Creation,52.0,Mid Defensive Activity,75.05000000000001,Typical Defensive Disruption,55.0,Balanced Aerial Volume,team_tactical_v1,False
2526,understat:28824,manchester_united,chelsea,38,Established,62.5,Balanced Territorial Activity,20.0,Central Attacking Activity,42.5,Balanced Crossing,60.0,Balanced Creation,69.5,Balanced 1v1 Activity,41.0,Moderate Box Penetration,84.0,High Chance Creation,83.5,Advanced Defensive Activity,56.35,Typical Defensive Disruption,15.0,Aerial Light,team_tactical_v1,False
2526,understat:28825,brentford,fulham,38,Established,42.5,Balanced Territorial Activity,80.0,Wide Attacking Activity,62.0,Balanced Crossing,55.0,Balanced Creation,21.5,Balanced 1v1 Activity,54.0,Moderate Box Penetration,45.0,Typical Chance Creation,19.0,Deep Defensive Activity,58.400000000000006,Typical Defensive Disruption,25.0,Balanced Aerial Volume,team_tactical_v1,False
2526,understat:28825,fulham,brentford,38,Established,30.0,Balanced Territorial Activity,70.0,Balanced Attacking Width,70.5,Balanced Crossing,75.0,Balanced Creation,79.5,Balanced 1v1 Activity,73.0,Moderate Box Penetration,43.0,Typical Chance Creation,38.5,Mid Defensive Activity,59.5,Typical Defensive Disruption,85.0,Aerial Heavy,team_tactical_v1,False
2526,understat:28823,bournemouth,newcastle_united,38,Established,82.5,Advanced Attacking Activity,60.0,Balanced Attacking Width,92.5,Cross Heavy,70.0,Balanced Creation,47.5,Balanced 1v1 Activity,76.0,Moderate Box Penetration,60.0,Typical Chance Creation,69.0,Mid Defensive Activity,39.95,Typical Defensive Disruption,65.0,Balanced Aerial Volume,team_tactical_v1,False
2526,understat:28823,newcastle_united,bournemouth,38,Established,70.0,Balanced Territorial Activity,30.0,Balanced Attacking Width,71.0,Balanced Crossing,90.0,Central Creation,85.5,Dribble Heavy,51.0,Moderate Box Penetration,72.0,Typical Chance Creation,64.5,Mid Defensive Activity,81.35,High Defensive Disruption,80.0,Aerial Heavy,team_tactical_v1,False
2526,understat:28826,aston_villa,sunderland,38,Established,40.0,Balanced Territorial Activity,50.0,Balanced Attacking Width,33.5,Balanced Crossing,45.0,Balanced Creation,23.5,Balanced 1v1 Activity,29.0,Moderate Box Penetration,15.0,Low Chance Creation,23.0,Mid Defensive Activity,25.150000000000002,Typical Defensive Disruption,75.0,Balanced Aerial Volume,team_tactical_v1,False
2526,understat:28826,sunderland,aston_villa,38,Established,52.5,Balanced Territorial Activity,25.0,Balanced Attacking Width,16.0,Cross Light,65.0,Balanced Creation,49.5,Balanced 1v1 Activity,63.0,Moderate Box Penetration,63.0,Typical Chance Creation,49.5,Mid Defensive Activity,13.500000000000002,Low Defensive Disruption,10.0,Aerial Light,team_tactical_v1,False
2526,understat:28827,arsenal,manchester_city,38,Established,95.0,Advanced Attacking Activity,45.0,Balanced Attacking Width,19.0,Cross Light,85.0,Central Creation,80.5,Dribble Heavy,93.0,High Box Penetration,97.0,High Chance Creation,93.5,Advanced Defensive Activity,39.75,Typical Defensive Disruption,5.0,Aerial Light,team_tactical_v1,False
2526,understat:28827,manchester_city,arsenal,38,Established,95.0,Advanced Attacking Activity,75.0,Balanced Attacking Width,36.0,Balanced Crossing,15.0,Wide Creation,50.0,Balanced 1v1 Activity,94.0,High Box Penetration,89.0,High Chance Creation,98.5,Advanced Defensive Activity,18.35,Low Defensive Disruption,40.0,Balanced Aerial Volume,team_tactical_v1,False
2526,understat:28828,brentford,manchester_united,38,Established,72.5,Balanced Territorial Activity,10.0,Central Attacking Activity,30.5,Balanced Crossing,50.0,Balanced Creation,23.5,Balanced 1v1 Activity,67.0,Moderate Box Penetration,88.0,High Chance Creation,52.0,Mid Defensive Activity,75.05000000000001,Typical Defensive Disruption,55.0,Balanced Aerial Volume,team_tactical_v1,False
2526,understat:28828,manchester_united,brentford,38,Established,30.0,Balanced Territorial Activity,70.0,Balanced Attacking Width,70.5,Balanced Crossing,75.0,Balanced Creation,79.5,Balanced 1v1 Activity,73.0,Moderate Box Penetration,43.0,Typical Chance Creation,38.5,Mid Defensive Activity,59.5,Typical Defensive Disruption,85.0,Aerial Heavy,team_tactical_v1,False
2526,understat:28829,brighton,chelsea,38,Established,62.5,Balanced Territorial Activity,20.0,Central Attacking Activity,42.5,Balanced Crossing,60.0,Balanced Creation,69.5,Balanced 1v1 Activity,41.0,Moderate Box Penetration,84.0,High Chance Creation,83.5,Advanced Defensive Activity,56.35,Typical Defensive Disruption,15.0,Aerial Light,team_tactical_v1,False
2526,understat:28829,chelsea,brighton,38,Established,65.0,Balanced Territorial Activity,35.0,Balanced Attacking Width,66.0,Balanced Crossing,80.0,Central Creation,54.0,Balanced 1v1 Activity,52.0,Moderate Box Penetration,59.0,Typical Chance Creation,93.0,Advanced Defensive Activity,71.80000000000001,Typical Defensive Disruption,30.0,Balanced Aerial Volume,team_tactical_v1,False
2526,understat:28830,crystal_palace,liverpool,38,Established,95.0,Advanced Attacking Activity,40.0,Balanced Attacking Width,62.49999999999999,Balanced Crossing,35.0,Balanced Creation,60.99999999999999,Balanced 1v1 Activity,98.0,High Box Penetration,92.0,High Chance Creation,81.5,Advanced Defensive Activity,13.25,Low Defensive Disruption,20.0,Aerial Light,team_tactical_v1,False
2526,understat:28830,liverpool,crystal_palace,38,Established,17.5,Deep Attacking Activity,5.0,Central Attacking Activity,28.5,Balanced Crossing,100.0,Central Creation,6.5,Dribble Light,66.0,Moderate Box Penetration,44.0,Typical Chance Creation,28.5,Mid Defensive Activity,63.60000000000001,Typical Defensive Disruption,95.0,Aerial Heavy,team_tactical_v1,False
2526,understat:28832,bournemouth,leeds_united,38,Established,30.0,Balanced Territorial Activity,15.0,Central Attacking Activity,69.0,Balanced Crossing,95.0,Central Creation,45.0,Balanced 1v1 Activity,44.0,Moderate Box Penetration,49.0,Typical Chance Creation,68.5,Mid Defensive Activity,51.75000000000001,Typical Defensive Disruption,90.0,Aerial Heavy,team_tactical_v1,False
2526,understat:28832,leeds_united,bournemouth,38,Established,70.0,Balanced Territorial Activity,30.0,Balanced Attacking Width,71.0,Balanced Crossing,90.0,Central Creation,85.5,Dribble Heavy,51.0,Moderate Box Penetration,72.0,Typical Chance Creation,64.5,Mid Defensive Activity,81.35,High Defensive Disruption,80.0,Aerial Heavy,team_tactical_v1,False
2526,understat:28833,burnley,manchester_city,38,Established,95.0,Advanced Attacking Activity,45.0,Balanced Attacking Width,19.0,Cross Light,85.0,Central Creation,80.5,Dribble Heavy,93.0,High Box Penetration,97.0,High Chance Creation,93.5,Advanced Defensive Activity,39.75,Typical Defensive Disruption,5.0,Aerial Light,team_tactical_v1,False
2526,understat:28833,manchester_city,burnley,38,Established,15.0,Deep Attacking Activity,95.0,Wide Attacking Activity,14.0,Cross Light,10.0,Wide Creation,31.5,Balanced 1v1 Activity,5.0,Low Box Penetration,8.0,Low Chance Creation,13.5,Deep Defensive Activity,54.900000000000006,Typical Defensive Disruption,70.0,Balanced Aerial Volume,team_tactical_v1,False
2526,understat:28834,nottingham_forest,sunderland,38,Established,40.0,Balanced Territorial Activity,50.0,Balanced Attacking Width,33.5,Balanced Crossing,45.0,Balanced Creation,23.5,Balanced 1v1 Activity,29.0,Moderate Box Penetration,15.0,Low Chance Creation,23.0,Mid Defensive Activity,25.150000000000002,Typical Defensive Disruption,75.0,Balanced Aerial Volume,team_tactical_v1,False
2526,understat:28834,sunderland,nottingham_forest,38,Established,62.5,Balanced Territorial Activity,90.0,Wide Attacking Activity,90.5,Cross Heavy,5.0,Wide Creation,68.5,Balanced 1v1 Activity,27.0,Moderate Box Penetration,40.0,Typical Chance Creation,39.5,Mid Defensive Activity,58.300000000000004,Typical Defensive Disruption,35.0,Balanced Aerial Volume,team_tactical_v1,False
2526,understat:28835,tottenham_hotspur,wolverhampton_wanderers,38,Established,7.5,Deep Attacking Activity,55.0,Balanced Attacking Width,79.0,Balanced Crossing,20.0,Wide Creation,53.0,Balanced 1v1 Activity,16.0,Low Box Penetration,7.0,Low Chance Creation,8.0,Deep Defensive Activity,68.60000000000001,Typical Defensive Disruption,50.0,Balanced Aerial Volume,team_tactical_v1,False
2526,understat:28835,wolverhampton_wanderers,tottenham_hotspur,38,Established,40.0,Balanced Territorial Activity,85.0,Wide Attacking Activity,88.5,Cross Heavy,40.0,Balanced Creation,96.5,Dribble Heavy,29.0,Moderate Box Penetration,32.0,Typical Chance Creation,57.5,Mid Defensive Activity,80.2,High Defensive Disruption,60.0,Balanced Aerial Volume,team_tactical_v1,False
2526,understat:28831,aston_villa,fulham,38,Established,42.5,Balanced Territorial Activity,80.0,Wide Attacking Activity,62.0,Balanced Crossing,55.0,Balanced Creation,21.5,Balanced 1v1 Activity,54.0,Moderate Box Penetration,45.0,Typical Chance Creation,19.0,Deep Defensive Activity,58.400000000000006,Typical Defensive Disruption,25.0,Balanced Aerial Volume,team_tactical_v1,False
2526,understat:28831,fulham,aston_villa,38,Established,52.5,Balanced Territorial Activity,25.0,Balanced Attacking Width,16.0,Cross Light,65.0,Balanced Creation,49.5,Balanced 1v1 Activity,63.0,Moderate Box Penetration,63.0,Typical Chance Creation,49.5,Mid Defensive Activity,13.500000000000002,Low Defensive Disruption,10.0,Aerial Light,team_tactical_v1,False
2526,understat:28836,arsenal,newcastle_united,38,Established,82.5,Advanced Attacking Activity,60.0,Balanced Attacking Width,92.5,Cross Heavy,70.0,Balanced Creation,47.5,Balanced 1v1 Activity,76.0,Moderate Box Penetration,60.0,Typical Chance Creation,69.0,Mid Defensive Activity,39.95,Typical Defensive Disruption,65.0,Balanced Aerial Volume,team_tactical_v1,False
2526,understat:28836,newcastle_united,arsenal,38,Established,95.0,Advanced Attacking Activity,75.0,Balanced Attacking Width,36.0,Balanced Crossing,15.0,Wide Creation,50.0,Balanced 1v1 Activity,94.0,High Box Penetration,89.0,High Chance Creation,98.5,Advanced Defensive Activity,18.35,Low Defensive Disruption,40.0,Balanced Aerial Volume,team_tactical_v1,False
2526,understat:28837,everton,west_ham,38,Established,10.0,Deep Attacking Activity,100.0,Wide Attacking Activity,42.0,Balanced Crossing,25.0,Balanced Creation,53.5,Balanced 1v1 Activity,16.0,Low Box Penetration,29.0,Typical Chance Creation,13.0,Deep Defensive Activity,65.10000000000001,Typical Defensive Disruption,45.0,Balanced Aerial Volume,team_tactical_v1,False
2526,understat:28837,west_ham,everton,38,Established,65.0,Balanced Territorial Activity,65.0,Balanced Attacking Width,40.0,Balanced Crossing,30.0,Balanced Creation,50.0,Balanced 1v1 Activity,56.0,Moderate Box Penetration,40.0,Typical Chance Creation,56.0,Mid Defensive Activity,58.5,Typical Defensive Disruption,100.0,Aerial Heavy,team_tactical_v1,False
2526,understat:28838,bournemouth,fulham,38,Established,42.5,Balanced Territorial Activity,80.0,Wide Attacking Activity,62.0,Balanced Crossing,55.0,Balanced Creation,21.5,Balanced 1v1 Activity,54.0,Moderate Box Penetration,45.0,Typical Chance Creation,19.0,Deep Defensive Activity,58.400000000000006,Typical Defensive Disruption,25.0,Balanced Aerial Volume,team_tactical_v1,False
2526,understat:28838,fulham,bournemouth,38,Established,70.0,Balanced Territorial Activity,30.0,Balanced Attacking Width,71.0,Balanced Crossing,90.0,Central Creation,85.5,Dribble Heavy,51.0,Moderate Box Penetration,72.0,Typical Chance Creation,64.5,Mid Defensive Activity,81.35,High Defensive Disruption,80.0,Aerial Heavy,team_tactical_v1,False
2526,understat:28839,arsenal,west_ham,38,Established,10.0,Deep Attacking Activity,100.0,Wide Attacking Activity,42.0,Balanced Crossing,25.0,Balanced Creation,53.5,Balanced 1v1 Activity,16.0,Low Box Penetration,29.0,Typical Chance Creation,13.0,Deep Defensive Activity,65.10000000000001,Typical Defensive Disruption,45.0,Balanced Aerial Volume,team_tactical_v1,False
2526,understat:28839,west_ham,arsenal,38,Established,95.0,Advanced Attacking Activity,75.0,Balanced Attacking Width,36.0,Balanced Crossing,15.0,Wide Creation,50.0,Balanced 1v1 Activity,94.0,High Box Penetration,89.0,High Chance Creation,98.5,Advanced Defensive Activity,18.35,Low Defensive Disruption,40.0,Balanced Aerial Volume,team_tactical_v1,False
2526,understat:28842,chelsea,liverpool,38,Established,95.0,Advanced Attacking Activity,40.0,Balanced Attacking Width,62.49999999999999,Balanced Crossing,35.0,Balanced Creation,60.99999999999999,Balanced 1v1 Activity,98.0,High Box Penetration,92.0,High Chance Creation,81.5,Advanced Defensive Activity,13.25,Low Defensive Disruption,20.0,Aerial Light,team_tactical_v1,False
2526,understat:28842,liverpool,chelsea,38,Established,62.5,Balanced Territorial Activity,20.0,Central Attacking Activity,42.5,Balanced Crossing,60.0,Balanced Creation,69.5,Balanced 1v1 Activity,41.0,Moderate Box Penetration,84.0,High Chance Creation,83.5,Advanced Defensive Activity,56.35,Typical Defensive Disruption,15.0,Aerial Light,team_tactical_v1,False
2526,understat:28844,leeds_united,tottenham_hotspur,38,Established,40.0,Balanced Territorial Activity,85.0,Wide Attacking Activity,88.5,Cross Heavy,40.0,Balanced Creation,96.5,Dribble Heavy,29.0,Moderate Box Penetration,32.0,Typical Chance Creation,57.5,Mid Defensive Activity,80.2,High Defensive Disruption,60.0,Balanced Aerial Volume,team_tactical_v1,False
2526,understat:28844,tottenham_hotspur,leeds_united,38,Established,30.0,Balanced Territorial Activity,15.0,Central Attacking Activity,69.0,Balanced Crossing,95.0,Central Creation,45.0,Balanced 1v1 Activity,44.0,Moderate Box Penetration,49.0,Typical Chance Creation,68.5,Mid Defensive Activity,51.75000000000001,Typical Defensive Disruption,90.0,Aerial Heavy,team_tactical_v1,False
2526,understat:28845,manchester_united,sunderland,38,Established,40.0,Balanced Territorial Activity,50.0,Balanced Attacking Width,33.5,Balanced Crossing,45.0,Balanced Creation,23.5,Balanced 1v1 Activity,29.0,Moderate Box Penetration,15.0,Low Chance Creation,23.0,Mid Defensive Activity,25.150000000000002,Typical Defensive Disruption,75.0,Balanced Aerial Volume,team_tactical_v1,False
2526,understat:28845,sunderland,manchester_united,38,Established,72.5,Balanced Territorial Activity,10.0,Central Attacking Activity,30.5,Balanced Crossing,50.0,Balanced Creation,23.5,Balanced 1v1 Activity,67.0,Moderate Box Penetration,88.0,High Chance Creation,52.0,Mid Defensive Activity,75.05000000000001,Typical Defensive Disruption,55.0,Balanced Aerial Volume,team_tactical_v1,False
2526,understat:28840,aston_villa,burnley,38,Established,15.0,Deep Attacking Activity,95.0,Wide Attacking Activity,14.0,Cross Light,10.0,Wide Creation,31.5,Balanced 1v1 Activity,5.0,Low Box Penetration,8.0,Low Chance Creation,13.5,Deep Defensive Activity,54.900000000000006,Typical Defensive Disruption,70.0,Balanced Aerial Volume,team_tactical_v1,False
2526,understat:28840,burnley,aston_villa,38,Established,52.5,Balanced Territorial Activity,25.0,Balanced Attacking Width,16.0,Cross Light,65.0,Balanced Creation,49.5,Balanced 1v1 Activity,63.0,Moderate Box Penetration,63.0,Typical Chance Creation,49.5,Mid Defensive Activity,13.500000000000002,Low Defensive Disruption,10.0,Aerial Light,team_tactical_v1,False
2526,understat:28841,brentford,manchester_city,38,Established,95.0,Advanced Attacking Activity,45.0,Balanced Attacking Width,19.0,Cross Light,85.0,Central Creation,80.5,Dribble Heavy,93.0,High Box Penetration,97.0,High Chance Creation,93.5,Advanced Defensive Activity,39.75,Typical Defensive Disruption,5.0,Aerial Light,team_tactical_v1,False
2526,understat:28841,manchester_city,brentford,38,Established,30.0,Balanced Territorial Activity,70.0,Balanced Attacking Width,70.5,Balanced Crossing,75.0,Balanced Creation,79.5,Balanced 1v1 Activity,73.0,Moderate Box Penetration,43.0,Typical Chance Creation,38.5,Mid Defensive Activity,59.5,Typical Defensive Disruption,85.0,Aerial Heavy,team_tactical_v1,False
2526,understat:28843,crystal_palace,everton,38,Established,65.0,Balanced Territorial Activity,65.0,Balanced Attacking Width,40.0,Balanced Crossing,30.0,Balanced Creation,50.0,Balanced 1v1 Activity,56.0,Moderate Box Penetration,40.0,Typical Chance Creation,56.0,Mid Defensive Activity,58.5,Typical Defensive Disruption,100.0,Aerial Heavy,team_tactical_v1,False
2526,understat:28843,everton,crystal_palace,38,Established,17.5,Deep Attacking Activity,5.0,Central Attacking Activity,28.5,Balanced Crossing,100.0,Central Creation,6.5,Dribble Light,66.0,Moderate Box Penetration,44.0,Typical Chance Creation,28.5,Mid Defensive Activity,63.60000000000001,Typical Defensive Disruption,95.0,Aerial Heavy,team_tactical_v1,False
2526,understat:28846,newcastle_united,nottingham_forest,38,Established,62.5,Balanced Territorial Activity,90.0,Wide Attacking Activity,90.5,Cross Heavy,5.0,Wide Creation,68.5,Balanced 1v1 Activity,27.0,Moderate Box Penetration,40.0,Typical Chance Creation,39.5,Mid Defensive Activity,58.300000000000004,Typical Defensive Disruption,35.0,Balanced Aerial Volume,team_tactical_v1,False
2526,understat:28846,nottingham_forest,newcastle_united,38,Established,82.5,Advanced Attacking Activity,60.0,Balanced Attacking Width,92.5,Cross Heavy,70.0,Balanced Creation,47.5,Balanced 1v1 Activity,76.0,Moderate Box Penetration,60.0,Typical Chance Creation,69.0,Mid Defensive Activity,39.95,Typical Defensive Disruption,65.0,Balanced Aerial Volume,team_tactical_v1,False
2526,understat:28847,brighton,wolverhampton_wanderers,38,Established,7.5,Deep Attacking Activity,55.0,Balanced Attacking Width,79.0,Balanced Crossing,20.0,Wide Creation,53.0,Balanced 1v1 Activity,16.0,Low Box Penetration,7.0,Low Chance Creation,8.0,Deep Defensive Activity,68.60000000000001,Typical Defensive Disruption,50.0,Balanced Aerial Volume,team_tactical_v1,False
2526,understat:28847,wolverhampton_wanderers,brighton,38,Established,65.0,Balanced Territorial Activity,35.0,Balanced Attacking Width,66.0,Balanced Crossing,80.0,Central Creation,54.0,Balanced 1v1 Activity,52.0,Moderate Box Penetration,59.0,Typical Chance Creation,93.0,Advanced Defensive Activity,71.80000000000001,Typical Defensive Disruption,30.0,Balanced Aerial Volume,team_tactical_v1,False
2526,understat:28848,brighton,newcastle_united,38,Established,82.5,Advanced Attacking Activity,60.0,Balanced Attacking Width,92.5,Cross Heavy,70.0,Balanced Creation,47.5,Balanced 1v1 Activity,76.0,Moderate Box Penetration,60.0,Typical Chance Creation,69.0,Mid Defensive Activity,39.95,Typical Defensive Disruption,65.0,Balanced Aerial Volume,team_tactical_v1,False
2526,understat:28848,newcastle_united,brighton,38,Established,65.0,Balanced Territorial Activity,35.0,Balanced Attacking Width,66.0,Balanced Crossing,80.0,Central Creation,54.0,Balanced 1v1 Activity,52.0,Moderate Box Penetration,59.0,Typical Chance Creation,93.0,Advanced Defensive Activity,71.80000000000001,Typical Defensive Disruption,30.0,Balanced Aerial Volume,team_tactical_v1,False
2526,understat:28849,burnley,leeds_united,38,Established,30.0,Balanced Territorial Activity,15.0,Central Attacking Activity,69.0,Balanced Crossing,95.0,Central Creation,45.0,Balanced 1v1 Activity,44.0,Moderate Box Penetration,49.0,Typical Chance Creation,68.5,Mid Defensive Activity,51.75000000000001,Typical Defensive Disruption,90.0,Aerial Heavy,team_tactical_v1,False
2526,understat:28849,leeds_united,burnley,38,Established,15.0,Deep Attacking Activity,95.0,Wide Attacking Activity,14.0,Cross Light,10.0,Wide Creation,31.5,Balanced 1v1 Activity,5.0,Low Box Penetration,8.0,Low Chance Creation,13.5,Deep Defensive Activity,54.900000000000006,Typical Defensive Disruption,70.0,Balanced Aerial Volume,team_tactical_v1,False
2526,understat:28850,bournemouth,crystal_palace,38,Established,17.5,Deep Attacking Activity,5.0,Central Attacking Activity,28.5,Balanced Crossing,100.0,Central Creation,6.5,Dribble Light,66.0,Moderate Box Penetration,44.0,Typical Chance Creation,28.5,Mid Defensive Activity,63.60000000000001,Typical Defensive Disruption,95.0,Aerial Heavy,team_tactical_v1,False
2526,understat:28850,crystal_palace,bournemouth,38,Established,70.0,Balanced Territorial Activity,30.0,Balanced Attacking Width,71.0,Balanced Crossing,90.0,Central Creation,85.5,Dribble Heavy,51.0,Moderate Box Penetration,72.0,Typical Chance Creation,64.5,Mid Defensive Activity,81.35,High Defensive Disruption,80.0,Aerial Heavy,team_tactical_v1,False
2526,understat:28851,arsenal,fulham,38,Established,42.5,Balanced Territorial Activity,80.0,Wide Attacking Activity,62.0,Balanced Crossing,55.0,Balanced Creation,21.5,Balanced 1v1 Activity,54.0,Moderate Box Penetration,45.0,Typical Chance Creation,19.0,Deep Defensive Activity,58.400000000000006,Typical Defensive Disruption,25.0,Balanced Aerial Volume,team_tactical_v1,False
2526,understat:28851,fulham,arsenal,38,Established,95.0,Advanced Attacking Activity,75.0,Balanced Attacking Width,36.0,Balanced Crossing,15.0,Wide Creation,50.0,Balanced 1v1 Activity,94.0,High Box Penetration,89.0,High Chance Creation,98.5,Advanced Defensive Activity,18.35,Low Defensive Disruption,40.0,Balanced Aerial Volume,team_tactical_v1,False
2526,understat:28853,everton,manchester_city,38,Established,95.0,Advanced Attacking Activity,45.0,Balanced Attacking Width,19.0,Cross Light,85.0,Central Creation,80.5,Dribble Heavy,93.0,High Box Penetration,97.0,High Chance Creation,93.5,Advanced Defensive Activity,39.75,Typical Defensive Disruption,5.0,Aerial Light,team_tactical_v1,False
2526,understat:28853,manchester_city,everton,38,Established,65.0,Balanced Territorial Activity,65.0,Balanced Attacking Width,40.0,Balanced Crossing,30.0,Balanced Creation,50.0,Balanced 1v1 Activity,56.0,Moderate Box Penetration,40.0,Typical Chance Creation,56.0,Mid Defensive Activity,58.5,Typical Defensive Disruption,100.0,Aerial Heavy,team_tactical_v1,False
2526,understat:28854,chelsea,nottingham_forest,38,Established,62.5,Balanced Territorial Activity,90.0,Wide Attacking Activity,90.5,Cross Heavy,5.0,Wide Creation,68.5,Balanced 1v1 Activity,27.0,Moderate Box Penetration,40.0,Typical Chance Creation,39.5,Mid Defensive Activity,58.300000000000004,Typical Defensive Disruption,35.0,Balanced Aerial Volume,team_tactical_v1,False
2526,understat:28854,nottingham_forest,chelsea,38,Established,62.5,Balanced Territorial Activity,20.0,Central Attacking Activity,42.5,Balanced Crossing,60.0,Balanced Creation,69.5,Balanced 1v1 Activity,41.0,Moderate Box Penetration,84.0,High Chance Creation,83.5,Advanced Defensive Activity,56.35,Typical Defensive Disruption,15.0,Aerial Light,team_tactical_v1,False
2526,understat:28855,sunderland,wolverhampton_wanderers,38,Established,7.5,Deep Attacking Activity,55.0,Balanced Attacking Width,79.0,Balanced Crossing,20.0,Wide Creation,53.0,Balanced 1v1 Activity,16.0,Low Box Penetration,7.0,Low Chance Creation,8.0,Deep Defensive Activity,68.60000000000001,Typical Defensive Disruption,50.0,Balanced Aerial Volume,team_tactical_v1,False
2526,understat:28855,wolverhampton_wanderers,sunderland,38,Established,40.0,Balanced Territorial Activity,50.0,Balanced Attacking Width,33.5,Balanced Crossing,45.0,Balanced Creation,23.5,Balanced 1v1 Activity,29.0,Moderate Box Penetration,15.0,Low Chance Creation,23.0,Mid Defensive Activity,25.150000000000002,Typical Defensive Disruption,75.0,Balanced Aerial Volume,team_tactical_v1,False
2526,understat:28852,liverpool,manchester_united,38,Established,72.5,Balanced Territorial Activity,10.0,Central Attacking Activity,30.5,Balanced Crossing,50.0,Balanced Creation,23.5,Balanced 1v1 Activity,67.0,Moderate Box Penetration,88.0,High Chance Creation,52.0,Mid Defensive Activity,75.05000000000001,Typical Defensive Disruption,55.0,Balanced Aerial Volume,team_tactical_v1,False
2526,understat:28852,manchester_united,liverpool,38,Established,95.0,Advanced Attacking Activity,40.0,Balanced Attacking Width,62.49999999999999,Balanced Crossing,35.0,Balanced Creation,60.99999999999999,Balanced 1v1 Activity,98.0,High Box Penetration,92.0,High Chance Creation,81.5,Advanced Defensive Activity,13.25,Low Defensive Disruption,20.0,Aerial Light,team_tactical_v1,False
2526,understat:28856,aston_villa,tottenham_hotspur,38,Established,40.0,Balanced Territorial Activity,85.0,Wide Attacking Activity,88.5,Cross Heavy,40.0,Balanced Creation,96.5,Dribble Heavy,29.0,Moderate Box Penetration,32.0,Typical Chance Creation,57.5,Mid Defensive Activity,80.2,High Defensive Disruption,60.0,Balanced Aerial Volume,team_tactical_v1,False
2526,understat:28856,tottenham_hotspur,aston_villa,38,Established,52.5,Balanced Territorial Activity,25.0,Balanced Attacking Width,16.0,Cross Light,65.0,Balanced Creation,49.5,Balanced 1v1 Activity,63.0,Moderate Box Penetration,63.0,Typical Chance Creation,49.5,Mid Defensive Activity,13.500000000000002,Low Defensive Disruption,10.0,Aerial Light,team_tactical_v1,False
2526,understat:28857,brentford,west_ham,38,Established,10.0,Deep Attacking Activity,100.0,Wide Attacking Activity,42.0,Balanced Crossing,25.0,Balanced Creation,53.5,Balanced 1v1 Activity,16.0,Low Box Penetration,29.0,Typical Chance Creation,13.0,Deep Defensive Activity,65.10000000000001,Typical Defensive Disruption,45.0,Balanced Aerial Volume,team_tactical_v1,False
2526,understat:28857,west_ham,brentford,38,Established,30.0,Balanced Territorial Activity,70.0,Balanced Attacking Width,70.5,Balanced Crossing,75.0,Balanced Creation,79.5,Balanced 1v1 Activity,73.0,Moderate Box Penetration,43.0,Typical Chance Creation,38.5,Mid Defensive Activity,59.5,Typical Defensive Disruption,85.0,Aerial Heavy,team_tactical_v1,False
2526,understat:28864,leeds_united,west_ham,38,Established,10.0,Deep Attacking Activity,100.0,Wide Attacking Activity,42.0,Balanced Crossing,25.0,Balanced Creation,53.5,Balanced 1v1 Activity,16.0,Low Box Penetration,29.0,Typical Chance Creation,13.0,Deep Defensive Activity,65.10000000000001,Typical Defensive Disruption,45.0,Balanced Aerial Volume,team_tactical_v1,False
2526,understat:28864,west_ham,leeds_united,38,Established,30.0,Balanced Territorial Activity,15.0,Central Attacking Activity,69.0,Balanced Crossing,95.0,Central Creation,45.0,Balanced 1v1 Activity,44.0,Moderate Box Penetration,49.0,Typical Chance Creation,68.5,Mid Defensive Activity,51.75000000000001,Typical Defensive Disruption,90.0,Aerial Heavy,team_tactical_v1,False
2526,understat:28861,brentford,liverpool,38,Established,95.0,Advanced Attacking Activity,40.0,Balanced Attacking Width,62.49999999999999,Balanced Crossing,35.0,Balanced Creation,60.99999999999999,Balanced 1v1 Activity,98.0,High Box Penetration,92.0,High Chance Creation,81.5,Advanced Defensive Activity,13.25,Low Defensive Disruption,20.0,Aerial Light,team_tactical_v1,False
2526,understat:28861,liverpool,brentford,38,Established,30.0,Balanced Territorial Activity,70.0,Balanced Attacking Width,70.5,Balanced Crossing,75.0,Balanced Creation,79.5,Balanced 1v1 Activity,73.0,Moderate Box Penetration,43.0,Typical Chance Creation,38.5,Mid Defensive Activity,59.5,Typical Defensive Disruption,85.0,Aerial Heavy,team_tactical_v1,False
2526,understat:28862,chelsea,sunderland,38,Established,40.0,Balanced Territorial Activity,50.0,Balanced Attacking Width,33.5,Balanced Crossing,45.0,Balanced Creation,23.5,Balanced 1v1 Activity,29.0,Moderate Box Penetration,15.0,Low Chance Creation,23.0,Mid Defensive Activity,25.150000000000002,Typical Defensive Disruption,75.0,Balanced Aerial Volume,team_tactical_v1,False
2526,understat:28862,sunderland,chelsea,38,Established,62.5,Balanced Territorial Activity,20.0,Central Attacking Activity,42.5,Balanced Crossing,60.0,Balanced Creation,69.5,Balanced 1v1 Activity,41.0,Moderate Box Penetration,84.0,High Chance Creation,83.5,Advanced Defensive Activity,56.35,Typical Defensive Disruption,15.0,Aerial Light,team_tactical_v1,False
2526,understat:28865,brighton,manchester_united,38,Established,72.5,Balanced Territorial Activity,10.0,Central Attacking Activity,30.5,Balanced Crossing,50.0,Balanced Creation,23.5,Balanced 1v1 Activity,67.0,Moderate Box Penetration,88.0,High Chance Creation,52.0,Mid Defensive Activity,75.05000000000001,Typical Defensive Disruption,55.0,Balanced Aerial Volume,team_tactical_v1,False
2526,understat:28865,manchester_united,brighton,38,Established,65.0,Balanced Territorial Activity,35.0,Balanced Attacking Width,66.0,Balanced Crossing,80.0,Central Creation,54.0,Balanced 1v1 Activity,52.0,Moderate Box Penetration,59.0,Typical Chance Creation,93.0,Advanced Defensive Activity,71.80000000000001,Typical Defensive Disruption,30.0,Balanced Aerial Volume,team_tactical_v1,False
2526,understat:28866,fulham,newcastle_united,38,Established,82.5,Advanced Attacking Activity,60.0,Balanced Attacking Width,92.5,Cross Heavy,70.0,Balanced Creation,47.5,Balanced 1v1 Activity,76.0,Moderate Box Penetration,60.0,Typical Chance Creation,69.0,Mid Defensive Activity,39.95,Typical Defensive Disruption,65.0,Balanced Aerial Volume,team_tactical_v1,False
2526,understat:28866,newcastle_united,fulham,38,Established,42.5,Balanced Territorial Activity,80.0,Wide Attacking Activity,62.0,Balanced Crossing,55.0,Balanced Creation,21.5,Balanced 1v1 Activity,54.0,Moderate Box Penetration,45.0,Typical Chance Creation,19.0,Deep Defensive Activity,58.400000000000006,Typical Defensive Disruption,25.0,Balanced Aerial Volume,team_tactical_v1,False
2526,understat:28858,bournemouth,nottingham_forest,38,Established,62.5,Balanced Territorial Activity,90.0,Wide Attacking Activity,90.5,Cross Heavy,5.0,Wide Creation,68.5,Balanced 1v1 Activity,27.0,Moderate Box Penetration,40.0,Typical Chance Creation,39.5,Mid Defensive Activity,58.300000000000004,Typical Defensive Disruption,35.0,Balanced Aerial Volume,team_tactical_v1,False
2526,understat:28858,nottingham_forest,bournemouth,38,Established,70.0,Balanced Territorial Activity,30.0,Balanced Attacking Width,71.0,Balanced Crossing,90.0,Central Creation,85.5,Dribble Heavy,51.0,Moderate Box Penetration,72.0,Typical Chance Creation,64.5,Mid Defensive Activity,81.35,High Defensive Disruption,80.0,Aerial Heavy,team_tactical_v1,False
2526,understat:28859,arsenal,crystal_palace,38,Established,17.5,Deep Attacking Activity,5.0,Central Attacking Activity,28.5,Balanced Crossing,100.0,Central Creation,6.5,Dribble Light,66.0,Moderate Box Penetration,44.0,Typical Chance Creation,28.5,Mid Defensive Activity,63.60000000000001,Typical Defensive Disruption,95.0,Aerial Heavy,team_tactical_v1,False
2526,understat:28859,crystal_palace,arsenal,38,Established,95.0,Advanced Attacking Activity,75.0,Balanced Attacking Width,36.0,Balanced Crossing,15.0,Wide Creation,50.0,Balanced 1v1 Activity,94.0,High Box Penetration,89.0,High Chance Creation,98.5,Advanced Defensive Activity,18.35,Low Defensive Disruption,40.0,Balanced Aerial Volume,team_tactical_v1,False
2526,understat:28860,aston_villa,manchester_city,38,Established,95.0,Advanced Attacking Activity,45.0,Balanced Attacking Width,19.0,Cross Light,85.0,Central Creation,80.5,Dribble Heavy,93.0,High Box Penetration,97.0,High Chance Creation,93.5,Advanced Defensive Activity,39.75,Typical Defensive Disruption,5.0,Aerial Light,team_tactical_v1,False
2526,understat:28860,manchester_city,aston_villa,38,Established,52.5,Balanced Territorial Activity,25.0,Balanced Attacking Width,16.0,Cross Light,65.0,Balanced Creation,49.5,Balanced 1v1 Activity,63.0,Moderate Box Penetration,63.0,Typical Chance Creation,49.5,Mid Defensive Activity,13.500000000000002,Low Defensive Disruption,10.0,Aerial Light,team_tactical_v1,False
2526,understat:28863,everton,tottenham_hotspur,38,Established,40.0,Balanced Territorial Activity,85.0,Wide Attacking Activity,88.5,Cross Heavy,40.0,Balanced Creation,96.5,Dribble Heavy,29.0,Moderate Box Penetration,32.0,Typical Chance Creation,57.5,Mid Defensive Activity,80.2,High Defensive Disruption,60.0,Balanced Aerial Volume,team_tactical_v1,False
2526,understat:28863,tottenham_hotspur,everton,38,Established,65.0,Balanced Territorial Activity,65.0,Balanced Attacking Width,40.0,Balanced Crossing,30.0,Balanced Creation,50.0,Balanced 1v1 Activity,56.0,Moderate Box Penetration,40.0,Typical Chance Creation,56.0,Mid Defensive Activity,58.5,Typical Defensive Disruption,100.0,Aerial Heavy,team_tactical_v1,False
2526,understat:28867,burnley,wolverhampton_wanderers,38,Established,7.5,Deep Attacking Activity,55.0,Balanced Attacking Width,79.0,Balanced Crossing,20.0,Wide Creation,53.0,Balanced 1v1 Activity,16.0,Low Box Penetration,7.0,Low Chance Creation,8.0,Deep Defensive Activity,68.60000000000001,Typical Defensive Disruption,50.0,Balanced Aerial Volume,team_tactical_v1,False
2526,understat:28867,wolverhampton_wanderers,burnley,38,Established,15.0,Deep Attacking Activity,95.0,Wide Attacking Activity,14.0,Cross Light,10.0,Wide Creation,31.5,Balanced 1v1 Activity,5.0,Low Box Penetration,8.0,Low Chance Creation,13.5,Deep Defensive Activity,54.900000000000006,Typical Defensive Disruption,70.0,Balanced Aerial Volume,team_tactical_v1,False
2526,understat:28868,brighton,leeds_united,38,Established,30.0,Balanced Territorial Activity,15.0,Central Attacking Activity,69.0,Balanced Crossing,95.0,Central Creation,45.0,Balanced 1v1 Activity,44.0,Moderate Box Penetration,49.0,Typical Chance Creation,68.5,Mid Defensive Activity,51.75000000000001,Typical Defensive Disruption,90.0,Aerial Heavy,team_tactical_v1,False
2526,understat:28868,leeds_united,brighton,38,Established,65.0,Balanced Territorial Activity,35.0,Balanced Attacking Width,66.0,Balanced Crossing,80.0,Central Creation,54.0,Balanced 1v1 Activity,52.0,Moderate Box Penetration,59.0,Typical Chance Creation,93.0,Advanced Defensive Activity,71.80000000000001,Typical Defensive Disruption,30.0,Balanced Aerial Volume,team_tactical_v1,False
2526,understat:28869,arsenal,burnley,38,Established,15.0,Deep Attacking Activity,95.0,Wide Attacking Activity,14.0,Cross Light,10.0,Wide Creation,31.5,Balanced 1v1 Activity,5.0,Low Box Penetration,8.0,Low Chance Creation,13.5,Deep Defensive Activity,54.900000000000006,Typical Defensive Disruption,70.0,Balanced Aerial Volume,team_tactical_v1,False
2526,understat:28869,burnley,arsenal,38,Established,95.0,Advanced Attacking Activity,75.0,Balanced Attacking Width,36.0,Balanced Crossing,15.0,Wide Creation,50.0,Balanced 1v1 Activity,94.0,High Box Penetration,89.0,High Chance Creation,98.5,Advanced Defensive Activity,18.35,Low Defensive Disruption,40.0,Balanced Aerial Volume,team_tactical_v1,False
2526,understat:28870,brentford,crystal_palace,38,Established,17.5,Deep Attacking Activity,5.0,Central Attacking Activity,28.5,Balanced Crossing,100.0,Central Creation,6.5,Dribble Light,66.0,Moderate Box Penetration,44.0,Typical Chance Creation,28.5,Mid Defensive Activity,63.60000000000001,Typical Defensive Disruption,95.0,Aerial Heavy,team_tactical_v1,False
2526,understat:28870,crystal_palace,brentford,38,Established,30.0,Balanced Territorial Activity,70.0,Balanced Attacking Width,70.5,Balanced Crossing,75.0,Balanced Creation,79.5,Balanced 1v1 Activity,73.0,Moderate Box Penetration,43.0,Typical Chance Creation,38.5,Mid Defensive Activity,59.5,Typical Defensive Disruption,85.0,Aerial Heavy,team_tactical_v1,False
2526,understat:28871,fulham,wolverhampton_wanderers,38,Established,7.5,Deep Attacking Activity,55.0,Balanced Attacking Width,79.0,Balanced Crossing,20.0,Wide Creation,53.0,Balanced 1v1 Activity,16.0,Low Box Penetration,7.0,Low Chance Creation,8.0,Deep Defensive Activity,68.60000000000001,Typical Defensive Disruption,50.0,Balanced Aerial Volume,team_tactical_v1,False
2526,understat:28871,wolverhampton_wanderers,fulham,38,Established,42.5,Balanced Territorial Activity,80.0,Wide Attacking Activity,62.0,Balanced Crossing,55.0,Balanced Creation,21.5,Balanced 1v1 Activity,54.0,Moderate Box Penetration,45.0,Typical Chance Creation,19.0,Deep Defensive Activity,58.400000000000006,Typical Defensive Disruption,25.0,Balanced Aerial Volume,team_tactical_v1,False
2526,understat:28872,aston_villa,liverpool,38,Established,95.0,Advanced Attacking Activity,40.0,Balanced Attacking Width,62.49999999999999,Balanced Crossing,35.0,Balanced Creation,60.99999999999999,Balanced 1v1 Activity,98.0,High Box Penetration,92.0,High Chance Creation,81.5,Advanced Defensive Activity,13.25,Low Defensive Disruption,20.0,Aerial Light,team_tactical_v1,False
2526,understat:28872,liverpool,aston_villa,38,Established,52.5,Balanced Territorial Activity,25.0,Balanced Attacking Width,16.0,Cross Light,65.0,Balanced Creation,49.5,Balanced 1v1 Activity,63.0,Moderate Box Penetration,63.0,Typical Chance Creation,49.5,Mid Defensive Activity,13.500000000000002,Low Defensive Disruption,10.0,Aerial Light,team_tactical_v1,False
2526,understat:28874,manchester_united,nottingham_forest,38,Established,62.5,Balanced Territorial Activity,90.0,Wide Attacking Activity,90.5,Cross Heavy,5.0,Wide Creation,68.5,Balanced 1v1 Activity,27.0,Moderate Box Penetration,40.0,Typical Chance Creation,39.5,Mid Defensive Activity,58.300000000000004,Typical Defensive Disruption,35.0,Balanced Aerial Volume,team_tactical_v1,False
2526,understat:28874,nottingham_forest,manchester_united,38,Established,72.5,Balanced Territorial Activity,10.0,Central Attacking Activity,30.5,Balanced Crossing,50.0,Balanced Creation,23.5,Balanced 1v1 Activity,67.0,Moderate Box Penetration,88.0,High Chance Creation,52.0,Mid Defensive Activity,75.05000000000001,Typical Defensive Disruption,55.0,Balanced Aerial Volume,team_tactical_v1,False
2526,understat:28876,chelsea,tottenham_hotspur,38,Established,40.0,Balanced Territorial Activity,85.0,Wide Attacking Activity,88.5,Cross Heavy,40.0,Balanced Creation,96.5,Dribble Heavy,29.0,Moderate Box Penetration,32.0,Typical Chance Creation,57.5,Mid Defensive Activity,80.2,High Defensive Disruption,60.0,Balanced Aerial Volume,team_tactical_v1,False
2526,understat:28876,tottenham_hotspur,chelsea,38,Established,62.5,Balanced Territorial Activity,20.0,Central Attacking Activity,42.5,Balanced Crossing,60.0,Balanced Creation,69.5,Balanced 1v1 Activity,41.0,Moderate Box Penetration,84.0,High Chance Creation,83.5,Advanced Defensive Activity,56.35,Typical Defensive Disruption,15.0,Aerial Light,team_tactical_v1,False
2526,understat:28873,bournemouth,manchester_city,38,Established,95.0,Advanced Attacking Activity,45.0,Balanced Attacking Width,19.0,Cross Light,85.0,Central Creation,80.5,Dribble Heavy,93.0,High Box Penetration,97.0,High Chance Creation,93.5,Advanced Defensive Activity,39.75,Typical Defensive Disruption,5.0,Aerial Light,team_tactical_v1,False
2526,understat:28873,manchester_city,bournemouth,38,Established,70.0,Balanced Territorial Activity,30.0,Balanced Attacking Width,71.0,Balanced Crossing,90.0,Central Creation,85.5,Dribble Heavy,51.0,Moderate Box Penetration,72.0,Typical Chance Creation,64.5,Mid Defensive Activity,81.35,High Defensive Disruption,80.0,Aerial Heavy,team_tactical_v1,False
2526,understat:28877,newcastle_united,west_ham,38,Established,10.0,Deep Attacking Activity,100.0,Wide Attacking Activity,42.0,Balanced Crossing,25.0,Balanced Creation,53.5,Balanced 1v1 Activity,16.0,Low Box Penetration,29.0,Typical Chance Creation,13.0,Deep Defensive Activity,65.10000000000001,Typical Defensive Disruption,45.0,Balanced Aerial Volume,team_tactical_v1,False
2526,understat:28877,west_ham,newcastle_united,38,Established,82.5,Advanced Attacking Activity,60.0,Balanced Attacking Width,92.5,Cross Heavy,70.0,Balanced Creation,47.5,Balanced 1v1 Activity,76.0,Moderate Box Penetration,60.0,Typical Chance Creation,69.0,Mid Defensive Activity,39.95,Typical Defensive Disruption,65.0,Balanced Aerial Volume,team_tactical_v1,False
2526,understat:28875,everton,sunderland,38,Established,40.0,Balanced Territorial Activity,50.0,Balanced Attacking Width,33.5,Balanced Crossing,45.0,Balanced Creation,23.5,Balanced 1v1 Activity,29.0,Moderate Box Penetration,15.0,Low Chance Creation,23.0,Mid Defensive Activity,25.150000000000002,Typical Defensive Disruption,75.0,Balanced Aerial Volume,team_tactical_v1,False
2526,understat:28875,sunderland,everton,38,Established,65.0,Balanced Territorial Activity,65.0,Balanced Attacking Width,40.0,Balanced Crossing,30.0,Balanced Creation,50.0,Balanced 1v1 Activity,56.0,Moderate Box Penetration,40.0,Typical Chance Creation,56.0,Mid Defensive Activity,58.5,Typical Defensive Disruption,100.0,Aerial Heavy,team_tactical_v1,False
2526,understat:28880,chelsea,wolverhampton_wanderers,38,Established,7.5,Deep Attacking Activity,55.0,Balanced Attacking Width,79.0,Balanced Crossing,20.0,Wide Creation,53.0,Balanced 1v1 Activity,16.0,Low Box Penetration,7.0,Low Chance Creation,8.0,Deep Defensive Activity,68.60000000000001,Typical Defensive Disruption,50.0,Balanced Aerial Volume,team_tactical_v1,False
2526,understat:28880,wolverhampton_wanderers,chelsea,38,Established,62.5,Balanced Territorial Activity,20.0,Central Attacking Activity,42.5,Balanced Crossing,60.0,Balanced Creation,69.5,Balanced 1v1 Activity,41.0,Moderate Box Penetration,84.0,High Chance Creation,83.5,Advanced Defensive Activity,56.35,Typical Defensive Disruption,15.0,Aerial Light,team_tactical_v1,False
2526,understat:28882,everton,fulham,38,Established,42.5,Balanced Territorial Activity,80.0,Wide Attacking Activity,62.0,Balanced Crossing,55.0,Balanced Creation,21.5,Balanced 1v1 Activity,54.0,Moderate Box Penetration,45.0,Typical Chance Creation,19.0,Deep Defensive Activity,58.400000000000006,Typical Defensive Disruption,25.0,Balanced Aerial Volume,team_tactical_v1,False
2526,understat:28882,fulham,everton,38,Established,65.0,Balanced Territorial Activity,65.0,Balanced Attacking Width,40.0,Balanced Crossing,30.0,Balanced Creation,50.0,Balanced 1v1 Activity,56.0,Moderate Box Penetration,40.0,Typical Chance Creation,56.0,Mid Defensive Activity,58.5,Typical Defensive Disruption,100.0,Aerial Heavy,team_tactical_v1,False
2526,understat:28885,arsenal,sunderland,38,Established,40.0,Balanced Territorial Activity,50.0,Balanced Attacking Width,33.5,Balanced Crossing,45.0,Balanced Creation,23.5,Balanced 1v1 Activity,29.0,Moderate Box Penetration,15.0,Low Chance Creation,23.0,Mid Defensive Activity,25.150000000000002,Typical Defensive Disruption,75.0,Balanced Aerial Volume,team_tactical_v1,False
2526,understat:28885,sunderland,arsenal,38,Established,95.0,Advanced Attacking Activity,75.0,Balanced Attacking Width,36.0,Balanced Crossing,15.0,Wide Creation,50.0,Balanced 1v1 Activity,94.0,High Box Penetration,89.0,High Chance Creation,98.5,Advanced Defensive Activity,18.35,Low Defensive Disruption,40.0,Balanced Aerial Volume,team_tactical_v1,False
2526,understat:28886,manchester_united,tottenham_hotspur,38,Established,40.0,Balanced Territorial Activity,85.0,Wide Attacking Activity,88.5,Cross Heavy,40.0,Balanced Creation,96.5,Dribble Heavy,29.0,Moderate Box Penetration,32.0,Typical Chance Creation,57.5,Mid Defensive Activity,80.2,High Defensive Disruption,60.0,Balanced Aerial Volume,team_tactical_v1,False
2526,understat:28886,tottenham_hotspur,manchester_united,38,Established,72.5,Balanced Territorial Activity,10.0,Central Attacking Activity,30.5,Balanced Crossing,50.0,Balanced Creation,23.5,Balanced 1v1 Activity,67.0,Moderate Box Penetration,88.0,High Chance Creation,52.0,Mid Defensive Activity,75.05000000000001,Typical Defensive Disruption,55.0,Balanced Aerial Volume,team_tactical_v1,False
2526,understat:28887,burnley,west_ham,38,Established,10.0,Deep Attacking Activity,100.0,Wide Attacking Activity,42.0,Balanced Crossing,25.0,Balanced Creation,53.5,Balanced 1v1 Activity,16.0,Low Box Penetration,29.0,Typical Chance Creation,13.0,Deep Defensive Activity,65.10000000000001,Typical Defensive Disruption,45.0,Balanced Aerial Volume,team_tactical_v1,False
2526,understat:28887,west_ham,burnley,38,Established,15.0,Deep Attacking Activity,95.0,Wide Attacking Activity,14.0,Cross Light,10.0,Wide Creation,31.5,Balanced 1v1 Activity,5.0,Low Box Penetration,8.0,Low Chance Creation,13.5,Deep Defensive Activity,54.900000000000006,Typical Defensive Disruption,70.0,Balanced Aerial Volume,team_tactical_v1,False
2526,understat:28878,aston_villa,bournemouth,38,Established,70.0,Balanced Territorial Activity,30.0,Balanced Attacking Width,71.0,Balanced Crossing,90.0,Central Creation,85.5,Dribble Heavy,51.0,Moderate Box Penetration,72.0,Typical Chance Creation,64.5,Mid Defensive Activity,81.35,High Defensive Disruption,80.0,Aerial Heavy,team_tactical_v1,False
2526,understat:28878,bournemouth,aston_villa,38,Established,52.5,Balanced Territorial Activity,25.0,Balanced Attacking Width,16.0,Cross Light,65.0,Balanced Creation,49.5,Balanced 1v1 Activity,63.0,Moderate Box Penetration,63.0,Typical Chance Creation,49.5,Mid Defensive Activity,13.500000000000002,Low Defensive Disruption,10.0,Aerial Light,team_tactical_v1,False
2526,understat:28879,brentford,newcastle_united,38,Established,82.5,Advanced Attacking Activity,60.0,Balanced Attacking Width,92.5,Cross Heavy,70.0,Balanced Creation,47.5,Balanced 1v1 Activity,76.0,Moderate Box Penetration,60.0,Typical Chance Creation,69.0,Mid Defensive Activity,39.95,Typical Defensive Disruption,65.0,Balanced Aerial Volume,team_tactical_v1,False
2526,understat:28879,newcastle_united,brentford,38,Established,30.0,Balanced Territorial Activity,70.0,Balanced Attacking Width,70.5,Balanced Crossing,75.0,Balanced Creation,79.5,Balanced 1v1 Activity,73.0,Moderate Box Penetration,43.0,Typical Chance Creation,38.5,Mid Defensive Activity,59.5,Typical Defensive Disruption,85.0,Aerial Heavy,team_tactical_v1,False
2526,understat:28881,brighton,crystal_palace,38,Established,17.5,Deep Attacking Activity,5.0,Central Attacking Activity,28.5,Balanced Crossing,100.0,Central Creation,6.5,Dribble Light,66.0,Moderate Box Penetration,44.0,Typical Chance Creation,28.5,Mid Defensive Activity,63.60000000000001,Typical Defensive Disruption,95.0,Aerial Heavy,team_tactical_v1,False
2526,understat:28881,crystal_palace,brighton,38,Established,65.0,Balanced Territorial Activity,35.0,Balanced Attacking Width,66.0,Balanced Crossing,80.0,Central Creation,54.0,Balanced 1v1 Activity,52.0,Moderate Box Penetration,59.0,Typical Chance Creation,93.0,Advanced Defensive Activity,71.80000000000001,Typical Defensive Disruption,30.0,Balanced Aerial Volume,team_tactical_v1,False
2526,understat:28883,liverpool,manchester_city,38,Established,95.0,Advanced Attacking Activity,45.0,Balanced Attacking Width,19.0,Cross Light,85.0,Central Creation,80.5,Dribble Heavy,93.0,High Box Penetration,97.0,High Chance Creation,93.5,Advanced Defensive Activity,39.75,Typical Defensive Disruption,5.0,Aerial Light,team_tactical_v1,False
2526,understat:28883,manchester_city,liverpool,38,Established,95.0,Advanced Attacking Activity,40.0,Balanced Attacking Width,62.49999999999999,Balanced Crossing,35.0,Balanced Creation,60.99999999999999,Balanced 1v1 Activity,98.0,High Box Penetration,92.0,High Chance Creation,81.5,Advanced Defensive Activity,13.25,Low Defensive Disruption,20.0,Aerial Light,team_tactical_v1,False
2526,understat:28884,leeds_united,nottingham_forest,38,Established,62.5,Balanced Territorial Activity,90.0,Wide Attacking Activity,90.5,Cross Heavy,5.0,Wide Creation,68.5,Balanced 1v1 Activity,27.0,Moderate Box Penetration,40.0,Typical Chance Creation,39.5,Mid Defensive Activity,58.300000000000004,Typical Defensive Disruption,35.0,Balanced Aerial Volume,team_tactical_v1,False
2526,understat:28884,nottingham_forest,leeds_united,38,Established,30.0,Balanced Territorial Activity,15.0,Central Attacking Activity,69.0,Balanced Crossing,95.0,Central Creation,45.0,Balanced 1v1 Activity,44.0,Moderate Box Penetration,49.0,Typical Chance Creation,68.5,Mid Defensive Activity,51.75000000000001,Typical Defensive Disruption,90.0,Aerial Heavy,team_tactical_v1,False
2526,understat:28888,bournemouth,west_ham,38,Established,10.0,Deep Attacking Activity,100.0,Wide Attacking Activity,42.0,Balanced Crossing,25.0,Balanced Creation,53.5,Balanced 1v1 Activity,16.0,Low Box Penetration,29.0,Typical Chance Creation,13.0,Deep Defensive Activity,65.10000000000001,Typical Defensive Disruption,45.0,Balanced Aerial Volume,team_tactical_v1,False
2526,understat:28888,west_ham,bournemouth,38,Established,70.0,Balanced Territorial Activity,30.0,Balanced Attacking Width,71.0,Balanced Crossing,90.0,Central Creation,85.5,Dribble Heavy,51.0,Moderate Box Penetration,72.0,Typical Chance Creation,64.5,Mid Defensive Activity,81.35,High Defensive Disruption,80.0,Aerial Heavy,team_tactical_v1,False
2526,understat:28890,brentford,brighton,38,Established,65.0,Balanced Territorial Activity,35.0,Balanced Attacking Width,66.0,Balanced Crossing,80.0,Central Creation,54.0,Balanced 1v1 Activity,52.0,Moderate Box Penetration,59.0,Typical Chance Creation,93.0,Advanced Defensive Activity,71.80000000000001,Typical Defensive Disruption,30.0,Balanced Aerial Volume,team_tactical_v1,False
2526,understat:28890,brighton,brentford,38,Established,30.0,Balanced Territorial Activity,70.0,Balanced Attacking Width,70.5,Balanced Crossing,75.0,Balanced Creation,79.5,Balanced 1v1 Activity,73.0,Moderate Box Penetration,43.0,Typical Chance Creation,38.5,Mid Defensive Activity,59.5,Typical Defensive Disruption,85.0,Aerial Heavy,team_tactical_v1,False
2526,understat:28891,burnley,chelsea,38,Established,62.5,Balanced Territorial Activity,20.0,Central Attacking Activity,42.5,Balanced Crossing,60.0,Balanced Creation,69.5,Balanced 1v1 Activity,41.0,Moderate Box Penetration,84.0,High Chance Creation,83.5,Advanced Defensive Activity,56.35,Typical Defensive Disruption,15.0,Aerial Light,team_tactical_v1,False
2526,understat:28891,chelsea,burnley,38,Established,15.0,Deep Attacking Activity,95.0,Wide Attacking Activity,14.0,Cross Light,10.0,Wide Creation,31.5,Balanced 1v1 Activity,5.0,Low Box Penetration,8.0,Low Chance Creation,13.5,Deep Defensive Activity,54.900000000000006,Typical Defensive Disruption,70.0,Balanced Aerial Volume,team_tactical_v1,False
2526,understat:28892,fulham,sunderland,38,Established,40.0,Balanced Territorial Activity,50.0,Balanced Attacking Width,33.5,Balanced Crossing,45.0,Balanced Creation,23.5,Balanced 1v1 Activity,29.0,Moderate Box Penetration,15.0,Low Chance Creation,23.0,Mid Defensive Activity,25.150000000000002,Typical Defensive Disruption,75.0,Balanced Aerial Volume,team_tactical_v1,False
2526,understat:28892,sunderland,fulham,38,Established,42.5,Balanced Territorial Activity,80.0,Wide Attacking Activity,62.0,Balanced Crossing,55.0,Balanced Creation,21.5,Balanced 1v1 Activity,54.0,Moderate Box Penetration,45.0,Typical Chance Creation,19.0,Deep Defensive Activity,58.400000000000006,Typical Defensive Disruption,25.0,Balanced Aerial Volume,team_tactical_v1,False
2526,understat:28894,liverpool,nottingham_forest,38,Established,62.5,Balanced Territorial Activity,90.0,Wide Attacking Activity,90.5,Cross Heavy,5.0,Wide Creation,68.5,Balanced 1v1 Activity,27.0,Moderate Box Penetration,40.0,Typical Chance Creation,39.5,Mid Defensive Activity,58.300000000000004,Typical Defensive Disruption,35.0,Balanced Aerial Volume,team_tactical_v1,False
2526,understat:28894,nottingham_forest,liverpool,38,Established,95.0,Advanced Attacking Activity,40.0,Balanced Attacking Width,62.49999999999999,Balanced Crossing,35.0,Balanced Creation,60.99999999999999,Balanced 1v1 Activity,98.0,High Box Penetration,92.0,High Chance Creation,81.5,Advanced Defensive Activity,13.25,Low Defensive Disruption,20.0,Aerial Light,team_tactical_v1,False
2526,understat:28896,manchester_city,newcastle_united,38,Established,82.5,Advanced Attacking Activity,60.0,Balanced Attacking Width,92.5,Cross Heavy,70.0,Balanced Creation,47.5,Balanced 1v1 Activity,76.0,Moderate Box Penetration,60.0,Typical Chance Creation,69.0,Mid Defensive Activity,39.95,Typical Defensive Disruption,65.0,Balanced Aerial Volume,team_tactical_v1,False
2526,understat:28896,newcastle_united,manchester_city,38,Established,95.0,Advanced Attacking Activity,45.0,Balanced Attacking Width,19.0,Cross Light,85.0,Central Creation,80.5,Dribble Heavy,93.0,High Box Penetration,97.0,High Chance Creation,93.5,Advanced Defensive Activity,39.75,Typical Defensive Disruption,5.0,Aerial Light,team_tactical_v1,False
2526,understat:28897,crystal_palace,wolverhampton_wanderers,38,Established,7.5,Deep Attacking Activity,55.0,Balanced Attacking Width,79.0,Balanced Crossing,20.0,Wide Creation,53.0,Balanced 1v1 Activity,16.0,Low Box Penetration,7.0,Low Chance Creation,8.0,Deep Defensive Activity,68.60000000000001,Typical Defensive Disruption,50.0,Balanced Aerial Volume,team_tactical_v1,False
2526,understat:28897,wolverhampton_wanderers,crystal_palace,38,Established,17.5,Deep Attacking Activity,5.0,Central Attacking Activity,28.5,Balanced Crossing,100.0,Central Creation,6.5,Dribble Light,66.0,Moderate Box Penetration,44.0,Typical Chance Creation,28.5,Mid Defensive Activity,63.60000000000001,Typical Defensive Disruption,95.0,Aerial Heavy,team_tactical_v1,False
2526,understat:28889,arsenal,tottenham_hotspur,38,Established,40.0,Balanced Territorial Activity,85.0,Wide Attacking Activity,88.5,Cross Heavy,40.0,Balanced Creation,96.5,Dribble Heavy,29.0,Moderate Box Penetration,32.0,Typical Chance Creation,57.5,Mid Defensive Activity,80.2,High Defensive Disruption,60.0,Balanced Aerial Volume,team_tactical_v1,False
2526,understat:28889,tottenham_hotspur,arsenal,38,Established,95.0,Advanced Attacking Activity,75.0,Balanced Attacking Width,36.0,Balanced Crossing,15.0,Wide Creation,50.0,Balanced 1v1 Activity,94.0,High Box Penetration,89.0,High Chance Creation,98.5,Advanced Defensive Activity,18.35,Low Defensive Disruption,40.0,Balanced Aerial Volume,team_tactical_v1,False
2526,understat:28893,aston_villa,leeds_united,38,Established,30.0,Balanced Territorial Activity,15.0,Central Attacking Activity,69.0,Balanced Crossing,95.0,Central Creation,45.0,Balanced 1v1 Activity,44.0,Moderate Box Penetration,49.0,Typical Chance Creation,68.5,Mid Defensive Activity,51.75000000000001,Typical Defensive Disruption,90.0,Aerial Heavy,team_tactical_v1,False
2526,understat:28893,leeds_united,aston_villa,38,Established,52.5,Balanced Territorial Activity,25.0,Balanced Attacking Width,16.0,Cross Light,65.0,Balanced Creation,49.5,Balanced 1v1 Activity,63.0,Moderate Box Penetration,63.0,Typical Chance Creation,49.5,Mid Defensive Activity,13.500000000000002,Low Defensive Disruption,10.0,Aerial Light,team_tactical_v1,False
2526,understat:28895,everton,manchester_united,38,Established,72.5,Balanced Territorial Activity,10.0,Central Attacking Activity,30.5,Balanced Crossing,50.0,Balanced Creation,23.5,Balanced 1v1 Activity,67.0,Moderate Box Penetration,88.0,High Chance Creation,52.0,Mid Defensive Activity,75.05000000000001,Typical Defensive Disruption,55.0,Balanced Aerial Volume,team_tactical_v1,False
2526,understat:28895,manchester_united,everton,38,Established,65.0,Balanced Territorial Activity,65.0,Balanced Attacking Width,40.0,Balanced Crossing,30.0,Balanced Creation,50.0,Balanced 1v1 Activity,56.0,Moderate Box Penetration,40.0,Typical Chance Creation,56.0,Mid Defensive Activity,58.5,Typical Defensive Disruption,100.0,Aerial Heavy,team_tactical_v1,False
2526,understat:28899,brentford,burnley,38,Established,15.0,Deep Attacking Activity,95.0,Wide Attacking Activity,14.0,Cross Light,10.0,Wide Creation,31.5,Balanced 1v1 Activity,5.0,Low Box Penetration,8.0,Low Chance Creation,13.5,Deep Defensive Activity,54.900000000000006,Typical Defensive Disruption,70.0,Balanced Aerial Volume,team_tactical_v1,False
2526,understat:28899,burnley,brentford,38,Established,30.0,Balanced Territorial Activity,70.0,Balanced Attacking Width,70.5,Balanced Crossing,75.0,Balanced Creation,79.5,Balanced 1v1 Activity,73.0,Moderate Box Penetration,43.0,Typical Chance Creation,38.5,Mid Defensive Activity,59.5,Typical Defensive Disruption,85.0,Aerial Heavy,team_tactical_v1,False
2526,understat:28902,everton,newcastle_united,38,Established,82.5,Advanced Attacking Activity,60.0,Balanced Attacking Width,92.5,Cross Heavy,70.0,Balanced Creation,47.5,Balanced 1v1 Activity,76.0,Moderate Box Penetration,60.0,Typical Chance Creation,69.0,Mid Defensive Activity,39.95,Typical Defensive Disruption,65.0,Balanced Aerial Volume,team_tactical_v1,False
2526,understat:28902,newcastle_united,everton,38,Established,65.0,Balanced Territorial Activity,65.0,Balanced Attacking Width,40.0,Balanced Crossing,30.0,Balanced Creation,50.0,Balanced 1v1 Activity,56.0,Moderate Box Penetration,40.0,Typical Chance Creation,56.0,Mid Defensive Activity,58.5,Typical Defensive Disruption,100.0,Aerial Heavy,team_tactical_v1,False
2526,understat:28903,leeds_united,manchester_city,38,Established,95.0,Advanced Attacking Activity,45.0,Balanced Attacking Width,19.0,Cross Light,85.0,Central Creation,80.5,Dribble Heavy,93.0,High Box Penetration,97.0,High Chance Creation,93.5,Advanced Defensive Activity,39.75,Typical Defensive Disruption,5.0,Aerial Light,team_tactical_v1,False
2526,understat:28903,manchester_city,leeds_united,38,Established,30.0,Balanced Territorial Activity,15.0,Central Attacking Activity,69.0,Balanced Crossing,95.0,Central Creation,45.0,Balanced 1v1 Activity,44.0,Moderate Box Penetration,49.0,Typical Chance Creation,68.5,Mid Defensive Activity,51.75000000000001,Typical Defensive Disruption,90.0,Aerial Heavy,team_tactical_v1,False
2526,understat:28905,bournemouth,sunderland,38,Established,40.0,Balanced Territorial Activity,50.0,Balanced Attacking Width,33.5,Balanced Crossing,45.0,Balanced Creation,23.5,Balanced 1v1 Activity,29.0,Moderate Box Penetration,15.0,Low Chance Creation,23.0,Mid Defensive Activity,25.150000000000002,Typical Defensive Disruption,75.0,Balanced Aerial Volume,team_tactical_v1,False
2526,understat:28905,sunderland,bournemouth,38,Established,70.0,Balanced Territorial Activity,30.0,Balanced Attacking Width,71.0,Balanced Crossing,90.0,Central Creation,85.5,Dribble Heavy,51.0,Moderate Box Penetration,72.0,Typical Chance Creation,64.5,Mid Defensive Activity,81.35,High Defensive Disruption,80.0,Aerial Heavy,team_tactical_v1,False
2526,understat:28906,fulham,tottenham_hotspur,38,Established,40.0,Balanced Territorial Activity,85.0,Wide Attacking Activity,88.5,Cross Heavy,40.0,Balanced Creation,96.5,Dribble Heavy,29.0,Moderate Box Penetration,32.0,Typical Chance Creation,57.5,Mid Defensive Activity,80.2,High Defensive Disruption,60.0,Balanced Aerial Volume,team_tactical_v1,False
2526,understat:28906,tottenham_hotspur,fulham,38,Established,42.5,Balanced Territorial Activity,80.0,Wide Attacking Activity,62.0,Balanced Crossing,55.0,Balanced Creation,21.5,Balanced 1v1 Activity,54.0,Moderate Box Penetration,45.0,Typical Chance Creation,19.0,Deep Defensive Activity,58.400000000000006,Typical Defensive Disruption,25.0,Balanced Aerial Volume,team_tactical_v1,False
2526,understat:28898,aston_villa,wolverhampton_wanderers,38,Established,7.5,Deep Attacking Activity,55.0,Balanced Attacking Width,79.0,Balanced Crossing,20.0,Wide Creation,53.0,Balanced 1v1 Activity,16.0,Low Box Penetration,7.0,Low Chance Creation,8.0,Deep Defensive Activity,68.60000000000001,Typical Defensive Disruption,50.0,Balanced Aerial Volume,team_tactical_v1,False
2526,understat:28898,wolverhampton_wanderers,aston_villa,38,Established,52.5,Balanced Territorial Activity,25.0,Balanced Attacking Width,16.0,Cross Light,65.0,Balanced Creation,49.5,Balanced 1v1 Activity,63.0,Moderate Box Penetration,63.0,Typical Chance Creation,49.5,Mid Defensive Activity,13.500000000000002,Low Defensive Disruption,10.0,Aerial Light,team_tactical_v1,False
2526,understat:28900,arsenal,chelsea,38,Established,62.5,Balanced Territorial Activity,20.0,Central Attacking Activity,42.5,Balanced Crossing,60.0,Balanced Creation,69.5,Balanced 1v1 Activity,41.0,Moderate Box Penetration,84.0,High Chance Creation,83.5,Advanced Defensive Activity,56.35,Typical Defensive Disruption,15.0,Aerial Light,team_tactical_v1,False
2526,understat:28900,chelsea,arsenal,38,Established,95.0,Advanced Attacking Activity,75.0,Balanced Attacking Width,36.0,Balanced Crossing,15.0,Wide Creation,50.0,Balanced 1v1 Activity,94.0,High Box Penetration,89.0,High Chance Creation,98.5,Advanced Defensive Activity,18.35,Low Defensive Disruption,40.0,Balanced Aerial Volume,team_tactical_v1,False
2526,understat:28901,crystal_palace,manchester_united,38,Established,72.5,Balanced Territorial Activity,10.0,Central Attacking Activity,30.5,Balanced Crossing,50.0,Balanced Creation,23.5,Balanced 1v1 Activity,67.0,Moderate Box Penetration,88.0,High Chance Creation,52.0,Mid Defensive Activity,75.05000000000001,Typical Defensive Disruption,55.0,Balanced Aerial Volume,team_tactical_v1,False
2526,understat:28901,manchester_united,crystal_palace,38,Established,17.5,Deep Attacking Activity,5.0,Central Attacking Activity,28.5,Balanced Crossing,100.0,Central Creation,6.5,Dribble Light,66.0,Moderate Box Penetration,44.0,Typical Chance Creation,28.5,Mid Defensive Activity,63.60000000000001,Typical Defensive Disruption,95.0,Aerial Heavy,team_tactical_v1,False
2526,understat:28904,brighton,nottingham_forest,38,Established,62.5,Balanced Territorial Activity,90.0,Wide Attacking Activity,90.5,Cross Heavy,5.0,Wide Creation,68.5,Balanced 1v1 Activity,27.0,Moderate Box Penetration,40.0,Typical Chance Creation,39.5,Mid Defensive Activity,58.300000000000004,Typical Defensive Disruption,35.0,Balanced Aerial Volume,team_tactical_v1,False
2526,understat:28904,nottingham_forest,brighton,38,Established,65.0,Balanced Territorial Activity,35.0,Balanced Attacking Width,66.0,Balanced Crossing,80.0,Central Creation,54.0,Balanced 1v1 Activity,52.0,Moderate Box Penetration,59.0,Typical Chance Creation,93.0,Advanced Defensive Activity,71.80000000000001,Typical Defensive Disruption,30.0,Balanced Aerial Volume,team_tactical_v1,False
2526,understat:28907,liverpool,west_ham,38,Established,10.0,Deep Attacking Activity,100.0,Wide Attacking Activity,42.0,Balanced Crossing,25.0,Balanced Creation,53.5,Balanced 1v1 Activity,16.0,Low Box Penetration,29.0,Typical Chance Creation,13.0,Deep Defensive Activity,65.10000000000001,Typical Defensive Disruption,45.0,Balanced Aerial Volume,team_tactical_v1,False
2526,understat:28907,west_ham,liverpool,38,Established,95.0,Advanced Attacking Activity,40.0,Balanced Attacking Width,62.49999999999999,Balanced Crossing,35.0,Balanced Creation,60.99999999999999,Balanced 1v1 Activity,98.0,High Box Penetration,92.0,High Chance Creation,81.5,Advanced Defensive Activity,13.25,Low Defensive Disruption,20.0,Aerial Light,team_tactical_v1,False
2526,understat:28908,bournemouth,everton,38,Established,65.0,Balanced Territorial Activity,65.0,Balanced Attacking Width,40.0,Balanced Crossing,30.0,Balanced Creation,50.0,Balanced 1v1 Activity,56.0,Moderate Box Penetration,40.0,Typical Chance Creation,56.0,Mid Defensive Activity,58.5,Typical Defensive Disruption,100.0,Aerial Heavy,team_tactical_v1,False
2526,understat:28908,everton,bournemouth,38,Established,70.0,Balanced Territorial Activity,30.0,Balanced Attacking Width,71.0,Balanced Crossing,90.0,Central Creation,85.5,Dribble Heavy,51.0,Moderate Box Penetration,72.0,Typical Chance Creation,64.5,Mid Defensive Activity,81.35,High Defensive Disruption,80.0,Aerial Heavy,team_tactical_v1,False
2526,understat:28912,fulham,manchester_city,38,Established,95.0,Advanced Attacking Activity,45.0,Balanced Attacking Width,19.0,Cross Light,85.0,Central Creation,80.5,Dribble Heavy,93.0,High Box Penetration,97.0,High Chance Creation,93.5,Advanced Defensive Activity,39.75,Typical Defensive Disruption,5.0,Aerial Light,team_tactical_v1,False
2526,understat:28912,manchester_city,fulham,38,Established,42.5,Balanced Territorial Activity,80.0,Wide Attacking Activity,62.0,Balanced Crossing,55.0,Balanced Creation,21.5,Balanced 1v1 Activity,54.0,Moderate Box Penetration,45.0,Typical Chance Creation,19.0,Deep Defensive Activity,58.400000000000006,Typical Defensive Disruption,25.0,Balanced Aerial Volume,team_tactical_v1,False
2526,understat:28916,newcastle_united,tottenham_hotspur,38,Established,40.0,Balanced Territorial Activity,85.0,Wide Attacking Activity,88.5,Cross Heavy,40.0,Balanced Creation,96.5,Dribble Heavy,29.0,Moderate Box Penetration,32.0,Typical Chance Creation,57.5,Mid Defensive Activity,80.2,High Defensive Disruption,60.0,Balanced Aerial Volume,team_tactical_v1,False
2526,understat:28916,tottenham_hotspur,newcastle_united,38,Established,82.5,Advanced Attacking Activity,60.0,Balanced Attacking Width,92.5,Cross Heavy,70.0,Balanced Creation,47.5,Balanced 1v1 Activity,76.0,Moderate Box Penetration,60.0,Typical Chance Creation,69.0,Mid Defensive Activity,39.95,Typical Defensive Disruption,65.0,Balanced Aerial Volume,team_tactical_v1,False
2526,understat:28909,arsenal,brentford,38,Established,30.0,Balanced Territorial Activity,70.0,Balanced Attacking Width,70.5,Balanced Crossing,75.0,Balanced Creation,79.5,Balanced 1v1 Activity,73.0,Moderate Box Penetration,43.0,Typical Chance Creation,38.5,Mid Defensive Activity,59.5,Typical Defensive Disruption,85.0,Aerial Heavy,team_tactical_v1,False
2526,understat:28909,brentford,arsenal,38,Established,95.0,Advanced Attacking Activity,75.0,Balanced Attacking Width,36.0,Balanced Crossing,15.0,Wide Creation,50.0,Balanced 1v1 Activity,94.0,High Box Penetration,89.0,High Chance Creation,98.5,Advanced Defensive Activity,18.35,Low Defensive Disruption,40.0,Balanced Aerial Volume,team_tactical_v1,False
2526,understat:28910,aston_villa,brighton,38,Established,65.0,Balanced Territorial Activity,35.0,Balanced Attacking Width,66.0,Balanced Crossing,80.0,Central Creation,54.0,Balanced 1v1 Activity,52.0,Moderate Box Penetration,59.0,Typical Chance Creation,93.0,Advanced Defensive Activity,71.80000000000001,Typical Defensive Disruption,30.0,Balanced Aerial Volume,team_tactical_v1,False
2526,understat:28910,brighton,aston_villa,38,Established,52.5,Balanced Territorial Activity,25.0,Balanced Attacking Width,16.0,Cross Light,65.0,Balanced Creation,49.5,Balanced 1v1 Activity,63.0,Moderate Box Penetration,63.0,Typical Chance Creation,49.5,Mid Defensive Activity,13.500000000000002,Low Defensive Disruption,10.0,Aerial Light,team_tactical_v1,False
2526,understat:28911,burnley,crystal_palace,38,Established,17.5,Deep Attacking Activity,5.0,Central Attacking Activity,28.5,Balanced Crossing,100.0,Central Creation,6.5,Dribble Light,66.0,Moderate Box Penetration,44.0,Typical Chance Creation,28.5,Mid Defensive Activity,63.60000000000001,Typical Defensive Disruption,95.0,Aerial Heavy,team_tactical_v1,False
2526,understat:28911,crystal_palace,burnley,38,Established,15.0,Deep Attacking Activity,95.0,Wide Attacking Activity,14.0,Cross Light,10.0,Wide Creation,31.5,Balanced 1v1 Activity,5.0,Low Box Penetration,8.0,Low Chance Creation,13.5,Deep Defensive Activity,54.900000000000006,Typical Defensive Disruption,70.0,Balanced Aerial Volume,team_tactical_v1,False
2526,understat:28913,chelsea,leeds_united,38,Established,30.0,Balanced Territorial Activity,15.0,Central Attacking Activity,69.0,Balanced Crossing,95.0,Central Creation,45.0,Balanced 1v1 Activity,44.0,Moderate Box Penetration,49.0,Typical Chance Creation,68.5,Mid Defensive Activity,51.75000000000001,Typical Defensive Disruption,90.0,Aerial Heavy,team_tactical_v1,False
2526,understat:28913,leeds_united,chelsea,38,Established,62.5,Balanced Territorial Activity,20.0,Central Attacking Activity,42.5,Balanced Crossing,60.0,Balanced Creation,69.5,Balanced 1v1 Activity,41.0,Moderate Box Penetration,84.0,High Chance Creation,83.5,Advanced Defensive Activity,56.35,Typical Defensive Disruption,15.0,Aerial Light,team_tactical_v1,False
2526,understat:28914,liverpool,sunderland,38,Established,40.0,Balanced Territorial Activity,50.0,Balanced Attacking Width,33.5,Balanced Crossing,45.0,Balanced Creation,23.5,Balanced 1v1 Activity,29.0,Moderate Box Penetration,15.0,Low Chance Creation,23.0,Mid Defensive Activity,25.150000000000002,Typical Defensive Disruption,75.0,Balanced Aerial Volume,team_tactical_v1,False
2526,understat:28914,sunderland,liverpool,38,Established,95.0,Advanced Attacking Activity,40.0,Balanced Attacking Width,62.49999999999999,Balanced Crossing,35.0,Balanced Creation,60.99999999999999,Balanced 1v1 Activity,98.0,High Box Penetration,92.0,High Chance Creation,81.5,Advanced Defensive Activity,13.25,Low Defensive Disruption,20.0,Aerial Light,team_tactical_v1,False
2526,understat:28917,nottingham_forest,wolverhampton_wanderers,38,Established,7.5,Deep Attacking Activity,55.0,Balanced Attacking Width,79.0,Balanced Crossing,20.0,Wide Creation,53.0,Balanced 1v1 Activity,16.0,Low Box Penetration,7.0,Low Chance Creation,8.0,Deep Defensive Activity,68.60000000000001,Typical Defensive Disruption,50.0,Balanced Aerial Volume,team_tactical_v1,False
2526,understat:28917,wolverhampton_wanderers,nottingham_forest,38,Established,62.5,Balanced Territorial Activity,90.0,Wide Attacking Activity,90.5,Cross Heavy,5.0,Wide Creation,68.5,Balanced 1v1 Activity,27.0,Moderate Box Penetration,40.0,Typical Chance Creation,39.5,Mid Defensive Activity,58.300000000000004,Typical Defensive Disruption,35.0,Balanced Aerial Volume,team_tactical_v1,False
2526,understat:28915,manchester_united,west_ham,38,Established,10.0,Deep Attacking Activity,100.0,Wide Attacking Activity,42.0,Balanced Crossing,25.0,Balanced Creation,53.5,Balanced 1v1 Activity,16.0,Low Box Penetration,29.0,Typical Chance Creation,13.0,Deep Defensive Activity,65.10000000000001,Typical Defensive Disruption,45.0,Balanced Aerial Volume,team_tactical_v1,False
2526,understat:28915,west_ham,manchester_united,38,Established,72.5,Balanced Territorial Activity,10.0,Central Attacking Activity,30.5,Balanced Crossing,50.0,Balanced Creation,23.5,Balanced 1v1 Activity,67.0,Moderate Box Penetration,88.0,High Chance Creation,52.0,Mid Defensive Activity,75.05000000000001,Typical Defensive Disruption,55.0,Balanced Aerial Volume,team_tactical_v1,False
2526,understat:28918,bournemouth,chelsea,38,Established,62.5,Balanced Territorial Activity,20.0,Central Attacking Activity,42.5,Balanced Crossing,60.0,Balanced Creation,69.5,Balanced 1v1 Activity,41.0,Moderate Box Penetration,84.0,High Chance Creation,83.5,Advanced Defensive Activity,56.35,Typical Defensive Disruption,15.0,Aerial Light,team_tactical_v1,False
2526,understat:28918,chelsea,bournemouth,38,Established,70.0,Balanced Territorial Activity,30.0,Balanced Attacking Width,71.0,Balanced Crossing,90.0,Central Creation,85.5,Dribble Heavy,51.0,Moderate Box Penetration,72.0,Typical Chance Creation,64.5,Mid Defensive Activity,81.35,High Defensive Disruption,80.0,Aerial Heavy,team_tactical_v1,False
2526,understat:28919,arsenal,aston_villa,38,Established,52.5,Balanced Territorial Activity,25.0,Balanced Attacking Width,16.0,Cross Light,65.0,Balanced Creation,49.5,Balanced 1v1 Activity,63.0,Moderate Box Penetration,63.0,Typical Chance Creation,49.5,Mid Defensive Activity,13.500000000000002,Low Defensive Disruption,10.0,Aerial Light,team_tactical_v1,False
2526,understat:28919,aston_villa,arsenal,38,Established,95.0,Advanced Attacking Activity,75.0,Balanced Attacking Width,36.0,Balanced Crossing,15.0,Wide Creation,50.0,Balanced 1v1 Activity,94.0,High Box Penetration,89.0,High Chance Creation,98.5,Advanced Defensive Activity,18.35,Low Defensive Disruption,40.0,Balanced Aerial Volume,team_tactical_v1,False
2526,understat:28921,everton,nottingham_forest,38,Established,62.5,Balanced Territorial Activity,90.0,Wide Attacking Activity,90.5,Cross Heavy,5.0,Wide Creation,68.5,Balanced 1v1 Activity,27.0,Moderate Box Penetration,40.0,Typical Chance Creation,39.5,Mid Defensive Activity,58.300000000000004,Typical Defensive Disruption,35.0,Balanced Aerial Volume,team_tactical_v1,False
2526,understat:28921,nottingham_forest,everton,38,Established,65.0,Balanced Territorial Activity,65.0,Balanced Attacking Width,40.0,Balanced Crossing,30.0,Balanced Creation,50.0,Balanced 1v1 Activity,56.0,Moderate Box Penetration,40.0,Typical Chance Creation,56.0,Mid Defensive Activity,58.5,Typical Defensive Disruption,100.0,Aerial Heavy,team_tactical_v1,False
2526,understat:28923,leeds_united,liverpool,38,Established,95.0,Advanced Attacking Activity,40.0,Balanced Attacking Width,62.49999999999999,Balanced Crossing,35.0,Balanced Creation,60.99999999999999,Balanced 1v1 Activity,98.0,High Box Penetration,92.0,High Chance Creation,81.5,Advanced Defensive Activity,13.25,Low Defensive Disruption,20.0,Aerial Light,team_tactical_v1,False
2526,understat:28923,liverpool,leeds_united,38,Established,30.0,Balanced Territorial Activity,15.0,Central Attacking Activity,69.0,Balanced Crossing,95.0,Central Creation,45.0,Balanced 1v1 Activity,44.0,Moderate Box Penetration,49.0,Typical Chance Creation,68.5,Mid Defensive Activity,51.75000000000001,Typical Defensive Disruption,90.0,Aerial Heavy,team_tactical_v1,False
2526,understat:28924,manchester_city,sunderland,38,Established,40.0,Balanced Territorial Activity,50.0,Balanced Attacking Width,33.5,Balanced Crossing,45.0,Balanced Creation,23.5,Balanced 1v1 Activity,29.0,Moderate Box Penetration,15.0,Low Chance Creation,23.0,Mid Defensive Activity,25.150000000000002,Typical Defensive Disruption,75.0,Balanced Aerial Volume,team_tactical_v1,False
2526,understat:28924,sunderland,manchester_city,38,Established,95.0,Advanced Attacking Activity,45.0,Balanced Attacking Width,19.0,Cross Light,85.0,Central Creation,80.5,Dribble Heavy,93.0,High Box Penetration,97.0,High Chance Creation,93.5,Advanced Defensive Activity,39.75,Typical Defensive Disruption,5.0,Aerial Light,team_tactical_v1,False
2526,understat:28925,burnley,newcastle_united,38,Established,82.5,Advanced Attacking Activity,60.0,Balanced Attacking Width,92.5,Cross Heavy,70.0,Balanced Creation,47.5,Balanced 1v1 Activity,76.0,Moderate Box Penetration,60.0,Typical Chance Creation,69.0,Mid Defensive Activity,39.95,Typical Defensive Disruption,65.0,Balanced Aerial Volume,team_tactical_v1,False
2526,understat:28925,newcastle_united,burnley,38,Established,15.0,Deep Attacking Activity,95.0,Wide Attacking Activity,14.0,Cross Light,10.0,Wide Creation,31.5,Balanced 1v1 Activity,5.0,Low Box Penetration,8.0,Low Chance Creation,13.5,Deep Defensive Activity,54.900000000000006,Typical Defensive Disruption,70.0,Balanced Aerial Volume,team_tactical_v1,False
2526,understat:28926,brentford,tottenham_hotspur,38,Established,40.0,Balanced Territorial Activity,85.0,Wide Attacking Activity,88.5,Cross Heavy,40.0,Balanced Creation,96.5,Dribble Heavy,29.0,Moderate Box Penetration,32.0,Typical Chance Creation,57.5,Mid Defensive Activity,80.2,High Defensive Disruption,60.0,Balanced Aerial Volume,team_tactical_v1,False
2526,understat:28926,tottenham_hotspur,brentford,38,Established,30.0,Balanced Territorial Activity,70.0,Balanced Attacking Width,70.5,Balanced Crossing,75.0,Balanced Creation,79.5,Balanced 1v1 Activity,73.0,Moderate Box Penetration,43.0,Typical Chance Creation,38.5,Mid Defensive Activity,59.5,Typical Defensive Disruption,85.0,Aerial Heavy,team_tactical_v1,False
2526,understat:28920,brighton,west_ham,38,Established,10.0,Deep Attacking Activity,100.0,Wide Attacking Activity,42.0,Balanced Crossing,25.0,Balanced Creation,53.5,Balanced 1v1 Activity,16.0,Low Box Penetration,29.0,Typical Chance Creation,13.0,Deep Defensive Activity,65.10000000000001,Typical Defensive Disruption,45.0,Balanced Aerial Volume,team_tactical_v1,False
2526,understat:28920,west_ham,brighton,38,Established,65.0,Balanced Territorial Activity,35.0,Balanced Attacking Width,66.0,Balanced Crossing,80.0,Central Creation,54.0,Balanced 1v1 Activity,52.0,Moderate Box Penetration,59.0,Typical Chance Creation,93.0,Advanced Defensive Activity,71.80000000000001,Typical Defensive Disruption,30.0,Balanced Aerial Volume,team_tactical_v1,False
2526,understat:28922,crystal_palace,fulham,38,Established,42.5,Balanced Territorial Activity,80.0,Wide Attacking Activity,62.0,Balanced Crossing,55.0,Balanced Creation,21.5,Balanced 1v1 Activity,54.0,Moderate Box Penetration,45.0,Typical Chance Creation,19.0,Deep Defensive Activity,58.400000000000006,Typical Defensive Disruption,25.0,Balanced Aerial Volume,team_tactical_v1,False
2526,understat:28922,fulham,crystal_palace,38,Established,17.5,Deep Attacking Activity,5.0,Central Attacking Activity,28.5,Balanced Crossing,100.0,Central Creation,6.5,Dribble Light,66.0,Moderate Box Penetration,44.0,Typical Chance Creation,28.5,Mid Defensive Activity,63.60000000000001,Typical Defensive Disruption,95.0,Aerial Heavy,team_tactical_v1,False
2526,understat:28927,manchester_united,wolverhampton_wanderers,38,Established,7.5,Deep Attacking Activity,55.0,Balanced Attacking Width,79.0,Balanced Crossing,20.0,Wide Creation,53.0,Balanced 1v1 Activity,16.0,Low Box Penetration,7.0,Low Chance Creation,8.0,Deep Defensive Activity,68.60000000000001,Typical Defensive Disruption,50.0,Balanced Aerial Volume,team_tactical_v1,False
2526,understat:28927,wolverhampton_wanderers,manchester_united,38,Established,72.5,Balanced Territorial Activity,10.0,Central Attacking Activity,30.5,Balanced Crossing,50.0,Balanced Creation,23.5,Balanced 1v1 Activity,67.0,Moderate Box Penetration,88.0,High Chance Creation,52.0,Mid Defensive Activity,75.05000000000001,Typical Defensive Disruption,55.0,Balanced Aerial Volume,team_tactical_v1,False
2526,understat:28928,arsenal,wolverhampton_wanderers,38,Established,7.5,Deep Attacking Activity,55.0,Balanced Attacking Width,79.0,Balanced Crossing,20.0,Wide Creation,53.0,Balanced 1v1 Activity,16.0,Low Box Penetration,7.0,Low Chance Creation,8.0,Deep Defensive Activity,68.60000000000001,Typical Defensive Disruption,50.0,Balanced Aerial Volume,team_tactical_v1,False
2526,understat:28928,wolverhampton_wanderers,arsenal,38,Established,95.0,Advanced Attacking Activity,75.0,Balanced Attacking Width,36.0,Balanced Crossing,15.0,Wide Creation,50.0,Balanced 1v1 Activity,94.0,High Box Penetration,89.0,High Chance Creation,98.5,Advanced Defensive Activity,18.35,Low Defensive Disruption,40.0,Balanced Aerial Volume,team_tactical_v1,False
2526,understat:28930,burnley,fulham,38,Established,42.5,Balanced Territorial Activity,80.0,Wide Attacking Activity,62.0,Balanced Crossing,55.0,Balanced Creation,21.5,Balanced 1v1 Activity,54.0,Moderate Box Penetration,45.0,Typical Chance Creation,19.0,Deep Defensive Activity,58.400000000000006,Typical Defensive Disruption,25.0,Balanced Aerial Volume,team_tactical_v1,False
2526,understat:28930,fulham,burnley,38,Established,15.0,Deep Attacking Activity,95.0,Wide Attacking Activity,14.0,Cross Light,10.0,Wide Creation,31.5,Balanced 1v1 Activity,5.0,Low Box Penetration,8.0,Low Chance Creation,13.5,Deep Defensive Activity,54.900000000000006,Typical Defensive Disruption,70.0,Balanced Aerial Volume,team_tactical_v1,False
2526,understat:28931,chelsea,everton,38,Established,65.0,Balanced Territorial Activity,65.0,Balanced Attacking Width,40.0,Balanced Crossing,30.0,Balanced Creation,50.0,Balanced 1v1 Activity,56.0,Moderate Box Penetration,40.0,Typical Chance Creation,56.0,Mid Defensive Activity,58.5,Typical Defensive Disruption,100.0,Aerial Heavy,team_tactical_v1,False
2526,understat:28931,everton,chelsea,38,Established,62.5,Balanced Territorial Activity,20.0,Central Attacking Activity,42.5,Balanced Crossing,60.0,Balanced Creation,69.5,Balanced 1v1 Activity,41.0,Moderate Box Penetration,84.0,High Chance Creation,83.5,Advanced Defensive Activity,56.35,Typical Defensive Disruption,15.0,Aerial Light,team_tactical_v1,False
2526,understat:28933,brighton,liverpool,38,Established,95.0,Advanced Attacking Activity,40.0,Balanced Attacking Width,62.49999999999999,Balanced Crossing,35.0,Balanced Creation,60.99999999999999,Balanced 1v1 Activity,98.0,High Box Penetration,92.0,High Chance Creation,81.5,Advanced Defensive Activity,13.25,Low Defensive Disruption,20.0,Aerial Light,team_tactical_v1,False
2526,understat:28933,liverpool,brighton,38,Established,65.0,Balanced Territorial Activity,35.0,Balanced Attacking Width,66.0,Balanced Crossing,80.0,Central Creation,54.0,Balanced 1v1 Activity,52.0,Moderate Box Penetration,59.0,Typical Chance Creation,93.0,Advanced Defensive Activity,71.80000000000001,Typical Defensive Disruption,30.0,Balanced Aerial Volume,team_tactical_v1,False
2526,understat:28929,brentford,leeds_united,38,Established,30.0,Balanced Territorial Activity,15.0,Central Attacking Activity,69.0,Balanced Crossing,95.0,Central Creation,45.0,Balanced 1v1 Activity,44.0,Moderate Box Penetration,49.0,Typical Chance Creation,68.5,Mid Defensive Activity,51.75000000000001,Typical Defensive Disruption,90.0,Aerial Heavy,team_tactical_v1,False
2526,understat:28929,leeds_united,brentford,38,Established,30.0,Balanced Territorial Activity,70.0,Balanced Attacking Width,70.5,Balanced Crossing,75.0,Balanced Creation,79.5,Balanced 1v1 Activity,73.0,Moderate Box Penetration,43.0,Typical Chance Creation,38.5,Mid Defensive Activity,59.5,Typical Defensive Disruption,85.0,Aerial Heavy,team_tactical_v1,False
2526,understat:28932,crystal_palace,manchester_city,38,Established,95.0,Advanced Attacking Activity,45.0,Balanced Attacking Width,19.0,Cross Light,85.0,Central Creation,80.5,Dribble Heavy,93.0,High Box Penetration,97.0,High Chance Creation,93.5,Advanced Defensive Activity,39.75,Typical Defensive Disruption,5.0,Aerial Light,team_tactical_v1,False
2526,understat:28932,manchester_city,crystal_palace,38,Established,17.5,Deep Attacking Activity,5.0,Central Attacking Activity,28.5,Balanced Crossing,100.0,Central Creation,6.5,Dribble Light,66.0,Moderate Box Penetration,44.0,Typical Chance Creation,28.5,Mid Defensive Activity,63.60000000000001,Typical Defensive Disruption,95.0,Aerial Heavy,team_tactical_v1,False
2526,understat:28935,nottingham_forest,tottenham_hotspur,38,Established,40.0,Balanced Territorial Activity,85.0,Wide Attacking Activity,88.5,Cross Heavy,40.0,Balanced Creation,96.5,Dribble Heavy,29.0,Moderate Box Penetration,32.0,Typical Chance Creation,57.5,Mid Defensive Activity,80.2,High Defensive Disruption,60.0,Balanced Aerial Volume,team_tactical_v1,False
2526,understat:28935,tottenham_hotspur,nottingham_forest,38,Established,62.5,Balanced Territorial Activity,90.0,Wide Attacking Activity,90.5,Cross Heavy,5.0,Wide Creation,68.5,Balanced 1v1 Activity,27.0,Moderate Box Penetration,40.0,Typical Chance Creation,39.5,Mid Defensive Activity,58.300000000000004,Typical Defensive Disruption,35.0,Balanced Aerial Volume,team_tactical_v1,False
2526,understat:28936,newcastle_united,sunderland,38,Established,40.0,Balanced Territorial Activity,50.0,Balanced Attacking Width,33.5,Balanced Crossing,45.0,Balanced Creation,23.5,Balanced 1v1 Activity,29.0,Moderate Box Penetration,15.0,Low Chance Creation,23.0,Mid Defensive Activity,25.150000000000002,Typical Defensive Disruption,75.0,Balanced Aerial Volume,team_tactical_v1,False
2526,understat:28936,sunderland,newcastle_united,38,Established,82.5,Advanced Attacking Activity,60.0,Balanced Attacking Width,92.5,Cross Heavy,70.0,Balanced Creation,47.5,Balanced 1v1 Activity,76.0,Moderate Box Penetration,60.0,Typical Chance Creation,69.0,Mid Defensive Activity,39.95,Typical Defensive Disruption,65.0,Balanced Aerial Volume,team_tactical_v1,False
2526,understat:28937,aston_villa,west_ham,38,Established,10.0,Deep Attacking Activity,100.0,Wide Attacking Activity,42.0,Balanced Crossing,25.0,Balanced Creation,53.5,Balanced 1v1 Activity,16.0,Low Box Penetration,29.0,Typical Chance Creation,13.0,Deep Defensive Activity,65.10000000000001,Typical Defensive Disruption,45.0,Balanced Aerial Volume,team_tactical_v1,False
2526,understat:28937,west_ham,aston_villa,38,Established,52.5,Balanced Territorial Activity,25.0,Balanced Attacking Width,16.0,Cross Light,65.0,Balanced Creation,49.5,Balanced 1v1 Activity,63.0,Moderate Box Penetration,63.0,Typical Chance Creation,49.5,Mid Defensive Activity,13.500000000000002,Low Defensive Disruption,10.0,Aerial Light,team_tactical_v1,False
2526,understat:28934,bournemouth,manchester_united,38,Established,72.5,Balanced Territorial Activity,10.0,Central Attacking Activity,30.5,Balanced Crossing,50.0,Balanced Creation,23.5,Balanced 1v1 Activity,67.0,Moderate Box Penetration,88.0,High Chance Creation,52.0,Mid Defensive Activity,75.05000000000001,Typical Defensive Disruption,55.0,Balanced Aerial Volume,team_tactical_v1,False
2526,understat:28934,manchester_united,bournemouth,38,Established,70.0,Balanced Territorial Activity,30.0,Balanced Attacking Width,71.0,Balanced Crossing,90.0,Central Creation,85.5,Dribble Heavy,51.0,Moderate Box Penetration,72.0,Typical Chance Creation,64.5,Mid Defensive Activity,81.35,High Defensive Disruption,80.0,Aerial Heavy,team_tactical_v1,False
2526,understat:28938,bournemouth,burnley,38,Established,15.0,Deep Attacking Activity,95.0,Wide Attacking Activity,14.0,Cross Light,10.0,Wide Creation,31.5,Balanced 1v1 Activity,5.0,Low Box Penetration,8.0,Low Chance Creation,13.5,Deep Defensive Activity,54.900000000000006,Typical Defensive Disruption,70.0,Balanced Aerial Volume,team_tactical_v1,False
2526,understat:28938,burnley,bournemouth,38,Established,70.0,Balanced Territorial Activity,30.0,Balanced Attacking Width,71.0,Balanced Crossing,90.0,Central Creation,85.5,Dribble Heavy,51.0,Moderate Box Penetration,72.0,Typical Chance Creation,64.5,Mid Defensive Activity,81.35,High Defensive Disruption,80.0,Aerial Heavy,team_tactical_v1,False
2526,understat:28940,brighton,sunderland,38,Established,40.0,Balanced Territorial Activity,50.0,Balanced Attacking Width,33.5,Balanced Crossing,45.0,Balanced Creation,23.5,Balanced 1v1 Activity,29.0,Moderate Box Penetration,15.0,Low Chance Creation,23.0,Mid Defensive Activity,25.150000000000002,Typical Defensive Disruption,75.0,Balanced Aerial Volume,team_tactical_v1,False
2526,understat:28940,sunderland,brighton,38,Established,65.0,Balanced Territorial Activity,35.0,Balanced Attacking Width,66.0,Balanced Crossing,80.0,Central Creation,54.0,Balanced 1v1 Activity,52.0,Moderate Box Penetration,59.0,Typical Chance Creation,93.0,Advanced Defensive Activity,71.80000000000001,Typical Defensive Disruption,30.0,Balanced Aerial Volume,team_tactical_v1,False
2526,understat:28941,arsenal,everton,38,Established,65.0,Balanced Territorial Activity,65.0,Balanced Attacking Width,40.0,Balanced Crossing,30.0,Balanced Creation,50.0,Balanced 1v1 Activity,56.0,Moderate Box Penetration,40.0,Typical Chance Creation,56.0,Mid Defensive Activity,58.5,Typical Defensive Disruption,100.0,Aerial Heavy,team_tactical_v1,False
2526,understat:28941,everton,arsenal,38,Established,95.0,Advanced Attacking Activity,75.0,Balanced Attacking Width,36.0,Balanced Crossing,15.0,Wide Creation,50.0,Balanced 1v1 Activity,94.0,High Box Penetration,89.0,High Chance Creation,98.5,Advanced Defensive Activity,18.35,Low Defensive Disruption,40.0,Balanced Aerial Volume,team_tactical_v1,False
2526,understat:28943,crystal_palace,leeds_united,38,Established,30.0,Balanced Territorial Activity,15.0,Central Attacking Activity,69.0,Balanced Crossing,95.0,Central Creation,45.0,Balanced 1v1 Activity,44.0,Moderate Box Penetration,49.0,Typical Chance Creation,68.5,Mid Defensive Activity,51.75000000000001,Typical Defensive Disruption,90.0,Aerial Heavy,team_tactical_v1,False
2526,understat:28943,leeds_united,crystal_palace,38,Established,17.5,Deep Attacking Activity,5.0,Central Attacking Activity,28.5,Balanced Crossing,100.0,Central Creation,6.5,Dribble Light,66.0,Moderate Box Penetration,44.0,Typical Chance Creation,28.5,Mid Defensive Activity,63.60000000000001,Typical Defensive Disruption,95.0,Aerial Heavy,team_tactical_v1,False
2526,understat:28944,manchester_city,west_ham,38,Established,10.0,Deep Attacking Activity,100.0,Wide Attacking Activity,42.0,Balanced Crossing,25.0,Balanced Creation,53.5,Balanced 1v1 Activity,16.0,Low Box Penetration,29.0,Typical Chance Creation,13.0,Deep Defensive Activity,65.10000000000001,Typical Defensive Disruption,45.0,Balanced Aerial Volume,team_tactical_v1,False
2526,understat:28944,west_ham,manchester_city,38,Established,95.0,Advanced Attacking Activity,45.0,Balanced Attacking Width,19.0,Cross Light,85.0,Central Creation,80.5,Dribble Heavy,93.0,High Box Penetration,97.0,High Chance Creation,93.5,Advanced Defensive Activity,39.75,Typical Defensive Disruption,5.0,Aerial Light,team_tactical_v1,False
2526,understat:28945,chelsea,newcastle_united,38,Established,82.5,Advanced Attacking Activity,60.0,Balanced Attacking Width,92.5,Cross Heavy,70.0,Balanced Creation,47.5,Balanced 1v1 Activity,76.0,Moderate Box Penetration,60.0,Typical Chance Creation,69.0,Mid Defensive Activity,39.95,Typical Defensive Disruption,65.0,Balanced Aerial Volume,team_tactical_v1,False
2526,understat:28945,newcastle_united,chelsea,38,Established,62.5,Balanced Territorial Activity,20.0,Central Attacking Activity,42.5,Balanced Crossing,60.0,Balanced Creation,69.5,Balanced 1v1 Activity,41.0,Moderate Box Penetration,84.0,High Chance Creation,83.5,Advanced Defensive Activity,56.35,Typical Defensive Disruption,15.0,Aerial Light,team_tactical_v1,False
2526,understat:28946,liverpool,tottenham_hotspur,38,Established,40.0,Balanced Territorial Activity,85.0,Wide Attacking Activity,88.5,Cross Heavy,40.0,Balanced Creation,96.5,Dribble Heavy,29.0,Moderate Box Penetration,32.0,Typical Chance Creation,57.5,Mid Defensive Activity,80.2,High Defensive Disruption,60.0,Balanced Aerial Volume,team_tactical_v1,False
2526,understat:28946,tottenham_hotspur,liverpool,38,Established,95.0,Advanced Attacking Activity,40.0,Balanced Attacking Width,62.49999999999999,Balanced Crossing,35.0,Balanced Creation,60.99999999999999,Balanced 1v1 Activity,98.0,High Box Penetration,92.0,High Chance Creation,81.5,Advanced Defensive Activity,13.25,Low Defensive Disruption,20.0,Aerial Light,team_tactical_v1,False
2526,understat:28947,brentford,wolverhampton_wanderers,38,Established,7.5,Deep Attacking Activity,55.0,Balanced Attacking Width,79.0,Balanced Crossing,20.0,Wide Creation,53.0,Balanced 1v1 Activity,16.0,Low Box Penetration,7.0,Low Chance Creation,8.0,Deep Defensive Activity,68.60000000000001,Typical Defensive Disruption,50.0,Balanced Aerial Volume,team_tactical_v1,False
2526,understat:28947,wolverhampton_wanderers,brentford,38,Established,30.0,Balanced Territorial Activity,70.0,Balanced Attacking Width,70.5,Balanced Crossing,75.0,Balanced Creation,79.5,Balanced 1v1 Activity,73.0,Moderate Box Penetration,43.0,Typical Chance Creation,38.5,Mid Defensive Activity,59.5,Typical Defensive Disruption,85.0,Aerial Heavy,team_tactical_v1,False
2526,understat:28939,aston_villa,manchester_united,38,Established,72.5,Balanced Territorial Activity,10.0,Central Attacking Activity,30.5,Balanced Crossing,50.0,Balanced Creation,23.5,Balanced 1v1 Activity,67.0,Moderate Box Penetration,88.0,High Chance Creation,52.0,Mid Defensive Activity,75.05000000000001,Typical Defensive Disruption,55.0,Balanced Aerial Volume,team_tactical_v1,False
2526,understat:28939,manchester_united,aston_villa,38,Established,52.5,Balanced Territorial Activity,25.0,Balanced Attacking Width,16.0,Cross Light,65.0,Balanced Creation,49.5,Balanced 1v1 Activity,63.0,Moderate Box Penetration,63.0,Typical Chance Creation,49.5,Mid Defensive Activity,13.500000000000002,Low Defensive Disruption,10.0,Aerial Light,team_tactical_v1,False
2526,understat:28942,fulham,nottingham_forest,38,Established,62.5,Balanced Territorial Activity,90.0,Wide Attacking Activity,90.5,Cross Heavy,5.0,Wide Creation,68.5,Balanced 1v1 Activity,27.0,Moderate Box Penetration,40.0,Typical Chance Creation,39.5,Mid Defensive Activity,58.300000000000004,Typical Defensive Disruption,35.0,Balanced Aerial Volume,team_tactical_v1,False
2526,understat:28942,nottingham_forest,fulham,38,Established,42.5,Balanced Territorial Activity,80.0,Wide Attacking Activity,62.0,Balanced Crossing,55.0,Balanced Creation,21.5,Balanced 1v1 Activity,54.0,Moderate Box Penetration,45.0,Typical Chance Creation,19.0,Deep Defensive Activity,58.400000000000006,Typical Defensive Disruption,25.0,Balanced Aerial Volume,team_tactical_v1,False
2526,understat:28954,manchester_united,newcastle_united,38,Established,82.5,Advanced Attacking Activity,60.0,Balanced Attacking Width,92.5,Cross Heavy,70.0,Balanced Creation,47.5,Balanced 1v1 Activity,76.0,Moderate Box Penetration,60.0,Typical Chance Creation,69.0,Mid Defensive Activity,39.95,Typical Defensive Disruption,65.0,Balanced Aerial Volume,team_tactical_v1,False
2526,understat:28954,newcastle_united,manchester_united,38,Established,72.5,Balanced Territorial Activity,10.0,Central Attacking Activity,30.5,Balanced Crossing,50.0,Balanced Creation,23.5,Balanced 1v1 Activity,67.0,Moderate Box Penetration,88.0,High Chance Creation,52.0,Mid Defensive Activity,75.05000000000001,Typical Defensive Disruption,55.0,Balanced Aerial Volume,team_tactical_v1,False
2526,understat:28948,arsenal,brighton,38,Established,65.0,Balanced Territorial Activity,35.0,Balanced Attacking Width,66.0,Balanced Crossing,80.0,Central Creation,54.0,Balanced 1v1 Activity,52.0,Moderate Box Penetration,59.0,Typical Chance Creation,93.0,Advanced Defensive Activity,71.80000000000001,Typical Defensive Disruption,30.0,Balanced Aerial Volume,team_tactical_v1,False
2526,understat:28948,brighton,arsenal,38,Established,95.0,Advanced Attacking Activity,75.0,Balanced Attacking Width,36.0,Balanced Crossing,15.0,Wide Creation,50.0,Balanced 1v1 Activity,94.0,High Box Penetration,89.0,High Chance Creation,98.5,Advanced Defensive Activity,18.35,Low Defensive Disruption,40.0,Balanced Aerial Volume,team_tactical_v1,False
2526,understat:28949,bournemouth,brentford,38,Established,30.0,Balanced Territorial Activity,70.0,Balanced Attacking Width,70.5,Balanced Crossing,75.0,Balanced Creation,79.5,Balanced 1v1 Activity,73.0,Moderate Box Penetration,43.0,Typical Chance Creation,38.5,Mid Defensive Activity,59.5,Typical Defensive Disruption,85.0,Aerial Heavy,team_tactical_v1,False
2526,understat:28949,brentford,bournemouth,38,Established,70.0,Balanced Territorial Activity,30.0,Balanced Attacking Width,71.0,Balanced Crossing,90.0,Central Creation,85.5,Dribble Heavy,51.0,Moderate Box Penetration,72.0,Typical Chance Creation,64.5,Mid Defensive Activity,81.35,High Defensive Disruption,80.0,Aerial Heavy,team_tactical_v1,False
2526,understat:28950,burnley,everton,38,Established,65.0,Balanced Territorial Activity,65.0,Balanced Attacking Width,40.0,Balanced Crossing,30.0,Balanced Creation,50.0,Balanced 1v1 Activity,56.0,Moderate Box Penetration,40.0,Typical Chance Creation,56.0,Mid Defensive Activity,58.5,Typical Defensive Disruption,100.0,Aerial Heavy,team_tactical_v1,False
2526,understat:28950,everton,burnley,38,Established,15.0,Deep Attacking Activity,95.0,Wide Attacking Activity,14.0,Cross Light,10.0,Wide Creation,31.5,Balanced 1v1 Activity,5.0,Low Box Penetration,8.0,Low Chance Creation,13.5,Deep Defensive Activity,54.900000000000006,Typical Defensive Disruption,70.0,Balanced Aerial Volume,team_tactical_v1,False
2526,understat:28951,aston_villa,chelsea,38,Established,62.5,Balanced Territorial Activity,20.0,Central Attacking Activity,42.5,Balanced Crossing,60.0,Balanced Creation,69.5,Balanced 1v1 Activity,41.0,Moderate Box Penetration,84.0,High Chance Creation,83.5,Advanced Defensive Activity,56.35,Typical Defensive Disruption,15.0,Aerial Light,team_tactical_v1,False
2526,understat:28951,chelsea,aston_villa,38,Established,52.5,Balanced Territorial Activity,25.0,Balanced Attacking Width,16.0,Cross Light,65.0,Balanced Creation,49.5,Balanced 1v1 Activity,63.0,Moderate Box Penetration,63.0,Typical Chance Creation,49.5,Mid Defensive Activity,13.500000000000002,Low Defensive Disruption,10.0,Aerial Light,team_tactical_v1,False
2526,understat:28953,liverpool,wolverhampton_wanderers,38,Established,7.5,Deep Attacking Activity,55.0,Balanced Attacking Width,79.0,Balanced Crossing,20.0,Wide Creation,53.0,Balanced 1v1 Activity,16.0,Low Box Penetration,7.0,Low Chance Creation,8.0,Deep Defensive Activity,68.60000000000001,Typical Defensive Disruption,50.0,Balanced Aerial Volume,team_tactical_v1,False
2526,understat:28953,wolverhampton_wanderers,liverpool,38,Established,95.0,Advanced Attacking Activity,40.0,Balanced Attacking Width,62.49999999999999,Balanced Crossing,35.0,Balanced Creation,60.99999999999999,Balanced 1v1 Activity,98.0,High Box Penetration,92.0,High Chance Creation,81.5,Advanced Defensive Activity,13.25,Low Defensive Disruption,20.0,Aerial Light,team_tactical_v1,False
2526,understat:28955,manchester_city,nottingham_forest,38,Established,62.5,Balanced Territorial Activity,90.0,Wide Attacking Activity,90.5,Cross Heavy,5.0,Wide Creation,68.5,Balanced 1v1 Activity,27.0,Moderate Box Penetration,40.0,Typical Chance Creation,39.5,Mid Defensive Activity,58.300000000000004,Typical Defensive Disruption,35.0,Balanced Aerial Volume,team_tactical_v1,False
2526,understat:28955,nottingham_forest,manchester_city,38,Established,95.0,Advanced Attacking Activity,45.0,Balanced Attacking Width,19.0,Cross Light,85.0,Central Creation,80.5,Dribble Heavy,93.0,High Box Penetration,97.0,High Chance Creation,93.5,Advanced Defensive Activity,39.75,Typical Defensive Disruption,5.0,Aerial Light,team_tactical_v1,False
2526,understat:28957,fulham,west_ham,38,Established,10.0,Deep Attacking Activity,100.0,Wide Attacking Activity,42.0,Balanced Crossing,25.0,Balanced Creation,53.5,Balanced 1v1 Activity,16.0,Low Box Penetration,29.0,Typical Chance Creation,13.0,Deep Defensive Activity,65.10000000000001,Typical Defensive Disruption,45.0,Balanced Aerial Volume,team_tactical_v1,False
2526,understat:28957,west_ham,fulham,38,Established,42.5,Balanced Territorial Activity,80.0,Wide Attacking Activity,62.0,Balanced Crossing,55.0,Balanced Creation,21.5,Balanced 1v1 Activity,54.0,Moderate Box Penetration,45.0,Typical Chance Creation,19.0,Deep Defensive Activity,58.400000000000006,Typical Defensive Disruption,25.0,Balanced Aerial Volume,team_tactical_v1,False
2526,understat:28952,crystal_palace,tottenham_hotspur,38,Established,40.0,Balanced Territorial Activity,85.0,Wide Attacking Activity,88.5,Cross Heavy,40.0,Balanced Creation,96.5,Dribble Heavy,29.0,Moderate Box Penetration,32.0,Typical Chance Creation,57.5,Mid Defensive Activity,80.2,High Defensive Disruption,60.0,Balanced Aerial Volume,team_tactical_v1,False
2526,understat:28952,tottenham_hotspur,crystal_palace,38,Established,17.5,Deep Attacking Activity,5.0,Central Attacking Activity,28.5,Balanced Crossing,100.0,Central Creation,6.5,Dribble Light,66.0,Moderate Box Penetration,44.0,Typical Chance Creation,28.5,Mid Defensive Activity,63.60000000000001,Typical Defensive Disruption,95.0,Aerial Heavy,team_tactical_v1,False
2526,understat:28956,leeds_united,sunderland,38,Established,40.0,Balanced Territorial Activity,50.0,Balanced Attacking Width,33.5,Balanced Crossing,45.0,Balanced Creation,23.5,Balanced 1v1 Activity,29.0,Moderate Box Penetration,15.0,Low Chance Creation,23.0,Mid Defensive Activity,25.150000000000002,Typical Defensive Disruption,75.0,Balanced Aerial Volume,team_tactical_v1,False
2526,understat:28956,sunderland,leeds_united,38,Established,30.0,Balanced Territorial Activity,15.0,Central Attacking Activity,69.0,Balanced Crossing,95.0,Central Creation,45.0,Balanced 1v1 Activity,44.0,Moderate Box Penetration,49.0,Typical Chance Creation,68.5,Mid Defensive Activity,51.75000000000001,Typical Defensive Disruption,90.0,Aerial Heavy,team_tactical_v1,False
2526,understat:28958,arsenal,aston_villa,38,Established,52.5,Balanced Territorial Activity,25.0,Balanced Attacking Width,16.0,Cross Light,65.0,Balanced Creation,49.5,Balanced 1v1 Activity,63.0,Moderate Box Penetration,63.0,Typical Chance Creation,49.5,Mid Defensive Activity,13.500000000000002,Low Defensive Disruption,10.0,Aerial Light,team_tactical_v1,False
2526,understat:28958,aston_villa,arsenal,38,Established,95.0,Advanced Attacking Activity,75.0,Balanced Attacking Width,36.0,Balanced Crossing,15.0,Wide Creation,50.0,Balanced 1v1 Activity,94.0,High Box Penetration,89.0,High Chance Creation,98.5,Advanced Defensive Activity,18.35,Low Defensive Disruption,40.0,Balanced Aerial Volume,team_tactical_v1,False
2526,understat:28960,burnley,newcastle_united,38,Established,82.5,Advanced Attacking Activity,60.0,Balanced Attacking Width,92.5,Cross Heavy,70.0,Balanced Creation,47.5,Balanced 1v1 Activity,76.0,Moderate Box Penetration,60.0,Typical Chance Creation,69.0,Mid Defensive Activity,39.95,Typical Defensive Disruption,65.0,Balanced Aerial Volume,team_tactical_v1,False
2526,understat:28960,newcastle_united,burnley,38,Established,15.0,Deep Attacking Activity,95.0,Wide Attacking Activity,14.0,Cross Light,10.0,Wide Creation,31.5,Balanced 1v1 Activity,5.0,Low Box Penetration,8.0,Low Chance Creation,13.5,Deep Defensive Activity,54.900000000000006,Typical Defensive Disruption,70.0,Balanced Aerial Volume,team_tactical_v1,False
2526,understat:28961,bournemouth,chelsea,38,Established,62.5,Balanced Territorial Activity,20.0,Central Attacking Activity,42.5,Balanced Crossing,60.0,Balanced Creation,69.5,Balanced 1v1 Activity,41.0,Moderate Box Penetration,84.0,High Chance Creation,83.5,Advanced Defensive Activity,56.35,Typical Defensive Disruption,15.0,Aerial Light,team_tactical_v1,False
2526,understat:28961,chelsea,bournemouth,38,Established,70.0,Balanced Territorial Activity,30.0,Balanced Attacking Width,71.0,Balanced Crossing,90.0,Central Creation,85.5,Dribble Heavy,51.0,Moderate Box Penetration,72.0,Typical Chance Creation,64.5,Mid Defensive Activity,81.35,High Defensive Disruption,80.0,Aerial Heavy,team_tactical_v1,False
2526,understat:28964,manchester_united,wolverhampton_wanderers,38,Established,7.5,Deep Attacking Activity,55.0,Balanced Attacking Width,79.0,Balanced Crossing,20.0,Wide Creation,53.0,Balanced 1v1 Activity,16.0,Low Box Penetration,7.0,Low Chance Creation,8.0,Deep Defensive Activity,68.60000000000001,Typical Defensive Disruption,50.0,Balanced Aerial Volume,team_tactical_v1,False
2526,understat:28964,wolverhampton_wanderers,manchester_united,38,Established,72.5,Balanced Territorial Activity,10.0,Central Attacking Activity,30.5,Balanced Crossing,50.0,Balanced Creation,23.5,Balanced 1v1 Activity,67.0,Moderate Box Penetration,88.0,High Chance Creation,52.0,Mid Defensive Activity,75.05000000000001,Typical Defensive Disruption,55.0,Balanced Aerial Volume,team_tactical_v1,False
2526,understat:28965,everton,nottingham_forest,38,Established,62.5,Balanced Territorial Activity,90.0,Wide Attacking Activity,90.5,Cross Heavy,5.0,Wide Creation,68.5,Balanced 1v1 Activity,27.0,Moderate Box Penetration,40.0,Typical Chance Creation,39.5,Mid Defensive Activity,58.300000000000004,Typical Defensive Disruption,35.0,Balanced Aerial Volume,team_tactical_v1,False
2526,understat:28965,nottingham_forest,everton,38,Established,65.0,Balanced Territorial Activity,65.0,Balanced Attacking Width,40.0,Balanced Crossing,30.0,Balanced Creation,50.0,Balanced 1v1 Activity,56.0,Moderate Box Penetration,40.0,Typical Chance Creation,56.0,Mid Defensive Activity,58.5,Typical Defensive Disruption,100.0,Aerial Heavy,team_tactical_v1,False
2526,understat:28967,brighton,west_ham,38,Established,10.0,Deep Attacking Activity,100.0,Wide Attacking Activity,42.0,Balanced Crossing,25.0,Balanced Creation,53.5,Balanced 1v1 Activity,16.0,Low Box Penetration,29.0,Typical Chance Creation,13.0,Deep Defensive Activity,65.10000000000001,Typical Defensive Disruption,45.0,Balanced Aerial Volume,team_tactical_v1,False
2526,understat:28967,west_ham,brighton,38,Established,65.0,Balanced Territorial Activity,35.0,Balanced Attacking Width,66.0,Balanced Crossing,80.0,Central Creation,54.0,Balanced 1v1 Activity,52.0,Moderate Box Penetration,59.0,Typical Chance Creation,93.0,Advanced Defensive Activity,71.80000000000001,Typical Defensive Disruption,30.0,Balanced Aerial Volume,team_tactical_v1,False
2526,understat:28959,brentford,tottenham_hotspur,38,Established,40.0,Balanced Territorial Activity,85.0,Wide Attacking Activity,88.5,Cross Heavy,40.0,Balanced Creation,96.5,Dribble Heavy,29.0,Moderate Box Penetration,32.0,Typical Chance Creation,57.5,Mid Defensive Activity,80.2,High Defensive Disruption,60.0,Balanced Aerial Volume,team_tactical_v1,False
2526,understat:28959,tottenham_hotspur,brentford,38,Established,30.0,Balanced Territorial Activity,70.0,Balanced Attacking Width,70.5,Balanced Crossing,75.0,Balanced Creation,79.5,Balanced 1v1 Activity,73.0,Moderate Box Penetration,43.0,Typical Chance Creation,38.5,Mid Defensive Activity,59.5,Typical Defensive Disruption,85.0,Aerial Heavy,team_tactical_v1,False
2526,understat:28962,crystal_palace,fulham,38,Established,42.5,Balanced Territorial Activity,80.0,Wide Attacking Activity,62.0,Balanced Crossing,55.0,Balanced Creation,21.5,Balanced 1v1 Activity,54.0,Moderate Box Penetration,45.0,Typical Chance Creation,19.0,Deep Defensive Activity,58.400000000000006,Typical Defensive Disruption,25.0,Balanced Aerial Volume,team_tactical_v1,False
2526,understat:28962,fulham,crystal_palace,38,Established,17.5,Deep Attacking Activity,5.0,Central Attacking Activity,28.5,Balanced Crossing,100.0,Central Creation,6.5,Dribble Light,66.0,Moderate Box Penetration,44.0,Typical Chance Creation,28.5,Mid Defensive Activity,63.60000000000001,Typical Defensive Disruption,95.0,Aerial Heavy,team_tactical_v1,False
2526,understat:28963,leeds_united,liverpool,38,Established,95.0,Advanced Attacking Activity,40.0,Balanced Attacking Width,62.49999999999999,Balanced Crossing,35.0,Balanced Creation,60.99999999999999,Balanced 1v1 Activity,98.0,High Box Penetration,92.0,High Chance Creation,81.5,Advanced Defensive Activity,13.25,Low Defensive Disruption,20.0,Aerial Light,team_tactical_v1,False
2526,understat:28963,liverpool,leeds_united,38,Established,30.0,Balanced Territorial Activity,15.0,Central Attacking Activity,69.0,Balanced Crossing,95.0,Central Creation,45.0,Balanced 1v1 Activity,44.0,Moderate Box Penetration,49.0,Typical Chance Creation,68.5,Mid Defensive Activity,51.75000000000001,Typical Defensive Disruption,90.0,Aerial Heavy,team_tactical_v1,False
2526,understat:28966,manchester_city,sunderland,38,Established,40.0,Balanced Territorial Activity,50.0,Balanced Attacking Width,33.5,Balanced Crossing,45.0,Balanced Creation,23.5,Balanced 1v1 Activity,29.0,Moderate Box Penetration,15.0,Low Chance Creation,23.0,Mid Defensive Activity,25.150000000000002,Typical Defensive Disruption,75.0,Balanced Aerial Volume,team_tactical_v1,False
2526,understat:28966,sunderland,manchester_city,38,Established,95.0,Advanced Attacking Activity,45.0,Balanced Attacking Width,19.0,Cross Light,85.0,Central Creation,80.5,Dribble Heavy,93.0,High Box Penetration,97.0,High Chance Creation,93.5,Advanced Defensive Activity,39.75,Typical Defensive Disruption,5.0,Aerial Light,team_tactical_v1,False
2526,understat:28970,west_ham,wolverhampton_wanderers,38,Established,7.5,Deep Attacking Activity,55.0,Balanced Attacking Width,79.0,Balanced Crossing,20.0,Wide Creation,53.0,Balanced 1v1 Activity,16.0,Low Box Penetration,7.0,Low Chance Creation,8.0,Deep Defensive Activity,68.60000000000001,Typical Defensive Disruption,50.0,Balanced Aerial Volume,team_tactical_v1,False
2526,understat:28970,wolverhampton_wanderers,west_ham,38,Established,10.0,Deep Attacking Activity,100.0,Wide Attacking Activity,42.0,Balanced Crossing,25.0,Balanced Creation,53.5,Balanced 1v1 Activity,16.0,Low Box Penetration,29.0,Typical Chance Creation,13.0,Deep Defensive Activity,65.10000000000001,Typical Defensive Disruption,45.0,Balanced Aerial Volume,team_tactical_v1,False
2526,understat:28971,arsenal,bournemouth,38,Established,70.0,Balanced Territorial Activity,30.0,Balanced Attacking Width,71.0,Balanced Crossing,90.0,Central Creation,85.5,Dribble Heavy,51.0,Moderate Box Penetration,72.0,Typical Chance Creation,64.5,Mid Defensive Activity,81.35,High Defensive Disruption,80.0,Aerial Heavy,team_tactical_v1,False
2526,understat:28971,bournemouth,arsenal,38,Established,95.0,Advanced Attacking Activity,75.0,Balanced Attacking Width,36.0,Balanced Crossing,15.0,Wide Creation,50.0,Balanced 1v1 Activity,94.0,High Box Penetration,89.0,High Chance Creation,98.5,Advanced Defensive Activity,18.35,Low Defensive Disruption,40.0,Balanced Aerial Volume,team_tactical_v1,False
2526,understat:28972,aston_villa,nottingham_forest,38,Established,62.5,Balanced Territorial Activity,90.0,Wide Attacking Activity,90.5,Cross Heavy,5.0,Wide Creation,68.5,Balanced 1v1 Activity,27.0,Moderate Box Penetration,40.0,Typical Chance Creation,39.5,Mid Defensive Activity,58.300000000000004,Typical Defensive Disruption,35.0,Balanced Aerial Volume,team_tactical_v1,False
2526,understat:28972,nottingham_forest,aston_villa,38,Established,52.5,Balanced Territorial Activity,25.0,Balanced Attacking Width,16.0,Cross Light,65.0,Balanced Creation,49.5,Balanced 1v1 Activity,63.0,Moderate Box Penetration,63.0,Typical Chance Creation,49.5,Mid Defensive Activity,13.500000000000002,Low Defensive Disruption,10.0,Aerial Light,team_tactical_v1,False
2526,understat:28973,brighton,burnley,38,Established,15.0,Deep Attacking Activity,95.0,Wide Attacking Activity,14.0,Cross Light,10.0,Wide Creation,31.5,Balanced 1v1 Activity,5.0,Low Box Penetration,8.0,Low Chance Creation,13.5,Deep Defensive Activity,54.900000000000006,Typical Defensive Disruption,70.0,Balanced Aerial Volume,team_tactical_v1,False
2526,understat:28973,burnley,brighton,38,Established,65.0,Balanced Territorial Activity,35.0,Balanced Attacking Width,66.0,Balanced Crossing,80.0,Central Creation,54.0,Balanced 1v1 Activity,52.0,Moderate Box Penetration,59.0,Typical Chance Creation,93.0,Advanced Defensive Activity,71.80000000000001,Typical Defensive Disruption,30.0,Balanced Aerial Volume,team_tactical_v1,False
2526,understat:28968,crystal_palace,newcastle_united,38,Established,82.5,Advanced Attacking Activity,60.0,Balanced Attacking Width,92.5,Cross Heavy,70.0,Balanced Creation,47.5,Balanced 1v1 Activity,76.0,Moderate Box Penetration,60.0,Typical Chance Creation,69.0,Mid Defensive Activity,39.95,Typical Defensive Disruption,65.0,Balanced Aerial Volume,team_tactical_v1,False
2526,understat:28968,newcastle_united,crystal_palace,38,Established,17.5,Deep Attacking Activity,5.0,Central Attacking Activity,28.5,Balanced Crossing,100.0,Central Creation,6.5,Dribble Light,66.0,Moderate Box Penetration,44.0,Typical Chance Creation,28.5,Mid Defensive Activity,63.60000000000001,Typical Defensive Disruption,95.0,Aerial Heavy,team_tactical_v1,False
2526,understat:28969,sunderland,tottenham_hotspur,38,Established,40.0,Balanced Territorial Activity,85.0,Wide Attacking Activity,88.5,Cross Heavy,40.0,Balanced Creation,96.5,Dribble Heavy,29.0,Moderate Box Penetration,32.0,Typical Chance Creation,57.5,Mid Defensive Activity,80.2,High Defensive Disruption,60.0,Balanced Aerial Volume,team_tactical_v1,False
2526,understat:28969,tottenham_hotspur,sunderland,38,Established,40.0,Balanced Territorial Activity,50.0,Balanced Attacking Width,33.5,Balanced Crossing,45.0,Balanced Creation,23.5,Balanced 1v1 Activity,29.0,Moderate Box Penetration,15.0,Low Chance Creation,23.0,Mid Defensive Activity,25.150000000000002,Typical Defensive Disruption,75.0,Balanced Aerial Volume,team_tactical_v1,False
2526,understat:28974,brentford,everton,38,Established,65.0,Balanced Territorial Activity,65.0,Balanced Attacking Width,40.0,Balanced Crossing,30.0,Balanced Creation,50.0,Balanced 1v1 Activity,56.0,Moderate Box Penetration,40.0,Typical Chance Creation,56.0,Mid Defensive Activity,58.5,Typical Defensive Disruption,100.0,Aerial Heavy,team_tactical_v1,False
2526,understat:28974,everton,brentford,38,Established,30.0,Balanced Territorial Activity,70.0,Balanced Attacking Width,70.5,Balanced Crossing,75.0,Balanced Creation,79.5,Balanced 1v1 Activity,73.0,Moderate Box Penetration,43.0,Typical Chance Creation,38.5,Mid Defensive Activity,59.5,Typical Defensive Disruption,85.0,Aerial Heavy,team_tactical_v1,False
2526,understat:28975,fulham,liverpool,38,Established,95.0,Advanced Attacking Activity,40.0,Balanced Attacking Width,62.49999999999999,Balanced Crossing,35.0,Balanced Creation,60.99999999999999,Balanced 1v1 Activity,98.0,High Box Penetration,92.0,High Chance Creation,81.5,Advanced Defensive Activity,13.25,Low Defensive Disruption,20.0,Aerial Light,team_tactical_v1,False
2526,understat:28975,liverpool,fulham,38,Established,42.5,Balanced Territorial Activity,80.0,Wide Attacking Activity,62.0,Balanced Crossing,55.0,Balanced Creation,21.5,Balanced 1v1 Activity,54.0,Moderate Box Penetration,45.0,Typical Chance Creation,19.0,Deep Defensive Activity,58.400000000000006,Typical Defensive Disruption,25.0,Balanced Aerial Volume,team_tactical_v1,False
2526,understat:28976,leeds_united,manchester_united,38,Established,72.5,Balanced Territorial Activity,10.0,Central Attacking Activity,30.5,Balanced Crossing,50.0,Balanced Creation,23.5,Balanced 1v1 Activity,67.0,Moderate Box Penetration,88.0,High Chance Creation,52.0,Mid Defensive Activity,75.05000000000001,Typical Defensive Disruption,55.0,Balanced Aerial Volume,team_tactical_v1,False
2526,understat:28976,manchester_united,leeds_united,38,Established,30.0,Balanced Territorial Activity,15.0,Central Attacking Activity,69.0,Balanced Crossing,95.0,Central Creation,45.0,Balanced 1v1 Activity,44.0,Moderate Box Penetration,49.0,Typical Chance Creation,68.5,Mid Defensive Activity,51.75000000000001,Typical Defensive Disruption,90.0,Aerial Heavy,team_tactical_v1,False
2526,understat:28977,chelsea,manchester_city,38,Established,95.0,Advanced Attacking Activity,45.0,Balanced Attacking Width,19.0,Cross Light,85.0,Central Creation,80.5,Dribble Heavy,93.0,High Box Penetration,97.0,High Chance Creation,93.5,Advanced Defensive Activity,39.75,Typical Defensive Disruption,5.0,Aerial Light,team_tactical_v1,False
2526,understat:28977,manchester_city,chelsea,38,Established,62.5,Balanced Territorial Activity,20.0,Central Attacking Activity,42.5,Balanced Crossing,60.0,Balanced Creation,69.5,Balanced 1v1 Activity,41.0,Moderate Box Penetration,84.0,High Chance Creation,83.5,Advanced Defensive Activity,56.35,Typical Defensive Disruption,15.0,Aerial Light,team_tactical_v1,False
2526,understat:28987,nottingham_forest,west_ham,38,Established,10.0,Deep Attacking Activity,100.0,Wide Attacking Activity,42.0,Balanced Crossing,25.0,Balanced Creation,53.5,Balanced 1v1 Activity,16.0,Low Box Penetration,29.0,Typical Chance Creation,13.0,Deep Defensive Activity,65.10000000000001,Typical Defensive Disruption,45.0,Balanced Aerial Volume,team_tactical_v1,False
2526,understat:28987,west_ham,nottingham_forest,38,Established,62.5,Balanced Territorial Activity,90.0,Wide Attacking Activity,90.5,Cross Heavy,5.0,Wide Creation,68.5,Balanced 1v1 Activity,27.0,Moderate Box Penetration,40.0,Typical Chance Creation,39.5,Mid Defensive Activity,58.300000000000004,Typical Defensive Disruption,35.0,Balanced Aerial Volume,team_tactical_v1,False
2526,understat:28978,everton,wolverhampton_wanderers,38,Established,7.5,Deep Attacking Activity,55.0,Balanced Attacking Width,79.0,Balanced Crossing,20.0,Wide Creation,53.0,Balanced 1v1 Activity,16.0,Low Box Penetration,7.0,Low Chance Creation,8.0,Deep Defensive Activity,68.60000000000001,Typical Defensive Disruption,50.0,Balanced Aerial Volume,team_tactical_v1,False
2526,understat:28978,wolverhampton_wanderers,everton,38,Established,65.0,Balanced Territorial Activity,65.0,Balanced Attacking Width,40.0,Balanced Crossing,30.0,Balanced Creation,50.0,Balanced 1v1 Activity,56.0,Moderate Box Penetration,40.0,Typical Chance Creation,56.0,Mid Defensive Activity,58.5,Typical Defensive Disruption,100.0,Aerial Heavy,team_tactical_v1,False
2526,understat:28979,bournemouth,tottenham_hotspur,38,Established,40.0,Balanced Territorial Activity,85.0,Wide Attacking Activity,88.5,Cross Heavy,40.0,Balanced Creation,96.5,Dribble Heavy,29.0,Moderate Box Penetration,32.0,Typical Chance Creation,57.5,Mid Defensive Activity,80.2,High Defensive Disruption,60.0,Balanced Aerial Volume,team_tactical_v1,False
2526,understat:28979,tottenham_hotspur,bournemouth,38,Established,70.0,Balanced Territorial Activity,30.0,Balanced Attacking Width,71.0,Balanced Crossing,90.0,Central Creation,85.5,Dribble Heavy,51.0,Moderate Box Penetration,72.0,Typical Chance Creation,64.5,Mid Defensive Activity,81.35,High Defensive Disruption,80.0,Aerial Heavy,team_tactical_v1,False
2526,understat:28981,brentford,sunderland,38,Established,40.0,Balanced Territorial Activity,50.0,Balanced Attacking Width,33.5,Balanced Crossing,45.0,Balanced Creation,23.5,Balanced 1v1 Activity,29.0,Moderate Box Penetration,15.0,Low Chance Creation,23.0,Mid Defensive Activity,25.150000000000002,Typical Defensive Disruption,75.0,Balanced Aerial Volume,team_tactical_v1,False
2526,understat:28981,sunderland,brentford,38,Established,30.0,Balanced Territorial Activity,70.0,Balanced Attacking Width,70.5,Balanced Crossing,75.0,Balanced Creation,79.5,Balanced 1v1 Activity,73.0,Moderate Box Penetration,43.0,Typical Chance Creation,38.5,Mid Defensive Activity,59.5,Typical Defensive Disruption,85.0,Aerial Heavy,team_tactical_v1,False
2526,understat:28982,burnley,manchester_united,38,Established,72.5,Balanced Territorial Activity,10.0,Central Attacking Activity,30.5,Balanced Crossing,50.0,Balanced Creation,23.5,Balanced 1v1 Activity,67.0,Moderate Box Penetration,88.0,High Chance Creation,52.0,Mid Defensive Activity,75.05000000000001,Typical Defensive Disruption,55.0,Balanced Aerial Volume,team_tactical_v1,False
2526,understat:28982,manchester_united,burnley,38,Established,15.0,Deep Attacking Activity,95.0,Wide Attacking Activity,14.0,Cross Light,10.0,Wide Creation,31.5,Balanced 1v1 Activity,5.0,Low Box Penetration,8.0,Low Chance Creation,13.5,Deep Defensive Activity,54.900000000000006,Typical Defensive Disruption,70.0,Balanced Aerial Volume,team_tactical_v1,False
2526,understat:28983,aston_villa,crystal_palace,38,Established,17.5,Deep Attacking Activity,5.0,Central Attacking Activity,28.5,Balanced Crossing,100.0,Central Creation,6.5,Dribble Light,66.0,Moderate Box Penetration,44.0,Typical Chance Creation,28.5,Mid Defensive Activity,63.60000000000001,Typical Defensive Disruption,95.0,Aerial Heavy,team_tactical_v1,False
2526,understat:28983,crystal_palace,aston_villa,38,Established,52.5,Balanced Territorial Activity,25.0,Balanced Attacking Width,16.0,Cross Light,65.0,Balanced Creation,49.5,Balanced 1v1 Activity,63.0,Moderate Box Penetration,63.0,Typical Chance Creation,49.5,Mid Defensive Activity,13.500000000000002,Low Defensive Disruption,10.0,Aerial Light,team_tactical_v1,False
2526,understat:28984,chelsea,fulham,38,Established,42.5,Balanced Territorial Activity,80.0,Wide Attacking Activity,62.0,Balanced Crossing,55.0,Balanced Creation,21.5,Balanced 1v1 Activity,54.0,Moderate Box Penetration,45.0,Typical Chance Creation,19.0,Deep Defensive Activity,58.400000000000006,Typical Defensive Disruption,25.0,Balanced Aerial Volume,team_tactical_v1,False
2526,understat:28984,fulham,chelsea,38,Established,62.5,Balanced Territorial Activity,20.0,Central Attacking Activity,42.5,Balanced Crossing,60.0,Balanced Creation,69.5,Balanced 1v1 Activity,41.0,Moderate Box Penetration,84.0,High Chance Creation,83.5,Advanced Defensive Activity,56.35,Typical Defensive Disruption,15.0,Aerial Light,team_tactical_v1,False
2526,understat:28985,brighton,manchester_city,38,Established,95.0,Advanced Attacking Activity,45.0,Balanced Attacking Width,19.0,Cross Light,85.0,Central Creation,80.5,Dribble Heavy,93.0,High Box Penetration,97.0,High Chance Creation,93.5,Advanced Defensive Activity,39.75,Typical Defensive Disruption,5.0,Aerial Light,team_tactical_v1,False
2526,understat:28985,manchester_city,brighton,38,Established,65.0,Balanced Territorial Activity,35.0,Balanced Attacking Width,66.0,Balanced Crossing,80.0,Central Creation,54.0,Balanced 1v1 Activity,52.0,Moderate Box Penetration,59.0,Typical Chance Creation,93.0,Advanced Defensive Activity,71.80000000000001,Typical Defensive Disruption,30.0,Balanced Aerial Volume,team_tactical_v1,False
2526,understat:28986,leeds_united,newcastle_united,38,Established,82.5,Advanced Attacking Activity,60.0,Balanced Attacking Width,92.5,Cross Heavy,70.0,Balanced Creation,47.5,Balanced 1v1 Activity,76.0,Moderate Box Penetration,60.0,Typical Chance Creation,69.0,Mid Defensive Activity,39.95,Typical Defensive Disruption,65.0,Balanced Aerial Volume,team_tactical_v1,False
2526,understat:28986,newcastle_united,leeds_united,38,Established,30.0,Balanced Territorial Activity,15.0,Central Attacking Activity,69.0,Balanced Crossing,95.0,Central Creation,45.0,Balanced 1v1 Activity,44.0,Moderate Box Penetration,49.0,Typical Chance Creation,68.5,Mid Defensive Activity,51.75000000000001,Typical Defensive Disruption,90.0,Aerial Heavy,team_tactical_v1,False
2526,understat:28980,arsenal,liverpool,38,Established,95.0,Advanced Attacking Activity,40.0,Balanced Attacking Width,62.49999999999999,Balanced Crossing,35.0,Balanced Creation,60.99999999999999,Balanced 1v1 Activity,98.0,High Box Penetration,92.0,High Chance Creation,81.5,Advanced Defensive Activity,13.25,Low Defensive Disruption,20.0,Aerial Light,team_tactical_v1,False
2526,understat:28980,liverpool,arsenal,38,Established,95.0,Advanced Attacking Activity,75.0,Balanced Attacking Width,36.0,Balanced Crossing,15.0,Wide Creation,50.0,Balanced 1v1 Activity,94.0,High Box Penetration,89.0,High Chance Creation,98.5,Advanced Defensive Activity,18.35,Low Defensive Disruption,40.0,Balanced Aerial Volume,team_tactical_v1,False
2526,understat:28990,brentford,chelsea,38,Established,62.5,Balanced Territorial Activity,20.0,Central Attacking Activity,42.5,Balanced Crossing,60.0,Balanced Creation,69.5,Balanced 1v1 Activity,41.0,Moderate Box Penetration,84.0,High Chance Creation,83.5,Advanced Defensive Activity,56.35,Typical Defensive Disruption,15.0,Aerial Light,team_tactical_v1,False
2526,understat:28990,chelsea,brentford,38,Established,30.0,Balanced Territorial Activity,70.0,Balanced Attacking Width,70.5,Balanced Crossing,75.0,Balanced Creation,79.5,Balanced 1v1 Activity,73.0,Moderate Box Penetration,43.0,Typical Chance Creation,38.5,Mid Defensive Activity,59.5,Typical Defensive Disruption,85.0,Aerial Heavy,team_tactical_v1,False
2526,understat:28991,fulham,leeds_united,38,Established,30.0,Balanced Territorial Activity,15.0,Central Attacking Activity,69.0,Balanced Crossing,95.0,Central Creation,45.0,Balanced 1v1 Activity,44.0,Moderate Box Penetration,49.0,Typical Chance Creation,68.5,Mid Defensive Activity,51.75000000000001,Typical Defensive Disruption,90.0,Aerial Heavy,team_tactical_v1,False
2526,understat:28991,leeds_united,fulham,38,Established,42.5,Balanced Territorial Activity,80.0,Wide Attacking Activity,62.0,Balanced Crossing,55.0,Balanced Creation,21.5,Balanced 1v1 Activity,54.0,Moderate Box Penetration,45.0,Typical Chance Creation,19.0,Deep Defensive Activity,58.400000000000006,Typical Defensive Disruption,25.0,Balanced Aerial Volume,team_tactical_v1,False
2526,understat:28992,burnley,liverpool,38,Established,95.0,Advanced Attacking Activity,40.0,Balanced Attacking Width,62.49999999999999,Balanced Crossing,35.0,Balanced Creation,60.99999999999999,Balanced 1v1 Activity,98.0,High Box Penetration,92.0,High Chance Creation,81.5,Advanced Defensive Activity,13.25,Low Defensive Disruption,20.0,Aerial Light,team_tactical_v1,False
2526,understat:28992,liverpool,burnley,38,Established,15.0,Deep Attacking Activity,95.0,Wide Attacking Activity,14.0,Cross Light,10.0,Wide Creation,31.5,Balanced 1v1 Activity,5.0,Low Box Penetration,8.0,Low Chance Creation,13.5,Deep Defensive Activity,54.900000000000006,Typical Defensive Disruption,70.0,Balanced Aerial Volume,team_tactical_v1,False
2526,understat:28993,manchester_city,manchester_united,38,Established,72.5,Balanced Territorial Activity,10.0,Central Attacking Activity,30.5,Balanced Crossing,50.0,Balanced Creation,23.5,Balanced 1v1 Activity,67.0,Moderate Box Penetration,88.0,High Chance Creation,52.0,Mid Defensive Activity,75.05000000000001,Typical Defensive Disruption,55.0,Balanced Aerial Volume,team_tactical_v1,False
2526,understat:28993,manchester_united,manchester_city,38,Established,95.0,Advanced Attacking Activity,45.0,Balanced Attacking Width,19.0,Cross Light,85.0,Central Creation,80.5,Dribble Heavy,93.0,High Box Penetration,97.0,High Chance Creation,93.5,Advanced Defensive Activity,39.75,Typical Defensive Disruption,5.0,Aerial Light,team_tactical_v1,False
2526,understat:28994,arsenal,nottingham_forest,38,Established,62.5,Balanced Territorial Activity,90.0,Wide Attacking Activity,90.5,Cross Heavy,5.0,Wide Creation,68.5,Balanced 1v1 Activity,27.0,Moderate Box Penetration,40.0,Typical Chance Creation,39.5,Mid Defensive Activity,58.300000000000004,Typical Defensive Disruption,35.0,Balanced Aerial Volume,team_tactical_v1,False
2526,understat:28994,nottingham_forest,arsenal,38,Established,95.0,Advanced Attacking Activity,75.0,Balanced Attacking Width,36.0,Balanced Crossing,15.0,Wide Creation,50.0,Balanced 1v1 Activity,94.0,High Box Penetration,89.0,High Chance Creation,98.5,Advanced Defensive Activity,18.35,Low Defensive Disruption,40.0,Balanced Aerial Volume,team_tactical_v1,False
2526,understat:28995,crystal_palace,sunderland,38,Established,40.0,Balanced Territorial Activity,50.0,Balanced Attacking Width,33.5,Balanced Crossing,45.0,Balanced Creation,23.5,Balanced 1v1 Activity,29.0,Moderate Box Penetration,15.0,Low Chance Creation,23.0,Mid Defensive Activity,25.150000000000002,Typical Defensive Disruption,75.0,Balanced Aerial Volume,team_tactical_v1,False
2526,understat:28995,sunderland,crystal_palace,38,Established,17.5,Deep Attacking Activity,5.0,Central Attacking Activity,28.5,Balanced Crossing,100.0,Central Creation,6.5,Dribble Light,66.0,Moderate Box Penetration,44.0,Typical Chance Creation,28.5,Mid Defensive Activity,63.60000000000001,Typical Defensive Disruption,95.0,Aerial Heavy,team_tactical_v1,False
2526,understat:28996,tottenham_hotspur,west_ham,38,Established,10.0,Deep Attacking Activity,100.0,Wide Attacking Activity,42.0,Balanced Crossing,25.0,Balanced Creation,53.5,Balanced 1v1 Activity,16.0,Low Box Penetration,29.0,Typical Chance Creation,13.0,Deep Defensive Activity,65.10000000000001,Typical Defensive Disruption,45.0,Balanced Aerial Volume,team_tactical_v1,False
2526,understat:28996,west_ham,tottenham_hotspur,38,Established,40.0,Balanced Territorial Activity,85.0,Wide Attacking Activity,88.5,Cross Heavy,40.0,Balanced Creation,96.5,Dribble Heavy,29.0,Moderate Box Penetration,32.0,Typical Chance Creation,57.5,Mid Defensive Activity,80.2,High Defensive Disruption,60.0,Balanced Aerial Volume,team_tactical_v1,False
2526,understat:28988,aston_villa,everton,38,Established,65.0,Balanced Territorial Activity,65.0,Balanced Attacking Width,40.0,Balanced Crossing,30.0,Balanced Creation,50.0,Balanced 1v1 Activity,56.0,Moderate Box Penetration,40.0,Typical Chance Creation,56.0,Mid Defensive Activity,58.5,Typical Defensive Disruption,100.0,Aerial Heavy,team_tactical_v1,False
2526,understat:28988,everton,aston_villa,38,Established,52.5,Balanced Territorial Activity,25.0,Balanced Attacking Width,16.0,Cross Light,65.0,Balanced Creation,49.5,Balanced 1v1 Activity,63.0,Moderate Box Penetration,63.0,Typical Chance Creation,49.5,Mid Defensive Activity,13.500000000000002,Low Defensive Disruption,10.0,Aerial Light,team_tactical_v1,False
2526,understat:28997,newcastle_united,wolverhampton_wanderers,38,Established,7.5,Deep Attacking Activity,55.0,Balanced Attacking Width,79.0,Balanced Crossing,20.0,Wide Creation,53.0,Balanced 1v1 Activity,16.0,Low Box Penetration,7.0,Low Chance Creation,8.0,Deep Defensive Activity,68.60000000000001,Typical Defensive Disruption,50.0,Balanced Aerial Volume,team_tactical_v1,False
2526,understat:28997,wolverhampton_wanderers,newcastle_united,38,Established,82.5,Advanced Attacking Activity,60.0,Balanced Attacking Width,92.5,Cross Heavy,70.0,Balanced Creation,47.5,Balanced 1v1 Activity,76.0,Moderate Box Penetration,60.0,Typical Chance Creation,69.0,Mid Defensive Activity,39.95,Typical Defensive Disruption,65.0,Balanced Aerial Volume,team_tactical_v1,False
2526,understat:28989,bournemouth,brighton,38,Established,65.0,Balanced Territorial Activity,35.0,Balanced Attacking Width,66.0,Balanced Crossing,80.0,Central Creation,54.0,Balanced 1v1 Activity,52.0,Moderate Box Penetration,59.0,Typical Chance Creation,93.0,Advanced Defensive Activity,71.80000000000001,Typical Defensive Disruption,30.0,Balanced Aerial Volume,team_tactical_v1,False
2526,understat:28989,brighton,bournemouth,38,Established,70.0,Balanced Territorial Activity,30.0,Balanced Attacking Width,71.0,Balanced Crossing,90.0,Central Creation,85.5,Dribble Heavy,51.0,Moderate Box Penetration,72.0,Typical Chance Creation,64.5,Mid Defensive Activity,81.35,High Defensive Disruption,80.0,Aerial Heavy,team_tactical_v1,False
2526,understat:28998,bournemouth,liverpool,38,Established,95.0,Advanced Attacking Activity,40.0,Balanced Attacking Width,62.49999999999999,Balanced Crossing,35.0,Balanced Creation,60.99999999999999,Balanced 1v1 Activity,98.0,High Box Penetration,92.0,High Chance Creation,81.5,Advanced Defensive Activity,13.25,Low Defensive Disruption,20.0,Aerial Light,team_tactical_v1,False
2526,understat:28998,liverpool,bournemouth,38,Established,70.0,Balanced Territorial Activity,30.0,Balanced Attacking Width,71.0,Balanced Crossing,90.0,Central Creation,85.5,Dribble Heavy,51.0,Moderate Box Penetration,72.0,Typical Chance Creation,64.5,Mid Defensive Activity,81.35,High Defensive Disruption,80.0,Aerial Heavy,team_tactical_v1,False
2526,understat:29001,burnley,tottenham_hotspur,38,Established,40.0,Balanced Territorial Activity,85.0,Wide Attacking Activity,88.5,Cross Heavy,40.0,Balanced Creation,96.5,Dribble Heavy,29.0,Moderate Box Penetration,32.0,Typical Chance Creation,57.5,Mid Defensive Activity,80.2,High Defensive Disruption,60.0,Balanced Aerial Volume,team_tactical_v1,False
2526,understat:29001,tottenham_hotspur,burnley,38,Established,15.0,Deep Attacking Activity,95.0,Wide Attacking Activity,14.0,Cross Light,10.0,Wide Creation,31.5,Balanced 1v1 Activity,5.0,Low Box Penetration,8.0,Low Chance Creation,13.5,Deep Defensive Activity,54.900000000000006,Typical Defensive Disruption,70.0,Balanced Aerial Volume,team_tactical_v1,False
2526,understat:29004,brighton,fulham,38,Established,42.5,Balanced Territorial Activity,80.0,Wide Attacking Activity,62.0,Balanced Crossing,55.0,Balanced Creation,21.5,Balanced 1v1 Activity,54.0,Moderate Box Penetration,45.0,Typical Chance Creation,19.0,Deep Defensive Activity,58.400000000000006,Typical Defensive Disruption,25.0,Balanced Aerial Volume,team_tactical_v1,False
2526,understat:29004,fulham,brighton,38,Established,65.0,Balanced Territorial Activity,35.0,Balanced Attacking Width,66.0,Balanced Crossing,80.0,Central Creation,54.0,Balanced 1v1 Activity,52.0,Moderate Box Penetration,59.0,Typical Chance Creation,93.0,Advanced Defensive Activity,71.80000000000001,Typical Defensive Disruption,30.0,Balanced Aerial Volume,team_tactical_v1,False
2526,understat:29005,manchester_city,wolverhampton_wanderers,38,Established,7.5,Deep Attacking Activity,55.0,Balanced Attacking Width,79.0,Balanced Crossing,20.0,Wide Creation,53.0,Balanced 1v1 Activity,16.0,Low Box Penetration,7.0,Low Chance Creation,8.0,Deep Defensive Activity,68.60000000000001,Typical Defensive Disruption,50.0,Balanced Aerial Volume,team_tactical_v1,False
2526,understat:29005,wolverhampton_wanderers,manchester_city,38,Established,95.0,Advanced Attacking Activity,45.0,Balanced Attacking Width,19.0,Cross Light,85.0,Central Creation,80.5,Dribble Heavy,93.0,High Box Penetration,97.0,High Chance Creation,93.5,Advanced Defensive Activity,39.75,Typical Defensive Disruption,5.0,Aerial Light,team_tactical_v1,False
2526,understat:29007,sunderland,west_ham,38,Established,10.0,Deep Attacking Activity,100.0,Wide Attacking Activity,42.0,Balanced Crossing,25.0,Balanced Creation,53.5,Balanced 1v1 Activity,16.0,Low Box Penetration,29.0,Typical Chance Creation,13.0,Deep Defensive Activity,65.10000000000001,Typical Defensive Disruption,45.0,Balanced Aerial Volume,team_tactical_v1,False
2526,understat:29007,west_ham,sunderland,38,Established,40.0,Balanced Territorial Activity,50.0,Balanced Attacking Width,33.5,Balanced Crossing,45.0,Balanced Creation,23.5,Balanced 1v1 Activity,29.0,Moderate Box Penetration,15.0,Low Chance Creation,23.0,Mid Defensive Activity,25.150000000000002,Typical Defensive Disruption,75.0,Balanced Aerial Volume,team_tactical_v1,False
2526,understat:28999,arsenal,manchester_united,38,Established,72.5,Balanced Territorial Activity,10.0,Central Attacking Activity,30.5,Balanced Crossing,50.0,Balanced Creation,23.5,Balanced 1v1 Activity,67.0,Moderate Box Penetration,88.0,High Chance Creation,52.0,Mid Defensive Activity,75.05000000000001,Typical Defensive Disruption,55.0,Balanced Aerial Volume,team_tactical_v1,False
2526,understat:28999,manchester_united,arsenal,38,Established,95.0,Advanced Attacking Activity,75.0,Balanced Attacking Width,36.0,Balanced Crossing,15.0,Wide Creation,50.0,Balanced 1v1 Activity,94.0,High Box Penetration,89.0,High Chance Creation,98.5,Advanced Defensive Activity,18.35,Low Defensive Disruption,40.0,Balanced Aerial Volume,team_tactical_v1,False
2526,understat:29000,brentford,nottingham_forest,38,Established,62.5,Balanced Territorial Activity,90.0,Wide Attacking Activity,90.5,Cross Heavy,5.0,Wide Creation,68.5,Balanced 1v1 Activity,27.0,Moderate Box Penetration,40.0,Typical Chance Creation,39.5,Mid Defensive Activity,58.300000000000004,Typical Defensive Disruption,35.0,Balanced Aerial Volume,team_tactical_v1,False
2526,understat:29000,nottingham_forest,brentford,38,Established,30.0,Balanced Territorial Activity,70.0,Balanced Attacking Width,70.5,Balanced Crossing,75.0,Balanced Creation,79.5,Balanced 1v1 Activity,73.0,Moderate Box Penetration,43.0,Typical Chance Creation,38.5,Mid Defensive Activity,59.5,Typical Defensive Disruption,85.0,Aerial Heavy,team_tactical_v1,False
2526,understat:29002,chelsea,crystal_palace,38,Established,17.5,Deep Attacking Activity,5.0,Central Attacking Activity,28.5,Balanced Crossing,100.0,Central Creation,6.5,Dribble Light,66.0,Moderate Box Penetration,44.0,Typical Chance Creation,28.5,Mid Defensive Activity,63.60000000000001,Typical Defensive Disruption,95.0,Aerial Heavy,team_tactical_v1,False
2526,understat:29002,crystal_palace,chelsea,38,Established,62.5,Balanced Territorial Activity,20.0,Central Attacking Activity,42.5,Balanced Crossing,60.0,Balanced Creation,69.5,Balanced 1v1 Activity,41.0,Moderate Box Penetration,84.0,High Chance Creation,83.5,Advanced Defensive Activity,56.35,Typical Defensive Disruption,15.0,Aerial Light,team_tactical_v1,False
2526,understat:29006,aston_villa,newcastle_united,38,Established,82.5,Advanced Attacking Activity,60.0,Balanced Attacking Width,92.5,Cross Heavy,70.0,Balanced Creation,47.5,Balanced 1v1 Activity,76.0,Moderate Box Penetration,60.0,Typical Chance Creation,69.0,Mid Defensive Activity,39.95,Typical Defensive Disruption,65.0,Balanced Aerial Volume,team_tactical_v1,False
2526,understat:29006,newcastle_united,aston_villa,38,Established,52.5,Balanced Territorial Activity,25.0,Balanced Attacking Width,16.0,Cross Light,65.0,Balanced Creation,49.5,Balanced 1v1 Activity,63.0,Moderate Box Penetration,63.0,Typical Chance Creation,49.5,Mid Defensive Activity,13.500000000000002,Low Defensive Disruption,10.0,Aerial Light,team_tactical_v1,False
2526,understat:29003,everton,leeds_united,38,Established,30.0,Balanced Territorial Activity,15.0,Central Attacking Activity,69.0,Balanced Crossing,95.0,Central Creation,45.0,Balanced 1v1 Activity,44.0,Moderate Box Penetration,49.0,Typical Chance Creation,68.5,Mid Defensive Activity,51.75000000000001,Typical Defensive Disruption,90.0,Aerial Heavy,team_tactical_v1,False
2526,understat:29003,leeds_united,everton,38,Established,65.0,Balanced Territorial Activity,65.0,Balanced Attacking Width,40.0,Balanced Crossing,30.0,Balanced Creation,50.0,Balanced 1v1 Activity,56.0,Moderate Box Penetration,40.0,Typical Chance Creation,56.0,Mid Defensive Activity,58.5,Typical Defensive Disruption,100.0,Aerial Heavy,team_tactical_v1,False
2526,understat:29009,chelsea,west_ham,38,Established,10.0,Deep Attacking Activity,100.0,Wide Attacking Activity,42.0,Balanced Crossing,25.0,Balanced Creation,53.5,Balanced 1v1 Activity,16.0,Low Box Penetration,29.0,Typical Chance Creation,13.0,Deep Defensive Activity,65.10000000000001,Typical Defensive Disruption,45.0,Balanced Aerial Volume,team_tactical_v1,False
2526,understat:29009,west_ham,chelsea,38,Established,62.5,Balanced Territorial Activity,20.0,Central Attacking Activity,42.5,Balanced Crossing,60.0,Balanced Creation,69.5,Balanced 1v1 Activity,41.0,Moderate Box Penetration,84.0,High Chance Creation,83.5,Advanced Defensive Activity,56.35,Typical Defensive Disruption,15.0,Aerial Light,team_tactical_v1,False
2526,understat:29010,brighton,everton,38,Established,65.0,Balanced Territorial Activity,65.0,Balanced Attacking Width,40.0,Balanced Crossing,30.0,Balanced Creation,50.0,Balanced 1v1 Activity,56.0,Moderate Box Penetration,40.0,Typical Chance Creation,56.0,Mid Defensive Activity,58.5,Typical Defensive Disruption,100.0,Aerial Heavy,team_tactical_v1,False
2526,understat:29010,everton,brighton,38,Established,65.0,Balanced Territorial Activity,35.0,Balanced Attacking Width,66.0,Balanced Crossing,80.0,Central Creation,54.0,Balanced 1v1 Activity,52.0,Moderate Box Penetration,59.0,Typical Chance Creation,93.0,Advanced Defensive Activity,71.80000000000001,Typical Defensive Disruption,30.0,Balanced Aerial Volume,team_tactical_v1,False
2526,understat:29014,liverpool,newcastle_united,38,Established,82.5,Advanced Attacking Activity,60.0,Balanced Attacking Width,92.5,Cross Heavy,70.0,Balanced Creation,47.5,Balanced 1v1 Activity,76.0,Moderate Box Penetration,60.0,Typical Chance Creation,69.0,Mid Defensive Activity,39.95,Typical Defensive Disruption,65.0,Balanced Aerial Volume,team_tactical_v1,False
2526,understat:29014,newcastle_united,liverpool,38,Established,95.0,Advanced Attacking Activity,40.0,Balanced Attacking Width,62.49999999999999,Balanced Crossing,35.0,Balanced Creation,60.99999999999999,Balanced 1v1 Activity,98.0,High Box Penetration,92.0,High Chance Creation,81.5,Advanced Defensive Activity,13.25,Low Defensive Disruption,20.0,Aerial Light,team_tactical_v1,False
2526,understat:29015,arsenal,leeds_united,38,Established,30.0,Balanced Territorial Activity,15.0,Central Attacking Activity,69.0,Balanced Crossing,95.0,Central Creation,45.0,Balanced 1v1 Activity,44.0,Moderate Box Penetration,49.0,Typical Chance Creation,68.5,Mid Defensive Activity,51.75000000000001,Typical Defensive Disruption,90.0,Aerial Heavy,team_tactical_v1,False
2526,understat:29015,leeds_united,arsenal,38,Established,95.0,Advanced Attacking Activity,75.0,Balanced Attacking Width,36.0,Balanced Crossing,15.0,Wide Creation,50.0,Balanced 1v1 Activity,94.0,High Box Penetration,89.0,High Chance Creation,98.5,Advanced Defensive Activity,18.35,Low Defensive Disruption,40.0,Balanced Aerial Volume,team_tactical_v1,False
2526,understat:29017,bournemouth,wolverhampton_wanderers,38,Established,7.5,Deep Attacking Activity,55.0,Balanced Attacking Width,79.0,Balanced Crossing,20.0,Wide Creation,53.0,Balanced 1v1 Activity,16.0,Low Box Penetration,7.0,Low Chance Creation,8.0,Deep Defensive Activity,68.60000000000001,Typical Defensive Disruption,50.0,Balanced Aerial Volume,team_tactical_v1,False
2526,understat:29017,wolverhampton_wanderers,bournemouth,38,Established,70.0,Balanced Territorial Activity,30.0,Balanced Attacking Width,71.0,Balanced Crossing,90.0,Central Creation,85.5,Dribble Heavy,51.0,Moderate Box Penetration,72.0,Typical Chance Creation,64.5,Mid Defensive Activity,81.35,High Defensive Disruption,80.0,Aerial Heavy,team_tactical_v1,False
2526,understat:29008,aston_villa,brentford,38,Established,30.0,Balanced Territorial Activity,70.0,Balanced Attacking Width,70.5,Balanced Crossing,75.0,Balanced Creation,79.5,Balanced 1v1 Activity,73.0,Moderate Box Penetration,43.0,Typical Chance Creation,38.5,Mid Defensive Activity,59.5,Typical Defensive Disruption,85.0,Aerial Heavy,team_tactical_v1,False
2526,understat:29008,brentford,aston_villa,38,Established,52.5,Balanced Territorial Activity,25.0,Balanced Attacking Width,16.0,Cross Light,65.0,Balanced Creation,49.5,Balanced 1v1 Activity,63.0,Moderate Box Penetration,63.0,Typical Chance Creation,49.5,Mid Defensive Activity,13.500000000000002,Low Defensive Disruption,10.0,Aerial Light,team_tactical_v1,False
2526,understat:29012,fulham,manchester_united,38,Established,72.5,Balanced Territorial Activity,10.0,Central Attacking Activity,30.5,Balanced Crossing,50.0,Balanced Creation,23.5,Balanced 1v1 Activity,67.0,Moderate Box Penetration,88.0,High Chance Creation,52.0,Mid Defensive Activity,75.05000000000001,Typical Defensive Disruption,55.0,Balanced Aerial Volume,team_tactical_v1,False
2526,understat:29012,manchester_united,fulham,38,Established,42.5,Balanced Territorial Activity,80.0,Wide Attacking Activity,62.0,Balanced Crossing,55.0,Balanced Creation,21.5,Balanced 1v1 Activity,54.0,Moderate Box Penetration,45.0,Typical Chance Creation,19.0,Deep Defensive Activity,58.400000000000006,Typical Defensive Disruption,25.0,Balanced Aerial Volume,team_tactical_v1,False
2526,understat:29013,crystal_palace,nottingham_forest,38,Established,62.5,Balanced Territorial Activity,90.0,Wide Attacking Activity,90.5,Cross Heavy,5.0,Wide Creation,68.5,Balanced 1v1 Activity,27.0,Moderate Box Penetration,40.0,Typical Chance Creation,39.5,Mid Defensive Activity,58.300000000000004,Typical Defensive Disruption,35.0,Balanced Aerial Volume,team_tactical_v1,False
2526,understat:29013,nottingham_forest,crystal_palace,38,Established,17.5,Deep Attacking Activity,5.0,Central Attacking Activity,28.5,Balanced Crossing,100.0,Central Creation,6.5,Dribble Light,66.0,Moderate Box Penetration,44.0,Typical Chance Creation,28.5,Mid Defensive Activity,63.60000000000001,Typical Defensive Disruption,95.0,Aerial Heavy,team_tactical_v1,False
2526,understat:29016,manchester_city,tottenham_hotspur,38,Established,40.0,Balanced Territorial Activity,85.0,Wide Attacking Activity,88.5,Cross Heavy,40.0,Balanced Creation,96.5,Dribble Heavy,29.0,Moderate Box Penetration,32.0,Typical Chance Creation,57.5,Mid Defensive Activity,80.2,High Defensive Disruption,60.0,Balanced Aerial Volume,team_tactical_v1,False
2526,understat:29016,tottenham_hotspur,manchester_city,38,Established,95.0,Advanced Attacking Activity,45.0,Balanced Attacking Width,19.0,Cross Light,85.0,Central Creation,80.5,Dribble Heavy,93.0,High Box Penetration,97.0,High Chance Creation,93.5,Advanced Defensive Activity,39.75,Typical Defensive Disruption,5.0,Aerial Light,team_tactical_v1,False
2526,understat:29011,burnley,sunderland,38,Established,40.0,Balanced Territorial Activity,50.0,Balanced Attacking Width,33.5,Balanced Crossing,45.0,Balanced Creation,23.5,Balanced 1v1 Activity,29.0,Moderate Box Penetration,15.0,Low Chance Creation,23.0,Mid Defensive Activity,25.150000000000002,Typical Defensive Disruption,75.0,Balanced Aerial Volume,team_tactical_v1,False
2526,understat:29011,sunderland,burnley,38,Established,15.0,Deep Attacking Activity,95.0,Wide Attacking Activity,14.0,Cross Light,10.0,Wide Creation,31.5,Balanced 1v1 Activity,5.0,Low Box Penetration,8.0,Low Chance Creation,13.5,Deep Defensive Activity,54.900000000000006,Typical Defensive Disruption,70.0,Balanced Aerial Volume,team_tactical_v1,False
2526,understat:29023,leeds_united,nottingham_forest,38,Established,62.5,Balanced Territorial Activity,90.0,Wide Attacking Activity,90.5,Cross Heavy,5.0,Wide Creation,68.5,Balanced 1v1 Activity,27.0,Moderate Box Penetration,40.0,Typical Chance Creation,39.5,Mid Defensive Activity,58.300000000000004,Typical Defensive Disruption,35.0,Balanced Aerial Volume,team_tactical_v1,False
2526,understat:29023,nottingham_forest,leeds_united,38,Established,30.0,Balanced Territorial Activity,15.0,Central Attacking Activity,69.0,Balanced Crossing,95.0,Central Creation,45.0,Balanced 1v1 Activity,44.0,Moderate Box Penetration,49.0,Typical Chance Creation,68.5,Mid Defensive Activity,51.75000000000001,Typical Defensive Disruption,90.0,Aerial Heavy,team_tactical_v1,False
2526,understat:29018,aston_villa,bournemouth,38,Established,70.0,Balanced Territorial Activity,30.0,Balanced Attacking Width,71.0,Balanced Crossing,90.0,Central Creation,85.5,Dribble Heavy,51.0,Moderate Box Penetration,72.0,Typical Chance Creation,64.5,Mid Defensive Activity,81.35,High Defensive Disruption,80.0,Aerial Heavy,team_tactical_v1,False
2526,understat:29018,bournemouth,aston_villa,38,Established,52.5,Balanced Territorial Activity,25.0,Balanced Attacking Width,16.0,Cross Light,65.0,Balanced Creation,49.5,Balanced 1v1 Activity,63.0,Moderate Box Penetration,63.0,Typical Chance Creation,49.5,Mid Defensive Activity,13.500000000000002,Low Defensive Disruption,10.0,Aerial Light,team_tactical_v1,False
2526,understat:29019,arsenal,sunderland,38,Established,40.0,Balanced Territorial Activity,50.0,Balanced Attacking Width,33.5,Balanced Crossing,45.0,Balanced Creation,23.5,Balanced 1v1 Activity,29.0,Moderate Box Penetration,15.0,Low Chance Creation,23.0,Mid Defensive Activity,25.150000000000002,Typical Defensive Disruption,75.0,Balanced Aerial Volume,team_tactical_v1,False
2526,understat:29019,sunderland,arsenal,38,Established,95.0,Advanced Attacking Activity,75.0,Balanced Attacking Width,36.0,Balanced Crossing,15.0,Wide Creation,50.0,Balanced 1v1 Activity,94.0,High Box Penetration,89.0,High Chance Creation,98.5,Advanced Defensive Activity,18.35,Low Defensive Disruption,40.0,Balanced Aerial Volume,team_tactical_v1,False
2526,understat:29021,burnley,west_ham,38,Established,10.0,Deep Attacking Activity,100.0,Wide Attacking Activity,42.0,Balanced Crossing,25.0,Balanced Creation,53.5,Balanced 1v1 Activity,16.0,Low Box Penetration,29.0,Typical Chance Creation,13.0,Deep Defensive Activity,65.10000000000001,Typical Defensive Disruption,45.0,Balanced Aerial Volume,team_tactical_v1,False
2526,understat:29021,west_ham,burnley,38,Established,15.0,Deep Attacking Activity,95.0,Wide Attacking Activity,14.0,Cross Light,10.0,Wide Creation,31.5,Balanced 1v1 Activity,5.0,Low Box Penetration,8.0,Low Chance Creation,13.5,Deep Defensive Activity,54.900000000000006,Typical Defensive Disruption,70.0,Balanced Aerial Volume,team_tactical_v1,False
2526,understat:29022,everton,fulham,38,Established,42.5,Balanced Territorial Activity,80.0,Wide Attacking Activity,62.0,Balanced Crossing,55.0,Balanced Creation,21.5,Balanced 1v1 Activity,54.0,Moderate Box Penetration,45.0,Typical Chance Creation,19.0,Deep Defensive Activity,58.400000000000006,Typical Defensive Disruption,25.0,Balanced Aerial Volume,team_tactical_v1,False
2526,understat:29022,fulham,everton,38,Established,65.0,Balanced Territorial Activity,65.0,Balanced Attacking Width,40.0,Balanced Crossing,30.0,Balanced Creation,50.0,Balanced 1v1 Activity,56.0,Moderate Box Penetration,40.0,Typical Chance Creation,56.0,Mid Defensive Activity,58.5,Typical Defensive Disruption,100.0,Aerial Heavy,team_tactical_v1,False
2526,understat:29025,manchester_united,tottenham_hotspur,38,Established,40.0,Balanced Territorial Activity,85.0,Wide Attacking Activity,88.5,Cross Heavy,40.0,Balanced Creation,96.5,Dribble Heavy,29.0,Moderate Box Penetration,32.0,Typical Chance Creation,57.5,Mid Defensive Activity,80.2,High Defensive Disruption,60.0,Balanced Aerial Volume,team_tactical_v1,False
2526,understat:29025,tottenham_hotspur,manchester_united,38,Established,72.5,Balanced Territorial Activity,10.0,Central Attacking Activity,30.5,Balanced Crossing,50.0,Balanced Creation,23.5,Balanced 1v1 Activity,67.0,Moderate Box Penetration,88.0,High Chance Creation,52.0,Mid Defensive Activity,75.05000000000001,Typical Defensive Disruption,55.0,Balanced Aerial Volume,team_tactical_v1,False
2526,understat:29026,brentford,newcastle_united,38,Established,82.5,Advanced Attacking Activity,60.0,Balanced Attacking Width,92.5,Cross Heavy,70.0,Balanced Creation,47.5,Balanced 1v1 Activity,76.0,Moderate Box Penetration,60.0,Typical Chance Creation,69.0,Mid Defensive Activity,39.95,Typical Defensive Disruption,65.0,Balanced Aerial Volume,team_tactical_v1,False
2526,understat:29026,newcastle_united,brentford,38,Established,30.0,Balanced Territorial Activity,70.0,Balanced Attacking Width,70.5,Balanced Crossing,75.0,Balanced Creation,79.5,Balanced 1v1 Activity,73.0,Moderate Box Penetration,43.0,Typical Chance Creation,38.5,Mid Defensive Activity,59.5,Typical Defensive Disruption,85.0,Aerial Heavy,team_tactical_v1,False
2526,understat:29027,chelsea,wolverhampton_wanderers,38,Established,7.5,Deep Attacking Activity,55.0,Balanced Attacking Width,79.0,Balanced Crossing,20.0,Wide Creation,53.0,Balanced 1v1 Activity,16.0,Low Box Penetration,7.0,Low Chance Creation,8.0,Deep Defensive Activity,68.60000000000001,Typical Defensive Disruption,50.0,Balanced Aerial Volume,team_tactical_v1,False
2526,understat:29027,wolverhampton_wanderers,chelsea,38,Established,62.5,Balanced Territorial Activity,20.0,Central Attacking Activity,42.5,Balanced Crossing,60.0,Balanced Creation,69.5,Balanced 1v1 Activity,41.0,Moderate Box Penetration,84.0,High Chance Creation,83.5,Advanced Defensive Activity,56.35,Typical Defensive Disruption,15.0,Aerial Light,team_tactical_v1,False
2526,understat:29020,brighton,crystal_palace,38,Established,17.5,Deep Attacking Activity,5.0,Central Attacking Activity,28.5,Balanced Crossing,100.0,Central Creation,6.5,Dribble Light,66.0,Moderate Box Penetration,44.0,Typical Chance Creation,28.5,Mid Defensive Activity,63.60000000000001,Typical Defensive Disruption,95.0,Aerial Heavy,team_tactical_v1,False
2526,understat:29020,crystal_palace,brighton,38,Established,65.0,Balanced Territorial Activity,35.0,Balanced Attacking Width,66.0,Balanced Crossing,80.0,Central Creation,54.0,Balanced 1v1 Activity,52.0,Moderate Box Penetration,59.0,Typical Chance Creation,93.0,Advanced Defensive Activity,71.80000000000001,Typical Defensive Disruption,30.0,Balanced Aerial Volume,team_tactical_v1,False
2526,understat:29024,liverpool,manchester_city,38,Established,95.0,Advanced Attacking Activity,45.0,Balanced Attacking Width,19.0,Cross Light,85.0,Central Creation,80.5,Dribble Heavy,93.0,High Box Penetration,97.0,High Chance Creation,93.5,Advanced Defensive Activity,39.75,Typical Defensive Disruption,5.0,Aerial Light,team_tactical_v1,False
2526,understat:29024,manchester_city,liverpool,38,Established,95.0,Advanced Attacking Activity,40.0,Balanced Attacking Width,62.49999999999999,Balanced Crossing,35.0,Balanced Creation,60.99999999999999,Balanced 1v1 Activity,98.0,High Box Penetration,92.0,High Chance Creation,81.5,Advanced Defensive Activity,13.25,Low Defensive Disruption,20.0,Aerial Light,team_tactical_v1,False
2526,understat:29030,chelsea,leeds_united,38,Established,30.0,Balanced Territorial Activity,15.0,Central Attacking Activity,69.0,Balanced Crossing,95.0,Central Creation,45.0,Balanced 1v1 Activity,44.0,Moderate Box Penetration,49.0,Typical Chance Creation,68.5,Mid Defensive Activity,51.75000000000001,Typical Defensive Disruption,90.0,Aerial Heavy,team_tactical_v1,False
2526,understat:29030,leeds_united,chelsea,38,Established,62.5,Balanced Territorial Activity,20.0,Central Attacking Activity,42.5,Balanced Crossing,60.0,Balanced Creation,69.5,Balanced 1v1 Activity,41.0,Moderate Box Penetration,84.0,High Chance Creation,83.5,Advanced Defensive Activity,56.35,Typical Defensive Disruption,15.0,Aerial Light,team_tactical_v1,False
2526,understat:29032,bournemouth,everton,38,Established,65.0,Balanced Territorial Activity,65.0,Balanced Attacking Width,40.0,Balanced Crossing,30.0,Balanced Creation,50.0,Balanced 1v1 Activity,56.0,Moderate Box Penetration,40.0,Typical Chance Creation,56.0,Mid Defensive Activity,58.5,Typical Defensive Disruption,100.0,Aerial Heavy,team_tactical_v1,False
2526,understat:29032,everton,bournemouth,38,Established,70.0,Balanced Territorial Activity,30.0,Balanced Attacking Width,71.0,Balanced Crossing,90.0,Central Creation,85.5,Dribble Heavy,51.0,Moderate Box Penetration,72.0,Typical Chance Creation,64.5,Mid Defensive Activity,81.35,High Defensive Disruption,80.0,Aerial Heavy,team_tactical_v1,False
2526,understat:29036,newcastle_united,tottenham_hotspur,38,Established,40.0,Balanced Territorial Activity,85.0,Wide Attacking Activity,88.5,Cross Heavy,40.0,Balanced Creation,96.5,Dribble Heavy,29.0,Moderate Box Penetration,32.0,Typical Chance Creation,57.5,Mid Defensive Activity,80.2,High Defensive Disruption,60.0,Balanced Aerial Volume,team_tactical_v1,False
2526,understat:29036,tottenham_hotspur,newcastle_united,38,Established,82.5,Advanced Attacking Activity,60.0,Balanced Attacking Width,92.5,Cross Heavy,70.0,Balanced Creation,47.5,Balanced 1v1 Activity,76.0,Moderate Box Penetration,60.0,Typical Chance Creation,69.0,Mid Defensive Activity,39.95,Typical Defensive Disruption,65.0,Balanced Aerial Volume,team_tactical_v1,False
2526,understat:29037,manchester_united,west_ham,38,Established,10.0,Deep Attacking Activity,100.0,Wide Attacking Activity,42.0,Balanced Crossing,25.0,Balanced Creation,53.5,Balanced 1v1 Activity,16.0,Low Box Penetration,29.0,Typical Chance Creation,13.0,Deep Defensive Activity,65.10000000000001,Typical Defensive Disruption,45.0,Balanced Aerial Volume,team_tactical_v1,False
2526,understat:29037,west_ham,manchester_united,38,Established,72.5,Balanced Territorial Activity,10.0,Central Attacking Activity,30.5,Balanced Crossing,50.0,Balanced Creation,23.5,Balanced 1v1 Activity,67.0,Moderate Box Penetration,88.0,High Chance Creation,52.0,Mid Defensive Activity,75.05000000000001,Typical Defensive Disruption,55.0,Balanced Aerial Volume,team_tactical_v1,False
2526,understat:29028,aston_villa,brighton,38,Established,65.0,Balanced Territorial Activity,35.0,Balanced Attacking Width,66.0,Balanced Crossing,80.0,Central Creation,54.0,Balanced 1v1 Activity,52.0,Moderate Box Penetration,59.0,Typical Chance Creation,93.0,Advanced Defensive Activity,71.80000000000001,Typical Defensive Disruption,30.0,Balanced Aerial Volume,team_tactical_v1,False
2526,understat:29028,brighton,aston_villa,38,Established,52.5,Balanced Territorial Activity,25.0,Balanced Attacking Width,16.0,Cross Light,65.0,Balanced Creation,49.5,Balanced 1v1 Activity,63.0,Moderate Box Penetration,63.0,Typical Chance Creation,49.5,Mid Defensive Activity,13.500000000000002,Low Defensive Disruption,10.0,Aerial Light,team_tactical_v1,False
2526,understat:29031,burnley,crystal_palace,38,Established,17.5,Deep Attacking Activity,5.0,Central Attacking Activity,28.5,Balanced Crossing,100.0,Central Creation,6.5,Dribble Light,66.0,Moderate Box Penetration,44.0,Typical Chance Creation,28.5,Mid Defensive Activity,63.60000000000001,Typical Defensive Disruption,95.0,Aerial Heavy,team_tactical_v1,False
2526,understat:29031,crystal_palace,burnley,38,Established,15.0,Deep Attacking Activity,95.0,Wide Attacking Activity,14.0,Cross Light,10.0,Wide Creation,31.5,Balanced 1v1 Activity,5.0,Low Box Penetration,8.0,Low Chance Creation,13.5,Deep Defensive Activity,54.900000000000006,Typical Defensive Disruption,70.0,Balanced Aerial Volume,team_tactical_v1,False
2526,understat:29033,fulham,manchester_city,38,Established,95.0,Advanced Attacking Activity,45.0,Balanced Attacking Width,19.0,Cross Light,85.0,Central Creation,80.5,Dribble Heavy,93.0,High Box Penetration,97.0,High Chance Creation,93.5,Advanced Defensive Activity,39.75,Typical Defensive Disruption,5.0,Aerial Light,team_tactical_v1,False
2526,understat:29033,manchester_city,fulham,38,Established,42.5,Balanced Territorial Activity,80.0,Wide Attacking Activity,62.0,Balanced Crossing,55.0,Balanced Creation,21.5,Balanced 1v1 Activity,54.0,Moderate Box Penetration,45.0,Typical Chance Creation,19.0,Deep Defensive Activity,58.400000000000006,Typical Defensive Disruption,25.0,Balanced Aerial Volume,team_tactical_v1,False
2526,understat:29034,nottingham_forest,wolverhampton_wanderers,38,Established,7.5,Deep Attacking Activity,55.0,Balanced Attacking Width,79.0,Balanced Crossing,20.0,Wide Creation,53.0,Balanced 1v1 Activity,16.0,Low Box Penetration,7.0,Low Chance Creation,8.0,Deep Defensive Activity,68.60000000000001,Typical Defensive Disruption,50.0,Balanced Aerial Volume,team_tactical_v1,False
2526,understat:29034,wolverhampton_wanderers,nottingham_forest,38,Established,62.5,Balanced Territorial Activity,90.0,Wide Attacking Activity,90.5,Cross Heavy,5.0,Wide Creation,68.5,Balanced 1v1 Activity,27.0,Moderate Box Penetration,40.0,Typical Chance Creation,39.5,Mid Defensive Activity,58.300000000000004,Typical Defensive Disruption,35.0,Balanced Aerial Volume,team_tactical_v1,False
2526,understat:29035,liverpool,sunderland,38,Established,40.0,Balanced Territorial Activity,50.0,Balanced Attacking Width,33.5,Balanced Crossing,45.0,Balanced Creation,23.5,Balanced 1v1 Activity,29.0,Moderate Box Penetration,15.0,Low Chance Creation,23.0,Mid Defensive Activity,25.150000000000002,Typical Defensive Disruption,75.0,Balanced Aerial Volume,team_tactical_v1,False
2526,understat:29035,sunderland,liverpool,38,Established,95.0,Advanced Attacking Activity,40.0,Balanced Attacking Width,62.49999999999999,Balanced Crossing,35.0,Balanced Creation,60.99999999999999,Balanced 1v1 Activity,98.0,High Box Penetration,92.0,High Chance Creation,81.5,Advanced Defensive Activity,13.25,Low Defensive Disruption,20.0,Aerial Light,team_tactical_v1,False
2526,understat:29029,arsenal,brentford,38,Established,30.0,Balanced Territorial Activity,70.0,Balanced Attacking Width,70.5,Balanced Crossing,75.0,Balanced Creation,79.5,Balanced 1v1 Activity,73.0,Moderate Box Penetration,43.0,Typical Chance Creation,38.5,Mid Defensive Activity,59.5,Typical Defensive Disruption,85.0,Aerial Heavy,team_tactical_v1,False
2526,understat:29029,brentford,arsenal,38,Established,95.0,Advanced Attacking Activity,75.0,Balanced Attacking Width,36.0,Balanced Crossing,15.0,Wide Creation,50.0,Balanced 1v1 Activity,94.0,High Box Penetration,89.0,High Chance Creation,98.5,Advanced Defensive Activity,18.35,Low Defensive Disruption,40.0,Balanced Aerial Volume,team_tactical_v1,False
2526,understat:29087,arsenal,wolverhampton_wanderers,38,Established,7.5,Deep Attacking Activity,55.0,Balanced Attacking Width,79.0,Balanced Crossing,20.0,Wide Creation,53.0,Balanced 1v1 Activity,16.0,Low Box Penetration,7.0,Low Chance Creation,8.0,Deep Defensive Activity,68.60000000000001,Typical Defensive Disruption,50.0,Balanced Aerial Volume,team_tactical_v1,False
2526,understat:29087,wolverhampton_wanderers,arsenal,38,Established,95.0,Advanced Attacking Activity,75.0,Balanced Attacking Width,36.0,Balanced Crossing,15.0,Wide Creation,50.0,Balanced 1v1 Activity,94.0,High Box Penetration,89.0,High Chance Creation,98.5,Advanced Defensive Activity,18.35,Low Defensive Disruption,40.0,Balanced Aerial Volume,team_tactical_v1,False
2526,understat:29038,aston_villa,leeds_united,38,Established,30.0,Balanced Territorial Activity,15.0,Central Attacking Activity,69.0,Balanced Crossing,95.0,Central Creation,45.0,Balanced 1v1 Activity,44.0,Moderate Box Penetration,49.0,Typical Chance Creation,68.5,Mid Defensive Activity,51.75000000000001,Typical Defensive Disruption,90.0,Aerial Heavy,team_tactical_v1,False
2526,understat:29038,leeds_united,aston_villa,38,Established,52.5,Balanced Territorial Activity,25.0,Balanced Attacking Width,16.0,Cross Light,65.0,Balanced Creation,49.5,Balanced 1v1 Activity,63.0,Moderate Box Penetration,63.0,Typical Chance Creation,49.5,Mid Defensive Activity,13.500000000000002,Low Defensive Disruption,10.0,Aerial Light,team_tactical_v1,False
2526,understat:29039,brentford,brighton,38,Established,65.0,Balanced Territorial Activity,35.0,Balanced Attacking Width,66.0,Balanced Crossing,80.0,Central Creation,54.0,Balanced 1v1 Activity,52.0,Moderate Box Penetration,59.0,Typical Chance Creation,93.0,Advanced Defensive Activity,71.80000000000001,Typical Defensive Disruption,30.0,Balanced Aerial Volume,team_tactical_v1,False
2526,understat:29039,brighton,brentford,38,Established,30.0,Balanced Territorial Activity,70.0,Balanced Attacking Width,70.5,Balanced Crossing,75.0,Balanced Creation,79.5,Balanced 1v1 Activity,73.0,Moderate Box Penetration,43.0,Typical Chance Creation,38.5,Mid Defensive Activity,59.5,Typical Defensive Disruption,85.0,Aerial Heavy,team_tactical_v1,False
2526,understat:29040,burnley,chelsea,38,Established,62.5,Balanced Territorial Activity,20.0,Central Attacking Activity,42.5,Balanced Crossing,60.0,Balanced Creation,69.5,Balanced 1v1 Activity,41.0,Moderate Box Penetration,84.0,High Chance Creation,83.5,Advanced Defensive Activity,56.35,Typical Defensive Disruption,15.0,Aerial Light,team_tactical_v1,False
2526,understat:29040,chelsea,burnley,38,Established,15.0,Deep Attacking Activity,95.0,Wide Attacking Activity,14.0,Cross Light,10.0,Wide Creation,31.5,Balanced 1v1 Activity,5.0,Low Box Penetration,8.0,Low Chance Creation,13.5,Deep Defensive Activity,54.900000000000006,Typical Defensive Disruption,70.0,Balanced Aerial Volume,team_tactical_v1,False
2526,understat:29043,manchester_city,newcastle_united,38,Established,82.5,Advanced Attacking Activity,60.0,Balanced Attacking Width,92.5,Cross Heavy,70.0,Balanced Creation,47.5,Balanced 1v1 Activity,76.0,Moderate Box Penetration,60.0,Typical Chance Creation,69.0,Mid Defensive Activity,39.95,Typical Defensive Disruption,65.0,Balanced Aerial Volume,team_tactical_v1,False
2526,understat:29043,newcastle_united,manchester_city,38,Established,95.0,Advanced Attacking Activity,45.0,Balanced Attacking Width,19.0,Cross Light,85.0,Central Creation,80.5,Dribble Heavy,93.0,High Box Penetration,97.0,High Chance Creation,93.5,Advanced Defensive Activity,39.75,Typical Defensive Disruption,5.0,Aerial Light,team_tactical_v1,False
2526,understat:29047,bournemouth,west_ham,38,Established,10.0,Deep Attacking Activity,100.0,Wide Attacking Activity,42.0,Balanced Crossing,25.0,Balanced Creation,53.5,Balanced 1v1 Activity,16.0,Low Box Penetration,29.0,Typical Chance Creation,13.0,Deep Defensive Activity,65.10000000000001,Typical Defensive Disruption,45.0,Balanced Aerial Volume,team_tactical_v1,False
2526,understat:29047,west_ham,bournemouth,38,Established,70.0,Balanced Territorial Activity,30.0,Balanced Attacking Width,71.0,Balanced Crossing,90.0,Central Creation,85.5,Dribble Heavy,51.0,Moderate Box Penetration,72.0,Typical Chance Creation,64.5,Mid Defensive Activity,81.35,High Defensive Disruption,80.0,Aerial Heavy,team_tactical_v1,False
2526,understat:29041,crystal_palace,wolverhampton_wanderers,38,Established,7.5,Deep Attacking Activity,55.0,Balanced Attacking Width,79.0,Balanced Crossing,20.0,Wide Creation,53.0,Balanced 1v1 Activity,16.0,Low Box Penetration,7.0,Low Chance Creation,8.0,Deep Defensive Activity,68.60000000000001,Typical Defensive Disruption,50.0,Balanced Aerial Volume,team_tactical_v1,False
2526,understat:29041,wolverhampton_wanderers,crystal_palace,38,Established,17.5,Deep Attacking Activity,5.0,Central Attacking Activity,28.5,Balanced Crossing,100.0,Central Creation,6.5,Dribble Light,66.0,Moderate Box Penetration,44.0,Typical Chance Creation,28.5,Mid Defensive Activity,63.60000000000001,Typical Defensive Disruption,95.0,Aerial Heavy,team_tactical_v1,False
2526,understat:29044,liverpool,nottingham_forest,38,Established,62.5,Balanced Territorial Activity,90.0,Wide Attacking Activity,90.5,Cross Heavy,5.0,Wide Creation,68.5,Balanced 1v1 Activity,27.0,Moderate Box Penetration,40.0,Typical Chance Creation,39.5,Mid Defensive Activity,58.300000000000004,Typical Defensive Disruption,35.0,Balanced Aerial Volume,team_tactical_v1,False
2526,understat:29044,nottingham_forest,liverpool,38,Established,95.0,Advanced Attacking Activity,40.0,Balanced Attacking Width,62.49999999999999,Balanced Crossing,35.0,Balanced Creation,60.99999999999999,Balanced 1v1 Activity,98.0,High Box Penetration,92.0,High Chance Creation,81.5,Advanced Defensive Activity,13.25,Low Defensive Disruption,20.0,Aerial Light,team_tactical_v1,False
2526,understat:29045,fulham,sunderland,38,Established,40.0,Balanced Territorial Activity,50.0,Balanced Attacking Width,33.5,Balanced Crossing,45.0,Balanced Creation,23.5,Balanced 1v1 Activity,29.0,Moderate Box Penetration,15.0,Low Chance Creation,23.0,Mid Defensive Activity,25.150000000000002,Typical Defensive Disruption,75.0,Balanced Aerial Volume,team_tactical_v1,False
2526,understat:29045,sunderland,fulham,38,Established,42.5,Balanced Territorial Activity,80.0,Wide Attacking Activity,62.0,Balanced Crossing,55.0,Balanced Creation,21.5,Balanced 1v1 Activity,54.0,Moderate Box Penetration,45.0,Typical Chance Creation,19.0,Deep Defensive Activity,58.400000000000006,Typical Defensive Disruption,25.0,Balanced Aerial Volume,team_tactical_v1,False
2526,understat:29046,arsenal,tottenham_hotspur,38,Established,40.0,Balanced Territorial Activity,85.0,Wide Attacking Activity,88.5,Cross Heavy,40.0,Balanced Creation,96.5,Dribble Heavy,29.0,Moderate Box Penetration,32.0,Typical Chance Creation,57.5,Mid Defensive Activity,80.2,High Defensive Disruption,60.0,Balanced Aerial Volume,team_tactical_v1,False
2526,understat:29046,tottenham_hotspur,arsenal,38,Established,95.0,Advanced Attacking Activity,75.0,Balanced Attacking Width,36.0,Balanced Crossing,15.0,Wide Creation,50.0,Balanced 1v1 Activity,94.0,High Box Penetration,89.0,High Chance Creation,98.5,Advanced Defensive Activity,18.35,Low Defensive Disruption,40.0,Balanced Aerial Volume,team_tactical_v1,False
2526,understat:29042,everton,manchester_united,38,Established,72.5,Balanced Territorial Activity,10.0,Central Attacking Activity,30.5,Balanced Crossing,50.0,Balanced Creation,23.5,Balanced 1v1 Activity,67.0,Moderate Box Penetration,88.0,High Chance Creation,52.0,Mid Defensive Activity,75.05000000000001,Typical Defensive Disruption,55.0,Balanced Aerial Volume,team_tactical_v1,False
2526,understat:29042,manchester_united,everton,38,Established,65.0,Balanced Territorial Activity,65.0,Balanced Attacking Width,40.0,Balanced Crossing,30.0,Balanced Creation,50.0,Balanced 1v1 Activity,56.0,Moderate Box Penetration,40.0,Typical Chance Creation,56.0,Mid Defensive Activity,58.5,Typical Defensive Disruption,100.0,Aerial Heavy,team_tactical_v1,False
2526,understat:29057,aston_villa,wolverhampton_wanderers,38,Established,7.5,Deep Attacking Activity,55.0,Balanced Attacking Width,79.0,Balanced Crossing,20.0,Wide Creation,53.0,Balanced 1v1 Activity,16.0,Low Box Penetration,7.0,Low Chance Creation,8.0,Deep Defensive Activity,68.60000000000001,Typical Defensive Disruption,50.0,Balanced Aerial Volume,team_tactical_v1,False
2526,understat:29057,wolverhampton_wanderers,aston_villa,38,Established,52.5,Balanced Territorial Activity,25.0,Balanced Attacking Width,16.0,Cross Light,65.0,Balanced Creation,49.5,Balanced 1v1 Activity,63.0,Moderate Box Penetration,63.0,Typical Chance Creation,49.5,Mid Defensive Activity,13.500000000000002,Low Defensive Disruption,10.0,Aerial Light,team_tactical_v1,False
2526,understat:29048,bournemouth,sunderland,38,Established,40.0,Balanced Territorial Activity,50.0,Balanced Attacking Width,33.5,Balanced Crossing,45.0,Balanced Creation,23.5,Balanced 1v1 Activity,29.0,Moderate Box Penetration,15.0,Low Chance Creation,23.0,Mid Defensive Activity,25.150000000000002,Typical Defensive Disruption,75.0,Balanced Aerial Volume,team_tactical_v1,False
2526,understat:29048,sunderland,bournemouth,38,Established,70.0,Balanced Territorial Activity,30.0,Balanced Attacking Width,71.0,Balanced Crossing,90.0,Central Creation,85.5,Dribble Heavy,51.0,Moderate Box Penetration,72.0,Typical Chance Creation,64.5,Mid Defensive Activity,81.35,High Defensive Disruption,80.0,Aerial Heavy,team_tactical_v1,False
2526,understat:29051,brentford,burnley,38,Established,15.0,Deep Attacking Activity,95.0,Wide Attacking Activity,14.0,Cross Light,10.0,Wide Creation,31.5,Balanced 1v1 Activity,5.0,Low Box Penetration,8.0,Low Chance Creation,13.5,Deep Defensive Activity,54.900000000000006,Typical Defensive Disruption,70.0,Balanced Aerial Volume,team_tactical_v1,False
2526,understat:29051,burnley,brentford,38,Established,30.0,Balanced Territorial Activity,70.0,Balanced Attacking Width,70.5,Balanced Crossing,75.0,Balanced Creation,79.5,Balanced 1v1 Activity,73.0,Moderate Box Penetration,43.0,Typical Chance Creation,38.5,Mid Defensive Activity,59.5,Typical Defensive Disruption,85.0,Aerial Heavy,team_tactical_v1,False
2526,understat:29053,leeds_united,manchester_city,38,Established,95.0,Advanced Attacking Activity,45.0,Balanced Attacking Width,19.0,Cross Light,85.0,Central Creation,80.5,Dribble Heavy,93.0,High Box Penetration,97.0,High Chance Creation,93.5,Advanced Defensive Activity,39.75,Typical Defensive Disruption,5.0,Aerial Light,team_tactical_v1,False
2526,understat:29053,manchester_city,leeds_united,38,Established,30.0,Balanced Territorial Activity,15.0,Central Attacking Activity,69.0,Balanced Crossing,95.0,Central Creation,45.0,Balanced 1v1 Activity,44.0,Moderate Box Penetration,49.0,Typical Chance Creation,68.5,Mid Defensive Activity,51.75000000000001,Typical Defensive Disruption,90.0,Aerial Heavy,team_tactical_v1,False
2526,understat:29054,liverpool,west_ham,38,Established,10.0,Deep Attacking Activity,100.0,Wide Attacking Activity,42.0,Balanced Crossing,25.0,Balanced Creation,53.5,Balanced 1v1 Activity,16.0,Low Box Penetration,29.0,Typical Chance Creation,13.0,Deep Defensive Activity,65.10000000000001,Typical Defensive Disruption,45.0,Balanced Aerial Volume,team_tactical_v1,False
2526,understat:29054,west_ham,liverpool,38,Established,95.0,Advanced Attacking Activity,40.0,Balanced Attacking Width,62.49999999999999,Balanced Crossing,35.0,Balanced Creation,60.99999999999999,Balanced 1v1 Activity,98.0,High Box Penetration,92.0,High Chance Creation,81.5,Advanced Defensive Activity,13.25,Low Defensive Disruption,20.0,Aerial Light,team_tactical_v1,False
2526,understat:29056,everton,newcastle_united,38,Established,82.5,Advanced Attacking Activity,60.0,Balanced Attacking Width,92.5,Cross Heavy,70.0,Balanced Creation,47.5,Balanced 1v1 Activity,76.0,Moderate Box Penetration,60.0,Typical Chance Creation,69.0,Mid Defensive Activity,39.95,Typical Defensive Disruption,65.0,Balanced Aerial Volume,team_tactical_v1,False
2526,understat:29056,newcastle_united,everton,38,Established,65.0,Balanced Territorial Activity,65.0,Balanced Attacking Width,40.0,Balanced Crossing,30.0,Balanced Creation,50.0,Balanced 1v1 Activity,56.0,Moderate Box Penetration,40.0,Typical Chance Creation,56.0,Mid Defensive Activity,58.5,Typical Defensive Disruption,100.0,Aerial Heavy,team_tactical_v1,False
2526,understat:29049,arsenal,chelsea,38,Established,62.5,Balanced Territorial Activity,20.0,Central Attacking Activity,42.5,Balanced Crossing,60.0,Balanced Creation,69.5,Balanced 1v1 Activity,41.0,Moderate Box Penetration,84.0,High Chance Creation,83.5,Advanced Defensive Activity,56.35,Typical Defensive Disruption,15.0,Aerial Light,team_tactical_v1,False
2526,understat:29049,chelsea,arsenal,38,Established,95.0,Advanced Attacking Activity,75.0,Balanced Attacking Width,36.0,Balanced Crossing,15.0,Wide Creation,50.0,Balanced 1v1 Activity,94.0,High Box Penetration,89.0,High Chance Creation,98.5,Advanced Defensive Activity,18.35,Low Defensive Disruption,40.0,Balanced Aerial Volume,team_tactical_v1,False
2526,understat:29050,brighton,nottingham_forest,38,Established,62.5,Balanced Territorial Activity,90.0,Wide Attacking Activity,90.5,Cross Heavy,5.0,Wide Creation,68.5,Balanced 1v1 Activity,27.0,Moderate Box Penetration,40.0,Typical Chance Creation,39.5,Mid Defensive Activity,58.300000000000004,Typical Defensive Disruption,35.0,Balanced Aerial Volume,team_tactical_v1,False
2526,understat:29050,nottingham_forest,brighton,38,Established,65.0,Balanced Territorial Activity,35.0,Balanced Attacking Width,66.0,Balanced Crossing,80.0,Central Creation,54.0,Balanced 1v1 Activity,52.0,Moderate Box Penetration,59.0,Typical Chance Creation,93.0,Advanced Defensive Activity,71.80000000000001,Typical Defensive Disruption,30.0,Balanced Aerial Volume,team_tactical_v1,False
2526,understat:29052,fulham,tottenham_hotspur,38,Established,40.0,Balanced Territorial Activity,85.0,Wide Attacking Activity,88.5,Cross Heavy,40.0,Balanced Creation,96.5,Dribble Heavy,29.0,Moderate Box Penetration,32.0,Typical Chance Creation,57.5,Mid Defensive Activity,80.2,High Defensive Disruption,60.0,Balanced Aerial Volume,team_tactical_v1,False
2526,understat:29052,tottenham_hotspur,fulham,38,Established,42.5,Balanced Territorial Activity,80.0,Wide Attacking Activity,62.0,Balanced Crossing,55.0,Balanced Creation,21.5,Balanced 1v1 Activity,54.0,Moderate Box Penetration,45.0,Typical Chance Creation,19.0,Deep Defensive Activity,58.400000000000006,Typical Defensive Disruption,25.0,Balanced Aerial Volume,team_tactical_v1,False
2526,understat:29055,crystal_palace,manchester_united,38,Established,72.5,Balanced Territorial Activity,10.0,Central Attacking Activity,30.5,Balanced Crossing,50.0,Balanced Creation,23.5,Balanced 1v1 Activity,67.0,Moderate Box Penetration,88.0,High Chance Creation,52.0,Mid Defensive Activity,75.05000000000001,Typical Defensive Disruption,55.0,Balanced Aerial Volume,team_tactical_v1,False
2526,understat:29055,manchester_united,crystal_palace,38,Established,17.5,Deep Attacking Activity,5.0,Central Attacking Activity,28.5,Balanced Crossing,100.0,Central Creation,6.5,Dribble Light,66.0,Moderate Box Penetration,44.0,Typical Chance Creation,28.5,Mid Defensive Activity,63.60000000000001,Typical Defensive Disruption,95.0,Aerial Heavy,team_tactical_v1,False
2526,understat:29058,bournemouth,brentford,38,Established,30.0,Balanced Territorial Activity,70.0,Balanced Attacking Width,70.5,Balanced Crossing,75.0,Balanced Creation,79.5,Balanced 1v1 Activity,73.0,Moderate Box Penetration,43.0,Typical Chance Creation,38.5,Mid Defensive Activity,59.5,Typical Defensive Disruption,85.0,Aerial Heavy,team_tactical_v1,False
2526,understat:29058,brentford,bournemouth,38,Established,70.0,Balanced Territorial Activity,30.0,Balanced Attacking Width,71.0,Balanced Crossing,90.0,Central Creation,85.5,Dribble Heavy,51.0,Moderate Box Penetration,72.0,Typical Chance Creation,64.5,Mid Defensive Activity,81.35,High Defensive Disruption,80.0,Aerial Heavy,team_tactical_v1,False
2526,understat:29061,burnley,everton,38,Established,65.0,Balanced Territorial Activity,65.0,Balanced Attacking Width,40.0,Balanced Crossing,30.0,Balanced Creation,50.0,Balanced 1v1 Activity,56.0,Moderate Box Penetration,40.0,Typical Chance Creation,56.0,Mid Defensive Activity,58.5,Typical Defensive Disruption,100.0,Aerial Heavy,team_tactical_v1,False
2526,understat:29061,everton,burnley,38,Established,15.0,Deep Attacking Activity,95.0,Wide Attacking Activity,14.0,Cross Light,10.0,Wide Creation,31.5,Balanced 1v1 Activity,5.0,Low Box Penetration,8.0,Low Chance Creation,13.5,Deep Defensive Activity,54.900000000000006,Typical Defensive Disruption,70.0,Balanced Aerial Volume,team_tactical_v1,False
2526,understat:29063,leeds_united,sunderland,38,Established,40.0,Balanced Territorial Activity,50.0,Balanced Attacking Width,33.5,Balanced Crossing,45.0,Balanced Creation,23.5,Balanced 1v1 Activity,29.0,Moderate Box Penetration,15.0,Low Chance Creation,23.0,Mid Defensive Activity,25.150000000000002,Typical Defensive Disruption,75.0,Balanced Aerial Volume,team_tactical_v1,False
2526,understat:29063,sunderland,leeds_united,38,Established,30.0,Balanced Territorial Activity,15.0,Central Attacking Activity,69.0,Balanced Crossing,95.0,Central Creation,45.0,Balanced 1v1 Activity,44.0,Moderate Box Penetration,49.0,Typical Chance Creation,68.5,Mid Defensive Activity,51.75000000000001,Typical Defensive Disruption,90.0,Aerial Heavy,team_tactical_v1,False
2526,understat:29067,liverpool,wolverhampton_wanderers,38,Established,7.5,Deep Attacking Activity,55.0,Balanced Attacking Width,79.0,Balanced Crossing,20.0,Wide Creation,53.0,Balanced 1v1 Activity,16.0,Low Box Penetration,7.0,Low Chance Creation,8.0,Deep Defensive Activity,68.60000000000001,Typical Defensive Disruption,50.0,Balanced Aerial Volume,team_tactical_v1,False
2526,understat:29067,wolverhampton_wanderers,liverpool,38,Established,95.0,Advanced Attacking Activity,40.0,Balanced Attacking Width,62.49999999999999,Balanced Crossing,35.0,Balanced Creation,60.99999999999999,Balanced 1v1 Activity,98.0,High Box Penetration,92.0,High Chance Creation,81.5,Advanced Defensive Activity,13.25,Low Defensive Disruption,20.0,Aerial Light,team_tactical_v1,False
2526,understat:29059,aston_villa,chelsea,38,Established,62.5,Balanced Territorial Activity,20.0,Central Attacking Activity,42.5,Balanced Crossing,60.0,Balanced Creation,69.5,Balanced 1v1 Activity,41.0,Moderate Box Penetration,84.0,High Chance Creation,83.5,Advanced Defensive Activity,56.35,Typical Defensive Disruption,15.0,Aerial Light,team_tactical_v1,False
2526,understat:29059,chelsea,aston_villa,38,Established,52.5,Balanced Territorial Activity,25.0,Balanced Attacking Width,16.0,Cross Light,65.0,Balanced Creation,49.5,Balanced 1v1 Activity,63.0,Moderate Box Penetration,63.0,Typical Chance Creation,49.5,Mid Defensive Activity,13.500000000000002,Low Defensive Disruption,10.0,Aerial Light,team_tactical_v1,False
2526,understat:29060,arsenal,brighton,38,Established,65.0,Balanced Territorial Activity,35.0,Balanced Attacking Width,66.0,Balanced Crossing,80.0,Central Creation,54.0,Balanced 1v1 Activity,52.0,Moderate Box Penetration,59.0,Typical Chance Creation,93.0,Advanced Defensive Activity,71.80000000000001,Typical Defensive Disruption,30.0,Balanced Aerial Volume,team_tactical_v1,False
2526,understat:29060,brighton,arsenal,38,Established,95.0,Advanced Attacking Activity,75.0,Balanced Attacking Width,36.0,Balanced Crossing,15.0,Wide Creation,50.0,Balanced 1v1 Activity,94.0,High Box Penetration,89.0,High Chance Creation,98.5,Advanced Defensive Activity,18.35,Low Defensive Disruption,40.0,Balanced Aerial Volume,team_tactical_v1,False
2526,understat:29062,fulham,west_ham,38,Established,10.0,Deep Attacking Activity,100.0,Wide Attacking Activity,42.0,Balanced Crossing,25.0,Balanced Creation,53.5,Balanced 1v1 Activity,16.0,Low Box Penetration,29.0,Typical Chance Creation,13.0,Deep Defensive Activity,65.10000000000001,Typical Defensive Disruption,45.0,Balanced Aerial Volume,team_tactical_v1,False
2526,understat:29062,west_ham,fulham,38,Established,42.5,Balanced Territorial Activity,80.0,Wide Attacking Activity,62.0,Balanced Crossing,55.0,Balanced Creation,21.5,Balanced 1v1 Activity,54.0,Moderate Box Penetration,45.0,Typical Chance Creation,19.0,Deep Defensive Activity,58.400000000000006,Typical Defensive Disruption,25.0,Balanced Aerial Volume,team_tactical_v1,False
2526,understat:29064,manchester_city,nottingham_forest,38,Established,62.5,Balanced Territorial Activity,90.0,Wide Attacking Activity,90.5,Cross Heavy,5.0,Wide Creation,68.5,Balanced 1v1 Activity,27.0,Moderate Box Penetration,40.0,Typical Chance Creation,39.5,Mid Defensive Activity,58.300000000000004,Typical Defensive Disruption,35.0,Balanced Aerial Volume,team_tactical_v1,False
2526,understat:29064,nottingham_forest,manchester_city,38,Established,95.0,Advanced Attacking Activity,45.0,Balanced Attacking Width,19.0,Cross Light,85.0,Central Creation,80.5,Dribble Heavy,93.0,High Box Penetration,97.0,High Chance Creation,93.5,Advanced Defensive Activity,39.75,Typical Defensive Disruption,5.0,Aerial Light,team_tactical_v1,False
2526,understat:29065,manchester_united,newcastle_united,38,Established,82.5,Advanced Attacking Activity,60.0,Balanced Attacking Width,92.5,Cross Heavy,70.0,Balanced Creation,47.5,Balanced 1v1 Activity,76.0,Moderate Box Penetration,60.0,Typical Chance Creation,69.0,Mid Defensive Activity,39.95,Typical Defensive Disruption,65.0,Balanced Aerial Volume,team_tactical_v1,False
2526,understat:29065,newcastle_united,manchester_united,38,Established,72.5,Balanced Territorial Activity,10.0,Central Attacking Activity,30.5,Balanced Crossing,50.0,Balanced Creation,23.5,Balanced 1v1 Activity,67.0,Moderate Box Penetration,88.0,High Chance Creation,52.0,Mid Defensive Activity,75.05000000000001,Typical Defensive Disruption,55.0,Balanced Aerial Volume,team_tactical_v1,False
2526,understat:29066,crystal_palace,tottenham_hotspur,38,Established,40.0,Balanced Territorial Activity,85.0,Wide Attacking Activity,88.5,Cross Heavy,40.0,Balanced Creation,96.5,Dribble Heavy,29.0,Moderate Box Penetration,32.0,Typical Chance Creation,57.5,Mid Defensive Activity,80.2,High Defensive Disruption,60.0,Balanced Aerial Volume,team_tactical_v1,False
2526,understat:29066,tottenham_hotspur,crystal_palace,38,Established,17.5,Deep Attacking Activity,5.0,Central Attacking Activity,28.5,Balanced Crossing,100.0,Central Creation,6.5,Dribble Light,66.0,Moderate Box Penetration,44.0,Typical Chance Creation,28.5,Mid Defensive Activity,63.60000000000001,Typical Defensive Disruption,95.0,Aerial Heavy,team_tactical_v1,False
2526,understat:29068,arsenal,everton,38,Established,65.0,Balanced Territorial Activity,65.0,Balanced Attacking Width,40.0,Balanced Crossing,30.0,Balanced Creation,50.0,Balanced 1v1 Activity,56.0,Moderate Box Penetration,40.0,Typical Chance Creation,56.0,Mid Defensive Activity,58.5,Typical Defensive Disruption,100.0,Aerial Heavy,team_tactical_v1,False
2526,understat:29068,everton,arsenal,38,Established,95.0,Advanced Attacking Activity,75.0,Balanced Attacking Width,36.0,Balanced Crossing,15.0,Wide Creation,50.0,Balanced 1v1 Activity,94.0,High Box Penetration,89.0,High Chance Creation,98.5,Advanced Defensive Activity,18.35,Low Defensive Disruption,40.0,Balanced Aerial Volume,team_tactical_v1,False
2526,understat:29070,bournemouth,burnley,38,Established,15.0,Deep Attacking Activity,95.0,Wide Attacking Activity,14.0,Cross Light,10.0,Wide Creation,31.5,Balanced 1v1 Activity,5.0,Low Box Penetration,8.0,Low Chance Creation,13.5,Deep Defensive Activity,54.900000000000006,Typical Defensive Disruption,70.0,Balanced Aerial Volume,team_tactical_v1,False
2526,understat:29070,burnley,bournemouth,38,Established,70.0,Balanced Territorial Activity,30.0,Balanced Attacking Width,71.0,Balanced Crossing,90.0,Central Creation,85.5,Dribble Heavy,51.0,Moderate Box Penetration,72.0,Typical Chance Creation,64.5,Mid Defensive Activity,81.35,High Defensive Disruption,80.0,Aerial Heavy,team_tactical_v1,False
2526,understat:29071,chelsea,newcastle_united,38,Established,82.5,Advanced Attacking Activity,60.0,Balanced Attacking Width,92.5,Cross Heavy,70.0,Balanced Creation,47.5,Balanced 1v1 Activity,76.0,Moderate Box Penetration,60.0,Typical Chance Creation,69.0,Mid Defensive Activity,39.95,Typical Defensive Disruption,65.0,Balanced Aerial Volume,team_tactical_v1,False
2526,understat:29071,newcastle_united,chelsea,38,Established,62.5,Balanced Territorial Activity,20.0,Central Attacking Activity,42.5,Balanced Crossing,60.0,Balanced Creation,69.5,Balanced 1v1 Activity,41.0,Moderate Box Penetration,84.0,High Chance Creation,83.5,Advanced Defensive Activity,56.35,Typical Defensive Disruption,15.0,Aerial Light,team_tactical_v1,False
2526,understat:29076,brighton,sunderland,38,Established,40.0,Balanced Territorial Activity,50.0,Balanced Attacking Width,33.5,Balanced Crossing,45.0,Balanced Creation,23.5,Balanced 1v1 Activity,29.0,Moderate Box Penetration,15.0,Low Chance Creation,23.0,Mid Defensive Activity,25.150000000000002,Typical Defensive Disruption,75.0,Balanced Aerial Volume,team_tactical_v1,False
2526,understat:29076,sunderland,brighton,38,Established,65.0,Balanced Territorial Activity,35.0,Balanced Attacking Width,66.0,Balanced Crossing,80.0,Central Creation,54.0,Balanced 1v1 Activity,52.0,Moderate Box Penetration,59.0,Typical Chance Creation,93.0,Advanced Defensive Activity,71.80000000000001,Typical Defensive Disruption,30.0,Balanced Aerial Volume,team_tactical_v1,False
2526,understat:29077,manchester_city,west_ham,38,Established,10.0,Deep Attacking Activity,100.0,Wide Attacking Activity,42.0,Balanced Crossing,25.0,Balanced Creation,53.5,Balanced 1v1 Activity,16.0,Low Box Penetration,29.0,Typical Chance Creation,13.0,Deep Defensive Activity,65.10000000000001,Typical Defensive Disruption,45.0,Balanced Aerial Volume,team_tactical_v1,False
2526,understat:29077,west_ham,manchester_city,38,Established,95.0,Advanced Attacking Activity,45.0,Balanced Attacking Width,19.0,Cross Light,85.0,Central Creation,80.5,Dribble Heavy,93.0,High Box Penetration,97.0,High Chance Creation,93.5,Advanced Defensive Activity,39.75,Typical Defensive Disruption,5.0,Aerial Light,team_tactical_v1,False
2526,understat:29072,crystal_palace,leeds_united,38,Established,30.0,Balanced Territorial Activity,15.0,Central Attacking Activity,69.0,Balanced Crossing,95.0,Central Creation,45.0,Balanced 1v1 Activity,44.0,Moderate Box Penetration,49.0,Typical Chance Creation,68.5,Mid Defensive Activity,51.75000000000001,Typical Defensive Disruption,90.0,Aerial Heavy,team_tactical_v1,False
2526,understat:29072,leeds_united,crystal_palace,38,Established,17.5,Deep Attacking Activity,5.0,Central Attacking Activity,28.5,Balanced Crossing,100.0,Central Creation,6.5,Dribble Light,66.0,Moderate Box Penetration,44.0,Typical Chance Creation,28.5,Mid Defensive Activity,63.60000000000001,Typical Defensive Disruption,95.0,Aerial Heavy,team_tactical_v1,False
2526,understat:29073,liverpool,tottenham_hotspur,38,Established,40.0,Balanced Territorial Activity,85.0,Wide Attacking Activity,88.5,Cross Heavy,40.0,Balanced Creation,96.5,Dribble Heavy,29.0,Moderate Box Penetration,32.0,Typical Chance Creation,57.5,Mid Defensive Activity,80.2,High Defensive Disruption,60.0,Balanced Aerial Volume,team_tactical_v1,False
2526,understat:29073,tottenham_hotspur,liverpool,38,Established,95.0,Advanced Attacking Activity,40.0,Balanced Attacking Width,62.49999999999999,Balanced Crossing,35.0,Balanced Creation,60.99999999999999,Balanced 1v1 Activity,98.0,High Box Penetration,92.0,High Chance Creation,81.5,Advanced Defensive Activity,13.25,Low Defensive Disruption,20.0,Aerial Light,team_tactical_v1,False
2526,understat:29074,aston_villa,manchester_united,38,Established,72.5,Balanced Territorial Activity,10.0,Central Attacking Activity,30.5,Balanced Crossing,50.0,Balanced Creation,23.5,Balanced 1v1 Activity,67.0,Moderate Box Penetration,88.0,High Chance Creation,52.0,Mid Defensive Activity,75.05000000000001,Typical Defensive Disruption,55.0,Balanced Aerial Volume,team_tactical_v1,False
2526,understat:29074,manchester_united,aston_villa,38,Established,52.5,Balanced Territorial Activity,25.0,Balanced Attacking Width,16.0,Cross Light,65.0,Balanced Creation,49.5,Balanced 1v1 Activity,63.0,Moderate Box Penetration,63.0,Typical Chance Creation,49.5,Mid Defensive Activity,13.500000000000002,Low Defensive Disruption,10.0,Aerial Light,team_tactical_v1,False
2526,understat:29075,fulham,nottingham_forest,38,Established,62.5,Balanced Territorial Activity,90.0,Wide Attacking Activity,90.5,Cross Heavy,5.0,Wide Creation,68.5,Balanced 1v1 Activity,27.0,Moderate Box Penetration,40.0,Typical Chance Creation,39.5,Mid Defensive Activity,58.300000000000004,Typical Defensive Disruption,35.0,Balanced Aerial Volume,team_tactical_v1,False
2526,understat:29075,nottingham_forest,fulham,38,Established,42.5,Balanced Territorial Activity,80.0,Wide Attacking Activity,62.0,Balanced Crossing,55.0,Balanced Creation,21.5,Balanced 1v1 Activity,54.0,Moderate Box Penetration,45.0,Typical Chance Creation,19.0,Deep Defensive Activity,58.400000000000006,Typical Defensive Disruption,25.0,Balanced Aerial Volume,team_tactical_v1,False
2526,understat:29069,brentford,wolverhampton_wanderers,38,Established,7.5,Deep Attacking Activity,55.0,Balanced Attacking Width,79.0,Balanced Crossing,20.0,Wide Creation,53.0,Balanced 1v1 Activity,16.0,Low Box Penetration,7.0,Low Chance Creation,8.0,Deep Defensive Activity,68.60000000000001,Typical Defensive Disruption,50.0,Balanced Aerial Volume,team_tactical_v1,False
2526,understat:29069,wolverhampton_wanderers,brentford,38,Established,30.0,Balanced Territorial Activity,70.0,Balanced Attacking Width,70.5,Balanced Crossing,75.0,Balanced Creation,79.5,Balanced 1v1 Activity,73.0,Moderate Box Penetration,43.0,Typical Chance Creation,38.5,Mid Defensive Activity,59.5,Typical Defensive Disruption,85.0,Aerial Heavy,team_tactical_v1,False
2526,understat:29078,bournemouth,manchester_united,38,Established,72.5,Balanced Territorial Activity,10.0,Central Attacking Activity,30.5,Balanced Crossing,50.0,Balanced Creation,23.5,Balanced 1v1 Activity,67.0,Moderate Box Penetration,88.0,High Chance Creation,52.0,Mid Defensive Activity,75.05000000000001,Typical Defensive Disruption,55.0,Balanced Aerial Volume,team_tactical_v1,False
2526,understat:29078,manchester_united,bournemouth,38,Established,70.0,Balanced Territorial Activity,30.0,Balanced Attacking Width,71.0,Balanced Crossing,90.0,Central Creation,85.5,Dribble Heavy,51.0,Moderate Box Penetration,72.0,Typical Chance Creation,64.5,Mid Defensive Activity,81.35,High Defensive Disruption,80.0,Aerial Heavy,team_tactical_v1,False
2526,understat:29080,brighton,liverpool,38,Established,95.0,Advanced Attacking Activity,40.0,Balanced Attacking Width,62.49999999999999,Balanced Crossing,35.0,Balanced Creation,60.99999999999999,Balanced 1v1 Activity,98.0,High Box Penetration,92.0,High Chance Creation,81.5,Advanced Defensive Activity,13.25,Low Defensive Disruption,20.0,Aerial Light,team_tactical_v1,False
2526,understat:29080,liverpool,brighton,38,Established,65.0,Balanced Territorial Activity,35.0,Balanced Attacking Width,66.0,Balanced Crossing,80.0,Central Creation,54.0,Balanced 1v1 Activity,52.0,Moderate Box Penetration,59.0,Typical Chance Creation,93.0,Advanced Defensive Activity,71.80000000000001,Typical Defensive Disruption,30.0,Balanced Aerial Volume,team_tactical_v1,False
2526,understat:29081,chelsea,everton,38,Established,65.0,Balanced Territorial Activity,65.0,Balanced Attacking Width,40.0,Balanced Crossing,30.0,Balanced Creation,50.0,Balanced 1v1 Activity,56.0,Moderate Box Penetration,40.0,Typical Chance Creation,56.0,Mid Defensive Activity,58.5,Typical Defensive Disruption,100.0,Aerial Heavy,team_tactical_v1,False
2526,understat:29081,everton,chelsea,38,Established,62.5,Balanced Territorial Activity,20.0,Central Attacking Activity,42.5,Balanced Crossing,60.0,Balanced Creation,69.5,Balanced 1v1 Activity,41.0,Moderate Box Penetration,84.0,High Chance Creation,83.5,Advanced Defensive Activity,56.35,Typical Defensive Disruption,15.0,Aerial Light,team_tactical_v1,False
2526,understat:29082,burnley,fulham,38,Established,42.5,Balanced Territorial Activity,80.0,Wide Attacking Activity,62.0,Balanced Crossing,55.0,Balanced Creation,21.5,Balanced 1v1 Activity,54.0,Moderate Box Penetration,45.0,Typical Chance Creation,19.0,Deep Defensive Activity,58.400000000000006,Typical Defensive Disruption,25.0,Balanced Aerial Volume,team_tactical_v1,False
2526,understat:29082,fulham,burnley,38,Established,15.0,Deep Attacking Activity,95.0,Wide Attacking Activity,14.0,Cross Light,10.0,Wide Creation,31.5,Balanced 1v1 Activity,5.0,Low Box Penetration,8.0,Low Chance Creation,13.5,Deep Defensive Activity,54.900000000000006,Typical Defensive Disruption,70.0,Balanced Aerial Volume,team_tactical_v1,False
2526,understat:29083,brentford,leeds_united,38,Established,30.0,Balanced Territorial Activity,15.0,Central Attacking Activity,69.0,Balanced Crossing,95.0,Central Creation,45.0,Balanced 1v1 Activity,44.0,Moderate Box Penetration,49.0,Typical Chance Creation,68.5,Mid Defensive Activity,51.75000000000001,Typical Defensive Disruption,90.0,Aerial Heavy,team_tactical_v1,False
2526,understat:29083,leeds_united,brentford,38,Established,30.0,Balanced Territorial Activity,70.0,Balanced Attacking Width,70.5,Balanced Crossing,75.0,Balanced Creation,79.5,Balanced 1v1 Activity,73.0,Moderate Box Penetration,43.0,Typical Chance Creation,38.5,Mid Defensive Activity,59.5,Typical Defensive Disruption,85.0,Aerial Heavy,team_tactical_v1,False
2526,understat:29079,aston_villa,west_ham,38,Established,10.0,Deep Attacking Activity,100.0,Wide Attacking Activity,42.0,Balanced Crossing,25.0,Balanced Creation,53.5,Balanced 1v1 Activity,16.0,Low Box Penetration,29.0,Typical Chance Creation,13.0,Deep Defensive Activity,65.10000000000001,Typical Defensive Disruption,45.0,Balanced Aerial Volume,team_tactical_v1,False
2526,understat:29079,west_ham,aston_villa,38,Established,52.5,Balanced Territorial Activity,25.0,Balanced Attacking Width,16.0,Cross Light,65.0,Balanced Creation,49.5,Balanced 1v1 Activity,63.0,Moderate Box Penetration,63.0,Typical Chance Creation,49.5,Mid Defensive Activity,13.500000000000002,Low Defensive Disruption,10.0,Aerial Light,team_tactical_v1,False
2526,understat:29085,newcastle_united,sunderland,38,Established,40.0,Balanced Territorial Activity,50.0,Balanced Attacking Width,33.5,Balanced Crossing,45.0,Balanced Creation,23.5,Balanced 1v1 Activity,29.0,Moderate Box Penetration,15.0,Low Chance Creation,23.0,Mid Defensive Activity,25.150000000000002,Typical Defensive Disruption,75.0,Balanced Aerial Volume,team_tactical_v1,False
2526,understat:29085,sunderland,newcastle_united,38,Established,82.5,Advanced Attacking Activity,60.0,Balanced Attacking Width,92.5,Cross Heavy,70.0,Balanced Creation,47.5,Balanced 1v1 Activity,76.0,Moderate Box Penetration,60.0,Typical Chance Creation,69.0,Mid Defensive Activity,39.95,Typical Defensive Disruption,65.0,Balanced Aerial Volume,team_tactical_v1,False
2526,understat:29086,nottingham_forest,tottenham_hotspur,38,Established,40.0,Balanced Territorial Activity,85.0,Wide Attacking Activity,88.5,Cross Heavy,40.0,Balanced Creation,96.5,Dribble Heavy,29.0,Moderate Box Penetration,32.0,Typical Chance Creation,57.5,Mid Defensive Activity,80.2,High Defensive Disruption,60.0,Balanced Aerial Volume,team_tactical_v1,False
2526,understat:29086,tottenham_hotspur,nottingham_forest,38,Established,62.5,Balanced Territorial Activity,90.0,Wide Attacking Activity,90.5,Cross Heavy,5.0,Wide Creation,68.5,Balanced 1v1 Activity,27.0,Moderate Box Penetration,40.0,Typical Chance Creation,39.5,Mid Defensive Activity,58.300000000000004,Typical Defensive Disruption,35.0,Balanced Aerial Volume,team_tactical_v1,False
2526,understat:29091,west_ham,wolverhampton_wanderers,38,Established,7.5,Deep Attacking Activity,55.0,Balanced Attacking Width,79.0,Balanced Crossing,20.0,Wide Creation,53.0,Balanced 1v1 Activity,16.0,Low Box Penetration,7.0,Low Chance Creation,8.0,Deep Defensive Activity,68.60000000000001,Typical Defensive Disruption,50.0,Balanced Aerial Volume,team_tactical_v1,False
2526,understat:29091,wolverhampton_wanderers,west_ham,38,Established,10.0,Deep Attacking Activity,100.0,Wide Attacking Activity,42.0,Balanced Crossing,25.0,Balanced Creation,53.5,Balanced 1v1 Activity,16.0,Low Box Penetration,29.0,Typical Chance Creation,13.0,Deep Defensive Activity,65.10000000000001,Typical Defensive Disruption,45.0,Balanced Aerial Volume,team_tactical_v1,False
2526,understat:29092,arsenal,bournemouth,38,Established,70.0,Balanced Territorial Activity,30.0,Balanced Attacking Width,71.0,Balanced Crossing,90.0,Central Creation,85.5,Dribble Heavy,51.0,Moderate Box Penetration,72.0,Typical Chance Creation,64.5,Mid Defensive Activity,81.35,High Defensive Disruption,80.0,Aerial Heavy,team_tactical_v1,False
2526,understat:29092,bournemouth,arsenal,38,Established,95.0,Advanced Attacking Activity,75.0,Balanced Attacking Width,36.0,Balanced Crossing,15.0,Wide Creation,50.0,Balanced 1v1 Activity,94.0,High Box Penetration,89.0,High Chance Creation,98.5,Advanced Defensive Activity,18.35,Low Defensive Disruption,40.0,Balanced Aerial Volume,team_tactical_v1,False
2526,understat:29093,brentford,everton,38,Established,65.0,Balanced Territorial Activity,65.0,Balanced Attacking Width,40.0,Balanced Crossing,30.0,Balanced Creation,50.0,Balanced 1v1 Activity,56.0,Moderate Box Penetration,40.0,Typical Chance Creation,56.0,Mid Defensive Activity,58.5,Typical Defensive Disruption,100.0,Aerial Heavy,team_tactical_v1,False
2526,understat:29093,everton,brentford,38,Established,30.0,Balanced Territorial Activity,70.0,Balanced Attacking Width,70.5,Balanced Crossing,75.0,Balanced Creation,79.5,Balanced 1v1 Activity,73.0,Moderate Box Penetration,43.0,Typical Chance Creation,38.5,Mid Defensive Activity,59.5,Typical Defensive Disruption,85.0,Aerial Heavy,team_tactical_v1,False
2526,understat:29094,brighton,burnley,38,Established,15.0,Deep Attacking Activity,95.0,Wide Attacking Activity,14.0,Cross Light,10.0,Wide Creation,31.5,Balanced 1v1 Activity,5.0,Low Box Penetration,8.0,Low Chance Creation,13.5,Deep Defensive Activity,54.900000000000006,Typical Defensive Disruption,70.0,Balanced Aerial Volume,team_tactical_v1,False
2526,understat:29094,burnley,brighton,38,Established,65.0,Balanced Territorial Activity,35.0,Balanced Attacking Width,66.0,Balanced Crossing,80.0,Central Creation,54.0,Balanced 1v1 Activity,52.0,Moderate Box Penetration,59.0,Typical Chance Creation,93.0,Advanced Defensive Activity,71.80000000000001,Typical Defensive Disruption,30.0,Balanced Aerial Volume,team_tactical_v1,False
2526,understat:29097,fulham,liverpool,38,Established,95.0,Advanced Attacking Activity,40.0,Balanced Attacking Width,62.49999999999999,Balanced Crossing,35.0,Balanced Creation,60.99999999999999,Balanced 1v1 Activity,98.0,High Box Penetration,92.0,High Chance Creation,81.5,Advanced Defensive Activity,13.25,Low Defensive Disruption,20.0,Aerial Light,team_tactical_v1,False
2526,understat:29097,liverpool,fulham,38,Established,42.5,Balanced Territorial Activity,80.0,Wide Attacking Activity,62.0,Balanced Crossing,55.0,Balanced Creation,21.5,Balanced 1v1 Activity,54.0,Moderate Box Penetration,45.0,Typical Chance Creation,19.0,Deep Defensive Activity,58.400000000000006,Typical Defensive Disruption,25.0,Balanced Aerial Volume,team_tactical_v1,False
2526,understat:29089,aston_villa,nottingham_forest,38,Established,62.5,Balanced Territorial Activity,90.0,Wide Attacking Activity,90.5,Cross Heavy,5.0,Wide Creation,68.5,Balanced 1v1 Activity,27.0,Moderate Box Penetration,40.0,Typical Chance Creation,39.5,Mid Defensive Activity,58.300000000000004,Typical Defensive Disruption,35.0,Balanced Aerial Volume,team_tactical_v1,False
2526,understat:29089,nottingham_forest,aston_villa,38,Established,52.5,Balanced Territorial Activity,25.0,Balanced Attacking Width,16.0,Cross Light,65.0,Balanced Creation,49.5,Balanced 1v1 Activity,63.0,Moderate Box Penetration,63.0,Typical Chance Creation,49.5,Mid Defensive Activity,13.500000000000002,Low Defensive Disruption,10.0,Aerial Light,team_tactical_v1,False
2526,understat:29090,sunderland,tottenham_hotspur,38,Established,40.0,Balanced Territorial Activity,85.0,Wide Attacking Activity,88.5,Cross Heavy,40.0,Balanced Creation,96.5,Dribble Heavy,29.0,Moderate Box Penetration,32.0,Typical Chance Creation,57.5,Mid Defensive Activity,80.2,High Defensive Disruption,60.0,Balanced Aerial Volume,team_tactical_v1,False
2526,understat:29090,tottenham_hotspur,sunderland,38,Established,40.0,Balanced Territorial Activity,50.0,Balanced Attacking Width,33.5,Balanced Crossing,45.0,Balanced Creation,23.5,Balanced 1v1 Activity,29.0,Moderate Box Penetration,15.0,Low Chance Creation,23.0,Mid Defensive Activity,25.150000000000002,Typical Defensive Disruption,75.0,Balanced Aerial Volume,team_tactical_v1,False
2526,understat:29095,chelsea,manchester_city,38,Established,95.0,Advanced Attacking Activity,45.0,Balanced Attacking Width,19.0,Cross Light,85.0,Central Creation,80.5,Dribble Heavy,93.0,High Box Penetration,97.0,High Chance Creation,93.5,Advanced Defensive Activity,39.75,Typical Defensive Disruption,5.0,Aerial Light,team_tactical_v1,False
2526,understat:29095,manchester_city,chelsea,38,Established,62.5,Balanced Territorial Activity,20.0,Central Attacking Activity,42.5,Balanced Crossing,60.0,Balanced Creation,69.5,Balanced 1v1 Activity,41.0,Moderate Box Penetration,84.0,High Chance Creation,83.5,Advanced Defensive Activity,56.35,Typical Defensive Disruption,15.0,Aerial Light,team_tactical_v1,False
2526,understat:29096,crystal_palace,newcastle_united,38,Established,82.5,Advanced Attacking Activity,60.0,Balanced Attacking Width,92.5,Cross Heavy,70.0,Balanced Creation,47.5,Balanced 1v1 Activity,76.0,Moderate Box Penetration,60.0,Typical Chance Creation,69.0,Mid Defensive Activity,39.95,Typical Defensive Disruption,65.0,Balanced Aerial Volume,team_tactical_v1,False
2526,understat:29096,newcastle_united,crystal_palace,38,Established,17.5,Deep Attacking Activity,5.0,Central Attacking Activity,28.5,Balanced Crossing,100.0,Central Creation,6.5,Dribble Light,66.0,Moderate Box Penetration,44.0,Typical Chance Creation,28.5,Mid Defensive Activity,63.60000000000001,Typical Defensive Disruption,95.0,Aerial Heavy,team_tactical_v1,False
2526,understat:29088,leeds_united,manchester_united,38,Established,72.5,Balanced Territorial Activity,10.0,Central Attacking Activity,30.5,Balanced Crossing,50.0,Balanced Creation,23.5,Balanced 1v1 Activity,67.0,Moderate Box Penetration,88.0,High Chance Creation,52.0,Mid Defensive Activity,75.05000000000001,Typical Defensive Disruption,55.0,Balanced Aerial Volume,team_tactical_v1,False
2526,understat:29088,manchester_united,leeds_united,38,Established,30.0,Balanced Territorial Activity,15.0,Central Attacking Activity,69.0,Balanced Crossing,95.0,Central Creation,45.0,Balanced 1v1 Activity,44.0,Moderate Box Penetration,49.0,Typical Chance Creation,68.5,Mid Defensive Activity,51.75000000000001,Typical Defensive Disruption,90.0,Aerial Heavy,team_tactical_v1,False
2526,understat:29099,brentford,fulham,38,Established,42.5,Balanced Territorial Activity,80.0,Wide Attacking Activity,62.0,Balanced Crossing,55.0,Balanced Creation,21.5,Balanced 1v1 Activity,54.0,Moderate Box Penetration,45.0,Typical Chance Creation,19.0,Deep Defensive Activity,58.400000000000006,Typical Defensive Disruption,25.0,Balanced Aerial Volume,team_tactical_v1,False
2526,understat:29099,fulham,brentford,38,Established,30.0,Balanced Territorial Activity,70.0,Balanced Attacking Width,70.5,Balanced Crossing,75.0,Balanced Creation,79.5,Balanced 1v1 Activity,73.0,Moderate Box Penetration,43.0,Typical Chance Creation,38.5,Mid Defensive Activity,59.5,Typical Defensive Disruption,85.0,Aerial Heavy,team_tactical_v1,False
2526,understat:29100,chelsea,manchester_united,38,Established,72.5,Balanced Territorial Activity,10.0,Central Attacking Activity,30.5,Balanced Crossing,50.0,Balanced Creation,23.5,Balanced 1v1 Activity,67.0,Moderate Box Penetration,88.0,High Chance Creation,52.0,Mid Defensive Activity,75.05000000000001,Typical Defensive Disruption,55.0,Balanced Aerial Volume,team_tactical_v1,False
2526,understat:29100,manchester_united,chelsea,38,Established,62.5,Balanced Territorial Activity,20.0,Central Attacking Activity,42.5,Balanced Crossing,60.0,Balanced Creation,69.5,Balanced 1v1 Activity,41.0,Moderate Box Penetration,84.0,High Chance Creation,83.5,Advanced Defensive Activity,56.35,Typical Defensive Disruption,15.0,Aerial Light,team_tactical_v1,False
2526,understat:29103,leeds_united,wolverhampton_wanderers,38,Established,7.5,Deep Attacking Activity,55.0,Balanced Attacking Width,79.0,Balanced Crossing,20.0,Wide Creation,53.0,Balanced 1v1 Activity,16.0,Low Box Penetration,7.0,Low Chance Creation,8.0,Deep Defensive Activity,68.60000000000001,Typical Defensive Disruption,50.0,Balanced Aerial Volume,team_tactical_v1,False
2526,understat:29103,wolverhampton_wanderers,leeds_united,38,Established,30.0,Balanced Territorial Activity,15.0,Central Attacking Activity,69.0,Balanced Crossing,95.0,Central Creation,45.0,Balanced 1v1 Activity,44.0,Moderate Box Penetration,49.0,Typical Chance Creation,68.5,Mid Defensive Activity,51.75000000000001,Typical Defensive Disruption,90.0,Aerial Heavy,team_tactical_v1,False
2526,understat:29105,bournemouth,newcastle_united,38,Established,82.5,Advanced Attacking Activity,60.0,Balanced Attacking Width,92.5,Cross Heavy,70.0,Balanced Creation,47.5,Balanced 1v1 Activity,76.0,Moderate Box Penetration,60.0,Typical Chance Creation,69.0,Mid Defensive Activity,39.95,Typical Defensive Disruption,65.0,Balanced Aerial Volume,team_tactical_v1,False
2526,understat:29105,newcastle_united,bournemouth,38,Established,70.0,Balanced Territorial Activity,30.0,Balanced Attacking Width,71.0,Balanced Crossing,90.0,Central Creation,85.5,Dribble Heavy,51.0,Moderate Box Penetration,72.0,Typical Chance Creation,64.5,Mid Defensive Activity,81.35,High Defensive Disruption,80.0,Aerial Heavy,team_tactical_v1,False
2526,understat:29107,brighton,tottenham_hotspur,38,Established,40.0,Balanced Territorial Activity,85.0,Wide Attacking Activity,88.5,Cross Heavy,40.0,Balanced Creation,96.5,Dribble Heavy,29.0,Moderate Box Penetration,32.0,Typical Chance Creation,57.5,Mid Defensive Activity,80.2,High Defensive Disruption,60.0,Balanced Aerial Volume,team_tactical_v1,False
2526,understat:29107,tottenham_hotspur,brighton,38,Established,65.0,Balanced Territorial Activity,35.0,Balanced Attacking Width,66.0,Balanced Crossing,80.0,Central Creation,54.0,Balanced 1v1 Activity,52.0,Moderate Box Penetration,59.0,Typical Chance Creation,93.0,Advanced Defensive Activity,71.80000000000001,Typical Defensive Disruption,30.0,Balanced Aerial Volume,team_tactical_v1,False
2526,understat:29098,aston_villa,sunderland,38,Established,40.0,Balanced Territorial Activity,50.0,Balanced Attacking Width,33.5,Balanced Crossing,45.0,Balanced Creation,23.5,Balanced 1v1 Activity,29.0,Moderate Box Penetration,15.0,Low Chance Creation,23.0,Mid Defensive Activity,25.150000000000002,Typical Defensive Disruption,75.0,Balanced Aerial Volume,team_tactical_v1,False
2526,understat:29098,sunderland,aston_villa,38,Established,52.5,Balanced Territorial Activity,25.0,Balanced Attacking Width,16.0,Cross Light,65.0,Balanced Creation,49.5,Balanced 1v1 Activity,63.0,Moderate Box Penetration,63.0,Typical Chance Creation,49.5,Mid Defensive Activity,13.500000000000002,Low Defensive Disruption,10.0,Aerial Light,team_tactical_v1,False
2526,understat:29102,everton,liverpool,38,Established,95.0,Advanced Attacking Activity,40.0,Balanced Attacking Width,62.49999999999999,Balanced Crossing,35.0,Balanced Creation,60.99999999999999,Balanced 1v1 Activity,98.0,High Box Penetration,92.0,High Chance Creation,81.5,Advanced Defensive Activity,13.25,Low Defensive Disruption,20.0,Aerial Light,team_tactical_v1,False
2526,understat:29102,liverpool,everton,38,Established,65.0,Balanced Territorial Activity,65.0,Balanced Attacking Width,40.0,Balanced Crossing,30.0,Balanced Creation,50.0,Balanced 1v1 Activity,56.0,Moderate Box Penetration,40.0,Typical Chance Creation,56.0,Mid Defensive Activity,58.5,Typical Defensive Disruption,100.0,Aerial Heavy,team_tactical_v1,False
2526,understat:29104,arsenal,manchester_city,38,Established,95.0,Advanced Attacking Activity,45.0,Balanced Attacking Width,19.0,Cross Light,85.0,Central Creation,80.5,Dribble Heavy,93.0,High Box Penetration,97.0,High Chance Creation,93.5,Advanced Defensive Activity,39.75,Typical Defensive Disruption,5.0,Aerial Light,team_tactical_v1,False
2526,understat:29104,manchester_city,arsenal,38,Established,95.0,Advanced Attacking Activity,75.0,Balanced Attacking Width,36.0,Balanced Crossing,15.0,Wide Creation,50.0,Balanced 1v1 Activity,94.0,High Box Penetration,89.0,High Chance Creation,98.5,Advanced Defensive Activity,18.35,Low Defensive Disruption,40.0,Balanced Aerial Volume,team_tactical_v1,False
2526,understat:29106,burnley,nottingham_forest,38,Established,62.5,Balanced Territorial Activity,90.0,Wide Attacking Activity,90.5,Cross Heavy,5.0,Wide Creation,68.5,Balanced 1v1 Activity,27.0,Moderate Box Penetration,40.0,Typical Chance Creation,39.5,Mid Defensive Activity,58.300000000000004,Typical Defensive Disruption,35.0,Balanced Aerial Volume,team_tactical_v1,False
2526,understat:29106,nottingham_forest,burnley,38,Established,15.0,Deep Attacking Activity,95.0,Wide Attacking Activity,14.0,Cross Light,10.0,Wide Creation,31.5,Balanced 1v1 Activity,5.0,Low Box Penetration,8.0,Low Chance Creation,13.5,Deep Defensive Activity,54.900000000000006,Typical Defensive Disruption,70.0,Balanced Aerial Volume,team_tactical_v1,False
2526,understat:29101,crystal_palace,west_ham,38,Established,10.0,Deep Attacking Activity,100.0,Wide Attacking Activity,42.0,Balanced Crossing,25.0,Balanced Creation,53.5,Balanced 1v1 Activity,16.0,Low Box Penetration,29.0,Typical Chance Creation,13.0,Deep Defensive Activity,65.10000000000001,Typical Defensive Disruption,45.0,Balanced Aerial Volume,team_tactical_v1,False
2526,understat:29101,west_ham,crystal_palace,38,Established,17.5,Deep Attacking Activity,5.0,Central Attacking Activity,28.5,Balanced Crossing,100.0,Central Creation,6.5,Dribble Light,66.0,Moderate Box Penetration,44.0,Typical Chance Creation,28.5,Mid Defensive Activity,63.60000000000001,Typical Defensive Disruption,95.0,Aerial Heavy,team_tactical_v1,False
2526,understat:29110,brighton,chelsea,38,Established,62.5,Balanced Territorial Activity,20.0,Central Attacking Activity,42.5,Balanced Crossing,60.0,Balanced Creation,69.5,Balanced 1v1 Activity,41.0,Moderate Box Penetration,84.0,High Chance Creation,83.5,Advanced Defensive Activity,56.35,Typical Defensive Disruption,15.0,Aerial Light,team_tactical_v1,False
2526,understat:29110,chelsea,brighton,38,Established,65.0,Balanced Territorial Activity,35.0,Balanced Attacking Width,66.0,Balanced Crossing,80.0,Central Creation,54.0,Balanced 1v1 Activity,52.0,Moderate Box Penetration,59.0,Typical Chance Creation,93.0,Advanced Defensive Activity,71.80000000000001,Typical Defensive Disruption,30.0,Balanced Aerial Volume,team_tactical_v1,False
2526,understat:29108,bournemouth,leeds_united,38,Established,30.0,Balanced Territorial Activity,15.0,Central Attacking Activity,69.0,Balanced Crossing,95.0,Central Creation,45.0,Balanced 1v1 Activity,44.0,Moderate Box Penetration,49.0,Typical Chance Creation,68.5,Mid Defensive Activity,51.75000000000001,Typical Defensive Disruption,90.0,Aerial Heavy,team_tactical_v1,False
2526,understat:29108,leeds_united,bournemouth,38,Established,70.0,Balanced Territorial Activity,30.0,Balanced Attacking Width,71.0,Balanced Crossing,90.0,Central Creation,85.5,Dribble Heavy,51.0,Moderate Box Penetration,72.0,Typical Chance Creation,64.5,Mid Defensive Activity,81.35,High Defensive Disruption,80.0,Aerial Heavy,team_tactical_v1,False
2526,understat:29111,burnley,manchester_city,38,Established,95.0,Advanced Attacking Activity,45.0,Balanced Attacking Width,19.0,Cross Light,85.0,Central Creation,80.5,Dribble Heavy,93.0,High Box Penetration,97.0,High Chance Creation,93.5,Advanced Defensive Activity,39.75,Typical Defensive Disruption,5.0,Aerial Light,team_tactical_v1,False
2526,understat:29111,manchester_city,burnley,38,Established,15.0,Deep Attacking Activity,95.0,Wide Attacking Activity,14.0,Cross Light,10.0,Wide Creation,31.5,Balanced 1v1 Activity,5.0,Low Box Penetration,8.0,Low Chance Creation,13.5,Deep Defensive Activity,54.900000000000006,Typical Defensive Disruption,70.0,Balanced Aerial Volume,team_tactical_v1,False
2526,understat:29115,nottingham_forest,sunderland,38,Established,40.0,Balanced Territorial Activity,50.0,Balanced Attacking Width,33.5,Balanced Crossing,45.0,Balanced Creation,23.5,Balanced 1v1 Activity,29.0,Moderate Box Penetration,15.0,Low Chance Creation,23.0,Mid Defensive Activity,25.150000000000002,Typical Defensive Disruption,75.0,Balanced Aerial Volume,team_tactical_v1,False
2526,understat:29115,sunderland,nottingham_forest,38,Established,62.5,Balanced Territorial Activity,90.0,Wide Attacking Activity,90.5,Cross Heavy,5.0,Wide Creation,68.5,Balanced 1v1 Activity,27.0,Moderate Box Penetration,40.0,Typical Chance Creation,39.5,Mid Defensive Activity,58.300000000000004,Typical Defensive Disruption,35.0,Balanced Aerial Volume,team_tactical_v1,False
2526,understat:29109,arsenal,newcastle_united,38,Established,82.5,Advanced Attacking Activity,60.0,Balanced Attacking Width,92.5,Cross Heavy,70.0,Balanced Creation,47.5,Balanced 1v1 Activity,76.0,Moderate Box Penetration,60.0,Typical Chance Creation,69.0,Mid Defensive Activity,39.95,Typical Defensive Disruption,65.0,Balanced Aerial Volume,team_tactical_v1,False
2526,understat:29109,newcastle_united,arsenal,38,Established,95.0,Advanced Attacking Activity,75.0,Balanced Attacking Width,36.0,Balanced Crossing,15.0,Wide Creation,50.0,Balanced 1v1 Activity,94.0,High Box Penetration,89.0,High Chance Creation,98.5,Advanced Defensive Activity,18.35,Low Defensive Disruption,40.0,Balanced Aerial Volume,team_tactical_v1,False
2526,understat:29112,aston_villa,fulham,38,Established,42.5,Balanced Territorial Activity,80.0,Wide Attacking Activity,62.0,Balanced Crossing,55.0,Balanced Creation,21.5,Balanced 1v1 Activity,54.0,Moderate Box Penetration,45.0,Typical Chance Creation,19.0,Deep Defensive Activity,58.400000000000006,Typical Defensive Disruption,25.0,Balanced Aerial Volume,team_tactical_v1,False
2526,understat:29112,fulham,aston_villa,38,Established,52.5,Balanced Territorial Activity,25.0,Balanced Attacking Width,16.0,Cross Light,65.0,Balanced Creation,49.5,Balanced 1v1 Activity,63.0,Moderate Box Penetration,63.0,Typical Chance Creation,49.5,Mid Defensive Activity,13.500000000000002,Low Defensive Disruption,10.0,Aerial Light,team_tactical_v1,False
2526,understat:29113,crystal_palace,liverpool,38,Established,95.0,Advanced Attacking Activity,40.0,Balanced Attacking Width,62.49999999999999,Balanced Crossing,35.0,Balanced Creation,60.99999999999999,Balanced 1v1 Activity,98.0,High Box Penetration,92.0,High Chance Creation,81.5,Advanced Defensive Activity,13.25,Low Defensive Disruption,20.0,Aerial Light,team_tactical_v1,False
2526,understat:29113,liverpool,crystal_palace,38,Established,17.5,Deep Attacking Activity,5.0,Central Attacking Activity,28.5,Balanced Crossing,100.0,Central Creation,6.5,Dribble Light,66.0,Moderate Box Penetration,44.0,Typical Chance Creation,28.5,Mid Defensive Activity,63.60000000000001,Typical Defensive Disruption,95.0,Aerial Heavy,team_tactical_v1,False
2526,understat:29116,everton,west_ham,38,Established,10.0,Deep Attacking Activity,100.0,Wide Attacking Activity,42.0,Balanced Crossing,25.0,Balanced Creation,53.5,Balanced 1v1 Activity,16.0,Low Box Penetration,29.0,Typical Chance Creation,13.0,Deep Defensive Activity,65.10000000000001,Typical Defensive Disruption,45.0,Balanced Aerial Volume,team_tactical_v1,False
2526,understat:29116,west_ham,everton,38,Established,65.0,Balanced Territorial Activity,65.0,Balanced Attacking Width,40.0,Balanced Crossing,30.0,Balanced Creation,50.0,Balanced 1v1 Activity,56.0,Moderate Box Penetration,40.0,Typical Chance Creation,56.0,Mid Defensive Activity,58.5,Typical Defensive Disruption,100.0,Aerial Heavy,team_tactical_v1,False
2526,understat:29117,tottenham_hotspur,wolverhampton_wanderers,38,Established,7.5,Deep Attacking Activity,55.0,Balanced Attacking Width,79.0,Balanced Crossing,20.0,Wide Creation,53.0,Balanced 1v1 Activity,16.0,Low Box Penetration,7.0,Low Chance Creation,8.0,Deep Defensive Activity,68.60000000000001,Typical Defensive Disruption,50.0,Balanced Aerial Volume,team_tactical_v1,False
2526,understat:29117,wolverhampton_wanderers,tottenham_hotspur,38,Established,40.0,Balanced Territorial Activity,85.0,Wide Attacking Activity,88.5,Cross Heavy,40.0,Balanced Creation,96.5,Dribble Heavy,29.0,Moderate Box Penetration,32.0,Typical Chance Creation,57.5,Mid Defensive Activity,80.2,High Defensive Disruption,60.0,Balanced Aerial Volume,team_tactical_v1,False
2526,understat:29114,brentford,manchester_united,38,Established,72.5,Balanced Territorial Activity,10.0,Central Attacking Activity,30.5,Balanced Crossing,50.0,Balanced Creation,23.5,Balanced 1v1 Activity,67.0,Moderate Box Penetration,88.0,High Chance Creation,52.0,Mid Defensive Activity,75.05000000000001,Typical Defensive Disruption,55.0,Balanced Aerial Volume,team_tactical_v1,False
2526,understat:29114,manchester_united,brentford,38,Established,30.0,Balanced Territorial Activity,70.0,Balanced Attacking Width,70.5,Balanced Crossing,75.0,Balanced Creation,79.5,Balanced 1v1 Activity,73.0,Moderate Box Penetration,43.0,Typical Chance Creation,38.5,Mid Defensive Activity,59.5,Typical Defensive Disruption,85.0,Aerial Heavy,team_tactical_v1,False
2526,understat:29124,burnley,leeds_united,38,Established,30.0,Balanced Territorial Activity,15.0,Central Attacking Activity,69.0,Balanced Crossing,95.0,Central Creation,45.0,Balanced 1v1 Activity,44.0,Moderate Box Penetration,49.0,Typical Chance Creation,68.5,Mid Defensive Activity,51.75000000000001,Typical Defensive Disruption,90.0,Aerial Heavy,team_tactical_v1,False
2526,understat:29124,leeds_united,burnley,38,Established,15.0,Deep Attacking Activity,95.0,Wide Attacking Activity,14.0,Cross Light,10.0,Wide Creation,31.5,Balanced 1v1 Activity,5.0,Low Box Penetration,8.0,Low Chance Creation,13.5,Deep Defensive Activity,54.900000000000006,Typical Defensive Disruption,70.0,Balanced Aerial Volume,team_tactical_v1,False
2526,understat:29119,arsenal,fulham,38,Established,42.5,Balanced Territorial Activity,80.0,Wide Attacking Activity,62.0,Balanced Crossing,55.0,Balanced Creation,21.5,Balanced 1v1 Activity,54.0,Moderate Box Penetration,45.0,Typical Chance Creation,19.0,Deep Defensive Activity,58.400000000000006,Typical Defensive Disruption,25.0,Balanced Aerial Volume,team_tactical_v1,False
2526,understat:29119,fulham,arsenal,38,Established,95.0,Advanced Attacking Activity,75.0,Balanced Attacking Width,36.0,Balanced Crossing,15.0,Wide Creation,50.0,Balanced 1v1 Activity,94.0,High Box Penetration,89.0,High Chance Creation,98.5,Advanced Defensive Activity,18.35,Low Defensive Disruption,40.0,Balanced Aerial Volume,team_tactical_v1,False
2526,understat:29121,brentford,west_ham,38,Established,10.0,Deep Attacking Activity,100.0,Wide Attacking Activity,42.0,Balanced Crossing,25.0,Balanced Creation,53.5,Balanced 1v1 Activity,16.0,Low Box Penetration,29.0,Typical Chance Creation,13.0,Deep Defensive Activity,65.10000000000001,Typical Defensive Disruption,45.0,Balanced Aerial Volume,team_tactical_v1,False
2526,understat:29121,west_ham,brentford,38,Established,30.0,Balanced Territorial Activity,70.0,Balanced Attacking Width,70.5,Balanced Crossing,75.0,Balanced Creation,79.5,Balanced 1v1 Activity,73.0,Moderate Box Penetration,43.0,Typical Chance Creation,38.5,Mid Defensive Activity,59.5,Typical Defensive Disruption,85.0,Aerial Heavy,team_tactical_v1,False
2526,understat:29126,brighton,newcastle_united,38,Established,82.5,Advanced Attacking Activity,60.0,Balanced Attacking Width,92.5,Cross Heavy,70.0,Balanced Creation,47.5,Balanced 1v1 Activity,76.0,Moderate Box Penetration,60.0,Typical Chance Creation,69.0,Mid Defensive Activity,39.95,Typical Defensive Disruption,65.0,Balanced Aerial Volume,team_tactical_v1,False
2526,understat:29126,newcastle_united,brighton,38,Established,65.0,Balanced Territorial Activity,35.0,Balanced Attacking Width,66.0,Balanced Crossing,80.0,Central Creation,54.0,Balanced 1v1 Activity,52.0,Moderate Box Penetration,59.0,Typical Chance Creation,93.0,Advanced Defensive Activity,71.80000000000001,Typical Defensive Disruption,30.0,Balanced Aerial Volume,team_tactical_v1,False
2526,understat:29127,sunderland,wolverhampton_wanderers,38,Established,7.5,Deep Attacking Activity,55.0,Balanced Attacking Width,79.0,Balanced Crossing,20.0,Wide Creation,53.0,Balanced 1v1 Activity,16.0,Low Box Penetration,7.0,Low Chance Creation,8.0,Deep Defensive Activity,68.60000000000001,Typical Defensive Disruption,50.0,Balanced Aerial Volume,team_tactical_v1,False
2526,understat:29127,wolverhampton_wanderers,sunderland,38,Established,40.0,Balanced Territorial Activity,50.0,Balanced Attacking Width,33.5,Balanced Crossing,45.0,Balanced Creation,23.5,Balanced 1v1 Activity,29.0,Moderate Box Penetration,15.0,Low Chance Creation,23.0,Mid Defensive Activity,25.150000000000002,Typical Defensive Disruption,75.0,Balanced Aerial Volume,team_tactical_v1,False
2526,understat:29118,bournemouth,crystal_palace,38,Established,17.5,Deep Attacking Activity,5.0,Central Attacking Activity,28.5,Balanced Crossing,100.0,Central Creation,6.5,Dribble Light,66.0,Moderate Box Penetration,44.0,Typical Chance Creation,28.5,Mid Defensive Activity,63.60000000000001,Typical Defensive Disruption,95.0,Aerial Heavy,team_tactical_v1,False
2526,understat:29118,crystal_palace,bournemouth,38,Established,70.0,Balanced Territorial Activity,30.0,Balanced Attacking Width,71.0,Balanced Crossing,90.0,Central Creation,85.5,Dribble Heavy,51.0,Moderate Box Penetration,72.0,Typical Chance Creation,64.5,Mid Defensive Activity,81.35,High Defensive Disruption,80.0,Aerial Heavy,team_tactical_v1,False
2526,understat:29120,aston_villa,tottenham_hotspur,38,Established,40.0,Balanced Territorial Activity,85.0,Wide Attacking Activity,88.5,Cross Heavy,40.0,Balanced Creation,96.5,Dribble Heavy,29.0,Moderate Box Penetration,32.0,Typical Chance Creation,57.5,Mid Defensive Activity,80.2,High Defensive Disruption,60.0,Balanced Aerial Volume,team_tactical_v1,False
2526,understat:29120,tottenham_hotspur,aston_villa,38,Established,52.5,Balanced Territorial Activity,25.0,Balanced Attacking Width,16.0,Cross Light,65.0,Balanced Creation,49.5,Balanced 1v1 Activity,63.0,Moderate Box Penetration,63.0,Typical Chance Creation,49.5,Mid Defensive Activity,13.500000000000002,Low Defensive Disruption,10.0,Aerial Light,team_tactical_v1,False
2526,understat:29125,liverpool,manchester_united,38,Established,72.5,Balanced Territorial Activity,10.0,Central Attacking Activity,30.5,Balanced Crossing,50.0,Balanced Creation,23.5,Balanced 1v1 Activity,67.0,Moderate Box Penetration,88.0,High Chance Creation,52.0,Mid Defensive Activity,75.05000000000001,Typical Defensive Disruption,55.0,Balanced Aerial Volume,team_tactical_v1,False
2526,understat:29125,manchester_united,liverpool,38,Established,95.0,Advanced Attacking Activity,40.0,Balanced Attacking Width,62.49999999999999,Balanced Crossing,35.0,Balanced Creation,60.99999999999999,Balanced 1v1 Activity,98.0,High Box Penetration,92.0,High Chance Creation,81.5,Advanced Defensive Activity,13.25,Low Defensive Disruption,20.0,Aerial Light,team_tactical_v1,False
2526,understat:29122,chelsea,nottingham_forest,38,Established,62.5,Balanced Territorial Activity,90.0,Wide Attacking Activity,90.5,Cross Heavy,5.0,Wide Creation,68.5,Balanced 1v1 Activity,27.0,Moderate Box Penetration,40.0,Typical Chance Creation,39.5,Mid Defensive Activity,58.300000000000004,Typical Defensive Disruption,35.0,Balanced Aerial Volume,team_tactical_v1,False
2526,understat:29122,nottingham_forest,chelsea,38,Established,62.5,Balanced Territorial Activity,20.0,Central Attacking Activity,42.5,Balanced Crossing,60.0,Balanced Creation,69.5,Balanced 1v1 Activity,41.0,Moderate Box Penetration,84.0,High Chance Creation,83.5,Advanced Defensive Activity,56.35,Typical Defensive Disruption,15.0,Aerial Light,team_tactical_v1,False
2526,understat:29123,everton,manchester_city,38,Established,95.0,Advanced Attacking Activity,45.0,Balanced Attacking Width,19.0,Cross Light,85.0,Central Creation,80.5,Dribble Heavy,93.0,High Box Penetration,97.0,High Chance Creation,93.5,Advanced Defensive Activity,39.75,Typical Defensive Disruption,5.0,Aerial Light,team_tactical_v1,False
2526,understat:29123,manchester_city,everton,38,Established,65.0,Balanced Territorial Activity,65.0,Balanced Attacking Width,40.0,Balanced Crossing,30.0,Balanced Creation,50.0,Balanced 1v1 Activity,56.0,Moderate Box Penetration,40.0,Typical Chance Creation,56.0,Mid Defensive Activity,58.5,Typical Defensive Disruption,100.0,Aerial Heavy,team_tactical_v1,False
2526,understat:29128,brighton,wolverhampton_wanderers,38,Established,7.5,Deep Attacking Activity,55.0,Balanced Attacking Width,79.0,Balanced Crossing,20.0,Wide Creation,53.0,Balanced 1v1 Activity,16.0,Low Box Penetration,7.0,Low Chance Creation,8.0,Deep Defensive Activity,68.60000000000001,Typical Defensive Disruption,50.0,Balanced Aerial Volume,team_tactical_v1,False
2526,understat:29128,wolverhampton_wanderers,brighton,38,Established,65.0,Balanced Territorial Activity,35.0,Balanced Attacking Width,66.0,Balanced Crossing,80.0,Central Creation,54.0,Balanced 1v1 Activity,52.0,Moderate Box Penetration,59.0,Typical Chance Creation,93.0,Advanced Defensive Activity,71.80000000000001,Typical Defensive Disruption,30.0,Balanced Aerial Volume,team_tactical_v1,False
2526,understat:29131,bournemouth,fulham,38,Established,42.5,Balanced Territorial Activity,80.0,Wide Attacking Activity,62.0,Balanced Crossing,55.0,Balanced Creation,21.5,Balanced 1v1 Activity,54.0,Moderate Box Penetration,45.0,Typical Chance Creation,19.0,Deep Defensive Activity,58.400000000000006,Typical Defensive Disruption,25.0,Balanced Aerial Volume,team_tactical_v1,False
2526,understat:29131,fulham,bournemouth,38,Established,70.0,Balanced Territorial Activity,30.0,Balanced Attacking Width,71.0,Balanced Crossing,90.0,Central Creation,85.5,Dribble Heavy,51.0,Moderate Box Penetration,72.0,Typical Chance Creation,64.5,Mid Defensive Activity,81.35,High Defensive Disruption,80.0,Aerial Heavy,team_tactical_v1,False
2526,understat:29132,chelsea,liverpool,38,Established,95.0,Advanced Attacking Activity,40.0,Balanced Attacking Width,62.49999999999999,Balanced Crossing,35.0,Balanced Creation,60.99999999999999,Balanced 1v1 Activity,98.0,High Box Penetration,92.0,High Chance Creation,81.5,Advanced Defensive Activity,13.25,Low Defensive Disruption,20.0,Aerial Light,team_tactical_v1,False
2526,understat:29132,liverpool,chelsea,38,Established,62.5,Balanced Territorial Activity,20.0,Central Attacking Activity,42.5,Balanced Crossing,60.0,Balanced Creation,69.5,Balanced 1v1 Activity,41.0,Moderate Box Penetration,84.0,High Chance Creation,83.5,Advanced Defensive Activity,56.35,Typical Defensive Disruption,15.0,Aerial Light,team_tactical_v1,False
2526,understat:29133,brentford,manchester_city,38,Established,95.0,Advanced Attacking Activity,45.0,Balanced Attacking Width,19.0,Cross Light,85.0,Central Creation,80.5,Dribble Heavy,93.0,High Box Penetration,97.0,High Chance Creation,93.5,Advanced Defensive Activity,39.75,Typical Defensive Disruption,5.0,Aerial Light,team_tactical_v1,False
2526,understat:29133,manchester_city,brentford,38,Established,30.0,Balanced Territorial Activity,70.0,Balanced Attacking Width,70.5,Balanced Crossing,75.0,Balanced Creation,79.5,Balanced 1v1 Activity,73.0,Moderate Box Penetration,43.0,Typical Chance Creation,38.5,Mid Defensive Activity,59.5,Typical Defensive Disruption,85.0,Aerial Heavy,team_tactical_v1,False
2526,understat:29135,manchester_united,sunderland,38,Established,40.0,Balanced Territorial Activity,50.0,Balanced Attacking Width,33.5,Balanced Crossing,45.0,Balanced Creation,23.5,Balanced 1v1 Activity,29.0,Moderate Box Penetration,15.0,Low Chance Creation,23.0,Mid Defensive Activity,25.150000000000002,Typical Defensive Disruption,75.0,Balanced Aerial Volume,team_tactical_v1,False
2526,understat:29135,sunderland,manchester_united,38,Established,72.5,Balanced Territorial Activity,10.0,Central Attacking Activity,30.5,Balanced Crossing,50.0,Balanced Creation,23.5,Balanced 1v1 Activity,67.0,Moderate Box Penetration,88.0,High Chance Creation,52.0,Mid Defensive Activity,75.05000000000001,Typical Defensive Disruption,55.0,Balanced Aerial Volume,team_tactical_v1,False
2526,understat:29129,aston_villa,burnley,38,Established,15.0,Deep Attacking Activity,95.0,Wide Attacking Activity,14.0,Cross Light,10.0,Wide Creation,31.5,Balanced 1v1 Activity,5.0,Low Box Penetration,8.0,Low Chance Creation,13.5,Deep Defensive Activity,54.900000000000006,Typical Defensive Disruption,70.0,Balanced Aerial Volume,team_tactical_v1,False
2526,understat:29129,burnley,aston_villa,38,Established,52.5,Balanced Territorial Activity,25.0,Balanced Attacking Width,16.0,Cross Light,65.0,Balanced Creation,49.5,Balanced 1v1 Activity,63.0,Moderate Box Penetration,63.0,Typical Chance Creation,49.5,Mid Defensive Activity,13.500000000000002,Low Defensive Disruption,10.0,Aerial Light,team_tactical_v1,False
2526,understat:29130,crystal_palace,everton,38,Established,65.0,Balanced Territorial Activity,65.0,Balanced Attacking Width,40.0,Balanced Crossing,30.0,Balanced Creation,50.0,Balanced 1v1 Activity,56.0,Moderate Box Penetration,40.0,Typical Chance Creation,56.0,Mid Defensive Activity,58.5,Typical Defensive Disruption,100.0,Aerial Heavy,team_tactical_v1,False
2526,understat:29130,everton,crystal_palace,38,Established,17.5,Deep Attacking Activity,5.0,Central Attacking Activity,28.5,Balanced Crossing,100.0,Central Creation,6.5,Dribble Light,66.0,Moderate Box Penetration,44.0,Typical Chance Creation,28.5,Mid Defensive Activity,63.60000000000001,Typical Defensive Disruption,95.0,Aerial Heavy,team_tactical_v1,False
2526,understat:29134,newcastle_united,nottingham_forest,38,Established,62.5,Balanced Territorial Activity,90.0,Wide Attacking Activity,90.5,Cross Heavy,5.0,Wide Creation,68.5,Balanced 1v1 Activity,27.0,Moderate Box Penetration,40.0,Typical Chance Creation,39.5,Mid Defensive Activity,58.300000000000004,Typical Defensive Disruption,35.0,Balanced Aerial Volume,team_tactical_v1,False
2526,understat:29134,nottingham_forest,newcastle_united,38,Established,82.5,Advanced Attacking Activity,60.0,Balanced Attacking Width,92.5,Cross Heavy,70.0,Balanced Creation,47.5,Balanced 1v1 Activity,76.0,Moderate Box Penetration,60.0,Typical Chance Creation,69.0,Mid Defensive Activity,39.95,Typical Defensive Disruption,65.0,Balanced Aerial Volume,team_tactical_v1,False
2526,understat:29137,arsenal,west_ham,38,Established,10.0,Deep Attacking Activity,100.0,Wide Attacking Activity,42.0,Balanced Crossing,25.0,Balanced Creation,53.5,Balanced 1v1 Activity,16.0,Low Box Penetration,29.0,Typical Chance Creation,13.0,Deep Defensive Activity,65.10000000000001,Typical Defensive Disruption,45.0,Balanced Aerial Volume,team_tactical_v1,False
2526,understat:29137,west_ham,arsenal,38,Established,95.0,Advanced Attacking Activity,75.0,Balanced Attacking Width,36.0,Balanced Crossing,15.0,Wide Creation,50.0,Balanced 1v1 Activity,94.0,High Box Penetration,89.0,High Chance Creation,98.5,Advanced Defensive Activity,18.35,Low Defensive Disruption,40.0,Balanced Aerial Volume,team_tactical_v1,False
2526,understat:29136,leeds_united,tottenham_hotspur,38,Established,40.0,Balanced Territorial Activity,85.0,Wide Attacking Activity,88.5,Cross Heavy,40.0,Balanced Creation,96.5,Dribble Heavy,29.0,Moderate Box Penetration,32.0,Typical Chance Creation,57.5,Mid Defensive Activity,80.2,High Defensive Disruption,60.0,Balanced Aerial Volume,team_tactical_v1,False
2526,understat:29136,tottenham_hotspur,leeds_united,38,Established,30.0,Balanced Territorial Activity,15.0,Central Attacking Activity,69.0,Balanced Crossing,95.0,Central Creation,45.0,Balanced 1v1 Activity,44.0,Moderate Box Penetration,49.0,Typical Chance Creation,68.5,Mid Defensive Activity,51.75000000000001,Typical Defensive Disruption,90.0,Aerial Heavy,team_tactical_v1,False
2526,understat:29084,crystal_palace,manchester_city,38,Established,95.0,Advanced Attacking Activity,45.0,Balanced Attacking Width,19.0,Cross Light,85.0,Central Creation,80.5,Dribble Heavy,93.0,High Box Penetration,97.0,High Chance Creation,93.5,Advanced Defensive Activity,39.75,Typical Defensive Disruption,5.0,Aerial Light,team_tactical_v1,False
2526,understat:29084,manchester_city,crystal_palace,38,Established,17.5,Deep Attacking Activity,5.0,Central Attacking Activity,28.5,Balanced Crossing,100.0,Central Creation,6.5,Dribble Light,66.0,Moderate Box Penetration,44.0,Typical Chance Creation,28.5,Mid Defensive Activity,63.60000000000001,Typical Defensive Disruption,95.0,Aerial Heavy,team_tactical_v1,False
2526,understat:29140,aston_villa,liverpool,38,Established,95.0,Advanced Attacking Activity,40.0,Balanced Attacking Width,62.49999999999999,Balanced Crossing,35.0,Balanced Creation,60.99999999999999,Balanced 1v1 Activity,98.0,High Box Penetration,92.0,High Chance Creation,81.5,Advanced Defensive Activity,13.25,Low Defensive Disruption,20.0,Aerial Light,team_tactical_v1,False
2526,understat:29140,liverpool,aston_villa,38,Established,52.5,Balanced Territorial Activity,25.0,Balanced Attacking Width,16.0,Cross Light,65.0,Balanced Creation,49.5,Balanced 1v1 Activity,63.0,Moderate Box Penetration,63.0,Typical Chance Creation,49.5,Mid Defensive Activity,13.500000000000002,Low Defensive Disruption,10.0,Aerial Light,team_tactical_v1,False
2526,understat:29141,brentford,crystal_palace,38,Established,17.5,Deep Attacking Activity,5.0,Central Attacking Activity,28.5,Balanced Crossing,100.0,Central Creation,6.5,Dribble Light,66.0,Moderate Box Penetration,44.0,Typical Chance Creation,28.5,Mid Defensive Activity,63.60000000000001,Typical Defensive Disruption,95.0,Aerial Heavy,team_tactical_v1,False
2526,understat:29141,crystal_palace,brentford,38,Established,30.0,Balanced Territorial Activity,70.0,Balanced Attacking Width,70.5,Balanced Crossing,75.0,Balanced Creation,79.5,Balanced 1v1 Activity,73.0,Moderate Box Penetration,43.0,Typical Chance Creation,38.5,Mid Defensive Activity,59.5,Typical Defensive Disruption,85.0,Aerial Heavy,team_tactical_v1,False
2526,understat:29143,everton,sunderland,38,Established,40.0,Balanced Territorial Activity,50.0,Balanced Attacking Width,33.5,Balanced Crossing,45.0,Balanced Creation,23.5,Balanced 1v1 Activity,29.0,Moderate Box Penetration,15.0,Low Chance Creation,23.0,Mid Defensive Activity,25.150000000000002,Typical Defensive Disruption,75.0,Balanced Aerial Volume,team_tactical_v1,False
2526,understat:29143,sunderland,everton,38,Established,65.0,Balanced Territorial Activity,65.0,Balanced Attacking Width,40.0,Balanced Crossing,30.0,Balanced Creation,50.0,Balanced 1v1 Activity,56.0,Moderate Box Penetration,40.0,Typical Chance Creation,56.0,Mid Defensive Activity,58.5,Typical Defensive Disruption,100.0,Aerial Heavy,team_tactical_v1,False
2526,understat:29144,brighton,leeds_united,38,Established,30.0,Balanced Territorial Activity,15.0,Central Attacking Activity,69.0,Balanced Crossing,95.0,Central Creation,45.0,Balanced 1v1 Activity,44.0,Moderate Box Penetration,49.0,Typical Chance Creation,68.5,Mid Defensive Activity,51.75000000000001,Typical Defensive Disruption,90.0,Aerial Heavy,team_tactical_v1,False
2526,understat:29144,leeds_united,brighton,38,Established,65.0,Balanced Territorial Activity,35.0,Balanced Attacking Width,66.0,Balanced Crossing,80.0,Central Creation,54.0,Balanced 1v1 Activity,52.0,Moderate Box Penetration,59.0,Typical Chance Creation,93.0,Advanced Defensive Activity,71.80000000000001,Typical Defensive Disruption,30.0,Balanced Aerial Volume,team_tactical_v1,False
2526,understat:29145,manchester_united,nottingham_forest,38,Established,62.5,Balanced Territorial Activity,90.0,Wide Attacking Activity,90.5,Cross Heavy,5.0,Wide Creation,68.5,Balanced 1v1 Activity,27.0,Moderate Box Penetration,40.0,Typical Chance Creation,39.5,Mid Defensive Activity,58.300000000000004,Typical Defensive Disruption,35.0,Balanced Aerial Volume,team_tactical_v1,False
2526,understat:29145,nottingham_forest,manchester_united,38,Established,72.5,Balanced Territorial Activity,10.0,Central Attacking Activity,30.5,Balanced Crossing,50.0,Balanced Creation,23.5,Balanced 1v1 Activity,67.0,Moderate Box Penetration,88.0,High Chance Creation,52.0,Mid Defensive Activity,75.05000000000001,Typical Defensive Disruption,55.0,Balanced Aerial Volume,team_tactical_v1,False
2526,understat:29146,newcastle_united,west_ham,38,Established,10.0,Deep Attacking Activity,100.0,Wide Attacking Activity,42.0,Balanced Crossing,25.0,Balanced Creation,53.5,Balanced 1v1 Activity,16.0,Low Box Penetration,29.0,Typical Chance Creation,13.0,Deep Defensive Activity,65.10000000000001,Typical Defensive Disruption,45.0,Balanced Aerial Volume,team_tactical_v1,False
2526,understat:29146,west_ham,newcastle_united,38,Established,82.5,Advanced Attacking Activity,60.0,Balanced Attacking Width,92.5,Cross Heavy,70.0,Balanced Creation,47.5,Balanced 1v1 Activity,76.0,Moderate Box Penetration,60.0,Typical Chance Creation,69.0,Mid Defensive Activity,39.95,Typical Defensive Disruption,65.0,Balanced Aerial Volume,team_tactical_v1,False
2526,understat:29147,fulham,wolverhampton_wanderers,38,Established,7.5,Deep Attacking Activity,55.0,Balanced Attacking Width,79.0,Balanced Crossing,20.0,Wide Creation,53.0,Balanced 1v1 Activity,16.0,Low Box Penetration,7.0,Low Chance Creation,8.0,Deep Defensive Activity,68.60000000000001,Typical Defensive Disruption,50.0,Balanced Aerial Volume,team_tactical_v1,False
2526,understat:29147,wolverhampton_wanderers,fulham,38,Established,42.5,Balanced Territorial Activity,80.0,Wide Attacking Activity,62.0,Balanced Crossing,55.0,Balanced Creation,21.5,Balanced 1v1 Activity,54.0,Moderate Box Penetration,45.0,Typical Chance Creation,19.0,Deep Defensive Activity,58.400000000000006,Typical Defensive Disruption,25.0,Balanced Aerial Volume,team_tactical_v1,False
2526,understat:29139,arsenal,burnley,38,Established,15.0,Deep Attacking Activity,95.0,Wide Attacking Activity,14.0,Cross Light,10.0,Wide Creation,31.5,Balanced 1v1 Activity,5.0,Low Box Penetration,8.0,Low Chance Creation,13.5,Deep Defensive Activity,54.900000000000006,Typical Defensive Disruption,70.0,Balanced Aerial Volume,team_tactical_v1,False
2526,understat:29139,burnley,arsenal,38,Established,95.0,Advanced Attacking Activity,75.0,Balanced Attacking Width,36.0,Balanced Crossing,15.0,Wide Creation,50.0,Balanced 1v1 Activity,94.0,High Box Penetration,89.0,High Chance Creation,98.5,Advanced Defensive Activity,18.35,Low Defensive Disruption,40.0,Balanced Aerial Volume,team_tactical_v1,False
2526,understat:29138,bournemouth,manchester_city,38,Established,95.0,Advanced Attacking Activity,45.0,Balanced Attacking Width,19.0,Cross Light,85.0,Central Creation,80.5,Dribble Heavy,93.0,High Box Penetration,97.0,High Chance Creation,93.5,Advanced Defensive Activity,39.75,Typical Defensive Disruption,5.0,Aerial Light,team_tactical_v1,False
2526,understat:29138,manchester_city,bournemouth,38,Established,70.0,Balanced Territorial Activity,30.0,Balanced Attacking Width,71.0,Balanced Crossing,90.0,Central Creation,85.5,Dribble Heavy,51.0,Moderate Box Penetration,72.0,Typical Chance Creation,64.5,Mid Defensive Activity,81.35,High Defensive Disruption,80.0,Aerial Heavy,team_tactical_v1,False
2526,understat:29142,chelsea,tottenham_hotspur,38,Established,40.0,Balanced Territorial Activity,85.0,Wide Attacking Activity,88.5,Cross Heavy,40.0,Balanced Creation,96.5,Dribble Heavy,29.0,Moderate Box Penetration,32.0,Typical Chance Creation,57.5,Mid Defensive Activity,80.2,High Defensive Disruption,60.0,Balanced Aerial Volume,team_tactical_v1,False
2526,understat:29142,tottenham_hotspur,chelsea,38,Established,62.5,Balanced Territorial Activity,20.0,Central Attacking Activity,42.5,Balanced Crossing,60.0,Balanced Creation,69.5,Balanced 1v1 Activity,41.0,Moderate Box Penetration,84.0,High Chance Creation,83.5,Advanced Defensive Activity,56.35,Typical Defensive Disruption,15.0,Aerial Light,team_tactical_v1,False
2526,understat:29148,brighton,manchester_united,38,Established,72.5,Balanced Territorial Activity,10.0,Central Attacking Activity,30.5,Balanced Crossing,50.0,Balanced Creation,23.5,Balanced 1v1 Activity,67.0,Moderate Box Penetration,88.0,High Chance Creation,52.0,Mid Defensive Activity,75.05000000000001,Typical Defensive Disruption,55.0,Balanced Aerial Volume,team_tactical_v1,False
2526,understat:29148,manchester_united,brighton,38,Established,65.0,Balanced Territorial Activity,35.0,Balanced Attacking Width,66.0,Balanced Crossing,80.0,Central Creation,54.0,Balanced 1v1 Activity,52.0,Moderate Box Penetration,59.0,Typical Chance Creation,93.0,Advanced Defensive Activity,71.80000000000001,Typical Defensive Disruption,30.0,Balanced Aerial Volume,team_tactical_v1,False
2526,understat:29149,burnley,wolverhampton_wanderers,38,Established,7.5,Deep Attacking Activity,55.0,Balanced Attacking Width,79.0,Balanced Crossing,20.0,Wide Creation,53.0,Balanced 1v1 Activity,16.0,Low Box Penetration,7.0,Low Chance Creation,8.0,Deep Defensive Activity,68.60000000000001,Typical Defensive Disruption,50.0,Balanced Aerial Volume,team_tactical_v1,False
2526,understat:29149,wolverhampton_wanderers,burnley,38,Established,15.0,Deep Attacking Activity,95.0,Wide Attacking Activity,14.0,Cross Light,10.0,Wide Creation,31.5,Balanced 1v1 Activity,5.0,Low Box Penetration,8.0,Low Chance Creation,13.5,Deep Defensive Activity,54.900000000000006,Typical Defensive Disruption,70.0,Balanced Aerial Volume,team_tactical_v1,False
2526,understat:29150,arsenal,crystal_palace,38,Established,17.5,Deep Attacking Activity,5.0,Central Attacking Activity,28.5,Balanced Crossing,100.0,Central Creation,6.5,Dribble Light,66.0,Moderate Box Penetration,44.0,Typical Chance Creation,28.5,Mid Defensive Activity,63.60000000000001,Typical Defensive Disruption,95.0,Aerial Heavy,team_tactical_v1,False
2526,understat:29150,crystal_palace,arsenal,38,Established,95.0,Advanced Attacking Activity,75.0,Balanced Attacking Width,36.0,Balanced Crossing,15.0,Wide Creation,50.0,Balanced 1v1 Activity,94.0,High Box Penetration,89.0,High Chance Creation,98.5,Advanced Defensive Activity,18.35,Low Defensive Disruption,40.0,Balanced Aerial Volume,team_tactical_v1,False
2526,understat:29151,fulham,newcastle_united,38,Established,82.5,Advanced Attacking Activity,60.0,Balanced Attacking Width,92.5,Cross Heavy,70.0,Balanced Creation,47.5,Balanced 1v1 Activity,76.0,Moderate Box Penetration,60.0,Typical Chance Creation,69.0,Mid Defensive Activity,39.95,Typical Defensive Disruption,65.0,Balanced Aerial Volume,team_tactical_v1,False
2526,understat:29151,newcastle_united,fulham,38,Established,42.5,Balanced Territorial Activity,80.0,Wide Attacking Activity,62.0,Balanced Crossing,55.0,Balanced Creation,21.5,Balanced 1v1 Activity,54.0,Moderate Box Penetration,45.0,Typical Chance Creation,19.0,Deep Defensive Activity,58.400000000000006,Typical Defensive Disruption,25.0,Balanced Aerial Volume,team_tactical_v1,False
2526,understat:29152,brentford,liverpool,38,Established,95.0,Advanced Attacking Activity,40.0,Balanced Attacking Width,62.49999999999999,Balanced Crossing,35.0,Balanced Creation,60.99999999999999,Balanced 1v1 Activity,98.0,High Box Penetration,92.0,High Chance Creation,81.5,Advanced Defensive Activity,13.25,Low Defensive Disruption,20.0,Aerial Light,team_tactical_v1,False
2526,understat:29152,liverpool,brentford,38,Established,30.0,Balanced Territorial Activity,70.0,Balanced Attacking Width,70.5,Balanced Crossing,75.0,Balanced Creation,79.5,Balanced 1v1 Activity,73.0,Moderate Box Penetration,43.0,Typical Chance Creation,38.5,Mid Defensive Activity,59.5,Typical Defensive Disruption,85.0,Aerial Heavy,team_tactical_v1,False
2526,understat:29153,aston_villa,manchester_city,38,Established,95.0,Advanced Attacking Activity,45.0,Balanced Attacking Width,19.0,Cross Light,85.0,Central Creation,80.5,Dribble Heavy,93.0,High Box Penetration,97.0,High Chance Creation,93.5,Advanced Defensive Activity,39.75,Typical Defensive Disruption,5.0,Aerial Light,team_tactical_v1,False
2526,understat:29153,manchester_city,aston_villa,38,Established,52.5,Balanced Territorial Activity,25.0,Balanced Attacking Width,16.0,Cross Light,65.0,Balanced Creation,49.5,Balanced 1v1 Activity,63.0,Moderate Box Penetration,63.0,Typical Chance Creation,49.5,Mid Defensive Activity,13.500000000000002,Low Defensive Disruption,10.0,Aerial Light,team_tactical_v1,False
2526,understat:29154,bournemouth,nottingham_forest,38,Established,62.5,Balanced Territorial Activity,90.0,Wide Attacking Activity,90.5,Cross Heavy,5.0,Wide Creation,68.5,Balanced 1v1 Activity,27.0,Moderate Box Penetration,40.0,Typical Chance Creation,39.5,Mid Defensive Activity,58.300000000000004,Typical Defensive Disruption,35.0,Balanced Aerial Volume,team_tactical_v1,False
2526,understat:29154,nottingham_forest,bournemouth,38,Established,70.0,Balanced Territorial Activity,30.0,Balanced Attacking Width,71.0,Balanced Crossing,90.0,Central Creation,85.5,Dribble Heavy,51.0,Moderate Box Penetration,72.0,Typical Chance Creation,64.5,Mid Defensive Activity,81.35,High Defensive Disruption,80.0,Aerial Heavy,team_tactical_v1,False
2526,understat:29155,chelsea,sunderland,38,Established,40.0,Balanced Territorial Activity,50.0,Balanced Attacking Width,33.5,Balanced Crossing,45.0,Balanced Creation,23.5,Balanced 1v1 Activity,29.0,Moderate Box Penetration,15.0,Low Chance Creation,23.0,Mid Defensive Activity,25.150000000000002,Typical Defensive Disruption,75.0,Balanced Aerial Volume,team_tactical_v1,False
2526,understat:29155,sunderland,chelsea,38,Established,62.5,Balanced Territorial Activity,20.0,Central Attacking Activity,42.5,Balanced Crossing,60.0,Balanced Creation,69.5,Balanced 1v1 Activity,41.0,Moderate Box Penetration,84.0,High Chance Creation,83.5,Advanced Defensive Activity,56.35,Typical Defensive Disruption,15.0,Aerial Light,team_tactical_v1,False
2526,understat:29156,everton,tottenham_hotspur,38,Established,40.0,Balanced Territorial Activity,85.0,Wide Attacking Activity,88.5,Cross Heavy,40.0,Balanced Creation,96.5,Dribble Heavy,29.0,Moderate Box Penetration,32.0,Typical Chance Creation,57.5,Mid Defensive Activity,80.2,High Defensive Disruption,60.0,Balanced Aerial Volume,team_tactical_v1,False
2526,understat:29156,tottenham_hotspur,everton,38,Established,65.0,Balanced Territorial Activity,65.0,Balanced Attacking Width,40.0,Balanced Crossing,30.0,Balanced Creation,50.0,Balanced 1v1 Activity,56.0,Moderate Box Penetration,40.0,Typical Chance Creation,56.0,Mid Defensive Activity,58.5,Typical Defensive Disruption,100.0,Aerial Heavy,team_tactical_v1,False
2526,understat:29157,leeds_united,west_ham,38,Established,10.0,Deep Attacking Activity,100.0,Wide Attacking Activity,42.0,Balanced Crossing,25.0,Balanced Creation,53.5,Balanced 1v1 Activity,16.0,Low Box Penetration,29.0,Typical Chance Creation,13.0,Deep Defensive Activity,65.10000000000001,Typical Defensive Disruption,45.0,Balanced Aerial Volume,team_tactical_v1,False
2526,understat:29157,west_ham,leeds_united,38,Established,30.0,Balanced Territorial Activity,15.0,Central Attacking Activity,69.0,Balanced Crossing,95.0,Central Creation,45.0,Balanced 1v1 Activity,44.0,Moderate Box Penetration,49.0,Typical Chance Creation,68.5,Mid Defensive Activity,51.75000000000001,Typical Defensive Disruption,90.0,Aerial Heavy,team_tactical_v1,False
