season,canonical_match_id,match_date,club_id,opponent_id,home_away,manager_id,manager_name,formation,result,red_card_match,final_third_event_share,final_third_entries_per_match,wide_attacking_activity_share,crosses_per_match,crosses_per_100_attacking_events,central_creation_share,take_ons_per_match,take_ons_per_100_attacking_events,box_entries_per_match,box_event_share,key_passes_per_match,shots_per_match,shots_on_target_per_match,xg_per_match,defensive_event_activity_depth,advanced_defensive_action_share,successful_tackles_per_match,interceptions_per_match,recoveries_per_match,aerials_per_match,cross_success_pct,take_on_success_pct,aerial_win_pct,xg_per_shot,methodology_version,feature_class,contains_prediction,final_third_event_share_historical_match_percentile,final_third_entries_per_match_historical_match_percentile,wide_attacking_activity_share_historical_match_percentile,crosses_per_match_historical_match_percentile,crosses_per_100_attacking_events_historical_match_percentile,central_creation_share_historical_match_percentile,take_ons_per_match_historical_match_percentile,take_ons_per_100_attacking_events_historical_match_percentile,box_entries_per_match_historical_match_percentile,box_event_share_historical_match_percentile,key_passes_per_match_historical_match_percentile,shots_per_match_historical_match_percentile,shots_on_target_per_match_historical_match_percentile,xg_per_match_historical_match_percentile,defensive_event_activity_depth_historical_match_percentile,advanced_defensive_action_share_historical_match_percentile,successful_tackles_per_match_historical_match_percentile,interceptions_per_match_historical_match_percentile,recoveries_per_match_historical_match_percentile,aerials_per_match_historical_match_percentile
2526,understat:28778,2025-08-15,bournemouth,liverpool,A,mgr:b4b8eecb310f,Andoni Iraola,4141,L,False,22.75449101796407,10,76.84210526315789,20,21.05263157894737,50.0,22,23.157894736842106,12,6.137724550898204,8,10,2,1.57303,31.47076923076923,8.461538461538462,12,11,46,47,25.0,36.36363636363637,38.297872340425535,0.157303,team_tactical_v1,OBSERVED_TACTICAL_FEATURE,False,48.421052631578945,1.0526315789473684,48.81578947368421,67.63157894736842,92.89473684210526,13.947368421052632,78.8157894736842,88.55263157894737,72.5,79.34210526315789,46.31578947368421,35.13157894736842,83.15789473684211,58.55263157894737,43.81578947368421,51.18421052631579,77.36842105263158,84.07894736842105,82.63157894736842,92.89473684210526
2526,understat:28778,2025-08-15,liverpool,bournemouth,H,mgr:328a5fafed26,Arne Slot,4231,W,False,23.28288707799767,41,72.0,17,11.333333333333334,54.83870967741935,23,15.333333333333334,12,5.587892898719441,15,19,4,2.33007,36.077777777777776,11.965811965811966,13,4,46,47,29.41176470588235,34.78260869565217,61.70212765957447,0.12263526315789475,team_tactical_v1,OBSERVED_TACTICAL_FEATURE,False,52.23684210526316,80.0,18.94736842105263,51.973684210526315,25.92105263157895,23.55263157894737,82.89473684210526,60.921052631578945,72.5,69.21052631578948,93.15789473684211,91.57894736842105,99.34210526315789,82.23684210526316,77.23684210526316,78.02631578947368,84.34210526315789,12.368421052631579,82.63157894736842,92.89473684210526
2526,understat:28779,2025-08-16,aston_villa,newcastle_united,H,mgr:dcdf2dffc0c2,Unai Emery,4231,D,True,17.636986301369863,22,83.58208955223881,11,16.417910447761194,66.66666666666667,20,29.850746268656717,7,3.767123287671233,3,3,0,0.318601,31.102272727272727,6.818181818181818,5,10,40,27,27.272727272727277,45.0,33.333333333333336,0.10620033333333334,team_tactical_v1,OBSERVED_TACTICAL_FEATURE,False,12.894736842105264,18.42105263157895,89.60526315789474,18.94736842105263,70.0,70.92105263157895,70.65789473684211,96.97368421052632,29.07894736842105,23.81578947368421,5.131578947368421,1.5789473684210527,25.394736842105264,4.473684210526316,40.78947368421053,35.526315789473685,7.631578947368421,78.28947368421052,52.36842105263158,38.68421052631579
2526,understat:28779,2025-08-16,newcastle_united,aston_villa,A,mgr:65451ab24622,Eddie Howe,433,D,False,29.557291666666668,30,78.85714285714286,26,14.857142857142858,68.0,15,8.571428571428571,9,5.989583333333333,14,16,0,1.40098,33.684000000000005,12.0,8,12,50,27,23.07692307692308,13.333333333333334,66.66666666666667,0.08756125,team_tactical_v1,OBSERVED_TACTICAL_FEATURE,False,85.65789473684211,51.31578947368421,63.68421052631579,88.42105263157895,56.44736842105263,72.5,36.8421052631579,13.157894736842104,46.973684210526315,76.84210526315789,90.52631578947368,80.92105263157895,25.394736842105264,50.39473684210526,60.26315789473684,78.28947368421052,37.63157894736842,89.21052631578948,92.63157894736842,38.68421052631579
2526,understat:28780,2025-08-16,brighton,fulham,H,mgr:dfda8206a0e2,Fabian Hürzeler,4231,D,False,20.05610098176718,32,74.4186046511628,11,12.790697674418604,81.25,13,15.116279069767442,11,4.488078541374474,7,10,1,1.44008,36.68137254901961,10.784313725490197,9,9,37,21,36.36363636363637,30.76923076923077,61.90476190476191,0.144008,team_tactical_v1,OBSERVED_TACTICAL_FEATURE,False,28.94736842105263,59.3421052631579,31.57894736842105,18.94736842105263,38.68421052631579,96.44736842105263,26.05263157894737,59.60526315789474,65.26315789473684,40.39473684210526,35.6578947368421,35.13157894736842,58.55263157894737,52.36842105263158,80.52631578947368,70.52631578947368,49.3421052631579,68.02631578947368,35.13157894736842,17.63157894736842
2526,understat:28780,2025-08-16,fulham,brighton,A,mgr:d242da40969a,Marco Alexandre Saraiva da Silva,4231,D,False,20.520231213872837,27,85.56701030927834,14,14.43298969072165,54.54545454545455,20,20.61855670103093,11,4.190751445086705,5,7,1,0.902883,33.18412698412698,9.523809523809524,8,2,28,21,21.428571428571427,25.0,38.095238095238095,0.12898328571428572,team_tactical_v1,OBSERVED_TACTICAL_FEATURE,False,34.078947368421055,37.10526315789474,95.65789473684211,36.31578947368421,53.28947368421053,23.42105263157895,70.65789473684211,81.57894736842105,65.26315789473684,33.94736842105263,19.473684210526315,16.18421052631579,58.55263157894737,26.18421052631579,56.18421052631579,59.473684210526315,37.63157894736842,2.236842105263158,3.6842105263157894,17.63157894736842
2526,understat:28781,2025-08-16,sunderland,west_ham,H,mgr:1a031e232e88,Régis Le Bris,433,W,False,21.25205930807249,27,88.23529411764706,17,16.666666666666668,56.25,8,7.8431372549019605,6,3.9538714991762767,7,10,3,0.724368,26.614893617021284,2.127659574468085,5,9,31,36,29.41176470588235,12.5,47.22222222222222,0.0724368,team_tactical_v1,OBSERVED_TACTICAL_FEATURE,False,39.21052631578947,37.10526315789474,98.94736842105263,51.973684210526315,73.15789473684211,29.605263157894736,3.9473684210526314,10.0,20.789473684210527,28.55263157894737,35.6578947368421,35.13157894736842,96.05263157894737,19.473684210526315,11.052631578947368,3.6842105263157894,7.631578947368421,68.02631578947368,11.18421052631579,70.78947368421052
2526,understat:28781,2025-08-16,west_ham,sunderland,A,mgr:182deb7ae6a3,Graham Potter,3412,L,False,27.553444180522565,48,83.42857142857143,26,14.857142857142858,72.22222222222223,19,10.857142857142858,13,4.631828978622328,7,12,0,0.558948,37.20487804878049,9.75609756097561,7,4,38,36,19.23076923076923,36.8421052631579,52.77777777777778,0.046579,team_tactical_v1,OBSERVED_TACTICAL_FEATURE,False,77.36842105263158,88.8157894736842,88.94736842105263,88.42105263157895,56.44736842105263,83.8157894736842,63.55263157894737,30.526315789473685,77.76315789473684,44.078947368421055,35.6578947368421,51.8421052631579,25.394736842105264,12.105263157894736,83.42105263157895,61.71052631578947,25.13157894736842,12.368421052631579,40.13157894736842,70.78947368421052
2526,understat:28782,2025-08-16,burnley,tottenham_hotspur,A,mgr:c49e040048ca,Scott Parker,541,L,False,30.07662835249042,19,75.22935779816514,14,12.844036697247706,65.21739130434783,13,11.926605504587156,12,8.42911877394636,12,14,0,0.734138,31.109459459459465,6.756756756756757,2,7,26,35,21.428571428571427,53.84615384615385,51.42857142857143,0.052438428571428566,team_tactical_v1,OBSERVED_TACTICAL_FEATURE,False,87.63157894736842,11.842105263157896,36.578947368421055,36.31578947368421,39.3421052631579,63.1578947368421,26.05263157894737,38.81578947368421,72.5,97.63157894736842,82.5,67.63157894736842,25.394736842105264,19.736842105263158,40.921052631578945,34.60526315789474,0.6578947368421053,44.21052631578947,1.9736842105263157,66.84210526315789
2526,understat:28782,2025-08-16,tottenham_hotspur,burnley,H,mgr:1e78f2997997,Thomas Frank,433,W,False,22.93233082706767,40,75.86206896551724,27,18.620689655172413,53.84615384615385,16,11.03448275862069,11,5.2631578947368425,12,16,3,1.97858,28.264935064935067,6.4935064935064934,9,1,31,35,29.62962962962963,68.75,48.57142857142857,0.12366125,team_tactical_v1,OBSERVED_TACTICAL_FEATURE,False,49.86842105263158,78.02631578947368,41.44736842105263,89.86842105263158,83.42105263157895,19.736842105263158,44.3421052631579,31.57894736842105,65.26315789473684,60.921052631578945,82.5,80.92105263157895,96.05263157894737,72.5,18.157894736842106,31.973684210526315,49.3421052631579,0.6578947368421053,11.18421052631579,66.84210526315789
2526,understat:28783,2025-08-16,manchester_city,wolverhampton_wanderers,A,mgr:26dfbbc164aa,Pep Guardiola,433,W,False,22.28637413394919,39,75.81699346405229,20,13.071895424836601,66.66666666666667,29,18.954248366013072,13,4.734411085450346,9,15,4,2.29903,34.139534883720934,6.976744186046512,11,7,31,15,30.0,48.27586206896552,66.66666666666667,0.15326866666666666,team_tactical_v1,OBSERVED_TACTICAL_FEATURE,False,45.921052631578945,76.44736842105263,40.78947368421053,67.63157894736842,42.63157894736842,70.92105263157895,96.84210526315789,77.36842105263158,77.76315789473684,46.8421052631579,57.76315789473684,74.73684210526316,99.34210526315789,81.1842105263158,64.34210526315789,38.026315789473685,69.86842105263158,44.21052631578947,11.18421052631579,4.7368421052631575
2526,understat:28783,2025-08-16,wolverhampton_wanderers,manchester_city,H,mgr:807de4c745b0,Vítor Manuel de Oliveira Lopes Pereira,343,L,False,20.84548104956268,26,83.0,20,20.0,71.42857142857143,13,13.0,10,4.373177842565598,7,9,0,0.519436,36.86808510638298,15.957446808510639,17,6,35,15,20.0,38.46153846153846,33.333333333333336,0.05771511111111111,team_tactical_v1,OBSERVED_TACTICAL_FEATURE,False,36.44736842105263,33.1578947368421,87.5,67.63157894736842,89.86842105263158,81.97368421052632,26.05263157894737,46.44736842105263,56.44736842105263,38.026315789473685,35.6578947368421,27.63157894736842,25.394736842105264,10.921052631578947,81.84210526315789,92.63157894736842,98.15789473684211,31.57894736842105,26.57894736842105,4.7368421052631575
2526,understat:28784,2025-08-17,chelsea,crystal_palace,H,mgr:dc01d928d84f,Enzo Maresca,4231,D,False,27.64505119453925,44,81.56424581005587,29,16.201117318435752,57.142857142857146,27,15.083798882681565,15,5.346985210466439,10,19,0,1.36793,40.69634146341463,17.073170731707318,6,11,34,33,20.689655172413797,44.44444444444444,51.51515151515152,0.07199631578947369,team_tactical_v1,OBSERVED_TACTICAL_FEATURE,False,77.89473684210526,83.8157894736842,81.05263157894737,92.23684210526316,68.02631578947368,33.81578947368421,93.94736842105263,58.81578947368421,87.5,63.421052631578945,68.28947368421052,91.57894736842105,25.394736842105264,48.94736842105263,94.73684210526316,94.60526315789474,15.657894736842104,84.07894736842105,22.36842105263158,59.21052631578947
2526,understat:28784,2025-08-17,crystal_palace,chelsea,A,mgr:1058459b93f2,Oliver Glasner,3421,D,False,14.638783269961976,14,60.416666666666664,11,22.916666666666668,72.72727272727273,10,20.833333333333332,3,3.2319391634980987,5,11,0,1.03414,26.098058252427183,2.912621359223301,13,7,32,33,0.0,50.0,48.48484848484848,0.09401272727272728,team_tactical_v1,OBSERVED_TACTICAL_FEATURE,False,3.8157894736842106,2.3684210526315788,0.9210526315789473,18.94736842105263,97.36842105263158,85.13157894736842,11.447368421052632,82.10526315789474,4.2105263157894735,13.421052631578947,19.473684210526315,44.3421052631579,25.394736842105264,33.026315789473685,8.289473684210526,6.184210526315789,84.34210526315789,44.21052631578947,14.342105263157896,59.21052631578947
2526,understat:28785,2025-08-17,brentford,nottingham_forest,A,mgr:5f487ee40c90,Keith Andrews,4231,L,False,16.46706586826347,22,73.91304347826087,16,23.18840579710145,68.75,18,26.08695652173913,6,4.041916167664671,7,10,1,1.32516,29.890000000000004,6.0,6,5,41,33,18.75,38.888888888888886,48.48484848484848,0.132516,team_tactical_v1,OBSERVED_TACTICAL_FEATURE,False,8.421052631578947,18.42105263157895,28.42105263157895,46.973684210526315,98.28947368421052,75.26315789473684,56.71052631578947,93.55263157894737,20.789473684210527,31.18421052631579,35.6578947368421,35.13157894736842,58.55263157894737,46.18421052631579,29.210526315789473,26.05263157894737,15.657894736842104,19.736842105263158,57.89473684210526,59.21052631578947
2526,understat:28785,2025-08-17,nottingham_forest,brentford,H,mgr:b68b19e445ac,Nuno Herlander Simões Espírito Santo,4231,W,False,32.602739726027394,35,80.97826086956522,24,13.043478260869565,68.42105263157895,18,9.782608695652174,14,4.931506849315069,9,11,3,1.7555,32.151041666666664,9.375,7,9,43,33,20.83333333333333,50.0,51.51515151515152,0.1595909090909091,team_tactical_v1,OBSERVED_TACTICAL_FEATURE,False,93.15789473684211,67.89473684210526,78.6842105263158,81.84210526315789,42.36842105263158,74.21052631578948,56.71052631578947,20.92105263157895,84.07894736842105,50.921052631578945,57.76315789473684,44.3421052631579,96.05263157894737,65.13157894736842,47.89473684210526,58.1578947368421,25.13157894736842,68.02631578947368,66.71052631578948,59.21052631578947
2526,understat:28786,2025-08-17,arsenal,manchester_united,A,mgr:5fdd2f365fdc,Mikel Arteta,433,W,False,22.535211267605632,18,78.78787878787878,11,11.11111111111111,53.84615384615385,28,28.282828282828284,7,4.538341158059468,5,9,1,1.3304,29.570212765957447,6.382978723404255,10,4,39,36,18.181818181818183,32.142857142857146,44.44444444444444,0.14782222222222222,team_tactical_v1,OBSERVED_TACTICAL_FEATURE,False,47.5,10.131578947368421,63.28947368421053,18.94736842105263,23.55263157894737,19.736842105263158,95.52631578947368,95.92105263157895,29.07894736842105,41.8421052631579,19.473684210526315,27.63157894736842,58.55263157894737,46.71052631578947,26.973684210526315,31.18421052631579,60.921052631578945,12.368421052631579,46.71052631578947,70.78947368421052
2526,understat:28786,2025-08-17,manchester_united,arsenal,H,mgr:662d1720cf8b,Ruben Filipe Marques Diogo Amorim,3421,L,False,24.307304785894207,33,74.64788732394366,15,10.56338028169014,62.5,14,9.859154929577464,12,6.045340050377834,17,22,0,1.37653,31.84574468085107,10.638297872340425,11,4,39,36,20.0,64.28571428571429,55.55555555555556,0.06256954545454546,team_tactical_v1,OBSERVED_TACTICAL_FEATURE,False,60.0,62.63157894736842,33.94736842105263,41.71052631578947,20.526315789473685,51.973684210526315,31.31578947368421,21.842105263157894,72.5,78.42105263157895,96.97368421052632,97.10526315789474,25.394736842105264,49.473684210526315,46.18421052631579,69.21052631578948,69.86842105263158,12.368421052631579,46.71052631578947,70.78947368421052
2526,understat:28787,2025-08-18,everton,leeds_united,A,mgr:84316c036a2d,David Moyes,4231,L,False,20.391061452513966,25,78.21782178217822,11,10.891089108910892,60.0,25,24.752475247524753,6,3.0726256983240225,3,7,0,0.674338,25.98977272727273,6.818181818181818,12,2,31,36,36.36363636363637,24.0,52.77777777777778,0.096334,team_tactical_v1,OBSERVED_TACTICAL_FEATURE,False,33.28947368421053,28.42105263157895,59.73684210526316,18.94736842105263,22.763157894736842,42.89473684210526,89.21052631578948,91.1842105263158,20.789473684210527,11.052631578947368,5.131578947368421,16.18421052631579,25.394736842105264,16.710526315789473,8.026315789473685,35.526315789473685,77.36842105263158,2.236842105263158,11.18421052631579,70.78947368421052
2526,understat:28787,2025-08-18,leeds_united,everton,H,mgr:fa5d385e34dc,Daniel Farke,433,W,False,28.95069532237674,38,77.32558139534883,26,15.116279069767442,64.51612903225806,23,13.372093023255815,10,5.3097345132743365,12,21,1,2.3812,39.3494623655914,19.35483870967742,7,9,35,36,26.923076923076923,26.08695652173913,47.22222222222222,0.1133904761904762,team_tactical_v1,OBSERVED_TACTICAL_FEATURE,False,83.94736842105263,73.94736842105263,52.23684210526316,88.42105263157895,58.94736842105263,60.39473684210526,82.89473684210526,48.68421052631579,56.44736842105263,62.23684210526316,82.5,95.92105263157895,58.55263157894737,83.94736842105263,91.1842105263158,97.5,25.13157894736842,68.02631578947368,26.57894736842105,70.78947368421052
2526,understat:28788,2025-08-22,chelsea,west_ham,A,mgr:dc01d928d84f,Enzo Maresca,4231,W,False,17.818181818181817,39,71.1864406779661,15,12.711864406779661,81.25,9,7.627118644067797,6,4.606060606060606,7,12,5,3.94997,32.29066666666666,2.6666666666666665,13,4,31,29,20.0,44.44444444444444,51.72413793103448,0.32916416666666665,team_tactical_v1,OBSERVED_TACTICAL_FEATURE,False,13.81578947368421,76.44736842105263,15.263157894736842,41.71052631578947,37.89473684210526,96.44736842105263,6.578947368421052,8.81578947368421,20.789473684210527,43.68421052631579,35.6578947368421,51.8421052631579,100.0,98.94736842105263,49.473684210526315,5.0,84.34210526315789,12.368421052631579,11.18421052631579,45.526315789473685
2526,understat:28788,2025-08-22,west_ham,chelsea,H,mgr:182deb7ae6a3,Graham Potter,3412,L,False,22.13967310549777,27,78.89908256880734,16,14.678899082568808,52.38095238095238,20,18.34862385321101,10,6.092124814264487,10,12,1,0.978572,30.638554216867465,2.4096385542168677,6,7,30,29,43.75,25.0,48.27586206896552,0.08154766666666667,team_tactical_v1,OBSERVED_TACTICAL_FEATURE,False,44.73684210526316,37.10526315789474,64.47368421052632,46.973684210526315,55.0,15.657894736842104,70.65789473684211,74.47368421052632,56.44736842105263,78.8157894736842,68.28947368421052,51.8421052631579,58.55263157894737,30.394736842105264,37.63157894736842,4.2105263157894735,15.657894736842104,44.21052631578947,7.7631578947368425,45.526315789473685
2526,understat:28789,2025-08-23,manchester_city,tottenham_hotspur,H,mgr:26dfbbc164aa,Pep Guardiola,4141,L,False,25.38736591179976,31,83.64779874213836,19,11.949685534591195,56.25,20,12.578616352201259,10,5.840286054827176,8,10,0,1.2475,39.19574468085106,13.829787234042554,10,6,39,20,26.31578947368421,35.0,60.0,0.12475,team_tactical_v1,OBSERVED_TACTICAL_FEATURE,False,66.05263157894737,55.13157894736842,90.0,62.10526315789474,32.36842105263158,29.605263157894736,70.65789473684211,43.55263157894737,56.44736842105263,73.94736842105263,46.31578947368421,35.13157894736842,25.394736842105264,41.71052631578947,90.65789473684211,86.84210526315789,60.921052631578945,31.57894736842105,46.71052631578947,13.947368421052632
2526,understat:28789,2025-08-23,tottenham_hotspur,manchester_city,A,mgr:1e78f2997997,Thomas Frank,433,W,False,20.37037037037037,26,76.47058823529412,11,12.941176470588236,50.0,25,29.41176470588235,7,5.246913580246914,7,12,2,1.28015,33.22727272727273,10.909090909090908,16,7,46,20,36.36363636363637,32.0,40.0,0.10667916666666666,team_tactical_v1,OBSERVED_TACTICAL_FEATURE,False,32.76315789473684,33.1578947368421,46.71052631578947,18.94736842105263,41.18421052631579,13.947368421052632,89.21052631578948,96.57894736842105,29.07894736842105,60.39473684210526,35.6578947368421,51.8421052631579,83.15789473684211,43.68421052631579,56.578947368421055,71.44736842105263,96.57894736842105,44.21052631578947,82.63157894736842,13.947368421052632
2526,understat:28790,2025-08-23,aston_villa,brentford,A,mgr:dcdf2dffc0c2,Unai Emery,4231,L,False,28.46153846153846,53,72.6829268292683,27,13.170731707317072,61.53846153846154,25,12.195121951219512,15,7.252747252747253,12,17,0,0.976852,33.0958904109589,2.73972602739726,12,6,40,36,14.814814814814817,32.0,52.77777777777778,0.05746188235294118,team_tactical_v1,OBSERVED_TACTICAL_FEATURE,False,82.10526315789474,93.94736842105263,22.763157894736842,89.86842105263158,42.89473684210526,47.76315789473684,89.21052631578948,40.78947368421053,87.5,92.36842105263158,82.5,85.92105263157895,25.394736842105264,30.13157894736842,55.39473684210526,5.657894736842105,77.36842105263158,31.57894736842105,52.36842105263158,70.78947368421052
2526,understat:28790,2025-08-23,brentford,aston_villa,H,mgr:5f487ee40c90,Keith Andrews,4231,W,False,20.26515151515152,17,75.40983606557377,11,18.0327868852459,50.0,17,27.868852459016395,6,6.4393939393939394,5,9,1,1.12964,28.80952380952381,6.802721088435374,15,11,47,36,45.45454545454545,47.05882352941177,47.22222222222222,0.12551555555555555,team_tactical_v1,OBSERVED_TACTICAL_FEATURE,False,31.842105263157894,8.026315789473685,37.89473684210526,18.94736842105263,80.39473684210526,13.947368421052632,50.13157894736842,95.65789473684211,20.789473684210527,83.02631578947368,19.473684210526315,27.63157894736842,58.55263157894737,36.31578947368421,20.657894736842106,35.13157894736842,93.42105263157895,84.07894736842105,86.44736842105263,70.78947368421052
2526,understat:28791,2025-08-23,burnley,sunderland,H,mgr:c49e040048ca,Scott Parker,4231,W,False,22.8,30,86.66666666666667,15,12.5,66.66666666666667,14,11.666666666666666,8,3.333333333333333,6,7,2,1.00381,33.040517241379305,7.758620689655173,11,7,44,34,26.666666666666668,21.428571428571427,44.11764705882353,0.1434014285714286,team_tactical_v1,OBSERVED_TACTICAL_FEATURE,False,48.68421052631579,51.31578947368421,97.10526315789474,41.71052631578947,36.05263157894737,70.92105263157895,31.31578947368421,36.578947368421055,36.44736842105263,14.605263157894736,24.736842105263158,16.18421052631579,83.15789473684211,31.05263157894737,55.0,44.60526315789474,69.86842105263158,44.21052631578947,73.02631578947368,63.421052631578945
2526,understat:28791,2025-08-23,sunderland,burnley,A,mgr:1a031e232e88,Régis Le Bris,433,L,False,22.958057395143488,43,83.14606741573034,24,13.48314606741573,43.75,12,6.741573033707865,9,2.6490066225165565,7,9,0,1.12127,30.855,5.0,8,7,38,34,20.83333333333333,16.666666666666668,55.88235294117647,0.12458555555555556,team_tactical_v1,OBSERVED_TACTICAL_FEATURE,False,50.26315789473684,82.36842105263158,88.15789473684211,81.84210526315789,46.31578947368421,4.605263157894737,21.31578947368421,4.605263157894737,46.973684210526315,6.447368421052632,35.6578947368421,27.63157894736842,25.394736842105264,35.526315789473685,39.3421052631579,17.763157894736842,37.63157894736842,44.21052631578947,40.13157894736842,63.421052631578945
2526,understat:28792,2025-08-23,bournemouth,wolverhampton_wanderers,H,mgr:b4b8eecb310f,Andoni Iraola,4141,W,False,29.750982961992136,51,78.65853658536585,20,12.195121951219512,68.0,24,14.634146341463415,9,5.766710353866317,13,14,1,1.78462,34.72613636363636,10.227272727272727,9,6,31,32,15.0,41.66666666666666,21.875,0.12747285714285714,team_tactical_v1,OBSERVED_TACTICAL_FEATURE,False,86.1842105263158,91.84210526315789,62.23684210526316,67.63157894736842,33.68421052631579,72.5,84.86842105263158,56.18421052631579,46.973684210526315,72.10526315789474,87.36842105263158,67.63157894736842,58.55263157894737,65.78947368421052,67.76315789473684,65.78947368421052,49.3421052631579,31.57894736842105,11.18421052631579,55.78947368421053
2526,understat:28792,2025-08-23,wolverhampton_wanderers,bournemouth,A,mgr:807de4c745b0,Vítor Manuel de Oliveira Lopes Pereira,343,L,True,18.6084142394822,31,74.11764705882354,17,20.0,55.55555555555556,10,11.764705882352942,9,3.559870550161812,4,6,0,0.373367,28.338541666666668,3.125,14,9,27,32,29.41176470588235,50.0,78.125,0.062227833333333336,team_tactical_v1,OBSERVED_TACTICAL_FEATURE,False,19.736842105263158,55.13157894736842,29.605263157894736,51.973684210526315,89.86842105263158,26.973684210526315,11.447368421052632,38.28947368421053,46.973684210526315,19.210526315789473,12.763157894736842,10.394736842105264,25.394736842105264,5.921052631578948,18.68421052631579,7.368421052631579,90.13157894736842,68.02631578947368,2.763157894736842,55.78947368421053
2526,understat:28793,2025-08-23,arsenal,leeds_united,H,mgr:5fdd2f365fdc,Mikel Arteta,433,W,False,23.317865429234335,36,76.62337662337663,19,12.337662337662337,59.25925925925926,27,17.532467532467532,13,5.452436194895592,12,18,5,2.73761,47.13150684931507,17.80821917808219,8,5,36,16,42.10526315789474,44.44444444444444,75.0,0.15208944444444444,team_tactical_v1,OBSERVED_TACTICAL_FEATURE,False,52.5,70.39473684210526,47.63157894736842,62.10526315789474,34.473684210526315,38.421052631578945,93.94736842105263,71.1842105263158,77.76315789473684,65.65789473684211,82.5,89.86842105263158,100.0,90.92105263157895,99.47368421052632,95.78947368421052,37.63157894736842,19.736842105263158,31.18421052631579,6.842105263157895
2526,understat:28793,2025-08-23,leeds_united,arsenal,A,mgr:fa5d385e34dc,Daniel Farke,433,L,False,8.055009823182711,6,69.23076923076923,5,19.23076923076923,60.0,13,50.0,2,1.768172888015717,3,3,0,0.156761,25.402564102564103,2.5641025641025643,12,6,30,16,20.0,30.76923076923077,25.0,0.05225366666666667,team_tactical_v1,OBSERVED_TACTICAL_FEATURE,False,0.13157894736842105,0.13157894736842105,9.473684210526315,1.7105263157894737,87.23684210526316,42.89473684210526,26.05263157894737,100.0,1.5789473684210527,1.0526315789473684,5.131578947368421,1.5789473684210527,25.394736842105264,0.9210526315789473,6.447368421052632,4.473684210526316,77.36842105263158,31.57894736842105,7.7631578947368425,6.842105263157895
2526,understat:28794,2025-08-24,crystal_palace,nottingham_forest,H,mgr:1058459b93f2,Oliver Glasner,343,D,False,21.77293934681182,21,77.77777777777777,18,18.181818181818183,57.142857142857146,8,8.080808080808081,14,4.354587869362364,7,8,1,1.10188,34.376288659793815,11.34020618556701,11,7,39,32,33.333333333333336,37.5,46.875,0.137735,team_tactical_v1,OBSERVED_TACTICAL_FEATURE,False,41.973684210526315,15.657894736842104,57.36842105263158,57.89473684210526,81.97368421052632,33.81578947368421,3.9473684210526314,11.052631578947368,84.07894736842105,37.36842105263158,35.6578947368421,20.92105263157895,58.55263157894737,34.86842105263158,65.52631578947368,74.21052631578948,69.86842105263158,44.21052631578947,46.71052631578947,55.78947368421053
2526,understat:28794,2025-08-24,nottingham_forest,crystal_palace,A,mgr:b68b19e445ac,Nuno Herlander Simões Espírito Santo,4231,D,False,20.44334975369458,43,86.17886178861788,26,21.13821138211382,61.53846153846154,20,16.260162601626018,9,3.3251231527093594,6,9,1,1.32987,32.49550561797753,6.741573033707865,7,10,43,32,11.538461538461538,30.0,53.125,0.14776333333333336,team_tactical_v1,OBSERVED_TACTICAL_FEATURE,False,33.68421052631579,82.36842105263158,96.57894736842105,88.42105263157895,93.28947368421052,47.76315789473684,70.65789473684211,64.86842105263158,46.973684210526315,14.342105263157896,24.736842105263158,27.63157894736842,58.55263157894737,46.578947368421055,52.10526315789474,34.3421052631579,25.13157894736842,78.28947368421052,66.71052631578948,55.78947368421053
2526,understat:28795,2025-08-24,brighton,everton,A,mgr:dfda8206a0e2,Fabian Hürzeler,4231,L,False,21.680876979293544,28,68.90756302521008,11,9.243697478991596,75.0,16,13.445378151260504,7,5.115712545676005,10,13,0,2.08487,33.921505376344086,11.827956989247312,8,5,38,47,27.272727272727277,50.0,34.04255319148936,0.1603746153846154,team_tactical_v1,OBSERVED_TACTICAL_FEATURE,False,41.44736842105263,41.973684210526315,8.421052631578947,18.94736842105263,13.289473684210526,90.78947368421052,44.3421052631579,49.21052631578947,29.07894736842105,56.31578947368421,68.28947368421052,58.421052631578945,25.394736842105264,75.52631578947368,62.5,77.5,37.63157894736842,19.736842105263158,40.13157894736842,92.89473684210526
2526,understat:28795,2025-08-24,everton,brighton,H,mgr:84316c036a2d,David Moyes,4231,W,False,23.823529411764707,35,85.83333333333333,12,10.0,45.0,20,16.666666666666668,8,3.676470588235294,10,11,2,1.80116,31.80105263157895,5.2631578947368425,8,8,34,47,33.333333333333336,45.0,65.95744680851064,0.16374181818181818,team_tactical_v1,OBSERVED_TACTICAL_FEATURE,False,56.05263157894737,67.89473684210526,96.3157894736842,23.94736842105263,17.63157894736842,6.052631578947368,70.65789473684211,68.02631578947368,36.44736842105263,21.973684210526315,68.28947368421052,44.3421052631579,83.15789473684211,66.44736842105263,45.921052631578945,21.05263157894737,37.63157894736842,55.39473684210526,22.36842105263158,92.89473684210526
2526,understat:28796,2025-08-24,fulham,manchester_united,H,mgr:d242da40969a,Marco Alexandre Saraiva da Silva,4231,D,False,31.0719131614654,32,83.72093023255815,33,19.186046511627907,61.904761904761905,16,9.30232558139535,23,7.462686567164179,9,14,2,1.65333,35.738157894736844,6.578947368421052,8,8,31,43,30.303030303030305,12.5,46.51162790697674,0.11809499999999999,team_tactical_v1,OBSERVED_TACTICAL_FEATURE,False,89.60526315789474,59.3421052631579,90.26315789473684,95.78947368421052,87.10526315789474,49.473684210526315,44.3421052631579,17.5,99.34210526315789,93.55263157894737,57.76315789473684,67.63157894736842,83.15789473684211,60.6578947368421,75.78947368421052,32.76315789473684,37.63157894736842,55.39473684210526,11.18421052631579,85.26315789473684
2526,understat:28796,2025-08-24,manchester_united,fulham,A,mgr:662d1720cf8b,Ruben Filipe Marques Diogo Amorim,3421,D,False,22.446043165467625,31,78.37837837837837,14,12.612612612612613,64.70588235294117,12,10.81081081081081,11,5.035971223021583,9,10,0,1.54603,33.17816091954023,8.045977011494253,11,5,25,43,28.571428571428573,16.666666666666668,53.48837209302326,0.154603,team_tactical_v1,OBSERVED_TACTICAL_FEATURE,False,47.10526315789474,55.13157894736842,60.6578947368421,36.31578947368421,36.578947368421055,61.578947368421055,21.31578947368421,29.86842105263158,65.26315789473684,53.94736842105263,57.76315789473684,35.13157894736842,25.394736842105264,56.8421052631579,56.05263157894737,47.89473684210526,69.86842105263158,19.736842105263158,1.3157894736842106,85.26315789473684
2526,understat:28797,2025-08-25,liverpool,newcastle_united,A,mgr:328a5fafed26,Arne Slot,4231,W,False,17.338709677419356,31,84.78260869565217,9,9.782608695652174,54.54545454545455,10,10.869565217391305,7,2.956989247311828,6,5,3,0.646559,27.57263157894737,6.315789473684211,8,2,31,33,22.22222222222222,50.0,51.51515151515152,0.1293118,team_tactical_v1,OBSERVED_TACTICAL_FEATURE,False,11.710526315789474,55.13157894736842,94.21052631578948,10.394736842105264,15.789473684210526,23.42105263157895,11.447368421052632,30.657894736842106,29.07894736842105,9.210526315789474,24.736842105263158,6.578947368421052,96.05263157894737,15.789473684210526,14.868421052631579,29.736842105263158,37.63157894736842,2.236842105263158,11.18421052631579,59.21052631578947
2526,understat:28797,2025-08-25,newcastle_united,liverpool,H,mgr:65451ab24622,Eddie Howe,433,L,True,31.79297597042514,19,71.07438016528926,26,21.487603305785125,64.70588235294117,19,15.702479338842975,12,8.687615526802219,7,10,2,1.96342,33.24761904761905,7.142857142857143,5,8,36,33,23.07692307692308,42.10526315789474,48.48484848484848,0.196342,team_tactical_v1,OBSERVED_TACTICAL_FEATURE,False,91.84210526315789,11.842105263157896,15.0,88.42105263157895,94.60526315789474,61.578947368421055,63.55263157894737,62.76315789473684,72.5,98.55263157894737,35.6578947368421,35.13157894736842,83.15789473684211,72.10526315789474,56.71052631578947,39.60526315789474,7.631578947368421,55.39473684210526,31.18421052631579,59.21052631578947
2526,understat:28798,2025-08-30,chelsea,fulham,H,mgr:dc01d928d84f,Enzo Maresca,4231,W,False,24.363636363636363,44,78.41726618705036,13,9.352517985611511,50.0,23,16.546762589928058,9,4.484848484848484,11,13,2,2.4324,38.00865384615385,9.615384615384615,9,18,43,30,30.76923076923077,34.78260869565217,56.66666666666666,0.1871076923076923,team_tactical_v1,OBSERVED_TACTICAL_FEATURE,False,60.26315789473684,83.8157894736842,60.78947368421053,30.13157894736842,13.68421052631579,13.947368421052632,82.89473684210526,66.84210526315789,46.973684210526315,40.13157894736842,75.26315789473684,58.421052631578945,83.15789473684211,85.26315789473684,87.23684210526316,60.26315789473684,49.3421052631579,99.47368421052632,66.71052631578948,48.68421052631579
2526,understat:28798,2025-08-30,fulham,chelsea,A,mgr:d242da40969a,Marco Alexandre Saraiva da Silva,4231,L,False,19.137466307277627,26,70.65217391304348,15,16.304347826086957,57.89473684210526,17,18.47826086956522,12,3.638814016172507,9,11,0,0.736228,33.27291666666667,8.333333333333334,12,6,36,30,33.333333333333336,17.647058823529413,43.333333333333336,0.06692981818181819,team_tactical_v1,OBSERVED_TACTICAL_FEATURE,False,22.763157894736842,33.1578947368421,13.552631578947368,41.71052631578947,68.94736842105263,35.0,50.13157894736842,75.0,72.5,20.789473684210527,57.76315789473684,44.3421052631579,25.394736842105264,20.13157894736842,56.973684210526315,50.26315789473684,77.36842105263158,31.57894736842105,31.18421052631579,48.68421052631579
2526,understat:28799,2025-08-30,bournemouth,tottenham_hotspur,A,mgr:b4b8eecb310f,Andoni Iraola,4231,W,False,24.3202416918429,26,70.64220183486239,18,16.513761467889907,60.60606060606061,25,22.93577981651376,17,6.7975830815709966,13,20,1,2.1201,35.810399999999994,8.8,13,9,50,33,27.77777777777778,32.0,48.48484848484848,0.10600499999999999,team_tactical_v1,OBSERVED_TACTICAL_FEATURE,False,60.13157894736842,33.1578947368421,13.421052631578947,57.89473684210526,71.05263157894737,43.421052631578945,89.21052631578948,88.02631578947368,92.23684210526316,87.76315789473684,87.36842105263158,93.6842105263158,58.55263157894737,76.57894736842105,76.44736842105263,53.28947368421053,84.34210526315789,68.02631578947368,92.63157894736842,59.21052631578947
2526,understat:28799,2025-08-30,tottenham_hotspur,bournemouth,H,mgr:1e78f2997997,Thomas Frank,433,L,False,17.819460726846426,33,82.05128205128206,20,17.094017094017094,75.0,35,29.914529914529915,8,2.9308323563892147,3,5,0,0.17067,27.77777777777778,3.7037037037037037,8,4,45,33,25.0,28.571428571428573,51.51515151515152,0.034134,team_tactical_v1,OBSERVED_TACTICAL_FEATURE,False,13.947368421052632,62.63157894736842,83.6842105263158,67.63157894736842,75.26315789473684,90.78947368421052,99.34210526315789,97.36842105263158,36.44736842105263,8.947368421052632,5.131578947368421,6.578947368421052,25.394736842105264,1.4473684210526316,16.05263157894737,10.131578947368421,37.63157894736842,12.368421052631579,77.23684210526316,59.21052631578947
2526,understat:28800,2025-08-30,everton,wolverhampton_wanderers,A,mgr:84316c036a2d,David Moyes,4231,W,False,25.931232091690543,27,79.06976744186046,13,10.077519379844961,58.8235294117647,22,17.05426356589147,9,4.441260744985673,9,10,3,2.03791,38.04054054054055,9.90990990990991,11,16,44,36,15.384615384615383,36.36363636363637,66.66666666666667,0.203791,team_tactical_v1,OBSERVED_TACTICAL_FEATURE,False,68.8157894736842,37.10526315789474,65.78947368421052,30.13157894736842,18.157894736842106,37.76315789473684,78.8157894736842,69.21052631578948,46.973684210526315,38.94736842105263,57.76315789473684,35.13157894736842,96.05263157894737,73.8157894736842,87.36842105263158,63.421052631578945,69.86842105263158,97.76315789473684,73.02631578947368,70.78947368421052
2526,understat:28800,2025-08-30,wolverhampton_wanderers,everton,H,mgr:807de4c745b0,Vítor Manuel de Oliveira Lopes Pereira,343,L,False,16.88009313154831,35,83.78378378378379,16,14.414414414414415,52.63157894736842,12,10.81081081081081,14,3.492433061699651,9,12,2,0.943257,30.271698113207545,3.7735849056603774,13,10,49,36,50.0,25.0,33.333333333333336,0.07860475,team_tactical_v1,OBSERVED_TACTICAL_FEATURE,False,9.210526315789474,67.89473684210526,90.52631578947368,46.973684210526315,52.89473684210526,16.31578947368421,21.31578947368421,29.86842105263158,84.07894736842105,18.157894736842106,57.76315789473684,51.8421052631579,83.15789473684211,28.42105263157895,32.89473684210526,10.526315789473685,84.34210526315789,78.28947368421052,90.78947368421052,70.78947368421052
2526,understat:28801,2025-08-30,brentford,sunderland,A,mgr:5f487ee40c90,Keith Andrews,4231,L,False,17.575757575757574,20,76.3157894736842,16,21.05263157894737,63.63636363636363,25,32.89473684210526,7,3.484848484848485,4,7,1,1.44604,23.065882352941177,1.1764705882352942,7,4,31,45,37.5,32.0,48.888888888888886,0.20657714285714285,team_tactical_v1,OBSERVED_TACTICAL_FEATURE,False,12.5,13.81578947368421,45.26315789473684,46.973684210526315,92.89473684210526,56.71052631578947,89.21052631578948,98.42105263157895,29.07894736842105,17.894736842105264,12.763157894736842,16.18421052631579,58.55263157894737,52.89473684210526,1.3157894736842106,1.1842105263157894,25.13157894736842,12.368421052631579,11.18421052631579,88.42105263157895
2526,understat:28801,2025-08-30,sunderland,brentford,H,mgr:1a031e232e88,Régis Le Bris,433,W,False,22.00557103064067,38,80.95238095238095,18,17.142857142857142,64.70588235294117,10,9.523809523809524,7,3.203342618384401,5,12,2,1.57127,37.89999999999999,15.841584158415841,14,7,28,45,16.666666666666668,40.0,51.11111111111112,0.13093916666666666,team_tactical_v1,OBSERVED_TACTICAL_FEATURE,False,43.94736842105263,73.94736842105263,78.55263157894737,57.89473684210526,75.92105263157895,61.578947368421055,11.447368421052632,19.605263157894736,29.07894736842105,13.289473684210526,19.473684210526315,51.8421052631579,83.15789473684211,58.421052631578945,86.71052631578948,92.23684210526316,90.13157894736842,44.21052631578947,3.6842105263157894,88.42105263157895
2526,understat:28802,2025-08-30,burnley,manchester_united,A,mgr:c49e040048ca,Scott Parker,4231,L,False,16.35514018691589,16,81.25,9,14.0625,75.0,8,12.5,6,3.582554517133957,2,7,3,1.32618,26.828181818181815,6.363636363636363,14,9,34,42,11.11111111111111,37.5,50.0,0.18945428571428571,team_tactical_v1,OBSERVED_TACTICAL_FEATURE,False,7.894736842105263,5.7894736842105265,79.73684210526316,10.394736842105264,50.6578947368421,90.78947368421052,3.9473684210526314,43.28947368421053,20.789473684210527,19.736842105263158,1.7105263157894737,16.18421052631579,96.05263157894737,46.44736842105263,12.105263157894736,30.92105263157895,90.13157894736842,68.02631578947368,22.36842105263158,84.21052631578948
2526,understat:28802,2025-08-30,manchester_united,burnley,H,mgr:662d1720cf8b,Ruben Filipe Marques Diogo Amorim,3421,W,False,30.612244897959183,41,76.11940298507463,26,12.935323383084578,65.85365853658537,13,6.467661691542289,15,6.482593037214886,19,26,2,4.02237,36.87010309278351,14.43298969072165,9,3,48,42,50.0,38.46153846153846,50.0,0.15470653846153845,team_tactical_v1,OBSERVED_TACTICAL_FEATURE,False,88.94736842105263,80.0,43.81578947368421,88.42105263157895,40.78947368421053,63.68421052631579,26.05263157894737,3.6842105263157894,87.5,83.94736842105263,98.6842105263158,98.8157894736842,83.15789473684211,99.21052631578948,81.97368421052632,89.47368421052632,49.3421052631579,6.315789473684211,88.94736842105263,84.21052631578948
2526,understat:28803,2025-08-30,leeds_united,newcastle_united,H,mgr:fa5d385e34dc,Daniel Farke,433,D,False,21.233859397417504,29,77.47747747747748,17,15.315315315315315,50.0,16,14.414414414414415,7,4.160688665710187,9,10,0,0.6773,34.93168316831682,4.9504950495049505,14,13,42,19,23.529411764705884,43.75,36.8421052631579,0.06773,team_tactical_v1,OBSERVED_TACTICAL_FEATURE,False,38.81578947368421,46.71052631578947,53.94736842105263,51.973684210526315,60.78947368421053,13.947368421052632,44.3421052631579,54.473684210526315,29.07894736842105,33.28947368421053,57.76315789473684,35.13157894736842,25.394736842105264,16.973684210526315,69.47368421052632,17.105263157894736,90.13157894736842,93.02631578947368,61.578947368421055,12.894736842105264
2526,understat:28803,2025-08-30,newcastle_united,leeds_united,A,mgr:65451ab24622,Eddie Howe,532,D,False,20.09512485136742,39,80.1470588235294,21,15.441176470588236,50.0,18,13.235294117647058,5,2.615933412604043,7,8,0,0.303635,37.01139240506328,10.126582278481013,4,8,44,19,9.523809523809524,27.77777777777778,63.1578947368421,0.037954375,team_tactical_v1,OBSERVED_TACTICAL_FEATURE,False,29.86842105263158,76.44736842105263,72.5,72.23684210526316,61.578947368421055,13.947368421052632,56.71052631578947,47.76315789473684,13.947368421052632,5.921052631578948,35.6578947368421,20.92105263157895,25.394736842105264,3.8157894736842106,82.76315789473684,64.47368421052632,4.2105263157894735,55.39473684210526,73.02631578947368,12.894736842105264
2526,understat:28804,2025-08-31,nottingham_forest,west_ham,H,mgr:b68b19e445ac,Nuno Herlander Simões Espírito Santo,4231,L,False,31.381733021077284,53,82.67326732673267,35,17.326732673267326,36.8421052631579,19,9.405940594059405,13,5.035128805620609,8,11,0,0.716018,40.37551020408164,18.367346938775512,14,6,45,22,11.428571428571429,31.57894736842105,54.54545454545455,0.06509254545454546,team_tactical_v1,OBSERVED_TACTICAL_FEATURE,False,90.92105263157895,93.94736842105263,86.97368421052632,97.36842105263158,77.10526315789474,1.7105263157894737,63.55263157894737,18.289473684210527,77.76315789473684,53.81578947368421,46.31578947368421,44.3421052631579,25.394736842105264,19.07894736842105,93.6842105263158,96.44736842105263,90.13157894736842,31.57894736842105,77.23684210526316,20.526315789473685
2526,understat:28804,2025-08-31,west_ham,nottingham_forest,A,mgr:182deb7ae6a3,Graham Potter,4231,W,False,18.16860465116279,15,80.64516129032258,18,19.35483870967742,56.52173913043478,24,25.806451612903224,9,3.924418604651162,11,12,3,2.236,25.23235294117648,3.9215686274509802,9,6,39,22,38.888888888888886,33.333333333333336,45.45454545454545,0.18633333333333335,team_tactical_v1,OBSERVED_TACTICAL_FEATURE,False,16.31578947368421,4.7368421052631575,76.71052631578948,57.89473684210526,87.89473684210526,30.263157894736842,84.86842105263158,93.15789473684211,46.973684210526315,27.894736842105264,75.26315789473684,51.8421052631579,96.05263157894737,79.73684210526316,5.526315789473684,11.578947368421053,49.3421052631579,31.57894736842105,46.71052631578947,20.526315789473685
2526,understat:28805,2025-08-31,brighton,manchester_city,H,mgr:dfda8206a0e2,Fabian Hürzeler,4231,W,False,22.70450751252087,20,71.60493827160494,8,9.876543209876543,64.70588235294117,15,18.51851851851852,8,5.342237061769616,9,12,2,2.20864,38.73225806451613,15.053763440860216,13,8,43,23,37.5,53.333333333333336,39.130434782608695,0.18405333333333332,team_tactical_v1,OBSERVED_TACTICAL_FEATURE,False,48.28947368421053,13.81578947368421,16.842105263157894,7.2368421052631575,16.57894736842105,61.578947368421055,36.8421052631579,75.52631578947368,36.44736842105263,63.026315789473685,57.76315789473684,51.8421052631579,83.15789473684211,79.07894736842105,89.47368421052632,90.65789473684211,84.34210526315789,55.39473684210526,66.71052631578948,23.94736842105263
2526,understat:28805,2025-08-31,manchester_city,brighton,A,mgr:26dfbbc164aa,Pep Guardiola,433,L,False,20.60889929742389,32,79.60526315789474,5,3.289473684210526,77.77777777777777,32,21.05263157894737,6,3.51288056206089,8,12,1,2.13418,33.53258426966292,8.98876404494382,7,9,41,23,20.0,43.75,60.869565217391305,0.17784833333333336,team_tactical_v1,OBSERVED_TACTICAL_FEATURE,False,34.73684210526316,59.3421052631579,68.42105263157895,1.7105263157894737,0.39473684210526316,94.21052631578948,98.8157894736842,82.63157894736842,20.789473684210527,18.55263157894737,46.31578947368421,51.8421052631579,58.55263157894737,76.97368421052632,59.73684210526316,54.86842105263158,25.13157894736842,68.02631578947368,57.89473684210526,23.94736842105263
2526,understat:28806,2025-08-31,arsenal,liverpool,A,mgr:5fdd2f365fdc,Mikel Arteta,433,L,False,25.429017160686428,26,77.67857142857143,17,15.178571428571429,66.66666666666667,10,8.928571428571429,7,6.396255850234009,5,11,0,0.485679,37.41686746987952,9.63855421686747,6,9,34,18,17.647058823529413,30.0,44.44444444444444,0.044152636363636366,team_tactical_v1,OBSERVED_TACTICAL_FEATURE,False,66.3157894736842,33.1578947368421,55.526315789473685,51.973684210526315,59.86842105263158,70.92105263157895,11.447368421052632,15.0,29.07894736842105,82.5,19.473684210526315,44.3421052631579,25.394736842105264,9.342105263157896,84.60526315789474,60.526315789473685,15.657894736842104,68.02631578947368,22.36842105263158,10.263157894736842
2526,understat:28806,2025-08-31,liverpool,arsenal,H,mgr:328a5fafed26,Arne Slot,4231,W,False,12.976022566995768,32,70.14925373134328,7,10.447761194029852,76.92307692307692,17,25.37313432835821,6,2.9619181946403383,7,9,1,0.481404,30.44183673469388,5.1020408163265305,9,7,38,18,14.285714285714286,41.1764705882353,55.55555555555556,0.05348933333333333,team_tactical_v1,OBSERVED_TACTICAL_FEATURE,False,2.1052631578947367,59.3421052631579,11.842105263157896,5.394736842105263,19.605263157894736,92.5,50.13157894736842,92.36842105263158,20.789473684210527,9.473684210526315,35.6578947368421,27.63157894736842,58.55263157894737,9.210526315789474,35.39473684210526,18.81578947368421,49.3421052631579,44.21052631578947,40.13157894736842,10.263157894736842
2526,understat:28807,2025-08-31,aston_villa,crystal_palace,H,mgr:dcdf2dffc0c2,Unai Emery,4231,L,False,29.02439024390244,56,78.45303867403315,31,17.12707182320442,75.0,19,10.497237569060774,14,3.902439024390244,10,13,0,1.20586,40.6126582278481,17.72151898734177,5,6,38,15,19.35483870967742,36.8421052631579,40.0,0.09275846153846154,team_tactical_v1,OBSERVED_TACTICAL_FEATURE,False,84.34210526315789,95.52631578947368,61.18421052631579,94.47368421052632,75.52631578947368,90.78947368421052,63.55263157894737,26.973684210526315,84.07894736842105,26.842105263157894,68.28947368421052,58.421052631578945,25.394736842105264,39.86842105263158,94.47368421052632,95.39473684210526,7.631578947368421,31.57894736842105,40.13157894736842,4.7368421052631575
2526,understat:28807,2025-08-31,crystal_palace,aston_villa,A,mgr:1058459b93f2,Oliver Glasner,3421,W,False,16.468842729970326,29,83.52941176470588,11,12.941176470588236,66.66666666666667,9,10.588235294117647,6,2.522255192878338,4,6,3,2.59713,24.577235772357724,4.878048780487805,16,10,40,15,18.181818181818183,66.66666666666667,60.0,0.432855,team_tactical_v1,OBSERVED_TACTICAL_FEATURE,False,8.552631578947368,46.71052631578947,89.21052631578948,18.94736842105263,41.18421052631579,70.92105263157895,6.578947368421052,27.63157894736842,20.789473684210527,4.868421052631579,12.763157894736842,10.394736842105264,96.05263157894737,89.07894736842105,3.5526315789473686,16.57894736842105,96.57894736842105,78.28947368421052,52.36842105263158,4.7368421052631575
2526,understat:28808,2025-09-13,arsenal,nottingham_forest,H,mgr:5fdd2f365fdc,Mikel Arteta,433,W,False,29.41176470588235,36,80.0,20,12.5,48.275862068965516,26,16.25,11,7.887700534759358,13,16,3,2.8817,39.69512195121951,19.51219512195122,11,7,39,17,25.0,42.30769230769231,52.94117647058823,0.18010625,team_tactical_v1,OBSERVED_TACTICAL_FEATURE,False,85.13157894736842,70.39473684210526,71.57894736842105,67.63157894736842,36.05263157894737,8.947368421052632,91.44736842105263,64.73684210526316,65.26315789473684,95.92105263157895,87.36842105263158,80.92105263157895,96.05263157894737,92.5,92.5,97.63157894736842,69.86842105263158,44.21052631578947,46.71052631578947,8.421052631578947
2526,understat:28808,2025-09-13,nottingham_forest,arsenal,A,mgr:baf747465a0d,Ange Postecoglou,4231,L,False,20.059435364041605,32,87.85046728971963,13,12.149532710280374,44.44444444444444,16,14.953271028037383,5,3.1203566121842496,5,5,0,0.293681,29.367073170731707,6.097560975609756,8,11,32,17,15.384615384615383,31.25,47.05882352941177,0.0587362,team_tactical_v1,OBSERVED_TACTICAL_FEATURE,False,29.07894736842105,59.3421052631579,98.28947368421052,30.13157894736842,33.421052631578945,5.526315789473684,44.3421052631579,57.76315789473684,13.947368421052632,11.447368421052632,19.473684210526315,6.578947368421052,25.394736842105264,3.4210526315789473,25.394736842105264,27.105263157894736,37.63157894736842,84.07894736842105,14.342105263157896,8.421052631578947
2526,understat:28809,2025-09-13,newcastle_united,wolverhampton_wanderers,H,mgr:65451ab24622,Eddie Howe,433,W,False,29.51885565669701,44,78.23529411764706,25,14.705882352941176,70.37037037037037,16,9.411764705882353,16,6.762028608582575,12,16,1,1.19186,35.23827160493827,9.876543209876543,5,6,37,34,32.0,31.25,61.76470588235294,0.07449125,team_tactical_v1,OBSERVED_TACTICAL_FEATURE,False,85.39473684210526,83.8157894736842,59.86842105263158,84.07894736842105,55.26315789473684,78.28947368421052,44.3421052631579,18.55263157894737,89.86842105263158,87.10526315789474,82.5,80.92105263157895,58.55263157894737,39.078947368421055,72.36842105263158,62.76315789473684,7.631578947368421,31.57894736842105,35.13157894736842,63.421052631578945
2526,understat:28809,2025-09-13,wolverhampton_wanderers,newcastle_united,A,mgr:807de4c745b0,Vítor Manuel de Oliveira Lopes Pereira,352,L,False,19.15820029027576,26,81.05263157894737,15,15.789473684210526,46.15384615384615,18,18.94736842105263,7,4.499274310595065,5,8,0,0.375942,26.18290598290598,6.837606837606837,8,14,43,34,20.0,44.44444444444444,38.23529411764706,0.04699275,team_tactical_v1,OBSERVED_TACTICAL_FEATURE,False,22.894736842105264,33.1578947368421,79.07894736842105,41.71052631578947,65.13157894736842,6.973684210526316,56.71052631578947,77.23684210526316,29.07894736842105,41.18421052631579,19.473684210526315,20.92105263157895,25.394736842105264,6.052631578947368,8.552631578947368,35.78947368421053,37.63157894736842,95.13157894736842,66.71052631578948,63.421052631578945
2526,understat:28810,2025-09-13,bournemouth,brighton,H,mgr:b4b8eecb310f,Andoni Iraola,4231,W,False,25.03457814661134,33,71.85185185185185,19,14.074074074074074,61.904761904761905,18,13.333333333333334,9,5.532503457814661,9,13,2,1.44187,30.419827586206893,6.0344827586206895,14,3,46,26,21.05263157894737,33.333333333333336,65.38461538461539,0.11091307692307692,team_tactical_v1,OBSERVED_TACTICAL_FEATURE,False,64.34210526315789,62.63157894736842,18.289473684210527,62.10526315789474,50.78947368421053,49.473684210526315,56.71052631578947,48.55263157894737,46.973684210526315,67.89473684210526,57.76315789473684,58.421052631578945,83.15789473684211,52.5,34.86842105263158,26.44736842105263,90.13157894736842,6.315789473684211,82.63157894736842,35.526315789473685
2526,understat:28810,2025-09-13,brighton,bournemouth,A,mgr:dfda8206a0e2,Fabian Hürzeler,4231,L,False,22.081575246132207,33,72.11538461538461,17,16.346153846153847,44.44444444444444,26,25.0,8,4.50070323488045,4,6,1,0.624923,30.28898305084745,11.016949152542374,16,6,44,26,17.647058823529413,38.46153846153846,34.61538461538461,0.10415383333333333,team_tactical_v1,OBSERVED_TACTICAL_FEATURE,False,44.3421052631579,62.63157894736842,19.605263157894736,51.973684210526315,69.21052631578948,5.526315789473684,91.44736842105263,91.84210526315789,36.44736842105263,41.31578947368421,12.763157894736842,10.394736842105264,58.55263157894737,14.473684210526315,33.1578947368421,72.10526315789474,96.57894736842105,31.57894736842105,73.02631578947368,35.526315789473685
2526,understat:28811,2025-09-13,crystal_palace,sunderland,H,mgr:1058459b93f2,Oliver Glasner,3421,D,False,22.308690012970168,24,74.19354838709677,20,16.129032258064516,57.142857142857146,12,9.67741935483871,9,3.891050583657588,8,14,0,1.75805,33.43218390804597,11.494252873563218,6,6,34,34,25.0,16.666666666666668,41.1764705882353,0.125575,team_tactical_v1,OBSERVED_TACTICAL_FEATURE,False,46.05263157894737,26.05263157894737,29.86842105263158,67.63157894736842,67.5,33.81578947368421,21.31578947368421,20.13157894736842,46.973684210526315,26.57894736842105,46.31578947368421,67.63157894736842,25.394736842105264,65.26315789473684,58.1578947368421,75.26315789473684,15.657894736842104,31.57894736842105,22.36842105263158,63.421052631578945
2526,understat:28811,2025-09-13,sunderland,crystal_palace,A,mgr:1a031e232e88,Régis Le Bris,433,D,False,17.23122238586156,28,82.5,17,21.25,44.44444444444444,20,25.0,11,3.976435935198822,6,6,0,0.354129,30.147474747474742,5.05050505050505,9,10,37,34,23.529411764705884,55.0,58.8235294117647,0.059021500000000005,team_tactical_v1,OBSERVED_TACTICAL_FEATURE,False,10.921052631578947,41.973684210526315,86.1842105263158,51.973684210526315,93.8157894736842,5.526315789473684,70.65789473684211,91.84210526315789,65.26315789473684,29.473684210526315,24.736842105263158,10.394736842105264,25.394736842105264,5.2631578947368425,31.44736842105263,18.157894736842106,49.3421052631579,78.28947368421052,35.13157894736842,63.421052631578945
2526,understat:28812,2025-09-13,aston_villa,everton,A,mgr:dcdf2dffc0c2,Unai Emery,4231,D,False,20.232896652110625,26,77.35849056603773,10,9.433962264150944,66.66666666666667,17,16.037735849056602,5,2.037845705967977,4,7,0,0.354327,26.864367816091956,5.747126436781609,11,4,36,37,30.0,11.764705882352942,45.94594594594594,0.050618142857142855,team_tactical_v1,OBSERVED_TACTICAL_FEATURE,False,31.57894736842105,33.1578947368421,53.026315789473685,13.157894736842104,14.342105263157896,70.92105263157895,50.13157894736842,64.34210526315789,13.947368421052632,1.7105263157894737,12.763157894736842,16.18421052631579,25.394736842105264,5.394736842105263,12.236842105263158,23.81578947368421,69.86842105263158,12.368421052631579,31.18421052631579,73.94736842105263
2526,understat:28812,2025-09-13,everton,aston_villa,H,mgr:84316c036a2d,David Moyes,4231,D,False,34.88372093023256,40,81.13207547169812,22,13.836477987421384,55.55555555555556,24,15.09433962264151,16,11.918604651162791,17,20,0,1.8927,40.046236559139786,12.903225806451612,16,5,40,37,36.36363636363637,33.333333333333336,54.054054054054056,0.094635,team_tactical_v1,OBSERVED_TACTICAL_FEATURE,False,97.10526315789474,78.02631578947368,79.34210526315789,76.71052631578948,49.73684210526316,26.973684210526315,84.86842105263158,59.21052631578947,89.86842105263158,100.0,96.97368421052632,93.6842105263158,25.394736842105264,69.73684210526316,93.15789473684211,83.8157894736842,96.57894736842105,19.736842105263158,52.36842105263158,73.94736842105263
2526,understat:28813,2025-09-13,fulham,leeds_united,H,mgr:d242da40969a,Marco Alexandre Saraiva da Silva,4231,W,False,23.05699481865285,48,84.55284552845528,22,17.88617886178862,55.55555555555556,18,14.634146341463415,8,2.849740932642487,4,5,0,1.13979,33.101010101010104,10.1010101010101,16,6,37,32,13.636363636363637,33.333333333333336,43.75,0.22795800000000002,team_tactical_v1,OBSERVED_TACTICAL_FEATURE,False,51.18421052631579,88.8157894736842,93.15789473684211,76.71052631578948,79.34210526315789,26.973684210526315,56.71052631578947,56.18421052631579,36.44736842105263,8.289473684210526,12.763157894736842,6.578947368421052,25.394736842105264,37.23684210526316,55.526315789473685,64.34210526315789,96.57894736842105,31.57894736842105,35.13157894736842,55.78947368421053
2526,understat:28813,2025-09-13,leeds_united,fulham,A,mgr:fa5d385e34dc,Daniel Farke,433,L,False,22.45762711864407,30,79.81651376146789,13,11.926605504587156,61.53846153846154,20,18.34862385321101,6,5.084745762711864,4,11,1,0.830398,30.2118811881188,6.930693069306931,11,7,38,32,7.6923076923076925,20.0,56.25,0.07549072727272726,team_tactical_v1,OBSERVED_TACTICAL_FEATURE,False,47.23684210526316,51.31578947368421,69.86842105263158,30.13157894736842,31.842105263157894,47.76315789473684,70.65789473684211,74.47368421052632,20.789473684210527,55.6578947368421,12.763157894736842,44.3421052631579,58.55263157894737,23.81578947368421,32.36842105263158,37.36842105263158,69.86842105263158,44.21052631578947,40.13157894736842,55.78947368421053
2526,understat:28814,2025-09-13,tottenham_hotspur,west_ham,A,mgr:1e78f2997997,Thomas Frank,433,W,False,27.4251497005988,43,79.75460122699387,31,19.01840490797546,60.869565217391305,17,10.429447852760736,14,7.425149700598802,11,14,3,1.51402,34.813235294117646,11.764705882352942,11,3,34,35,16.129032258064516,64.70588235294117,37.142857142857146,0.1081442857142857,team_tactical_v1,OBSERVED_TACTICAL_FEATURE,False,76.57894736842105,82.36842105263158,69.47368421052632,94.47368421052632,86.44736842105263,44.86842105263158,50.13157894736842,26.57894736842105,84.07894736842105,93.28947368421052,75.26315789473684,67.63157894736842,96.05263157894737,55.526315789473685,68.94736842105263,77.36842105263158,69.86842105263158,6.315789473684211,22.36842105263158,66.84210526315789
2526,understat:28814,2025-09-13,west_ham,tottenham_hotspur,H,mgr:182deb7ae6a3,Graham Potter,4231,L,True,16.974789915966387,20,80.95238095238095,9,10.714285714285714,61.53846153846154,19,22.61904761904762,4,2.3529411764705883,6,7,0,0.793248,25.46082474226804,6.185567010309279,9,5,31,35,33.333333333333336,31.57894736842105,62.85714285714285,0.11332114285714286,team_tactical_v1,OBSERVED_TACTICAL_FEATURE,False,9.473684210526315,13.81578947368421,78.55263157894737,10.394736842105264,21.57894736842105,47.76315789473684,63.55263157894737,87.36842105263158,8.157894736842104,3.6842105263157894,24.736842105263158,16.18421052631579,25.394736842105264,22.236842105263158,6.973684210526316,28.026315789473685,49.3421052631579,19.736842105263158,11.18421052631579,66.84210526315789
2526,understat:28815,2025-09-13,brentford,chelsea,H,mgr:5f487ee40c90,Keith Andrews,532,D,False,19.524617996604416,22,74.68354430379746,18,22.78481012658228,84.61538461538461,22,27.848101265822784,9,5.2631578947368425,7,7,2,1.17533,27.336263736263746,7.6923076923076925,10,6,30,21,33.333333333333336,50.0,33.333333333333336,0.1679042857142857,team_tactical_v1,OBSERVED_TACTICAL_FEATURE,False,24.473684210526315,18.42105263157895,34.60526315789474,57.89473684210526,96.97368421052632,98.6842105263158,78.8157894736842,95.52631578947368,46.973684210526315,60.921052631578945,35.6578947368421,16.18421052631579,83.15789473684211,38.421052631578945,13.421052631578947,44.21052631578947,60.921052631578945,31.57894736842105,7.7631578947368425,17.63157894736842
2526,understat:28815,2025-09-13,chelsea,brentford,A,mgr:dc01d928d84f,Enzo Maresca,4231,D,False,24.384787472035796,54,72.22222222222223,17,10.493827160493828,69.23076923076923,16,9.876543209876543,12,5.480984340044743,13,16,2,0.755999,36.864285714285714,12.244897959183673,9,13,34,21,17.647058823529413,25.0,66.66666666666667,0.0472499375,team_tactical_v1,OBSERVED_TACTICAL_FEATURE,False,60.39473684210526,94.47368421052632,20.657894736842106,51.973684210526315,20.0,76.3157894736842,44.3421052631579,21.973684210526315,72.5,66.44736842105263,87.36842105263158,80.92105263157895,83.15789473684211,20.92105263157895,81.71052631578948,79.34210526315789,49.3421052631579,93.02631578947368,22.36842105263158,17.63157894736842
2526,understat:28816,2025-09-14,burnley,liverpool,H,mgr:c49e040048ca,Scott Parker,541,L,True,13.617021276595745,13,86.66666666666667,3,10.0,75.0,11,36.666666666666664,1,1.2765957446808511,2,3,0,0.168041,24.999038461538458,4.8076923076923075,11,17,20,43,0.0,18.181818181818183,37.2093023255814,0.05601366666666666,team_tactical_v1,OBSERVED_TACTICAL_FEATURE,False,2.8947368421052633,1.8421052631578947,97.10526315789474,0.39473684210526316,17.63157894736842,90.78947368421052,15.657894736842104,99.21052631578948,0.13157894736842105,0.39473684210526316,1.7105263157894737,1.5789473684210527,25.394736842105264,1.1842105263157894,4.605263157894737,15.921052631578947,69.86842105263158,98.94736842105263,0.39473684210526316,85.26315789473684
2526,understat:28816,2025-09-14,liverpool,burnley,A,mgr:328a5fafed26,Arne Slot,4231,W,False,42.26600985221675,73,71.3091922005571,44,12.256267409470752,63.41463414634146,20,5.571030640668524,23,8.177339901477833,21,27,1,2.79492,36.73076923076924,9.23076923076923,7,7,28,43,22.727272727272727,60.0,62.7906976744186,0.10351555555555556,team_tactical_v1,OBSERVED_TACTICAL_FEATURE,False,99.86842105263158,99.60526315789474,15.789473684210526,99.34210526315789,33.81578947368421,54.3421052631579,70.65789473684211,1.9736842105263157,99.34210526315789,96.84210526315789,99.47368421052632,99.21052631578948,58.55263157894737,91.44736842105263,81.1842105263158,56.44736842105263,25.13157894736842,44.21052631578947,3.6842105263157894,85.26315789473684
2526,understat:28817,2025-09-14,manchester_city,manchester_united,H,mgr:26dfbbc164aa,Pep Guardiola,4141,W,False,16.530054644808743,23,74.48979591836735,2,2.0408163265306123,63.1578947368421,26,26.53061224489796,6,3.9617486338797816,10,13,3,1.99725,31.226666666666663,6.666666666666667,7,10,44,29,50.0,26.923076923076923,62.06896551724138,0.15363461538461537,team_tactical_v1,OBSERVED_TACTICAL_FEATURE,False,8.68421052631579,22.763157894736842,32.63157894736842,0.2631578947368421,0.13157894736842105,54.078947368421055,91.44736842105263,94.07894736842105,20.789473684210527,28.68421052631579,68.28947368421052,58.421052631578945,96.05263157894737,72.63157894736842,41.8421052631579,34.078947368421055,25.13157894736842,78.28947368421052,73.02631578947368,45.526315789473685
2526,understat:28817,2025-09-14,manchester_united,manchester_city,A,mgr:662d1720cf8b,Ruben Filipe Marques Diogo Amorim,3421,L,False,28.71536523929471,49,79.41176470588235,23,13.529411764705882,65.0,16,9.411764705882353,14,5.163727959697733,9,12,0,1.51915,37.38247422680413,8.24742268041237,15,13,44,29,26.08695652173913,37.5,37.93103448275862,0.12659583333333332,team_tactical_v1,OBSERVED_TACTICAL_FEATURE,False,83.28947368421052,90.0,67.76315789473684,79.60526315789474,46.44736842105263,62.5,44.3421052631579,18.55263157894737,84.07894736842105,58.026315789473685,57.76315789473684,51.8421052631579,25.394736842105264,55.78947368421053,84.21052631578948,49.73684210526316,93.42105263157895,93.02631578947368,73.02631578947368,45.526315789473685
2526,understat:28818,2025-09-20,everton,liverpool,A,mgr:84316c036a2d,David Moyes,4231,L,False,28.315946348733235,24,82.6086956521739,20,14.492753623188406,29.41176470588235,23,16.666666666666668,12,4.918032786885246,8,9,1,0.721371,35.739423076923075,7.6923076923076925,13,10,44,34,25.0,52.17391304347826,44.11764705882353,0.08015233333333333,team_tactical_v1,OBSERVED_TACTICAL_FEATURE,False,81.05263157894737,26.05263157894737,86.71052631578948,67.63157894736842,53.68421052631579,0.5263157894736842,82.89473684210526,68.02631578947368,72.5,50.6578947368421,46.31578947368421,27.63157894736842,58.55263157894737,19.342105263157894,75.92105263157895,44.21052631578947,84.34210526315789,78.28947368421052,73.02631578947368,63.421052631578945
2526,understat:28818,2025-09-20,liverpool,everton,H,mgr:328a5fafed26,Arne Slot,4231,W,False,23.733003708281828,32,80.13245033112582,12,7.947019867549669,47.05882352941177,22,14.56953642384106,15,4.697156983930778,7,11,2,1.06166,30.42727272727272,4.545454545454546,7,12,39,34,16.666666666666668,45.45454545454545,55.88235294117647,0.09651454545454546,team_tactical_v1,OBSERVED_TACTICAL_FEATURE,False,55.526315789473685,59.3421052631579,72.23684210526316,23.94736842105263,6.842105263157895,7.7631578947368425,78.8157894736842,55.26315789473684,87.5,45.6578947368421,35.6578947368421,44.3421052631579,83.15789473684211,33.81578947368421,35.26315789473684,14.868421052631579,25.13157894736842,89.21052631578948,46.71052631578947,63.421052631578945
2526,understat:28819,2025-09-20,crystal_palace,west_ham,A,mgr:1058459b93f2,Oliver Glasner,3421,W,False,22.25475841874085,29,68.68686868686869,18,18.181818181818183,64.51612903225806,9,9.090909090909092,14,7.027818448023426,13,18,2,2.33565,27.376106194690266,4.424778761061947,16,10,33,46,44.44444444444444,55.55555555555556,60.869565217391305,0.1297583333333333,team_tactical_v1,OBSERVED_TACTICAL_FEATURE,False,45.78947368421053,46.71052631578947,7.894736842105263,57.89473684210526,81.97368421052632,60.39473684210526,6.578947368421052,16.31578947368421,84.07894736842105,90.39473684210526,87.36842105263158,89.86842105263158,83.15789473684211,83.02631578947368,13.552631578947368,14.078947368421053,96.57894736842105,78.28947368421052,17.763157894736842,90.52631578947368
2526,understat:28819,2025-09-20,west_ham,crystal_palace,H,mgr:182deb7ae6a3,Graham Potter,433,L,False,22.886866059817944,28,81.89655172413794,22,18.96551724137931,50.0,25,21.551724137931036,12,4.9414824447334205,8,8,1,0.466365,32.779746835443056,6.329113924050633,6,7,36,46,31.818181818181817,56.0,39.130434782608695,0.058295625,team_tactical_v1,OBSERVED_TACTICAL_FEATURE,False,49.473684210526315,41.973684210526315,83.15789473684211,76.71052631578948,85.65789473684211,13.947368421052632,89.21052631578948,84.07894736842105,72.5,51.44736842105263,46.31578947368421,20.92105263157895,58.55263157894737,8.421052631578947,53.28947368421053,30.263157894736842,15.657894736842104,44.21052631578947,31.18421052631579,90.52631578947368
2526,understat:28820,2025-09-20,leeds_united,wolverhampton_wanderers,A,mgr:fa5d385e34dc,Daniel Farke,433,W,False,15.816326530612244,27,75.5813953488372,7,8.13953488372093,100.0,23,26.74418604651163,4,2.6785714285714284,2,6,3,0.456988,30.03759398496241,8.270676691729323,13,7,48,47,0.0,34.78260869565217,38.297872340425535,0.07616466666666667,team_tactical_v1,OBSERVED_TACTICAL_FEATURE,False,6.7105263157894735,37.10526315789474,39.078947368421055,5.394736842105263,8.289473684210526,100.0,82.89473684210526,94.34210526315789,8.157894736842104,6.7105263157894735,1.7105263157894737,10.394736842105264,96.05263157894737,8.289473684210526,30.526315789473685,50.0,84.34210526315789,44.21052631578947,88.94736842105263,92.89473684210526
2526,understat:28820,2025-09-20,wolverhampton_wanderers,leeds_united,H,mgr:807de4c745b0,Vítor Manuel de Oliveira Lopes Pereira,3421,L,False,26.229508196721312,51,76.47058823529412,35,22.875816993464053,58.62068965517241,17,11.11111111111111,22,6.908665105386417,14,16,1,1.5661,38.5625,12.5,14,3,51,47,40.0,52.94117647058823,61.70212765957447,0.09788125,team_tactical_v1,OBSERVED_TACTICAL_FEATURE,False,70.13157894736842,91.84210526315789,46.71052631578947,97.36842105263158,97.10526315789474,36.71052631578947,50.13157894736842,32.89473684210526,98.6842105263158,89.07894736842105,90.52631578947368,80.92105263157895,58.55263157894737,58.026315789473685,88.42105263157895,81.84210526315789,90.13157894736842,6.315789473684211,93.8157894736842,92.89473684210526
2526,understat:28821,2025-09-20,brighton,tottenham_hotspur,H,mgr:dfda8206a0e2,Fabian Hürzeler,4231,D,False,18.181818181818183,30,71.05263157894737,8,10.526315789473685,56.25,19,25.0,5,3.134796238244514,9,13,3,1.40466,28.54065040650406,9.75609756097561,17,5,45,25,25.0,31.57894736842105,52.0,0.10805076923076923,team_tactical_v1,OBSERVED_TACTICAL_FEATURE,False,16.57894736842105,51.31578947368421,14.605263157894736,7.2368421052631575,20.394736842105264,29.605263157894736,63.55263157894737,91.84210526315789,13.947368421052632,11.973684210526315,57.76315789473684,58.421052631578945,96.05263157894737,50.6578947368421,19.736842105263158,61.71052631578947,98.15789473684211,19.736842105263158,77.23684210526316,31.57894736842105
2526,understat:28821,2025-09-20,tottenham_hotspur,brighton,A,mgr:1e78f2997997,Thomas Frank,433,D,False,29.717514124293785,50,77.33990147783251,32,15.763546798029557,61.111111111111114,31,15.270935960591133,13,7.4576271186440675,10,11,1,1.19181,38.07699115044248,9.734513274336283,10,9,53,25,9.375,41.935483870967744,48.0,0.10834636363636364,team_tactical_v1,OBSERVED_TACTICAL_FEATURE,False,85.92105263157895,90.78947368421052,52.63157894736842,95.13157894736842,64.47368421052632,45.6578947368421,98.15789473684211,60.39473684210526,77.76315789473684,93.42105263157895,68.28947368421052,44.3421052631579,58.55263157894737,38.94736842105263,87.63157894736842,61.44736842105263,60.921052631578945,68.02631578947368,96.44736842105263,31.57894736842105
2526,understat:28822,2025-09-20,burnley,nottingham_forest,H,mgr:c49e040048ca,Scott Parker,541,D,False,23.96946564885496,28,80.83333333333333,26,21.666666666666668,52.63157894736842,19,15.833333333333334,12,5.343511450381679,10,12,1,1.14159,27.57450980392157,2.9411764705882355,9,10,39,22,30.76923076923077,57.89473684210526,59.09090909090909,0.09513250000000001,team_tactical_v1,OBSERVED_TACTICAL_FEATURE,False,56.973684210526315,41.973684210526315,78.02631578947368,88.42105263157895,95.39473684210526,16.31578947368421,63.55263157894737,63.421052631578945,72.5,63.1578947368421,68.28947368421052,51.8421052631579,58.55263157894737,37.36842105263158,15.0,6.447368421052632,49.3421052631579,78.28947368421052,46.71052631578947,20.526315789473685
2526,understat:28822,2025-09-20,nottingham_forest,burnley,A,mgr:baf747465a0d,Ange Postecoglou,4231,D,False,27.16577540106952,61,81.68316831683168,30,14.851485148514852,42.857142857142854,12,5.9405940594059405,12,4.919786096256685,13,17,1,0.830779,30.405050505050507,10.1010101010101,6,7,42,22,16.666666666666668,33.333333333333336,40.90909090909091,0.048869352941176475,team_tactical_v1,OBSERVED_TACTICAL_FEATURE,False,75.92105263157895,97.5,81.84210526315789,93.55263157894737,56.18421052631579,3.9473684210526314,21.31578947368421,2.763157894736842,72.5,50.78947368421053,87.36842105263158,85.92105263157895,58.55263157894737,24.07894736842105,34.60526315789474,64.34210526315789,15.657894736842104,44.21052631578947,61.578947368421055,20.526315789473685
2526,understat:28824,2025-09-20,chelsea,manchester_united,A,mgr:dc01d928d84f,Enzo Maresca,4231,L,True,14.959723820483314,37,80.0,15,15.0,55.55555555555556,22,22.0,7,2.991944764096663,4,5,1,0.469843,29.95,2.9411764705882355,13,8,40,27,13.333333333333334,36.36363636363637,59.25925925925926,0.0939686,team_tactical_v1,OBSERVED_TACTICAL_FEATURE,False,4.605263157894737,72.10526315789474,71.57894736842105,41.71052631578947,58.026315789473685,26.973684210526315,78.8157894736842,85.65789473684211,29.07894736842105,9.605263157894736,12.763157894736842,6.578947368421052,58.55263157894737,8.68421052631579,29.736842105263158,6.447368421052632,84.34210526315789,55.39473684210526,52.36842105263158,38.68421052631579
2526,understat:28824,2025-09-20,manchester_united,chelsea,H,mgr:662d1720cf8b,Ruben Filipe Marques Diogo Amorim,3421,W,True,27.873563218390803,26,77.77777777777777,26,20.634920634920636,88.23529411764706,19,15.079365079365079,11,4.454022988505747,6,11,2,1.34458,37.519047619047626,12.380952380952381,16,10,45,27,30.76923076923077,26.31578947368421,40.74074074074074,0.12223454545454547,team_tactical_v1,OBSERVED_TACTICAL_FEATURE,False,79.47368421052632,33.1578947368421,57.36842105263158,88.42105263157895,91.71052631578948,99.07894736842105,63.55263157894737,58.68421052631579,65.26315789473684,39.21052631578947,24.736842105263158,44.3421052631579,83.15789473684211,47.36842105263158,85.26315789473684,80.39473684210526,96.57894736842105,78.28947368421052,77.23684210526316,38.68421052631579
2526,understat:28825,2025-09-20,brentford,fulham,A,mgr:5f487ee40c90,Keith Andrews,532,L,False,22.857142857142858,23,80.61224489795919,21,21.428571428571427,63.63636363636363,15,15.306122448979592,5,5.428571428571429,4,9,2,0.826556,35.39493670886075,11.39240506329114,6,5,34,23,9.523809523809524,26.666666666666668,39.130434782608695,0.09183955555555555,team_tactical_v1,OBSERVED_TACTICAL_FEATURE,False,49.21052631578947,22.763157894736842,76.3157894736842,72.23684210526316,94.34210526315789,56.71052631578947,36.8421052631579,60.78947368421053,13.947368421052632,64.73684210526316,12.763157894736842,27.63157894736842,83.15789473684211,23.68421052631579,73.02631578947368,74.60526315789474,15.657894736842104,19.736842105263158,22.36842105263158,23.94736842105263
2526,understat:28825,2025-09-20,fulham,brentford,H,mgr:d242da40969a,Marco Alexandre Saraiva da Silva,4231,W,False,17.677419354838708,24,74.50980392156863,13,12.745098039215685,77.27272727272727,13,12.745098039215685,10,4.258064516129032,11,14,2,1.52431,26.51,1.8181818181818181,9,6,37,23,38.46153846153846,61.53846153846154,60.869565217391305,0.10887928571428572,team_tactical_v1,OBSERVED_TACTICAL_FEATURE,False,13.289473684210526,26.05263157894737,33.1578947368421,30.13157894736842,38.1578947368421,92.76315789473684,26.05263157894737,45.26315789473684,56.44736842105263,35.921052631578945,75.26315789473684,67.63157894736842,83.15789473684211,56.05263157894737,10.526315789473685,2.5,49.3421052631579,31.57894736842105,35.13157894736842,23.94736842105263
2526,understat:28823,2025-09-21,bournemouth,newcastle_united,H,mgr:b4b8eecb310f,Andoni Iraola,4231,D,False,23.564593301435405,35,79.43262411347517,21,14.893617021276595,68.75,22,15.602836879432624,5,3.349282296650718,6,11,0,0.55066,34.728571428571435,10.317460317460318,8,16,55,34,0.0,27.272727272727277,52.94117647058823,0.05006,team_tactical_v1,OBSERVED_TACTICAL_FEATURE,False,54.473684210526315,67.89473684210526,67.89473684210526,72.23684210526316,56.578947368421055,75.26315789473684,78.8157894736842,61.8421052631579,13.947368421052632,15.263157894736842,24.736842105263158,44.3421052631579,25.394736842105264,11.842105263157896,67.89473684210526,66.44736842105263,37.63157894736842,97.76315789473684,97.89473684210526,63.421052631578945
2526,understat:28823,2025-09-21,newcastle_united,bournemouth,A,mgr:65451ab24622,Eddie Howe,3421,D,False,23.08743169398907,29,82.11382113821138,16,13.008130081300813,83.33333333333333,24,19.51219512195122,7,3.4153005464480874,3,4,0,0.153629,31.52068965517241,5.172413793103448,11,8,46,34,12.5,50.0,47.05882352941177,0.03840725,team_tactical_v1,OBSERVED_TACTICAL_FEATURE,False,51.31578947368421,46.71052631578947,84.21052631578948,46.973684210526315,41.578947368421055,98.28947368421052,84.86842105263158,79.07894736842105,29.07894736842105,16.05263157894737,5.131578947368421,3.1578947368421053,25.394736842105264,0.6578947368421053,44.078947368421055,20.0,69.86842105263158,55.39473684210526,82.63157894736842,63.421052631578945
2526,understat:28826,2025-09-21,aston_villa,sunderland,A,mgr:dcdf2dffc0c2,Unai Emery,4231,D,False,34.56495828367104,52,85.59670781893004,26,10.699588477366255,63.1578947368421,13,5.349794238683128,15,5.721096543504172,7,12,1,0.939354,32.29746835443039,7.594936708860759,7,3,31,30,15.384615384615383,0.0,53.333333333333336,0.0782795,team_tactical_v1,OBSERVED_TACTICAL_FEATURE,False,96.44736842105263,92.89473684210526,95.78947368421052,88.42105263157895,21.31578947368421,54.078947368421055,26.05263157894737,1.3157894736842106,87.5,71.05263157894737,35.6578947368421,51.8421052631579,58.55263157894737,28.157894736842106,49.60526315789474,42.5,25.13157894736842,6.315789473684211,11.18421052631579,48.68421052631579
2526,understat:28826,2025-09-21,sunderland,aston_villa,H,mgr:1a031e232e88,Régis Le Bris,433,D,True,21.676891615541923,16,65.57377049180327,12,19.672131147540984,54.54545454545455,7,11.475409836065573,7,6.339468302658487,10,14,1,0.938312,30.019791666666663,12.5,13,8,25,30,16.666666666666668,71.42857142857143,46.66666666666666,0.06702228571428571,team_tactical_v1,OBSERVED_TACTICAL_FEATURE,False,41.31578947368421,5.7894736842105265,3.1578947368421053,23.94736842105263,88.28947368421052,23.42105263157895,2.763157894736842,35.13157894736842,29.07894736842105,81.57894736842105,68.28947368421052,67.63157894736842,58.55263157894737,28.026315789473685,30.394736842105264,81.84210526315789,84.34210526315789,55.39473684210526,1.3157894736842106,48.68421052631579
2526,understat:28827,2025-09-21,arsenal,manchester_city,H,mgr:5fdd2f365fdc,Mikel Arteta,433,D,False,30.71120689655172,42,80.56872037914692,32,15.165876777251185,47.36842105263158,16,7.5829383886255926,13,6.681034482758621,8,12,1,0.718575,36.579411764705874,10.784313725490197,13,5,47,32,15.625,37.5,46.875,0.05988125,team_tactical_v1,OBSERVED_TACTICAL_FEATURE,False,89.21052631578948,81.3157894736842,75.92105263157895,95.13157894736842,59.473684210526315,8.026315789473685,44.3421052631579,8.289473684210526,77.76315789473684,86.57894736842105,46.31578947368421,51.8421052631579,58.55263157894737,19.210526315789473,80.26315789473684,70.52631578947368,84.34210526315789,19.736842105263158,86.44736842105263,55.78947368421053
2526,understat:28827,2025-09-21,manchester_city,arsenal,A,mgr:26dfbbc164aa,Pep Guardiola,4141,D,False,17.96875,26,77.02702702702703,4,5.405405405405405,77.77777777777777,22,29.72972972972973,2,2.1875,5,5,1,1.1227,23.93543307086614,7.086614173228346,9,5,44,32,0.0,45.45454545454545,53.125,0.22454000000000002,team_tactical_v1,OBSERVED_TACTICAL_FEATURE,False,14.868421052631579,33.1578947368421,49.86842105263158,1.0526315789473684,1.4473684210526316,94.21052631578948,78.8157894736842,96.71052631578948,1.5789473684210527,2.3684210526315788,19.473684210526315,6.578947368421052,58.55263157894737,35.921052631578945,2.5,39.078947368421055,49.3421052631579,19.736842105263158,73.02631578947368,55.78947368421053
2526,understat:28828,2025-09-27,brentford,manchester_united,H,mgr:5f487ee40c90,Keith Andrews,4231,W,False,21.99108469539376,33,84.78260869565217,14,15.217391304347826,66.66666666666667,18,19.565217391304348,11,5.200594353640416,8,10,3,2.78726,36.52708333333334,10.416666666666666,8,7,36,41,50.0,33.333333333333336,53.65853658536585,0.278726,team_tactical_v1,OBSERVED_TACTICAL_FEATURE,False,43.81578947368421,62.63157894736842,94.21052631578948,36.31578947368421,60.39473684210526,70.92105263157895,56.71052631578947,79.47368421052632,65.26315789473684,59.078947368421055,46.31578947368421,35.13157894736842,96.05263157894737,91.3157894736842,79.73684210526316,67.63157894736842,37.63157894736842,44.21052631578947,31.18421052631579,82.10526315789474
2526,understat:28828,2025-09-27,manchester_united,brentford,A,mgr:662d1720cf8b,Ruben Filipe Marques Diogo Amorim,3421,L,False,15.35380507343124,28,69.04761904761905,14,16.666666666666668,75.0,12,14.285714285714286,5,3.337783711615488,9,14,1,2.23609,27.457777777777785,2.2222222222222223,9,4,38,41,28.571428571428573,16.666666666666668,46.34146341463415,0.15972071428571427,team_tactical_v1,OBSERVED_TACTICAL_FEATURE,False,5.131578947368421,41.973684210526315,8.81578947368421,36.31578947368421,73.15789473684211,90.78947368421052,21.31578947368421,54.21052631578947,13.947368421052632,14.736842105263158,57.76315789473684,67.63157894736842,58.55263157894737,79.86842105263158,14.342105263157896,3.9473684210526314,49.3421052631579,12.368421052631579,40.13157894736842,82.10526315789474
2526,understat:28829,2025-09-27,brighton,chelsea,A,mgr:dfda8206a0e2,Fabian Hürzeler,4231,W,False,29.87421383647799,37,77.16535433070867,13,10.236220472440944,77.77777777777777,24,18.89763779527559,10,5.9748427672955975,7,12,3,2.4751,35.786407766990294,16.50485436893204,13,12,37,18,38.46153846153846,29.166666666666668,61.11111111111112,0.20625833333333332,team_tactical_v1,OBSERVED_TACTICAL_FEATURE,False,87.10526315789474,72.10526315789474,51.44736842105263,30.13157894736842,18.55263157894737,94.21052631578948,84.86842105263158,76.84210526315789,56.44736842105263,76.3157894736842,35.6578947368421,51.8421052631579,96.05263157894737,86.57894736842105,76.1842105263158,93.94736842105263,84.34210526315789,89.21052631578948,35.13157894736842,10.263157894736842
2526,understat:28829,2025-09-27,chelsea,brighton,H,mgr:dc01d928d84f,Enzo Maresca,433,L,True,22.38219895287958,28,80.8,14,11.2,52.63157894736842,29,23.2,7,3.4031413612565444,9,13,1,2.02653,31.62400000000001,12.0,11,10,25,18,21.428571428571427,34.48275862068966,38.888888888888886,0.1558869230769231,team_tactical_v1,OBSERVED_TACTICAL_FEATURE,False,46.8421052631579,41.973684210526315,77.63157894736842,36.31578947368421,23.94736842105263,16.31578947368421,96.84210526315789,88.8157894736842,29.07894736842105,15.789473684210526,57.76315789473684,58.421052631578945,58.55263157894737,73.28947368421052,44.3421052631579,78.28947368421052,69.86842105263158,78.28947368421052,1.3157894736842106,10.263157894736842
2526,understat:28830,2025-09-27,crystal_palace,liverpool,H,mgr:1058459b93f2,Oliver Glasner,3421,W,False,21.492007104795736,23,60.0,8,9.411764705882353,80.76923076923077,10,11.764705882352942,10,7.63765541740675,12,16,2,3.53323,27.609615384615388,3.8461538461538463,16,9,32,33,25.0,60.0,33.333333333333336,0.220826875,team_tactical_v1,OBSERVED_TACTICAL_FEATURE,False,40.26315789473684,22.763157894736842,0.6578947368421053,7.2368421052631575,14.210526315789474,95.92105263157895,11.447368421052632,38.28947368421053,56.44736842105263,94.73684210526316,82.5,80.92105263157895,83.15789473684211,97.5,15.394736842105264,10.921052631578947,96.57894736842105,68.02631578947368,14.342105263157896,59.21052631578947
2526,understat:28830,2025-09-27,liverpool,crystal_palace,A,mgr:328a5fafed26,Arne Slot,4231,L,False,23.529411764705884,68,83.58208955223881,26,12.935323383084578,66.66666666666667,23,11.442786069651742,10,4.050144648023144,12,20,1,3.10176,36.72385321100918,9.174311926605505,5,10,46,33,30.76923076923077,26.08695652173913,66.66666666666667,0.155088,team_tactical_v1,OBSERVED_TACTICAL_FEATURE,False,54.3421052631579,98.94736842105263,89.60526315789474,88.42105263157895,40.78947368421053,70.92105263157895,82.89473684210526,34.73684210526316,56.44736842105263,31.710526315789473,82.5,93.6842105263158,58.55263157894737,94.34210526315789,80.92105263157895,55.6578947368421,7.631578947368421,78.28947368421052,82.63157894736842,59.21052631578947
2526,understat:28832,2025-09-27,bournemouth,leeds_united,A,mgr:b4b8eecb310f,Andoni Iraola,4231,D,False,26.53061224489796,41,74.21052631578948,21,11.052631578947368,90.0,27,14.210526315789474,10,3.968253968253968,8,12,2,1.06033,32.07478260869565,6.956521739130435,11,7,44,35,14.285714285714286,40.74074074074074,51.42857142857143,0.08836083333333333,team_tactical_v1,OBSERVED_TACTICAL_FEATURE,False,72.5,80.0,30.13157894736842,72.23684210526316,23.026315789473685,99.34210526315789,93.94736842105263,53.81578947368421,56.44736842105263,29.342105263157894,46.31578947368421,51.8421052631579,83.15789473684211,33.68421052631579,47.36842105263158,37.63157894736842,69.86842105263158,44.21052631578947,73.02631578947368,66.84210526315789
2526,understat:28832,2025-09-27,leeds_united,bournemouth,H,mgr:fa5d385e34dc,Daniel Farke,433,D,False,22.366522366522368,30,65.97938144329896,16,16.49484536082474,72.41379310344827,18,18.556701030927837,10,7.359307359307359,13,19,2,2.04728,32.38952380952381,10.476190476190476,16,9,33,35,56.25,44.44444444444444,48.57142857142857,0.10775157894736843,team_tactical_v1,OBSERVED_TACTICAL_FEATURE,False,46.578947368421055,51.31578947368421,3.5526315789473686,46.973684210526315,70.65789473684211,84.07894736842105,56.71052631578947,75.78947368421052,56.44736842105263,93.02631578947368,87.36842105263158,91.57894736842105,83.15789473684211,74.07894736842105,51.71052631578947,67.89473684210526,96.57894736842105,68.02631578947368,17.763157894736842,66.84210526315789
2526,understat:28833,2025-09-27,burnley,manchester_city,A,mgr:c49e040048ca,Scott Parker,541,L,False,18.43478260869565,28,83.11688311688312,7,9.090909090909092,42.857142857142854,9,11.688311688311689,4,3.3043478260869565,7,11,3,0.509491,26.268807339449545,5.504587155963303,9,10,30,24,14.285714285714286,11.11111111111111,58.333333333333336,0.046317363636363636,team_tactical_v1,OBSERVED_TACTICAL_FEATURE,False,18.68421052631579,41.973684210526315,87.89473684210526,5.394736842105263,12.368421052631579,3.9473684210526314,6.578947368421052,36.8421052631579,8.157894736842104,14.078947368421053,35.6578947368421,44.3421052631579,96.05263157894737,10.394736842105264,9.078947368421053,22.36842105263158,49.3421052631579,78.28947368421052,7.7631578947368425,26.57894736842105
2526,understat:28833,2025-09-27,manchester_city,burnley,H,mgr:26dfbbc164aa,Pep Guardiola,4141,W,False,37.5,52,73.35640138408304,23,7.958477508650519,63.63636363636363,25,8.650519031141869,20,8.738938053097344,14,21,3,3.22133,35.49545454545454,13.636363636363637,6,4,33,24,39.130434782608695,56.0,41.66666666666666,0.15339666666666668,team_tactical_v1,OBSERVED_TACTICAL_FEATURE,False,98.8157894736842,92.89473684210526,26.05263157894737,79.60526315789474,6.973684210526316,56.71052631578947,89.21052631578948,13.68421052631579,97.10526315789474,98.8157894736842,90.52631578947368,95.92105263157895,96.05263157894737,95.26315789473684,74.07894736842105,86.3157894736842,15.657894736842104,12.368421052631579,17.763157894736842,26.57894736842105
2526,understat:28834,2025-09-27,nottingham_forest,sunderland,H,mgr:baf747465a0d,Ange Postecoglou,4231,L,False,34.28886438809261,69,82.37704918032787,42,17.21311475409836,48.648648648648646,18,7.377049180327869,15,6.504961411245866,16,22,0,1.4203,36.90229885057471,13.793103448275861,9,1,43,28,19.047619047619047,50.0,53.57142857142857,0.0645590909090909,team_tactical_v1,OBSERVED_TACTICAL_FEATURE,False,95.92105263157895,99.34210526315789,84.86842105263158,98.94736842105263,76.3157894736842,9.210526315789474,56.71052631578947,7.5,87.5,84.60526315789474,95.52631578947368,97.10526315789474,25.394736842105264,51.71052631578947,82.36842105263158,86.57894736842105,49.3421052631579,0.6578947368421053,66.71052631578948,42.36842105263158
2526,understat:28834,2025-09-27,sunderland,nottingham_forest,A,mgr:1a031e232e88,Régis Le Bris,4231,W,False,17.61904761904762,24,72.5,19,23.75,92.3076923076923,14,17.5,8,4.444444444444445,5,11,1,1.94154,21.686111111111103,0.9259259259259259,7,6,39,28,15.789473684210526,50.0,46.42857142857143,0.17650363636363636,team_tactical_v1,OBSERVED_TACTICAL_FEATURE,False,12.763157894736842,26.05263157894737,21.842105263157894,62.10526315789474,98.8157894736842,99.47368421052632,31.31578947368421,70.92105263157895,36.44736842105263,39.078947368421055,19.473684210526315,44.3421052631579,58.55263157894737,70.65789473684211,0.39473684210526316,0.39473684210526316,25.13157894736842,31.57894736842105,46.71052631578947,42.36842105263158
2526,understat:28835,2025-09-27,tottenham_hotspur,wolverhampton_wanderers,H,mgr:1e78f2997997,Thomas Frank,4231,D,False,31.97903014416776,45,81.62162162162163,32,17.2972972972973,62.5,29,15.675675675675675,12,5.111402359108781,7,10,1,0.818711,33.4087912087912,3.2967032967032965,12,10,41,34,28.125,37.93103448275862,52.94117647058823,0.0818711,team_tactical_v1,OBSERVED_TACTICAL_FEATURE,False,92.10526315789474,85.52631578947368,81.3157894736842,95.13157894736842,76.71052631578948,51.973684210526315,96.84210526315789,62.5,72.5,56.18421052631579,35.6578947368421,35.13157894736842,58.55263157894737,23.026315789473685,57.89473684210526,8.289473684210526,77.36842105263158,78.28947368421052,57.89473684210526,63.421052631578945
2526,understat:28835,2025-09-27,wolverhampton_wanderers,tottenham_hotspur,A,mgr:807de4c745b0,Vítor Manuel de Oliveira Lopes Pereira,433,D,False,20.214190093708165,23,74.48979591836735,15,15.306122448979592,58.333333333333336,20,20.408163265306122,6,3.614457831325301,5,9,1,1.15951,27.467716535433077,8.661417322834646,14,10,34,34,26.666666666666668,40.0,47.05882352941177,0.12883444444444445,team_tactical_v1,OBSERVED_TACTICAL_FEATURE,False,31.31578947368421,22.763157894736842,32.63157894736842,41.71052631578947,60.6578947368421,36.31578947368421,70.65789473684211,80.92105263157895,20.789473684210527,20.394736842105264,19.473684210526315,27.63157894736842,58.55263157894737,38.026315789473685,14.605263157894736,52.36842105263158,90.13157894736842,78.28947368421052,22.36842105263158,63.421052631578945
2526,understat:28831,2025-09-28,aston_villa,fulham,H,mgr:dcdf2dffc0c2,Unai Emery,4231,W,False,19.88472622478386,26,65.21739130434783,10,10.869565217391305,76.92307692307692,16,17.391304347826086,10,3.4582132564841497,6,9,3,1.36575,33.878947368421045,14.736842105263158,4,7,38,21,10.0,31.25,57.142857142857146,0.15175,team_tactical_v1,OBSERVED_TACTICAL_FEATURE,False,26.842105263157894,33.1578947368421,2.8947368421052633,13.157894736842104,22.5,92.5,44.3421052631579,70.65789473684211,56.44736842105263,17.105263157894736,24.736842105263158,27.63157894736842,96.05263157894737,48.68421052631579,61.71052631578947,90.0,4.2105263157894735,44.21052631578947,40.13157894736842,17.63157894736842
2526,understat:28831,2025-09-28,fulham,aston_villa,A,mgr:d242da40969a,Marco Alexandre Saraiva da Silva,4231,L,False,24.592391304347824,39,80.46875,30,23.4375,70.58823529411765,20,15.625,8,6.385869565217392,7,11,1,0.952612,32.98217821782178,7.920792079207921,7,9,43,21,23.33333333333333,55.0,42.85714285714285,0.0866010909090909,team_tactical_v1,OBSERVED_TACTICAL_FEATURE,False,61.71052631578947,76.44736842105263,74.73684210526316,93.55263157894737,98.55263157894737,78.94736842105263,70.65789473684211,62.23684210526316,36.44736842105263,82.23684210526316,35.6578947368421,44.3421052631579,58.55263157894737,28.94736842105263,54.73684210526316,46.18421052631579,25.13157894736842,68.02631578947368,66.71052631578948,17.63157894736842
2526,understat:28836,2025-09-28,arsenal,newcastle_united,A,mgr:5fdd2f365fdc,Mikel Arteta,4231,W,False,29.53995157384988,36,73.73737373737374,23,11.616161616161616,60.60606060606061,21,10.606060606060606,27,8.232445520581114,15,20,2,2.07048,30.828125,6.25,6,10,40,48,39.130434782608695,52.38095238095238,45.833333333333336,0.10352399999999999,team_tactical_v1,OBSERVED_TACTICAL_FEATURE,False,85.52631578947368,70.39473684210526,27.5,79.60526315789474,29.210526315789473,43.421052631578945,74.21052631578948,27.894736842105264,99.73684210526316,96.97368421052632,93.15789473684211,93.6842105263158,83.15789473684211,75.26315789473684,38.81578947368421,29.210526315789473,15.657894736842104,78.28947368421052,52.36842105263158,94.21052631578948
2526,understat:28836,2025-09-28,newcastle_united,arsenal,H,mgr:65451ab24622,Eddie Howe,433,L,False,22.34726688102894,15,83.14606741573034,15,16.853932584269664,57.142857142857146,10,11.235955056179776,10,5.144694533762058,8,8,1,0.739851,25.85154639175257,6.185567010309279,8,8,30,48,20.0,30.0,54.16666666666666,0.092481375,team_tactical_v1,OBSERVED_TACTICAL_FEATURE,False,46.44736842105263,4.7368421052631575,88.15789473684211,41.71052631578947,73.94736842105263,33.81578947368421,11.447368421052632,33.1578947368421,56.44736842105263,57.36842105263158,46.31578947368421,20.92105263157895,58.55263157894737,20.394736842105264,7.5,28.026315789473685,37.63157894736842,55.39473684210526,7.7631578947368425,94.21052631578948
2526,understat:28837,2025-09-29,everton,west_ham,H,mgr:84316c036a2d,David Moyes,4231,D,False,29.84496124031008,32,76.64670658682634,22,13.173652694610778,47.61904761904762,11,6.586826347305389,12,5.684754521963824,9,12,1,0.909703,33.385576923076925,16.346153846153847,6,5,40,44,13.636363636363637,36.36363636363637,47.72727272727273,0.07580858333333333,team_tactical_v1,OBSERVED_TACTICAL_FEATURE,False,86.84210526315789,59.3421052631579,47.89473684210526,76.71052631578948,43.026315789473685,8.552631578947368,15.657894736842104,3.9473684210526314,72.5,70.52631578947368,57.76315789473684,51.8421052631579,58.55263157894737,26.57894736842105,57.76315789473684,93.28947368421052,15.657894736842104,19.736842105263158,52.36842105263158,86.84210526315789
2526,understat:28837,2025-09-29,west_ham,everton,A,mgr:b68b19e445ac,Nuno Herlander Simões Espírito Santo,4141,D,False,24.93368700265252,33,83.91608391608392,18,12.587412587412587,50.0,12,8.391608391608392,11,5.172413793103448,10,14,1,0.775766,27.684615384615388,2.8846153846153846,7,6,40,44,22.22222222222222,33.333333333333336,52.27272727272727,0.05541185714285714,team_tactical_v1,OBSERVED_TACTICAL_FEATURE,False,63.94736842105263,62.63157894736842,90.92105263157895,57.89473684210526,36.31578947368421,13.947368421052632,21.31578947368421,12.5,65.26315789473684,58.28947368421053,68.28947368421052,67.63157894736842,58.55263157894737,21.57894736842105,15.789473684210526,6.052631578947368,25.13157894736842,31.57894736842105,52.36842105263158,86.84210526315789
2526,understat:28838,2025-10-03,bournemouth,fulham,H,mgr:b4b8eecb310f,Andoni Iraola,4231,W,False,29.176470588235293,62,79.16666666666667,25,13.020833333333334,73.33333333333333,20,10.416666666666666,9,4.588235294117647,7,11,3,1.33458,39.47075471698114,16.037735849056602,7,8,53,17,4.0,50.0,64.70588235294117,0.12132545454545456,team_tactical_v1,OBSERVED_TACTICAL_FEATURE,False,84.60526315789474,97.89473684210526,66.44736842105263,84.07894736842105,41.71052631578947,85.92105263157895,70.65789473684211,26.31578947368421,46.973684210526315,43.421052631578945,35.6578947368421,44.3421052631579,96.05263157894737,46.973684210526315,91.97368421052632,92.76315789473684,25.13157894736842,55.39473684210526,96.44736842105263,8.421052631578947
2526,understat:28838,2025-10-03,fulham,bournemouth,A,mgr:d242da40969a,Marco Alexandre Saraiva da Silva,3421,L,False,23.66710013003901,31,77.33333333333333,17,11.333333333333334,65.0,13,8.666666666666666,9,3.120936280884265,9,12,1,0.84335,25.96260869565217,4.3478260869565215,9,7,50,17,17.647058823529413,69.23076923076923,35.294117647058826,0.07027916666666667,team_tactical_v1,OBSERVED_TACTICAL_FEATURE,False,55.0,55.13157894736842,52.5,51.973684210526315,25.92105263157895,62.5,26.05263157894737,13.947368421052632,46.973684210526315,11.578947368421053,57.76315789473684,51.8421052631579,58.55263157894737,24.342105263157894,7.894736842105263,13.81578947368421,49.3421052631579,44.21052631578947,92.63157894736842,8.421052631578947
2526,understat:28839,2025-10-04,arsenal,west_ham,H,mgr:5fdd2f365fdc,Mikel Arteta,433,W,False,31.293302540415706,24,72.05882352941177,23,11.27450980392157,56.25,16,7.8431372549019605,20,7.274826789838337,11,21,2,3.0585,38.0,12.359550561797754,14,7,30,24,13.043478260869565,31.25,50.0,0.14564285714285713,team_tactical_v1,OBSERVED_TACTICAL_FEATURE,False,90.65789473684211,26.05263157894737,19.210526315789473,79.60526315789474,25.13157894736842,29.605263157894736,44.3421052631579,10.0,97.10526315789474,92.63157894736842,75.26315789473684,95.92105263157895,83.15789473684211,93.55263157894737,87.10526315789474,79.86842105263158,90.13157894736842,44.21052631578947,7.7631578947368425,26.57894736842105
2526,understat:28839,2025-10-04,west_ham,arsenal,A,mgr:b68b19e445ac,Nuno Herlander Simões Espírito Santo,4141,L,False,15.689655172413794,18,78.87323943661971,11,15.492957746478874,28.571428571428573,18,25.35211267605634,6,2.7586206896551726,4,4,0,0.864549,22.9,2.6315789473684212,7,12,27,24,18.181818181818183,16.666666666666668,50.0,0.21613725,team_tactical_v1,OBSERVED_TACTICAL_FEATURE,False,5.921052631578948,10.131578947368421,64.07894736842105,18.94736842105263,62.5,0.39473684210526316,56.71052631578947,92.23684210526316,20.789473684210527,7.368421052631579,12.763157894736842,3.1578947368421053,25.394736842105264,25.13157894736842,1.0526315789473684,4.7368421052631575,25.13157894736842,89.21052631578948,2.763157894736842,26.57894736842105
2526,understat:28842,2025-10-04,chelsea,liverpool,H,mgr:dc01d928d84f,Enzo Maresca,4231,W,False,25.696202531645568,31,80.72289156626506,20,12.048192771084338,55.55555555555556,17,10.240963855421686,8,4.6835443037974684,9,12,2,1.23721,34.63298969072166,9.278350515463918,12,13,44,12,15.0,35.294117647058826,50.0,0.10310083333333332,team_tactical_v1,OBSERVED_TACTICAL_FEATURE,False,67.63157894736842,55.13157894736842,77.23684210526316,67.63157894736842,32.63157894736842,26.973684210526315,50.13157894736842,25.13157894736842,36.44736842105263,45.0,57.76315789473684,51.8421052631579,83.15789473684211,41.18421052631579,66.97368421052632,57.36842105263158,77.36842105263158,93.02631578947368,73.02631578947368,1.5789473684210527
2526,understat:28842,2025-10-04,liverpool,chelsea,A,mgr:328a5fafed26,Arne Slot,4231,L,False,19.9203187250996,34,82.45614035087719,11,9.649122807017545,60.0,18,15.789473684210526,8,3.718459495351925,10,12,1,2.05981,32.384375000000006,11.458333333333334,12,9,40,12,27.272727272727277,11.11111111111111,50.0,0.17165083333333334,team_tactical_v1,OBSERVED_TACTICAL_FEATURE,False,26.973684210526315,65.52631578947368,85.39473684210526,18.94736842105263,15.394736842105264,42.89473684210526,56.71052631578947,63.28947368421053,36.44736842105263,22.894736842105264,68.28947368421052,51.8421052631579,58.55263157894737,75.0,51.44736842105263,75.0,77.36842105263158,68.02631578947368,52.36842105263158,1.5789473684210527
2526,understat:28844,2025-10-04,leeds_united,tottenham_hotspur,H,mgr:fa5d385e34dc,Daniel Farke,433,L,False,24.066924066924063,44,72.14285714285714,21,15.0,71.42857142857143,14,10.0,15,4.118404118404119,14,16,1,1.48051,35.80194174757282,8.737864077669903,11,6,46,23,47.61904761904762,21.428571428571427,60.869565217391305,0.092531875,team_tactical_v1,OBSERVED_TACTICAL_FEATURE,False,57.89473684210526,83.8157894736842,19.736842105263158,72.23684210526316,58.026315789473685,81.97368421052632,31.31578947368421,23.157894736842106,87.5,32.63157894736842,90.52631578947368,80.92105263157895,58.55263157894737,54.473684210526315,76.3157894736842,52.5,69.86842105263158,31.57894736842105,82.63157894736842,23.94736842105263
2526,understat:28844,2025-10-04,tottenham_hotspur,leeds_united,A,mgr:1e78f2997997,Thomas Frank,4231,W,False,19.696969696969692,25,77.65957446808511,10,10.638297872340425,61.53846153846154,21,22.340425531914892,4,3.939393939393939,5,9,2,0.688198,34.04711538461538,7.6923076923076925,10,6,38,23,10.0,47.61904761904762,39.130434782608695,0.07646644444444445,team_tactical_v1,OBSERVED_TACTICAL_FEATURE,False,25.657894736842106,28.42105263157895,55.39473684210526,13.157894736842104,21.05263157894737,47.76315789473684,74.21052631578948,86.84210526315789,8.157894736842104,28.026315789473685,19.473684210526315,27.63157894736842,83.15789473684211,17.36842105263158,63.94736842105263,44.21052631578947,60.921052631578945,31.57894736842105,40.13157894736842,23.94736842105263
2526,understat:28845,2025-10-04,manchester_united,sunderland,H,mgr:662d1720cf8b,Ruben Filipe Marques Diogo Amorim,3421,W,False,18.455497382198956,24,71.7948717948718,7,5.982905982905983,54.166666666666664,24,20.512820512820515,12,4.973821989528796,11,15,2,1.9298,34.94607843137255,1.9607843137254901,10,10,43,34,71.42857142857143,29.166666666666668,41.1764705882353,0.12865333333333334,team_tactical_v1,OBSERVED_TACTICAL_FEATURE,False,18.94736842105263,26.05263157894737,18.157894736842106,5.394736842105263,2.1052631578947367,20.789473684210527,84.86842105263158,81.1842105263158,72.5,52.10526315789474,75.26315789473684,74.73684210526316,83.15789473684211,70.52631578947368,69.60526315789474,3.289473684210526,60.921052631578945,78.28947368421052,66.71052631578948,63.421052631578945
2526,understat:28845,2025-10-04,sunderland,manchester_united,A,mgr:1a031e232e88,Régis Le Bris,4231,L,False,19.367588932806324,28,83.63636363636364,20,18.181818181818183,64.28571428571429,21,19.09090909090909,8,2.766798418972332,6,8,0,0.807119,34.65137614678899,6.422018348623853,9,10,37,34,20.0,52.38095238095238,58.8235294117647,0.100889875,team_tactical_v1,OBSERVED_TACTICAL_FEATURE,False,23.68421052631579,41.973684210526315,89.86842105263158,67.63157894736842,81.97368421052632,59.3421052631579,74.21052631578948,77.89473684210526,36.44736842105263,7.5,24.736842105263158,20.92105263157895,25.394736842105264,22.63157894736842,67.23684210526316,31.44736842105263,49.3421052631579,78.28947368421052,35.13157894736842,63.421052631578945
2526,understat:28840,2025-10-05,aston_villa,burnley,H,mgr:dcdf2dffc0c2,Unai Emery,4222,W,False,16.329113924050635,27,69.14893617021276,11,11.702127659574469,65.38461538461539,21,22.340425531914892,16,4.556962025316456,13,15,2,1.73572,30.29677419354839,4.301075268817204,10,5,42,26,72.72727272727273,28.571428571428573,76.92307692307692,0.11571466666666666,team_tactical_v1,OBSERVED_TACTICAL_FEATURE,False,7.7631578947368425,37.10526315789474,9.210526315789474,18.94736842105263,29.736842105263158,63.55263157894737,74.21052631578948,86.84210526315789,89.86842105263158,42.63157894736842,87.36842105263158,74.73684210526316,83.15789473684211,64.21052631578948,33.28947368421053,13.157894736842104,60.921052631578945,19.736842105263158,61.578947368421055,35.526315789473685
2526,understat:28840,2025-10-05,burnley,aston_villa,A,mgr:c49e040048ca,Scott Parker,541,L,False,18.42105263157895,29,82.5,7,8.75,62.5,11,13.75,5,3.0701754385964914,4,5,1,0.502292,39.61473684210526,7.368421052631579,11,13,43,26,42.85714285714285,18.181818181818183,23.07692307692308,0.10045839999999999,team_tactical_v1,OBSERVED_TACTICAL_FEATURE,False,18.42105263157895,46.71052631578947,86.1842105263158,5.394736842105263,11.052631578947368,51.973684210526315,15.657894736842104,50.78947368421053,13.947368421052632,10.921052631578947,12.763157894736842,6.578947368421052,58.55263157894737,10.0,92.36842105263158,41.05263157894737,69.86842105263158,93.02631578947368,66.71052631578948,35.526315789473685
2526,understat:28841,2025-10-05,brentford,manchester_city,H,mgr:5f487ee40c90,Keith Andrews,532,L,False,19.720767888307154,23,76.81159420289855,14,20.28985507246377,66.66666666666667,11,15.942028985507246,2,3.141361256544503,4,6,0,0.693758,41.82289156626507,19.27710843373494,10,11,33,25,14.285714285714286,18.181818181818183,32.0,0.11562633333333333,team_tactical_v1,OBSERVED_TACTICAL_FEATURE,False,25.789473684210527,22.763157894736842,48.421052631578945,36.31578947368421,90.52631578947368,70.92105263157895,15.657894736842104,63.68421052631579,1.5789473684210527,12.105263157894736,12.763157894736842,10.394736842105264,25.394736842105264,17.763157894736842,96.44736842105263,97.23684210526316,60.921052631578945,84.07894736842105,17.763157894736842,31.57894736842105
2526,understat:28841,2025-10-05,manchester_city,brentford,A,mgr:26dfbbc164aa,Pep Guardiola,4141,W,False,23.864734299516908,46,80.35714285714286,9,4.017857142857143,66.66666666666667,27,12.053571428571429,10,2.898550724637681,10,10,1,1.09647,33.83529411764707,7.0588235294117645,10,6,41,25,22.22222222222222,37.03703703703704,68.0,0.10964700000000001,team_tactical_v1,OBSERVED_TACTICAL_FEATURE,False,56.31578947368421,86.97368421052632,73.6842105263158,10.394736842105264,0.7894736842105263,70.92105263157895,93.94736842105263,40.13157894736842,56.44736842105263,8.552631578947368,68.28947368421052,35.13157894736842,58.55263157894737,34.73684210526316,61.18421052631579,38.68421052631579,60.921052631578945,31.57894736842105,57.89473684210526,31.57894736842105
2526,understat:28843,2025-10-05,crystal_palace,everton,A,mgr:1058459b93f2,Oliver Glasner,3421,L,False,18.75776397515528,29,68.93203883495146,14,13.592233009708737,76.19047619047619,15,14.563106796116505,11,5.217391304347826,8,15,1,2.17789,30.298484848484847,6.0606060606060606,15,14,39,51,21.428571428571427,13.333333333333334,52.94117647058823,0.14519266666666666,team_tactical_v1,OBSERVED_TACTICAL_FEATURE,False,20.92105263157895,46.71052631578947,8.552631578947368,36.31578947368421,47.36842105263158,91.44736842105263,36.8421052631579,55.13157894736842,65.26315789473684,60.0,46.31578947368421,74.73684210526316,58.55263157894737,78.28947368421052,33.421052631578945,26.710526315789473,93.42105263157895,95.13157894736842,46.71052631578947,97.10526315789474
2526,understat:28843,2025-10-05,everton,crystal_palace,H,mgr:84316c036a2d,David Moyes,4231,W,False,21.92118226600985,34,76.92307692307692,19,14.615384615384615,76.19047619047619,22,16.923076923076923,13,5.0492610837438425,10,14,2,2.13876,31.99145299145299,6.837606837606837,10,11,43,51,31.57894736842105,27.272727272727277,47.05882352941177,0.15276857142857142,team_tactical_v1,OBSERVED_TACTICAL_FEATURE,False,43.1578947368421,65.52631578947368,49.3421052631579,62.10526315789474,54.60526315789474,91.44736842105263,78.8157894736842,68.8157894736842,77.76315789473684,54.473684210526315,68.28947368421052,67.63157894736842,83.15789473684211,77.23684210526316,46.973684210526315,35.78947368421053,60.921052631578945,84.07894736842105,66.71052631578948,97.10526315789474
2526,understat:28846,2025-10-05,newcastle_united,nottingham_forest,H,mgr:65451ab24622,Eddie Howe,433,W,False,30.69182389937107,53,76.74418604651163,26,15.116279069767442,72.41379310344827,14,8.13953488372093,14,6.037735849056604,15,18,2,3.81662,36.835869565217386,13.043478260869565,11,9,45,24,19.23076923076923,35.714285714285715,50.0,0.21203444444444444,team_tactical_v1,OBSERVED_TACTICAL_FEATURE,False,89.07894736842105,93.94736842105263,48.1578947368421,88.42105263157895,58.94736842105263,84.07894736842105,31.31578947368421,11.18421052631579,84.07894736842105,78.02631578947368,93.15789473684211,89.86842105263158,83.15789473684211,98.42105263157895,81.57894736842105,84.21052631578948,69.86842105263158,68.02631578947368,77.23684210526316,26.57894736842105
2526,understat:28846,2025-10-05,nottingham_forest,newcastle_united,A,mgr:baf747465a0d,Ange Postecoglou,343,L,False,15.728900255754477,23,90.625,14,14.583333333333334,37.5,18,18.75,9,3.452685421994885,4,5,0,0.337689,26.39310344827585,4.310344827586207,8,9,48,24,21.428571428571427,72.22222222222223,50.0,0.06753780000000001,team_tactical_v1,OBSERVED_TACTICAL_FEATURE,False,6.052631578947368,22.763157894736842,99.47368421052632,36.31578947368421,54.473684210526315,2.236842105263158,56.71052631578947,76.1842105263158,46.973684210526315,16.973684210526315,12.763157894736842,6.578947368421052,25.394736842105264,4.868421052631579,10.0,13.289473684210526,37.63157894736842,68.02631578947368,88.94736842105263,26.57894736842105
2526,understat:28847,2025-10-05,brighton,wolverhampton_wanderers,A,mgr:dfda8206a0e2,Fabian Hürzeler,4231,D,False,26.004728132387708,54,75.75757575757575,31,18.78787878787879,62.96296296296296,37,22.424242424242426,16,4.964539007092198,13,18,2,1.39158,36.18775510204081,11.224489795918368,10,9,43,27,41.935483870967744,21.62162162162162,44.44444444444444,0.07731,team_tactical_v1,OBSERVED_TACTICAL_FEATURE,False,69.21052631578948,94.47368421052632,40.39473684210526,94.47368421052632,84.73684210526316,52.36842105263158,99.73684210526316,86.97368421052632,89.86842105263158,51.8421052631579,87.36842105263158,89.86842105263158,83.15789473684211,50.13157894736842,77.76315789473684,73.42105263157895,60.921052631578945,68.02631578947368,66.71052631578948,38.68421052631579
2526,understat:28847,2025-10-05,wolverhampton_wanderers,brighton,H,mgr:807de4c745b0,Vítor Manuel de Oliveira Lopes Pereira,433,D,False,14.92753623188406,23,70.76923076923077,15,23.076923076923077,50.0,18,27.692307692307693,6,2.318840579710145,4,6,0,0.369404,30.01652173913044,6.086956521739131,14,9,45,27,20.0,33.333333333333336,55.55555555555556,0.061567333333333335,team_tactical_v1,OBSERVED_TACTICAL_FEATURE,False,4.473684210526316,22.763157894736842,13.81578947368421,41.71052631578947,98.02631578947368,13.947368421052632,56.71052631578947,95.26315789473684,20.789473684210527,3.1578947368421053,12.763157894736842,10.394736842105264,25.394736842105264,5.7894736842105265,30.263157894736842,26.973684210526315,90.13157894736842,68.02631578947368,77.23684210526316,38.68421052631579
2526,understat:28848,2025-10-18,brighton,newcastle_united,H,mgr:dfda8206a0e2,Fabian Hürzeler,4231,W,False,23.44173441734417,26,73.33333333333333,18,15.0,82.3529411764706,17,14.166666666666666,7,5.826558265582656,10,13,2,0.857104,38.18691588785046,13.08411214953271,14,5,40,29,22.22222222222222,64.70588235294117,55.172413793103445,0.06593107692307693,team_tactical_v1,OBSERVED_TACTICAL_FEATURE,False,53.55263157894737,33.1578947368421,25.92105263157895,57.89473684210526,58.026315789473685,97.10526315789474,50.13157894736842,53.421052631578945,29.07894736842105,73.6842105263158,68.28947368421052,58.421052631578945,83.15789473684211,25.0,88.02631578947368,84.34210526315789,90.13157894736842,19.736842105263158,52.36842105263158,45.526315789473685
2526,understat:28848,2025-10-18,newcastle_united,brighton,A,mgr:65451ab24622,Eddie Howe,433,L,False,23.345367027677497,34,65.16129032258064,24,15.483870967741936,69.23076923076923,29,18.70967741935484,17,5.29482551143201,11,16,1,1.28313,29.35698924731182,3.225806451612903,13,7,37,29,29.166666666666668,34.48275862068966,44.82758620689656,0.080195625,team_tactical_v1,OBSERVED_TACTICAL_FEATURE,False,52.76315789473684,65.52631578947368,2.763157894736842,81.84210526315789,62.36842105263158,76.3157894736842,96.84210526315789,76.05263157894737,92.23684210526316,61.8421052631579,75.26315789473684,80.92105263157895,58.55263157894737,44.078947368421055,25.0,7.631578947368421,84.34210526315789,44.21052631578947,35.13157894736842,45.526315789473685
2526,understat:28849,2025-10-18,burnley,leeds_united,H,mgr:c49e040048ca,Scott Parker,4231,W,False,14.833333333333334,15,77.41935483870968,7,11.290322580645162,57.142857142857146,12,19.35483870967742,3,1.0,3,4,2,0.509647,23.31693548387097,1.6129032258064515,8,17,30,42,14.285714285714286,16.666666666666668,40.47619047619048,0.12741175,team_tactical_v1,OBSERVED_TACTICAL_FEATURE,False,4.2105263157894735,4.7368421052631575,53.81578947368421,5.394736842105263,25.263157894736842,33.81578947368421,21.31578947368421,78.6842105263158,4.2105263157894735,0.13157894736842105,5.131578947368421,3.1578947368421053,83.15789473684211,10.526315789473685,1.7105263157894737,1.7105263157894737,37.63157894736842,98.94736842105263,7.7631578947368425,84.21052631578948
2526,understat:28849,2025-10-18,leeds_united,burnley,A,mgr:fa5d385e34dc,Daniel Farke,433,L,False,28.478964401294498,45,74.01960784313725,47,23.03921568627451,55.88235294117647,12,5.882352941176471,22,7.011866235167206,16,19,0,2.33152,40.861728395061725,16.049382716049383,6,12,33,42,38.297872340425535,50.0,59.523809523809526,0.12271157894736841,team_tactical_v1,OBSERVED_TACTICAL_FEATURE,False,82.36842105263158,85.52631578947368,28.81578947368421,99.60526315789474,97.63157894736842,27.36842105263158,21.31578947368421,2.5,98.6842105263158,90.13157894736842,95.52631578947368,91.57894736842105,25.394736842105264,82.63157894736842,95.13157894736842,92.89473684210526,15.657894736842104,89.21052631578948,17.763157894736842,84.21052631578948
2526,understat:28850,2025-10-18,bournemouth,crystal_palace,A,mgr:b4b8eecb310f,Andoni Iraola,4231,D,False,21.875,20,79.24528301886792,12,11.320754716981131,83.33333333333333,13,12.264150943396226,8,4.755434782608695,5,8,3,2.0471,29.03032786885246,10.655737704918034,7,12,34,54,16.666666666666668,46.15384615384615,40.74074074074074,0.2558875,team_tactical_v1,OBSERVED_TACTICAL_FEATURE,False,42.89473684210526,13.81578947368421,66.84210526315789,23.94736842105263,25.526315789473685,98.28947368421052,26.05263157894737,41.31578947368421,36.44736842105263,47.5,19.473684210526315,20.92105263157895,96.05263157894737,73.94736842105263,22.63157894736842,69.47368421052632,25.13157894736842,89.21052631578948,22.36842105263158,98.42105263157895
2526,understat:28850,2025-10-18,crystal_palace,bournemouth,H,mgr:1058459b93f2,Oliver Glasner,3421,D,False,27.74108322324967,29,69.56521739130434,19,13.768115942028986,64.51612903225806,20,14.492753623188406,17,8.718626155878468,12,20,3,4.56284,33.98034188034188,9.401709401709402,14,6,44,54,31.57894736842105,20.0,59.25925925925926,0.22814199999999998,team_tactical_v1,OBSERVED_TACTICAL_FEATURE,False,78.6842105263158,46.71052631578947,10.0,62.10526315789474,49.078947368421055,60.39473684210526,70.65789473684211,54.86842105263158,92.23684210526316,98.6842105263158,82.5,93.6842105263158,96.05263157894737,100.0,63.421052631578945,58.421052631578945,90.13157894736842,31.57894736842105,73.02631578947368,98.42105263157895
2526,understat:28851,2025-10-18,arsenal,fulham,A,mgr:5fdd2f365fdc,Mikel Arteta,433,W,False,31.13983548766157,57,78.1094527363184,24,11.940298507462687,44.44444444444444,15,7.462686567164179,21,7.403055229142185,13,16,1,2.07823,35.69239130434782,10.869565217391305,5,1,45,30,20.83333333333333,66.66666666666667,73.33333333333333,0.129889375,team_tactical_v1,OBSERVED_TACTICAL_FEATURE,False,90.26315789473684,96.44736842105263,58.68421052631579,81.84210526315789,32.10526315789474,5.526315789473684,36.8421052631579,7.631578947368421,97.76315789473684,93.15789473684211,87.36842105263158,80.92105263157895,58.55263157894737,75.39473684210526,75.39473684210526,71.3157894736842,7.631578947368421,0.6578947368421053,77.23684210526316,48.68421052631579
2526,understat:28851,2025-10-18,fulham,arsenal,H,mgr:d242da40969a,Marco Alexandre Saraiva da Silva,4231,L,False,17.22488038277512,20,75.64102564102564,18,23.076923076923077,56.25,10,12.820512820512821,7,4.465709728867624,8,9,0,0.502332,22.509803921568636,1.9607843137254901,13,7,33,30,11.11111111111111,60.0,26.666666666666668,0.055814666666666665,team_tactical_v1,OBSERVED_TACTICAL_FEATURE,False,10.789473684210526,13.81578947368421,39.60526315789474,57.89473684210526,98.02631578947368,29.605263157894736,11.447368421052632,45.78947368421053,29.07894736842105,39.73684210526316,46.31578947368421,27.63157894736842,25.394736842105264,10.131578947368421,0.7894736842105263,3.289473684210526,84.34210526315789,44.21052631578947,17.763157894736842,48.68421052631579
2526,understat:28853,2025-10-18,everton,manchester_city,A,mgr:84316c036a2d,David Moyes,4231,L,False,19.633943427620636,24,78.2051282051282,10,12.820512820512821,37.5,16,20.512820512820515,9,4.159733777038269,3,5,0,0.794622,26.77835051546392,3.0927835051546393,11,7,37,35,10.0,31.25,51.42857142857143,0.15892440000000002,team_tactical_v1,OBSERVED_TACTICAL_FEATURE,False,25.263157894736842,26.05263157894737,59.473684210526315,13.157894736842104,39.21052631578947,2.236842105263158,44.3421052631579,81.1842105263158,46.973684210526315,33.1578947368421,5.131578947368421,6.578947368421052,25.394736842105264,22.36842105263158,11.578947368421053,7.2368421052631575,69.86842105263158,44.21052631578947,35.13157894736842,66.84210526315789
2526,understat:28853,2025-10-18,manchester_city,everton,H,mgr:26dfbbc164aa,Pep Guardiola,4141,W,False,25.585754451733838,55,74.77477477477477,18,8.108108108108109,53.125,27,12.162162162162161,13,6.185567010309279,17,19,2,2.4799,35.30581395348837,9.30232558139535,9,5,35,35,27.77777777777778,55.55555555555556,48.57142857142857,0.13052105263157895,team_tactical_v1,OBSERVED_TACTICAL_FEATURE,False,67.10526315789474,95.0,34.73684210526316,57.89473684210526,8.157894736842104,17.105263157894736,93.94736842105263,40.6578947368421,77.76315789473684,80.0,96.97368421052632,91.57894736842105,83.15789473684211,86.71052631578948,72.89473684210526,57.5,49.3421052631579,19.736842105263158,26.57894736842105,66.84210526315789
2526,understat:28854,2025-10-18,chelsea,nottingham_forest,A,mgr:dc01d928d84f,Enzo Maresca,4231,W,True,20.801033591731265,33,72.72727272727273,9,8.181818181818182,57.69230769230769,25,22.727272727272727,10,3.488372093023256,12,17,3,2.5583,36.266,13.0,8,13,43,18,33.333333333333336,48.0,72.22222222222223,0.15048823529411764,team_tactical_v1,OBSERVED_TACTICAL_FEATURE,False,36.05263157894737,62.63157894736842,23.157894736842106,10.394736842105264,8.552631578947368,34.21052631578947,89.21052631578948,87.5,56.44736842105263,18.026315789473685,82.5,85.92105263157895,96.05263157894737,88.55263157894737,78.42105263157895,84.07894736842105,37.63157894736842,93.02631578947368,66.71052631578948,10.263157894736842
2526,understat:28854,2025-10-18,nottingham_forest,chelsea,H,mgr:baf747465a0d,Ange Postecoglou,532,L,False,23.41001353179973,26,79.41176470588235,23,16.91176470588235,65.0,19,13.970588235294118,14,4.194857916102841,9,12,0,2.0555,37.214457831325305,12.048192771084338,10,9,36,18,21.73913043478261,42.10526315789474,27.77777777777778,0.17129166666666665,team_tactical_v1,OBSERVED_TACTICAL_FEATURE,False,53.421052631578945,33.1578947368421,67.76315789473684,79.60526315789474,74.34210526315789,62.5,63.55263157894737,51.973684210526315,84.07894736842105,34.078947368421055,57.76315789473684,51.8421052631579,25.394736842105264,74.47368421052632,83.55263157894737,78.55263157894737,60.921052631578945,68.02631578947368,31.18421052631579,10.263157894736842
2526,understat:28855,2025-10-18,sunderland,wolverhampton_wanderers,H,mgr:1a031e232e88,Régis Le Bris,4231,W,False,21.15085536547434,19,76.84210526315789,12,12.631578947368421,71.42857142857143,18,18.94736842105263,9,5.132192846034215,7,8,1,1.02481,25.054545454545465,4.040404040404041,9,7,34,59,25.0,44.44444444444444,44.067796610169495,0.12810125,team_tactical_v1,OBSERVED_TACTICAL_FEATURE,False,38.1578947368421,11.842105263157896,48.81578947368421,23.94736842105263,37.36842105263158,81.97368421052632,56.71052631578947,77.23684210526316,46.973684210526315,56.71052631578947,35.6578947368421,20.92105263157895,58.55263157894737,32.23684210526316,5.131578947368421,11.973684210526315,49.3421052631579,44.21052631578947,22.36842105263158,98.94736842105263
2526,understat:28855,2025-10-18,wolverhampton_wanderers,sunderland,A,mgr:807de4c745b0,Vítor Manuel de Oliveira Lopes Pereira,433,L,False,26.33495145631068,39,82.20858895705521,31,19.01840490797546,73.91304347826087,18,11.042944785276074,14,6.553398058252427,10,17,1,0.676323,36.21057692307692,12.5,12,8,34,59,35.483870967741936,38.888888888888886,55.932203389830505,0.03978370588235294,team_tactical_v1,OBSERVED_TACTICAL_FEATURE,False,70.78947368421052,76.44736842105263,84.47368421052632,94.47368421052632,86.44736842105263,87.23684210526316,56.71052631578947,31.842105263157894,84.07894736842105,85.0,68.28947368421052,85.92105263157895,58.55263157894737,16.842105263157894,78.15789473684211,81.84210526315789,77.36842105263158,55.39473684210526,22.36842105263158,98.94736842105263
2526,understat:28852,2025-10-19,liverpool,manchester_united,H,mgr:328a5fafed26,Arne Slot,4231,L,False,31.1377245508982,45,76.0204081632653,48,24.489795918367346,59.375,14,7.142857142857143,17,8.502994011976048,18,19,1,2.60972,33.458749999999995,6.25,7,5,29,39,18.75,28.571428571428573,53.84615384615385,0.1373536842105263,team_tactical_v1,OBSERVED_TACTICAL_FEATURE,False,90.13157894736842,85.52631578947368,42.5,99.73684210526316,99.47368421052632,38.68421052631579,31.31578947368421,6.973684210526316,92.23684210526316,98.02631578947368,98.28947368421052,91.57894736842105,58.55263157894737,89.34210526315789,58.55263157894737,29.210526315789473,25.13157894736842,19.736842105263158,5.131578947368421,78.6842105263158
2526,understat:28852,2025-10-19,manchester_united,liverpool,A,mgr:662d1720cf8b,Ruben Filipe Marques Diogo Amorim,3421,W,False,20.64516129032258,26,80.21978021978022,12,13.186813186813186,55.0,10,10.989010989010989,11,4.032258064516129,9,12,2,2.53117,22.02735849056604,0.9433962264150944,9,6,30,39,33.333333333333336,40.0,46.15384615384615,0.21093083333333332,team_tactical_v1,OBSERVED_TACTICAL_FEATURE,False,34.86842105263158,33.1578947368421,73.15789473684211,23.94736842105263,43.421052631578945,23.94736842105263,11.447368421052632,31.18421052631579,65.26315789473684,30.789473684210527,57.76315789473684,51.8421052631579,83.15789473684211,88.02631578947368,0.6578947368421053,0.5263157894736842,49.3421052631579,31.57894736842105,7.7631578947368425,78.6842105263158
2526,understat:28856,2025-10-19,aston_villa,tottenham_hotspur,A,mgr:dcdf2dffc0c2,Unai Emery,4231,W,False,20.673813169984687,24,83.33333333333333,16,17.77777777777778,54.54545454545455,20,22.22222222222222,5,2.756508422664625,5,8,2,0.352231,29.152040816326533,9.183673469387756,15,2,34,24,0.0,35.0,54.16666666666666,0.044028875,team_tactical_v1,OBSERVED_TACTICAL_FEATURE,False,35.26315789473684,26.05263157894737,88.8157894736842,46.973684210526315,78.55263157894737,23.42105263157895,70.65789473684211,86.44736842105263,13.947368421052632,7.2368421052631575,19.473684210526315,20.92105263157895,83.15789473684211,5.131578947368421,23.81578947368421,56.05263157894737,93.42105263157895,2.236842105263158,22.36842105263158,26.57894736842105
2526,understat:28856,2025-10-19,tottenham_hotspur,aston_villa,H,mgr:1e78f2997997,Thomas Frank,4231,L,False,25.140449438202246,32,81.14754098360656,22,18.0327868852459,72.22222222222223,22,18.0327868852459,9,5.898876404494382,9,10,1,1.51461,33.48878504672897,8.411214953271028,15,6,41,24,22.727272727272727,22.727272727272727,45.833333333333336,0.151461,team_tactical_v1,OBSERVED_TACTICAL_FEATURE,False,64.86842105263158,59.3421052631579,79.47368421052632,76.71052631578948,80.39473684210526,83.8157894736842,78.8157894736842,72.89473684210526,46.973684210526315,75.0,57.76315789473684,35.13157894736842,58.55263157894737,55.6578947368421,58.94736842105263,50.921052631578945,93.42105263157895,31.57894736842105,57.89473684210526,26.57894736842105
2526,understat:28857,2025-10-20,brentford,west_ham,A,mgr:5f487ee40c90,Keith Andrews,4231,W,False,25.79415501905972,30,72.02797202797203,24,16.783216783216783,56.41025641025641,19,13.286713286713287,24,8.640406607369759,20,22,2,3.46635,32.53368421052632,6.315789473684211,8,7,39,50,54.16666666666666,31.57894736842105,70.0,0.15756136363636364,team_tactical_v1,OBSERVED_TACTICAL_FEATURE,False,68.15789473684211,51.31578947368421,19.07894736842105,81.84210526315789,73.42105263157895,29.736842105263158,63.55263157894737,48.026315789473685,99.60526315789474,98.28947368421052,98.94736842105263,97.10526315789474,83.15789473684211,96.84210526315789,52.36842105263158,29.736842105263158,37.63157894736842,44.21052631578947,46.71052631578947,96.05263157894737
2526,understat:28857,2025-10-20,west_ham,brentford,H,mgr:b68b19e445ac,Nuno Herlander Simões Espírito Santo,4231,L,False,18.992805755395683,17,77.55102040816327,20,20.408163265306122,80.0,10,10.204081632653061,6,2.8776978417266186,4,7,0,0.260251,26.79183673469388,7.142857142857143,12,2,35,50,10.0,20.0,30.0,0.03717871428571429,team_tactical_v1,OBSERVED_TACTICAL_FEATURE,False,22.236842105263158,8.026315789473685,54.60526315789474,67.63157894736842,91.05263157894737,95.78947368421052,11.447368421052632,24.736842105263158,20.789473684210527,8.421052631578947,12.763157894736842,16.18421052631579,25.394736842105264,2.8947368421052633,11.842105263157896,39.60526315789474,77.36842105263158,2.236842105263158,26.57894736842105,96.05263157894737
2526,understat:28864,2025-10-24,leeds_united,west_ham,H,mgr:fa5d385e34dc,Daniel Farke,433,W,False,13.037249283667622,17,74.60317460317461,11,17.46031746031746,63.1578947368421,10,15.873015873015873,5,2.292263610315186,9,13,2,2.2214,30.52672413793104,5.172413793103448,13,12,37,41,45.45454545454545,50.0,36.58536585365854,0.1708769230769231,team_tactical_v1,OBSERVED_TACTICAL_FEATURE,False,2.3684210526315788,8.026315789473685,33.81578947368421,18.94736842105263,77.5,54.078947368421055,11.447368421052632,63.55263157894737,13.947368421052632,2.8947368421052633,57.76315789473684,58.421052631578945,83.15789473684211,79.21052631578948,36.578947368421055,20.0,84.34210526315789,89.21052631578948,35.13157894736842,82.10526315789474
2526,understat:28864,2025-10-24,west_ham,leeds_united,A,mgr:b68b19e445ac,Nuno Herlander Simões Espírito Santo,343,L,False,23.63420427553444,32,78.91156462585035,23,15.646258503401361,66.66666666666667,17,11.564625850340136,7,1.9002375296912115,7,9,1,0.498653,39.79358974358975,10.256410256410257,6,4,46,41,13.043478260869565,35.294117647058826,63.41463414634146,0.05540588888888889,team_tactical_v1,OBSERVED_TACTICAL_FEATURE,False,54.73684210526316,59.3421052631579,64.86842105263158,79.60526315789474,63.421052631578945,70.92105263157895,50.13157894736842,35.78947368421053,29.07894736842105,1.5789473684210527,35.6578947368421,27.63157894736842,58.55263157894737,9.868421052631579,92.89473684210526,66.05263157894737,15.657894736842104,12.368421052631579,82.63157894736842,82.10526315789474
2526,understat:28861,2025-10-25,brentford,liverpool,H,mgr:5f487ee40c90,Keith Andrews,4231,W,False,29.85074626865672,15,73.01587301587301,19,15.079365079365079,61.53846153846154,24,19.047619047619047,14,8.35820895522388,11,17,3,3.27126,31.05526315789474,8.771929824561404,9,14,48,53,31.57894736842105,29.166666666666668,50.943396226415096,0.1924270588235294,team_tactical_v1,OBSERVED_TACTICAL_FEATURE,False,86.97368421052632,4.7368421052631575,24.605263157894736,62.10526315789474,58.421052631578945,47.76315789473684,84.86842105263158,77.76315789473684,84.07894736842105,97.36842105263158,75.26315789473684,85.92105263157895,96.05263157894737,95.39473684210526,40.39473684210526,53.026315789473685,49.3421052631579,95.13157894736842,88.94736842105263,97.89473684210526
2526,understat:28861,2025-10-25,liverpool,brentford,A,mgr:328a5fafed26,Arne Slot,4231,L,False,26.701570680628272,52,71.4975845410628,21,10.144927536231885,70.37037037037037,22,10.628019323671497,20,5.130890052356021,11,18,2,2.11838,29.812280701754386,6.140350877192983,12,4,44,53,33.333333333333336,40.90909090909091,49.0566037735849,0.11768777777777778,team_tactical_v1,OBSERVED_TACTICAL_FEATURE,False,73.42105263157895,92.89473684210526,16.18421052631579,72.23684210526316,18.42105263157895,78.28947368421052,78.8157894736842,28.289473684210527,97.10526315789474,56.578947368421055,75.26315789473684,89.86842105263158,83.15789473684211,76.44736842105263,28.026315789473685,27.63157894736842,77.36842105263158,12.368421052631579,73.02631578947368,97.89473684210526
2526,understat:28862,2025-10-25,chelsea,sunderland,H,mgr:dc01d928d84f,Enzo Maresca,4231,L,False,27.578718783930512,46,74.5,29,14.5,66.66666666666667,18,9.0,10,5.10314875135722,14,16,1,1.21332,29.858666666666668,8.0,8,3,41,25,13.79310344827586,50.0,40.0,0.0758325,team_tactical_v1,OBSERVED_TACTICAL_FEATURE,False,77.63157894736842,86.97368421052632,32.89473684210526,92.23684210526316,53.81578947368421,70.92105263157895,56.71052631578947,15.789473684210526,56.44736842105263,55.78947368421053,90.52631578947368,80.92105263157895,58.55263157894737,40.13157894736842,28.94736842105263,47.63157894736842,37.63157894736842,6.315789473684211,57.89473684210526,31.57894736842105
2526,understat:28862,2025-10-25,sunderland,chelsea,A,mgr:1a031e232e88,Régis Le Bris,541,W,False,20.869565217391305,31,75.67567567567568,9,12.162162162162161,61.53846153846154,13,17.56756756756757,10,4.3478260869565215,6,10,2,1.5506,27.61847826086957,9.782608695652174,8,8,32,25,11.11111111111111,30.76923076923077,60.0,0.15506,team_tactical_v1,OBSERVED_TACTICAL_FEATURE,False,36.71052631578947,55.13157894736842,39.73684210526316,10.394736842105264,33.55263157894737,47.76315789473684,26.05263157894737,71.3157894736842,56.44736842105263,37.10526315789474,24.736842105263158,35.13157894736842,83.15789473684211,57.23684210526316,15.526315789473685,62.10526315789474,37.63157894736842,55.39473684210526,14.342105263157896,31.57894736842105
2526,understat:28865,2025-10-25,brighton,manchester_united,A,mgr:dfda8206a0e2,Fabian Hürzeler,4231,L,False,18.002195389681667,30,70.58823529411765,17,14.285714285714286,64.28571428571429,26,21.84873949579832,8,3.18331503841932,13,17,2,0.947154,36.425,8.928571428571429,12,12,60,33,29.41176470588235,65.38461538461539,54.54545454545455,0.05571494117647059,team_tactical_v1,OBSERVED_TACTICAL_FEATURE,False,15.131578947368421,51.31578947368421,13.157894736842104,51.973684210526315,52.23684210526316,59.3421052631579,91.44736842105263,85.13157894736842,36.44736842105263,12.894736842105264,87.36842105263158,85.92105263157895,83.15789473684211,28.55263157894737,79.47368421052632,54.473684210526315,77.36842105263158,89.21052631578948,99.73684210526316,59.21052631578947
2526,understat:28865,2025-10-25,manchester_united,brighton,H,mgr:662d1720cf8b,Ruben Filipe Marques Diogo Amorim,3421,W,False,26.38888888888889,26,74.66666666666667,9,6.0,82.6086956521739,24,16.0,10,3.0303030303030303,12,13,4,1.96231,40.5728813559322,17.796610169491526,13,14,53,33,11.11111111111111,54.16666666666666,45.45454545454545,0.1509469230769231,team_tactical_v1,OBSERVED_TACTICAL_FEATURE,False,71.1842105263158,33.1578947368421,34.473684210526315,10.394736842105264,2.236842105263158,97.36842105263158,84.86842105263158,64.21052631578948,56.44736842105263,10.394736842105264,82.5,58.421052631578945,99.34210526315789,71.84210526315789,94.34210526315789,95.65789473684211,84.34210526315789,95.13157894736842,96.44736842105263,59.21052631578947
2526,understat:28866,2025-10-25,fulham,newcastle_united,A,mgr:d242da40969a,Marco Alexandre Saraiva da Silva,4231,L,False,18.882978723404257,33,76.41509433962264,13,12.264150943396226,61.111111111111114,15,14.150943396226415,3,4.388297872340425,7,12,1,1.52001,30.833673469387755,7.142857142857143,11,9,43,25,7.6923076923076925,33.333333333333336,44.0,0.12666750000000002,team_tactical_v1,OBSERVED_TACTICAL_FEATURE,False,21.57894736842105,62.63157894736842,46.18421052631579,30.13157894736842,33.94736842105263,45.6578947368421,36.8421052631579,53.1578947368421,4.2105263157894735,38.421052631578945,35.6578947368421,51.8421052631579,58.55263157894737,55.921052631578945,38.94736842105263,39.60526315789474,69.86842105263158,68.02631578947368,66.71052631578948,31.57894736842105
2526,understat:28866,2025-10-25,newcastle_united,fulham,H,mgr:65451ab24622,Eddie Howe,433,W,False,24.904701397712834,34,72.46376811594203,19,13.768115942028986,58.62068965517241,19,13.768115942028986,12,5.717916137229987,14,18,2,2.76806,38.81530612244897,10.204081632653061,9,7,46,25,31.57894736842105,31.57894736842105,56.0,0.15378111111111112,team_tactical_v1,OBSERVED_TACTICAL_FEATURE,False,63.68421052631579,65.52631578947368,21.44736842105263,62.10526315789474,49.078947368421055,36.71052631578947,63.55263157894737,51.18421052631579,72.5,70.92105263157895,90.52631578947368,89.86842105263158,83.15789473684211,91.1842105263158,89.73684210526316,65.26315789473684,49.3421052631579,44.21052631578947,82.63157894736842,31.57894736842105
2526,understat:28858,2025-10-26,bournemouth,nottingham_forest,H,mgr:b4b8eecb310f,Andoni Iraola,4231,W,False,23.03664921465969,30,77.51937984496124,10,7.751937984496124,63.1578947368421,17,13.178294573643411,11,3.0104712041884816,8,13,2,0.656601,35.91630434782609,10.869565217391305,7,12,44,37,20.0,41.1764705882353,45.94594594594594,0.05050776923076923,team_tactical_v1,OBSERVED_TACTICAL_FEATURE,False,50.921052631578945,51.31578947368421,54.21052631578947,13.157894736842104,6.447368421052632,54.078947368421055,50.13157894736842,47.5,65.26315789473684,9.868421052631579,46.31578947368421,58.421052631578945,83.15789473684211,15.921052631578947,76.84210526315789,71.3157894736842,25.13157894736842,89.21052631578948,73.02631578947368,73.94736842105263
2526,understat:28858,2025-10-26,nottingham_forest,bournemouth,A,mgr:224591e666ec,Sean Dyche,4231,L,False,20.084865629420086,33,81.55339805825243,13,12.62135922330097,57.142857142857146,9,8.737864077669903,7,1.8387553041018387,7,8,0,0.305493,31.214583333333337,5.208333333333333,10,9,43,37,23.07692307692308,22.22222222222222,54.054054054054056,0.038186625,team_tactical_v1,OBSERVED_TACTICAL_FEATURE,False,29.736842105263158,62.63157894736842,80.92105263157895,30.13157894736842,36.973684210526315,33.81578947368421,6.578947368421052,14.342105263157896,29.07894736842105,1.3157894736842106,35.6578947368421,20.92105263157895,25.394736842105264,3.9473684210526314,41.71052631578947,20.263157894736842,60.921052631578945,68.02631578947368,66.71052631578948,73.94736842105263
2526,understat:28859,2025-10-26,arsenal,crystal_palace,H,mgr:5fdd2f365fdc,Mikel Arteta,433,W,False,21.197604790419163,45,73.94957983193277,10,8.403361344537815,66.66666666666667,15,12.605042016806722,8,4.6706586826347305,7,10,1,0.856175,32.51595744680851,9.574468085106384,7,6,37,37,40.0,33.333333333333336,56.75675675675676,0.0856175,team_tactical_v1,OBSERVED_TACTICAL_FEATURE,False,38.28947368421053,85.52631578947368,28.55263157894737,13.157894736842104,9.210526315789474,70.92105263157895,36.8421052631579,44.078947368421055,36.44736842105263,44.60526315789474,35.6578947368421,35.13157894736842,58.55263157894737,24.86842105263158,52.23684210526316,59.73684210526316,25.13157894736842,31.57894736842105,35.13157894736842,73.94736842105263
2526,understat:28859,2025-10-26,crystal_palace,arsenal,A,mgr:1058459b93f2,Oliver Glasner,3421,L,False,18.34862385321101,20,67.05882352941177,10,11.764705882352942,63.63636363636363,7,8.235294117647058,5,3.82262996941896,4,7,0,0.350534,29.133333333333333,5.128205128205129,9,12,39,37,30.0,57.142857142857146,43.24324324324324,0.05007628571428572,team_tactical_v1,OBSERVED_TACTICAL_FEATURE,False,17.63157894736842,13.81578947368421,5.131578947368421,13.157894736842104,30.526315789473685,56.71052631578947,2.763157894736842,11.973684210526315,13.947368421052632,24.736842105263158,12.763157894736842,16.18421052631579,25.394736842105264,5.0,23.157894736842106,19.342105263157894,49.3421052631579,89.21052631578948,46.71052631578947,73.94736842105263
2526,understat:28860,2025-10-26,aston_villa,manchester_city,H,mgr:dcdf2dffc0c2,Unai Emery,4231,W,False,15.98360655737705,23,81.60919540229885,12,13.793103448275861,60.0,17,19.54022988505747,8,4.781420765027322,6,9,1,0.843906,24.60375,5.0,11,7,29,16,25.0,35.294117647058826,18.75,0.09376733333333334,team_tactical_v1,OBSERVED_TACTICAL_FEATURE,False,7.105263157894737,22.763157894736842,81.1842105263158,23.94736842105263,49.473684210526315,42.89473684210526,50.13157894736842,79.34210526315789,36.44736842105263,48.026315789473685,24.736842105263158,27.63157894736842,58.55263157894737,24.605263157894736,3.6842105263157894,17.763157894736842,69.86842105263158,44.21052631578947,5.131578947368421,6.842105263157895
2526,understat:28860,2025-10-26,manchester_city,aston_villa,A,mgr:26dfbbc164aa,Pep Guardiola,4141,L,False,32.868020304568525,44,70.47619047619048,21,10.0,61.29032258064516,20,9.523809523809524,16,7.106598984771574,14,18,0,1.36914,34.89545454545455,14.772727272727273,8,11,40,16,33.333333333333336,30.0,81.25,0.07606333333333333,team_tactical_v1,OBSERVED_TACTICAL_FEATURE,False,93.42105263157895,83.8157894736842,12.894736842105264,72.23684210526316,17.63157894736842,45.921052631578945,70.65789473684211,19.605263157894736,89.86842105263158,90.78947368421052,90.52631578947368,89.86842105263158,25.394736842105264,49.078947368421055,69.34210526315789,90.13157894736842,37.63157894736842,84.07894736842105,52.36842105263158,6.842105263157895
2526,understat:28863,2025-10-26,everton,tottenham_hotspur,H,mgr:84316c036a2d,David Moyes,4231,L,False,33.11345646437995,34,76.04166666666667,33,17.1875,60.0,23,11.979166666666666,10,5.936675461741425,9,12,0,1.4032,33.48041237113402,10.309278350515465,10,6,41,30,9.090909090909092,34.78260869565217,63.333333333333336,0.11693333333333333,team_tactical_v1,OBSERVED_TACTICAL_FEATURE,False,93.8157894736842,65.52631578947368,42.76315789473684,95.78947368421052,76.1842105263158,42.89473684210526,82.89473684210526,39.60526315789474,56.44736842105263,75.65789473684211,57.76315789473684,51.8421052631579,25.394736842105264,50.526315789473685,58.68421052631579,66.3157894736842,60.921052631578945,31.57894736842105,57.89473684210526,48.68421052631579
2526,understat:28863,2025-10-26,tottenham_hotspur,everton,A,mgr:1e78f2997997,Thomas Frank,4231,W,False,18.231292517006803,15,73.86363636363636,15,17.045454545454547,81.81818181818181,21,23.863636363636363,6,3.945578231292517,4,7,3,2.09327,23.58425196850393,0.7874015748031497,11,6,40,30,26.666666666666668,38.095238095238095,36.66666666666666,0.29903857142857143,team_tactical_v1,OBSERVED_TACTICAL_FEATURE,False,16.973684210526315,4.7368421052631575,28.157894736842106,41.71052631578947,75.0,96.84210526315789,74.21052631578948,90.0,20.789473684210527,28.157894736842106,12.763157894736842,16.18421052631579,96.05263157894737,75.65789473684211,2.1052631578947367,0.13157894736842105,69.86842105263158,31.57894736842105,52.36842105263158,48.68421052631579
2526,understat:28867,2025-10-26,burnley,wolverhampton_wanderers,A,mgr:c49e040048ca,Scott Parker,4231,W,False,19.77715877437326,28,74.19354838709677,10,10.75268817204301,82.3529411764706,13,13.978494623655914,11,4.03899721448468,7,11,3,1.54544,26.596261682242982,6.542056074766355,8,5,26,39,10.0,23.07692307692308,46.15384615384615,0.14049454545454546,team_tactical_v1,OBSERVED_TACTICAL_FEATURE,False,26.18421052631579,41.973684210526315,29.86842105263158,13.157894736842104,21.710526315789473,97.10526315789474,26.05263157894737,52.10526315789474,65.26315789473684,31.05263157894737,35.6578947368421,44.3421052631579,96.05263157894737,56.578947368421055,10.789473684210526,32.5,37.63157894736842,19.736842105263158,1.9736842105263157,78.6842105263158
2526,understat:28867,2025-10-26,wolverhampton_wanderers,burnley,H,mgr:807de4c745b0,Vítor Manuel de Oliveira Lopes Pereira,433,L,False,28.80755608028335,48,80.64516129032258,44,23.655913978494624,62.5,16,8.602150537634408,16,5.076741440377804,9,15,2,2.58132,36.63232323232322,8.080808080808081,6,9,42,39,27.272727272727277,43.75,53.84615384615385,0.172088,team_tactical_v1,OBSERVED_TACTICAL_FEATURE,False,83.55263157894737,88.8157894736842,76.71052631578948,99.34210526315789,98.6842105263158,51.973684210526315,44.3421052631579,13.421052631578947,89.86842105263158,55.39473684210526,57.76315789473684,74.73684210526316,83.15789473684211,88.8157894736842,80.39473684210526,48.68421052631579,15.657894736842104,68.02631578947368,61.578947368421055,78.6842105263158
2526,understat:28868,2025-11-01,brighton,leeds_united,H,mgr:dfda8206a0e2,Fabian Hürzeler,4231,W,False,20.02617801047121,34,68.0,10,10.0,80.95238095238095,12,12.0,5,4.319371727748691,9,14,3,2.64127,38.60975609756099,18.29268292682927,15,3,35,19,20.0,75.0,47.36842105263158,0.18866214285714286,team_tactical_v1,OBSERVED_TACTICAL_FEATURE,False,28.289473684210527,65.52631578947368,6.447368421052632,13.157894736842104,17.63157894736842,96.05263157894737,21.31578947368421,40.0,13.947368421052632,36.8421052631579,57.76315789473684,67.63157894736842,96.05263157894737,89.73684210526316,88.6842105263158,96.3157894736842,93.42105263157895,6.315789473684211,26.57894736842105,12.894736842105264
2526,understat:28868,2025-11-01,leeds_united,brighton,A,mgr:fa5d385e34dc,Daniel Farke,4141,L,False,17.015706806282722,22,73.40425531914893,19,20.21276595744681,62.5,28,29.78723404255319,6,3.6649214659685865,4,5,0,0.35919,32.23472222222222,6.944444444444445,8,6,32,19,21.05263157894737,39.285714285714285,52.63157894736842,0.071838,team_tactical_v1,OBSERVED_TACTICAL_FEATURE,False,9.736842105263158,18.42105263157895,26.18421052631579,62.10526315789474,90.13157894736842,51.973684210526315,95.52631578947368,96.84210526315789,20.789473684210527,21.57894736842105,12.763157894736842,6.578947368421052,25.394736842105264,5.526315789473684,49.078947368421055,37.5,37.63157894736842,31.57894736842105,14.342105263157896,12.894736842105264
2526,understat:28869,2025-11-01,arsenal,burnley,A,mgr:5fdd2f365fdc,Mikel Arteta,433,W,False,20.251572327044027,29,75.42372881355932,14,11.864406779661017,75.0,15,12.711864406779661,7,4.528301886792453,10,12,2,2.51649,31.38952380952381,7.619047619047619,7,6,39,32,28.571428571428573,33.333333333333336,50.0,0.20970750000000002,team_tactical_v1,OBSERVED_TACTICAL_FEATURE,False,31.710526315789473,46.71052631578947,38.026315789473685,36.31578947368421,31.18421052631579,90.78947368421052,36.8421052631579,44.86842105263158,29.07894736842105,41.71052631578947,68.28947368421052,51.8421052631579,83.15789473684211,87.5,43.28947368421053,42.89473684210526,25.13157894736842,31.57894736842105,46.71052631578947,55.78947368421053
2526,understat:28869,2025-11-01,burnley,arsenal,H,mgr:c49e040048ca,Scott Parker,541,L,False,21.306818181818183,41,78.89908256880734,13,11.926605504587156,75.0,15,13.761467889908257,4,2.840909090909091,1,3,0,0.679177,33.84390243902439,8.536585365853659,9,7,29,32,7.6923076923076925,40.0,50.0,0.22639233333333333,team_tactical_v1,OBSERVED_TACTICAL_FEATURE,False,39.473684210526315,80.0,64.47368421052632,30.13157894736842,31.842105263157894,90.78947368421052,36.8421052631579,51.05263157894737,8.157894736842104,8.157894736842104,0.39473684210526316,1.5789473684210527,25.394736842105264,17.236842105263158,61.44736842105263,51.44736842105263,49.3421052631579,44.21052631578947,5.131578947368421,55.78947368421053
2526,understat:28870,2025-11-01,brentford,crystal_palace,A,mgr:5f487ee40c90,Keith Andrews,4231,L,False,18.08252427184466,27,78.94736842105263,17,17.894736842105264,87.5,16,16.842105263157894,11,3.2766990291262137,3,7,1,0.820498,29.37747747747748,5.405405405405405,11,4,49,41,5.882352941176471,37.5,60.97560975609756,0.117214,team_tactical_v1,OBSERVED_TACTICAL_FEATURE,False,15.526315789473685,37.10526315789474,65.26315789473684,51.973684210526315,79.47368421052632,98.94736842105263,44.3421052631579,68.42105263157895,65.26315789473684,13.81578947368421,5.131578947368421,16.18421052631579,58.55263157894737,23.289473684210527,25.657894736842106,21.57894736842105,69.86842105263158,12.368421052631579,90.78947368421052,82.10526315789474
2526,understat:28870,2025-11-01,crystal_palace,brentford,H,mgr:1058459b93f2,Oliver Glasner,3421,W,False,23.7347294938918,20,78.65168539325843,17,19.10112359550562,69.23076923076923,9,10.112359550561798,10,6.108202443280978,4,10,1,0.734558,32.75825242718446,6.796116504854369,7,12,41,41,11.764705882352942,22.22222222222222,39.02439024390244,0.0734558,team_tactical_v1,OBSERVED_TACTICAL_FEATURE,False,55.6578947368421,13.81578947368421,62.10526315789474,51.973684210526315,86.71052631578948,76.3157894736842,6.578947368421052,23.94736842105263,56.44736842105263,78.94736842105263,12.763157894736842,35.13157894736842,58.55263157894737,19.86842105263158,53.1578947368421,35.0,25.13157894736842,89.21052631578948,57.89473684210526,82.10526315789474
2526,understat:28871,2025-11-01,fulham,wolverhampton_wanderers,H,mgr:d242da40969a,Marco Alexandre Saraiva da Silva,4231,W,False,26.006904487917147,40,74.30167597765363,21,11.731843575418994,66.66666666666667,19,10.614525139664805,13,5.638665132336018,16,19,2,1.91207,28.532894736842103,5.2631578947368425,2,4,38,28,28.571428571428573,36.8421052631579,50.0,0.10063526315789473,team_tactical_v1,OBSERVED_TACTICAL_FEATURE,False,69.34210526315789,78.02631578947368,30.92105263157895,72.23684210526316,30.13157894736842,70.92105263157895,63.55263157894737,28.157894736842106,77.76315789473684,69.60526315789474,95.52631578947368,91.57894736842105,83.15789473684211,70.0,19.605263157894736,21.05263157894737,0.6578947368421053,12.368421052631579,40.13157894736842,42.36842105263158
2526,understat:28871,2025-11-01,wolverhampton_wanderers,fulham,A,mgr:807de4c745b0,Vítor Manuel de Oliveira Lopes Pereira,532,L,True,23.452768729641694,30,84.70588235294117,16,18.823529411764707,44.44444444444444,6,7.0588235294117645,5,4.234527687296417,4,6,1,0.209934,32.44,14.0,12,10,32,28,25.0,33.333333333333336,50.0,0.034989,team_tactical_v1,OBSERVED_TACTICAL_FEATURE,False,53.68421052631579,51.31578947368421,93.94736842105263,46.973684210526315,84.86842105263158,5.526315789473684,1.4473684210526316,6.052631578947368,13.947368421052632,35.39473684210526,12.763157894736842,10.394736842105264,58.55263157894737,1.9736842105263157,51.8421052631579,87.63157894736842,77.36842105263158,78.28947368421052,14.342105263157896,42.36842105263158
2526,understat:28872,2025-11-01,aston_villa,liverpool,A,mgr:dcdf2dffc0c2,Unai Emery,4231,L,False,20.75187969924812,29,77.14285714285714,18,17.142857142857142,60.0,11,10.476190476190476,11,4.360902255639098,10,10,0,0.43502,27.975,5.2631578947368425,7,6,25,16,5.555555555555555,54.54545454545455,37.5,0.043502,team_tactical_v1,OBSERVED_TACTICAL_FEATURE,False,35.526315789473685,46.71052631578947,51.31578947368421,57.89473684210526,75.92105263157895,42.89473684210526,15.657894736842104,26.842105263157894,65.26315789473684,37.5,68.28947368421052,35.13157894736842,25.394736842105264,8.026315789473685,17.105263157894736,21.05263157894737,25.13157894736842,31.57894736842105,1.3157894736842106,6.842105263157895
2526,understat:28872,2025-11-01,liverpool,aston_villa,H,mgr:328a5fafed26,Arne Slot,4231,W,False,26.84931506849315,45,72.53521126760563,11,7.746478873239437,81.48148148148148,16,11.267605633802816,9,4.794520547945205,12,16,2,1.47021,30.37058823529412,9.411764705882353,8,6,32,16,9.090909090909092,56.25,62.5,0.091888125,team_tactical_v1,OBSERVED_TACTICAL_FEATURE,False,73.94736842105263,85.52631578947368,21.973684210526315,18.94736842105263,6.315789473684211,96.57894736842105,44.3421052631579,33.421052631578945,46.973684210526315,48.28947368421053,82.5,80.92105263157895,83.15789473684211,53.81578947368421,34.21052631578947,58.81578947368421,37.63157894736842,31.57894736842105,14.342105263157896,6.842105263157895
2526,understat:28874,2025-11-01,manchester_united,nottingham_forest,A,mgr:662d1720cf8b,Ruben Filipe Marques Diogo Amorim,3421,D,False,18.321513002364068,41,71.55172413793103,13,11.206896551724139,60.0,22,18.96551724137931,9,3.4278959810874703,15,18,2,0.91622,32.34583333333333,7.291666666666667,10,10,50,46,38.46153846153846,36.36363636363637,63.04347826086956,0.05090111111111111,team_tactical_v1,OBSERVED_TACTICAL_FEATURE,False,17.36842105263158,80.0,16.57894736842105,30.13157894736842,24.07894736842105,42.89473684210526,78.8157894736842,77.5,46.973684210526315,16.57894736842105,93.15789473684211,89.86842105263158,83.15789473684211,26.710526315789473,50.26315789473684,40.39473684210526,60.921052631578945,78.28947368421052,92.63157894736842,90.52631578947368
2526,understat:28874,2025-11-01,nottingham_forest,manchester_united,H,mgr:224591e666ec,Sean Dyche,4231,D,False,28.1203007518797,29,74.07407407407408,25,18.51851851851852,67.85714285714286,11,8.148148148148149,14,6.466165413533835,12,17,2,1.55066,36.57872340425531,11.702127659574469,10,11,45,46,20.0,45.45454545454545,36.95652173913044,0.09121529411764706,team_tactical_v1,OBSERVED_TACTICAL_FEATURE,False,80.52631578947368,46.71052631578947,29.07894736842105,84.07894736842105,83.02631578947368,71.71052631578948,15.657894736842104,11.31578947368421,84.07894736842105,83.42105263157895,82.5,85.92105263157895,83.15789473684211,57.36842105263158,80.13157894736842,77.10526315789474,60.921052631578945,84.07894736842105,77.23684210526316,90.52631578947368
2526,understat:28876,2025-11-01,chelsea,tottenham_hotspur,A,mgr:dc01d928d84f,Enzo Maresca,4231,W,False,24.81203007518797,36,83.09859154929578,13,9.154929577464788,55.55555555555556,31,21.830985915492956,9,6.265664160401003,14,15,1,3.34251,41.262184873949565,13.445378151260504,12,17,54,41,23.07692307692308,25.806451612903224,53.65853658536585,0.222834,team_tactical_v1,OBSERVED_TACTICAL_FEATURE,False,62.89473684210526,70.39473684210526,87.63157894736842,30.13157894736842,12.763157894736842,26.973684210526315,98.15789473684211,85.0,46.973684210526315,80.92105263157895,90.52631578947368,74.73684210526316,58.55263157894737,96.05263157894737,95.92105263157895,85.52631578947368,77.36842105263158,98.94736842105263,97.23684210526316,82.10526315789474
2526,understat:28876,2025-11-01,tottenham_hotspur,chelsea,H,mgr:1e78f2997997,Thomas Frank,4231,L,False,18.81578947368421,17,77.89473684210526,16,16.842105263157894,50.0,22,23.157894736842106,5,3.947368421052632,3,3,0,0.146954,33.90521739130435,7.826086956521739,19,4,50,41,0.0,40.90909090909091,46.34146341463415,0.04898466666666667,team_tactical_v1,OBSERVED_TACTICAL_FEATURE,False,21.18421052631579,8.026315789473685,57.89473684210526,46.973684210526315,73.8157894736842,13.947368421052632,78.8157894736842,88.55263157894737,13.947368421052632,28.42105263157895,5.131578947368421,1.5789473684210527,25.394736842105264,0.5263157894736842,62.23684210526316,45.0,99.47368421052632,12.368421052631579,92.63157894736842,82.10526315789474
2526,understat:28873,2025-11-02,bournemouth,manchester_city,A,mgr:b4b8eecb310f,Andoni Iraola,4231,L,False,20.71078431372549,35,81.81818181818181,20,16.52892561983471,70.0,12,9.917355371900827,3,3.553921568627451,5,8,1,0.899846,34.00925925925926,11.11111111111111,10,5,42,15,5.0,33.333333333333336,46.66666666666666,0.11248075,team_tactical_v1,OBSERVED_TACTICAL_FEATURE,False,35.39473684210526,67.89473684210526,82.89473684210526,67.63157894736842,71.3157894736842,77.89473684210526,21.31578947368421,22.236842105263158,4.2105263157894735,19.07894736842105,19.473684210526315,20.92105263157895,58.55263157894737,26.05263157894737,63.68421052631579,73.15789473684211,60.921052631578945,19.736842105263158,61.578947368421055,4.7368421052631575
2526,understat:28873,2025-11-02,manchester_city,bournemouth,H,mgr:26dfbbc164aa,Pep Guardiola,4321,W,False,26.436781609195403,35,74.07407407407408,16,9.876543209876543,60.0,30,18.51851851851852,9,6.768837803320562,13,15,3,2.48999,28.99876543209876,8.641975308641975,7,9,35,15,25.0,43.333333333333336,53.333333333333336,0.16599933333333333,team_tactical_v1,OBSERVED_TACTICAL_FEATURE,False,71.71052631578948,67.89473684210526,29.07894736842105,46.973684210526315,16.57894736842105,42.89473684210526,97.63157894736842,75.52631578947368,46.973684210526315,87.36842105263158,87.36842105263158,74.73684210526316,96.05263157894737,86.97368421052632,22.5,52.10526315789474,25.13157894736842,68.02631578947368,26.57894736842105,4.7368421052631575
2526,understat:28877,2025-11-02,newcastle_united,west_ham,A,mgr:65451ab24622,Eddie Howe,433,L,False,26.421800947867297,66,77.52808988764045,27,15.168539325842696,58.8235294117647,15,8.426966292134832,10,3.909952606635071,8,13,2,0.523615,33.04999999999999,4.285714285714286,5,9,33,16,7.407407407407407,46.66666666666666,68.75,0.04027807692307693,team_tactical_v1,OBSERVED_TACTICAL_FEATURE,False,71.44736842105263,98.6842105263158,54.3421052631579,89.86842105263158,59.60526315789474,37.76315789473684,36.8421052631579,12.631578947368421,56.44736842105263,26.973684210526315,46.31578947368421,58.421052631578945,83.15789473684211,11.18421052631579,55.13157894736842,13.026315789473685,7.631578947368421,68.02631578947368,17.763157894736842,6.842105263157895
2526,understat:28877,2025-11-02,west_ham,newcastle_united,H,mgr:b68b19e445ac,Nuno Herlander Simões Espírito Santo,433,W,False,21.990369181380416,20,78.94736842105263,21,18.42105263157895,54.166666666666664,11,9.649122807017545,7,4.49438202247191,10,15,2,1.41383,26.709734513274334,2.6548672566371683,13,7,37,16,28.571428571428573,63.63636363636363,31.25,0.09425533333333333,team_tactical_v1,OBSERVED_TACTICAL_FEATURE,False,43.68421052631579,13.81578947368421,65.26315789473684,72.23684210526316,82.63157894736842,20.789473684210527,15.657894736842104,20.0,29.07894736842105,40.6578947368421,68.28947368421052,74.73684210526316,83.15789473684211,51.05263157894737,11.31578947368421,4.868421052631579,84.34210526315789,44.21052631578947,35.13157894736842,6.842105263157895
2526,understat:28875,2025-11-03,everton,sunderland,A,mgr:84316c036a2d,David Moyes,4231,D,False,18.674698795180724,24,68.75,9,9.375,75.0,14,14.583333333333334,7,3.9156626506024095,4,8,1,1.00741,26.19464285714286,6.25,6,8,39,39,22.22222222222222,42.85714285714285,51.282051282051285,0.12592625,team_tactical_v1,OBSERVED_TACTICAL_FEATURE,False,20.263157894736842,26.05263157894737,8.157894736842104,10.394736842105264,13.81578947368421,90.78947368421052,31.31578947368421,55.6578947368421,29.07894736842105,27.36842105263158,12.763157894736842,20.92105263157895,58.55263157894737,31.44736842105263,8.81578947368421,29.210526315789473,15.657894736842104,55.39473684210526,46.71052631578947,78.6842105263158
2526,understat:28875,2025-11-03,sunderland,everton,H,mgr:1a031e232e88,Régis Le Bris,343,D,False,26.84964200477327,50,77.5,21,13.125,60.714285714285715,22,13.75,14,5.250596658711217,13,17,1,1.18068,37.31595744680851,10.638297872340425,10,5,47,39,28.571428571428573,31.818181818181817,48.71794871794872,0.06945176470588235,team_tactical_v1,OBSERVED_TACTICAL_FEATURE,False,74.07894736842105,90.78947368421052,54.078947368421055,72.23684210526316,42.76315789473684,43.94736842105263,78.8157894736842,50.78947368421053,84.07894736842105,60.6578947368421,87.36842105263158,85.92105263157895,58.55263157894737,38.68421052631579,83.94736842105263,69.21052631578948,60.921052631578945,19.736842105263158,86.44736842105263,78.6842105263158
2526,understat:28880,2025-11-08,chelsea,wolverhampton_wanderers,H,mgr:dc01d928d84f,Enzo Maresca,4231,W,False,33.447880870561285,51,75.7085020242915,26,10.526315789473685,67.74193548387096,21,8.502024291497976,17,6.414662084765178,14,20,3,3.98342,35.00533333333334,10.666666666666666,8,7,39,16,15.384615384615383,42.85714285714285,43.75,0.19917100000000001,team_tactical_v1,OBSERVED_TACTICAL_FEATURE,False,94.86842105263158,91.84210526315789,40.0,88.42105263157895,20.394736842105264,71.05263157894737,74.21052631578948,13.026315789473685,92.23684210526316,82.76315789473684,90.52631578947368,93.6842105263158,96.05263157894737,99.07894736842105,70.39473684210526,69.73684210526316,37.63157894736842,44.21052631578947,46.71052631578947,6.842105263157895
2526,understat:28880,2025-11-08,wolverhampton_wanderers,chelsea,A,mgr:b72337fa641c,James Collins,532,L,False,15.737704918032788,25,88.40579710144928,9,13.043478260869565,60.0,9,13.043478260869565,4,1.639344262295082,2,3,0,0.111462,25.3054347826087,6.521739130434782,3,12,32,16,11.11111111111111,44.44444444444444,56.25,0.037154,team_tactical_v1,OBSERVED_TACTICAL_FEATURE,False,6.184210526315789,28.42105263157895,99.07894736842105,10.394736842105264,42.36842105263158,42.89473684210526,6.578947368421052,46.8421052631579,8.157894736842104,0.6578947368421053,1.7105263157894737,1.5789473684210527,25.394736842105264,0.2631578947368421,5.7894736842105265,32.23684210526316,2.1052631578947367,89.21052631578948,14.342105263157896,6.842105263157895
2526,understat:28882,2025-11-08,everton,fulham,H,mgr:84316c036a2d,David Moyes,4231,W,False,34.958217270194986,31,77.6536312849162,22,12.29050279329609,50.0,19,10.614525139664805,12,6.8245125348189415,10,14,2,2.30607,34.16263736263736,16.483516483516482,10,4,36,28,27.272727272727277,31.57894736842105,57.142857142857146,0.1647192857142857,team_tactical_v1,OBSERVED_TACTICAL_FEATURE,False,97.23684210526316,55.13157894736842,55.13157894736842,76.71052631578948,34.078947368421055,13.947368421052632,63.55263157894737,28.157894736842106,72.5,88.15789473684211,68.28947368421052,67.63157894736842,83.15789473684211,81.3157894736842,64.47368421052632,93.6842105263158,60.921052631578945,12.368421052631579,31.18421052631579,42.36842105263158
2526,understat:28882,2025-11-08,fulham,everton,A,mgr:d242da40969a,Marco Alexandre Saraiva da Silva,4231,L,False,18.941504178272982,23,75.25773195876289,14,14.43298969072165,57.142857142857146,21,21.649484536082475,10,4.456824512534819,6,8,0,0.424478,26.706666666666663,6.666666666666667,12,13,32,28,14.285714285714286,42.85714285714285,42.85714285714285,0.05305975,team_tactical_v1,OBSERVED_TACTICAL_FEATURE,False,21.973684210526315,22.763157894736842,36.973684210526315,36.31578947368421,53.28947368421053,33.81578947368421,74.21052631578948,84.47368421052632,56.44736842105263,39.473684210526315,24.736842105263158,20.92105263157895,25.394736842105264,7.368421052631579,11.18421052631579,34.078947368421055,77.36842105263158,93.02631578947368,14.342105263157896,42.36842105263158
2526,understat:28885,2025-11-08,arsenal,sunderland,A,mgr:5fdd2f365fdc,Mikel Arteta,4231,D,False,36.16236162361624,48,78.43137254901961,22,8.627450980392156,72.0,18,7.0588235294117645,19,5.535055350553505,9,17,2,2.32943,34.63375,10.0,4,3,36,46,18.181818181818183,44.44444444444444,58.69565217391305,0.13702529411764705,team_tactical_v1,OBSERVED_TACTICAL_FEATURE,False,98.02631578947368,88.8157894736842,61.05263157894737,76.71052631578948,10.394736842105264,82.36842105263158,56.71052631578947,6.052631578947368,95.39473684210526,68.15789473684211,57.76315789473684,85.92105263157895,83.15789473684211,82.10526315789474,67.10526315789474,63.81578947368421,4.2105263157894735,6.315789473684211,31.18421052631579,90.52631578947368
2526,understat:28885,2025-11-08,sunderland,arsenal,H,mgr:1a031e232e88,Régis Le Bris,541,D,False,20.767888307155324,21,72.36842105263158,11,14.473684210526315,54.54545454545455,7,9.210526315789474,11,4.712041884816754,5,6,2,1.20495,21.2,1.1235955056179776,8,6,20,46,0.0,28.571428571428573,41.30434782608695,0.200825,team_tactical_v1,OBSERVED_TACTICAL_FEATURE,False,35.78947368421053,15.657894736842104,21.05263157894737,18.94736842105263,53.55263157894737,23.42105263157895,2.763157894736842,16.973684210526315,65.26315789473684,45.921052631578945,19.473684210526315,10.394736842105264,83.15789473684211,39.73684210526316,0.13157894736842105,0.9210526315789473,37.63157894736842,31.57894736842105,0.39473684210526316,90.52631578947368
2526,understat:28886,2025-11-08,manchester_united,tottenham_hotspur,A,mgr:662d1720cf8b,Ruben Filipe Marques Diogo Amorim,3421,D,False,17.5,23,84.52380952380952,12,14.285714285714286,55.55555555555556,20,23.80952380952381,6,4.027777777777778,5,5,2,0.820256,31.72952380952381,9.523809523809524,8,6,45,31,33.333333333333336,15.0,58.064516129032256,0.1640512,team_tactical_v1,OBSERVED_TACTICAL_FEATURE,False,12.105263157894736,22.763157894736842,93.02631578947368,23.94736842105263,52.23684210526316,26.973684210526315,70.65789473684211,89.73684210526316,20.789473684210527,30.263157894736842,19.473684210526315,6.578947368421052,83.15789473684211,23.157894736842106,45.39473684210526,59.473684210526315,37.63157894736842,31.57894736842105,77.23684210526316,50.526315789473685
2526,understat:28886,2025-11-08,tottenham_hotspur,manchester_united,H,mgr:1e78f2997997,Thomas Frank,4231,D,False,26.47783251231527,37,76.28205128205128,29,18.58974358974359,60.0,27,17.307692307692307,8,3.571428571428572,6,10,2,1.35532,40.37603305785124,14.049586776859504,15,7,51,31,17.24137931034483,44.44444444444444,41.935483870967744,0.135532,team_tactical_v1,OBSERVED_TACTICAL_FEATURE,False,72.10526315789474,72.10526315789474,45.0,92.23684210526316,83.28947368421052,42.89473684210526,93.94736842105263,70.13157894736842,36.44736842105263,19.473684210526315,24.736842105263158,35.13157894736842,83.15789473684211,48.1578947368421,93.8157894736842,87.89473684210526,93.42105263157895,44.21052631578947,93.8157894736842,50.526315789473685
2526,understat:28887,2025-11-08,burnley,west_ham,A,mgr:c49e040048ca,Scott Parker,4231,L,False,21.454112038140643,41,75.0,13,9.558823529411764,64.0,17,12.5,10,4.767580452920143,10,16,2,1.87478,29.270370370370376,4.62962962962963,11,7,44,30,23.07692307692308,17.647058823529413,70.0,0.11717375,team_tactical_v1,OBSERVED_TACTICAL_FEATURE,False,40.0,80.0,36.18421052631579,30.13157894736842,15.263157894736842,57.76315789473684,50.13157894736842,43.28947368421053,56.44736842105263,47.76315789473684,68.28947368421052,80.92105263157895,83.15789473684211,69.07894736842105,24.210526315789473,15.263157894736842,69.86842105263158,44.21052631578947,73.02631578947368,48.68421052631579
2526,understat:28887,2025-11-08,west_ham,burnley,H,mgr:b68b19e445ac,Nuno Herlander Simões Espírito Santo,433,W,False,24.0,31,78.68852459016394,18,14.754098360655737,61.904761904761905,20,16.39344262295082,7,5.285714285714286,9,15,3,2.96728,32.37619047619047,6.666666666666667,10,13,39,30,22.22222222222222,30.0,30.0,0.19781866666666667,team_tactical_v1,OBSERVED_TACTICAL_FEATURE,False,57.23684210526316,55.13157894736842,62.63157894736842,57.89473684210526,55.6578947368421,49.473684210526315,70.65789473684211,65.65789473684211,29.07894736842105,61.578947368421055,57.76315789473684,74.73684210526316,96.05263157894737,93.15789473684211,51.31578947368421,34.078947368421055,60.921052631578945,93.02631578947368,46.71052631578947,48.68421052631579
2526,understat:28878,2025-11-09,aston_villa,bournemouth,H,mgr:dcdf2dffc0c2,Unai Emery,442,W,False,26.05421686746988,27,69.82758620689656,16,13.793103448275861,73.91304347826087,17,14.655172413793103,11,6.024096385542169,11,16,4,1.88282,37.90638297872341,12.76595744680851,12,6,31,19,18.75,41.1764705882353,42.10526315789474,0.11767625,team_tactical_v1,OBSERVED_TACTICAL_FEATURE,False,69.60526315789474,37.10526315789474,10.526315789473685,46.973684210526315,49.473684210526315,87.23684210526316,50.13157894736842,56.44736842105263,65.26315789473684,77.89473684210526,75.26315789473684,80.92105263157895,99.34210526315789,69.21052631578948,86.84210526315789,83.42105263157895,77.36842105263158,31.57894736842105,11.18421052631579,12.894736842105264
2526,understat:28878,2025-11-09,bournemouth,aston_villa,A,mgr:b4b8eecb310f,Andoni Iraola,4231,L,False,24.464831804281346,31,80.8695652173913,21,18.26086956521739,68.42105263157895,27,23.47826086956522,6,3.669724770642202,7,12,0,2.00992,29.21682242990654,9.345794392523365,9,11,38,19,9.523809523809524,48.14814814814815,57.89473684210526,0.16749333333333336,team_tactical_v1,OBSERVED_TACTICAL_FEATURE,False,61.05263157894737,55.13157894736842,78.15789473684211,72.23684210526316,82.10526315789474,74.21052631578948,93.94736842105263,89.34210526315789,20.789473684210527,21.710526315789473,35.6578947368421,51.8421052631579,25.394736842105264,72.89473684210526,24.07894736842105,57.89473684210526,49.3421052631579,84.07894736842105,40.13157894736842,12.894736842105264
2526,understat:28879,2025-11-09,brentford,newcastle_united,H,mgr:5f487ee40c90,Keith Andrews,4231,W,False,26.446280991735534,32,78.78787878787878,16,12.121212121212121,54.54545454545455,16,12.121212121212121,14,8.402203856749312,9,15,3,2.73729,35.19702970297029,5.9405940594059405,12,10,53,30,31.25,37.5,56.66666666666666,0.18248599999999998,team_tactical_v1,OBSERVED_TACTICAL_FEATURE,False,71.97368421052632,59.3421052631579,63.28947368421053,46.973684210526315,33.1578947368421,23.42105263157895,44.3421052631579,40.526315789473685,84.07894736842105,97.5,57.76315789473684,74.73684210526316,96.05263157894737,90.78947368421052,72.10526315789474,25.263157894736842,77.36842105263158,78.28947368421052,96.44736842105263,48.68421052631579
2526,understat:28879,2025-11-09,newcastle_united,brentford,A,mgr:65451ab24622,Eddie Howe,433,L,True,16.358839050131927,31,82.47422680412372,15,15.463917525773196,77.77777777777777,13,13.402061855670103,9,3.034300791556728,4,5,1,0.432277,28.91393442622951,5.737704918032787,7,5,42,30,13.333333333333334,53.84615384615385,43.333333333333336,0.0864554,team_tactical_v1,OBSERVED_TACTICAL_FEATURE,False,8.026315789473685,55.13157894736842,85.52631578947368,41.71052631578947,62.10526315789474,94.21052631578948,26.05263157894737,48.81578947368421,46.973684210526315,10.526315789473685,12.763157894736842,6.578947368421052,58.55263157894737,7.7631578947368425,21.57894736842105,23.68421052631579,25.13157894736842,19.736842105263158,61.578947368421055,48.68421052631579
2526,understat:28881,2025-11-09,brighton,crystal_palace,A,mgr:dfda8206a0e2,Fabian Hürzeler,4231,D,False,22.20888355342137,35,88.18897637795276,26,20.47244094488189,53.84615384615385,16,12.598425196850394,10,5.762304921968788,6,7,0,0.637037,37.926,15.0,11,4,47,41,15.384615384615383,25.0,48.78048780487805,0.0910052857142857,team_tactical_v1,OBSERVED_TACTICAL_FEATURE,False,45.526315789473685,67.89473684210526,98.8157894736842,88.42105263157895,91.44736842105263,19.736842105263158,44.3421052631579,43.94736842105263,56.44736842105263,71.97368421052632,24.736842105263158,16.18421052631579,25.394736842105264,15.263157894736842,86.97368421052632,90.52631578947368,69.86842105263158,12.368421052631579,86.44736842105263,82.10526315789474
2526,understat:28881,2025-11-09,crystal_palace,brighton,H,mgr:1058459b93f2,Oliver Glasner,3421,D,False,18.24712643678161,20,71.95121951219512,11,13.414634146341463,68.75,15,18.29268292682927,16,6.17816091954023,8,10,0,0.839547,31.12844036697248,7.339449541284404,14,14,39,41,54.54545454545455,33.333333333333336,51.21951219512195,0.08395470000000001,team_tactical_v1,OBSERVED_TACTICAL_FEATURE,False,17.236842105263158,13.81578947368421,18.68421052631579,18.94736842105263,45.39473684210526,75.26315789473684,36.8421052631579,73.94736842105263,89.86842105263158,79.86842105263158,46.31578947368421,35.13157894736842,25.394736842105264,24.210526315789473,41.05263157894737,40.6578947368421,90.13157894736842,95.13157894736842,46.71052631578947,82.10526315789474
2526,understat:28883,2025-11-09,liverpool,manchester_city,A,mgr:328a5fafed26,Arne Slot,4231,L,False,23.2,45,85.21739130434783,18,15.652173913043478,72.72727272727273,16,13.91304347826087,9,5.066666666666666,6,7,0,1.0281,38.84342105263158,15.789473684210526,7,9,32,13,5.555555555555555,25.0,38.46153846153846,0.14687142857142857,team_tactical_v1,OBSERVED_TACTICAL_FEATURE,False,51.71052631578947,85.52631578947368,95.26315789473684,57.89473684210526,63.55263157894737,85.13157894736842,44.3421052631579,51.8421052631579,46.973684210526315,55.13157894736842,24.736842105263158,16.18421052631579,25.394736842105264,32.5,89.86842105263158,92.10526315789474,25.13157894736842,68.02631578947368,14.342105263157896,2.8947368421052633
2526,understat:28883,2025-11-09,manchester_city,liverpool,H,mgr:26dfbbc164aa,Pep Guardiola,433,W,False,23.35164835164835,23,86.7132867132867,11,7.6923076923076925,43.47826086956522,20,13.986013986013987,11,5.21978021978022,11,14,3,1.59542,28.845054945054947,3.2967032967032965,12,9,33,13,36.36363636363637,45.0,61.53846153846154,0.11395857142857144,team_tactical_v1,OBSERVED_TACTICAL_FEATURE,False,53.026315789473685,22.763157894736842,97.23684210526316,18.94736842105263,6.052631578947368,4.078947368421052,70.65789473684211,52.36842105263158,65.26315789473684,60.13157894736842,75.26315789473684,67.63157894736842,96.05263157894737,58.94736842105263,21.05263157894737,8.289473684210526,77.36842105263158,68.02631578947368,17.763157894736842,2.8947368421052633
2526,understat:28884,2025-11-09,leeds_united,nottingham_forest,A,mgr:fa5d385e34dc,Daniel Farke,433,L,False,18.241469816272964,28,78.75,13,16.25,73.33333333333333,28,35.0,5,4.855643044619423,5,10,1,0.419461,30.92079207920792,7.920792079207921,10,9,40,32,15.384615384615383,17.857142857142858,59.375,0.0419461,team_tactical_v1,OBSERVED_TACTICAL_FEATURE,False,17.105263157894736,41.973684210526315,62.89473684210526,30.13157894736842,68.42105263157895,85.92105263157895,95.52631578947368,98.8157894736842,13.947368421052632,49.078947368421055,19.473684210526315,35.13157894736842,58.55263157894737,7.2368421052631575,39.73684210526316,46.18421052631579,60.921052631578945,68.02631578947368,52.36842105263158,55.78947368421053
2526,understat:28884,2025-11-09,nottingham_forest,leeds_united,H,mgr:224591e666ec,Sean Dyche,4231,W,False,26.44508670520231,42,80.48780487804878,26,21.13821138211382,57.142857142857146,17,13.821138211382113,9,5.202312138728324,9,14,3,2.49097,30.46440677966101,10.169491525423728,17,6,45,32,23.07692307692308,41.1764705882353,40.625,0.17792642857142857,team_tactical_v1,OBSERVED_TACTICAL_FEATURE,False,71.84210526315789,81.3157894736842,75.26315789473684,88.42105263157895,93.28947368421052,33.81578947368421,50.13157894736842,51.578947368421055,46.973684210526315,59.21052631578947,57.76315789473684,67.63157894736842,96.05263157894737,87.10526315789474,35.921052631578945,64.60526315789474,98.15789473684211,31.57894736842105,77.23684210526316,55.78947368421053
2526,understat:28888,2025-11-22,bournemouth,west_ham,H,mgr:b4b8eecb310f,Andoni Iraola,4231,D,False,41.109969167523126,70,75.87301587301587,54,17.142857142857142,68.18181818181819,19,6.031746031746032,24,7.605344295991778,18,28,2,3.48299,42.50736842105263,16.842105263157894,10,7,55,21,27.77777777777778,47.36842105263158,42.85714285714285,0.1243925,team_tactical_v1,OBSERVED_TACTICAL_FEATURE,False,99.60526315789474,99.47368421052632,41.578947368421055,100.0,75.92105263157895,73.15789473684211,63.55263157894737,3.026315789473684,99.60526315789474,94.60526315789474,98.28947368421052,99.47368421052632,83.15789473684211,96.97368421052632,97.63157894736842,94.07894736842105,60.921052631578945,44.21052631578947,97.89473684210526,17.63157894736842
2526,understat:28888,2025-11-22,west_ham,bournemouth,A,mgr:b68b19e445ac,Nuno Herlander Simões Espírito Santo,343,D,False,9.532710280373832,15,77.77777777777777,6,22.22222222222222,62.5,13,48.148148148148145,4,2.616822429906542,4,5,2,0.390782,23.26923076923077,3.8461538461538463,10,9,44,21,16.666666666666668,61.53846153846154,57.142857142857146,0.0781564,team_tactical_v1,OBSERVED_TACTICAL_FEATURE,False,0.5263157894736842,4.7368421052631575,57.36842105263158,2.6315789473684212,96.44736842105263,51.973684210526315,26.05263157894737,99.73684210526316,8.157894736842104,6.052631578947368,12.763157894736842,6.578947368421052,83.15789473684211,6.842105263157895,1.5789473684210527,10.921052631578947,60.921052631578945,68.02631578947368,73.02631578947368,17.63157894736842
2526,understat:28890,2025-11-22,brentford,brighton,A,mgr:5f487ee40c90,Keith Andrews,4231,L,False,18.4251968503937,19,74.28571428571429,14,20.0,66.66666666666667,25,35.714285714285715,9,5.196850393700787,5,10,1,2.19979,30.714754098360658,10.655737704918034,8,13,48,22,21.428571428571427,36.0,40.90909090909091,0.219979,team_tactical_v1,OBSERVED_TACTICAL_FEATURE,False,18.55263157894737,11.842105263157896,30.789473684210527,36.31578947368421,89.86842105263158,70.92105263157895,89.21052631578948,98.94736842105263,46.973684210526315,58.94736842105263,19.473684210526315,35.13157894736842,58.55263157894737,78.6842105263158,38.1578947368421,69.47368421052632,37.63157894736842,93.02631578947368,88.94736842105263,20.526315789473685
2526,understat:28890,2025-11-22,brighton,brentford,H,mgr:dfda8206a0e2,Fabian Hürzeler,4231,W,False,22.08520179372197,37,75.71428571428571,18,12.857142857142858,72.72727272727273,23,16.428571428571427,9,5.493273542600897,9,14,2,0.977488,36.89320388349514,10.679611650485437,10,8,50,22,16.666666666666668,43.47826086956522,59.09090909090909,0.06982057142857143,team_tactical_v1,OBSERVED_TACTICAL_FEATURE,False,44.473684210526315,72.10526315789474,40.13157894736842,57.89473684210526,39.60526315789474,85.13157894736842,82.89473684210526,65.92105263157895,46.973684210526315,66.71052631578948,57.76315789473684,67.63157894736842,83.15789473684211,30.263157894736842,82.23684210526316,69.86842105263158,60.921052631578945,55.39473684210526,92.63157894736842,20.526315789473685
2526,understat:28891,2025-11-22,burnley,chelsea,H,mgr:c49e040048ca,Scott Parker,433,L,False,15.767045454545457,25,68.75,7,8.75,53.84615384615385,8,10.0,6,3.125,8,8,0,0.660943,30.834831460674152,4.49438202247191,7,12,33,30,14.285714285714286,12.5,46.66666666666666,0.082617875,team_tactical_v1,OBSERVED_TACTICAL_FEATURE,False,6.578947368421052,28.42105263157895,8.157894736842104,5.394736842105263,11.052631578947368,19.736842105263158,3.9473684210526314,23.157894736842106,20.789473684210527,11.842105263157896,46.31578947368421,20.92105263157895,25.394736842105264,16.18421052631579,39.078947368421055,14.473684210526315,25.13157894736842,89.21052631578948,17.763157894736842,48.68421052631579
2526,understat:28891,2025-11-22,chelsea,burnley,A,mgr:dc01d928d84f,Enzo Maresca,4231,W,False,17.861482381530983,17,73.26732673267327,13,12.871287128712872,56.0,18,17.821782178217823,9,5.832320777642771,11,15,2,1.72093,37.42079207920792,9.900990099009901,9,12,46,30,7.6923076923076925,50.0,53.333333333333336,0.11472866666666667,team_tactical_v1,OBSERVED_TACTICAL_FEATURE,False,14.342105263157896,8.026315789473685,25.394736842105264,30.13157894736842,39.86842105263158,28.026315789473685,56.71052631578947,71.71052631578948,46.973684210526315,73.8157894736842,75.26315789473684,74.73684210526316,83.15789473684211,63.68421052631579,84.73684210526316,63.28947368421053,49.3421052631579,89.21052631578948,82.63157894736842,48.68421052631579
2526,understat:28892,2025-11-22,fulham,sunderland,H,mgr:d242da40969a,Marco Alexandre Saraiva da Silva,4231,W,False,27.60814249363868,30,72.5609756097561,26,15.853658536585366,63.1578947368421,16,9.75609756097561,15,7.760814249363868,19,24,1,2.83729,31.88913043478261,7.608695652173913,7,6,35,26,30.76923076923077,12.5,46.15384615384615,0.11822041666666666,team_tactical_v1,OBSERVED_TACTICAL_FEATURE,False,77.76315789473684,51.31578947368421,22.236842105263158,88.42105263157895,65.65789473684211,54.078947368421055,44.3421052631579,20.789473684210527,87.5,95.52631578947368,98.6842105263158,98.15789473684211,58.55263157894737,91.71052631578948,46.578947368421055,42.76315789473684,25.13157894736842,31.57894736842105,26.57894736842105,35.526315789473685
2526,understat:28892,2025-11-22,sunderland,fulham,A,mgr:1a031e232e88,Régis Le Bris,541,L,False,18.445121951219512,28,84.52380952380952,14,16.666666666666668,28.571428571428573,6,7.142857142857143,5,4.573170731707317,4,4,0,0.222768,28.50707070707071,3.0303030303030303,9,9,35,26,14.285714285714286,50.0,53.84615384615385,0.055692,team_tactical_v1,OBSERVED_TACTICAL_FEATURE,False,18.81578947368421,41.973684210526315,93.02631578947368,36.31578947368421,73.15789473684211,0.39473684210526316,1.4473684210526316,6.973684210526316,13.947368421052632,42.89473684210526,12.763157894736842,3.1578947368421053,25.394736842105264,2.236842105263158,19.342105263157894,6.842105263157895,49.3421052631579,68.02631578947368,26.57894736842105,35.526315789473685
2526,understat:28894,2025-11-22,liverpool,nottingham_forest,H,mgr:328a5fafed26,Arne Slot,433,L,False,37.843336724313325,74,84.2809364548495,39,13.043478260869565,52.77777777777778,35,11.705685618729097,20,7.222787385554425,18,21,0,1.79273,41.77012987012986,22.07792207792208,10,4,32,29,23.07692307692308,40.0,58.62068965517241,0.08536809523809523,team_tactical_v1,OBSERVED_TACTICAL_FEATURE,False,99.07894736842105,99.73684210526316,91.71052631578948,98.6842105263158,42.36842105263158,16.44736842105263,99.34210526315789,37.10526315789474,97.10526315789474,91.97368421052632,98.28947368421052,95.92105263157895,25.394736842105264,65.92105263157895,96.3157894736842,99.21052631578948,60.921052631578945,12.368421052631579,14.342105263157896,45.526315789473685
2526,understat:28894,2025-11-22,nottingham_forest,liverpool,A,mgr:224591e666ec,Sean Dyche,4231,W,False,20.91388400702988,19,72.15189873417721,15,18.9873417721519,73.6842105263158,22,27.848101265822784,9,5.62390158172232,7,15,3,1.19459,23.89579831932773,5.882352941176471,17,7,32,29,20.0,31.818181818181817,41.37931034482759,0.07963933333333334,team_tactical_v1,OBSERVED_TACTICAL_FEATURE,False,36.973684210526315,11.842105263157896,19.86842105263158,41.71052631578947,85.92105263157895,86.84210526315789,78.8157894736842,95.52631578947368,46.973684210526315,69.47368421052632,35.6578947368421,74.73684210526316,96.05263157894737,39.3421052631579,2.3684210526315788,25.0,98.15789473684211,44.21052631578947,14.342105263157896,45.526315789473685
2526,understat:28896,2025-11-22,manchester_city,newcastle_united,A,mgr:26dfbbc164aa,Pep Guardiola,4321,L,False,31.278026905829595,63,78.69565217391305,26,11.304347826086957,60.714285714285715,26,11.304347826086957,18,7.511210762331839,13,17,1,2.45648,32.59634146341463,12.195121951219512,9,10,36,27,23.07692307692308,34.61538461538461,40.74074074074074,0.14449882352941176,team_tactical_v1,OBSERVED_TACTICAL_FEATURE,False,90.52631578947368,98.15789473684211,62.76315789473684,88.42105263157895,25.394736842105264,43.94736842105263,91.44736842105263,33.81578947368421,93.94736842105263,94.21052631578948,87.36842105263158,85.92105263157895,58.55263157894737,86.05263157894737,52.89473684210526,79.21052631578948,49.3421052631579,78.28947368421052,31.18421052631579,38.68421052631579
2526,understat:28896,2025-11-22,newcastle_united,manchester_city,H,mgr:65451ab24622,Eddie Howe,451,W,False,20.17543859649123,22,74.66666666666667,14,18.666666666666668,73.33333333333333,12,16.0,6,3.8596491228070176,7,9,2,2.40555,32.17980769230769,8.653846153846153,11,7,37,27,35.714285714285715,33.333333333333336,59.25925925925926,0.2672833333333333,team_tactical_v1,OBSERVED_TACTICAL_FEATURE,False,31.05263157894737,18.42105263157895,34.473684210526315,36.31578947368421,83.8157894736842,85.92105263157895,21.31578947368421,64.21052631578948,20.789473684210527,26.05263157894737,35.6578947368421,27.63157894736842,83.15789473684211,84.21052631578948,48.1578947368421,52.23684210526316,69.86842105263158,44.21052631578947,35.13157894736842,38.68421052631579
2526,understat:28897,2025-11-22,crystal_palace,wolverhampton_wanderers,A,mgr:1058459b93f2,Oliver Glasner,343,W,False,27.107652399481196,33,81.63265306122449,23,15.646258503401361,70.58823529411765,22,14.965986394557824,8,4.669260700389105,9,10,2,1.44933,34.02456140350876,12.280701754385966,11,10,43,25,0.0,31.818181818181817,52.0,0.144933,team_tactical_v1,OBSERVED_TACTICAL_FEATURE,False,75.13157894736842,62.63157894736842,81.57894736842105,79.60526315789474,63.421052631578945,78.94736842105263,78.8157894736842,57.89473684210526,36.44736842105263,44.473684210526315,57.76315789473684,35.13157894736842,83.15789473684211,53.026315789473685,63.81578947368421,79.47368421052632,69.86842105263158,78.28947368421052,66.71052631578948,31.57894736842105
2526,understat:28897,2025-11-22,wolverhampton_wanderers,crystal_palace,H,mgr:434bf1b2b6dc,Rob Edwards,532,L,False,18.367346938775512,32,75.86206896551724,14,16.091954022988507,69.23076923076923,17,19.54022988505747,7,4.081632653061225,5,8,0,1.66409,30.499180327868853,5.737704918032787,10,8,40,25,14.285714285714286,41.1764705882353,48.0,0.20801125,team_tactical_v1,OBSERVED_TACTICAL_FEATURE,False,17.763157894736842,59.3421052631579,41.44736842105263,36.31578947368421,67.36842105263158,76.3157894736842,50.13157894736842,79.34210526315789,29.07894736842105,32.36842105263158,19.473684210526315,20.92105263157895,25.394736842105264,60.921052631578945,36.31578947368421,23.68421052631579,60.921052631578945,55.39473684210526,52.36842105263158,31.57894736842105
2526,understat:28889,2025-11-23,arsenal,tottenham_hotspur,H,mgr:5fdd2f365fdc,Mikel Arteta,4231,W,False,27.659574468085108,38,75.86206896551724,15,10.344827586206897,64.28571428571429,19,13.10344827586207,12,5.319148936170213,11,17,4,2.27827,45.2214953271028,19.626168224299064,16,11,47,29,26.666666666666668,26.31578947368421,51.72413793103448,0.13401588235294118,team_tactical_v1,OBSERVED_TACTICAL_FEATURE,False,78.02631578947368,73.94736842105263,41.44736842105263,41.71052631578947,19.07894736842105,59.3421052631579,63.55263157894737,47.10526315789474,72.5,62.76315789473684,75.26315789473684,85.92105263157895,99.34210526315789,80.78947368421052,99.07894736842105,97.76315789473684,96.57894736842105,84.07894736842105,86.44736842105263,45.526315789473685
2526,understat:28889,2025-11-23,tottenham_hotspur,arsenal,A,mgr:1e78f2997997,Thomas Frank,3421,L,False,9.393939393939394,13,94.28571428571429,7,20.0,33.333333333333336,17,48.57142857142857,3,1.2121212121212122,3,3,1,0.0300672,24.62477876106195,1.7699115044247788,12,8,38,29,0.0,23.529411764705884,48.27586206896552,0.010022399999999999,team_tactical_v1,OBSERVED_TACTICAL_FEATURE,False,0.39473684210526316,1.8421052631578947,100.0,5.394736842105263,89.86842105263158,1.0526315789473684,50.13157894736842,99.86842105263158,4.2105263157894735,0.2631578947368421,5.131578947368421,1.5789473684210527,58.55263157894737,0.13157894736842105,3.8157894736842106,2.236842105263158,77.36842105263158,55.39473684210526,40.13157894736842,45.526315789473685
2526,understat:28893,2025-11-23,aston_villa,leeds_united,A,mgr:dcdf2dffc0c2,Unai Emery,442,W,False,17.84338896020539,23,65.97938144329896,11,11.34020618556701,69.56521739130434,29,29.896907216494846,9,3.722721437740693,12,14,2,1.35978,30.16168224299065,8.411214953271028,8,7,51,24,36.36363636363637,41.37931034482759,54.16666666666666,0.09712714285714286,team_tactical_v1,OBSERVED_TACTICAL_FEATURE,False,14.210526315789474,22.763157894736842,3.5526315789473686,18.94736842105263,26.18421052631579,76.71052631578948,96.84210526315789,97.23684210526316,46.973684210526315,23.289473684210527,82.5,67.63157894736842,83.15789473684211,48.28947368421053,31.710526315789473,50.921052631578945,37.63157894736842,44.21052631578947,93.8157894736842,26.57894736842105
2526,understat:28893,2025-11-23,leeds_united,aston_villa,H,mgr:fa5d385e34dc,Daniel Farke,433,L,False,25.23117569352708,47,71.90082644628099,26,21.487603305785125,71.42857142857143,28,23.140495867768596,9,5.284015852047556,12,14,1,1.84668,37.88492063492063,12.698412698412698,16,12,58,24,15.384615384615383,32.142857142857146,45.833333333333336,0.1319057142857143,team_tactical_v1,OBSERVED_TACTICAL_FEATURE,False,65.52631578947368,87.5,18.42105263157895,88.42105263157895,94.60526315789474,81.97368421052632,95.52631578947368,88.28947368421052,46.973684210526315,61.44736842105263,82.5,67.63157894736842,58.55263157894737,68.15789473684211,86.57894736842105,82.63157894736842,96.57894736842105,89.21052631578948,99.60526315789474,26.57894736842105
2526,understat:28895,2025-11-24,everton,manchester_united,A,mgr:84316c036a2d,David Moyes,4231,W,True,20.09884678747941,17,80.0,9,10.588235294117647,60.0,9,10.588235294117647,6,3.459637561779242,3,3,1,0.155063,23.48974358974359,5.128205128205129,3,11,40,47,11.11111111111111,44.44444444444444,59.57446808510638,0.051687666666666666,team_tactical_v1,OBSERVED_TACTICAL_FEATURE,False,30.0,8.026315789473685,71.57894736842105,10.394736842105264,20.789473684210527,42.89473684210526,6.578947368421052,27.63157894736842,20.789473684210527,17.36842105263158,5.131578947368421,1.5789473684210527,58.55263157894737,0.7894736842105263,1.9736842105263157,19.342105263157894,2.1052631578947367,84.07894736842105,52.36842105263158,92.89473684210526
2526,understat:28895,2025-11-24,manchester_united,everton,H,mgr:662d1720cf8b,Ruben Filipe Marques Diogo Amorim,3421,L,False,38.1294964028777,56,76.54723127035831,38,12.37785016286645,53.48837209302326,11,3.583061889250814,18,6.5775950668037,20,25,0,2.2737,39.29072164948453,14.43298969072165,7,8,48,47,18.42105263157895,36.36363636363637,40.42553191489362,0.09094799999999999,team_tactical_v1,OBSERVED_TACTICAL_FEATURE,False,99.34210526315789,95.52631578947368,47.10526315789474,98.28947368421052,34.86842105263158,18.026315789473685,15.657894736842104,0.5263157894736842,93.94736842105263,85.26315789473684,98.94736842105263,98.6842105263158,25.394736842105264,80.26315789473684,91.05263157894737,89.47368421052632,25.13157894736842,55.39473684210526,88.94736842105263,92.89473684210526
2526,understat:28899,2025-11-29,brentford,burnley,H,mgr:5f487ee40c90,Keith Andrews,4231,W,False,25.647668393782386,38,76.37795275590551,24,18.89763779527559,72.72727272727273,18,14.173228346456693,11,7.124352331606218,10,14,3,3.72106,35.41119402985075,12.686567164179104,8,11,50,46,20.83333333333333,38.888888888888886,65.21739130434783,0.26579,team_tactical_v1,OBSERVED_TACTICAL_FEATURE,False,67.36842105263158,73.94736842105263,45.921052631578945,81.84210526315789,85.0,85.13157894736842,56.71052631578947,53.55263157894737,65.26315789473684,91.05263157894737,68.28947368421052,67.63157894736842,96.05263157894737,98.15789473684211,73.42105263157895,82.5,37.63157894736842,84.07894736842105,92.63157894736842,90.52631578947368
2526,understat:28899,2025-11-29,burnley,brentford,A,mgr:c49e040048ca,Scott Parker,4231,L,False,18.695652173913043,15,72.34042553191489,15,15.957446808510639,62.5,10,10.638297872340425,6,3.9130434782608696,2,6,1,0.874025,28.98454545454545,6.363636363636363,18,7,33,46,6.666666666666667,20.0,34.78260869565217,0.14567083333333333,team_tactical_v1,OBSERVED_TACTICAL_FEATURE,False,20.394736842105264,4.7368421052631575,20.92105263157895,41.71052631578947,66.57894736842105,51.973684210526315,11.447368421052632,28.42105263157895,20.789473684210527,27.236842105263158,1.7105263157894737,10.394736842105264,58.55263157894737,25.526315789473685,22.236842105263158,30.92105263157895,98.55263157894737,44.21052631578947,17.763157894736842,90.52631578947368
2526,understat:28902,2025-11-29,everton,newcastle_united,H,mgr:84316c036a2d,David Moyes,4231,L,False,30.209617755856968,57,82.25806451612904,25,13.440860215053764,62.5,14,7.526881720430108,17,6.781750924784217,7,10,1,1.01125,38.64081632653061,14.285714285714286,12,9,42,35,20.0,28.571428571428573,48.57142857142857,0.10112499999999999,team_tactical_v1,OBSERVED_TACTICAL_FEATURE,False,88.02631578947368,96.44736842105263,84.73684210526316,84.07894736842105,45.78947368421053,51.973684210526315,31.31578947368421,8.157894736842104,92.23684210526316,87.63157894736842,35.6578947368421,35.13157894736842,58.55263157894737,31.57894736842105,88.8157894736842,89.07894736842105,77.36842105263158,68.02631578947368,61.578947368421055,66.84210526315789
2526,understat:28902,2025-11-29,newcastle_united,everton,A,mgr:65451ab24622,Eddie Howe,433,W,False,22.19626168224299,31,75.0,17,11.486486486486486,68.18181818181819,16,10.81081081081081,13,5.0233644859813085,11,13,4,2.45882,28.656122448979595,5.1020408163265305,16,3,40,35,41.1764705882353,31.25,51.42857142857143,0.18913999999999997,team_tactical_v1,OBSERVED_TACTICAL_FEATURE,False,45.26315789473684,55.13157894736842,36.18421052631579,51.973684210526315,27.5,73.15789473684211,44.3421052631579,29.86842105263158,77.76315789473684,53.55263157894737,75.26315789473684,58.421052631578945,99.34210526315789,86.1842105263158,20.0,18.81578947368421,96.57894736842105,6.315789473684211,52.36842105263158,66.84210526315789
2526,understat:28903,2025-11-29,leeds_united,manchester_city,A,mgr:fa5d385e34dc,Daniel Farke,433,L,False,17.65601217656012,15,73.01587301587301,14,22.22222222222222,83.33333333333333,13,20.634920634920636,7,4.87062404870624,3,9,2,1.75142,32.83958333333333,10.416666666666666,14,8,34,37,21.428571428571427,30.76923076923077,45.94594594594594,0.19460222222222223,team_tactical_v1,OBSERVED_TACTICAL_FEATURE,False,13.157894736842104,4.7368421052631575,24.605263157894736,36.31578947368421,96.44736842105263,98.28947368421052,26.05263157894737,81.71052631578948,29.07894736842105,49.73684210526316,5.131578947368421,27.63157894736842,83.15789473684211,64.60526315789474,53.55263157894737,67.63157894736842,90.13157894736842,55.39473684210526,22.36842105263158,73.94736842105263
2526,understat:28903,2025-11-29,manchester_city,leeds_united,H,mgr:26dfbbc164aa,Pep Guardiola,4321,W,False,31.78733031674208,47,78.50877192982456,26,11.403508771929825,64.51612903225806,24,10.526315789473685,18,6.67420814479638,13,18,3,2.85292,31.76144578313253,9.63855421686747,2,2,40,37,34.61538461538461,29.166666666666668,54.054054054054056,0.15849555555555556,team_tactical_v1,OBSERVED_TACTICAL_FEATURE,False,91.71052631578948,87.5,61.44736842105263,88.42105263157895,26.710526315789473,60.39473684210526,84.86842105263158,27.105263157894736,93.94736842105263,86.1842105263158,87.36842105263158,89.86842105263158,96.05263157894737,92.10526315789474,45.6578947368421,60.526315789473685,0.6578947368421053,2.236842105263158,52.36842105263158,73.94736842105263
2526,understat:28905,2025-11-29,bournemouth,sunderland,A,mgr:b4b8eecb310f,Andoni Iraola,4231,L,True,25.650557620817843,53,78.84615384615384,23,14.743589743589743,51.724137931034484,13,8.333333333333334,12,5.5762081784386615,13,18,2,1.79274,29.362886597938143,8.24742268041237,10,9,42,36,21.73913043478261,23.07692307692308,41.66666666666666,0.09959666666666667,team_tactical_v1,OBSERVED_TACTICAL_FEATURE,False,67.5,93.94736842105263,63.421052631578945,79.60526315789474,55.526315789473685,14.342105263157896,26.05263157894737,12.368421052631579,72.5,68.94736842105263,87.36842105263158,89.86842105263158,83.15789473684211,66.05263157894737,25.263157894736842,49.73684210526316,60.921052631578945,68.02631578947368,61.578947368421055,70.78947368421052
2526,understat:28905,2025-11-29,sunderland,bournemouth,H,mgr:1a031e232e88,Régis Le Bris,4231,W,False,25.796661608497725,33,85.9504132231405,22,18.181818181818183,33.333333333333336,27,22.31404958677686,16,6.980273141122914,10,12,3,1.16955,33.09411764705882,12.745098039215685,8,8,47,36,27.272727272727277,33.333333333333336,58.333333333333336,0.09746250000000001,team_tactical_v1,OBSERVED_TACTICAL_FEATURE,False,68.28947368421052,62.63157894736842,96.44736842105263,76.71052631578948,81.97368421052632,1.0526315789473684,93.94736842105263,86.57894736842105,89.86842105263158,90.0,68.28947368421052,51.8421052631579,96.05263157894737,38.28947368421053,55.26315789473684,83.02631578947368,37.63157894736842,55.39473684210526,86.44736842105263,70.78947368421052
2526,understat:28906,2025-11-29,fulham,tottenham_hotspur,A,mgr:d242da40969a,Marco Alexandre Saraiva da Silva,4231,W,False,12.481203007518795,17,76.47058823529412,6,11.764705882352942,60.0,13,25.49019607843137,4,3.609022556390977,4,7,2,0.494736,29.604444444444447,3.7037037037037037,16,9,42,39,16.666666666666668,38.46153846153846,41.02564102564103,0.07067657142857144,team_tactical_v1,OBSERVED_TACTICAL_FEATURE,False,1.3157894736842106,8.026315789473685,46.71052631578947,2.6315789473684212,30.526315789473685,42.89473684210526,26.05263157894737,92.5,8.157894736842104,20.263157894736842,12.763157894736842,16.18421052631579,83.15789473684211,9.736842105263158,27.105263157894736,10.131578947368421,96.57894736842105,68.02631578947368,61.578947368421055,78.6842105263158
2526,understat:28906,2025-11-29,tottenham_hotspur,fulham,H,mgr:1e78f2997997,Thomas Frank,4222,L,False,27.664399092970523,56,80.66298342541437,39,21.54696132596685,56.52173913043478,21,11.602209944751381,13,5.442176870748299,10,14,1,1.04396,42.00882352941176,6.862745098039215,7,13,47,39,15.384615384615383,33.333333333333336,58.97435897435897,0.07456857142857143,team_tactical_v1,OBSERVED_TACTICAL_FEATURE,False,78.15789473684211,95.52631578947368,76.97368421052632,98.6842105263158,95.13157894736842,30.263157894736842,74.21052631578948,36.31578947368421,77.76315789473684,65.26315789473684,68.28947368421052,67.63157894736842,58.55263157894737,33.1578947368421,96.71052631578948,36.44736842105263,25.13157894736842,93.02631578947368,86.44736842105263,78.6842105263158
2526,understat:28898,2025-11-30,aston_villa,wolverhampton_wanderers,H,mgr:dcdf2dffc0c2,Unai Emery,4231,W,False,30.378096479791395,51,78.77094972067039,21,11.731843575418994,53.84615384615385,22,12.29050279329609,10,5.215123859191656,13,16,1,1.15486,32.371428571428574,8.791208791208792,9,4,39,29,23.80952380952381,31.818181818181817,55.172413793103445,0.07217875,team_tactical_v1,OBSERVED_TACTICAL_FEATURE,False,88.28947368421052,91.84210526315789,63.026315789473685,72.23684210526316,30.13157894736842,19.736842105263158,78.8157894736842,41.578947368421055,56.44736842105263,59.86842105263158,87.36842105263158,80.92105263157895,58.55263157894737,37.63157894736842,51.05263157894737,53.1578947368421,49.3421052631579,12.368421052631579,46.71052631578947,45.526315789473685
2526,understat:28898,2025-11-30,wolverhampton_wanderers,aston_villa,A,mgr:434bf1b2b6dc,Rob Edwards,343,L,False,18.392370572207085,33,75.24752475247524,18,17.821782178217823,53.84615384615385,19,18.81188118811881,7,4.4959128065395095,7,9,0,0.692588,28.448623853211007,5.504587155963303,11,6,39,29,27.77777777777778,36.8421052631579,44.82758620689656,0.07695422222222222,team_tactical_v1,OBSERVED_TACTICAL_FEATURE,False,17.894736842105264,62.63157894736842,36.8421052631579,57.89473684210526,78.8157894736842,19.736842105263158,63.55263157894737,76.3157894736842,29.07894736842105,40.78947368421053,35.6578947368421,27.63157894736842,25.394736842105264,17.63157894736842,18.94736842105263,22.36842105263158,69.86842105263158,31.57894736842105,46.71052631578947,45.526315789473685
2526,understat:28900,2025-11-30,arsenal,chelsea,A,mgr:5fdd2f365fdc,Mikel Arteta,433,D,False,25.40322580645161,46,81.81818181818181,15,10.48951048951049,57.142857142857146,14,9.79020979020979,9,4.838709677419355,8,8,1,1.22828,29.803797468354425,6.329113924050633,9,10,34,39,26.666666666666668,35.714285714285715,30.76923076923077,0.153535,team_tactical_v1,OBSERVED_TACTICAL_FEATURE,False,66.1842105263158,86.97368421052632,82.89473684210526,41.71052631578947,19.86842105263158,33.81578947368421,31.31578947368421,21.18421052631579,46.973684210526315,48.81578947368421,46.31578947368421,20.92105263157895,58.55263157894737,40.78947368421053,27.894736842105264,30.263157894736842,49.3421052631579,78.28947368421052,22.36842105263158,78.6842105263158
2526,understat:28900,2025-11-30,chelsea,arsenal,H,mgr:dc01d928d84f,Enzo Maresca,4231,D,True,21.11692844677138,22,72.8395061728395,15,18.51851851851852,57.89473684210526,19,23.45679012345679,6,4.712041884816754,10,11,1,0.791914,31.439506172839504,3.7037037037037037,6,6,28,39,33.333333333333336,26.31578947368421,69.23076923076923,0.07199218181818182,team_tactical_v1,OBSERVED_TACTICAL_FEATURE,False,37.89473684210526,18.42105263157895,23.68421052631579,41.71052631578947,83.02631578947368,35.0,63.55263157894737,89.21052631578948,20.789473684210527,45.921052631578945,68.28947368421052,44.3421052631579,58.55263157894737,22.105263157894736,43.68421052631579,10.131578947368421,15.657894736842104,31.57894736842105,3.6842105263157894,78.6842105263158
2526,understat:28901,2025-11-30,crystal_palace,manchester_united,H,mgr:1058459b93f2,Oliver Glasner,3421,L,False,24.153166421207654,34,69.90291262135922,17,16.50485436893204,78.94736842105263,9,8.737864077669903,9,5.891016200294551,8,14,1,2.13561,29.356862745098034,1.9607843137254901,9,7,36,50,23.529411764705884,22.22222222222222,46.0,0.15254357142857142,team_tactical_v1,OBSERVED_TACTICAL_FEATURE,False,59.078947368421055,65.52631578947368,10.921052631578947,51.973684210526315,70.92105263157895,95.0,6.578947368421052,14.342105263157896,46.973684210526315,74.86842105263158,46.31578947368421,67.63157894736842,58.55263157894737,77.10526315789474,24.86842105263158,3.289473684210526,49.3421052631579,44.21052631578947,31.18421052631579,96.05263157894737
2526,understat:28901,2025-11-30,manchester_united,crystal_palace,A,mgr:662d1720cf8b,Ruben Filipe Marques Diogo Amorim,3421,W,False,22.94871794871795,39,79.83870967741936,18,14.516129032258064,55.0,16,12.903225806451612,6,3.8461538461538463,9,14,2,1.47768,32.369811320754714,9.433962264150944,6,10,43,50,16.666666666666668,31.25,54.0,0.10554857142857144,team_tactical_v1,OBSERVED_TACTICAL_FEATURE,False,50.13157894736842,76.44736842105263,70.13157894736842,57.89473684210526,54.078947368421055,23.94736842105263,44.3421052631579,46.05263157894737,20.789473684210527,25.263157894736842,57.76315789473684,67.63157894736842,83.15789473684211,54.21052631578947,50.921052631578945,58.94736842105263,15.657894736842104,78.28947368421052,66.71052631578948,96.05263157894737
2526,understat:28904,2025-11-30,brighton,nottingham_forest,A,mgr:dfda8206a0e2,Fabian Hürzeler,4231,W,False,18.05896805896806,29,74.31192660550458,5,4.587155963302752,62.96296296296296,20,18.34862385321101,11,4.2997542997543,11,17,2,2.0572,29.904724409448825,7.874015748031496,13,13,49,25,60.0,30.0,48.0,0.12101176470588235,team_tactical_v1,OBSERVED_TACTICAL_FEATURE,False,15.394736842105264,46.71052631578947,31.05263157894737,1.7105263157894737,1.0526315789473684,52.36842105263158,70.65789473684211,74.47368421052632,65.26315789473684,36.31578947368421,75.26315789473684,85.92105263157895,83.15789473684211,74.60526315789474,29.342105263157894,45.526315789473685,84.34210526315789,93.02631578947368,90.78947368421052,31.57894736842105
2526,understat:28904,2025-11-30,nottingham_forest,brighton,H,mgr:224591e666ec,Sean Dyche,4231,L,False,30.871670702179177,44,81.90954773869346,33,16.582914572864322,50.0,28,14.07035175879397,20,6.174334140435835,16,19,0,0.960325,35.154545454545456,10.0,14,7,56,25,24.24242424242424,60.71428571428572,52.0,0.05054342105263158,team_tactical_v1,OBSERVED_TACTICAL_FEATURE,False,89.47368421052632,83.8157894736842,83.28947368421052,95.78947368421052,71.57894736842105,13.947368421052632,95.52631578947368,52.5,97.10526315789474,79.60526315789474,95.52631578947368,91.57894736842105,25.394736842105264,29.342105263157894,71.71052631578948,63.81578947368421,90.13157894736842,44.21052631578947,98.42105263157895,31.57894736842105
2526,understat:28907,2025-11-30,liverpool,west_ham,A,mgr:328a5fafed26,Arne Slot,4231,W,False,19.412515964240104,41,75.0,10,8.620689655172415,62.5,14,12.068965517241379,10,3.5759897828863347,8,9,2,1.56793,27.749450549450557,6.593406593406593,7,4,39,25,20.0,42.85714285714285,60.0,0.17421444444444445,team_tactical_v1,OBSERVED_TACTICAL_FEATURE,False,23.81578947368421,80.0,36.18421052631579,13.157894736842104,10.263157894736842,51.973684210526315,31.31578947368421,40.26315789473684,56.44736842105263,19.605263157894736,46.31578947368421,27.63157894736842,83.15789473684211,58.1578947368421,15.921052631578947,33.026315789473685,25.13157894736842,12.368421052631579,46.71052631578947,31.57894736842105
2526,understat:28907,2025-11-30,west_ham,liverpool,H,mgr:b68b19e445ac,Nuno Herlander Simões Espírito Santo,4231,L,True,24.809741248097414,24,86.66666666666667,24,20.0,36.36363636363637,10,8.333333333333334,5,3.5007610350076104,6,7,0,0.364152,32.3561797752809,8.98876404494382,9,9,38,25,8.333333333333334,50.0,40.0,0.05202171428571428,team_tactical_v1,OBSERVED_TACTICAL_FEATURE,False,62.76315789473684,26.05263157894737,97.10526315789474,81.84210526315789,89.86842105263158,1.5789473684210527,11.447368421052632,12.368421052631579,13.947368421052632,18.289473684210527,24.736842105263158,16.18421052631579,25.394736842105264,5.657894736842105,50.526315789473685,54.86842105263158,49.3421052631579,68.02631578947368,40.13157894736842,31.57894736842105
2526,understat:28908,2025-12-02,bournemouth,everton,H,mgr:b4b8eecb310f,Andoni Iraola,4231,L,False,16.466346153846153,36,82.52427184466019,17,16.50485436893204,75.0,19,18.446601941747574,7,3.8461538461538463,3,5,0,0.635415,25.81065573770492,4.918032786885246,10,3,39,44,17.647058823529413,42.10526315789474,45.45454545454545,0.127083,team_tactical_v1,OBSERVED_TACTICAL_FEATURE,False,8.289473684210526,70.39473684210526,86.3157894736842,51.973684210526315,70.92105263157895,90.78947368421052,63.55263157894737,74.86842105263158,29.07894736842105,25.263157894736842,5.131578947368421,6.578947368421052,25.394736842105264,15.0,7.368421052631579,16.842105263157894,60.921052631578945,6.315789473684211,46.71052631578947,86.84210526315789
2526,understat:28908,2025-12-02,everton,bournemouth,A,mgr:84316c036a2d,David Moyes,4231,W,False,35.54301833568406,32,75.69060773480663,26,14.3646408839779,61.904761904761905,12,6.629834254143646,14,7.475317348377997,10,13,1,1.19573,35.13368421052631,11.578947368421053,11,4,43,44,7.6923076923076925,16.666666666666668,54.54545454545455,0.09197923076923077,team_tactical_v1,OBSERVED_TACTICAL_FEATURE,False,97.63157894736842,59.3421052631579,39.86842105263158,88.42105263157895,52.5,49.473684210526315,21.31578947368421,4.2105263157894735,84.07894736842105,93.6842105263158,68.28947368421052,58.421052631578945,58.55263157894737,39.473684210526315,71.57894736842105,76.1842105263158,69.86842105263158,12.368421052631579,66.71052631578948,86.84210526315789
2526,understat:28912,2025-12-02,fulham,manchester_city,H,mgr:d242da40969a,Marco Alexandre Saraiva da Silva,4231,L,False,23.00109529025192,32,86.57718120805369,21,14.093959731543624,57.89473684210526,14,9.395973154362416,8,4.381161007667032,7,13,5,0.972635,33.34271844660194,11.650485436893204,11,11,46,20,23.80952380952381,57.142857142857146,30.0,0.07481807692307693,team_tactical_v1,OBSERVED_TACTICAL_FEATURE,False,50.6578947368421,59.3421052631579,96.71052631578948,72.23684210526316,51.05263157894737,35.0,31.31578947368421,18.026315789473685,36.44736842105263,38.1578947368421,35.6578947368421,58.421052631578945,100.0,29.86842105263158,57.36842105263158,76.57894736842105,69.86842105263158,84.07894736842105,82.63157894736842,13.947368421052632
2526,understat:28912,2025-12-02,manchester_city,fulham,A,mgr:26dfbbc164aa,Pep Guardiola,433,W,False,21.773142112125164,27,85.03937007874016,7,5.511811023622047,73.6842105263158,22,17.322834645669293,11,3.7809647979139513,8,11,4,1.96225,33.92429906542056,12.149532710280374,7,16,39,20,57.142857142857146,36.36363636363637,70.0,0.17838636363636365,team_tactical_v1,OBSERVED_TACTICAL_FEATURE,False,42.10526315789474,37.10526315789474,94.86842105263158,5.394736842105263,1.5789473684210527,86.84210526315789,78.8157894736842,70.39473684210526,65.26315789473684,23.94736842105263,46.31578947368421,44.3421052631579,99.34210526315789,71.71052631578948,62.63157894736842,79.07894736842105,25.13157894736842,97.76315789473684,46.71052631578947,13.947368421052632
2526,understat:28916,2025-12-02,newcastle_united,tottenham_hotspur,H,mgr:65451ab24622,Eddie Howe,433,D,False,27.127003699136868,32,74.49664429530202,40,26.845637583892618,71.42857142857143,21,14.093959731543624,15,7.151664611590629,12,19,2,1.88558,39.27327586206897,16.379310344827587,13,9,49,39,25.0,42.85714285714285,64.1025641025641,0.09924105263157895,team_tactical_v1,OBSERVED_TACTICAL_FEATURE,False,75.52631578947368,59.3421052631579,32.76315789473684,98.8157894736842,99.73684210526316,81.97368421052632,74.21052631578948,52.76315789473684,87.5,91.1842105263158,82.5,91.57894736842105,83.15789473684211,69.34210526315789,90.78947368421052,93.42105263157895,84.34210526315789,68.02631578947368,90.78947368421052,78.6842105263158
2526,understat:28916,2025-12-02,tottenham_hotspur,newcastle_united,A,mgr:1e78f2997997,Thomas Frank,4231,D,False,22.013422818791945,24,85.03937007874016,28,22.04724409448819,57.142857142857146,23,18.11023622047244,11,4.966442953020135,6,8,2,1.05205,27.582407407407413,4.62962962962963,13,8,41,39,21.428571428571427,43.47826086956522,35.8974358974359,0.13150625,team_tactical_v1,OBSERVED_TACTICAL_FEATURE,False,44.21052631578947,26.05263157894737,94.86842105263158,91.3157894736842,95.78947368421052,33.81578947368421,82.89473684210526,73.28947368421052,65.26315789473684,51.973684210526315,24.736842105263158,20.92105263157895,83.15789473684211,33.28947368421053,15.131578947368421,15.263157894736842,84.34210526315789,55.39473684210526,57.89473684210526,78.6842105263158
2526,understat:28909,2025-12-03,arsenal,brentford,H,mgr:5fdd2f365fdc,Mikel Arteta,433,W,False,27.85547785547785,45,78.37837837837837,15,8.108108108108109,65.38461538461539,18,9.72972972972973,7,4.312354312354312,13,15,2,2.63126,37.652336448598135,14.953271028037383,14,6,47,36,13.333333333333334,38.888888888888886,44.44444444444444,0.17541733333333334,team_tactical_v1,OBSERVED_TACTICAL_FEATURE,False,79.21052631578948,85.52631578947368,60.6578947368421,41.71052631578947,8.157894736842104,63.55263157894737,56.71052631578947,20.526315789473685,29.07894736842105,36.578947368421055,87.36842105263158,74.73684210526316,83.15789473684211,89.60526315789474,85.65789473684211,90.26315789473684,90.13157894736842,31.57894736842105,86.44736842105263,70.78947368421052
2526,understat:28909,2025-12-03,brentford,arsenal,A,mgr:5f487ee40c90,Keith Andrews,532,L,False,15.538461538461538,24,85.07462686567165,12,17.91044776119403,50.0,18,26.865671641791046,8,3.3846153846153846,4,6,0,0.588716,26.809482758620685,0.8620689655172413,12,10,46,36,25.0,27.77777777777778,55.55555555555556,0.09811933333333334,team_tactical_v1,OBSERVED_TACTICAL_FEATURE,False,5.394736842105263,26.05263157894737,95.0,23.94736842105263,79.60526315789474,13.947368421052632,56.71052631578947,94.60526315789474,36.44736842105263,15.657894736842104,12.763157894736842,10.394736842105264,25.394736842105264,12.763157894736842,11.973684210526315,0.2631578947368421,77.36842105263158,78.28947368421052,82.63157894736842,70.78947368421052
2526,understat:28910,2025-12-03,aston_villa,brighton,A,mgr:dcdf2dffc0c2,Unai Emery,4231,W,False,14.771048744460856,18,79.16666666666667,15,20.833333333333332,59.09090909090909,28,38.888888888888886,9,5.465288035450517,12,15,5,3.15745,30.42258064516129,7.526881720430108,13,8,32,19,26.666666666666668,46.42857142857143,52.63157894736842,0.21049666666666667,team_tactical_v1,OBSERVED_TACTICAL_FEATURE,False,4.078947368421052,10.131578947368421,66.44736842105263,41.71052631578947,92.36842105263158,38.1578947368421,95.52631578947368,99.47368421052632,46.973684210526315,65.92105263157895,82.5,74.73684210526316,100.0,94.73684210526316,35.0,42.10526315789474,84.34210526315789,55.39473684210526,14.342105263157896,12.894736842105264
2526,understat:28910,2025-12-03,brighton,aston_villa,H,mgr:dfda8206a0e2,Fabian Hürzeler,4231,L,False,27.88339670468948,30,74.46808510638297,19,13.47517730496454,82.6086956521739,23,16.31205673758865,7,4.689480354879595,9,16,2,1.96298,43.43608247422681,21.649484536082475,13,9,39,19,21.05263157894737,56.52173913043478,47.36842105263158,0.12268625,team_tactical_v1,OBSERVED_TACTICAL_FEATURE,False,79.73684210526316,51.31578947368421,32.10526315789474,62.10526315789474,46.18421052631579,97.36842105263158,82.89473684210526,65.0,29.07894736842105,45.13157894736842,57.76315789473684,80.92105263157895,83.15789473684211,71.97368421052632,98.94736842105263,98.8157894736842,84.34210526315789,68.02631578947368,46.71052631578947,12.894736842105264
2526,understat:28911,2025-12-03,burnley,crystal_palace,H,mgr:c49e040048ca,Scott Parker,442,L,False,21.724890829694324,34,85.71428571428571,19,14.285714285714286,63.1578947368421,10,7.518796992481203,18,4.6943231441048034,8,11,0,1.16852,36.5421875,8.59375,7,16,48,47,26.31578947368421,30.0,40.42553191489362,0.10622909090909091,team_tactical_v1,OBSERVED_TACTICAL_FEATURE,False,41.8421052631579,65.52631578947368,96.1842105263158,62.10526315789474,52.23684210526316,54.078947368421055,11.447368421052632,8.026315789473685,93.94736842105263,45.526315789473685,46.31578947368421,44.3421052631579,25.394736842105264,38.1578947368421,79.86842105263158,51.71052631578947,25.13157894736842,97.76315789473684,88.94736842105263,92.89473684210526
2526,understat:28911,2025-12-03,crystal_palace,burnley,A,mgr:1058459b93f2,Oliver Glasner,3421,W,False,16.734143049932523,22,62.33766233766234,11,14.285714285714286,66.66666666666667,6,7.792207792207792,8,4.588394062078272,3,3,1,0.987797,30.306818181818183,7.575757575757576,13,11,50,47,45.45454545454545,16.666666666666668,59.57446808510638,0.3292656666666667,team_tactical_v1,OBSERVED_TACTICAL_FEATURE,False,8.947368421052632,18.42105263157895,1.1842105263157894,18.94736842105263,52.23684210526316,70.92105263157895,1.4473684210526316,9.605263157894736,36.44736842105263,43.55263157894737,5.131578947368421,1.5789473684210527,58.55263157894737,30.657894736842106,33.68421052631579,42.36842105263158,84.34210526315789,84.07894736842105,92.63157894736842,92.89473684210526
2526,understat:28913,2025-12-03,chelsea,leeds_united,A,mgr:dc01d928d84f,Enzo Maresca,4231,L,False,17.27904667328699,50,79.54545454545455,20,15.151515151515152,58.333333333333336,20,15.151515151515152,10,4.468718967229394,11,14,1,0.964018,30.341414141414145,4.040404040404041,11,3,38,32,25.0,40.0,56.25,0.06885842857142857,team_tactical_v1,OBSERVED_TACTICAL_FEATURE,False,11.447368421052632,90.78947368421052,68.28947368421052,67.63157894736842,59.3421052631579,36.31578947368421,70.65789473684211,59.86842105263158,56.44736842105263,39.86842105263158,75.26315789473684,67.63157894736842,58.55263157894737,29.605263157894736,34.078947368421055,11.973684210526315,69.86842105263158,6.315789473684211,40.13157894736842,55.78947368421053
2526,understat:28913,2025-12-03,leeds_united,chelsea,H,mgr:fa5d385e34dc,Daniel Farke,352,W,False,23.529411764705884,22,70.78651685393258,18,20.224719101123597,64.0,17,19.10112359550562,10,5.2100840336134455,9,17,3,2.2047,34.43934426229509,11.475409836065573,15,9,48,32,33.333333333333336,23.529411764705884,43.75,0.12968823529411763,team_tactical_v1,OBSERVED_TACTICAL_FEATURE,False,54.3421052631579,18.42105263157895,13.947368421052632,57.89473684210526,90.26315789473684,57.76315789473684,50.13157894736842,78.02631578947368,56.44736842105263,59.60526315789474,57.76315789473684,85.92105263157895,96.05263157894737,78.94736842105263,65.78947368421052,75.13157894736842,93.42105263157895,68.02631578947368,88.94736842105263,55.78947368421053
2526,understat:28914,2025-12-03,liverpool,sunderland,H,mgr:328a5fafed26,Arne Slot,4231,D,False,34.060228452751815,60,75.18248175182482,34,12.408759124087592,62.16216216216216,15,5.474452554744525,13,5.192107995846314,17,23,0,1.37633,35.64148936170213,13.829787234042554,9,6,41,34,17.647058823529413,33.333333333333336,52.94117647058823,0.0598404347826087,team_tactical_v1,OBSERVED_TACTICAL_FEATURE,False,95.39473684210526,97.10526315789474,36.31578947368421,96.57894736842105,35.526315789473685,49.73684210526316,36.8421052631579,1.5789473684210527,77.76315789473684,58.68421052631579,96.97368421052632,97.63157894736842,25.394736842105264,49.3421052631579,75.13157894736842,86.84210526315789,49.3421052631579,31.57894736842105,57.89473684210526,63.421052631578945
2526,understat:28914,2025-12-03,sunderland,liverpool,A,mgr:1a031e232e88,Régis Le Bris,442,D,False,18.12080536912752,18,76.25,12,15.0,63.63636363636363,10,12.5,7,4.362416107382551,4,10,2,0.712662,26.76696428571429,6.25,7,9,31,34,25.0,30.0,47.05882352941177,0.0712662,team_tactical_v1,OBSERVED_TACTICAL_FEATURE,False,15.921052631578947,10.131578947368421,44.73684210526316,23.94736842105263,58.026315789473685,56.71052631578947,11.447368421052632,43.28947368421053,29.07894736842105,37.63157894736842,12.763157894736842,35.13157894736842,83.15789473684211,18.68421052631579,11.447368421052632,29.210526315789473,25.13157894736842,68.02631578947368,11.18421052631579,63.421052631578945
2526,understat:28917,2025-12-03,nottingham_forest,wolverhampton_wanderers,A,mgr:224591e666ec,Sean Dyche,4231,W,False,26.595744680851062,30,78.26086956521739,21,15.217391304347826,47.05882352941177,16,11.594202898550725,14,4.388297872340425,8,10,1,1.12389,37.25955056179775,12.359550561797754,7,5,37,32,38.095238095238095,25.0,46.875,0.112389,team_tactical_v1,OBSERVED_TACTICAL_FEATURE,False,72.89473684210526,51.31578947368421,60.13157894736842,72.23684210526316,60.39473684210526,7.7631578947368425,44.3421052631579,36.18421052631579,84.07894736842105,38.421052631578945,46.31578947368421,35.13157894736842,58.55263157894737,36.05263157894737,83.8157894736842,79.86842105263158,25.13157894736842,19.736842105263158,35.13157894736842,55.78947368421053
2526,understat:28917,2025-12-03,wolverhampton_wanderers,nottingham_forest,H,mgr:434bf1b2b6dc,Rob Edwards,343,L,False,15.167785234899329,25,78.2051282051282,18,23.076923076923077,50.0,17,21.794871794871796,8,2.416107382550336,5,5,0,1.02461,30.105050505050503,5.05050505050505,14,10,44,32,16.666666666666668,47.05882352941177,53.125,0.204922,team_tactical_v1,OBSERVED_TACTICAL_FEATURE,False,4.7368421052631575,28.42105263157895,59.473684210526315,57.89473684210526,98.02631578947368,13.947368421052632,50.13157894736842,84.86842105263158,36.44736842105263,4.078947368421052,19.473684210526315,6.578947368421052,25.394736842105264,32.10526315789474,31.05263157894737,18.157894736842106,90.13157894736842,78.28947368421052,73.02631578947368,55.78947368421053
2526,understat:28915,2025-12-04,manchester_united,west_ham,H,mgr:662d1720cf8b,Ruben Filipe Marques Diogo Amorim,3421,D,False,29.96706915477497,51,78.67298578199052,31,14.691943127962086,55.55555555555556,15,7.109004739336493,11,6.586169045005488,10,17,1,2.27674,32.91818181818182,11.11111111111111,14,5,48,36,16.129032258064516,60.0,30.55555555555556,0.1339258823529412,team_tactical_v1,OBSERVED_TACTICAL_FEATURE,False,87.23684210526316,91.84210526315789,62.5,94.47368421052632,55.13157894736842,26.973684210526315,36.8421052631579,6.7105263157894735,65.26315789473684,85.39473684210526,68.28947368421052,85.92105263157895,58.55263157894737,80.65789473684211,54.21052631578947,73.15789473684211,90.13157894736842,19.736842105263158,88.94736842105263,70.78947368421052
2526,understat:28915,2025-12-04,west_ham,manchester_united,A,mgr:b68b19e445ac,Nuno Herlander Simões Espírito Santo,4231,D,False,22.34042553191489,30,81.31868131868131,16,17.582417582417584,66.66666666666667,20,21.978021978021978,10,5.775075987841945,6,11,1,1.36584,31.277165354330705,11.023622047244094,8,20,41,36,18.75,55.0,69.44444444444444,0.12416727272727272,team_tactical_v1,OBSERVED_TACTICAL_FEATURE,False,46.31578947368421,51.31578947368421,80.0,46.973684210526315,78.15789473684211,70.92105263157895,70.65789473684211,85.52631578947368,56.44736842105263,72.5,24.736842105263158,44.3421052631579,58.55263157894737,48.81578947368421,42.5,72.23684210526316,37.63157894736842,100.0,57.89473684210526,70.78947368421052
2526,understat:28918,2025-12-06,bournemouth,chelsea,H,mgr:b4b8eecb310f,Andoni Iraola,4231,D,False,19.818456883509832,28,75.29411764705883,11,12.941176470588236,55.55555555555556,20,23.529411764705884,6,5.446293494704992,8,13,0,1.41931,32.08518518518519,4.62962962962963,12,14,47,40,9.090909090909092,35.0,42.5,0.10917769230769231,team_tactical_v1,OBSERVED_TACTICAL_FEATURE,False,26.31578947368421,41.973684210526315,37.23684210526316,18.94736842105263,41.18421052631579,26.973684210526315,70.65789473684211,89.47368421052632,20.789473684210527,65.39473684210526,46.31578947368421,58.421052631578945,25.394736842105264,51.44736842105263,47.5,15.263157894736842,77.36842105263158,95.13157894736842,86.44736842105263,79.47368421052632
2526,understat:28918,2025-12-06,chelsea,bournemouth,A,mgr:dc01d928d84f,Enzo Maresca,4231,D,False,21.205098493626885,46,73.33333333333333,14,9.333333333333334,64.70588235294117,24,16.0,9,3.0127462340672078,9,11,0,0.672602,34.80884955752212,5.3097345132743365,9,10,52,40,35.714285714285715,29.166666666666668,57.5,0.06114563636363637,team_tactical_v1,OBSERVED_TACTICAL_FEATURE,False,38.55263157894737,86.97368421052632,25.92105263157895,36.31578947368421,13.552631578947368,61.578947368421055,84.86842105263158,64.21052631578948,46.973684210526315,10.0,57.76315789473684,44.3421052631579,25.394736842105264,16.44736842105263,68.8157894736842,21.18421052631579,49.3421052631579,78.28947368421052,95.0,79.47368421052632
2526,understat:28919,2025-12-06,arsenal,aston_villa,A,mgr:5fdd2f365fdc,Mikel Arteta,433,L,False,27.28476821192053,42,80.3680981595092,16,9.815950920245399,50.0,16,9.815950920245399,10,5.960264900662252,10,15,1,1.85965,30.920512820512823,11.11111111111111,11,11,47,19,25.0,37.5,63.1578947368421,0.12397666666666667,team_tactical_v1,OBSERVED_TACTICAL_FEATURE,False,76.1842105263158,81.3157894736842,73.8157894736842,46.973684210526315,15.921052631578947,13.947368421052632,44.3421052631579,21.44736842105263,56.44736842105263,75.92105263157895,68.28947368421052,74.73684210526316,58.55263157894737,68.55263157894737,39.60526315789474,73.15789473684211,69.86842105263158,84.07894736842105,86.44736842105263,12.894736842105264
2526,understat:28919,2025-12-06,aston_villa,arsenal,H,mgr:dcdf2dffc0c2,Unai Emery,4231,W,False,24.087591240875916,39,67.16417910447761,14,10.447761194029852,94.73684210526316,19,14.17910447761194,12,7.153284671532846,9,15,2,2.71986,30.53333333333333,7.142857142857143,10,6,35,19,7.142857142857143,52.63157894736842,36.8421052631579,0.181324,team_tactical_v1,OBSERVED_TACTICAL_FEATURE,False,58.1578947368421,76.44736842105263,5.7894736842105265,36.31578947368421,19.605263157894736,99.60526315789474,63.55263157894737,53.68421052631579,72.5,91.3157894736842,57.76315789473684,74.73684210526316,83.15789473684211,90.26315789473684,36.71052631578947,39.60526315789474,60.921052631578945,31.57894736842105,26.57894736842105,12.894736842105264
2526,understat:28921,2025-12-06,everton,nottingham_forest,H,mgr:84316c036a2d,David Moyes,4231,W,False,25.51928783382789,22,76.36363636363636,18,16.363636363636363,66.66666666666667,16,14.545454545454545,9,6.676557863501484,8,11,2,1.25348,33.1392,8.0,11,11,45,45,16.666666666666668,18.75,46.66666666666666,0.11395272727272726,team_tactical_v1,OBSERVED_TACTICAL_FEATURE,False,66.97368421052632,18.42105263157895,45.78947368421053,57.89473684210526,69.60526315789474,70.92105263157895,44.3421052631579,55.0,46.973684210526315,86.44736842105263,46.31578947368421,44.3421052631579,83.15789473684211,42.10526315789474,55.78947368421053,47.63157894736842,69.86842105263158,84.07894736842105,77.23684210526316,88.42105263157895
2526,understat:28921,2025-12-06,nottingham_forest,everton,A,mgr:224591e666ec,Sean Dyche,4231,L,False,17.06700379266751,22,78.88888888888889,18,20.0,54.54545454545455,15,16.666666666666668,5,2.149178255372945,4,8,1,0.31234,30.19090909090909,6.363636363636363,15,6,36,45,16.666666666666668,53.333333333333336,53.333333333333336,0.0390425,team_tactical_v1,OBSERVED_TACTICAL_FEATURE,False,10.394736842105264,18.42105263157895,64.21052631578948,57.89473684210526,89.86842105263158,23.42105263157895,36.8421052631579,68.02631578947368,13.947368421052632,2.1052631578947367,12.763157894736842,20.92105263157895,58.55263157894737,4.078947368421052,31.842105263157894,30.92105263157895,93.42105263157895,31.57894736842105,31.18421052631579,88.42105263157895
2526,understat:28923,2025-12-06,leeds_united,liverpool,H,mgr:fa5d385e34dc,Daniel Farke,352,D,False,22.33009708737864,31,81.41592920353982,14,12.389380530973451,66.66666666666667,14,12.389380530973451,12,4.160887656033287,8,12,3,1.79333,33.90444444444445,8.88888888888889,6,10,38,34,28.571428571428573,35.714285714285715,44.11764705882353,0.14944416666666668,team_tactical_v1,OBSERVED_TACTICAL_FEATURE,False,46.18421052631579,55.13157894736842,80.39473684210526,36.31578947368421,35.13157894736842,70.92105263157895,31.31578947368421,42.5,72.5,33.421052631578945,46.31578947368421,51.8421052631579,96.05263157894737,66.1842105263158,62.10526315789474,53.68421052631579,15.657894736842104,78.28947368421052,40.13157894736842,63.421052631578945
2526,understat:28923,2025-12-06,liverpool,leeds_united,A,mgr:328a5fafed26,Arne Slot,4231,D,False,28.393524283935243,27,81.76795580110497,17,9.392265193370166,40.0,14,7.734806629834254,12,5.47945205479452,13,16,3,2.04805,33.86060606060606,11.11111111111111,9,5,41,34,35.294117647058826,42.85714285714285,55.88235294117647,0.128003125,team_tactical_v1,OBSERVED_TACTICAL_FEATURE,False,81.71052631578948,37.10526315789474,82.23684210526316,51.973684210526315,13.947368421052632,3.289473684210526,31.31578947368421,9.210526315789474,72.5,66.3157894736842,87.36842105263158,80.92105263157895,96.05263157894737,74.21052631578948,61.578947368421055,73.15789473684211,49.3421052631579,19.736842105263158,57.89473684210526,63.421052631578945
2526,understat:28924,2025-12-06,manchester_city,sunderland,H,mgr:26dfbbc164aa,Pep Guardiola,4321,W,False,35.40983606557377,42,76.36363636363636,19,6.909090909090909,56.25,26,9.454545454545455,13,5.7923497267759565,16,18,3,2.41605,35.29880952380953,11.904761904761905,8,4,43,21,31.57894736842105,42.30769230769231,52.38095238095238,0.13422499999999998,team_tactical_v1,OBSERVED_TACTICAL_FEATURE,False,97.36842105263158,81.3157894736842,45.78947368421053,62.10526315789474,3.8157894736842106,29.605263157894736,91.44736842105263,18.81578947368421,77.76315789473684,72.89473684210526,95.52631578947368,89.86842105263158,96.05263157894737,84.86842105263158,72.5,77.63157894736842,37.63157894736842,12.368421052631579,66.71052631578948,17.63157894736842
2526,understat:28924,2025-12-06,sunderland,manchester_city,A,mgr:1a031e232e88,Régis Le Bris,541,L,True,15.196078431372548,17,73.77049180327869,13,21.311475409836067,50.0,11,18.0327868852459,3,2.7777777777777777,5,8,0,0.626486,28.51826923076923,9.615384615384615,13,8,40,21,7.6923076923076925,27.272727272727277,47.61904761904762,0.07831075,team_tactical_v1,OBSERVED_TACTICAL_FEATURE,False,4.868421052631579,8.026315789473685,27.763157894736842,30.13157894736842,93.94736842105263,13.947368421052632,15.657894736842104,72.89473684210526,4.2105263157894735,7.631578947368421,19.473684210526315,20.92105263157895,25.394736842105264,14.605263157894736,19.473684210526315,60.26315789473684,84.34210526315789,55.39473684210526,52.36842105263158,17.63157894736842
2526,understat:28925,2025-12-06,burnley,newcastle_united,A,mgr:c49e040048ca,Scott Parker,433,L,True,24.144144144144143,16,77.77777777777777,20,22.22222222222222,56.25,12,13.333333333333334,7,5.585585585585585,8,9,1,1.58375,27.419318181818177,6.818181818181818,8,7,34,25,30.0,33.333333333333336,36.0,0.17597222222222222,team_tactical_v1,OBSERVED_TACTICAL_FEATURE,False,58.81578947368421,5.7894736842105265,57.36842105263158,67.63157894736842,96.44736842105263,29.605263157894736,21.31578947368421,48.55263157894737,29.07894736842105,69.07894736842105,46.31578947368421,27.63157894736842,58.55263157894737,58.68421052631579,14.210526315789474,35.526315789473685,37.63157894736842,44.21052631578947,22.36842105263158,31.57894736842105
2526,understat:28925,2025-12-06,newcastle_united,burnley,H,mgr:65451ab24622,Eddie Howe,433,W,False,27.896995708154503,60,79.90867579908675,25,11.415525114155251,44.44444444444444,17,7.762557077625571,11,3.862660944206009,10,17,2,1.80708,31.98118811881188,6.930693069306931,15,1,48,25,4.0,52.94117647058823,64.0,0.10629882352941177,team_tactical_v1,OBSERVED_TACTICAL_FEATURE,False,79.86842105263158,97.10526315789474,70.39473684210526,84.07894736842105,26.842105263157894,5.526315789473684,50.13157894736842,9.342105263157896,65.26315789473684,26.18421052631579,68.28947368421052,85.92105263157895,83.15789473684211,66.71052631578948,46.8421052631579,37.36842105263158,93.42105263157895,0.6578947368421053,88.94736842105263,31.57894736842105
2526,understat:28926,2025-12-06,brentford,tottenham_hotspur,A,mgr:5f487ee40c90,Keith Andrews,4231,L,False,19.94261119081779,27,75.78947368421052,18,18.94736842105263,66.66666666666667,20,21.05263157894737,9,3.586800573888092,3,4,0,0.470563,27.8018018018018,4.504504504504505,16,7,43,34,11.11111111111111,40.0,52.94117647058823,0.11764075,team_tactical_v1,OBSERVED_TACTICAL_FEATURE,False,27.36842105263158,37.10526315789474,40.6578947368421,57.89473684210526,85.39473684210526,70.92105263157895,70.65789473684211,82.63157894736842,46.973684210526315,19.86842105263158,5.131578947368421,3.1578947368421053,25.394736842105264,8.81578947368421,16.18421052631579,14.736842105263158,96.57894736842105,44.21052631578947,66.71052631578948,63.421052631578945
2526,understat:28926,2025-12-06,tottenham_hotspur,brentford,H,mgr:1e78f2997997,Thomas Frank,4231,W,False,29.56058588548602,29,78.10650887573965,26,15.384615384615385,63.63636363636363,22,13.017751479289942,10,5.193075898801598,9,15,2,2.42388,34.77699115044248,9.734513274336283,10,11,50,34,19.23076923076923,36.36363636363637,47.05882352941177,0.161592,team_tactical_v1,OBSERVED_TACTICAL_FEATURE,False,85.78947368421052,46.71052631578947,58.55263157894737,88.42105263157895,61.44736842105263,56.71052631578947,78.8157894736842,46.578947368421055,56.44736842105263,58.81578947368421,57.76315789473684,74.73684210526316,83.15789473684211,85.13157894736842,68.55263157894737,61.44736842105263,60.921052631578945,84.07894736842105,92.63157894736842,63.421052631578945
2526,understat:28920,2025-12-07,brighton,west_ham,H,mgr:dfda8206a0e2,Fabian Hürzeler,4231,D,False,36.68508287292818,46,72.82608695652173,39,14.130434782608695,58.333333333333336,19,6.884057971014493,19,6.961325966850829,16,22,1,2.10077,35.589473684210525,15.789473684210526,7,9,39,26,33.333333333333336,31.57894736842105,53.84615384615385,0.09548954545454545,team_tactical_v1,OBSERVED_TACTICAL_FEATURE,False,98.42105263157895,86.97368421052632,23.42105263157895,98.6842105263158,51.31578947368421,36.31578947368421,63.55263157894737,5.526315789473684,95.39473684210526,89.73684210526316,95.52631578947368,97.10526315789474,58.55263157894737,76.05263157894737,74.86842105263158,92.10526315789474,25.13157894736842,68.02631578947368,46.71052631578947,35.526315789473685
2526,understat:28920,2025-12-07,west_ham,brighton,A,mgr:b68b19e445ac,Nuno Herlander Simões Espírito Santo,3412,D,False,19.734660033167497,18,77.90697674418605,11,12.790697674418604,47.36842105263158,26,30.232558139534884,6,5.970149253731344,11,14,1,1.7064,24.96548672566372,7.079646017699115,7,13,34,26,27.272727272727277,50.0,46.15384615384615,0.12188571428571428,team_tactical_v1,OBSERVED_TACTICAL_FEATURE,False,25.92105263157895,10.131578947368421,58.026315789473685,18.94736842105263,38.68421052631579,8.026315789473685,91.44736842105263,97.76315789473684,20.789473684210527,76.05263157894737,75.26315789473684,67.63157894736842,58.55263157894737,62.76315789473684,4.473684210526316,38.94736842105263,25.13157894736842,93.02631578947368,22.36842105263158,35.526315789473685
2526,understat:28922,2025-12-07,crystal_palace,fulham,A,mgr:1058459b93f2,Oliver Glasner,3421,W,False,17.065868263473053,31,78.04878048780488,13,15.853658536585366,50.0,19,23.170731707317074,13,3.592814371257485,9,11,2,1.71109,31.7754716981132,2.830188679245283,14,9,39,22,23.07692307692308,31.57894736842105,31.818181818181817,0.15555363636363637,team_tactical_v1,OBSERVED_TACTICAL_FEATURE,False,10.263157894736842,55.13157894736842,58.28947368421053,30.13157894736842,65.65789473684211,13.947368421052632,63.55263157894737,88.6842105263158,77.76315789473684,20.13157894736842,57.76315789473684,44.3421052631579,83.15789473684211,62.89473684210526,45.78947368421053,5.921052631578948,90.13157894736842,68.02631578947368,46.71052631578947,20.526315789473685
2526,understat:28922,2025-12-07,fulham,crystal_palace,H,mgr:d242da40969a,Marco Alexandre Saraiva da Silva,4231,L,False,20.44728434504792,49,76.22377622377623,19,13.286713286713287,45.45454545454545,21,14.685314685314685,10,4.046858359957401,10,12,1,0.766771,32.220618556701034,7.216494845360825,7,8,48,22,36.8421052631579,42.85714285714285,68.18181818181819,0.06389758333333333,team_tactical_v1,OBSERVED_TACTICAL_FEATURE,False,33.81578947368421,90.0,44.21052631578947,62.10526315789474,44.473684210526315,6.447368421052632,74.21052631578948,56.71052631578947,56.44736842105263,31.44736842105263,68.28947368421052,51.8421052631579,58.55263157894737,21.44736842105263,48.81578947368421,40.13157894736842,25.13157894736842,55.39473684210526,88.94736842105263,20.526315789473685
2526,understat:28927,2025-12-08,manchester_united,wolverhampton_wanderers,A,mgr:662d1720cf8b,Ruben Filipe Marques Diogo Amorim,3421,W,False,25.74585635359116,32,69.41176470588235,14,8.235294117647058,54.34782608695652,25,14.705882352941176,15,6.629834254143646,21,27,4,4.04708,32.97476635514019,8.411214953271028,9,7,45,41,21.428571428571427,40.0,51.21951219512195,0.14989185185185186,team_tactical_v1,OBSERVED_TACTICAL_FEATURE,False,67.76315789473684,59.3421052631579,9.605263157894736,36.31578947368421,8.68421052631579,21.05263157894737,89.21052631578948,56.973684210526315,87.5,86.05263157894737,99.47368421052632,99.21052631578948,99.34210526315789,99.34210526315789,54.473684210526315,50.921052631578945,49.3421052631579,44.21052631578947,77.23684210526316,82.10526315789474
2526,understat:28927,2025-12-08,wolverhampton_wanderers,manchester_united,H,mgr:434bf1b2b6dc,Rob Edwards,3421,L,False,24.8546511627907,33,72.80701754385964,25,21.92982456140351,64.28571428571429,27,23.68421052631579,13,4.941860465116279,7,8,1,0.262147,36.23333333333333,12.5,12,13,52,41,24.0,48.14814814814815,48.78048780487805,0.032768375,team_tactical_v1,OBSERVED_TACTICAL_FEATURE,False,63.28947368421053,62.63157894736842,23.289473684210527,84.07894736842105,95.65789473684211,59.3421052631579,93.94736842105263,89.60526315789474,77.76315789473684,51.578947368421055,35.6578947368421,20.92105263157895,58.55263157894737,3.026315789473684,78.28947368421052,81.84210526315789,77.36842105263158,93.02631578947368,95.0,82.10526315789474
2526,understat:28928,2025-12-13,arsenal,wolverhampton_wanderers,H,mgr:5fdd2f365fdc,Mikel Arteta,433,W,False,34.183082271147164,67,82.21343873517786,30,11.857707509881424,53.84615384615385,20,7.905138339920948,20,6.6048667439165705,12,16,0,1.61796,31.43783783783784,2.7027027027027026,3,8,37,36,20.0,50.0,58.333333333333336,0.1011225,team_tactical_v1,OBSERVED_TACTICAL_FEATURE,False,95.65789473684211,98.8157894736842,84.60526315789474,93.55263157894737,30.92105263157895,19.736842105263158,70.65789473684211,10.526315789473685,97.10526315789474,85.52631578947368,82.5,80.92105263157895,25.394736842105264,59.21052631578947,43.55263157894737,5.394736842105263,2.1052631578947367,55.39473684210526,35.13157894736842,70.78947368421052
2526,understat:28928,2025-12-13,wolverhampton_wanderers,arsenal,A,mgr:434bf1b2b6dc,Rob Edwards,352,L,False,17.06422018348624,20,77.41935483870968,8,12.903225806451612,60.0,10,16.129032258064516,7,3.853211009174312,3,5,3,0.61997,24.503883495145622,3.883495145631068,5,5,29,36,50.0,40.0,41.66666666666666,0.12399400000000001,team_tactical_v1,OBSERVED_TACTICAL_FEATURE,False,10.131578947368421,13.81578947368421,53.81578947368421,7.2368421052631575,40.39473684210526,42.89473684210526,11.447368421052632,64.47368421052632,29.07894736842105,25.657894736842106,5.131578947368421,6.578947368421052,96.05263157894737,14.078947368421053,3.289473684210526,11.447368421052632,7.631578947368421,19.736842105263158,5.131578947368421,70.78947368421052
2526,understat:28930,2025-12-13,burnley,fulham,H,mgr:c49e040048ca,Scott Parker,433,L,False,28.38002436053593,52,83.63636363636364,17,10.303030303030303,66.66666666666667,18,10.909090909090908,13,4.993909866017052,10,16,2,2.05486,43.277647058823526,17.647058823529413,9,9,44,32,17.647058823529413,33.333333333333336,43.75,0.12842875,team_tactical_v1,OBSERVED_TACTICAL_FEATURE,False,81.57894736842105,92.89473684210526,89.86842105263158,51.973684210526315,18.94736842105263,70.92105263157895,56.71052631578947,30.789473684210527,77.76315789473684,52.5,68.28947368421052,80.92105263157895,83.15789473684211,74.34210526315789,98.6842105263158,95.26315789473684,49.3421052631579,68.02631578947368,73.02631578947368,55.78947368421053
2526,understat:28930,2025-12-13,fulham,burnley,A,mgr:d242da40969a,Marco Alexandre Saraiva da Silva,4231,W,False,13.010204081632653,28,77.77777777777777,15,18.51851851851852,60.0,10,12.345679012345679,8,2.423469387755102,6,6,3,1.65053,23.248,1.6,12,12,47,32,26.666666666666668,40.0,56.25,0.2750883333333333,team_tactical_v1,OBSERVED_TACTICAL_FEATURE,False,2.236842105263158,41.973684210526315,57.36842105263158,41.71052631578947,83.02631578947368,42.89473684210526,11.447368421052632,41.8421052631579,36.44736842105263,4.2105263157894735,24.736842105263158,10.394736842105264,96.05263157894737,60.26315789473684,1.4473684210526316,1.4473684210526316,77.36842105263158,89.21052631578948,86.44736842105263,55.78947368421053
2526,understat:28931,2025-12-13,chelsea,everton,H,mgr:dc01d928d84f,Enzo Maresca,4231,W,False,19.294117647058822,30,71.68141592920354,10,8.849557522123893,55.55555555555556,22,19.469026548672566,9,4.0,12,17,2,2.64457,34.75555555555556,9.401709401709402,8,11,47,26,30.0,31.818181818181817,46.15384615384615,0.15556294117647057,team_tactical_v1,OBSERVED_TACTICAL_FEATURE,False,23.289473684210527,51.31578947368421,17.105263157894736,13.157894736842104,11.31578947368421,26.973684210526315,78.8157894736842,78.8157894736842,46.973684210526315,30.0,82.5,85.92105263157895,83.15789473684211,89.86842105263158,68.28947368421052,58.421052631578945,37.63157894736842,84.07894736842105,86.44736842105263,35.526315789473685
2526,understat:28931,2025-12-13,everton,chelsea,A,mgr:84316c036a2d,David Moyes,4231,L,False,28.01161103047896,37,82.44274809160305,23,17.557251908396946,55.55555555555556,15,11.450381679389313,9,4.354136429608127,10,11,0,1.34,39.61149425287357,17.24137931034483,8,8,36,26,21.73913043478261,40.0,53.84615384615385,0.12181818181818183,team_tactical_v1,OBSERVED_TACTICAL_FEATURE,False,80.13157894736842,72.10526315789474,85.26315789473684,79.60526315789474,77.63157894736842,26.973684210526315,36.8421052631579,34.86842105263158,46.973684210526315,37.23684210526316,68.28947368421052,44.3421052631579,25.394736842105264,47.23684210526316,92.23684210526316,94.86842105263158,37.63157894736842,55.39473684210526,31.18421052631579,35.526315789473685
2526,understat:28933,2025-12-13,brighton,liverpool,A,mgr:dfda8206a0e2,Fabian Hürzeler,4231,L,False,28.46803377563329,41,76.878612716763,18,10.404624277456648,54.166666666666664,27,15.606936416184972,13,5.307599517490953,11,14,0,1.69004,41.025333333333336,13.333333333333334,7,6,44,26,22.22222222222222,25.925925925925927,30.76923076923077,0.12071714285714286,team_tactical_v1,OBSERVED_TACTICAL_FEATURE,False,82.23684210526316,80.0,48.94736842105263,57.89473684210526,19.210526315789473,20.789473684210527,93.94736842105263,61.973684210526315,77.76315789473684,62.10526315789474,75.26315789473684,67.63157894736842,25.394736842105264,62.10526315789474,95.52631578947368,85.0,25.13157894736842,31.57894736842105,73.02631578947368,35.526315789473685
2526,understat:28933,2025-12-13,liverpool,brighton,H,mgr:328a5fafed26,Arne Slot,4231,W,False,20.56650246305419,33,75.3623188405797,5,3.6231884057971016,51.515151515151516,26,18.840579710144926,8,5.172413793103448,16,18,2,2.4127,29.65504587155963,5.504587155963303,12,8,43,26,40.0,65.38461538461539,69.23076923076923,0.1340388888888889,team_tactical_v1,OBSERVED_TACTICAL_FEATURE,False,34.60526315789474,62.63157894736842,37.36842105263158,1.7105263157894737,0.5263157894736842,14.210526315789474,91.44736842105263,76.57894736842105,36.44736842105263,58.28947368421053,95.52631578947368,89.86842105263158,83.15789473684211,84.60526315789474,27.236842105263158,22.36842105263158,77.36842105263158,55.39473684210526,66.71052631578948,35.526315789473685
2526,understat:28929,2025-12-14,brentford,leeds_united,H,mgr:5f487ee40c90,Keith Andrews,4231,D,False,16.605616605616607,31,80.0,18,16.363636363636363,81.81818181818181,17,15.454545454545455,7,2.197802197802198,4,7,1,0.697006,29.400961538461537,5.769230769230769,9,8,39,55,5.555555555555555,23.529411764705884,52.72727272727273,0.09957228571428571,team_tactical_v1,OBSERVED_TACTICAL_FEATURE,False,8.81578947368421,55.13157894736842,71.57894736842105,57.89473684210526,69.60526315789474,96.84210526315789,50.13157894736842,61.31578947368421,29.07894736842105,2.6315789473684212,12.763157894736842,16.18421052631579,58.55263157894737,18.157894736842106,25.92105263157895,24.07894736842105,49.3421052631579,55.39473684210526,46.71052631578947,98.6842105263158
2526,understat:28929,2025-12-14,leeds_united,brentford,A,mgr:fa5d385e34dc,Daniel Farke,352,D,False,27.849927849927848,19,73.04964539007092,23,16.31205673758865,75.0,14,9.929078014184396,13,7.792207792207792,12,18,1,1.63409,32.47333333333333,11.428571428571429,8,7,37,55,26.08695652173913,57.142857142857146,47.27272727272727,0.09078277777777778,team_tactical_v1,OBSERVED_TACTICAL_FEATURE,False,79.07894736842105,11.842105263157896,24.86842105263158,79.60526315789474,69.07894736842105,90.78947368421052,31.31578947368421,22.5,77.76315789473684,95.65789473684211,82.5,89.86842105263158,58.55263157894737,59.86842105263158,51.973684210526315,74.86842105263158,37.63157894736842,44.21052631578947,35.13157894736842,98.6842105263158
2526,understat:28932,2025-12-14,crystal_palace,manchester_city,H,mgr:1058459b93f2,Oliver Glasner,3421,L,False,24.62908011869436,18,67.6470588235294,14,13.72549019607843,66.66666666666667,9,8.823529411764707,6,6.676557863501484,6,16,0,1.30092,39.420754716981136,19.81132075471698,17,6,45,28,14.285714285714286,44.44444444444444,42.85714285714285,0.0813075,team_tactical_v1,OBSERVED_TACTICAL_FEATURE,False,61.973684210526315,10.131578947368421,6.052631578947368,36.31578947368421,48.28947368421053,70.92105263157895,6.578947368421052,14.736842105263158,20.789473684210527,86.44736842105263,24.736842105263158,80.92105263157895,25.394736842105264,44.86842105263158,91.71052631578948,97.89473684210526,98.15789473684211,31.57894736842105,77.23684210526316,42.36842105263158
2526,understat:28932,2025-12-14,manchester_city,crystal_palace,A,mgr:26dfbbc164aa,Pep Guardiola,4321,W,False,17.233809001097693,39,84.34782608695652,9,7.826086956521739,60.0,30,26.08695652173913,4,2.0856201975850714,5,7,3,1.35317,31.395726495726493,5.982905982905983,6,8,48,28,33.333333333333336,46.66666666666666,57.142857142857146,0.19331,team_tactical_v1,OBSERVED_TACTICAL_FEATURE,False,11.052631578947368,76.44736842105263,92.23684210526316,10.394736842105264,6.7105263157894735,42.89473684210526,97.63157894736842,93.55263157894737,8.157894736842104,1.8421052631578947,19.473684210526315,16.18421052631579,96.05263157894737,48.026315789473685,43.421052631578945,25.526315789473685,15.657894736842104,55.39473684210526,88.94736842105263,42.36842105263158
2526,understat:28935,2025-12-14,nottingham_forest,tottenham_hotspur,H,mgr:224591e666ec,Sean Dyche,4231,W,False,25.20891364902507,25,80.15873015873017,15,11.904761904761905,60.869565217391305,19,15.079365079365079,5,4.456824512534819,10,15,3,2.32658,35.9125,14.285714285714286,9,12,44,23,33.333333333333336,31.57894736842105,56.52173913043478,0.15510533333333332,team_tactical_v1,OBSERVED_TACTICAL_FEATURE,False,65.13157894736842,28.42105263157895,72.63157894736842,41.71052631578947,31.31578947368421,44.86842105263158,63.55263157894737,58.68421052631579,13.947368421052632,39.473684210526315,68.28947368421052,74.73684210526316,96.05263157894737,81.84210526315789,76.71052631578948,89.07894736842105,49.3421052631579,89.21052631578948,73.02631578947368,23.94736842105263
2526,understat:28935,2025-12-14,tottenham_hotspur,nottingham_forest,A,mgr:1e78f2997997,Thomas Frank,4231,L,False,23.892617449664428,27,81.81818181818181,19,14.393939393939394,63.63636363636363,25,18.939393939393938,5,2.684563758389262,5,6,0,0.380246,36.33611111111112,13.88888888888889,20,11,41,23,15.789473684210526,48.0,43.47826086956522,0.06337433333333332,team_tactical_v1,OBSERVED_TACTICAL_FEATURE,False,56.44736842105263,37.10526315789474,82.89473684210526,62.10526315789474,52.63157894736842,56.71052631578947,89.21052631578948,76.97368421052632,13.947368421052632,6.842105263157895,19.473684210526315,10.394736842105264,25.394736842105264,6.184210526315789,78.94736842105263,87.10526315789474,99.73684210526316,84.07894736842105,57.89473684210526,23.94736842105263
2526,understat:28936,2025-12-14,newcastle_united,sunderland,A,mgr:65451ab24622,Eddie Howe,433,L,False,20.565552699228792,34,79.83193277310924,26,21.84873949579832,45.45454545454545,18,15.126050420168067,4,3.8560411311053984,5,7,1,0.169329,27.674757281553397,3.883495145631068,5,3,31,54,7.6923076923076925,44.44444444444444,50.0,0.024189857142857145,team_tactical_v1,OBSERVED_TACTICAL_FEATURE,False,34.473684210526315,65.52631578947368,70.0,88.42105263157895,95.52631578947368,6.447368421052632,56.71052631578947,59.73684210526316,8.157894736842104,25.789473684210527,19.473684210526315,16.18421052631579,58.55263157894737,1.3157894736842106,15.657894736842104,11.447368421052632,7.631578947368421,6.315789473684211,11.18421052631579,98.42105263157895
2526,understat:28936,2025-12-14,sunderland,newcastle_united,H,mgr:1a031e232e88,Régis Le Bris,4231,W,False,28.36676217765043,34,87.75510204081633,14,9.523809523809524,37.5,14,9.523809523809524,7,4.727793696275072,4,5,0,0.630045,27.417647058823523,5.882352941176471,7,11,33,54,14.285714285714286,50.0,50.0,0.12600899999999998,team_tactical_v1,OBSERVED_TACTICAL_FEATURE,False,81.44736842105263,65.52631578947368,98.02631578947368,36.31578947368421,15.131578947368421,2.236842105263158,31.31578947368421,19.605263157894736,29.07894736842105,46.31578947368421,12.763157894736842,6.578947368421052,25.394736842105264,14.868421052631579,14.078947368421053,25.0,25.13157894736842,84.07894736842105,17.763157894736842,98.42105263157895
2526,understat:28937,2025-12-14,aston_villa,west_ham,A,mgr:dcdf2dffc0c2,Unai Emery,4231,W,False,20.40332147093713,32,77.27272727272727,11,8.333333333333334,30.76923076923077,19,14.393939393939394,9,3.084223013048636,7,7,2,0.595093,33.43258426966292,8.98876404494382,17,6,42,27,27.272727272727277,52.63157894736842,66.66666666666667,0.08501328571428571,team_tactical_v1,OBSERVED_TACTICAL_FEATURE,False,33.55263157894737,59.3421052631579,51.71052631578947,18.94736842105263,8.947368421052632,0.6578947368421053,63.55263157894737,54.3421052631579,46.973684210526315,11.18421052631579,35.6578947368421,16.18421052631579,83.15789473684211,13.026315789473685,58.28947368421053,54.86842105263158,98.15789473684211,31.57894736842105,61.578947368421055,38.68421052631579
2526,understat:28937,2025-12-14,west_ham,aston_villa,H,mgr:b68b19e445ac,Nuno Herlander Simões Espírito Santo,4312,L,False,22.51851851851852,31,88.46153846153847,13,12.5,71.42857142857143,22,21.153846153846153,2,4.296296296296297,6,11,3,1.27701,31.644186046511624,6.976744186046512,10,9,41,27,0.0,27.272727272727277,33.333333333333336,0.11609181818181818,team_tactical_v1,OBSERVED_TACTICAL_FEATURE,False,47.36842105263158,55.13157894736842,99.34210526315789,30.13157894736842,36.05263157894737,81.97368421052632,78.8157894736842,83.15789473684211,1.5789473684210527,36.18421052631579,24.736842105263158,44.3421052631579,96.05263157894737,43.1578947368421,44.473684210526315,38.026315789473685,60.921052631578945,68.02631578947368,57.89473684210526,38.68421052631579
2526,understat:28934,2025-12-15,bournemouth,manchester_united,A,mgr:b4b8eecb310f,Andoni Iraola,4231,D,False,27.160493827160494,35,71.2,17,13.6,68.18181818181819,19,15.2,12,5.864197530864198,10,14,4,2.35196,29.43736263736264,5.4945054945054945,8,8,34,50,17.647058823529413,47.36842105263158,52.0,0.16799714285714287,team_tactical_v1,OBSERVED_TACTICAL_FEATURE,False,75.78947368421052,67.89473684210526,15.394736842105264,51.973684210526315,47.5,73.15789473684211,63.55263157894737,60.0,72.5,74.47368421052632,68.28947368421052,67.63157894736842,99.34210526315789,83.42105263157895,26.44736842105263,21.973684210526315,37.63157894736842,55.39473684210526,22.36842105263158,96.05263157894737
2526,understat:28934,2025-12-15,manchester_united,bournemouth,H,mgr:662d1720cf8b,Ruben Filipe Marques Diogo Amorim,3421,D,False,28.666666666666668,35,64.41717791411043,21,12.883435582822086,57.5,17,10.429447852760736,23,8.266666666666667,18,25,4,3.21204,29.367289719626164,8.411214953271028,8,3,34,50,28.571428571428573,41.1764705882353,48.0,0.1284816,team_tactical_v1,OBSERVED_TACTICAL_FEATURE,False,83.15789473684211,67.89473684210526,2.236842105263158,72.23684210526316,40.0,33.94736842105263,50.13157894736842,26.57894736842105,99.34210526315789,97.23684210526316,98.28947368421052,98.6842105263158,99.34210526315789,95.13157894736842,25.526315789473685,50.921052631578945,37.63157894736842,6.315789473684211,22.36842105263158,96.05263157894737
2526,understat:28938,2025-12-20,bournemouth,burnley,H,mgr:b4b8eecb310f,Andoni Iraola,4231,D,False,30.16826923076923,38,73.60406091370558,22,11.16751269035533,58.064516129032256,15,7.614213197969543,16,6.490384615384615,15,16,1,1.81847,35.227272727272734,14.545454545454545,15,8,45,35,27.272727272727277,40.0,45.71428571428572,0.113654375,team_tactical_v1,OBSERVED_TACTICAL_FEATURE,False,87.89473684210526,73.94736842105263,26.710526315789473,76.71052631578948,23.68421052631579,35.39473684210526,36.8421052631579,8.68421052631579,89.86842105263158,84.21052631578948,93.15789473684211,80.92105263157895,58.55263157894737,66.97368421052632,72.23684210526316,89.60526315789474,93.42105263157895,55.39473684210526,77.23684210526316,66.84210526315789
2526,understat:28938,2025-12-20,burnley,bournemouth,A,mgr:c49e040048ca,Scott Parker,442,D,False,20.0339558573854,27,85.5072463768116,8,11.594202898550725,50.0,17,24.63768115942029,4,4.584040747028863,2,4,1,0.480528,30.37456140350877,5.2631578947368425,10,10,40,35,25.0,11.764705882352942,54.285714285714285,0.120132,team_tactical_v1,OBSERVED_TACTICAL_FEATURE,False,28.68421052631579,37.10526315789474,95.39473684210526,7.2368421052631575,28.55263157894737,13.947368421052632,50.13157894736842,91.05263157894737,8.157894736842104,43.1578947368421,1.7105263157894737,3.1578947368421053,58.55263157894737,8.947368421052632,34.3421052631579,21.05263157894737,60.921052631578945,78.28947368421052,52.36842105263158,66.84210526315789
2526,understat:28940,2025-12-20,brighton,sunderland,H,mgr:dfda8206a0e2,Fabian Hürzeler,4231,D,False,25.85551330798479,33,81.45695364238411,21,13.907284768211921,67.85714285714286,37,24.503311258278146,12,6.4638783269961975,14,16,0,0.919272,30.457291666666663,6.25,8,7,40,41,38.095238095238095,35.13513513513514,51.21951219512195,0.0574545,team_tactical_v1,OBSERVED_TACTICAL_FEATURE,False,68.42105263157895,62.63157894736842,80.65789473684211,72.23684210526316,50.0,71.71052631578948,99.73684210526316,90.78947368421052,72.5,83.15789473684211,90.52631578947368,80.92105263157895,25.394736842105264,26.973684210526315,35.6578947368421,29.210526315789473,37.63157894736842,44.21052631578947,52.36842105263158,82.10526315789474
2526,understat:28940,2025-12-20,sunderland,brighton,A,mgr:1a031e232e88,Régis Le Bris,4231,D,False,24.06015037593985,24,79.8076923076923,14,13.461538461538462,54.54545454545455,10,9.615384615384615,12,6.315789473684211,9,14,0,1.31044,29.743137254901967,6.862745098039215,15,9,38,41,35.714285714285715,20.0,48.78048780487805,0.09360285714285714,team_tactical_v1,OBSERVED_TACTICAL_FEATURE,False,57.76315789473684,26.05263157894737,69.73684210526316,36.31578947368421,46.05263157894737,23.42105263157895,11.447368421052632,19.736842105263158,72.5,81.44736842105263,57.76315789473684,67.63157894736842,25.394736842105264,45.39473684210526,27.5,36.44736842105263,93.42105263157895,68.02631578947368,40.13157894736842,82.10526315789474
2526,understat:28941,2025-12-20,arsenal,everton,A,mgr:5fdd2f365fdc,Mikel Arteta,433,W,False,21.00926879505664,42,76.54320987654322,12,7.407407407407407,47.61904761904762,25,15.432098765432098,10,5.458290422245108,9,13,1,1.84723,31.66538461538461,7.6923076923076925,9,7,47,43,16.666666666666668,36.0,48.83720930232558,0.14209461538461537,team_tactical_v1,OBSERVED_TACTICAL_FEATURE,False,37.63157894736842,81.3157894736842,46.973684210526315,23.94736842105263,4.605263157894737,8.552631578947368,89.21052631578948,61.18421052631579,56.44736842105263,65.78947368421052,57.76315789473684,58.421052631578945,58.55263157894737,68.28947368421052,44.86842105263158,44.21052631578947,49.3421052631579,44.21052631578947,86.44736842105263,85.26315789473684
2526,understat:28941,2025-12-20,everton,arsenal,H,mgr:84316c036a2d,David Moyes,4231,L,False,20.155038759689923,20,66.66666666666667,14,17.94871794871795,75.0,17,21.794871794871796,3,4.0310077519379846,3,5,0,0.213273,33.98468468468468,10.81081081081081,13,8,45,43,14.285714285714286,23.529411764705884,51.16279069767442,0.0426546,team_tactical_v1,OBSERVED_TACTICAL_FEATURE,False,30.789473684210527,13.81578947368421,5.0,36.31578947368421,80.0,90.78947368421052,50.13157894736842,84.86842105263158,4.2105263157894735,30.657894736842106,5.131578947368421,6.578947368421052,25.394736842105264,2.1052631578947367,63.55263157894737,70.65789473684211,84.34210526315789,55.39473684210526,77.23684210526316,85.26315789473684
2526,understat:28943,2025-12-20,crystal_palace,leeds_united,A,mgr:1058459b93f2,Oliver Glasner,3421,L,False,19.637883008356543,26,78.26086956521739,16,17.391304347826086,76.92307692307692,11,11.956521739130435,9,4.735376044568246,6,9,1,1.53058,26.267692307692307,3.076923076923077,13,6,38,50,12.5,45.45454545454545,46.0,0.17006444444444446,team_tactical_v1,OBSERVED_TACTICAL_FEATURE,False,25.394736842105264,33.1578947368421,60.13157894736842,46.973684210526315,77.36842105263158,92.5,15.657894736842104,39.21052631578947,46.973684210526315,46.973684210526315,24.736842105263158,27.63157894736842,58.55263157894737,56.18421052631579,8.947368421052632,7.105263157894737,84.34210526315789,31.57894736842105,40.13157894736842,96.05263157894737
2526,understat:28943,2025-12-20,leeds_united,crystal_palace,H,mgr:fa5d385e34dc,Daniel Farke,352,W,False,25.78125,21,72.5,22,18.333333333333332,71.42857142857143,16,13.333333333333334,15,7.682291666666667,8,20,4,2.90786,34.49081632653061,10.204081632653061,11,7,40,50,27.272727272727277,37.5,54.0,0.145393,team_tactical_v1,OBSERVED_TACTICAL_FEATURE,False,68.02631578947368,15.657894736842104,21.842105263157894,76.71052631578948,82.36842105263158,81.97368421052632,44.3421052631579,48.55263157894737,87.5,95.26315789473684,46.31578947368421,93.6842105263158,99.34210526315789,92.63157894736842,66.44736842105263,65.26315789473684,69.86842105263158,44.21052631578947,52.36842105263158,96.05263157894737
2526,understat:28944,2025-12-20,manchester_city,west_ham,H,mgr:26dfbbc164aa,Pep Guardiola,4321,W,False,29.72972972972973,39,79.6812749003984,21,8.366533864541832,55.172413793103445,27,10.756972111553784,19,4.72972972972973,12,17,3,3.58188,45.48488372093023,18.6046511627907,7,9,50,11,28.571428571428573,33.333333333333336,63.63636363636363,0.21069882352941177,team_tactical_v1,OBSERVED_TACTICAL_FEATURE,False,86.05263157894737,76.44736842105263,69.07894736842105,72.23684210526316,9.078947368421053,24.210526315789473,93.94736842105263,28.94736842105263,95.39473684210526,46.578947368421055,82.5,85.92105263157895,96.05263157894737,97.89473684210526,99.21052631578948,96.71052631578948,25.13157894736842,68.02631578947368,92.63157894736842,1.3157894736842106
2526,understat:28944,2025-12-20,west_ham,manchester_city,A,mgr:b68b19e445ac,Nuno Herlander Simões Espírito Santo,4312,L,False,11.450381679389311,11,76.08695652173913,1,2.1739130434782608,77.77777777777777,17,36.95652173913044,2,2.2900763358778624,3,7,0,1.02143,32.306,13.0,15,12,45,11,100.0,41.1764705882353,36.36363636363637,0.14591857142857143,team_tactical_v1,OBSERVED_TACTICAL_FEATURE,False,1.0526315789473684,1.5789473684210527,43.1578947368421,0.13157894736842105,0.2631578947368421,94.21052631578948,50.13157894736842,99.34210526315789,1.5789473684210527,2.763157894736842,5.131578947368421,16.18421052631579,25.394736842105264,31.973684210526315,49.73684210526316,84.07894736842105,93.42105263157895,89.21052631578948,77.23684210526316,1.3157894736842106
2526,understat:28945,2025-12-20,chelsea,newcastle_united,A,mgr:dc01d928d84f,Enzo Maresca,4231,D,False,20.19099590723056,30,72.64957264957265,16,13.675213675213675,65.0,20,17.094017094017094,8,4.774897680763984,11,13,2,1.0261,31.831067961165047,4.854368932038835,9,13,48,30,12.5,45.0,46.66666666666666,0.07893076923076923,team_tactical_v1,OBSERVED_TACTICAL_FEATURE,False,31.18421052631579,51.31578947368421,22.5,46.973684210526315,48.026315789473685,62.5,70.65789473684211,69.47368421052632,36.44736842105263,47.89473684210526,75.26315789473684,58.421052631578945,83.15789473684211,32.36842105263158,46.05263157894737,16.44736842105263,49.3421052631579,93.02631578947368,88.94736842105263,48.68421052631579
2526,understat:28945,2025-12-20,newcastle_united,chelsea,H,mgr:65451ab24622,Eddie Howe,433,D,False,24.153166421207654,28,85.12396694214875,28,23.140495867768596,50.0,11,9.090909090909092,17,5.007363770250368,8,11,2,2.87863,34.98910891089109,6.930693069306931,8,14,47,30,28.571428571428573,45.45454545454545,53.333333333333336,0.26169363636363635,team_tactical_v1,OBSERVED_TACTICAL_FEATURE,False,59.078947368421055,41.973684210526315,95.13157894736842,91.3157894736842,98.15789473684211,13.947368421052632,15.657894736842104,16.31578947368421,92.23684210526316,53.026315789473685,46.31578947368421,44.3421052631579,83.15789473684211,92.36842105263158,69.86842105263158,37.36842105263158,37.63157894736842,95.13157894736842,86.44736842105263,48.68421052631579
2526,understat:28946,2025-12-20,liverpool,tottenham_hotspur,A,mgr:328a5fafed26,Arne Slot,4231,W,False,32.05268935236004,58,80.16877637130801,23,9.70464135021097,57.142857142857146,15,6.329113924050633,14,4.939626783754116,7,8,2,1.23164,32.36575342465754,12.32876712328767,4,7,31,26,21.73913043478261,53.333333333333336,65.38461538461539,0.153955,team_tactical_v1,OBSERVED_TACTICAL_FEATURE,False,92.23684210526316,96.71052631578948,72.76315789473684,79.60526315789474,15.526315789473685,33.81578947368421,36.8421052631579,3.5526315789473686,84.07894736842105,51.18421052631579,35.6578947368421,20.92105263157895,83.15789473684211,40.921052631578945,50.78947368421053,79.60526315789474,4.2105263157894735,44.21052631578947,11.18421052631579,35.526315789473685
2526,understat:28946,2025-12-20,tottenham_hotspur,liverpool,H,mgr:1e78f2997997,Thomas Frank,4222,L,True,24.222585924713584,29,79.04761904761905,20,19.047619047619047,72.0,6,5.714285714285714,5,5.073649754500818,12,15,1,1.34905,28.84326923076923,7.6923076923076925,7,7,41,26,20.0,66.66666666666667,34.61538461538461,0.08993666666666668,team_tactical_v1,OBSERVED_TACTICAL_FEATURE,False,59.21052631578947,46.71052631578947,65.65789473684211,67.63157894736842,86.57894736842105,82.36842105263158,1.4473684210526316,2.236842105263158,13.947368421052632,55.26315789473684,82.5,74.73684210526316,58.55263157894737,47.5,20.92105263157895,44.21052631578947,25.13157894736842,44.21052631578947,57.89473684210526,35.526315789473685
2526,understat:28947,2025-12-20,brentford,wolverhampton_wanderers,A,mgr:5f487ee40c90,Keith Andrews,433,W,False,18.395061728395063,27,82.0754716981132,22,20.754716981132077,70.0,16,15.09433962264151,19,5.925925925925926,5,7,2,1.56309,31.29576271186441,5.084745762711864,6,16,52,34,45.45454545454545,25.0,55.88235294117647,0.22329857142857143,team_tactical_v1,OBSERVED_TACTICAL_FEATURE,False,18.157894736842106,37.10526315789474,83.94736842105263,76.71052631578948,92.23684210526316,77.89473684210526,44.3421052631579,59.21052631578947,95.39473684210526,75.26315789473684,19.473684210526315,16.18421052631579,83.15789473684211,57.76315789473684,42.63157894736842,18.289473684210527,15.657894736842104,97.76315789473684,95.0,63.421052631578945
2526,understat:28947,2025-12-20,wolverhampton_wanderers,brentford,H,mgr:434bf1b2b6dc,Rob Edwards,352,L,False,24.890190336749637,29,80.53097345132744,22,19.469026548672566,76.92307692307692,16,14.15929203539823,7,4.978038067349927,5,9,0,1.26823,33.49363636363636,12.727272727272727,9,9,40,34,18.181818181818183,43.75,44.11764705882353,0.14091444444444445,team_tactical_v1,OBSERVED_TACTICAL_FEATURE,False,63.55263157894737,46.71052631578947,75.52631578947368,76.71052631578948,88.02631578947368,92.5,44.3421052631579,53.28947368421053,29.07894736842105,52.23684210526316,19.473684210526315,27.63157894736842,25.394736842105264,42.76315789473684,59.078947368421055,82.76315789473684,49.3421052631579,68.02631578947368,52.36842105263158,63.421052631578945
2526,understat:28939,2025-12-21,aston_villa,manchester_united,H,mgr:dcdf2dffc0c2,Unai Emery,4231,W,False,13.98176291793313,11,62.06896551724138,7,12.068965517241379,68.42105263157895,14,24.137931034482758,5,4.25531914893617,10,12,2,1.86917,31.14631578947369,6.315789473684211,10,7,36,24,14.285714285714286,21.428571428571427,45.833333333333336,0.15576416666666668,team_tactical_v1,OBSERVED_TACTICAL_FEATURE,False,3.289473684210526,1.5789473684210527,1.0526315789473684,5.394736842105263,33.026315789473685,74.21052631578948,31.31578947368421,90.26315789473684,13.947368421052632,35.78947368421053,68.28947368421052,51.8421052631579,83.15789473684211,68.6842105263158,41.18421052631579,29.736842105263158,60.921052631578945,44.21052631578947,31.18421052631579,26.57894736842105
2526,understat:28939,2025-12-21,manchester_united,aston_villa,A,mgr:662d1720cf8b,Ruben Filipe Marques Diogo Amorim,3421,L,False,28.10126582278481,33,79.11392405063292,26,16.455696202531644,57.142857142857146,20,12.658227848101266,18,6.2025316455696204,8,15,1,1.30455,40.95178571428572,15.178571428571429,14,9,50,24,15.384615384615383,40.0,54.16666666666666,0.08697,team_tactical_v1,OBSERVED_TACTICAL_FEATURE,False,80.39473684210526,62.63157894736842,66.1842105263158,88.42105263157895,70.26315789473684,33.81578947368421,70.65789473684211,44.473684210526315,93.94736842105263,80.26315789473684,46.31578947368421,74.73684210526316,58.55263157894737,45.13157894736842,95.39473684210526,90.78947368421052,90.13157894736842,68.02631578947368,92.63157894736842,26.57894736842105
2526,understat:28942,2025-12-22,fulham,nottingham_forest,H,mgr:d242da40969a,Marco Alexandre Saraiva da Silva,4231,W,False,17.018633540372672,23,75.96153846153847,7,6.730769230769231,72.22222222222223,14,13.461538461538462,8,3.4782608695652173,9,11,1,1.70568,31.66636363636364,5.454545454545454,13,10,46,34,57.142857142857146,57.142857142857146,50.0,0.1550618181818182,team_tactical_v1,OBSERVED_TACTICAL_FEATURE,False,9.868421052631579,22.763157894736842,42.10526315789474,5.394736842105263,3.289473684210526,83.8157894736842,31.31578947368421,49.473684210526315,36.44736842105263,17.763157894736842,57.76315789473684,44.3421052631579,58.55263157894737,62.63157894736842,45.0,21.710526315789473,84.34210526315789,78.28947368421052,82.63157894736842,63.421052631578945
2526,understat:28942,2025-12-22,nottingham_forest,fulham,A,mgr:224591e666ec,Sean Dyche,4231,L,False,23.529411764705884,41,81.69014084507042,23,16.197183098591548,52.38095238095238,18,12.67605633802817,10,3.504380475594493,11,12,0,0.486296,34.99239130434783,9.782608695652174,5,8,52,34,8.695652173913043,16.666666666666668,50.0,0.04052466666666667,team_tactical_v1,OBSERVED_TACTICAL_FEATURE,False,54.3421052631579,80.0,81.97368421052632,79.60526315789474,67.89473684210526,15.657894736842104,56.71052631578947,44.73684210526316,56.44736842105263,18.42105263157895,75.26315789473684,51.8421052631579,25.394736842105264,9.473684210526315,70.13157894736842,62.10526315789474,7.631578947368421,55.39473684210526,95.0,63.421052631578945
2526,understat:28954,2025-12-26,manchester_united,newcastle_united,H,mgr:662d1720cf8b,Ruben Filipe Marques Diogo Amorim,4231,W,False,13.656387665198238,23,80.28169014084507,8,11.267605633802816,57.142857142857146,15,21.12676056338028,3,2.790014684287812,8,10,1,0.940811,25.39333333333333,5.925925925925926,8,18,38,31,37.5,46.66666666666666,41.935483870967744,0.0940811,team_tactical_v1,OBSERVED_TACTICAL_FEATURE,False,3.026315789473684,22.763157894736842,73.28947368421052,7.2368421052631575,25.0,33.81578947368421,36.8421052631579,83.02631578947368,4.2105263157894735,7.7631578947368425,46.31578947368421,35.13157894736842,58.55263157894737,28.289473684210527,6.315789473684211,25.13157894736842,37.63157894736842,99.47368421052632,40.13157894736842,50.526315789473685
2526,understat:28954,2025-12-26,newcastle_united,manchester_united,A,mgr:65451ab24622,Eddie Howe,433,L,False,35.50051599587204,64,80.07518796992481,46,17.293233082706767,64.0,27,10.150375939849624,18,6.501547987616099,11,16,0,1.12998,42.33645833333333,20.833333333333332,7,6,49,31,15.217391304347826,40.74074074074074,58.064516129032256,0.07062375,team_tactical_v1,OBSERVED_TACTICAL_FEATURE,False,97.5,98.42105263157895,71.71052631578948,99.47368421052632,76.57894736842105,57.76315789473684,93.94736842105263,24.210526315789473,93.94736842105263,84.34210526315789,75.26315789473684,80.92105263157895,25.394736842105264,36.44736842105263,97.36842105263158,98.55263157894737,25.13157894736842,31.57894736842105,90.78947368421052,50.526315789473685
2526,understat:28948,2025-12-27,arsenal,brighton,H,mgr:5fdd2f365fdc,Mikel Arteta,433,W,False,31.132075471698112,31,77.8443113772455,19,11.377245508982035,60.60606060606061,22,13.173652694610778,12,9.838274932614556,18,24,1,2.54318,38.17948717948717,14.102564102564102,6,9,37,27,31.57894736842105,45.45454545454545,37.03703703703704,0.10596583333333333,team_tactical_v1,OBSERVED_TACTICAL_FEATURE,False,90.0,55.13157894736842,57.5,62.10526315789474,26.31578947368421,43.421052631578945,78.8157894736842,47.36842105263158,72.5,99.47368421052632,98.28947368421052,98.15789473684211,58.55263157894737,88.15789473684211,87.89473684210526,88.15789473684211,15.657894736842104,68.02631578947368,35.13157894736842,38.68421052631579
2526,understat:28948,2025-12-27,brighton,arsenal,A,mgr:dfda8206a0e2,Fabian Hürzeler,3421,L,False,14.668547249647393,30,67.14285714285714,10,14.285714285714286,83.33333333333333,16,22.857142857142858,5,3.244005641748942,4,9,2,0.710064,30.6247191011236,5.617977528089888,13,5,33,27,30.0,43.75,62.96296296296296,0.07889600000000001,team_tactical_v1,OBSERVED_TACTICAL_FEATURE,False,3.9473684210526314,51.31578947368421,5.526315789473684,13.157894736842104,52.23684210526316,98.28947368421052,44.3421052631579,87.76315789473684,13.947368421052632,13.552631578947368,12.763157894736842,27.63157894736842,83.15789473684211,18.55263157894737,37.5,22.63157894736842,84.34210526315789,19.736842105263158,17.763157894736842,38.68421052631579
2526,understat:28949,2025-12-27,bournemouth,brentford,A,mgr:b4b8eecb310f,Andoni Iraola,4231,L,False,33.15579227696405,31,76.11111111111111,38,21.11111111111111,68.96551724137932,28,15.555555555555555,11,8.788282290279627,12,21,2,2.56183,38.72666666666667,17.142857142857142,13,7,46,35,7.894736842105263,50.0,42.85714285714285,0.12199190476190476,team_tactical_v1,OBSERVED_TACTICAL_FEATURE,False,93.94736842105263,55.13157894736842,43.28947368421053,98.28947368421052,93.02631578947368,75.52631578947368,95.52631578947368,61.578947368421055,65.26315789473684,98.94736842105263,82.5,95.92105263157895,83.15789473684211,88.6842105263158,89.34210526315789,94.73684210526316,84.34210526315789,44.21052631578947,82.63157894736842,66.84210526315789
2526,understat:28949,2025-12-27,brentford,bournemouth,H,mgr:5f487ee40c90,Keith Andrews,4231,W,False,18.9119170984456,30,65.51724137931035,8,6.896551724137931,66.66666666666667,20,17.24137931034483,9,5.310880829015544,11,15,3,2.8513,21.69672131147541,1.639344262295082,7,10,43,35,25.0,60.0,57.142857142857146,0.19008666666666668,team_tactical_v1,OBSERVED_TACTICAL_FEATURE,False,21.842105263157894,51.31578947368421,3.026315789473684,7.2368421052631575,3.6842105263157894,70.92105263157895,70.65789473684211,70.0,46.973684210526315,62.5,75.26315789473684,74.73684210526316,96.05263157894737,91.97368421052632,0.5263157894736842,1.8421052631578947,25.13157894736842,78.28947368421052,66.71052631578948,66.84210526315789
2526,understat:28950,2025-12-27,burnley,everton,H,mgr:c49e040048ca,Scott Parker,343,D,False,22.840236686390533,44,70.71428571428571,16,11.428571428571429,76.0,23,16.428571428571427,9,4.497041420118343,9,16,0,1.24948,33.30882352941176,4.901960784313726,12,4,35,62,6.25,30.43478260869565,51.61290322580645,0.0780925,team_tactical_v1,OBSERVED_TACTICAL_FEATURE,False,49.078947368421055,83.8157894736842,13.68421052631579,46.973684210526315,27.236842105263158,91.1842105263158,82.89473684210526,65.92105263157895,46.973684210526315,40.921052631578945,57.76315789473684,80.92105263157895,25.394736842105264,41.8421052631579,57.10526315789474,16.710526315789473,77.36842105263158,12.368421052631579,26.57894736842105,99.21052631578948
2526,understat:28950,2025-12-27,everton,burnley,A,mgr:84316c036a2d,David Moyes,4231,D,False,23.234916559691914,37,79.67479674796748,18,14.634146341463415,63.63636363636363,27,21.951219512195124,8,5.5198973042362,10,15,0,1.25204,29.135555555555555,6.666666666666667,14,11,43,62,11.11111111111111,22.22222222222222,48.38709677419355,0.08346933333333334,team_tactical_v1,OBSERVED_TACTICAL_FEATURE,False,51.8421052631579,72.10526315789474,68.94736842105263,57.89473684210526,54.73684210526316,56.71052631578947,93.94736842105263,85.26315789473684,36.44736842105263,67.5,68.28947368421052,74.73684210526316,25.394736842105264,41.973684210526315,23.289473684210527,34.078947368421055,90.13157894736842,84.07894736842105,66.71052631578948,99.21052631578948
2526,understat:28951,2025-12-27,aston_villa,chelsea,A,mgr:dcdf2dffc0c2,Unai Emery,442,W,False,15.993265993265991,10,71.01449275362319,8,11.594202898550725,70.58823529411765,20,28.985507246376812,9,5.05050505050505,7,11,2,2.05918,21.296666666666667,2.2222222222222223,2,4,40,19,12.5,30.0,42.10526315789474,0.18719818181818182,team_tactical_v1,OBSERVED_TACTICAL_FEATURE,False,7.2368421052631575,1.0526315789473684,14.342105263157896,7.2368421052631575,28.55263157894737,78.94736842105263,70.65789473684211,96.44736842105263,46.973684210526315,54.73684210526316,35.6578947368421,44.3421052631579,83.15789473684211,74.86842105263158,0.2631578947368421,3.9473684210526314,0.6578947368421053,12.368421052631579,52.36842105263158,12.894736842105264
2526,understat:28951,2025-12-27,chelsea,aston_villa,H,mgr:dc01d928d84f,Enzo Maresca,4231,L,False,33.863080684596575,42,76.55502392344498,29,13.875598086124402,65.21739130434783,12,5.741626794258373,12,6.845965770171149,10,14,1,1.97155,47.921875,21.875,19,9,49,19,13.79310344827586,50.0,57.89473684210526,0.140825,team_tactical_v1,OBSERVED_TACTICAL_FEATURE,False,95.26315789473684,81.3157894736842,47.23684210526316,92.23684210526316,49.86842105263158,63.1578947368421,21.31578947368421,2.3684210526315788,72.5,88.28947368421052,68.28947368421052,67.63157894736842,58.55263157894737,72.36842105263158,99.60526315789474,99.07894736842105,99.47368421052632,68.02631578947368,90.78947368421052,12.894736842105264
2526,understat:28953,2025-12-27,liverpool,wolverhampton_wanderers,H,mgr:328a5fafed26,Arne Slot,4231,W,False,32.13182286302781,63,79.3103448275862,21,8.045977011494253,58.333333333333336,23,8.812260536398467,15,5.76725025746653,11,14,2,1.56502,35.51747572815535,5.825242718446602,16,9,44,39,38.095238095238095,56.52173913043478,53.84615384615385,0.11178714285714286,team_tactical_v1,OBSERVED_TACTICAL_FEATURE,False,92.5,98.15789473684211,67.23684210526316,72.23684210526316,7.631578947368421,36.31578947368421,82.89473684210526,14.605263157894736,87.5,72.23684210526316,75.26315789473684,67.63157894736842,83.15789473684211,57.89473684210526,74.34210526315789,24.473684210526315,96.57894736842105,68.02631578947368,73.02631578947368,78.6842105263158
2526,understat:28953,2025-12-27,wolverhampton_wanderers,liverpool,A,mgr:434bf1b2b6dc,Rob Edwards,3421,L,False,20.21772939346812,21,71.76470588235294,15,17.647058823529413,71.42857142857143,12,14.117647058823529,5,3.888024883359253,7,9,1,0.780664,27.39368421052632,8.421052631578947,10,8,42,39,13.333333333333334,16.666666666666668,46.15384615384615,0.08674044444444445,team_tactical_v1,OBSERVED_TACTICAL_FEATURE,False,31.44736842105263,15.657894736842104,17.5,41.71052631578947,78.28947368421052,81.97368421052632,21.31578947368421,52.89473684210526,13.947368421052632,26.44736842105263,35.6578947368421,27.63157894736842,58.55263157894737,21.710526315789473,13.68421052631579,51.05263157894737,60.921052631578945,55.39473684210526,61.578947368421055,78.6842105263158
2526,understat:28955,2025-12-27,manchester_city,nottingham_forest,A,mgr:26dfbbc164aa,Pep Guardiola,4321,W,False,27.531285551763368,54,79.90430622009569,18,8.61244019138756,74.07407407407408,25,11.961722488038278,11,5.005688282138794,15,16,2,1.46468,34.213265306122445,6.122448979591836,8,4,41,25,16.666666666666668,44.0,52.0,0.0915425,team_tactical_v1,OBSERVED_TACTICAL_FEATURE,False,77.23684210526316,94.47368421052632,70.26315789473684,57.89473684210526,10.131578947368421,87.36842105263158,89.21052631578948,39.3421052631579,65.26315789473684,52.89473684210526,93.15789473684211,80.92105263157895,83.15789473684211,53.68421052631579,64.73684210526316,27.36842105263158,37.63157894736842,12.368421052631579,57.89473684210526,31.57894736842105
2526,understat:28955,2025-12-27,nottingham_forest,manchester_city,H,mgr:224591e666ec,Sean Dyche,4231,L,False,23.81786339754816,21,84.61538461538461,22,21.153846153846153,63.63636363636363,20,19.23076923076923,7,3.852889667250438,4,7,1,0.600141,28.048837209302324,3.488372093023256,12,8,36,25,18.181818181818183,30.0,48.0,0.08573442857142857,team_tactical_v1,OBSERVED_TACTICAL_FEATURE,False,55.921052631578945,15.657894736842104,93.42105263157895,76.71052631578948,93.55263157894737,56.71052631578947,70.65789473684211,78.42105263157895,29.07894736842105,25.526315789473685,12.763157894736842,16.18421052631579,58.55263157894737,13.289473684210526,17.36842105263158,9.342105263157896,77.36842105263158,55.39473684210526,31.18421052631579,31.57894736842105
2526,understat:28957,2025-12-27,fulham,west_ham,A,mgr:d242da40969a,Marco Alexandre Saraiva da Silva,4231,W,False,27.112676056338028,52,80.43478260869566,24,13.043478260869565,60.714285714285715,21,11.41304347826087,19,5.751173708920188,13,17,1,1.11436,30.771568627450986,7.8431372549019605,5,12,33,34,41.66666666666666,33.333333333333336,50.0,0.06555058823529412,team_tactical_v1,OBSERVED_TACTICAL_FEATURE,False,75.39473684210526,92.89473684210526,74.47368421052632,81.84210526315789,42.36842105263158,43.94736842105263,74.21052631578948,34.60526315789474,95.39473684210526,71.71052631578948,87.36842105263158,85.92105263157895,58.55263157894737,35.13157894736842,38.421052631578945,45.26315789473684,7.631578947368421,89.21052631578948,17.763157894736842,63.421052631578945
2526,understat:28957,2025-12-27,west_ham,fulham,H,mgr:b68b19e445ac,Nuno Herlander Simões Espírito Santo,4321,L,False,24.82946793997272,30,75.91240875912409,17,12.408759124087592,75.0,14,10.218978102189782,12,6.002728512960436,6,11,0,1.13719,28.5,4.504504504504505,17,9,35,34,11.764705882352942,50.0,50.0,0.10338090909090908,team_tactical_v1,OBSERVED_TACTICAL_FEATURE,False,63.026315789473685,51.31578947368421,41.973684210526315,51.973684210526315,35.526315789473685,90.78947368421052,31.31578947368421,25.0,72.5,77.36842105263158,24.736842105263158,44.3421052631579,25.394736842105264,36.973684210526315,19.210526315789473,14.736842105263158,98.15789473684211,68.02631578947368,26.57894736842105,63.421052631578945
2526,understat:28952,2025-12-28,crystal_palace,tottenham_hotspur,H,mgr:1058459b93f2,Oliver Glasner,3421,L,False,28.244274809160306,49,76.24309392265194,27,14.917127071823204,75.0,20,11.049723756906078,14,5.561613958560524,14,15,0,0.929681,42.614754098360656,15.573770491803279,11,7,62,51,14.814814814814817,35.0,39.21568627450981,0.061978733333333334,team_tactical_v1,OBSERVED_TACTICAL_FEATURE,False,80.78947368421052,90.0,44.60526315789474,89.86842105263158,56.8421052631579,90.78947368421052,70.65789473684211,31.973684210526315,84.07894736842105,68.28947368421052,90.52631578947368,74.73684210526316,25.394736842105264,27.5,97.89473684210526,91.57894736842105,69.86842105263158,44.21052631578947,99.86842105263158,97.10526315789474
2526,understat:28952,2025-12-28,tottenham_hotspur,crystal_palace,A,mgr:1e78f2997997,Thomas Frank,4231,W,False,14.887640449438202,22,80.0,12,16.0,66.66666666666667,19,25.333333333333332,8,3.651685393258427,7,8,1,0.870768,25.30821917808219,2.73972602739726,10,6,57,51,25.0,42.10526315789474,60.78431372549019,0.108846,team_tactical_v1,OBSERVED_TACTICAL_FEATURE,False,4.342105263157895,18.42105263157895,71.57894736842105,23.94736842105263,66.97368421052632,70.92105263157895,63.55263157894737,92.10526315789474,36.44736842105263,21.44736842105263,35.6578947368421,20.92105263157895,58.55263157894737,25.394736842105264,5.921052631578948,5.657894736842105,60.921052631578945,31.57894736842105,99.21052631578948,97.10526315789474
2526,understat:28956,2025-12-28,leeds_united,sunderland,A,mgr:fa5d385e34dc,Daniel Farke,352,D,False,25.211097708082026,32,74.46808510638297,27,19.148936170212767,70.96774193548387,16,11.347517730496454,17,7.358262967430639,16,17,1,2.60653,38.67127659574468,12.76595744680851,8,6,41,46,25.925925925925927,25.0,58.69565217391305,0.15332529411764706,team_tactical_v1,OBSERVED_TACTICAL_FEATURE,False,65.26315789473684,59.3421052631579,32.10526315789474,89.86842105263158,86.97368421052632,79.73684210526316,44.3421052631579,34.21052631578947,92.23684210526316,92.89473684210526,95.52631578947368,85.92105263157895,58.55263157894737,89.21052631578948,89.07894736842105,83.42105263157895,37.63157894736842,31.57894736842105,57.89473684210526,90.52631578947368
2526,understat:28956,2025-12-28,sunderland,leeds_united,H,mgr:1a031e232e88,Régis Le Bris,4231,D,False,18.207282913165265,34,81.44329896907216,14,14.43298969072165,61.53846153846154,21,21.649484536082475,10,4.201680672268908,8,8,1,0.805957,25.008737864077663,4.854368932038835,8,5,26,46,21.428571428571427,23.80952380952381,41.30434782608695,0.100744625,team_tactical_v1,OBSERVED_TACTICAL_FEATURE,False,16.842105263157894,65.52631578947368,80.52631578947368,36.31578947368421,53.28947368421053,47.76315789473684,74.21052631578948,84.47368421052632,56.44736842105263,34.3421052631579,46.31578947368421,20.92105263157895,58.55263157894737,22.5,4.7368421052631575,16.44736842105263,37.63157894736842,19.736842105263158,1.9736842105263157,90.52631578947368
2526,understat:28958,2025-12-30,arsenal,aston_villa,H,mgr:5fdd2f365fdc,Mikel Arteta,433,W,False,33.16912972085386,36,68.24324324324324,12,8.108108108108109,68.57142857142857,10,6.756756756756757,15,8.045977011494253,17,22,4,4.41335,41.76923076923077,19.23076923076923,7,8,30,16,41.66666666666666,50.0,43.75,0.2006068181818182,team_tactical_v1,OBSERVED_TACTICAL_FEATURE,False,94.07894736842105,70.39473684210526,6.578947368421052,23.94736842105263,8.157894736842104,74.47368421052632,11.447368421052632,4.7368421052631575,87.5,96.71052631578948,96.97368421052632,97.10526315789474,99.34210526315789,99.86842105263158,96.1842105263158,97.10526315789474,25.13157894736842,55.39473684210526,7.7631578947368425,6.842105263157895
2526,understat:28958,2025-12-30,aston_villa,arsenal,A,mgr:dcdf2dffc0c2,Unai Emery,4231,L,False,17.02127659574468,17,65.93406593406593,12,13.186813186813186,75.0,21,23.076923076923077,5,4.407294832826747,7,11,1,2.94195,24.25555555555556,1.8518518518518519,3,3,20,16,8.333333333333334,38.095238095238095,56.25,0.26744999999999997,team_tactical_v1,OBSERVED_TACTICAL_FEATURE,False,10.0,8.026315789473685,3.289473684210526,23.94736842105263,43.421052631578945,90.78947368421052,74.21052631578948,88.15789473684211,13.947368421052632,38.55263157894737,35.6578947368421,44.3421052631579,58.55263157894737,92.76315789473684,3.026315789473684,2.6315789473684212,2.1052631578947367,6.315789473684211,0.39473684210526316,6.842105263157895
2526,understat:28960,2025-12-30,burnley,newcastle_united,H,mgr:c49e040048ca,Scott Parker,343,L,False,21.58365261813538,32,74.60317460317461,12,9.523809523809524,55.55555555555556,21,16.666666666666668,8,5.363984674329502,15,15,1,1.32551,36.52314049586777,4.958677685950414,14,11,54,45,8.333333333333334,23.80952380952381,48.888888888888886,0.08836733333333333,team_tactical_v1,OBSERVED_TACTICAL_FEATURE,False,40.921052631578945,59.3421052631579,33.81578947368421,23.94736842105263,15.131578947368421,26.973684210526315,74.21052631578948,68.02631578947368,36.44736842105263,63.94736842105263,93.15789473684211,74.73684210526316,58.55263157894737,46.31578947368421,79.60526315789474,17.236842105263158,90.13157894736842,84.07894736842105,97.23684210526316,88.42105263157895
2526,understat:28960,2025-12-30,newcastle_united,burnley,A,mgr:65451ab24622,Eddie Howe,433,W,False,16.91358024691358,25,66.07142857142857,19,16.964285714285715,75.86206896551724,23,20.535714285714285,8,3.703703703703704,10,20,3,2.49248,31.675,3.4482758620689653,10,11,46,45,21.05263157894737,26.08695652173913,51.11111111111112,0.124624,team_tactical_v1,OBSERVED_TACTICAL_FEATURE,False,9.342105263157896,28.42105263157895,3.6842105263157894,62.10526315789474,74.60526315789474,90.92105263157895,82.89473684210526,81.44736842105263,36.44736842105263,22.5,68.28947368421052,93.6842105263158,96.05263157894737,87.23684210526316,45.26315789473684,9.078947368421053,60.921052631578945,84.07894736842105,82.63157894736842,88.42105263157895
2526,understat:28961,2025-12-30,bournemouth,chelsea,A,mgr:b4b8eecb310f,Andoni Iraola,4231,D,False,23.300970873786408,17,71.29629629629629,16,14.814814814814815,64.0,19,17.59259259259259,11,5.9870550161812295,10,17,2,3.49142,23.05564516129032,5.645161290322581,12,17,44,41,18.75,47.36842105263158,36.58536585365854,0.20537764705882355,team_tactical_v1,OBSERVED_TACTICAL_FEATURE,False,52.36842105263158,8.026315789473685,15.657894736842104,46.973684210526315,56.05263157894737,57.76315789473684,63.55263157894737,71.44736842105263,65.26315789473684,76.71052631578948,68.28947368421052,85.92105263157895,83.15789473684211,97.36842105263158,1.1842105263157894,22.894736842105264,77.36842105263158,98.94736842105263,73.02631578947368,82.10526315789474
2526,understat:28961,2025-12-30,chelsea,bournemouth,H,mgr:dc01d928d84f,Enzo Maresca,4231,D,False,34.46761800219539,46,73.06122448979592,26,10.612244897959183,66.66666666666667,25,10.204081632653061,22,7.903402854006586,13,17,2,2.33294,34.88269230769231,18.26923076923077,9,8,44,41,30.76923076923077,44.0,63.41463414634146,0.13723176470588233,team_tactical_v1,OBSERVED_TACTICAL_FEATURE,False,96.3157894736842,86.97368421052632,25.0,88.42105263157895,20.92105263157895,70.92105263157895,89.21052631578948,24.736842105263158,98.6842105263158,96.1842105263158,87.36842105263158,85.92105263157895,83.15789473684211,82.76315789473684,69.21052631578948,96.05263157894737,49.3421052631579,55.39473684210526,73.02631578947368,82.10526315789474
2526,understat:28964,2025-12-30,manchester_united,wolverhampton_wanderers,H,mgr:662d1720cf8b,Ruben Filipe Marques Diogo Amorim,4231,D,False,24.84316185696361,46,77.37226277372262,22,16.05839416058394,60.0,14,10.218978102189782,12,5.018820577164367,12,15,1,1.13306,35.403488372093015,11.627906976744185,14,4,39,26,27.272727272727277,35.714285714285715,38.46153846153846,0.07553733333333333,team_tactical_v1,OBSERVED_TACTICAL_FEATURE,False,63.1578947368421,86.97368421052632,53.1578947368421,76.71052631578948,67.10526315789474,42.89473684210526,31.31578947368421,25.0,72.5,53.421052631578945,82.5,74.73684210526316,58.55263157894737,36.71052631578947,73.15789473684211,76.44736842105263,90.13157894736842,12.368421052631579,46.71052631578947,35.526315789473685
2526,understat:28964,2025-12-30,wolverhampton_wanderers,manchester_united,A,mgr:434bf1b2b6dc,Rob Edwards,352,D,False,22.206303724928368,25,79.67479674796748,14,11.382113821138212,77.77777777777777,25,20.32520325203252,9,5.01432664756447,7,11,1,1.21784,28.223232323232327,8.080808080808081,9,10,33,26,28.571428571428573,40.0,61.53846153846154,0.11071272727272728,team_tactical_v1,OBSERVED_TACTICAL_FEATURE,False,45.39473684210526,28.42105263157895,68.94736842105263,36.31578947368421,26.44736842105263,94.21052631578948,89.21052631578948,80.65789473684211,46.973684210526315,53.28947368421053,35.6578947368421,44.3421052631579,58.55263157894737,40.39473684210526,17.894736842105264,48.68421052631579,49.3421052631579,78.28947368421052,17.763157894736842,35.526315789473685
2526,understat:28965,2025-12-30,everton,nottingham_forest,A,mgr:84316c036a2d,David Moyes,4231,W,False,17.371601208459214,26,66.21621621621621,7,9.45945945945946,61.111111111111114,18,24.324324324324323,9,4.229607250755287,8,11,2,1.69525,25.35182481751825,5.109489051094891,11,9,42,38,28.571428571428573,38.888888888888886,65.78947368421052,0.15411363636363637,team_tactical_v1,OBSERVED_TACTICAL_FEATURE,False,11.842105263157896,33.1578947368421,3.8157894736842106,5.394736842105263,14.605263157894736,45.6578947368421,56.71052631578947,90.65789473684211,46.973684210526315,34.86842105263158,46.31578947368421,44.3421052631579,83.15789473684211,62.36842105263158,6.184210526315789,18.94736842105263,69.86842105263158,68.02631578947368,61.578947368421055,76.05263157894737
2526,understat:28965,2025-12-30,nottingham_forest,everton,H,mgr:224591e666ec,Sean Dyche,4231,L,False,37.41626794258373,69,80.50314465408805,52,16.352201257861637,63.63636363636363,33,10.377358490566039,22,6.315789473684211,15,21,0,1.75445,42.13298969072165,10.309278350515465,14,5,51,38,17.307692307692307,48.48484848484848,34.21052631578947,0.0835452380952381,team_tactical_v1,OBSERVED_TACTICAL_FEATURE,False,98.6842105263158,99.34210526315789,75.39473684210526,99.86842105263158,69.34210526315789,56.71052631578947,98.94736842105263,25.789473684210527,98.6842105263158,81.44736842105263,93.15789473684211,95.92105263157895,25.394736842105264,64.86842105263158,97.23684210526316,66.3157894736842,90.13157894736842,19.736842105263158,93.8157894736842,76.05263157894737
2526,understat:28967,2025-12-30,brighton,west_ham,A,mgr:dfda8206a0e2,Fabian Hürzeler,4231,D,False,26.200873362445414,44,73.62637362637362,23,12.637362637362637,66.66666666666667,25,13.736263736263735,6,4.475982532751091,11,16,2,3.08914,38.57333333333333,14.166666666666666,10,16,55,29,4.3478260869565215,32.0,62.06896551724138,0.19307125,team_tactical_v1,OBSERVED_TACTICAL_FEATURE,False,69.86842105263158,83.8157894736842,26.842105263157894,79.60526315789474,37.5,70.92105263157895,89.21052631578948,50.39473684210526,20.789473684210527,40.0,75.26315789473684,80.92105263157895,83.15789473684211,94.07894736842105,88.55263157894737,88.55263157894737,60.921052631578945,97.76315789473684,97.89473684210526,45.526315789473685
2526,understat:28967,2025-12-30,west_ham,brighton,H,mgr:b68b19e445ac,Nuno Herlander Simões Espírito Santo,4231,D,False,21.502209131075112,33,80.8080808080808,16,16.161616161616163,71.42857142857143,11,11.11111111111111,9,4.712812960235641,8,10,2,2.27644,27.05913043478261,6.086956521739131,14,9,46,29,12.5,36.36363636363637,37.93103448275862,0.227644,team_tactical_v1,OBSERVED_TACTICAL_FEATURE,False,40.526315789473685,62.63157894736842,77.89473684210526,46.973684210526315,67.76315789473684,81.97368421052632,15.657894736842104,32.89473684210526,46.973684210526315,46.05263157894737,46.31578947368421,35.13157894736842,83.15789473684211,80.52631578947368,12.763157894736842,26.973684210526315,90.13157894736842,68.02631578947368,82.63157894736842,45.526315789473685
2526,understat:28959,2026-01-01,brentford,tottenham_hotspur,H,mgr:5f487ee40c90,Keith Andrews,433,D,False,23.91826923076923,40,79.23076923076923,20,15.384615384615385,72.72727272727273,13,10.0,10,3.9663461538461537,4,7,0,0.556304,36.38807339449541,11.926605504587156,12,9,57,35,20.0,23.07692307692308,48.57142857142857,0.079472,team_tactical_v1,OBSERVED_TACTICAL_FEATURE,False,56.71052631578947,78.02631578947368,66.71052631578948,67.63157894736842,61.44736842105263,85.13157894736842,26.05263157894737,23.157894736842106,56.44736842105263,29.07894736842105,12.763157894736842,16.18421052631579,25.394736842105264,11.973684210526315,79.21052631578948,77.76315789473684,77.36842105263158,68.02631578947368,99.21052631578948,66.84210526315789
2526,understat:28959,2026-01-01,tottenham_hotspur,brentford,A,mgr:1e78f2997997,Thomas Frank,433,D,False,18.844566712517192,26,75.45454545454545,11,10.0,71.42857142857143,20,18.181818181818183,7,3.1636863823933976,6,9,0,0.608309,31.081451612903223,8.064516129032258,13,10,56,35,9.090909090909092,45.0,51.42857142857143,0.0675898888888889,team_tactical_v1,OBSERVED_TACTICAL_FEATURE,False,21.44736842105263,33.1578947368421,38.421052631578945,18.94736842105263,17.63157894736842,81.97368421052632,70.65789473684211,73.6842105263158,29.07894736842105,12.631578947368421,24.736842105263158,27.63157894736842,25.394736842105264,13.552631578947368,40.526315789473685,48.1578947368421,84.34210526315789,78.28947368421052,98.42105263157895,66.84210526315789
2526,understat:28962,2026-01-01,crystal_palace,fulham,H,mgr:1058459b93f2,Oliver Glasner,3421,D,False,23.98843930635838,27,59.130434782608695,12,10.434782608695652,72.22222222222223,20,17.391304347826086,9,7.658959537572255,7,11,1,2.35346,31.31237113402062,8.24742268041237,9,9,35,38,8.333333333333334,35.0,39.47368421052632,0.2139509090909091,team_tactical_v1,OBSERVED_TACTICAL_FEATURE,False,57.10526315789474,37.10526315789474,0.39473684210526316,23.94736842105263,19.342105263157894,83.8157894736842,70.65789473684211,70.65789473684211,46.973684210526315,94.86842105263158,35.6578947368421,44.3421052631579,58.55263157894737,83.6842105263158,42.76315789473684,49.73684210526316,49.3421052631579,68.02631578947368,26.57894736842105,76.05263157894737
2526,understat:28962,2026-01-01,fulham,crystal_palace,A,mgr:d242da40969a,Marco Alexandre Saraiva da Silva,4231,D,False,19.75982532751092,51,82.5503355704698,19,12.751677852348994,55.55555555555556,15,10.06711409395973,17,4.6943231441048034,11,17,1,1.75434,30.85043478260869,1.7391304347826086,9,9,47,38,36.8421052631579,33.333333333333336,60.526315789473685,0.10319647058823529,team_tactical_v1,OBSERVED_TACTICAL_FEATURE,False,26.05263157894737,91.84210526315789,86.57894736842105,62.10526315789474,38.28947368421053,26.973684210526315,36.8421052631579,23.42105263157895,92.23684210526316,45.526315789473685,75.26315789473684,85.92105263157895,58.55263157894737,64.73684210526316,39.21052631578947,2.1052631578947367,49.3421052631579,68.02631578947368,86.44736842105263,76.05263157894737
2526,understat:28963,2026-01-01,leeds_united,liverpool,A,mgr:fa5d385e34dc,Daniel Farke,352,D,False,18.167202572347268,16,76.11940298507463,10,14.925373134328359,80.0,12,17.91044776119403,4,3.536977491961415,1,4,0,0.15936,26.127027027027022,5.405405405405405,10,11,36,48,30.0,66.66666666666667,45.833333333333336,0.03984,team_tactical_v1,OBSERVED_TACTICAL_FEATURE,False,16.18421052631579,5.7894736842105265,43.81578947368421,13.157894736842104,57.10526315789474,95.78947368421052,21.31578947368421,72.36842105263158,8.157894736842104,18.68421052631579,0.39473684210526316,3.1578947368421053,25.394736842105264,1.0526315789473684,8.421052631578947,21.57894736842105,60.921052631578945,84.07894736842105,31.18421052631579,94.21052631578948
2526,understat:28963,2026-01-01,liverpool,leeds_united,H,mgr:328a5fafed26,Arne Slot,4231,D,False,36.9807497467072,75,78.92857142857143,25,8.928571428571429,46.875,22,7.857142857142857,13,5.673758865248227,15,19,0,1.67833,39.41022727272727,20.454545454545453,3,6,42,48,16.0,54.54545454545455,54.16666666666666,0.08833315789473685,team_tactical_v1,OBSERVED_TACTICAL_FEATURE,False,98.55263157894737,100.0,65.0,84.07894736842105,11.710526315789474,7.2368421052631575,78.8157894736842,10.263157894736842,77.76315789473684,70.26315789473684,93.15789473684211,91.57894736842105,25.394736842105264,61.71052631578947,91.57894736842105,98.15789473684211,2.1052631578947367,31.57894736842105,61.578947368421055,94.21052631578948
2526,understat:28966,2026-01-01,manchester_city,sunderland,A,mgr:26dfbbc164aa,Pep Guardiola,4321,D,False,25.05133470225873,49,76.99530516431925,21,9.859154929577464,68.18181818181819,30,14.084507042253522,16,6.468172484599589,9,14,0,2.44247,29.426666666666662,4.166666666666667,17,12,56,23,28.571428571428573,53.333333333333336,39.130434782608695,0.17446214285714287,team_tactical_v1,OBSERVED_TACTICAL_FEATURE,False,64.47368421052632,90.0,49.60526315789474,72.23684210526316,16.18421052631579,73.15789473684211,97.63157894736842,52.63157894736842,89.86842105263158,83.55263157894737,57.76315789473684,67.63157894736842,25.394736842105264,85.65789473684211,26.18421052631579,12.5,98.15789473684211,89.21052631578948,98.42105263157895,23.94736842105263
2526,understat:28966,2026-01-01,sunderland,manchester_city,H,mgr:1a031e232e88,Régis Le Bris,4231,D,False,23.71794871794872,28,73.33333333333333,9,10.0,64.28571428571429,20,22.22222222222222,10,4.807692307692308,6,10,0,0.962141,33.971311475409834,8.19672131147541,15,17,44,23,33.333333333333336,45.0,60.869565217391305,0.0962141,team_tactical_v1,OBSERVED_TACTICAL_FEATURE,False,55.13157894736842,41.973684210526315,25.92105263157895,10.394736842105264,17.63157894736842,59.3421052631579,70.65789473684211,86.44736842105263,56.44736842105263,48.55263157894737,24.736842105263158,35.13157894736842,25.394736842105264,29.473684210526315,63.026315789473685,49.3421052631579,93.42105263157895,98.94736842105263,73.02631578947368,23.94736842105263
2526,understat:28970,2026-01-03,west_ham,wolverhampton_wanderers,A,mgr:b68b19e445ac,Nuno Herlander Simões Espírito Santo,4231,L,False,27.69396551724138,55,84.4559585492228,28,14.507772020725389,60.0,22,11.398963730569948,14,4.849137931034483,4,6,0,0.235678,41.14639175257732,16.49484536082474,17,6,38,28,25.0,36.36363636363637,46.42857142857143,0.039279666666666664,team_tactical_v1,OBSERVED_TACTICAL_FEATURE,False,78.28947368421052,95.0,92.5,91.3157894736842,53.94736842105263,42.89473684210526,78.8157894736842,34.3421052631579,84.07894736842105,48.94736842105263,12.763157894736842,10.394736842105264,25.394736842105264,2.3684210526315788,95.78947368421052,93.8157894736842,98.15789473684211,31.57894736842105,40.13157894736842,42.36842105263158
2526,understat:28970,2026-01-03,wolverhampton_wanderers,west_ham,H,mgr:434bf1b2b6dc,Rob Edwards,352,W,False,18.341307814992025,18,79.01234567901234,16,19.753086419753085,52.94117647058823,22,27.160493827160494,7,3.9872408293460926,8,11,3,2.23925,26.342056074766354,1.8691588785046729,12,9,35,28,31.25,27.272727272727277,53.57142857142857,0.20356818181818184,team_tactical_v1,OBSERVED_TACTICAL_FEATURE,False,17.5,10.131578947368421,65.52631578947368,46.973684210526315,88.42105263157895,16.842105263157894,78.8157894736842,94.73684210526316,29.07894736842105,29.736842105263158,46.31578947368421,44.3421052631579,96.05263157894737,80.0,9.605263157894736,2.763157894736842,77.36842105263158,68.02631578947368,26.57894736842105,42.36842105263158
2526,understat:28971,2026-01-03,arsenal,bournemouth,A,mgr:5fdd2f365fdc,Mikel Arteta,433,W,False,24.45582586427657,35,76.19047619047619,20,13.605442176870747,65.0,23,15.646258503401361,8,5.249679897567222,10,12,3,1.28,33.26864406779661,7.627118644067797,11,7,47,37,15.0,30.43478260869565,56.75675675675676,0.10666666666666667,team_tactical_v1,OBSERVED_TACTICAL_FEATURE,False,60.921052631578945,67.89473684210526,44.078947368421055,67.63157894736842,47.76315789473684,62.5,82.89473684210526,62.36842105263158,36.44736842105263,60.526315789473685,68.28947368421052,51.8421052631579,96.05263157894737,43.55263157894737,56.8421052631579,43.026315789473685,69.86842105263158,44.21052631578947,86.44736842105263,73.94736842105263
2526,understat:28971,2026-01-03,bournemouth,arsenal,H,mgr:b4b8eecb310f,Andoni Iraola,4231,L,False,23.40740740740741,31,70.1923076923077,22,21.153846153846153,68.18181818181819,23,22.115384615384617,7,3.851851851851852,9,15,2,0.947846,30.389719626168223,7.4766355140186915,12,4,41,37,18.181818181818183,34.78260869565217,43.24324324324324,0.06318973333333333,team_tactical_v1,OBSERVED_TACTICAL_FEATURE,False,53.28947368421053,55.13157894736842,12.236842105263158,76.71052631578948,93.55263157894737,73.15789473684211,82.89473684210526,86.05263157894737,29.07894736842105,25.394736842105264,57.76315789473684,74.73684210526316,83.15789473684211,28.68421052631579,34.473684210526315,41.71052631578947,77.36842105263158,12.368421052631579,57.89473684210526,73.94736842105263
2526,understat:28972,2026-01-03,aston_villa,nottingham_forest,H,mgr:dcdf2dffc0c2,Unai Emery,4231,W,False,32.597266035751844,45,76.27118644067797,16,6.779661016949152,76.47058823529412,19,8.05084745762712,23,6.414300736067298,7,11,3,1.42988,46.11764705882352,22.352941176470587,9,11,39,15,12.5,21.05263157894737,60.0,0.12998909090909092,team_tactical_v1,OBSERVED_TACTICAL_FEATURE,False,93.02631578947368,85.52631578947368,44.86842105263158,46.973684210526315,3.4210526315789473,91.71052631578948,63.55263157894737,10.921052631578947,99.34210526315789,82.63157894736842,35.6578947368421,44.3421052631579,96.05263157894737,52.23684210526316,99.34210526315789,99.34210526315789,49.3421052631579,84.07894736842105,46.71052631578947,4.7368421052631575
2526,understat:28972,2026-01-03,nottingham_forest,aston_villa,A,mgr:224591e666ec,Sean Dyche,451,L,False,14.339622641509434,7,66.66666666666667,9,18.75,53.333333333333336,12,25.0,3,3.962264150943396,7,10,1,0.8982,26.608849557522124,6.1946902654867255,8,14,41,15,0.0,66.66666666666667,40.0,0.08982,team_tactical_v1,OBSERVED_TACTICAL_FEATURE,False,3.5526315789473686,0.2631578947368421,5.0,10.394736842105264,84.60526315789474,17.894736842105264,21.31578947368421,91.84210526315789,4.2105263157894735,28.81578947368421,35.6578947368421,35.13157894736842,58.55263157894737,25.92105263157895,10.921052631578947,28.289473684210527,37.63157894736842,95.13157894736842,57.89473684210526,4.7368421052631575
2526,understat:28973,2026-01-03,brighton,burnley,H,mgr:dfda8206a0e2,Fabian Hürzeler,4231,W,False,20.85152838427948,29,76.08695652173913,11,7.971014492753623,56.0,26,18.840579710144926,7,4.366812227074236,10,15,2,1.4717,35.44842105263158,11.578947368421053,10,6,40,32,36.36363636363637,30.76923076923077,59.375,0.09811333333333333,team_tactical_v1,OBSERVED_TACTICAL_FEATURE,False,36.578947368421055,46.71052631578947,43.1578947368421,18.94736842105263,7.105263157894737,28.026315789473685,91.44736842105263,76.57894736842105,29.07894736842105,37.89473684210526,68.28947368421052,74.73684210526316,83.15789473684211,53.94736842105263,73.6842105263158,76.1842105263158,60.921052631578945,31.57894736842105,52.36842105263158,55.78947368421053
2526,understat:28973,2026-01-03,burnley,brighton,A,mgr:c49e040048ca,Scott Parker,541,L,False,18.82183908045977,27,92.63157894736842,16,16.842105263157894,57.142857142857146,17,17.894736842105264,3,3.160919540229885,2,5,0,0.254551,35.023655913978494,7.526881720430108,13,3,36,32,6.25,47.05882352941177,40.625,0.0509102,team_tactical_v1,OBSERVED_TACTICAL_FEATURE,False,21.31578947368421,37.10526315789474,99.86842105263158,46.973684210526315,73.8157894736842,33.81578947368421,50.13157894736842,72.23684210526316,4.2105263157894735,12.5,1.7105263157894737,6.578947368421052,25.394736842105264,2.6315789473684212,70.52631578947368,42.10526315789474,84.34210526315789,6.315789473684211,31.18421052631579,55.78947368421053
2526,understat:28968,2026-01-04,crystal_palace,newcastle_united,A,mgr:1058459b93f2,Oliver Glasner,3421,L,False,26.37362637362637,16,75.0,15,11.71875,55.55555555555556,15,11.71875,11,6.043956043956044,7,11,0,1.27825,31.473972602739725,8.904109589041095,11,11,47,37,13.333333333333334,53.333333333333336,45.94594594594594,0.11620454545454546,team_tactical_v1,OBSERVED_TACTICAL_FEATURE,False,70.92105263157895,5.7894736842105265,36.18421052631579,41.71052631578947,29.86842105263158,26.973684210526315,36.8421052631579,37.5,65.26315789473684,78.28947368421052,35.6578947368421,44.3421052631579,25.394736842105264,43.28947368421053,43.94736842105263,53.81578947368421,69.86842105263158,84.07894736842105,86.44736842105263,73.94736842105263
2526,understat:28968,2026-01-04,newcastle_united,crystal_palace,H,mgr:65451ab24622,Eddie Howe,433,W,False,24.88738738738739,36,78.37837837837837,31,20.945945945945947,57.89473684210526,31,20.945945945945947,11,5.743243243243243,8,12,2,2.72764,33.016,11.2,9,7,52,37,22.580645161290324,48.38709677419355,54.054054054054056,0.22730333333333333,team_tactical_v1,OBSERVED_TACTICAL_FEATURE,False,63.421052631578945,70.39473684210526,60.6578947368421,94.47368421052632,92.63157894736842,35.0,98.15789473684211,82.23684210526316,65.26315789473684,71.57894736842105,46.31578947368421,51.8421052631579,83.15789473684211,90.52631578947368,54.86842105263158,73.28947368421052,49.3421052631579,44.21052631578947,95.0,73.94736842105263
2526,understat:28969,2026-01-04,sunderland,tottenham_hotspur,A,mgr:1a031e232e88,Régis Le Bris,442,D,False,20.76271186440678,26,76.28865979381443,21,21.649484536082475,56.25,16,16.49484536082474,16,5.508474576271187,8,10,1,0.467481,34.57142857142857,12.380952380952381,13,9,41,47,19.047619047619047,43.75,57.4468085106383,0.0467481,team_tactical_v1,OBSERVED_TACTICAL_FEATURE,False,35.6578947368421,33.1578947368421,45.13157894736842,72.23684210526316,95.26315789473684,29.605263157894736,44.3421052631579,66.3157894736842,89.86842105263158,67.10526315789474,46.31578947368421,35.13157894736842,58.55263157894737,8.552631578947368,66.71052631578948,80.39473684210526,84.34210526315789,68.02631578947368,57.89473684210526,92.89473684210526
2526,understat:28969,2026-01-04,tottenham_hotspur,sunderland,H,mgr:1e78f2997997,Thomas Frank,4231,D,False,28.491620111731844,29,72.91666666666667,23,15.972222222222221,52.38095238095238,18,12.5,12,7.122905027932961,10,13,1,1.4175,33.81160714285714,12.5,12,8,44,47,30.43478260869565,55.55555555555556,42.5531914893617,0.10903846153846154,team_tactical_v1,OBSERVED_TACTICAL_FEATURE,False,82.5,46.71052631578947,24.07894736842105,79.60526315789474,66.71052631578948,15.657894736842104,56.71052631578947,43.28947368421053,72.5,90.92105263157895,68.28947368421052,58.421052631578945,58.55263157894737,51.31578947368421,60.78947368421053,81.84210526315789,77.36842105263158,55.39473684210526,73.02631578947368,92.89473684210526
2526,understat:28974,2026-01-04,brentford,everton,A,mgr:5f487ee40c90,Keith Andrews,4231,W,False,17.732207478890228,28,76.92307692307692,12,13.186813186813186,64.70588235294117,20,21.978021978021978,7,4.463208685162847,9,11,4,3.05179,35.30540540540541,13.513513513513514,8,10,53,51,50.0,30.0,45.09803921568628,0.27743545454545454,team_tactical_v1,OBSERVED_TACTICAL_FEATURE,False,13.552631578947368,41.973684210526315,49.3421052631579,23.94736842105263,43.421052631578945,61.578947368421055,70.65789473684211,85.52631578947368,29.07894736842105,39.60526315789474,57.76315789473684,44.3421052631579,99.34210526315789,93.42105263157895,72.76315789473684,85.78947368421052,37.63157894736842,78.28947368421052,96.44736842105263,97.10526315789474
2526,understat:28974,2026-01-04,everton,brentford,H,mgr:84316c036a2d,David Moyes,4231,L,False,29.79591836734694,28,80.13245033112582,27,17.880794701986755,57.69230769230769,25,16.556291390728475,12,6.530612244897959,13,14,2,1.00566,40.5171171171171,20.72072072072072,15,7,49,51,37.03703703703704,52.0,54.90196078431372,0.07183285714285714,team_tactical_v1,OBSERVED_TACTICAL_FEATURE,False,86.44736842105263,41.973684210526315,72.23684210526316,89.86842105263158,79.21052631578948,34.21052631578947,89.21052631578948,67.10526315789474,72.5,84.73684210526316,87.36842105263158,67.63157894736842,83.15789473684211,31.31578947368421,94.21052631578948,98.42105263157895,93.42105263157895,44.21052631578947,90.78947368421052,97.10526315789474
2526,understat:28975,2026-01-04,fulham,liverpool,H,mgr:d242da40969a,Marco Alexandre Saraiva da Silva,3421,D,False,19.54787234042553,17,87.5,13,11.607142857142858,46.15384615384615,9,8.035714285714286,4,3.191489361702128,6,8,2,0.609182,24.62612612612612,2.7027027027027026,9,10,34,22,7.6923076923076925,55.55555555555556,59.09090909090909,0.07614775,team_tactical_v1,OBSERVED_TACTICAL_FEATURE,False,24.736842105263158,8.026315789473685,97.63157894736842,30.13157894736842,29.07894736842105,6.973684210526316,6.578947368421052,10.789473684210526,8.157894736842104,13.026315789473685,24.736842105263158,20.92105263157895,83.15789473684211,13.68421052631579,3.9473684210526314,5.394736842105263,49.3421052631579,78.28947368421052,22.36842105263158,20.526315789473685
2526,understat:28975,2026-01-04,liverpool,fulham,A,mgr:328a5fafed26,Arne Slot,4231,D,False,28.837719298245613,58,83.33333333333333,23,10.952380952380953,66.66666666666667,11,5.238095238095238,8,5.37280701754386,7,10,2,1.7188,32.18630136986302,6.8493150684931505,5,5,32,22,4.3478260869565215,36.36363636363637,40.90909090909091,0.17188,team_tactical_v1,OBSERVED_TACTICAL_FEATURE,False,83.6842105263158,96.71052631578948,88.8157894736842,79.60526315789474,22.894736842105264,70.92105263157895,15.657894736842104,1.0526315789473684,36.44736842105263,64.21052631578948,35.6578947368421,35.13157894736842,83.15789473684211,63.421052631578945,48.421052631578945,35.921052631578945,7.631578947368421,19.736842105263158,14.342105263157896,20.526315789473685
2526,understat:28976,2026-01-04,leeds_united,manchester_united,H,mgr:fa5d385e34dc,Daniel Farke,352,D,False,22.192866578599737,33,69.42148760330579,20,16.52892561983471,75.0,19,15.702479338842975,13,4.755614266842801,8,11,1,0.970138,36.96637168141593,6.1946902654867255,10,17,48,39,15.0,21.05263157894737,58.97435897435897,0.08819436363636363,team_tactical_v1,OBSERVED_TACTICAL_FEATURE,False,45.13157894736842,62.63157894736842,9.736842105263158,67.63157894736842,71.3157894736842,90.78947368421052,63.55263157894737,62.76315789473684,77.76315789473684,47.63157894736842,46.31578947368421,44.3421052631579,58.55263157894737,29.736842105263158,82.63157894736842,28.289473684210527,60.921052631578945,98.94736842105263,88.94736842105263,78.6842105263158
2526,understat:28976,2026-01-04,manchester_united,leeds_united,A,mgr:662d1720cf8b,Ruben Filipe Marques Diogo Amorim,3421,D,False,16.260162601626018,35,68.57142857142857,10,9.523809523809524,59.09090909090909,13,12.380952380952381,10,3.7166085946573753,11,15,1,1.94781,29.85223880597015,7.462686567164179,15,8,46,39,20.0,38.46153846153846,41.02564102564103,0.129854,team_tactical_v1,OBSERVED_TACTICAL_FEATURE,False,7.631578947368421,67.89473684210526,7.368421052631579,13.157894736842104,15.131578947368421,38.1578947368421,26.05263157894737,42.10526315789474,56.44736842105263,22.763157894736842,75.26315789473684,74.73684210526316,58.55263157894737,70.92105263157895,28.68421052631579,41.31578947368421,93.42105263157895,55.39473684210526,82.63157894736842,78.6842105263158
2526,understat:28977,2026-01-04,chelsea,manchester_city,A,mgr:3b963ae58719,Calum McFarlane,4231,D,False,15.519568151147098,15,73.86363636363636,4,4.545454545454546,72.72727272727273,24,27.272727272727273,5,2.42914979757085,4,8,1,2.03726,29.91121495327103,9.345794392523365,10,14,40,13,50.0,29.166666666666668,23.07692307692308,0.2546575,team_tactical_v1,OBSERVED_TACTICAL_FEATURE,False,5.2631578947368425,4.7368421052631575,28.157894736842106,1.0526315789473684,0.9210526315789473,85.13157894736842,84.86842105263158,94.86842105263158,13.947368421052632,4.342105263157895,12.763157894736842,20.92105263157895,58.55263157894737,73.6842105263158,29.473684210526315,57.89473684210526,60.921052631578945,95.13157894736842,52.36842105263158,2.8947368421052633
2526,understat:28977,2026-01-04,manchester_city,chelsea,H,mgr:26dfbbc164aa,Pep Guardiola,4141,D,False,28.39366515837104,44,75.56818181818181,15,8.522727272727273,66.66666666666667,19,10.795454545454545,9,5.429864253393665,12,14,1,1.03049,49.04952380952382,28.571428571428573,18,9,53,13,33.333333333333336,47.36842105263158,76.92307692307692,0.07360642857142856,team_tactical_v1,OBSERVED_TACTICAL_FEATURE,False,81.84210526315789,83.8157894736842,38.94736842105263,41.71052631578947,9.605263157894736,70.92105263157895,63.55263157894737,29.210526315789473,46.973684210526315,64.86842105263158,82.5,67.63157894736842,58.55263157894737,32.76315789473684,99.73684210526316,99.86842105263158,98.55263157894737,68.02631578947368,96.44736842105263,2.8947368421052633
2526,understat:28987,2026-01-06,nottingham_forest,west_ham,A,mgr:224591e666ec,Sean Dyche,4231,W,False,32.27445997458704,49,88.17204301075269,28,15.053763440860216,45.0,23,12.365591397849462,12,5.082592121982211,9,14,3,1.26683,30.71037735849057,11.320754716981131,9,6,49,47,17.857142857142858,8.695652173913043,42.5531914893617,0.09048785714285713,team_tactical_v1,OBSERVED_TACTICAL_FEATURE,False,92.63157894736842,90.0,98.6842105263158,91.3157894736842,58.28947368421053,6.052631578947368,82.89473684210526,41.973684210526315,72.5,55.526315789473685,57.76315789473684,67.63157894736842,96.05263157894737,42.5,38.026315789473685,74.07894736842105,49.3421052631579,31.57894736842105,90.78947368421052,92.89473684210526
2526,understat:28987,2026-01-06,west_ham,nottingham_forest,H,mgr:b68b19e445ac,Nuno Herlander Simões Espírito Santo,4231,L,False,24.659400544959126,36,80.48780487804878,19,15.447154471544716,52.38095238095238,8,6.504065040650406,8,5.040871934604905,10,14,0,1.73697,30.20569105691057,10.56910569105691,19,7,41,47,10.526315789473683,25.0,57.4468085106383,0.1240692857142857,team_tactical_v1,OBSERVED_TACTICAL_FEATURE,False,62.10526315789474,70.39473684210526,75.26315789473684,62.10526315789474,61.71052631578947,15.657894736842104,3.9473684210526314,3.8157894736842106,36.44736842105263,54.21052631578947,68.28947368421052,67.63157894736842,25.394736842105264,64.34210526315789,32.23684210526316,68.42105263157895,99.47368421052632,44.21052631578947,57.89473684210526,92.89473684210526
2526,understat:28978,2026-01-07,everton,wolverhampton_wanderers,H,mgr:84316c036a2d,David Moyes,433,D,True,24.746743849493487,25,84.21052631578948,19,16.666666666666668,42.857142857142854,17,14.912280701754385,9,6.367583212735166,10,13,1,1.63321,32.97592592592592,10.185185185185185,8,6,34,53,26.31578947368421,47.05882352941177,56.60377358490566,0.12563153846153846,team_tactical_v1,OBSERVED_TACTICAL_FEATURE,False,62.63157894736842,28.42105263157895,91.57894736842105,62.10526315789474,73.15789473684211,3.9473684210526314,50.13157894736842,57.36842105263158,46.973684210526315,81.84210526315789,68.28947368421052,58.421052631578945,58.55263157894737,59.73684210526316,54.60526315789474,64.86842105263158,37.63157894736842,31.57894736842105,22.36842105263158,97.89473684210526
2526,understat:28978,2026-01-07,wolverhampton_wanderers,everton,A,mgr:434bf1b2b6dc,Rob Edwards,352,D,False,23.93272962483829,49,74.79674796747967,30,24.390243902439025,47.61904761904762,13,10.56910569105691,14,6.85640362225097,12,13,1,0.71329,28.77878787878788,3.0303030303030303,9,5,44,53,23.33333333333333,38.46153846153846,43.39622641509434,0.05486846153846154,team_tactical_v1,OBSERVED_TACTICAL_FEATURE,False,56.8421052631579,90.0,34.86842105263158,93.55263157894737,99.21052631578948,8.552631578947368,26.05263157894737,27.36842105263158,84.07894736842105,88.42105263157895,82.5,58.421052631578945,58.55263157894737,18.81578947368421,20.394736842105264,6.842105263157895,49.3421052631579,19.736842105263158,73.02631578947368,97.89473684210526
2526,understat:28979,2026-01-07,bournemouth,tottenham_hotspur,H,mgr:b4b8eecb310f,Andoni Iraola,4231,W,False,19.548872180451127,15,66.27906976744185,12,13.953488372093023,56.25,22,25.58139534883721,7,3.4586466165413534,5,11,3,1.19014,31.65798319327732,9.243697478991596,8,10,49,35,25.0,18.181818181818183,54.285714285714285,0.10819454545454545,team_tactical_v1,OBSERVED_TACTICAL_FEATURE,False,24.86842105263158,4.7368421052631575,4.078947368421052,23.94736842105263,50.26315789473684,29.605263157894736,78.8157894736842,92.89473684210526,29.07894736842105,17.236842105263158,19.473684210526315,44.3421052631579,96.05263157894737,38.81578947368421,44.73684210526316,56.578947368421055,37.63157894736842,78.28947368421052,90.78947368421052,66.84210526315789
2526,understat:28979,2026-01-07,tottenham_hotspur,bournemouth,A,mgr:1e78f2997997,Thomas Frank,4231,L,False,20.392156862745097,16,74.10714285714286,21,18.75,61.53846153846154,38,33.92857142857143,11,6.2745098039215685,11,16,2,1.6261,32.5421052631579,7.368421052631579,16,5,44,35,23.80952380952381,36.8421052631579,45.71428571428572,0.10163125,team_tactical_v1,OBSERVED_TACTICAL_FEATURE,False,33.421052631578945,5.7894736842105265,29.473684210526315,72.23684210526316,84.60526315789474,47.76315789473684,99.86842105263158,98.6842105263158,65.26315789473684,81.1842105263158,75.26315789473684,80.92105263157895,83.15789473684211,59.60526315789474,52.76315789473684,41.05263157894737,96.57894736842105,19.736842105263158,73.02631578947368,66.84210526315789
2526,understat:28981,2026-01-07,brentford,sunderland,H,mgr:5f487ee40c90,Keith Andrews,4231,W,False,28.90173410404624,26,74.0,22,14.666666666666666,67.85714285714286,11,7.333333333333333,15,8.236994219653178,14,18,3,3.86096,32.540909090909096,10.227272727272727,3,8,46,35,18.181818181818183,36.36363636363637,48.57142857142857,0.2144977777777778,team_tactical_v1,OBSERVED_TACTICAL_FEATURE,False,83.8157894736842,33.1578947368421,28.68421052631579,76.71052631578948,54.86842105263158,71.71052631578948,15.657894736842104,7.368421052631579,87.5,97.10526315789474,90.52631578947368,89.86842105263158,96.05263157894737,98.55263157894737,52.63157894736842,65.78947368421052,2.1052631578947367,55.39473684210526,82.63157894736842,66.84210526315789
2526,understat:28981,2026-01-07,sunderland,brentford,A,mgr:1a031e232e88,Régis Le Bris,4231,L,False,19.880418535127056,28,74.44444444444444,13,14.444444444444445,75.0,7,7.777777777777778,4,4.633781763826607,5,11,0,1.50644,32.086046511627906,8.13953488372093,6,10,39,35,15.384615384615383,42.85714285714285,51.42857142857143,0.1369490909090909,team_tactical_v1,OBSERVED_TACTICAL_FEATURE,False,26.710526315789473,41.973684210526315,31.710526315789473,30.13157894736842,53.421052631578945,90.78947368421052,2.763157894736842,9.473684210526315,8.157894736842104,44.21052631578947,19.473684210526315,44.3421052631579,25.394736842105264,55.26315789473684,47.63157894736842,48.81578947368421,15.657894736842104,78.28947368421052,46.71052631578947,66.84210526315789
2526,understat:28982,2026-01-07,burnley,manchester_united,H,mgr:c49e040048ca,Scott Parker,3421,D,False,22.378716744913927,21,87.5,7,7.291666666666667,36.36363636363637,23,23.958333333333332,3,2.660406885758998,6,7,1,0.31971,32.18316831683169,8.910891089108912,10,7,44,31,0.0,43.47826086956522,29.032258064516128,0.04567285714285714,team_tactical_v1,OBSERVED_TACTICAL_FEATURE,False,46.71052631578947,15.657894736842104,97.63157894736842,5.394736842105263,4.2105263157894735,1.5789473684210527,82.89473684210526,90.13157894736842,4.2105263157894735,6.578947368421052,24.736842105263158,16.18421052631579,58.55263157894737,4.7368421052631575,48.28947368421053,54.21052631578947,60.921052631578945,44.21052631578947,73.02631578947368,50.526315789473685
2526,understat:28982,2026-01-07,manchester_united,burnley,A,mgr:98dfad21cc80,Darren Fletcher,4231,D,False,26.486486486486488,54,69.0721649484536,26,13.402061855670103,58.69565217391305,22,11.34020618556701,20,6.378378378378378,21,31,3,2.52488,35.44571428571429,12.380952380952381,16,6,54,31,34.61538461538461,72.72727272727273,70.96774193548387,0.08144774193548387,team_tactical_v1,OBSERVED_TACTICAL_FEATURE,False,72.23684210526316,94.47368421052632,9.078947368421053,88.42105263157895,45.26315789473684,36.8421052631579,78.8157894736842,34.078947368421055,97.10526315789474,82.10526315789474,99.47368421052632,99.73684210526316,96.05263157894737,87.76315789473684,73.55263157894737,80.39473684210526,96.57894736842105,31.57894736842105,97.23684210526316,50.526315789473685
2526,understat:28983,2026-01-07,aston_villa,crystal_palace,A,mgr:dcdf2dffc0c2,Unai Emery,4231,D,False,24.23500611995104,30,78.66666666666667,16,10.666666666666666,66.66666666666667,19,12.666666666666666,15,6.487148102815177,11,15,0,2.07015,34.99638554216867,10.843373493975903,8,9,33,21,25.0,36.8421052631579,47.61904761904762,0.13801,team_tactical_v1,OBSERVED_TACTICAL_FEATURE,False,59.3421052631579,51.31578947368421,62.36842105263158,46.973684210526315,21.18421052631579,70.92105263157895,63.55263157894737,44.60526315789474,87.5,84.07894736842105,75.26315789473684,74.73684210526316,25.394736842105264,75.13157894736842,70.26315789473684,71.05263157894737,37.63157894736842,68.02631578947368,17.763157894736842,17.63157894736842
2526,understat:28983,2026-01-07,crystal_palace,aston_villa,H,mgr:1058459b93f2,Oliver Glasner,3421,D,False,19.937205651491364,18,80.8080808080808,11,11.11111111111111,68.75,7,7.070707070707071,11,4.552590266875981,7,11,0,1.32505,29.87755102040816,8.16326530612245,6,4,32,21,27.272727272727277,28.571428571428573,52.38095238095238,0.12045909090909092,team_tactical_v1,OBSERVED_TACTICAL_FEATURE,False,27.236842105263158,10.131578947368421,77.89473684210526,18.94736842105263,23.55263157894737,75.26315789473684,2.763157894736842,6.184210526315789,65.26315789473684,42.36842105263158,35.6578947368421,44.3421052631579,25.394736842105264,46.05263157894737,29.07894736842105,49.21052631578947,15.657894736842104,12.368421052631579,14.342105263157896,17.63157894736842
2526,understat:28984,2026-01-07,chelsea,fulham,A,mgr:3b963ae58719,Calum McFarlane,4231,L,True,21.128608923884517,26,72.72727272727273,22,20.0,60.0,11,10.0,11,5.774278215223097,10,14,1,2.45107,31.22886597938144,12.371134020618557,9,8,37,29,18.181818181818183,63.63636363636363,34.48275862068966,0.17507642857142858,team_tactical_v1,OBSERVED_TACTICAL_FEATURE,False,38.026315789473685,33.1578947368421,23.157894736842106,76.71052631578948,89.86842105263158,42.89473684210526,15.657894736842104,23.157894736842106,65.26315789473684,72.36842105263158,68.28947368421052,67.63157894736842,58.55263157894737,85.92105263157895,41.973684210526315,80.0,49.3421052631579,55.39473684210526,35.13157894736842,45.526315789473685
2526,understat:28984,2026-01-07,fulham,chelsea,H,mgr:d242da40969a,Marco Alexandre Saraiva da Silva,3421,W,False,29.80437284234753,43,75.23364485981308,19,8.878504672897197,70.83333333333333,25,11.682242990654206,13,5.178365937859609,11,16,2,1.06013,36.271428571428565,15.306122448979592,10,9,37,29,21.05263157894737,48.0,65.51724137931035,0.066258125,team_tactical_v1,OBSERVED_TACTICAL_FEATURE,False,86.57894736842105,82.36842105263158,36.71052631578947,62.10526315789474,11.447368421052632,79.60526315789474,89.21052631578948,36.71052631578947,77.76315789473684,58.421052631578945,75.26315789473684,80.92105263157895,83.15789473684211,33.55263157894737,78.55263157894737,90.92105263157895,60.921052631578945,68.02631578947368,35.13157894736842,45.526315789473685
2526,understat:28985,2026-01-07,brighton,manchester_city,A,mgr:dfda8206a0e2,Fabian Hürzeler,4231,D,False,11.283497884344149,17,77.77777777777777,9,16.666666666666668,60.0,7,12.962962962962964,3,2.538787023977433,6,6,1,1.33162,29.360869565217392,4.3478260869565215,12,20,41,22,33.333333333333336,28.571428571428573,36.36363636363637,0.22193666666666667,team_tactical_v1,OBSERVED_TACTICAL_FEATURE,False,0.9210526315789473,8.026315789473685,57.36842105263158,10.394736842105264,73.15789473684211,42.89473684210526,2.763157894736842,46.31578947368421,4.2105263157894735,5.0,24.736842105263158,10.394736842105264,58.55263157894737,46.8421052631579,25.13157894736842,13.81578947368421,77.36842105263158,100.0,57.89473684210526,20.526315789473685
2526,understat:28985,2026-01-07,manchester_city,brighton,H,mgr:26dfbbc164aa,Pep Guardiola,4141,D,False,30.40614709110867,40,69.19431279620854,13,6.161137440758294,60.0,31,14.691943127962086,14,7.903402854006586,14,21,1,2.95904,42.40860215053763,19.35483870967742,11,19,43,22,46.15384615384615,51.61290322580645,63.63636363636363,0.14090666666666665,team_tactical_v1,OBSERVED_TACTICAL_FEATURE,False,88.55263157894737,78.02631578947368,9.342105263157896,30.13157894736842,2.5,42.89473684210526,98.15789473684211,56.8421052631579,84.07894736842105,96.1842105263158,90.52631578947368,95.92105263157895,58.55263157894737,93.02631578947368,97.5,97.5,69.86842105263158,99.73684210526316,66.71052631578948,20.526315789473685
2526,understat:28986,2026-01-07,leeds_united,newcastle_united,A,mgr:fa5d385e34dc,Daniel Farke,3142,L,False,24.127465857359635,36,76.6355140186916,12,11.214953271028037,66.66666666666667,16,14.953271028037383,12,6.373292867981791,9,14,3,2.35318,32.31739130434783,11.304347826086957,7,16,45,40,33.333333333333336,50.0,45.0,0.1680842857142857,team_tactical_v1,OBSERVED_TACTICAL_FEATURE,False,58.68421052631579,70.39473684210526,47.76315789473684,23.94736842105263,24.342105263157894,70.92105263157895,44.3421052631579,57.76315789473684,72.5,81.97368421052632,57.76315789473684,67.63157894736842,96.05263157894737,83.55263157894737,49.86842105263158,73.8157894736842,25.13157894736842,97.76315789473684,77.23684210526316,79.47368421052632
2526,understat:28986,2026-01-07,newcastle_united,leeds_united,H,mgr:65451ab24622,Eddie Howe,433,W,False,22.93986636971047,41,81.81818181818181,35,22.727272727272727,64.51612903225806,19,12.337662337662337,15,6.570155902004454,14,18,4,2.43495,30.32621359223301,5.825242718446602,11,9,43,40,25.714285714285715,42.10526315789474,55.0,0.135275,team_tactical_v1,OBSERVED_TACTICAL_FEATURE,False,50.0,80.0,82.89473684210526,97.36842105263158,96.84210526315789,60.39473684210526,63.55263157894737,41.71052631578947,87.5,85.13157894736842,90.52631578947368,89.86842105263158,99.34210526315789,85.39473684210526,33.94736842105263,24.473684210526315,69.86842105263158,68.02631578947368,66.71052631578948,79.47368421052632
2526,understat:28980,2026-01-08,arsenal,liverpool,H,mgr:5fdd2f365fdc,Mikel Arteta,433,D,False,32.99270072992701,34,82.41758241758242,15,8.241758241758241,64.28571428571429,23,12.637362637362637,14,4.233576642335766,7,9,0,0.701832,39.43768115942029,20.28985507246377,6,7,31,11,20.0,34.78260869565217,54.54545454545455,0.07798133333333333,team_tactical_v1,OBSERVED_TACTICAL_FEATURE,False,93.55263157894737,65.52631578947368,85.0,41.71052631578947,8.81578947368421,59.3421052631579,82.89473684210526,44.21052631578947,84.07894736842105,35.26315789473684,35.6578947368421,27.63157894736842,25.394736842105264,18.289473684210527,91.84210526315789,98.02631578947368,15.657894736842104,44.21052631578947,11.18421052631579,1.3157894736842106
2526,understat:28980,2026-01-08,liverpool,arsenal,A,mgr:328a5fafed26,Arne Slot,4231,D,False,19.328859060402685,48,82.5,9,7.5,70.0,18,15.0,3,1.74496644295302,3,8,0,0.318642,27.23733333333333,4.0,7,8,27,11,0.0,55.55555555555556,45.45454545454545,0.03983025,team_tactical_v1,OBSERVED_TACTICAL_FEATURE,False,23.42105263157895,88.8157894736842,86.1842105263158,10.394736842105264,5.0,77.89473684210526,56.71052631578947,58.421052631578945,4.2105263157894735,0.9210526315789473,5.131578947368421,20.92105263157895,25.394736842105264,4.605263157894737,13.289473684210526,11.710526315789474,25.13157894736842,55.39473684210526,2.763157894736842,1.3157894736842106
2526,understat:28990,2026-01-17,brentford,chelsea,A,mgr:5f487ee40c90,Keith Andrews,4231,L,False,24.04438964241677,42,78.87323943661971,29,20.422535211267604,53.84615384615385,16,11.267605633802816,17,5.9186189889025895,14,15,0,1.47521,37.12736842105263,12.631578947368421,9,8,47,24,24.13793103448276,18.75,50.0,0.09834733333333333,team_tactical_v1,OBSERVED_TACTICAL_FEATURE,False,57.63157894736842,81.3157894736842,64.07894736842105,92.23684210526316,91.1842105263158,19.736842105263158,44.3421052631579,33.421052631578945,92.23684210526316,75.13157894736842,90.52631578947368,74.73684210526316,25.394736842105264,54.078947368421055,83.15789473684211,82.23684210526316,49.3421052631579,55.39473684210526,86.44736842105263,26.57894736842105
2526,understat:28990,2026-01-17,chelsea,brentford,H,mgr:4fed4e69ba04,Liam Rosenior,4231,W,False,16.05442176870748,26,85.56701030927834,11,11.34020618556701,66.66666666666667,19,19.587628865979383,3,2.17687074829932,5,6,2,1.62263,29.282608695652176,5.217391304347826,9,11,38,24,9.090909090909092,36.8421052631579,50.0,0.27043833333333334,team_tactical_v1,OBSERVED_TACTICAL_FEATURE,False,7.5,33.1578947368421,95.65789473684211,18.94736842105263,26.18421052631579,70.92105263157895,63.55263157894737,79.73684210526316,4.2105263157894735,2.236842105263158,19.473684210526315,10.394736842105264,83.15789473684211,59.473684210526315,24.342105263157894,20.394736842105264,49.3421052631579,84.07894736842105,40.13157894736842,26.57894736842105
2526,understat:28991,2026-01-17,fulham,leeds_united,A,mgr:d242da40969a,Marco Alexandre Saraiva da Silva,4231,L,False,10.841836734693878,20,74.54545454545455,8,14.545454545454545,66.66666666666667,9,16.363636363636363,7,1.7857142857142858,5,8,0,0.258796,29.482795698924733,6.451612903225806,7,10,28,48,12.5,33.333333333333336,56.25,0.0323495,team_tactical_v1,OBSERVED_TACTICAL_FEATURE,False,0.7894736842105263,13.81578947368421,33.28947368421053,7.2368421052631575,54.21052631578947,70.92105263157895,6.578947368421052,65.26315789473684,29.07894736842105,1.1842105263157894,19.473684210526315,20.92105263157895,25.394736842105264,2.763157894736842,26.710526315789473,31.710526315789473,25.13157894736842,78.28947368421052,3.6842105263157894,94.21052631578948
2526,understat:28991,2026-01-17,leeds_united,fulham,H,mgr:fa5d385e34dc,Daniel Farke,352,W,False,22.7972027972028,26,80.3921568627451,21,20.58823529411765,52.17391304347826,13,12.745098039215685,10,5.314685314685315,12,14,1,2.16898,37.2,9.876543209876543,8,7,43,48,23.80952380952381,30.76923076923077,43.75,0.15492714285714285,team_tactical_v1,OBSERVED_TACTICAL_FEATURE,False,48.55263157894737,33.1578947368421,74.07894736842105,72.23684210526316,91.57894736842105,14.868421052631579,26.05263157894737,45.26315789473684,56.44736842105263,62.63157894736842,82.5,67.63157894736842,58.55263157894737,77.89473684210526,83.28947368421052,62.76315789473684,37.63157894736842,44.21052631578947,66.71052631578948,94.21052631578948
2526,understat:28992,2026-01-17,burnley,liverpool,A,mgr:c49e040048ca,Scott Parker,3421,D,False,19.06354515050167,11,71.7948717948718,7,8.974358974358974,40.0,9,11.538461538461538,7,3.0100334448160537,3,7,1,0.546971,24.80526315789474,8.771929824561404,7,9,35,32,0.0,77.77777777777777,37.5,0.07813871428571428,team_tactical_v1,OBSERVED_TACTICAL_FEATURE,False,22.63157894736842,1.5789473684210527,18.157894736842106,5.394736842105263,12.105263157894736,3.289473684210526,6.578947368421052,35.6578947368421,29.07894736842105,9.736842105263158,5.131578947368421,16.18421052631579,58.55263157894737,11.710526315789474,4.342105263157895,53.026315789473685,25.13157894736842,68.02631578947368,26.57894736842105,55.78947368421053
2526,understat:28992,2026-01-17,liverpool,burnley,H,mgr:328a5fafed26,Arne Slot,4231,D,False,43.26375711574953,64,73.16455696202532,34,8.60759493670886,55.76923076923077,27,6.8354430379746836,30,9.487666034155598,25,32,1,3.49045,35.40434782608695,5.797101449275362,4,8,38,32,26.47058823529412,55.55555555555556,62.5,0.1090765625,team_tactical_v1,OBSERVED_TACTICAL_FEATURE,False,100.0,98.42105263157895,25.13157894736842,96.57894736842105,10.0,27.105263157894736,93.94736842105263,5.2631578947368425,100.0,99.21052631578948,99.86842105263158,99.86842105263158,58.55263157894737,97.23684210526316,73.28947368421052,24.210526315789473,4.2105263157894735,55.39473684210526,40.13157894736842,55.78947368421053
2526,understat:28993,2026-01-17,manchester_city,manchester_united,A,mgr:26dfbbc164aa,Pep Guardiola,4141,L,False,34.19078242229368,45,77.34375,20,7.8125,64.28571428571429,18,7.03125,12,5.144694533762058,7,7,0,0.387015,38.08148148148148,13.580246913580247,11,9,35,16,10.0,33.333333333333336,43.75,0.055287857142857146,team_tactical_v1,OBSERVED_TACTICAL_FEATURE,False,95.78947368421052,85.52631578947368,52.89473684210526,67.63157894736842,6.578947368421052,59.3421052631579,56.71052631578947,5.7894736842105265,72.5,57.36842105263158,35.6578947368421,16.18421052631579,25.394736842105264,6.578947368421052,87.76315789473684,85.92105263157895,69.86842105263158,68.02631578947368,26.57894736842105,6.842105263157895
2526,understat:28993,2026-01-17,manchester_united,manchester_city,H,mgr:3aa905054daf,Michael Carrick,4231,W,False,23.3502538071066,30,70.64220183486239,10,9.174311926605505,62.5,12,11.009174311926605,9,4.230118443316413,8,11,2,3.07278,28.28173913043478,4.3478260869565215,12,12,44,16,40.0,41.66666666666666,56.25,0.27934363636363635,team_tactical_v1,OBSERVED_TACTICAL_FEATURE,False,52.89473684210526,51.31578947368421,13.421052631578947,13.157894736842104,12.894736842105264,51.973684210526315,21.31578947368421,31.31578947368421,46.973684210526315,35.0,46.31578947368421,44.3421052631579,83.15789473684211,93.6842105263158,18.289473684210527,13.81578947368421,77.36842105263158,89.21052631578948,73.02631578947368,6.842105263157895
2526,understat:28994,2026-01-17,arsenal,nottingham_forest,A,mgr:5fdd2f365fdc,Mikel Arteta,433,D,False,26.424870466321245,35,81.875,26,16.25,60.0,14,8.75,16,7.512953367875648,11,15,0,2.86323,31.65421686746988,6.024096385542169,7,4,29,34,42.30769230769231,42.85714285714285,52.94117647058823,0.19088200000000002,team_tactical_v1,OBSERVED_TACTICAL_FEATURE,False,71.57894736842105,67.89473684210526,83.02631578947368,88.42105263157895,68.42105263157895,42.89473684210526,31.31578947368421,14.473684210526315,89.86842105263158,94.34210526315789,75.26315789473684,74.73684210526316,25.394736842105264,92.23684210526316,44.60526315789474,26.31578947368421,25.13157894736842,12.368421052631579,5.131578947368421,63.421052631578945
2526,understat:28994,2026-01-17,nottingham_forest,arsenal,H,mgr:224591e666ec,Sean Dyche,4231,D,False,28.980891719745223,30,87.76978417266187,25,17.985611510791365,50.0,19,13.66906474820144,7,3.343949044585987,4,6,0,0.318481,25.94823529411764,7.0588235294117645,5,6,26,34,20.0,21.05263157894737,47.05882352941177,0.05308016666666667,team_tactical_v1,OBSERVED_TACTICAL_FEATURE,False,84.21052631578948,51.31578947368421,98.15789473684211,84.07894736842105,80.13157894736842,13.947368421052632,63.55263157894737,50.13157894736842,29.07894736842105,15.0,12.763157894736842,10.394736842105264,25.394736842105264,4.342105263157895,7.7631578947368425,38.68421052631579,7.631578947368421,31.57894736842105,1.9736842105263157,63.421052631578945
2526,understat:28995,2026-01-17,crystal_palace,sunderland,A,mgr:1058459b93f2,Oliver Glasner,3421,L,False,21.00313479623825,36,76.19047619047619,15,17.857142857142858,70.0,9,10.714285714285714,6,4.075235109717869,4,6,1,1.15169,30.40810810810811,7.207207207207207,7,9,39,48,13.333333333333334,33.333333333333336,50.0,0.19194833333333336,team_tactical_v1,OBSERVED_TACTICAL_FEATURE,False,37.5,70.39473684210526,44.078947368421055,41.71052631578947,78.94736842105263,77.89473684210526,6.578947368421052,28.81578947368421,20.789473684210527,32.23684210526316,12.763157894736842,10.394736842105264,58.55263157894737,37.5,34.73684210526316,39.86842105263158,25.13157894736842,68.02631578947368,46.71052631578947,94.21052631578948
2526,understat:28995,2026-01-17,sunderland,crystal_palace,H,mgr:1a031e232e88,Régis Le Bris,4231,W,False,23.90180878552972,34,76.11940298507463,18,13.432835820895523,80.0,18,13.432835820895523,9,4.134366925064599,7,13,2,1.84601,34.284375000000004,5.208333333333333,11,11,30,48,38.888888888888886,33.333333333333336,50.0,0.14200076923076924,team_tactical_v1,OBSERVED_TACTICAL_FEATURE,False,56.578947368421055,65.52631578947368,43.81578947368421,57.89473684210526,45.6578947368421,95.78947368421052,56.71052631578947,49.078947368421055,46.973684210526315,32.76315789473684,35.6578947368421,58.421052631578945,83.15789473684211,67.89473684210526,64.86842105263158,20.263157894736842,69.86842105263158,84.07894736842105,7.7631578947368425,94.21052631578948
2526,understat:28996,2026-01-17,tottenham_hotspur,west_ham,H,mgr:1e78f2997997,Thomas Frank,4231,L,False,35.85118376550169,43,80.60344827586206,43,18.53448275862069,51.351351351351354,40,17.24137931034483,19,8.680947012401353,18,21,1,1.65292,38.44411764705882,12.745098039215685,15,7,53,45,23.25581395348837,32.5,44.44444444444444,0.07871047619047619,team_tactical_v1,OBSERVED_TACTICAL_FEATURE,False,97.76315789473684,82.36842105263158,76.1842105263158,99.07894736842105,83.15789473684211,14.078947368421053,100.0,70.0,95.39473684210526,98.42105263157895,98.28947368421052,95.92105263157895,58.55263157894737,60.526315789473685,88.15789473684211,83.02631578947368,93.42105263157895,44.21052631578947,96.44736842105263,88.42105263157895
2526,understat:28996,2026-01-17,west_ham,tottenham_hotspur,A,mgr:b68b19e445ac,Nuno Herlander Simões Espírito Santo,4411,W,False,17.41007194244604,21,70.23809523809524,20,23.80952380952381,78.26086956521739,16,19.047619047619047,9,5.755395683453237,12,17,2,2.76761,24.21134751773049,6.382978723404255,12,19,43,45,30.0,37.5,55.55555555555556,0.1628005882352941,team_tactical_v1,OBSERVED_TACTICAL_FEATURE,False,11.973684210526315,15.657894736842104,12.5,67.63157894736842,99.07894736842105,94.60526315789474,44.3421052631579,77.76315789473684,46.973684210526315,71.84210526315789,82.5,85.92105263157895,83.15789473684211,91.05263157894737,2.763157894736842,31.18421052631579,77.36842105263158,99.73684210526316,66.71052631578948,88.42105263157895
2526,understat:28988,2026-01-18,aston_villa,everton,H,mgr:dcdf2dffc0c2,Unai Emery,4231,L,False,26.322263222632227,36,73.58490566037736,19,11.949685534591195,60.714285714285715,13,8.176100628930818,11,5.535055350553505,15,18,0,0.905393,35.95697674418605,11.627906976744185,7,4,44,34,21.05263157894737,38.46153846153846,44.11764705882353,0.050299611111111114,team_tactical_v1,OBSERVED_TACTICAL_FEATURE,False,70.65789473684211,70.39473684210526,26.57894736842105,62.10526315789474,32.36842105263158,43.94736842105263,26.05263157894737,11.578947368421053,65.26315789473684,68.15789473684211,93.15789473684211,89.86842105263158,25.394736842105264,26.31578947368421,77.10526315789474,76.44736842105263,25.13157894736842,12.368421052631579,73.02631578947368,63.421052631578945
2526,understat:28988,2026-01-18,everton,aston_villa,A,mgr:84316c036a2d,David Moyes,4231,W,False,20.930232558139537,23,74.66666666666667,7,9.333333333333334,62.5,9,12.0,7,4.485049833887043,7,9,1,0.745859,32.32162162162162,7.207207207207207,10,13,47,34,28.571428571428573,22.22222222222222,55.88235294117647,0.08287322222222222,team_tactical_v1,OBSERVED_TACTICAL_FEATURE,False,37.23684210526316,22.763157894736842,34.473684210526315,5.394736842105263,13.552631578947368,51.973684210526315,6.578947368421052,40.0,29.07894736842105,40.26315789473684,35.6578947368421,27.63157894736842,58.55263157894737,20.526315789473685,50.13157894736842,39.86842105263158,60.921052631578945,93.02631578947368,86.44736842105263,63.421052631578945
2526,understat:28997,2026-01-18,newcastle_united,wolverhampton_wanderers,A,mgr:65451ab24622,Eddie Howe,433,D,False,30.570505920344456,47,83.33333333333333,34,15.74074074074074,55.0,17,7.87037037037037,22,4.628632938643703,8,12,0,0.813313,37.04942528735632,12.64367816091954,7,8,38,30,29.41176470588235,35.294117647058826,63.333333333333336,0.06777608333333333,team_tactical_v1,OBSERVED_TACTICAL_FEATURE,False,88.8157894736842,87.5,88.8157894736842,96.57894736842105,64.07894736842105,23.94736842105263,50.13157894736842,10.394736842105264,98.6842105263158,43.94736842105263,46.31578947368421,51.8421052631579,25.394736842105264,22.894736842105264,82.89473684210526,82.36842105263158,25.13157894736842,55.39473684210526,40.13157894736842,48.68421052631579
2526,understat:28997,2026-01-18,wolverhampton_wanderers,newcastle_united,H,mgr:434bf1b2b6dc,Rob Edwards,352,D,False,18.620689655172413,16,83.54430379746836,17,21.518987341772153,54.54545454545455,16,20.253164556962027,5,3.9655172413793114,5,6,0,0.390216,23.93863636363637,3.409090909090909,9,8,35,30,17.647058823529413,43.75,36.66666666666666,0.065036,team_tactical_v1,OBSERVED_TACTICAL_FEATURE,False,20.0,5.7894736842105265,89.34210526315789,51.973684210526315,95.0,23.42105263157895,44.3421052631579,80.39473684210526,13.947368421052632,28.94736842105263,19.473684210526315,10.394736842105264,25.394736842105264,6.7105263157894735,2.6315789473684212,8.947368421052632,49.3421052631579,55.39473684210526,26.57894736842105,48.68421052631579
2526,understat:28989,2026-01-19,bournemouth,brighton,A,mgr:b4b8eecb310f,Andoni Iraola,4231,D,False,20.87227414330218,24,77.31958762886597,15,15.463917525773196,69.23076923076923,19,19.587628865979383,6,4.517133956386293,7,11,1,1.69737,27.403361344537817,3.361344537815126,6,17,45,42,13.333333333333334,31.57894736842105,47.61904761904762,0.15430636363636363,team_tactical_v1,OBSERVED_TACTICAL_FEATURE,False,36.8421052631579,26.05263157894737,52.10526315789474,41.71052631578947,62.10526315789474,76.3157894736842,63.55263157894737,79.73684210526316,20.789473684210527,41.578947368421055,35.6578947368421,44.3421052631579,58.55263157894737,62.5,13.81578947368421,8.552631578947368,15.657894736842104,98.94736842105263,77.23684210526316,84.21052631578948
2526,understat:28989,2026-01-19,brighton,bournemouth,H,mgr:dfda8206a0e2,Fabian Hürzeler,4231,D,False,29.968119022316685,57,82.54716981132076,23,10.849056603773585,58.064516129032256,32,15.09433962264151,11,6.9075451647183845,15,17,1,0.995777,37.81078431372549,14.705882352941176,10,2,46,42,21.73913043478261,37.5,52.38095238095238,0.058575117647058826,team_tactical_v1,OBSERVED_TACTICAL_FEATURE,False,87.36842105263158,96.44736842105263,86.44736842105263,79.60526315789474,22.36842105263158,35.39473684210526,98.8157894736842,59.21052631578947,65.26315789473684,88.94736842105263,93.15789473684211,85.92105263157895,58.55263157894737,30.789473684210527,86.3157894736842,89.86842105263158,60.921052631578945,2.236842105263158,82.63157894736842,84.21052631578948
2526,understat:28998,2026-01-24,bournemouth,liverpool,H,mgr:b4b8eecb310f,Andoni Iraola,4231,W,False,21.29783693843594,18,72.16494845360825,13,13.402061855670103,100.0,16,16.49484536082474,10,5.324459234608985,7,12,3,3.31474,24.739516129032257,4.838709677419355,10,14,38,15,23.07692307692308,25.0,40.0,0.27622833333333335,team_tactical_v1,OBSERVED_TACTICAL_FEATURE,False,39.3421052631579,10.131578947368421,20.0,30.13157894736842,45.26315789473684,100.0,44.3421052631579,66.3157894736842,56.44736842105263,62.89473684210526,35.6578947368421,51.8421052631579,96.05263157894737,95.65789473684211,4.2105263157894735,16.05263157894737,60.921052631578945,95.13157894736842,40.13157894736842,4.7368421052631575
2526,understat:28998,2026-01-24,liverpool,bournemouth,A,mgr:328a5fafed26,Arne Slot,4222,L,False,34.623893805309734,57,71.37404580152672,20,7.633587786259542,53.84615384615385,19,7.251908396946565,21,5.86283185840708,13,14,2,0.937335,35.18181818181818,7.954545454545454,8,4,40,15,20.0,36.8421052631579,60.0,0.0669525,team_tactical_v1,OBSERVED_TACTICAL_FEATURE,False,96.71052631578948,96.44736842105263,15.921052631578947,67.63157894736842,5.657894736842105,19.736842105263158,63.55263157894737,7.105263157894737,97.76315789473684,74.34210526315789,87.36842105263158,67.63157894736842,83.15789473684211,27.894736842105264,71.97368421052632,46.973684210526315,37.63157894736842,12.368421052631579,52.36842105263158,4.7368421052631575
2526,understat:29001,2026-01-24,burnley,tottenham_hotspur,H,mgr:c49e040048ca,Scott Parker,3421,D,False,16.7621776504298,23,76.0,6,8.0,68.75,25,33.333333333333336,7,3.438395415472779,7,9,2,1.54884,34.859482758620686,6.896551724137931,13,16,53,25,33.333333333333336,36.0,36.0,0.17209333333333332,team_tactical_v1,OBSERVED_TACTICAL_FEATURE,False,9.078947368421053,22.763157894736842,42.36842105263158,2.6315789473684212,7.5,75.26315789473684,89.21052631578948,98.55263157894737,29.07894736842105,16.842105263157894,35.6578947368421,27.63157894736842,83.15789473684211,56.973684210526315,69.07894736842105,36.8421052631579,84.34210526315789,97.76315789473684,96.44736842105263,31.57894736842105
2526,understat:29001,2026-01-24,tottenham_hotspur,burnley,A,mgr:1e78f2997997,Thomas Frank,3421,D,False,24.25180598555212,28,72.72727272727273,19,10.795454545454545,57.142857142857146,32,18.181818181818183,8,4.231166150670795,11,18,2,2.59093,41.06744186046512,17.05426356589147,16,10,66,25,36.8421052631579,53.125,64.0,0.14394055555555557,team_tactical_v1,OBSERVED_TACTICAL_FEATURE,False,59.60526315789474,41.973684210526315,23.157894736842106,62.10526315789474,21.973684210526315,33.81578947368421,98.8157894736842,73.6842105263158,36.44736842105263,35.13157894736842,75.26315789473684,89.86842105263158,83.15789473684211,88.94736842105263,95.65789473684211,94.47368421052632,96.57894736842105,78.28947368421052,100.0,31.57894736842105
2526,understat:29004,2026-01-24,brighton,fulham,A,mgr:dfda8206a0e2,Fabian Hürzeler,433,L,False,22.92682926829268,28,80.55555555555556,26,18.055555555555557,50.0,15,10.416666666666666,12,5.365853658536586,9,13,1,1.94652,37.40186915887851,12.149532710280374,9,12,41,25,30.76923076923077,46.66666666666666,52.0,0.1497323076923077,team_tactical_v1,OBSERVED_TACTICAL_FEATURE,False,49.73684210526316,41.973684210526315,75.78947368421052,88.42105263157895,80.65789473684211,13.947368421052632,36.8421052631579,26.31578947368421,72.5,64.07894736842105,57.76315789473684,58.421052631578945,58.55263157894737,70.78947368421052,84.47368421052632,79.07894736842105,49.3421052631579,89.21052631578948,57.89473684210526,31.57894736842105
2526,understat:29004,2026-01-24,fulham,brighton,H,mgr:d242da40969a,Marco Alexandre Saraiva da Silva,4231,W,False,18.404907975460123,30,83.76068376068376,18,15.384615384615385,72.22222222222223,11,9.401709401709402,11,3.067484662576687,9,12,2,1.13243,28.6196261682243,8.411214953271028,8,7,35,25,11.11111111111111,36.36363636363637,48.0,0.09436916666666667,team_tactical_v1,OBSERVED_TACTICAL_FEATURE,False,18.289473684210527,51.31578947368421,90.39473684210526,57.89473684210526,61.44736842105263,83.8157894736842,15.657894736842104,18.157894736842106,65.26315789473684,10.789473684210526,57.76315789473684,51.8421052631579,83.15789473684211,36.578947368421055,19.86842105263158,50.921052631578945,37.63157894736842,44.21052631578947,26.57894736842105,31.57894736842105
2526,understat:29005,2026-01-24,manchester_city,wolverhampton_wanderers,H,mgr:26dfbbc164aa,Pep Guardiola,4141,W,False,22.838847385272143,50,83.11688311688312,9,5.8441558441558445,72.22222222222223,17,11.03896103896104,14,3.2017075773746,11,11,2,1.0654,42.0778947368421,17.894736842105264,6,17,39,18,33.333333333333336,11.764705882352942,55.55555555555556,0.09685454545454544,team_tactical_v1,OBSERVED_TACTICAL_FEATURE,False,48.94736842105263,90.78947368421052,87.89473684210526,10.394736842105264,1.7105263157894737,83.8157894736842,50.13157894736842,31.710526315789473,84.07894736842105,13.157894736842104,75.26315789473684,44.3421052631579,83.15789473684211,34.078947368421055,96.97368421052632,95.92105263157895,15.657894736842104,98.94736842105263,46.71052631578947,10.263157894736842
2526,understat:29005,2026-01-24,wolverhampton_wanderers,manchester_city,A,mgr:434bf1b2b6dc,Rob Edwards,352,L,False,16.0,14,72.22222222222223,12,22.22222222222222,47.05882352941177,26,48.148148148148145,7,5.846153846153846,7,11,0,0.542683,27.40957446808511,7.446808510638298,13,10,36,18,33.333333333333336,34.61538461538461,44.44444444444444,0.04933481818181818,team_tactical_v1,OBSERVED_TACTICAL_FEATURE,False,7.368421052631579,2.3684210526315788,20.657894736842106,23.94736842105263,96.44736842105263,7.7631578947368425,91.44736842105263,99.73684210526316,29.07894736842105,74.21052631578948,35.6578947368421,44.3421052631579,25.394736842105264,11.578947368421053,13.947368421052632,41.18421052631579,84.34210526315789,78.28947368421052,31.18421052631579,10.263157894736842
2526,understat:29007,2026-01-24,sunderland,west_ham,A,mgr:1a031e232e88,Régis Le Bris,442,L,False,20.0836820083682,30,82.97872340425532,17,18.085106382978722,63.63636363636363,12,12.76595744680851,8,3.3472803347280333,5,7,1,0.713838,33.13411764705882,3.5294117647058822,6,3,37,35,23.529411764705884,16.666666666666668,57.142857142857146,0.10197685714285713,team_tactical_v1,OBSERVED_TACTICAL_FEATURE,False,29.605263157894736,51.31578947368421,87.36842105263158,51.973684210526315,81.05263157894737,56.71052631578947,21.31578947368421,45.526315789473685,36.44736842105263,15.131578947368421,19.473684210526315,16.18421052631579,58.55263157894737,18.94736842105263,55.6578947368421,9.473684210526315,15.657894736842104,6.315789473684211,35.13157894736842,66.84210526315789
2526,understat:29007,2026-01-24,west_ham,sunderland,H,mgr:b68b19e445ac,Nuno Herlander Simões Espírito Santo,4411,W,False,21.686746987951807,29,79.41176470588235,13,12.745098039215685,63.1578947368421,23,22.54901960784314,8,5.421686746987952,7,13,3,2.18675,31.041052631578957,10.526315789473685,16,5,31,35,15.384615384615383,17.391304347826086,42.85714285714285,0.16821153846153847,team_tactical_v1,OBSERVED_TACTICAL_FEATURE,False,41.578947368421055,46.71052631578947,67.76315789473684,30.13157894736842,38.1578947368421,54.078947368421055,82.89473684210526,87.23684210526316,36.44736842105263,64.60526315789474,35.6578947368421,58.421052631578945,96.05263157894737,78.42105263157895,40.13157894736842,68.28947368421052,96.57894736842105,19.736842105263158,11.18421052631579,66.84210526315789
2526,understat:28999,2026-01-25,arsenal,manchester_united,H,mgr:5fdd2f365fdc,Mikel Arteta,433,L,False,31.93504736129905,34,77.71739130434783,25,13.58695652173913,53.57142857142857,16,8.695652173913043,13,6.089309878213802,13,15,1,1.42411,37.52692307692308,7.6923076923076925,7,11,33,25,16.0,43.75,56.0,0.09494066666666666,team_tactical_v1,OBSERVED_TACTICAL_FEATURE,False,91.97368421052632,65.52631578947368,56.31578947368421,84.07894736842105,47.10526315789474,18.289473684210527,44.3421052631579,14.078947368421053,77.76315789473684,78.6842105263158,87.36842105263158,74.73684210526316,58.55263157894737,51.8421052631579,85.39473684210526,44.21052631578947,25.13157894736842,84.07894736842105,17.763157894736842,31.57894736842105
2526,understat:28999,2026-01-25,manchester_united,arsenal,A,mgr:3aa905054daf,Michael Carrick,4231,W,False,15.544871794871796,29,69.6969696969697,5,7.575757575757576,76.92307692307692,6,9.090909090909092,2,2.4038461538461537,7,11,4,0.640902,30.555813953488368,3.488372093023256,9,6,31,25,20.0,66.66666666666667,44.0,0.05826381818181818,team_tactical_v1,OBSERVED_TACTICAL_FEATURE,False,5.526315789473684,46.71052631578947,10.131578947368421,1.7105263157894737,5.2631578947368425,92.5,1.4473684210526316,16.31578947368421,1.5789473684210527,3.9473684210526314,35.6578947368421,44.3421052631579,99.34210526315789,15.526315789473685,36.8421052631579,9.342105263157896,49.3421052631579,31.57894736842105,11.18421052631579,31.57894736842105
2526,understat:29000,2026-01-25,brentford,nottingham_forest,H,mgr:5f487ee40c90,Keith Andrews,4231,L,False,29.82646420824295,56,82.4390243902439,36,17.5609756097561,66.66666666666667,24,11.707317073170731,20,6.616052060737527,9,10,0,2.00413,39.033027522935775,15.596330275229358,6,15,51,39,19.444444444444443,41.66666666666666,58.97435897435897,0.200413,team_tactical_v1,OBSERVED_TACTICAL_FEATURE,False,86.71052631578948,95.52631578947368,85.13157894736842,97.76315789473684,77.76315789473684,70.92105263157895,84.86842105263158,37.23684210526316,97.10526315789474,85.78947368421052,57.76315789473684,35.13157894736842,25.394736842105264,72.76315789473684,90.26315789473684,91.71052631578948,15.657894736842104,96.1842105263158,93.8157894736842,78.6842105263158
2526,understat:29000,2026-01-25,nottingham_forest,brentford,A,mgr:224591e666ec,Sean Dyche,4231,W,False,19.629057187017,24,82.95454545454545,16,18.181818181818183,88.88888888888889,21,23.863636363636363,4,3.2457496136012365,3,7,2,1.38958,25.053623188405798,3.6231884057971016,11,8,46,39,18.75,42.85714285714285,41.02564102564103,0.1985114285714286,team_tactical_v1,OBSERVED_TACTICAL_FEATURE,False,25.13157894736842,26.05263157894737,87.23684210526316,46.973684210526315,81.97368421052632,99.21052631578948,74.21052631578948,90.0,8.157894736842104,13.68421052631579,5.131578947368421,16.18421052631579,83.15789473684211,50.0,5.0,9.605263157894736,69.86842105263158,55.39473684210526,82.63157894736842,78.6842105263158
2526,understat:29002,2026-01-25,chelsea,crystal_palace,A,mgr:4fed4e69ba04,Liam Rosenior,4231,W,False,14.347826086956522,19,76.84210526315789,15,15.789473684210526,66.66666666666667,16,16.842105263157894,9,3.9130434782608696,4,10,3,3.08817,28.102631578947367,2.6315789473684212,10,14,33,44,33.333333333333336,37.5,34.09090909090909,0.308817,team_tactical_v1,OBSERVED_TACTICAL_FEATURE,False,3.6842105263157894,11.842105263157896,48.81578947368421,41.71052631578947,65.13157894736842,70.92105263157895,44.3421052631579,68.42105263157895,46.973684210526315,27.236842105263158,12.763157894736842,35.13157894736842,96.05263157894737,93.94736842105263,17.5,4.7368421052631575,60.921052631578945,95.13157894736842,17.763157894736842,86.84210526315789
2526,understat:29002,2026-01-25,crystal_palace,chelsea,H,mgr:1058459b93f2,Oliver Glasner,3421,L,True,23.728813559322035,17,74.80314960629921,20,15.748031496062993,63.1578947368421,16,12.598425196850394,11,5.345501955671447,8,13,1,2.41793,33.70721649484536,7.216494845360825,9,10,39,44,15.0,50.0,65.9090909090909,0.1859946153846154,team_tactical_v1,OBSERVED_TACTICAL_FEATURE,False,55.26315789473684,8.026315789473685,35.26315789473684,67.63157894736842,64.21052631578948,54.078947368421055,44.3421052631579,43.94736842105263,65.26315789473684,63.28947368421053,46.31578947368421,58.421052631578945,58.55263157894737,85.0,60.39473684210526,40.13157894736842,49.3421052631579,78.28947368421052,46.71052631578947,86.84210526315789
2526,understat:29006,2026-01-25,aston_villa,newcastle_united,A,mgr:dcdf2dffc0c2,Unai Emery,4231,W,False,27.866473149492016,23,67.15328467153284,10,7.299270072992701,71.42857142857143,25,18.248175182481752,11,5.515239477503629,8,14,2,1.32143,30.56495726495727,10.256410256410257,13,7,49,32,50.0,24.0,46.875,0.09438785714285715,team_tactical_v1,OBSERVED_TACTICAL_FEATURE,False,79.34210526315789,22.763157894736842,5.657894736842105,13.157894736842104,4.342105263157895,81.97368421052632,89.21052631578948,73.8157894736842,65.26315789473684,67.36842105263158,46.31578947368421,67.63157894736842,83.15789473684211,45.78947368421053,36.973684210526315,66.05263157894737,84.34210526315789,44.21052631578947,90.78947368421052,55.78947368421053
2526,understat:29006,2026-01-25,newcastle_united,aston_villa,H,mgr:65451ab24622,Eddie Howe,433,L,False,26.809954751131222,61,77.41935483870968,34,18.27956989247312,70.83333333333333,22,11.827956989247312,13,4.864253393665158,11,15,0,1.95484,34.10917431192661,8.256880733944953,15,3,58,32,17.647058823529413,59.09090909090909,53.125,0.13032266666666667,team_tactical_v1,OBSERVED_TACTICAL_FEATURE,False,73.6842105263158,97.5,53.81578947368421,96.57894736842105,82.23684210526316,79.60526315789474,78.8157894736842,38.55263157894737,77.76315789473684,49.60526315789474,75.26315789473684,74.73684210526316,25.394736842105264,71.3157894736842,64.21052631578948,49.86842105263158,93.42105263157895,6.315789473684211,99.60526315789474,55.78947368421053
2526,understat:29003,2026-01-26,everton,leeds_united,H,mgr:84316c036a2d,David Moyes,4231,D,False,27.09466811751904,59,80.54054054054055,20,10.81081081081081,56.25,27,14.594594594594595,8,3.9173014145810665,7,10,1,0.889916,35.64782608695652,11.304347826086957,15,6,47,53,15.0,37.03703703703704,58.490566037735846,0.0889916,team_tactical_v1,OBSERVED_TACTICAL_FEATURE,False,75.0,96.84210526315789,75.65789473684211,67.63157894736842,22.236842105263158,29.605263157894736,93.94736842105263,55.78947368421053,36.44736842105263,27.5,35.6578947368421,35.13157894736842,58.55263157894737,25.789473684210527,75.26315789473684,73.8157894736842,93.42105263157895,31.57894736842105,86.44736842105263,97.89473684210526
2526,understat:29003,2026-01-26,leeds_united,everton,A,mgr:fa5d385e34dc,Daniel Farke,3421,D,False,19.437340153452684,29,74.22680412371135,12,12.371134020618557,70.0,18,18.556701030927837,11,4.859335038363171,8,14,1,1.6766,29.94866666666666,6.0,20,10,53,53,16.666666666666668,5.555555555555555,41.50943396226416,0.11975714285714287,team_tactical_v1,OBSERVED_TACTICAL_FEATURE,False,23.94736842105263,46.71052631578947,30.263157894736842,23.94736842105263,34.60526315789474,77.89473684210526,56.71052631578947,75.78947368421052,65.26315789473684,49.21052631578947,46.31578947368421,67.63157894736842,58.55263157894737,61.05263157894737,29.605263157894736,26.05263157894737,99.73684210526316,78.28947368421052,96.44736842105263,97.89473684210526
2526,understat:29009,2026-01-31,chelsea,west_ham,H,mgr:4fed4e69ba04,Liam Rosenior,4141,W,False,32.066728452270624,62,77.09923664122137,36,13.740458015267176,65.21739130434783,18,6.870229007633588,13,5.004633920296571,9,14,3,2.66133,36.161616161616166,16.161616161616163,8,8,41,31,16.666666666666668,16.666666666666668,54.83870967741935,0.190095,team_tactical_v1,OBSERVED_TACTICAL_FEATURE,False,92.36842105263158,97.89473684210526,50.78947368421053,97.76315789473684,48.421052631578945,63.1578947368421,56.71052631578947,5.394736842105263,77.76315789473684,52.76315789473684,57.76315789473684,67.63157894736842,96.05263157894737,90.0,77.63157894736842,93.02631578947368,37.63157894736842,55.39473684210526,57.89473684210526,50.526315789473685
2526,understat:29009,2026-01-31,west_ham,chelsea,A,mgr:b68b19e445ac,Nuno Herlander Simões Espírito Santo,4411,L,True,20.32,23,75.78947368421052,11,11.578947368421053,44.44444444444444,19,20.0,7,4.32,9,11,2,1.72585,22.69747899159664,1.680672268907563,9,7,43,31,18.181818181818183,57.89473684210526,45.16129032258065,0.15689545454545456,team_tactical_v1,OBSERVED_TACTICAL_FEATURE,False,32.23684210526316,22.763157894736842,40.6578947368421,18.94736842105263,28.157894736842106,5.526315789473684,63.55263157894737,80.13157894736842,29.07894736842105,36.973684210526315,57.76315789473684,44.3421052631579,83.15789473684211,63.94736842105263,0.9210526315789473,1.9736842105263157,49.3421052631579,44.21052631578947,66.71052631578948,50.526315789473685
2526,understat:29010,2026-01-31,brighton,everton,H,mgr:dfda8206a0e2,Fabian Hürzeler,433,D,False,21.978021978021975,28,71.9298245614035,13,11.403508771929825,68.42105263157895,17,14.912280701754385,11,4.63980463980464,9,11,1,1.42825,35.54083333333334,11.666666666666666,9,9,51,38,30.76923076923077,23.529411764705884,34.21052631578947,0.1298409090909091,team_tactical_v1,OBSERVED_TACTICAL_FEATURE,False,43.55263157894737,41.973684210526315,18.55263157894737,30.13157894736842,26.710526315789473,74.21052631578948,50.13157894736842,57.36842105263158,65.26315789473684,44.3421052631579,57.76315789473684,44.3421052631579,58.55263157894737,51.973684210526315,74.60526315789474,76.71052631578948,49.3421052631579,68.02631578947368,93.8157894736842,76.05263157894737
2526,understat:29010,2026-01-31,everton,brighton,A,mgr:84316c036a2d,David Moyes,4231,D,False,20.97428958051421,33,77.06422018348624,15,13.761467889908257,63.63636363636363,16,14.678899082568808,11,4.7361299052774015,4,7,1,1.28126,30.201,7.0,14,7,43,38,20.0,25.0,65.78947368421052,0.18303714285714287,team_tactical_v1,OBSERVED_TACTICAL_FEATURE,False,37.36842105263158,62.63157894736842,50.39473684210526,41.71052631578947,48.81578947368421,56.71052631578947,44.3421052631579,56.578947368421055,65.26315789473684,47.10526315789474,12.763157894736842,16.18421052631579,58.55263157894737,43.94736842105263,32.10526315789474,38.28947368421053,90.13157894736842,44.21052631578947,66.71052631578948,76.05263157894737
2526,understat:29014,2026-01-31,liverpool,newcastle_united,H,mgr:328a5fafed26,Arne Slot,4231,W,False,28.551136363636363,43,64.70588235294117,16,10.457516339869281,64.28571428571429,15,9.803921568627452,14,7.670454545454546,14,17,4,3.09973,32.04660194174757,9.70873786407767,11,6,40,22,25.0,46.66666666666666,68.18181818181819,0.1823370588235294,team_tactical_v1,OBSERVED_TACTICAL_FEATURE,False,82.76315789473684,82.36842105263158,2.5,46.973684210526315,19.736842105263158,59.3421052631579,36.8421052631579,21.31578947368421,84.07894736842105,95.0,90.52631578947368,85.92105263157895,99.34210526315789,94.21052631578948,47.10526315789474,61.18421052631579,69.86842105263158,31.57894736842105,52.36842105263158,20.526315789473685
2526,understat:29014,2026-01-31,newcastle_united,liverpool,A,mgr:65451ab24622,Eddie Howe,433,L,False,24.079754601226995,31,84.40366972477064,25,22.93577981651376,58.333333333333336,18,16.513761467889907,10,5.98159509202454,6,8,1,0.284319,26.37529411764705,1.1764705882352942,7,8,32,22,24.0,16.666666666666668,31.818181818181817,0.035539875,team_tactical_v1,OBSERVED_TACTICAL_FEATURE,False,58.026315789473685,55.13157894736842,92.36842105263158,84.07894736842105,97.5,36.31578947368421,56.71052631578947,66.57894736842105,56.44736842105263,76.57894736842105,24.736842105263158,20.92105263157895,58.55263157894737,3.289473684210526,9.868421052631579,1.1842105263157894,25.13157894736842,55.39473684210526,14.342105263157896,20.526315789473685
2526,understat:29015,2026-01-31,arsenal,leeds_united,A,mgr:5fdd2f365fdc,Mikel Arteta,4231,W,False,27.78541953232462,32,80.4054054054054,26,17.56756756756757,53.84615384615385,25,16.89189189189189,14,6.189821182943604,12,15,4,3.54427,29.795454545454547,7.954545454545454,7,6,33,36,30.76923076923077,40.0,50.0,0.23628466666666667,team_tactical_v1,OBSERVED_TACTICAL_FEATURE,False,78.8157894736842,59.3421052631579,74.21052631578948,88.42105263157895,78.02631578947368,19.736842105263158,89.21052631578948,68.6842105263158,84.07894736842105,80.13157894736842,82.5,74.73684210526316,99.34210526315789,97.63157894736842,27.63157894736842,46.973684210526315,25.13157894736842,31.57894736842105,17.763157894736842,70.78947368421052
2526,understat:29015,2026-01-31,leeds_united,arsenal,H,mgr:fa5d385e34dc,Daniel Farke,3421,L,False,20.310296191819464,26,85.0,19,19.0,40.0,17,17.0,4,3.808180535966149,2,3,0,0.17871,28.28315789473685,7.368421052631579,6,10,25,36,5.2631578947368425,35.294117647058826,50.0,0.059570000000000005,team_tactical_v1,OBSERVED_TACTICAL_FEATURE,False,32.10526315789474,33.1578947368421,94.47368421052632,62.10526315789474,86.1842105263158,3.289473684210526,50.13157894736842,68.94736842105263,8.157894736842104,24.605263157894736,1.7105263157894737,1.5789473684210527,25.394736842105264,1.7105263157894737,18.42105263157895,41.05263157894737,15.657894736842104,78.28947368421052,1.3157894736842106,70.78947368421052
2526,understat:29017,2026-01-31,bournemouth,wolverhampton_wanderers,A,mgr:b4b8eecb310f,Andoni Iraola,4231,W,False,17.908653846153847,30,71.42857142857143,11,11.224489795918368,50.0,25,25.510204081632654,6,3.125,9,9,2,1.59116,35.91854838709678,9.67741935483871,11,13,48,33,27.272727272727277,36.0,48.48484848484848,0.17679555555555554,team_tactical_v1,OBSERVED_TACTICAL_FEATURE,False,14.736842105263158,51.31578947368421,16.05263157894737,18.94736842105263,24.473684210526315,13.947368421052632,89.21052631578948,92.63157894736842,20.789473684210527,11.842105263157896,57.76315789473684,27.63157894736842,83.15789473684211,58.81578947368421,76.97368421052632,60.921052631578945,69.86842105263158,93.02631578947368,88.94736842105263,59.21052631578947
2526,understat:29017,2026-01-31,wolverhampton_wanderers,bournemouth,H,mgr:434bf1b2b6dc,Rob Edwards,352,L,False,22.616136919315405,27,74.80314960629921,22,17.322834645669293,75.0,22,17.322834645669293,12,5.012224938875305,10,17,0,2.10353,34.08785046728972,6.542056074766355,17,3,53,33,31.818181818181817,27.272727272727277,51.51515151515152,0.12373705882352942,team_tactical_v1,OBSERVED_TACTICAL_FEATURE,False,47.89473684210526,37.10526315789474,35.26315789473684,76.71052631578948,76.97368421052632,90.78947368421052,78.8157894736842,70.39473684210526,72.5,53.1578947368421,68.28947368421052,85.92105263157895,25.394736842105264,76.3157894736842,64.07894736842105,32.5,98.15789473684211,6.315789473684211,96.44736842105263,59.21052631578947
2526,understat:29008,2026-02-01,aston_villa,brentford,H,mgr:dcdf2dffc0c2,Unai Emery,4231,L,False,42.02127659574468,36,77.05882352941177,26,7.647058823529412,64.44444444444444,15,4.411764705882353,29,10.425531914893616,21,27,0,2.15316,34.339325842696624,7.865168539325842,10,3,46,33,26.923076923076923,53.333333333333336,45.45454545454545,0.07974666666666667,team_tactical_v1,OBSERVED_TACTICAL_FEATURE,False,99.73684210526316,70.39473684210526,50.0,88.42105263157895,5.7894736842105265,59.473684210526315,36.8421052631579,0.6578947368421053,99.86842105263158,99.73684210526316,99.47368421052632,99.21052631578948,25.394736842105264,77.5,65.13157894736842,45.39473684210526,60.921052631578945,6.315789473684211,82.63157894736842,59.21052631578947
2526,understat:29008,2026-02-01,brentford,aston_villa,A,mgr:5f487ee40c90,Keith Andrews,4231,W,True,15.7439446366782,22,80.76923076923077,7,13.461538461538462,62.5,16,30.76923076923077,5,3.633217993079585,3,6,1,0.314916,24.666355140186912,3.7383177570093458,4,13,40,33,14.285714285714286,12.5,54.54545454545455,0.052486,team_tactical_v1,OBSERVED_TACTICAL_FEATURE,False,6.315789473684211,18.42105263157895,77.5,5.394736842105263,46.05263157894737,51.973684210526315,44.3421052631579,97.89473684210526,13.947368421052632,20.526315789473685,5.131578947368421,10.394736842105264,58.55263157894737,4.2105263157894735,4.078947368421052,10.263157894736842,4.2105263157894735,93.02631578947368,52.36842105263158,59.21052631578947
2526,understat:29012,2026-02-01,fulham,manchester_united,A,mgr:d242da40969a,Marco Alexandre Saraiva da Silva,4231,L,False,29.050925925925927,39,76.41025641025641,28,14.35897435897436,52.17391304347826,19,9.743589743589743,14,5.208333333333333,9,14,2,1.71998,34.73522727272727,12.5,12,13,38,24,28.571428571428573,31.57894736842105,41.66666666666666,0.12285571428571429,team_tactical_v1,OBSERVED_TACTICAL_FEATURE,False,84.47368421052632,76.44736842105263,46.05263157894737,91.3157894736842,52.36842105263158,14.868421052631579,63.55263157894737,20.657894736842106,84.07894736842105,59.473684210526315,57.76315789473684,67.63157894736842,83.15789473684211,63.55263157894737,68.02631578947368,81.84210526315789,77.36842105263158,93.02631578947368,40.13157894736842,26.57894736842105
2526,understat:29012,2026-02-01,manchester_united,fulham,H,mgr:3aa905054daf,Michael Carrick,4231,W,False,22.701949860724238,48,75.59055118110236,12,9.448818897637794,54.166666666666664,16,12.598425196850394,11,5.153203342618385,12,13,3,1.84362,29.2945945945946,9.00900900900901,10,10,39,24,50.0,31.25,58.333333333333336,0.1418169230769231,team_tactical_v1,OBSERVED_TACTICAL_FEATURE,False,48.1578947368421,88.8157894736842,39.21052631578947,23.94736842105263,14.473684210526315,20.789473684210527,44.3421052631579,43.94736842105263,65.26315789473684,57.5,82.5,58.421052631578945,96.05263157894737,67.63157894736842,24.473684210526315,55.26315789473684,60.921052631578945,78.28947368421052,46.71052631578947,26.57894736842105
2526,understat:29013,2026-02-01,crystal_palace,nottingham_forest,A,mgr:1058459b93f2,Oliver Glasner,3421,D,False,27.720504009163804,50,73.0,24,12.0,56.0,6,3.0,17,5.154639175257732,12,14,1,1.648,33.97472527472527,3.2967032967032965,10,6,41,40,25.0,0.0,50.0,0.1177142857142857,team_tactical_v1,OBSERVED_TACTICAL_FEATURE,False,78.42105263157895,90.78947368421052,24.342105263157894,81.84210526315789,32.5,28.026315789473685,1.4473684210526316,0.2631578947368421,92.23684210526316,57.63157894736842,82.5,67.63157894736842,58.55263157894737,60.0,63.1578947368421,8.289473684210526,60.921052631578945,31.57894736842105,57.89473684210526,79.47368421052632
2526,understat:29013,2026-02-01,nottingham_forest,crystal_palace,H,mgr:224591e666ec,Sean Dyche,4231,D,True,21.51260504201681,25,83.72093023255815,13,15.116279069767442,43.75,23,26.74418604651163,5,5.378151260504202,7,9,1,0.987254,29.434579439252342,5.607476635514018,11,10,39,40,15.384615384615383,65.21739130434783,50.0,0.10969488888888888,team_tactical_v1,OBSERVED_TACTICAL_FEATURE,False,40.78947368421053,28.42105263157895,90.26315789473684,30.13157894736842,58.94736842105263,4.605263157894737,82.89473684210526,94.34210526315789,13.947368421052632,64.34210526315789,35.6578947368421,27.63157894736842,58.55263157894737,30.526315789473685,26.31578947368421,22.5,69.86842105263158,78.28947368421052,46.71052631578947,79.47368421052632
2526,understat:29016,2026-02-01,manchester_city,tottenham_hotspur,A,mgr:26dfbbc164aa,Pep Guardiola,4132,D,False,19.538968166849617,46,68.61313868613139,17,12.408759124087592,78.26086956521739,24,17.51824817518248,13,4.061470911086718,12,15,2,2.03614,34.38514851485149,8.910891089108912,12,4,42,22,41.1764705882353,29.166666666666668,77.27272727272727,0.13574266666666668,team_tactical_v1,OBSERVED_TACTICAL_FEATURE,False,24.605263157894736,86.97368421052632,7.631578947368421,51.973684210526315,35.526315789473685,94.60526315789474,84.86842105263158,71.05263157894737,77.76315789473684,31.973684210526315,82.5,74.73684210526316,83.15789473684211,73.55263157894737,65.65789473684211,54.21052631578947,77.36842105263158,12.368421052631579,61.578947368421055,20.526315789473685
2526,understat:29016,2026-02-01,tottenham_hotspur,manchester_city,H,mgr:1e78f2997997,Thomas Frank,3421,D,False,24.0981240981241,24,74.10714285714286,13,11.607142857142858,63.1578947368421,24,21.428571428571427,9,4.9062049062049065,8,12,2,1.49738,34.172164948453606,13.402061855670103,10,6,39,22,38.46153846153846,41.66666666666666,22.727272727272727,0.12478166666666667,team_tactical_v1,OBSERVED_TACTICAL_FEATURE,False,58.28947368421053,26.05263157894737,29.473684210526315,30.13157894736842,29.07894736842105,54.078947368421055,84.86842105263158,83.8157894736842,46.973684210526315,50.526315789473685,46.31578947368421,51.8421052631579,83.15789473684211,55.13157894736842,64.60526315789474,85.26315789473684,60.921052631578945,31.57894736842105,46.71052631578947,20.526315789473685
2526,understat:29011,2026-02-02,burnley,sunderland,A,mgr:c49e040048ca,Scott Parker,3421,L,False,19.85203452527744,42,92.24806201550388,22,17.05426356589147,25.0,3,2.3255813953488373,5,1.7262638717632552,4,6,1,0.126371,36.367045454545455,7.954545454545454,11,5,30,28,9.090909090909092,33.333333333333336,50.0,0.021061833333333335,team_tactical_v1,OBSERVED_TACTICAL_FEATURE,False,26.44736842105263,81.3157894736842,99.60526315789474,76.71052631578948,75.13157894736842,0.13157894736842105,0.13157894736842105,0.13157894736842105,13.947368421052632,0.7894736842105263,12.763157894736842,10.394736842105264,58.55263157894737,0.39473684210526316,79.07894736842105,46.973684210526315,69.86842105263158,19.736842105263158,7.7631578947368425,42.36842105263158
2526,understat:29011,2026-02-02,sunderland,burnley,H,mgr:1a031e232e88,Régis Le Bris,541,W,False,18.039772727272727,41,68.53932584269663,10,11.235955056179776,64.0,15,16.853932584269664,5,4.545454545454546,12,14,2,1.8865,32.91,7.0,7,9,47,28,10.0,60.0,50.0,0.13475,team_tactical_v1,OBSERVED_TACTICAL_FEATURE,False,15.263157894736842,80.0,7.2368421052631575,13.157894736842104,24.605263157894736,57.76315789473684,36.8421052631579,68.55263157894737,13.947368421052632,42.10526315789474,82.5,67.63157894736842,83.15789473684211,69.47368421052632,54.078947368421055,38.28947368421053,25.13157894736842,68.02631578947368,86.44736842105263,42.36842105263158
2526,understat:29023,2026-02-06,leeds_united,nottingham_forest,H,mgr:fa5d385e34dc,Daniel Farke,3421,W,False,18.90547263681592,24,68.42105263157895,17,14.912280701754385,56.52173913043478,18,15.789473684210526,13,4.72636815920398,11,14,3,3.38179,30.10204081632653,5.1020408163265305,16,5,25,37,41.1764705882353,61.11111111111112,48.648648648648646,0.2415564285714286,team_tactical_v1,OBSERVED_TACTICAL_FEATURE,False,21.710526315789473,26.05263157894737,6.973684210526316,51.973684210526315,56.71052631578947,30.263157894736842,56.71052631578947,63.28947368421053,77.76315789473684,46.18421052631579,75.26315789473684,67.63157894736842,96.05263157894737,96.3157894736842,30.92105263157895,18.81578947368421,96.57894736842105,19.736842105263158,1.3157894736842106,73.94736842105263
2526,understat:29023,2026-02-06,nottingham_forest,leeds_united,A,mgr:224591e666ec,Sean Dyche,4231,L,False,27.363896848137536,30,75.53956834532374,34,24.46043165467626,70.37037037037037,25,17.985611510791365,11,5.730659025787966,12,16,1,1.6608,30.13820224719101,4.49438202247191,10,8,42,37,29.41176470588235,40.0,51.35135135135136,0.1038,team_tactical_v1,OBSERVED_TACTICAL_FEATURE,False,76.3157894736842,51.31578947368421,38.81578947368421,96.57894736842105,99.34210526315789,78.28947368421052,89.21052631578948,72.63157894736842,65.26315789473684,71.3157894736842,82.5,80.92105263157895,58.55263157894737,60.78947368421053,31.18421052631579,14.473684210526315,60.921052631578945,55.39473684210526,61.578947368421055,73.94736842105263
2526,understat:29018,2026-02-07,aston_villa,bournemouth,A,mgr:dcdf2dffc0c2,Unai Emery,4231,D,False,20.028011204481796,26,78.43137254901961,11,10.784313725490197,38.46153846153846,11,10.784313725490197,9,4.061624649859944,7,7,1,0.646496,26.29626168224299,7.4766355140186915,12,7,34,37,36.36363636363637,45.45454545454545,56.75675675675676,0.09235657142857143,team_tactical_v1,OBSERVED_TACTICAL_FEATURE,False,28.55263157894737,33.1578947368421,61.05263157894737,18.94736842105263,21.842105263157894,2.3684210526315788,15.657894736842104,29.07894736842105,46.973684210526315,32.10526315789474,35.6578947368421,16.18421052631579,58.55263157894737,15.657894736842104,9.342105263157896,41.71052631578947,77.36842105263158,44.21052631578947,22.36842105263158,73.94736842105263
2526,understat:29018,2026-02-07,bournemouth,aston_villa,H,mgr:b4b8eecb310f,Andoni Iraola,4231,D,False,26.498002663115845,40,73.57142857142857,27,19.285714285714285,75.0,13,9.285714285714286,9,5.992010652463383,15,20,1,1.82646,36.42075471698113,10.377358490566039,6,11,54,37,11.11111111111111,23.07692307692308,43.24324324324324,0.091323,team_tactical_v1,OBSERVED_TACTICAL_FEATURE,False,72.36842105263158,78.02631578947368,26.44736842105263,89.86842105263158,87.36842105263158,90.78947368421052,26.05263157894737,17.36842105263158,46.973684210526315,77.10526315789474,93.15789473684211,93.6842105263158,58.55263157894737,67.36842105263158,79.34210526315789,66.97368421052632,15.657894736842104,84.07894736842105,97.23684210526316,73.94736842105263
2526,understat:29019,2026-02-07,arsenal,sunderland,H,mgr:5fdd2f365fdc,Mikel Arteta,433,W,False,31.142857142857142,26,80.48780487804878,19,11.585365853658537,45.833333333333336,13,7.926829268292683,11,6.857142857142857,11,16,3,1.19401,39.47692307692308,12.5,8,12,42,33,10.526315789473683,46.15384615384615,51.51515151515152,0.074625625,team_tactical_v1,OBSERVED_TACTICAL_FEATURE,False,90.39473684210526,33.1578947368421,75.26315789473684,62.10526315789474,28.289473684210527,6.578947368421052,26.05263157894737,10.657894736842104,65.26315789473684,88.55263157894737,75.26315789473684,80.92105263157895,96.05263157894737,39.21052631578947,92.10526315789474,81.84210526315789,37.63157894736842,89.21052631578948,61.578947368421055,59.21052631578947
2526,understat:29019,2026-02-07,sunderland,arsenal,A,mgr:1a031e232e88,Régis Le Bris,4231,L,False,17.83166904422254,26,84.52380952380952,12,14.285714285714286,50.0,14,16.666666666666668,4,3.2810271041369474,4,5,0,0.427225,25.301052631578955,4.2105263157894735,7,6,36,33,16.666666666666668,35.714285714285715,48.48484848484848,0.08544500000000001,team_tactical_v1,OBSERVED_TACTICAL_FEATURE,False,14.078947368421053,33.1578947368421,93.02631578947368,23.94736842105263,52.23684210526316,13.947368421052632,31.31578947368421,68.02631578947368,8.157894736842104,13.947368421052632,12.763157894736842,6.578947368421052,25.394736842105264,7.5,5.657894736842105,12.763157894736842,25.13157894736842,31.57894736842105,31.18421052631579,59.21052631578947
2526,understat:29021,2026-02-07,burnley,west_ham,H,mgr:c49e040048ca,Scott Parker,451,L,False,28.035043804755944,39,80.32786885245902,35,19.12568306010929,48.275862068965516,15,8.19672131147541,11,4.005006257822278,13,18,0,1.84644,35.506741573033715,11.235955056179776,9,2,41,16,20.0,46.66666666666666,68.75,0.10258,team_tactical_v1,OBSERVED_TACTICAL_FEATURE,False,80.26315789473684,76.44736842105263,73.55263157894737,97.36842105263158,86.84210526315789,8.947368421052632,36.8421052631579,11.842105263157896,65.26315789473684,30.13157894736842,87.36842105263158,89.86842105263158,25.394736842105264,68.02631578947368,74.21052631578948,73.55263157894737,49.3421052631579,2.236842105263158,57.89473684210526,6.842105263157895
2526,understat:29021,2026-02-07,west_ham,burnley,A,mgr:b68b19e445ac,Nuno Herlander Simões Espírito Santo,4411,W,False,15.88156123822342,27,80.45977011494253,8,9.195402298850574,40.0,26,29.885057471264368,6,2.826379542395693,5,6,2,1.1223,26.48879310344827,5.172413793103448,10,17,42,16,25.0,42.30769230769231,31.25,0.18705000000000002,team_tactical_v1,OBSERVED_TACTICAL_FEATURE,False,6.842105263157895,37.10526315789474,74.60526315789474,7.2368421052631575,13.026315789473685,3.289473684210526,91.44736842105263,97.10526315789474,20.789473684210527,8.026315789473685,19.473684210526315,10.394736842105264,83.15789473684211,35.78947368421053,10.394736842105264,20.0,60.921052631578945,98.94736842105263,61.578947368421055,6.842105263157895
2526,understat:29022,2026-02-07,everton,fulham,A,mgr:84316c036a2d,David Moyes,4231,W,False,25.86206896551724,31,77.41935483870968,21,16.93548387096774,51.851851851851855,15,12.096774193548388,12,6.465517241379311,13,17,2,1.88778,33.82596153846154,9.615384615384615,10,8,45,32,28.571428571428573,26.666666666666668,56.25,0.11104588235294117,team_tactical_v1,OBSERVED_TACTICAL_FEATURE,False,68.55263157894737,55.13157894736842,53.81578947368421,72.23684210526316,74.47368421052632,14.473684210526315,36.8421052631579,40.39473684210526,72.5,83.28947368421052,87.36842105263158,85.92105263157895,83.15789473684211,69.60526315789474,61.05263157894737,60.26315789473684,60.921052631578945,55.39473684210526,77.23684210526316,55.78947368421053
2526,understat:29022,2026-02-07,fulham,everton,H,mgr:d242da40969a,Marco Alexandre Saraiva da Silva,4231,L,False,24.04092071611253,34,80.98591549295774,19,13.380281690140846,57.142857142857146,13,9.154929577464788,20,4.987212276214834,9,14,1,2.20126,30.72298850574712,6.896551724137931,12,9,33,32,52.63157894736842,23.07692307692308,43.75,0.15723285714285715,team_tactical_v1,OBSERVED_TACTICAL_FEATURE,False,57.5,65.52631578947368,78.8157894736842,62.10526315789474,45.0,33.81578947368421,26.05263157894737,16.710526315789473,97.10526315789474,52.36842105263158,57.76315789473684,67.63157894736842,58.55263157894737,78.8157894736842,38.28947368421053,36.8421052631579,77.36842105263158,68.02631578947368,17.763157894736842,55.78947368421053
2526,understat:29025,2026-02-07,manchester_united,tottenham_hotspur,H,mgr:3aa905054daf,Michael Carrick,4231,W,False,34.76856835306781,65,66.29213483146067,20,7.49063670411985,64.1025641025641,18,6.741573033707865,15,5.489773950484392,18,23,2,2.16576,39.6975,18.75,11,5,39,15,25.0,50.0,60.0,0.09416347826086957,team_tactical_v1,OBSERVED_TACTICAL_FEATURE,False,96.84210526315789,98.55263157894737,4.2105263157894735,67.63157894736842,4.7368421052631575,57.89473684210526,56.71052631578947,4.605263157894737,87.5,66.57894736842105,98.28947368421052,97.63157894736842,83.15789473684211,77.63157894736842,92.63157894736842,96.84210526315789,69.86842105263158,19.736842105263158,46.71052631578947,4.7368421052631575
2526,understat:29025,2026-02-07,tottenham_hotspur,manchester_united,A,mgr:1e78f2997997,Thomas Frank,433,L,True,15.580286168521464,22,74.66666666666667,10,13.333333333333334,54.54545454545455,21,28.0,9,3.02066772655008,5,7,0,0.593404,24.50337078651685,1.1235955056179776,6,9,29,15,40.0,28.571428571428573,40.0,0.084772,team_tactical_v1,OBSERVED_TACTICAL_FEATURE,False,5.657894736842105,18.42105263157895,34.473684210526315,13.157894736842104,44.86842105263158,23.42105263157895,74.21052631578948,95.78947368421052,46.973684210526315,10.131578947368421,19.473684210526315,16.18421052631579,25.394736842105264,12.894736842105264,3.1578947368421053,0.9210526315789473,15.657894736842104,68.02631578947368,5.131578947368421,4.7368421052631575
2526,understat:29026,2026-02-07,brentford,newcastle_united,A,mgr:5f487ee40c90,Keith Andrews,4231,W,False,21.597633136094675,28,81.63265306122449,13,13.26530612244898,55.55555555555556,12,12.244897959183673,11,4.881656804733728,8,11,3,1.65022,31.581111111111117,6.666666666666667,10,3,48,38,15.384615384615383,50.0,42.10526315789474,0.15002000000000001,team_tactical_v1,OBSERVED_TACTICAL_FEATURE,False,41.05263157894737,41.973684210526315,81.57894736842105,30.13157894736842,44.3421052631579,26.973684210526315,21.31578947368421,41.18421052631579,65.26315789473684,50.0,46.31578947368421,44.3421052631579,96.05263157894737,60.13157894736842,44.21052631578947,34.078947368421055,60.921052631578945,6.315789473684211,88.94736842105263,76.05263157894737
2526,understat:29026,2026-02-07,newcastle_united,brentford,H,mgr:65451ab24622,Eddie Howe,433,L,False,23.60570687418937,45,75.3731343283582,21,15.671641791044776,61.53846153846154,16,11.940298507462687,8,4.539559014267185,11,16,2,3.3215,35.093939393939394,5.05050505050505,6,4,47,38,19.047619047619047,62.5,57.89473684210526,0.20759375,team_tactical_v1,OBSERVED_TACTICAL_FEATURE,False,54.60526315789474,85.52631578947368,37.5,72.23684210526316,63.68421052631579,47.76315789473684,44.3421052631579,38.94736842105263,36.44736842105263,41.973684210526315,75.26315789473684,80.92105263157895,83.15789473684211,95.92105263157895,71.05263157894737,18.157894736842106,15.657894736842104,12.368421052631579,86.44736842105263,76.05263157894737
2526,understat:29027,2026-02-07,chelsea,wolverhampton_wanderers,A,mgr:4fed4e69ba04,Liam Rosenior,4231,W,False,17.891682785299807,33,74.48275862068965,13,8.96551724137931,60.869565217391305,13,8.96551724137931,10,3.67504835589942,10,15,3,3.76278,31.86203703703704,9.25925925925926,10,10,38,19,15.384615384615383,61.53846153846154,52.63157894736842,0.25085199999999996,team_tactical_v1,OBSERVED_TACTICAL_FEATURE,False,14.473684210526315,62.63157894736842,32.23684210526316,30.13157894736842,11.842105263157896,44.86842105263158,26.05263157894737,15.526315789473685,56.44736842105263,21.842105263157894,68.28947368421052,74.73684210526316,96.05263157894737,98.28947368421052,46.44736842105263,56.973684210526315,60.921052631578945,78.28947368421052,40.13157894736842,12.894736842105264
2526,understat:29027,2026-02-07,wolverhampton_wanderers,chelsea,H,mgr:434bf1b2b6dc,Rob Edwards,4231,L,False,21.234939759036145,23,85.71428571428571,20,20.408163265306122,57.89473684210526,26,26.53061224489796,14,5.572289156626506,9,11,1,1.11372,29.37752808988764,3.3707865168539324,8,8,39,19,30.0,50.0,47.36842105263158,0.10124727272727273,team_tactical_v1,OBSERVED_TACTICAL_FEATURE,False,38.94736842105263,22.763157894736842,96.1842105263158,67.63157894736842,91.05263157894737,35.0,91.44736842105263,94.07894736842105,84.07894736842105,68.55263157894737,57.76315789473684,44.3421052631579,58.55263157894737,35.0,25.789473684210527,8.68421052631579,37.63157894736842,55.39473684210526,46.71052631578947,12.894736842105264
2526,understat:29020,2026-02-08,brighton,crystal_palace,H,mgr:dfda8206a0e2,Fabian Hürzeler,4231,L,False,17.647058823529413,36,72.22222222222223,15,16.666666666666668,63.63636363636363,19,21.11111111111111,5,2.4417314095449503,4,7,0,0.737798,32.320689655172416,8.620689655172415,7,3,52,39,13.333333333333334,26.31578947368421,56.41025641025641,0.10539971428571428,team_tactical_v1,OBSERVED_TACTICAL_FEATURE,False,13.026315789473685,70.39473684210526,20.657894736842106,41.71052631578947,73.15789473684211,56.71052631578947,63.55263157894737,82.89473684210526,13.947368421052632,4.473684210526316,12.763157894736842,16.18421052631579,25.394736842105264,20.263157894736842,50.0,51.973684210526315,25.13157894736842,6.315789473684211,95.0,78.6842105263158
2526,understat:29020,2026-02-08,crystal_palace,brighton,A,mgr:1058459b93f2,Oliver Glasner,3421,W,False,20.0,22,70.12987012987013,12,15.584415584415584,45.45454545454545,16,20.77922077922078,10,6.821705426356589,5,7,1,0.928404,32.271794871794874,4.273504273504273,11,10,41,39,25.0,43.75,43.58974358974359,0.13262914285714286,team_tactical_v1,OBSERVED_TACTICAL_FEATURE,False,28.157894736842106,18.42105263157895,11.710526315789474,23.94736842105263,62.89473684210526,6.447368421052632,44.3421052631579,81.97368421052632,56.44736842105263,88.02631578947368,19.473684210526315,16.18421052631579,58.55263157894737,27.36842105263158,49.21052631578947,12.894736842105264,69.86842105263158,78.28947368421052,57.89473684210526,78.6842105263158
2526,understat:29024,2026-02-08,liverpool,manchester_city,H,mgr:328a5fafed26,Arne Slot,4231,L,True,28.551532033426184,24,70.0,21,15.0,60.0,20,14.285714285714286,13,6.963788300835654,12,15,1,1.26652,33.45698924731183,12.903225806451612,9,7,43,28,28.571428571428573,40.0,28.571428571428573,0.08443466666666667,team_tactical_v1,OBSERVED_TACTICAL_FEATURE,False,82.89473684210526,26.05263157894737,11.052631578947368,72.23684210526316,58.026315789473685,42.89473684210526,70.65789473684211,54.21052631578947,77.76315789473684,89.86842105263158,82.5,74.73684210526316,58.55263157894737,42.36842105263158,58.421052631578945,83.8157894736842,49.3421052631579,44.21052631578947,66.71052631578948,42.36842105263158
2526,understat:29024,2026-02-08,manchester_city,liverpool,A,mgr:26dfbbc164aa,Pep Guardiola,4132,W,False,24.27307206068268,34,67.13286713286713,11,7.6923076923076925,79.3103448275862,14,9.79020979020979,11,3.919089759797724,15,17,2,2.41476,32.71960784313726,8.823529411764707,8,10,40,28,27.272727272727277,21.428571428571427,71.42857142857143,0.14204470588235293,team_tactical_v1,OBSERVED_TACTICAL_FEATURE,False,59.86842105263158,65.52631578947368,5.394736842105263,18.94736842105263,6.052631578947368,95.13157894736842,31.31578947368421,21.18421052631579,65.26315789473684,27.63157894736842,93.15789473684211,85.92105263157895,83.15789473684211,84.73684210526316,53.026315789473685,53.421052631578945,37.63157894736842,78.28947368421052,52.36842105263158,42.36842105263158
2526,understat:29030,2026-02-10,chelsea,leeds_united,H,mgr:4fed4e69ba04,Liam Rosenior,4231,D,False,21.925133689839573,29,68.63905325443787,19,11.242603550295858,66.66666666666667,14,8.284023668639053,17,4.278074866310161,16,19,2,3.21176,35.47375,3.75,6,7,31,30,31.57894736842105,35.714285714285715,46.66666666666666,0.16904,team_tactical_v1,OBSERVED_TACTICAL_FEATURE,False,43.28947368421053,46.71052631578947,7.7631578947368425,62.10526315789474,24.736842105263158,70.92105263157895,31.31578947368421,12.105263157894736,92.23684210526316,36.05263157894737,95.52631578947368,91.57894736842105,83.15789473684211,95.0,73.94736842105263,10.394736842105264,15.657894736842104,44.21052631578947,11.18421052631579,48.68421052631579
2526,understat:29030,2026-02-10,leeds_united,chelsea,A,mgr:fa5d385e34dc,Daniel Farke,541,D,False,18.512396694214875,26,79.36507936507937,4,6.349206349206349,100.0,7,11.11111111111111,2,3.636363636363636,2,4,2,1.28948,27.516455696202527,6.329113924050633,6,9,21,30,25.0,28.571428571428573,53.333333333333336,0.32237,team_tactical_v1,OBSERVED_TACTICAL_FEATURE,False,19.342105263157894,33.1578947368421,67.36842105263158,1.0526315789473684,2.8947368421052633,100.0,2.763157894736842,32.89473684210526,1.5789473684210527,20.657894736842106,1.7105263157894737,3.1578947368421053,83.15789473684211,44.473684210526315,14.736842105263158,30.263157894736842,15.657894736842104,68.02631578947368,0.5263157894736842,48.68421052631579
2526,understat:29032,2026-02-10,bournemouth,everton,A,mgr:b4b8eecb310f,Andoni Iraola,4231,W,False,15.586206896551724,27,63.2183908045977,12,13.793103448275861,77.77777777777777,12,13.793103448275861,6,2.4827586206896552,9,11,2,1.4121,29.730357142857144,6.25,9,8,45,44,16.666666666666668,25.0,38.63636363636363,0.12837272727272728,team_tactical_v1,OBSERVED_TACTICAL_FEATURE,False,5.7894736842105265,37.10526315789474,1.5789473684210527,23.94736842105263,49.473684210526315,94.21052631578948,21.31578947368421,51.31578947368421,20.789473684210527,4.605263157894737,57.76315789473684,44.3421052631579,83.15789473684211,50.921052631578945,27.36842105263158,29.210526315789473,49.3421052631579,55.39473684210526,77.23684210526316,86.84210526315789
2526,understat:29032,2026-02-10,everton,bournemouth,H,mgr:84316c036a2d,David Moyes,4231,L,True,31.096774193548388,39,71.16564417177914,24,14.723926380368098,60.869565217391305,20,12.269938650306749,14,7.870967741935484,7,16,1,2.33114,38.7,12.903225806451612,6,8,40,44,45.833333333333336,25.0,61.36363636363637,0.14569625,team_tactical_v1,OBSERVED_TACTICAL_FEATURE,False,89.86842105263158,76.44736842105263,15.131578947368421,81.84210526315789,55.39473684210526,44.86842105263158,70.65789473684211,41.44736842105263,84.07894736842105,95.78947368421052,35.6578947368421,80.92105263157895,58.55263157894737,82.5,89.21052631578948,83.8157894736842,15.657894736842104,55.39473684210526,52.36842105263158,86.84210526315789
2526,understat:29036,2026-02-10,newcastle_united,tottenham_hotspur,A,mgr:65451ab24622,Eddie Howe,433,W,False,32.70348837209303,33,67.0886075949367,34,21.518987341772153,73.33333333333333,15,9.49367088607595,15,11.046511627906977,10,21,2,2.46991,35.878571428571426,10.204081632653061,15,3,38,30,23.529411764705884,20.0,60.0,0.1176147619047619,team_tactical_v1,OBSERVED_TACTICAL_FEATURE,False,93.28947368421052,62.63157894736842,5.2631578947368425,96.57894736842105,95.0,85.92105263157895,36.8421052631579,19.07894736842105,87.5,99.86842105263158,68.28947368421052,95.92105263157895,83.15789473684211,86.44736842105263,76.57894736842105,65.26315789473684,93.42105263157895,6.315789473684211,40.13157894736842,48.68421052631579
2526,understat:29036,2026-02-10,tottenham_hotspur,newcastle_united,H,mgr:1e78f2997997,Thomas Frank,433,L,False,20.026881720430108,40,69.90291262135922,13,12.62135922330097,61.53846153846154,21,20.388349514563107,14,4.56989247311828,15,16,1,1.68925,27.008928571428573,5.357142857142857,11,7,40,30,53.84615384615385,42.85714285714285,40.0,0.105578125,team_tactical_v1,OBSERVED_TACTICAL_FEATURE,False,28.42105263157895,78.02631578947368,10.921052631578947,30.13157894736842,36.973684210526315,47.76315789473684,74.21052631578948,80.78947368421052,84.07894736842105,42.76315789473684,93.15789473684211,80.92105263157895,58.55263157894737,61.973684210526315,12.631578947368421,21.31578947368421,69.86842105263158,44.21052631578947,52.36842105263158,48.68421052631579
2526,understat:29037,2026-02-10,manchester_united,west_ham,A,mgr:3aa905054daf,Michael Carrick,4231,D,False,26.910299003322255,57,80.90452261306532,20,10.050251256281408,47.05882352941177,20,10.050251256281408,13,3.986710963455149,8,9,1,0.735767,36.70777777777778,10.0,12,8,46,22,30.0,50.0,54.54545454545455,0.08175188888888889,team_tactical_v1,OBSERVED_TACTICAL_FEATURE,False,74.34210526315789,96.44736842105263,78.28947368421052,67.63157894736842,17.894736842105264,7.7631578947368425,70.65789473684211,23.289473684210527,77.76315789473684,29.605263157894736,46.31578947368421,27.63157894736842,58.55263157894737,20.0,80.78947368421052,63.81578947368421,77.36842105263158,55.39473684210526,82.63157894736842,20.526315789473685
2526,understat:29037,2026-02-10,west_ham,manchester_united,H,mgr:b68b19e445ac,Nuno Herlander Simões Espírito Santo,4231,D,False,21.39384116693679,29,82.65306122448979,14,14.285714285714286,50.0,14,14.285714285714286,4,2.593192868719611,5,7,1,1.30746,28.458252427184465,3.883495145631068,10,16,36,22,21.428571428571427,28.571428571428573,45.45454545454545,0.18678,team_tactical_v1,OBSERVED_TACTICAL_FEATURE,False,39.73684210526316,46.71052631578947,86.84210526315789,36.31578947368421,52.23684210526316,13.947368421052632,31.31578947368421,54.21052631578947,8.157894736842104,5.526315789473684,19.473684210526315,16.18421052631579,58.55263157894737,45.26315789473684,19.07894736842105,11.447368421052632,60.921052631578945,97.76315789473684,31.18421052631579,20.526315789473685
2526,understat:29028,2026-02-11,aston_villa,brighton,H,mgr:dcdf2dffc0c2,Unai Emery,4231,W,False,22.17514124293785,30,73.72881355932203,14,11.864406779661017,53.57142857142857,13,11.016949152542374,16,5.932203389830509,13,15,0,0.576138,27.90574712643678,9.195402298850574,5,7,37,23,35.714285714285715,15.384615384615383,52.17391304347826,0.038409200000000004,team_tactical_v1,OBSERVED_TACTICAL_FEATURE,False,45.0,51.31578947368421,27.36842105263158,36.31578947368421,31.18421052631579,18.289473684210527,26.05263157894737,31.44736842105263,89.86842105263158,75.39473684210526,87.36842105263158,74.73684210526316,25.394736842105264,12.631578947368421,16.842105263157894,56.18421052631579,7.631578947368421,44.21052631578947,35.13157894736842,23.94736842105263
2526,understat:29028,2026-02-11,brighton,aston_villa,A,mgr:dfda8206a0e2,Fabian Hürzeler,433,L,False,24.53900709219858,35,83.33333333333333,27,21.428571428571427,46.666666666666664,13,10.317460317460318,11,5.531914893617022,7,10,1,0.481306,37.25806451612903,13.978494623655914,10,13,40,23,18.51851851851852,38.46153846153846,47.82608695652174,0.0481306,team_tactical_v1,OBSERVED_TACTICAL_FEATURE,False,61.31578947368421,67.89473684210526,88.8157894736842,89.86842105263158,94.34210526315789,7.105263157894737,26.05263157894737,25.394736842105264,65.26315789473684,67.76315789473684,35.6578947368421,35.13157894736842,58.55263157894737,9.078947368421053,83.6842105263158,87.36842105263158,60.921052631578945,93.02631578947368,52.36842105263158,23.94736842105263
2526,understat:29031,2026-02-11,burnley,crystal_palace,A,mgr:c49e040048ca,Scott Parker,3421,W,False,20.155038759689923,18,72.09302325581395,13,15.116279069767442,75.0,13,15.116279069767442,7,4.0310077519379846,5,8,2,0.691273,29.105737704918035,5.737704918032787,8,7,52,50,23.07692307692308,38.46153846153846,46.0,0.086409125,team_tactical_v1,OBSERVED_TACTICAL_FEATURE,False,30.789473684210527,10.131578947368421,19.473684210526315,30.13157894736842,58.94736842105263,90.78947368421052,26.05263157894737,59.60526315789474,29.07894736842105,30.657894736842106,19.473684210526315,20.92105263157895,83.15789473684211,17.5,23.026315789473685,23.68421052631579,37.63157894736842,44.21052631578947,95.0,96.05263157894737
2526,understat:29031,2026-02-11,crystal_palace,burnley,H,mgr:1058459b93f2,Oliver Glasner,3421,L,False,25.64655172413793,41,68.29268292682927,25,15.24390243902439,57.142857142857146,8,4.878048780487805,18,6.357758620689655,15,22,3,2.1276,38.49809523809524,13.333333333333334,8,8,45,50,44.0,25.0,54.0,0.09670909090909091,team_tactical_v1,OBSERVED_TACTICAL_FEATURE,False,67.23684210526316,80.0,6.7105263157894735,84.07894736842105,60.526315789473685,33.81578947368421,3.9473684210526314,0.7894736842105263,93.94736842105263,81.71052631578948,93.15789473684211,97.10526315789474,96.05263157894737,76.71052631578948,88.28947368421052,85.0,37.63157894736842,55.39473684210526,77.23684210526316,96.05263157894737
2526,understat:29033,2026-02-11,fulham,manchester_city,A,mgr:d242da40969a,Marco Alexandre Saraiva da Silva,4231,L,False,17.2680412371134,21,78.64077669902913,14,13.592233009708737,54.54545454545455,17,16.50485436893204,8,3.865979381443299,9,14,0,1.05283,34.47191011235955,6.741573033707865,14,8,42,14,28.571428571428573,17.647058823529413,50.0,0.07520214285714286,team_tactical_v1,OBSERVED_TACTICAL_FEATURE,False,11.31578947368421,15.657894736842104,61.973684210526315,36.31578947368421,47.36842105263158,23.42105263157895,50.13157894736842,66.44736842105263,36.44736842105263,26.31578947368421,57.76315789473684,67.63157894736842,25.394736842105264,33.421052631578945,66.05263157894737,34.3421052631579,90.13157894736842,55.39473684210526,61.578947368421055,3.1578947368421053
2526,understat:29033,2026-02-11,manchester_city,fulham,H,mgr:26dfbbc164aa,Pep Guardiola,4132,W,False,19.474835886214443,48,77.6978417266187,9,6.474820143884892,70.0,21,15.107913669064748,5,2.62582056892779,8,13,3,1.67722,40.28,15.0,11,7,44,14,11.11111111111111,23.80952380952381,50.0,0.12901692307692308,team_tactical_v1,OBSERVED_TACTICAL_FEATURE,False,24.07894736842105,88.8157894736842,55.921052631578945,10.394736842105264,3.026315789473684,77.89473684210526,74.21052631578948,59.3421052631579,13.947368421052632,6.315789473684211,46.31578947368421,58.421052631578945,96.05263157894737,61.31578947368421,93.42105263157895,90.52631578947368,69.86842105263158,44.21052631578947,73.02631578947368,3.1578947368421053
2526,understat:29034,2026-02-11,nottingham_forest,wolverhampton_wanderers,H,mgr:224591e666ec,Sean Dyche,4231,D,False,36.19631901840491,46,78.2051282051282,38,16.23931623931624,54.23728813559322,18,7.6923076923076925,19,7.484662576687117,26,35,0,3.69094,33.82475247524752,9.900990099009901,10,6,46,35,26.31578947368421,33.333333333333336,65.71428571428571,0.10545542857142857,team_tactical_v1,OBSERVED_TACTICAL_FEATURE,False,98.15789473684211,86.97368421052632,59.473684210526315,98.28947368421052,68.15789473684211,20.92105263157895,56.71052631578947,9.078947368421053,95.39473684210526,93.8157894736842,100.0,100.0,25.394736842105264,98.02631578947368,60.921052631578945,63.28947368421053,60.921052631578945,31.57894736842105,82.63157894736842,66.84210526315789
2526,understat:29034,2026-02-11,wolverhampton_wanderers,nottingham_forest,A,mgr:434bf1b2b6dc,Rob Edwards,3412,D,False,17.320261437908496,25,74.57627118644068,11,18.64406779661017,63.63636363636363,17,28.8135593220339,3,3.431372549019608,5,7,0,0.406959,27.1734693877551,8.16326530612245,14,6,27,35,9.090909090909092,29.41176470588235,34.285714285714285,0.058137,team_tactical_v1,OBSERVED_TACTICAL_FEATURE,False,11.578947368421053,28.42105263157895,33.421052631578945,18.94736842105263,83.6842105263158,56.71052631578947,50.13157894736842,96.3157894736842,4.2105263157894735,16.710526315789473,19.473684210526315,16.18421052631579,25.394736842105264,6.973684210526316,13.157894736842104,49.21052631578947,90.13157894736842,31.57894736842105,2.763157894736842,66.84210526315789
2526,understat:29035,2026-02-11,liverpool,sunderland,A,mgr:328a5fafed26,Arne Slot,4231,W,False,32.29665071770335,41,74.10714285714286,26,11.607142857142858,68.42105263157895,21,9.375,14,6.937799043062201,15,23,1,3.08172,30.684693877551023,4.081632653061225,9,4,36,32,11.538461538461538,47.61904761904762,68.75,0.1339878260869565,team_tactical_v1,OBSERVED_TACTICAL_FEATURE,False,92.76315789473684,80.0,29.473684210526315,88.42105263157895,29.07894736842105,74.21052631578948,74.21052631578948,17.894736842105264,84.07894736842105,89.47368421052632,93.15789473684211,97.63157894736842,58.55263157894737,93.8157894736842,37.76315789473684,12.105263157894736,49.3421052631579,12.368421052631579,31.18421052631579,55.78947368421053
2526,understat:29035,2026-02-11,sunderland,liverpool,H,mgr:1a031e232e88,Régis Le Bris,4231,L,False,23.66197183098592,23,73.72881355932203,25,21.1864406779661,66.66666666666667,23,19.491525423728813,10,5.352112676056338,9,11,0,0.693794,28.21485148514852,6.930693069306931,7,8,32,32,16.0,34.78260869565217,31.25,0.06307218181818182,team_tactical_v1,OBSERVED_TACTICAL_FEATURE,False,54.86842105263158,22.763157894736842,27.36842105263158,84.07894736842105,93.6842105263158,70.92105263157895,82.89473684210526,78.94736842105263,56.44736842105263,63.68421052631579,57.76315789473684,44.3421052631579,25.394736842105264,17.894736842105264,17.763157894736842,37.36842105263158,25.13157894736842,55.39473684210526,14.342105263157896,55.78947368421053
2526,understat:29029,2026-02-12,arsenal,brentford,A,mgr:5fdd2f365fdc,Mikel Arteta,4231,D,False,31.488801054018445,31,87.6923076923077,23,11.794871794871796,57.142857142857146,12,6.153846153846154,13,5.138339920948616,7,7,1,0.78418,34.768,14.0,12,4,32,28,34.78260869565217,25.0,75.0,0.11202571428571428,team_tactical_v1,OBSERVED_TACTICAL_FEATURE,False,91.05263157894737,55.13157894736842,97.89473684210526,79.60526315789474,30.657894736842106,33.81578947368421,21.31578947368421,3.289473684210526,77.76315789473684,56.8421052631579,35.6578947368421,16.18421052631579,58.55263157894737,21.842105263157894,68.42105263157895,87.63157894736842,77.36842105263158,12.368421052631579,14.342105263157896,42.36842105263158
2526,understat:29029,2026-02-12,brentford,arsenal,H,mgr:5f487ee40c90,Keith Andrews,4231,D,False,20.826446280991732,15,68.88888888888889,15,16.666666666666668,83.33333333333333,20,22.22222222222222,11,6.776859504132231,9,12,1,1.81154,24.532631578947367,5.2631578947368425,6,12,39,28,33.333333333333336,30.0,25.0,0.15096166666666666,team_tactical_v1,OBSERVED_TACTICAL_FEATURE,False,36.18421052631579,4.7368421052631575,8.289473684210526,41.71052631578947,73.15789473684211,98.28947368421052,70.65789473684211,86.44736842105263,65.26315789473684,87.5,57.76315789473684,51.8421052631579,58.55263157894737,66.84210526315789,3.4210526315789473,21.05263157894737,15.657894736842104,89.21052631578948,46.71052631578947,42.36842105263158
2526,understat:29087,2026-02-18,arsenal,wolverhampton_wanderers,A,mgr:5fdd2f365fdc,Mikel Arteta,4231,D,False,26.918392204628503,57,85.02994011976048,21,12.574850299401197,50.0,25,14.970059880239521,10,4.750304506699147,9,10,2,2.01018,39.27520661157025,11.570247933884298,12,13,54,42,28.571428571428573,56.0,64.28571428571429,0.201018,team_tactical_v1,OBSERVED_TACTICAL_FEATURE,False,74.47368421052632,96.44736842105263,94.60526315789474,72.23684210526316,36.18421052631579,13.947368421052632,89.21052631578948,58.026315789473685,56.44736842105263,47.23684210526316,57.76315789473684,35.13157894736842,83.15789473684211,73.02631578947368,90.92105263157895,75.78947368421052,77.36842105263158,93.02631578947368,97.23684210526316,84.21052631578948
2526,understat:29087,2026-02-18,wolverhampton_wanderers,arsenal,H,mgr:434bf1b2b6dc,Rob Edwards,3421,D,False,17.982456140350877,26,79.01234567901234,14,17.28395061728395,33.333333333333336,9,11.11111111111111,4,2.9239766081871346,4,5,2,0.173119,30.014018691588788,2.803738317757009,14,8,45,42,21.428571428571427,22.22222222222222,35.714285714285715,0.034623799999999996,team_tactical_v1,OBSERVED_TACTICAL_FEATURE,False,15.0,33.1578947368421,65.52631578947368,36.31578947368421,76.44736842105263,1.0526315789473684,6.578947368421052,32.89473684210526,8.157894736842104,8.81578947368421,12.763157894736842,6.578947368421052,83.15789473684211,1.5789473684210527,30.13157894736842,5.7894736842105265,90.13157894736842,55.39473684210526,77.23684210526316,84.21052631578948
2526,understat:29038,2026-02-21,aston_villa,leeds_united,H,mgr:dcdf2dffc0c2,Unai Emery,4231,D,False,33.37155963302752,45,74.2081447963801,28,12.669683257918551,66.66666666666667,25,11.312217194570136,15,6.077981651376147,12,16,1,1.25439,37.443010752688174,8.602150537634408,8,8,43,38,25.0,32.0,60.526315789473685,0.078399375,team_tactical_v1,OBSERVED_TACTICAL_FEATURE,False,94.73684210526316,85.52631578947368,30.0,91.3157894736842,37.76315789473684,70.92105263157895,89.21052631578948,33.94736842105263,87.5,78.55263157894737,82.5,80.92105263157895,58.55263157894737,42.23684210526316,84.86842105263158,51.8421052631579,37.63157894736842,55.39473684210526,66.71052631578948,76.05263157894737
2526,understat:29038,2026-02-21,leeds_united,aston_villa,A,mgr:fa5d385e34dc,Daniel Farke,541,D,False,21.22719734660033,17,77.21518987341773,13,16.455696202531644,54.54545454545455,10,12.658227848101266,7,5.140961857379768,9,14,1,1.27855,30.28,9.166666666666666,13,11,35,38,38.46153846153846,50.0,39.47368421052632,0.091325,team_tactical_v1,OBSERVED_TACTICAL_FEATURE,False,38.68421052631579,8.026315789473685,51.578947368421055,30.13157894736842,70.26315789473684,23.42105263157895,11.447368421052632,44.473684210526315,29.07894736842105,56.973684210526315,57.76315789473684,67.63157894736842,58.55263157894737,43.421052631578945,33.026315789473685,55.526315789473685,84.34210526315789,84.07894736842105,26.57894736842105,76.05263157894737
2526,understat:29039,2026-02-21,brentford,brighton,H,mgr:5f487ee40c90,Keith Andrews,4231,L,False,20.83333333333333,32,80.18018018018019,21,18.91891891891892,68.42105263157895,15,13.513513513513514,12,5.510752688172043,8,13,0,1.69023,30.213157894736845,6.578947368421052,6,10,33,47,28.571428571428573,33.333333333333336,44.680851063829785,0.1300176923076923,team_tactical_v1,OBSERVED_TACTICAL_FEATURE,False,36.31578947368421,59.3421052631579,73.02631578947368,72.23684210526316,85.26315789473684,74.21052631578948,36.8421052631579,49.86842105263158,72.5,67.23684210526316,46.31578947368421,58.421052631578945,25.394736842105264,62.23684210526316,32.5,32.76315789473684,15.657894736842104,78.28947368421052,17.763157894736842,92.89473684210526
2526,understat:29039,2026-02-21,brighton,brentford,A,mgr:dfda8206a0e2,Fabian Hürzeler,433,W,False,22.969187675070028,29,79.64601769911505,13,11.504424778761061,55.55555555555556,8,7.079646017699115,4,4.201680672268908,7,11,2,1.37203,34.340860215053766,13.978494623655914,8,9,35,47,15.384615384615383,37.5,55.319148936170215,0.12473000000000001,team_tactical_v1,OBSERVED_TACTICAL_FEATURE,False,50.526315789473685,46.71052631578947,68.6842105263158,30.13157894736842,27.63157894736842,26.973684210526315,3.9473684210526314,6.447368421052632,8.157894736842104,34.3421052631579,35.6578947368421,44.3421052631579,83.15789473684211,49.21052631578947,65.26315789473684,87.36842105263158,37.63157894736842,68.02631578947368,26.57894736842105,92.89473684210526
2526,understat:29040,2026-02-21,burnley,chelsea,A,mgr:c49e040048ca,Scott Parker,3421,D,False,21.465968586387437,23,82.5,11,13.75,45.0,14,17.5,10,4.363001745200698,9,12,1,1.01255,28.925882352941183,9.411764705882353,6,15,38,21,45.45454545454545,28.571428571428573,47.61904761904762,0.08437916666666667,team_tactical_v1,OBSERVED_TACTICAL_FEATURE,False,40.13157894736842,22.763157894736842,86.1842105263158,18.94736842105263,48.55263157894737,6.052631578947368,31.31578947368421,70.92105263157895,56.44736842105263,37.76315789473684,57.76315789473684,51.8421052631579,58.55263157894737,31.710526315789473,21.842105263157894,58.81578947368421,15.657894736842104,96.1842105263158,40.13157894736842,17.63157894736842
2526,understat:29040,2026-02-21,chelsea,burnley,H,mgr:4fed4e69ba04,Liam Rosenior,4231,D,True,29.757785467128027,51,71.06598984771574,18,9.137055837563452,65.0,18,9.137055837563452,10,4.728950403690888,8,12,1,2.51534,42.05375,25.0,8,9,38,21,11.11111111111111,44.44444444444444,52.38095238095238,0.20961166666666667,team_tactical_v1,OBSERVED_TACTICAL_FEATURE,False,86.3157894736842,91.84210526315789,14.736842105263158,57.89473684210526,12.631578947368421,62.5,56.71052631578947,16.44736842105263,56.44736842105263,46.44736842105263,46.31578947368421,51.8421052631579,58.55263157894737,87.36842105263158,96.84210526315789,99.73684210526316,37.63157894736842,68.02631578947368,40.13157894736842,17.63157894736842
2526,understat:29043,2026-02-21,manchester_city,newcastle_united,H,mgr:26dfbbc164aa,Pep Guardiola,4132,W,False,27.849740932642487,25,67.97752808988764,11,6.179775280898877,78.26086956521739,28,15.730337078651685,10,5.310880829015544,12,15,2,2.22648,35.03333333333334,10.416666666666666,13,5,41,29,54.54545454545455,50.0,44.82758620689656,0.148432,team_tactical_v1,OBSERVED_TACTICAL_FEATURE,False,78.94736842105263,28.42105263157895,6.184210526315789,18.94736842105263,2.6315789473684212,94.60526315789474,95.52631578947368,62.89473684210526,56.44736842105263,62.5,82.5,74.73684210526316,83.15789473684211,79.47368421052632,70.92105263157895,67.63157894736842,84.34210526315789,19.736842105263158,57.89473684210526,45.526315789473685
2526,understat:29043,2026-02-21,newcastle_united,manchester_city,A,mgr:65451ab24622,Eddie Howe,433,L,False,20.378457059679768,24,77.08333333333333,13,13.541666666666666,54.54545454545455,15,15.625,10,4.80349344978166,10,13,1,0.507954,35.52613636363637,5.681818181818182,10,8,40,29,30.76923076923077,20.0,55.172413793103445,0.039073384615384614,team_tactical_v1,OBSERVED_TACTICAL_FEATURE,False,33.026315789473685,26.05263157894737,50.6578947368421,30.13157894736842,46.71052631578947,23.42105263157895,36.8421052631579,62.23684210526316,56.44736842105263,48.421052631578945,68.28947368421052,58.421052631578945,58.55263157894737,10.263157894736842,74.47368421052632,23.157894736842106,60.921052631578945,55.39473684210526,52.36842105263158,45.526315789473685
2526,understat:29047,2026-02-21,bournemouth,west_ham,A,mgr:b4b8eecb310f,Andoni Iraola,4231,D,False,20.29520295202952,31,74.35897435897436,15,12.820512820512821,78.57142857142857,20,17.094017094017094,6,4.059040590405904,7,10,0,0.522731,31.187850467289717,4.672897196261682,12,8,43,37,6.666666666666667,35.0,29.72972972972973,0.052273099999999996,team_tactical_v1,OBSERVED_TACTICAL_FEATURE,False,31.973684210526315,55.13157894736842,31.31578947368421,41.71052631578947,39.21052631578947,94.73684210526316,70.65789473684211,69.47368421052632,20.789473684210527,31.842105263157894,35.6578947368421,35.13157894736842,25.394736842105264,11.052631578947368,41.44736842105263,15.526315789473685,77.36842105263158,55.39473684210526,66.71052631578948,73.94736842105263
2526,understat:29047,2026-02-21,west_ham,bournemouth,H,mgr:b68b19e445ac,Nuno Herlander Simões Espírito Santo,451,D,False,25.0,24,71.55172413793103,22,18.96551724137931,61.76470588235294,17,14.655172413793103,17,7.703488372093023,16,20,0,2.34412,32.372321428571425,10.714285714285714,13,8,47,37,36.36363636363637,29.41176470588235,70.27027027027027,0.117206,team_tactical_v1,OBSERVED_TACTICAL_FEATURE,False,64.21052631578948,26.05263157894737,16.57894736842105,76.71052631578948,85.65789473684211,47.89473684210526,50.13157894736842,56.44736842105263,92.23684210526316,95.39473684210526,95.52631578947368,93.6842105263158,25.394736842105264,83.15789473684211,51.18421052631579,70.26315789473684,84.34210526315789,55.39473684210526,86.44736842105263,73.94736842105263
2526,understat:29041,2026-02-22,crystal_palace,wolverhampton_wanderers,H,mgr:1058459b93f2,Oliver Glasner,3421,W,False,28.425096030729836,42,72.25806451612904,24,15.483870967741936,84.21052631578948,16,10.32258064516129,6,5.8898847631242,8,14,1,2.03559,33.5,9.278350515463918,12,7,41,46,20.83333333333333,12.5,50.0,0.1453992857142857,team_tactical_v1,OBSERVED_TACTICAL_FEATURE,False,81.97368421052632,81.3157894736842,20.789473684210527,81.84210526315789,62.36842105263158,98.55263157894737,44.3421052631579,25.526315789473685,20.789473684210527,74.73684210526316,46.31578947368421,67.63157894736842,58.55263157894737,73.42105263157895,59.473684210526315,57.36842105263158,77.36842105263158,44.21052631578947,57.89473684210526,90.52631578947368
2526,understat:29041,2026-02-22,wolverhampton_wanderers,crystal_palace,A,mgr:434bf1b2b6dc,Rob Edwards,3421,L,True,22.580645161290324,25,63.73626373626374,15,16.483516483516482,77.77777777777777,26,28.571428571428573,11,4.608294930875576,8,12,0,1.67749,27.84435483870968,8.064516129032258,9,13,38,46,46.66666666666666,38.46153846153846,50.0,0.13979083333333334,team_tactical_v1,OBSERVED_TACTICAL_FEATURE,False,47.76315789473684,28.42105263157895,1.8421052631578947,41.71052631578947,70.52631578947368,94.21052631578948,91.44736842105263,96.05263157894737,65.26315789473684,43.81578947368421,46.31578947368421,51.8421052631579,25.394736842105264,61.44736842105263,16.44736842105263,48.1578947368421,49.3421052631579,93.02631578947368,40.13157894736842,90.52631578947368
2526,understat:29044,2026-02-22,liverpool,nottingham_forest,A,mgr:328a5fafed26,Arne Slot,4231,W,False,22.40506329113924,39,75.38461538461539,13,10.0,66.66666666666667,15,11.538461538461538,8,3.4177215189873418,8,10,1,2.39634,35.02718446601942,14.563106796116505,7,9,44,26,30.76923076923077,53.333333333333336,38.46153846153846,0.23963399999999999,team_tactical_v1,OBSERVED_TACTICAL_FEATURE,False,46.973684210526315,76.44736842105263,37.63157894736842,30.13157894736842,17.63157894736842,70.92105263157895,36.8421052631579,35.6578947368421,36.44736842105263,16.18421052631579,46.31578947368421,35.13157894736842,58.55263157894737,84.07894736842105,70.65789473684211,89.73684210526316,25.13157894736842,68.02631578947368,73.02631578947368,35.526315789473685
2526,understat:29044,2026-02-22,nottingham_forest,liverpool,H,mgr:807de4c745b0,Vítor Manuel de Oliveira Lopes Pereira,4231,L,False,31.61375661375661,22,76.24309392265194,30,16.574585635359117,59.25925925925926,10,5.524861878453039,11,4.497354497354498,11,18,0,0.934768,35.1,13.385826771653543,14,10,57,26,23.33333333333333,60.0,61.53846153846154,0.05193155555555556,team_tactical_v1,OBSERVED_TACTICAL_FEATURE,False,91.3157894736842,18.42105263157895,44.60526315789474,93.55263157894737,71.44736842105263,38.421052631578945,11.447368421052632,1.7105263157894737,65.26315789473684,41.05263157894737,75.26315789473684,89.86842105263158,25.394736842105264,27.763157894736842,71.3157894736842,85.13157894736842,90.13157894736842,78.28947368421052,99.21052631578948,35.526315789473685
2526,understat:29045,2026-02-22,fulham,sunderland,A,mgr:d242da40969a,Marco Alexandre Saraiva da Silva,4231,W,False,19.57831325301205,23,76.76767676767676,17,17.171717171717173,78.94736842105263,10,10.1010101010101,9,3.463855421686747,9,12,3,2.16696,29.13684210526316,7.894736842105263,10,9,40,28,17.647058823529413,30.0,57.142857142857146,0.18058,team_tactical_v1,OBSERVED_TACTICAL_FEATURE,False,25.0,22.763157894736842,48.28947368421053,51.973684210526315,76.05263157894737,95.0,11.447368421052632,23.81578947368421,46.973684210526315,17.5,57.76315789473684,51.8421052631579,96.05263157894737,77.76315789473684,23.42105263157895,45.78947368421053,60.921052631578945,68.02631578947368,52.36842105263158,42.36842105263158
2526,understat:29045,2026-02-22,sunderland,fulham,H,mgr:1a031e232e88,Régis Le Bris,4141,L,False,21.43884892086331,33,70.47619047619048,14,13.333333333333334,72.22222222222223,16,15.238095238095237,13,6.043165467625899,7,12,1,1.7609,35.58191489361702,11.702127659574469,5,5,46,28,7.142857142857143,25.0,42.85714285714285,0.14674166666666666,team_tactical_v1,OBSERVED_TACTICAL_FEATURE,False,39.86842105263158,62.63157894736842,12.894736842105264,36.31578947368421,44.86842105263158,83.8157894736842,44.3421052631579,60.13157894736842,77.76315789473684,78.15789473684211,35.6578947368421,51.8421052631579,58.55263157894737,65.39473684210526,74.73684210526316,77.10526315789474,7.631578947368421,19.736842105263158,82.63157894736842,42.36842105263158
2526,understat:29046,2026-02-22,arsenal,tottenham_hotspur,A,mgr:5fdd2f365fdc,Mikel Arteta,4231,W,False,34.3409915356711,48,69.0721649484536,15,7.731958762886598,63.333333333333336,21,10.824742268041238,10,6.892382103990326,13,20,4,3.31701,50.20990990990992,34.234234234234236,21,8,48,32,20.0,19.047619047619047,62.5,0.16585049999999998,team_tactical_v1,OBSERVED_TACTICAL_FEATURE,False,96.1842105263158,88.8157894736842,9.078947368421053,41.71052631578947,6.184210526315789,54.21052631578947,74.21052631578948,30.0,56.44736842105263,88.8157894736842,87.36842105263158,93.6842105263158,99.34210526315789,95.78947368421052,100.0,100.0,99.86842105263158,55.39473684210526,88.94736842105263,55.78947368421053
2526,understat:29046,2026-02-22,tottenham_hotspur,arsenal,H,mgr:e99dd67f9cac,Igor Tudor,352,L,False,12.846715328467154,15,81.81818181818181,11,20.0,70.0,18,32.72727272727273,2,2.18978102189781,4,6,1,0.383264,26.87971014492753,4.3478260869565215,13,15,44,32,18.181818181818183,11.11111111111111,37.5,0.06387733333333333,team_tactical_v1,OBSERVED_TACTICAL_FEATURE,False,1.9736842105263157,4.7368421052631575,82.89473684210526,18.94736842105263,89.86842105263158,77.89473684210526,56.71052631578947,98.28947368421052,1.5789473684210527,2.5,12.763157894736842,10.394736842105264,58.55263157894737,6.315789473684211,12.368421052631579,13.81578947368421,84.34210526315789,96.1842105263158,73.02631578947368,55.78947368421053
2526,understat:29042,2026-02-23,everton,manchester_united,H,mgr:84316c036a2d,David Moyes,4231,L,False,33.28894806924101,34,84.49197860962566,35,18.71657754010695,73.6842105263158,20,10.695187165775401,11,4.793608521970706,8,12,0,0.560924,37.39351851851851,9.25925925925926,8,14,53,42,14.285714285714286,50.0,61.90476190476191,0.04674366666666666,team_tactical_v1,OBSERVED_TACTICAL_FEATURE,False,94.47368421052632,65.52631578947368,92.63157894736842,97.36842105263158,84.21052631578948,86.84210526315789,70.65789473684211,28.68421052631579,65.26315789473684,48.1578947368421,46.31578947368421,51.8421052631579,25.394736842105264,12.236842105263158,84.34210526315789,56.973684210526315,37.63157894736842,95.13157894736842,96.44736842105263,84.21052631578948
2526,understat:29042,2026-02-23,manchester_united,everton,A,mgr:3aa905054daf,Michael Carrick,4231,W,False,17.21212121212121,32,73.91304347826087,6,5.217391304347826,58.8235294117647,16,13.91304347826087,7,2.303030303030303,7,11,1,1.4547,29.83583333333333,4.166666666666667,8,8,52,42,16.666666666666668,31.25,38.095238095238095,0.13224545454545455,team_tactical_v1,OBSERVED_TACTICAL_FEATURE,False,10.657894736842104,59.3421052631579,28.42105263157895,2.6315789473684212,1.3157894736842106,37.76315789473684,44.3421052631579,51.8421052631579,29.07894736842105,3.026315789473684,35.6578947368421,44.3421052631579,58.55263157894737,53.28947368421053,28.55263157894737,12.5,37.63157894736842,55.39473684210526,95.0,84.21052631578948
2526,understat:29057,2026-02-27,aston_villa,wolverhampton_wanderers,A,mgr:dcdf2dffc0c2,Unai Emery,4231,L,False,23.827629911280106,34,82.73381294964028,26,18.705035971223023,58.333333333333336,14,10.071942446043165,13,4.435994930291508,11,14,0,1.31328,43.2715909090909,12.5,5,11,42,19,26.923076923076923,35.714285714285715,78.94736842105263,0.09380571428571428,team_tactical_v1,OBSERVED_TACTICAL_FEATURE,False,56.18421052631579,65.52631578947368,87.10526315789474,88.42105263157895,84.07894736842105,36.31578947368421,31.31578947368421,23.55263157894737,77.76315789473684,38.81578947368421,75.26315789473684,67.63157894736842,25.394736842105264,45.526315789473685,98.55263157894737,81.84210526315789,7.631578947368421,84.07894736842105,61.578947368421055,12.894736842105264
2526,understat:29057,2026-02-27,wolverhampton_wanderers,aston_villa,H,mgr:434bf1b2b6dc,Rob Edwards,3421,W,False,13.365539452495977,18,71.69811320754717,11,20.754716981132077,64.28571428571429,16,30.18867924528302,4,2.576489533011272,5,9,2,1.50771,25.402912621359224,0.970873786407767,12,10,41,19,18.181818181818183,56.25,21.05263157894737,0.16752333333333336,team_tactical_v1,OBSERVED_TACTICAL_FEATURE,False,2.5,10.131578947368421,17.236842105263158,18.94736842105263,92.23684210526316,59.3421052631579,44.3421052631579,97.63157894736842,8.157894736842104,5.394736842105263,19.473684210526315,27.63157894736842,83.15789473684211,55.39473684210526,6.578947368421052,0.6578947368421053,77.36842105263158,78.28947368421052,57.89473684210526,12.894736842105264
2526,understat:29048,2026-02-28,bournemouth,sunderland,H,mgr:b4b8eecb310f,Andoni Iraola,4231,D,False,27.13085234093637,44,80.11695906432749,26,15.2046783625731,53.333333333333336,25,14.619883040935672,11,5.402160864345738,12,21,1,1.82434,36.2,7.6923076923076925,10,14,43,41,15.384615384615383,48.0,60.97560975609756,0.08687333333333333,team_tactical_v1,OBSERVED_TACTICAL_FEATURE,False,75.65789473684211,83.8157894736842,71.97368421052632,88.42105263157895,60.0,17.894736842105264,89.21052631578948,55.921052631578945,65.26315789473684,64.47368421052632,82.5,95.92105263157895,58.55263157894737,67.23684210526316,78.02631578947368,44.21052631578947,60.921052631578945,95.13157894736842,66.71052631578948,82.10526315789474
2526,understat:29048,2026-02-28,sunderland,bournemouth,A,mgr:1a031e232e88,Régis Le Bris,4231,D,False,20.121951219512194,21,78.87323943661971,12,16.901408450704224,54.54545454545455,19,26.760563380281692,4,3.3536585365853657,4,8,1,1.07887,32.36532258064516,10.483870967741936,16,6,41,41,8.333333333333334,21.05263157894737,39.02439024390244,0.13485875,team_tactical_v1,OBSERVED_TACTICAL_FEATURE,False,30.13157894736842,15.657894736842104,64.07894736842105,23.94736842105263,74.07894736842105,23.42105263157895,63.55263157894737,94.47368421052632,8.157894736842104,15.394736842105264,12.763157894736842,20.92105263157895,58.55263157894737,34.473684210526315,50.6578947368421,68.02631578947368,96.57894736842105,31.57894736842105,57.89473684210526,82.10526315789474
2526,understat:29051,2026-02-28,brentford,burnley,A,mgr:5f487ee40c90,Keith Andrews,4231,W,False,24.099378881987576,23,77.6978417266187,22,15.827338129496402,55.55555555555556,30,21.58273381294964,13,8.4472049689441,13,17,5,2.44595,34.62323232323233,7.070707070707071,11,8,45,45,22.727272727272727,50.0,64.44444444444444,0.14387941176470587,team_tactical_v1,OBSERVED_TACTICAL_FEATURE,False,58.421052631578945,22.763157894736842,55.921052631578945,76.71052631578948,65.26315789473684,26.973684210526315,97.63157894736842,84.21052631578948,77.76315789473684,97.76315789473684,87.36842105263158,85.92105263157895,100.0,85.78947368421052,66.84210526315789,38.81578947368421,69.86842105263158,55.39473684210526,77.23684210526316,88.42105263157895
2526,understat:29051,2026-02-28,burnley,brentford,H,mgr:c49e040048ca,Scott Parker,3421,L,False,22.005988023952096,23,72.89719626168224,17,15.88785046728972,52.17391304347826,28,26.16822429906542,9,3.74251497005988,11,12,2,0.823824,25.601020408163265,2.0408163265306123,8,4,36,45,29.41176470588235,57.142857142857146,35.55555555555556,0.068652,team_tactical_v1,OBSERVED_TACTICAL_FEATURE,False,44.078947368421055,22.763157894736842,23.94736842105263,51.973684210526315,65.78947368421052,14.868421052631579,95.52631578947368,93.6842105263158,46.973684210526315,23.42105263157895,75.26315789473684,51.8421052631579,83.15789473684211,23.55263157894737,7.105263157894737,3.4210526315789473,37.63157894736842,12.368421052631579,31.18421052631579,88.42105263157895
2526,understat:29053,2026-02-28,leeds_united,manchester_city,H,mgr:fa5d385e34dc,Daniel Farke,541,L,False,24.552845528455286,19,75.47169811320755,22,20.754716981132077,61.904761904761905,15,14.150943396226415,11,6.016260162601626,10,14,0,1.37824,35.105376344086025,9.67741935483871,5,9,36,25,27.272727272727277,6.666666666666667,36.0,0.09844571428571428,team_tactical_v1,OBSERVED_TACTICAL_FEATURE,False,61.44736842105263,11.842105263157896,38.55263157894737,76.71052631578948,92.23684210526316,49.473684210526315,36.8421052631579,53.1578947368421,65.26315789473684,77.76315789473684,68.28947368421052,67.63157894736842,25.394736842105264,49.60526315789474,71.44736842105263,60.921052631578945,7.631578947368421,68.02631578947368,31.18421052631579,31.57894736842105
2526,understat:29053,2026-02-28,manchester_city,leeds_united,A,mgr:26dfbbc164aa,Pep Guardiola,4132,W,False,28.63113897596656,55,77.96610169491525,21,8.898305084745763,66.66666666666667,25,10.59322033898305,7,3.343782654127481,10,14,1,2.46834,28.984536082474225,5.154639175257732,8,0,30,25,23.80952380952381,64.0,64.0,0.17631,team_tactical_v1,OBSERVED_TACTICAL_FEATURE,False,83.02631578947368,95.0,58.1578947368421,72.23684210526316,11.578947368421053,70.92105263157895,89.21052631578948,27.763157894736842,29.07894736842105,14.868421052631579,68.28947368421052,67.63157894736842,58.55263157894737,86.3157894736842,22.105263157894736,19.605263157894736,37.63157894736842,0.13157894736842105,7.7631578947368425,31.57894736842105
2526,understat:29054,2026-02-28,liverpool,west_ham,H,mgr:328a5fafed26,Arne Slot,4231,W,False,27.384196185286104,37,70.06802721088435,20,13.605442176870747,62.5,11,7.482993197278912,13,6.811989100817439,15,18,4,2.09939,31.256,11.0,10,6,39,29,10.0,36.36363636363637,37.93103448275862,0.11663277777777778,team_tactical_v1,OBSERVED_TACTICAL_FEATURE,False,76.44736842105263,72.10526315789474,11.578947368421053,67.63157894736842,47.76315789473684,51.973684210526315,15.657894736842104,7.7631578947368425,77.76315789473684,87.89473684210526,93.15789473684211,89.86842105263158,99.34210526315789,75.92105263157895,42.10526315789474,71.84210526315789,60.921052631578945,31.57894736842105,46.71052631578947,45.526315789473685
2526,understat:29054,2026-02-28,west_ham,liverpool,A,mgr:b68b19e445ac,Nuno Herlander Simões Espírito Santo,451,L,False,24.432576769025367,27,78.46153846153847,21,16.153846153846153,63.1578947368421,12,9.23076923076923,6,6.008010680907877,8,12,3,1.3517,33.92980769230769,10.576923076923077,8,13,45,29,19.047619047619047,50.0,62.06896551724138,0.11264166666666665,team_tactical_v1,OBSERVED_TACTICAL_FEATURE,False,60.78947368421053,37.10526315789474,61.31578947368421,72.23684210526316,67.63157894736842,54.078947368421055,21.31578947368421,17.236842105263158,20.789473684210527,77.63157894736842,46.31578947368421,51.8421052631579,96.05263157894737,47.76315789473684,62.76315789473684,68.6842105263158,37.63157894736842,93.02631578947368,77.23684210526316,45.526315789473685
2526,understat:29056,2026-02-28,everton,newcastle_united,A,mgr:84316c036a2d,David Moyes,4231,W,False,18.529862174578867,23,71.7948717948718,4,5.128205128205129,73.33333333333333,20,25.641025641025642,3,2.603369065849924,8,9,3,2.40731,28.441911764705885,5.882352941176471,14,9,49,42,50.0,60.0,61.90476190476191,0.2674788888888889,team_tactical_v1,OBSERVED_TACTICAL_FEATURE,False,19.473684210526315,22.763157894736842,18.157894736842106,1.0526315789473684,1.1842105263157894,85.92105263157895,70.65789473684211,93.02631578947368,4.2105263157894735,5.657894736842105,46.31578947368421,27.63157894736842,96.05263157894737,84.34210526315789,18.81578947368421,25.0,90.13157894736842,68.02631578947368,90.78947368421052,84.21052631578948
2526,understat:29056,2026-02-28,newcastle_united,everton,H,mgr:65451ab24622,Eddie Howe,433,L,False,34.88120950323974,50,81.71206225680933,30,11.673151750972762,65.38461538461539,23,8.949416342412452,9,5.183585313174946,10,17,2,1.11889,40.72105263157895,15.789473684210526,5,5,42,42,13.333333333333334,52.17391304347826,38.095238095238095,0.06581705882352941,team_tactical_v1,OBSERVED_TACTICAL_FEATURE,False,96.97368421052632,90.78947368421052,82.10526315789474,93.55263157894737,29.473684210526315,63.55263157894737,82.89473684210526,15.263157894736842,46.973684210526315,58.55263157894737,68.28947368421052,85.92105263157895,83.15789473684211,35.39473684210526,94.86842105263158,92.10526315789474,7.631578947368421,19.736842105263158,61.578947368421055,84.21052631578948
2526,understat:29049,2026-03-01,arsenal,chelsea,H,mgr:5fdd2f365fdc,Mikel Arteta,4231,W,False,25.123152709359605,36,75.75757575757575,11,11.11111111111111,66.66666666666667,20,20.2020202020202,7,7.060755336617405,10,13,3,1.71598,40.79397590361446,12.048192771084338,9,5,37,26,18.181818181818183,35.0,38.46153846153846,0.13199846153846154,team_tactical_v1,OBSERVED_TACTICAL_FEATURE,False,64.73684210526316,70.39473684210526,40.39473684210526,18.94736842105263,23.55263157894737,70.92105263157895,70.65789473684211,80.26315789473684,29.07894736842105,90.52631578947368,68.28947368421052,58.421052631578945,96.05263157894737,63.28947368421053,95.0,78.55263157894737,49.3421052631579,19.736842105263158,35.13157894736842,35.526315789473685
2526,understat:29049,2026-03-01,chelsea,arsenal,A,mgr:4fed4e69ba04,Liam Rosenior,433,L,True,17.586649550706035,20,76.04166666666667,18,18.75,58.8235294117647,11,11.458333333333334,7,3.722721437740693,8,9,0,1.35268,25.203125,2.0833333333333335,8,13,37,26,22.22222222222222,27.272727272727277,61.53846153846154,0.15029777777777778,team_tactical_v1,OBSERVED_TACTICAL_FEATURE,False,12.631578947368421,13.81578947368421,42.76315789473684,57.89473684210526,84.60526315789474,37.76315789473684,15.657894736842104,35.0,29.07894736842105,23.289473684210527,46.31578947368421,27.63157894736842,25.394736842105264,47.89473684210526,5.394736842105263,3.5526315789473686,37.63157894736842,93.02631578947368,35.13157894736842,35.526315789473685
2526,understat:29050,2026-03-01,brighton,nottingham_forest,H,mgr:dfda8206a0e2,Fabian Hürzeler,4231,W,False,25.21525215252153,32,67.4074074074074,11,8.148148148148149,68.0,7,5.185185185185185,14,4.551045510455104,12,14,2,1.20107,40.36091954022989,21.839080459770116,11,6,37,26,54.54545454545455,28.571428571428573,65.38461538461539,0.08579071428571429,team_tactical_v1,OBSERVED_TACTICAL_FEATURE,False,65.39473684210526,59.3421052631579,5.921052631578948,18.94736842105263,8.421052631578947,72.5,2.763157894736842,0.9210526315789473,84.07894736842105,42.23684210526316,82.5,67.63157894736842,83.15789473684211,39.60526315789474,93.55263157894737,98.94736842105263,69.86842105263158,31.57894736842105,35.13157894736842,35.526315789473685
2526,understat:29050,2026-03-01,nottingham_forest,brighton,A,mgr:807de4c745b0,Vítor Manuel de Oliveira Lopes Pereira,4231,L,False,19.02834008097166,26,80.73394495412845,17,15.596330275229358,60.0,23,21.10091743119266,5,3.643724696356276,10,13,1,0.83055,29.04352941176471,2.3529411764705883,5,8,45,26,23.529411764705884,47.82608695652174,34.61538461538461,0.06388846153846153,team_tactical_v1,OBSERVED_TACTICAL_FEATURE,False,22.5,33.1578947368421,77.36842105263158,51.973684210526315,63.026315789473685,42.89473684210526,82.89473684210526,82.76315789473684,13.947368421052632,21.05263157894737,68.28947368421052,58.421052631578945,58.55263157894737,23.94736842105263,22.763157894736842,4.078947368421052,7.631578947368421,55.39473684210526,77.23684210526316,35.526315789473685
2526,understat:29052,2026-03-01,fulham,tottenham_hotspur,H,mgr:d242da40969a,Marco Alexandre Saraiva da Silva,4231,W,False,17.53731343283582,30,70.9090909090909,13,11.818181818181818,58.62068965517241,18,16.363636363636363,16,5.348258706467662,13,18,2,2.3207,30.2,5.714285714285714,8,10,41,36,38.46153846153846,44.44444444444444,61.11111111111112,0.12892777777777778,team_tactical_v1,OBSERVED_TACTICAL_FEATURE,False,12.236842105263158,51.31578947368421,14.210526315789474,30.13157894736842,30.789473684210527,36.71052631578947,56.71052631578947,65.26315789473684,89.86842105263158,63.55263157894737,87.36842105263158,89.86842105263158,83.15789473684211,81.71052631578948,31.973684210526315,23.289473684210527,37.63157894736842,78.28947368421052,57.89473684210526,70.78947368421052
2526,understat:29052,2026-03-01,tottenham_hotspur,fulham,A,mgr:e99dd67f9cac,Igor Tudor,442,L,False,21.80555555555556,19,72.44897959183673,21,21.428571428571427,57.142857142857146,10,10.204081632653061,10,7.083333333333333,8,13,1,0.952091,34.48811881188118,9.900990099009901,11,10,44,36,28.571428571428573,60.0,38.888888888888886,0.07323776923076923,team_tactical_v1,OBSERVED_TACTICAL_FEATURE,False,42.36842105263158,11.842105263157896,21.31578947368421,72.23684210526316,94.34210526315789,33.81578947368421,11.447368421052632,24.736842105263158,56.44736842105263,90.65789473684211,46.31578947368421,58.421052631578945,58.55263157894737,28.81578947368421,66.1842105263158,63.28947368421053,69.86842105263158,78.28947368421052,73.02631578947368,70.78947368421052
2526,understat:29055,2026-03-01,crystal_palace,manchester_united,A,mgr:1058459b93f2,Oliver Glasner,3421,L,True,12.78735632183908,18,63.9344262295082,6,9.836065573770492,57.142857142857146,10,16.39344262295082,7,3.160919540229885,8,8,1,0.384699,30.46770833333333,4.166666666666667,5,6,39,37,16.666666666666668,30.0,35.13513513513514,0.048087375,team_tactical_v1,OBSERVED_TACTICAL_FEATURE,False,1.8421052631578947,10.131578947368421,1.9736842105263157,2.6315789473684212,16.05263157894737,33.81578947368421,11.447368421052632,65.65789473684211,29.07894736842105,12.5,46.31578947368421,20.92105263157895,58.55263157894737,6.447368421052632,36.05263157894737,12.5,7.631578947368421,31.57894736842105,46.71052631578947,73.94736842105263
2526,understat:29055,2026-03-01,manchester_united,crystal_palace,H,mgr:3aa905054daf,Michael Carrick,4231,W,False,28.004410143329658,45,70.79207920792079,25,12.376237623762377,58.8235294117647,18,8.910891089108912,21,5.733186328555678,16,20,2,2.34609,39.09886363636363,9.090909090909092,6,4,46,37,44.0,38.888888888888886,64.86486486486487,0.11730449999999999,team_tactical_v1,OBSERVED_TACTICAL_FEATURE,False,80.0,85.52631578947368,14.078947368421053,84.07894736842105,34.73684210526316,37.76315789473684,56.71052631578947,14.868421052631579,97.76315789473684,71.44736842105263,95.52631578947368,93.6842105263158,83.15789473684211,83.28947368421052,90.39473684210526,55.39473684210526,15.657894736842104,12.368421052631579,82.63157894736842,73.94736842105263
2526,understat:29058,2026-03-03,bournemouth,brentford,H,mgr:b4b8eecb310f,Andoni Iraola,4231,D,False,26.54639175257732,26,74.82517482517483,16,11.188811188811188,65.0,20,13.986013986013987,15,5.283505154639175,11,13,0,2.3177,33.20454545454545,14.393939393939394,9,12,58,50,18.75,40.0,52.0,0.17828461538461537,team_tactical_v1,OBSERVED_TACTICAL_FEATURE,False,72.63157894736842,33.1578947368421,35.526315789473685,46.973684210526315,23.81578947368421,62.5,70.65789473684211,52.36842105263158,87.5,61.31578947368421,75.26315789473684,58.421052631578945,25.394736842105264,81.57894736842105,56.44736842105263,89.21052631578948,49.3421052631579,89.21052631578948,99.60526315789474,96.05263157894737
2526,understat:29058,2026-03-03,brentford,bournemouth,A,mgr:5f487ee40c90,Keith Andrews,4231,D,False,18.46153846153846,28,80.41237113402062,15,15.463917525773196,66.66666666666667,10,10.309278350515465,11,3.58974358974359,5,5,0,0.673328,31.045535714285712,8.928571428571429,3,6,54,50,13.333333333333334,50.0,48.0,0.1346656,team_tactical_v1,OBSERVED_TACTICAL_FEATURE,False,19.07894736842105,41.973684210526315,74.34210526315789,41.71052631578947,62.10526315789474,70.92105263157895,11.447368421052632,25.263157894736842,65.26315789473684,20.0,19.473684210526315,6.578947368421052,25.394736842105264,16.57894736842105,40.26315789473684,54.473684210526315,2.1052631578947367,31.57894736842105,97.23684210526316,96.05263157894737
2526,understat:29061,2026-03-03,burnley,everton,A,mgr:c49e040048ca,Scott Parker,3421,L,False,18.170103092783503,28,86.79245283018868,7,6.60377358490566,50.0,10,9.433962264150944,2,2.31958762886598,4,5,0,0.762229,27.963392857142857,4.464285714285714,10,14,46,21,0.0,10.0,52.38095238095238,0.15244580000000002,team_tactical_v1,OBSERVED_TACTICAL_FEATURE,False,16.44736842105263,41.973684210526315,97.36842105263158,5.394736842105263,3.1578947368421053,13.947368421052632,11.447368421052632,18.68421052631579,1.5789473684210527,3.289473684210526,12.763157894736842,6.578947368421052,25.394736842105264,21.18421052631579,16.973684210526315,14.210526315789474,60.921052631578945,95.13157894736842,82.63157894736842,17.63157894736842
2526,understat:29061,2026-03-03,everton,burnley,H,mgr:84316c036a2d,David Moyes,4231,W,False,30.113636363636363,51,83.98058252427184,20,9.70873786407767,66.66666666666667,20,9.70873786407767,11,4.204545454545454,8,14,2,1.15845,36.19903846153846,13.461538461538462,12,10,45,21,15.0,45.0,47.61904761904762,0.08274642857142857,team_tactical_v1,OBSERVED_TACTICAL_FEATURE,False,87.76315789473684,91.84210526315789,91.05263157894737,67.63157894736842,15.657894736842104,70.92105263157895,70.65789473684211,20.394736842105264,65.26315789473684,34.473684210526315,46.31578947368421,67.63157894736842,83.15789473684211,37.89473684210526,77.89473684210526,85.65789473684211,77.36842105263158,78.28947368421052,77.23684210526316,17.63157894736842
2526,understat:29063,2026-03-03,leeds_united,sunderland,H,mgr:fa5d385e34dc,Daniel Farke,451,L,False,23.24805339265851,36,77.08333333333333,29,20.13888888888889,61.53846153846154,16,11.11111111111111,10,4.89432703003337,10,18,0,0.888232,38.95638297872341,12.76595744680851,6,6,46,49,13.79310344827586,18.75,48.97959183673469,0.04934622222222222,team_tactical_v1,OBSERVED_TACTICAL_FEATURE,False,52.10526315789474,70.39473684210526,50.6578947368421,92.23684210526316,90.0,47.76315789473684,44.3421052631579,32.89473684210526,56.44736842105263,50.26315789473684,68.28947368421052,89.86842105263158,25.394736842105264,25.657894736842106,90.13157894736842,83.42105263157895,15.657894736842104,31.57894736842105,82.63157894736842,94.47368421052632
2526,understat:29063,2026-03-03,sunderland,leeds_united,A,mgr:1a031e232e88,Régis Le Bris,4231,W,False,15.76271186440678,11,74.46808510638297,8,17.02127659574468,60.0,12,25.53191489361702,5,2.542372881355932,2,3,1,0.843856,27.84873949579832,3.361344537815126,11,7,35,49,12.5,16.666666666666668,51.02040816326531,0.28128533333333333,team_tactical_v1,OBSERVED_TACTICAL_FEATURE,False,6.447368421052632,1.5789473684210527,32.10526315789474,7.2368421052631575,74.86842105263158,42.89473684210526,21.31578947368421,92.76315789473684,13.947368421052632,5.131578947368421,1.7105263157894737,1.5789473684210527,58.55263157894737,24.473684210526315,16.57894736842105,8.552631578947368,69.86842105263158,44.21052631578947,26.57894736842105,94.47368421052632
2526,understat:29067,2026-03-03,liverpool,wolverhampton_wanderers,A,mgr:328a5fafed26,Arne Slot,4231,L,False,34.32017543859649,57,74.58333333333333,27,11.25,64.51612903225806,25,10.416666666666666,13,7.346491228070175,15,20,1,2.17217,41.62,17.77777777777778,9,8,47,17,18.51851851851852,24.0,58.8235294117647,0.1086085,team_tactical_v1,OBSERVED_TACTICAL_FEATURE,False,96.05263157894737,96.44736842105263,33.55263157894737,89.86842105263158,24.86842105263158,60.39473684210526,89.21052631578948,26.31578947368421,77.76315789473684,92.76315789473684,93.15789473684211,93.6842105263158,58.55263157894737,78.15789473684211,96.05263157894737,95.52631578947368,49.3421052631579,55.39473684210526,86.44736842105263,8.421052631578947
2526,understat:29067,2026-03-03,wolverhampton_wanderers,liverpool,H,mgr:434bf1b2b6dc,Rob Edwards,3511,W,False,12.55813953488372,15,81.13207547169812,9,16.9811320754717,66.66666666666667,17,32.075471698113205,3,2.3255813953488373,4,4,2,0.636033,25.751612903225805,5.645161290322581,16,9,41,17,22.22222222222222,41.1764705882353,41.1764705882353,0.15900825,team_tactical_v1,OBSERVED_TACTICAL_FEATURE,False,1.5789473684210527,4.7368421052631575,79.34210526315789,10.394736842105264,74.73684210526316,70.92105263157895,50.13157894736842,98.15789473684211,4.2105263157894735,3.4210526315789473,12.763157894736842,3.1578947368421053,83.15789473684211,15.131578947368421,7.2368421052631575,22.894736842105264,96.57894736842105,68.02631578947368,57.89473684210526,8.421052631578947
2526,understat:29059,2026-03-04,aston_villa,chelsea,H,mgr:dcdf2dffc0c2,Unai Emery,4231,L,False,19.225251076040173,31,78.21782178217822,11,10.891089108910892,35.714285714285715,12,11.881188118811881,8,3.1563845050215207,7,9,1,1.06854,33.97692307692307,7.6923076923076925,8,7,34,13,9.090909090909092,16.666666666666668,53.84615384615385,0.11872666666666667,team_tactical_v1,OBSERVED_TACTICAL_FEATURE,False,23.026315789473685,55.13157894736842,59.73684210526316,18.94736842105263,22.763157894736842,1.1842105263157894,21.31578947368421,38.68421052631579,36.44736842105263,12.236842105263158,35.6578947368421,27.63157894736842,58.55263157894737,34.21052631578947,63.28947368421053,44.21052631578947,37.63157894736842,44.21052631578947,22.36842105263158,2.8947368421052633
2526,understat:29059,2026-03-04,chelsea,aston_villa,A,mgr:4fed4e69ba04,Liam Rosenior,433,W,False,18.58513189448441,28,71.05263157894737,19,16.666666666666668,62.96296296296296,13,11.403508771929825,10,5.275779376498801,13,15,4,3.38883,36.94819277108434,10.843373493975903,6,9,35,13,15.789473684210526,46.15384615384615,46.15384615384615,0.225922,team_tactical_v1,OBSERVED_TACTICAL_FEATURE,False,19.605263157894736,41.973684210526315,14.605263157894736,62.10526315789474,73.15789473684211,52.36842105263158,26.05263157894737,34.473684210526315,56.44736842105263,61.05263157894737,87.36842105263158,74.73684210526316,99.34210526315789,96.44736842105263,82.5,71.05263157894737,15.657894736842104,68.02631578947368,26.57894736842105,2.8947368421052633
2526,understat:29060,2026-03-04,arsenal,brighton,A,mgr:5fdd2f365fdc,Mikel Arteta,4231,W,False,19.96927803379416,22,84.33734939759036,7,8.433734939759036,54.54545454545455,19,22.89156626506024,6,3.993855606758832,6,7,1,0.514803,31.15,8.771929824561404,6,8,30,38,14.285714285714286,26.31578947368421,52.63157894736842,0.07354328571428571,team_tactical_v1,OBSERVED_TACTICAL_FEATURE,False,27.63157894736842,18.42105263157895,92.10526315789474,5.394736842105263,9.342105263157896,23.42105263157895,63.55263157894737,87.89473684210526,20.789473684210527,29.86842105263158,24.736842105263158,16.18421052631579,58.55263157894737,10.657894736842104,41.31578947368421,53.026315789473685,15.657894736842104,55.39473684210526,7.7631578947368425,76.05263157894737
2526,understat:29060,2026-03-04,brighton,arsenal,H,mgr:dfda8206a0e2,Fabian Hürzeler,4231,L,False,24.665856622114216,38,77.02702702702703,30,20.27027027027027,72.22222222222223,16,10.81081081081081,11,5.103280680437424,7,11,0,0.919228,31.861946902654868,7.964601769911504,15,11,42,38,16.666666666666668,31.25,47.36842105263158,0.08356618181818182,team_tactical_v1,OBSERVED_TACTICAL_FEATURE,False,62.23684210526316,73.94736842105263,49.86842105263158,93.55263157894737,90.39473684210526,83.8157894736842,44.3421052631579,29.86842105263158,65.26315789473684,55.921052631578945,35.6578947368421,44.3421052631579,25.394736842105264,26.842105263157894,46.31578947368421,47.10526315789474,93.42105263157895,84.07894736842105,61.578947368421055,76.05263157894737
2526,understat:29062,2026-03-04,fulham,west_ham,H,mgr:d242da40969a,Marco Alexandre Saraiva da Silva,4231,L,False,23.121387283236995,37,79.45205479452055,25,17.123287671232877,61.904761904761905,9,6.164383561643835,17,5.433526011560693,8,13,0,0.628123,33.49404761904763,5.9523809523809526,4,3,44,27,36.0,66.66666666666667,59.25925925925926,0.04831715384615384,team_tactical_v1,OBSERVED_TACTICAL_FEATURE,False,51.44736842105263,72.10526315789474,68.02631578947368,84.07894736842105,75.39473684210526,49.473684210526315,6.578947368421052,3.4210526315789473,92.23684210526316,65.13157894736842,46.31578947368421,58.421052631578945,25.394736842105264,14.736842105263158,59.21052631578947,25.394736842105264,4.2105263157894735,6.315789473684211,73.02631578947368,38.68421052631579
2526,understat:29062,2026-03-04,west_ham,fulham,A,mgr:b68b19e445ac,Nuno Herlander Simões Espírito Santo,442,W,False,18.614718614718612,22,75.90361445783132,15,18.072289156626507,64.70588235294117,12,14.457831325301205,4,3.0303030303030303,8,9,1,1.49528,29.15,5.0,4,14,40,27,13.333333333333334,66.66666666666667,40.74074074074074,0.16614222222222222,team_tactical_v1,OBSERVED_TACTICAL_FEATURE,False,19.86842105263158,18.42105263157895,41.8421052631579,41.71052631578947,80.78947368421052,61.578947368421055,21.31578947368421,54.60526315789474,8.157894736842104,10.394736842105264,46.31578947368421,27.63157894736842,58.55263157894737,54.86842105263158,23.68421052631579,17.763157894736842,4.2105263157894735,95.13157894736842,52.36842105263158,38.68421052631579
2526,understat:29064,2026-03-04,manchester_city,nottingham_forest,H,mgr:26dfbbc164aa,Pep Guardiola,4132,D,False,33.81226053639847,75,70.03154574132492,24,7.570977917981073,63.888888888888886,29,9.14826498422713,17,5.842911877394636,17,21,2,2.72655,41.853947368421046,9.210526315789474,6,6,47,23,16.666666666666668,48.27586206896552,69.56521739130434,0.12983571428571428,team_tactical_v1,OBSERVED_TACTICAL_FEATURE,False,95.13157894736842,100.0,11.18421052631579,81.84210526315789,5.131578947368421,56.8421052631579,96.84210526315789,16.57894736842105,92.23684210526316,74.07894736842105,96.97368421052632,95.92105263157895,83.15789473684211,90.39473684210526,96.57894736842105,56.31578947368421,15.657894736842104,31.57894736842105,86.44736842105263,23.94736842105263
2526,understat:29064,2026-03-04,nottingham_forest,manchester_city,A,mgr:807de4c745b0,Vítor Manuel de Oliveira Lopes Pereira,532,D,False,12.335526315789474,10,75.43859649122807,11,19.29824561403509,60.0,11,19.29824561403509,5,2.960526315789474,7,9,2,1.23642,25.456310679611647,3.883495145631068,14,6,41,23,18.181818181818183,54.54545454545455,30.43478260869565,0.13738,team_tactical_v1,OBSERVED_TACTICAL_FEATURE,False,1.1842105263157894,1.0526315789473684,38.1578947368421,18.94736842105263,87.5,42.89473684210526,15.657894736842104,78.55263157894737,13.947368421052632,9.342105263157896,35.6578947368421,27.63157894736842,83.15789473684211,41.05263157894737,6.842105263157895,11.447368421052632,90.13157894736842,31.57894736842105,57.89473684210526,23.94736842105263
2526,understat:29065,2026-03-04,manchester_united,newcastle_united,A,mgr:3aa905054daf,Michael Carrick,4231,L,False,25.518134715025905,34,71.7948717948718,14,8.974358974358974,65.21739130434783,18,11.538461538461538,10,5.051813471502591,11,14,1,1.80571,36.72444444444445,7.777777777777778,9,9,42,42,14.285714285714286,38.888888888888886,47.61904761904762,0.1289792857142857,team_tactical_v1,OBSERVED_TACTICAL_FEATURE,False,66.84210526315789,65.52631578947368,18.157894736842106,36.31578947368421,12.105263157894736,63.1578947368421,56.71052631578947,35.6578947368421,56.44736842105263,54.86842105263158,75.26315789473684,67.63157894736842,58.55263157894737,66.57894736842105,81.05263157894737,44.73684210526316,49.3421052631579,68.02631578947368,61.578947368421055,84.21052631578948
2526,understat:29065,2026-03-04,newcastle_united,manchester_united,H,mgr:65451ab24622,Eddie Howe,433,W,True,20.792079207920796,28,77.06422018348624,15,13.761467889908257,77.77777777777777,15,13.761467889908257,7,4.243281471004243,8,12,2,1.96637,30.1009009009009,6.306306306306307,14,9,44,42,33.333333333333336,26.666666666666668,52.38095238095238,0.16386416666666667,team_tactical_v1,OBSERVED_TACTICAL_FEATURE,False,35.921052631578945,41.973684210526315,50.39473684210526,41.71052631578947,48.81578947368421,94.21052631578948,36.8421052631579,51.05263157894737,29.07894736842105,35.526315789473685,46.31578947368421,51.8421052631579,83.15789473684211,72.23684210526316,30.789473684210527,29.342105263157894,90.13157894736842,68.02631578947368,73.02631578947368,84.21052631578948
2526,understat:29066,2026-03-05,crystal_palace,tottenham_hotspur,A,mgr:1058459b93f2,Oliver Glasner,3421,W,False,18.66840731070496,32,78.57142857142857,20,20.408163265306122,75.0,12,12.244897959183673,9,3.785900783289817,4,9,3,1.91515,31.93473684210526,12.631578947368421,13,6,28,44,10.0,25.0,47.72727272727273,0.21279444444444442,team_tactical_v1,OBSERVED_TACTICAL_FEATURE,False,20.13157894736842,59.3421052631579,61.71052631578947,67.63157894736842,91.05263157894737,90.78947368421052,21.31578947368421,41.18421052631579,46.973684210526315,24.07894736842105,12.763157894736842,27.63157894736842,96.05263157894737,70.26315789473684,46.71052631578947,82.23684210526316,84.34210526315789,31.57894736842105,3.6842105263157894,86.84210526315789
2526,understat:29066,2026-03-05,tottenham_hotspur,crystal_palace,H,mgr:e99dd67f9cac,Igor Tudor,3421,L,True,22.96650717703349,20,75.29411764705883,12,14.117647058823529,71.42857142857143,22,25.88235294117647,8,5.103668261562999,10,12,1,1.29615,30.582558139534893,6.976744186046512,10,10,29,44,41.66666666666666,31.818181818181817,52.27272727272727,0.1080125,team_tactical_v1,OBSERVED_TACTICAL_FEATURE,False,50.39473684210526,13.81578947368421,37.23684210526316,23.94736842105263,51.18421052631579,81.97368421052632,78.8157894736842,93.28947368421052,36.44736842105263,56.05263157894737,68.28947368421052,51.8421052631579,58.55263157894737,44.60526315789474,37.23684210526316,38.026315789473685,60.921052631578945,78.28947368421052,5.131578947368421,86.84210526315789
2526,understat:29068,2026-03-14,arsenal,everton,H,mgr:5fdd2f365fdc,Mikel Arteta,4231,W,False,37.888888888888886,45,74.28571428571429,21,7.5,69.04761904761905,19,6.785714285714286,10,6.111111111111111,18,25,2,1.90855,37.73695652173912,14.130434782608695,12,4,39,38,19.047619047619047,36.8421052631579,55.26315789473684,0.076342,team_tactical_v1,OBSERVED_TACTICAL_FEATURE,False,99.21052631578948,85.52631578947368,30.789473684210527,72.23684210526316,5.0,75.65789473684211,63.55263157894737,4.868421052631579,56.44736842105263,79.07894736842105,98.28947368421052,98.6842105263158,83.15789473684211,69.86842105263158,85.92105263157895,88.28947368421052,77.36842105263158,12.368421052631579,46.71052631578947,76.05263157894737
2526,understat:29068,2026-03-14,everton,arsenal,A,mgr:84316c036a2d,David Moyes,4231,L,False,18.195956454121305,18,69.86301369863014,9,12.32876712328767,72.72727272727273,14,19.17808219178082,2,3.421461897356143,4,9,0,1.17847,23.608035714285712,1.7857142857142858,8,16,34,38,22.22222222222222,35.714285714285715,44.73684210526316,0.1309411111111111,team_tactical_v1,OBSERVED_TACTICAL_FEATURE,False,16.710526315789473,10.131578947368421,10.657894736842104,10.394736842105264,34.3421052631579,85.13157894736842,31.31578947368421,78.28947368421052,1.5789473684210527,16.44736842105263,12.763157894736842,27.63157894736842,25.394736842105264,38.55263157894737,2.236842105263158,2.3684210526315788,37.63157894736842,97.76315789473684,22.36842105263158,76.05263157894737
2526,understat:29070,2026-03-14,bournemouth,burnley,A,mgr:b4b8eecb310f,Andoni Iraola,4231,D,False,25.08917954815696,35,70.05988023952096,26,15.568862275449101,61.111111111111114,20,11.976047904191617,16,5.707491082045184,16,22,0,2.36979,29.086619718309866,7.042253521126761,16,11,57,42,26.923076923076923,50.0,52.38095238095238,0.10771772727272727,team_tactical_v1,OBSERVED_TACTICAL_FEATURE,False,64.60526315789474,67.89473684210526,11.447368421052632,88.42105263157895,62.76315789473684,45.6578947368421,70.65789473684211,39.473684210526315,89.86842105263158,70.65789473684211,95.52631578947368,97.10526315789474,25.394736842105264,83.8157894736842,22.894736842105264,38.421052631578945,96.57894736842105,84.07894736842105,99.21052631578948,84.21052631578948
2526,understat:29070,2026-03-14,burnley,bournemouth,H,mgr:c49e040048ca,Scott Parker,4231,D,False,26.870229007633583,29,84.16666666666667,20,16.666666666666668,50.0,18,15.0,12,5.801526717557252,10,15,0,1.67695,30.14695652173913,10.434782608695652,8,3,43,42,30.0,38.888888888888886,47.61904761904762,0.11179666666666667,team_tactical_v1,OBSERVED_TACTICAL_FEATURE,False,74.21052631578948,46.71052631578947,91.44736842105263,67.63157894736842,73.15789473684211,13.947368421052632,56.71052631578947,58.421052631578945,72.5,73.15789473684211,68.28947368421052,74.73684210526316,25.394736842105264,61.18421052631579,31.31578947368421,67.76315789473684,37.63157894736842,6.315789473684211,66.71052631578948,84.21052631578948
2526,understat:29071,2026-03-14,chelsea,newcastle_united,H,mgr:4fed4e69ba04,Liam Rosenior,4231,L,False,34.57661290322581,48,66.30824372759857,28,10.03584229390681,56.75675675675676,19,6.810035842293907,13,5.94758064516129,18,22,0,1.72508,31.2025,8.75,6,9,31,31,25.0,26.31578947368421,48.38709677419355,0.07841272727272727,team_tactical_v1,OBSERVED_TACTICAL_FEATURE,False,96.57894736842105,88.8157894736842,4.342105263157895,91.3157894736842,17.763157894736842,30.394736842105264,63.55263157894737,5.0,77.76315789473684,75.78947368421052,98.28947368421052,97.10526315789474,25.394736842105264,63.81578947368421,41.578947368421055,52.63157894736842,15.657894736842104,68.02631578947368,11.18421052631579,50.526315789473685
2526,understat:29071,2026-03-14,newcastle_united,chelsea,A,mgr:65451ab24622,Eddie Howe,4231,W,False,20.534223706176963,31,80.0,12,12.631578947368421,71.42857142857143,15,15.789473684210526,9,2.504173622704508,7,7,1,1.03251,28.917241379310347,10.344827586206897,9,7,30,31,16.666666666666668,40.0,51.61290322580645,0.1475014285714286,team_tactical_v1,OBSERVED_TACTICAL_FEATURE,False,34.3421052631579,55.13157894736842,71.57894736842105,23.94736842105263,37.36842105263158,81.97368421052632,36.8421052631579,63.28947368421053,46.973684210526315,4.7368421052631575,35.6578947368421,16.18421052631579,58.55263157894737,32.89473684210526,21.710526315789473,66.71052631578948,49.3421052631579,44.21052631578947,7.7631578947368425,50.526315789473685
2526,understat:29076,2026-03-14,brighton,sunderland,A,mgr:dfda8206a0e2,Fabian Hürzeler,4231,W,False,17.902813299232736,28,72.89719626168224,13,12.149532710280374,66.66666666666667,12,11.214953271028037,6,4.731457800511509,9,12,1,1.12832,29.47426470588235,5.882352941176471,17,12,46,28,38.46153846153846,58.333333333333336,57.142857142857146,0.09402666666666666,team_tactical_v1,OBSERVED_TACTICAL_FEATURE,False,14.605263157894736,41.973684210526315,23.94736842105263,30.13157894736842,33.421052631578945,70.92105263157895,21.31578947368421,33.026315789473685,20.789473684210527,46.71052631578947,57.76315789473684,51.8421052631579,58.55263157894737,36.18421052631579,26.57894736842105,25.0,98.15789473684211,89.21052631578948,82.63157894736842,42.36842105263158
2526,understat:29076,2026-03-14,sunderland,brighton,H,mgr:1a031e232e88,Régis Le Bris,4141,L,False,25.77181208053691,38,82.08955223880596,20,14.925373134328359,76.47058823529412,23,17.16417910447761,9,6.174496644295302,6,14,0,0.659083,33.167857142857144,4.761904761904762,4,5,46,28,0.0,39.130434782608695,42.85714285714285,0.04707735714285714,team_tactical_v1,OBSERVED_TACTICAL_FEATURE,False,67.89473684210526,73.94736842105263,84.07894736842105,67.63157894736842,57.10526315789474,91.71052631578948,82.89473684210526,69.60526315789474,46.973684210526315,79.73684210526316,24.736842105263158,67.63157894736842,25.394736842105264,16.05263157894737,55.921052631578945,15.789473684210526,4.2105263157894735,19.736842105263158,82.63157894736842,42.36842105263158
2526,understat:29077,2026-03-14,manchester_city,west_ham,A,mgr:26dfbbc164aa,Pep Guardiola,4132,D,False,30.85399449035813,69,76.22641509433963,33,12.452830188679245,60.0,29,10.943396226415095,17,5.785123966942149,18,24,1,1.9546,40.87894736842106,11.578947368421053,7,13,46,25,30.303030303030305,41.37931034482759,72.0,0.08144166666666666,team_tactical_v1,OBSERVED_TACTICAL_FEATURE,False,89.34210526315789,99.34210526315789,44.3421052631579,95.78947368421052,35.6578947368421,42.89473684210526,96.84210526315789,30.92105263157895,92.23684210526316,72.63157894736842,98.28947368421052,98.15789473684211,58.55263157894737,71.1842105263158,95.26315789473684,76.1842105263158,25.13157894736842,93.02631578947368,82.63157894736842,31.57894736842105
2526,understat:29077,2026-03-14,west_ham,manchester_city,H,mgr:b68b19e445ac,Nuno Herlander Simões Espírito Santo,3421,D,False,10.35598705501618,10,92.3076923076923,6,15.384615384615385,50.0,7,17.94871794871795,3,1.4563106796116505,1,1,1,0.488982,26.4155737704918,3.278688524590164,15,12,36,25,16.666666666666668,71.42857142857143,28.0,0.488982,team_tactical_v1,OBSERVED_TACTICAL_FEATURE,False,0.6578947368421053,1.0526315789473684,99.73684210526316,2.6315789473684212,61.44736842105263,13.947368421052632,2.763157894736842,72.5,4.2105263157894735,0.5263157894736842,0.39473684210526316,0.13157894736842105,58.55263157894737,9.605263157894736,10.131578947368421,7.894736842105263,93.42105263157895,89.21052631578948,31.18421052631579,31.57894736842105
2526,understat:29072,2026-03-15,crystal_palace,leeds_united,H,mgr:1058459b93f2,Oliver Glasner,3421,D,False,25.93486127864897,38,68.30985915492958,21,14.788732394366198,61.111111111111114,14,9.859154929577464,11,5.790108564535585,6,12,0,0.525205,29.14953271028037,9.345794392523365,8,3,32,64,19.047619047619047,35.714285714285715,57.8125,0.04376708333333334,team_tactical_v1,OBSERVED_TACTICAL_FEATURE,False,68.94736842105263,73.94736842105263,6.842105263157895,72.23684210526316,55.921052631578945,45.6578947368421,31.31578947368421,21.842105263157894,65.26315789473684,72.76315789473684,24.736842105263158,51.8421052631579,25.394736842105264,11.31578947368421,23.55263157894737,57.89473684210526,37.63157894736842,6.315789473684211,14.342105263157896,99.47368421052632
2526,understat:29072,2026-03-15,leeds_united,crystal_palace,A,mgr:fa5d385e34dc,Daniel Farke,3412,D,True,23.1433506044905,17,73.80952380952381,14,16.666666666666668,64.28571428571429,11,13.095238095238095,12,5.526770293609672,5,10,0,1.13558,25.918803418803414,5.128205128205129,8,6,30,64,28.571428571428573,36.36363636363637,42.1875,0.113558,team_tactical_v1,OBSERVED_TACTICAL_FEATURE,False,51.578947368421055,8.026315789473685,27.894736842105264,36.31578947368421,73.15789473684211,59.3421052631579,15.657894736842104,46.973684210526315,72.5,67.63157894736842,19.473684210526315,35.13157894736842,25.394736842105264,36.8421052631579,7.631578947368421,19.342105263157894,37.63157894736842,31.57894736842105,7.7631578947368425,99.47368421052632
2526,understat:29073,2026-03-15,liverpool,tottenham_hotspur,H,mgr:328a5fafed26,Arne Slot,4231,D,False,31.58494868871152,47,68.4931506849315,20,9.132420091324201,67.85714285714286,24,10.95890410958904,15,6.61345496009122,12,17,1,1.30076,40.45979381443299,15.463917525773196,8,11,50,20,15.0,50.0,65.0,0.07651529411764706,team_tactical_v1,OBSERVED_TACTICAL_FEATURE,False,91.1842105263158,87.5,7.105263157894737,67.63157894736842,12.5,71.71052631578948,84.86842105263158,31.05263157894737,87.5,85.65789473684211,82.5,85.92105263157895,58.55263157894737,44.73684210526316,93.94736842105263,91.3157894736842,37.63157894736842,84.07894736842105,92.63157894736842,13.947368421052632
2526,understat:29073,2026-03-15,tottenham_hotspur,liverpool,A,mgr:e99dd67f9cac,Igor Tudor,442,D,False,21.19815668202765,19,69.47368421052632,12,12.631578947368421,61.904761904761905,17,17.894736842105264,6,3.840245775729647,9,13,1,1.15636,30.30079365079365,7.936507936507937,11,12,46,20,33.333333333333336,70.58823529411765,35.0,0.08895076923076924,team_tactical_v1,OBSERVED_TACTICAL_FEATURE,False,38.421052631578945,11.842105263157896,9.868421052631579,23.94736842105263,37.36842105263158,49.473684210526315,50.13157894736842,72.23684210526316,20.789473684210527,25.0,57.76315789473684,58.421052631578945,58.55263157894737,37.76315789473684,33.55263157894737,46.31578947368421,69.86842105263158,89.21052631578948,82.63157894736842,13.947368421052632
2526,understat:29074,2026-03-15,aston_villa,manchester_united,A,mgr:dcdf2dffc0c2,Unai Emery,4231,L,False,26.38888888888889,30,75.51020408163265,17,11.564625850340136,62.5,15,10.204081632653061,10,5.972222222222222,7,9,1,1.21071,29.798019801980203,8.910891089108912,10,8,39,21,35.294117647058826,33.333333333333336,38.095238095238095,0.13452333333333333,team_tactical_v1,OBSERVED_TACTICAL_FEATURE,False,71.1842105263158,51.31578947368421,38.68421052631579,51.973684210526315,27.894736842105264,51.973684210526315,36.8421052631579,24.736842105263158,56.44736842105263,76.1842105263158,35.6578947368421,27.63157894736842,58.55263157894737,40.0,27.763157894736842,54.21052631578947,60.921052631578945,55.39473684210526,46.71052631578947,17.63157894736842
2526,understat:29074,2026-03-15,manchester_united,aston_villa,H,mgr:3aa905054daf,Michael Carrick,4231,W,False,25.97577388963661,36,78.06451612903226,21,13.548387096774194,56.52173913043478,11,7.096774193548387,8,4.037685060565276,13,16,3,1.67823,30.98712871287129,7.920792079207921,9,12,44,21,9.523809523809524,36.36363636363637,61.90476190476191,0.104889375,team_tactical_v1,OBSERVED_TACTICAL_FEATURE,False,69.07894736842105,70.39473684210526,58.421052631578945,72.23684210526316,46.8421052631579,30.263157894736842,15.657894736842104,6.578947368421052,36.44736842105263,30.92105263157895,87.36842105263158,80.92105263157895,96.05263157894737,61.578947368421055,39.86842105263158,46.18421052631579,49.3421052631579,89.21052631578948,73.02631578947368,17.63157894736842
2526,understat:29075,2026-03-15,fulham,nottingham_forest,A,mgr:d242da40969a,Marco Alexandre Saraiva da Silva,4231,D,False,20.078226857887877,40,87.61061946902655,18,15.929203539823009,55.55555555555556,14,12.389380530973451,6,2.7379400260756195,3,6,0,0.933988,33.91359223300971,13.592233009708737,10,10,43,27,16.666666666666668,57.142857142857146,48.14814814814815,0.15566466666666667,team_tactical_v1,OBSERVED_TACTICAL_FEATURE,False,29.473684210526315,78.02631578947368,97.76315789473684,57.89473684210526,66.1842105263158,26.973684210526315,31.31578947368421,42.5,20.789473684210527,7.105263157894737,5.131578947368421,10.394736842105264,25.394736842105264,27.63157894736842,62.36842105263158,86.05263157894737,60.921052631578945,78.28947368421052,66.71052631578948,38.68421052631579
2526,understat:29075,2026-03-15,nottingham_forest,fulham,H,mgr:807de4c745b0,Vítor Manuel de Oliveira Lopes Pereira,4231,D,False,21.84873949579832,27,84.68468468468468,14,12.612612612612613,56.25,25,22.52252252252252,6,3.92156862745098,9,11,0,0.821011,32.88383838383838,8.080808080808081,7,7,47,27,21.428571428571427,40.0,51.851851851851855,0.07463736363636364,team_tactical_v1,OBSERVED_TACTICAL_FEATURE,False,42.63157894736842,37.10526315789474,93.6842105263158,36.31578947368421,36.578947368421055,29.605263157894736,89.21052631578948,87.10526315789474,20.789473684210527,27.763157894736842,57.76315789473684,44.3421052631579,25.394736842105264,23.42105263157895,53.94736842105263,48.68421052631579,25.13157894736842,44.21052631578947,86.44736842105263,38.68421052631579
2526,understat:29069,2026-03-16,brentford,wolverhampton_wanderers,H,mgr:5f487ee40c90,Keith Andrews,4141,D,False,20.13888888888889,29,73.33333333333333,14,13.333333333333334,68.42105263157895,11,10.476190476190476,12,4.166666666666667,9,10,2,2.7966,34.78073394495413,10.091743119266056,10,11,46,30,50.0,27.272727272727277,66.66666666666667,0.27966,team_tactical_v1,OBSERVED_TACTICAL_FEATURE,False,30.526315789473685,46.71052631578947,25.92105263157895,36.31578947368421,44.86842105263158,74.21052631578948,15.657894736842104,26.842105263157894,72.5,33.55263157894737,57.76315789473684,35.13157894736842,83.15789473684211,91.57894736842105,68.6842105263158,64.07894736842105,60.921052631578945,84.07894736842105,82.63157894736842,48.68421052631579
2526,understat:29069,2026-03-16,wolverhampton_wanderers,brentford,A,mgr:434bf1b2b6dc,Rob Edwards,3421,D,False,21.786197564276048,31,72.41379310344827,27,23.275862068965516,61.904761904761905,18,15.517241379310345,14,5.142083897158322,11,13,2,1.80044,35.6090909090909,11.363636363636363,7,8,39,30,25.925925925925927,33.333333333333336,33.333333333333336,0.13849538461538463,team_tactical_v1,OBSERVED_TACTICAL_FEATURE,False,42.23684210526316,55.13157894736842,21.18421052631579,89.86842105263158,98.42105263157895,49.473684210526315,56.71052631578947,61.44736842105263,84.07894736842105,57.10526315789474,75.26315789473684,58.421052631578945,83.15789473684211,66.3157894736842,75.0,74.47368421052632,25.13157894736842,55.39473684210526,46.71052631578947,48.68421052631579
2526,understat:29078,2026-03-20,bournemouth,manchester_united,H,mgr:b4b8eecb310f,Andoni Iraola,4231,D,False,27.283653846153847,53,77.71084337349397,22,13.25301204819277,61.904761904761905,16,9.63855421686747,10,5.048076923076923,10,17,3,1.76664,38.0561403508772,14.035087719298245,8,9,57,32,9.090909090909092,43.75,40.625,0.10392,team_tactical_v1,OBSERVED_TACTICAL_FEATURE,False,76.05263157894737,93.94736842105263,56.18421052631579,76.71052631578948,44.21052631578947,49.473684210526315,44.3421052631579,19.86842105263158,56.44736842105263,54.3421052631579,68.28947368421052,85.92105263157895,96.05263157894737,65.52631578947368,87.5,87.76315789473684,37.63157894736842,68.02631578947368,99.21052631578948,55.78947368421053
2526,understat:29078,2026-03-20,manchester_united,bournemouth,A,mgr:3aa905054daf,Michael Carrick,4231,D,True,21.24137931034483,28,75.0,15,12.931034482758621,56.0,12,10.344827586206897,9,5.655172413793103,11,14,1,1.74574,28.802702702702707,2.7027027027027026,10,12,44,32,20.0,25.0,59.375,0.12469571428571428,team_tactical_v1,OBSERVED_TACTICAL_FEATURE,False,39.078947368421055,41.973684210526315,36.18421052631579,41.71052631578947,40.526315789473685,28.026315789473685,21.31578947368421,25.657894736842106,46.973684210526315,70.0,75.26315789473684,67.63157894736842,58.55263157894737,64.47368421052632,20.526315789473685,5.394736842105263,60.921052631578945,89.21052631578948,73.02631578947368,55.78947368421053
2526,understat:29080,2026-03-21,brighton,liverpool,H,mgr:dfda8206a0e2,Fabian Hürzeler,4231,W,False,28.36676217765043,40,77.6978417266187,16,11.510791366906474,75.0,18,12.949640287769784,9,4.871060171919771,10,16,2,3.42956,36.76451612903226,18.27956989247312,6,7,37,18,37.5,33.333333333333336,44.44444444444444,0.2143475,team_tactical_v1,OBSERVED_TACTICAL_FEATURE,False,81.44736842105263,78.02631578947368,55.921052631578945,46.973684210526315,27.763157894736842,90.78947368421052,56.71052631578947,46.18421052631579,46.973684210526315,49.86842105263158,68.28947368421052,80.92105263157895,83.15789473684211,96.71052631578948,81.44736842105263,96.1842105263158,15.657894736842104,44.21052631578947,35.13157894736842,10.263157894736842
2526,understat:29080,2026-03-21,liverpool,brighton,A,mgr:328a5fafed26,Arne Slot,41212,L,False,26.4,27,73.50993377483444,18,11.920529801324504,56.25,25,16.556291390728475,14,5.466666666666667,8,12,1,0.956801,28.151000000000003,9.0,6,12,36,18,27.77777777777778,40.0,55.55555555555556,0.07973341666666667,team_tactical_v1,OBSERVED_TACTICAL_FEATURE,False,71.3157894736842,37.10526315789474,26.31578947368421,57.89473684210526,31.44736842105263,29.605263157894736,89.21052631578948,67.10526315789474,84.07894736842105,66.1842105263158,46.31578947368421,51.8421052631579,58.55263157894737,29.07894736842105,17.63157894736842,55.13157894736842,15.657894736842104,89.21052631578948,31.18421052631579,10.263157894736842
2526,understat:29081,2026-03-21,chelsea,everton,A,mgr:4fed4e69ba04,Liam Rosenior,4231,L,False,27.530364372469634,52,75.44642857142857,24,10.714285714285714,63.1578947368421,19,8.482142857142858,8,4.554655870445344,8,12,0,1.35143,33.8436170212766,10.638297872340425,7,7,41,27,4.166666666666667,47.36842105263158,51.851851851851855,0.11261916666666666,team_tactical_v1,OBSERVED_TACTICAL_FEATURE,False,77.10526315789474,92.89473684210526,38.28947368421053,81.84210526315789,21.57894736842105,54.078947368421055,63.55263157894737,12.763157894736842,36.44736842105263,42.5,46.31578947368421,51.8421052631579,25.394736842105264,47.63157894736842,61.31578947368421,69.21052631578948,25.13157894736842,44.21052631578947,57.89473684210526,38.68421052631579
2526,understat:29081,2026-03-21,everton,chelsea,H,mgr:84316c036a2d,David Moyes,4231,W,False,23.40116279069768,27,83.33333333333333,18,15.789473684210526,57.142857142857146,15,13.157894736842104,13,5.668604651162791,9,10,3,1.44532,26.46293103448276,7.758620689655173,11,7,44,27,33.333333333333336,53.333333333333336,48.14814814814815,0.144532,team_tactical_v1,OBSERVED_TACTICAL_FEATURE,False,53.1578947368421,37.10526315789474,88.8157894736842,57.89473684210526,65.13157894736842,33.81578947368421,36.8421052631579,47.23684210526316,77.76315789473684,70.13157894736842,57.76315789473684,35.13157894736842,96.05263157894737,52.76315789473684,10.263157894736842,44.60526315789474,69.86842105263158,44.21052631578947,73.02631578947368,38.68421052631579
2526,understat:29082,2026-03-21,burnley,fulham,A,mgr:c49e040048ca,Scott Parker,4231,L,True,21.06741573033708,30,88.46153846153847,18,17.307692307692307,42.857142857142854,9,8.653846153846153,10,3.792134831460674,9,9,1,1.92556,28.66530612244898,9.183673469387756,6,7,41,32,22.22222222222222,33.333333333333336,40.625,0.2139511111111111,team_tactical_v1,OBSERVED_TACTICAL_FEATURE,False,37.76315789473684,51.31578947368421,99.34210526315789,57.89473684210526,76.84210526315789,3.9473684210526314,6.578947368421052,13.81578947368421,56.44736842105263,24.342105263157894,57.76315789473684,27.63157894736842,58.55263157894737,70.39473684210526,20.13157894736842,56.05263157894737,15.657894736842104,44.21052631578947,57.89473684210526,55.78947368421053
2526,understat:29082,2026-03-21,fulham,burnley,H,mgr:d242da40969a,Marco Alexandre Saraiva da Silva,4231,W,False,25.24390243902439,46,66.66666666666667,22,12.865497076023392,70.58823529411765,9,5.2631578947368425,18,6.219512195121951,16,22,3,3.48438,30.521153846153844,5.769230769230769,13,6,51,32,22.727272727272727,33.333333333333336,59.375,0.15838090909090907,team_tactical_v1,OBSERVED_TACTICAL_FEATURE,False,65.65789473684211,86.97368421052632,5.0,76.71052631578948,39.73684210526316,78.94736842105263,6.578947368421052,1.1842105263157894,93.94736842105263,80.52631578947368,95.52631578947368,97.10526315789474,96.05263157894737,97.10526315789474,36.44736842105263,24.07894736842105,84.34210526315789,31.57894736842105,93.8157894736842,55.78947368421053
2526,understat:29083,2026-03-21,brentford,leeds_united,A,mgr:5f487ee40c90,Keith Andrews,532,D,False,17.54385964912281,19,79.72972972972973,13,17.56756756756757,50.0,18,24.324324324324323,8,4.318488529014845,4,6,0,0.302221,29.485950413223144,11.570247933884298,8,7,46,80,38.46153846153846,38.888888888888886,51.25,0.05037016666666667,team_tactical_v1,OBSERVED_TACTICAL_FEATURE,False,12.368421052631579,11.842105263157896,69.34210526315789,30.13157894736842,78.02631578947368,13.947368421052632,56.71052631578947,90.65789473684211,36.44736842105263,36.71052631578947,12.763157894736842,10.394736842105264,25.394736842105264,3.6842105263157894,26.842105263157894,75.78947368421052,37.63157894736842,44.21052631578947,82.63157894736842,100.0
2526,understat:29083,2026-03-21,leeds_united,brentford,H,mgr:fa5d385e34dc,Daniel Farke,3412,D,False,29.19540229885057,34,73.74301675977654,32,17.877094972067038,60.0,13,7.262569832402234,14,6.551724137931035,11,14,0,0.417296,35.71769911504425,11.504424778761061,6,8,42,80,15.625,38.46153846153846,48.75,0.029806857142857142,team_tactical_v1,OBSERVED_TACTICAL_FEATURE,False,84.73684210526316,65.52631578947368,27.63157894736842,95.13157894736842,79.07894736842105,42.89473684210526,26.05263157894737,7.2368421052631575,84.07894736842105,84.86842105263158,75.26315789473684,67.63157894736842,25.394736842105264,7.105263157894737,75.52631578947368,75.52631578947368,15.657894736842104,55.39473684210526,61.578947368421055,100.0
2526,understat:29079,2026-03-22,aston_villa,west_ham,H,mgr:dcdf2dffc0c2,Unai Emery,4231,W,False,27.88339670468948,49,72.67441860465117,17,9.883720930232558,60.0,12,6.976744186046512,14,6.210392902408112,17,23,2,2.48528,34.48831168831168,10.38961038961039,13,4,32,28,29.41176470588235,50.0,50.0,0.10805565217391304,team_tactical_v1,OBSERVED_TACTICAL_FEATURE,False,79.73684210526316,90.0,22.63157894736842,51.973684210526315,16.710526315789473,42.89473684210526,21.31578947368421,5.657894736842105,84.07894736842105,80.39473684210526,96.97368421052632,97.63157894736842,83.15789473684211,86.84210526315789,66.3157894736842,67.10526315789474,84.34210526315789,12.368421052631579,14.342105263157896,42.36842105263158
2526,understat:29079,2026-03-22,west_ham,aston_villa,A,mgr:b68b19e445ac,Nuno Herlander Simões Espírito Santo,433,L,False,20.16260162601626,22,84.88372093023256,19,22.093023255813954,43.75,16,18.6046511627907,14,5.203252032520325,7,9,0,0.760054,33.35853658536586,10.975609756097562,8,10,30,28,31.57894736842105,56.25,50.0,0.08445044444444444,team_tactical_v1,OBSERVED_TACTICAL_FEATURE,False,30.92105263157895,18.42105263157895,94.34210526315789,62.10526315789474,95.92105263157895,4.605263157894737,44.3421052631579,75.92105263157895,84.07894736842105,59.3421052631579,35.6578947368421,27.63157894736842,25.394736842105264,21.05263157894737,57.63157894736842,71.71052631578948,37.63157894736842,78.28947368421052,7.7631578947368425,42.36842105263158
2526,understat:29085,2026-03-22,newcastle_united,sunderland,H,mgr:65451ab24622,Eddie Howe,4231,L,False,23.73113854595336,24,73.17073170731707,23,18.69918699186992,53.84615384615385,17,13.821138211382113,15,5.212620027434842,12,16,1,1.26705,30.913592233009712,6.796116504854369,9,6,41,29,30.43478260869565,23.529411764705884,58.62068965517241,0.079190625,team_tactical_v1,OBSERVED_TACTICAL_FEATURE,False,55.39473684210526,26.05263157894737,25.263157894736842,79.60526315789474,83.94736842105263,19.736842105263158,50.13157894736842,51.578947368421055,87.5,59.73684210526316,82.5,80.92105263157895,58.55263157894737,42.63157894736842,39.473684210526315,35.0,49.3421052631579,31.57894736842105,57.89473684210526,45.526315789473685
2526,understat:29085,2026-03-22,sunderland,newcastle_united,A,mgr:1a031e232e88,Régis Le Bris,4141,W,False,27.112676056338028,17,63.716814159292035,23,20.353982300884955,70.83333333333333,14,12.389380530973451,15,7.21830985915493,10,17,2,2.66657,31.367647058823525,6.862745098039215,14,4,35,29,26.08695652173913,35.714285714285715,41.37931034482759,0.1568570588235294,team_tactical_v1,OBSERVED_TACTICAL_FEATURE,False,75.39473684210526,8.026315789473685,1.7105263157894737,79.60526315789474,90.65789473684211,79.60526315789474,31.31578947368421,42.5,87.5,91.84210526315789,68.28947368421052,85.92105263157895,83.15789473684211,90.13157894736842,43.026315789473685,36.44736842105263,90.13157894736842,12.368421052631579,26.57894736842105,45.526315789473685
2526,understat:29086,2026-03-22,nottingham_forest,tottenham_hotspur,A,mgr:807de4c745b0,Vítor Manuel de Oliveira Lopes Pereira,4231,W,False,18.08823529411765,18,84.33734939759036,11,13.25301204819277,53.333333333333336,18,21.686746987951807,9,3.823529411764706,7,8,3,1.54408,26.35652173913044,7.826086956521739,14,9,35,45,27.272727272727277,33.333333333333336,37.77777777777778,0.19301,team_tactical_v1,OBSERVED_TACTICAL_FEATURE,False,15.789473684210526,10.131578947368421,92.10526315789474,18.94736842105263,44.21052631578947,17.894736842105264,56.71052631578947,84.60526315789474,46.973684210526315,24.86842105263158,35.6578947368421,20.92105263157895,96.05263157894737,56.44736842105263,9.736842105263158,45.0,90.13157894736842,68.02631578947368,26.57894736842105,88.42105263157895
2526,understat:29086,2026-03-22,tottenham_hotspur,nottingham_forest,H,mgr:e99dd67f9cac,Igor Tudor,442,L,False,28.95705521472393,32,70.17543859649123,31,18.128654970760234,63.63636363636363,28,16.374269005847953,11,6.503067484662576,10,14,0,1.6189,40.01363636363636,11.363636363636363,11,7,39,45,19.35483870967742,46.42857142857143,62.22222222222222,0.11563571428571429,team_tactical_v1,OBSERVED_TACTICAL_FEATURE,False,84.07894736842105,59.3421052631579,11.973684210526315,94.47368421052632,81.3157894736842,56.71052631578947,95.52631578947368,65.39473684210526,65.26315789473684,84.47368421052632,68.28947368421052,67.63157894736842,25.394736842105264,59.3421052631579,93.02631578947368,74.47368421052632,69.86842105263158,44.21052631578947,46.71052631578947,88.42105263157895
2526,understat:29091,2026-04-10,west_ham,wolverhampton_wanderers,H,mgr:b68b19e445ac,Nuno Herlander Simões Espírito Santo,4411,W,False,19.969742813918305,30,76.53061224489795,17,17.346938775510203,57.142857142857146,15,15.306122448979592,9,5.295007564296521,16,18,4,2.54379,32.849000000000004,8.0,9,5,43,25,23.529411764705884,33.333333333333336,56.0,0.14132166666666668,team_tactical_v1,OBSERVED_TACTICAL_FEATURE,False,27.894736842105264,51.31578947368421,46.8421052631579,51.973684210526315,77.23684210526316,33.81578947368421,36.8421052631579,60.78947368421053,46.973684210526315,61.973684210526315,95.52631578947368,89.86842105263158,99.34210526315789,88.28947368421052,53.68421052631579,47.63157894736842,49.3421052631579,19.736842105263158,66.71052631578948,31.57894736842105
2526,understat:29091,2026-04-10,wolverhampton_wanderers,west_ham,A,mgr:434bf1b2b6dc,Rob Edwards,3511,L,False,21.51238591916558,25,75.40983606557377,17,13.934426229508198,54.54545454545455,23,18.852459016393443,12,4.432855280312907,8,14,0,0.571967,34.752272727272725,10.227272727272727,10,8,38,25,17.647058823529413,43.47826086956522,44.0,0.04085478571428571,team_tactical_v1,OBSERVED_TACTICAL_FEATURE,False,40.6578947368421,28.42105263157895,37.89473684210526,51.973684210526315,50.13157894736842,23.42105263157895,82.89473684210526,76.71052631578948,72.5,38.68421052631579,46.31578947368421,67.63157894736842,25.394736842105264,12.5,68.15789473684211,65.78947368421052,60.921052631578945,55.39473684210526,40.13157894736842,31.57894736842105
2526,understat:29092,2026-04-11,arsenal,bournemouth,H,mgr:5fdd2f365fdc,Mikel Arteta,4231,L,False,28.176795580110497,28,75.86206896551724,22,15.172413793103448,70.83333333333333,21,14.482758620689655,11,6.767955801104972,9,15,1,3.16346,36.31136363636364,7.954545454545454,11,7,31,32,22.727272727272727,42.85714285714285,40.625,0.21089733333333335,team_tactical_v1,OBSERVED_TACTICAL_FEATURE,False,80.65789473684211,41.973684210526315,41.44736842105263,76.71052631578948,59.73684210526316,79.60526315789474,74.21052631578948,54.73684210526316,65.26315789473684,87.23684210526316,57.76315789473684,74.73684210526316,58.55263157894737,94.86842105263158,78.8157894736842,46.973684210526315,69.86842105263158,44.21052631578947,11.18421052631579,55.78947368421053
2526,understat:29092,2026-04-11,bournemouth,arsenal,A,mgr:b4b8eecb310f,Andoni Iraola,4231,W,False,18.47041847041847,27,72.8395061728395,8,9.876543209876543,63.63636363636363,19,23.45679012345679,7,3.318903318903319,5,8,2,1.39461,33.35283018867925,10.377358490566039,11,9,41,32,12.5,42.10526315789474,59.375,0.17432625,team_tactical_v1,OBSERVED_TACTICAL_FEATURE,False,19.210526315789473,37.10526315789474,23.68421052631579,7.2368421052631575,16.57894736842105,56.71052631578947,63.55263157894737,89.21052631578948,29.07894736842105,14.210526315789474,19.473684210526315,20.92105263157895,83.15789473684211,50.26315789473684,57.5,66.97368421052632,69.86842105263158,68.02631578947368,57.89473684210526,55.78947368421053
2526,understat:29093,2026-04-11,brentford,everton,H,mgr:5f487ee40c90,Keith Andrews,4231,D,False,22.62958280657396,43,77.86259541984732,22,16.793893129770993,66.66666666666667,22,16.793893129770993,11,5.815423514538558,12,17,2,2.26302,30.242727272727272,6.363636363636363,8,8,52,33,40.90909090909091,36.36363636363637,48.48484848484848,0.13311882352941176,team_tactical_v1,OBSERVED_TACTICAL_FEATURE,False,48.026315789473685,82.36842105263158,57.63157894736842,76.71052631578948,73.55263157894737,70.92105263157895,78.8157894736842,68.15789473684211,65.26315789473684,73.42105263157895,82.5,85.92105263157895,83.15789473684211,80.13157894736842,32.63157894736842,30.92105263157895,37.63157894736842,55.39473684210526,95.0,59.21052631578947
2526,understat:29093,2026-04-11,everton,brentford,A,mgr:84316c036a2d,David Moyes,4231,D,False,25.360230547550437,27,81.30081300813008,20,16.260162601626018,61.904761904761905,7,5.691056910569106,6,4.755043227665706,10,14,2,1.57033,33.41260504201681,11.764705882352942,9,7,45,33,10.0,28.571428571428573,51.51515151515152,0.11216642857142857,team_tactical_v1,OBSERVED_TACTICAL_FEATURE,False,65.92105263157895,37.10526315789474,79.86842105263158,67.63157894736842,68.6842105263158,49.473684210526315,2.763157894736842,2.1052631578947367,20.789473684210527,47.36842105263158,68.28947368421052,67.63157894736842,83.15789473684211,58.28947368421053,58.026315789473685,77.36842105263158,49.3421052631579,44.21052631578947,77.23684210526316,59.21052631578947
2526,understat:29094,2026-04-11,brighton,burnley,A,mgr:dfda8206a0e2,Fabian Hürzeler,4231,W,False,22.249690976514216,29,75.20661157024793,16,13.223140495867769,66.66666666666667,14,11.570247933884298,14,5.80964153275649,12,13,2,1.07182,37.51678832116788,11.678832116788321,19,18,56,21,50.0,50.0,42.85714285714285,0.0824476923076923,team_tactical_v1,OBSERVED_TACTICAL_FEATURE,False,45.6578947368421,46.71052631578947,36.44736842105263,46.973684210526315,43.68421052631579,70.92105263157895,31.31578947368421,35.921052631578945,84.07894736842105,73.28947368421052,82.5,58.421052631578945,83.15789473684211,34.3421052631579,85.13157894736842,76.84210526315789,99.47368421052632,99.47368421052632,98.42105263157895,17.63157894736842
2526,understat:29094,2026-04-11,burnley,brighton,H,mgr:c49e040048ca,Scott Parker,4231,L,False,19.925742574257427,35,83.89830508474576,22,18.64406779661017,55.55555555555556,29,24.576271186440678,8,3.4653465346534653,9,10,0,0.812029,29.208163265306123,5.1020408163265305,6,10,47,21,27.272727272727277,41.37931034482759,57.142857142857146,0.0812029,team_tactical_v1,OBSERVED_TACTICAL_FEATURE,False,27.105263157894736,67.89473684210526,90.78947368421052,76.71052631578948,83.6842105263158,26.973684210526315,96.84210526315789,90.92105263157895,36.44736842105263,17.63157894736842,57.76315789473684,35.13157894736842,25.394736842105264,22.763157894736842,23.94736842105263,18.81578947368421,15.657894736842104,78.28947368421052,86.44736842105263,17.63157894736842
2526,understat:29097,2026-04-11,fulham,liverpool,A,mgr:d242da40969a,Marco Alexandre Saraiva da Silva,4231,L,False,27.058823529411764,32,76.47058823529412,30,19.607843137254903,60.60606060606061,17,11.11111111111111,14,7.189542483660131,16,19,0,1.42024,29.34074074074074,9.25925925925926,11,15,34,21,36.66666666666666,35.294117647058826,61.90476190476191,0.07474947368421052,team_tactical_v1,OBSERVED_TACTICAL_FEATURE,False,74.86842105263158,59.3421052631579,46.71052631578947,93.55263157894737,88.15789473684211,43.421052631578945,50.13157894736842,32.89473684210526,84.07894736842105,91.57894736842105,95.52631578947368,91.57894736842105,25.394736842105264,51.578947368421055,24.736842105263158,56.973684210526315,69.86842105263158,96.1842105263158,22.36842105263158,17.63157894736842
2526,understat:29097,2026-04-11,liverpool,fulham,H,mgr:328a5fafed26,Arne Slot,4231,W,False,30.277442702050664,32,84.6938775510204,17,8.673469387755102,40.0,16,8.16326530612245,17,7.237635705669481,15,18,2,2.01499,33.49693877551021,14.285714285714286,11,7,37,21,11.764705882352942,31.25,38.095238095238095,0.1119438888888889,team_tactical_v1,OBSERVED_TACTICAL_FEATURE,False,88.15789473684211,59.3421052631579,93.8157894736842,51.973684210526315,10.657894736842104,3.289473684210526,44.3421052631579,11.447368421052632,92.23684210526316,92.10526315789474,93.15789473684211,89.86842105263158,83.15789473684211,73.15789473684211,59.3421052631579,89.07894736842105,69.86842105263158,44.21052631578947,35.13157894736842,17.63157894736842
2526,understat:29089,2026-04-12,aston_villa,nottingham_forest,A,mgr:dcdf2dffc0c2,Unai Emery,4231,D,False,22.12389380530973,39,74.82014388489209,14,10.071942446043165,61.904761904761905,17,12.23021582733813,13,4.04551201011378,10,12,0,1.36297,32.538271604938274,9.876543209876543,6,8,36,23,21.428571428571427,58.8235294117647,34.78260869565217,0.11358083333333334,team_tactical_v1,OBSERVED_TACTICAL_FEATURE,False,44.60526315789474,76.44736842105263,35.39473684210526,36.31578947368421,18.026315789473685,49.473684210526315,50.13157894736842,40.921052631578945,77.76315789473684,31.31578947368421,68.28947368421052,51.8421052631579,25.394736842105264,48.421052631578945,52.5,62.76315789473684,15.657894736842104,55.39473684210526,31.18421052631579,23.94736842105263
2526,understat:29089,2026-04-12,nottingham_forest,aston_villa,H,mgr:807de4c745b0,Vítor Manuel de Oliveira Lopes Pereira,4231,D,False,30.44871794871795,23,76.61290322580645,22,17.741935483870968,36.0,14,11.290322580645162,9,8.012820512820513,12,16,2,0.85045,37.56739130434783,20.652173913043477,12,9,38,23,27.272727272727277,35.714285714285715,65.21739130434783,0.053153125,team_tactical_v1,OBSERVED_TACTICAL_FEATURE,False,88.6842105263158,22.763157894736842,47.5,76.71052631578948,78.42105263157895,1.3157894736842106,31.31578947368421,33.68421052631579,46.973684210526315,96.57894736842105,82.5,80.92105263157895,83.15789473684211,24.736842105263158,85.52631578947368,98.28947368421052,77.36842105263158,68.02631578947368,40.13157894736842,23.94736842105263
2526,understat:29090,2026-04-12,sunderland,tottenham_hotspur,H,mgr:1a031e232e88,Régis Le Bris,4231,W,False,23.760932944606413,39,78.15126050420169,18,15.126050420168067,66.66666666666667,14,11.764705882352942,11,3.7900874635568513,8,13,1,1.77584,34.6989898989899,12.121212121212121,13,9,38,21,33.333333333333336,57.142857142857146,28.571428571428573,0.13660307692307694,team_tactical_v1,OBSERVED_TACTICAL_FEATURE,False,55.78947368421053,76.44736842105263,58.81578947368421,57.89473684210526,59.21052631578947,70.92105263157895,31.31578947368421,38.28947368421053,65.26315789473684,24.210526315789473,46.31578947368421,58.421052631578945,58.55263157894737,65.65789473684211,67.63157894736842,78.6842105263158,84.34210526315789,68.02631578947368,40.13157894736842,17.63157894736842
2526,understat:29090,2026-04-12,tottenham_hotspur,sunderland,A,mgr:b283d24885e5,Roberto De Zerbi,4231,L,False,20.353982300884955,22,81.52173913043478,24,26.08695652173913,38.888888888888886,23,25.0,13,5.162241887905605,9,11,0,1.01598,30.15777777777777,6.666666666666667,5,8,34,21,33.333333333333336,21.73913043478261,71.42857142857143,0.0923618181818182,team_tactical_v1,OBSERVED_TACTICAL_FEATURE,False,32.63157894736842,18.42105263157895,80.78947368421052,81.84210526315789,99.60526315789474,2.5,82.89473684210526,91.84210526315789,77.76315789473684,57.89473684210526,57.76315789473684,44.3421052631579,25.394736842105264,31.842105263157894,31.57894736842105,34.078947368421055,7.631578947368421,55.39473684210526,22.36842105263158,17.63157894736842
2526,understat:29095,2026-04-12,chelsea,manchester_city,H,mgr:4fed4e69ba04,Liam Rosenior,4231,L,False,20.05610098176718,25,70.1923076923077,9,8.653846153846153,61.904761904761905,23,22.115384615384617,9,2.945301542776998,10,12,0,1.22108,28.744565217391308,9.782608695652174,10,5,37,11,44.44444444444444,30.43478260869565,18.181818181818183,0.10175666666666666,team_tactical_v1,OBSERVED_TACTICAL_FEATURE,False,28.94736842105263,28.42105263157895,12.236842105263158,10.394736842105264,10.526315789473685,49.473684210526315,82.89473684210526,86.05263157894737,46.973684210526315,9.078947368421053,68.28947368421052,51.8421052631579,25.394736842105264,40.526315789473685,20.263157894736842,62.10526315789474,60.921052631578945,19.736842105263158,35.13157894736842,1.3157894736842106
2526,understat:29095,2026-04-12,manchester_city,chelsea,A,mgr:26dfbbc164aa,Pep Guardiola,4231,W,False,33.601609657947684,61,82.18181818181819,22,8.0,62.06896551724138,29,10.545454545454545,18,6.438631790744467,14,18,3,2.40839,43.17362637362637,16.483516483516482,8,8,41,11,27.272727272727277,37.93103448275862,81.81818181818181,0.13379944444444444,team_tactical_v1,OBSERVED_TACTICAL_FEATURE,False,95.0,97.5,84.34210526315789,76.71052631578948,7.5,49.60526315789474,96.84210526315789,27.236842105263158,93.94736842105263,82.89473684210526,90.52631578947368,89.86842105263158,96.05263157894737,84.47368421052632,98.28947368421052,93.6842105263158,37.63157894736842,55.39473684210526,57.89473684210526,1.3157894736842106
2526,understat:29096,2026-04-12,crystal_palace,newcastle_united,H,mgr:1058459b93f2,Oliver Glasner,343,W,False,18.724559023066487,35,64.77272727272727,14,15.909090909090908,70.58823529411765,6,6.818181818181818,9,4.2062415196743554,6,11,2,3.13933,32.054966887417216,12.582781456953642,13,12,55,34,35.714285714285715,16.666666666666668,47.05882352941177,0.2853936363636364,team_tactical_v1,OBSERVED_TACTICAL_FEATURE,False,20.789473684210527,67.89473684210526,2.6315789473684212,36.31578947368421,65.92105263157895,78.94736842105263,1.4473684210526316,5.131578947368421,46.973684210526315,34.73684210526316,24.736842105263158,44.3421052631579,83.15789473684211,94.60526315789474,47.23684210526316,81.97368421052632,84.34210526315789,89.21052631578948,97.89473684210526,63.421052631578945
2526,understat:29096,2026-04-12,newcastle_united,crystal_palace,A,mgr:65451ab24622,Eddie Howe,433,L,False,24.530516431924884,33,84.31372549019608,20,13.071895424836601,60.0,19,12.418300653594772,6,3.051643192488263,4,7,1,1.27299,42.11149425287357,18.39080459770115,4,12,43,34,5.0,42.10526315789474,52.94117647058823,0.1818557142857143,team_tactical_v1,OBSERVED_TACTICAL_FEATURE,False,61.18421052631579,62.63157894736842,91.84210526315789,67.63157894736842,42.63157894736842,42.89473684210526,63.55263157894737,42.63157894736842,20.789473684210527,10.657894736842104,12.763157894736842,16.18421052631579,58.55263157894737,43.026315789473685,97.10526315789474,96.57894736842105,4.2105263157894735,89.21052631578948,66.71052631578948,63.421052631578945
2526,understat:29088,2026-04-13,leeds_united,manchester_united,A,mgr:fa5d385e34dc,Daniel Farke,3421,W,False,26.288659793814432,38,74.50980392156863,17,11.11111111111111,68.0,21,13.72549019607843,14,5.798969072164948,11,15,2,2.95118,29.42448979591837,9.183673469387756,8,7,36,36,47.05882352941177,42.85714285714285,36.11111111111112,0.19674533333333333,team_tactical_v1,OBSERVED_TACTICAL_FEATURE,False,70.52631578947368,73.94736842105263,33.1578947368421,51.973684210526315,23.55263157894737,72.5,74.21052631578948,50.26315789473684,84.07894736842105,73.02631578947368,75.26315789473684,74.73684210526316,83.15789473684211,92.89473684210526,26.05263157894737,56.05263157894737,37.63157894736842,44.21052631578947,31.18421052631579,70.78947368421052
2526,understat:29088,2026-04-13,manchester_united,leeds_united,H,mgr:3aa905054daf,Michael Carrick,4231,L,True,24.7285886610374,38,78.34394904458598,25,15.92356687898089,58.064516129032256,12,7.643312101910828,19,6.272617611580217,14,20,1,1.36555,31.02450980392157,6.862745098039215,13,15,37,36,24.0,58.333333333333336,63.888888888888886,0.0682775,team_tactical_v1,OBSERVED_TACTICAL_FEATURE,False,62.5,73.94736842105263,60.26315789473684,84.07894736842105,66.05263157894737,35.39473684210526,21.31578947368421,8.947368421052632,95.39473684210526,81.05263157894737,90.52631578947368,93.6842105263158,58.55263157894737,48.55263157894737,40.0,36.44736842105263,84.34210526315789,96.1842105263158,35.13157894736842,70.78947368421052
2526,understat:29099,2026-04-18,brentford,fulham,H,mgr:5f487ee40c90,Keith Andrews,4231,D,False,22.17327459618209,27,77.55102040816327,22,22.448979591836736,50.0,21,21.428571428571427,14,5.4331864904552125,13,13,0,2.33552,35.72676056338029,9.859154929577464,7,3,35,37,36.36363636363637,33.333333333333336,45.94594594594594,0.1796553846153846,team_tactical_v1,OBSERVED_TACTICAL_FEATURE,False,44.86842105263158,37.10526315789474,54.60526315789474,76.71052631578948,96.71052631578948,13.947368421052632,74.21052631578948,83.8157894736842,84.07894736842105,65.0,87.36842105263158,58.421052631578945,25.394736842105264,82.89473684210526,75.65789473684211,62.23684210526316,25.13157894736842,6.315789473684211,26.57894736842105,73.94736842105263
2526,understat:29099,2026-04-18,fulham,brentford,A,mgr:d242da40969a,Marco Alexandre Saraiva da Silva,4231,D,False,16.36615811373093,21,73.6842105263158,13,13.68421052631579,75.0,11,11.578947368421053,12,3.7447988904299594,9,11,0,0.790707,28.2493670886076,2.5316455696202533,10,5,29,37,15.384615384615383,45.45454545454545,54.054054054054056,0.07188245454545455,team_tactical_v1,OBSERVED_TACTICAL_FEATURE,False,8.157894736842104,15.657894736842104,27.105263157894736,30.13157894736842,48.1578947368421,90.78947368421052,15.657894736842104,36.05263157894737,72.5,23.55263157894737,57.76315789473684,44.3421052631579,25.394736842105264,21.973684210526315,18.026315789473685,4.342105263157895,60.921052631578945,19.736842105263158,5.131578947368421,73.94736842105263
2526,understat:29100,2026-04-18,chelsea,manchester_united,H,mgr:4fed4e69ba04,Liam Rosenior,4231,L,False,27.045454545454547,52,71.66666666666667,28,15.555555555555555,72.22222222222223,12,6.666666666666667,20,6.25,16,21,0,1.28109,40.27272727272727,12.5,6,10,45,13,28.571428571428573,41.66666666666666,38.46153846153846,0.06100428571428572,team_tactical_v1,OBSERVED_TACTICAL_FEATURE,False,74.60526315789474,92.89473684210526,16.973684210526315,91.3157894736842,62.63157894736842,83.8157894736842,21.31578947368421,4.342105263157895,97.10526315789474,80.78947368421052,95.52631578947368,95.92105263157895,25.394736842105264,43.81578947368421,93.28947368421052,81.84210526315789,15.657894736842104,78.28947368421052,77.23684210526316,2.8947368421052633
2526,understat:29100,2026-04-18,manchester_united,chelsea,A,mgr:3aa905054daf,Michael Carrick,4231,W,False,15.229885057471265,24,72.09302325581395,11,12.790697674418604,71.42857142857143,10,11.627906976744185,4,1.867816091954023,4,4,1,0.436043,24.226373626373626,4.395604395604396,11,6,30,13,9.090909090909092,20.0,61.53846153846154,0.10901075,team_tactical_v1,OBSERVED_TACTICAL_FEATURE,False,5.0,26.05263157894737,19.473684210526315,18.94736842105263,38.68421052631579,81.97368421052632,11.447368421052632,36.44736842105263,8.157894736842104,1.4473684210526316,12.763157894736842,3.1578947368421053,58.55263157894737,8.157894736842104,2.8947368421052633,13.947368421052632,69.86842105263158,31.57894736842105,7.7631578947368425,2.8947368421052633
2526,understat:29103,2026-04-18,leeds_united,wolverhampton_wanderers,H,mgr:fa5d385e34dc,Daniel Farke,3421,W,False,19.949494949494948,26,72.54901960784314,17,16.666666666666668,67.85714285714286,13,12.745098039215685,10,5.05050505050505,14,17,3,3.55804,35.45591397849463,9.67741935483871,6,15,35,27,23.529411764705884,38.46153846153846,40.74074074074074,0.2092964705882353,team_tactical_v1,OBSERVED_TACTICAL_FEATURE,False,27.5,33.1578947368421,22.105263157894736,51.973684210526315,73.15789473684211,71.71052631578948,26.05263157894737,45.26315789473684,56.44736842105263,54.73684210526316,90.52631578947368,85.92105263157895,96.05263157894737,97.76315789473684,73.8157894736842,60.921052631578945,15.657894736842104,96.1842105263158,26.57894736842105,38.68421052631579
2526,understat:29103,2026-04-18,wolverhampton_wanderers,leeds_united,A,mgr:434bf1b2b6dc,Rob Edwards,3421,L,False,20.38404726735598,19,79.54545454545455,18,20.454545454545453,60.0,15,17.045454545454547,6,4.579025110782865,3,7,0,0.568627,34.99166666666667,11.11111111111111,13,4,34,27,22.22222222222222,33.333333333333336,59.25925925925926,0.08123242857142857,team_tactical_v1,OBSERVED_TACTICAL_FEATURE,False,33.1578947368421,11.842105263157896,68.28947368421052,57.89473684210526,91.3157894736842,42.89473684210526,36.8421052631579,69.07894736842105,20.789473684210527,43.026315789473685,5.131578947368421,16.18421052631579,25.394736842105264,12.368421052631579,70.0,73.15789473684211,84.34210526315789,12.368421052631579,22.36842105263158,38.68421052631579
2526,understat:29105,2026-04-18,bournemouth,newcastle_united,A,mgr:b4b8eecb310f,Andoni Iraola,4231,W,False,18.71584699453552,23,71.73913043478261,12,13.043478260869565,57.89473684210526,19,20.652173913043477,8,4.508196721311475,9,12,2,3.36662,29.81637931034483,7.758620689655173,14,6,47,48,33.333333333333336,36.8421052631579,50.0,0.2805516666666667,team_tactical_v1,OBSERVED_TACTICAL_FEATURE,False,20.657894736842106,22.763157894736842,17.36842105263158,23.94736842105263,42.36842105263158,35.0,63.55263157894737,81.84210526315789,36.44736842105263,41.44736842105263,57.76315789473684,51.8421052631579,83.15789473684211,96.1842105263158,28.157894736842106,44.60526315789474,90.13157894736842,31.57894736842105,86.44736842105263,94.21052631578948
2526,understat:29105,2026-04-18,newcastle_united,bournemouth,H,mgr:65451ab24622,Eddie Howe,433,L,False,29.48051948051948,37,74.23312883435582,19,11.656441717791411,87.5,22,13.496932515337424,9,6.753246753246753,5,12,1,1.61167,34.36477272727273,7.954545454545454,8,2,36,48,26.31578947368421,31.818181818181817,50.0,0.13430583333333332,team_tactical_v1,OBSERVED_TACTICAL_FEATURE,False,85.26315789473684,72.10526315789474,30.394736842105264,62.10526315789474,29.342105263157894,98.94736842105263,78.8157894736842,49.73684210526316,46.973684210526315,86.97368421052632,19.473684210526315,51.8421052631579,58.55263157894737,59.078947368421055,65.39473684210526,46.973684210526315,37.63157894736842,2.236842105263158,31.18421052631579,94.21052631578948
2526,understat:29107,2026-04-18,brighton,tottenham_hotspur,A,mgr:dfda8206a0e2,Fabian Hürzeler,4231,D,False,27.55905511811024,36,82.06896551724138,28,19.310344827586206,52.94117647058823,11,7.586206896551724,12,6.167979002624672,8,10,2,1.1373,38.92696629213484,16.853932584269664,7,8,33,36,28.571428571428573,45.45454545454545,63.888888888888886,0.11373,team_tactical_v1,OBSERVED_TACTICAL_FEATURE,False,77.5,70.39473684210526,83.8157894736842,91.3157894736842,87.63157894736842,16.842105263157894,15.657894736842104,8.421052631578947,72.5,79.47368421052632,46.31578947368421,35.13157894736842,83.15789473684211,37.10526315789474,90.0,94.21052631578948,25.13157894736842,55.39473684210526,17.763157894736842,70.78947368421052
2526,understat:29107,2026-04-18,tottenham_hotspur,brighton,H,mgr:b283d24885e5,Roberto De Zerbi,433,D,False,19.486404833836858,15,81.3953488372093,14,16.27906976744186,73.6842105263158,27,31.3953488372093,12,7.250755287009063,8,13,2,1.56052,28.03333333333333,6.0606060606060606,10,11,35,36,21.428571428571427,48.14814814814815,36.11111111111112,0.12004,team_tactical_v1,OBSERVED_TACTICAL_FEATURE,False,24.342105263157894,4.7368421052631575,80.26315789473684,36.31578947368421,68.8157894736842,86.84210526315789,93.94736842105263,98.02631578947368,72.5,92.23684210526316,46.31578947368421,58.421052631578945,83.15789473684211,57.63157894736842,17.236842105263158,26.710526315789473,60.921052631578945,84.07894736842105,26.57894736842105,70.78947368421052
2526,understat:29098,2026-04-19,aston_villa,sunderland,H,mgr:dcdf2dffc0c2,Unai Emery,4231,W,False,24.70059880239521,26,71.7741935483871,16,12.903225806451612,64.0,14,11.290322580645162,10,4.940119760479042,12,15,4,3.90223,31.08915662650602,7.228915662650603,6,5,39,22,37.5,42.85714285714285,50.0,0.26014866666666664,team_tactical_v1,OBSERVED_TACTICAL_FEATURE,False,62.36842105263158,33.1578947368421,17.63157894736842,46.973684210526315,40.39473684210526,57.76315789473684,31.31578947368421,33.68421052631579,56.44736842105263,51.31578947368421,82.5,74.73684210526316,99.34210526315789,98.6842105263158,40.6578947368421,40.26315789473684,15.657894736842104,19.736842105263158,46.71052631578947,20.526315789473685
2526,understat:29098,2026-04-19,sunderland,aston_villa,A,mgr:1a031e232e88,Régis Le Bris,4231,L,False,20.919881305637983,31,81.18811881188118,16,15.841584158415841,40.0,10,9.900990099009901,7,3.857566765578635,8,10,3,1.56008,33.19583333333333,10.416666666666666,9,7,45,22,25.0,50.0,50.0,0.15600799999999998,team_tactical_v1,OBSERVED_TACTICAL_FEATURE,False,37.10526315789474,55.13157894736842,79.60526315789474,46.973684210526315,65.39473684210526,3.289473684210526,11.447368421052632,22.105263157894736,29.07894736842105,25.92105263157895,46.31578947368421,35.13157894736842,96.05263157894737,57.5,56.31578947368421,67.63157894736842,49.3421052631579,44.21052631578947,77.23684210526316,20.526315789473685
2526,understat:29102,2026-04-19,everton,liverpool,H,mgr:84316c036a2d,David Moyes,4231,L,False,21.5007215007215,26,81.37254901960785,16,15.686274509803921,52.94117647058823,12,11.764705882352942,11,4.184704184704184,9,10,1,1.4784,35.094166666666666,7.5,18,10,46,31,25.0,33.333333333333336,61.29032258064516,0.14784,team_tactical_v1,OBSERVED_TACTICAL_FEATURE,False,40.39473684210526,33.1578947368421,80.13157894736842,46.973684210526315,63.94736842105263,16.842105263157894,21.31578947368421,38.28947368421053,65.26315789473684,33.68421052631579,57.76315789473684,35.13157894736842,58.55263157894737,54.3421052631579,71.1842105263158,41.8421052631579,98.55263157894737,78.28947368421052,82.63157894736842,50.526315789473685
2526,understat:29102,2026-04-19,liverpool,everton,A,mgr:328a5fafed26,Arne Slot,4231,W,False,20.125,32,73.04347826086956,10,8.695652173913043,48.0,17,14.782608695652174,8,3.375,13,14,2,1.38333,32.27731958762887,5.154639175257732,8,10,43,31,20.0,29.41176470588235,38.70967741935484,0.09880928571428571,team_tactical_v1,OBSERVED_TACTICAL_FEATURE,False,30.263157894736842,59.3421052631579,24.736842105263158,13.157894736842104,10.789473684210526,8.68421052631579,50.13157894736842,57.10526315789474,36.44736842105263,15.526315789473685,87.36842105263158,67.63157894736842,83.15789473684211,49.86842105263158,49.3421052631579,19.605263157894736,37.63157894736842,78.28947368421052,66.71052631578948,50.526315789473685
2526,understat:29104,2026-04-19,arsenal,manchester_city,A,mgr:5fdd2f365fdc,Mikel Arteta,433,L,False,24.922600619195048,25,80.18018018018019,12,10.81081081081081,66.66666666666667,10,9.00900900900901,5,3.560371517027864,6,9,1,2.28964,33.31132075471698,14.150943396226415,14,9,37,32,16.666666666666668,30.0,40.625,0.25440444444444443,team_tactical_v1,OBSERVED_TACTICAL_FEATURE,False,63.81578947368421,28.42105263157895,73.02631578947368,23.94736842105263,22.236842105263158,70.92105263157895,11.447368421052632,15.921052631578947,13.947368421052632,19.342105263157894,24.736842105263158,27.63157894736842,58.55263157894737,80.92105263157895,57.23684210526316,88.42105263157895,90.13157894736842,68.02631578947368,35.13157894736842,55.78947368421053
2526,understat:29104,2026-04-19,manchester_city,arsenal,H,mgr:26dfbbc164aa,Pep Guardiola,4231,W,False,28.32722832722833,32,80.64516129032258,16,8.602150537634408,54.166666666666664,29,15.591397849462366,11,6.715506715506716,9,15,2,2.61528,31.369387755102043,8.16326530612245,10,9,46,32,18.75,31.03448275862069,59.375,0.17435199999999998,team_tactical_v1,OBSERVED_TACTICAL_FEATURE,False,81.1842105263158,59.3421052631579,76.71052631578948,46.973684210526315,9.868421052631579,20.789473684210527,96.84210526315789,61.71052631578947,65.26315789473684,86.71052631578948,57.76315789473684,74.73684210526316,83.15789473684211,89.47368421052632,43.1578947368421,49.21052631578947,60.921052631578945,68.02631578947368,82.63157894736842,55.78947368421053
2526,understat:29106,2026-04-19,burnley,nottingham_forest,A,mgr:c49e040048ca,Scott Parker,4231,L,False,17.77777777777778,24,76.08695652173913,14,15.217391304347826,57.142857142857146,11,11.956521739130435,5,2.0915032679738563,3,4,1,0.601418,30.243859649122808,7.894736842105263,11,13,37,23,28.571428571428573,18.181818181818183,52.17391304347826,0.1503545,team_tactical_v1,OBSERVED_TACTICAL_FEATURE,False,13.68421052631579,26.05263157894737,43.1578947368421,36.31578947368421,60.39473684210526,33.81578947368421,15.657894736842104,39.21052631578947,13.947368421052632,1.9736842105263157,5.131578947368421,3.1578947368421053,58.55263157894737,13.421052631578947,32.76315789473684,45.78947368421053,69.86842105263158,93.02631578947368,35.13157894736842,23.94736842105263
2526,understat:29106,2026-04-19,nottingham_forest,burnley,H,mgr:807de4c745b0,Vítor Manuel de Oliveira Lopes Pereira,4231,W,False,21.39240506329114,27,80.48780487804878,20,16.260162601626018,62.5,22,17.88617886178862,9,3.5443037974683542,7,10,4,1.4425,36.89117647058824,7.8431372549019605,8,5,46,23,25.0,40.90909090909091,47.82608695652174,0.14425,team_tactical_v1,OBSERVED_TACTICAL_FEATURE,False,39.60526315789474,37.10526315789474,75.26315789473684,67.63157894736842,68.6842105263158,51.973684210526315,78.8157894736842,71.97368421052632,46.973684210526315,18.81578947368421,35.6578947368421,35.13157894736842,99.34210526315789,52.63157894736842,82.10526315789474,45.26315789473684,37.63157894736842,19.736842105263158,82.63157894736842,23.94736842105263
2526,understat:29101,2026-04-20,crystal_palace,west_ham,H,mgr:1058459b93f2,Oliver Glasner,3421,D,False,20.65491183879093,32,75.83333333333333,24,20.0,64.70588235294117,13,10.833333333333334,14,4.030226700251889,8,9,0,0.733442,28.86140350877193,6.140350877192983,10,5,44,33,16.666666666666668,30.76923076923077,48.48484848484848,0.08149355555555556,team_tactical_v1,OBSERVED_TACTICAL_FEATURE,False,35.0,59.3421052631579,40.921052631578945,81.84210526315789,89.86842105263158,61.578947368421055,26.05263157894737,30.13157894736842,84.07894736842105,30.394736842105264,46.31578947368421,27.63157894736842,25.394736842105264,19.605263157894736,21.18421052631579,27.63157894736842,60.921052631578945,19.736842105263158,73.02631578947368,59.21052631578947
2526,understat:29101,2026-04-20,west_ham,crystal_palace,A,mgr:b68b19e445ac,Nuno Herlander Simões Espírito Santo,4411,D,False,26.08695652173913,23,81.6793893129771,30,22.900763358778626,70.0,18,13.740458015267176,9,6.231884057971015,4,9,0,0.622445,36.73846153846154,10.576923076923077,13,6,42,33,13.333333333333334,55.55555555555556,51.51515151515152,0.06916055555555556,team_tactical_v1,OBSERVED_TACTICAL_FEATURE,False,69.73684210526316,22.763157894736842,81.71052631578948,93.55263157894737,97.23684210526316,77.89473684210526,56.71052631578947,50.526315789473685,46.973684210526315,80.65789473684211,12.763157894736842,27.63157894736842,25.394736842105264,14.210526315789474,81.3157894736842,68.6842105263158,84.34210526315789,31.57894736842105,61.578947368421055,59.21052631578947
2526,understat:29110,2026-04-21,brighton,chelsea,H,mgr:dfda8206a0e2,Fabian Hürzeler,4231,W,False,26.65847665847666,30,75.60975609756098,23,14.024390243902438,68.0,10,6.097560975609756,12,5.282555282555283,12,15,3,2.51784,37.77954545454545,15.909090909090908,8,8,40,26,13.043478260869565,50.0,57.69230769230769,0.167856,team_tactical_v1,OBSERVED_TACTICAL_FEATURE,False,73.15789473684211,51.31578947368421,39.3421052631579,79.60526315789474,50.39473684210526,72.5,11.447368421052632,3.1578947368421053,72.5,61.18421052631579,82.5,74.73684210526316,96.05263157894737,87.63157894736842,86.05263157894737,92.5,37.63157894736842,55.39473684210526,52.36842105263158,35.526315789473685
2526,understat:29110,2026-04-21,chelsea,brighton,A,mgr:4fed4e69ba04,Liam Rosenior,541,L,False,18.08510638297872,29,71.56862745098039,12,11.764705882352942,77.77777777777777,20,19.607843137254903,6,2.792553191489361,4,6,0,0.297865,26.77972972972973,6.756756756756757,3,8,27,26,16.666666666666668,40.0,42.30769230769231,0.04964416666666666,team_tactical_v1,OBSERVED_TACTICAL_FEATURE,False,15.657894736842104,46.71052631578947,16.710526315789473,23.94736842105263,30.526315789473685,94.21052631578948,70.65789473684211,79.86842105263158,20.789473684210527,7.894736842105263,12.763157894736842,10.394736842105264,25.394736842105264,3.5526315789473686,11.710526315789474,34.60526315789474,2.1052631578947367,55.39473684210526,2.763157894736842,35.526315789473685
2526,understat:29108,2026-04-22,bournemouth,leeds_united,H,mgr:b4b8eecb310f,Andoni Iraola,4231,D,False,32.53301320528211,44,76.35467980295566,32,15.763546798029557,61.29032258064516,22,10.83743842364532,19,8.523409363745499,14,18,3,1.91355,33.809278350515456,9.278350515463918,6,13,44,51,34.375,50.0,45.09803921568628,0.10630833333333334,team_tactical_v1,OBSERVED_TACTICAL_FEATURE,False,92.89473684210526,83.8157894736842,45.526315789473685,95.13157894736842,64.47368421052632,45.921052631578945,78.8157894736842,30.263157894736842,95.39473684210526,98.15789473684211,90.52631578947368,89.86842105263158,96.05263157894737,70.13157894736842,60.6578947368421,57.36842105263158,15.657894736842104,93.02631578947368,73.02631578947368,97.10526315789474
2526,understat:29108,2026-04-22,leeds_united,bournemouth,A,mgr:fa5d385e34dc,Daniel Farke,3421,D,False,20.49418604651163,29,77.65957446808511,13,13.829787234042554,68.75,17,18.085106382978722,6,5.232558139534884,7,10,1,1.21601,29.976642335766424,10.94890510948905,14,6,33,51,23.07692307692308,47.05882352941177,54.90196078431372,0.121601,team_tactical_v1,OBSERVED_TACTICAL_FEATURE,False,33.94736842105263,46.71052631578947,55.39473684210526,30.13157894736842,49.60526315789474,75.26315789473684,50.13157894736842,73.02631578947368,20.789473684210527,60.26315789473684,35.6578947368421,35.13157894736842,58.55263157894737,40.26315789473684,29.86842105263158,71.57894736842105,90.13157894736842,31.57894736842105,17.763157894736842,97.10526315789474
2526,understat:29111,2026-04-22,burnley,manchester_city,H,mgr:c49e040048ca,Scott Parker,541,L,False,13.77777777777778,8,62.96296296296296,9,16.666666666666668,66.66666666666667,10,18.51851851851852,4,3.703703703703704,6,9,0,0.973776,26.30084745762712,6.779661016949152,13,12,44,17,22.22222222222222,60.0,41.1764705882353,0.10819733333333333,team_tactical_v1,OBSERVED_TACTICAL_FEATURE,False,3.1578947368421053,0.5263157894736842,1.4473684210526316,10.394736842105264,73.15789473684211,70.92105263157895,11.447368421052632,75.52631578947368,8.157894736842104,22.5,24.736842105263158,27.63157894736842,25.394736842105264,30.0,9.473684210526315,34.73684210526316,84.34210526315789,89.21052631578948,73.02631578947368,8.421052631578947
2526,understat:29111,2026-04-22,manchester_city,burnley,A,mgr:26dfbbc164aa,Pep Guardiola,4231,W,False,35.9026369168357,41,76.0,12,4.0,74.46808510638297,27,9.0,16,9.432048681541582,23,28,1,3.40888,40.67959183673469,13.26530612244898,10,13,51,17,8.333333333333334,40.74074074074074,58.8235294117647,0.12174571428571428,team_tactical_v1,OBSERVED_TACTICAL_FEATURE,False,97.89473684210526,80.0,42.36842105263158,23.94736842105263,0.6578947368421053,87.5,93.94736842105263,15.789473684210526,89.86842105263158,99.07894736842105,99.73684210526316,99.47368421052632,58.55263157894737,96.57894736842105,94.60526315789474,84.60526315789474,60.921052631578945,93.02631578947368,93.8157894736842,8.421052631578947
2526,understat:29115,2026-04-24,nottingham_forest,sunderland,A,mgr:807de4c745b0,Vítor Manuel de Oliveira Lopes Pereira,442,W,False,21.94719471947195,20,72.0,16,16.0,81.25,15,15.0,8,3.7953795379537953,6,10,4,1.54208,26.575,6.896551724137931,9,7,36,36,25.0,20.0,52.77777777777778,0.15420799999999998,team_tactical_v1,OBSERVED_TACTICAL_FEATURE,False,43.421052631578945,13.81578947368421,18.94736842105263,46.973684210526315,66.97368421052632,96.44736842105263,36.8421052631579,58.421052631578945,36.44736842105263,24.473684210526315,24.736842105263158,35.13157894736842,99.34210526315789,56.31578947368421,10.657894736842104,36.8421052631579,49.3421052631579,44.21052631578947,31.18421052631579,70.78947368421052
2526,understat:29115,2026-04-24,sunderland,nottingham_forest,H,mgr:1a031e232e88,Régis Le Bris,4231,L,False,31.34328358208955,42,66.26506024096386,22,13.25301204819277,73.6842105263158,22,13.25301204819277,22,7.191316146540027,8,15,1,0.614323,33.59374999999999,12.5,8,8,33,36,18.181818181818183,40.90909090909091,47.22222222222222,0.040954866666666666,team_tactical_v1,OBSERVED_TACTICAL_FEATURE,False,90.78947368421052,81.3157894736842,3.9473684210526314,76.71052631578948,44.21052631578947,86.84210526315789,78.8157894736842,47.89473684210526,98.6842105263158,91.71052631578948,46.31578947368421,74.73684210526316,58.55263157894737,13.947368421052632,60.0,81.84210526315789,37.63157894736842,55.39473684210526,17.763157894736842,70.78947368421052
2526,understat:29109,2026-04-25,arsenal,newcastle_united,H,mgr:5fdd2f365fdc,Mikel Arteta,433,W,False,27.058823529411764,33,80.1418439716312,13,9.21985815602837,47.61904761904762,14,9.929078014184396,8,5.294117647058823,11,11,1,0.639189,30.81860465116279,4.651162790697675,9,10,31,27,15.384615384615383,35.714285714285715,37.03703703703704,0.05810809090909091,team_tactical_v1,OBSERVED_TACTICAL_FEATURE,False,74.86842105263158,62.63157894736842,72.36842105263158,30.13157894736842,13.157894736842104,8.552631578947368,31.31578947368421,22.5,36.44736842105263,61.71052631578947,75.26315789473684,44.3421052631579,58.55263157894737,15.394736842105264,38.68421052631579,15.394736842105264,49.3421052631579,78.28947368421052,11.18421052631579,38.68421052631579
2526,understat:29109,2026-04-25,newcastle_united,arsenal,A,mgr:65451ab24622,Eddie Howe,4141,L,False,24.42159383033419,46,76.97841726618705,18,12.949640287769784,60.869565217391305,16,11.510791366906474,10,4.113110539845758,10,13,0,0.868897,33.903191489361696,9.574468085106384,7,12,35,27,22.22222222222222,18.75,62.96296296296296,0.06683823076923077,team_tactical_v1,OBSERVED_TACTICAL_FEATURE,False,60.6578947368421,86.97368421052632,49.473684210526315,57.89473684210526,41.44736842105263,44.86842105263158,44.3421052631579,35.26315789473684,56.44736842105263,32.5,68.28947368421052,58.421052631578945,25.394736842105264,25.263157894736842,61.973684210526315,59.73684210526316,25.13157894736842,89.21052631578948,26.57894736842105,38.68421052631579
2526,understat:29112,2026-04-25,aston_villa,fulham,A,mgr:dcdf2dffc0c2,Unai Emery,4231,L,False,20.072992700729927,38,77.34375,18,14.0625,73.33333333333333,11,8.59375,3,3.892944038929441,9,10,0,0.906156,32.225,6.25,10,6,28,29,5.555555555555555,54.54545454545455,34.48275862068966,0.09061559999999999,team_tactical_v1,OBSERVED_TACTICAL_FEATURE,False,29.342105263157894,73.94736842105263,52.89473684210526,57.89473684210526,50.6578947368421,85.92105263157895,15.657894736842104,13.289473684210526,4.2105263157894735,26.710526315789473,57.76315789473684,35.13157894736842,25.394736842105264,26.44736842105263,48.94736842105263,29.210526315789473,60.921052631578945,31.57894736842105,3.6842105263157894,45.526315789473685
2526,understat:29112,2026-04-25,fulham,aston_villa,H,mgr:d242da40969a,Marco Alexandre Saraiva da Silva,4231,W,False,21.80685358255452,34,72.63157894736842,15,15.789473684210526,84.21052631578948,20,21.05263157894737,8,4.049844236760125,9,13,1,1.24069,36.27431192660551,11.009174311926605,12,16,34,29,26.666666666666668,35.0,65.51724137931035,0.0954376923076923,team_tactical_v1,OBSERVED_TACTICAL_FEATURE,False,42.5,65.52631578947368,22.36842105263158,41.71052631578947,65.13157894736842,98.55263157894737,70.65789473684211,82.63157894736842,36.44736842105263,31.57894736842105,57.76315789473684,58.421052631578945,58.55263157894737,41.44736842105263,78.6842105263158,71.97368421052632,77.36842105263158,97.76315789473684,22.36842105263158,45.526315789473685
2526,understat:29113,2026-04-25,crystal_palace,liverpool,A,mgr:1058459b93f2,Oliver Glasner,3421,L,False,18.80466472303207,22,68.6046511627907,18,20.930232558139537,65.21739130434783,11,12.790697674418604,14,5.97667638483965,11,14,1,2.19912,30.690217391304348,6.521739130434782,10,9,35,36,33.333333333333336,54.54545454545455,38.888888888888886,0.15708000000000003,team_tactical_v1,OBSERVED_TACTICAL_FEATURE,False,21.05263157894737,18.42105263157895,7.5,57.89473684210526,92.5,63.1578947368421,15.657894736842104,45.6578947368421,84.07894736842105,76.44736842105263,75.26315789473684,67.63157894736842,58.55263157894737,78.55263157894737,37.89473684210526,32.23684210526316,60.921052631578945,68.02631578947368,26.57894736842105,70.78947368421052
2526,understat:29113,2026-04-25,liverpool,crystal_palace,H,mgr:328a5fafed26,Arne Slot,4231,W,False,20.0,29,80.37383177570094,12,11.214953271028037,75.0,10,9.345794392523365,10,5.466666666666667,5,9,3,1.45071,27.83263157894737,4.2105263157894735,6,4,36,36,33.333333333333336,40.0,61.11111111111112,0.16119,team_tactical_v1,OBSERVED_TACTICAL_FEATURE,False,28.157894736842106,46.71052631578947,73.94736842105263,23.94736842105263,24.342105263157894,90.78947368421052,11.447368421052632,17.763157894736842,56.44736842105263,66.1842105263158,19.473684210526315,27.63157894736842,96.05263157894737,53.1578947368421,16.31578947368421,12.763157894736842,15.657894736842104,12.368421052631579,31.18421052631579,70.78947368421052
2526,understat:29116,2026-04-25,everton,west_ham,A,mgr:84316c036a2d,David Moyes,4231,L,False,25.1621271076524,37,77.33333333333333,19,12.666666666666666,60.0,18,12.0,15,5.058365758754864,9,11,1,1.1144,30.426190476190484,10.714285714285714,10,6,34,37,5.2631578947368425,55.55555555555556,59.45945945945946,0.10130909090909092,team_tactical_v1,OBSERVED_TACTICAL_FEATURE,False,65.0,72.10526315789474,52.5,62.10526315789474,37.63157894736842,42.89473684210526,56.71052631578947,40.0,87.5,55.0,57.76315789473684,44.3421052631579,58.55263157894737,35.26315789473684,35.13157894736842,70.26315789473684,60.921052631578945,31.57894736842105,22.36842105263158,73.94736842105263
2526,understat:29116,2026-04-25,west_ham,everton,H,mgr:b68b19e445ac,Nuno Herlander Simões Espírito Santo,4411,W,False,24.034334763948497,29,82.05128205128206,12,10.256410256410257,66.66666666666667,25,21.367521367521366,10,4.86409155937053,8,10,2,1.8356,31.34380952380953,4.761904761904762,14,10,36,37,33.333333333333336,48.0,40.54054054054054,0.18356,team_tactical_v1,OBSERVED_TACTICAL_FEATURE,False,57.36842105263158,46.71052631578947,83.6842105263158,23.94736842105263,18.81578947368421,70.92105263157895,89.21052631578948,83.42105263157895,56.44736842105263,49.473684210526315,46.31578947368421,35.13157894736842,83.15789473684211,67.5,42.89473684210526,15.789473684210526,90.13157894736842,78.28947368421052,31.18421052631579,73.94736842105263
2526,understat:29117,2026-04-25,tottenham_hotspur,wolverhampton_wanderers,A,mgr:b283d24885e5,Roberto De Zerbi,4231,W,False,25.269461077844312,49,84.67153284671532,16,11.678832116788321,58.8235294117647,32,23.357664233576642,6,4.311377245508982,9,11,1,1.06403,40.47333333333333,17.5,19,15,44,33,6.25,37.5,60.60606060606061,0.09673,team_tactical_v1,OBSERVED_TACTICAL_FEATURE,False,65.78947368421052,90.0,93.55263157894737,46.973684210526315,29.605263157894736,37.76315789473684,98.8157894736842,88.94736842105263,20.789473684210527,36.44736842105263,57.76315789473684,44.3421052631579,58.55263157894737,33.94736842105263,94.07894736842105,95.13157894736842,99.47368421052632,96.1842105263158,73.02631578947368,59.21052631578947
2526,understat:29117,2026-04-25,wolverhampton_wanderers,tottenham_hotspur,H,mgr:434bf1b2b6dc,Rob Edwards,3421,L,False,19.969742813918305,21,79.7872340425532,21,22.340425531914892,62.5,27,28.72340425531915,5,3.177004538577912,5,11,0,0.762656,30.451,8.0,22,6,31,33,42.85714285714285,37.03703703703704,39.39393939393939,0.06933236363636364,team_tactical_v1,OBSERVED_TACTICAL_FEATURE,False,27.894736842105264,15.657894736842104,69.60526315789474,72.23684210526316,96.57894736842105,51.973684210526315,93.94736842105263,96.1842105263158,13.947368421052632,12.763157894736842,19.473684210526315,44.3421052631579,25.394736842105264,21.31578947368421,35.526315789473685,47.63157894736842,100.0,31.57894736842105,11.18421052631579,59.21052631578947
2526,understat:29114,2026-04-27,brentford,manchester_united,A,mgr:5f487ee40c90,Keith Andrews,4231,L,False,33.252720677146314,39,77.29468599033817,33,15.942028985507246,73.6842105263158,26,12.560386473429952,20,8.464328899637243,7,12,1,1.30383,34.660000000000004,8.571428571428571,5,15,50,32,24.24242424242424,30.76923076923077,28.125,0.1086525,team_tactical_v1,OBSERVED_TACTICAL_FEATURE,False,94.34210526315789,76.44736842105263,51.8421052631579,95.78947368421052,66.3157894736842,86.84210526315789,91.44736842105263,43.421052631578945,97.10526315789474,97.89473684210526,35.6578947368421,51.8421052631579,58.55263157894737,45.0,67.36842105263158,51.578947368421055,7.631578947368421,96.1842105263158,92.63157894736842,55.78947368421053
2526,understat:29114,2026-04-27,manchester_united,brentford,H,mgr:3aa905054daf,Michael Carrick,4231,W,False,19.02173913043478,28,64.07766990291262,15,14.563106796116505,75.0,11,10.679611650485437,8,4.891304347826087,10,11,2,1.84852,25.071538461538463,6.153846153846154,15,8,39,32,20.0,63.63636363636363,71.875,0.1680472727272727,team_tactical_v1,OBSERVED_TACTICAL_FEATURE,False,22.36842105263158,41.973684210526315,2.1052631578947367,41.71052631578947,54.3421052631579,90.78947368421052,15.657894736842104,28.55263157894737,36.44736842105263,50.13157894736842,68.28947368421052,44.3421052631579,83.15789473684211,68.42105263157895,5.2631578947368425,27.763157894736842,93.42105263157895,55.39473684210526,46.71052631578947,55.78947368421053
2526,understat:29124,2026-05-01,burnley,leeds_united,A,mgr:7670d95f755e,Michael Jackson,541,L,False,14.12911084043849,23,84.04255319148936,8,8.51063829787234,57.142857142857146,18,19.148936170212767,5,2.92326431181486,7,9,1,0.434597,28.825,3.0,6,8,39,44,62.5,38.888888888888886,47.72727272727273,0.04828855555555556,team_tactical_v1,OBSERVED_TACTICAL_FEATURE,False,3.4210526315789473,22.763157894736842,91.1842105263158,7.2368421052631575,9.473684210526315,33.81578947368421,56.71052631578947,78.15789473684211,13.947368421052632,8.68421052631579,35.6578947368421,27.63157894736842,58.55263157894737,7.894736842105263,20.789473684210527,6.578947368421052,15.657894736842104,55.39473684210526,46.71052631578947,86.84210526315789
2526,understat:29124,2026-05-01,leeds_united,burnley,H,mgr:fa5d385e34dc,Daniel Farke,352,W,False,25.503355704697988,30,72.95081967213115,20,16.39344262295082,53.333333333333336,10,8.19672131147541,8,5.503355704697986,13,18,3,2.09546,43.18181818181818,17.045454545454547,7,12,45,44,30.0,20.0,52.27272727272727,0.11641444444444445,team_tactical_v1,OBSERVED_TACTICAL_FEATURE,False,66.57894736842105,51.31578947368421,24.210526315789473,67.63157894736842,69.86842105263158,17.894736842105264,11.447368421052632,11.842105263157896,36.44736842105263,66.97368421052632,87.36842105263158,89.86842105263158,96.05263157894737,75.78947368421052,98.42105263157895,94.34210526315789,25.13157894736842,89.21052631578948,77.23684210526316,86.84210526315789
2526,understat:29119,2026-05-02,arsenal,fulham,H,mgr:5fdd2f365fdc,Mikel Arteta,4231,W,False,26.022304832713758,38,72.22222222222223,9,6.25,64.51612903225806,23,15.972222222222221,9,5.824039653035936,14,18,3,4.09079,39.38333333333333,15.555555555555555,2,11,48,28,33.333333333333336,52.17391304347826,50.0,0.2272661111111111,team_tactical_v1,OBSERVED_TACTICAL_FEATURE,False,69.47368421052632,73.94736842105263,20.657894736842106,10.394736842105264,2.763157894736842,60.39473684210526,82.89473684210526,63.81578947368421,46.973684210526315,73.55263157894737,90.52631578947368,89.86842105263158,96.05263157894737,99.47368421052632,91.3157894736842,91.44736842105263,0.6578947368421053,84.07894736842105,88.94736842105263,42.36842105263158
2526,understat:29119,2026-05-02,fulham,arsenal,A,mgr:d242da40969a,Marco Alexandre Saraiva da Silva,4231,L,False,17.256011315417258,28,83.87096774193549,12,12.903225806451612,61.53846153846154,5,5.376344086021505,4,2.545968882602546,6,10,0,0.696714,32.2021978021978,5.4945054945054945,16,5,39,28,8.333333333333334,60.0,50.0,0.06967140000000001,team_tactical_v1,OBSERVED_TACTICAL_FEATURE,False,11.18421052631579,41.973684210526315,90.65789473684211,23.94736842105263,40.39473684210526,47.76315789473684,0.5263157894736842,1.4473684210526316,8.157894736842104,5.2631578947368425,24.736842105263158,35.13157894736842,25.394736842105264,18.026315789473685,48.68421052631579,21.973684210526315,96.57894736842105,19.736842105263158,46.71052631578947,42.36842105263158
2526,understat:29121,2026-05-02,brentford,west_ham,H,mgr:5f487ee40c90,Keith Andrews,4231,W,False,22.893481717011127,27,77.06422018348624,13,11.926605504587156,50.0,30,27.522935779816514,14,5.5643879173290935,8,14,2,2.27374,33.90235294117647,10.588235294117647,12,5,35,38,38.46153846153846,23.33333333333333,47.36842105263158,0.16241,team_tactical_v1,OBSERVED_TACTICAL_FEATURE,False,49.60526315789474,37.10526315789474,50.39473684210526,30.13157894736842,31.842105263157894,13.947368421052632,97.63157894736842,95.0,84.07894736842105,68.42105263157895,46.31578947368421,67.63157894736842,83.15789473684211,80.39473684210526,61.8421052631579,68.8157894736842,77.36842105263158,19.736842105263158,26.57894736842105,76.05263157894737
2526,understat:29121,2026-05-02,west_ham,brentford,A,mgr:b68b19e445ac,Nuno Herlander Simões Espírito Santo,4411,L,False,24.270353302611365,37,77.11864406779661,21,17.796610169491526,63.63636363636363,18,15.254237288135593,7,5.990783410138249,13,14,1,0.753895,36.147126436781605,10.344827586206897,15,8,33,38,33.333333333333336,27.77777777777778,52.63157894736842,0.05384964285714285,team_tactical_v1,OBSERVED_TACTICAL_FEATURE,False,59.73684210526316,72.10526315789474,51.05263157894737,72.23684210526316,78.6842105263158,56.71052631578947,56.71052631578947,60.26315789473684,29.07894736842105,76.97368421052632,87.36842105263158,67.63157894736842,58.55263157894737,20.789473684210527,77.36842105263158,66.71052631578948,93.42105263157895,55.39473684210526,17.763157894736842,76.05263157894737
2526,understat:29126,2026-05-02,brighton,newcastle_united,A,mgr:dfda8206a0e2,Fabian Hürzeler,4231,L,False,31.08935128518972,40,82.5,38,19.0,63.63636363636363,17,8.5,18,5.875152998776009,10,13,1,1.87112,36.55128205128205,14.102564102564102,9,3,42,31,15.789473684210526,35.294117647058826,29.032258064516128,0.1439323076923077,team_tactical_v1,OBSERVED_TACTICAL_FEATURE,False,89.73684210526316,78.02631578947368,86.1842105263158,98.28947368421052,86.1842105263158,56.71052631578947,50.13157894736842,12.894736842105264,93.94736842105263,74.60526315789474,68.28947368421052,58.421052631578945,58.55263157894737,68.94736842105263,80.0,88.15789473684211,49.3421052631579,6.315789473684211,61.578947368421055,50.526315789473685
2526,understat:29126,2026-05-02,newcastle_united,brighton,H,mgr:65451ab24622,Eddie Howe,4231,W,False,18.392857142857142,15,77.77777777777777,13,18.055555555555557,63.1578947368421,19,26.38888888888889,7,5.714285714285714,10,13,3,3.12933,25.312244897959182,6.122448979591836,9,6,33,31,38.46153846153846,47.36842105263158,70.96774193548387,0.2407176923076923,team_tactical_v1,OBSERVED_TACTICAL_FEATURE,False,18.026315789473685,4.7368421052631575,57.36842105263158,30.13157894736842,80.65789473684211,54.078947368421055,63.55263157894737,93.8157894736842,29.07894736842105,70.78947368421052,68.28947368421052,58.421052631578945,96.05263157894737,94.47368421052632,6.052631578947368,27.36842105263158,49.3421052631579,31.57894736842105,17.763157894736842,50.526315789473685
2526,understat:29127,2026-05-02,sunderland,wolverhampton_wanderers,A,mgr:1a031e232e88,Régis Le Bris,4231,D,True,28.548387096774192,30,71.53846153846153,16,12.307692307692308,64.70588235294117,12,9.23076923076923,11,5.645161290322581,8,10,1,0.923954,30.57555555555556,11.11111111111111,10,9,36,41,18.75,41.66666666666666,41.46341463414634,0.0923954,team_tactical_v1,OBSERVED_TACTICAL_FEATURE,False,82.63157894736842,51.31578947368421,16.31578947368421,46.973684210526315,34.21052631578947,61.578947368421055,21.31578947368421,17.236842105263158,65.26315789473684,69.86842105263158,46.31578947368421,35.13157894736842,58.55263157894737,27.236842105263158,37.10526315789474,73.15789473684211,60.921052631578945,68.02631578947368,31.18421052631579,82.10526315789474
2526,understat:29127,2026-05-02,wolverhampton_wanderers,sunderland,H,mgr:434bf1b2b6dc,Rob Edwards,3421,D,False,27.522935779816518,32,72.5,29,18.125,59.375,12,7.5,23,7.99475753604194,15,20,1,1.96131,30.483,6.0,5,6,41,41,41.37931034482759,50.0,58.53658536585366,0.0980655,team_tactical_v1,OBSERVED_TACTICAL_FEATURE,False,76.97368421052632,59.3421052631579,21.842105263157894,92.23684210526316,81.1842105263158,38.68421052631579,21.31578947368421,7.894736842105263,99.34210526315789,96.44736842105263,93.15789473684211,93.6842105263158,58.55263157894737,71.57894736842105,36.18421052631579,26.05263157894737,7.631578947368421,31.57894736842105,57.89473684210526,82.10526315789474
2526,understat:29118,2026-05-03,bournemouth,crystal_palace,H,mgr:b4b8eecb310f,Andoni Iraola,4231,W,False,25.0,29,74.80314960629921,19,14.960629921259843,60.869565217391305,32,25.19685039370079,9,6.621621621621622,10,16,2,2.29626,37.79912280701755,13.157894736842104,10,9,55,35,26.31578947368421,46.875,54.285714285714285,0.14351625,team_tactical_v1,OBSERVED_TACTICAL_FEATURE,False,64.21052631578948,46.71052631578947,35.26315789473684,62.10526315789474,57.36842105263158,44.86842105263158,98.8157894736842,91.97368421052632,46.973684210526315,85.92105263157895,68.28947368421052,80.92105263157895,83.15789473684211,81.05263157894737,86.1842105263158,84.47368421052632,60.921052631578945,68.02631578947368,97.89473684210526,66.84210526315789
2526,understat:29118,2026-05-03,crystal_palace,bournemouth,A,mgr:1058459b93f2,Oliver Glasner,343,L,False,19.674355495251017,28,56.73076923076923,11,10.576923076923077,83.33333333333333,14,13.461538461538462,12,4.2062415196743554,6,8,1,0.678329,29.32870370370371,6.481481481481482,9,4,44,35,27.272727272727277,42.85714285714285,45.71428571428572,0.084791125,team_tactical_v1,OBSERVED_TACTICAL_FEATURE,False,25.526315789473685,41.973684210526315,0.2631578947368421,18.94736842105263,20.657894736842106,98.28947368421052,31.31578947368421,49.473684210526315,72.5,34.73684210526316,24.736842105263158,20.92105263157895,58.55263157894737,17.105263157894736,24.605263157894736,31.842105263157894,49.3421052631579,12.368421052631579,73.02631578947368,66.84210526315789
2526,understat:29120,2026-05-03,aston_villa,tottenham_hotspur,H,mgr:dcdf2dffc0c2,Unai Emery,4231,L,False,21.8944099378882,29,84.0909090909091,13,14.772727272727273,50.0,16,18.181818181818183,3,2.329192546583851,5,5,1,0.609494,37.83333333333333,10.714285714285714,12,5,35,13,15.384615384615383,37.5,61.53846153846154,0.1218988,team_tactical_v1,OBSERVED_TACTICAL_FEATURE,False,43.026315789473685,46.71052631578947,91.3157894736842,30.13157894736842,55.78947368421053,13.947368421052632,44.3421052631579,73.6842105263158,4.2105263157894735,3.5526315789473686,19.473684210526315,6.578947368421052,58.55263157894737,13.81578947368421,86.44736842105263,70.26315789473684,77.36842105263158,19.736842105263158,26.57894736842105,2.8947368421052633
2526,understat:29120,2026-05-03,tottenham_hotspur,aston_villa,A,mgr:b283d24885e5,Roberto De Zerbi,4231,W,False,20.34346103038309,24,85.71428571428571,13,11.607142857142858,64.28571428571429,23,20.535714285714285,9,3.6988110964332894,5,10,2,1.12225,34.690291262135915,9.70873786407767,13,10,41,13,61.53846153846154,30.43478260869565,38.46153846153846,0.11222499999999999,team_tactical_v1,OBSERVED_TACTICAL_FEATURE,False,32.36842105263158,26.05263157894737,96.1842105263158,30.13157894736842,29.07894736842105,59.3421052631579,82.89473684210526,81.44736842105263,46.973684210526315,22.236842105263158,19.473684210526315,35.13157894736842,83.15789473684211,35.6578947368421,67.5,61.18421052631579,84.34210526315789,78.28947368421052,57.89473684210526,2.8947368421052633
2526,understat:29125,2026-05-03,liverpool,manchester_united,A,mgr:328a5fafed26,Arne Slot,4222,L,False,26.622662266226623,53,76.5625,14,7.291666666666667,77.27272727272727,28,14.583333333333334,10,3.41034103410341,11,13,2,1.02814,37.06666666666667,14.285714285714286,4,10,38,23,28.571428571428573,35.714285714285715,43.47826086956522,0.07908769230769232,team_tactical_v1,OBSERVED_TACTICAL_FEATURE,False,73.02631578947368,93.94736842105263,47.36842105263158,36.31578947368421,4.2105263157894735,92.76315789473684,95.52631578947368,55.6578947368421,56.44736842105263,15.921052631578947,75.26315789473684,58.421052631578945,83.15789473684211,32.63157894736842,83.02631578947368,89.07894736842105,4.2105263157894735,78.28947368421052,40.13157894736842,23.94736842105263
2526,understat:29125,2026-05-03,manchester_united,liverpool,H,mgr:3aa905054daf,Michael Carrick,4231,W,False,19.48249619482496,29,66.66666666666667,13,13.541666666666666,55.172413793103445,14,14.583333333333334,15,5.936073059360731,12,18,3,2.55612,34.95090909090909,6.363636363636363,12,16,44,23,53.84615384615385,50.0,56.52173913043478,0.14200666666666667,team_tactical_v1,OBSERVED_TACTICAL_FEATURE,False,24.210526315789473,46.71052631578947,5.0,30.13157894736842,46.71052631578947,24.210526315789473,31.31578947368421,55.6578947368421,87.5,75.52631578947368,82.5,89.86842105263158,96.05263157894737,88.42105263157895,69.73684210526316,30.92105263157895,77.36842105263158,97.76315789473684,73.02631578947368,23.94736842105263
2526,understat:29122,2026-05-04,chelsea,nottingham_forest,H,mgr:3b963ae58719,Calum McFarlane,4231,L,False,33.333333333333336,41,77.734375,35,13.671875,54.054054054054056,20,7.8125,21,6.12668743509865,16,21,1,2.17132,43.010000000000005,13.75,6,7,46,25,28.571428571428573,30.0,56.0,0.10339619047619049,team_tactical_v1,OBSERVED_TACTICAL_FEATURE,False,94.60526315789474,80.0,56.44736842105263,97.36842105263158,47.89473684210526,20.0,70.65789473684211,9.736842105263158,97.76315789473684,79.21052631578948,95.52631578947368,95.92105263157895,58.55263157894737,78.02631578947368,98.15789473684211,86.44736842105263,15.657894736842104,44.21052631578947,82.63157894736842,31.57894736842105
2526,understat:29122,2026-05-04,nottingham_forest,chelsea,A,mgr:807de4c745b0,Vítor Manuel de Oliveira Lopes Pereira,442,W,False,12.54071661237785,15,79.62962962962963,4,7.407407407407407,66.66666666666667,10,18.51851851851852,5,3.420195439739414,4,6,3,2.31019,25.45263157894737,3.1578947368421053,10,10,32,25,25.0,40.0,44.0,0.38503166666666666,team_tactical_v1,OBSERVED_TACTICAL_FEATURE,False,1.4473684210526316,4.7368421052631575,68.55263157894737,1.0526315789473684,4.605263157894737,70.92105263157895,11.447368421052632,75.52631578947368,13.947368421052632,16.31578947368421,12.763157894736842,10.394736842105264,96.05263157894737,81.44736842105263,6.7105263157894735,7.5,60.921052631578945,78.28947368421052,14.342105263157896,31.57894736842105
2526,understat:29123,2026-05-04,everton,manchester_city,H,mgr:84316c036a2d,David Moyes,4231,D,False,21.8568665377176,18,60.3448275862069,7,12.068965517241379,83.33333333333333,10,17.24137931034483,4,5.029013539651838,7,14,3,1.68558,29.853124999999995,8.333333333333334,13,4,32,33,42.85714285714285,30.0,54.54545454545455,0.12039857142857144,team_tactical_v1,OBSERVED_TACTICAL_FEATURE,False,42.76315789473684,10.131578947368421,0.7894736842105263,5.394736842105263,33.026315789473685,98.28947368421052,11.447368421052632,70.0,8.157894736842104,53.68421052631579,35.6578947368421,67.63157894736842,96.05263157894737,61.8421052631579,28.81578947368421,50.26315789473684,84.34210526315789,12.368421052631579,14.342105263157896,59.21052631578947
2526,understat:29123,2026-05-04,manchester_city,everton,A,mgr:26dfbbc164aa,Pep Guardiola,4231,D,False,34.164070612668745,55,76.73611111111111,23,7.986111111111111,54.054054054054056,37,12.847222222222221,18,6.749740394600208,17,21,3,1.41706,31.734939759036138,1.2048192771084338,12,2,39,33,21.73913043478261,43.24324324324324,45.45454545454545,0.06747904761904762,team_tactical_v1,OBSERVED_TACTICAL_FEATURE,False,95.52631578947368,95.0,48.026315789473685,79.60526315789474,7.2368421052631575,20.0,99.73684210526316,45.921052631578945,93.94736842105263,86.84210526315789,96.97368421052632,95.92105263157895,96.05263157894737,51.18421052631579,45.526315789473685,1.3157894736842106,77.36842105263158,2.236842105263158,46.71052631578947,59.21052631578947
2526,understat:29128,2026-05-09,brighton,wolverhampton_wanderers,H,mgr:dfda8206a0e2,Fabian Hürzeler,4231,W,False,22.837370242214533,37,79.19463087248322,25,16.778523489932887,59.09090909090909,20,13.422818791946309,12,5.997693194925029,9,14,3,2.22427,39.17972972972972,9.45945945945946,10,10,34,21,32.0,40.0,61.90476190476191,0.15887642857142859,team_tactical_v1,OBSERVED_TACTICAL_FEATURE,False,48.81578947368421,72.10526315789474,66.57894736842105,84.07894736842105,73.28947368421052,38.1578947368421,70.65789473684211,48.94736842105263,72.5,77.23684210526316,57.76315789473684,67.63157894736842,96.05263157894737,79.34210526315789,90.52631578947368,59.078947368421055,60.921052631578945,78.28947368421052,22.36842105263158,17.63157894736842
2526,understat:29128,2026-05-09,wolverhampton_wanderers,brighton,A,mgr:434bf1b2b6dc,Rob Edwards,3421,L,False,12.648221343873518,16,82.05128205128206,6,15.384615384615385,55.55555555555556,14,35.8974358974359,7,4.150197628458498,5,5,0,0.515647,27.146938775510204,3.061224489795918,7,13,30,21,50.0,64.28571428571429,38.095238095238095,0.1031294,team_tactical_v1,OBSERVED_TACTICAL_FEATURE,False,1.7105263157894737,5.7894736842105265,83.6842105263158,2.6315789473684212,61.44736842105263,26.973684210526315,31.31578947368421,99.07894736842105,29.07894736842105,32.89473684210526,19.473684210526315,6.578947368421052,25.394736842105264,10.789473684210526,13.026315789473685,6.973684210526316,25.13157894736842,93.02631578947368,7.7631578947368425,17.63157894736842
2526,understat:29131,2026-05-09,bournemouth,fulham,A,mgr:b4b8eecb310f,Andoni Iraola,4231,W,True,17.134416543574595,29,78.57142857142857,9,12.857142857142858,52.63157894736842,16,22.857142857142858,6,3.5450516986706058,10,10,1,0.998003,26.283,9.0,8,5,42,24,33.333333333333336,31.25,45.833333333333336,0.0998003,team_tactical_v1,OBSERVED_TACTICAL_FEATURE,False,10.526315789473685,46.71052631578947,61.71052631578947,10.394736842105264,39.60526315789474,16.31578947368421,44.3421052631579,87.76315789473684,20.789473684210527,18.94736842105263,68.28947368421052,35.13157894736842,58.55263157894737,30.92105263157895,9.210526315789474,55.13157894736842,37.63157894736842,19.736842105263158,61.578947368421055,26.57894736842105
2526,understat:29131,2026-05-09,fulham,bournemouth,H,mgr:d242da40969a,Marco Alexandre Saraiva da Silva,4231,L,True,24.628712871287128,34,79.72972972972973,28,18.91891891891892,52.38095238095238,15,10.135135135135135,10,6.930693069306931,10,14,0,1.24334,29.82786885245901,3.278688524590164,12,5,31,24,10.714285714285714,46.66666666666666,54.16666666666666,0.08880999999999999,team_tactical_v1,OBSERVED_TACTICAL_FEATURE,False,61.8421052631579,65.52631578947368,69.34210526315789,91.3157894736842,85.26315789473684,15.657894736842104,36.8421052631579,24.07894736842105,56.44736842105263,89.34210526315789,68.28947368421052,67.63157894736842,25.394736842105264,41.578947368421055,28.42105263157895,7.894736842105263,77.36842105263158,19.736842105263158,11.18421052631579,26.57894736842105
2526,understat:29132,2026-05-09,chelsea,liverpool,A,mgr:3b963ae58719,Calum McFarlane,4231,D,False,20.128205128205128,26,80.0,7,6.086956521739131,62.5,15,13.043478260869565,10,3.333333333333333,4,6,1,0.597184,35.76705882352941,9.411764705882353,10,10,32,17,28.571428571428573,60.0,52.94117647058823,0.09953066666666667,team_tactical_v1,OBSERVED_TACTICAL_FEATURE,False,30.394736842105264,33.1578947368421,71.57894736842105,5.394736842105263,2.3684210526315788,51.973684210526315,36.8421052631579,46.8421052631579,56.44736842105263,14.605263157894736,12.763157894736842,10.394736842105264,58.55263157894737,13.157894736842104,76.05263157894737,58.81578947368421,60.921052631578945,78.28947368421052,14.342105263157896,8.421052631578947
2526,understat:29132,2026-05-09,liverpool,chelsea,H,mgr:328a5fafed26,Arne Slot,4231,D,False,20.37533512064343,15,77.57009345794393,16,14.953271028037383,53.333333333333336,26,24.299065420560748,10,4.691689008042896,7,8,1,0.623191,33.52388059701492,13.432835820895523,6,6,30,17,37.5,30.76923076923077,47.05882352941177,0.077898875,team_tactical_v1,OBSERVED_TACTICAL_FEATURE,False,32.89473684210526,4.7368421052631575,54.73684210526316,46.973684210526315,57.23684210526316,17.894736842105264,91.44736842105263,90.39473684210526,56.44736842105263,45.26315789473684,35.6578947368421,20.92105263157895,58.55263157894737,14.342105263157896,59.60526315789474,85.39473684210526,15.657894736842104,31.57894736842105,7.7631578947368425,8.421052631578947
2526,understat:29133,2026-05-09,brentford,manchester_city,A,mgr:5f487ee40c90,Keith Andrews,442,L,False,18.153846153846157,19,88.15789473684211,12,15.789473684210526,50.0,21,27.63157894736842,4,3.692307692307693,3,4,0,0.670038,30.45849056603773,11.320754716981131,14,11,39,26,8.333333333333334,38.095238095238095,46.15384615384615,0.1675095,team_tactical_v1,OBSERVED_TACTICAL_FEATURE,False,16.05263157894737,11.842105263157896,98.55263157894737,23.94736842105263,65.13157894736842,13.947368421052632,74.21052631578948,95.13157894736842,8.157894736842104,22.105263157894736,5.131578947368421,3.1578947368421053,25.394736842105264,16.31578947368421,35.78947368421053,74.07894736842105,90.13157894736842,84.07894736842105,46.71052631578947,35.526315789473685
2526,understat:29133,2026-05-09,manchester_city,brentford,H,mgr:26dfbbc164aa,Pep Guardiola,4231,W,False,37.84119106699752,29,80.72289156626506,19,7.6305220883534135,66.66666666666667,34,13.654618473895582,12,9.67741935483871,17,25,3,4.37429,35.30434782608695,11.956521739130435,8,5,40,26,26.31578947368421,61.76470588235294,53.84615384615385,0.1749716,team_tactical_v1,OBSERVED_TACTICAL_FEATURE,False,98.94736842105263,46.71052631578947,77.23684210526316,62.10526315789474,5.526315789473684,70.92105263157895,99.07894736842105,50.0,72.5,99.34210526315789,96.97368421052632,98.6842105263158,96.05263157894737,99.73684210526316,72.63157894736842,77.89473684210526,37.63157894736842,19.736842105263158,52.36842105263158,35.526315789473685
2526,understat:29135,2026-05-09,manchester_united,sunderland,A,mgr:3aa905054daf,Michael Carrick,4231,D,False,23.52168199737188,27,80.0,16,11.428571428571429,45.0,11,7.857142857142857,10,4.862023653088042,9,11,0,0.535981,31.265000000000004,6.0,10,11,41,25,25.0,45.45454545454545,32.0,0.04872554545454546,team_tactical_v1,OBSERVED_TACTICAL_FEATURE,False,53.94736842105263,37.10526315789474,71.57894736842105,46.973684210526315,27.236842105263158,6.052631578947368,15.657894736842104,10.263157894736842,56.44736842105263,49.3421052631579,57.76315789473684,44.3421052631579,25.394736842105264,11.447368421052632,42.23684210526316,26.05263157894737,60.921052631578945,84.07894736842105,57.89473684210526,31.57894736842105
2526,understat:29135,2026-05-09,sunderland,manchester_united,H,mgr:1a031e232e88,Régis Le Bris,4231,D,False,25.505050505050505,43,68.0,17,11.333333333333334,80.0,20,13.333333333333334,16,5.681818181818182,12,15,0,1.2376,34.31481481481482,13.88888888888889,8,10,51,25,11.764705882352942,30.0,68.0,0.08250666666666667,team_tactical_v1,OBSERVED_TACTICAL_FEATURE,False,66.71052631578948,82.36842105263158,6.447368421052632,51.973684210526315,25.92105263157895,95.78947368421052,70.65789473684211,48.55263157894737,89.86842105263158,70.39473684210526,82.5,74.73684210526316,25.394736842105264,41.31578947368421,65.0,87.10526315789474,37.63157894736842,78.28947368421052,93.8157894736842,31.57894736842105
2526,understat:29129,2026-05-10,aston_villa,burnley,A,mgr:dcdf2dffc0c2,Unai Emery,4231,D,False,23.04878048780488,32,70.34482758620689,26,17.93103448275862,68.96551724137932,17,11.724137931034482,17,5.609756097560975,12,18,2,1.75493,34.44814814814815,9.876543209876543,8,5,44,11,23.07692307692308,23.529411764705884,54.54545454545455,0.09749611111111112,team_tactical_v1,OBSERVED_TACTICAL_FEATURE,False,51.05263157894737,59.3421052631579,12.631578947368421,88.42105263157895,79.73684210526316,75.52631578947368,50.13157894736842,37.63157894736842,92.23684210526316,69.34210526315789,82.5,89.86842105263158,83.15789473684211,65.0,65.92105263157895,62.76315789473684,37.63157894736842,19.736842105263158,73.02631578947368,1.3157894736842106
2526,understat:29129,2026-05-10,burnley,aston_villa,H,mgr:7670d95f755e,Michael Jackson,4231,D,False,24.408014571949,15,71.27659574468085,15,15.957446808510639,64.0,12,12.76595744680851,5,4.18943533697632,11,15,2,1.71234,32.19345794392524,12.149532710280374,13,9,40,11,20.0,41.66666666666666,45.45454545454545,0.114156,team_tactical_v1,OBSERVED_TACTICAL_FEATURE,False,60.526315789473685,4.7368421052631575,15.526315789473685,41.71052631578947,66.57894736842105,57.76315789473684,21.31578947368421,45.526315789473685,13.947368421052632,33.81578947368421,75.26315789473684,74.73684210526316,83.15789473684211,63.026315789473685,48.55263157894737,79.07894736842105,84.34210526315789,68.02631578947368,52.36842105263158,1.3157894736842106
2526,understat:29130,2026-05-10,crystal_palace,everton,H,mgr:1058459b93f2,Oliver Glasner,3421,D,False,26.215895610913403,28,69.75308641975309,22,13.580246913580247,68.57142857142857,9,5.555555555555555,19,5.575326215895611,14,21,2,3.28826,30.064077669902915,4.854368932038835,9,4,36,73,36.36363636363637,22.22222222222222,47.945205479452056,0.15658380952380954,team_tactical_v1,OBSERVED_TACTICAL_FEATURE,False,70.0,41.973684210526315,10.394736842105264,76.71052631578948,46.973684210526315,74.47368421052632,6.578947368421052,1.8421052631578947,95.39473684210526,68.6842105263158,90.52631578947368,95.92105263157895,83.15789473684211,95.52631578947368,30.657894736842106,16.44736842105263,49.3421052631579,12.368421052631579,31.18421052631579,99.73684210526316
2526,understat:29130,2026-05-10,everton,crystal_palace,A,mgr:84316c036a2d,David Moyes,4231,D,False,31.649331352154533,14,69.71830985915493,20,14.084507042253522,68.42105263157895,26,18.309859154929576,12,10.25260029717682,11,13,2,2.10265,31.67341772151899,8.860759493670885,7,6,26,73,30.0,57.69230769230769,52.05479452054794,0.1617423076923077,team_tactical_v1,OBSERVED_TACTICAL_FEATURE,False,91.44736842105263,2.3684210526315788,10.263157894736842,67.63157894736842,50.921052631578945,74.21052631578948,91.44736842105263,74.07894736842105,72.5,99.60526315789474,75.26315789473684,58.421052631578945,83.15789473684211,76.1842105263158,45.13157894736842,53.55263157894737,25.13157894736842,31.57894736842105,1.9736842105263157,99.73684210526316
2526,understat:29134,2026-05-10,newcastle_united,nottingham_forest,A,mgr:65451ab24622,Eddie Howe,4231,D,False,29.21348314606741,40,66.47398843930635,14,8.092485549132949,76.0,18,10.404624277456648,14,4.2446941323345815,12,16,1,1.65067,37.467289719626166,15.88785046728972,9,9,46,22,28.571428571428573,44.44444444444444,68.18181818181819,0.103166875,team_tactical_v1,OBSERVED_TACTICAL_FEATURE,False,85.0,78.02631578947368,4.473684210526316,36.31578947368421,7.7631578947368425,91.1842105263158,56.71052631578947,25.92105263157895,84.07894736842105,35.6578947368421,82.5,80.92105263157895,58.55263157894737,60.39473684210526,85.0,92.36842105263158,49.3421052631579,68.02631578947368,82.63157894736842,20.526315789473685
2526,understat:29134,2026-05-10,nottingham_forest,newcastle_united,H,mgr:807de4c745b0,Vítor Manuel de Oliveira Lopes Pereira,3421,D,False,21.61422708618331,26,71.07438016528926,14,11.570247933884298,68.0,20,16.52892561983471,9,3.967168262653898,12,17,1,1.46434,26.942307692307693,3.8461538461538463,8,5,47,22,21.428571428571427,45.0,31.818181818181817,0.08613764705882353,team_tactical_v1,OBSERVED_TACTICAL_FEATURE,False,41.18421052631579,33.1578947368421,15.0,36.31578947368421,28.026315789473685,72.5,70.65789473684211,66.71052631578948,46.973684210526315,29.210526315789473,82.5,85.92105263157895,58.55263157894737,53.55263157894737,12.5,10.921052631578947,37.63157894736842,19.736842105263158,86.44736842105263,20.526315789473685
2526,understat:29137,2026-05-10,arsenal,west_ham,A,mgr:5fdd2f365fdc,Mikel Arteta,4231,W,False,24.585987261146496,38,76.35135135135135,17,11.486486486486486,73.91304347826087,14,9.45945945945946,12,4.585987261146497,10,15,1,1.42953,35.166666666666664,10.666666666666666,4,3,31,28,23.529411764705884,14.285714285714286,39.285714285714285,0.095302,team_tactical_v1,OBSERVED_TACTICAL_FEATURE,False,61.578947368421055,73.94736842105263,45.39473684210526,51.973684210526315,27.5,87.23684210526316,31.31578947368421,18.94736842105263,72.5,43.28947368421053,68.28947368421052,74.73684210526316,58.55263157894737,52.10526315789474,71.84210526315789,69.73684210526316,4.2105263157894735,6.315789473684211,11.18421052631579,42.36842105263158
2526,understat:29137,2026-05-10,west_ham,arsenal,H,mgr:b68b19e445ac,Nuno Herlander Simões Espírito Santo,3421,L,False,20.07233273056058,25,74.35897435897436,14,17.94871794871795,80.0,12,15.384615384615385,8,4.159132007233273,7,9,0,1.32011,30.797500000000003,5.0,7,5,27,28,14.285714285714286,66.66666666666667,60.71428571428572,0.1466788888888889,team_tactical_v1,OBSERVED_TACTICAL_FEATURE,False,29.210526315789473,28.42105263157895,31.31578947368421,36.31578947368421,80.0,95.78947368421052,21.31578947368421,61.05263157894737,36.44736842105263,33.026315789473685,35.6578947368421,27.63157894736842,25.394736842105264,45.6578947368421,38.55263157894737,17.763157894736842,25.13157894736842,19.736842105263158,2.763157894736842,42.36842105263158
2526,understat:29136,2026-05-11,leeds_united,tottenham_hotspur,A,mgr:fa5d385e34dc,Daniel Farke,352,D,False,19.854014598540147,28,68.96551724137932,14,16.091954022988507,72.22222222222223,16,18.39080459770115,10,3.6496350364963503,8,11,1,1.86976,30.6,6.4,19,9,36,46,42.85714285714285,31.25,45.65217391304348,0.16997818181818183,team_tactical_v1,OBSERVED_TACTICAL_FEATURE,False,26.57894736842105,41.973684210526315,8.68421052631579,36.31578947368421,67.36842105263158,83.8157894736842,44.3421052631579,74.60526315789474,56.44736842105263,21.31578947368421,46.31578947368421,44.3421052631579,58.55263157894737,68.8157894736842,37.36842105263158,31.31578947368421,99.47368421052632,68.02631578947368,31.18421052631579,90.52631578947368
2526,understat:29136,2026-05-11,tottenham_hotspur,leeds_united,H,mgr:b283d24885e5,Roberto De Zerbi,4231,D,False,27.722772277227723,28,79.11392405063292,30,18.9873417721519,69.56521739130434,26,16.455696202531644,11,7.178217821782178,8,16,1,1.49036,36.69561403508772,11.403508771929825,14,11,44,46,30.0,46.15384615384615,54.34782608695652,0.0931475,team_tactical_v1,OBSERVED_TACTICAL_FEATURE,False,78.55263157894737,41.973684210526315,66.1842105263158,93.55263157894737,85.92105263157895,76.71052631578948,91.44736842105263,66.05263157894737,65.26315789473684,91.44736842105263,46.31578947368421,80.92105263157895,58.55263157894737,54.73684210526316,80.65789473684211,74.73684210526316,90.13157894736842,84.07894736842105,73.02631578947368,90.52631578947368
2526,understat:29084,2026-05-13,crystal_palace,manchester_city,A,mgr:1058459b93f2,Oliver Glasner,541,L,False,8.216783216783217,8,56.0,7,28.0,77.77777777777777,5,20.0,4,2.6223776223776225,5,6,0,0.428862,25.02903225806452,1.6129032258064515,14,5,38,18,28.571428571428573,0.0,55.55555555555556,0.071477,team_tactical_v1,OBSERVED_TACTICAL_FEATURE,False,0.2631578947368421,0.5263157894736842,0.13157894736842105,5.394736842105263,99.86842105263158,94.21052631578948,0.5263157894736842,80.13157894736842,8.157894736842104,6.184210526315789,19.473684210526315,10.394736842105264,25.394736842105264,7.631578947368421,4.868421052631579,1.7105263157894737,90.13157894736842,19.736842105263158,40.13157894736842,10.263157894736842
2526,understat:29084,2026-05-13,manchester_city,crystal_palace,H,mgr:26dfbbc164aa,Pep Guardiola,4222,W,False,36.47058823529412,52,77.70491803278688,18,5.901639344262295,72.0,28,9.180327868852459,16,5.0,11,15,3,1.95679,49.606153846153845,24.615384615384617,5,7,35,18,22.22222222222222,39.285714285714285,44.44444444444444,0.13045266666666666,team_tactical_v1,OBSERVED_TACTICAL_FEATURE,False,98.28947368421052,92.89473684210526,56.05263157894737,57.89473684210526,1.8421052631578947,82.36842105263158,95.52631578947368,16.842105263157894,89.86842105263158,52.63157894736842,75.26315789473684,74.73684210526316,96.05263157894737,71.44736842105263,99.86842105263158,99.60526315789474,7.631578947368421,44.21052631578947,26.57894736842105,10.263157894736842
2526,understat:29140,2026-05-15,aston_villa,liverpool,H,mgr:dcdf2dffc0c2,Unai Emery,4231,W,False,26.582278481012654,21,78.90625,11,8.59375,54.54545454545455,15,11.71875,9,4.905063291139241,10,14,4,2.5252,30.011111111111116,11.11111111111111,9,5,29,26,9.090909090909092,53.333333333333336,38.46153846153846,0.18037142857142857,team_tactical_v1,OBSERVED_TACTICAL_FEATURE,False,72.76315789473684,15.657894736842104,64.60526315789474,18.94736842105263,9.736842105263158,23.42105263157895,36.8421052631579,37.5,46.973684210526315,50.39473684210526,68.28947368421052,67.63157894736842,99.34210526315789,87.89473684210526,30.0,73.15789473684211,49.3421052631579,19.736842105263158,5.131578947368421,35.526315789473685
2526,understat:29140,2026-05-15,liverpool,aston_villa,A,mgr:328a5fafed26,Arne Slot,4231,L,False,27.51031636863824,31,79.08496732026144,24,15.686274509803921,42.857142857142854,17,11.11111111111111,20,7.015130674002751,13,16,2,1.55027,32.346575342465755,9.58904109589041,6,9,34,26,37.5,35.294117647058826,61.53846153846154,0.096891875,team_tactical_v1,OBSERVED_TACTICAL_FEATURE,False,76.84210526315789,55.13157894736842,65.92105263157895,81.84210526315789,63.94736842105263,3.9473684210526314,50.13157894736842,32.89473684210526,97.10526315789474,90.26315789473684,87.36842105263158,80.92105263157895,83.15789473684211,57.10526315789474,50.39473684210526,59.86842105263158,15.657894736842104,68.02631578947368,22.36842105263158,35.526315789473685
2526,understat:29141,2026-05-17,brentford,crystal_palace,H,mgr:5f487ee40c90,Keith Andrews,4231,D,False,25.454545454545453,38,77.30496453900709,22,15.602836879432624,60.869565217391305,19,13.47517730496454,15,5.575757575757576,10,14,2,1.54564,32.93474576271186,8.474576271186441,4,7,57,47,13.636363636363637,31.57894736842105,57.4468085106383,0.11040285714285714,team_tactical_v1,OBSERVED_TACTICAL_FEATURE,False,66.44736842105263,73.94736842105263,51.973684210526315,76.71052631578948,63.1578947368421,44.86842105263158,63.55263157894737,49.60526315789474,87.5,68.8157894736842,68.28947368421052,67.63157894736842,83.15789473684211,56.71052631578947,54.3421052631579,51.31578947368421,4.2105263157894735,44.21052631578947,99.21052631578948,92.89473684210526
2526,understat:29141,2026-05-17,crystal_palace,brentford,A,mgr:1058459b93f2,Oliver Glasner,3421,D,False,24.246987951807228,21,59.82905982905983,12,10.256410256410257,76.92307692307692,4,3.4188034188034186,13,5.72289156626506,10,16,2,1.82274,28.969531250000003,9.375,11,13,48,47,33.333333333333336,50.0,42.5531914893617,0.11392125,team_tactical_v1,OBSERVED_TACTICAL_FEATURE,False,59.473684210526315,15.657894736842104,0.5263157894736842,23.94736842105263,18.81578947368421,92.5,0.2631578947368421,0.39473684210526316,77.76315789473684,71.1842105263158,68.28947368421052,80.92105263157895,83.15789473684211,67.10526315789474,21.973684210526315,58.1578947368421,69.86842105263158,93.02631578947368,88.94736842105263,92.89473684210526
2526,understat:29143,2026-05-17,everton,sunderland,H,mgr:84316c036a2d,David Moyes,4231,L,False,26.239067055393587,37,80.57553956834532,18,12.949640287769784,66.66666666666667,12,8.633093525179856,10,3.6443148688046647,9,10,1,1.32181,27.86666666666666,8.080808080808081,9,10,34,25,38.888888888888886,41.66666666666666,52.0,0.132181,team_tactical_v1,OBSERVED_TACTICAL_FEATURE,False,70.26315789473684,72.10526315789474,76.05263157894737,57.89473684210526,41.44736842105263,70.92105263157895,21.31578947368421,13.552631578947368,56.44736842105263,21.18421052631579,57.76315789473684,35.13157894736842,58.55263157894737,45.921052631578945,16.710526315789473,48.68421052631579,49.3421052631579,78.28947368421052,22.36842105263158,31.57894736842105
2526,understat:29143,2026-05-17,sunderland,everton,A,mgr:1a031e232e88,Régis Le Bris,4231,W,False,22.86115007012623,35,80.32786885245902,20,16.39344262295082,70.0,12,9.836065573770492,4,3.085553997194951,4,7,3,1.28383,28.9873417721519,6.329113924050633,6,3,38,25,10.0,25.0,48.0,0.18340428571428571,team_tactical_v1,OBSERVED_TACTICAL_FEATURE,False,49.3421052631579,67.89473684210526,73.55263157894737,67.63157894736842,69.86842105263158,77.89473684210526,21.31578947368421,21.57894736842105,8.157894736842104,11.31578947368421,12.763157894736842,16.18421052631579,96.05263157894737,44.21052631578947,22.36842105263158,30.263157894736842,15.657894736842104,6.315789473684211,40.13157894736842,31.57894736842105
2526,understat:29144,2026-05-17,brighton,leeds_united,A,mgr:dfda8206a0e2,Fabian Hürzeler,4231,L,False,26.81564245810056,39,73.65591397849462,36,19.35483870967742,57.142857142857146,11,5.913978494623656,21,6.4804469273743015,17,19,0,2.23238,35.03068181818182,13.636363636363637,3,6,34,43,36.11111111111112,54.54545454545455,55.81395348837209,0.11749368421052632,team_tactical_v1,OBSERVED_TACTICAL_FEATURE,False,73.8157894736842,76.44736842105263,26.973684210526315,97.76315789473684,87.89473684210526,33.81578947368421,15.657894736842104,2.6315789473684212,97.76315789473684,83.8157894736842,96.97368421052632,91.57894736842105,25.394736842105264,79.60526315789474,70.78947368421052,86.3157894736842,2.1052631578947367,31.57894736842105,22.36842105263158,85.26315789473684
2526,understat:29144,2026-05-17,leeds_united,brighton,H,mgr:fa5d385e34dc,Daniel Farke,352,W,False,24.102564102564106,23,77.41935483870968,20,21.50537634408602,58.333333333333336,11,11.827956989247312,7,5.641025641025641,5,7,1,0.747756,27.129670329670333,9.89010989010989,5,3,29,43,15.0,72.72727272727273,44.18604651162791,0.10682228571428572,team_tactical_v1,OBSERVED_TACTICAL_FEATURE,False,58.55263157894737,22.763157894736842,53.81578947368421,67.63157894736842,94.73684210526316,36.31578947368421,15.657894736842104,38.55263157894737,29.07894736842105,69.73684210526316,19.473684210526315,16.18421052631579,58.55263157894737,20.657894736842106,12.894736842105264,62.89473684210526,7.631578947368421,6.315789473684211,5.131578947368421,85.26315789473684
2526,understat:29145,2026-05-17,manchester_united,nottingham_forest,H,mgr:3aa905054daf,Michael Carrick,4231,W,False,30.039525691699605,29,70.05649717514125,16,9.03954802259887,69.38775510204081,22,12.429378531073446,22,7.509881422924901,22,29,3,4.28532,31.269166666666667,10.833333333333334,9,10,46,18,43.75,40.90909090909091,66.66666666666667,0.14776965517241378,team_tactical_v1,OBSERVED_TACTICAL_FEATURE,False,87.5,46.71052631578947,11.31578947368421,46.973684210526315,12.236842105263158,76.44736842105263,78.8157894736842,42.76315789473684,98.6842105263158,94.07894736842105,99.60526315789474,99.60526315789474,96.05263157894737,99.60526315789474,42.36842105263158,70.78947368421052,49.3421052631579,78.28947368421052,82.63157894736842,10.263157894736842
2526,understat:29145,2026-05-17,nottingham_forest,manchester_united,A,mgr:807de4c745b0,Vítor Manuel de Oliveira Lopes Pereira,442,L,False,21.694480102695763,29,72.18045112781955,20,15.037593984962406,60.0,27,20.30075187969925,14,3.722721437740693,10,11,2,1.84418,32.139047619047616,9.523809523809524,13,12,46,18,30.0,40.74074074074074,33.333333333333336,0.16765272727272726,team_tactical_v1,OBSERVED_TACTICAL_FEATURE,False,41.71052631578947,46.71052631578947,20.13157894736842,67.63157894736842,58.1578947368421,42.89473684210526,93.94736842105263,80.52631578947368,84.07894736842105,23.289473684210527,68.28947368421052,44.3421052631579,83.15789473684211,67.76315789473684,47.76315789473684,59.473684210526315,84.34210526315789,89.21052631578948,82.63157894736842,10.263157894736842
2526,understat:29146,2026-05-17,newcastle_united,west_ham,H,mgr:65451ab24622,Eddie Howe,4231,W,False,26.245443499392465,33,80.11695906432749,18,10.526315789473685,37.03703703703704,13,7.60233918128655,20,6.92588092345079,14,15,3,2.1336,32.15227272727273,10.227272727272727,17,8,38,23,22.22222222222222,46.15384615384615,34.78260869565217,0.14224,team_tactical_v1,OBSERVED_TACTICAL_FEATURE,False,70.39473684210526,62.63157894736842,71.97368421052632,57.89473684210526,20.394736842105264,1.8421052631578947,26.05263157894737,8.552631578947368,97.10526315789474,89.21052631578948,90.52631578947368,74.73684210526316,96.05263157894737,76.84210526315789,48.026315789473685,65.78947368421052,98.15789473684211,55.39473684210526,40.13157894736842,23.94736842105263
2526,understat:29146,2026-05-17,west_ham,newcastle_united,A,mgr:b68b19e445ac,Nuno Herlander Simões Espírito Santo,3421,L,False,27.4798927613941,36,75.88652482269504,17,12.056737588652481,54.54545454545455,25,17.73049645390071,14,5.361930294906166,8,15,1,0.957771,38.74807692307692,17.307692307692307,14,9,46,23,35.294117647058826,32.0,65.21739130434783,0.0638514,team_tactical_v1,OBSERVED_TACTICAL_FEATURE,False,76.71052631578948,70.39473684210526,41.71052631578947,51.973684210526315,32.76315789473684,23.42105263157895,89.21052631578948,71.57894736842105,84.07894736842105,63.81578947368421,46.31578947368421,74.73684210526316,58.55263157894737,29.210526315789473,89.60526315789474,95.0,90.13157894736842,68.02631578947368,82.63157894736842,23.94736842105263
2526,understat:29147,2026-05-17,fulham,wolverhampton_wanderers,A,mgr:d242da40969a,Marco Alexandre Saraiva da Silva,4231,D,False,23.24805339265851,39,78.85714285714286,20,11.428571428571429,52.63157894736842,19,10.857142857142858,18,4.671857619577308,8,13,1,1.48412,33.5622641509434,5.660377358490566,11,10,49,19,20.0,52.63157894736842,52.63157894736842,0.11416307692307694,team_tactical_v1,OBSERVED_TACTICAL_FEATURE,False,52.10526315789474,76.44736842105263,63.68421052631579,67.63157894736842,27.236842105263158,16.31578947368421,63.55263157894737,30.526315789473685,93.94736842105263,44.73684210526316,46.31578947368421,58.421052631578945,58.55263157894737,54.60526315789474,59.86842105263158,23.026315789473685,69.86842105263158,78.28947368421052,90.78947368421052,12.894736842105264
2526,understat:29147,2026-05-17,wolverhampton_wanderers,fulham,H,mgr:434bf1b2b6dc,Rob Edwards,4231,D,False,23.022847100175746,25,64.70588235294117,14,16.470588235294116,72.22222222222223,13,15.294117647058824,12,5.448154657293498,7,11,1,1.49725,33.93518518518518,10.185185185185185,11,12,49,19,42.85714285714285,38.46153846153846,47.36842105263158,0.13611363636363635,team_tactical_v1,OBSERVED_TACTICAL_FEATURE,False,50.78947368421053,28.42105263157895,2.5,36.31578947368421,70.39473684210526,83.8157894736842,26.05263157894737,60.526315789473685,72.5,65.52631578947368,35.6578947368421,44.3421052631579,58.55263157894737,55.0,62.89473684210526,64.86842105263158,69.86842105263158,89.21052631578948,90.78947368421052,12.894736842105264
2526,understat:29139,2026-05-18,arsenal,burnley,H,mgr:5fdd2f365fdc,Mikel Arteta,433,W,False,31.71355498721228,53,81.05263157894737,13,6.842105263157895,52.38095238095238,17,8.947368421052632,19,6.3938618925831205,11,13,1,1.22695,39.74666666666667,13.333333333333334,9,2,36,21,15.384615384615383,17.647058823529413,57.142857142857146,0.09438076923076923,team_tactical_v1,OBSERVED_TACTICAL_FEATURE,False,91.57894736842105,93.94736842105263,79.07894736842105,30.13157894736842,3.5526315789473686,15.657894736842104,50.13157894736842,15.131578947368421,95.39473684210526,82.36842105263158,75.26315789473684,58.421052631578945,58.55263157894737,40.6578947368421,92.76315789473684,85.0,49.3421052631579,2.236842105263158,31.18421052631579,17.63157894736842
2526,understat:29139,2026-05-18,burnley,arsenal,A,mgr:7670d95f755e,Michael Jackson,4231,L,False,13.53637901861252,18,80.0,10,20.0,66.66666666666667,15,30.0,7,2.368866328257192,4,5,0,0.194884,26.18461538461538,6.593406593406593,11,7,34,21,40.0,26.666666666666668,42.85714285714285,0.0389768,team_tactical_v1,OBSERVED_TACTICAL_FEATURE,False,2.763157894736842,10.131578947368421,71.57894736842105,13.157894736842104,89.86842105263158,70.92105263157895,36.8421052631579,97.5,29.07894736842105,3.8157894736842106,12.763157894736842,6.578947368421052,25.394736842105264,1.8421052631578947,8.68421052631579,33.026315789473685,69.86842105263158,44.21052631578947,22.36842105263158,17.63157894736842
2526,understat:29138,2026-05-19,bournemouth,manchester_city,H,mgr:b4b8eecb310f,Andoni Iraola,4231,D,False,19.34210526315789,27,77.87610619469027,14,12.389380530973451,58.8235294117647,8,7.079646017699115,8,3.947368421052632,10,10,1,1.71486,27.466981132075468,6.60377358490566,7,2,43,25,21.428571428571427,50.0,48.0,0.171486,team_tactical_v1,OBSERVED_TACTICAL_FEATURE,False,23.55263157894737,37.10526315789474,57.76315789473684,36.31578947368421,35.13157894736842,37.76315789473684,3.9473684210526314,6.447368421052632,36.44736842105263,28.42105263157895,68.28947368421052,35.13157894736842,58.55263157894737,63.1578947368421,14.473684210526315,33.1578947368421,25.13157894736842,2.236842105263158,66.71052631578948,31.57894736842105
2526,understat:29138,2026-05-19,manchester_city,bournemouth,A,mgr:26dfbbc164aa,Pep Guardiola,4141,D,False,26.7538644470868,40,74.4047619047619,17,10.119047619047619,72.72727272727273,30,17.857142857142858,9,7.491082045184305,8,14,1,1.26917,33.76813186813187,7.6923076923076925,4,6,49,25,11.764705882352942,56.66666666666666,52.0,0.090655,team_tactical_v1,OBSERVED_TACTICAL_FEATURE,False,73.55263157894737,78.02631578947368,31.44736842105263,51.973684210526315,18.289473684210527,85.13157894736842,97.63157894736842,71.84210526315789,46.973684210526315,93.94736842105263,46.31578947368421,67.63157894736842,58.55263157894737,42.89473684210526,60.526315789473685,44.21052631578947,4.2105263157894735,31.57894736842105,90.78947368421052,31.57894736842105
2526,understat:29142,2026-05-19,chelsea,tottenham_hotspur,H,mgr:3b963ae58719,Calum McFarlane,4231,W,False,15.934065934065934,21,76.92307692307692,10,12.820512820512821,71.42857142857143,13,16.666666666666668,2,2.60989010989011,6,9,2,1.09262,36.15052631578948,10.526315789473685,14,14,38,20,10.0,38.46153846153846,50.0,0.12140222222222222,team_tactical_v1,OBSERVED_TACTICAL_FEATURE,False,6.973684210526316,15.657894736842104,49.3421052631579,13.157894736842104,39.21052631578947,81.97368421052632,26.05263157894737,68.02631578947368,1.5789473684210527,5.7894736842105265,24.736842105263158,27.63157894736842,83.15789473684211,34.60526315789474,77.5,68.28947368421052,90.13157894736842,95.13157894736842,40.13157894736842,13.947368421052632
2526,understat:29142,2026-05-19,tottenham_hotspur,chelsea,A,mgr:b283d24885e5,Roberto De Zerbi,4231,L,False,19.281437125748504,30,88.0,16,12.8,43.75,23,18.4,12,3.712574850299401,8,9,1,2.15227,38.653333333333336,6.666666666666667,9,11,42,20,25.0,60.869565217391305,50.0,0.23914111111111114,team_tactical_v1,OBSERVED_TACTICAL_FEATURE,False,23.157894736842106,51.31578947368421,98.42105263157895,46.973684210526315,38.81578947368421,4.605263157894737,82.89473684210526,74.73684210526316,72.5,22.63157894736842,46.31578947368421,27.63157894736842,58.55263157894737,77.36842105263158,88.94736842105263,34.078947368421055,49.3421052631579,84.07894736842105,61.578947368421055,13.947368421052632
2526,understat:29148,2026-05-24,brighton,manchester_united,H,mgr:dfda8206a0e2,Fabian Hürzeler,4231,L,False,28.252299605781864,30,70.19867549668874,20,13.245033112582782,71.42857142857143,10,6.622516556291391,10,5.124835742444152,9,13,0,0.702398,42.73258426966292,21.348314606741575,12,8,42,17,20.0,20.0,76.47058823529412,0.054030615384615385,team_tactical_v1,OBSERVED_TACTICAL_FEATURE,False,80.92105263157895,51.31578947368421,12.368421052631579,67.63157894736842,43.81578947368421,81.97368421052632,11.447368421052632,4.078947368421052,56.44736842105263,56.44736842105263,57.76315789473684,58.421052631578945,25.394736842105264,18.42105263157895,98.02631578947368,98.6842105263158,77.36842105263158,55.39473684210526,61.578947368421055,8.421052631578947
2526,understat:29148,2026-05-24,manchester_united,brighton,A,mgr:3aa905054daf,Michael Carrick,4231,W,False,20.34383954154728,35,78.63247863247864,11,9.401709401709402,55.55555555555556,19,16.23931623931624,6,5.157593123209169,11,11,3,2.32868,30.32282608695652,7.608695652173913,12,10,43,17,9.090909090909092,36.8421052631579,23.529411764705884,0.2116981818181818,team_tactical_v1,OBSERVED_TACTICAL_FEATURE,False,32.5,67.89473684210526,61.8421052631579,18.94736842105263,14.078947368421053,26.973684210526315,63.55263157894737,64.60526315789474,20.789473684210527,57.76315789473684,75.26315789473684,44.3421052631579,96.05263157894737,81.97368421052632,33.81578947368421,42.76315789473684,77.36842105263158,78.28947368421052,66.71052631578948,8.421052631578947
2526,understat:29149,2026-05-24,burnley,wolverhampton_wanderers,H,mgr:7670d95f755e,Michael Jackson,4231,D,False,29.209621993127147,62,80.66037735849056,28,13.20754716981132,61.53846153846154,19,8.962264150943396,14,5.040091638029782,14,16,1,1.28476,34.52727272727273,12.5,8,7,50,23,21.428571428571427,42.10526315789474,52.17391304347826,0.0802975,team_tactical_v1,OBSERVED_TACTICAL_FEATURE,False,84.86842105263158,97.89473684210526,76.84210526315789,91.3157894736842,43.55263157894737,47.76315789473684,63.55263157894737,15.394736842105264,84.07894736842105,54.078947368421055,90.52631578947368,80.92105263157895,58.55263157894737,44.3421052631579,66.57894736842105,81.84210526315789,37.63157894736842,44.21052631578947,92.63157894736842,23.94736842105263
2526,understat:29149,2026-05-24,wolverhampton_wanderers,burnley,A,mgr:434bf1b2b6dc,Rob Edwards,3421,D,False,23.454545454545453,23,78.2051282051282,22,28.205128205128204,50.0,13,16.666666666666668,13,7.272727272727272,12,16,1,2.8433,28.888785046728977,7.4766355140186915,10,9,44,23,36.36363636363637,38.46153846153846,47.82608695652174,0.17770625,team_tactical_v1,OBSERVED_TACTICAL_FEATURE,False,53.81578947368421,22.763157894736842,59.473684210526315,76.71052631578948,100.0,13.947368421052632,26.05263157894737,68.02631578947368,77.76315789473684,92.5,82.5,80.92105263157895,58.55263157894737,91.84210526315789,21.44736842105263,41.71052631578947,60.921052631578945,68.02631578947368,73.02631578947368,23.94736842105263
2526,understat:29150,2026-05-24,arsenal,crystal_palace,A,mgr:5fdd2f365fdc,Mikel Arteta,4231,W,False,25.883838383838384,48,74.26900584795321,13,7.60233918128655,56.0,20,11.695906432748538,11,6.944444444444445,12,17,2,3.90645,33.48554216867469,6.024096385542169,3,5,35,23,38.46153846153846,60.0,52.17391304347826,0.22979117647058822,team_tactical_v1,OBSERVED_TACTICAL_FEATURE,False,68.6842105263158,88.8157894736842,30.526315789473685,30.13157894736842,5.394736842105263,28.026315789473685,70.65789473684211,36.973684210526315,65.26315789473684,89.60526315789474,82.5,85.92105263157895,83.15789473684211,98.8157894736842,58.81578947368421,26.31578947368421,2.1052631578947367,19.736842105263158,26.57894736842105,23.94736842105263
2526,understat:29150,2026-05-24,crystal_palace,arsenal,H,mgr:1058459b93f2,Oliver Glasner,3421,L,False,20.666666666666668,23,83.51648351648352,18,19.78021978021978,53.333333333333336,12,13.186813186813186,8,5.5,7,8,1,1.00492,28.33409090909091,3.409090909090909,4,10,34,23,22.22222222222222,58.333333333333336,47.82608695652174,0.125615,team_tactical_v1,OBSERVED_TACTICAL_FEATURE,False,35.13157894736842,22.763157894736842,89.07894736842105,57.89473684210526,88.55263157894737,17.894736842105264,21.31578947368421,47.63157894736842,36.44736842105263,66.84210526315789,35.6578947368421,20.92105263157895,58.55263157894737,31.18421052631579,18.55263157894737,8.947368421052632,4.2105263157894735,78.28947368421052,22.36842105263158,23.94736842105263
2526,understat:29151,2026-05-24,fulham,newcastle_united,H,mgr:d242da40969a,Marco Alexandre Saraiva da Silva,4231,W,False,28.776978417266186,23,78.91156462585035,13,8.843537414965986,55.88235294117647,14,9.523809523809524,11,6.474820143884892,16,21,2,1.72878,39.395348837209305,16.27906976744186,13,12,40,28,15.384615384615383,71.42857142857143,42.85714285714285,0.08232285714285714,team_tactical_v1,OBSERVED_TACTICAL_FEATURE,False,83.42105263157895,22.763157894736842,64.86842105263158,30.13157894736842,11.18421052631579,27.36842105263158,31.31578947368421,19.605263157894736,65.26315789473684,83.6842105263158,95.52631578947368,95.92105263157895,83.15789473684211,64.07894736842105,91.44736842105263,93.15789473684211,84.34210526315789,89.21052631578948,52.36842105263158,42.36842105263158
2526,understat:29151,2026-05-24,newcastle_united,fulham,A,mgr:65451ab24622,Eddie Howe,352,L,False,17.71356783919598,28,79.27927927927928,16,14.414414414414415,46.15384615384615,12,10.81081081081081,9,3.64321608040201,6,7,0,0.24232,32.879012345679016,4.938271604938271,11,10,30,28,12.5,16.666666666666668,57.142857142857146,0.03461714285714286,team_tactical_v1,OBSERVED_TACTICAL_FEATURE,False,13.421052631578947,41.973684210526315,66.97368421052632,46.973684210526315,52.89473684210526,6.973684210526316,21.31578947368421,29.86842105263158,46.973684210526315,20.92105263157895,24.736842105263158,16.18421052631579,25.394736842105264,2.5,53.81578947368421,16.973684210526315,69.86842105263158,78.28947368421052,7.7631578947368425,42.36842105263158
2526,understat:29152,2026-05-24,brentford,liverpool,A,mgr:5f487ee40c90,Keith Andrews,4231,D,False,18.98148148148148,14,74.48979591836735,18,18.367346938775512,50.0,21,21.428571428571427,8,4.938271604938271,8,11,1,1.46082,27.602884615384617,1.9230769230769231,10,3,44,27,33.333333333333336,33.333333333333336,44.44444444444444,0.1328018181818182,team_tactical_v1,OBSERVED_TACTICAL_FEATURE,False,22.105263157894736,2.3684210526315788,32.63157894736842,57.89473684210526,82.5,13.947368421052632,74.21052631578948,83.8157894736842,36.44736842105263,51.05263157894737,46.31578947368421,44.3421052631579,58.55263157894737,53.421052631578945,15.263157894736842,2.8947368421052633,60.921052631578945,6.315789473684211,73.02631578947368,38.68421052631579
2526,understat:29152,2026-05-24,liverpool,brentford,H,mgr:328a5fafed26,Arne Slot,4231,D,False,33.08913308913309,53,77.10280373831776,27,12.616822429906541,60.97560975609756,20,9.345794392523365,18,7.936507936507937,19,24,1,2.99412,37.35714285714285,15.384615384615385,4,6,45,27,18.51851851851852,40.0,55.55555555555556,0.124755,team_tactical_v1,OBSERVED_TACTICAL_FEATURE,False,93.6842105263158,93.94736842105263,50.921052631578945,89.86842105263158,36.71052631578947,45.0,70.65789473684211,17.763157894736842,93.94736842105263,96.3157894736842,98.6842105263158,98.15789473684211,58.55263157894737,93.28947368421052,84.07894736842105,91.05263157894737,4.2105263157894735,31.57894736842105,77.23684210526316,38.68421052631579
2526,understat:29153,2026-05-24,aston_villa,manchester_city,A,mgr:dcdf2dffc0c2,Unai Emery,4231,W,False,13.41991341991342,17,76.11940298507463,8,11.940298507462687,63.1578947368421,10,14.925373134328359,10,3.751803751803752,9,12,2,2.4397,23.318348623853208,10.091743119266056,19,11,29,10,37.5,30.0,30.0,0.20330833333333334,team_tactical_v1,OBSERVED_TACTICAL_FEATURE,False,2.6315789473684212,8.026315789473685,43.81578947368421,7.2368421052631575,32.10526315789474,54.078947368421055,11.447368421052632,57.5,56.44736842105263,23.68421052631579,57.76315789473684,51.8421052631579,83.15789473684211,85.52631578947368,1.8421052631578947,64.07894736842105,99.47368421052632,84.07894736842105,5.131578947368421,0.2631578947368421
2526,understat:29153,2026-05-24,manchester_city,aston_villa,H,mgr:26dfbbc164aa,Pep Guardiola,4222,L,False,40.22346368715084,49,77.63713080168776,14,5.9071729957805905,54.166666666666664,23,9.70464135021097,12,7.681564245810056,10,16,1,1.38085,42.54347826086956,18.840579710144926,6,7,31,10,7.142857142857143,21.73913043478261,70.0,0.086303125,team_tactical_v1,OBSERVED_TACTICAL_FEATURE,False,99.47368421052632,90.0,55.0,36.31578947368421,1.9736842105263157,20.789473684210527,82.89473684210526,20.263157894736842,72.5,95.13157894736842,68.28947368421052,80.92105263157895,58.55263157894737,49.73684210526316,97.76315789473684,96.97368421052632,15.657894736842104,44.21052631578947,11.18421052631579,0.2631578947368421
2526,understat:29154,2026-05-24,bournemouth,nottingham_forest,A,mgr:b4b8eecb310f,Andoni Iraola,4231,D,False,33.2094175960347,39,78.19905213270142,15,7.109004739336493,71.42857142857143,21,9.95260663507109,14,4.956629491945477,12,17,1,1.33684,43.42095238095238,23.80952380952381,8,18,40,26,13.333333333333334,47.61904761904762,46.15384615384615,0.07863764705882353,team_tactical_v1,OBSERVED_TACTICAL_FEATURE,False,94.21052631578948,76.44736842105263,58.94736842105263,41.71052631578947,3.9473684210526314,81.97368421052632,74.21052631578948,22.63157894736842,84.07894736842105,51.71052631578947,82.5,85.92105263157895,58.55263157894737,47.10526315789474,98.8157894736842,99.47368421052632,37.63157894736842,99.47368421052632,52.36842105263158,35.526315789473685
2526,understat:29154,2026-05-24,nottingham_forest,bournemouth,H,mgr:807de4c745b0,Vítor Manuel de Oliveira Lopes Pereira,442,D,False,18.69688385269122,24,62.765957446808514,17,18.085106382978722,66.66666666666667,20,21.27659574468085,6,4.674220963172805,10,15,1,2.05852,28.880733944954127,7.339449541284404,8,10,45,26,35.294117647058826,20.0,53.84615384615385,0.13723466666666667,team_tactical_v1,OBSERVED_TACTICAL_FEATURE,False,20.526315789473685,26.05263157894737,1.3157894736842106,51.973684210526315,81.05263157894737,70.92105263157895,70.65789473684211,83.28947368421052,20.789473684210527,44.86842105263158,68.28947368421052,74.73684210526316,58.55263157894737,74.73684210526316,21.31578947368421,40.6578947368421,37.63157894736842,78.28947368421052,77.23684210526316,35.526315789473685
2526,understat:29155,2026-05-24,chelsea,sunderland,A,mgr:3b963ae58719,Calum McFarlane,3412,L,True,16.983695652173914,26,70.52631578947368,9,9.473684210526315,57.142857142857146,21,22.105263157894736,5,2.717391304347826,7,9,2,0.920885,26.017283950617283,3.7037037037037037,3,9,32,19,11.11111111111111,33.333333333333336,68.42105263157895,0.10232055555555555,team_tactical_v1,OBSERVED_TACTICAL_FEATURE,False,9.605263157894736,33.1578947368421,13.026315789473685,10.394736842105264,14.736842105263158,33.81578947368421,74.21052631578948,85.78947368421052,13.947368421052632,6.973684210526316,35.6578947368421,27.63157894736842,83.15789473684211,27.105263157894736,8.157894736842104,10.131578947368421,2.1052631578947367,68.02631578947368,14.342105263157896,12.894736842105264
2526,understat:29155,2026-05-24,sunderland,chelsea,H,mgr:1a031e232e88,Régis Le Bris,4231,W,False,30.39370078740157,36,77.61194029850746,18,13.432835820895523,53.125,8,5.970149253731344,12,7.559055118110236,17,21,1,2.33109,37.708247422680415,15.463917525773196,12,11,40,19,5.555555555555555,25.0,31.57894736842105,0.11100428571428572,team_tactical_v1,OBSERVED_TACTICAL_FEATURE,False,88.42105263157895,70.39473684210526,54.86842105263158,57.89473684210526,45.6578947368421,17.105263157894736,3.9473684210526314,2.8947368421052633,72.5,94.47368421052632,96.97368421052632,95.92105263157895,58.55263157894737,82.36842105263158,85.78947368421052,91.3157894736842,77.36842105263158,84.07894736842105,52.36842105263158,12.894736842105264
2526,understat:29156,2026-05-24,everton,tottenham_hotspur,A,mgr:84316c036a2d,David Moyes,4231,L,False,26.685393258426966,32,84.55882352941177,23,16.91176470588235,50.0,16,11.764705882352942,12,4.49438202247191,9,10,0,0.268476,32.81612903225807,6.451612903225806,10,4,33,46,30.43478260869565,43.75,50.0,0.0268476,team_tactical_v1,OBSERVED_TACTICAL_FEATURE,False,73.28947368421052,59.3421052631579,93.28947368421052,79.60526315789474,74.34210526315789,13.947368421052632,44.3421052631579,38.28947368421053,72.5,40.6578947368421,57.76315789473684,35.13157894736842,25.394736842105264,3.1578947368421053,53.421052631578945,31.710526315789473,60.921052631578945,12.368421052631579,17.763157894736842,90.52631578947368
2526,understat:29156,2026-05-24,tottenham_hotspur,everton,H,mgr:b283d24885e5,Roberto De Zerbi,4231,W,False,22.563417890520693,22,79.3103448275862,24,20.689655172413794,48.38709677419355,25,21.551724137931036,10,6.008010680907877,12,20,1,1.40597,32.385840707964604,11.504424778761061,15,10,38,46,37.5,32.0,50.0,0.0702985,team_tactical_v1,OBSERVED_TACTICAL_FEATURE,False,47.63157894736842,18.42105263157895,67.23684210526316,81.84210526315789,91.84210526315789,9.078947368421053,89.21052631578948,84.07894736842105,56.44736842105263,77.63157894736842,82.5,93.6842105263158,58.55263157894737,50.78947368421053,51.578947368421055,75.52631578947368,93.42105263157895,78.28947368421052,40.13157894736842,90.52631578947368
2526,understat:29157,2026-05-24,leeds_united,west_ham,A,mgr:fa5d385e34dc,Daniel Farke,352,L,False,20.522875816993466,31,75.63025210084034,18,15.126050420168067,73.6842105263158,12,10.084033613445378,5,4.836601307189542,10,13,0,1.94969,33.652830188679246,7.547169811320755,9,7,40,24,22.22222222222222,66.66666666666667,58.333333333333336,0.14997615384615384,team_tactical_v1,OBSERVED_TACTICAL_FEATURE,False,34.21052631578947,55.13157894736842,39.473684210526315,57.89473684210526,59.21052631578947,86.84210526315789,21.31578947368421,23.68421052631579,13.947368421052632,48.68421052631579,68.28947368421052,58.421052631578945,25.394736842105264,71.05263157894737,60.13157894736842,42.23684210526316,49.3421052631579,44.21052631578947,52.36842105263158,26.57894736842105
2526,understat:29157,2026-05-24,west_ham,leeds_united,H,mgr:b68b19e445ac,Nuno Herlander Simões Espírito Santo,4231,W,False,23.322683706070286,28,77.14285714285714,25,23.80952380952381,70.83333333333333,19,18.095238095238095,6,6.8690095846645365,10,16,3,2.73135,29.820689655172416,8.045977011494253,8,7,40,24,16.0,42.10526315789474,41.66666666666666,0.170709375,team_tactical_v1,OBSERVED_TACTICAL_FEATURE,False,52.63157894736842,41.973684210526315,51.31578947368421,84.07894736842105,99.07894736842105,79.60526315789474,63.55263157894737,73.15789473684211,20.789473684210527,88.6842105263158,68.28947368421052,80.92105263157895,96.05263157894737,90.65789473684211,28.289473684210527,47.89473684210526,37.63157894736842,44.21052631578947,52.36842105263158,26.57894736842105
