canonical_match_id,canonical_player_id,club_id,opponent_id,whoscored_player_id,rating,formation,actual_tactical_role,minutes,started,key_passes,dribbles_attempted,dribbles_successful,aerial_attempts,aerial_wins,tackles,interceptions,clearances,recoveries,blocked_passes,raw_crosses,through_balls,shots,shots_on_target,goals,fouls,passes_attempted,passes_completed,feature_class,contains_prediction,venue,date,manager_id,manager_name,fantrax_period,fantrax_alignment,understat_alignment,fantrax_points,ghost_points,assists,cross_attempts,accurate_crosses_derived,tackle_attempts,tackles_won_derived,official_assists,cross_attempts_source,accurate_crosses_derived_source,tackle_attempts_source,tackles_won_derived_source,official_assists_source,fantrax_player_id,fantrax_fantasy_points,fantrax_ghost_points,fantrax_key_passes,fantrax_aerials_won,fantrax_interceptions,current_manager_id,key_passes_source,aerial_wins_source,interceptions_source,xg,xa,xgi,player_name
soccerdata:sofascore:16363633,FTX-05TQX,arsenal,coventry_city,276366,6.81,4231,GK,,True,0.0,0,0,0,0.0,0,0.0,1,1,0,0,0,0,0,0,0,25,21,observed_or_derived,False,HOME,2026-08-21,mgr:5fdd2f365fdc,Mikel Arteta,1,EXACT_PLAYER_PERIOD_DETAILED,EXACT_PLAYER_MATCH,8.5,2.5,0.0,0,0,0.0,0.0,0,WHOSCORED_SOURCE_SPECIFIC,WHOSCORED_DERIVED_VALIDATED,WHOSCORED_SOURCE_SPECIFIC,WHOSCORED_DERIVED_VALIDATED,WHOSCORED_SOURCE_SPECIFIC,05tqx,8.5,2.5,0.0,0.0,0.0,ayk8m85amrp1z5vo,FANTRAX,FANTRAX,FANTRAX,0.0,0.0,0.0,David Raya
soccerdata:sofascore:16363633,FTX-04E1E,arsenal,coventry_city,322036,7.82,4231,RB,,True,2.0,0,0,5,3.0,1,1.0,4,3,0,4,0,1,1,0,1,84,77,observed_or_derived,False,HOME,2026-08-21,mgr:5fdd2f365fdc,Mikel Arteta,1,EXACT_PLAYER_PERIOD_DETAILED,EXACT_PLAYER_MATCH,23.5,10.5,0.0,3,0,1.0,1.0,1,WHOSCORED_SOURCE_SPECIFIC,WHOSCORED_DERIVED_VALIDATED,WHOSCORED_SOURCE_SPECIFIC,WHOSCORED_DERIVED_VALIDATED,WHOSCORED_SOURCE_SPECIFIC,04e1e,23.5,10.5,2.0,3.0,1.0,w2mnqywumrp1z5vp,FANTRAX,FANTRAX,FANTRAX,0.1290393024682998,0.1871797144412994,0.3162190169095992,Ben White
soccerdata:sofascore:16363633,FTX-05NZU,arsenal,coventry_city,334087,6.69,4231,CB,,True,0.0,0,0,4,0.0,0,1.0,4,2,1,1,0,1,0,0,4,57,54,observed_or_derived,False,HOME,2026-08-21,mgr:5fdd2f365fdc,Mikel Arteta,1,EXACT_PLAYER_PERIOD_DETAILED,EXACT_PLAYER_MATCH,6.0,0.0,0.0,0,0,0.0,0.0,0,WHOSCORED_SOURCE_SPECIFIC,WHOSCORED_DERIVED_VALIDATED,WHOSCORED_SOURCE_SPECIFIC,WHOSCORED_DERIVED_VALIDATED,WHOSCORED_SOURCE_SPECIFIC,05nzu,6.0,0.0,0.0,0.0,1.0,rx9bjhp3mrp1z5vo,FANTRAX,FANTRAX,FANTRAX,0.0287130381911993,0.0,0.0287130381911993,Gabriel Magalhães
soccerdata:sofascore:16363633,FTX-06ZBM,arsenal,coventry_city,425591,7.12,4231,CB,,True,0.0,1,1,3,1.0,0,1.0,5,3,1,0,0,0,0,0,1,65,62,observed_or_derived,False,HOME,2026-08-21,mgr:5fdd2f365fdc,Mikel Arteta,1,EXACT_PLAYER_PERIOD_DETAILED,EXACT_PLAYER_MATCH,11.5,5.5,0.0,0,0,0.0,0.0,0,WHOSCORED_SOURCE_SPECIFIC,WHOSCORED_DERIVED_VALIDATED,WHOSCORED_SOURCE_SPECIFIC,WHOSCORED_DERIVED_VALIDATED,WHOSCORED_SOURCE_SPECIFIC,06zbm,11.5,5.5,0.0,1.0,1.0,acjx0vg4mrp1z5vo,FANTRAX,FANTRAX,FANTRAX,0.0,0.0,0.0,Cristhian Mosquera
soccerdata:sofascore:16363633,FTX-06NU7,arsenal,coventry_city,386519,7.42,4231,LB,,True,1.0,0,0,2,1.0,1,0.0,4,1,0,0,0,1,1,0,0,28,23,observed_or_derived,False,HOME,2026-08-21,mgr:5fdd2f365fdc,Mikel Arteta,1,EXACT_PLAYER_PERIOD_DETAILED,EXACT_PLAYER_MATCH,19.0,6.0,0.0,0,0,1.0,1.0,1,WHOSCORED_SOURCE_SPECIFIC,WHOSCORED_DERIVED_VALIDATED,WHOSCORED_SOURCE_SPECIFIC,WHOSCORED_DERIVED_VALIDATED,WHOSCORED_SOURCE_SPECIFIC,06nu7,19.0,6.0,1.0,1.0,0.0,qwkltl98mrp1z5vp,FANTRAX,FANTRAX,FANTRAX,0.0837049335241317,0.0983534529805183,0.18205838650465,Riccardo Calafiori
soccerdata:sofascore:16363633,FTX-04AGZ,arsenal,coventry_city,332325,6.84,4231,DM,,True,0.0,0,0,0,0.0,0,1.0,2,3,0,4,0,2,0,0,2,80,72,observed_or_derived,False,HOME,2026-08-21,mgr:5fdd2f365fdc,Mikel Arteta,1,EXACT_PLAYER_PERIOD_DETAILED,EXACT_PLAYER_MATCH,3.0,2.0,0.0,4,0,0.0,0.0,0,WHOSCORED_SOURCE_SPECIFIC,WHOSCORED_DERIVED_VALIDATED,WHOSCORED_SOURCE_SPECIFIC,WHOSCORED_DERIVED_VALIDATED,WHOSCORED_SOURCE_SPECIFIC,04agz,3.0,2.0,0.0,0.0,1.0,aup99ojzmrp1z5vp,FANTRAX,FANTRAX,FANTRAX,0.0399413481354713,0.0,0.0399413481354713,Declan Rice
soccerdata:sofascore:16363633,FTX-066SD,arsenal,coventry_city,467918,7.05,4231,DM,,True,1.0,0,0,1,1.0,1,0.0,0,5,1,0,1,1,0,0,4,81,77,observed_or_derived,False,HOME,2026-08-21,mgr:5fdd2f365fdc,Mikel Arteta,1,EXACT_PLAYER_PERIOD_DETAILED,EXACT_PLAYER_MATCH,10.0,4.0,0.0,0,0,1.0,0.0,0,WHOSCORED_SOURCE_SPECIFIC,WHOSCORED_DERIVED_VALIDATED,WHOSCORED_SOURCE_SPECIFIC,WHOSCORED_DERIVED_VALIDATED,WHOSCORED_SOURCE_SPECIFIC,066sd,10.0,4.0,1.0,1.0,0.0,h1vdt8ynmrp1z5vp,FANTRAX,FANTRAX,FANTRAX,0.0477312244474887,0.0517841055989265,0.0995153300464152,Myles Lewis-Skelly
soccerdata:sofascore:16363633,FTX-04Y92,arsenal,coventry_city,367185,7.8,4231,RW,,True,2.0,2,1,1,0.0,1,0.0,2,4,0,5,0,3,3,1,1,39,30,observed_or_derived,False,HOME,2026-08-21,mgr:5fdd2f365fdc,Mikel Arteta,1,EXACT_PLAYER_PERIOD_DETAILED,EXACT_PLAYER_MATCH,18.0,8.0,0.0,5,0,1.0,1.0,0,WHOSCORED_SOURCE_SPECIFIC,WHOSCORED_DERIVED_VALIDATED,WHOSCORED_SOURCE_SPECIFIC,WHOSCORED_DERIVED_VALIDATED,WHOSCORED_SOURCE_SPECIFIC,04y92,18.0,8.0,2.0,0.0,0.0,cjn4stydmrp1z5vp,FANTRAX,FANTRAX,FANTRAX,0.776260256767273,0.0469839461147785,0.8232442028820515,Bukayo Saka
soccerdata:sofascore:16363633,pr_41ec866daf042593,arsenal,coventry_city,247454,8.2,4231,CAM,,True,3.0,1,0,2,0.0,3,0.0,1,4,0,2,1,3,3,1,1,58,52,observed_or_derived,False,HOME,2026-08-21,mgr:5fdd2f365fdc,Mikel Arteta,1,EXACT_PLAYER_PERIOD_DETAILED,EXACT_PLAYER_MATCH,20.5,10.5,0.0,2,0,3.0,2.0,0,WHOSCORED_SOURCE_SPECIFIC,WHOSCORED_DERIVED_VALIDATED,WHOSCORED_SOURCE_SPECIFIC,WHOSCORED_DERIVED_VALIDATED,WHOSCORED_SOURCE_SPECIFIC,05r9b,20.5,10.5,3.0,0.0,0.0,ayk8m85amrp1z5vo,FANTRAX,FANTRAX,FANTRAX,0.2309937477111816,0.2855894863605499,0.5165832340717316,Martin Ødegaard
soccerdata:sofascore:16363633,pr_975edca78e5e06f1,arsenal,coventry_city,399296,7.43,4231,LW,,True,3.0,0,0,3,1.0,1,0.0,2,3,1,3,0,4,3,0,2,40,32,observed_or_derived,False,HOME,2026-08-21,mgr:5fdd2f365fdc,Mikel Arteta,1,EXACT_PLAYER_PERIOD_DETAILED,UNRESOLVED,19.5,13.5,0.0,3,1,1.0,1.0,0,WHOSCORED_SOURCE_SPECIFIC,WHOSCORED_DERIVED_VALIDATED,WHOSCORED_SOURCE_SPECIFIC,WHOSCORED_DERIVED_VALIDATED,WHOSCORED_SOURCE_SPECIFIC,05uox,19.5,13.5,3.0,1.0,0.0,rx9bjhp3mrp1z5vo,FANTRAX,FANTRAX,FANTRAX,,,,Christos Tzolis
soccerdata:sofascore:16363633,FTX-05O6H,arsenal,coventry_city,326413,7.97,4231,ST,,True,1.0,1,0,5,3.0,0,1.0,1,0,1,0,0,1,1,1,4,25,20,observed_or_derived,False,HOME,2026-08-21,mgr:5fdd2f365fdc,Mikel Arteta,1,EXACT_PLAYER_PERIOD_DETAILED,EXACT_PLAYER_MATCH,16.0,7.0,0.0,0,0,0.0,0.0,0,WHOSCORED_SOURCE_SPECIFIC,WHOSCORED_DERIVED_VALIDATED,WHOSCORED_SOURCE_SPECIFIC,WHOSCORED_DERIVED_VALIDATED,WHOSCORED_SOURCE_SPECIFIC,05o6h,16.0,7.0,1.0,3.0,1.0,hpsurdtbmrp1z5vo,FANTRAX,FANTRAX,FANTRAX,0.0983534529805183,0.0477312244474887,0.146084677428007,Kai Havertz
soccerdata:sofascore:16363633,FTX-070HQ,arsenal,coventry_city,404832,5.99,4231,,,False,0.0,0,0,1,0.0,0,0.0,0,0,1,1,0,0,0,0,0,8,7,observed_or_derived,False,HOME,2026-08-21,mgr:5fdd2f365fdc,Mikel Arteta,1,NO_DETAILED_FANTRAX_ROW,EXACT_PLAYER_MATCH,0.0,,0.0,1,0,0.0,0.0,0,WHOSCORED_SOURCE_SPECIFIC,WHOSCORED_DERIVED_VALIDATED,WHOSCORED_SOURCE_SPECIFIC,WHOSCORED_DERIVED_VALIDATED,WHOSCORED_SOURCE_SPECIFIC,070hq,0.0,,0.0,,,,WHOSCORED_CURRENT_OBSERVED,WHOSCORED_CURRENT_OBSERVED,WHOSCORED_CURRENT_OBSERVED,0.0,0.0,0.0,Piero Hincapié
soccerdata:sofascore:16363633,FTX-04HK9,arsenal,coventry_city,238916,6.38,4231,,,False,0.0,1,1,0,0.0,0,0.0,0,2,0,0,0,2,2,0,1,12,11,observed_or_derived,False,HOME,2026-08-21,mgr:5fdd2f365fdc,Mikel Arteta,1,NO_DETAILED_FANTRAX_ROW,EXACT_PLAYER_MATCH,3.0,,0.0,0,0,0.0,0.0,0,WHOSCORED_SOURCE_SPECIFIC,WHOSCORED_DERIVED_VALIDATED,WHOSCORED_SOURCE_SPECIFIC,WHOSCORED_DERIVED_VALIDATED,WHOSCORED_SOURCE_SPECIFIC,04hk9,3.0,,0.0,,,,WHOSCORED_CURRENT_OBSERVED,WHOSCORED_CURRENT_OBSERVED,WHOSCORED_CURRENT_OBSERVED,0.1443382352590561,0.0,0.1443382352590561,Mikel Merino
soccerdata:sofascore:16363633,FTX-06Y9Z,arsenal,coventry_city,372424,6.18,4231,,,False,0.0,0,0,0,0.0,1,0.0,0,2,1,0,0,0,0,0,0,28,26,observed_or_derived,False,HOME,2026-08-21,mgr:5fdd2f365fdc,Mikel Arteta,1,NO_DETAILED_FANTRAX_ROW,EXACT_PLAYER_MATCH,0.0,,0.0,0,0,1.0,0.0,0,WHOSCORED_SOURCE_SPECIFIC,WHOSCORED_DERIVED_VALIDATED,WHOSCORED_SOURCE_SPECIFIC,WHOSCORED_DERIVED_VALIDATED,WHOSCORED_SOURCE_SPECIFIC,06y9z,0.0,,0.0,,,,WHOSCORED_CURRENT_OBSERVED,WHOSCORED_CURRENT_OBSERVED,WHOSCORED_CURRENT_OBSERVED,0.0,0.0,0.0,Martín Zubimendi
soccerdata:sofascore:16363633,FTX-05NT6,arsenal,coventry_city,332403,6.08,4231,,,False,0.0,1,0,0,0.0,0,0.0,0,2,0,0,0,1,0,0,2,7,6,observed_or_derived,False,HOME,2026-08-21,mgr:5fdd2f365fdc,Mikel Arteta,1,EXACT_PLAYER_PERIOD_DETAILED,EXACT_PLAYER_MATCH,0.0,0.0,0.0,0,0,0.0,0.0,0,WHOSCORED_SOURCE_SPECIFIC,WHOSCORED_DERIVED_VALIDATED,WHOSCORED_SOURCE_SPECIFIC,WHOSCORED_DERIVED_VALIDATED,WHOSCORED_SOURCE_SPECIFIC,05nt6,0.0,0.0,0.0,0.0,0.0,h1vdt8ynmrp1z5vp,FANTRAX,FANTRAX,FANTRAX,0.0374864414334297,0.0,0.0374864414334297,Eberechi Eze
soccerdata:sofascore:16363633,FTX-068N8,arsenal,coventry_city,389935,6.63,4231,,,False,4.0,2,1,1,1.0,0,0.0,0,2,0,1,0,0,0,0,0,16,13,observed_or_derived,False,HOME,2026-08-21,mgr:5fdd2f365fdc,Mikel Arteta,1,NO_DETAILED_FANTRAX_ROW,EXACT_PLAYER_MATCH,9.5,,0.0,1,0,0.0,0.0,0,WHOSCORED_SOURCE_SPECIFIC,WHOSCORED_DERIVED_VALIDATED,WHOSCORED_SOURCE_SPECIFIC,WHOSCORED_DERIVED_VALIDATED,WHOSCORED_SOURCE_SPECIFIC,068n8,9.5,,4.0,,,,WHOSCORED_CURRENT_OBSERVED,WHOSCORED_CURRENT_OBSERVED,WHOSCORED_CURRENT_OBSERVED,0.0,0.2490433752536773,0.2490433752536773,Noni Madueke
soccerdata:sofascore:16363633,FTX-04U40,arsenal,coventry_city,113880,,4231,,,False,0.0,0,0,0,0.0,0,0.0,0,0,0,0,0,0,0,0,0,0,0,observed_or_derived,False,HOME,2026-08-21,mgr:5fdd2f365fdc,Mikel Arteta,1,NO_DETAILED_FANTRAX_ROW,UNRESOLVED,0.0,,0.0,0,0,0.0,0.0,0,WHOSCORED_SOURCE_SPECIFIC,WHOSCORED_DERIVED_VALIDATED,WHOSCORED_SOURCE_SPECIFIC,WHOSCORED_DERIVED_VALIDATED,WHOSCORED_SOURCE_SPECIFIC,04u40,0.0,,,,,,WHOSCORED_CURRENT_OBSERVED,WHOSCORED_CURRENT_OBSERVED,WHOSCORED_CURRENT_OBSERVED,,,,Kepa Arrizabalaga
soccerdata:sofascore:16363633,FTX-04TSB,arsenal,coventry_city,362815,,4231,,,False,0.0,0,0,0,0.0,0,0.0,0,0,0,0,0,0,0,0,0,0,0,observed_or_derived,False,HOME,2026-08-21,mgr:5fdd2f365fdc,Mikel Arteta,1,EXACT_PLAYER_PERIOD_DETAILED,UNRESOLVED,0.0,,0.0,0,0,0.0,0.0,0,WHOSCORED_SOURCE_SPECIFIC,WHOSCORED_DERIVED_VALIDATED,WHOSCORED_SOURCE_SPECIFIC,WHOSCORED_DERIVED_VALIDATED,WHOSCORED_SOURCE_SPECIFIC,04tsb,0.0,,0.0,0.0,0.0,h1vdt8ynmrp1z5vp,FANTRAX,FANTRAX,FANTRAX,,,,Viktor Gyökeres
soccerdata:sofascore:16363633,FTX-065AO,arsenal,coventry_city,456771,,4231,,,False,0.0,0,0,0,0.0,0,0.0,0,0,0,0,0,0,0,0,0,0,0,observed_or_derived,False,HOME,2026-08-21,mgr:5fdd2f365fdc,Mikel Arteta,1,NO_DETAILED_FANTRAX_ROW,UNRESOLVED,0.0,,0.0,0,0,0.0,0.0,0,WHOSCORED_SOURCE_SPECIFIC,WHOSCORED_DERIVED_VALIDATED,WHOSCORED_SOURCE_SPECIFIC,WHOSCORED_DERIVED_VALIDATED,WHOSCORED_SOURCE_SPECIFIC,065ao,0.0,,,,,,WHOSCORED_CURRENT_OBSERVED,WHOSCORED_CURRENT_OBSERVED,WHOSCORED_CURRENT_OBSERVED,,,,Ethan Nwaneri
soccerdata:sofascore:16363633,FTX-06ZBP,arsenal,coventry_city,571994,,4231,,,False,0.0,0,0,0,0.0,0,0.0,0,0,0,0,0,0,0,0,0,0,0,observed_or_derived,False,HOME,2026-08-21,mgr:5fdd2f365fdc,Mikel Arteta,1,NO_DETAILED_FANTRAX_ROW,UNRESOLVED,0.0,,0.0,0,0,0.0,0.0,0,WHOSCORED_SOURCE_SPECIFIC,WHOSCORED_DERIVED_VALIDATED,WHOSCORED_SOURCE_SPECIFIC,WHOSCORED_DERIVED_VALIDATED,WHOSCORED_SOURCE_SPECIFIC,06zbp,0.0,,,,,,WHOSCORED_CURRENT_OBSERVED,WHOSCORED_CURRENT_OBSERVED,WHOSCORED_CURRENT_OBSERVED,,,,Max Dowman
soccerdata:sofascore:16363633,pr_5e49c1cd91f1f34d,coventry_city,arsenal,421944,6.17,4141,GK,,True,0.0,0,0,0,0.0,0,0.0,1,0,0,0,0,0,0,0,0,48,32,observed_or_derived,False,AWAY,2026-08-21,mgr:fb84c76f2aab,Frank Lampard,1,NO_DETAILED_FANTRAX_ROW,UNRESOLVED,3.5,,0.0,0,0,0.0,0.0,0,WHOSCORED_SOURCE_SPECIFIC,WHOSCORED_DERIVED_VALIDATED,WHOSCORED_SOURCE_SPECIFIC,WHOSCORED_DERIVED_VALIDATED,WHOSCORED_SOURCE_SPECIFIC,062ct,3.5,,,,,,WHOSCORED_CURRENT_OBSERVED,WHOSCORED_CURRENT_OBSERVED,WHOSCORED_CURRENT_OBSERVED,,,,Carl Rushworth
soccerdata:sofascore:16363633,pr_324f38903221c32b,coventry_city,arsenal,379760,5.11,4141,RB,,True,0.0,0,0,1,0.0,1,1.0,3,3,1,0,0,0,0,0,2,23,16,observed_or_derived,False,AWAY,2026-08-21,mgr:fb84c76f2aab,Frank Lampard,1,EXACT_PLAYER_PERIOD_DETAILED,UNRESOLVED,0.0,0.0,0.0,0,0,1.0,0.0,0,WHOSCORED_SOURCE_SPECIFIC,WHOSCORED_DERIVED_VALIDATED,WHOSCORED_SOURCE_SPECIFIC,WHOSCORED_DERIVED_VALIDATED,WHOSCORED_SOURCE_SPECIFIC,076d0,0.0,0.0,0.0,0.0,1.0,cjn4stydmrp1z5vp,FANTRAX,FANTRAX,FANTRAX,,,,Milan van Ewijk
soccerdata:sofascore:16363633,FTX-0784I,coventry_city,arsenal,450271,6.15,4141,CB,,True,0.0,0,0,3,1.0,0,0.0,6,4,1,0,0,0,0,0,1,33,28,observed_or_derived,False,AWAY,2026-08-21,mgr:fb84c76f2aab,Frank Lampard,1,NO_DETAILED_FANTRAX_ROW,EXACT_PLAYER_MATCH,3.0,,0.0,0,0,0.0,0.0,0,WHOSCORED_SOURCE_SPECIFIC,WHOSCORED_DERIVED_VALIDATED,WHOSCORED_SOURCE_SPECIFIC,WHOSCORED_DERIVED_VALIDATED,WHOSCORED_SOURCE_SPECIFIC,0784i,3.0,,0.0,,,,WHOSCORED_CURRENT_OBSERVED,WHOSCORED_CURRENT_OBSERVED,WHOSCORED_CURRENT_OBSERVED,0.0,0.0,0.0,Aurèle Amenda
soccerdata:sofascore:16363633,pr_cd2d216755538e53,coventry_city,arsenal,395615,6.81,4141,CB,,True,1.0,0,0,3,2.0,1,0.0,7,2,0,0,0,1,0,0,3,39,35,observed_or_derived,False,AWAY,2026-08-21,mgr:fb84c76f2aab,Frank Lampard,1,EXACT_PLAYER_PERIOD_DETAILED,UNRESOLVED,6.5,6.5,0.0,0,0,1.0,1.0,0,WHOSCORED_SOURCE_SPECIFIC,WHOSCORED_DERIVED_VALIDATED,WHOSCORED_SOURCE_SPECIFIC,WHOSCORED_DERIVED_VALIDATED,WHOSCORED_SOURCE_SPECIFIC,05l2z,6.5,6.5,1.0,2.0,0.0,2dxfjlk0mrp1z5vo,FANTRAX,FANTRAX,FANTRAX,,,,Bobby Thomas
soccerdata:sofascore:16363633,pr_d522b1300b9ba94f,coventry_city,arsenal,318767,5.78,4141,LB,,True,0.0,3,1,1,1.0,0,0.0,7,1,1,4,0,0,0,0,0,33,25,observed_or_derived,False,AWAY,2026-08-21,mgr:fb84c76f2aab,Frank Lampard,1,NO_DETAILED_FANTRAX_ROW,UNRESOLVED,1.5,,0.0,2,0,0.0,0.0,0,WHOSCORED_SOURCE_SPECIFIC,WHOSCORED_DERIVED_VALIDATED,WHOSCORED_SOURCE_SPECIFIC,WHOSCORED_DERIVED_VALIDATED,WHOSCORED_SOURCE_SPECIFIC,03fgl,1.5,,,,,,WHOSCORED_CURRENT_OBSERVED,WHOSCORED_CURRENT_OBSERVED,WHOSCORED_CURRENT_OBSERVED,,,,Jay Dasilva
soccerdata:sofascore:16363633,pr_250a525c8fb0b806,coventry_city,arsenal,138584,6.13,4141,DM,,True,0.0,0,0,4,3.0,0,0.0,3,3,0,3,0,0,0,0,2,59,50,observed_or_derived,False,AWAY,2026-08-21,mgr:fb84c76f2aab,Frank Lampard,1,EXACT_PLAYER_PERIOD_DETAILED,UNRESOLVED,4.0,4.0,0.0,3,0,0.0,0.0,0,WHOSCORED_SOURCE_SPECIFIC,WHOSCORED_DERIVED_VALIDATED,WHOSCORED_SOURCE_SPECIFIC,WHOSCORED_DERIVED_VALIDATED,WHOSCORED_SOURCE_SPECIFIC,03mfe,4.0,4.0,0.0,3.0,0.0,cjn4stydmrp1z5vp,FANTRAX,FANTRAX,FANTRAX,,,,Matt Grimes
soccerdata:sofascore:16363633,FTX-06Y27,coventry_city,arsenal,425118,6.08,4141,RM,,True,0.0,3,1,2,1.0,0,0.0,3,5,0,2,0,2,1,0,3,32,22,observed_or_derived,False,AWAY,2026-08-21,mgr:fb84c76f2aab,Frank Lampard,1,NO_DETAILED_FANTRAX_ROW,EXACT_PLAYER_MATCH,2.5,,0.0,2,0,0.0,0.0,0,WHOSCORED_SOURCE_SPECIFIC,WHOSCORED_DERIVED_VALIDATED,WHOSCORED_SOURCE_SPECIFIC,WHOSCORED_DERIVED_VALIDATED,WHOSCORED_SOURCE_SPECIFIC,06y27,2.5,,0.0,,,,WHOSCORED_CURRENT_OBSERVED,WHOSCORED_CURRENT_OBSERVED,WHOSCORED_CURRENT_OBSERVED,0.0451366230845451,0.0,0.0451366230845451,Loum Tchaouna
soccerdata:sofascore:16363633,FTX-078G4,coventry_city,arsenal,561984,5.57,4141,CM,,True,0.0,0,0,1,1.0,0,0.0,0,3,0,0,0,0,0,0,2,13,10,observed_or_derived,False,AWAY,2026-08-21,mgr:fb84c76f2aab,Frank Lampard,1,NO_DETAILED_FANTRAX_ROW,EXACT_PLAYER_MATCH,-1.5,,0.0,0,0,0.0,0.0,0,WHOSCORED_SOURCE_SPECIFIC,WHOSCORED_DERIVED_VALIDATED,WHOSCORED_SOURCE_SPECIFIC,WHOSCORED_DERIVED_VALIDATED,WHOSCORED_SOURCE_SPECIFIC,078g4,-1.5,,0.0,,,,WHOSCORED_CURRENT_OBSERVED,WHOSCORED_CURRENT_OBSERVED,WHOSCORED_CURRENT_OBSERVED,0.0,0.0,0.0,Caleb Yirenkyi
soccerdata:sofascore:16363633,FTX-05UE7,coventry_city,arsenal,404109,6.0,4141,CM,,True,0.0,0,0,0,0.0,1,3.0,0,5,0,0,0,0,0,0,4,22,16,observed_or_derived,False,AWAY,2026-08-21,mgr:fb84c76f2aab,Frank Lampard,1,NO_DETAILED_FANTRAX_ROW,EXACT_PLAYER_MATCH,4.0,,0.0,0,0,1.0,1.0,0,WHOSCORED_SOURCE_SPECIFIC,WHOSCORED_DERIVED_VALIDATED,WHOSCORED_SOURCE_SPECIFIC,WHOSCORED_DERIVED_VALIDATED,WHOSCORED_SOURCE_SPECIFIC,05ue7,4.0,,0.0,,,,WHOSCORED_CURRENT_OBSERVED,WHOSCORED_CURRENT_OBSERVED,WHOSCORED_CURRENT_OBSERVED,0.0,0.0,0.0,Frank Onyeka
soccerdata:sofascore:16363633,pr_93aaa65524dc1a19,coventry_city,arsenal,331235,6.28,4141,LM,,True,0.0,1,0,6,2.0,0,4.0,1,1,0,1,0,0,0,0,2,11,6,observed_or_derived,False,AWAY,2026-08-21,mgr:fb84c76f2aab,Frank Lampard,1,NO_DETAILED_FANTRAX_ROW,UNRESOLVED,5.5,,0.0,1,0,0.0,0.0,0,WHOSCORED_SOURCE_SPECIFIC,WHOSCORED_DERIVED_VALIDATED,WHOSCORED_SOURCE_SPECIFIC,WHOSCORED_DERIVED_VALIDATED,WHOSCORED_SOURCE_SPECIFIC,076db,5.5,,,,,,WHOSCORED_CURRENT_OBSERVED,WHOSCORED_CURRENT_OBSERVED,WHOSCORED_CURRENT_OBSERVED,,,,Brandon Thomas-Asante
soccerdata:sofascore:16363633,pr_1cf49c747203c77b,coventry_city,arsenal,396483,6.17,4141,ST,,True,1.0,2,1,3,3.0,0,0.0,1,2,0,0,0,0,0,0,3,13,9,observed_or_derived,False,AWAY,2026-08-21,mgr:fb84c76f2aab,Frank Lampard,1,NO_DETAILED_FANTRAX_ROW,UNRESOLVED,5.0,,0.0,0,0,0.0,0.0,0,WHOSCORED_SOURCE_SPECIFIC,WHOSCORED_DERIVED_VALIDATED,WHOSCORED_SOURCE_SPECIFIC,WHOSCORED_DERIVED_VALIDATED,WHOSCORED_SOURCE_SPECIFIC,05m9r,5.0,,,,,,WHOSCORED_CURRENT_OBSERVED,WHOSCORED_CURRENT_OBSERVED,WHOSCORED_CURRENT_OBSERVED,,,,Ellis Simms
soccerdata:sofascore:16363633,pr_0083a6386e63c255,coventry_city,arsenal,409424,6.4,4141,,,False,1.0,0,0,0,0.0,0,1.0,1,0,1,3,0,0,0,0,0,15,13,observed_or_derived,False,AWAY,2026-08-21,mgr:fb84c76f2aab,Frank Lampard,1,NO_DETAILED_FANTRAX_ROW,UNRESOLVED,3.5,,0.0,2,1,0.0,0.0,0,WHOSCORED_SOURCE_SPECIFIC,WHOSCORED_DERIVED_VALIDATED,WHOSCORED_SOURCE_SPECIFIC,WHOSCORED_DERIVED_VALIDATED,WHOSCORED_SOURCE_SPECIFIC,076d7,3.5,,,,,,WHOSCORED_CURRENT_OBSERVED,WHOSCORED_CURRENT_OBSERVED,WHOSCORED_CURRENT_OBSERVED,,,,Victor Torp
soccerdata:sofascore:16363633,FTX-06FG0,coventry_city,arsenal,332143,6.05,4141,,,False,0.0,1,0,2,1.0,0,0.0,0,1,0,0,0,0,0,0,0,7,5,observed_or_derived,False,AWAY,2026-08-21,mgr:fb84c76f2aab,Frank Lampard,1,NO_DETAILED_FANTRAX_ROW,EXACT_PLAYER_MATCH,0.5,,0.0,0,0,0.0,0.0,0,WHOSCORED_SOURCE_SPECIFIC,WHOSCORED_DERIVED_VALIDATED,WHOSCORED_SOURCE_SPECIFIC,WHOSCORED_DERIVED_VALIDATED,WHOSCORED_SOURCE_SPECIFIC,06fg0,0.5,,0.0,,,,WHOSCORED_CURRENT_OBSERVED,WHOSCORED_CURRENT_OBSERVED,WHOSCORED_CURRENT_OBSERVED,0.0,0.0,0.0,Gustavo Hamer
soccerdata:sofascore:16363633,FTX-04RZL,coventry_city,arsenal,281049,6.02,4141,,,False,0.0,0,0,0,0.0,0,0.0,0,1,0,0,0,0,0,0,1,6,4,observed_or_derived,False,AWAY,2026-08-21,mgr:fb84c76f2aab,Frank Lampard,1,NO_DETAILED_FANTRAX_ROW,EXACT_PLAYER_MATCH,0.0,,0.0,0,0,0.0,0.0,0,WHOSCORED_SOURCE_SPECIFIC,WHOSCORED_DERIVED_VALIDATED,WHOSCORED_SOURCE_SPECIFIC,WHOSCORED_DERIVED_VALIDATED,WHOSCORED_SOURCE_SPECIFIC,04rzl,0.0,,0.0,,,,WHOSCORED_CURRENT_OBSERVED,WHOSCORED_CURRENT_OBSERVED,WHOSCORED_CURRENT_OBSERVED,0.0,0.0,0.0,Taiwo Awoniyi
soccerdata:sofascore:16363633,pr_8423ecb420e3995f,coventry_city,arsenal,381107,6.28,4141,,,False,0.0,0,0,2,2.0,1,0.0,0,4,0,0,1,1,1,0,0,13,9,observed_or_derived,False,AWAY,2026-08-21,mgr:fb84c76f2aab,Frank Lampard,1,EXACT_PLAYER_PERIOD_DETAILED,UNRESOLVED,3.0,3.0,0.0,0,0,1.0,0.0,0,WHOSCORED_SOURCE_SPECIFIC,WHOSCORED_DERIVED_VALIDATED,WHOSCORED_SOURCE_SPECIFIC,WHOSCORED_DERIVED_VALIDATED,WHOSCORED_SOURCE_SPECIFIC,076d3,3.0,3.0,0.0,2.0,0.0,cjn4stydmrp1z5vp,FANTRAX,FANTRAX,FANTRAX,,,,Jack Rudoni
soccerdata:sofascore:16363633,pr_36c16f1607d1980f,coventry_city,arsenal,383605,,4141,,,False,0.0,0,0,0,0.0,0,0.0,0,0,0,0,0,0,0,0,0,0,0,observed_or_derived,False,AWAY,2026-08-21,mgr:fb84c76f2aab,Frank Lampard,1,NO_DETAILED_FANTRAX_ROW,UNRESOLVED,0.0,,0.0,0,0,0.0,0.0,0,WHOSCORED_SOURCE_SPECIFIC,WHOSCORED_DERIVED_VALIDATED,WHOSCORED_SOURCE_SPECIFIC,WHOSCORED_DERIVED_VALIDATED,WHOSCORED_SOURCE_SPECIFIC,04h87,0.0,,,,,,WHOSCORED_CURRENT_OBSERVED,WHOSCORED_CURRENT_OBSERVED,WHOSCORED_CURRENT_OBSERVED,,,,Joel Latibeaudiere
soccerdata:sofascore:16363633,pr_bff16f790716cce3,coventry_city,arsenal,431539,,4141,,,False,0.0,0,0,0,0.0,0,0.0,0,0,0,0,0,0,0,0,0,0,0,observed_or_derived,False,AWAY,2026-08-21,mgr:fb84c76f2aab,Frank Lampard,1,NO_DETAILED_FANTRAX_ROW,UNRESOLVED,0.0,,0.0,0,0,0.0,0.0,0,WHOSCORED_SOURCE_SPECIFIC,WHOSCORED_DERIVED_VALIDATED,WHOSCORED_SOURCE_SPECIFIC,WHOSCORED_DERIVED_VALIDATED,WHOSCORED_SOURCE_SPECIFIC,076d4,0.0,,,,,,WHOSCORED_CURRENT_OBSERVED,WHOSCORED_CURRENT_OBSERVED,WHOSCORED_CURRENT_OBSERVED,,,,Tatsuhiro Sakamoto
soccerdata:sofascore:16363633,pr_17c2bbcff72a5cf1,coventry_city,arsenal,135769,,4141,,,False,0.0,0,0,0,0.0,0,0.0,0,0,0,0,0,0,0,0,0,0,0,observed_or_derived,False,AWAY,2026-08-21,mgr:fb84c76f2aab,Frank Lampard,1,NO_DETAILED_FANTRAX_ROW,UNRESOLVED,0.0,,0.0,0,0,0.0,0.0,0,WHOSCORED_SOURCE_SPECIFIC,WHOSCORED_DERIVED_VALIDATED,WHOSCORED_SOURCE_SPECIFIC,WHOSCORED_DERIVED_VALIDATED,WHOSCORED_SOURCE_SPECIFIC,076cx,0.0,,,,,,WHOSCORED_CURRENT_OBSERVED,WHOSCORED_CURRENT_OBSERVED,WHOSCORED_CURRENT_OBSERVED,,,,Ben Wilson
soccerdata:sofascore:16363633,pr_1aaf8cb8e386ec3b,coventry_city,arsenal,381095,,4141,,,False,0.0,0,0,0,0.0,0,0.0,0,0,0,0,0,0,0,0,0,0,0,observed_or_derived,False,AWAY,2026-08-21,mgr:fb84c76f2aab,Frank Lampard,1,EXACT_PLAYER_PERIOD_DETAILED,UNRESOLVED,0.0,,0.0,0,0,0.0,0.0,0,WHOSCORED_SOURCE_SPECIFIC,WHOSCORED_DERIVED_VALIDATED,WHOSCORED_SOURCE_SPECIFIC,WHOSCORED_DERIVED_VALIDATED,WHOSCORED_SOURCE_SPECIFIC,076cz,0.0,,0.0,0.0,0.0,2dxfjlk0mrp1z5vo,FANTRAX,FANTRAX,FANTRAX,,,,Liam Kitching
soccerdata:sofascore:16363633,pr_0817e0e832ad4eb1,coventry_city,arsenal,366032,,4141,,,False,0.0,0,0,0,0.0,0,0.0,0,0,0,0,0,0,0,0,0,0,0,observed_or_derived,False,AWAY,2026-08-21,mgr:fb84c76f2aab,Frank Lampard,1,NO_DETAILED_FANTRAX_ROW,UNRESOLVED,0.0,,0.0,0,0,0.0,0.0,0,WHOSCORED_SOURCE_SPECIFIC,WHOSCORED_DERIVED_VALIDATED,WHOSCORED_SOURCE_SPECIFIC,WHOSCORED_DERIVED_VALIDATED,WHOSCORED_SOURCE_SPECIFIC,076d6,0.0,,,,,,WHOSCORED_CURRENT_OBSERVED,WHOSCORED_CURRENT_OBSERVED,WHOSCORED_CURRENT_OBSERVED,,,,Josh Eccles
soccerdata:sofascore:16363634,FTX-078AZ,hull_city,manchester_united,397331,8.24,541,GK,,True,0.0,0,0,1,1.0,0,0.0,0,2,0,0,0,0,0,0,2,58,26,observed_or_derived,False,HOME,2026-08-22,mgr:9f4440ec2ca8,Sergej Jakirovic,1,NO_DETAILED_FANTRAX_ROW,EXACT_PLAYER_MATCH,23.0,,0.0,0,0,0.0,0.0,0,WHOSCORED_SOURCE_SPECIFIC,WHOSCORED_DERIVED_VALIDATED,WHOSCORED_SOURCE_SPECIFIC,WHOSCORED_DERIVED_VALIDATED,WHOSCORED_SOURCE_SPECIFIC,078az,23.0,,0.0,,,,WHOSCORED_CURRENT_OBSERVED,WHOSCORED_CURRENT_OBSERVED,WHOSCORED_CURRENT_OBSERVED,0.0,0.0,0.0,Konstantinos Tzolakis
soccerdata:sofascore:16363634,pr_afa9e82138c5780c,hull_city,manchester_united,301415,6.79,541,RB,,True,1.0,0,0,3,1.0,1,0.0,1,3,0,2,0,0,0,0,3,27,20,observed_or_derived,False,HOME,2026-08-22,mgr:9f4440ec2ca8,Sergej Jakirovic,1,NO_DETAILED_FANTRAX_ROW,UNRESOLVED,10.5,,0.0,2,0,1.0,1.0,0,WHOSCORED_SOURCE_SPECIFIC,WHOSCORED_DERIVED_VALIDATED,WHOSCORED_SOURCE_SPECIFIC,WHOSCORED_DERIVED_VALIDATED,WHOSCORED_SOURCE_SPECIFIC,076dg,10.5,,,,,,WHOSCORED_CURRENT_OBSERVED,WHOSCORED_CURRENT_OBSERVED,WHOSCORED_CURRENT_OBSERVED,,,,Lewie Coyle
soccerdata:sofascore:16363634,pr_69e1eb773f5ff783,hull_city,manchester_united,108632,7.66,541,CB,,True,0.0,0,0,2,1.0,1,0.0,17,3,1,0,0,0,0,0,0,32,25,observed_or_derived,False,HOME,2026-08-22,mgr:9f4440ec2ca8,Sergej Jakirovic,1,NO_DETAILED_FANTRAX_ROW,UNRESOLVED,18.5,,0.0,0,0,1.0,0.0,0,WHOSCORED_SOURCE_SPECIFIC,WHOSCORED_DERIVED_VALIDATED,WHOSCORED_SOURCE_SPECIFIC,WHOSCORED_DERIVED_VALIDATED,WHOSCORED_SOURCE_SPECIFIC,02m5l,18.5,,,,,,WHOSCORED_CURRENT_OBSERVED,WHOSCORED_CURRENT_OBSERVED,WHOSCORED_CURRENT_OBSERVED,,,,John Egan
soccerdata:sofascore:16363634,pr_deac0127221bee1b,hull_city,manchester_united,247815,8.24,541,CB,,True,0.0,1,1,2,2.0,0,2.0,5,3,1,0,0,1,1,1,0,15,13,observed_or_derived,False,HOME,2026-08-22,mgr:9f4440ec2ca8,Sergej Jakirovic,1,NO_DETAILED_FANTRAX_ROW,UNRESOLVED,25.5,,0.0,0,0,0.0,0.0,0,WHOSCORED_SOURCE_SPECIFIC,WHOSCORED_DERIVED_VALIDATED,WHOSCORED_SOURCE_SPECIFIC,WHOSCORED_DERIVED_VALIDATED,WHOSCORED_SOURCE_SPECIFIC,03ksl,25.5,,,,,,WHOSCORED_CURRENT_OBSERVED,WHOSCORED_CURRENT_OBSERVED,WHOSCORED_CURRENT_OBSERVED,,,,Semi Ajayi
soccerdata:sofascore:16363634,FTX-078MM,hull_city,manchester_united,469508,8.06,541,CB,,True,0.0,0,0,4,2.0,0,0.0,12,2,2,0,0,1,1,1,1,19,18,observed_or_derived,False,HOME,2026-08-22,mgr:9f4440ec2ca8,Sergej Jakirovic,1,NO_DETAILED_FANTRAX_ROW,EXACT_PLAYER_MATCH,27.0,,0.0,0,0,0.0,0.0,0,WHOSCORED_SOURCE_SPECIFIC,WHOSCORED_DERIVED_VALIDATED,WHOSCORED_SOURCE_SPECIFIC,WHOSCORED_DERIVED_VALIDATED,WHOSCORED_SOURCE_SPECIFIC,078mm,27.0,,0.0,,,,WHOSCORED_CURRENT_OBSERVED,WHOSCORED_CURRENT_OBSERVED,WHOSCORED_CURRENT_OBSERVED,0.5255845189094543,0.0,0.5255845189094543,Nobel Mendy
soccerdata:sofascore:16363634,pr_0b42d15c74eca788,hull_city,manchester_united,362831,7.18,541,LB,,True,1.0,0,0,4,3.0,1,1.0,4,1,1,8,0,1,1,0,0,28,17,observed_or_derived,False,HOME,2026-08-22,mgr:9f4440ec2ca8,Sergej Jakirovic,1,NO_DETAILED_FANTRAX_ROW,UNRESOLVED,17.0,,0.0,8,2,1.0,1.0,0,WHOSCORED_SOURCE_SPECIFIC,WHOSCORED_DERIVED_VALIDATED,WHOSCORED_SOURCE_SPECIFIC,WHOSCORED_DERIVED_VALIDATED,WHOSCORED_SOURCE_SPECIFIC,04sjv,17.0,,,,,,WHOSCORED_CURRENT_OBSERVED,WHOSCORED_CURRENT_OBSERVED,WHOSCORED_CURRENT_OBSERVED,,,,Ryan Giles
soccerdata:sofascore:16363634,pr_6a7c2ebacd58663d,hull_city,manchester_united,457802,6.9,541,RM,,True,0.0,5,1,1,0.0,4,1.0,1,3,0,1,0,2,0,0,3,18,12,observed_or_derived,False,HOME,2026-08-22,mgr:9f4440ec2ca8,Sergej Jakirovic,1,EXACT_PLAYER_PERIOD_DETAILED,UNRESOLVED,4.5,3.5,0.0,1,0,4.0,1.0,0,WHOSCORED_SOURCE_SPECIFIC,WHOSCORED_DERIVED_VALIDATED,WHOSCORED_SOURCE_SPECIFIC,WHOSCORED_DERIVED_VALIDATED,WHOSCORED_SOURCE_SPECIFIC,076dq,4.5,3.5,0.0,0.0,1.0,cjn4stydmrp1z5vp,FANTRAX,FANTRAX,FANTRAX,,,,Mohamed Belloumi
soccerdata:sofascore:16363634,pr_b10dd88466762544,hull_city,manchester_united,105742,7.13,541,CM,,True,0.0,0,0,3,3.0,4,0.0,2,1,3,0,0,0,0,0,3,21,15,observed_or_derived,False,HOME,2026-08-22,mgr:9f4440ec2ca8,Sergej Jakirovic,1,NO_DETAILED_FANTRAX_ROW,UNRESOLVED,6.0,,0.0,0,0,4.0,3.0,0,WHOSCORED_SOURCE_SPECIFIC,WHOSCORED_DERIVED_VALIDATED,WHOSCORED_SOURCE_SPECIFIC,WHOSCORED_DERIVED_VALIDATED,WHOSCORED_SOURCE_SPECIFIC,076dn,6.0,,,,,,WHOSCORED_CURRENT_OBSERVED,WHOSCORED_CURRENT_OBSERVED,WHOSCORED_CURRENT_OBSERVED,,,,Matt Crooks
soccerdata:sofascore:16363634,pr_e76d89b210b386d8,hull_city,manchester_united,349981,7.23,541,CM,,True,1.0,0,0,1,0.0,1,0.0,0,2,0,2,0,0,0,0,2,23,21,observed_or_derived,False,HOME,2026-08-22,mgr:9f4440ec2ca8,Sergej Jakirovic,1,NO_DETAILED_FANTRAX_ROW,UNRESOLVED,11.5,,0.0,2,2,1.0,1.0,1,WHOSCORED_SOURCE_SPECIFIC,WHOSCORED_DERIVED_VALIDATED,WHOSCORED_SOURCE_SPECIFIC,WHOSCORED_DERIVED_VALIDATED,WHOSCORED_SOURCE_SPECIFIC,05o2p,11.5,,,,,,WHOSCORED_CURRENT_OBSERVED,WHOSCORED_CURRENT_OBSERVED,WHOSCORED_CURRENT_OBSERVED,,,,Regan Slater
soccerdata:sofascore:16363634,FTX-078HI,hull_city,manchester_united,614510,6.92,541,LM,,True,0.0,0,0,1,1.0,3,1.0,0,2,0,2,0,0,0,0,0,10,7,observed_or_derived,False,HOME,2026-08-22,mgr:9f4440ec2ca8,Sergej Jakirovic,1,NO_DETAILED_FANTRAX_ROW,EXACT_PLAYER_MATCH,5.5,,0.0,2,1,3.0,2.0,0,WHOSCORED_SOURCE_SPECIFIC,WHOSCORED_DERIVED_VALIDATED,WHOSCORED_SOURCE_SPECIFIC,WHOSCORED_DERIVED_VALIDATED,WHOSCORED_SOURCE_SPECIFIC,078hi,5.5,,0.0,,,,WHOSCORED_CURRENT_OBSERVED,WHOSCORED_CURRENT_OBSERVED,WHOSCORED_CURRENT_OBSERVED,0.0,0.0,0.0,Elliot Stroud
soccerdata:sofascore:16363634,pr_7f943b8d8ebf5823,hull_city,manchester_united,138695,7.17,541,ST,,True,2.0,2,1,11,4.0,0,0.0,3,2,0,0,0,2,2,0,3,18,11,observed_or_derived,False,HOME,2026-08-22,mgr:9f4440ec2ca8,Sergej Jakirovic,1,EXACT_PLAYER_PERIOD_DETAILED,UNRESOLVED,18.0,12.0,0.0,0,0,0.0,0.0,0,WHOSCORED_SOURCE_SPECIFIC,WHOSCORED_DERIVED_VALIDATED,WHOSCORED_SOURCE_SPECIFIC,WHOSCORED_DERIVED_VALIDATED,WHOSCORED_SOURCE_SPECIFIC,0477b,18.0,12.0,2.0,4.0,0.0,ayk8m85amrp1z5vo,FANTRAX,FANTRAX,FANTRAX,,,,Oliver McBurnie
soccerdata:sofascore:16363634,pr_18c50d39ec202943,hull_city,manchester_united,391821,6.12,541,,,False,0.0,1,0,1,0.0,1,0.0,2,1,0,1,0,0,0,0,2,3,2,observed_or_derived,False,HOME,2026-08-22,mgr:9f4440ec2ca8,Sergej Jakirovic,1,NO_DETAILED_FANTRAX_ROW,UNRESOLVED,-1.0,,0.0,0,0,1.0,1.0,0,WHOSCORED_SOURCE_SPECIFIC,WHOSCORED_DERIVED_VALIDATED,WHOSCORED_SOURCE_SPECIFIC,WHOSCORED_DERIVED_VALIDATED,WHOSCORED_SOURCE_SPECIFIC,052h1,-1.0,,,,,,WHOSCORED_CURRENT_OBSERVED,WHOSCORED_CURRENT_OBSERVED,WHOSCORED_CURRENT_OBSERVED,,,,Liam Millar
soccerdata:sofascore:16363634,pr_3154180ed5036758,hull_city,manchester_united,136776,6.06,541,,,False,0.0,0,0,0,0.0,0,0.0,0,1,0,0,0,0,0,0,0,5,5,observed_or_derived,False,HOME,2026-08-22,mgr:9f4440ec2ca8,Sergej Jakirovic,1,NO_DETAILED_FANTRAX_ROW,UNRESOLVED,0.0,,0.0,0,0,0.0,0.0,0,WHOSCORED_SOURCE_SPECIFIC,WHOSCORED_DERIVED_VALIDATED,WHOSCORED_SOURCE_SPECIFIC,WHOSCORED_DERIVED_VALIDATED,WHOSCORED_SOURCE_SPECIFIC,0372y,0.0,,,,,,WHOSCORED_CURRENT_OBSERVED,WHOSCORED_CURRENT_OBSERVED,WHOSCORED_CURRENT_OBSERVED,,,,Matt Targett
soccerdata:sofascore:16363634,pr_8bf04b264cc9419e,hull_city,manchester_united,414473,6.37,541,,,False,0.0,0,0,0,0.0,1,1.0,1,2,0,0,0,1,0,0,0,7,4,observed_or_derived,False,HOME,2026-08-22,mgr:9f4440ec2ca8,Sergej Jakirovic,1,NO_DETAILED_FANTRAX_ROW,UNRESOLVED,2.5,,0.0,0,0,1.0,1.0,0,WHOSCORED_SOURCE_SPECIFIC,WHOSCORED_DERIVED_VALIDATED,WHOSCORED_SOURCE_SPECIFIC,WHOSCORED_DERIVED_VALIDATED,WHOSCORED_SOURCE_SPECIFIC,05roa,2.5,,,,,,WHOSCORED_CURRENT_OBSERVED,WHOSCORED_CURRENT_OBSERVED,WHOSCORED_CURRENT_OBSERVED,,,,Cody Drameh
soccerdata:sofascore:16363634,pr_9c0382a9cd8c69be,hull_city,manchester_united,244565,6.11,541,,,False,0.0,0,0,1,0.0,0,0.0,2,1,0,0,0,0,0,0,0,4,3,observed_or_derived,False,HOME,2026-08-22,mgr:9f4440ec2ca8,Sergej Jakirovic,1,NO_DETAILED_FANTRAX_ROW,UNRESOLVED,1.0,,0.0,0,0,0.0,0.0,0,WHOSCORED_SOURCE_SPECIFIC,WHOSCORED_DERIVED_VALIDATED,WHOSCORED_SOURCE_SPECIFIC,WHOSCORED_DERIVED_VALIDATED,WHOSCORED_SOURCE_SPECIFIC,03jlw,1.0,,,,,,WHOSCORED_CURRENT_OBSERVED,WHOSCORED_CURRENT_OBSERVED,WHOSCORED_CURRENT_OBSERVED,,,,Paddy McNair
soccerdata:sofascore:16363634,FTX-078ML,hull_city,manchester_united,606532,6.55,541,,,False,0.0,0,0,3,3.0,0,0.0,5,0,1,1,0,0,0,0,0,3,3,observed_or_derived,False,HOME,2026-08-22,mgr:9f4440ec2ca8,Sergej Jakirovic,1,NO_DETAILED_FANTRAX_ROW,EXACT_PLAYER_MATCH,5.0,,0.0,0,0,0.0,0.0,0,WHOSCORED_SOURCE_SPECIFIC,WHOSCORED_DERIVED_VALIDATED,WHOSCORED_SOURCE_SPECIFIC,WHOSCORED_DERIVED_VALIDATED,WHOSCORED_SOURCE_SPECIFIC,078ml,5.0,,0.0,,,,WHOSCORED_CURRENT_OBSERVED,WHOSCORED_CURRENT_OBSERVED,WHOSCORED_CURRENT_OBSERVED,0.0,0.0,0.0,Lucas Herrington
soccerdata:sofascore:16363634,FTX-078QH,hull_city,manchester_united,393137,,541,,,False,0.0,0,0,0,0.0,0,0.0,0,0,0,0,0,0,0,0,0,0,0,observed_or_derived,False,HOME,2026-08-22,mgr:9f4440ec2ca8,Sergej Jakirovic,1,NO_DETAILED_FANTRAX_ROW,UNRESOLVED,0.0,,0.0,0,0,0.0,0.0,0,WHOSCORED_SOURCE_SPECIFIC,WHOSCORED_DERIVED_VALIDATED,WHOSCORED_SOURCE_SPECIFIC,WHOSCORED_DERIVED_VALIDATED,WHOSCORED_SOURCE_SPECIFIC,078qh,0.0,,,,,,WHOSCORED_CURRENT_OBSERVED,WHOSCORED_CURRENT_OBSERVED,WHOSCORED_CURRENT_OBSERVED,,,,Lucas Gourna-Douath
soccerdata:sofascore:16363634,pr_1a1b79aa0541bdf4,hull_city,manchester_united,141738,,541,,,False,0.0,0,0,0,0.0,0,0.0,0,0,0,0,0,0,0,0,0,0,0,observed_or_derived,False,HOME,2026-08-22,mgr:9f4440ec2ca8,Sergej Jakirovic,1,NO_DETAILED_FANTRAX_ROW,UNRESOLVED,0.0,,0.0,0,0,0.0,0.0,0,WHOSCORED_SOURCE_SPECIFIC,WHOSCORED_DERIVED_VALIDATED,WHOSCORED_SOURCE_SPECIFIC,WHOSCORED_DERIVED_VALIDATED,WHOSCORED_SOURCE_SPECIFIC,076de,0.0,,,,,,WHOSCORED_CURRENT_OBSERVED,WHOSCORED_CURRENT_OBSERVED,WHOSCORED_CURRENT_OBSERVED,,,,Dillon Phillips
soccerdata:sofascore:16363634,pr_f02a3ae767424fd0,hull_city,manchester_united,136458,,541,,,False,0.0,0,0,0,0.0,0,0.0,0,0,0,0,0,0,0,0,0,0,0,observed_or_derived,False,HOME,2026-08-22,mgr:9f4440ec2ca8,Sergej Jakirovic,1,NO_DETAILED_FANTRAX_ROW,UNRESOLVED,0.0,,0.0,0,0,0.0,0.0,0,WHOSCORED_SOURCE_SPECIFIC,WHOSCORED_DERIVED_VALIDATED,WHOSCORED_SOURCE_SPECIFIC,WHOSCORED_DERIVED_VALIDATED,WHOSCORED_SOURCE_SPECIFIC,03m5h,0.0,,,,,,WHOSCORED_CURRENT_OBSERVED,WHOSCORED_CURRENT_OBSERVED,WHOSCORED_CURRENT_OBSERVED,,,,Kieran Dowell
soccerdata:sofascore:16363634,FTX-070HL,manchester_united,hull_city,402184,6.18,4231,GK,,True,0.0,0,0,0,0.0,0,0.0,2,3,0,0,0,0,0,0,0,22,17,observed_or_derived,False,AWAY,2026-08-22,mgr:3aa905054daf,Michael Carrick,1,EXACT_PLAYER_PERIOD_DETAILED,EXACT_PLAYER_MATCH,3.0,3.0,0.0,0,0,0.0,0.0,0,WHOSCORED_SOURCE_SPECIFIC,WHOSCORED_DERIVED_VALIDATED,WHOSCORED_SOURCE_SPECIFIC,WHOSCORED_DERIVED_VALIDATED,WHOSCORED_SOURCE_SPECIFIC,070hl,3.0,3.0,0.0,0.0,0.0,acjx0vg4mrp1z5vo,FANTRAX,FANTRAX,FANTRAX,0.0,0.0,0.0,Senne Lammens
soccerdata:sofascore:16363634,FTX-06P4J,manchester_united,hull_city,349932,6.4,4231,RB,,True,2.0,1,0,3,2.0,1,0.0,3,3,0,5,0,1,0,0,1,83,71,observed_or_derived,False,AWAY,2026-08-22,mgr:3aa905054daf,Michael Carrick,1,NO_DETAILED_FANTRAX_ROW,EXACT_PLAYER_MATCH,7.5,,0.0,5,0,1.0,1.0,0,WHOSCORED_SOURCE_SPECIFIC,WHOSCORED_DERIVED_VALIDATED,WHOSCORED_SOURCE_SPECIFIC,WHOSCORED_DERIVED_VALIDATED,WHOSCORED_SOURCE_SPECIFIC,06p4j,7.5,,2.0,,,,WHOSCORED_CURRENT_OBSERVED,WHOSCORED_CURRENT_OBSERVED,WHOSCORED_CURRENT_OBSERVED,0.0905937775969505,0.1054909825325012,0.1960847601294517,Noussair Mazraoui
soccerdata:sofascore:16363634,FTX-03GU4,manchester_united,hull_city,99487,7.08,4231,CB,,True,2.0,2,2,4,3.0,0,0.0,4,5,0,2,0,2,1,0,0,85,78,observed_or_derived,False,AWAY,2026-08-22,mgr:3aa905054daf,Michael Carrick,1,EXACT_PLAYER_PERIOD_DETAILED,EXACT_PLAYER_MATCH,12.0,12.0,0.0,2,1,0.0,0.0,0,WHOSCORED_SOURCE_SPECIFIC,WHOSCORED_DERIVED_VALIDATED,WHOSCORED_SOURCE_SPECIFIC,WHOSCORED_DERIVED_VALIDATED,WHOSCORED_SOURCE_SPECIFIC,03gu4,12.0,12.0,2.0,3.0,0.0,hpsurdtbmrp1z5vo,FANTRAX,FANTRAX,FANTRAX,0.0576724484562873,0.5053327679634094,0.5630052164196967,Harry Maguire
soccerdata:sofascore:16363634,FTX-06KQY,manchester_united,hull_city,517341,5.87,4231,CB,,True,0.0,0,0,6,2.0,1,0.0,1,4,0,0,0,2,1,0,3,67,61,observed_or_derived,False,AWAY,2026-08-22,mgr:3aa905054daf,Michael Carrick,1,NO_DETAILED_FANTRAX_ROW,EXACT_PLAYER_MATCH,0.0,,0.0,0,0,1.0,0.0,0,WHOSCORED_SOURCE_SPECIFIC,WHOSCORED_DERIVED_VALIDATED,WHOSCORED_SOURCE_SPECIFIC,WHOSCORED_DERIVED_VALIDATED,WHOSCORED_SOURCE_SPECIFIC,06kqy,0.0,,0.0,,,,WHOSCORED_CURRENT_OBSERVED,WHOSCORED_CURRENT_OBSERVED,WHOSCORED_CURRENT_OBSERVED,0.1321679949760437,0.0,0.1321679949760437,Ayden Heaven
soccerdata:sofascore:16363634,FTX-02OQ6,manchester_united,hull_city,118244,6.69,4231,LB,,True,4.0,2,0,3,2.0,1,1.0,2,3,0,7,0,0,0,0,0,79,60,observed_or_derived,False,AWAY,2026-08-22,mgr:3aa905054daf,Michael Carrick,1,EXACT_PLAYER_PERIOD_DETAILED,EXACT_PLAYER_MATCH,13.5,13.5,0.0,7,3,1.0,1.0,0,WHOSCORED_SOURCE_SPECIFIC,WHOSCORED_DERIVED_VALIDATED,WHOSCORED_SOURCE_SPECIFIC,WHOSCORED_DERIVED_VALIDATED,WHOSCORED_SOURCE_SPECIFIC,02oq6,13.5,13.5,4.0,2.0,1.0,cjn4stydmrp1z5vp,FANTRAX,FANTRAX,FANTRAX,0.0,0.2301657050848007,0.2301657050848007,Luke Shaw
soccerdata:sofascore:16363634,FTX-04YO7,manchester_united,hull_city,136345,5.8,4231,DM,,True,0.0,1,0,0,0.0,0,0.0,0,5,1,1,1,1,1,0,4,74,65,observed_or_derived,False,AWAY,2026-08-22,mgr:3aa905054daf,Michael Carrick,1,EXACT_PLAYER_PERIOD_DETAILED,EXACT_PLAYER_MATCH,0.0,0.0,0.0,1,0,0.0,0.0,0,WHOSCORED_SOURCE_SPECIFIC,WHOSCORED_DERIVED_VALIDATED,WHOSCORED_SOURCE_SPECIFIC,WHOSCORED_DERIVED_VALIDATED,WHOSCORED_SOURCE_SPECIFIC,04yo7,0.0,0.0,0.0,0.0,0.0,h2e8dn5dmrp1z5vp,FANTRAX,FANTRAX,FANTRAX,0.030788455158472,0.0,0.030788455158472,Youri Tielemans
soccerdata:sofascore:16363634,FTX-068A0,manchester_united,hull_city,451236,6.29,4231,DM,,True,0.0,0,0,3,2.0,1,0.0,3,5,1,0,0,0,0,0,3,60,55,observed_or_derived,False,AWAY,2026-08-22,mgr:3aa905054daf,Michael Carrick,1,NO_DETAILED_FANTRAX_ROW,EXACT_PLAYER_MATCH,3.5,,0.0,0,0,1.0,1.0,0,WHOSCORED_SOURCE_SPECIFIC,WHOSCORED_DERIVED_VALIDATED,WHOSCORED_SOURCE_SPECIFIC,WHOSCORED_DERIVED_VALIDATED,WHOSCORED_SOURCE_SPECIFIC,068a0,3.5,,0.0,,,,WHOSCORED_CURRENT_OBSERVED,WHOSCORED_CURRENT_OBSERVED,WHOSCORED_CURRENT_OBSERVED,0.0,0.0,0.0,Andrey Santos
soccerdata:sofascore:16363634,FTX-05TRB,manchester_united,hull_city,353377,6.18,4231,RW,,True,1.0,2,0,6,2.0,0,0.0,0,4,0,10,0,4,3,0,0,54,40,observed_or_derived,False,AWAY,2026-08-22,mgr:3aa905054daf,Michael Carrick,1,EXACT_PLAYER_PERIOD_DETAILED,EXACT_PLAYER_MATCH,9.0,9.0,0.0,10,2,0.0,0.0,0,WHOSCORED_SOURCE_SPECIFIC,WHOSCORED_DERIVED_VALIDATED,WHOSCORED_SOURCE_SPECIFIC,WHOSCORED_DERIVED_VALIDATED,WHOSCORED_SOURCE_SPECIFIC,05trb,9.0,9.0,1.0,2.0,0.0,w2mnqywumrp1z5vp,FANTRAX,FANTRAX,FANTRAX,0.5505028963088989,0.121299885213375,0.6718027815222739,Bryan Mbeumo
soccerdata:sofascore:16363634,FTX-05GCR,manchester_united,hull_city,123761,6.63,4231,CAM,,True,3.0,2,1,0,0.0,0,0.0,1,5,0,6,1,3,3,0,0,96,78,observed_or_derived,False,AWAY,2026-08-22,mgr:3aa905054daf,Michael Carrick,1,EXACT_PLAYER_PERIOD_DETAILED,EXACT_PLAYER_MATCH,11.5,11.5,0.0,6,2,0.0,0.0,0,WHOSCORED_SOURCE_SPECIFIC,WHOSCORED_DERIVED_VALIDATED,WHOSCORED_SOURCE_SPECIFIC,WHOSCORED_DERIVED_VALIDATED,WHOSCORED_SOURCE_SPECIFIC,05gcr,11.5,11.5,3.0,0.0,0.0,h1vdt8ynmrp1z5vp,FANTRAX,FANTRAX,FANTRAX,0.0409678258001804,0.1659391224384308,0.2069069482386112,Bruno Fernandes
soccerdata:sofascore:16363634,FTX-06RLJ,manchester_united,hull_city,495260,5.49,4231,LW,,True,0.0,1,0,3,2.0,0,1.0,0,0,0,0,0,3,0,0,4,12,8,observed_or_derived,False,AWAY,2026-08-22,mgr:3aa905054daf,Michael Carrick,1,EXACT_PLAYER_PERIOD_DETAILED,EXACT_PLAYER_MATCH,-1.0,-1.0,0.0,0,0,0.0,0.0,0,WHOSCORED_SOURCE_SPECIFIC,WHOSCORED_DERIVED_VALIDATED,WHOSCORED_SOURCE_SPECIFIC,WHOSCORED_DERIVED_VALIDATED,WHOSCORED_SOURCE_SPECIFIC,06rlj,-1.0,-1.0,0.0,2.0,1.0,qwkltl98mrp1z5vp,FANTRAX,FANTRAX,FANTRAX,0.6240323781967163,0.0,0.6240323781967163,Patrick Dorgu
soccerdata:sofascore:16363634,FTX-067YZ,manchester_united,hull_city,362758,6.26,4231,ST,,True,2.0,2,0,2,0.0,0,0.0,0,3,0,3,1,3,2,0,1,34,30,observed_or_derived,False,AWAY,2026-08-22,mgr:3aa905054daf,Michael Carrick,1,EXACT_PLAYER_PERIOD_DETAILED,EXACT_PLAYER_MATCH,5.5,5.5,0.0,3,0,0.0,0.0,0,WHOSCORED_SOURCE_SPECIFIC,WHOSCORED_DERIVED_VALIDATED,WHOSCORED_SOURCE_SPECIFIC,WHOSCORED_DERIVED_VALIDATED,WHOSCORED_SOURCE_SPECIFIC,067yz,5.5,5.5,2.0,0.0,0.0,ayk8m85amrp1z5vo,FANTRAX,FANTRAX,FANTRAX,0.1860300004482269,0.4507105946540832,0.6367405951023101,Matheus Cunha
soccerdata:sofascore:16363634,FTX-04QFZ,manchester_united,hull_city,353418,6.41,4231,,,False,1.0,1,0,1,0.0,2,1.0,0,1,0,0,0,0,0,0,0,10,10,observed_or_derived,False,AWAY,2026-08-22,mgr:3aa905054daf,Michael Carrick,1,EXACT_PLAYER_PERIOD_DETAILED,EXACT_PLAYER_MATCH,4.0,4.0,0.0,0,0,2.0,1.0,0,WHOSCORED_SOURCE_SPECIFIC,WHOSCORED_DERIVED_VALIDATED,WHOSCORED_SOURCE_SPECIFIC,WHOSCORED_DERIVED_VALIDATED,WHOSCORED_SOURCE_SPECIFIC,04qfz,4.0,4.0,1.0,0.0,1.0,qwkltl98mrp1z5vp,FANTRAX,FANTRAX,FANTRAX,0.0,0.0239013321697711,0.0239013321697711,Diogo Dalot
soccerdata:sofascore:16363634,FTX-06ZXY,manchester_united,hull_city,424191,5.97,4231,,,False,0.0,1,0,4,1.0,0,0.0,0,0,0,0,0,1,1,0,1,3,3,observed_or_derived,False,AWAY,2026-08-22,mgr:3aa905054daf,Michael Carrick,1,EXACT_PLAYER_PERIOD_DETAILED,EXACT_PLAYER_MATCH,0.0,0.0,0.0,0,0,0.0,0.0,0,WHOSCORED_SOURCE_SPECIFIC,WHOSCORED_DERIVED_VALIDATED,WHOSCORED_SOURCE_SPECIFIC,WHOSCORED_DERIVED_VALIDATED,WHOSCORED_SOURCE_SPECIFIC,06zxy,0.0,0.0,0.0,1.0,0.0,h1vdt8ynmrp1z5vp,FANTRAX,FANTRAX,FANTRAX,0.0396449118852615,0.0,0.0396449118852615,Benjamin Sesko
soccerdata:sofascore:16363634,FTX-03YBI,manchester_united,hull_city,300299,6.53,4231,,,False,4.0,2,1,2,0.0,0,0.0,0,1,0,3,0,0,0,0,1,27,20,observed_or_derived,False,AWAY,2026-08-22,mgr:3aa905054daf,Michael Carrick,1,EXACT_PLAYER_PERIOD_DETAILED,EXACT_PLAYER_MATCH,10.0,10.0,0.0,3,1,0.0,0.0,0,WHOSCORED_SOURCE_SPECIFIC,WHOSCORED_DERIVED_VALIDATED,WHOSCORED_SOURCE_SPECIFIC,WHOSCORED_DERIVED_VALIDATED,WHOSCORED_SOURCE_SPECIFIC,03ybi,10.0,10.0,4.0,0.0,0.0,h1vdt8ynmrp1z5vp,FANTRAX,FANTRAX,FANTRAX,0.0,0.0844087451696395,0.0844087451696395,Marcus Rashford
soccerdata:sofascore:16363634,FTX-06V0C,manchester_united,hull_city,563779,6.01,4231,,,False,0.0,0,0,0,0.0,0,0.0,0,1,0,1,0,0,0,0,0,6,4,observed_or_derived,False,AWAY,2026-08-22,mgr:3aa905054daf,Michael Carrick,1,NO_DETAILED_FANTRAX_ROW,EXACT_PLAYER_MATCH,0.0,,0.0,1,0,0.0,0.0,0,WHOSCORED_SOURCE_SPECIFIC,WHOSCORED_DERIVED_VALIDATED,WHOSCORED_SOURCE_SPECIFIC,WHOSCORED_DERIVED_VALIDATED,WHOSCORED_SOURCE_SPECIFIC,06v0c,0.0,,0.0,,,,WHOSCORED_CURRENT_OBSERVED,WHOSCORED_CURRENT_OBSERVED,WHOSCORED_CURRENT_OBSERVED,0.0,0.0,0.0,Shea Lacey
soccerdata:sofascore:16363634,FTX-0666P,manchester_united,hull_city,460260,6.09,4231,,,False,0.0,0,0,1,1.0,0,0.0,0,1,0,1,0,1,1,0,0,31,26,observed_or_derived,False,AWAY,2026-08-22,mgr:3aa905054daf,Michael Carrick,1,EXACT_PLAYER_PERIOD_DETAILED,EXACT_PLAYER_MATCH,0.5,0.5,0.0,1,0,0.0,0.0,0,WHOSCORED_SOURCE_SPECIFIC,WHOSCORED_DERIVED_VALIDATED,WHOSCORED_SOURCE_SPECIFIC,WHOSCORED_DERIVED_VALIDATED,WHOSCORED_SOURCE_SPECIFIC,0666p,0.5,0.5,0.0,1.0,0.0,ayk8m85amrp1z5vo,FANTRAX,FANTRAX,FANTRAX,0.026342200115323,0.0,0.026342200115323,Kobbie Mainoo
soccerdata:sofascore:16363634,FTX-062PL,manchester_united,hull_city,340105,,4231,,,False,0.0,0,0,0,0.0,0,0.0,0,0,0,0,0,0,0,0,0,0,0,observed_or_derived,False,AWAY,2026-08-22,mgr:3aa905054daf,Michael Carrick,1,NO_DETAILED_FANTRAX_ROW,UNRESOLVED,0.0,,0.0,0,0,0.0,0.0,0,WHOSCORED_SOURCE_SPECIFIC,WHOSCORED_DERIVED_VALIDATED,WHOSCORED_SOURCE_SPECIFIC,WHOSCORED_DERIVED_VALIDATED,WHOSCORED_SOURCE_SPECIFIC,062pl,0.0,,,,,,WHOSCORED_CURRENT_OBSERVED,WHOSCORED_CURRENT_OBSERVED,WHOSCORED_CURRENT_OBSERVED,,,,Lisandro Martínez
soccerdata:sofascore:16363634,FTX-06MX0,manchester_united,hull_city,437299,,4231,,,False,0.0,0,0,0,0.0,0,0.0,0,0,0,0,0,0,0,0,0,0,0,observed_or_derived,False,AWAY,2026-08-22,mgr:3aa905054daf,Michael Carrick,1,NO_DETAILED_FANTRAX_ROW,UNRESOLVED,0.0,,0.0,0,0,0.0,0.0,0,WHOSCORED_SOURCE_SPECIFIC,WHOSCORED_DERIVED_VALIDATED,WHOSCORED_SOURCE_SPECIFIC,WHOSCORED_DERIVED_VALIDATED,WHOSCORED_SOURCE_SPECIFIC,06mx0,0.0,,,,,,WHOSCORED_CURRENT_OBSERVED,WHOSCORED_CURRENT_OBSERVED,WHOSCORED_CURRENT_OBSERVED,,,,Leny Yoro
soccerdata:sofascore:16363634,FTX-06MVE,manchester_united,hull_city,383956,,4231,,,False,0.0,0,0,0,0.0,0,0.0,0,0,0,0,0,0,0,0,0,0,0,observed_or_derived,False,AWAY,2026-08-22,mgr:3aa905054daf,Michael Carrick,1,NO_DETAILED_FANTRAX_ROW,UNRESOLVED,0.0,,0.0,0,0,0.0,0.0,0,WHOSCORED_SOURCE_SPECIFIC,WHOSCORED_DERIVED_VALIDATED,WHOSCORED_SOURCE_SPECIFIC,WHOSCORED_DERIVED_VALIDATED,WHOSCORED_SOURCE_SPECIFIC,06mve,0.0,,,,,,WHOSCORED_CURRENT_OBSERVED,WHOSCORED_CURRENT_OBSERVED,WHOSCORED_CURRENT_OBSERVED,,,,Joshua Zirkzee
soccerdata:sofascore:16363634,FTX-03PIF,manchester_united,hull_city,70483,,4231,,,False,0.0,0,0,0,0.0,0,0.0,0,0,0,0,0,0,0,0,0,0,0,observed_or_derived,False,AWAY,2026-08-22,mgr:3aa905054daf,Michael Carrick,1,NO_DETAILED_FANTRAX_ROW,UNRESOLVED,0.0,,0.0,0,0,0.0,0.0,0,WHOSCORED_SOURCE_SPECIFIC,WHOSCORED_DERIVED_VALIDATED,WHOSCORED_SOURCE_SPECIFIC,WHOSCORED_DERIVED_VALIDATED,WHOSCORED_SOURCE_SPECIFIC,03pif,0.0,,,,,,WHOSCORED_CURRENT_OBSERVED,WHOSCORED_CURRENT_OBSERVED,WHOSCORED_CURRENT_OBSERVED,,,,Karl Darlow
soccerdata:sofascore:16363238,FTX-04F6H,nottingham_forest,leeds_united,78386,6.33,3421,GK,,True,0.0,1,1,0,0.0,0,0.0,0,0,0,0,0,0,0,0,0,32,16,observed_or_derived,False,HOME,2026-08-22,mgr:1058459b93f2,Oliver Glasner,1,EXACT_PLAYER_PERIOD_DETAILED,EXACT_PLAYER_MATCH,5.0,5.0,0.0,0,0,0.0,0.0,0,WHOSCORED_SOURCE_SPECIFIC,WHOSCORED_DERIVED_VALIDATED,WHOSCORED_SOURCE_SPECIFIC,WHOSCORED_DERIVED_VALIDATED,WHOSCORED_SOURCE_SPECIFIC,04f6h,5.0,5.0,0.0,0.0,0.0,h2e8dn5dmrp1z5vp,FANTRAX,FANTRAX,FANTRAX,0.0,0.0,0.0,Matz Sels
soccerdata:sofascore:16363238,FTX-06YGM,nottingham_forest,leeds_united,443545,6.21,3421,CB,,True,0.0,1,0,3,0.0,1,1.0,4,0,2,1,0,0,0,0,4,44,38,observed_or_derived,False,HOME,2026-08-22,mgr:1058459b93f2,Oliver Glasner,1,NO_DETAILED_FANTRAX_ROW,EXACT_PLAYER_MATCH,3.0,,0.0,1,0,1.0,0.0,0,WHOSCORED_SOURCE_SPECIFIC,WHOSCORED_DERIVED_VALIDATED,WHOSCORED_SOURCE_SPECIFIC,WHOSCORED_DERIVED_VALIDATED,WHOSCORED_SOURCE_SPECIFIC,06ygm,3.0,,0.0,,,,WHOSCORED_CURRENT_OBSERVED,WHOSCORED_CURRENT_OBSERVED,WHOSCORED_CURRENT_OBSERVED,0.0,0.0,0.0,Jair Cunha
soccerdata:sofascore:16363238,FTX-06FWZ,nottingham_forest,leeds_united,445424,7.13,3421,CB,,True,2.0,2,1,5,1.0,2,0.0,11,3,0,0,1,0,0,0,1,59,53,observed_or_derived,False,HOME,2026-08-22,mgr:1058459b93f2,Oliver Glasner,1,EXACT_PLAYER_PERIOD_DETAILED,EXACT_PLAYER_MATCH,13.0,13.0,0.0,0,0,2.0,1.0,0,WHOSCORED_SOURCE_SPECIFIC,WHOSCORED_DERIVED_VALIDATED,WHOSCORED_SOURCE_SPECIFIC,WHOSCORED_DERIVED_VALIDATED,WHOSCORED_SOURCE_SPECIFIC,06fwz,13.0,13.0,2.0,1.0,0.0,h2e8dn5dmrp1z5vp,FANTRAX,FANTRAX,FANTRAX,0.0,0.1052358970046043,0.1052358970046043,Murillo
soccerdata:sofascore:16363238,FTX-06MW0,nottingham_forest,leeds_united,319785,6.83,3421,CB,,True,0.0,0,0,10,7.0,0,0.0,7,6,0,0,0,2,0,0,4,45,34,observed_or_derived,False,HOME,2026-08-22,mgr:1058459b93f2,Oliver Glasner,1,EXACT_PLAYER_PERIOD_DETAILED,EXACT_PLAYER_MATCH,9.5,9.5,0.0,0,0,0.0,0.0,0,WHOSCORED_SOURCE_SPECIFIC,WHOSCORED_DERIVED_VALIDATED,WHOSCORED_SOURCE_SPECIFIC,WHOSCORED_DERIVED_VALIDATED,WHOSCORED_SOURCE_SPECIFIC,06mw0,9.5,9.5,0.0,7.0,0.0,ayk8m85amrp1z5vo,FANTRAX,FANTRAX,FANTRAX,0.1238637343049049,0.0,0.1238637343049049,Nikola Milenkovic
soccerdata:sofascore:16363238,FTX-03FRX,nottingham_forest,leeds_united,315543,7.05,3421,RWB,,True,3.0,5,3,4,2.0,0,0.0,2,4,1,4,0,2,2,0,1,41,25,observed_or_derived,False,HOME,2026-08-22,mgr:1058459b93f2,Oliver Glasner,1,EXACT_PLAYER_PERIOD_DETAILED,EXACT_PLAYER_MATCH,18.5,12.5,0.0,4,1,0.0,0.0,0,WHOSCORED_SOURCE_SPECIFIC,WHOSCORED_DERIVED_VALIDATED,WHOSCORED_SOURCE_SPECIFIC,WHOSCORED_DERIVED_VALIDATED,WHOSCORED_SOURCE_SPECIFIC,03frx,18.5,12.5,3.0,2.0,0.0,rx9bjhp3mrp1z5vo,FANTRAX,FANTRAX,FANTRAX,0.0374636389315128,0.2105058580636978,0.2479694969952106,Ola Aina
soccerdata:sofascore:16363238,FTX-05A6E,nottingham_forest,leeds_united,386969,6.63,3421,LWB,,True,0.0,1,1,6,2.0,3,0.0,3,10,1,4,0,0,0,0,2,41,29,observed_or_derived,False,HOME,2026-08-22,mgr:1058459b93f2,Oliver Glasner,1,EXACT_PLAYER_PERIOD_DETAILED,EXACT_PLAYER_MATCH,8.0,8.0,0.0,4,1,3.0,3.0,0,WHOSCORED_SOURCE_SPECIFIC,WHOSCORED_DERIVED_VALIDATED,WHOSCORED_SOURCE_SPECIFIC,WHOSCORED_DERIVED_VALIDATED,WHOSCORED_SOURCE_SPECIFIC,05a6e,8.0,8.0,0.0,2.0,0.0,hpsurdtbmrp1z5vo,FANTRAX,FANTRAX,FANTRAX,0.0,0.0,0.0,Neco Williams
soccerdata:sofascore:16363238,FTX-05UHS,nottingham_forest,leeds_united,425576,6.8,3421,CM,,True,3.0,0,0,3,3.0,1,0.0,2,5,1,5,0,0,0,0,2,42,34,observed_or_derived,False,HOME,2026-08-22,mgr:1058459b93f2,Oliver Glasner,1,NO_DETAILED_FANTRAX_ROW,EXACT_PLAYER_MATCH,12.5,,0.0,5,2,1.0,1.0,0,WHOSCORED_SOURCE_SPECIFIC,WHOSCORED_DERIVED_VALIDATED,WHOSCORED_SOURCE_SPECIFIC,WHOSCORED_DERIVED_VALIDATED,WHOSCORED_SOURCE_SPECIFIC,05uhs,12.5,,3.0,,,,WHOSCORED_CURRENT_OBSERVED,WHOSCORED_CURRENT_OBSERVED,WHOSCORED_CURRENT_OBSERVED,0.0,0.1798022985458374,0.1798022985458374,James McAtee
soccerdata:sofascore:16363238,FTX-06FXU,nottingham_forest,leeds_united,328075,6.63,3421,CM,,True,1.0,1,1,3,3.0,0,0.0,0,3,0,0,0,1,0,0,3,53,42,observed_or_derived,False,HOME,2026-08-22,mgr:1058459b93f2,Oliver Glasner,1,NO_DETAILED_FANTRAX_ROW,EXACT_PLAYER_MATCH,7.5,,0.0,0,0,0.0,0.0,0,WHOSCORED_SOURCE_SPECIFIC,WHOSCORED_DERIVED_VALIDATED,WHOSCORED_SOURCE_SPECIFIC,WHOSCORED_DERIVED_VALIDATED,WHOSCORED_SOURCE_SPECIFIC,06fxu,7.5,,1.0,,,,WHOSCORED_CURRENT_OBSERVED,WHOSCORED_CURRENT_OBSERVED,WHOSCORED_CURRENT_OBSERVED,0.0148224933072924,0.017668368294835,0.0324908616021274,Ibrahim Sangaré
soccerdata:sofascore:16363238,FTX-06ZNA,nottingham_forest,leeds_united,398414,6.24,3421,CAM,,True,0.0,1,0,1,1.0,1,0.0,1,1,0,0,0,0,0,0,3,10,6,observed_or_derived,False,HOME,2026-08-22,mgr:1058459b93f2,Oliver Glasner,1,NO_DETAILED_FANTRAX_ROW,EXACT_PLAYER_MATCH,1.0,,0.0,0,0,1.0,0.0,0,WHOSCORED_SOURCE_SPECIFIC,WHOSCORED_DERIVED_VALIDATED,WHOSCORED_SOURCE_SPECIFIC,WHOSCORED_DERIVED_VALIDATED,WHOSCORED_SOURCE_SPECIFIC,06zna,1.0,,0.0,,,,WHOSCORED_CURRENT_OBSERVED,WHOSCORED_CURRENT_OBSERVED,WHOSCORED_CURRENT_OBSERVED,0.0,0.0,0.0,Dan Ndoye
soccerdata:sofascore:16363238,FTX-04QR9,nottingham_forest,leeds_united,332867,6.25,3421,CAM,,True,0.0,7,3,0,0.0,0,1.0,0,2,2,4,1,3,0,0,3,44,34,observed_or_derived,False,HOME,2026-08-22,mgr:1058459b93f2,Oliver Glasner,1,EXACT_PLAYER_PERIOD_DETAILED,EXACT_PLAYER_MATCH,3.0,3.0,0.0,4,0,0.0,0.0,0,WHOSCORED_SOURCE_SPECIFIC,WHOSCORED_DERIVED_VALIDATED,WHOSCORED_SOURCE_SPECIFIC,WHOSCORED_DERIVED_VALIDATED,WHOSCORED_SOURCE_SPECIFIC,04qr9,3.0,3.0,0.0,0.0,1.0,h2e8dn5dmrp1z5vp,FANTRAX,FANTRAX,FANTRAX,0.1434690505266189,0.0,0.1434690505266189,Morgan Gibbs-White
soccerdata:sofascore:16363238,FTX-06Y9O,nottingham_forest,leeds_united,397497,6.96,3421,ST,,True,0.0,2,0,16,10.0,0,0.0,2,1,0,0,0,3,2,0,4,23,18,observed_or_derived,False,HOME,2026-08-22,mgr:1058459b93f2,Oliver Glasner,1,EXACT_PLAYER_PERIOD_DETAILED,EXACT_PLAYER_MATCH,7.0,7.0,0.0,0,0,0.0,0.0,0,WHOSCORED_SOURCE_SPECIFIC,WHOSCORED_DERIVED_VALIDATED,WHOSCORED_SOURCE_SPECIFIC,WHOSCORED_DERIVED_VALIDATED,WHOSCORED_SOURCE_SPECIFIC,06y9o,7.0,7.0,0.0,10.0,0.0,qwkltl98mrp1z5vp,FANTRAX,FANTRAX,FANTRAX,0.2781929969787597,0.0,0.2781929969787597,Igor Jesus
soccerdata:sofascore:16363238,FTX-0703H,nottingham_forest,leeds_united,384005,6.0,3421,,,False,0.0,0,0,0,0.0,0,0.0,0,0,0,0,0,0,0,0,0,0,0,observed_or_derived,False,HOME,2026-08-22,mgr:1058459b93f2,Oliver Glasner,1,NO_DETAILED_FANTRAX_ROW,UNRESOLVED,0.0,,0.0,0,0,0.0,0.0,0,WHOSCORED_SOURCE_SPECIFIC,WHOSCORED_DERIVED_VALIDATED,WHOSCORED_SOURCE_SPECIFIC,WHOSCORED_DERIVED_VALIDATED,WHOSCORED_SOURCE_SPECIFIC,0703h,0.0,,,,,,WHOSCORED_CURRENT_OBSERVED,WHOSCORED_CURRENT_OBSERVED,WHOSCORED_CURRENT_OBSERVED,,,,Arnaud Kalimuendo
soccerdata:sofascore:16363238,FTX-072ZR,nottingham_forest,leeds_united,394888,5.9,3421,,,False,0.0,0,0,0,0.0,0,0.0,0,1,0,0,0,0,0,0,1,11,9,observed_or_derived,False,HOME,2026-08-22,mgr:1058459b93f2,Oliver Glasner,1,NO_DETAILED_FANTRAX_ROW,EXACT_PLAYER_MATCH,0.0,,0.0,0,0,0.0,0.0,0,WHOSCORED_SOURCE_SPECIFIC,WHOSCORED_DERIVED_VALIDATED,WHOSCORED_SOURCE_SPECIFIC,WHOSCORED_DERIVED_VALIDATED,WHOSCORED_SOURCE_SPECIFIC,072zr,0.0,,0.0,,,,WHOSCORED_CURRENT_OBSERVED,WHOSCORED_CURRENT_OBSERVED,WHOSCORED_CURRENT_OBSERVED,0.0,0.0,0.0,Luca Netz
soccerdata:sofascore:16363238,FTX-02M5B,nottingham_forest,leeds_united,73380,5.97,3421,,,False,0.0,1,0,3,1.0,0,0.0,0,1,0,0,0,1,0,0,1,5,5,observed_or_derived,False,HOME,2026-08-22,mgr:1058459b93f2,Oliver Glasner,1,NO_DETAILED_FANTRAX_ROW,EXACT_PLAYER_MATCH,0.5,,0.0,0,0,0.0,0.0,0,WHOSCORED_SOURCE_SPECIFIC,WHOSCORED_DERIVED_VALIDATED,WHOSCORED_SOURCE_SPECIFIC,WHOSCORED_DERIVED_VALIDATED,WHOSCORED_SOURCE_SPECIFIC,02m5b,0.5,,0.0,,,,WHOSCORED_CURRENT_OBSERVED,WHOSCORED_CURRENT_OBSERVED,WHOSCORED_CURRENT_OBSERVED,0.0588695593178272,0.0,0.0588695593178272,Chris Wood
soccerdata:sofascore:16363238,FTX-06FY7,nottingham_forest,leeds_united,334653,,3421,,,False,0.0,0,0,0,0.0,0,0.0,0,0,0,0,0,0,0,0,0,0,0,observed_or_derived,False,HOME,2026-08-22,mgr:1058459b93f2,Oliver Glasner,1,NO_DETAILED_FANTRAX_ROW,UNRESOLVED,0.0,,0.0,0,0,0.0,0.0,0,WHOSCORED_SOURCE_SPECIFIC,WHOSCORED_DERIVED_VALIDATED,WHOSCORED_SOURCE_SPECIFIC,WHOSCORED_DERIVED_VALIDATED,WHOSCORED_SOURCE_SPECIFIC,06fy7,0.0,,,,,,WHOSCORED_CURRENT_OBSERVED,WHOSCORED_CURRENT_OBSERVED,WHOSCORED_CURRENT_OBSERVED,,,,Nicolás Domínguez
soccerdata:sofascore:16363238,FTX-070GT,nottingham_forest,leeds_united,318689,,3421,,,False,0.0,0,0,0,0.0,0,0.0,0,0,0,0,0,0,0,0,0,0,0,observed_or_derived,False,HOME,2026-08-22,mgr:1058459b93f2,Oliver Glasner,1,NO_DETAILED_FANTRAX_ROW,UNRESOLVED,0.0,,0.0,0,0,0.0,0.0,0,WHOSCORED_SOURCE_SPECIFIC,WHOSCORED_DERIVED_VALIDATED,WHOSCORED_SOURCE_SPECIFIC,WHOSCORED_DERIVED_VALIDATED,WHOSCORED_SOURCE_SPECIFIC,070gt,0.0,,,,,,WHOSCORED_CURRENT_OBSERVED,WHOSCORED_CURRENT_OBSERVED,WHOSCORED_CURRENT_OBSERVED,,,,John Victor
soccerdata:sofascore:16363238,FTX-06442,nottingham_forest,leeds_united,454750,,3421,,,False,0.0,0,0,0,0.0,0,0.0,0,0,0,0,0,0,0,0,0,0,0,observed_or_derived,False,HOME,2026-08-22,mgr:1058459b93f2,Oliver Glasner,1,NO_DETAILED_FANTRAX_ROW,UNRESOLVED,0.0,,0.0,0,0,0.0,0.0,0,WHOSCORED_SOURCE_SPECIFIC,WHOSCORED_DERIVED_VALIDATED,WHOSCORED_SOURCE_SPECIFIC,WHOSCORED_DERIVED_VALIDATED,WHOSCORED_SOURCE_SPECIFIC,06442,0.0,,,,,,WHOSCORED_CURRENT_OBSERVED,WHOSCORED_CURRENT_OBSERVED,WHOSCORED_CURRENT_OBSERVED,,,,Zach Abbott
soccerdata:sofascore:16363238,FTX-04MI4,nottingham_forest,leeds_united,350088,,3421,,,False,0.0,0,0,0,0.0,0,0.0,0,0,0,0,0,0,0,0,0,0,0,observed_or_derived,False,HOME,2026-08-22,mgr:1058459b93f2,Oliver Glasner,1,NO_DETAILED_FANTRAX_ROW,UNRESOLVED,0.0,,0.0,0,0,0.0,0.0,0,WHOSCORED_SOURCE_SPECIFIC,WHOSCORED_DERIVED_VALIDATED,WHOSCORED_SOURCE_SPECIFIC,WHOSCORED_DERIVED_VALIDATED,WHOSCORED_SOURCE_SPECIFIC,04mi4,0.0,,,,,,WHOSCORED_CURRENT_OBSERVED,WHOSCORED_CURRENT_OBSERVED,WHOSCORED_CURRENT_OBSERVED,,,,Callum Hudson-Odoi
soccerdata:sofascore:16363238,FTX-05OZ3,leeds_united,nottingham_forest,404852,7.06,3421,GK,,True,0.0,0,0,1,0.0,0,0.0,0,2,0,0,0,0,0,0,0,40,24,observed_or_derived,False,AWAY,2026-08-22,mgr:fa5d385e34dc,Daniel Farke,1,EXACT_PLAYER_PERIOD_DETAILED,EXACT_PLAYER_MATCH,13.0,7.0,0.0,0,0,0.0,0.0,0,WHOSCORED_SOURCE_SPECIFIC,WHOSCORED_DERIVED_VALIDATED,WHOSCORED_SOURCE_SPECIFIC,WHOSCORED_DERIVED_VALIDATED,WHOSCORED_SOURCE_SPECIFIC,05oz3,13.0,7.0,0.0,0.0,0.0,w2mnqywumrp1z5vp,FANTRAX,FANTRAX,FANTRAX,0.0,0.0,0.0,James Trafford
soccerdata:sofascore:16363238,FTX-06V51,leeds_united,nottingham_forest,360941,8.1,3421,CB,,True,0.0,0,0,13,7.0,1,2.0,9,5,1,1,0,2,2,0,2,56,44,observed_or_derived,False,AWAY,2026-08-22,mgr:fa5d385e34dc,Daniel Farke,1,NO_DETAILED_FANTRAX_ROW,EXACT_PLAYER_MATCH,20.5,,0.0,1,0,1.0,1.0,0,WHOSCORED_SOURCE_SPECIFIC,WHOSCORED_DERIVED_VALIDATED,WHOSCORED_SOURCE_SPECIFIC,WHOSCORED_DERIVED_VALIDATED,WHOSCORED_SOURCE_SPECIFIC,06v51,20.5,,0.0,,,,WHOSCORED_CURRENT_OBSERVED,WHOSCORED_CURRENT_OBSERVED,WHOSCORED_CURRENT_OBSERVED,0.0831441581249237,0.0,0.0831441581249237,Jaka Bijol
soccerdata:sofascore:16363238,FTX-0784Y,leeds_united,nottingham_forest,439533,7.06,3421,CB,,True,0.0,0,0,7,2.0,0,2.0,5,1,0,0,0,1,1,0,1,37,33,observed_or_derived,False,AWAY,2026-08-22,mgr:fa5d385e34dc,Daniel Farke,1,EXACT_PLAYER_PERIOD_DETAILED,EXACT_PLAYER_MATCH,14.5,8.5,0.0,0,0,0.0,0.0,0,WHOSCORED_SOURCE_SPECIFIC,WHOSCORED_DERIVED_VALIDATED,WHOSCORED_SOURCE_SPECIFIC,WHOSCORED_DERIVED_VALIDATED,WHOSCORED_SOURCE_SPECIFIC,0784y,14.5,8.5,0.0,2.0,2.0,cjn4stydmrp1z5vp,FANTRAX,FANTRAX,FANTRAX,0.0601546838879585,0.0,0.0601546838879585,Tarik Muharemovic
soccerdata:sofascore:16363238,FTX-03YQZ,leeds_united,nottingham_forest,302312,7.46,3421,CB,,True,1.0,1,0,4,4.0,1,1.0,5,1,0,1,0,1,1,0,3,30,21,observed_or_derived,False,AWAY,2026-08-22,mgr:fa5d385e34dc,Daniel Farke,1,NO_DETAILED_FANTRAX_ROW,EXACT_PLAYER_MATCH,16.5,,0.0,1,1,1.0,0.0,0,WHOSCORED_SOURCE_SPECIFIC,WHOSCORED_DERIVED_VALIDATED,WHOSCORED_SOURCE_SPECIFIC,WHOSCORED_DERIVED_VALIDATED,WHOSCORED_SOURCE_SPECIFIC,03yqz,16.5,,1.0,,,,WHOSCORED_CURRENT_OBSERVED,WHOSCORED_CURRENT_OBSERVED,WHOSCORED_CURRENT_OBSERVED,0.0335895232856273,0.0978372022509574,0.1314267255365847,Joe Rodon
soccerdata:sofascore:16363238,FTX-05O8O,leeds_united,nottingham_forest,354291,6.66,3421,RWB,,True,0.0,2,1,2,0.0,1,1.0,2,3,0,1,0,0,0,0,4,24,17,observed_or_derived,False,AWAY,2026-08-22,mgr:fa5d385e34dc,Daniel Farke,1,NO_DETAILED_FANTRAX_ROW,EXACT_PLAYER_MATCH,9.5,,0.0,0,0,1.0,1.0,0,WHOSCORED_SOURCE_SPECIFIC,WHOSCORED_DERIVED_VALIDATED,WHOSCORED_SOURCE_SPECIFIC,WHOSCORED_DERIVED_VALIDATED,WHOSCORED_SOURCE_SPECIFIC,05o8o,9.5,,0.0,,,,WHOSCORED_CURRENT_OBSERVED,WHOSCORED_CURRENT_OBSERVED,WHOSCORED_CURRENT_OBSERVED,0.0,0.0,0.0,Jayden Bogle
soccerdata:sofascore:16363238,FTX-0521Z,leeds_united,nottingham_forest,301441,7.65,3421,LWB,,True,0.0,0,0,7,4.0,6,1.0,4,4,0,1,0,0,0,0,3,24,14,observed_or_derived,False,AWAY,2026-08-22,mgr:fa5d385e34dc,Daniel Farke,1,EXACT_PLAYER_PERIOD_DETAILED,EXACT_PLAYER_MATCH,17.0,11.0,0.0,1,0,6.0,3.0,0,WHOSCORED_SOURCE_SPECIFIC,WHOSCORED_DERIVED_VALIDATED,WHOSCORED_SOURCE_SPECIFIC,WHOSCORED_DERIVED_VALIDATED,WHOSCORED_SOURCE_SPECIFIC,0521z,17.0,11.0,0.0,4.0,1.0,61fz0pmkmrp1z5vo,FANTRAX,FANTRAX,FANTRAX,0.0,0.0,0.0,James Justin
soccerdata:sofascore:16363238,FTX-06ZBX,leeds_united,nottingham_forest,401073,8.33,3421,CM,,True,0.0,1,0,2,2.0,3,4.0,4,5,1,1,0,3,2,1,6,32,17,observed_or_derived,False,AWAY,2026-08-22,mgr:fa5d385e34dc,Daniel Farke,1,EXACT_PLAYER_PERIOD_DETAILED,EXACT_PLAYER_MATCH,20.5,10.5,0.0,1,0,3.0,2.0,0,WHOSCORED_SOURCE_SPECIFIC,WHOSCORED_DERIVED_VALIDATED,WHOSCORED_SOURCE_SPECIFIC,WHOSCORED_DERIVED_VALIDATED,WHOSCORED_SOURCE_SPECIFIC,06zbx,20.5,10.5,0.0,2.0,4.0,2dxfjlk0mrp1z5vo,FANTRAX,FANTRAX,FANTRAX,0.1104850992560386,0.0,0.1104850992560386,Anton Stach
soccerdata:sofascore:16363238,FTX-04LAV,leeds_united,nottingham_forest,322418,7.17,3421,CM,,True,2.0,1,1,2,0.0,2,3.0,3,5,1,0,0,0,0,0,4,55,43,observed_or_derived,False,AWAY,2026-08-22,mgr:fa5d385e34dc,Daniel Farke,1,EXACT_PLAYER_PERIOD_DETAILED,EXACT_PLAYER_MATCH,16.5,10.5,0.0,0,0,2.0,1.0,0,WHOSCORED_SOURCE_SPECIFIC,WHOSCORED_DERIVED_VALIDATED,WHOSCORED_SOURCE_SPECIFIC,WHOSCORED_DERIVED_VALIDATED,WHOSCORED_SOURCE_SPECIFIC,04lav,16.5,10.5,2.0,0.0,3.0,rx9bjhp3mrp1z5vo,FANTRAX,FANTRAX,FANTRAX,0.0,0.0797523707151413,0.0797523707151413,Ethan Ampadu
soccerdata:sofascore:16363238,FTX-061VP,leeds_united,nottingham_forest,371012,6.76,3421,CAM,,True,0.0,2,2,7,2.0,1,0.0,1,6,2,1,0,1,1,0,2,15,11,observed_or_derived,False,AWAY,2026-08-22,mgr:fa5d385e34dc,Daniel Farke,1,NO_DETAILED_FANTRAX_ROW,EXACT_PLAYER_MATCH,6.0,,0.0,0,0,1.0,1.0,0,WHOSCORED_SOURCE_SPECIFIC,WHOSCORED_DERIVED_VALIDATED,WHOSCORED_SOURCE_SPECIFIC,WHOSCORED_DERIVED_VALIDATED,WHOSCORED_SOURCE_SPECIFIC,061vp,6.0,,0.0,,,,WHOSCORED_CURRENT_OBSERVED,WHOSCORED_CURRENT_OBSERVED,WHOSCORED_CURRENT_OBSERVED,0.0185040533542633,0.0,0.0185040533542633,Brenden Aaronson
soccerdata:sofascore:16363238,FTX-03RXS,leeds_united,nottingham_forest,333044,6.57,3421,CAM,,True,1.0,2,1,0,0.0,2,0.0,0,0,0,3,0,0,0,0,1,18,14,observed_or_derived,False,AWAY,2026-08-22,mgr:fa5d385e34dc,Daniel Farke,1,EXACT_PLAYER_PERIOD_DETAILED,EXACT_PLAYER_MATCH,5.0,4.0,0.0,3,1,2.0,1.0,0,WHOSCORED_SOURCE_SPECIFIC,WHOSCORED_DERIVED_VALIDATED,WHOSCORED_SOURCE_SPECIFIC,WHOSCORED_DERIVED_VALIDATED,WHOSCORED_SOURCE_SPECIFIC,03rxs,5.0,4.0,1.0,0.0,0.0,61fz0pmkmrp1z5vo,FANTRAX,FANTRAX,FANTRAX,0.0,0.0185040533542633,0.0185040533542633,Harry Wilson
soccerdata:sofascore:16363238,FTX-049TQ,leeds_united,nottingham_forest,141469,6.13,3421,ST,,True,0.0,0,0,9,4.0,0,0.0,0,2,0,0,0,3,2,0,2,14,5,observed_or_derived,False,AWAY,2026-08-22,mgr:fa5d385e34dc,Daniel Farke,1,EXACT_PLAYER_PERIOD_DETAILED,EXACT_PLAYER_MATCH,0.0,0.0,0.0,0,0,0.0,0.0,0,WHOSCORED_SOURCE_SPECIFIC,WHOSCORED_DERIVED_VALIDATED,WHOSCORED_SOURCE_SPECIFIC,WHOSCORED_DERIVED_VALIDATED,WHOSCORED_SOURCE_SPECIFIC,049tq,0.0,0.0,0.0,4.0,0.0,aup99ojzmrp1z5vp,FANTRAX,FANTRAX,FANTRAX,0.1603692919015884,0.0,0.1603692919015884,Dominic Calvert-Lewin
soccerdata:sofascore:16363238,FTX-070CJ,leeds_united,nottingham_forest,376090,6.92,3421,,,False,1.0,3,2,0,0.0,2,1.0,0,2,0,1,0,0,0,0,1,4,1,observed_or_derived,False,AWAY,2026-08-22,mgr:fa5d385e34dc,Daniel Farke,1,EXACT_PLAYER_PERIOD_DETAILED,EXACT_PLAYER_MATCH,8.0,8.0,0.0,1,1,2.0,2.0,0,WHOSCORED_SOURCE_SPECIFIC,WHOSCORED_DERIVED_VALIDATED,WHOSCORED_SOURCE_SPECIFIC,WHOSCORED_DERIVED_VALIDATED,WHOSCORED_SOURCE_SPECIFIC,070cj,8.0,8.0,1.0,0.0,1.0,qwkltl98mrp1z5vp,FANTRAX,FANTRAX,FANTRAX,0.0,0.0601546838879585,0.0601546838879585,Noah Okafor
soccerdata:sofascore:16363238,FTX-04UG0,leeds_united,nottingham_forest,342811,6.14,3421,,,False,0.0,0,0,0,0.0,0,0.0,0,0,0,0,0,0,0,0,0,2,2,observed_or_derived,False,AWAY,2026-08-22,mgr:fa5d385e34dc,Daniel Farke,1,NO_DETAILED_FANTRAX_ROW,EXACT_PLAYER_MATCH,0.0,,0.0,0,0,0.0,0.0,0,WHOSCORED_SOURCE_SPECIFIC,WHOSCORED_DERIVED_VALIDATED,WHOSCORED_SOURCE_SPECIFIC,WHOSCORED_DERIVED_VALIDATED,WHOSCORED_SOURCE_SPECIFIC,04ug0,0.0,,0.0,,,,WHOSCORED_CURRENT_OBSERVED,WHOSCORED_CURRENT_OBSERVED,WHOSCORED_CURRENT_OBSERVED,0.0,0.0,0.0,Sean Longstaff
soccerdata:sofascore:16363238,FTX-04YM7,leeds_united,nottingham_forest,307564,,3421,,,False,0.0,0,0,0,0.0,0,0.0,0,0,0,0,0,0,0,0,0,0,0,observed_or_derived,False,AWAY,2026-08-22,mgr:fa5d385e34dc,Daniel Farke,1,NO_DETAILED_FANTRAX_ROW,UNRESOLVED,0.0,,0.0,0,0,0.0,0.0,0,WHOSCORED_SOURCE_SPECIFIC,WHOSCORED_DERIVED_VALIDATED,WHOSCORED_SOURCE_SPECIFIC,WHOSCORED_DERIVED_VALIDATED,WHOSCORED_SOURCE_SPECIFIC,04ym7,0.0,,,,,,WHOSCORED_CURRENT_OBSERVED,WHOSCORED_CURRENT_OBSERVED,WHOSCORED_CURRENT_OBSERVED,,,,Lucas Perri
soccerdata:sofascore:16363238,FTX-04LNU,leeds_united,nottingham_forest,347340,,3421,,,False,0.0,0,0,0,0.0,0,0.0,0,0,0,0,0,0,0,0,0,0,0,observed_or_derived,False,AWAY,2026-08-22,mgr:fa5d385e34dc,Daniel Farke,1,NO_DETAILED_FANTRAX_ROW,UNRESOLVED,0.0,,0.0,0,0,0.0,0.0,0,WHOSCORED_SOURCE_SPECIFIC,WHOSCORED_DERIVED_VALIDATED,WHOSCORED_SOURCE_SPECIFIC,WHOSCORED_DERIVED_VALIDATED,WHOSCORED_SOURCE_SPECIFIC,04lnu,0.0,,,,,,WHOSCORED_CURRENT_OBSERVED,WHOSCORED_CURRENT_OBSERVED,WHOSCORED_CURRENT_OBSERVED,,,,Lukas Nmecha
soccerdata:sofascore:16363238,FTX-06UZY,leeds_united,nottingham_forest,423347,,3421,,,False,0.0,0,0,0,0.0,0,0.0,0,0,0,0,0,0,0,0,0,0,0,observed_or_derived,False,AWAY,2026-08-22,mgr:fa5d385e34dc,Daniel Farke,1,NO_DETAILED_FANTRAX_ROW,UNRESOLVED,0.0,,0.0,0,0,0.0,0.0,0,WHOSCORED_SOURCE_SPECIFIC,WHOSCORED_DERIVED_VALIDATED,WHOSCORED_SOURCE_SPECIFIC,WHOSCORED_DERIVED_VALIDATED,WHOSCORED_SOURCE_SPECIFIC,06uzy,0.0,,,,,,WHOSCORED_CURRENT_OBSERVED,WHOSCORED_CURRENT_OBSERVED,WHOSCORED_CURRENT_OBSERVED,,,,Ao Tanaka
soccerdata:sofascore:16363238,FTX-078WO,leeds_united,nottingham_forest,243534,,3421,,,False,0.0,0,0,0,0.0,0,0.0,0,0,0,0,0,0,0,0,0,0,0,observed_or_derived,False,AWAY,2026-08-22,mgr:fa5d385e34dc,Daniel Farke,1,NO_DETAILED_FANTRAX_ROW,UNRESOLVED,0.0,,0.0,0,0,0.0,0.0,0,WHOSCORED_SOURCE_SPECIFIC,WHOSCORED_DERIVED_VALIDATED,WHOSCORED_SOURCE_SPECIFIC,WHOSCORED_DERIVED_VALIDATED,WHOSCORED_SOURCE_SPECIFIC,078wo,0.0,,,,,,WHOSCORED_CURRENT_OBSERVED,WHOSCORED_CURRENT_OBSERVED,WHOSCORED_CURRENT_OBSERVED,,,,Nico Elvedi
soccerdata:sofascore:16363238,FTX-03YR0,leeds_united,nottingham_forest,302313,,3421,,,False,0.0,0,0,0,0.0,0,0.0,0,0,0,0,0,0,0,0,0,0,0,observed_or_derived,False,AWAY,2026-08-22,mgr:fa5d385e34dc,Daniel Farke,1,NO_DETAILED_FANTRAX_ROW,UNRESOLVED,0.0,,0.0,0,0,0.0,0.0,0,WHOSCORED_SOURCE_SPECIFIC,WHOSCORED_DERIVED_VALIDATED,WHOSCORED_SOURCE_SPECIFIC,WHOSCORED_DERIVED_VALIDATED,WHOSCORED_SOURCE_SPECIFIC,03yr0,0.0,,,,,,WHOSCORED_CURRENT_OBSERVED,WHOSCORED_CURRENT_OBSERVED,WHOSCORED_CURRENT_OBSERVED,,,,Daniel James
soccerdata:sofascore:16363238,FTX-075SH,leeds_united,nottingham_forest,622195,,3421,,,False,0.0,0,0,0,0.0,0,0.0,0,0,0,0,0,0,0,0,0,0,0,observed_or_derived,False,AWAY,2026-08-22,mgr:fa5d385e34dc,Daniel Farke,1,NO_DETAILED_FANTRAX_ROW,UNRESOLVED,0.0,,0.0,0,0,0.0,0.0,0,WHOSCORED_SOURCE_SPECIFIC,WHOSCORED_DERIVED_VALIDATED,WHOSCORED_SOURCE_SPECIFIC,WHOSCORED_DERIVED_VALIDATED,WHOSCORED_SOURCE_SPECIFIC,075sh,0.0,,,,,,WHOSCORED_CURRENT_OBSERVED,WHOSCORED_CURRENT_OBSERVED,WHOSCORED_CURRENT_OBSERVED,,,,Jayden Lienou
soccerdata:sofascore:16363238,FTX-075ZI,leeds_united,nottingham_forest,622692,,3421,,,False,0.0,0,0,0,0.0,0,0.0,0,0,0,0,0,0,0,0,0,0,0,observed_or_derived,False,AWAY,2026-08-22,mgr:fa5d385e34dc,Daniel Farke,1,NO_DETAILED_FANTRAX_ROW,UNRESOLVED,0.0,,0.0,0,0,0.0,0.0,0,WHOSCORED_SOURCE_SPECIFIC,WHOSCORED_DERIVED_VALIDATED,WHOSCORED_SOURCE_SPECIFIC,WHOSCORED_DERIVED_VALIDATED,WHOSCORED_SOURCE_SPECIFIC,075zi,0.0,,,,,,WHOSCORED_CURRENT_OBSERVED,WHOSCORED_CURRENT_OBSERVED,WHOSCORED_CURRENT_OBSERVED,,,,Alfie Cresswell
soccerdata:sofascore:16363635,FTX-032F9,everton,crystal_palace,110189,7.36,4231,GK,,True,0.0,0,0,0,0.0,0,0.0,0,3,0,0,0,0,0,0,0,38,24,observed_or_derived,False,HOME,2026-08-22,mgr:84316c036a2d,David Moyes,1,EXACT_PLAYER_PERIOD_DETAILED,EXACT_PLAYER_MATCH,14.0,8.0,0.0,0,0,0.0,0.0,0,WHOSCORED_SOURCE_SPECIFIC,WHOSCORED_DERIVED_VALIDATED,WHOSCORED_SOURCE_SPECIFIC,WHOSCORED_DERIVED_VALIDATED,WHOSCORED_SOURCE_SPECIFIC,032f9,14.0,8.0,0.0,0.0,0.0,aup99ojzmrp1z5vp,FANTRAX,FANTRAX,FANTRAX,0.0,0.0,0.0,Jordan Pickford
soccerdata:sofascore:16363635,FTX-070HI,everton,crystal_palace,419945,7.0,4231,RB,,True,1.0,1,0,4,3.0,2,0.0,3,5,2,3,0,0,0,0,0,56,39,observed_or_derived,False,HOME,2026-08-22,mgr:84316c036a2d,David Moyes,1,NO_DETAILED_FANTRAX_ROW,EXACT_PLAYER_MATCH,6.5,,0.0,2,0,2.0,1.0,0,WHOSCORED_SOURCE_SPECIFIC,WHOSCORED_DERIVED_VALIDATED,WHOSCORED_SOURCE_SPECIFIC,WHOSCORED_DERIVED_VALIDATED,WHOSCORED_SOURCE_SPECIFIC,070hi,6.5,,1.0,,,,WHOSCORED_CURRENT_OBSERVED,WHOSCORED_CURRENT_OBSERVED,WHOSCORED_CURRENT_OBSERVED,0.0,0.0854983851313591,0.0854983851313591,Merlin Röhl
soccerdata:sofascore:16363635,FTX-05L27,everton,crystal_palace,381045,7.41,4231,CB,,True,0.0,0,0,4,4.0,2,1.0,4,2,3,0,0,0,0,0,0,38,35,observed_or_derived,False,HOME,2026-08-22,mgr:84316c036a2d,David Moyes,1,EXACT_PLAYER_PERIOD_DETAILED,EXACT_PLAYER_MATCH,15.0,9.0,0.0,0,0,2.0,1.0,0,WHOSCORED_SOURCE_SPECIFIC,WHOSCORED_DERIVED_VALIDATED,WHOSCORED_SOURCE_SPECIFIC,WHOSCORED_DERIVED_VALIDATED,WHOSCORED_SOURCE_SPECIFIC,05l27,15.0,9.0,0.0,4.0,1.0,ayk8m85amrp1z5vo,FANTRAX,FANTRAX,FANTRAX,0.0,0.0,0.0,Jarrad Branthwaite
soccerdata:sofascore:16363635,FTX-0427D,everton,crystal_palace,131464,7.11,4231,CB,,True,0.0,1,0,4,3.0,1,3.0,4,4,1,0,0,1,0,0,2,32,25,observed_or_derived,False,HOME,2026-08-22,mgr:84316c036a2d,David Moyes,1,EXACT_PLAYER_PERIOD_DETAILED,EXACT_PLAYER_MATCH,16.0,10.0,0.0,0,0,1.0,1.0,0,WHOSCORED_SOURCE_SPECIFIC,WHOSCORED_DERIVED_VALIDATED,WHOSCORED_SOURCE_SPECIFIC,WHOSCORED_DERIVED_VALIDATED,WHOSCORED_SOURCE_SPECIFIC,0427d,16.0,10.0,0.0,3.0,3.0,h2e8dn5dmrp1z5vp,FANTRAX,FANTRAX,FANTRAX,0.048587717115879,0.0,0.048587717115879,James Tarkowski
soccerdata:sofascore:16363635,FTX-05YBQ,everton,crystal_palace,345516,6.94,4231,LB,,True,1.0,1,0,4,2.0,0,0.0,4,4,1,0,0,0,0,0,2,50,41,observed_or_derived,False,HOME,2026-08-22,mgr:84316c036a2d,David Moyes,1,NO_DETAILED_FANTRAX_ROW,EXACT_PLAYER_MATCH,12.5,,0.0,0,0,0.0,0.0,0,WHOSCORED_SOURCE_SPECIFIC,WHOSCORED_DERIVED_VALIDATED,WHOSCORED_SOURCE_SPECIFIC,WHOSCORED_DERIVED_VALIDATED,WHOSCORED_SOURCE_SPECIFIC,05ybq,12.5,,1.0,,,,WHOSCORED_CURRENT_OBSERVED,WHOSCORED_CURRENT_OBSERVED,WHOSCORED_CURRENT_OBSERVED,0.0,0.0280860438942909,0.0280860438942909,Vitalii Mykolenko
soccerdata:sofascore:16363635,FTX-0784P,everton,crystal_palace,388651,6.93,4231,DM,,True,1.0,5,0,1,0.0,2,1.0,0,4,2,2,0,1,1,0,4,45,38,observed_or_derived,False,HOME,2026-08-22,mgr:84316c036a2d,David Moyes,1,EXACT_PLAYER_PERIOD_DETAILED,EXACT_PLAYER_MATCH,5.0,4.0,0.0,2,0,2.0,1.0,0,WHOSCORED_SOURCE_SPECIFIC,WHOSCORED_DERIVED_VALIDATED,WHOSCORED_SOURCE_SPECIFIC,WHOSCORED_DERIVED_VALIDATED,WHOSCORED_SOURCE_SPECIFIC,0784p,5.0,4.0,1.0,0.0,1.0,rx9bjhp3mrp1z5vo,FANTRAX,FANTRAX,FANTRAX,0.0381052009761333,0.0316711217164993,0.0697763226926325,Hayden Hackney
soccerdata:sofascore:16363635,FTX-06ONV,everton,crystal_palace,535879,7.31,4231,DM,,True,1.0,3,0,1,0.0,2,1.0,1,11,0,0,0,0,0,0,5,38,34,observed_or_derived,False,HOME,2026-08-22,mgr:84316c036a2d,David Moyes,1,NO_DETAILED_FANTRAX_ROW,EXACT_PLAYER_MATCH,12.5,,0.0,0,0,2.0,1.0,1,WHOSCORED_SOURCE_SPECIFIC,WHOSCORED_DERIVED_VALIDATED,WHOSCORED_SOURCE_SPECIFIC,WHOSCORED_DERIVED_VALIDATED,WHOSCORED_SOURCE_SPECIFIC,06onv,12.5,,1.0,,,,WHOSCORED_CURRENT_OBSERVED,WHOSCORED_CURRENT_OBSERVED,WHOSCORED_CURRENT_OBSERVED,0.0,0.0690635815262794,0.0690635815262794,Harrison Armstrong
soccerdata:sofascore:16363635,FTX-05R94,everton,crystal_palace,366116,7.98,4231,RW,,True,3.0,4,1,2,0.0,4,0.0,0,8,3,2,0,2,2,0,1,46,39,observed_or_derived,False,HOME,2026-08-22,mgr:84316c036a2d,David Moyes,1,EXACT_PLAYER_PERIOD_DETAILED,EXACT_PLAYER_MATCH,17.0,10.0,0.0,2,1,4.0,1.0,1,WHOSCORED_SOURCE_SPECIFIC,WHOSCORED_DERIVED_VALIDATED,WHOSCORED_SOURCE_SPECIFIC,WHOSCORED_DERIVED_VALIDATED,WHOSCORED_SOURCE_SPECIFIC,05r94,17.0,10.0,3.0,0.0,0.0,61fz0pmkmrp1z5vo,FANTRAX,FANTRAX,FANTRAX,0.2191132456064224,0.609299898147583,0.8284131437540054,Iliman Ndiaye
soccerdata:sofascore:16363635,FTX-05GCC,everton,crystal_palace,391256,8.02,4231,CAM,,True,2.0,4,1,0,0.0,2,0.0,1,5,0,6,1,3,2,1,2,43,32,observed_or_derived,False,HOME,2026-08-22,mgr:84316c036a2d,David Moyes,1,EXACT_PLAYER_PERIOD_DETAILED,EXACT_PLAYER_MATCH,18.5,8.5,0.0,6,0,2.0,1.0,0,WHOSCORED_SOURCE_SPECIFIC,WHOSCORED_DERIVED_VALIDATED,WHOSCORED_SOURCE_SPECIFIC,WHOSCORED_DERIVED_VALIDATED,WHOSCORED_SOURCE_SPECIFIC,05gcc,18.5,8.5,2.0,0.0,0.0,qwkltl98mrp1z5vp,FANTRAX,FANTRAX,FANTRAX,0.1914061307907104,0.1188939660787582,0.3103000968694686,Kiernan Dewsbury-Hall
soccerdata:sofascore:16363635,FTX-06L4I,everton,crystal_palace,523597,7.08,4231,LW,,True,2.0,3,2,2,2.0,0,2.0,1,4,2,1,0,5,3,0,0,37,30,observed_or_derived,False,HOME,2026-08-22,mgr:84316c036a2d,David Moyes,1,NO_DETAILED_FANTRAX_ROW,EXACT_PLAYER_MATCH,9.0,,0.0,1,0,0.0,0.0,0,WHOSCORED_SOURCE_SPECIFIC,WHOSCORED_DERIVED_VALIDATED,WHOSCORED_SOURCE_SPECIFIC,WHOSCORED_DERIVED_VALIDATED,WHOSCORED_SOURCE_SPECIFIC,06l4i,9.0,,2.0,,,,WHOSCORED_CURRENT_OBSERVED,WHOSCORED_CURRENT_OBSERVED,WHOSCORED_CURRENT_OBSERVED,0.2401377856731414,0.1349662691354751,0.3751040548086165,Tyrique George
soccerdata:sofascore:16363635,FTX-06YBP,everton,crystal_palace,537713,7.38,4231,ST,,True,1.0,2,0,6,2.0,1,0.0,0,2,2,1,0,2,2,1,1,16,13,observed_or_derived,False,HOME,2026-08-22,mgr:84316c036a2d,David Moyes,1,NO_DETAILED_FANTRAX_ROW,EXACT_PLAYER_MATCH,14.5,,0.0,1,1,1.0,1.0,0,WHOSCORED_SOURCE_SPECIFIC,WHOSCORED_DERIVED_VALIDATED,WHOSCORED_SOURCE_SPECIFIC,WHOSCORED_DERIVED_VALIDATED,WHOSCORED_SOURCE_SPECIFIC,06ybp,14.5,,1.0,,,,WHOSCORED_CURRENT_OBSERVED,WHOSCORED_CURRENT_OBSERVED,WHOSCORED_CURRENT_OBSERVED,0.5887982845306396,0.1336148530244827,0.7224131375551224,Thierno Barry
soccerdata:sofascore:16363635,FTX-06FVN,everton,crystal_palace,380546,6.1,4231,,,False,0.0,0,0,1,1.0,0,0.0,0,0,1,0,0,1,1,0,0,4,2,observed_or_derived,False,HOME,2026-08-22,mgr:84316c036a2d,David Moyes,1,NO_DETAILED_FANTRAX_ROW,EXACT_PLAYER_MATCH,0.5,,0.0,0,0,0.0,0.0,0,WHOSCORED_SOURCE_SPECIFIC,WHOSCORED_DERIVED_VALIDATED,WHOSCORED_SOURCE_SPECIFIC,WHOSCORED_DERIVED_VALIDATED,WHOSCORED_SOURCE_SPECIFIC,06fvn,0.5,,0.0,,,,WHOSCORED_CURRENT_OBSERVED,WHOSCORED_CURRENT_OBSERVED,WHOSCORED_CURRENT_OBSERVED,0.0653562098741531,0.0,0.0653562098741531,Beto
soccerdata:sofascore:16363635,FTX-04SPW,everton,crystal_palace,367781,6.24,4231,,,False,1.0,0,0,0,0.0,1,0.0,0,0,0,0,0,0,0,0,0,9,9,observed_or_derived,False,HOME,2026-08-22,mgr:84316c036a2d,David Moyes,1,EXACT_PLAYER_PERIOD_DETAILED,EXACT_PLAYER_MATCH,2.5,2.5,0.0,0,0,1.0,1.0,0,WHOSCORED_SOURCE_SPECIFIC,WHOSCORED_DERIVED_VALIDATED,WHOSCORED_SOURCE_SPECIFIC,WHOSCORED_DERIVED_VALIDATED,WHOSCORED_SOURCE_SPECIFIC,04spw,2.5,2.5,1.0,0.0,0.0,ayk8m85amrp1z5vo,FANTRAX,FANTRAX,FANTRAX,0.0,0.0593440569937229,0.0593440569937229,James Garner
soccerdata:sofascore:16363635,FTX-061YA,everton,crystal_palace,379688,6.14,4231,,,False,0.0,1,0,1,0.0,0,0.0,3,0,1,1,0,0,0,0,2,3,2,observed_or_derived,False,HOME,2026-08-22,mgr:84316c036a2d,David Moyes,1,EXACT_PLAYER_PERIOD_DETAILED,EXACT_PLAYER_MATCH,1.0,1.0,0.0,0,0,0.0,0.0,0,WHOSCORED_SOURCE_SPECIFIC,WHOSCORED_DERIVED_VALIDATED,WHOSCORED_SOURCE_SPECIFIC,WHOSCORED_DERIVED_VALIDATED,WHOSCORED_SOURCE_SPECIFIC,061ya,1.0,1.0,0.0,0.0,0.0,61fz0pmkmrp1z5vo,FANTRAX,FANTRAX,FANTRAX,0.0,0.0,0.0,Brennan Johnson
soccerdata:sofascore:16363635,FTX-04VY4,everton,crystal_palace,362806,,4231,,,False,0.0,0,0,0,0.0,0,0.0,0,0,0,0,0,0,0,0,0,0,0,observed_or_derived,False,HOME,2026-08-22,mgr:84316c036a2d,David Moyes,1,NO_DETAILED_FANTRAX_ROW,UNRESOLVED,0.0,,0.0,0,0,0.0,0.0,0,WHOSCORED_SOURCE_SPECIFIC,WHOSCORED_DERIVED_VALIDATED,WHOSCORED_SOURCE_SPECIFIC,WHOSCORED_DERIVED_VALIDATED,WHOSCORED_SOURCE_SPECIFIC,04vy4,0.0,,,,,,WHOSCORED_CURRENT_OBSERVED,WHOSCORED_CURRENT_OBSERVED,WHOSCORED_CURRENT_OBSERVED,,,,Mark Travers
soccerdata:sofascore:16363635,FTX-062OH,everton,crystal_palace,424495,,4231,,,False,0.0,0,0,0,0.0,0,0.0,0,0,0,0,0,0,0,0,0,0,0,observed_or_derived,False,HOME,2026-08-22,mgr:84316c036a2d,David Moyes,1,NO_DETAILED_FANTRAX_ROW,UNRESOLVED,0.0,,0.0,0,0,0.0,0.0,0,WHOSCORED_SOURCE_SPECIFIC,WHOSCORED_DERIVED_VALIDATED,WHOSCORED_SOURCE_SPECIFIC,WHOSCORED_DERIVED_VALIDATED,WHOSCORED_SOURCE_SPECIFIC,062oh,0.0,,,,,,WHOSCORED_CURRENT_OBSERVED,WHOSCORED_CURRENT_OBSERVED,WHOSCORED_CURRENT_OBSERVED,,,,Jake O'Brien
soccerdata:sofascore:16363635,FTX-06195,everton,crystal_palace,438067,,4231,,,False,0.0,0,0,0,0.0,0,0.0,0,0,0,0,0,0,0,0,0,0,0,observed_or_derived,False,HOME,2026-08-22,mgr:84316c036a2d,David Moyes,1,NO_DETAILED_FANTRAX_ROW,UNRESOLVED,0.0,,0.0,0,0,0.0,0.0,0,WHOSCORED_SOURCE_SPECIFIC,WHOSCORED_DERIVED_VALIDATED,WHOSCORED_SOURCE_SPECIFIC,WHOSCORED_DERIVED_VALIDATED,WHOSCORED_SOURCE_SPECIFIC,06195,0.0,,,,,,WHOSCORED_CURRENT_OBSERVED,WHOSCORED_CURRENT_OBSERVED,WHOSCORED_CURRENT_OBSERVED,,,,Tyler Dibling
soccerdata:sofascore:16363635,FTX-0327R,everton,crystal_palace,107941,,4231,,,False,0.0,0,0,0,0.0,0,0.0,0,0,0,0,0,0,0,0,0,0,0,observed_or_derived,False,HOME,2026-08-22,mgr:84316c036a2d,David Moyes,1,NO_DETAILED_FANTRAX_ROW,UNRESOLVED,0.0,,0.0,0,0,0.0,0.0,0,WHOSCORED_SOURCE_SPECIFIC,WHOSCORED_DERIVED_VALIDATED,WHOSCORED_SOURCE_SPECIFIC,WHOSCORED_DERIVED_VALIDATED,WHOSCORED_SOURCE_SPECIFIC,0327r,0.0,,,,,,WHOSCORED_CURRENT_OBSERVED,WHOSCORED_CURRENT_OBSERVED,WHOSCORED_CURRENT_OBSERVED,,,,Michael Keane
soccerdata:sofascore:16363635,FTX-05YCT,everton,crystal_palace,396975,,4231,,,False,0.0,0,0,0,0.0,0,0.0,0,0,0,0,0,0,0,0,0,0,0,observed_or_derived,False,HOME,2026-08-22,mgr:84316c036a2d,David Moyes,1,NO_DETAILED_FANTRAX_ROW,UNRESOLVED,0.0,,0.0,0,0,0.0,0.0,0,WHOSCORED_SOURCE_SPECIFIC,WHOSCORED_DERIVED_VALIDATED,WHOSCORED_SOURCE_SPECIFIC,WHOSCORED_DERIVED_VALIDATED,WHOSCORED_SOURCE_SPECIFIC,05yct,0.0,,,,,,WHOSCORED_CURRENT_OBSERVED,WHOSCORED_CURRENT_OBSERVED,WHOSCORED_CURRENT_OBSERVED,,,,Nathan Patterson
soccerdata:sofascore:16363635,FTX-03YWW,crystal_palace,everton,304008,6.35,3421,GK,,True,0.0,0,0,0,0.0,0,0.0,1,3,0,0,0,0,0,0,0,39,32,observed_or_derived,False,AWAY,2026-08-22,mgr:698607e509b7,Pierre Sage,1,EXACT_PLAYER_PERIOD_DETAILED,EXACT_PLAYER_MATCH,5.5,5.5,0.0,0,0,0.0,0.0,0,WHOSCORED_SOURCE_SPECIFIC,WHOSCORED_DERIVED_VALIDATED,WHOSCORED_SOURCE_SPECIFIC,WHOSCORED_DERIVED_VALIDATED,WHOSCORED_SOURCE_SPECIFIC,03yww,5.5,5.5,0.0,0.0,0.0,2dxfjlk0mrp1z5vo,FANTRAX,FANTRAX,FANTRAX,0.0,0.0,0.0,Dean Henderson
soccerdata:sofascore:16363635,FTX-06MNN,crystal_palace,everton,454342,6.25,3421,CB,,True,0.0,1,0,2,2.0,1,1.0,5,3,1,0,0,0,0,0,2,49,46,observed_or_derived,False,AWAY,2026-08-22,mgr:698607e509b7,Pierre Sage,1,NO_DETAILED_FANTRAX_ROW,EXACT_PLAYER_MATCH,4.5,,0.0,0,0,1.0,1.0,0,WHOSCORED_SOURCE_SPECIFIC,WHOSCORED_DERIVED_VALIDATED,WHOSCORED_SOURCE_SPECIFIC,WHOSCORED_DERIVED_VALIDATED,WHOSCORED_SOURCE_SPECIFIC,06mnn,4.5,,0.0,,,,WHOSCORED_CURRENT_OBSERVED,WHOSCORED_CURRENT_OBSERVED,WHOSCORED_CURRENT_OBSERVED,0.0,0.0,0.0,Chadi Riad
soccerdata:sofascore:16363635,FTX-0635J,crystal_palace,everton,395401,7.07,3421,CB,,True,0.0,1,1,4,1.0,2,2.0,9,1,1,0,0,0,0,0,0,67,62,observed_or_derived,False,AWAY,2026-08-22,mgr:698607e509b7,Pierre Sage,1,EXACT_PLAYER_PERIOD_DETAILED,EXACT_PLAYER_MATCH,11.5,11.5,0.0,0,0,2.0,2.0,0,WHOSCORED_SOURCE_SPECIFIC,WHOSCORED_DERIVED_VALIDATED,WHOSCORED_SOURCE_SPECIFIC,WHOSCORED_DERIVED_VALIDATED,WHOSCORED_SOURCE_SPECIFIC,0635j,11.5,11.5,0.0,1.0,2.0,acjx0vg4mrp1z5vo,FANTRAX,FANTRAX,FANTRAX,0.0,0.0,0.0,Chris Richards
soccerdata:sofascore:16363635,FTX-070HB,crystal_palace,everton,531676,6.22,3421,CB,,True,0.0,1,0,3,2.0,4,0.0,2,3,1,0,1,1,1,0,0,86,77,observed_or_derived,False,AWAY,2026-08-22,mgr:698607e509b7,Pierre Sage,1,EXACT_PLAYER_PERIOD_DETAILED,EXACT_PLAYER_MATCH,5.5,5.5,0.0,0,0,4.0,3.0,0,WHOSCORED_SOURCE_SPECIFIC,WHOSCORED_DERIVED_VALIDATED,WHOSCORED_SOURCE_SPECIFIC,WHOSCORED_DERIVED_VALIDATED,WHOSCORED_SOURCE_SPECIFIC,070hb,5.5,5.5,0.0,2.0,0.0,rx9bjhp3mrp1z5vo,FANTRAX,FANTRAX,FANTRAX,0.0194436479359865,0.0,0.0194436479359865,Jaydee Canvot
soccerdata:sofascore:16363635,FTX-06JGI,crystal_palace,everton,400496,5.3,3421,RWB,,True,0.0,0,0,3,2.0,1,1.0,2,1,1,0,0,2,1,0,1,36,30,observed_or_derived,False,AWAY,2026-08-22,mgr:698607e509b7,Pierre Sage,1,EXACT_PLAYER_PERIOD_DETAILED,EXACT_PLAYER_MATCH,5.0,5.0,0.0,0,0,1.0,1.0,0,WHOSCORED_SOURCE_SPECIFIC,WHOSCORED_DERIVED_VALIDATED,WHOSCORED_SOURCE_SPECIFIC,WHOSCORED_DERIVED_VALIDATED,WHOSCORED_SOURCE_SPECIFIC,06jgi,5.0,5.0,0.0,2.0,1.0,61fz0pmkmrp1z5vo,FANTRAX,FANTRAX,FANTRAX,0.3285987377166748,0.0,0.3285987377166748,Daniel Muñoz
soccerdata:sofascore:16363635,FTX-05AKV,crystal_palace,everton,389579,6.21,3421,LWB,,True,1.0,1,0,1,0.0,2,0.0,4,4,4,5,0,0,0,0,2,40,33,observed_or_derived,False,AWAY,2026-08-22,mgr:698607e509b7,Pierre Sage,1,EXACT_PLAYER_PERIOD_DETAILED,EXACT_PLAYER_MATCH,3.5,3.5,0.0,4,0,2.0,2.0,0,WHOSCORED_SOURCE_SPECIFIC,WHOSCORED_DERIVED_VALIDATED,WHOSCORED_SOURCE_SPECIFIC,WHOSCORED_DERIVED_VALIDATED,WHOSCORED_SOURCE_SPECIFIC,05akv,3.5,3.5,1.0,0.0,0.0,2dxfjlk0mrp1z5vo,FANTRAX,FANTRAX,FANTRAX,0.0,0.028658203780651,0.028658203780651,Tyrick Mitchell
soccerdata:sofascore:16363635,FTX-06MNC,crystal_palace,everton,344166,6.79,3421,CM,,True,2.0,1,0,1,1.0,3,1.0,2,8,1,3,0,0,0,0,3,75,68,observed_or_derived,False,AWAY,2026-08-22,mgr:698607e509b7,Pierre Sage,1,NO_DETAILED_FANTRAX_ROW,EXACT_PLAYER_MATCH,7.5,,0.0,3,1,3.0,3.0,0,WHOSCORED_SOURCE_SPECIFIC,WHOSCORED_DERIVED_VALIDATED,WHOSCORED_SOURCE_SPECIFIC,WHOSCORED_DERIVED_VALIDATED,WHOSCORED_SOURCE_SPECIFIC,06mnc,7.5,,2.0,,,,WHOSCORED_CURRENT_OBSERVED,WHOSCORED_CURRENT_OBSERVED,WHOSCORED_CURRENT_OBSERVED,0.0,0.2972403466701507,0.2972403466701507,Daichi Kamada
soccerdata:sofascore:16363635,FTX-06JGS,crystal_palace,everton,430774,6.4,3421,CM,,True,2.0,1,1,0,0.0,2,3.0,1,8,1,0,1,0,0,0,2,74,60,observed_or_derived,False,AWAY,2026-08-22,mgr:698607e509b7,Pierre Sage,1,EXACT_PLAYER_PERIOD_DETAILED,EXACT_PLAYER_MATCH,6.5,6.5,0.0,0,0,2.0,0.0,0,WHOSCORED_SOURCE_SPECIFIC,WHOSCORED_DERIVED_VALIDATED,WHOSCORED_SOURCE_SPECIFIC,WHOSCORED_DERIVED_VALIDATED,WHOSCORED_SOURCE_SPECIFIC,06jgs,6.5,6.5,2.0,0.0,3.0,acjx0vg4mrp1z5vo,FANTRAX,FANTRAX,FANTRAX,0.0,0.3265956938266754,0.3265956938266754,Adam Wharton
soccerdata:sofascore:16363635,FTX-04GE9,crystal_palace,everton,345845,6.39,3421,CAM,,True,2.0,1,0,6,3.0,1,0.0,1,1,1,0,1,1,1,0,0,14,9,observed_or_derived,False,AWAY,2026-08-22,mgr:698607e509b7,Pierre Sage,1,NO_DETAILED_FANTRAX_ROW,EXACT_PLAYER_MATCH,8.5,,0.0,0,0,1.0,1.0,0,WHOSCORED_SOURCE_SPECIFIC,WHOSCORED_DERIVED_VALIDATED,WHOSCORED_SOURCE_SPECIFIC,WHOSCORED_DERIVED_VALIDATED,WHOSCORED_SOURCE_SPECIFIC,04ge9,8.5,,2.0,,,,WHOSCORED_CURRENT_OBSERVED,WHOSCORED_CURRENT_OBSERVED,WHOSCORED_CURRENT_OBSERVED,0.3071564733982086,1.3189489841461182,1.6261054575443268,Eddie Nketiah
soccerdata:sofascore:16363635,FTX-04P0D,crystal_palace,everton,357427,5.89,3421,CAM,,True,0.0,0,0,0,0.0,0,0.0,2,2,1,0,0,1,1,0,0,31,26,observed_or_derived,False,AWAY,2026-08-22,mgr:698607e509b7,Pierre Sage,1,EXACT_PLAYER_PERIOD_DETAILED,EXACT_PLAYER_MATCH,1.5,1.5,0.0,0,0,0.0,0.0,0,WHOSCORED_SOURCE_SPECIFIC,WHOSCORED_DERIVED_VALIDATED,WHOSCORED_SOURCE_SPECIFIC,WHOSCORED_DERIVED_VALIDATED,WHOSCORED_SOURCE_SPECIFIC,04p0d,1.5,1.5,0.0,0.0,0.0,hpsurdtbmrp1z5vo,FANTRAX,FANTRAX,FANTRAX,0.0249885991215705,0.0,0.0249885991215705,Dwight McNeil
soccerdata:sofascore:16363635,FTX-05R8O,crystal_palace,everton,328096,6.12,3421,ST,,True,1.0,0,0,3,1.0,2,0.0,1,2,0,0,0,2,0,0,2,12,9,observed_or_derived,False,AWAY,2026-08-22,mgr:698607e509b7,Pierre Sage,1,EXACT_PLAYER_PERIOD_DETAILED,EXACT_PLAYER_MATCH,2.5,2.5,0.0,0,0,2.0,0.0,0,WHOSCORED_SOURCE_SPECIFIC,WHOSCORED_DERIVED_VALIDATED,WHOSCORED_SOURCE_SPECIFIC,WHOSCORED_DERIVED_VALIDATED,WHOSCORED_SOURCE_SPECIFIC,05r8o,2.5,2.5,1.0,1.0,0.0,ayk8m85amrp1z5vo,FANTRAX,FANTRAX,FANTRAX,1.3189489841461182,0.0249885991215705,1.3439375832676888,Jean-Philippe Mateta
soccerdata:sofascore:16363635,FTX-06ZWJ,crystal_palace,everton,382587,6.13,3421,,,False,0.0,0,0,0,0.0,1,0.0,0,0,0,1,0,1,1,0,2,14,12,observed_or_derived,False,AWAY,2026-08-22,mgr:698607e509b7,Pierre Sage,1,NO_DETAILED_FANTRAX_ROW,EXACT_PLAYER_MATCH,1.0,,0.0,1,0,1.0,0.0,0,WHOSCORED_SOURCE_SPECIFIC,WHOSCORED_DERIVED_VALIDATED,WHOSCORED_SOURCE_SPECIFIC,WHOSCORED_DERIVED_VALIDATED,WHOSCORED_SOURCE_SPECIFIC,06zwj,1.0,,0.0,,,,WHOSCORED_CURRENT_OBSERVED,WHOSCORED_CURRENT_OBSERVED,WHOSCORED_CURRENT_OBSERVED,0.0400747209787368,0.0,0.0400747209787368,Evann Guessand
soccerdata:sofascore:16363635,FTX-078QG,crystal_palace,everton,444136,7.14,3421,,,False,2.0,2,1,1,0.0,4,1.0,3,3,0,2,0,0,0,0,1,30,25,observed_or_derived,False,AWAY,2026-08-22,mgr:698607e509b7,Pierre Sage,1,NO_DETAILED_FANTRAX_ROW,EXACT_PLAYER_MATCH,11.5,,0.0,2,1,4.0,2.0,0,WHOSCORED_SOURCE_SPECIFIC,WHOSCORED_DERIVED_VALIDATED,WHOSCORED_SOURCE_SPECIFIC,WHOSCORED_DERIVED_VALIDATED,WHOSCORED_SOURCE_SPECIFIC,078qg,11.5,,2.0,,,,WHOSCORED_CURRENT_OBSERVED,WHOSCORED_CURRENT_OBSERVED,WHOSCORED_CURRENT_OBSERVED,0.0,0.1630821079015731,0.1630821079015731,Anan Khalaili
soccerdata:sofascore:16363635,FTX-05W9R,crystal_palace,everton,377283,6.18,3421,,,False,0.0,0,0,3,1.0,0,1.0,0,1,0,0,0,0,0,0,2,25,20,observed_or_derived,False,AWAY,2026-08-22,mgr:698607e509b7,Pierre Sage,1,NO_DETAILED_FANTRAX_ROW,EXACT_PLAYER_MATCH,2.0,,0.0,0,0,0.0,0.0,0,WHOSCORED_SOURCE_SPECIFIC,WHOSCORED_DERIVED_VALIDATED,WHOSCORED_SOURCE_SPECIFIC,WHOSCORED_DERIVED_VALIDATED,WHOSCORED_SOURCE_SPECIFIC,05w9r,2.0,,0.0,,,,WHOSCORED_CURRENT_OBSERVED,WHOSCORED_CURRENT_OBSERVED,WHOSCORED_CURRENT_OBSERVED,0.0,0.0,0.0,Takehiro Tomiyasu
soccerdata:sofascore:16363635,FTX-06MOW,crystal_palace,everton,333048,6.08,3421,,,False,0.0,0,0,2,0.0,0,0.0,0,0,0,0,0,1,1,0,2,4,3,observed_or_derived,False,AWAY,2026-08-22,mgr:698607e509b7,Pierre Sage,1,NO_DETAILED_FANTRAX_ROW,EXACT_PLAYER_MATCH,2.0,,0.0,0,0,0.0,0.0,0,WHOSCORED_SOURCE_SPECIFIC,WHOSCORED_DERIVED_VALIDATED,WHOSCORED_SOURCE_SPECIFIC,WHOSCORED_DERIVED_VALIDATED,WHOSCORED_SOURCE_SPECIFIC,06mow,2.0,,0.0,,,,WHOSCORED_CURRENT_OBSERVED,WHOSCORED_CURRENT_OBSERVED,WHOSCORED_CURRENT_OBSERVED,0.1436384618282318,0.0,0.1436384618282318,Jørgen Strand Larsen
soccerdata:sofascore:16363635,FTX-070F9,crystal_palace,everton,403865,6.08,3421,,,False,0.0,0,0,1,0.0,2,0.0,0,3,1,2,1,2,1,0,1,21,17,observed_or_derived,False,AWAY,2026-08-22,mgr:698607e509b7,Pierre Sage,1,EXACT_PLAYER_PERIOD_DETAILED,EXACT_PLAYER_MATCH,0.5,0.5,0.0,2,0,2.0,1.0,0,WHOSCORED_SOURCE_SPECIFIC,WHOSCORED_DERIVED_VALIDATED,WHOSCORED_SOURCE_SPECIFIC,WHOSCORED_DERIVED_VALIDATED,WHOSCORED_SOURCE_SPECIFIC,070f9,0.5,0.5,0.0,0.0,0.0,2dxfjlk0mrp1z5vo,FANTRAX,FANTRAX,FANTRAX,0.0480974204838275,0.0,0.0480974204838275,Yéremy Pino
soccerdata:sofascore:16363635,FTX-06XZE,crystal_palace,everton,130304,,3421,,,False,0.0,0,0,0,0.0,0,0.0,0,0,0,0,0,0,0,0,0,0,0,observed_or_derived,False,AWAY,2026-08-22,mgr:698607e509b7,Pierre Sage,1,NO_DETAILED_FANTRAX_ROW,UNRESOLVED,0.0,,0.0,0,0,0.0,0.0,0,WHOSCORED_SOURCE_SPECIFIC,WHOSCORED_DERIVED_VALIDATED,WHOSCORED_SOURCE_SPECIFIC,WHOSCORED_DERIVED_VALIDATED,WHOSCORED_SOURCE_SPECIFIC,06xze,0.0,,,,,,WHOSCORED_CURRENT_OBSERVED,WHOSCORED_CURRENT_OBSERVED,WHOSCORED_CURRENT_OBSERVED,,,,Walter Benítez
soccerdata:sofascore:16363635,FTX-06YEY,crystal_palace,everton,270829,,3421,,,False,0.0,0,0,0,0.0,0,0.0,0,0,0,0,0,0,0,0,0,0,0,observed_or_derived,False,AWAY,2026-08-22,mgr:698607e509b7,Pierre Sage,1,NO_DETAILED_FANTRAX_ROW,UNRESOLVED,0.0,,0.0,0,0,0.0,0.0,0,WHOSCORED_SOURCE_SPECIFIC,WHOSCORED_DERIVED_VALIDATED,WHOSCORED_SOURCE_SPECIFIC,WHOSCORED_DERIVED_VALIDATED,WHOSCORED_SOURCE_SPECIFIC,06yey,0.0,,,,,,WHOSCORED_CURRENT_OBSERVED,WHOSCORED_CURRENT_OBSERVED,WHOSCORED_CURRENT_OBSERVED,,,,Borna Sosa
soccerdata:sofascore:16363635,FTX-0784O,crystal_palace,everton,397469,,3421,,,False,0.0,0,0,0,0.0,0,0.0,0,0,0,0,0,0,0,0,0,0,0,observed_or_derived,False,AWAY,2026-08-22,mgr:698607e509b7,Pierre Sage,1,EXACT_PLAYER_PERIOD_DETAILED,UNRESOLVED,0.0,,0.0,0,0,0.0,0.0,0,WHOSCORED_SOURCE_SPECIFIC,WHOSCORED_DERIVED_VALIDATED,WHOSCORED_SOURCE_SPECIFIC,WHOSCORED_DERIVED_VALIDATED,WHOSCORED_SOURCE_SPECIFIC,0784o,0.0,,0.0,0.0,0.0,cjn4stydmrp1z5vp,FANTRAX,FANTRAX,FANTRAX,,,,Óscar Mingueza
soccerdata:sofascore:16363635,FTX-04F6O,crystal_palace,everton,108638,,3421,,,False,0.0,0,0,0,0.0,0,0.0,0,0,0,0,0,0,0,0,0,0,0,observed_or_derived,False,AWAY,2026-08-22,mgr:698607e509b7,Pierre Sage,1,NO_DETAILED_FANTRAX_ROW,UNRESOLVED,0.0,,0.0,0,0,0.0,0.0,0,WHOSCORED_SOURCE_SPECIFIC,WHOSCORED_DERIVED_VALIDATED,WHOSCORED_SOURCE_SPECIFIC,WHOSCORED_DERIVED_VALIDATED,WHOSCORED_SOURCE_SPECIFIC,04f6o,0.0,,,,,,WHOSCORED_CURRENT_OBSERVED,WHOSCORED_CURRENT_OBSERVED,WHOSCORED_CURRENT_OBSERVED,,,,Will Hughes
soccerdata:sofascore:16363636,FTX-05UDS,ipswich_town,sunderland,361867,6.51,4231,GK,,True,0.0,0,0,0,0.0,0,0.0,0,1,0,0,0,0,0,0,1,33,19,observed_or_derived,False,HOME,2026-08-22,mgr:2e016582b3f8,Gary O'Neil,1,NO_DETAILED_FANTRAX_ROW,EXACT_PLAYER_MATCH,6.5,,0.0,0,0,0.0,0.0,0,WHOSCORED_SOURCE_SPECIFIC,WHOSCORED_DERIVED_VALIDATED,WHOSCORED_SOURCE_SPECIFIC,WHOSCORED_DERIVED_VALIDATED,WHOSCORED_SOURCE_SPECIFIC,05uds,6.5,,0.0,,,,WHOSCORED_CURRENT_OBSERVED,WHOSCORED_CURRENT_OBSERVED,WHOSCORED_CURRENT_OBSERVED,0.0,0.0,0.0,Kjell Scherpen
soccerdata:sofascore:16363636,pr_73bc3e2e40864d74,ipswich_town,sunderland,362826,7.85,4231,RB,,True,2.0,0,0,5,4.0,2,2.0,14,6,0,3,0,0,0,0,2,45,31,observed_or_derived,False,HOME,2026-08-22,mgr:2e016582b3f8,Gary O'Neil,1,NO_DETAILED_FANTRAX_ROW,UNRESOLVED,19.5,,0.0,1,1,2.0,1.0,0,WHOSCORED_SOURCE_SPECIFIC,WHOSCORED_DERIVED_VALIDATED,WHOSCORED_SOURCE_SPECIFIC,WHOSCORED_DERIVED_VALIDATED,WHOSCORED_SOURCE_SPECIFIC,04gpx,19.5,,,,,,WHOSCORED_CURRENT_OBSERVED,WHOSCORED_CURRENT_OBSERVED,WHOSCORED_CURRENT_OBSERVED,,,,Dara O'Shea
soccerdata:sofascore:16363636,FTX-04QOS,ipswich_town,sunderland,300359,6.24,4231,CB,,True,0.0,0,0,1,0.0,1,2.0,2,6,0,0,0,0,0,0,2,39,31,observed_or_derived,False,HOME,2026-08-22,mgr:2e016582b3f8,Gary O'Neil,1,NO_DETAILED_FANTRAX_ROW,EXACT_PLAYER_MATCH,3.5,,0.0,0,0,1.0,1.0,0,WHOSCORED_SOURCE_SPECIFIC,WHOSCORED_DERIVED_VALIDATED,WHOSCORED_SOURCE_SPECIFIC,WHOSCORED_DERIVED_VALIDATED,WHOSCORED_SOURCE_SPECIFIC,04qos,3.5,,0.0,,,,WHOSCORED_CURRENT_OBSERVED,WHOSCORED_CURRENT_OBSERVED,WHOSCORED_CURRENT_OBSERVED,0.0,0.0,0.0,Issa Diop
soccerdata:sofascore:16363636,pr_d98078d761abad72,ipswich_town,sunderland,381161,6.76,4231,CB,,True,0.0,0,0,4,3.0,3,0.0,4,1,0,0,0,0,0,0,3,41,34,observed_or_derived,False,HOME,2026-08-22,mgr:2e016582b3f8,Gary O'Neil,1,NO_DETAILED_FANTRAX_ROW,UNRESOLVED,7.0,,0.0,0,0,3.0,2.0,0,WHOSCORED_SOURCE_SPECIFIC,WHOSCORED_DERIVED_VALIDATED,WHOSCORED_SOURCE_SPECIFIC,WHOSCORED_DERIVED_VALIDATED,WHOSCORED_SOURCE_SPECIFIC,06msc,7.0,,,,,,WHOSCORED_CURRENT_OBSERVED,WHOSCORED_CURRENT_OBSERVED,WHOSCORED_CURRENT_OBSERVED,,,,Jacob Greaves
soccerdata:sofascore:16363636,pr_dbcdba8fad114b8d,ipswich_town,sunderland,366211,6.72,4231,LB,,True,0.0,0,0,2,2.0,0,1.0,5,4,0,2,0,0,0,0,1,40,29,observed_or_derived,False,HOME,2026-08-22,mgr:2e016582b3f8,Gary O'Neil,1,EXACT_PLAYER_PERIOD_DETAILED,UNRESOLVED,6.0,6.0,0.0,2,0,0.0,0.0,0,WHOSCORED_SOURCE_SPECIFIC,WHOSCORED_DERIVED_VALIDATED,WHOSCORED_SOURCE_SPECIFIC,WHOSCORED_DERIVED_VALIDATED,WHOSCORED_SOURCE_SPECIFIC,05nil,6.0,6.0,0.0,2.0,1.0,h2e8dn5dmrp1z5vp,FANTRAX,FANTRAX,FANTRAX,,,,Leif Davis
soccerdata:sofascore:16363636,pr_de140302e8752695,ipswich_town,sunderland,417745,7.28,4231,DM,,True,0.0,3,2,0,0.0,2,1.0,2,6,0,1,0,1,0,0,1,43,41,observed_or_derived,False,HOME,2026-08-22,mgr:2e016582b3f8,Gary O'Neil,1,NO_DETAILED_FANTRAX_ROW,UNRESOLVED,7.0,,0.0,1,1,2.0,1.0,0,WHOSCORED_SOURCE_SPECIFIC,WHOSCORED_DERIVED_VALIDATED,WHOSCORED_SOURCE_SPECIFIC,WHOSCORED_DERIVED_VALIDATED,WHOSCORED_SOURCE_SPECIFIC,076dv,7.0,,,,,,WHOSCORED_CURRENT_OBSERVED,WHOSCORED_CURRENT_OBSERVED,WHOSCORED_CURRENT_OBSERVED,,,,Marcelino Núñez
soccerdata:sofascore:16363636,FTX-068YT,ipswich_town,sunderland,297395,6.75,4231,DM,,True,1.0,1,0,1,0.0,1,1.0,1,3,0,2,0,0,0,0,1,47,38,observed_or_derived,False,HOME,2026-08-22,mgr:2e016582b3f8,Gary O'Neil,1,NO_DETAILED_FANTRAX_ROW,EXACT_PLAYER_MATCH,10.0,,0.0,2,0,1.0,1.0,1,WHOSCORED_SOURCE_SPECIFIC,WHOSCORED_DERIVED_VALIDATED,WHOSCORED_SOURCE_SPECIFIC,WHOSCORED_DERIVED_VALIDATED,WHOSCORED_SOURCE_SPECIFIC,068yt,10.0,,1.0,,,,WHOSCORED_CURRENT_OBSERVED,WHOSCORED_CURRENT_OBSERVED,WHOSCORED_CURRENT_OBSERVED,0.0,0.0642563849687576,0.0642563849687576,Sasa Lukic
soccerdata:sofascore:16363636,FTX-06MGD,ipswich_town,sunderland,430985,7.19,4231,RW,,True,2.0,4,3,2,0.0,4,1.0,0,2,2,6,0,0,0,0,4,16,7,observed_or_derived,False,HOME,2026-08-22,mgr:2e016582b3f8,Gary O'Neil,1,EXACT_PLAYER_PERIOD_DETAILED,EXACT_PLAYER_MATCH,10.5,10.5,0.0,6,2,4.0,2.0,0,WHOSCORED_SOURCE_SPECIFIC,WHOSCORED_DERIVED_VALIDATED,WHOSCORED_SOURCE_SPECIFIC,WHOSCORED_DERIVED_VALIDATED,WHOSCORED_SOURCE_SPECIFIC,06mgd,10.5,10.5,2.0,0.0,1.0,qwkltl98mrp1z5vp,FANTRAX,FANTRAX,FANTRAX,0.0,0.6891049146652222,0.6891049146652222,Abdul Fatawu
soccerdata:sofascore:16363636,FTX-061XS,ipswich_town,sunderland,417747,7.5,4231,CAM,,True,1.0,8,4,0,0.0,1,1.0,1,5,0,0,0,3,1,0,3,22,19,observed_or_derived,False,HOME,2026-08-22,mgr:2e016582b3f8,Gary O'Neil,1,NO_DETAILED_FANTRAX_ROW,EXACT_PLAYER_MATCH,14.5,,0.0,0,0,1.0,1.0,1,WHOSCORED_SOURCE_SPECIFIC,WHOSCORED_DERIVED_VALIDATED,WHOSCORED_SOURCE_SPECIFIC,WHOSCORED_DERIVED_VALIDATED,WHOSCORED_SOURCE_SPECIFIC,061xs,14.5,,1.0,,,,WHOSCORED_CURRENT_OBSERVED,WHOSCORED_CURRENT_OBSERVED,WHOSCORED_CURRENT_OBSERVED,0.2033455520868301,0.5669058561325073,0.7702514082193375,Julio Enciso
soccerdata:sofascore:16363636,FTX-0784X,ipswich_town,sunderland,377287,6.42,4231,LW,,True,0.0,3,0,0,0.0,4,0.0,2,2,2,2,0,1,0,0,2,14,9,observed_or_derived,False,HOME,2026-08-22,mgr:2e016582b3f8,Gary O'Neil,1,EXACT_PLAYER_PERIOD_DETAILED,EXACT_PLAYER_MATCH,5.0,5.0,0.0,2,0,4.0,3.0,0,WHOSCORED_SOURCE_SPECIFIC,WHOSCORED_DERIVED_VALIDATED,WHOSCORED_SOURCE_SPECIFIC,WHOSCORED_DERIVED_VALIDATED,WHOSCORED_SOURCE_SPECIFIC,0784x,5.0,5.0,0.0,0.0,0.0,hpsurdtbmrp1z5vo,FANTRAX,FANTRAX,FANTRAX,0.6158341765403748,0.0,0.6158341765403748,Daizen Maeda
soccerdata:sofascore:16363636,FTX-0784W,ipswich_town,sunderland,429556,7.93,4231,ST,,True,2.0,2,2,5,3.0,1,0.0,1,1,0,1,0,3,2,1,1,12,10,observed_or_derived,False,HOME,2026-08-22,mgr:2e016582b3f8,Gary O'Neil,1,NO_DETAILED_FANTRAX_ROW,EXACT_PLAYER_MATCH,22.5,,0.0,1,1,1.0,1.0,0,WHOSCORED_SOURCE_SPECIFIC,WHOSCORED_DERIVED_VALIDATED,WHOSCORED_SOURCE_SPECIFIC,WHOSCORED_DERIVED_VALIDATED,WHOSCORED_SOURCE_SPECIFIC,0784w,22.5,,2.0,,,,WHOSCORED_CURRENT_OBSERVED,WHOSCORED_CURRENT_OBSERVED,WHOSCORED_CURRENT_OBSERVED,0.6148083209991455,0.1300747990608215,0.744883120059967,Emersonn
soccerdata:sofascore:16363636,FTX-078T8,ipswich_town,sunderland,433937,6.26,4231,,,False,1.0,0,0,0,0.0,0,0.0,2,0,0,0,0,0,0,0,0,3,3,observed_or_derived,False,HOME,2026-08-22,mgr:2e016582b3f8,Gary O'Neil,1,NO_DETAILED_FANTRAX_ROW,UNRESOLVED,3.0,,0.0,0,0,0.0,0.0,0,WHOSCORED_SOURCE_SPECIFIC,WHOSCORED_DERIVED_VALIDATED,WHOSCORED_SOURCE_SPECIFIC,WHOSCORED_DERIVED_VALIDATED,WHOSCORED_SOURCE_SPECIFIC,078t8,3.0,,,,,,WHOSCORED_CURRENT_OBSERVED,WHOSCORED_CURRENT_OBSERVED,WHOSCORED_CURRENT_OBSERVED,,,,Abdoul Ouattara
soccerdata:sofascore:16363636,pr_38a5cdff82d6e88f,ipswich_town,sunderland,429531,6.18,4231,,,False,0.0,0,0,1,0.0,1,0.0,0,2,1,0,0,0,0,0,1,6,5,observed_or_derived,False,HOME,2026-08-22,mgr:2e016582b3f8,Gary O'Neil,1,NO_DETAILED_FANTRAX_ROW,UNRESOLVED,1.0,,0.0,0,0,1.0,1.0,0,WHOSCORED_SOURCE_SPECIFIC,WHOSCORED_DERIVED_VALIDATED,WHOSCORED_SOURCE_SPECIFIC,WHOSCORED_DERIVED_VALIDATED,WHOSCORED_SOURCE_SPECIFIC,05y55,1.0,,,,,,WHOSCORED_CURRENT_OBSERVED,WHOSCORED_CURRENT_OBSERVED,WHOSCORED_CURRENT_OBSERVED,,,,Kasey McAteer
soccerdata:sofascore:16363636,pr_e4171337541c201c,ipswich_town,sunderland,122294,6.27,4231,,,False,0.0,0,0,6,2.0,1,0.0,0,2,1,0,0,0,0,0,2,4,2,observed_or_derived,False,HOME,2026-08-22,mgr:2e016582b3f8,Gary O'Neil,1,NO_DETAILED_FANTRAX_ROW,UNRESOLVED,0.5,,0.0,0,0,1.0,0.0,0,WHOSCORED_SOURCE_SPECIFIC,WHOSCORED_DERIVED_VALIDATED,WHOSCORED_SOURCE_SPECIFIC,WHOSCORED_DERIVED_VALIDATED,WHOSCORED_SOURCE_SPECIFIC,0326x,0.5,,,,,,WHOSCORED_CURRENT_OBSERVED,WHOSCORED_CURRENT_OBSERVED,WHOSCORED_CURRENT_OBSERVED,,,,Chuba Akpom
soccerdata:sofascore:16363636,pr_48d75cf5aacf5c68,ipswich_town,sunderland,363516,7.2,4231,,,False,0.0,0,0,0,0.0,1,0.0,0,1,0,0,0,2,1,1,0,5,5,observed_or_derived,False,HOME,2026-08-22,mgr:2e016582b3f8,Gary O'Neil,1,NO_DETAILED_FANTRAX_ROW,UNRESOLVED,12.0,,0.0,0,0,1.0,1.0,0,WHOSCORED_SOURCE_SPECIFIC,WHOSCORED_DERIVED_VALIDATED,WHOSCORED_SOURCE_SPECIFIC,WHOSCORED_DERIVED_VALIDATED,WHOSCORED_SOURCE_SPECIFIC,05244,12.0,,,,,,WHOSCORED_CURRENT_OBSERVED,WHOSCORED_CURRENT_OBSERVED,WHOSCORED_CURRENT_OBSERVED,,,,Jack Clarke
soccerdata:sofascore:16363636,pr_7443a348af1c9757,ipswich_town,sunderland,426913,6.12,4231,,,False,0.0,0,0,0,0.0,0,0.0,0,0,0,0,0,0,0,0,2,1,1,observed_or_derived,False,HOME,2026-08-22,mgr:2e016582b3f8,Gary O'Neil,1,NO_DETAILED_FANTRAX_ROW,UNRESOLVED,0.0,,0.0,0,0,0.0,0.0,0,WHOSCORED_SOURCE_SPECIFIC,WHOSCORED_DERIVED_VALIDATED,WHOSCORED_SOURCE_SPECIFIC,WHOSCORED_DERIVED_VALIDATED,WHOSCORED_SOURCE_SPECIFIC,076dx,0.0,,,,,,WHOSCORED_CURRENT_OBSERVED,WHOSCORED_CURRENT_OBSERVED,WHOSCORED_CURRENT_OBSERVED,,,,Sindre Egeli
soccerdata:sofascore:16363636,pr_a0302c0007a9a423,ipswich_town,sunderland,361329,,4231,,,False,0.0,0,0,0,0.0,0,0.0,0,0,0,0,0,0,0,0,0,0,0,observed_or_derived,False,HOME,2026-08-22,mgr:2e016582b3f8,Gary O'Neil,1,NO_DETAILED_FANTRAX_ROW,UNRESOLVED,0.0,,0.0,0,0,0.0,0.0,0,WHOSCORED_SOURCE_SPECIFIC,WHOSCORED_DERIVED_VALIDATED,WHOSCORED_SOURCE_SPECIFIC,WHOSCORED_DERIVED_VALIDATED,WHOSCORED_SOURCE_SPECIFIC,05o6g,0.0,,,,,,WHOSCORED_CURRENT_OBSERVED,WHOSCORED_CURRENT_OBSERVED,WHOSCORED_CURRENT_OBSERVED,,,,Cédric Kipré
soccerdata:sofascore:16363636,FTX-06MG4,ipswich_town,sunderland,422404,,4231,,,False,0.0,0,0,0,0.0,0,0.0,0,0,0,0,0,0,0,0,0,0,0,observed_or_derived,False,HOME,2026-08-22,mgr:2e016582b3f8,Gary O'Neil,1,NO_DETAILED_FANTRAX_ROW,UNRESOLVED,0.0,,0.0,0,0,0.0,0.0,0,WHOSCORED_SOURCE_SPECIFIC,WHOSCORED_DERIVED_VALIDATED,WHOSCORED_SOURCE_SPECIFIC,WHOSCORED_DERIVED_VALIDATED,WHOSCORED_SOURCE_SPECIFIC,06mg4,0.0,,,,,,WHOSCORED_CURRENT_OBSERVED,WHOSCORED_CURRENT_OBSERVED,WHOSCORED_CURRENT_OBSERVED,,,,Cameron Humphreys
soccerdata:sofascore:16363636,pr_2df31e153a51599c,ipswich_town,sunderland,140906,,4231,,,False,0.0,0,0,0,0.0,0,0.0,0,0,0,0,0,0,0,0,0,0,0,observed_or_derived,False,HOME,2026-08-22,mgr:2e016582b3f8,Gary O'Neil,1,NO_DETAILED_FANTRAX_ROW,UNRESOLVED,0.0,,0.0,0,0,0.0,0.0,0,WHOSCORED_SOURCE_SPECIFIC,WHOSCORED_DERIVED_VALIDATED,WHOSCORED_SOURCE_SPECIFIC,WHOSCORED_DERIVED_VALIDATED,WHOSCORED_SOURCE_SPECIFIC,04fjz,0.0,,,,,,WHOSCORED_CURRENT_OBSERVED,WHOSCORED_CURRENT_OBSERVED,WHOSCORED_CURRENT_OBSERVED,,,,Christian Walton
soccerdata:sofascore:16363636,pr_e3de58b125594a8f,ipswich_town,sunderland,262401,,4231,,,False,0.0,0,0,0,0.0,0,0.0,0,0,0,0,0,0,0,0,0,0,0,observed_or_derived,False,HOME,2026-08-22,mgr:2e016582b3f8,Gary O'Neil,1,NO_DETAILED_FANTRAX_ROW,UNRESOLVED,0.0,,0.0,0,0,0.0,0.0,0,WHOSCORED_SOURCE_SPECIFIC,WHOSCORED_DERIVED_VALIDATED,WHOSCORED_SOURCE_SPECIFIC,WHOSCORED_DERIVED_VALIDATED,WHOSCORED_SOURCE_SPECIFIC,03mga,0.0,,,,,,WHOSCORED_CURRENT_OBSERVED,WHOSCORED_CURRENT_OBSERVED,WHOSCORED_CURRENT_OBSERVED,,,,Darnell Furlong
soccerdata:sofascore:16363636,FTX-06ZNB,sunderland,ipswich_town,422814,6.32,4231,GK,,True,0.0,1,1,1,2.0,0,0.0,0,1,0,0,0,0,0,0,1,51,40,observed_or_derived,False,AWAY,2026-08-22,mgr:1a031e232e88,Régis Le Bris,1,EXACT_PLAYER_PERIOD_DETAILED,EXACT_PLAYER_MATCH,4.5,4.5,0.0,0,0,0.0,0.0,0,WHOSCORED_SOURCE_SPECIFIC,WHOSCORED_DERIVED_VALIDATED,WHOSCORED_SOURCE_SPECIFIC,WHOSCORED_DERIVED_VALIDATED,WHOSCORED_SOURCE_SPECIFIC,06znb,4.5,4.5,0.0,2.0,0.0,61fz0pmkmrp1z5vo,FANTRAX,FANTRAX,FANTRAX,0.0,0.0,0.0,Robin Roefs
soccerdata:sofascore:16363636,FTX-0785J,sunderland,ipswich_town,104376,6.77,4231,RB,,True,0.0,2,1,3,2.0,2,2.0,1,3,0,5,0,2,2,0,1,73,60,observed_or_derived,False,AWAY,2026-08-22,mgr:1a031e232e88,Régis Le Bris,1,NO_DETAILED_FANTRAX_ROW,EXACT_PLAYER_MATCH,5.0,,0.0,4,0,2.0,0.0,0,WHOSCORED_SOURCE_SPECIFIC,WHOSCORED_DERIVED_VALIDATED,WHOSCORED_SOURCE_SPECIFIC,WHOSCORED_DERIVED_VALIDATED,WHOSCORED_SOURCE_SPECIFIC,0785j,5.0,,0.0,,,,WHOSCORED_CURRENT_OBSERVED,WHOSCORED_CURRENT_OBSERVED,WHOSCORED_CURRENT_OBSERVED,0.046274796128273,0.0,0.046274796128273,Thomas Meunier
soccerdata:sofascore:16363636,FTX-06V0M,sunderland,ipswich_town,134373,5.39,4231,CB,,True,0.0,1,1,0,0.0,1,0.0,3,4,0,2,0,1,1,0,2,60,49,observed_or_derived,False,AWAY,2026-08-22,mgr:1a031e232e88,Régis Le Bris,1,NO_DETAILED_FANTRAX_ROW,EXACT_PLAYER_MATCH,1.5,,0.0,2,0,1.0,0.0,0,WHOSCORED_SOURCE_SPECIFIC,WHOSCORED_DERIVED_VALIDATED,WHOSCORED_SOURCE_SPECIFIC,WHOSCORED_DERIVED_VALIDATED,WHOSCORED_SOURCE_SPECIFIC,06v0m,1.5,,0.0,,,,WHOSCORED_CURRENT_OBSERVED,WHOSCORED_CURRENT_OBSERVED,WHOSCORED_CURRENT_OBSERVED,0.0211695246398448,0.0,0.0211695246398448,Luke O'Nien
soccerdata:sofascore:16363636,FTX-05NNS,sunderland,ipswich_town,371761,6.33,4231,CB,,True,0.0,0,0,9,3.0,2,0.0,7,0,0,0,0,0,0,0,3,58,53,observed_or_derived,False,AWAY,2026-08-22,mgr:1a031e232e88,Régis Le Bris,1,EXACT_PLAYER_PERIOD_DETAILED,EXACT_PLAYER_MATCH,3.5,3.5,0.0,0,0,2.0,1.0,0,WHOSCORED_SOURCE_SPECIFIC,WHOSCORED_DERIVED_VALIDATED,WHOSCORED_SOURCE_SPECIFIC,WHOSCORED_DERIVED_VALIDATED,WHOSCORED_SOURCE_SPECIFIC,05nns,3.5,3.5,0.0,3.0,0.0,cjn4stydmrp1z5vp,FANTRAX,FANTRAX,FANTRAX,0.0,0.0,0.0,Dan Ballard
soccerdata:sofascore:16363636,FTX-06YB9,sunderland,ipswich_town,361812,7.02,4231,LB,,True,2.0,1,1,4,3.0,3,3.0,2,5,0,2,0,0,0,0,3,66,59,observed_or_derived,False,AWAY,2026-08-22,mgr:1a031e232e88,Régis Le Bris,1,EXACT_PLAYER_PERIOD_DETAILED,EXACT_PLAYER_MATCH,11.5,11.5,0.0,2,1,3.0,1.0,0,WHOSCORED_SOURCE_SPECIFIC,WHOSCORED_DERIVED_VALIDATED,WHOSCORED_SOURCE_SPECIFIC,WHOSCORED_DERIVED_VALIDATED,WHOSCORED_SOURCE_SPECIFIC,06yb9,11.5,11.5,2.0,3.0,3.0,aup99ojzmrp1z5vp,FANTRAX,FANTRAX,FANTRAX,0.0,0.1718617230653762,0.1718617230653762,Reinildo Mandava
soccerdata:sofascore:16363636,FTX-06Y59,sunderland,ipswich_town,437449,6.89,4231,DM,,True,2.0,5,4,1,1.0,0,0.0,0,2,0,1,0,1,1,0,4,59,53,observed_or_derived,False,AWAY,2026-08-22,mgr:1a031e232e88,Régis Le Bris,1,NO_DETAILED_FANTRAX_ROW,EXACT_PLAYER_MATCH,11.0,,0.0,1,1,0.0,0.0,0,WHOSCORED_SOURCE_SPECIFIC,WHOSCORED_DERIVED_VALIDATED,WHOSCORED_SOURCE_SPECIFIC,WHOSCORED_DERIVED_VALIDATED,WHOSCORED_SOURCE_SPECIFIC,06y59,11.0,,2.0,,,,WHOSCORED_CURRENT_OBSERVED,WHOSCORED_CURRENT_OBSERVED,WHOSCORED_CURRENT_OBSERVED,0.288067489862442,0.055745679885149,0.343813169747591,Noah Sadiki
soccerdata:sofascore:16363636,FTX-0435M,sunderland,ipswich_town,89401,6.98,4231,DM,,True,2.0,1,1,0,0.0,3,2.0,0,8,0,6,0,0,0,0,5,82,72,observed_or_derived,False,AWAY,2026-08-22,mgr:1a031e232e88,Régis Le Bris,1,EXACT_PLAYER_PERIOD_DETAILED,EXACT_PLAYER_MATCH,14.0,8.0,0.0,6,1,3.0,1.0,0,WHOSCORED_SOURCE_SPECIFIC,WHOSCORED_DERIVED_VALIDATED,WHOSCORED_SOURCE_SPECIFIC,WHOSCORED_DERIVED_VALIDATED,WHOSCORED_SOURCE_SPECIFIC,0435m,14.0,8.0,2.0,0.0,2.0,aup99ojzmrp1z5vp,FANTRAX,FANTRAX,FANTRAX,0.0,0.048299167305231,0.048299167305231,Granit Xhaka
soccerdata:sofascore:16363636,FTX-06V0G,sunderland,ipswich_town,424514,7.02,4231,RW,,True,3.0,1,0,0,0.0,3,1.0,0,6,1,1,1,2,0,0,2,26,20,observed_or_derived,False,AWAY,2026-08-22,mgr:1a031e232e88,Régis Le Bris,1,EXACT_PLAYER_PERIOD_DETAILED,EXACT_PLAYER_MATCH,9.5,9.5,0.0,1,1,3.0,2.0,0,WHOSCORED_SOURCE_SPECIFIC,WHOSCORED_DERIVED_VALIDATED,WHOSCORED_SOURCE_SPECIFIC,WHOSCORED_DERIVED_VALIDATED,WHOSCORED_SOURCE_SPECIFIC,06v0g,9.5,9.5,3.0,0.0,1.0,2dxfjlk0mrp1z5vo,FANTRAX,FANTRAX,FANTRAX,0.0537145286798477,0.8070006370544434,0.8607151657342911,Trai Hume
soccerdata:sofascore:16363636,FTX-06V0P,sunderland,ipswich_town,398393,6.16,4231,CAM,,True,0.0,5,1,0,0.0,1,0.0,0,1,2,2,1,0,0,0,1,46,39,observed_or_derived,False,AWAY,2026-08-22,mgr:1a031e232e88,Régis Le Bris,1,EXACT_PLAYER_PERIOD_DETAILED,EXACT_PLAYER_MATCH,1.0,1.0,0.0,2,0,1.0,1.0,0,WHOSCORED_SOURCE_SPECIFIC,WHOSCORED_DERIVED_VALIDATED,WHOSCORED_SOURCE_SPECIFIC,WHOSCORED_DERIVED_VALIDATED,WHOSCORED_SOURCE_SPECIFIC,06v0p,1.0,1.0,0.0,0.0,0.0,61fz0pmkmrp1z5vo,FANTRAX,FANTRAX,FANTRAX,0.0,0.0,0.0,Enzo Le Fée
soccerdata:sofascore:16363636,FTX-072ZS,sunderland,ipswich_town,443064,6.96,4231,LW,,True,0.0,0,0,6,2.0,1,1.0,0,5,1,2,0,2,1,1,1,24,19,observed_or_derived,False,AWAY,2026-08-22,mgr:1a031e232e88,Régis Le Bris,1,EXACT_PLAYER_PERIOD_DETAILED,EXACT_PLAYER_MATCH,10.5,1.5,0.0,2,0,1.0,1.0,0,WHOSCORED_SOURCE_SPECIFIC,WHOSCORED_DERIVED_VALIDATED,WHOSCORED_SOURCE_SPECIFIC,WHOSCORED_DERIVED_VALIDATED,WHOSCORED_SOURCE_SPECIFIC,072zs,10.5,1.5,0.0,2.0,1.0,2dxfjlk0mrp1z5vo,FANTRAX,FANTRAX,FANTRAX,0.1169656217098236,0.0,0.1169656217098236,Nilson Angulo
soccerdata:sofascore:16363636,FTX-070HC,sunderland,ipswich_town,404568,5.99,4231,ST,,True,0.0,1,0,0,0.0,0,0.0,0,0,1,0,0,2,2,0,2,3,3,observed_or_derived,False,AWAY,2026-08-22,mgr:1a031e232e88,Régis Le Bris,1,EXACT_PLAYER_PERIOD_DETAILED,EXACT_PLAYER_MATCH,1.0,1.0,0.0,0,0,0.0,0.0,0,WHOSCORED_SOURCE_SPECIFIC,WHOSCORED_DERIVED_VALIDATED,WHOSCORED_SOURCE_SPECIFIC,WHOSCORED_DERIVED_VALIDATED,WHOSCORED_SOURCE_SPECIFIC,070hc,1.0,1.0,0.0,0.0,0.0,w2mnqywumrp1z5vp,FANTRAX,FANTRAX,FANTRAX,0.635870635509491,0.0,0.635870635509491,Brian Brobbey
soccerdata:sofascore:16363636,FTX-06YBQ,sunderland,ipswich_town,476110,5.77,4231,,,False,0.0,0,0,0,0.0,0,0.0,0,2,0,3,0,0,0,0,1,14,9,observed_or_derived,False,AWAY,2026-08-22,mgr:1a031e232e88,Régis Le Bris,1,NO_DETAILED_FANTRAX_ROW,EXACT_PLAYER_MATCH,-0.5,,0.0,3,0,0.0,0.0,0,WHOSCORED_SOURCE_SPECIFIC,WHOSCORED_DERIVED_VALIDATED,WHOSCORED_SOURCE_SPECIFIC,WHOSCORED_DERIVED_VALIDATED,WHOSCORED_SOURCE_SPECIFIC,06ybq,-0.5,,0.0,,,,WHOSCORED_CURRENT_OBSERVED,WHOSCORED_CURRENT_OBSERVED,WHOSCORED_CURRENT_OBSERVED,0.0,0.0,0.0,Chemsdine Talbi
soccerdata:sofascore:16363636,FTX-06Y29,sunderland,ipswich_town,422818,5.92,4231,,,False,0.0,0,0,0,0.0,0,0.0,0,0,0,0,0,1,1,0,0,6,6,observed_or_derived,False,AWAY,2026-08-22,mgr:1a031e232e88,Régis Le Bris,1,NO_DETAILED_FANTRAX_ROW,EXACT_PLAYER_MATCH,0.0,,0.0,0,0,0.0,0.0,0,WHOSCORED_SOURCE_SPECIFIC,WHOSCORED_DERIVED_VALIDATED,WHOSCORED_SOURCE_SPECIFIC,WHOSCORED_DERIVED_VALIDATED,WHOSCORED_SOURCE_SPECIFIC,06y29,0.0,,0.0,,,,WHOSCORED_CURRENT_OBSERVED,WHOSCORED_CURRENT_OBSERVED,WHOSCORED_CURRENT_OBSERVED,0.0153624014928936,0.0,0.0153624014928936,Habib Diarra
soccerdata:sofascore:16363636,FTX-06V0T,sunderland,ipswich_town,363535,5.79,4231,,,False,0.0,0,0,2,0.0,0,0.0,0,0,0,0,0,0,0,0,0,4,2,observed_or_derived,False,AWAY,2026-08-22,mgr:1a031e232e88,Régis Le Bris,1,NO_DETAILED_FANTRAX_ROW,EXACT_PLAYER_MATCH,-0.5,,0.0,0,0,0.0,0.0,0,WHOSCORED_SOURCE_SPECIFIC,WHOSCORED_DERIVED_VALIDATED,WHOSCORED_SOURCE_SPECIFIC,WHOSCORED_DERIVED_VALIDATED,WHOSCORED_SOURCE_SPECIFIC,06v0t,-0.5,,0.0,,,,WHOSCORED_CURRENT_OBSERVED,WHOSCORED_CURRENT_OBSERVED,WHOSCORED_CURRENT_OBSERVED,0.0,0.0,0.0,Wilson Isidor
soccerdata:sofascore:16363636,FTX-0700T,sunderland,ipswich_town,344639,5.23,4231,,,False,0.0,0,0,1,1.0,0,0.0,0,2,0,0,0,0,0,0,0,37,34,observed_or_derived,False,AWAY,2026-08-22,mgr:1a031e232e88,Régis Le Bris,1,NO_DETAILED_FANTRAX_ROW,EXACT_PLAYER_MATCH,1.0,,0.0,0,0,0.0,0.0,0,WHOSCORED_SOURCE_SPECIFIC,WHOSCORED_DERIVED_VALIDATED,WHOSCORED_SOURCE_SPECIFIC,WHOSCORED_DERIVED_VALIDATED,WHOSCORED_SOURCE_SPECIFIC,0700t,1.0,,0.0,,,,WHOSCORED_CURRENT_OBSERVED,WHOSCORED_CURRENT_OBSERVED,WHOSCORED_CURRENT_OBSERVED,0.0,0.0,0.0,Omar Alderete
soccerdata:sofascore:16363636,FTX-06V0L,sunderland,ipswich_town,469645,5.9,4231,,,False,0.0,0,0,0,0.0,0,0.0,0,1,0,0,0,0,0,0,0,4,3,observed_or_derived,False,AWAY,2026-08-22,mgr:1a031e232e88,Régis Le Bris,1,NO_DETAILED_FANTRAX_ROW,EXACT_PLAYER_MATCH,0.0,,0.0,0,0,0.0,0.0,0,WHOSCORED_SOURCE_SPECIFIC,WHOSCORED_DERIVED_VALIDATED,WHOSCORED_SOURCE_SPECIFIC,WHOSCORED_DERIVED_VALIDATED,WHOSCORED_SOURCE_SPECIFIC,06v0l,0.0,,0.0,,,,WHOSCORED_CURRENT_OBSERVED,WHOSCORED_CURRENT_OBSERVED,WHOSCORED_CURRENT_OBSERVED,0.0,0.0,0.0,Chris Rigg
soccerdata:sofascore:16363636,FTX-0703C,sunderland,ipswich_town,299077,,4231,,,False,0.0,0,0,0,0.0,0,0.0,0,0,0,0,0,0,0,0,0,0,0,observed_or_derived,False,AWAY,2026-08-22,mgr:1a031e232e88,Régis Le Bris,1,EXACT_PLAYER_PERIOD_DETAILED,UNRESOLVED,0.0,,0.0,0,0,0.0,0.0,0,WHOSCORED_SOURCE_SPECIFIC,WHOSCORED_DERIVED_VALIDATED,WHOSCORED_SOURCE_SPECIFIC,WHOSCORED_DERIVED_VALIDATED,WHOSCORED_SOURCE_SPECIFIC,0703c,0.0,,0.0,0.0,0.0,aup99ojzmrp1z5vp,FANTRAX,FANTRAX,FANTRAX,,,,Nordi Mukiele
soccerdata:sofascore:16363636,FTX-072ZP,sunderland,ipswich_town,425235,,4231,,,False,0.0,0,0,0,0.0,0,0.0,0,0,0,0,0,0,0,0,0,0,0,observed_or_derived,False,AWAY,2026-08-22,mgr:1a031e232e88,Régis Le Bris,1,NO_DETAILED_FANTRAX_ROW,UNRESOLVED,0.0,,0.0,0,0,0.0,0.0,0,WHOSCORED_SOURCE_SPECIFIC,WHOSCORED_DERIVED_VALIDATED,WHOSCORED_SOURCE_SPECIFIC,WHOSCORED_DERIVED_VALIDATED,WHOSCORED_SOURCE_SPECIFIC,072zp,0.0,,,,,,WHOSCORED_CURRENT_OBSERVED,WHOSCORED_CURRENT_OBSERVED,WHOSCORED_CURRENT_OBSERVED,,,,Melker Ellborg
soccerdata:sofascore:16363636,FTX-05UDW,sunderland,ipswich_town,450254,,4231,,,False,0.0,0,0,0,0.0,0,0.0,0,0,0,0,0,0,0,0,0,0,0,observed_or_derived,False,AWAY,2026-08-22,mgr:1a031e232e88,Régis Le Bris,1,NO_DETAILED_FANTRAX_ROW,UNRESOLVED,0.0,,0.0,0,0,0.0,0.0,0,WHOSCORED_SOURCE_SPECIFIC,WHOSCORED_DERIVED_VALIDATED,WHOSCORED_SOURCE_SPECIFIC,WHOSCORED_DERIVED_VALIDATED,WHOSCORED_SOURCE_SPECIFIC,05udw,0.0,,,,,,WHOSCORED_CURRENT_OBSERVED,WHOSCORED_CURRENT_OBSERVED,WHOSCORED_CURRENT_OBSERVED,,,,Romaine Mundle
soccerdata:sofascore:16363636,FTX-072O9,sunderland,ipswich_town,606073,,4231,,,False,0.0,0,0,0,0.0,0,0.0,0,0,0,0,0,0,0,0,0,0,0,observed_or_derived,False,AWAY,2026-08-22,mgr:1a031e232e88,Régis Le Bris,1,NO_DETAILED_FANTRAX_ROW,UNRESOLVED,0.0,,0.0,0,0,0.0,0.0,0,WHOSCORED_SOURCE_SPECIFIC,WHOSCORED_DERIVED_VALIDATED,WHOSCORED_SOURCE_SPECIFIC,WHOSCORED_DERIVED_VALIDATED,WHOSCORED_SOURCE_SPECIFIC,072o9,0.0,,,,,,WHOSCORED_CURRENT_OBSERVED,WHOSCORED_CURRENT_OBSERVED,WHOSCORED_CURRENT_OBSERVED,,,,Jocelin Ta Bi
soccerdata:sofascore:16363242,FTX-045OB,brentford,tottenham_hotspur,322176,7.54,4231,GK,,True,0.0,0,0,0,0.0,0,0.0,0,1,0,0,0,0,0,0,0,37,30,observed_or_derived,False,HOME,2026-08-22,mgr:5f487ee40c90,Keith Andrews,1,EXACT_PLAYER_PERIOD_DETAILED,EXACT_PLAYER_MATCH,15.0,9.0,0.0,0,0,0.0,0.0,0,WHOSCORED_SOURCE_SPECIFIC,WHOSCORED_DERIVED_VALIDATED,WHOSCORED_SOURCE_SPECIFIC,WHOSCORED_DERIVED_VALIDATED,WHOSCORED_SOURCE_SPECIFIC,045ob,15.0,9.0,0.0,0.0,0.0,w2mnqywumrp1z5vp,FANTRAX,FANTRAX,FANTRAX,0.0,0.0,0.0,Caoimhín Kelleher
soccerdata:sofascore:16363242,FTX-06RGG,brentford,tottenham_hotspur,470031,8.01,4231,RB,,True,0.0,3,1,4,4.0,0,3.0,1,5,2,0,0,4,2,1,3,18,13,observed_or_derived,False,HOME,2026-08-22,mgr:5f487ee40c90,Keith Andrews,1,EXACT_PLAYER_PERIOD_DETAILED,EXACT_PLAYER_MATCH,26.5,11.5,0.0,0,0,0.0,0.0,0,WHOSCORED_SOURCE_SPECIFIC,WHOSCORED_DERIVED_VALIDATED,WHOSCORED_SOURCE_SPECIFIC,WHOSCORED_DERIVED_VALIDATED,WHOSCORED_SOURCE_SPECIFIC,06rgg,26.5,11.5,0.0,4.0,3.0,w2mnqywumrp1z5vp,FANTRAX,FANTRAX,FANTRAX,0.8161159753799438,0.0,0.8161159753799438,Michael Kayode
soccerdata:sofascore:16363242,FTX-05U1M,brentford,tottenham_hotspur,372724,6.79,4231,CB,,True,2.0,0,0,3,2.0,0,0.0,3,3,1,0,0,2,1,0,0,62,53,observed_or_derived,False,HOME,2026-08-22,mgr:5f487ee40c90,Keith Andrews,1,EXACT_PLAYER_PERIOD_DETAILED,EXACT_PLAYER_MATCH,13.5,7.5,0.0,0,0,0.0,0.0,0,WHOSCORED_SOURCE_SPECIFIC,WHOSCORED_DERIVED_VALIDATED,WHOSCORED_SOURCE_SPECIFIC,WHOSCORED_DERIVED_VALIDATED,WHOSCORED_SOURCE_SPECIFIC,05u1m,13.5,7.5,2.0,2.0,0.0,61fz0pmkmrp1z5vo,FANTRAX,FANTRAX,FANTRAX,0.5043230652809143,0.0553790479898452,0.5597021132707595,Nathan Collins
soccerdata:sofascore:16363242,FTX-05UEL,brentford,tottenham_hotspur,321085,7.86,4231,CB,,True,0.0,0,0,6,6.0,2,2.0,6,3,0,0,0,1,1,0,2,34,28,observed_or_derived,False,HOME,2026-08-22,mgr:5f487ee40c90,Keith Andrews,1,NO_DETAILED_FANTRAX_ROW,EXACT_PLAYER_MATCH,20.0,,0.0,0,0,2.0,1.0,0,WHOSCORED_SOURCE_SPECIFIC,WHOSCORED_DERIVED_VALIDATED,WHOSCORED_SOURCE_SPECIFIC,WHOSCORED_DERIVED_VALIDATED,WHOSCORED_SOURCE_SPECIFIC,05uel,20.0,,0.0,,,,WHOSCORED_CURRENT_OBSERVED,WHOSCORED_CURRENT_OBSERVED,WHOSCORED_CURRENT_OBSERVED,0.0753327682614326,0.0,0.0753327682614326,Kristoffer Ajer
soccerdata:sofascore:16363242,FTX-062P3,brentford,tottenham_hotspur,368512,8.1,4231,LB,,True,1.0,3,1,3,2.0,1,2.0,2,5,0,4,0,2,2,1,1,39,32,observed_or_derived,False,HOME,2026-08-22,mgr:5f487ee40c90,Keith Andrews,1,NO_DETAILED_FANTRAX_ROW,EXACT_PLAYER_MATCH,18.5,,0.0,4,1,1.0,0.0,0,WHOSCORED_SOURCE_SPECIFIC,WHOSCORED_DERIVED_VALIDATED,WHOSCORED_SOURCE_SPECIFIC,WHOSCORED_DERIVED_VALIDATED,WHOSCORED_SOURCE_SPECIFIC,062p3,18.5,,1.0,,,,WHOSCORED_CURRENT_OBSERVED,WHOSCORED_CURRENT_OBSERVED,WHOSCORED_CURRENT_OBSERVED,0.5776955485343933,0.0178575068712234,0.5955530554056168,Keane Lewis-Potter
soccerdata:sofascore:16363242,FTX-05TRE,brentford,tottenham_hotspur,298689,8.82,4231,DM,,True,2.0,0,0,0,0.0,4,4.0,1,3,1,5,0,2,2,1,5,42,37,observed_or_derived,False,HOME,2026-08-22,mgr:5f487ee40c90,Keith Andrews,1,NO_DETAILED_FANTRAX_ROW,EXACT_PLAYER_MATCH,26.0,,0.0,5,4,4.0,3.0,0,WHOSCORED_SOURCE_SPECIFIC,WHOSCORED_DERIVED_VALIDATED,WHOSCORED_SOURCE_SPECIFIC,WHOSCORED_DERIVED_VALIDATED,WHOSCORED_SOURCE_SPECIFIC,05tre,26.0,,2.0,,,,WHOSCORED_CURRENT_OBSERVED,WHOSCORED_CURRENT_OBSERVED,WHOSCORED_CURRENT_OBSERVED,0.4880397617816925,0.083657830953598,0.5716975927352905,Vitaly Janelt
soccerdata:sofascore:16363242,FTX-07877,brentford,tottenham_hotspur,442971,8.03,4231,DM,,True,2.0,3,1,0,0.0,2,2.0,2,7,0,1,0,1,1,0,4,36,28,observed_or_derived,False,HOME,2026-08-22,mgr:5f487ee40c90,Keith Andrews,1,EXACT_PLAYER_PERIOD_DETAILED,EXACT_PLAYER_MATCH,23.0,10.0,0.0,1,0,2.0,0.0,1,WHOSCORED_SOURCE_SPECIFIC,WHOSCORED_DERIVED_VALIDATED,WHOSCORED_SOURCE_SPECIFIC,WHOSCORED_DERIVED_VALIDATED,WHOSCORED_SOURCE_SPECIFIC,07877,23.0,10.0,2.0,0.0,2.0,h2e8dn5dmrp1z5vp,FANTRAX,FANTRAX,FANTRAX,0.0391997434198856,0.5642412900924683,0.6034410335123539,Mamadou Sangaré
soccerdata:sofascore:16363242,FTX-068LX,brentford,tottenham_hotspur,422183,6.92,4231,RW,,True,2.0,4,0,2,1.0,0,2.0,0,4,0,1,2,2,0,0,5,12,7,observed_or_derived,False,HOME,2026-08-22,mgr:5f487ee40c90,Keith Andrews,1,EXACT_PLAYER_PERIOD_DETAILED,EXACT_PLAYER_MATCH,7.0,6.0,0.0,1,1,0.0,0.0,0,WHOSCORED_SOURCE_SPECIFIC,WHOSCORED_DERIVED_VALIDATED,WHOSCORED_SOURCE_SPECIFIC,WHOSCORED_DERIVED_VALIDATED,WHOSCORED_SOURCE_SPECIFIC,068lx,7.0,6.0,2.0,1.0,2.0,h2e8dn5dmrp1z5vp,FANTRAX,FANTRAX,FANTRAX,0.0297632031142711,0.1656371057033538,0.1954003088176249,Dango Ouattara
soccerdata:sofascore:16363242,FTX-05TR9,brentford,tottenham_hotspur,339674,7.44,4231,CAM,,True,3.0,0,0,1,0.0,2,0.0,0,3,1,5,0,2,2,0,3,32,29,observed_or_derived,False,HOME,2026-08-22,mgr:5f487ee40c90,Keith Andrews,1,NO_DETAILED_FANTRAX_ROW,EXACT_PLAYER_MATCH,18.5,,0.0,5,3,2.0,1.0,0,WHOSCORED_SOURCE_SPECIFIC,WHOSCORED_DERIVED_VALIDATED,WHOSCORED_SOURCE_SPECIFIC,WHOSCORED_DERIVED_VALIDATED,WHOSCORED_SOURCE_SPECIFIC,05tr9,18.5,,3.0,,,,WHOSCORED_CURRENT_OBSERVED,WHOSCORED_CURRENT_OBSERVED,WHOSCORED_CURRENT_OBSERVED,0.0874465405941009,0.5949914455413818,0.6824379861354828,Mathias Jensen
soccerdata:sofascore:16363242,FTX-067ZV,brentford,tottenham_hotspur,407260,8.04,4231,LW,,True,1.0,3,1,6,4.0,3,0.0,1,5,0,0,0,5,3,0,2,20,11,observed_or_derived,False,HOME,2026-08-22,mgr:5f487ee40c90,Keith Andrews,1,EXACT_PLAYER_PERIOD_DETAILED,EXACT_PLAYER_MATCH,13.0,12.0,0.0,0,0,3.0,2.0,0,WHOSCORED_SOURCE_SPECIFIC,WHOSCORED_DERIVED_VALIDATED,WHOSCORED_SOURCE_SPECIFIC,WHOSCORED_DERIVED_VALIDATED,WHOSCORED_SOURCE_SPECIFIC,067zv,13.0,12.0,1.0,4.0,0.0,aup99ojzmrp1z5vp,FANTRAX,FANTRAX,FANTRAX,0.4359717071056366,0.0438849031925201,0.4798566102981567,Kevin Schade
soccerdata:sofascore:16363242,FTX-06MN0,brentford,tottenham_hotspur,443784,6.76,4231,ST,,True,0.0,2,1,10,3.0,0,0.0,0,4,0,0,0,2,0,0,0,20,17,observed_or_derived,False,HOME,2026-08-22,mgr:5f487ee40c90,Keith Andrews,1,EXACT_PLAYER_PERIOD_DETAILED,EXACT_PLAYER_MATCH,-1.5,-1.5,0.0,0,0,0.0,0.0,0,WHOSCORED_SOURCE_SPECIFIC,WHOSCORED_DERIVED_VALIDATED,WHOSCORED_SOURCE_SPECIFIC,WHOSCORED_DERIVED_VALIDATED,WHOSCORED_SOURCE_SPECIFIC,06mn0,-1.5,-1.5,0.0,3.0,0.0,qwkltl98mrp1z5vp,FANTRAX,FANTRAX,FANTRAX,0.9062466025352478,0.0,0.9062466025352478,Igor Thiago
soccerdata:sofascore:16363242,FTX-063Q8,brentford,tottenham_hotspur,401168,6.36,4231,,,False,2.0,0,0,0,0.0,1,0.0,0,3,0,2,0,0,0,0,0,16,13,observed_or_derived,False,HOME,2026-08-22,mgr:5f487ee40c90,Keith Andrews,1,EXACT_PLAYER_PERIOD_DETAILED,EXACT_PLAYER_MATCH,4.5,4.5,0.0,2,1,1.0,0.0,0,WHOSCORED_SOURCE_SPECIFIC,WHOSCORED_DERIVED_VALIDATED,WHOSCORED_SOURCE_SPECIFIC,WHOSCORED_DERIVED_VALIDATED,WHOSCORED_SOURCE_SPECIFIC,063q8,4.5,4.5,2.0,0.0,0.0,cjn4stydmrp1z5vp,FANTRAX,FANTRAX,FANTRAX,0.0,0.1600255072116851,0.1600255072116851,Mikkel Damsgaard
soccerdata:sofascore:16363242,FTX-03R8X,brentford,tottenham_hotspur,134115,6.17,4231,,,False,1.0,0,0,1,1.0,0,0.0,0,0,1,0,0,1,1,0,0,1,1,observed_or_derived,False,HOME,2026-08-22,mgr:5f487ee40c90,Keith Andrews,1,NO_DETAILED_FANTRAX_ROW,EXACT_PLAYER_MATCH,2.5,,0.0,0,0,0.0,0.0,0,WHOSCORED_SOURCE_SPECIFIC,WHOSCORED_DERIVED_VALIDATED,WHOSCORED_SOURCE_SPECIFIC,WHOSCORED_DERIVED_VALIDATED,WHOSCORED_SOURCE_SPECIFIC,03r8x,2.5,,1.0,,,,WHOSCORED_CURRENT_OBSERVED,WHOSCORED_CURRENT_OBSERVED,WHOSCORED_CURRENT_OBSERVED,0.0846927389502525,0.1435260325670242,0.2282187715172767,Callum Wilson
soccerdata:sofascore:16363242,FTX-061VK,brentford,tottenham_hotspur,400610,6.72,4231,,,False,3.0,2,1,0,0.0,2,0.0,0,6,0,2,0,1,0,0,1,10,8,observed_or_derived,False,HOME,2026-08-22,mgr:5f487ee40c90,Keith Andrews,1,EXACT_PLAYER_PERIOD_DETAILED,EXACT_PLAYER_MATCH,9.0,9.0,0.0,2,1,2.0,1.0,0,WHOSCORED_SOURCE_SPECIFIC,WHOSCORED_DERIVED_VALIDATED,WHOSCORED_SOURCE_SPECIFIC,WHOSCORED_DERIVED_VALIDATED,WHOSCORED_SOURCE_SPECIFIC,061vk,9.0,9.0,3.0,0.0,0.0,hpsurdtbmrp1z5vo,FANTRAX,FANTRAX,FANTRAX,0.0161793027073144,0.1872154325246811,0.2033947352319955,Jaidon Anthony
soccerdata:sofascore:16363242,FTX-062OG,brentford,tottenham_hotspur,402367,5.97,4231,,,False,0.0,0,0,0,0.0,0,0.0,0,2,0,0,0,0,0,0,3,5,3,observed_or_derived,False,HOME,2026-08-22,mgr:5f487ee40c90,Keith Andrews,1,NO_DETAILED_FANTRAX_ROW,EXACT_PLAYER_MATCH,0.0,,0.0,0,0,0.0,0.0,0,WHOSCORED_SOURCE_SPECIFIC,WHOSCORED_DERIVED_VALIDATED,WHOSCORED_SOURCE_SPECIFIC,WHOSCORED_DERIVED_VALIDATED,WHOSCORED_SOURCE_SPECIFIC,062og,0.0,,0.0,,,,WHOSCORED_CURRENT_OBSERVED,WHOSCORED_CURRENT_OBSERVED,WHOSCORED_CURRENT_OBSERVED,0.0,0.0,0.0,Aaron Hickey
soccerdata:sofascore:16363242,pr_3cf050eefa7ee764,brentford,tottenham_hotspur,444304,6.36,4231,,,False,0.0,0,0,0,0.0,2,1.0,0,3,0,1,0,1,0,0,2,11,7,observed_or_derived,False,HOME,2026-08-22,mgr:5f487ee40c90,Keith Andrews,1,NO_DETAILED_FANTRAX_ROW,EXACT_PLAYER_MATCH,2.5,,0.0,1,0,2.0,2.0,0,WHOSCORED_SOURCE_SPECIFIC,WHOSCORED_DERIVED_VALIDATED,WHOSCORED_SOURCE_SPECIFIC,WHOSCORED_DERIVED_VALIDATED,WHOSCORED_SOURCE_SPECIFIC,066r9,2.5,,0.0,,,,WHOSCORED_CURRENT_OBSERVED,WHOSCORED_CURRENT_OBSERVED,WHOSCORED_CURRENT_OBSERVED,0.0276122987270355,0.0,0.0276122987270355,Yehor Yarmoliuk
soccerdata:sofascore:16363242,pr_85d6f7bc47e6aadc,brentford,tottenham_hotspur,533784,,4231,,,False,0.0,0,0,0,0.0,0,0.0,0,0,0,0,0,0,0,0,0,0,0,observed_or_derived,False,HOME,2026-08-22,mgr:5f487ee40c90,Keith Andrews,1,NO_DETAILED_FANTRAX_ROW,UNRESOLVED,0.0,,0.0,0,0,0.0,0.0,0,WHOSCORED_SOURCE_SPECIFIC,WHOSCORED_DERIVED_VALIDATED,WHOSCORED_SOURCE_SPECIFIC,WHOSCORED_DERIVED_VALIDATED,WHOSCORED_SOURCE_SPECIFIC,076kc,0.0,,,,,,WHOSCORED_CURRENT_OBSERVED,WHOSCORED_CURRENT_OBSERVED,WHOSCORED_CURRENT_OBSERVED,,,,Jannik Schuster
soccerdata:sofascore:16363242,FTX-06JFE,brentford,tottenham_hotspur,412313,,4231,,,False,0.0,0,0,0,0.0,0,0.0,0,0,0,0,0,0,0,0,0,0,0,observed_or_derived,False,HOME,2026-08-22,mgr:5f487ee40c90,Keith Andrews,1,NO_DETAILED_FANTRAX_ROW,UNRESOLVED,0.0,,0.0,0,0,0.0,0.0,0,WHOSCORED_SOURCE_SPECIFIC,WHOSCORED_DERIVED_VALIDATED,WHOSCORED_SOURCE_SPECIFIC,WHOSCORED_DERIVED_VALIDATED,WHOSCORED_SOURCE_SPECIFIC,06jfe,0.0,,,,,,WHOSCORED_CURRENT_OBSERVED,WHOSCORED_CURRENT_OBSERVED,WHOSCORED_CURRENT_OBSERVED,,,,Hákon Valdimarsson
soccerdata:sofascore:16363242,FTX-05TR1,brentford,tottenham_hotspur,342499,,4231,,,False,0.0,0,0,0,0.0,0,0.0,0,0,0,0,0,0,0,0,0,0,0,observed_or_derived,False,HOME,2026-08-22,mgr:5f487ee40c90,Keith Andrews,1,NO_DETAILED_FANTRAX_ROW,UNRESOLVED,0.0,,0.0,0,0,0.0,0.0,0,WHOSCORED_SOURCE_SPECIFIC,WHOSCORED_DERIVED_VALIDATED,WHOSCORED_SOURCE_SPECIFIC,WHOSCORED_DERIVED_VALIDATED,WHOSCORED_SOURCE_SPECIFIC,05tr1,0.0,,,,,,WHOSCORED_CURRENT_OBSERVED,WHOSCORED_CURRENT_OBSERVED,WHOSCORED_CURRENT_OBSERVED,,,,Ethan Pinnock
soccerdata:sofascore:16363242,FTX-05TQZ,brentford,tottenham_hotspur,229562,,4231,,,False,0.0,0,0,0,0.0,0,0.0,0,0,0,0,0,0,0,0,0,0,0,observed_or_derived,False,HOME,2026-08-22,mgr:5f487ee40c90,Keith Andrews,1,NO_DETAILED_FANTRAX_ROW,UNRESOLVED,0.0,,0.0,0,0,0.0,0.0,0,WHOSCORED_SOURCE_SPECIFIC,WHOSCORED_DERIVED_VALIDATED,WHOSCORED_SOURCE_SPECIFIC,WHOSCORED_DERIVED_VALIDATED,WHOSCORED_SOURCE_SPECIFIC,05tqz,0.0,,,,,,WHOSCORED_CURRENT_OBSERVED,WHOSCORED_CURRENT_OBSERVED,WHOSCORED_CURRENT_OBSERVED,,,,Rico Henry
soccerdata:sofascore:16363242,FTX-06R6S,tottenham_hotspur,brentford,457006,6.95,4231,GK,,True,0.0,1,0,1,1.0,0,0.0,2,3,0,0,0,0,0,0,0,51,39,observed_or_derived,False,AWAY,2026-08-22,mgr:b283d24885e5,Roberto De Zerbi,1,EXACT_PLAYER_PERIOD_DETAILED,UNRESOLVED,9.0,9.0,0.0,0,0,0.0,0.0,0,WHOSCORED_SOURCE_SPECIFIC,WHOSCORED_DERIVED_VALIDATED,WHOSCORED_SOURCE_SPECIFIC,WHOSCORED_DERIVED_VALIDATED,WHOSCORED_SOURCE_SPECIFIC,06r6s,9.0,9.0,0.0,1.0,0.0,hpsurdtbmrp1z5vo,FANTRAX,FANTRAX,FANTRAX,,,,Antonín Kinsky
soccerdata:sofascore:16363242,FTX-05Y7C,tottenham_hotspur,brentford,429922,6.03,4231,RB,,True,0.0,2,1,1,1.0,1,1.0,1,2,0,0,0,0,0,0,2,43,34,observed_or_derived,False,AWAY,2026-08-22,mgr:b283d24885e5,Roberto De Zerbi,1,NO_DETAILED_FANTRAX_ROW,EXACT_PLAYER_MATCH,4.0,,0.0,0,0,1.0,1.0,0,WHOSCORED_SOURCE_SPECIFIC,WHOSCORED_DERIVED_VALIDATED,WHOSCORED_SOURCE_SPECIFIC,WHOSCORED_DERIVED_VALIDATED,WHOSCORED_SOURCE_SPECIFIC,05y7c,4.0,,0.0,,,,WHOSCORED_CURRENT_OBSERVED,WHOSCORED_CURRENT_OBSERVED,WHOSCORED_CURRENT_OBSERVED,0.0,0.0,0.0,Archie Gray
soccerdata:sofascore:16363242,FTX-063E7,tottenham_hotspur,brentford,328330,7.01,4231,CB,,True,0.0,1,0,9,4.0,5,1.0,8,2,0,0,0,0,0,0,5,84,76,observed_or_derived,False,AWAY,2026-08-22,mgr:b283d24885e5,Roberto De Zerbi,1,EXACT_PLAYER_PERIOD_DETAILED,EXACT_PLAYER_MATCH,11.0,11.0,0.0,0,0,5.0,4.0,0,WHOSCORED_SOURCE_SPECIFIC,WHOSCORED_DERIVED_VALIDATED,WHOSCORED_SOURCE_SPECIFIC,WHOSCORED_DERIVED_VALIDATED,WHOSCORED_SOURCE_SPECIFIC,063e7,11.0,11.0,0.0,4.0,1.0,61fz0pmkmrp1z5vo,FANTRAX,FANTRAX,FANTRAX,0.0,0.0,0.0,Marcos Senesi
soccerdata:sofascore:16363242,FTX-05OH0,tottenham_hotspur,brentford,365402,6.33,4231,CB,,True,0.0,0,0,8,4.0,2,0.0,5,3,0,0,0,0,0,0,2,62,60,observed_or_derived,False,AWAY,2026-08-22,mgr:b283d24885e5,Roberto De Zerbi,1,EXACT_PLAYER_PERIOD_DETAILED,EXACT_PLAYER_MATCH,4.5,4.5,0.0,0,0,2.0,0.0,0,WHOSCORED_SOURCE_SPECIFIC,WHOSCORED_DERIVED_VALIDATED,WHOSCORED_SOURCE_SPECIFIC,WHOSCORED_DERIVED_VALIDATED,WHOSCORED_SOURCE_SPECIFIC,05oh0,4.5,4.5,0.0,4.0,0.0,hpsurdtbmrp1z5vo,FANTRAX,FANTRAX,FANTRAX,0.0,0.0,0.0,Jan Paul van Hecke
soccerdata:sofascore:16363242,FTX-03GU5,tottenham_hotspur,brentford,115726,7.17,4231,LB,,True,1.0,0,0,2,1.0,2,2.0,5,3,0,5,0,0,0,0,2,65,52,observed_or_derived,False,AWAY,2026-08-22,mgr:b283d24885e5,Roberto De Zerbi,1,NO_DETAILED_FANTRAX_ROW,EXACT_PLAYER_MATCH,8.5,,0.0,5,1,2.0,2.0,0,WHOSCORED_SOURCE_SPECIFIC,WHOSCORED_DERIVED_VALIDATED,WHOSCORED_SOURCE_SPECIFIC,WHOSCORED_DERIVED_VALIDATED,WHOSCORED_SOURCE_SPECIFIC,03gu5,8.5,,1.0,,,,WHOSCORED_CURRENT_OBSERVED,WHOSCORED_CURRENT_OBSERVED,WHOSCORED_CURRENT_OBSERVED,0.0,0.2465199083089828,0.2465199083089828,Andy Robertson
soccerdata:sofascore:16363242,FTX-06CMS,tottenham_hotspur,brentford,343501,5.91,4231,DM,,True,0.0,0,0,0,0.0,1,0.0,0,3,3,2,0,2,1,0,2,65,56,observed_or_derived,False,AWAY,2026-08-22,mgr:b283d24885e5,Roberto De Zerbi,1,EXACT_PLAYER_PERIOD_DETAILED,EXACT_PLAYER_MATCH,2.5,2.5,0.0,2,0,1.0,1.0,0,WHOSCORED_SOURCE_SPECIFIC,WHOSCORED_DERIVED_VALIDATED,WHOSCORED_SOURCE_SPECIFIC,WHOSCORED_DERIVED_VALIDATED,WHOSCORED_SOURCE_SPECIFIC,06cms,2.5,2.5,0.0,0.0,0.0,w2mnqywumrp1z5vp,FANTRAX,FANTRAX,FANTRAX,0.0267637856304645,0.0,0.0267637856304645,Sandro Tonali
soccerdata:sofascore:16363242,FTX-06MN7,tottenham_hotspur,brentford,505295,4.8,4231,DM,,True,0.0,2,1,0,0.0,1,0.0,0,7,1,1,0,0,0,0,0,21,18,observed_or_derived,False,AWAY,2026-08-22,mgr:b283d24885e5,Roberto De Zerbi,1,NO_DETAILED_FANTRAX_ROW,EXACT_PLAYER_MATCH,0.5,,0.0,1,0,1.0,0.0,0,WHOSCORED_SOURCE_SPECIFIC,WHOSCORED_DERIVED_VALIDATED,WHOSCORED_SOURCE_SPECIFIC,WHOSCORED_DERIVED_VALIDATED,WHOSCORED_SOURCE_SPECIFIC,06mn7,0.5,,0.0,,,,WHOSCORED_CURRENT_OBSERVED,WHOSCORED_CURRENT_OBSERVED,WHOSCORED_CURRENT_OBSERVED,0.0,0.0,0.0,Lucas Bergvall
soccerdata:sofascore:16363242,FTX-06LOX,tottenham_hotspur,brentford,526481,6.39,4231,RW,,True,0.0,4,2,2,0.0,1,0.0,0,1,0,1,0,3,3,0,1,14,12,observed_or_derived,False,AWAY,2026-08-22,mgr:b283d24885e5,Roberto De Zerbi,1,NO_DETAILED_FANTRAX_ROW,EXACT_PLAYER_MATCH,9.0,,0.0,1,1,1.0,0.0,0,WHOSCORED_SOURCE_SPECIFIC,WHOSCORED_DERIVED_VALIDATED,WHOSCORED_SOURCE_SPECIFIC,WHOSCORED_DERIVED_VALIDATED,WHOSCORED_SOURCE_SPECIFIC,06lox,9.0,,1.0,,,,WHOSCORED_CURRENT_OBSERVED,WHOSCORED_CURRENT_OBSERVED,WHOSCORED_CURRENT_OBSERVED,0.609603762626648,0.0170009192079305,0.6266046818345784,Mikey Moore
soccerdata:sofascore:16363242,FTX-051K8,tottenham_hotspur,brentford,375621,5.79,4231,CAM,,True,0.0,2,0,1,0.0,1,0.0,0,2,2,0,1,1,0,0,2,19,16,observed_or_derived,False,AWAY,2026-08-22,mgr:b283d24885e5,Roberto De Zerbi,1,NO_DETAILED_FANTRAX_ROW,EXACT_PLAYER_MATCH,-1.0,,0.0,0,0,1.0,1.0,0,WHOSCORED_SOURCE_SPECIFIC,WHOSCORED_DERIVED_VALIDATED,WHOSCORED_SOURCE_SPECIFIC,WHOSCORED_DERIVED_VALIDATED,WHOSCORED_SOURCE_SPECIFIC,051k8,-1.0,,0.0,,,,WHOSCORED_CURRENT_OBSERVED,WHOSCORED_CURRENT_OBSERVED,WHOSCORED_CURRENT_OBSERVED,0.0167681723833084,0.0,0.0167681723833084,Conor Gallagher
soccerdata:sofascore:16363242,FTX-06RM8,tottenham_hotspur,brentford,422885,6.7,4231,LW,,True,2.0,8,6,3,1.0,0,0.0,1,7,1,3,0,2,1,0,2,41,34,observed_or_derived,False,AWAY,2026-08-22,mgr:b283d24885e5,Roberto De Zerbi,1,EXACT_PLAYER_PERIOD_DETAILED,EXACT_PLAYER_MATCH,9.5,9.5,0.0,2,0,0.0,0.0,0,WHOSCORED_SOURCE_SPECIFIC,WHOSCORED_DERIVED_VALIDATED,WHOSCORED_SOURCE_SPECIFIC,WHOSCORED_DERIVED_VALIDATED,WHOSCORED_SOURCE_SPECIFIC,06rm8,9.5,9.5,2.0,1.0,0.0,hpsurdtbmrp1z5vo,FANTRAX,FANTRAX,FANTRAX,0.0614168047904968,0.0265310388058424,0.0879478435963392,Mathys Tel
soccerdata:sofascore:16363242,FTX-04IO4,tottenham_hotspur,brentford,317804,5.8,4231,ST,,True,0.0,3,1,4,0.0,0,0.0,1,0,0,0,0,0,0,0,3,9,8,observed_or_derived,False,AWAY,2026-08-22,mgr:b283d24885e5,Roberto De Zerbi,1,EXACT_PLAYER_PERIOD_DETAILED,EXACT_PLAYER_MATCH,1.0,1.0,0.0,0,0,0.0,0.0,0,WHOSCORED_SOURCE_SPECIFIC,WHOSCORED_DERIVED_VALIDATED,WHOSCORED_SOURCE_SPECIFIC,WHOSCORED_DERIVED_VALIDATED,WHOSCORED_SOURCE_SPECIFIC,04io4,1.0,1.0,0.0,0.0,0.0,h2e8dn5dmrp1z5vp,FANTRAX,FANTRAX,FANTRAX,0.0,0.0,0.0,Richarlison
soccerdata:sofascore:16363242,FTX-063Y7,tottenham_hotspur,brentford,401044,5.98,4231,,,False,0.0,1,0,0,0.0,0,0.0,0,2,0,2,0,0,0,0,2,11,9,observed_or_derived,False,AWAY,2026-08-22,mgr:b283d24885e5,Roberto De Zerbi,1,NO_DETAILED_FANTRAX_ROW,EXACT_PLAYER_MATCH,0.0,,0.0,2,0,0.0,0.0,0,WHOSCORED_SOURCE_SPECIFIC,WHOSCORED_DERIVED_VALIDATED,WHOSCORED_SOURCE_SPECIFIC,WHOSCORED_DERIVED_VALIDATED,WHOSCORED_SOURCE_SPECIFIC,063y7,0.0,,0.0,,,,WHOSCORED_CURRENT_OBSERVED,WHOSCORED_CURRENT_OBSERVED,WHOSCORED_CURRENT_OBSERVED,0.0,0.0,0.0,Destiny Udogie
soccerdata:sofascore:16363242,FTX-06PE1,tottenham_hotspur,brentford,447231,6.45,4231,,,False,2.0,2,1,1,0.0,1,0.0,0,1,1,0,0,0,0,0,1,38,35,observed_or_derived,False,AWAY,2026-08-22,mgr:b283d24885e5,Roberto De Zerbi,1,EXACT_PLAYER_PERIOD_DETAILED,EXACT_PLAYER_MATCH,5.5,5.5,0.0,0,0,1.0,1.0,0,WHOSCORED_SOURCE_SPECIFIC,WHOSCORED_DERIVED_VALIDATED,WHOSCORED_SOURCE_SPECIFIC,WHOSCORED_DERIVED_VALIDATED,WHOSCORED_SOURCE_SPECIFIC,06pe1,5.5,5.5,2.0,0.0,0.0,h1vdt8ynmrp1z5vp,FANTRAX,FANTRAX,FANTRAX,0.0,0.3630838394165039,0.3630838394165039,Mateus Fernandes
soccerdata:sofascore:16363242,FTX-05YLW,tottenham_hotspur,brentford,303657,5.9,4231,,,False,1.0,0,0,2,1.0,3,0.0,0,2,0,0,0,0,0,0,3,41,37,observed_or_derived,False,AWAY,2026-08-22,mgr:b283d24885e5,Roberto De Zerbi,1,NO_DETAILED_FANTRAX_ROW,EXACT_PLAYER_MATCH,4.0,,0.0,0,0,3.0,2.0,0,WHOSCORED_SOURCE_SPECIFIC,WHOSCORED_DERIVED_VALIDATED,WHOSCORED_SOURCE_SPECIFIC,WHOSCORED_DERIVED_VALIDATED,WHOSCORED_SOURCE_SPECIFIC,05ylw,4.0,,1.0,,,,WHOSCORED_CURRENT_OBSERVED,WHOSCORED_CURRENT_OBSERVED,WHOSCORED_CURRENT_OBSERVED,0.0,0.0221979115158319,0.0221979115158319,Rodrigo Bentancur
soccerdata:sofascore:16363242,FTX-03FGO,tottenham_hotspur,brentford,136459,5.96,4231,,,False,0.0,0,0,1,0.0,0,0.0,0,0,0,0,0,1,1,0,1,1,0,observed_or_derived,False,AWAY,2026-08-22,mgr:b283d24885e5,Roberto De Zerbi,1,NO_DETAILED_FANTRAX_ROW,EXACT_PLAYER_MATCH,-0.5,,0.0,0,0,0.0,0.0,0,WHOSCORED_SOURCE_SPECIFIC,WHOSCORED_DERIVED_VALIDATED,WHOSCORED_SOURCE_SPECIFIC,WHOSCORED_DERIVED_VALIDATED,WHOSCORED_SOURCE_SPECIFIC,03fgo,-0.5,,0.0,,,,WHOSCORED_CURRENT_OBSERVED,WHOSCORED_CURRENT_OBSERVED,WHOSCORED_CURRENT_OBSERVED,0.0417319573462009,0.0,0.0417319573462009,Dominic Solanke
soccerdata:sofascore:16363242,FTX-0414O,tottenham_hotspur,brentford,137015,6.06,4231,,,False,0.0,4,0,1,0.0,0,0.0,1,1,0,1,0,0,0,0,2,17,16,observed_or_derived,False,AWAY,2026-08-22,mgr:b283d24885e5,Roberto De Zerbi,1,EXACT_PLAYER_PERIOD_DETAILED,UNRESOLVED,1.0,1.0,0.0,1,1,0.0,0.0,0,WHOSCORED_SOURCE_SPECIFIC,WHOSCORED_DERIVED_VALIDATED,WHOSCORED_SOURCE_SPECIFIC,WHOSCORED_DERIVED_VALIDATED,WHOSCORED_SOURCE_SPECIFIC,0414o,1.0,1.0,0.0,0.0,0.0,rx9bjhp3mrp1z5vo,FANTRAX,FANTRAX,FANTRAX,,,,James Maddison
soccerdata:sofascore:16363242,FTX-057CR,tottenham_hotspur,brentford,330816,,4231,,,False,0.0,0,0,0,0.0,0,0.0,0,0,0,0,0,0,0,0,0,0,0,observed_or_derived,False,AWAY,2026-08-22,mgr:b283d24885e5,Roberto De Zerbi,1,NO_DETAILED_FANTRAX_ROW,UNRESOLVED,0.0,,0.0,0,0,0.0,0.0,0,WHOSCORED_SOURCE_SPECIFIC,WHOSCORED_DERIVED_VALIDATED,WHOSCORED_SOURCE_SPECIFIC,WHOSCORED_DERIVED_VALIDATED,WHOSCORED_SOURCE_SPECIFIC,057cr,0.0,,,,,,WHOSCORED_CURRENT_OBSERVED,WHOSCORED_CURRENT_OBSERVED,WHOSCORED_CURRENT_OBSERVED,,,,Kevin Danso
soccerdata:sofascore:16363242,FTX-04MR4,tottenham_hotspur,brentford,46092,,4231,,,False,0.0,0,0,0,0.0,0,0.0,0,0,0,0,0,0,0,0,0,0,0,observed_or_derived,False,AWAY,2026-08-22,mgr:b283d24885e5,Roberto De Zerbi,1,NO_DETAILED_FANTRAX_ROW,UNRESOLVED,0.0,,0.0,0,0,0.0,0.0,0,WHOSCORED_SOURCE_SPECIFIC,WHOSCORED_DERIVED_VALIDATED,WHOSCORED_SOURCE_SPECIFIC,WHOSCORED_DERIVED_VALIDATED,WHOSCORED_SOURCE_SPECIFIC,04mr4,0.0,,,,,,WHOSCORED_CURRENT_OBSERVED,WHOSCORED_CURRENT_OBSERVED,WHOSCORED_CURRENT_OBSERVED,,,,Martin Dúbravka
soccerdata:sofascore:16363242,FTX-06QQ9,tottenham_hotspur,brentford,545662,,4231,,,False,0.0,0,0,0,0.0,0,0.0,0,0,0,0,0,0,0,0,0,0,0,observed_or_derived,False,AWAY,2026-08-22,mgr:b283d24885e5,Roberto De Zerbi,1,NO_DETAILED_FANTRAX_ROW,UNRESOLVED,0.0,,0.0,0,0,0.0,0.0,0,WHOSCORED_SOURCE_SPECIFIC,WHOSCORED_DERIVED_VALIDATED,WHOSCORED_SOURCE_SPECIFIC,WHOSCORED_DERIVED_VALIDATED,WHOSCORED_SOURCE_SPECIFIC,06qq9,0.0,,,,,,WHOSCORED_CURRENT_OBSERVED,WHOSCORED_CURRENT_OBSERVED,WHOSCORED_CURRENT_OBSERVED,,,,Luca Williams-Barnett
soccerdata:sofascore:16363242,FTX-02OO1,tottenham_hotspur,brentford,103837,,4231,,,False,0.0,0,0,0,0.0,0,0.0,0,0,0,0,0,0,0,0,0,0,0,observed_or_derived,False,AWAY,2026-08-22,mgr:b283d24885e5,Roberto De Zerbi,1,NO_DETAILED_FANTRAX_ROW,UNRESOLVED,0.0,,0.0,0,0,0.0,0.0,0,WHOSCORED_SOURCE_SPECIFIC,WHOSCORED_DERIVED_VALIDATED,WHOSCORED_SOURCE_SPECIFIC,WHOSCORED_DERIVED_VALIDATED,WHOSCORED_SOURCE_SPECIFIC,02oo1,0.0,,,,,,WHOSCORED_CURRENT_OBSERVED,WHOSCORED_CURRENT_OBSERVED,WHOSCORED_CURRENT_OBSERVED,,,,Ben Davies
soccerdata:sofascore:16363236,FTX-06CMU,brighton_hove_albion,aston_villa,400138,6.65,4231,GK,,True,0.0,0,0,0,0.0,0,0.0,0,3,0,0,0,0,0,0,0,34,34,observed_or_derived,False,HOME,2026-08-23,mgr:dfda8206a0e2,Fabian Hürzeler,1,EXACT_PLAYER_PERIOD_DETAILED,EXACT_PLAYER_MATCH,6.0,0.0,0.0,0,0,0.0,0.0,0,WHOSCORED_SOURCE_SPECIFIC,WHOSCORED_DERIVED_VALIDATED,WHOSCORED_SOURCE_SPECIFIC,WHOSCORED_DERIVED_VALIDATED,WHOSCORED_SOURCE_SPECIFIC,06cmu,6.0,0.0,0.0,0.0,0.0,2dxfjlk0mrp1z5vo,FANTRAX,FANTRAX,FANTRAX,0.0,0.0,0.0,Bart Verbruggen
soccerdata:sofascore:16363236,FTX-06MPP,brighton_hove_albion,aston_villa,445059,7.86,4231,RB,,True,2.0,1,1,5,3.0,4,4.0,0,5,2,1,0,1,0,0,4,64,58,observed_or_derived,False,HOME,2026-08-23,mgr:dfda8206a0e2,Fabian Hürzeler,1,EXACT_PLAYER_PERIOD_DETAILED,EXACT_PLAYER_MATCH,11.0,5.0,0.0,1,0,4.0,1.0,0,WHOSCORED_SOURCE_SPECIFIC,WHOSCORED_DERIVED_VALIDATED,WHOSCORED_SOURCE_SPECIFIC,WHOSCORED_DERIVED_VALIDATED,WHOSCORED_SOURCE_SPECIFIC,06mpp,11.0,5.0,2.0,3.0,4.0,h2e8dn5dmrp1z5vp,FANTRAX,FANTRAX,FANTRAX,0.0813549607992172,0.0733533576130867,0.1547083184123039,Mats Wieffer
soccerdata:sofascore:16363236,pr_5b05eed522d404e7,brighton_hove_albion,aston_villa,533010,7.18,4231,CB,,True,0.0,0,0,5,4.0,0,0.0,4,2,0,0,0,2,0,0,1,103,98,observed_or_derived,False,HOME,2026-08-23,mgr:dfda8206a0e2,Fabian Hürzeler,1,EXACT_PLAYER_PERIOD_DETAILED,UNRESOLVED,12.0,6.0,0.0,0,0,0.0,0.0,0,WHOSCORED_SOURCE_SPECIFIC,WHOSCORED_DERIVED_VALIDATED,WHOSCORED_SOURCE_SPECIFIC,WHOSCORED_DERIVED_VALIDATED,WHOSCORED_SOURCE_SPECIFIC,06v0y,12.0,6.0,0.0,4.0,0.0,rx9bjhp3mrp1z5vo,FANTRAX,FANTRAX,FANTRAX,,,,Luka Vuskovic
soccerdata:sofascore:16363236,FTX-04E1C,brighton_hove_albion,aston_villa,86441,7.15,4231,CB,,True,0.0,0,0,3,2.0,1,1.0,0,2,0,1,0,0,0,0,2,115,109,observed_or_derived,False,HOME,2026-08-23,mgr:dfda8206a0e2,Fabian Hürzeler,1,NO_DETAILED_FANTRAX_ROW,EXACT_PLAYER_MATCH,10.0,,0.0,1,0,1.0,1.0,0,WHOSCORED_SOURCE_SPECIFIC,WHOSCORED_DERIVED_VALIDATED,WHOSCORED_SOURCE_SPECIFIC,WHOSCORED_DERIVED_VALIDATED,WHOSCORED_SOURCE_SPECIFIC,04e1c,10.0,,0.0,,,,WHOSCORED_CURRENT_OBSERVED,WHOSCORED_CURRENT_OBSERVED,WHOSCORED_CURRENT_OBSERVED,0.0,0.0,0.0,Lewis Dunk
soccerdata:sofascore:16363236,FTX-06Y26,brighton_hove_albion,aston_villa,260809,7.36,4231,LB,,True,0.0,0,0,2,1.0,1,2.0,4,4,2,4,0,0,0,0,1,73,69,observed_or_derived,False,HOME,2026-08-23,mgr:dfda8206a0e2,Fabian Hürzeler,1,NO_DETAILED_FANTRAX_ROW,EXACT_PLAYER_MATCH,11.5,,0.0,3,0,1.0,1.0,0,WHOSCORED_SOURCE_SPECIFIC,WHOSCORED_DERIVED_VALIDATED,WHOSCORED_SOURCE_SPECIFIC,WHOSCORED_DERIVED_VALIDATED,WHOSCORED_SOURCE_SPECIFIC,06y26,11.5,,0.0,,,,WHOSCORED_CURRENT_OBSERVED,WHOSCORED_CURRENT_OBSERVED,WHOSCORED_CURRENT_OBSERVED,0.0,0.0,0.0,Olivier Boscagli
soccerdata:sofascore:16363236,FTX-04FK1,brighton_hove_albion,aston_villa,71824,7.44,4231,DM,,True,4.0,0,0,1,1.0,3,0.0,0,2,0,10,0,0,0,0,1,87,74,observed_or_derived,False,HOME,2026-08-23,mgr:dfda8206a0e2,Fabian Hürzeler,1,EXACT_PLAYER_PERIOD_DETAILED,EXACT_PLAYER_MATCH,10.5,9.5,0.0,10,2,3.0,1.0,0,WHOSCORED_SOURCE_SPECIFIC,WHOSCORED_DERIVED_VALIDATED,WHOSCORED_SOURCE_SPECIFIC,WHOSCORED_DERIVED_VALIDATED,WHOSCORED_SOURCE_SPECIFIC,04fk1,10.5,9.5,4.0,1.0,0.0,w2mnqywumrp1z5vp,FANTRAX,FANTRAX,FANTRAX,0.0,0.4772014319896698,0.4772014319896698,Pascal Groß
soccerdata:sofascore:16363236,FTX-068YC,brighton_hove_albion,aston_villa,470690,6.28,4231,DM,,True,1.0,0,0,0,0.0,0,0.0,1,3,1,0,0,2,1,0,3,40,36,observed_or_derived,False,HOME,2026-08-23,mgr:dfda8206a0e2,Fabian Hürzeler,1,NO_DETAILED_FANTRAX_ROW,EXACT_PLAYER_MATCH,1.0,,0.0,0,0,0.0,0.0,0,WHOSCORED_SOURCE_SPECIFIC,WHOSCORED_DERIVED_VALIDATED,WHOSCORED_SOURCE_SPECIFIC,WHOSCORED_DERIVED_VALIDATED,WHOSCORED_SOURCE_SPECIFIC,068yc,1.0,,1.0,,,,WHOSCORED_CURRENT_OBSERVED,WHOSCORED_CURRENT_OBSERVED,WHOSCORED_CURRENT_OBSERVED,0.0824881196022033,0.1103139445185661,0.1928020641207694,Yasin Ayari
soccerdata:sofascore:16363236,FTX-06R5B,brighton_hove_albion,aston_villa,446133,8.03,4231,RW,,True,2.0,0,0,3,2.0,3,1.0,1,1,1,2,0,3,2,0,0,35,27,observed_or_derived,False,HOME,2026-08-23,mgr:dfda8206a0e2,Fabian Hürzeler,1,EXACT_PLAYER_PERIOD_DETAILED,EXACT_PLAYER_MATCH,17.5,10.5,0.0,2,0,3.0,1.0,1,WHOSCORED_SOURCE_SPECIFIC,WHOSCORED_DERIVED_VALIDATED,WHOSCORED_SOURCE_SPECIFIC,WHOSCORED_DERIVED_VALIDATED,WHOSCORED_SOURCE_SPECIFIC,06r5b,17.5,10.5,2.0,2.0,1.0,61fz0pmkmrp1z5vo,FANTRAX,FANTRAX,FANTRAX,0.2316672950983047,0.8130156993865967,1.0446829944849014,Diego Gómez
soccerdata:sofascore:16363236,FTX-067YS,brighton_hove_albion,aston_villa,469629,8.92,4231,CAM,,True,1.0,1,1,1,1.0,2,0.0,0,1,1,0,0,3,3,2,2,14,13,observed_or_derived,False,HOME,2026-08-23,mgr:dfda8206a0e2,Fabian Hürzeler,1,NO_DETAILED_FANTRAX_ROW,EXACT_PLAYER_MATCH,28.5,,0.0,0,0,2.0,2.0,0,WHOSCORED_SOURCE_SPECIFIC,WHOSCORED_DERIVED_VALIDATED,WHOSCORED_SOURCE_SPECIFIC,WHOSCORED_DERIVED_VALIDATED,WHOSCORED_SOURCE_SPECIFIC,067ys,28.5,,1.0,,,,WHOSCORED_CURRENT_OBSERVED,WHOSCORED_CURRENT_OBSERVED,WHOSCORED_CURRENT_OBSERVED,1.401410698890686,0.100886195898056,1.502296894788742,Jack Hinshelwood
soccerdata:sofascore:16363236,FTX-06Y9M,brighton_hove_albion,aston_villa,392647,8.49,4231,LW,,True,3.0,0,0,0,0.0,3,1.0,0,3,1,5,0,4,2,1,4,46,39,observed_or_derived,False,HOME,2026-08-23,mgr:dfda8206a0e2,Fabian Hürzeler,1,EXACT_PLAYER_PERIOD_DETAILED,EXACT_PLAYER_MATCH,36.0,14.0,0.0,5,2,3.0,2.0,0,WHOSCORED_SOURCE_SPECIFIC,WHOSCORED_DERIVED_VALIDATED,WHOSCORED_SOURCE_SPECIFIC,WHOSCORED_DERIVED_VALIDATED,WHOSCORED_SOURCE_SPECIFIC,06y9m,36.0,14.0,3.0,0.0,1.0,h1vdt8ynmrp1z5vp,FANTRAX,FANTRAX,FANTRAX,1.3795270919799805,0.1410702615976333,1.5205973535776138,Maxim De Cuyper
soccerdata:sofascore:16363236,FTX-0689W,brighton_hove_albion,aston_villa,362433,7.7,4231,ST,,True,1.0,2,1,0,0.0,2,0.0,1,4,2,0,0,2,0,0,1,12,7,observed_or_derived,False,HOME,2026-08-23,mgr:dfda8206a0e2,Fabian Hürzeler,1,EXACT_PLAYER_PERIOD_DETAILED,EXACT_PLAYER_MATCH,9.0,2.0,0.0,0,0,2.0,2.0,1,WHOSCORED_SOURCE_SPECIFIC,WHOSCORED_DERIVED_VALIDATED,WHOSCORED_SOURCE_SPECIFIC,WHOSCORED_DERIVED_VALIDATED,WHOSCORED_SOURCE_SPECIFIC,0689w,9.0,2.0,1.0,0.0,0.0,2dxfjlk0mrp1z5vo,FANTRAX,FANTRAX,FANTRAX,0.0694541409611702,0.9075709581375122,0.9770250990986824,Georginio Rutter
soccerdata:sofascore:16363236,FTX-06MN1,brighton_hove_albion,aston_villa,519755,6.16,4231,,,False,1.0,4,0,0,0.0,0,0.0,0,2,0,1,0,0,0,0,2,11,9,observed_or_derived,False,HOME,2026-08-23,mgr:dfda8206a0e2,Fabian Hürzeler,1,NO_DETAILED_FANTRAX_ROW,EXACT_PLAYER_MATCH,3.0,,0.0,1,1,0.0,0.0,0,WHOSCORED_SOURCE_SPECIFIC,WHOSCORED_DERIVED_VALIDATED,WHOSCORED_SOURCE_SPECIFIC,WHOSCORED_DERIVED_VALIDATED,WHOSCORED_SOURCE_SPECIFIC,06mn1,3.0,,1.0,,,,WHOSCORED_CURRENT_OBSERVED,WHOSCORED_CURRENT_OBSERVED,WHOSCORED_CURRENT_OBSERVED,0.0,0.0280558001250028,0.0280558001250028,Ibrahim Osman
soccerdata:sofascore:16363236,FTX-06XZD,brighton_hove_albion,aston_villa,533923,6.06,4231,,,False,0.0,1,0,2,2.0,1,0.0,0,1,0,0,0,2,0,0,0,6,3,observed_or_derived,False,HOME,2026-08-23,mgr:dfda8206a0e2,Fabian Hürzeler,1,NO_DETAILED_FANTRAX_ROW,EXACT_PLAYER_MATCH,1.5,,0.0,0,0,1.0,1.0,0,WHOSCORED_SOURCE_SPECIFIC,WHOSCORED_DERIVED_VALIDATED,WHOSCORED_SOURCE_SPECIFIC,WHOSCORED_DERIVED_VALIDATED,WHOSCORED_SOURCE_SPECIFIC,06xzd,1.5,,0.0,,,,WHOSCORED_CURRENT_OBSERVED,WHOSCORED_CURRENT_OBSERVED,WHOSCORED_CURRENT_OBSERVED,0.3382267653942108,0.0,0.3382267653942108,Charalampos Kostoulas
soccerdata:sofascore:16363236,pr_82f652c51bb536fc,brighton_hove_albion,aston_villa,395954,6.83,4231,,,False,0.0,0,0,1,0.0,1,1.0,2,0,0,0,0,2,1,0,0,19,19,observed_or_derived,False,HOME,2026-08-23,mgr:dfda8206a0e2,Fabian Hürzeler,1,NO_DETAILED_FANTRAX_ROW,UNRESOLVED,4.0,,0.0,0,0,1.0,1.0,0,WHOSCORED_SOURCE_SPECIFIC,WHOSCORED_DERIVED_VALIDATED,WHOSCORED_SOURCE_SPECIFIC,WHOSCORED_DERIVED_VALIDATED,WHOSCORED_SOURCE_SPECIFIC,076kd,4.0,,,,,,WHOSCORED_CURRENT_OBSERVED,WHOSCORED_CURRENT_OBSERVED,WHOSCORED_CURRENT_OBSERVED,,,,Costinha
soccerdata:sofascore:16363236,pr_3a04345ebb0c439c,brighton_hove_albion,aston_villa,623567,6.08,4231,,,False,0.0,2,1,0,0.0,0,0.0,0,0,0,0,0,0,0,0,1,5,5,observed_or_derived,False,HOME,2026-08-23,mgr:dfda8206a0e2,Fabian Hürzeler,1,NO_DETAILED_FANTRAX_ROW,UNRESOLVED,0.5,,0.0,0,0,0.0,0.0,0,WHOSCORED_SOURCE_SPECIFIC,WHOSCORED_DERIVED_VALIDATED,WHOSCORED_SOURCE_SPECIFIC,WHOSCORED_DERIVED_VALIDATED,WHOSCORED_SOURCE_SPECIFIC,076ke,0.5,,,,,,WHOSCORED_CURRENT_OBSERVED,WHOSCORED_CURRENT_OBSERVED,WHOSCORED_CURRENT_OBSERVED,,,,Zadok Yohanna
soccerdata:sofascore:16363236,FTX-06MSB,brighton_hove_albion,aston_villa,533015,6.07,4231,,,False,0.0,0,0,0,0.0,0,0.0,0,0,0,0,0,0,0,0,0,15,15,observed_or_derived,False,HOME,2026-08-23,mgr:dfda8206a0e2,Fabian Hürzeler,1,NO_DETAILED_FANTRAX_ROW,EXACT_PLAYER_MATCH,0.0,,0.0,0,0,0.0,0.0,0,WHOSCORED_SOURCE_SPECIFIC,WHOSCORED_DERIVED_VALIDATED,WHOSCORED_SOURCE_SPECIFIC,WHOSCORED_DERIVED_VALIDATED,WHOSCORED_SOURCE_SPECIFIC,06msb,0.0,,0.0,,,,WHOSCORED_CURRENT_OBSERVED,WHOSCORED_CURRENT_OBSERVED,WHOSCORED_CURRENT_OBSERVED,0.0,0.0,0.0,Malick Yalcouyé
soccerdata:sofascore:16363236,FTX-0784A,brighton_hove_albion,aston_villa,423518,,4231,,,False,0.0,0,0,0,0.0,0,0.0,0,0,0,0,0,0,0,0,0,0,0,observed_or_derived,False,HOME,2026-08-23,mgr:dfda8206a0e2,Fabian Hürzeler,1,NO_DETAILED_FANTRAX_ROW,UNRESOLVED,0.0,,0.0,0,0,0.0,0.0,0,WHOSCORED_SOURCE_SPECIFIC,WHOSCORED_DERIVED_VALIDATED,WHOSCORED_SOURCE_SPECIFIC,WHOSCORED_DERIVED_VALIDATED,WHOSCORED_SOURCE_SPECIFIC,0784a,0.0,,,,,,WHOSCORED_CURRENT_OBSERVED,WHOSCORED_CURRENT_OBSERVED,WHOSCORED_CURRENT_OBSERVED,,,,Michael Svoboda
soccerdata:sofascore:16363236,FTX-078WJ,brighton_hove_albion,aston_villa,532188,,4231,,,False,0.0,0,0,0,0.0,0,0.0,0,0,0,0,0,0,0,0,0,0,0,observed_or_derived,False,HOME,2026-08-23,mgr:dfda8206a0e2,Fabian Hürzeler,1,NO_DETAILED_FANTRAX_ROW,UNRESOLVED,0.0,,0.0,0,0,0.0,0.0,0,WHOSCORED_SOURCE_SPECIFIC,WHOSCORED_DERIVED_VALIDATED,WHOSCORED_SOURCE_SPECIFIC,WHOSCORED_DERIVED_VALIDATED,WHOSCORED_SOURCE_SPECIFIC,078wj,0.0,,,,,,WHOSCORED_CURRENT_OBSERVED,WHOSCORED_CURRENT_OBSERVED,WHOSCORED_CURRENT_OBSERVED,,,,Promise David
soccerdata:sofascore:16363236,FTX-05MZZ,brighton_hove_albion,aston_villa,355609,,4231,,,False,0.0,0,0,0,0.0,0,0.0,0,0,0,0,0,0,0,0,0,0,0,observed_or_derived,False,HOME,2026-08-23,mgr:dfda8206a0e2,Fabian Hürzeler,1,NO_DETAILED_FANTRAX_ROW,UNRESOLVED,0.0,,0.0,0,0,0.0,0.0,0,WHOSCORED_SOURCE_SPECIFIC,WHOSCORED_DERIVED_VALIDATED,WHOSCORED_SOURCE_SPECIFIC,WHOSCORED_DERIVED_VALIDATED,WHOSCORED_SOURCE_SPECIFIC,05mzz,0.0,,,,,,WHOSCORED_CURRENT_OBSERVED,WHOSCORED_CURRENT_OBSERVED,WHOSCORED_CURRENT_OBSERVED,,,,Pascal Struijk
soccerdata:sofascore:16363236,FTX-04RHA,brighton_hove_albion,aston_villa,33532,,4231,,,False,0.0,0,0,0,0.0,0,0.0,0,0,0,0,0,0,0,0,0,0,0,observed_or_derived,False,HOME,2026-08-23,mgr:dfda8206a0e2,Fabian Hürzeler,1,NO_DETAILED_FANTRAX_ROW,UNRESOLVED,0.0,,0.0,0,0,0.0,0.0,0,WHOSCORED_SOURCE_SPECIFIC,WHOSCORED_DERIVED_VALIDATED,WHOSCORED_SOURCE_SPECIFIC,WHOSCORED_DERIVED_VALIDATED,WHOSCORED_SOURCE_SPECIFIC,04rha,0.0,,,,,,WHOSCORED_CURRENT_OBSERVED,WHOSCORED_CURRENT_OBSERVED,WHOSCORED_CURRENT_OBSERVED,,,,Jason Steele
soccerdata:sofascore:16363236,FTX-06YMT,aston_villa,brighton_hove_albion,83824,5.95,4231,GK,,True,0.0,0,0,0,0.0,0,0.0,1,0,0,0,0,0,0,0,0,30,19,observed_or_derived,False,AWAY,2026-08-23,mgr:dcdf2dffc0c2,Unai Emery,1,NO_DETAILED_FANTRAX_ROW,EXACT_PLAYER_MATCH,2.0,,0.0,0,0,0.0,0.0,0,WHOSCORED_SOURCE_SPECIFIC,WHOSCORED_DERIVED_VALIDATED,WHOSCORED_SOURCE_SPECIFIC,WHOSCORED_DERIVED_VALIDATED,WHOSCORED_SOURCE_SPECIFIC,06ymt,2.0,,0.0,,,,WHOSCORED_CURRENT_OBSERVED,WHOSCORED_CURRENT_OBSERVED,WHOSCORED_CURRENT_OBSERVED,0.0,0.0,0.0,Marco Bizot
soccerdata:sofascore:16363236,FTX-05O4B,aston_villa,brighton_hove_albion,322043,5.88,4231,RB,,True,0.0,0,0,1,0.0,2,1.0,3,0,1,0,0,0,0,0,4,38,27,observed_or_derived,False,AWAY,2026-08-23,mgr:dcdf2dffc0c2,Unai Emery,1,EXACT_PLAYER_PERIOD_DETAILED,EXACT_PLAYER_MATCH,-2.5,-2.5,0.0,0,0,2.0,2.0,0,WHOSCORED_SOURCE_SPECIFIC,WHOSCORED_DERIVED_VALIDATED,WHOSCORED_SOURCE_SPECIFIC,WHOSCORED_DERIVED_VALIDATED,WHOSCORED_SOURCE_SPECIFIC,05o4b,-2.5,-2.5,0.0,0.0,1.0,qwkltl98mrp1z5vp,FANTRAX,FANTRAX,FANTRAX,0.0,0.0,0.0,Matty Cash
soccerdata:sofascore:16363236,FTX-06CRM,aston_villa,brighton_hove_albion,344259,4.35,4231,CB,,True,0.0,0,0,1,1.0,0,1.0,4,1,0,0,0,0,0,0,1,26,20,observed_or_derived,False,AWAY,2026-08-23,mgr:dcdf2dffc0c2,Unai Emery,1,NO_DETAILED_FANTRAX_ROW,EXACT_PLAYER_MATCH,-2.0,,0.0,0,0,0.0,0.0,0,WHOSCORED_SOURCE_SPECIFIC,WHOSCORED_DERIVED_VALIDATED,WHOSCORED_SOURCE_SPECIFIC,WHOSCORED_DERIVED_VALIDATED,WHOSCORED_SOURCE_SPECIFIC,06crm,-2.0,,0.0,,,,WHOSCORED_CURRENT_OBSERVED,WHOSCORED_CURRENT_OBSERVED,WHOSCORED_CURRENT_OBSERVED,0.0,0.0,0.0,Pau Torres
soccerdata:sofascore:16363236,FTX-04FK8,aston_villa,brighton_hove_albion,100008,4.75,4231,CB,,True,0.0,0,0,3,0.0,0,0.0,3,1,0,0,0,1,1,1,0,34,27,observed_or_derived,False,AWAY,2026-08-23,mgr:dcdf2dffc0c2,Unai Emery,1,NO_DETAILED_FANTRAX_ROW,EXACT_PLAYER_MATCH,-10.0,,0.0,0,0,0.0,0.0,0,WHOSCORED_SOURCE_SPECIFIC,WHOSCORED_DERIVED_VALIDATED,WHOSCORED_SOURCE_SPECIFIC,WHOSCORED_DERIVED_VALIDATED,WHOSCORED_SOURCE_SPECIFIC,04fk8,-10.0,,0.0,,,,WHOSCORED_CURRENT_OBSERVED,WHOSCORED_CURRENT_OBSERVED,WHOSCORED_CURRENT_OBSERVED,0.0,0.0,0.0,Victor Lindelöf
soccerdata:sofascore:16363236,FTX-052CB,aston_villa,brighton_hove_albion,384134,6.0,4231,LB,,True,0.0,4,0,1,0.0,2,2.0,5,2,1,1,0,1,0,0,0,17,9,observed_or_derived,False,AWAY,2026-08-23,mgr:dcdf2dffc0c2,Unai Emery,1,EXACT_PLAYER_PERIOD_DETAILED,EXACT_PLAYER_MATCH,-2.5,-2.5,0.0,1,0,2.0,0.0,0,WHOSCORED_SOURCE_SPECIFIC,WHOSCORED_DERIVED_VALIDATED,WHOSCORED_SOURCE_SPECIFIC,WHOSCORED_DERIVED_VALIDATED,WHOSCORED_SOURCE_SPECIFIC,052cb,-2.5,-2.5,0.0,0.0,2.0,ayk8m85amrp1z5vo,FANTRAX,FANTRAX,FANTRAX,0.0254403371363878,0.0,0.0254403371363878,Ian Maatsen
soccerdata:sofascore:16363236,FTX-068YD,aston_villa,brighton_hove_albion,403693,4.18,4231,DM,,True,1.0,1,1,1,0.0,4,0.0,1,2,2,0,0,0,0,0,3,14,14,observed_or_derived,False,AWAY,2026-08-23,mgr:dcdf2dffc0c2,Unai Emery,1,NO_DETAILED_FANTRAX_ROW,EXACT_PLAYER_MATCH,-3.0,,0.0,0,0,4.0,3.0,0,WHOSCORED_SOURCE_SPECIFIC,WHOSCORED_DERIVED_VALIDATED,WHOSCORED_SOURCE_SPECIFIC,WHOSCORED_DERIVED_VALIDATED,WHOSCORED_SOURCE_SPECIFIC,068yd,-3.0,,1.0,,,,WHOSCORED_CURRENT_OBSERVED,WHOSCORED_CURRENT_OBSERVED,WHOSCORED_CURRENT_OBSERVED,0.0,0.0346206352114677,0.0346206352114677,João Gomes
soccerdata:sofascore:16363236,FTX-061VA,aston_villa,brighton_hove_albion,331790,5.86,4231,DM,,True,0.0,1,1,0,0.0,2,1.0,1,2,0,0,0,0,0,0,3,24,23,observed_or_derived,False,AWAY,2026-08-23,mgr:dcdf2dffc0c2,Unai Emery,1,EXACT_PLAYER_PERIOD_DETAILED,EXACT_PLAYER_MATCH,2.5,2.5,0.0,0,0,2.0,1.0,0,WHOSCORED_SOURCE_SPECIFIC,WHOSCORED_DERIVED_VALIDATED,WHOSCORED_SOURCE_SPECIFIC,WHOSCORED_DERIVED_VALIDATED,WHOSCORED_SOURCE_SPECIFIC,061va,2.5,2.5,0.0,0.0,1.0,h1vdt8ynmrp1z5vp,FANTRAX,FANTRAX,FANTRAX,0.0,0.0,0.0,Boubacar Kamara
soccerdata:sofascore:16363236,FTX-051K0,aston_villa,brighton_hove_albion,318449,5.99,4231,RW,,True,0.0,7,2,0,0.0,1,1.0,1,3,0,2,0,1,0,0,5,23,11,observed_or_derived,False,AWAY,2026-08-23,mgr:dcdf2dffc0c2,Unai Emery,1,EXACT_PLAYER_PERIOD_DETAILED,EXACT_PLAYER_MATCH,1.0,1.0,0.0,2,0,1.0,0.0,0,WHOSCORED_SOURCE_SPECIFIC,WHOSCORED_DERIVED_VALIDATED,WHOSCORED_SOURCE_SPECIFIC,WHOSCORED_DERIVED_VALIDATED,WHOSCORED_SOURCE_SPECIFIC,051k0,1.0,1.0,0.0,0.0,1.0,acjx0vg4mrp1z5vo,FANTRAX,FANTRAX,FANTRAX,0.0346206352114677,0.0,0.0346206352114677,John McGinn
soccerdata:sofascore:16363236,FTX-02LPF,aston_villa,brighton_hove_albion,92547,6.15,4231,CAM,,True,2.0,2,2,2,1.0,0,0.0,0,0,1,0,0,1,0,0,2,25,20,observed_or_derived,False,AWAY,2026-08-23,mgr:dcdf2dffc0c2,Unai Emery,1,NO_DETAILED_FANTRAX_ROW,EXACT_PLAYER_MATCH,5.5,,0.0,0,0,0.0,0.0,0,WHOSCORED_SOURCE_SPECIFIC,WHOSCORED_DERIVED_VALIDATED,WHOSCORED_SOURCE_SPECIFIC,WHOSCORED_DERIVED_VALIDATED,WHOSCORED_SOURCE_SPECIFIC,02lpf,5.5,,2.0,,,,WHOSCORED_CURRENT_OBSERVED,WHOSCORED_CURRENT_OBSERVED,WHOSCORED_CURRENT_OBSERVED,0.0976761132478714,0.0973828136920929,0.1950589269399643,Ross Barkley
soccerdata:sofascore:16363236,FTX-06ZVN,aston_villa,brighton_hove_albion,576066,6.24,4231,LW,,True,1.0,1,1,4,2.0,3,0.0,1,2,0,1,0,0,0,0,0,13,6,observed_or_derived,False,AWAY,2026-08-23,mgr:dcdf2dffc0c2,Unai Emery,1,NO_DETAILED_FANTRAX_ROW,EXACT_PLAYER_MATCH,5.5,,0.0,0,0,3.0,2.0,0,WHOSCORED_SOURCE_SPECIFIC,WHOSCORED_DERIVED_VALIDATED,WHOSCORED_SOURCE_SPECIFIC,WHOSCORED_DERIVED_VALIDATED,WHOSCORED_SOURCE_SPECIFIC,06zvn,5.5,,1.0,,,,WHOSCORED_CURRENT_OBSERVED,WHOSCORED_CURRENT_OBSERVED,WHOSCORED_CURRENT_OBSERVED,0.0,0.0254403371363878,0.0254403371363878,George Hemmings
soccerdata:sofascore:16363236,FTX-051KL,aston_villa,brighton_hove_albion,260592,6.29,4231,ST,,True,1.0,0,0,8,2.0,1,2.0,1,3,2,1,0,3,0,0,5,18,17,observed_or_derived,False,AWAY,2026-08-23,mgr:dcdf2dffc0c2,Unai Emery,1,EXACT_PLAYER_PERIOD_DETAILED,EXACT_PLAYER_MATCH,6.5,6.5,0.0,1,1,1.0,0.0,0,WHOSCORED_SOURCE_SPECIFIC,WHOSCORED_DERIVED_VALIDATED,WHOSCORED_SOURCE_SPECIFIC,WHOSCORED_DERIVED_VALIDATED,WHOSCORED_SOURCE_SPECIFIC,051kl,6.5,6.5,1.0,2.0,2.0,aup99ojzmrp1z5vp,FANTRAX,FANTRAX,FANTRAX,0.1175114512443542,0.0976761132478714,0.2151875644922256,Emiliano Buendía
soccerdata:sofascore:16363236,FTX-060WH,aston_villa,brighton_hove_albion,437022,5.98,4231,,,False,0.0,0,0,0,0.0,0,0.0,0,0,0,0,0,0,0,0,0,0,0,observed_or_derived,False,AWAY,2026-08-23,mgr:dcdf2dffc0c2,Unai Emery,1,NO_DETAILED_FANTRAX_ROW,EXACT_PLAYER_MATCH,0.0,,0.0,0,0,0.0,0.0,0,WHOSCORED_SOURCE_SPECIFIC,WHOSCORED_DERIVED_VALIDATED,WHOSCORED_SOURCE_SPECIFIC,WHOSCORED_DERIVED_VALIDATED,WHOSCORED_SOURCE_SPECIFIC,060wh,0.0,,0.0,,,,WHOSCORED_CURRENT_OBSERVED,WHOSCORED_CURRENT_OBSERVED,WHOSCORED_CURRENT_OBSERVED,0.0,0.0,0.0,Alejandro Garnacho
soccerdata:sofascore:16363236,FTX-072J3,aston_villa,brighton_hove_albion,520919,6.17,4231,,,False,0.0,1,0,0,0.0,1,0.0,1,1,0,0,0,0,0,0,0,0,0,observed_or_derived,False,AWAY,2026-08-23,mgr:dcdf2dffc0c2,Unai Emery,1,NO_DETAILED_FANTRAX_ROW,EXACT_PLAYER_MATCH,1.5,,0.0,0,0,1.0,1.0,0,WHOSCORED_SOURCE_SPECIFIC,WHOSCORED_DERIVED_VALIDATED,WHOSCORED_SOURCE_SPECIFIC,WHOSCORED_DERIVED_VALIDATED,WHOSCORED_SOURCE_SPECIFIC,072j3,1.5,,0.0,,,,WHOSCORED_CURRENT_OBSERVED,WHOSCORED_CURRENT_OBSERVED,WHOSCORED_CURRENT_OBSERVED,0.0,0.0,0.0,Alysson
soccerdata:sofascore:16363236,FTX-078WM,aston_villa,brighton_hove_albion,402046,6.17,4231,,,False,0.0,0,0,0,0.0,2,0.0,0,0,0,0,0,0,0,0,0,1,1,observed_or_derived,False,AWAY,2026-08-23,mgr:dcdf2dffc0c2,Unai Emery,1,NO_DETAILED_FANTRAX_ROW,EXACT_PLAYER_MATCH,0.0,,0.0,0,0,2.0,0.0,0,WHOSCORED_SOURCE_SPECIFIC,WHOSCORED_DERIVED_VALIDATED,WHOSCORED_SOURCE_SPECIFIC,WHOSCORED_DERIVED_VALIDATED,WHOSCORED_SOURCE_SPECIFIC,078wm,0.0,,0.0,,,,WHOSCORED_CURRENT_OBSERVED,WHOSCORED_CURRENT_OBSERVED,WHOSCORED_CURRENT_OBSERVED,0.0,0.0,0.0,Matteo Ruggeri
soccerdata:sofascore:16363236,FTX-05R4H,aston_villa,brighton_hove_albion,408946,6.09,4231,,,False,0.0,0,0,2,1.0,0,0.0,1,0,0,0,0,0,0,0,0,2,2,observed_or_derived,False,AWAY,2026-08-23,mgr:dcdf2dffc0c2,Unai Emery,1,NO_DETAILED_FANTRAX_ROW,EXACT_PLAYER_MATCH,1.0,,0.0,0,0,0.0,0.0,0,WHOSCORED_SOURCE_SPECIFIC,WHOSCORED_DERIVED_VALIDATED,WHOSCORED_SOURCE_SPECIFIC,WHOSCORED_DERIVED_VALIDATED,WHOSCORED_SOURCE_SPECIFIC,05r4h,1.0,,0.0,,,,WHOSCORED_CURRENT_OBSERVED,WHOSCORED_CURRENT_OBSERVED,WHOSCORED_CURRENT_OBSERVED,0.0,0.0,0.0,Lamare Bogarde
soccerdata:sofascore:16363236,FTX-03REC,aston_villa,brighton_hove_albion,123167,6.13,4231,,,False,0.0,0,0,0,0.0,1,0.0,0,0,0,0,0,0,0,0,0,0,0,observed_or_derived,False,AWAY,2026-08-23,mgr:dcdf2dffc0c2,Unai Emery,1,NO_DETAILED_FANTRAX_ROW,EXACT_PLAYER_MATCH,1.0,,0.0,0,0,1.0,1.0,0,WHOSCORED_SOURCE_SPECIFIC,WHOSCORED_DERIVED_VALIDATED,WHOSCORED_SOURCE_SPECIFIC,WHOSCORED_DERIVED_VALIDATED,WHOSCORED_SOURCE_SPECIFIC,03rec,1.0,,0.0,,,,WHOSCORED_CURRENT_OBSERVED,WHOSCORED_CURRENT_OBSERVED,WHOSCORED_CURRENT_OBSERVED,0.0,0.0,0.0,Tyrone Mings
soccerdata:sofascore:16363236,FTX-078WL,aston_villa,brighton_hove_albion,447570,,4231,,,False,0.0,0,0,0,0.0,0,0.0,0,0,0,0,0,0,0,0,0,0,0,observed_or_derived,False,AWAY,2026-08-23,mgr:dcdf2dffc0c2,Unai Emery,1,NO_DETAILED_FANTRAX_ROW,UNRESOLVED,0.0,,0.0,0,0,0.0,0.0,0,WHOSCORED_SOURCE_SPECIFIC,WHOSCORED_DERIVED_VALIDATED,WHOSCORED_SOURCE_SPECIFIC,WHOSCORED_DERIVED_VALIDATED,WHOSCORED_SOURCE_SPECIFIC,078wl,0.0,,,,,,WHOSCORED_CURRENT_OBSERVED,WHOSCORED_CURRENT_OBSERVED,WHOSCORED_CURRENT_OBSERVED,,,,Zion Suzuki
soccerdata:sofascore:16363236,FTX-06PRT,aston_villa,brighton_hove_albion,540464,,4231,,,False,0.0,0,0,0,0.0,0,0.0,0,0,0,0,0,0,0,0,0,0,0,observed_or_derived,False,AWAY,2026-08-23,mgr:dcdf2dffc0c2,Unai Emery,1,NO_DETAILED_FANTRAX_ROW,UNRESOLVED,0.0,,0.0,0,0,0.0,0.0,0,WHOSCORED_SOURCE_SPECIFIC,WHOSCORED_DERIVED_VALIDATED,WHOSCORED_SOURCE_SPECIFIC,WHOSCORED_DERIVED_VALIDATED,WHOSCORED_SOURCE_SPECIFIC,06prt,0.0,,,,,,WHOSCORED_CURRENT_OBSERVED,WHOSCORED_CURRENT_OBSERVED,WHOSCORED_CURRENT_OBSERVED,,,,Triston Rowe
soccerdata:sofascore:16363236,FTX-06R7L,aston_villa,brighton_hove_albion,550064,,4231,,,False,0.0,0,0,0,0.0,0,0.0,0,0,0,0,0,0,0,0,0,0,0,observed_or_derived,False,AWAY,2026-08-23,mgr:dcdf2dffc0c2,Unai Emery,1,NO_DETAILED_FANTRAX_ROW,UNRESOLVED,0.0,,0.0,0,0,0.0,0.0,0,WHOSCORED_SOURCE_SPECIFIC,WHOSCORED_DERIVED_VALIDATED,WHOSCORED_SOURCE_SPECIFIC,WHOSCORED_DERIVED_VALIDATED,WHOSCORED_SOURCE_SPECIFIC,06r7l,0.0,,,,,,WHOSCORED_CURRENT_OBSERVED,WHOSCORED_CURRENT_OBSERVED,WHOSCORED_CURRENT_OBSERVED,,,,Bradley Burrowes
soccerdata:sofascore:16363236,FTX-078FY,aston_villa,brighton_hove_albion,642114,,4231,,,False,0.0,0,0,0,0.0,0,0.0,0,0,0,0,0,0,0,0,0,0,0,observed_or_derived,False,AWAY,2026-08-23,mgr:dcdf2dffc0c2,Unai Emery,1,NO_DETAILED_FANTRAX_ROW,UNRESOLVED,0.0,,0.0,0,0,0.0,0.0,0,WHOSCORED_SOURCE_SPECIFIC,WHOSCORED_DERIVED_VALIDATED,WHOSCORED_SOURCE_SPECIFIC,WHOSCORED_DERIVED_VALIDATED,WHOSCORED_SOURCE_SPECIFIC,078fy,0.0,,,,,,WHOSCORED_CURRENT_OBSERVED,WHOSCORED_CURRENT_OBSERVED,WHOSCORED_CURRENT_OBSERVED,,,,Luka Lynch
soccerdata:sofascore:16363243,FTX-070HS,manchester_city,afc_bournemouth,262515,7.25,4231,GK,,True,0.0,0,0,0,0.0,0,0.0,0,1,0,0,0,0,0,0,0,23,18,observed_or_derived,False,HOME,2026-08-23,mgr:dc01d928d84f,Enzo Maresca,1,EXACT_PLAYER_PERIOD_DETAILED,EXACT_PLAYER_MATCH,8.5,8.5,0.0,0,0,0.0,0.0,0,WHOSCORED_SOURCE_SPECIFIC,WHOSCORED_DERIVED_VALIDATED,WHOSCORED_SOURCE_SPECIFIC,WHOSCORED_DERIVED_VALIDATED,WHOSCORED_SOURCE_SPECIFIC,070hs,8.5,8.5,0.0,0.0,0.0,qwkltl98mrp1z5vp,FANTRAX,FANTRAX,FANTRAX,0.0,0.0,0.0,Gianluigi Donnarumma
soccerdata:sofascore:16363243,FTX-062X7,manchester_city,afc_bournemouth,444791,6.01,4231,RB,,True,0.0,1,0,1,1.0,0,2.0,0,0,0,2,0,1,1,0,3,31,27,observed_or_derived,False,HOME,2026-08-23,mgr:dc01d928d84f,Enzo Maresca,1,NO_DETAILED_FANTRAX_ROW,EXACT_PLAYER_MATCH,3.0,,0.0,2,0,0.0,0.0,0,WHOSCORED_SOURCE_SPECIFIC,WHOSCORED_DERIVED_VALIDATED,WHOSCORED_SOURCE_SPECIFIC,WHOSCORED_DERIVED_VALIDATED,WHOSCORED_SOURCE_SPECIFIC,062x7,3.0,,0.0,,,,WHOSCORED_CURRENT_OBSERVED,WHOSCORED_CURRENT_OBSERVED,WHOSCORED_CURRENT_OBSERVED,0.3493589162826538,0.0,0.3493589162826538,Rico Lewis
soccerdata:sofascore:16363243,FTX-05OMU,manchester_city,afc_bournemouth,313171,6.82,4231,CB,,True,1.0,0,0,5,4.0,0,0.0,6,8,0,0,1,0,0,0,0,129,113,observed_or_derived,False,HOME,2026-08-23,mgr:dc01d928d84f,Enzo Maresca,1,EXACT_PLAYER_PERIOD_DETAILED,EXACT_PLAYER_MATCH,9.0,9.0,0.0,0,0,0.0,0.0,0,WHOSCORED_SOURCE_SPECIFIC,WHOSCORED_DERIVED_VALIDATED,WHOSCORED_SOURCE_SPECIFIC,WHOSCORED_DERIVED_VALIDATED,WHOSCORED_SOURCE_SPECIFIC,05omu,9.0,9.0,1.0,4.0,0.0,h1vdt8ynmrp1z5vp,FANTRAX,FANTRAX,FANTRAX,0.0,0.0266998689621686,0.0266998689621686,Rúben Dias
soccerdata:sofascore:16363243,FTX-06R9W,manchester_city,afc_bournemouth,493206,6.71,4231,CB,,True,0.0,0,0,2,2.0,2,1.0,1,6,0,0,0,0,0,0,0,92,89,observed_or_derived,False,HOME,2026-08-23,mgr:dc01d928d84f,Enzo Maresca,1,EXACT_PLAYER_PERIOD_DETAILED,EXACT_PLAYER_MATCH,5.5,5.5,0.0,0,0,2.0,2.0,0,WHOSCORED_SOURCE_SPECIFIC,WHOSCORED_DERIVED_VALIDATED,WHOSCORED_SOURCE_SPECIFIC,WHOSCORED_DERIVED_VALIDATED,WHOSCORED_SOURCE_SPECIFIC,06r9w,5.5,5.5,0.0,2.0,1.0,acjx0vg4mrp1z5vo,FANTRAX,FANTRAX,FANTRAX,0.0,0.0,0.0,Abdukodir Khusanov
soccerdata:sofascore:16363243,FTX-06EX4,manchester_city,afc_bournemouth,402664,7.52,4231,LB,,True,0.0,2,1,5,2.0,2,4.0,1,5,1,1,1,1,1,1,0,81,70,observed_or_derived,False,HOME,2026-08-23,mgr:dc01d928d84f,Enzo Maresca,1,EXACT_PLAYER_PERIOD_DETAILED,EXACT_PLAYER_MATCH,21.5,12.5,0.0,1,1,2.0,1.0,0,WHOSCORED_SOURCE_SPECIFIC,WHOSCORED_DERIVED_VALIDATED,WHOSCORED_SOURCE_SPECIFIC,WHOSCORED_DERIVED_VALIDATED,WHOSCORED_SOURCE_SPECIFIC,06ex4,21.5,12.5,0.0,2.0,4.0,h1vdt8ynmrp1z5vp,FANTRAX,FANTRAX,FANTRAX,0.4088468253612518,0.0,0.4088468253612518,Josko Gvardiol
soccerdata:sofascore:16363243,FTX-050JQ,manchester_city,afc_bournemouth,374631,8.0,4231,DM,,True,1.0,1,1,3,2.0,3,0.0,1,4,0,0,0,2,1,1,3,61,58,observed_or_derived,False,HOME,2026-08-23,mgr:dc01d928d84f,Enzo Maresca,1,EXACT_PLAYER_PERIOD_DETAILED,EXACT_PLAYER_MATCH,20.0,11.0,0.0,0,0,3.0,3.0,0,WHOSCORED_SOURCE_SPECIFIC,WHOSCORED_DERIVED_VALIDATED,WHOSCORED_SOURCE_SPECIFIC,WHOSCORED_DERIVED_VALIDATED,WHOSCORED_SOURCE_SPECIFIC,050jq,20.0,11.0,1.0,2.0,0.0,hpsurdtbmrp1z5vo,FANTRAX,FANTRAX,FANTRAX,0.6468590497970581,0.4801578819751739,1.127016931772232,Marc Guéhi
soccerdata:sofascore:16363243,FTX-05OPJ,manchester_city,afc_bournemouth,402596,6.39,4231,DM,,True,1.0,0,0,1,0.0,2,1.0,0,3,0,3,1,0,0,0,5,62,53,observed_or_derived,False,HOME,2026-08-23,mgr:dc01d928d84f,Enzo Maresca,1,EXACT_PLAYER_PERIOD_DETAILED,EXACT_PLAYER_MATCH,3.5,3.5,0.0,3,1,2.0,0.0,0,WHOSCORED_SOURCE_SPECIFIC,WHOSCORED_DERIVED_VALIDATED,WHOSCORED_SOURCE_SPECIFIC,WHOSCORED_DERIVED_VALIDATED,WHOSCORED_SOURCE_SPECIFIC,05opj,3.5,3.5,1.0,0.0,1.0,acjx0vg4mrp1z5vo,FANTRAX,FANTRAX,FANTRAX,0.0,0.532733678817749,0.532733678817749,Elliot Anderson
soccerdata:sofascore:16363243,FTX-04ABB,manchester_city,afc_bournemouth,331254,6.84,4231,RW,,True,2.0,2,1,2,1.0,3,0.0,0,3,0,8,3,2,2,0,4,62,46,observed_or_derived,False,HOME,2026-08-23,mgr:dc01d928d84f,Enzo Maresca,1,EXACT_PLAYER_PERIOD_DETAILED,EXACT_PLAYER_MATCH,6.5,6.5,0.0,8,3,3.0,1.0,0,WHOSCORED_SOURCE_SPECIFIC,WHOSCORED_DERIVED_VALIDATED,WHOSCORED_SOURCE_SPECIFIC,WHOSCORED_DERIVED_VALIDATED,WHOSCORED_SOURCE_SPECIFIC,04abb,6.5,6.5,2.0,1.0,0.0,w2mnqywumrp1z5vp,FANTRAX,FANTRAX,FANTRAX,0.101001001894474,0.5123798251152039,0.6133808270096779,Phil Foden
soccerdata:sofascore:16363243,FTX-067X8,manchester_city,afc_bournemouth,468847,6.35,4231,CAM,,True,1.0,0,0,2,0.0,1,0.0,1,5,0,4,1,1,0,0,1,27,24,observed_or_derived,False,HOME,2026-08-23,mgr:dc01d928d84f,Enzo Maresca,1,EXACT_PLAYER_PERIOD_DETAILED,EXACT_PLAYER_MATCH,5.0,5.0,0.0,4,3,1.0,0.0,0,WHOSCORED_SOURCE_SPECIFIC,WHOSCORED_DERIVED_VALIDATED,WHOSCORED_SOURCE_SPECIFIC,WHOSCORED_DERIVED_VALIDATED,WHOSCORED_SOURCE_SPECIFIC,067x8,5.0,5.0,1.0,0.0,0.0,rx9bjhp3mrp1z5vo,FANTRAX,FANTRAX,FANTRAX,0.1630208939313888,0.0556046552956104,0.2186255492269992,Nico O'Reilly
soccerdata:sofascore:16363243,FTX-068Y0,manchester_city,afc_bournemouth,357073,6.69,4231,LW,,True,0.0,8,2,2,1.0,1,0.0,0,4,2,1,0,1,1,0,4,38,33,observed_or_derived,False,HOME,2026-08-23,mgr:dc01d928d84f,Enzo Maresca,1,EXACT_PLAYER_PERIOD_DETAILED,EXACT_PLAYER_MATCH,5.5,5.5,0.0,1,0,1.0,1.0,0,WHOSCORED_SOURCE_SPECIFIC,WHOSCORED_DERIVED_VALIDATED,WHOSCORED_SOURCE_SPECIFIC,WHOSCORED_DERIVED_VALIDATED,WHOSCORED_SOURCE_SPECIFIC,068y0,5.5,5.5,0.0,1.0,0.0,hpsurdtbmrp1z5vo,FANTRAX,FANTRAX,FANTRAX,0.0513458102941513,0.0,0.0513458102941513,Antoine Semenyo
soccerdata:sofascore:16363243,FTX-061VQ,manchester_city,afc_bournemouth,315227,6.68,4231,ST,,True,0.0,2,1,2,2.0,0,0.0,0,3,0,0,1,5,3,0,0,16,11,observed_or_derived,False,HOME,2026-08-23,mgr:dc01d928d84f,Enzo Maresca,1,EXACT_PLAYER_PERIOD_DETAILED,EXACT_PLAYER_MATCH,5.5,5.5,0.0,0,0,0.0,0.0,0,WHOSCORED_SOURCE_SPECIFIC,WHOSCORED_DERIVED_VALIDATED,WHOSCORED_SOURCE_SPECIFIC,WHOSCORED_DERIVED_VALIDATED,WHOSCORED_SOURCE_SPECIFIC,061vq,5.5,5.5,0.0,2.0,0.0,w2mnqywumrp1z5vp,FANTRAX,FANTRAX,FANTRAX,0.754002571105957,0.0,0.754002571105957,Erling Haaland
soccerdata:sofascore:16363243,FTX-04U41,manchester_city,afc_bournemouth,93894,6.28,4231,,,False,0.0,0,0,0,0.0,0,0.0,0,2,1,0,0,0,0,0,0,26,26,observed_or_derived,False,HOME,2026-08-23,mgr:dc01d928d84f,Enzo Maresca,1,NO_DETAILED_FANTRAX_ROW,EXACT_PLAYER_MATCH,0.0,,0.0,0,0,0.0,0.0,0,WHOSCORED_SOURCE_SPECIFIC,WHOSCORED_DERIVED_VALIDATED,WHOSCORED_SOURCE_SPECIFIC,WHOSCORED_DERIVED_VALIDATED,WHOSCORED_SOURCE_SPECIFIC,04u41,0.0,,0.0,,,,WHOSCORED_CURRENT_OBSERVED,WHOSCORED_CURRENT_OBSERVED,WHOSCORED_CURRENT_OBSERVED,0.0,0.0,0.0,Mateo Kovacic
soccerdata:sofascore:16363243,FTX-06V07,manchester_city,afc_bournemouth,386153,7.63,4231,,,False,4.0,1,0,1,0.0,0,0.0,0,0,0,3,1,0,0,0,0,17,14,observed_or_derived,False,HOME,2026-08-23,mgr:dc01d928d84f,Enzo Maresca,1,EXACT_PLAYER_PERIOD_DETAILED,EXACT_PLAYER_MATCH,21.0,9.0,0.0,3,1,0.0,0.0,2,WHOSCORED_SOURCE_SPECIFIC,WHOSCORED_DERIVED_VALIDATED,WHOSCORED_SOURCE_SPECIFIC,WHOSCORED_DERIVED_VALIDATED,WHOSCORED_SOURCE_SPECIFIC,06v07,21.0,9.0,4.0,0.0,0.0,cjn4stydmrp1z5vp,FANTRAX,FANTRAX,FANTRAX,0.0,0.6560372710227966,0.6560372710227966,Rayan Cherki
soccerdata:sofascore:16363243,FTX-063ZI,manchester_city,afc_bournemouth,394933,6.33,4231,,,False,0.0,0,0,0,0.0,0,0.0,1,2,0,2,0,0,0,0,1,26,21,observed_or_derived,False,HOME,2026-08-23,mgr:dc01d928d84f,Enzo Maresca,1,EXACT_PLAYER_PERIOD_DETAILED,EXACT_PLAYER_MATCH,0.5,0.5,0.0,2,0,0.0,0.0,0,WHOSCORED_SOURCE_SPECIFIC,WHOSCORED_DERIVED_VALIDATED,WHOSCORED_SOURCE_SPECIFIC,WHOSCORED_DERIVED_VALIDATED,WHOSCORED_SOURCE_SPECIFIC,063zi,0.5,0.5,0.0,0.0,0.0,h2e8dn5dmrp1z5vp,FANTRAX,FANTRAX,FANTRAX,0.0,0.0,0.0,Matheus Nunes
soccerdata:sofascore:16363243,FTX-02LM7,manchester_city,afc_bournemouth,113069,6.24,4231,,,False,0.0,0,0,0,0.0,1,0.0,0,0,0,0,0,0,0,0,1,7,6,observed_or_derived,False,HOME,2026-08-23,mgr:dc01d928d84f,Enzo Maresca,1,NO_DETAILED_FANTRAX_ROW,EXACT_PLAYER_MATCH,-0.5,,0.0,0,0,1.0,0.0,0,WHOSCORED_SOURCE_SPECIFIC,WHOSCORED_DERIVED_VALIDATED,WHOSCORED_SOURCE_SPECIFIC,WHOSCORED_DERIVED_VALIDATED,WHOSCORED_SOURCE_SPECIFIC,02lm7,-0.5,,0.0,,,,WHOSCORED_CURRENT_OBSERVED,WHOSCORED_CURRENT_OBSERVED,WHOSCORED_CURRENT_OBSERVED,0.0,0.0,0.0,Jack Grealish
soccerdata:sofascore:16363243,FTX-05OS4,manchester_city,afc_bournemouth,355401,,4231,,,False,0.0,0,0,0,0.0,0,0.0,0,0,0,0,0,0,0,0,0,0,0,observed_or_derived,False,HOME,2026-08-23,mgr:dc01d928d84f,Enzo Maresca,1,EXACT_PLAYER_PERIOD_DETAILED,UNRESOLVED,0.0,,0.0,0,0,0.0,0.0,0,WHOSCORED_SOURCE_SPECIFIC,WHOSCORED_DERIVED_VALIDATED,WHOSCORED_SOURCE_SPECIFIC,WHOSCORED_DERIVED_VALIDATED,WHOSCORED_SOURCE_SPECIFIC,05os4,0.0,,0.0,0.0,0.0,hpsurdtbmrp1z5vo,FANTRAX,FANTRAX,FANTRAX,,,,Rayan Aït-Nouri
soccerdata:sofascore:16363243,FTX-04AI5,manchester_city,afc_bournemouth,125375,,4231,,,False,0.0,0,0,0,0.0,0,0.0,0,0,0,0,0,0,0,0,0,0,0,observed_or_derived,False,HOME,2026-08-23,mgr:dc01d928d84f,Enzo Maresca,1,NO_DETAILED_FANTRAX_ROW,UNRESOLVED,0.0,,0.0,0,0,0.0,0.0,0,WHOSCORED_SOURCE_SPECIFIC,WHOSCORED_DERIVED_VALIDATED,WHOSCORED_SOURCE_SPECIFIC,WHOSCORED_DERIVED_VALIDATED,WHOSCORED_SOURCE_SPECIFIC,04ai5,0.0,,,,,,WHOSCORED_CURRENT_OBSERVED,WHOSCORED_CURRENT_OBSERVED,WHOSCORED_CURRENT_OBSERVED,,,,Gerónimo Rulli
soccerdata:sofascore:16363243,FTX-06R9X,manchester_city,afc_bournemouth,478314,,4231,,,False,0.0,0,0,0,0.0,0,0.0,0,0,0,0,0,0,0,0,0,0,0,observed_or_derived,False,HOME,2026-08-23,mgr:dc01d928d84f,Enzo Maresca,1,NO_DETAILED_FANTRAX_ROW,UNRESOLVED,0.0,,0.0,0,0,0.0,0.0,0,WHOSCORED_SOURCE_SPECIFIC,WHOSCORED_DERIVED_VALIDATED,WHOSCORED_SOURCE_SPECIFIC,WHOSCORED_DERIVED_VALIDATED,WHOSCORED_SOURCE_SPECIFIC,06r9x,0.0,,,,,,WHOSCORED_CURRENT_OBSERVED,WHOSCORED_CURRENT_OBSERVED,WHOSCORED_CURRENT_OBSERVED,,,,Vitor Reis
soccerdata:sofascore:16363243,FTX-06RF9,manchester_city,afc_bournemouth,394749,,4231,,,False,0.0,0,0,0,0.0,0,0.0,0,0,0,0,0,0,0,0,0,0,0,observed_or_derived,False,HOME,2026-08-23,mgr:dc01d928d84f,Enzo Maresca,1,EXACT_PLAYER_PERIOD_DETAILED,UNRESOLVED,0.0,,0.0,0,0,0.0,0.0,0,WHOSCORED_SOURCE_SPECIFIC,WHOSCORED_DERIVED_VALIDATED,WHOSCORED_SOURCE_SPECIFIC,WHOSCORED_DERIVED_VALIDATED,WHOSCORED_SOURCE_SPECIFIC,06rf9,0.0,,0.0,0.0,0.0,hpsurdtbmrp1z5vo,FANTRAX,FANTRAX,FANTRAX,,,,Omar Marmoush
soccerdata:sofascore:16363243,FTX-06RM7,manchester_city,afc_bournemouth,422939,,4231,,,False,0.0,0,0,0,0.0,0,0.0,0,0,0,0,0,0,0,0,0,0,0,observed_or_derived,False,HOME,2026-08-23,mgr:dc01d928d84f,Enzo Maresca,1,NO_DETAILED_FANTRAX_ROW,UNRESOLVED,0.0,,0.0,0,0,0.0,0.0,0,WHOSCORED_SOURCE_SPECIFIC,WHOSCORED_DERIVED_VALIDATED,WHOSCORED_SOURCE_SPECIFIC,WHOSCORED_DERIVED_VALIDATED,WHOSCORED_SOURCE_SPECIFIC,06rm7,0.0,,,,,,WHOSCORED_CURRENT_OBSERVED,WHOSCORED_CURRENT_OBSERVED,WHOSCORED_CURRENT_OBSERVED,,,,Nico González
soccerdata:sofascore:16363243,FTX-06FUW,afc_bournemouth,manchester_city,406564,7.1,4231,GK,,True,0.0,0,0,1,1.0,0,0.0,1,1,0,0,0,0,0,0,0,43,25,observed_or_derived,False,AWAY,2026-08-23,mgr:6fe0e0af19e4,Marco Rose,1,EXACT_PLAYER_PERIOD_DETAILED,EXACT_PLAYER_MATCH,9.0,9.0,0.0,0,0,0.0,0.0,0,WHOSCORED_SOURCE_SPECIFIC,WHOSCORED_DERIVED_VALIDATED,WHOSCORED_SOURCE_SPECIFIC,WHOSCORED_DERIVED_VALIDATED,WHOSCORED_SOURCE_SPECIFIC,06fuw,9.0,9.0,0.0,1.0,0.0,rx9bjhp3mrp1z5vo,FANTRAX,FANTRAX,FANTRAX,0.0,0.0,0.0,Djordje Petrovic
soccerdata:sofascore:16363243,FTX-02LP5,afc_bournemouth,manchester_city,69877,6.19,4231,RB,,True,0.0,0,0,3,1.0,1,2.0,2,3,0,1,0,0,0,0,4,24,18,observed_or_derived,False,AWAY,2026-08-23,mgr:6fe0e0af19e4,Marco Rose,1,NO_DETAILED_FANTRAX_ROW,EXACT_PLAYER_MATCH,3.0,,0.0,1,0,1.0,1.0,0,WHOSCORED_SOURCE_SPECIFIC,WHOSCORED_DERIVED_VALIDATED,WHOSCORED_SOURCE_SPECIFIC,WHOSCORED_DERIVED_VALIDATED,WHOSCORED_SOURCE_SPECIFIC,02lp5,3.0,,0.0,,,,WHOSCORED_CURRENT_OBSERVED,WHOSCORED_CURRENT_OBSERVED,WHOSCORED_CURRENT_OBSERVED,0.0,0.0,0.0,Adam Smith
soccerdata:sofascore:16363243,FTX-0787Y,afc_bournemouth,manchester_city,443613,6.42,4231,CB,,True,0.0,0,0,3,1.0,0,0.0,12,1,0,1,0,0,0,0,0,39,36,observed_or_derived,False,AWAY,2026-08-23,mgr:6fe0e0af19e4,Marco Rose,1,EXACT_PLAYER_PERIOD_DETAILED,EXACT_PLAYER_MATCH,4.5,4.5,0.0,0,0,0.0,0.0,0,WHOSCORED_SOURCE_SPECIFIC,WHOSCORED_DERIVED_VALIDATED,WHOSCORED_SOURCE_SPECIFIC,WHOSCORED_DERIVED_VALIDATED,WHOSCORED_SOURCE_SPECIFIC,0787y,4.5,4.5,0.0,1.0,0.0,h2e8dn5dmrp1z5vp,FANTRAX,FANTRAX,FANTRAX,0.0,0.0,0.0,António Silva
soccerdata:sofascore:16363243,FTX-061VB,afc_bournemouth,manchester_city,362837,6.16,4231,CB,,True,0.0,0,0,3,2.0,1,0.0,5,1,0,0,0,0,0,0,2,48,40,observed_or_derived,False,AWAY,2026-08-23,mgr:6fe0e0af19e4,Marco Rose,1,EXACT_PLAYER_PERIOD_DETAILED,EXACT_PLAYER_MATCH,2.5,2.5,0.0,0,0,1.0,0.0,0,WHOSCORED_SOURCE_SPECIFIC,WHOSCORED_DERIVED_VALIDATED,WHOSCORED_SOURCE_SPECIFIC,WHOSCORED_DERIVED_VALIDATED,WHOSCORED_SOURCE_SPECIFIC,061vb,2.5,2.5,0.0,2.0,0.0,ayk8m85amrp1z5vo,FANTRAX,FANTRAX,FANTRAX,0.0,0.0,0.0,James Hill
soccerdata:sofascore:16363243,FTX-06UYC,afc_bournemouth,manchester_city,398301,6.77,4231,LB,,True,0.0,1,1,2,1.0,2,0.0,5,7,1,1,0,0,0,0,4,32,28,observed_or_derived,False,AWAY,2026-08-23,mgr:6fe0e0af19e4,Marco Rose,1,EXACT_PLAYER_PERIOD_DETAILED,EXACT_PLAYER_MATCH,3.5,3.5,0.0,0,0,2.0,1.0,0,WHOSCORED_SOURCE_SPECIFIC,WHOSCORED_DERIVED_VALIDATED,WHOSCORED_SOURCE_SPECIFIC,WHOSCORED_DERIVED_VALIDATED,WHOSCORED_SOURCE_SPECIFIC,06uyc,3.5,3.5,0.0,1.0,0.0,2dxfjlk0mrp1z5vo,FANTRAX,FANTRAX,FANTRAX,0.0,0.0,0.0,Adrien Truffert
soccerdata:sofascore:16363243,FTX-043QY,afc_bournemouth,manchester_city,136456,6.61,4231,DM,,True,0.0,0,0,2,1.0,1,2.0,1,3,2,0,0,0,0,0,0,27,21,observed_or_derived,False,AWAY,2026-08-23,mgr:6fe0e0af19e4,Marco Rose,1,NO_DETAILED_FANTRAX_ROW,EXACT_PLAYER_MATCH,3.0,,0.0,0,0,1.0,0.0,0,WHOSCORED_SOURCE_SPECIFIC,WHOSCORED_DERIVED_VALIDATED,WHOSCORED_SOURCE_SPECIFIC,WHOSCORED_DERIVED_VALIDATED,WHOSCORED_SOURCE_SPECIFIC,043qy,3.0,,0.0,,,,WHOSCORED_CURRENT_OBSERVED,WHOSCORED_CURRENT_OBSERVED,WHOSCORED_CURRENT_OBSERVED,0.0,0.0,0.0,Lewis Cook
soccerdata:sofascore:16363243,FTX-06F8Y,afc_bournemouth,manchester_city,410998,6.39,4231,DM,,True,0.0,0,0,0,0.0,4,1.0,0,6,1,2,0,0,0,0,1,49,38,observed_or_derived,False,AWAY,2026-08-23,mgr:6fe0e0af19e4,Marco Rose,1,EXACT_PLAYER_PERIOD_DETAILED,EXACT_PLAYER_MATCH,3.0,3.0,0.0,2,0,4.0,2.0,0,WHOSCORED_SOURCE_SPECIFIC,WHOSCORED_DERIVED_VALIDATED,WHOSCORED_SOURCE_SPECIFIC,WHOSCORED_DERIVED_VALIDATED,WHOSCORED_SOURCE_SPECIFIC,06f8y,3.0,3.0,0.0,0.0,1.0,rx9bjhp3mrp1z5vo,FANTRAX,FANTRAX,FANTRAX,0.0,0.0,0.0,Alex Scott
soccerdata:sofascore:16363243,FTX-072WQ,afc_bournemouth,manchester_city,472122,6.4,4231,RW,,True,1.0,2,0,9,3.0,0,1.0,0,0,1,0,0,1,1,0,0,15,8,observed_or_derived,False,AWAY,2026-08-23,mgr:6fe0e0af19e4,Marco Rose,1,EXACT_PLAYER_PERIOD_DETAILED,EXACT_PLAYER_MATCH,6.0,6.0,0.0,0,0,0.0,0.0,0,WHOSCORED_SOURCE_SPECIFIC,WHOSCORED_DERIVED_VALIDATED,WHOSCORED_SOURCE_SPECIFIC,WHOSCORED_DERIVED_VALIDATED,WHOSCORED_SOURCE_SPECIFIC,072wq,6.0,6.0,1.0,3.0,1.0,h1vdt8ynmrp1z5vp,FANTRAX,FANTRAX,FANTRAX,0.0670793354511261,0.0786404460668563,0.1457197815179824,Rayan
soccerdata:sofascore:16363243,FTX-06CLT,afc_bournemouth,manchester_city,331579,7.07,4231,CAM,,True,1.0,1,1,0,0.0,3,1.0,0,5,0,1,1,1,1,0,2,13,7,observed_or_derived,False,AWAY,2026-08-23,mgr:6fe0e0af19e4,Marco Rose,1,EXACT_PLAYER_PERIOD_DETAILED,EXACT_PLAYER_MATCH,8.0,7.0,0.0,1,0,3.0,2.0,0,WHOSCORED_SOURCE_SPECIFIC,WHOSCORED_DERIVED_VALIDATED,WHOSCORED_SOURCE_SPECIFIC,WHOSCORED_DERIVED_VALIDATED,WHOSCORED_SOURCE_SPECIFIC,06clt,8.0,7.0,1.0,0.0,1.0,61fz0pmkmrp1z5vo,FANTRAX,FANTRAX,FANTRAX,0.0786404460668563,0.0385570153594017,0.117197461426258,Justin Kluivert
soccerdata:sofascore:16363243,FTX-0639X,afc_bournemouth,manchester_city,344314,7.16,4231,LW,,True,1.0,1,0,2,1.0,2,0.0,2,4,1,3,0,2,1,1,4,30,24,observed_or_derived,False,AWAY,2026-08-23,mgr:6fe0e0af19e4,Marco Rose,1,EXACT_PLAYER_PERIOD_DETAILED,EXACT_PLAYER_MATCH,15.5,6.5,0.0,3,1,2.0,1.0,0,WHOSCORED_SOURCE_SPECIFIC,WHOSCORED_DERIVED_VALIDATED,WHOSCORED_SOURCE_SPECIFIC,WHOSCORED_DERIVED_VALIDATED,WHOSCORED_SOURCE_SPECIFIC,0639x,15.5,6.5,1.0,1.0,0.0,rx9bjhp3mrp1z5vo,FANTRAX,FANTRAX,FANTRAX,0.4793437123298645,0.0824772268533706,0.5618209391832351,Marcus Tavernier
soccerdata:sofascore:16363243,FTX-06P6J,afc_bournemouth,manchester_city,384430,7.11,4231,ST,,True,1.0,2,0,1,0.0,1,3.0,1,3,0,0,0,0,0,0,3,13,10,observed_or_derived,False,AWAY,2026-08-23,mgr:6fe0e0af19e4,Marco Rose,1,EXACT_PLAYER_PERIOD_DETAILED,EXACT_PLAYER_MATCH,9.0,3.0,0.0,0,0,1.0,0.0,1,WHOSCORED_SOURCE_SPECIFIC,WHOSCORED_DERIVED_VALIDATED,WHOSCORED_SOURCE_SPECIFIC,WHOSCORED_DERIVED_VALIDATED,WHOSCORED_SOURCE_SPECIFIC,06p6j,9.0,3.0,1.0,0.0,3.0,ayk8m85amrp1z5vo,FANTRAX,FANTRAX,FANTRAX,0.0,0.4407866895198822,0.4407866895198822,Evanilson
soccerdata:sofascore:16363243,FTX-072PC,afc_bournemouth,manchester_city,476166,5.92,4231,,,False,0.0,2,0,0,0.0,1,0.0,0,1,0,0,0,0,0,0,0,13,12,observed_or_derived,False,AWAY,2026-08-23,mgr:6fe0e0af19e4,Marco Rose,1,NO_DETAILED_FANTRAX_ROW,EXACT_PLAYER_MATCH,1.0,,0.0,0,0,1.0,1.0,0,WHOSCORED_SOURCE_SPECIFIC,WHOSCORED_DERIVED_VALIDATED,WHOSCORED_SOURCE_SPECIFIC,WHOSCORED_DERIVED_VALIDATED,WHOSCORED_SOURCE_SPECIFIC,072pc,1.0,,0.0,,,,WHOSCORED_CURRENT_OBSERVED,WHOSCORED_CURRENT_OBSERVED,WHOSCORED_CURRENT_OBSERVED,0.0,0.0,0.0,Alex Tóth
soccerdata:sofascore:16363243,FTX-062H7,afc_bournemouth,manchester_city,315275,6.1,4231,,,False,0.0,0,0,0,0.0,0,3.0,0,0,0,0,0,0,0,0,0,10,8,observed_or_derived,False,AWAY,2026-08-23,mgr:6fe0e0af19e4,Marco Rose,1,NO_DETAILED_FANTRAX_ROW,EXACT_PLAYER_MATCH,3.0,,0.0,0,0,0.0,0.0,0,WHOSCORED_SOURCE_SPECIFIC,WHOSCORED_DERIVED_VALIDATED,WHOSCORED_SOURCE_SPECIFIC,WHOSCORED_DERIVED_VALIDATED,WHOSCORED_SOURCE_SPECIFIC,062h7,3.0,,0.0,,,,WHOSCORED_CURRENT_OBSERVED,WHOSCORED_CURRENT_OBSERVED,WHOSCORED_CURRENT_OBSERVED,0.0,0.0,0.0,Tyler Adams
soccerdata:sofascore:16363243,FTX-05S00,afc_bournemouth,manchester_city,415163,5.99,4231,,,False,0.0,0,0,0,0.0,0,0.0,0,1,0,0,0,1,1,0,1,5,5,observed_or_derived,False,AWAY,2026-08-23,mgr:6fe0e0af19e4,Marco Rose,1,NO_DETAILED_FANTRAX_ROW,EXACT_PLAYER_MATCH,2.0,,0.0,0,0,0.0,0.0,0,WHOSCORED_SOURCE_SPECIFIC,WHOSCORED_DERIVED_VALIDATED,WHOSCORED_SOURCE_SPECIFIC,WHOSCORED_DERIVED_VALIDATED,WHOSCORED_SOURCE_SPECIFIC,05s00,2.0,,0.0,,,,WHOSCORED_CURRENT_OBSERVED,WHOSCORED_CURRENT_OBSERVED,WHOSCORED_CURRENT_OBSERVED,0.0824772268533706,0.0,0.0824772268533706,Daniel Jebbison
soccerdata:sofascore:16363243,pr_d24cfb093c683bd1,afc_bournemouth,manchester_city,430350,5.87,4231,,,False,0.0,0,0,0,0.0,0,0.0,0,1,0,1,0,0,0,0,0,4,2,observed_or_derived,False,AWAY,2026-08-23,mgr:6fe0e0af19e4,Marco Rose,1,NO_DETAILED_FANTRAX_ROW,EXACT_PLAYER_MATCH,-0.5,,0.0,1,0,0.0,0.0,0,WHOSCORED_SOURCE_SPECIFIC,WHOSCORED_DERIVED_VALIDATED,WHOSCORED_SOURCE_SPECIFIC,WHOSCORED_DERIVED_VALIDATED,WHOSCORED_SOURCE_SPECIFIC,066nn,-0.5,,0.0,,,,WHOSCORED_CURRENT_OBSERVED,WHOSCORED_CURRENT_OBSERVED,WHOSCORED_CURRENT_OBSERVED,0.0,0.0,0.0,Ben Gannon-Doak
soccerdata:sofascore:16363243,FTX-0700U,afc_bournemouth,manchester_city,366875,,4231,,,False,0.0,0,0,0,0.0,0,0.0,0,0,0,0,0,0,0,0,0,0,0,observed_or_derived,False,AWAY,2026-08-23,mgr:6fe0e0af19e4,Marco Rose,1,NO_DETAILED_FANTRAX_ROW,UNRESOLVED,0.0,,0.0,0,0,0.0,0.0,0,WHOSCORED_SOURCE_SPECIFIC,WHOSCORED_DERIVED_VALIDATED,WHOSCORED_SOURCE_SPECIFIC,WHOSCORED_DERIVED_VALIDATED,WHOSCORED_SOURCE_SPECIFIC,0700u,0.0,,,,,,WHOSCORED_CURRENT_OBSERVED,WHOSCORED_CURRENT_OBSERVED,WHOSCORED_CURRENT_OBSERVED,,,,Bafodé Diakité
soccerdata:sofascore:16363243,FTX-078EI,afc_bournemouth,manchester_city,395187,,4231,,,False,0.0,0,0,0,0.0,0,0.0,0,0,0,0,0,0,0,0,0,0,0,observed_or_derived,False,AWAY,2026-08-23,mgr:6fe0e0af19e4,Marco Rose,1,NO_DETAILED_FANTRAX_ROW,UNRESOLVED,0.0,,0.0,0,0,0.0,0.0,0,WHOSCORED_SOURCE_SPECIFIC,WHOSCORED_DERIVED_VALIDATED,WHOSCORED_SOURCE_SPECIFIC,WHOSCORED_DERIVED_VALIDATED,WHOSCORED_SOURCE_SPECIFIC,078ei,0.0,,,,,,WHOSCORED_CURRENT_OBSERVED,WHOSCORED_CURRENT_OBSERVED,WHOSCORED_CURRENT_OBSERVED,,,,Juanlu Sánchez
soccerdata:sofascore:16363243,FTX-04RH9,afc_bournemouth,manchester_city,295084,,4231,,,False,0.0,0,0,0,0.0,0,0.0,0,0,0,0,0,0,0,0,0,0,0,observed_or_derived,False,AWAY,2026-08-23,mgr:6fe0e0af19e4,Marco Rose,1,NO_DETAILED_FANTRAX_ROW,UNRESOLVED,0.0,,0.0,0,0,0.0,0.0,0,WHOSCORED_SOURCE_SPECIFIC,WHOSCORED_DERIVED_VALIDATED,WHOSCORED_SOURCE_SPECIFIC,WHOSCORED_DERIVED_VALIDATED,WHOSCORED_SOURCE_SPECIFIC,04rh9,0.0,,,,,,WHOSCORED_CURRENT_OBSERVED,WHOSCORED_CURRENT_OBSERVED,WHOSCORED_CURRENT_OBSERVED,,,,David Brooks
soccerdata:sofascore:16363243,FTX-07849,afc_bournemouth,manchester_city,460772,,4231,,,False,0.0,0,0,0,0.0,0,0.0,0,0,0,0,0,0,0,0,0,0,0,observed_or_derived,False,AWAY,2026-08-23,mgr:6fe0e0af19e4,Marco Rose,1,NO_DETAILED_FANTRAX_ROW,UNRESOLVED,0.0,,0.0,0,0,0.0,0.0,0,WHOSCORED_SOURCE_SPECIFIC,WHOSCORED_DERIVED_VALIDATED,WHOSCORED_SOURCE_SPECIFIC,WHOSCORED_DERIVED_VALIDATED,WHOSCORED_SOURCE_SPECIFIC,07849,0.0,,,,,,WHOSCORED_CURRENT_OBSERVED,WHOSCORED_CURRENT_OBSERVED,WHOSCORED_CURRENT_OBSERVED,,,,Álvaro Rodríguez
soccerdata:sofascore:16363246,FTX-0788G,newcastle_united,liverpool,415682,6.54,4231,GK,,True,0.0,0,0,0,0.0,0,0.0,2,0,0,0,0,0,0,0,0,41,25,observed_or_derived,False,HOME,2026-08-23,mgr:bdab23b1e545,Matthias Jaissle,1,NO_DETAILED_FANTRAX_ROW,EXACT_PLAYER_MATCH,7.5,,0.0,0,0,0.0,0.0,0,WHOSCORED_SOURCE_SPECIFIC,WHOSCORED_DERIVED_VALIDATED,WHOSCORED_SOURCE_SPECIFIC,WHOSCORED_DERIVED_VALIDATED,WHOSCORED_SOURCE_SPECIFIC,0788g,7.5,,0.0,,,,WHOSCORED_CURRENT_OBSERVED,WHOSCORED_CURRENT_OBSERVED,WHOSCORED_CURRENT_OBSERVED,0.0,0.0,0.0,Lukás Hornícek
soccerdata:sofascore:16363246,FTX-078UD,newcastle_united,liverpool,418203,6.41,4231,RB,,True,0.0,3,0,2,1.0,2,0.0,6,2,0,0,0,1,1,0,5,34,26,observed_or_derived,False,HOME,2026-08-23,mgr:bdab23b1e545,Matthias Jaissle,1,EXACT_PLAYER_PERIOD_DETAILED,EXACT_PLAYER_MATCH,3.0,3.0,0.0,0,0,2.0,0.0,0,WHOSCORED_SOURCE_SPECIFIC,WHOSCORED_DERIVED_VALIDATED,WHOSCORED_SOURCE_SPECIFIC,WHOSCORED_DERIVED_VALIDATED,WHOSCORED_SOURCE_SPECIFIC,078ud,3.0,3.0,0.0,1.0,0.0,acjx0vg4mrp1z5vo,FANTRAX,FANTRAX,FANTRAX,0.0579833500087261,0.0,0.0579833500087261,Amar Dedic
soccerdata:sofascore:16363246,FTX-0700P,newcastle_united,liverpool,393355,6.14,4231,CB,,True,0.0,0,0,5,3.0,0,0.0,9,2,1,0,0,0,0,0,1,30,20,observed_or_derived,False,HOME,2026-08-23,mgr:bdab23b1e545,Matthias Jaissle,1,EXACT_PLAYER_PERIOD_DETAILED,EXACT_PLAYER_MATCH,11.5,11.5,0.0,0,0,0.0,0.0,0,WHOSCORED_SOURCE_SPECIFIC,WHOSCORED_DERIVED_VALIDATED,WHOSCORED_SOURCE_SPECIFIC,WHOSCORED_DERIVED_VALIDATED,WHOSCORED_SOURCE_SPECIFIC,0700p,11.5,11.5,0.0,3.0,0.0,2dxfjlk0mrp1z5vo,FANTRAX,FANTRAX,FANTRAX,0.0,0.0,0.0,Malick Thiaw
soccerdata:sofascore:16363246,FTX-062A9,newcastle_united,liverpool,379732,6.45,4231,CB,,True,0.0,0,0,1,1.0,0,0.0,6,2,0,0,0,0,0,0,1,34,27,observed_or_derived,False,HOME,2026-08-23,mgr:bdab23b1e545,Matthias Jaissle,1,NO_DETAILED_FANTRAX_ROW,EXACT_PLAYER_MATCH,5.5,,0.0,0,0,0.0,0.0,0,WHOSCORED_SOURCE_SPECIFIC,WHOSCORED_DERIVED_VALIDATED,WHOSCORED_SOURCE_SPECIFIC,WHOSCORED_DERIVED_VALIDATED,WHOSCORED_SOURCE_SPECIFIC,062a9,5.5,,0.0,,,,WHOSCORED_CURRENT_OBSERVED,WHOSCORED_CURRENT_OBSERVED,WHOSCORED_CURRENT_OBSERVED,0.0,0.0,0.0,Sven Botman
soccerdata:sofascore:16363246,FTX-05Y9N,newcastle_united,liverpool,430294,6.64,4231,LB,,True,1.0,2,0,0,0.0,5,2.0,5,8,2,6,0,0,0,0,2,32,21,observed_or_derived,False,HOME,2026-08-23,mgr:bdab23b1e545,Matthias Jaissle,1,EXACT_PLAYER_PERIOD_DETAILED,EXACT_PLAYER_MATCH,8.5,8.5,0.0,4,1,5.0,3.0,0,WHOSCORED_SOURCE_SPECIFIC,WHOSCORED_DERIVED_VALIDATED,WHOSCORED_SOURCE_SPECIFIC,WHOSCORED_DERIVED_VALIDATED,WHOSCORED_SOURCE_SPECIFIC,05y9n,8.5,8.5,1.0,0.0,2.0,cjn4stydmrp1z5vp,FANTRAX,FANTRAX,FANTRAX,0.0,0.6304523944854736,0.6304523944854736,Lewis Hall
soccerdata:sofascore:16363246,FTX-0785A,newcastle_united,liverpool,552573,5.91,4231,DM,,True,0.0,0,0,0,0.0,0,0.0,0,2,1,0,0,0,0,0,0,29,22,observed_or_derived,False,HOME,2026-08-23,mgr:bdab23b1e545,Matthias Jaissle,1,NO_DETAILED_FANTRAX_ROW,EXACT_PLAYER_MATCH,-0.5,,0.0,0,0,0.0,0.0,0,WHOSCORED_SOURCE_SPECIFIC,WHOSCORED_DERIVED_VALIDATED,WHOSCORED_SOURCE_SPECIFIC,WHOSCORED_DERIVED_VALIDATED,WHOSCORED_SOURCE_SPECIFIC,0785a,-0.5,,0.0,,,,WHOSCORED_CURRENT_OBSERVED,WHOSCORED_CURRENT_OBSERVED,WHOSCORED_CURRENT_OBSERVED,0.0,0.0,0.0,Sean Steur
soccerdata:sofascore:16363246,FTX-06AB3,newcastle_united,liverpool,474264,6.95,4231,DM,,True,2.0,2,1,3,2.0,1,1.0,4,6,0,0,0,1,0,0,2,36,30,observed_or_derived,False,HOME,2026-08-23,mgr:bdab23b1e545,Matthias Jaissle,1,EXACT_PLAYER_PERIOD_DETAILED,EXACT_PLAYER_MATCH,8.0,8.0,0.0,0,0,1.0,0.0,0,WHOSCORED_SOURCE_SPECIFIC,WHOSCORED_DERIVED_VALIDATED,WHOSCORED_SOURCE_SPECIFIC,WHOSCORED_DERIVED_VALIDATED,WHOSCORED_SOURCE_SPECIFIC,06ab3,8.0,8.0,2.0,2.0,1.0,w2mnqywumrp1z5vp,FANTRAX,FANTRAX,FANTRAX,0.0498530454933643,0.0823213160037994,0.1321743614971637,Lewis Miley
soccerdata:sofascore:16363246,FTX-05OGB,newcastle_united,liverpool,413211,7.44,4231,RW,,True,0.0,2,1,2,1.0,0,0.0,1,1,1,1,0,2,2,1,4,22,15,observed_or_derived,False,HOME,2026-08-23,mgr:bdab23b1e545,Matthias Jaissle,1,NO_DETAILED_FANTRAX_ROW,EXACT_PLAYER_MATCH,15.0,,0.0,1,0,0.0,0.0,0,WHOSCORED_SOURCE_SPECIFIC,WHOSCORED_DERIVED_VALIDATED,WHOSCORED_SOURCE_SPECIFIC,WHOSCORED_DERIVED_VALIDATED,WHOSCORED_SOURCE_SPECIFIC,05ogb,15.0,,0.0,,,,WHOSCORED_CURRENT_OBSERVED,WHOSCORED_CURRENT_OBSERVED,WHOSCORED_CURRENT_OBSERVED,0.2812623083591461,0.0,0.2812623083591461,Anthony Elanga
soccerdata:sofascore:16363246,FTX-05UOR,newcastle_united,liverpool,296240,6.66,4231,CAM,,True,1.0,1,1,4,2.0,4,0.0,1,3,0,0,1,4,1,0,7,17,12,observed_or_derived,False,HOME,2026-08-23,mgr:bdab23b1e545,Matthias Jaissle,1,EXACT_PLAYER_PERIOD_DETAILED,EXACT_PLAYER_MATCH,9.0,3.0,0.0,0,0,4.0,0.0,0,WHOSCORED_SOURCE_SPECIFIC,WHOSCORED_DERIVED_VALIDATED,WHOSCORED_SOURCE_SPECIFIC,WHOSCORED_DERIVED_VALIDATED,WHOSCORED_SOURCE_SPECIFIC,05uor,9.0,3.0,1.0,2.0,0.0,h2e8dn5dmrp1z5vp,FANTRAX,FANTRAX,FANTRAX,0.9699013829231262,0.0722352340817451,1.0421366170048714,Yoane Wissa
soccerdata:sofascore:16363246,FTX-04ABN,newcastle_united,liverpool,331382,6.3,4231,LW,,True,0.0,2,0,0,0.0,1,0.0,3,4,2,0,0,1,1,0,4,18,14,observed_or_derived,False,HOME,2026-08-23,mgr:bdab23b1e545,Matthias Jaissle,1,EXACT_PLAYER_PERIOD_DETAILED,EXACT_PLAYER_MATCH,2.0,2.0,0.0,0,0,1.0,1.0,0,WHOSCORED_SOURCE_SPECIFIC,WHOSCORED_DERIVED_VALIDATED,WHOSCORED_SOURCE_SPECIFIC,WHOSCORED_DERIVED_VALIDATED,WHOSCORED_SOURCE_SPECIFIC,04abn,2.0,2.0,0.0,0.0,0.0,acjx0vg4mrp1z5vo,FANTRAX,FANTRAX,FANTRAX,0.0602452978491783,0.0,0.0602452978491783,Harvey Barnes
soccerdata:sofascore:16363246,FTX-05T6X,newcastle_united,liverpool,416209,6.92,4231,ST,,True,1.0,0,0,3,0.0,1,0.0,0,2,1,0,1,2,2,0,0,5,4,observed_or_derived,False,HOME,2026-08-23,mgr:bdab23b1e545,Matthias Jaissle,1,EXACT_PLAYER_PERIOD_DETAILED,EXACT_PLAYER_MATCH,10.5,4.5,0.0,0,0,1.0,1.0,1,WHOSCORED_SOURCE_SPECIFIC,WHOSCORED_DERIVED_VALIDATED,WHOSCORED_SOURCE_SPECIFIC,WHOSCORED_DERIVED_VALIDATED,WHOSCORED_SOURCE_SPECIFIC,05t6x,10.5,4.5,1.0,0.0,0.0,acjx0vg4mrp1z5vo,FANTRAX,FANTRAX,FANTRAX,0.0589579232037067,0.2569243609905243,0.315882284194231,William Osula
soccerdata:sofascore:16363246,FTX-07859,newcastle_united,liverpool,546589,6.12,4231,,,False,0.0,0,0,2,1.0,1,0.0,1,0,0,0,0,0,0,0,0,1,1,observed_or_derived,False,HOME,2026-08-23,mgr:bdab23b1e545,Matthias Jaissle,1,NO_DETAILED_FANTRAX_ROW,EXACT_PLAYER_MATCH,2.0,,0.0,0,0,1.0,1.0,0,WHOSCORED_SOURCE_SPECIFIC,WHOSCORED_DERIVED_VALIDATED,WHOSCORED_SOURCE_SPECIFIC,WHOSCORED_DERIVED_VALIDATED,WHOSCORED_SOURCE_SPECIFIC,07859,2.0,,0.0,,,,WHOSCORED_CURRENT_OBSERVED,WHOSCORED_CURRENT_OBSERVED,WHOSCORED_CURRENT_OBSERVED,0.0,0.0,0.0,Aladji Bamba
soccerdata:sofascore:16363246,FTX-04TIG,newcastle_united,liverpool,82726,5.9,4231,,,False,0.0,0,0,0,0.0,0,0.0,0,0,0,0,0,0,0,0,0,0,0,observed_or_derived,False,HOME,2026-08-23,mgr:bdab23b1e545,Matthias Jaissle,1,NO_DETAILED_FANTRAX_ROW,EXACT_PLAYER_MATCH,0.0,,0.0,0,0,0.0,0.0,0,WHOSCORED_SOURCE_SPECIFIC,WHOSCORED_DERIVED_VALIDATED,WHOSCORED_SOURCE_SPECIFIC,WHOSCORED_DERIVED_VALIDATED,WHOSCORED_SOURCE_SPECIFIC,04tig,0.0,,0.0,,,,WHOSCORED_CURRENT_OBSERVED,WHOSCORED_CURRENT_OBSERVED,WHOSCORED_CURRENT_OBSERVED,0.0,0.0,0.0,Fabian Schär
soccerdata:sofascore:16363246,FTX-03AM7,newcastle_united,liverpool,141486,5.7,4231,,,False,0.0,0,0,0,0.0,0,0.0,1,1,0,1,0,0,0,0,1,3,1,observed_or_derived,False,HOME,2026-08-23,mgr:bdab23b1e545,Matthias Jaissle,1,NO_DETAILED_FANTRAX_ROW,EXACT_PLAYER_MATCH,-1.5,,0.0,1,0,0.0,0.0,0,WHOSCORED_SOURCE_SPECIFIC,WHOSCORED_DERIVED_VALIDATED,WHOSCORED_SOURCE_SPECIFIC,WHOSCORED_DERIVED_VALIDATED,WHOSCORED_SOURCE_SPECIFIC,03am7,-1.5,,0.0,,,,WHOSCORED_CURRENT_OBSERVED,WHOSCORED_CURRENT_OBSERVED,WHOSCORED_CURRENT_OBSERVED,0.0,0.0,0.0,Jacob Murphy
soccerdata:sofascore:16363246,FTX-04GE6,newcastle_united,liverpool,342563,7.53,4231,,,False,1.0,2,1,2,0.0,2,0.0,0,1,0,2,1,1,1,1,2,9,7,observed_or_derived,False,HOME,2026-08-23,mgr:bdab23b1e545,Matthias Jaissle,1,NO_DETAILED_FANTRAX_ROW,EXACT_PLAYER_MATCH,15.0,,0.0,2,0,2.0,1.0,0,WHOSCORED_SOURCE_SPECIFIC,WHOSCORED_DERIVED_VALIDATED,WHOSCORED_SOURCE_SPECIFIC,WHOSCORED_DERIVED_VALIDATED,WHOSCORED_SOURCE_SPECIFIC,04ge6,15.0,,1.0,,,,WHOSCORED_CURRENT_OBSERVED,WHOSCORED_CURRENT_OBSERVED,WHOSCORED_CURRENT_OBSERVED,0.0722352340817451,0.3008303940296173,0.3730656281113624,Joe Willock
soccerdata:sofascore:16363246,FTX-051K3,newcastle_united,liverpool,369813,6.32,4231,,,False,0.0,1,0,0,0.0,2,1.0,1,1,1,0,0,1,0,0,1,16,15,observed_or_derived,False,HOME,2026-08-23,mgr:bdab23b1e545,Matthias Jaissle,1,NO_DETAILED_FANTRAX_ROW,EXACT_PLAYER_MATCH,1.5,,0.0,0,0,2.0,1.0,0,WHOSCORED_SOURCE_SPECIFIC,WHOSCORED_DERIVED_VALIDATED,WHOSCORED_SOURCE_SPECIFIC,WHOSCORED_DERIVED_VALIDATED,WHOSCORED_SOURCE_SPECIFIC,051k3,1.5,,0.0,,,,WHOSCORED_CURRENT_OBSERVED,WHOSCORED_CURRENT_OBSERVED,WHOSCORED_CURRENT_OBSERVED,0.0904521122574806,0.0,0.0904521122574806,Jacob Ramsey
soccerdata:sofascore:16363246,pr_99b2c4f6bac759dc,newcastle_united,liverpool,524208,,4231,,,False,0.0,0,0,0,0.0,0,0.0,0,0,0,0,0,0,0,0,0,0,0,observed_or_derived,False,HOME,2026-08-23,mgr:bdab23b1e545,Matthias Jaissle,1,NO_DETAILED_FANTRAX_ROW,UNRESOLVED,0.0,,0.0,0,0,0.0,0.0,0,WHOSCORED_SOURCE_SPECIFIC,WHOSCORED_DERIVED_VALIDATED,WHOSCORED_SOURCE_SPECIFIC,WHOSCORED_DERIVED_VALIDATED,WHOSCORED_SOURCE_SPECIFIC,076ki,0.0,,,,,,WHOSCORED_CURRENT_OBSERVED,WHOSCORED_CURRENT_OBSERVED,WHOSCORED_CURRENT_OBSERVED,,,,Ewen Jaouen
soccerdata:sofascore:16363246,FTX-070G7,newcastle_united,liverpool,386606,,4231,,,False,0.0,0,0,0,0.0,0,0.0,0,0,0,0,0,0,0,0,0,0,0,observed_or_derived,False,HOME,2026-08-23,mgr:bdab23b1e545,Matthias Jaissle,1,EXACT_PLAYER_PERIOD_DETAILED,UNRESOLVED,0.0,,0.0,0,0,0.0,0.0,0,WHOSCORED_SOURCE_SPECIFIC,WHOSCORED_DERIVED_VALIDATED,WHOSCORED_SOURCE_SPECIFIC,WHOSCORED_DERIVED_VALIDATED,WHOSCORED_SOURCE_SPECIFIC,070g7,0.0,,0.0,0.0,0.0,61fz0pmkmrp1z5vo,FANTRAX,FANTRAX,FANTRAX,,,,Nick Woltemade
soccerdata:sofascore:16363246,FTX-0785D,newcastle_united,liverpool,551965,,4231,,,False,0.0,0,0,0,0.0,0,0.0,0,0,0,0,0,0,0,0,0,0,0,observed_or_derived,False,HOME,2026-08-23,mgr:bdab23b1e545,Matthias Jaissle,1,NO_DETAILED_FANTRAX_ROW,UNRESOLVED,0.0,,0.0,0,0,0.0,0.0,0,WHOSCORED_SOURCE_SPECIFIC,WHOSCORED_DERIVED_VALIDATED,WHOSCORED_SOURCE_SPECIFIC,WHOSCORED_DERIVED_VALIDATED,WHOSCORED_SOURCE_SPECIFIC,0785d,0.0,,,,,,WHOSCORED_CURRENT_OBSERVED,WHOSCORED_CURRENT_OBSERVED,WHOSCORED_CURRENT_OBSERVED,,,,Bazoumana Touré
soccerdata:sofascore:16363246,FTX-06ON5,newcastle_united,liverpool,535754,,4231,,,False,0.0,0,0,0,0.0,0,0.0,0,0,0,0,0,0,0,0,0,0,0,observed_or_derived,False,HOME,2026-08-23,mgr:bdab23b1e545,Matthias Jaissle,1,NO_DETAILED_FANTRAX_ROW,UNRESOLVED,0.0,,0.0,0,0,0.0,0.0,0,WHOSCORED_SOURCE_SPECIFIC,WHOSCORED_DERIVED_VALIDATED,WHOSCORED_SOURCE_SPECIFIC,WHOSCORED_DERIVED_VALIDATED,WHOSCORED_SOURCE_SPECIFIC,06on5,0.0,,,,,,WHOSCORED_CURRENT_OBSERVED,WHOSCORED_CURRENT_OBSERVED,WHOSCORED_CURRENT_OBSERVED,,,,Leo Shahar
soccerdata:sofascore:16363246,FTX-04SJT,liverpool,newcastle_united,114147,5.8,4231,GK,,True,0.0,0,0,0,0.0,0,0.0,1,1,0,0,0,0,0,0,0,23,19,observed_or_derived,False,AWAY,2026-08-23,mgr:b4b8eecb310f,Andoni Iraola,1,EXACT_PLAYER_PERIOD_DETAILED,EXACT_PLAYER_MATCH,5.0,5.0,0.0,0,0,0.0,0.0,0,WHOSCORED_SOURCE_SPECIFIC,WHOSCORED_DERIVED_VALIDATED,WHOSCORED_SOURCE_SPECIFIC,WHOSCORED_DERIVED_VALIDATED,WHOSCORED_SOURCE_SPECIFIC,04sjt,5.0,5.0,0.0,0.0,0.0,h1vdt8ynmrp1z5vp,FANTRAX,FANTRAX,FANTRAX,0.0,0.0,0.0,Alisson Becker
soccerdata:sofascore:16363246,FTX-06V05,liverpool,newcastle_united,392644,6.14,4231,RB,,True,3.0,2,1,0,0.0,1,0.0,1,3,0,5,0,1,1,0,2,55,43,observed_or_derived,False,AWAY,2026-08-23,mgr:b4b8eecb310f,Andoni Iraola,1,EXACT_PLAYER_PERIOD_DETAILED,EXACT_PLAYER_MATCH,4.5,4.5,0.0,5,1,1.0,0.0,0,WHOSCORED_SOURCE_SPECIFIC,WHOSCORED_DERIVED_VALIDATED,WHOSCORED_SOURCE_SPECIFIC,WHOSCORED_DERIVED_VALIDATED,WHOSCORED_SOURCE_SPECIFIC,06v05,4.5,4.5,3.0,0.0,0.0,w2mnqywumrp1z5vp,FANTRAX,FANTRAX,FANTRAX,0.0134936962276697,0.1117683425545692,0.1252620387822389,Jeremie Frimpong
soccerdata:sofascore:16363246,FTX-0784Z,liverpool,newcastle_united,468827,6.45,4231,CB,,True,1.0,1,1,1,1.0,1,1.0,1,3,1,0,0,0,0,0,2,42,38,observed_or_derived,False,AWAY,2026-08-23,mgr:b4b8eecb310f,Andoni Iraola,1,EXACT_PLAYER_PERIOD_DETAILED,EXACT_PLAYER_MATCH,4.5,4.5,0.0,0,0,1.0,1.0,0,WHOSCORED_SOURCE_SPECIFIC,WHOSCORED_DERIVED_VALIDATED,WHOSCORED_SOURCE_SPECIFIC,WHOSCORED_DERIVED_VALIDATED,WHOSCORED_SOURCE_SPECIFIC,0784z,4.5,4.5,1.0,1.0,1.0,aup99ojzmrp1z5vp,FANTRAX,FANTRAX,FANTRAX,0.0,0.0158837977796793,0.0158837977796793,Jérémy Jacquet
soccerdata:sofascore:16363246,FTX-03VLJ,liverpool,newcastle_united,95408,6.98,4231,CB,,True,0.0,0,0,5,3.0,2,0.0,9,6,1,0,0,2,2,0,0,58,50,observed_or_derived,False,AWAY,2026-08-23,mgr:b4b8eecb310f,Andoni Iraola,1,EXACT_PLAYER_PERIOD_DETAILED,EXACT_PLAYER_MATCH,6.5,6.5,0.0,0,0,2.0,1.0,0,WHOSCORED_SOURCE_SPECIFIC,WHOSCORED_DERIVED_VALIDATED,WHOSCORED_SOURCE_SPECIFIC,WHOSCORED_DERIVED_VALIDATED,WHOSCORED_SOURCE_SPECIFIC,03vlj,6.5,6.5,0.0,3.0,0.0,61fz0pmkmrp1z5vo,FANTRAX,FANTRAX,FANTRAX,0.122930608689785,0.0,0.122930608689785,Virgil van Dijk
soccerdata:sofascore:16363246,FTX-06DO9,liverpool,newcastle_united,424273,6.58,4231,LB,,True,1.0,0,0,3,2.0,3,1.0,2,3,0,2,0,2,1,0,4,48,37,observed_or_derived,False,AWAY,2026-08-23,mgr:b4b8eecb310f,Andoni Iraola,1,EXACT_PLAYER_PERIOD_DETAILED,EXACT_PLAYER_MATCH,4.5,4.5,0.0,2,0,3.0,1.0,0,WHOSCORED_SOURCE_SPECIFIC,WHOSCORED_DERIVED_VALIDATED,WHOSCORED_SOURCE_SPECIFIC,WHOSCORED_DERIVED_VALIDATED,WHOSCORED_SOURCE_SPECIFIC,06do9,4.5,4.5,1.0,2.0,1.0,aup99ojzmrp1z5vp,FANTRAX,FANTRAX,FANTRAX,0.0383112654089927,0.0242525562644004,0.0625638216733931,Milos Kerkez
soccerdata:sofascore:16363246,FTX-06CMM,liverpool,newcastle_united,369875,7.14,4231,DM,,True,3.0,2,1,3,0.0,1,1.0,0,4,1,10,0,3,3,1,3,71,53,observed_or_derived,False,AWAY,2026-08-23,mgr:b4b8eecb310f,Andoni Iraola,1,EXACT_PLAYER_PERIOD_DETAILED,EXACT_PLAYER_MATCH,22.5,13.5,0.0,10,3,1.0,0.0,0,WHOSCORED_SOURCE_SPECIFIC,WHOSCORED_DERIVED_VALIDATED,WHOSCORED_SOURCE_SPECIFIC,WHOSCORED_DERIVED_VALIDATED,WHOSCORED_SOURCE_SPECIFIC,06cmm,22.5,13.5,3.0,0.0,1.0,rx9bjhp3mrp1z5vo,FANTRAX,FANTRAX,FANTRAX,0.8315402269363403,0.145358070731163,0.9768982976675034,Dominik Szoboszlai
soccerdata:sofascore:16363246,FTX-06FXE,liverpool,newcastle_united,363884,6.39,4231,DM,,True,1.0,1,0,0,0.0,1,2.0,0,8,0,0,0,2,2,0,4,47,43,observed_or_derived,False,AWAY,2026-08-23,mgr:b4b8eecb310f,Andoni Iraola,1,EXACT_PLAYER_PERIOD_DETAILED,EXACT_PLAYER_MATCH,7.5,1.5,0.0,0,0,1.0,0.0,0,WHOSCORED_SOURCE_SPECIFIC,WHOSCORED_DERIVED_VALIDATED,WHOSCORED_SOURCE_SPECIFIC,WHOSCORED_DERIVED_VALIDATED,WHOSCORED_SOURCE_SPECIFIC,06fxe,7.5,1.5,1.0,0.0,2.0,aup99ojzmrp1z5vp,FANTRAX,FANTRAX,FANTRAX,0.0556626394391059,0.0148727931082248,0.0705354325473306,Ryan Gravenberch
soccerdata:sofascore:16363246,FTX-06R2G,liverpool,newcastle_united,548566,6.09,4231,RW,,True,0.0,2,0,0,0.0,1,0.0,0,2,0,2,0,1,1,0,2,15,11,observed_or_derived,False,AWAY,2026-08-23,mgr:b4b8eecb310f,Andoni Iraola,1,EXACT_PLAYER_PERIOD_DETAILED,EXACT_PLAYER_MATCH,1.5,1.5,0.0,2,1,1.0,1.0,0,WHOSCORED_SOURCE_SPECIFIC,WHOSCORED_DERIVED_VALIDATED,WHOSCORED_SOURCE_SPECIFIC,WHOSCORED_DERIVED_VALIDATED,WHOSCORED_SOURCE_SPECIFIC,06r2g,1.5,1.5,0.0,0.0,0.0,w2mnqywumrp1z5vp,FANTRAX,FANTRAX,FANTRAX,0.0507392734289169,0.0,0.0507392734289169,Rio Ngumoha
soccerdata:sofascore:16363246,FTX-06V21,liverpool,newcastle_united,394786,6.46,4231,CAM,,True,1.0,2,1,0,0.0,1,0.0,0,4,0,1,0,3,3,0,1,34,29,observed_or_derived,False,AWAY,2026-08-23,mgr:b4b8eecb310f,Andoni Iraola,1,EXACT_PLAYER_PERIOD_DETAILED,EXACT_PLAYER_MATCH,5.0,5.0,0.0,1,0,1.0,0.0,0,WHOSCORED_SOURCE_SPECIFIC,WHOSCORED_DERIVED_VALIDATED,WHOSCORED_SOURCE_SPECIFIC,WHOSCORED_DERIVED_VALIDATED,WHOSCORED_SOURCE_SPECIFIC,06v21,5.0,5.0,1.0,0.0,0.0,ayk8m85amrp1z5vo,FANTRAX,FANTRAX,FANTRAX,0.2250339984893798,0.0271535851061344,0.2521875835955142,Florian Wirtz
soccerdata:sofascore:16363246,FTX-067YV,liverpool,newcastle_united,352825,7.93,4231,LW,,True,3.0,3,0,3,1.0,3,3.0,1,5,0,3,0,6,4,1,7,31,20,observed_or_derived,False,AWAY,2026-08-23,mgr:b4b8eecb310f,Andoni Iraola,1,EXACT_PLAYER_PERIOD_DETAILED,EXACT_PLAYER_MATCH,24.0,15.0,0.0,3,0,3.0,3.0,0,WHOSCORED_SOURCE_SPECIFIC,WHOSCORED_DERIVED_VALIDATED,WHOSCORED_SOURCE_SPECIFIC,WHOSCORED_DERIVED_VALIDATED,WHOSCORED_SOURCE_SPECIFIC,067yv,24.0,15.0,3.0,1.0,3.0,ayk8m85amrp1z5vo,FANTRAX,FANTRAX,FANTRAX,0.2258007824420929,0.2319105416536331,0.457711324095726,Cody Gakpo
soccerdata:sofascore:16363246,FTX-0646F,liverpool,newcastle_united,299254,6.83,4231,ST,,True,1.0,4,0,3,3.0,0,0.0,0,0,0,0,0,4,3,0,2,13,10,observed_or_derived,False,AWAY,2026-08-23,mgr:b4b8eecb310f,Andoni Iraola,1,EXACT_PLAYER_PERIOD_DETAILED,EXACT_PLAYER_MATCH,8.0,8.0,0.0,0,0,0.0,0.0,0,WHOSCORED_SOURCE_SPECIFIC,WHOSCORED_DERIVED_VALIDATED,WHOSCORED_SOURCE_SPECIFIC,WHOSCORED_DERIVED_VALIDATED,WHOSCORED_SOURCE_SPECIFIC,0646f,8.0,8.0,1.0,3.0,0.0,aup99ojzmrp1z5vp,FANTRAX,FANTRAX,FANTRAX,1.4106600284576416,0.0404612980782985,1.4511213265359402,Alexander Isak
soccerdata:sofascore:16363246,FTX-0522H,liverpool,newcastle_united,345319,6.44,4231,,,False,0.0,0,0,0,0.0,2,0.0,1,1,0,1,0,0,0,0,2,12,11,observed_or_derived,False,AWAY,2026-08-23,mgr:b4b8eecb310f,Andoni Iraola,1,NO_DETAILED_FANTRAX_ROW,EXACT_PLAYER_MATCH,2.0,,0.0,0,0,2.0,2.0,0,WHOSCORED_SOURCE_SPECIFIC,WHOSCORED_DERIVED_VALIDATED,WHOSCORED_SOURCE_SPECIFIC,WHOSCORED_DERIVED_VALIDATED,WHOSCORED_SOURCE_SPECIFIC,0522h,2.0,,0.0,,,,WHOSCORED_CURRENT_OBSERVED,WHOSCORED_CURRENT_OBSERVED,WHOSCORED_CURRENT_OBSERVED,0.0,0.0,0.0,Alexis Mac Allister
soccerdata:sofascore:16363246,FTX-078I7,liverpool,newcastle_united,384711,6.62,4231,,,False,0.0,0,0,5,3.0,1,0.0,2,1,0,0,0,0,0,0,1,31,28,observed_or_derived,False,AWAY,2026-08-23,mgr:b4b8eecb310f,Andoni Iraola,1,EXACT_PLAYER_PERIOD_DETAILED,EXACT_PLAYER_MATCH,5.0,5.0,0.0,0,0,1.0,0.0,0,WHOSCORED_SOURCE_SPECIFIC,WHOSCORED_DERIVED_VALIDATED,WHOSCORED_SOURCE_SPECIFIC,WHOSCORED_DERIVED_VALIDATED,WHOSCORED_SOURCE_SPECIFIC,078i7,5.0,5.0,0.0,3.0,0.0,aup99ojzmrp1z5vp,FANTRAX,FANTRAX,FANTRAX,0.0,0.0,0.0,Ronald Araujo
soccerdata:sofascore:16363246,pr_2dc8909ca052885f,liverpool,newcastle_united,548106,6.74,4231,,,False,0.0,1,0,0,0.0,0,0.0,0,0,0,4,0,2,2,0,1,10,7,observed_or_derived,False,AWAY,2026-08-23,mgr:b4b8eecb310f,Andoni Iraola,1,EXACT_PLAYER_PERIOD_DETAILED,UNRESOLVED,10.0,4.0,0.0,4,2,0.0,0.0,0,WHOSCORED_SOURCE_SPECIFIC,WHOSCORED_DERIVED_VALIDATED,WHOSCORED_SOURCE_SPECIFIC,WHOSCORED_DERIVED_VALIDATED,WHOSCORED_SOURCE_SPECIFIC,076qg,10.0,4.0,0.0,0.0,0.0,qwkltl98mrp1z5vp,FANTRAX,FANTRAX,FANTRAX,,,,Víctor Muñoz
soccerdata:sofascore:16363246,FTX-06XZG,liverpool,newcastle_united,401633,,4231,,,False,0.0,0,0,0,0.0,0,0.0,0,0,0,0,0,0,0,0,0,0,0,observed_or_derived,False,AWAY,2026-08-23,mgr:b4b8eecb310f,Andoni Iraola,1,NO_DETAILED_FANTRAX_ROW,UNRESOLVED,0.0,,0.0,0,0,0.0,0.0,0,WHOSCORED_SOURCE_SPECIFIC,WHOSCORED_DERIVED_VALIDATED,WHOSCORED_SOURCE_SPECIFIC,WHOSCORED_DERIVED_VALIDATED,WHOSCORED_SOURCE_SPECIFIC,06xzg,0.0,,,,,,WHOSCORED_CURRENT_OBSERVED,WHOSCORED_CURRENT_OBSERVED,WHOSCORED_CURRENT_OBSERVED,,,,Giorgi Mamardashvili
soccerdata:sofascore:16363246,FTX-06FSO,liverpool,newcastle_united,86829,,4231,,,False,0.0,0,0,0,0.0,0,0.0,0,0,0,0,0,0,0,0,0,0,0,observed_or_derived,False,AWAY,2026-08-23,mgr:b4b8eecb310f,Andoni Iraola,1,NO_DETAILED_FANTRAX_ROW,UNRESOLVED,0.0,,0.0,0,0,0.0,0.0,0,WHOSCORED_SOURCE_SPECIFIC,WHOSCORED_DERIVED_VALIDATED,WHOSCORED_SOURCE_SPECIFIC,WHOSCORED_DERIVED_VALIDATED,WHOSCORED_SOURCE_SPECIFIC,06fso,0.0,,,,,,WHOSCORED_CURRENT_OBSERVED,WHOSCORED_CURRENT_OBSERVED,WHOSCORED_CURRENT_OBSERVED,,,,Wataru Endo
soccerdata:sofascore:16363246,FTX-06DO3,liverpool,newcastle_united,492375,,4231,,,False,0.0,0,0,0,0.0,0,0.0,0,0,0,0,0,0,0,0,0,0,0,observed_or_derived,False,AWAY,2026-08-23,mgr:b4b8eecb310f,Andoni Iraola,1,NO_DETAILED_FANTRAX_ROW,UNRESOLVED,0.0,,0.0,0,0,0.0,0.0,0,WHOSCORED_SOURCE_SPECIFIC,WHOSCORED_DERIVED_VALIDATED,WHOSCORED_SOURCE_SPECIFIC,WHOSCORED_DERIVED_VALIDATED,WHOSCORED_SOURCE_SPECIFIC,06do3,0.0,,,,,,WHOSCORED_CURRENT_OBSERVED,WHOSCORED_CURRENT_OBSERVED,WHOSCORED_CURRENT_OBSERVED,,,,James McConnell
soccerdata:sofascore:16363246,FTX-06HZE,liverpool,newcastle_united,509423,,4231,,,False,0.0,0,0,0,0.0,0,0.0,0,0,0,0,0,0,0,0,0,0,0,observed_or_derived,False,AWAY,2026-08-23,mgr:b4b8eecb310f,Andoni Iraola,1,NO_DETAILED_FANTRAX_ROW,UNRESOLVED,0.0,,0.0,0,0,0.0,0.0,0,WHOSCORED_SOURCE_SPECIFIC,WHOSCORED_DERIVED_VALIDATED,WHOSCORED_SOURCE_SPECIFIC,WHOSCORED_DERIVED_VALIDATED,WHOSCORED_SOURCE_SPECIFIC,06hze,0.0,,,,,,WHOSCORED_CURRENT_OBSERVED,WHOSCORED_CURRENT_OBSERVED,WHOSCORED_CURRENT_OBSERVED,,,,Trey Nyoni
soccerdata:sofascore:16363244,FTX-04QOR,fulham,chelsea,92173,6.08,4231,GK,,True,0.0,0,0,0,0.0,0,0.0,0,3,0,0,0,0,0,0,0,47,39,observed_or_derived,False,HOME,2026-08-24,mgr:c4ccacd3c126,Álvaro Arbeloa,1,NO_DETAILED_FANTRAX_ROW,EXACT_PLAYER_MATCH,2.5,,0.0,0,0,0.0,0.0,0,WHOSCORED_SOURCE_SPECIFIC,WHOSCORED_DERIVED_VALIDATED,WHOSCORED_SOURCE_SPECIFIC,WHOSCORED_DERIVED_VALIDATED,WHOSCORED_SOURCE_SPECIFIC,04qor,2.5,,0.0,,,,WHOSCORED_CURRENT_OBSERVED,WHOSCORED_CURRENT_OBSERVED,WHOSCORED_CURRENT_OBSERVED,0.0,0.0,0.0,Bernd Leno
soccerdata:sofascore:16363244,FTX-05O4C,fulham,chelsea,141169,7.38,4231,RB,,True,2.0,1,1,4,3.0,1,1.0,3,4,0,2,0,1,1,0,4,51,42,observed_or_derived,False,HOME,2026-08-24,mgr:c4ccacd3c126,Álvaro Arbeloa,1,NO_DETAILED_FANTRAX_ROW,EXACT_PLAYER_MATCH,23.5,,0.0,2,1,1.0,1.0,1,WHOSCORED_SOURCE_SPECIFIC,WHOSCORED_DERIVED_VALIDATED,WHOSCORED_SOURCE_SPECIFIC,WHOSCORED_DERIVED_VALIDATED,WHOSCORED_SOURCE_SPECIFIC,05o4c,23.5,,2.0,,,,WHOSCORED_CURRENT_OBSERVED,WHOSCORED_CURRENT_OBSERVED,WHOSCORED_CURRENT_OBSERVED,0.0721329897642135,0.1690183132886886,0.2411513030529021,Timothy Castagne
soccerdata:sofascore:16363244,FTX-0554G,fulham,chelsea,396976,5.91,4231,CB,,True,0.0,2,0,0,0.0,1,1.0,3,4,0,0,0,1,1,0,2,83,77,observed_or_derived,False,HOME,2026-08-24,mgr:c4ccacd3c126,Álvaro Arbeloa,1,NO_DETAILED_FANTRAX_ROW,EXACT_PLAYER_MATCH,-3.5,,0.0,0,0,1.0,1.0,0,WHOSCORED_SOURCE_SPECIFIC,WHOSCORED_DERIVED_VALIDATED,WHOSCORED_SOURCE_SPECIFIC,WHOSCORED_DERIVED_VALIDATED,WHOSCORED_SOURCE_SPECIFIC,0554g,-3.5,,0.0,,,,WHOSCORED_CURRENT_OBSERVED,WHOSCORED_CURRENT_OBSERVED,WHOSCORED_CURRENT_OBSERVED,0.0178664028644561,0.0,0.0178664028644561,Calvin Bassey
soccerdata:sofascore:16363244,FTX-06NYW,fulham,chelsea,333182,6.21,4231,CB,,True,2.0,0,0,3,2.0,1,1.0,5,4,0,0,0,0,0,0,0,86,73,observed_or_derived,False,HOME,2026-08-24,mgr:c4ccacd3c126,Álvaro Arbeloa,1,NO_DETAILED_FANTRAX_ROW,EXACT_PLAYER_MATCH,9.5,,0.0,0,0,1.0,1.0,0,WHOSCORED_SOURCE_SPECIFIC,WHOSCORED_DERIVED_VALIDATED,WHOSCORED_SOURCE_SPECIFIC,WHOSCORED_DERIVED_VALIDATED,WHOSCORED_SOURCE_SPECIFIC,06nyw,9.5,,2.0,,,,WHOSCORED_CURRENT_OBSERVED,WHOSCORED_CURRENT_OBSERVED,WHOSCORED_CURRENT_OBSERVED,0.0,0.24121855199337,0.24121855199337,Jorge Cuenca
soccerdata:sofascore:16363244,FTX-03RZP,fulham,chelsea,306581,6.55,4231,LB,,True,1.0,1,1,1,0.0,3,1.0,2,4,0,3,0,1,0,0,0,55,42,observed_or_derived,False,HOME,2026-08-24,mgr:c4ccacd3c126,Álvaro Arbeloa,1,EXACT_PLAYER_PERIOD_DETAILED,EXACT_PLAYER_MATCH,6.5,6.5,0.0,3,2,3.0,3.0,0,WHOSCORED_SOURCE_SPECIFIC,WHOSCORED_DERIVED_VALIDATED,WHOSCORED_SOURCE_SPECIFIC,WHOSCORED_DERIVED_VALIDATED,WHOSCORED_SOURCE_SPECIFIC,03rzp,6.5,6.5,1.0,0.0,1.0,2dxfjlk0mrp1z5vo,FANTRAX,FANTRAX,FANTRAX,0.2031559944152832,0.0477439239621162,0.2508999183773994,Antonee Robinson
soccerdata:sofascore:16363244,FTX-038ZE,fulham,chelsea,136824,6.28,4231,DM,,True,0.0,0,0,0,0.0,1,3.0,0,4,0,2,0,0,0,0,0,90,81,observed_or_derived,False,HOME,2026-08-24,mgr:c4ccacd3c126,Álvaro Arbeloa,1,EXACT_PLAYER_PERIOD_DETAILED,EXACT_PLAYER_MATCH,4.5,4.5,0.0,2,1,1.0,1.0,0,WHOSCORED_SOURCE_SPECIFIC,WHOSCORED_DERIVED_VALIDATED,WHOSCORED_SOURCE_SPECIFIC,WHOSCORED_DERIVED_VALIDATED,WHOSCORED_SOURCE_SPECIFIC,038ze,4.5,4.5,0.0,0.0,3.0,qwkltl98mrp1z5vp,FANTRAX,FANTRAX,FANTRAX,0.0,0.0,0.0,Alex Iwobi
soccerdata:sofascore:16363244,FTX-05GCS,fulham,chelsea,321020,6.16,4231,DM,,True,2.0,0,0,2,1.0,1,0.0,0,2,0,1,0,1,1,0,0,61,57,observed_or_derived,False,HOME,2026-08-24,mgr:c4ccacd3c126,Álvaro Arbeloa,1,NO_DETAILED_FANTRAX_ROW,EXACT_PLAYER_MATCH,5.0,,0.0,1,0,1.0,0.0,0,WHOSCORED_SOURCE_SPECIFIC,WHOSCORED_DERIVED_VALIDATED,WHOSCORED_SOURCE_SPECIFIC,WHOSCORED_DERIVED_VALIDATED,WHOSCORED_SOURCE_SPECIFIC,05gcs,5.0,,2.0,,,,WHOSCORED_CURRENT_OBSERVED,WHOSCORED_CURRENT_OBSERVED,WHOSCORED_CURRENT_OBSERVED,0.0369189530611038,0.0399864204227924,0.0769053734838962,Sander Berge
soccerdata:sofascore:16363244,FTX-05YE7,fulham,chelsea,430709,6.57,4231,RW,,True,1.0,4,1,0,0.0,3,1.0,0,2,0,3,0,0,0,0,2,28,23,observed_or_derived,False,HOME,2026-08-24,mgr:c4ccacd3c126,Álvaro Arbeloa,1,EXACT_PLAYER_PERIOD_DETAILED,EXACT_PLAYER_MATCH,4.5,4.5,0.0,3,0,3.0,1.0,0,WHOSCORED_SOURCE_SPECIFIC,WHOSCORED_DERIVED_VALIDATED,WHOSCORED_SOURCE_SPECIFIC,WHOSCORED_DERIVED_VALIDATED,WHOSCORED_SOURCE_SPECIFIC,05ye7,4.5,4.5,1.0,0.0,1.0,h1vdt8ynmrp1z5vp,FANTRAX,FANTRAX,FANTRAX,0.0,0.1412597000598907,0.1412597000598907,Oscar Bobb
soccerdata:sofascore:16363244,pr_48aea4da65a5a244,fulham,chelsea,515865,7.29,4231,CAM,,True,1.0,3,0,0,0.0,2,0.0,2,4,0,2,0,3,2,1,3,37,27,observed_or_derived,False,HOME,2026-08-24,mgr:c4ccacd3c126,Álvaro Arbeloa,1,NO_DETAILED_FANTRAX_ROW,EXACT_PLAYER_MATCH,17.5,,0.0,2,0,2.0,2.0,0,WHOSCORED_SOURCE_SPECIFIC,WHOSCORED_DERIVED_VALIDATED,WHOSCORED_SOURCE_SPECIFIC,WHOSCORED_DERIVED_VALIDATED,WHOSCORED_SOURCE_SPECIFIC,06jh3,17.5,,1.0,,,,WHOSCORED_CURRENT_OBSERVED,WHOSCORED_CURRENT_OBSERVED,WHOSCORED_CURRENT_OBSERVED,0.1187480762600898,0.03983810916543,0.1585861854255198,Josh King
soccerdata:sofascore:16363244,FTX-07897,fulham,chelsea,534901,6.16,4231,LW,,True,0.0,2,1,3,0.0,2,0.0,1,2,3,1,0,2,1,0,2,38,32,observed_or_derived,False,HOME,2026-08-24,mgr:c4ccacd3c126,Álvaro Arbeloa,1,NO_DETAILED_FANTRAX_ROW,EXACT_PLAYER_MATCH,1.5,,0.0,0,0,2.0,1.0,0,WHOSCORED_SOURCE_SPECIFIC,WHOSCORED_DERIVED_VALIDATED,WHOSCORED_SOURCE_SPECIFIC,WHOSCORED_DERIVED_VALIDATED,WHOSCORED_SOURCE_SPECIFIC,07897,1.5,,0.0,,,,WHOSCORED_CURRENT_OBSERVED,WHOSCORED_CURRENT_OBSERVED,WHOSCORED_CURRENT_OBSERVED,0.1599722951650619,0.0,0.1599722951650619,César Palacios
soccerdata:sofascore:16363244,FTX-07898,fulham,chelsea,498798,7.41,4231,ST,,True,0.0,3,1,5,4.0,1,0.0,0,1,0,0,0,3,3,1,4,26,22,observed_or_derived,False,HOME,2026-08-24,mgr:c4ccacd3c126,Álvaro Arbeloa,1,EXACT_PLAYER_PERIOD_DETAILED,EXACT_PLAYER_MATCH,13.0,4.0,0.0,0,0,1.0,1.0,0,WHOSCORED_SOURCE_SPECIFIC,WHOSCORED_DERIVED_VALIDATED,WHOSCORED_SOURCE_SPECIFIC,WHOSCORED_DERIVED_VALIDATED,WHOSCORED_SOURCE_SPECIFIC,07898,13.0,4.0,0.0,4.0,0.0,h2e8dn5dmrp1z5vp,FANTRAX,FANTRAX,FANTRAX,0.8004549145698547,0.0,0.8004549145698547,Gonzalo García
soccerdata:sofascore:16363244,FTX-061VN,fulham,chelsea,403649,6.51,4231,,,False,1.0,1,0,3,3.0,0,0.0,1,0,0,0,0,1,1,0,0,4,1,observed_or_derived,False,HOME,2026-08-24,mgr:c4ccacd3c126,Álvaro Arbeloa,1,EXACT_PLAYER_PERIOD_DETAILED,EXACT_PLAYER_MATCH,6.0,6.0,0.0,0,0,0.0,0.0,0,WHOSCORED_SOURCE_SPECIFIC,WHOSCORED_DERIVED_VALIDATED,WHOSCORED_SOURCE_SPECIFIC,WHOSCORED_DERIVED_VALIDATED,WHOSCORED_SOURCE_SPECIFIC,061vn,6.0,6.0,1.0,3.0,0.0,2dxfjlk0mrp1z5vo,FANTRAX,FANTRAX,FANTRAX,0.0156241785734891,0.0233231913298368,0.0389473699033259,Rodrigo Muniz
soccerdata:sofascore:16363244,FTX-04QFM,fulham,chelsea,322611,6.61,4231,,,False,0.0,2,2,1,1.0,0,1.0,0,1,0,2,0,1,1,0,0,12,7,observed_or_derived,False,HOME,2026-08-24,mgr:c4ccacd3c126,Álvaro Arbeloa,1,NO_DETAILED_FANTRAX_ROW,EXACT_PLAYER_MATCH,4.5,,0.0,2,0,0.0,0.0,0,WHOSCORED_SOURCE_SPECIFIC,WHOSCORED_DERIVED_VALIDATED,WHOSCORED_SOURCE_SPECIFIC,WHOSCORED_DERIVED_VALIDATED,WHOSCORED_SOURCE_SPECIFIC,04qfm,4.5,,0.0,,,,WHOSCORED_CURRENT_OBSERVED,WHOSCORED_CURRENT_OBSERVED,WHOSCORED_CURRENT_OBSERVED,0.0380625538527965,0.0,0.0380625538527965,Ryan Sessegnon
soccerdata:sofascore:16363244,FTX-05UHQ,fulham,chelsea,428060,6.31,4231,,,False,0.0,0,0,0,0.0,2,0.0,0,1,1,0,0,0,0,0,0,28,26,observed_or_derived,False,HOME,2026-08-24,mgr:c4ccacd3c126,Álvaro Arbeloa,1,NO_DETAILED_FANTRAX_ROW,EXACT_PLAYER_MATCH,1.0,,0.0,0,0,2.0,2.0,0,WHOSCORED_SOURCE_SPECIFIC,WHOSCORED_DERIVED_VALIDATED,WHOSCORED_SOURCE_SPECIFIC,WHOSCORED_DERIVED_VALIDATED,WHOSCORED_SOURCE_SPECIFIC,05uhq,1.0,,0.0,,,,WHOSCORED_CURRENT_OBSERVED,WHOSCORED_CURRENT_OBSERVED,WHOSCORED_CURRENT_OBSERVED,0.0,0.0,0.0,Shea Charles
soccerdata:sofascore:16363244,FTX-070HJ,fulham,chelsea,429174,6.15,4231,,,False,0.0,4,1,0,0.0,2,0.0,0,1,0,2,0,0,0,0,2,12,9,observed_or_derived,False,HOME,2026-08-24,mgr:c4ccacd3c126,Álvaro Arbeloa,1,NO_DETAILED_FANTRAX_ROW,EXACT_PLAYER_MATCH,0.5,,0.0,2,0,2.0,1.0,0,WHOSCORED_SOURCE_SPECIFIC,WHOSCORED_DERIVED_VALIDATED,WHOSCORED_SOURCE_SPECIFIC,WHOSCORED_DERIVED_VALIDATED,WHOSCORED_SOURCE_SPECIFIC,070hj,0.5,,0.0,,,,WHOSCORED_CURRENT_OBSERVED,WHOSCORED_CURRENT_OBSERVED,WHOSCORED_CURRENT_OBSERVED,0.0,0.0,0.0,Kevin
soccerdata:sofascore:16363244,FTX-06EWN,fulham,chelsea,492688,,4231,,,False,0.0,0,0,0,0.0,0,0.0,0,0,0,0,0,0,0,0,0,0,0,observed_or_derived,False,HOME,2026-08-24,mgr:c4ccacd3c126,Álvaro Arbeloa,1,NO_DETAILED_FANTRAX_ROW,UNRESOLVED,0.0,,0.0,0,0,0.0,0.0,0,WHOSCORED_SOURCE_SPECIFIC,WHOSCORED_DERIVED_VALIDATED,WHOSCORED_SOURCE_SPECIFIC,WHOSCORED_DERIVED_VALIDATED,WHOSCORED_SOURCE_SPECIFIC,06ewn,0.0,,,,,,WHOSCORED_CURRENT_OBSERVED,WHOSCORED_CURRENT_OBSERVED,WHOSCORED_CURRENT_OBSERVED,,,,Luc De Fougerolles
soccerdata:sofascore:16363244,FTX-06ZBW,fulham,chelsea,89928,,4231,,,False,0.0,0,0,0,0.0,0,0.0,0,0,0,0,0,0,0,0,0,0,0,observed_or_derived,False,HOME,2026-08-24,mgr:c4ccacd3c126,Álvaro Arbeloa,1,NO_DETAILED_FANTRAX_ROW,UNRESOLVED,0.0,,0.0,0,0,0.0,0.0,0,WHOSCORED_SOURCE_SPECIFIC,WHOSCORED_DERIVED_VALIDATED,WHOSCORED_SOURCE_SPECIFIC,WHOSCORED_DERIVED_VALIDATED,WHOSCORED_SOURCE_SPECIFIC,06zbw,0.0,,,,,,WHOSCORED_CURRENT_OBSERVED,WHOSCORED_CURRENT_OBSERVED,WHOSCORED_CURRENT_OBSERVED,,,,Benjamin Lecomte
soccerdata:sofascore:16363244,FTX-05OEH,fulham,chelsea,145996,,4231,,,False,0.0,0,0,0,0.0,0,0.0,0,0,0,0,0,0,0,0,0,0,0,observed_or_derived,False,HOME,2026-08-24,mgr:c4ccacd3c126,Álvaro Arbeloa,1,EXACT_PLAYER_PERIOD_DETAILED,UNRESOLVED,0.0,,0.0,0,0,0.0,0.0,0,WHOSCORED_SOURCE_SPECIFIC,WHOSCORED_DERIVED_VALIDATED,WHOSCORED_SOURCE_SPECIFIC,WHOSCORED_DERIVED_VALIDATED,WHOSCORED_SOURCE_SPECIFIC,05oeh,0.0,,0.0,0.0,0.0,cjn4stydmrp1z5vp,FANTRAX,FANTRAX,FANTRAX,,,,Kenny Tete
soccerdata:sofascore:16363244,FTX-037MT,fulham,chelsea,135724,,4231,,,False,0.0,0,0,0,0.0,0,0.0,0,0,0,0,0,0,0,0,0,0,0,observed_or_derived,False,HOME,2026-08-24,mgr:c4ccacd3c126,Álvaro Arbeloa,1,NO_DETAILED_FANTRAX_ROW,UNRESOLVED,0.0,,0.0,0,0,0.0,0.0,0,WHOSCORED_SOURCE_SPECIFIC,WHOSCORED_DERIVED_VALIDATED,WHOSCORED_SOURCE_SPECIFIC,WHOSCORED_DERIVED_VALIDATED,WHOSCORED_SOURCE_SPECIFIC,037mt,0.0,,,,,,WHOSCORED_CURRENT_OBSERVED,WHOSCORED_CURRENT_OBSERVED,WHOSCORED_CURRENT_OBSERVED,,,,Harrison Reed
soccerdata:sofascore:16363244,FTX-04SAT,fulham,chelsea,363686,,4231,,,False,0.0,0,0,0,0.0,0,0.0,0,0,0,0,0,0,0,0,0,0,0,observed_or_derived,False,HOME,2026-08-24,mgr:c4ccacd3c126,Álvaro Arbeloa,1,NO_DETAILED_FANTRAX_ROW,UNRESOLVED,0.0,,0.0,0,0,0.0,0.0,0,WHOSCORED_SOURCE_SPECIFIC,WHOSCORED_DERIVED_VALIDATED,WHOSCORED_SOURCE_SPECIFIC,WHOSCORED_DERIVED_VALIDATED,WHOSCORED_SOURCE_SPECIFIC,04sat,0.0,,,,,,WHOSCORED_CURRENT_OBSERVED,WHOSCORED_CURRENT_OBSERVED,WHOSCORED_CURRENT_OBSERVED,,,,Emile Smith Rowe
soccerdata:sofascore:16363244,FTX-04YME,chelsea,fulham,362151,6.0,3421,GK,,True,0.0,0,0,0,0.0,0,0.0,0,0,0,0,0,0,0,0,0,29,12,observed_or_derived,False,AWAY,2026-08-24,mgr:84bddcc0c0d7,Xabi Alonso,1,NO_DETAILED_FANTRAX_ROW,EXACT_PLAYER_MATCH,9.5,,0.0,0,0,0.0,0.0,0,WHOSCORED_SOURCE_SPECIFIC,WHOSCORED_DERIVED_VALIDATED,WHOSCORED_SOURCE_SPECIFIC,WHOSCORED_DERIVED_VALIDATED,WHOSCORED_SOURCE_SPECIFIC,04yme,9.5,,0.0,,,,WHOSCORED_CURRENT_OBSERVED,WHOSCORED_CURRENT_OBSERVED,WHOSCORED_CURRENT_OBSERVED,0.0,0.0,0.0,Robert Sánchez
soccerdata:sofascore:16363244,FTX-06PIA,chelsea,fulham,401130,7.95,3421,CB,,True,1.0,0,0,7,2.0,5,2.0,4,2,0,0,0,0,0,0,2,50,47,observed_or_derived,False,AWAY,2026-08-24,mgr:84bddcc0c0d7,Xabi Alonso,1,EXACT_PLAYER_PERIOD_DETAILED,EXACT_PLAYER_MATCH,16.0,9.0,0.0,0,0,5.0,2.0,1,WHOSCORED_SOURCE_SPECIFIC,WHOSCORED_DERIVED_VALIDATED,WHOSCORED_SOURCE_SPECIFIC,WHOSCORED_DERIVED_VALIDATED,WHOSCORED_SOURCE_SPECIFIC,06pia,16.0,9.0,1.0,2.0,2.0,qwkltl98mrp1z5vp,FANTRAX,FANTRAX,FANTRAX,0.0,0.4455546438694,0.4455546438694,Maxence Lacroix
soccerdata:sofascore:16363244,FTX-062P5,chelsea,fulham,421351,5.89,3421,CB,,True,0.0,1,1,1,0.0,2,0.0,2,3,0,0,0,1,1,0,2,30,28,observed_or_derived,False,AWAY,2026-08-24,mgr:84bddcc0c0d7,Xabi Alonso,1,EXACT_PLAYER_PERIOD_DETAILED,UNRESOLVED,0.0,0.0,0.0,0,0,2.0,2.0,0,WHOSCORED_SOURCE_SPECIFIC,WHOSCORED_DERIVED_VALIDATED,WHOSCORED_SOURCE_SPECIFIC,WHOSCORED_DERIVED_VALIDATED,WHOSCORED_SOURCE_SPECIFIC,062p5,0.0,0.0,0.0,0.0,0.0,61fz0pmkmrp1z5vo,FANTRAX,FANTRAX,FANTRAX,,,,Levi Colwill
soccerdata:sofascore:16363244,FTX-06KWP,chelsea,fulham,518604,7.13,3421,CB,,True,0.0,1,0,2,1.0,5,1.0,7,5,0,1,0,0,0,0,1,49,38,observed_or_derived,False,AWAY,2026-08-24,mgr:84bddcc0c0d7,Xabi Alonso,1,NO_DETAILED_FANTRAX_ROW,EXACT_PLAYER_MATCH,9.0,,0.0,1,0,5.0,4.0,0,WHOSCORED_SOURCE_SPECIFIC,WHOSCORED_DERIVED_VALIDATED,WHOSCORED_SOURCE_SPECIFIC,WHOSCORED_DERIVED_VALIDATED,WHOSCORED_SOURCE_SPECIFIC,06kwp,9.0,,0.0,,,,WHOSCORED_CURRENT_OBSERVED,WHOSCORED_CURRENT_OBSERVED,WHOSCORED_CURRENT_OBSERVED,0.0,0.0,0.0,Josh Acheampong
soccerdata:sofascore:16363244,FTX-06CLZ,chelsea,fulham,403850,6.6,3421,RWB,,True,0.0,0,0,2,2.0,1,1.0,1,4,1,3,0,0,0,0,1,34,26,observed_or_derived,False,AWAY,2026-08-24,mgr:84bddcc0c0d7,Xabi Alonso,1,NO_DETAILED_FANTRAX_ROW,EXACT_PLAYER_MATCH,3.5,,0.0,3,2,1.0,1.0,0,WHOSCORED_SOURCE_SPECIFIC,WHOSCORED_DERIVED_VALIDATED,WHOSCORED_SOURCE_SPECIFIC,WHOSCORED_DERIVED_VALIDATED,WHOSCORED_SOURCE_SPECIFIC,06clz,3.5,,0.0,,,,WHOSCORED_CURRENT_OBSERVED,WHOSCORED_CURRENT_OBSERVED,WHOSCORED_CURRENT_OBSERVED,0.0,0.0,0.0,Malo Gusto
soccerdata:sofascore:16363244,FTX-06ZQQ,chelsea,fulham,467715,6.72,3421,LWB,,True,1.0,1,1,0,0.0,2,0.0,2,2,0,1,0,1,1,0,2,25,20,observed_or_derived,False,AWAY,2026-08-24,mgr:84bddcc0c0d7,Xabi Alonso,1,NO_DETAILED_FANTRAX_ROW,EXACT_PLAYER_MATCH,1.5,,0.0,0,0,2.0,0.0,0,WHOSCORED_SOURCE_SPECIFIC,WHOSCORED_DERIVED_VALIDATED,WHOSCORED_SOURCE_SPECIFIC,WHOSCORED_DERIVED_VALIDATED,WHOSCORED_SOURCE_SPECIFIC,06zqq,1.5,,1.0,,,,WHOSCORED_CURRENT_OBSERVED,WHOSCORED_CURRENT_OBSERVED,WHOSCORED_CURRENT_OBSERVED,0.0349031090736389,0.5850690603256226,0.6199721693992615,Jorrel Hato
soccerdata:sofascore:16363244,FTX-05UNU,chelsea,fulham,425319,6.69,3421,CM,,True,2.0,1,0,0,0.0,3,1.0,1,4,1,0,0,1,1,0,1,22,21,observed_or_derived,False,AWAY,2026-08-24,mgr:84bddcc0c0d7,Xabi Alonso,1,NO_DETAILED_FANTRAX_ROW,EXACT_PLAYER_MATCH,7.5,,0.0,0,0,3.0,2.0,0,WHOSCORED_SOURCE_SPECIFIC,WHOSCORED_DERIVED_VALIDATED,WHOSCORED_SOURCE_SPECIFIC,WHOSCORED_DERIVED_VALIDATED,WHOSCORED_SOURCE_SPECIFIC,05unu,7.5,,2.0,,,,WHOSCORED_CURRENT_OBSERVED,WHOSCORED_CURRENT_OBSERVED,WHOSCORED_CURRENT_OBSERVED,0.5850690603256226,0.176572099328041,0.7616411596536635,Roméo Lavia
soccerdata:sofascore:16363244,FTX-051K7,chelsea,fulham,361330,6.73,3421,CM,,True,1.0,0,0,1,1.0,0,2.0,2,4,2,3,0,2,2,0,1,55,46,observed_or_derived,False,AWAY,2026-08-24,mgr:84bddcc0c0d7,Xabi Alonso,1,EXACT_PLAYER_PERIOD_DETAILED,EXACT_PLAYER_MATCH,6.0,6.0,0.0,3,1,0.0,0.0,0,WHOSCORED_SOURCE_SPECIFIC,WHOSCORED_DERIVED_VALIDATED,WHOSCORED_SOURCE_SPECIFIC,WHOSCORED_DERIVED_VALIDATED,WHOSCORED_SOURCE_SPECIFIC,051k7,6.0,6.0,1.0,1.0,2.0,cjn4stydmrp1z5vp,FANTRAX,FANTRAX,FANTRAX,0.0830904319882392,0.0349031090736389,0.1179935410618781,Reece James
soccerdata:sofascore:16363244,FTX-05UHT,chelsea,fulham,362824,8.2,3421,CAM,,True,5.0,3,3,3,2.0,2,0.0,0,5,2,1,0,3,3,1,2,23,15,observed_or_derived,False,AWAY,2026-08-24,mgr:84bddcc0c0d7,Xabi Alonso,1,EXACT_PLAYER_PERIOD_DETAILED,EXACT_PLAYER_MATCH,25.5,16.5,0.0,1,0,2.0,1.0,0,WHOSCORED_SOURCE_SPECIFIC,WHOSCORED_DERIVED_VALIDATED,WHOSCORED_SOURCE_SPECIFIC,WHOSCORED_DERIVED_VALIDATED,WHOSCORED_SOURCE_SPECIFIC,05uht,25.5,16.5,5.0,2.0,0.0,hpsurdtbmrp1z5vo,FANTRAX,FANTRAX,FANTRAX,0.5566893219947815,0.2769356667995453,0.8336249887943268,Morgan Rogers
soccerdata:sofascore:16363244,FTX-05L8Q,chelsea,fulham,395692,9.1,3421,CAM,,True,3.0,8,5,1,0.0,2,0.0,0,7,2,2,1,5,3,1,3,34,29,observed_or_derived,False,AWAY,2026-08-24,mgr:84bddcc0c0d7,Xabi Alonso,1,EXACT_PLAYER_PERIOD_DETAILED,EXACT_PLAYER_MATCH,31.0,16.0,0.0,2,1,2.0,1.0,1,WHOSCORED_SOURCE_SPECIFIC,WHOSCORED_DERIVED_VALIDATED,WHOSCORED_SOURCE_SPECIFIC,WHOSCORED_DERIVED_VALIDATED,WHOSCORED_SOURCE_SPECIFIC,05l8q,31.0,16.0,3.0,0.0,0.0,acjx0vg4mrp1z5vo,FANTRAX,FANTRAX,FANTRAX,0.5731326341629028,0.5674879550933838,1.1406205892562866,Cole Palmer
soccerdata:sofascore:16363244,FTX-05G2O,chelsea,fulham,373525,7.99,3421,ST,,True,2.0,2,1,3,2.0,0,0.0,1,2,2,0,0,4,2,1,2,20,16,observed_or_derived,False,AWAY,2026-08-24,mgr:84bddcc0c0d7,Xabi Alonso,1,EXACT_PLAYER_PERIOD_DETAILED,EXACT_PLAYER_MATCH,22.5,7.5,0.0,0,0,0.0,0.0,1,WHOSCORED_SOURCE_SPECIFIC,WHOSCORED_DERIVED_VALIDATED,WHOSCORED_SOURCE_SPECIFIC,WHOSCORED_DERIVED_VALIDATED,WHOSCORED_SOURCE_SPECIFIC,05g2o,22.5,7.5,2.0,2.0,0.0,qwkltl98mrp1z5vp,FANTRAX,FANTRAX,FANTRAX,0.6746644377708435,0.3549449145793915,1.029609352350235,João Pedro
soccerdata:sofascore:16363244,FTX-068YM,chelsea,fulham,369430,6.14,3421,,,False,1.0,0,0,0,0.0,0,0.0,0,3,1,0,0,0,0,0,1,21,20,observed_or_derived,False,AWAY,2026-08-24,mgr:84bddcc0c0d7,Xabi Alonso,1,EXACT_PLAYER_PERIOD_DETAILED,EXACT_PLAYER_MATCH,1.5,1.5,0.0,0,0,0.0,0.0,0,WHOSCORED_SOURCE_SPECIFIC,WHOSCORED_DERIVED_VALIDATED,WHOSCORED_SOURCE_SPECIFIC,WHOSCORED_DERIVED_VALIDATED,WHOSCORED_SOURCE_SPECIFIC,068ym,1.5,1.5,1.0,0.0,0.0,acjx0vg4mrp1z5vo,FANTRAX,FANTRAX,FANTRAX,0.0,0.0553183108568191,0.0553183108568191,Enzo Fernández
soccerdata:sofascore:16363244,FTX-056IY,chelsea,fulham,337916,6.69,3421,,,False,0.0,3,3,0,0.0,1,0.0,0,3,0,1,0,1,0,0,0,7,5,observed_or_derived,False,AWAY,2026-08-24,mgr:84bddcc0c0d7,Xabi Alonso,1,EXACT_PLAYER_PERIOD_DETAILED,EXACT_PLAYER_MATCH,5.0,5.0,0.0,1,1,1.0,1.0,0,WHOSCORED_SOURCE_SPECIFIC,WHOSCORED_DERIVED_VALIDATED,WHOSCORED_SOURCE_SPECIFIC,WHOSCORED_DERIVED_VALIDATED,WHOSCORED_SOURCE_SPECIFIC,056iy,5.0,5.0,0.0,0.0,0.0,aup99ojzmrp1z5vp,FANTRAX,FANTRAX,FANTRAX,0.0553183108568191,0.0,0.0553183108568191,Pedro Neto
soccerdata:sofascore:16363244,pr_99201178801a0253,chelsea,fulham,509068,6.02,3421,,,False,0.0,0,0,0,0.0,0,0.0,1,0,0,0,0,0,0,0,0,4,2,observed_or_derived,False,AWAY,2026-08-24,mgr:84bddcc0c0d7,Xabi Alonso,1,NO_DETAILED_FANTRAX_ROW,UNRESOLVED,0.5,,0.0,0,0,0.0,0.0,0,WHOSCORED_SOURCE_SPECIFIC,WHOSCORED_DERIVED_VALIDATED,WHOSCORED_SOURCE_SPECIFIC,WHOSCORED_DERIVED_VALIDATED,WHOSCORED_SOURCE_SPECIFIC,076kf,0.5,,,,,,WHOSCORED_CURRENT_OBSERVED,WHOSCORED_CURRENT_OBSERVED,WHOSCORED_CURRENT_OBSERVED,,,,Geovany Quenda
soccerdata:sofascore:16363244,FTX-078LE,chelsea,fulham,448468,5.99,3421,,,False,0.0,0,0,1,0.0,0,0.0,1,1,0,0,0,0,0,0,0,9,5,observed_or_derived,False,AWAY,2026-08-24,mgr:84bddcc0c0d7,Xabi Alonso,1,NO_DETAILED_FANTRAX_ROW,EXACT_PLAYER_MATCH,0.0,,0.0,0,0,0.0,0.0,0,WHOSCORED_SOURCE_SPECIFIC,WHOSCORED_DERIVED_VALIDATED,WHOSCORED_SOURCE_SPECIFIC,WHOSCORED_DERIVED_VALIDATED,WHOSCORED_SOURCE_SPECIFIC,078le,0.0,,0.0,,,,WHOSCORED_CURRENT_OBSERVED,WHOSCORED_CURRENT_OBSERVED,WHOSCORED_CURRENT_OBSERVED,0.0,0.0,0.0,Pep Chavarría
soccerdata:sofascore:16363244,FTX-06YXE,chelsea,fulham,510728,5.93,3421,,,False,0.0,0,0,1,0.0,0,0.0,0,1,0,0,0,0,0,0,0,4,3,observed_or_derived,False,AWAY,2026-08-24,mgr:84bddcc0c0d7,Xabi Alonso,1,EXACT_PLAYER_PERIOD_DETAILED,EXACT_PLAYER_MATCH,0.0,0.0,0.0,0,0,0.0,0.0,0,WHOSCORED_SOURCE_SPECIFIC,WHOSCORED_DERIVED_VALIDATED,WHOSCORED_SOURCE_SPECIFIC,WHOSCORED_DERIVED_VALIDATED,WHOSCORED_SOURCE_SPECIFIC,06yxe,0.0,0.0,0.0,0.0,0.0,acjx0vg4mrp1z5vo,FANTRAX,FANTRAX,FANTRAX,0.0,0.0,0.0,Estêvão
soccerdata:sofascore:16363244,FTX-06J20,chelsea,fulham,419341,,3421,,,False,0.0,0,0,0,0.0,0,0.0,0,0,0,0,0,0,0,0,0,0,0,observed_or_derived,False,AWAY,2026-08-24,mgr:84bddcc0c0d7,Xabi Alonso,1,NO_DETAILED_FANTRAX_ROW,UNRESOLVED,0.0,,0.0,0,0,0.0,0.0,0,WHOSCORED_SOURCE_SPECIFIC,WHOSCORED_DERIVED_VALIDATED,WHOSCORED_SOURCE_SPECIFIC,WHOSCORED_DERIVED_VALIDATED,WHOSCORED_SOURCE_SPECIFIC,06j20,0.0,,,,,,WHOSCORED_CURRENT_OBSERVED,WHOSCORED_CURRENT_OBSERVED,WHOSCORED_CURRENT_OBSERVED,,,,Valentín Barco
soccerdata:sofascore:16363244,FTX-06UZT,chelsea,fulham,429427,,3421,,,False,0.0,0,0,0,0.0,0,0.0,0,0,0,0,0,0,0,0,0,0,0,observed_or_derived,False,AWAY,2026-08-24,mgr:84bddcc0c0d7,Xabi Alonso,1,NO_DETAILED_FANTRAX_ROW,UNRESOLVED,0.0,,0.0,0,0,0.0,0.0,0,WHOSCORED_SOURCE_SPECIFIC,WHOSCORED_DERIVED_VALIDATED,WHOSCORED_SOURCE_SPECIFIC,WHOSCORED_DERIVED_VALIDATED,WHOSCORED_SOURCE_SPECIFIC,06uzt,0.0,,,,,,WHOSCORED_CURRENT_OBSERVED,WHOSCORED_CURRENT_OBSERVED,WHOSCORED_CURRENT_OBSERVED,,,,Mike Penders
soccerdata:sofascore:16363244,FTX-02LNX,chelsea,fulham,39308,,3421,,,False,0.0,0,0,0,0.0,0,0.0,0,0,0,0,0,0,0,0,0,0,0,observed_or_derived,False,AWAY,2026-08-24,mgr:84bddcc0c0d7,Xabi Alonso,1,NO_DETAILED_FANTRAX_ROW,UNRESOLVED,0.0,,0.0,0,0,0.0,0.0,0,WHOSCORED_SOURCE_SPECIFIC,WHOSCORED_DERIVED_VALIDATED,WHOSCORED_SOURCE_SPECIFIC,WHOSCORED_DERIVED_VALIDATED,WHOSCORED_SOURCE_SPECIFIC,02lnx,0.0,,,,,,WHOSCORED_CURRENT_OBSERVED,WHOSCORED_CURRENT_OBSERVED,WHOSCORED_CURRENT_OBSERVED,,,,Danny Welbeck
soccerdata:sofascore:16363244,FTX-06Y9N,chelsea,fulham,436425,,3421,,,False,0.0,0,0,0,0.0,0,0.0,0,0,0,0,0,0,0,0,0,0,0,observed_or_derived,False,AWAY,2026-08-24,mgr:84bddcc0c0d7,Xabi Alonso,1,NO_DETAILED_FANTRAX_ROW,UNRESOLVED,0.0,,0.0,0,0,0.0,0.0,0,WHOSCORED_SOURCE_SPECIFIC,WHOSCORED_DERIVED_VALIDATED,WHOSCORED_SOURCE_SPECIFIC,WHOSCORED_DERIVED_VALIDATED,WHOSCORED_SOURCE_SPECIFIC,06y9n,0.0,,,,,,WHOSCORED_CURRENT_OBSERVED,WHOSCORED_CURRENT_OBSERVED,WHOSCORED_CURRENT_OBSERVED,,,,Jamie Gittens
soccerdata:sofascore:16363252,FTX-03YWW,crystal_palace,manchester_city,304008,6.29,3421,GK,,True,0.0,0,0,0,0.0,0,0.0,1,3,0,0,0,0,0,0,0,20,16,observed_or_derived,False,HOME,2026-08-28,mgr:698607e509b7,Pierre Sage,2,NO_DETAILED_FANTRAX_ROW,EXACT_PLAYER_MATCH,5.0,,0.0,0,0,0.0,0.0,0,WHOSCORED_SOURCE_SPECIFIC,WHOSCORED_DERIVED_VALIDATED,WHOSCORED_SOURCE_SPECIFIC,WHOSCORED_DERIVED_VALIDATED,WHOSCORED_SOURCE_SPECIFIC,03yww,5.0,,0.0,,,,WHOSCORED_CURRENT_OBSERVED,WHOSCORED_CURRENT_OBSERVED,WHOSCORED_CURRENT_OBSERVED,0.0,0.0,0.0,Dean Henderson
soccerdata:sofascore:16363252,FTX-05W9R,crystal_palace,manchester_city,377283,6.06,3421,CB,,True,0.0,0,0,2,0.0,1,3.0,4,3,0,4,0,0,0,0,0,29,21,observed_or_derived,False,HOME,2026-08-28,mgr:698607e509b7,Pierre Sage,2,NO_DETAILED_FANTRAX_ROW,EXACT_PLAYER_MATCH,1.0,,0.0,4,0,1.0,0.0,0,WHOSCORED_SOURCE_SPECIFIC,WHOSCORED_DERIVED_VALIDATED,WHOSCORED_SOURCE_SPECIFIC,WHOSCORED_DERIVED_VALIDATED,WHOSCORED_SOURCE_SPECIFIC,05w9r,1.0,,0.0,,,,WHOSCORED_CURRENT_OBSERVED,WHOSCORED_CURRENT_OBSERVED,WHOSCORED_CURRENT_OBSERVED,0.0,0.0,0.0,Takehiro Tomiyasu
soccerdata:sofascore:16363252,FTX-0635J,crystal_palace,manchester_city,395401,6.11,3421,CB,,True,0.0,1,1,0,0.0,2,2.0,2,2,0,0,0,1,1,0,0,29,22,observed_or_derived,False,HOME,2026-08-28,mgr:698607e509b7,Pierre Sage,2,EXACT_PLAYER_PERIOD_DETAILED,EXACT_PLAYER_MATCH,1.0,1.0,0.0,0,0,2.0,1.0,0,WHOSCORED_SOURCE_SPECIFIC,WHOSCORED_DERIVED_VALIDATED,WHOSCORED_SOURCE_SPECIFIC,WHOSCORED_DERIVED_VALIDATED,WHOSCORED_SOURCE_SPECIFIC,0635j,1.0,1.0,0.0,0.0,2.0,acjx0vg4mrp1z5vo,FANTRAX,FANTRAX,FANTRAX,0.0242751687765121,0.0,0.0242751687765121,Chris Richards
soccerdata:sofascore:16363252,FTX-070HB,crystal_palace,manchester_city,531676,5.88,3421,CB,,True,0.0,0,0,3,2.0,1,0.0,4,1,0,0,0,0,0,0,1,51,45,observed_or_derived,False,HOME,2026-08-28,mgr:698607e509b7,Pierre Sage,2,NO_DETAILED_FANTRAX_ROW,EXACT_PLAYER_MATCH,1.0,,0.0,0,0,1.0,1.0,0,WHOSCORED_SOURCE_SPECIFIC,WHOSCORED_DERIVED_VALIDATED,WHOSCORED_SOURCE_SPECIFIC,WHOSCORED_DERIVED_VALIDATED,WHOSCORED_SOURCE_SPECIFIC,070hb,1.0,,0.0,,,,WHOSCORED_CURRENT_OBSERVED,WHOSCORED_CURRENT_OBSERVED,WHOSCORED_CURRENT_OBSERVED,0.0,0.0,0.0,Jaydee Canvot
soccerdata:sofascore:16363252,FTX-078QG,crystal_palace,manchester_city,444136,7.59,3421,RWB,,True,0.0,4,3,3,1.0,10,2.0,3,5,1,6,0,1,0,0,2,33,25,observed_or_derived,False,HOME,2026-08-28,mgr:698607e509b7,Pierre Sage,2,NO_DETAILED_FANTRAX_ROW,EXACT_PLAYER_MATCH,11.5,,0.0,5,0,10.0,7.0,0,WHOSCORED_SOURCE_SPECIFIC,WHOSCORED_DERIVED_VALIDATED,WHOSCORED_SOURCE_SPECIFIC,WHOSCORED_DERIVED_VALIDATED,WHOSCORED_SOURCE_SPECIFIC,078qg,11.5,,0.0,,,,WHOSCORED_CURRENT_OBSERVED,WHOSCORED_CURRENT_OBSERVED,WHOSCORED_CURRENT_OBSERVED,0.0159562937915325,0.0,0.0159562937915325,Anan Khalaili
soccerdata:sofascore:16363252,FTX-05AKV,crystal_palace,manchester_city,389579,6.21,3421,LWB,,True,2.0,1,1,0,0.0,2,1.0,3,1,0,2,0,2,0,0,0,32,27,observed_or_derived,False,HOME,2026-08-28,mgr:698607e509b7,Pierre Sage,2,EXACT_PLAYER_PERIOD_DETAILED,EXACT_PLAYER_MATCH,0.5,0.5,0.0,1,0,2.0,0.0,0,WHOSCORED_SOURCE_SPECIFIC,WHOSCORED_DERIVED_VALIDATED,WHOSCORED_SOURCE_SPECIFIC,WHOSCORED_DERIVED_VALIDATED,WHOSCORED_SOURCE_SPECIFIC,05akv,0.5,0.5,2.0,0.0,1.0,61fz0pmkmrp1z5vo,FANTRAX,FANTRAX,FANTRAX,0.2371263802051544,0.489902913570404,0.7270292937755584,Tyrick Mitchell
soccerdata:sofascore:16363252,FTX-06MNC,crystal_palace,manchester_city,344166,6.66,3421,CM,,True,0.0,2,2,1,1.0,6,0.0,1,2,1,0,0,1,1,0,1,36,31,observed_or_derived,False,HOME,2026-08-28,mgr:698607e509b7,Pierre Sage,2,NO_DETAILED_FANTRAX_ROW,EXACT_PLAYER_MATCH,7.0,,0.0,0,0,6.0,4.0,0,WHOSCORED_SOURCE_SPECIFIC,WHOSCORED_DERIVED_VALIDATED,WHOSCORED_SOURCE_SPECIFIC,WHOSCORED_DERIVED_VALIDATED,WHOSCORED_SOURCE_SPECIFIC,06mnc,7.0,,0.0,,,,WHOSCORED_CURRENT_OBSERVED,WHOSCORED_CURRENT_OBSERVED,WHOSCORED_CURRENT_OBSERVED,0.0434533543884754,0.0,0.0434533543884754,Daichi Kamada
soccerdata:sofascore:16363252,FTX-06JGS,crystal_palace,manchester_city,430774,6.58,3421,CM,,True,2.0,0,0,1,1.0,4,0.0,0,3,0,1,0,0,0,0,2,27,21,observed_or_derived,False,HOME,2026-08-28,mgr:698607e509b7,Pierre Sage,2,EXACT_PLAYER_PERIOD_DETAILED,EXACT_PLAYER_MATCH,8.0,8.0,0.0,1,1,4.0,3.0,0,WHOSCORED_SOURCE_SPECIFIC,WHOSCORED_DERIVED_VALIDATED,WHOSCORED_SOURCE_SPECIFIC,WHOSCORED_DERIVED_VALIDATED,WHOSCORED_SOURCE_SPECIFIC,06jgs,8.0,8.0,2.0,1.0,0.0,acjx0vg4mrp1z5vo,FANTRAX,FANTRAX,FANTRAX,0.0,0.2898945808410644,0.2898945808410644,Adam Wharton
soccerdata:sofascore:16363252,FTX-070F9,crystal_palace,manchester_city,403865,6.94,3421,CAM,,True,2.0,1,0,2,0.0,2,1.0,1,6,0,7,0,1,0,0,5,31,19,observed_or_derived,False,HOME,2026-08-28,mgr:698607e509b7,Pierre Sage,2,EXACT_PLAYER_PERIOD_DETAILED,EXACT_PLAYER_MATCH,16.5,10.5,0.0,7,3,2.0,2.0,0,WHOSCORED_SOURCE_SPECIFIC,WHOSCORED_DERIVED_VALIDATED,WHOSCORED_SOURCE_SPECIFIC,WHOSCORED_DERIVED_VALIDATED,WHOSCORED_SOURCE_SPECIFIC,070f9,16.5,10.5,2.0,0.0,1.0,2dxfjlk0mrp1z5vo,FANTRAX,FANTRAX,FANTRAX,0.053731083869934,0.0651934519410133,0.1189245358109473,Yéremy Pino
soccerdata:sofascore:16363252,FTX-04GE9,crystal_palace,manchester_city,345845,6.12,3421,CAM,,True,1.0,3,1,2,0.0,2,1.0,0,3,0,0,0,2,0,0,2,8,7,observed_or_derived,False,HOME,2026-08-28,mgr:698607e509b7,Pierre Sage,2,NO_DETAILED_FANTRAX_ROW,EXACT_PLAYER_MATCH,5.0,,0.0,0,0,2.0,2.0,0,WHOSCORED_SOURCE_SPECIFIC,WHOSCORED_DERIVED_VALIDATED,WHOSCORED_SOURCE_SPECIFIC,WHOSCORED_DERIVED_VALIDATED,WHOSCORED_SOURCE_SPECIFIC,04ge9,5.0,,1.0,,,,WHOSCORED_CURRENT_OBSERVED,WHOSCORED_CURRENT_OBSERVED,WHOSCORED_CURRENT_OBSERVED,0.5111633539199829,0.0159562937915325,0.5271196477115154,Eddie Nketiah
soccerdata:sofascore:16363252,FTX-06MOW,crystal_palace,manchester_city,333048,6.54,3421,ST,,True,0.0,0,0,2,1.0,1,0.0,1,1,0,0,0,1,0,0,2,9,6,observed_or_derived,False,HOME,2026-08-28,mgr:698607e509b7,Pierre Sage,2,NO_DETAILED_FANTRAX_ROW,EXACT_PLAYER_MATCH,2.0,,0.0,0,0,1.0,1.0,0,WHOSCORED_SOURCE_SPECIFIC,WHOSCORED_DERIVED_VALIDATED,WHOSCORED_SOURCE_SPECIFIC,WHOSCORED_DERIVED_VALIDATED,WHOSCORED_SOURCE_SPECIFIC,06mow,2.0,,0.0,,,,WHOSCORED_CURRENT_OBSERVED,WHOSCORED_CURRENT_OBSERVED,WHOSCORED_CURRENT_OBSERVED,0.0409182831645011,0.0,0.0409182831645011,Jørgen Strand Larsen
soccerdata:sofascore:16363252,FTX-06ZWJ,crystal_palace,manchester_city,382587,5.85,3421,,,False,0.0,1,0,1,0.0,0,0.0,1,0,1,0,0,0,0,0,0,2,2,observed_or_derived,False,HOME,2026-08-28,mgr:698607e509b7,Pierre Sage,2,NO_DETAILED_FANTRAX_ROW,EXACT_PLAYER_MATCH,0.5,,0.0,0,0,0.0,0.0,0,WHOSCORED_SOURCE_SPECIFIC,WHOSCORED_DERIVED_VALIDATED,WHOSCORED_SOURCE_SPECIFIC,WHOSCORED_DERIVED_VALIDATED,WHOSCORED_SOURCE_SPECIFIC,06zwj,0.5,,0.0,,,,WHOSCORED_CURRENT_OBSERVED,WHOSCORED_CURRENT_OBSERVED,WHOSCORED_CURRENT_OBSERVED,0.0,0.0,0.0,Evann Guessand
soccerdata:sofascore:16363252,FTX-06EW2,crystal_palace,manchester_city,300426,6.21,3421,,,False,0.0,0,0,1,0.0,1,0.0,0,1,0,0,0,0,0,0,1,7,5,observed_or_derived,False,HOME,2026-08-28,mgr:698607e509b7,Pierre Sage,2,NO_DETAILED_FANTRAX_ROW,EXACT_PLAYER_MATCH,0.0,,0.0,0,0,1.0,0.0,0,WHOSCORED_SOURCE_SPECIFIC,WHOSCORED_DERIVED_VALIDATED,WHOSCORED_SOURCE_SPECIFIC,WHOSCORED_DERIVED_VALIDATED,WHOSCORED_SOURCE_SPECIFIC,06ew2,0.0,,0.0,,,,WHOSCORED_CURRENT_OBSERVED,WHOSCORED_CURRENT_OBSERVED,WHOSCORED_CURRENT_OBSERVED,0.0,0.0,0.0,Axel Disasi
soccerdata:sofascore:16363252,FTX-0784O,crystal_palace,manchester_city,397469,5.99,3421,,,False,0.0,0,0,0,0.0,1,0.0,0,0,1,0,0,0,0,0,0,4,2,observed_or_derived,False,HOME,2026-08-28,mgr:698607e509b7,Pierre Sage,2,EXACT_PLAYER_PERIOD_DETAILED,UNRESOLVED,1.0,1.0,0.0,0,0,1.0,1.0,0,WHOSCORED_SOURCE_SPECIFIC,WHOSCORED_DERIVED_VALIDATED,WHOSCORED_SOURCE_SPECIFIC,WHOSCORED_DERIVED_VALIDATED,WHOSCORED_SOURCE_SPECIFIC,0784o,1.0,1.0,0.0,0.0,0.0,cjn4stydmrp1z5vp,FANTRAX,FANTRAX,FANTRAX,,,,Óscar Mingueza
soccerdata:sofascore:16363252,FTX-078WK,crystal_palace,manchester_city,505602,5.86,3421,,,False,0.0,2,0,0,0.0,1,0.0,0,0,0,0,0,0,0,0,1,4,3,observed_or_derived,False,HOME,2026-08-28,mgr:698607e509b7,Pierre Sage,2,NO_DETAILED_FANTRAX_ROW,EXACT_PLAYER_MATCH,0.5,,0.0,0,0,1.0,1.0,0,WHOSCORED_SOURCE_SPECIFIC,WHOSCORED_DERIVED_VALIDATED,WHOSCORED_SOURCE_SPECIFIC,WHOSCORED_DERIVED_VALIDATED,WHOSCORED_SOURCE_SPECIFIC,078wk,0.5,,0.0,,,,WHOSCORED_CURRENT_OBSERVED,WHOSCORED_CURRENT_OBSERVED,WHOSCORED_CURRENT_OBSERVED,0.0,0.0,0.0,Zavier Gozo
soccerdata:sofascore:16363252,FTX-04P0D,crystal_palace,manchester_city,357427,5.92,3421,,,False,0.0,0,0,0,0.0,0,1.0,0,1,0,0,0,0,0,0,1,4,3,observed_or_derived,False,HOME,2026-08-28,mgr:698607e509b7,Pierre Sage,2,EXACT_PLAYER_PERIOD_DETAILED,EXACT_PLAYER_MATCH,0.5,0.5,0.0,0,0,0.0,0.0,0,WHOSCORED_SOURCE_SPECIFIC,WHOSCORED_DERIVED_VALIDATED,WHOSCORED_SOURCE_SPECIFIC,WHOSCORED_DERIVED_VALIDATED,WHOSCORED_SOURCE_SPECIFIC,04p0d,0.5,0.5,0.0,0.0,1.0,hpsurdtbmrp1z5vo,FANTRAX,FANTRAX,FANTRAX,0.0,0.0,0.0,Dwight McNeil
soccerdata:sofascore:16363252,FTX-06XZE,crystal_palace,manchester_city,130304,,3421,,,False,0.0,0,0,0,0.0,0,0.0,0,0,0,0,0,0,0,0,0,0,0,observed_or_derived,False,HOME,2026-08-28,mgr:698607e509b7,Pierre Sage,2,NO_DETAILED_FANTRAX_ROW,UNRESOLVED,0.0,,0.0,0,0,0.0,0.0,0,WHOSCORED_SOURCE_SPECIFIC,WHOSCORED_DERIVED_VALIDATED,WHOSCORED_SOURCE_SPECIFIC,WHOSCORED_DERIVED_VALIDATED,WHOSCORED_SOURCE_SPECIFIC,06xze,0.0,,,,,,WHOSCORED_CURRENT_OBSERVED,WHOSCORED_CURRENT_OBSERVED,WHOSCORED_CURRENT_OBSERVED,,,,Walter Benítez
soccerdata:sofascore:16363252,FTX-04TZT,crystal_palace,manchester_city,133464,,3421,,,False,0.0,0,0,0,0.0,0,0.0,0,0,0,0,0,0,0,0,0,0,0,observed_or_derived,False,HOME,2026-08-28,mgr:698607e509b7,Pierre Sage,2,NO_DETAILED_FANTRAX_ROW,UNRESOLVED,0.0,,0.0,0,0,0.0,0.0,0,WHOSCORED_SOURCE_SPECIFIC,WHOSCORED_DERIVED_VALIDATED,WHOSCORED_SOURCE_SPECIFIC,WHOSCORED_DERIVED_VALIDATED,WHOSCORED_SOURCE_SPECIFIC,04tzt,0.0,,,,,,WHOSCORED_CURRENT_OBSERVED,WHOSCORED_CURRENT_OBSERVED,WHOSCORED_CURRENT_OBSERVED,,,,Jefferson Lerma
soccerdata:sofascore:16363252,FTX-06JGI,crystal_palace,manchester_city,400496,,3421,,,False,0.0,0,0,0,0.0,0,0.0,0,0,0,0,0,0,0,0,0,0,0,observed_or_derived,False,HOME,2026-08-28,mgr:698607e509b7,Pierre Sage,2,EXACT_PLAYER_PERIOD_DETAILED,UNRESOLVED,0.0,,0.0,0,0,0.0,0.0,0,WHOSCORED_SOURCE_SPECIFIC,WHOSCORED_DERIVED_VALIDATED,WHOSCORED_SOURCE_SPECIFIC,WHOSCORED_DERIVED_VALIDATED,WHOSCORED_SOURCE_SPECIFIC,06jgi,0.0,,0.0,0.0,0.0,61fz0pmkmrp1z5vo,FANTRAX,FANTRAX,FANTRAX,,,,Daniel Muñoz
soccerdata:sofascore:16363252,FTX-04F6O,crystal_palace,manchester_city,108638,,3421,,,False,0.0,0,0,0,0.0,0,0.0,0,0,0,0,0,0,0,0,0,0,0,observed_or_derived,False,HOME,2026-08-28,mgr:698607e509b7,Pierre Sage,2,NO_DETAILED_FANTRAX_ROW,UNRESOLVED,0.0,,0.0,0,0,0.0,0.0,0,WHOSCORED_SOURCE_SPECIFIC,WHOSCORED_DERIVED_VALIDATED,WHOSCORED_SOURCE_SPECIFIC,WHOSCORED_DERIVED_VALIDATED,WHOSCORED_SOURCE_SPECIFIC,04f6o,0.0,,,,,,WHOSCORED_CURRENT_OBSERVED,WHOSCORED_CURRENT_OBSERVED,WHOSCORED_CURRENT_OBSERVED,,,,Will Hughes
soccerdata:sofascore:16363252,FTX-070HS,manchester_city,crystal_palace,262515,5.94,4231,GK,,True,0.0,0,0,0,0.0,0,0.0,0,2,0,0,0,1,1,1,0,39,32,observed_or_derived,False,AWAY,2026-08-28,mgr:dc01d928d84f,Enzo Maresca,2,EXACT_PLAYER_PERIOD_DETAILED,EXACT_PLAYER_MATCH,-2.0,-2.0,0.0,0,0,0.0,0.0,0,WHOSCORED_SOURCE_SPECIFIC,WHOSCORED_DERIVED_VALIDATED,WHOSCORED_SOURCE_SPECIFIC,WHOSCORED_DERIVED_VALIDATED,WHOSCORED_SOURCE_SPECIFIC,070hs,-2.0,-2.0,0.0,0.0,0.0,qwkltl98mrp1z5vp,FANTRAX,FANTRAX,FANTRAX,0.0,0.0,0.0,Gianluigi Donnarumma
soccerdata:sofascore:16363252,FTX-06R9W,manchester_city,crystal_palace,493206,7.29,4231,RB,,True,0.0,2,1,1,1.0,4,2.0,0,3,2,2,0,0,0,0,0,91,83,observed_or_derived,False,AWAY,2026-08-28,mgr:dc01d928d84f,Enzo Maresca,2,EXACT_PLAYER_PERIOD_DETAILED,EXACT_PLAYER_MATCH,8.0,8.0,0.0,2,0,4.0,3.0,0,WHOSCORED_SOURCE_SPECIFIC,WHOSCORED_DERIVED_VALIDATED,WHOSCORED_SOURCE_SPECIFIC,WHOSCORED_DERIVED_VALIDATED,WHOSCORED_SOURCE_SPECIFIC,06r9w,8.0,8.0,0.0,1.0,2.0,acjx0vg4mrp1z5vo,FANTRAX,FANTRAX,FANTRAX,0.0,0.0,0.0,Abdukodir Khusanov
soccerdata:sofascore:16363252,FTX-05OMU,manchester_city,crystal_palace,313171,7.35,4231,CB,,True,2.0,2,1,1,1.0,1,1.0,4,6,0,0,0,1,1,0,1,108,107,observed_or_derived,False,AWAY,2026-08-28,mgr:dc01d928d84f,Enzo Maresca,2,EXACT_PLAYER_PERIOD_DETAILED,EXACT_PLAYER_MATCH,12.0,12.0,0.0,0,0,1.0,1.0,0,WHOSCORED_SOURCE_SPECIFIC,WHOSCORED_DERIVED_VALIDATED,WHOSCORED_SOURCE_SPECIFIC,WHOSCORED_DERIVED_VALIDATED,WHOSCORED_SOURCE_SPECIFIC,05omu,12.0,12.0,2.0,1.0,1.0,h1vdt8ynmrp1z5vp,FANTRAX,FANTRAX,FANTRAX,0.077885590493679,0.2691110074520111,0.3469965979456901,Rúben Dias
soccerdata:sofascore:16363252,FTX-050JQ,manchester_city,crystal_palace,374631,7.2,4231,CB,,True,1.0,1,1,3,3.0,0,2.0,3,4,1,0,0,0,0,0,2,113,111,observed_or_derived,False,AWAY,2026-08-28,mgr:dc01d928d84f,Enzo Maresca,2,EXACT_PLAYER_PERIOD_DETAILED,EXACT_PLAYER_MATCH,9.5,9.5,0.0,0,0,0.0,0.0,0,WHOSCORED_SOURCE_SPECIFIC,WHOSCORED_DERIVED_VALIDATED,WHOSCORED_SOURCE_SPECIFIC,WHOSCORED_DERIVED_VALIDATED,WHOSCORED_SOURCE_SPECIFIC,050jq,9.5,9.5,1.0,3.0,2.0,hpsurdtbmrp1z5vo,FANTRAX,FANTRAX,FANTRAX,0.0,0.0367813892662525,0.0367813892662525,Marc Guéhi
soccerdata:sofascore:16363252,FTX-06EX4,manchester_city,crystal_palace,402664,7.05,4231,LB,,True,2.0,3,2,4,2.0,1,0.0,1,0,0,1,0,0,0,0,2,59,49,observed_or_derived,False,AWAY,2026-08-28,mgr:dc01d928d84f,Enzo Maresca,2,EXACT_PLAYER_PERIOD_DETAILED,EXACT_PLAYER_MATCH,16.5,9.5,0.0,1,1,1.0,0.0,0,WHOSCORED_SOURCE_SPECIFIC,WHOSCORED_DERIVED_VALIDATED,WHOSCORED_SOURCE_SPECIFIC,WHOSCORED_DERIVED_VALIDATED,WHOSCORED_SOURCE_SPECIFIC,06ex4,16.5,9.5,2.0,2.0,0.0,h1vdt8ynmrp1z5vp,FANTRAX,FANTRAX,FANTRAX,0.0,0.0720686167478561,0.0720686167478561,Josko Gvardiol
soccerdata:sofascore:16363252,FTX-05OPJ,manchester_city,crystal_palace,402596,7.78,4231,DM,,True,1.0,2,1,1,1.0,5,3.0,1,5,1,1,0,2,1,0,2,102,94,observed_or_derived,False,AWAY,2026-08-28,mgr:dc01d928d84f,Enzo Maresca,2,EXACT_PLAYER_PERIOD_DETAILED,EXACT_PLAYER_MATCH,11.0,11.0,0.0,1,1,5.0,4.0,0,WHOSCORED_SOURCE_SPECIFIC,WHOSCORED_DERIVED_VALIDATED,WHOSCORED_SOURCE_SPECIFIC,WHOSCORED_DERIVED_VALIDATED,WHOSCORED_SOURCE_SPECIFIC,05opj,11.0,11.0,1.0,1.0,3.0,acjx0vg4mrp1z5vo,FANTRAX,FANTRAX,FANTRAX,0.0497681647539138,0.3418318033218384,0.3915999680757522,Elliot Anderson
soccerdata:sofascore:16363252,FTX-067X8,manchester_city,crystal_palace,468847,6.85,4231,DM,,True,0.0,4,3,1,1.0,1,0.0,0,2,1,0,0,1,0,0,1,59,54,observed_or_derived,False,AWAY,2026-08-28,mgr:dc01d928d84f,Enzo Maresca,2,EXACT_PLAYER_PERIOD_DETAILED,EXACT_PLAYER_MATCH,3.5,3.5,0.0,0,0,1.0,1.0,0,WHOSCORED_SOURCE_SPECIFIC,WHOSCORED_DERIVED_VALIDATED,WHOSCORED_SOURCE_SPECIFIC,WHOSCORED_DERIVED_VALIDATED,WHOSCORED_SOURCE_SPECIFIC,067x8,3.5,3.5,0.0,1.0,0.0,rx9bjhp3mrp1z5vo,FANTRAX,FANTRAX,FANTRAX,0.0095858937129378,0.0,0.0095858937129378,Nico O'Reilly
soccerdata:sofascore:16363252,FTX-04ABB,manchester_city,crystal_palace,331254,8.19,4231,RW,,True,3.0,6,2,1,0.0,1,0.0,3,4,0,5,1,3,1,0,3,52,45,observed_or_derived,False,AWAY,2026-08-28,mgr:dc01d928d84f,Enzo Maresca,2,EXACT_PLAYER_PERIOD_DETAILED,EXACT_PLAYER_MATCH,22.5,10.5,0.0,4,1,1.0,1.0,2,WHOSCORED_SOURCE_SPECIFIC,WHOSCORED_DERIVED_VALIDATED,WHOSCORED_SOURCE_SPECIFIC,WHOSCORED_DERIVED_VALIDATED,WHOSCORED_SOURCE_SPECIFIC,04abb,22.5,10.5,3.0,0.0,0.0,w2mnqywumrp1z5vp,FANTRAX,FANTRAX,FANTRAX,0.8338391780853271,0.6814992427825928,1.51533842086792,Phil Foden
soccerdata:sofascore:16363252,FTX-06V07,manchester_city,crystal_palace,386153,8.95,4231,CAM,,True,3.0,5,3,1,0.0,0,0.0,0,3,0,3,0,3,3,2,4,70,63,observed_or_derived,False,AWAY,2026-08-28,mgr:dc01d928d84f,Enzo Maresca,2,EXACT_PLAYER_PERIOD_DETAILED,EXACT_PLAYER_MATCH,30.5,12.5,0.0,3,1,0.0,0.0,0,WHOSCORED_SOURCE_SPECIFIC,WHOSCORED_DERIVED_VALIDATED,WHOSCORED_SOURCE_SPECIFIC,WHOSCORED_DERIVED_VALIDATED,WHOSCORED_SOURCE_SPECIFIC,06v07,30.5,12.5,3.0,0.0,0.0,cjn4stydmrp1z5vp,FANTRAX,FANTRAX,FANTRAX,0.60223388671875,0.5660215020179749,1.1682553887367249,Rayan Cherki
soccerdata:sofascore:16363252,FTX-068Y0,manchester_city,crystal_palace,357073,7.6,4231,LW,,True,3.0,11,2,1,0.0,1,0.0,0,2,0,4,0,2,2,0,3,48,42,observed_or_derived,False,AWAY,2026-08-28,mgr:dc01d928d84f,Enzo Maresca,2,EXACT_PLAYER_PERIOD_DETAILED,EXACT_PLAYER_MATCH,15.5,9.5,0.0,4,1,1.0,0.0,1,WHOSCORED_SOURCE_SPECIFIC,WHOSCORED_DERIVED_VALIDATED,WHOSCORED_SOURCE_SPECIFIC,WHOSCORED_DERIVED_VALIDATED,WHOSCORED_SOURCE_SPECIFIC,068y0,15.5,9.5,3.0,0.0,0.0,hpsurdtbmrp1z5vo,FANTRAX,FANTRAX,FANTRAX,0.1276542842388153,0.4909993708133697,0.6186536550521851,Antoine Semenyo
soccerdata:sofascore:16363252,FTX-061VQ,manchester_city,crystal_palace,315227,8.6,4231,ST,,True,0.0,0,0,3,2.0,0,0.0,3,2,0,0,0,5,3,2,1,4,2,observed_or_derived,False,AWAY,2026-08-28,mgr:dc01d928d84f,Enzo Maresca,2,EXACT_PLAYER_PERIOD_DETAILED,EXACT_PLAYER_MATCH,25.0,7.0,0.0,0,0,0.0,0.0,0,WHOSCORED_SOURCE_SPECIFIC,WHOSCORED_DERIVED_VALIDATED,WHOSCORED_SOURCE_SPECIFIC,WHOSCORED_DERIVED_VALIDATED,WHOSCORED_SOURCE_SPECIFIC,061vq,25.0,7.0,0.0,2.0,0.0,w2mnqywumrp1z5vp,FANTRAX,FANTRAX,FANTRAX,0.6867040395736694,0.0,0.6867040395736694,Erling Haaland
soccerdata:sofascore:16363252,FTX-06R9X,manchester_city,crystal_palace,478314,6.03,4231,,,False,0.0,0,0,0,0.0,0,0.0,0,0,0,0,0,0,0,0,0,15,15,observed_or_derived,False,AWAY,2026-08-28,mgr:dc01d928d84f,Enzo Maresca,2,NO_DETAILED_FANTRAX_ROW,UNRESOLVED,0.0,,0.0,0,0,0.0,0.0,0,WHOSCORED_SOURCE_SPECIFIC,WHOSCORED_DERIVED_VALIDATED,WHOSCORED_SOURCE_SPECIFIC,WHOSCORED_DERIVED_VALIDATED,WHOSCORED_SOURCE_SPECIFIC,06r9x,0.0,,,,,,WHOSCORED_CURRENT_OBSERVED,WHOSCORED_CURRENT_OBSERVED,WHOSCORED_CURRENT_OBSERVED,,,,Vitor Reis
soccerdata:sofascore:16363252,FTX-04U41,manchester_city,crystal_palace,93894,6.16,4231,,,False,0.0,2,0,1,1.0,0,0.0,0,0,0,0,0,0,0,0,0,30,28,observed_or_derived,False,AWAY,2026-08-28,mgr:dc01d928d84f,Enzo Maresca,2,NO_DETAILED_FANTRAX_ROW,EXACT_PLAYER_MATCH,0.5,,0.0,0,0,0.0,0.0,0,WHOSCORED_SOURCE_SPECIFIC,WHOSCORED_DERIVED_VALIDATED,WHOSCORED_SOURCE_SPECIFIC,WHOSCORED_DERIVED_VALIDATED,WHOSCORED_SOURCE_SPECIFIC,04u41,0.5,,0.0,,,,WHOSCORED_CURRENT_OBSERVED,WHOSCORED_CURRENT_OBSERVED,WHOSCORED_CURRENT_OBSERVED,0.0,0.0,0.0,Mateo Kovacic
soccerdata:sofascore:16363252,FTX-0792S,manchester_city,crystal_palace,504830,6.38,4231,,,False,0.0,0,0,0,0.0,0,1.0,0,0,0,0,1,0,0,0,0,21,21,observed_or_derived,False,AWAY,2026-08-28,mgr:dc01d928d84f,Enzo Maresca,2,NO_DETAILED_FANTRAX_ROW,EXACT_PLAYER_MATCH,1.0,,0.0,0,0,0.0,0.0,0,WHOSCORED_SOURCE_SPECIFIC,WHOSCORED_DERIVED_VALIDATED,WHOSCORED_SOURCE_SPECIFIC,WHOSCORED_DERIVED_VALIDATED,WHOSCORED_SOURCE_SPECIFIC,0792s,1.0,,0.0,,,,WHOSCORED_CURRENT_OBSERVED,WHOSCORED_CURRENT_OBSERVED,WHOSCORED_CURRENT_OBSERVED,0.0,0.0,0.0,Ayyoub Bouaddi
soccerdata:sofascore:16363252,pr_d558b69abee50c37,manchester_city,crystal_palace,540462,6.03,4231,,,False,0.0,0,0,0,0.0,0,0.0,0,1,0,0,0,0,0,0,0,10,10,observed_or_derived,False,AWAY,2026-08-28,mgr:dc01d928d84f,Enzo Maresca,2,NO_DETAILED_FANTRAX_ROW,UNRESOLVED,0.0,,0.0,0,0,0.0,0.0,0,WHOSCORED_SOURCE_SPECIFIC,WHOSCORED_DERIVED_VALIDATED,WHOSCORED_SOURCE_SPECIFIC,WHOSCORED_DERIVED_VALIDATED,WHOSCORED_SOURCE_SPECIFIC,06pry,0.0,,,,,,WHOSCORED_CURRENT_OBSERVED,WHOSCORED_CURRENT_OBSERVED,WHOSCORED_CURRENT_OBSERVED,,,,Kaden Braithwaite
soccerdata:sofascore:16363252,FTX-0722T,manchester_city,crystal_palace,584927,6.24,4231,,,False,0.0,1,1,0,0.0,0,0.0,0,0,0,0,0,1,0,0,0,5,2,observed_or_derived,False,AWAY,2026-08-28,mgr:dc01d928d84f,Enzo Maresca,2,NO_DETAILED_FANTRAX_ROW,UNRESOLVED,1.0,,0.0,0,0,0.0,0.0,0,WHOSCORED_SOURCE_SPECIFIC,WHOSCORED_DERIVED_VALIDATED,WHOSCORED_SOURCE_SPECIFIC,WHOSCORED_DERIVED_VALIDATED,WHOSCORED_SOURCE_SPECIFIC,0722t,1.0,,,,,,WHOSCORED_CURRENT_OBSERVED,WHOSCORED_CURRENT_OBSERVED,WHOSCORED_CURRENT_OBSERVED,,,,Ryan McAidoo
soccerdata:sofascore:16363252,FTX-05OS4,manchester_city,crystal_palace,355401,,4231,,,False,0.0,0,0,0,0.0,0,0.0,0,0,0,0,0,0,0,0,0,0,0,observed_or_derived,False,AWAY,2026-08-28,mgr:dc01d928d84f,Enzo Maresca,2,EXACT_PLAYER_PERIOD_DETAILED,UNRESOLVED,0.0,,0.0,0,0,0.0,0.0,0,WHOSCORED_SOURCE_SPECIFIC,WHOSCORED_DERIVED_VALIDATED,WHOSCORED_SOURCE_SPECIFIC,WHOSCORED_DERIVED_VALIDATED,WHOSCORED_SOURCE_SPECIFIC,05os4,0.0,,0.0,0.0,0.0,hpsurdtbmrp1z5vo,FANTRAX,FANTRAX,FANTRAX,,,,Rayan Aït-Nouri
soccerdata:sofascore:16363252,FTX-04AI5,manchester_city,crystal_palace,125375,,4231,,,False,0.0,0,0,0,0.0,0,0.0,0,0,0,0,0,0,0,0,0,0,0,observed_or_derived,False,AWAY,2026-08-28,mgr:dc01d928d84f,Enzo Maresca,2,NO_DETAILED_FANTRAX_ROW,UNRESOLVED,0.0,,0.0,0,0,0.0,0.0,0,WHOSCORED_SOURCE_SPECIFIC,WHOSCORED_DERIVED_VALIDATED,WHOSCORED_SOURCE_SPECIFIC,WHOSCORED_DERIVED_VALIDATED,WHOSCORED_SOURCE_SPECIFIC,04ai5,0.0,,,,,,WHOSCORED_CURRENT_OBSERVED,WHOSCORED_CURRENT_OBSERVED,WHOSCORED_CURRENT_OBSERVED,,,,Gerónimo Rulli
soccerdata:sofascore:16363252,FTX-062X7,manchester_city,crystal_palace,444791,,4231,,,False,0.0,0,0,0,0.0,0,0.0,0,0,0,0,0,0,0,0,0,0,0,observed_or_derived,False,AWAY,2026-08-28,mgr:dc01d928d84f,Enzo Maresca,2,NO_DETAILED_FANTRAX_ROW,UNRESOLVED,0.0,,0.0,0,0,0.0,0.0,0,WHOSCORED_SOURCE_SPECIFIC,WHOSCORED_DERIVED_VALIDATED,WHOSCORED_SOURCE_SPECIFIC,WHOSCORED_DERIVED_VALIDATED,WHOSCORED_SOURCE_SPECIFIC,062x7,0.0,,,,,,WHOSCORED_CURRENT_OBSERVED,WHOSCORED_CURRENT_OBSERVED,WHOSCORED_CURRENT_OBSERVED,,,,Rico Lewis
soccerdata:sofascore:16363252,FTX-06KYW,manchester_city,crystal_palace,478241,,4231,,,False,0.0,0,0,0,0.0,0,0.0,0,0,0,0,0,0,0,0,0,0,0,observed_or_derived,False,AWAY,2026-08-28,mgr:dc01d928d84f,Enzo Maresca,2,NO_DETAILED_FANTRAX_ROW,UNRESOLVED,0.0,,0.0,0,0,0.0,0.0,0,WHOSCORED_SOURCE_SPECIFIC,WHOSCORED_DERIVED_VALIDATED,WHOSCORED_SOURCE_SPECIFIC,WHOSCORED_DERIVED_VALIDATED,WHOSCORED_SOURCE_SPECIFIC,06kyw,0.0,,,,,,WHOSCORED_CURRENT_OBSERVED,WHOSCORED_CURRENT_OBSERVED,WHOSCORED_CURRENT_OBSERVED,,,,Claudio Echeverri
soccerdata:sofascore:16363254,FTX-04SJT,liverpool,nottingham_forest,114147,5.64,4231,GK,,True,0.0,0,0,0,0.0,0,0.0,1,1,0,0,0,0,0,0,1,31,31,observed_or_derived,False,HOME,2026-08-29,mgr:b4b8eecb310f,Andoni Iraola,2,EXACT_PLAYER_PERIOD_DETAILED,EXACT_PLAYER_MATCH,-1.0,-1.0,0.0,0,0,0.0,0.0,0,WHOSCORED_SOURCE_SPECIFIC,WHOSCORED_DERIVED_VALIDATED,WHOSCORED_SOURCE_SPECIFIC,WHOSCORED_DERIVED_VALIDATED,WHOSCORED_SOURCE_SPECIFIC,04sjt,-1.0,-1.0,0.0,0.0,0.0,h1vdt8ynmrp1z5vp,FANTRAX,FANTRAX,FANTRAX,0.0,0.0,0.0,Alisson Becker
soccerdata:sofascore:16363254,FTX-06V05,liverpool,nottingham_forest,392644,6.17,4231,RB,,True,1.0,2,0,0,0.0,2,0.0,4,3,1,4,0,0,0,0,1,49,42,observed_or_derived,False,HOME,2026-08-29,mgr:b4b8eecb310f,Andoni Iraola,2,EXACT_PLAYER_PERIOD_DETAILED,EXACT_PLAYER_MATCH,3.0,3.0,0.0,4,0,2.0,1.0,0,WHOSCORED_SOURCE_SPECIFIC,WHOSCORED_DERIVED_VALIDATED,WHOSCORED_SOURCE_SPECIFIC,WHOSCORED_DERIVED_VALIDATED,WHOSCORED_SOURCE_SPECIFIC,06v05,3.0,3.0,1.0,0.0,0.0,w2mnqywumrp1z5vp,FANTRAX,FANTRAX,FANTRAX,0.0,0.0431804358959198,0.0431804358959198,Jeremie Frimpong
soccerdata:sofascore:16363254,FTX-0784Z,liverpool,nottingham_forest,468827,7.27,4231,CB,,True,1.0,1,1,4,3.0,3,3.0,4,4,0,0,0,0,0,0,2,94,85,observed_or_derived,False,HOME,2026-08-29,mgr:b4b8eecb310f,Andoni Iraola,2,EXACT_PLAYER_PERIOD_DETAILED,EXACT_PLAYER_MATCH,11.0,11.0,0.0,0,0,3.0,1.0,0,WHOSCORED_SOURCE_SPECIFIC,WHOSCORED_DERIVED_VALIDATED,WHOSCORED_SOURCE_SPECIFIC,WHOSCORED_DERIVED_VALIDATED,WHOSCORED_SOURCE_SPECIFIC,0784z,11.0,11.0,1.0,3.0,3.0,aup99ojzmrp1z5vp,FANTRAX,FANTRAX,FANTRAX,0.0,0.0135188996791839,0.0135188996791839,Jérémy Jacquet
soccerdata:sofascore:16363254,FTX-03VLJ,liverpool,nottingham_forest,95408,6.75,4231,CB,,True,0.0,0,0,7,5.0,0,1.0,6,5,0,0,0,0,0,0,0,115,103,observed_or_derived,False,HOME,2026-08-29,mgr:b4b8eecb310f,Andoni Iraola,2,EXACT_PLAYER_PERIOD_DETAILED,EXACT_PLAYER_MATCH,7.0,7.0,0.0,0,0,0.0,0.0,0,WHOSCORED_SOURCE_SPECIFIC,WHOSCORED_DERIVED_VALIDATED,WHOSCORED_SOURCE_SPECIFIC,WHOSCORED_DERIVED_VALIDATED,WHOSCORED_SOURCE_SPECIFIC,03vlj,7.0,7.0,0.0,5.0,1.0,61fz0pmkmrp1z5vo,FANTRAX,FANTRAX,FANTRAX,0.0,0.0,0.0,Virgil van Dijk
soccerdata:sofascore:16363254,FTX-06DO9,liverpool,nottingham_forest,424273,6.52,4231,LB,,True,1.0,1,0,2,1.0,1,1.0,4,4,1,2,0,0,0,0,1,42,34,observed_or_derived,False,HOME,2026-08-29,mgr:b4b8eecb310f,Andoni Iraola,2,EXACT_PLAYER_PERIOD_DETAILED,EXACT_PLAYER_MATCH,7.0,7.0,0.0,2,0,1.0,1.0,0,WHOSCORED_SOURCE_SPECIFIC,WHOSCORED_DERIVED_VALIDATED,WHOSCORED_SOURCE_SPECIFIC,WHOSCORED_DERIVED_VALIDATED,WHOSCORED_SOURCE_SPECIFIC,06do9,7.0,7.0,1.0,1.0,1.0,aup99ojzmrp1z5vp,FANTRAX,FANTRAX,FANTRAX,0.0,0.0160569157451391,0.0160569157451391,Milos Kerkez
soccerdata:sofascore:16363254,FTX-0522H,liverpool,nottingham_forest,345319,6.42,4231,DM,,True,0.0,3,1,6,1.0,3,0.0,2,5,1,0,1,0,0,0,4,59,52,observed_or_derived,False,HOME,2026-08-29,mgr:b4b8eecb310f,Andoni Iraola,2,NO_DETAILED_FANTRAX_ROW,EXACT_PLAYER_MATCH,2.5,,0.0,0,0,3.0,0.0,0,WHOSCORED_SOURCE_SPECIFIC,WHOSCORED_DERIVED_VALIDATED,WHOSCORED_SOURCE_SPECIFIC,WHOSCORED_DERIVED_VALIDATED,WHOSCORED_SOURCE_SPECIFIC,0522h,2.5,,0.0,,,,WHOSCORED_CURRENT_OBSERVED,WHOSCORED_CURRENT_OBSERVED,WHOSCORED_CURRENT_OBSERVED,0.0,0.0,0.0,Alexis Mac Allister
soccerdata:sofascore:16363254,FTX-06CMM,liverpool,nottingham_forest,369875,7.11,4231,DM,,True,2.0,4,1,3,0.0,3,1.0,1,7,2,10,0,3,1,0,2,96,82,observed_or_derived,False,HOME,2026-08-29,mgr:b4b8eecb310f,Andoni Iraola,2,EXACT_PLAYER_PERIOD_DETAILED,EXACT_PLAYER_MATCH,13.5,13.5,0.0,10,3,3.0,3.0,0,WHOSCORED_SOURCE_SPECIFIC,WHOSCORED_DERIVED_VALIDATED,WHOSCORED_SOURCE_SPECIFIC,WHOSCORED_DERIVED_VALIDATED,WHOSCORED_SOURCE_SPECIFIC,06cmm,13.5,13.5,2.0,0.0,1.0,rx9bjhp3mrp1z5vo,FANTRAX,FANTRAX,FANTRAX,0.1007902026176452,0.1201996207237243,0.2209898233413695,Dominik Szoboszlai
soccerdata:sofascore:16363254,FTX-067YV,liverpool,nottingham_forest,352825,6.82,4231,RW,,True,2.0,4,1,0,0.0,0,1.0,0,2,0,5,0,0,0,0,0,30,23,observed_or_derived,False,HOME,2026-08-29,mgr:b4b8eecb310f,Andoni Iraola,2,EXACT_PLAYER_PERIOD_DETAILED,EXACT_PLAYER_MATCH,12.0,6.0,0.0,5,1,0.0,0.0,1,WHOSCORED_SOURCE_SPECIFIC,WHOSCORED_DERIVED_VALIDATED,WHOSCORED_SOURCE_SPECIFIC,WHOSCORED_DERIVED_VALIDATED,WHOSCORED_SOURCE_SPECIFIC,067yv,12.0,6.0,2.0,0.0,1.0,ayk8m85amrp1z5vo,FANTRAX,FANTRAX,FANTRAX,0.0,0.7244150042533875,0.7244150042533875,Cody Gakpo
soccerdata:sofascore:16363254,FTX-06V21,liverpool,nottingham_forest,394786,7.1,4231,CAM,,True,1.0,3,1,2,1.0,3,0.0,0,7,1,1,1,2,2,0,1,54,42,observed_or_derived,False,HOME,2026-08-29,mgr:b4b8eecb310f,Andoni Iraola,2,EXACT_PLAYER_PERIOD_DETAILED,EXACT_PLAYER_MATCH,10.5,4.5,0.0,1,0,3.0,2.0,1,WHOSCORED_SOURCE_SPECIFIC,WHOSCORED_DERIVED_VALIDATED,WHOSCORED_SOURCE_SPECIFIC,WHOSCORED_DERIVED_VALIDATED,WHOSCORED_SOURCE_SPECIFIC,06v21,10.5,4.5,1.0,1.0,0.0,ayk8m85amrp1z5vo,FANTRAX,FANTRAX,FANTRAX,0.182809367775917,0.0612611249089241,0.2440704926848411,Florian Wirtz
soccerdata:sofascore:16363254,pr_2dc8909ca052885f,liverpool,nottingham_forest,548106,7.57,4231,LW,,True,1.0,7,1,1,0.0,2,3.0,1,1,1,5,0,4,2,1,7,24,16,observed_or_derived,False,HOME,2026-08-29,mgr:b4b8eecb310f,Andoni Iraola,2,EXACT_PLAYER_PERIOD_DETAILED,UNRESOLVED,16.5,7.5,0.0,4,1,2.0,0.0,0,WHOSCORED_SOURCE_SPECIFIC,WHOSCORED_DERIVED_VALIDATED,WHOSCORED_SOURCE_SPECIFIC,WHOSCORED_DERIVED_VALIDATED,WHOSCORED_SOURCE_SPECIFIC,076qg,16.5,7.5,1.0,0.0,3.0,qwkltl98mrp1z5vp,FANTRAX,FANTRAX,FANTRAX,,,,Víctor Muñoz
soccerdata:sofascore:16363254,FTX-0646F,liverpool,nottingham_forest,299254,7.13,4231,ST,,True,1.0,0,0,2,1.0,1,0.0,0,0,1,0,0,3,2,1,1,4,2,observed_or_derived,False,HOME,2026-08-29,mgr:b4b8eecb310f,Andoni Iraola,2,EXACT_PLAYER_PERIOD_DETAILED,EXACT_PLAYER_MATCH,13.0,4.0,0.0,0,0,1.0,0.0,0,WHOSCORED_SOURCE_SPECIFIC,WHOSCORED_DERIVED_VALIDATED,WHOSCORED_SOURCE_SPECIFIC,WHOSCORED_DERIVED_VALIDATED,WHOSCORED_SOURCE_SPECIFIC,0646f,13.0,4.0,1.0,1.0,0.0,aup99ojzmrp1z5vp,FANTRAX,FANTRAX,FANTRAX,0.7642563581466675,0.0618557333946228,0.8261120915412903,Alexander Isak
soccerdata:sofascore:16363254,FTX-06FXE,liverpool,nottingham_forest,363884,6.23,4231,,,False,1.0,1,0,0,0.0,1,0.0,0,0,0,0,0,0,0,0,1,10,10,observed_or_derived,False,HOME,2026-08-29,mgr:b4b8eecb310f,Andoni Iraola,2,EXACT_PLAYER_PERIOD_DETAILED,EXACT_PLAYER_MATCH,2.0,2.0,0.0,0,0,1.0,1.0,0,WHOSCORED_SOURCE_SPECIFIC,WHOSCORED_DERIVED_VALIDATED,WHOSCORED_SOURCE_SPECIFIC,WHOSCORED_DERIVED_VALIDATED,WHOSCORED_SOURCE_SPECIFIC,06fxe,2.0,2.0,1.0,0.0,0.0,aup99ojzmrp1z5vp,FANTRAX,FANTRAX,FANTRAX,0.0,0.0477874092757701,0.0477874092757701,Ryan Gravenberch
soccerdata:sofascore:16363254,FTX-078I7,liverpool,nottingham_forest,384711,6.13,4231,,,False,0.0,0,0,0,0.0,0,0.0,0,2,0,0,0,0,0,0,1,26,24,observed_or_derived,False,HOME,2026-08-29,mgr:b4b8eecb310f,Andoni Iraola,2,NO_DETAILED_FANTRAX_ROW,EXACT_PLAYER_MATCH,-1.0,,0.0,0,0,0.0,0.0,0,WHOSCORED_SOURCE_SPECIFIC,WHOSCORED_DERIVED_VALIDATED,WHOSCORED_SOURCE_SPECIFIC,WHOSCORED_DERIVED_VALIDATED,WHOSCORED_SOURCE_SPECIFIC,078i7,-1.0,,0.0,,,,WHOSCORED_CURRENT_OBSERVED,WHOSCORED_CURRENT_OBSERVED,WHOSCORED_CURRENT_OBSERVED,0.0,0.0,0.0,Ronald Araujo
soccerdata:sofascore:16363254,FTX-06R2G,liverpool,nottingham_forest,548566,6.32,4231,,,False,0.0,3,2,1,0.0,0,0.0,0,0,0,3,0,0,0,0,0,12,8,observed_or_derived,False,HOME,2026-08-29,mgr:b4b8eecb310f,Andoni Iraola,2,NO_DETAILED_FANTRAX_ROW,EXACT_PLAYER_MATCH,1.5,,0.0,3,0,0.0,0.0,0,WHOSCORED_SOURCE_SPECIFIC,WHOSCORED_DERIVED_VALIDATED,WHOSCORED_SOURCE_SPECIFIC,WHOSCORED_DERIVED_VALIDATED,WHOSCORED_SOURCE_SPECIFIC,06r2g,1.5,,0.0,,,,WHOSCORED_CURRENT_OBSERVED,WHOSCORED_CURRENT_OBSERVED,WHOSCORED_CURRENT_OBSERVED,0.0,0.0,0.0,Rio Ngumoha
soccerdata:sofascore:16363254,FTX-06HZE,liverpool,nottingham_forest,509423,6.35,4231,,,False,0.0,0,0,1,0.0,2,1.0,0,2,0,0,0,0,0,0,0,20,18,observed_or_derived,False,HOME,2026-08-29,mgr:b4b8eecb310f,Andoni Iraola,2,NO_DETAILED_FANTRAX_ROW,EXACT_PLAYER_MATCH,1.0,,0.0,0,0,2.0,0.0,0,WHOSCORED_SOURCE_SPECIFIC,WHOSCORED_DERIVED_VALIDATED,WHOSCORED_SOURCE_SPECIFIC,WHOSCORED_DERIVED_VALIDATED,WHOSCORED_SOURCE_SPECIFIC,06hze,1.0,,0.0,,,,WHOSCORED_CURRENT_OBSERVED,WHOSCORED_CURRENT_OBSERVED,WHOSCORED_CURRENT_OBSERVED,0.0,0.0,0.0,Trey Nyoni
soccerdata:sofascore:16363254,FTX-06XZG,liverpool,nottingham_forest,401633,,4231,,,False,0.0,0,0,0,0.0,0,0.0,0,0,0,0,0,0,0,0,0,0,0,observed_or_derived,False,HOME,2026-08-29,mgr:b4b8eecb310f,Andoni Iraola,2,NO_DETAILED_FANTRAX_ROW,UNRESOLVED,0.0,,0.0,0,0,0.0,0.0,0,WHOSCORED_SOURCE_SPECIFIC,WHOSCORED_DERIVED_VALIDATED,WHOSCORED_SOURCE_SPECIFIC,WHOSCORED_DERIVED_VALIDATED,WHOSCORED_SOURCE_SPECIFIC,06xzg,0.0,,,,,,WHOSCORED_CURRENT_OBSERVED,WHOSCORED_CURRENT_OBSERVED,WHOSCORED_CURRENT_OBSERVED,,,,Giorgi Mamardashvili
soccerdata:sofascore:16363254,FTX-06FSO,liverpool,nottingham_forest,86829,,4231,,,False,0.0,0,0,0,0.0,0,0.0,0,0,0,0,0,0,0,0,0,0,0,observed_or_derived,False,HOME,2026-08-29,mgr:b4b8eecb310f,Andoni Iraola,2,NO_DETAILED_FANTRAX_ROW,UNRESOLVED,0.0,,0.0,0,0,0.0,0.0,0,WHOSCORED_SOURCE_SPECIFIC,WHOSCORED_DERIVED_VALIDATED,WHOSCORED_SOURCE_SPECIFIC,WHOSCORED_DERIVED_VALIDATED,WHOSCORED_SOURCE_SPECIFIC,06fso,0.0,,,,,,WHOSCORED_CURRENT_OBSERVED,WHOSCORED_CURRENT_OBSERVED,WHOSCORED_CURRENT_OBSERVED,,,,Wataru Endo
soccerdata:sofascore:16363254,FTX-06DO3,liverpool,nottingham_forest,492375,,4231,,,False,0.0,0,0,0,0.0,0,0.0,0,0,0,0,0,0,0,0,0,0,0,observed_or_derived,False,HOME,2026-08-29,mgr:b4b8eecb310f,Andoni Iraola,2,NO_DETAILED_FANTRAX_ROW,UNRESOLVED,0.0,,0.0,0,0,0.0,0.0,0,WHOSCORED_SOURCE_SPECIFIC,WHOSCORED_DERIVED_VALIDATED,WHOSCORED_SOURCE_SPECIFIC,WHOSCORED_DERIVED_VALIDATED,WHOSCORED_SOURCE_SPECIFIC,06do3,0.0,,,,,,WHOSCORED_CURRENT_OBSERVED,WHOSCORED_CURRENT_OBSERVED,WHOSCORED_CURRENT_OBSERVED,,,,James McConnell
soccerdata:sofascore:16363254,FTX-04F6H,nottingham_forest,liverpool,78386,6.33,3421,GK,,True,0.0,0,0,2,2.0,0,0.0,2,2,0,0,0,0,0,0,0,38,14,observed_or_derived,False,AWAY,2026-08-29,mgr:1058459b93f2,Oliver Glasner,2,EXACT_PLAYER_PERIOD_DETAILED,EXACT_PLAYER_MATCH,5.5,5.5,0.0,0,0,0.0,0.0,0,WHOSCORED_SOURCE_SPECIFIC,WHOSCORED_DERIVED_VALIDATED,WHOSCORED_SOURCE_SPECIFIC,WHOSCORED_DERIVED_VALIDATED,WHOSCORED_SOURCE_SPECIFIC,04f6h,5.5,5.5,0.0,2.0,0.0,h2e8dn5dmrp1z5vp,FANTRAX,FANTRAX,FANTRAX,0.0,0.0,0.0,Matz Sels
soccerdata:sofascore:16363254,FTX-06YGM,nottingham_forest,liverpool,443545,6.4,3421,CB,,True,0.0,0,0,2,1.0,2,0.0,6,3,1,0,0,0,0,0,3,17,12,observed_or_derived,False,AWAY,2026-08-29,mgr:1058459b93f2,Oliver Glasner,2,NO_DETAILED_FANTRAX_ROW,EXACT_PLAYER_MATCH,3.0,,0.0,0,0,2.0,1.0,0,WHOSCORED_SOURCE_SPECIFIC,WHOSCORED_DERIVED_VALIDATED,WHOSCORED_SOURCE_SPECIFIC,WHOSCORED_DERIVED_VALIDATED,WHOSCORED_SOURCE_SPECIFIC,06ygm,3.0,,0.0,,,,WHOSCORED_CURRENT_OBSERVED,WHOSCORED_CURRENT_OBSERVED,WHOSCORED_CURRENT_OBSERVED,0.0,0.0,0.0,Jair Cunha
soccerdata:sofascore:16363254,FTX-06FWZ,nottingham_forest,liverpool,445424,6.54,3421,CB,,True,0.0,2,0,2,2.0,0,1.0,6,3,0,1,0,1,1,0,1,19,16,observed_or_derived,False,AWAY,2026-08-29,mgr:1058459b93f2,Oliver Glasner,2,EXACT_PLAYER_PERIOD_DETAILED,EXACT_PLAYER_MATCH,3.5,3.5,0.0,0,0,0.0,0.0,0,WHOSCORED_SOURCE_SPECIFIC,WHOSCORED_DERIVED_VALIDATED,WHOSCORED_SOURCE_SPECIFIC,WHOSCORED_DERIVED_VALIDATED,WHOSCORED_SOURCE_SPECIFIC,06fwz,3.5,3.5,0.0,2.0,1.0,h2e8dn5dmrp1z5vp,FANTRAX,FANTRAX,FANTRAX,0.0761319920420646,0.0,0.0761319920420646,Murillo
soccerdata:sofascore:16363254,FTX-06MW0,nottingham_forest,liverpool,319785,6.75,3421,CB,,True,0.0,0,0,1,1.0,3,3.0,7,3,0,0,0,0,0,0,1,14,10,observed_or_derived,False,AWAY,2026-08-29,mgr:1058459b93f2,Oliver Glasner,2,EXACT_PLAYER_PERIOD_DETAILED,EXACT_PLAYER_MATCH,6.5,6.5,0.0,0,0,3.0,1.0,0,WHOSCORED_SOURCE_SPECIFIC,WHOSCORED_DERIVED_VALIDATED,WHOSCORED_SOURCE_SPECIFIC,WHOSCORED_DERIVED_VALIDATED,WHOSCORED_SOURCE_SPECIFIC,06mw0,6.5,6.5,0.0,1.0,3.0,ayk8m85amrp1z5vo,FANTRAX,FANTRAX,FANTRAX,0.0,0.0,0.0,Nikola Milenkovic
soccerdata:sofascore:16363254,FTX-03FRX,nottingham_forest,liverpool,315543,6.56,3421,RWB,,True,1.0,2,1,0,0.0,2,1.0,2,4,1,2,0,0,0,0,4,50,28,observed_or_derived,False,AWAY,2026-08-29,mgr:1058459b93f2,Oliver Glasner,2,EXACT_PLAYER_PERIOD_DETAILED,EXACT_PLAYER_MATCH,2.5,2.5,0.0,2,1,2.0,1.0,0,WHOSCORED_SOURCE_SPECIFIC,WHOSCORED_DERIVED_VALIDATED,WHOSCORED_SOURCE_SPECIFIC,WHOSCORED_DERIVED_VALIDATED,WHOSCORED_SOURCE_SPECIFIC,03frx,2.5,2.5,1.0,0.0,1.0,rx9bjhp3mrp1z5vo,FANTRAX,FANTRAX,FANTRAX,0.0,0.1072202175855636,0.1072202175855636,Ola Aina
soccerdata:sofascore:16363254,FTX-05A6E,nottingham_forest,liverpool,386969,7.76,3421,LWB,,True,2.0,1,0,2,1.0,6,0.0,3,1,1,3,0,1,0,0,1,37,29,observed_or_derived,False,AWAY,2026-08-29,mgr:1058459b93f2,Oliver Glasner,2,EXACT_PLAYER_PERIOD_DETAILED,EXACT_PLAYER_MATCH,21.5,14.5,0.0,3,1,6.0,4.0,0,WHOSCORED_SOURCE_SPECIFIC,WHOSCORED_DERIVED_VALIDATED,WHOSCORED_SOURCE_SPECIFIC,WHOSCORED_DERIVED_VALIDATED,WHOSCORED_SOURCE_SPECIFIC,05a6e,21.5,14.5,2.0,1.0,0.0,hpsurdtbmrp1z5vo,FANTRAX,FANTRAX,FANTRAX,0.2364779859781265,0.1479341089725494,0.3844120949506759,Neco Williams
soccerdata:sofascore:16363254,FTX-05UHS,nottingham_forest,liverpool,425576,6.55,3421,CM,,True,1.0,2,1,3,2.0,1,0.0,2,5,1,2,2,0,0,0,2,41,24,observed_or_derived,False,AWAY,2026-08-29,mgr:1058459b93f2,Oliver Glasner,2,EXACT_PLAYER_PERIOD_DETAILED,EXACT_PLAYER_MATCH,5.5,5.5,0.0,2,0,1.0,1.0,0,WHOSCORED_SOURCE_SPECIFIC,WHOSCORED_DERIVED_VALIDATED,WHOSCORED_SOURCE_SPECIFIC,WHOSCORED_DERIVED_VALIDATED,WHOSCORED_SOURCE_SPECIFIC,05uhs,5.5,5.5,1.0,2.0,0.0,2dxfjlk0mrp1z5vo,FANTRAX,FANTRAX,FANTRAX,0.0,0.2299349457025528,0.2299349457025528,James McAtee
soccerdata:sofascore:16363254,FTX-06ZNA,nottingham_forest,liverpool,398414,7.33,3421,CAM,,True,2.0,5,2,0,0.0,0,1.0,1,8,2,1,0,3,1,1,2,17,13,observed_or_derived,False,AWAY,2026-08-29,mgr:1058459b93f2,Oliver Glasner,2,NO_DETAILED_FANTRAX_ROW,EXACT_PLAYER_MATCH,17.0,,0.0,0,0,0.0,0.0,0,WHOSCORED_SOURCE_SPECIFIC,WHOSCORED_DERIVED_VALIDATED,WHOSCORED_SOURCE_SPECIFIC,WHOSCORED_DERIVED_VALIDATED,WHOSCORED_SOURCE_SPECIFIC,06zna,17.0,,2.0,,,,WHOSCORED_CURRENT_OBSERVED,WHOSCORED_CURRENT_OBSERVED,WHOSCORED_CURRENT_OBSERVED,0.647243320941925,0.9351332783699036,1.5823765993118286,Dan Ndoye
soccerdata:sofascore:16363254,FTX-04QR9,nottingham_forest,liverpool,332867,7.5,3421,CAM,,True,1.0,3,1,2,1.0,2,0.0,1,2,1,0,0,1,1,1,2,22,18,observed_or_derived,False,AWAY,2026-08-29,mgr:1058459b93f2,Oliver Glasner,2,EXACT_PLAYER_PERIOD_DETAILED,EXACT_PLAYER_MATCH,21.5,6.5,0.0,0,0,2.0,1.0,1,WHOSCORED_SOURCE_SPECIFIC,WHOSCORED_DERIVED_VALIDATED,WHOSCORED_SOURCE_SPECIFIC,WHOSCORED_DERIVED_VALIDATED,WHOSCORED_SOURCE_SPECIFIC,04qr9,21.5,6.5,1.0,1.0,0.0,h2e8dn5dmrp1z5vp,FANTRAX,FANTRAX,FANTRAX,0.7611688375473022,0.2842428684234619,1.0454117059707642,Morgan Gibbs-White
soccerdata:sofascore:16363254,FTX-06Y9O,nottingham_forest,liverpool,397497,7.13,3421,ST,,True,1.0,3,1,11,6.0,1,0.0,3,1,0,0,0,3,3,0,5,29,21,observed_or_derived,False,AWAY,2026-08-29,mgr:1058459b93f2,Oliver Glasner,2,EXACT_PLAYER_PERIOD_DETAILED,EXACT_PLAYER_MATCH,8.0,8.0,0.0,0,0,1.0,1.0,0,WHOSCORED_SOURCE_SPECIFIC,WHOSCORED_DERIVED_VALIDATED,WHOSCORED_SOURCE_SPECIFIC,WHOSCORED_DERIVED_VALIDATED,WHOSCORED_SOURCE_SPECIFIC,06y9o,8.0,8.0,1.0,6.0,0.0,qwkltl98mrp1z5vp,FANTRAX,FANTRAX,FANTRAX,1.0423535108566284,0.1330655366182327,1.1754190474748611,Igor Jesus
soccerdata:sofascore:16363254,FTX-06FY7,nottingham_forest,liverpool,334653,5.96,3421,,,False,0.0,0,0,0,0.0,0,0.0,0,0,0,0,0,0,0,0,0,2,1,observed_or_derived,False,AWAY,2026-08-29,mgr:1058459b93f2,Oliver Glasner,2,NO_DETAILED_FANTRAX_ROW,EXACT_PLAYER_MATCH,-0.5,,0.0,0,0,0.0,0.0,0,WHOSCORED_SOURCE_SPECIFIC,WHOSCORED_DERIVED_VALIDATED,WHOSCORED_SOURCE_SPECIFIC,WHOSCORED_DERIVED_VALIDATED,WHOSCORED_SOURCE_SPECIFIC,06fy7,-0.5,,0.0,,,,WHOSCORED_CURRENT_OBSERVED,WHOSCORED_CURRENT_OBSERVED,WHOSCORED_CURRENT_OBSERVED,0.0,0.0,0.0,Nicolás Domínguez
soccerdata:sofascore:16363254,FTX-072ZR,nottingham_forest,liverpool,394888,6.09,3421,,,False,0.0,0,0,0,0.0,1,0.0,0,0,1,0,0,0,0,0,0,1,0,observed_or_derived,False,AWAY,2026-08-29,mgr:1058459b93f2,Oliver Glasner,2,NO_DETAILED_FANTRAX_ROW,EXACT_PLAYER_MATCH,1.0,,0.0,0,0,1.0,1.0,0,WHOSCORED_SOURCE_SPECIFIC,WHOSCORED_DERIVED_VALIDATED,WHOSCORED_SOURCE_SPECIFIC,WHOSCORED_DERIVED_VALIDATED,WHOSCORED_SOURCE_SPECIFIC,072zr,1.0,,0.0,,,,WHOSCORED_CURRENT_OBSERVED,WHOSCORED_CURRENT_OBSERVED,WHOSCORED_CURRENT_OBSERVED,0.0,0.0,0.0,Luca Netz
soccerdata:sofascore:16363254,FTX-05OIG,nottingham_forest,liverpool,401254,6.36,3421,,,False,1.0,3,2,2,0.0,0,0.0,0,0,0,0,0,1,1,0,0,5,3,observed_or_derived,False,AWAY,2026-08-29,mgr:1058459b93f2,Oliver Glasner,2,EXACT_PLAYER_PERIOD_DETAILED,EXACT_PLAYER_MATCH,3.0,3.0,0.0,0,0,0.0,0.0,0,WHOSCORED_SOURCE_SPECIFIC,WHOSCORED_DERIVED_VALIDATED,WHOSCORED_SOURCE_SPECIFIC,WHOSCORED_DERIVED_VALIDATED,WHOSCORED_SOURCE_SPECIFIC,05oig,3.0,3.0,1.0,0.0,0.0,61fz0pmkmrp1z5vo,FANTRAX,FANTRAX,FANTRAX,0.0718021094799041,0.2364779859781265,0.3082800954580306,Liam Delap
soccerdata:sofascore:16363254,FTX-04MI4,nottingham_forest,liverpool,350088,5.94,3421,,,False,0.0,1,0,0,0.0,0,0.0,0,0,0,0,0,0,0,0,1,2,2,observed_or_derived,False,AWAY,2026-08-29,mgr:1058459b93f2,Oliver Glasner,2,NO_DETAILED_FANTRAX_ROW,EXACT_PLAYER_MATCH,-0.5,,0.0,0,0,0.0,0.0,0,WHOSCORED_SOURCE_SPECIFIC,WHOSCORED_DERIVED_VALIDATED,WHOSCORED_SOURCE_SPECIFIC,WHOSCORED_DERIVED_VALIDATED,WHOSCORED_SOURCE_SPECIFIC,04mi4,-0.5,,0.0,,,,WHOSCORED_CURRENT_OBSERVED,WHOSCORED_CURRENT_OBSERVED,WHOSCORED_CURRENT_OBSERVED,0.0,0.0,0.0,Callum Hudson-Odoi
soccerdata:sofascore:16363254,FTX-070GT,nottingham_forest,liverpool,318689,,3421,,,False,0.0,0,0,0,0.0,0,0.0,0,0,0,0,0,0,0,0,0,0,0,observed_or_derived,False,AWAY,2026-08-29,mgr:1058459b93f2,Oliver Glasner,2,NO_DETAILED_FANTRAX_ROW,UNRESOLVED,0.0,,0.0,0,0,0.0,0.0,0,WHOSCORED_SOURCE_SPECIFIC,WHOSCORED_DERIVED_VALIDATED,WHOSCORED_SOURCE_SPECIFIC,WHOSCORED_DERIVED_VALIDATED,WHOSCORED_SOURCE_SPECIFIC,070gt,0.0,,,,,,WHOSCORED_CURRENT_OBSERVED,WHOSCORED_CURRENT_OBSERVED,WHOSCORED_CURRENT_OBSERVED,,,,John Victor
soccerdata:sofascore:16363254,FTX-02M5B,nottingham_forest,liverpool,73380,,3421,,,False,0.0,0,0,0,0.0,0,0.0,0,0,0,0,0,0,0,0,0,0,0,observed_or_derived,False,AWAY,2026-08-29,mgr:1058459b93f2,Oliver Glasner,2,NO_DETAILED_FANTRAX_ROW,UNRESOLVED,0.0,,0.0,0,0,0.0,0.0,0,WHOSCORED_SOURCE_SPECIFIC,WHOSCORED_DERIVED_VALIDATED,WHOSCORED_SOURCE_SPECIFIC,WHOSCORED_DERIVED_VALIDATED,WHOSCORED_SOURCE_SPECIFIC,02m5b,0.0,,,,,,WHOSCORED_CURRENT_OBSERVED,WHOSCORED_CURRENT_OBSERVED,WHOSCORED_CURRENT_OBSERVED,,,,Chris Wood
soccerdata:sofascore:16363254,FTX-061Y6,nottingham_forest,liverpool,342830,,3421,,,False,0.0,0,0,0,0.0,0,0.0,0,0,0,0,0,0,0,0,0,0,0,observed_or_derived,False,AWAY,2026-08-29,mgr:1058459b93f2,Oliver Glasner,2,NO_DETAILED_FANTRAX_ROW,UNRESOLVED,0.0,,0.0,0,0,0.0,0.0,0,WHOSCORED_SOURCE_SPECIFIC,WHOSCORED_DERIVED_VALIDATED,WHOSCORED_SOURCE_SPECIFIC,WHOSCORED_DERIVED_VALIDATED,WHOSCORED_SOURCE_SPECIFIC,061y6,0.0,,,,,,WHOSCORED_CURRENT_OBSERVED,WHOSCORED_CURRENT_OBSERVED,WHOSCORED_CURRENT_OBSERVED,,,,Ryan Yates
soccerdata:sofascore:16363254,FTX-06442,nottingham_forest,liverpool,454750,,3421,,,False,0.0,0,0,0,0.0,0,0.0,0,0,0,0,0,0,0,0,0,0,0,observed_or_derived,False,AWAY,2026-08-29,mgr:1058459b93f2,Oliver Glasner,2,NO_DETAILED_FANTRAX_ROW,UNRESOLVED,0.0,,0.0,0,0,0.0,0.0,0,WHOSCORED_SOURCE_SPECIFIC,WHOSCORED_DERIVED_VALIDATED,WHOSCORED_SOURCE_SPECIFIC,WHOSCORED_DERIVED_VALIDATED,WHOSCORED_SOURCE_SPECIFIC,06442,0.0,,,,,,WHOSCORED_CURRENT_OBSERVED,WHOSCORED_CURRENT_OBSERVED,WHOSCORED_CURRENT_OBSERVED,,,,Zach Abbott
soccerdata:sofascore:16363245,FTX-078WL,aston_villa,arsenal,447570,6.04,4231,GK,,True,0.0,0,0,0,0.0,0,0.0,2,2,0,0,0,0,0,0,0,34,23,observed_or_derived,False,HOME,2026-08-29,mgr:dcdf2dffc0c2,Unai Emery,2,NO_DETAILED_FANTRAX_ROW,UNRESOLVED,3.0,,0.0,0,0,0.0,0.0,0,WHOSCORED_SOURCE_SPECIFIC,WHOSCORED_DERIVED_VALIDATED,WHOSCORED_SOURCE_SPECIFIC,WHOSCORED_DERIVED_VALIDATED,WHOSCORED_SOURCE_SPECIFIC,078wl,3.0,,,,,,WHOSCORED_CURRENT_OBSERVED,WHOSCORED_CURRENT_OBSERVED,WHOSCORED_CURRENT_OBSERVED,,,,Zion Suzuki
soccerdata:sofascore:16363245,FTX-05O4B,aston_villa,arsenal,322043,6.57,4231,RB,,True,0.0,0,0,0,0.0,4,0.0,3,1,0,2,0,1,1,0,4,27,20,observed_or_derived,False,HOME,2026-08-29,mgr:dcdf2dffc0c2,Unai Emery,2,EXACT_PLAYER_PERIOD_DETAILED,EXACT_PLAYER_MATCH,4.5,4.5,0.0,0,0,4.0,3.0,0,WHOSCORED_SOURCE_SPECIFIC,WHOSCORED_DERIVED_VALIDATED,WHOSCORED_SOURCE_SPECIFIC,WHOSCORED_DERIVED_VALIDATED,WHOSCORED_SOURCE_SPECIFIC,05o4b,4.5,4.5,0.0,0.0,0.0,qwkltl98mrp1z5vp,FANTRAX,FANTRAX,FANTRAX,0.0784304365515708,0.0,0.0784304365515708,Matty Cash
soccerdata:sofascore:16363245,FTX-06CRM,aston_villa,arsenal,344259,6.07,4231,CB,,True,0.0,0,0,2,0.0,1,0.0,4,8,0,2,0,0,0,0,1,49,38,observed_or_derived,False,HOME,2026-08-29,mgr:dcdf2dffc0c2,Unai Emery,2,NO_DETAILED_FANTRAX_ROW,EXACT_PLAYER_MATCH,1.5,,0.0,1,0,1.0,0.0,0,WHOSCORED_SOURCE_SPECIFIC,WHOSCORED_DERIVED_VALIDATED,WHOSCORED_SOURCE_SPECIFIC,WHOSCORED_DERIVED_VALIDATED,WHOSCORED_SOURCE_SPECIFIC,06crm,1.5,,0.0,,,,WHOSCORED_CURRENT_OBSERVED,WHOSCORED_CURRENT_OBSERVED,WHOSCORED_CURRENT_OBSERVED,0.0,0.0,0.0,Pau Torres
soccerdata:sofascore:16363245,FTX-04FK8,aston_villa,arsenal,100008,6.21,4231,CB,,True,0.0,0,0,2,1.0,1,0.0,5,1,0,0,0,0,0,0,0,38,34,observed_or_derived,False,HOME,2026-08-29,mgr:dcdf2dffc0c2,Unai Emery,2,NO_DETAILED_FANTRAX_ROW,EXACT_PLAYER_MATCH,4.0,,0.0,0,0,1.0,0.0,0,WHOSCORED_SOURCE_SPECIFIC,WHOSCORED_DERIVED_VALIDATED,WHOSCORED_SOURCE_SPECIFIC,WHOSCORED_DERIVED_VALIDATED,WHOSCORED_SOURCE_SPECIFIC,04fk8,4.0,,0.0,,,,WHOSCORED_CURRENT_OBSERVED,WHOSCORED_CURRENT_OBSERVED,WHOSCORED_CURRENT_OBSERVED,0.0,0.0,0.0,Victor Lindelöf
soccerdata:sofascore:16363245,FTX-052CB,aston_villa,arsenal,384134,5.92,4231,LB,,True,0.0,3,0,0,0.0,3,2.0,1,2,1,0,0,2,0,0,5,25,16,observed_or_derived,False,HOME,2026-08-29,mgr:dcdf2dffc0c2,Unai Emery,2,EXACT_PLAYER_PERIOD_DETAILED,EXACT_PLAYER_MATCH,2.5,2.5,0.0,0,0,3.0,1.0,0,WHOSCORED_SOURCE_SPECIFIC,WHOSCORED_DERIVED_VALIDATED,WHOSCORED_SOURCE_SPECIFIC,WHOSCORED_DERIVED_VALIDATED,WHOSCORED_SOURCE_SPECIFIC,052cb,2.5,2.5,0.0,0.0,2.0,ayk8m85amrp1z5vo,FANTRAX,FANTRAX,FANTRAX,0.0823236033320427,0.0,0.0823236033320427,Ian Maatsen
soccerdata:sofascore:16363245,FTX-061VA,aston_villa,arsenal,331790,6.26,4231,DM,,True,1.0,1,0,2,2.0,1,0.0,3,4,0,1,0,0,0,0,3,43,38,observed_or_derived,False,HOME,2026-08-29,mgr:dcdf2dffc0c2,Unai Emery,2,EXACT_PLAYER_PERIOD_DETAILED,EXACT_PLAYER_MATCH,6.5,6.5,0.0,1,0,1.0,1.0,0,WHOSCORED_SOURCE_SPECIFIC,WHOSCORED_DERIVED_VALIDATED,WHOSCORED_SOURCE_SPECIFIC,WHOSCORED_DERIVED_VALIDATED,WHOSCORED_SOURCE_SPECIFIC,061va,6.5,6.5,1.0,2.0,0.0,h1vdt8ynmrp1z5vp,FANTRAX,FANTRAX,FANTRAX,0.0,0.0273728407919406,0.0273728407919406,Boubacar Kamara
soccerdata:sofascore:16363245,FTX-02LPF,aston_villa,arsenal,92547,6.68,4231,DM,,True,2.0,0,0,4,1.0,3,0.0,1,6,1,0,0,1,1,0,1,37,34,observed_or_derived,False,HOME,2026-08-29,mgr:dcdf2dffc0c2,Unai Emery,2,NO_DETAILED_FANTRAX_ROW,EXACT_PLAYER_MATCH,8.0,,0.0,0,0,3.0,3.0,0,WHOSCORED_SOURCE_SPECIFIC,WHOSCORED_DERIVED_VALIDATED,WHOSCORED_SOURCE_SPECIFIC,WHOSCORED_DERIVED_VALIDATED,WHOSCORED_SOURCE_SPECIFIC,02lpf,8.0,,2.0,,,,WHOSCORED_CURRENT_OBSERVED,WHOSCORED_CURRENT_OBSERVED,WHOSCORED_CURRENT_OBSERVED,0.0360604859888553,0.0823236033320427,0.118384089320898,Ross Barkley
soccerdata:sofascore:16363245,FTX-051K0,aston_villa,arsenal,318449,5.48,4231,RW,,True,1.0,0,0,1,0.0,1,1.0,0,2,0,4,0,2,0,0,5,25,15,observed_or_derived,False,HOME,2026-08-29,mgr:dcdf2dffc0c2,Unai Emery,2,NO_DETAILED_FANTRAX_ROW,EXACT_PLAYER_MATCH,0.5,,0.0,4,0,1.0,1.0,0,WHOSCORED_SOURCE_SPECIFIC,WHOSCORED_DERIVED_VALIDATED,WHOSCORED_SOURCE_SPECIFIC,WHOSCORED_DERIVED_VALIDATED,WHOSCORED_SOURCE_SPECIFIC,051k0,0.5,,1.0,,,,WHOSCORED_CURRENT_OBSERVED,WHOSCORED_CURRENT_OBSERVED,WHOSCORED_CURRENT_OBSERVED,0.0577374771237373,0.0784304365515708,0.1361679136753081,John McGinn
soccerdata:sofascore:16363245,FTX-051KL,aston_villa,arsenal,260592,6.41,4231,CAM,,True,1.0,1,1,5,2.0,1,0.0,0,4,1,3,0,1,0,0,1,35,22,observed_or_derived,False,HOME,2026-08-29,mgr:dcdf2dffc0c2,Unai Emery,2,EXACT_PLAYER_PERIOD_DETAILED,EXACT_PLAYER_MATCH,3.0,3.0,0.0,3,0,1.0,0.0,0,WHOSCORED_SOURCE_SPECIFIC,WHOSCORED_DERIVED_VALIDATED,WHOSCORED_SOURCE_SPECIFIC,WHOSCORED_DERIVED_VALIDATED,WHOSCORED_SOURCE_SPECIFIC,051kl,3.0,3.0,1.0,2.0,0.0,aup99ojzmrp1z5vp,FANTRAX,FANTRAX,FANTRAX,0.0273728407919406,0.0207442939281463,0.0481171347200869,Emiliano Buendía
soccerdata:sofascore:16363245,FTX-06ZVN,aston_villa,arsenal,576066,5.97,4231,LW,,True,0.0,0,0,3,1.0,2,0.0,0,4,1,1,1,0,0,0,2,17,10,observed_or_derived,False,HOME,2026-08-29,mgr:dcdf2dffc0c2,Unai Emery,2,NO_DETAILED_FANTRAX_ROW,EXACT_PLAYER_MATCH,-0.5,,0.0,1,0,2.0,0.0,0,WHOSCORED_SOURCE_SPECIFIC,WHOSCORED_DERIVED_VALIDATED,WHOSCORED_SOURCE_SPECIFIC,WHOSCORED_DERIVED_VALIDATED,WHOSCORED_SOURCE_SPECIFIC,06zvn,-0.5,,0.0,,,,WHOSCORED_CURRENT_OBSERVED,WHOSCORED_CURRENT_OBSERVED,WHOSCORED_CURRENT_OBSERVED,0.0,0.0,0.0,George Hemmings
soccerdata:sofascore:16363245,FTX-06CM1,aston_villa,arsenal,426050,6.47,4231,ST,,True,0.0,4,3,1,1.0,0,0.0,0,3,0,1,0,0,0,0,0,15,12,observed_or_derived,False,HOME,2026-08-29,mgr:dcdf2dffc0c2,Unai Emery,2,EXACT_PLAYER_PERIOD_DETAILED,UNRESOLVED,4.5,4.5,0.0,1,1,0.0,0.0,0,WHOSCORED_SOURCE_SPECIFIC,WHOSCORED_DERIVED_VALIDATED,WHOSCORED_SOURCE_SPECIFIC,WHOSCORED_DERIVED_VALIDATED,WHOSCORED_SOURCE_SPECIFIC,06cm1,4.5,4.5,0.0,1.0,0.0,h2e8dn5dmrp1z5vp,FANTRAX,FANTRAX,FANTRAX,,,,Nicolas Jackson
soccerdata:sofascore:16363245,FTX-060WH,aston_villa,arsenal,437022,6.0,4231,,,False,0.0,0,0,0,0.0,0,0.0,0,2,1,0,0,0,0,0,0,7,7,observed_or_derived,False,HOME,2026-08-29,mgr:dcdf2dffc0c2,Unai Emery,2,NO_DETAILED_FANTRAX_ROW,EXACT_PLAYER_MATCH,-0.5,,0.0,0,0,0.0,0.0,0,WHOSCORED_SOURCE_SPECIFIC,WHOSCORED_DERIVED_VALIDATED,WHOSCORED_SOURCE_SPECIFIC,WHOSCORED_DERIVED_VALIDATED,WHOSCORED_SOURCE_SPECIFIC,060wh,-0.5,,0.0,,,,WHOSCORED_CURRENT_OBSERVED,WHOSCORED_CURRENT_OBSERVED,WHOSCORED_CURRENT_OBSERVED,0.0,0.0,0.0,Alejandro Garnacho
soccerdata:sofascore:16363245,FTX-072J3,aston_villa,arsenal,520919,6.0,4231,,,False,0.0,0,0,1,0.0,1,0.0,0,1,2,0,0,0,0,0,0,7,6,observed_or_derived,False,HOME,2026-08-29,mgr:dcdf2dffc0c2,Unai Emery,2,NO_DETAILED_FANTRAX_ROW,EXACT_PLAYER_MATCH,-1.0,,0.0,0,0,1.0,1.0,0,WHOSCORED_SOURCE_SPECIFIC,WHOSCORED_DERIVED_VALIDATED,WHOSCORED_SOURCE_SPECIFIC,WHOSCORED_DERIVED_VALIDATED,WHOSCORED_SOURCE_SPECIFIC,072j3,-1.0,,0.0,,,,WHOSCORED_CURRENT_OBSERVED,WHOSCORED_CURRENT_OBSERVED,WHOSCORED_CURRENT_OBSERVED,0.0,0.0,0.0,Alysson
soccerdata:sofascore:16363245,FTX-04ADP,aston_villa,arsenal,331924,6.21,4231,,,False,0.0,0,0,0,0.0,2,0.0,0,0,1,0,0,0,0,0,1,8,7,observed_or_derived,False,HOME,2026-08-29,mgr:dcdf2dffc0c2,Unai Emery,2,NO_DETAILED_FANTRAX_ROW,EXACT_PLAYER_MATCH,1.0,,0.0,0,0,2.0,1.0,0,WHOSCORED_SOURCE_SPECIFIC,WHOSCORED_DERIVED_VALIDATED,WHOSCORED_SOURCE_SPECIFIC,WHOSCORED_DERIVED_VALIDATED,WHOSCORED_SOURCE_SPECIFIC,04adp,1.0,,0.0,,,,WHOSCORED_CURRENT_OBSERVED,WHOSCORED_CURRENT_OBSERVED,WHOSCORED_CURRENT_OBSERVED,0.0,0.0,0.0,Aaron Wan-Bissaka
soccerdata:sofascore:16363245,FTX-0410J,aston_villa,arsenal,317506,6.07,4231,,,False,0.0,0,0,2,1.0,0,0.0,0,0,0,0,0,0,0,0,0,1,1,observed_or_derived,False,HOME,2026-08-29,mgr:dcdf2dffc0c2,Unai Emery,2,NO_DETAILED_FANTRAX_ROW,EXACT_PLAYER_MATCH,0.5,,0.0,0,0,0.0,0.0,0,WHOSCORED_SOURCE_SPECIFIC,WHOSCORED_DERIVED_VALIDATED,WHOSCORED_SOURCE_SPECIFIC,WHOSCORED_DERIVED_VALIDATED,WHOSCORED_SOURCE_SPECIFIC,0410j,0.5,,0.0,,,,WHOSCORED_CURRENT_OBSERVED,WHOSCORED_CURRENT_OBSERVED,WHOSCORED_CURRENT_OBSERVED,0.0,0.0,0.0,Tammy Abraham
soccerdata:sofascore:16363245,FTX-078WM,aston_villa,arsenal,402046,,4231,,,False,0.0,0,0,0,0.0,0,0.0,0,0,0,0,0,0,0,0,0,0,0,observed_or_derived,False,HOME,2026-08-29,mgr:dcdf2dffc0c2,Unai Emery,2,NO_DETAILED_FANTRAX_ROW,UNRESOLVED,0.0,,0.0,0,0,0.0,0.0,0,WHOSCORED_SOURCE_SPECIFIC,WHOSCORED_DERIVED_VALIDATED,WHOSCORED_SOURCE_SPECIFIC,WHOSCORED_DERIVED_VALIDATED,WHOSCORED_SOURCE_SPECIFIC,078wm,0.0,,,,,,WHOSCORED_CURRENT_OBSERVED,WHOSCORED_CURRENT_OBSERVED,WHOSCORED_CURRENT_OBSERVED,,,,Matteo Ruggeri
soccerdata:sofascore:16363245,FTX-05R4H,aston_villa,arsenal,408946,,4231,,,False,0.0,0,0,0,0.0,0,0.0,0,0,0,0,0,0,0,0,0,0,0,observed_or_derived,False,HOME,2026-08-29,mgr:dcdf2dffc0c2,Unai Emery,2,NO_DETAILED_FANTRAX_ROW,UNRESOLVED,0.0,,0.0,0,0,0.0,0.0,0,WHOSCORED_SOURCE_SPECIFIC,WHOSCORED_DERIVED_VALIDATED,WHOSCORED_SOURCE_SPECIFIC,WHOSCORED_DERIVED_VALIDATED,WHOSCORED_SOURCE_SPECIFIC,05r4h,0.0,,,,,,WHOSCORED_CURRENT_OBSERVED,WHOSCORED_CURRENT_OBSERVED,WHOSCORED_CURRENT_OBSERVED,,,,Lamare Bogarde
soccerdata:sofascore:16363245,FTX-06YMT,aston_villa,arsenal,83824,,4231,,,False,0.0,0,0,0,0.0,0,0.0,0,0,0,0,0,0,0,0,0,0,0,observed_or_derived,False,HOME,2026-08-29,mgr:dcdf2dffc0c2,Unai Emery,2,NO_DETAILED_FANTRAX_ROW,UNRESOLVED,0.0,,0.0,0,0,0.0,0.0,0,WHOSCORED_SOURCE_SPECIFIC,WHOSCORED_DERIVED_VALIDATED,WHOSCORED_SOURCE_SPECIFIC,WHOSCORED_DERIVED_VALIDATED,WHOSCORED_SOURCE_SPECIFIC,06ymt,0.0,,,,,,WHOSCORED_CURRENT_OBSERVED,WHOSCORED_CURRENT_OBSERVED,WHOSCORED_CURRENT_OBSERVED,,,,Marco Bizot
soccerdata:sofascore:16363245,FTX-03REC,aston_villa,arsenal,123167,,4231,,,False,0.0,0,0,0,0.0,0,0.0,0,0,0,0,0,0,0,0,0,0,0,observed_or_derived,False,HOME,2026-08-29,mgr:dcdf2dffc0c2,Unai Emery,2,NO_DETAILED_FANTRAX_ROW,UNRESOLVED,0.0,,0.0,0,0,0.0,0.0,0,WHOSCORED_SOURCE_SPECIFIC,WHOSCORED_DERIVED_VALIDATED,WHOSCORED_SOURCE_SPECIFIC,WHOSCORED_DERIVED_VALIDATED,WHOSCORED_SOURCE_SPECIFIC,03rec,0.0,,,,,,WHOSCORED_CURRENT_OBSERVED,WHOSCORED_CURRENT_OBSERVED,WHOSCORED_CURRENT_OBSERVED,,,,Tyrone Mings
soccerdata:sofascore:16363245,FTX-078FY,aston_villa,arsenal,642114,,4231,,,False,0.0,0,0,0,0.0,0,0.0,0,0,0,0,0,0,0,0,0,0,0,observed_or_derived,False,HOME,2026-08-29,mgr:dcdf2dffc0c2,Unai Emery,2,NO_DETAILED_FANTRAX_ROW,UNRESOLVED,0.0,,0.0,0,0,0.0,0.0,0,WHOSCORED_SOURCE_SPECIFIC,WHOSCORED_DERIVED_VALIDATED,WHOSCORED_SOURCE_SPECIFIC,WHOSCORED_DERIVED_VALIDATED,WHOSCORED_SOURCE_SPECIFIC,078fy,0.0,,,,,,WHOSCORED_CURRENT_OBSERVED,WHOSCORED_CURRENT_OBSERVED,WHOSCORED_CURRENT_OBSERVED,,,,Luka Lynch
soccerdata:sofascore:16363245,FTX-05TQX,arsenal,aston_villa,276366,6.6,4231,GK,,True,0.0,0,0,0,0.0,0,0.0,1,1,0,0,0,0,0,0,0,39,29,observed_or_derived,False,AWAY,2026-08-29,mgr:5fdd2f365fdc,Mikel Arteta,2,EXACT_PLAYER_PERIOD_DETAILED,EXACT_PLAYER_MATCH,7.5,1.5,0.0,0,0,0.0,0.0,0,WHOSCORED_SOURCE_SPECIFIC,WHOSCORED_DERIVED_VALIDATED,WHOSCORED_SOURCE_SPECIFIC,WHOSCORED_DERIVED_VALIDATED,WHOSCORED_SOURCE_SPECIFIC,05tqx,7.5,1.5,0.0,0.0,0.0,ayk8m85amrp1z5vo,FANTRAX,FANTRAX,FANTRAX,0.0,0.0,0.0,David Raya
soccerdata:sofascore:16363245,FTX-04E1E,arsenal,aston_villa,322036,7.2,4231,RB,,True,1.0,1,1,4,3.0,1,1.0,2,2,0,3,0,0,0,0,1,47,33,observed_or_derived,False,AWAY,2026-08-29,mgr:5fdd2f365fdc,Mikel Arteta,2,EXACT_PLAYER_PERIOD_DETAILED,EXACT_PLAYER_MATCH,17.0,11.0,0.0,3,2,1.0,1.0,0,WHOSCORED_SOURCE_SPECIFIC,WHOSCORED_DERIVED_VALIDATED,WHOSCORED_SOURCE_SPECIFIC,WHOSCORED_DERIVED_VALIDATED,WHOSCORED_SOURCE_SPECIFIC,04e1e,17.0,11.0,1.0,3.0,1.0,w2mnqywumrp1z5vp,FANTRAX,FANTRAX,FANTRAX,0.0,0.0350794270634651,0.0350794270634651,Ben White
soccerdata:sofascore:16363245,FTX-05NZU,arsenal,aston_villa,334087,6.98,4231,CB,,True,0.0,0,0,2,1.0,2,2.0,6,5,1,0,0,1,0,0,1,73,67,observed_or_derived,False,AWAY,2026-08-29,mgr:5fdd2f365fdc,Mikel Arteta,2,EXACT_PLAYER_PERIOD_DETAILED,EXACT_PLAYER_MATCH,13.0,7.0,0.0,0,0,2.0,0.0,0,WHOSCORED_SOURCE_SPECIFIC,WHOSCORED_DERIVED_VALIDATED,WHOSCORED_SOURCE_SPECIFIC,WHOSCORED_DERIVED_VALIDATED,WHOSCORED_SOURCE_SPECIFIC,05nzu,13.0,7.0,0.0,1.0,2.0,rx9bjhp3mrp1z5vo,FANTRAX,FANTRAX,FANTRAX,0.327258437871933,0.0,0.327258437871933,Gabriel Magalhães
soccerdata:sofascore:16363245,FTX-06ZBM,arsenal,aston_villa,425591,6.55,4231,CB,,True,0.0,0,0,0,0.0,0,1.0,2,0,0,0,0,0,0,0,0,55,52,observed_or_derived,False,AWAY,2026-08-29,mgr:5fdd2f365fdc,Mikel Arteta,2,EXACT_PLAYER_PERIOD_DETAILED,EXACT_PLAYER_MATCH,8.0,2.0,0.0,0,0,0.0,0.0,0,WHOSCORED_SOURCE_SPECIFIC,WHOSCORED_DERIVED_VALIDATED,WHOSCORED_SOURCE_SPECIFIC,WHOSCORED_DERIVED_VALIDATED,WHOSCORED_SOURCE_SPECIFIC,06zbm,8.0,2.0,0.0,0.0,1.0,acjx0vg4mrp1z5vo,FANTRAX,FANTRAX,FANTRAX,0.0,0.0,0.0,Cristhian Mosquera
soccerdata:sofascore:16363245,FTX-06NU7,arsenal,aston_villa,386519,7.37,4231,LB,,True,1.0,0,0,3,3.0,1,1.0,1,4,0,1,0,1,0,0,2,30,24,observed_or_derived,False,AWAY,2026-08-29,mgr:5fdd2f365fdc,Mikel Arteta,2,EXACT_PLAYER_PERIOD_DETAILED,EXACT_PLAYER_MATCH,19.0,6.0,0.0,1,0,1.0,0.0,1,WHOSCORED_SOURCE_SPECIFIC,WHOSCORED_DERIVED_VALIDATED,WHOSCORED_SOURCE_SPECIFIC,WHOSCORED_DERIVED_VALIDATED,WHOSCORED_SOURCE_SPECIFIC,06nu7,19.0,6.0,1.0,3.0,1.0,qwkltl98mrp1z5vp,FANTRAX,FANTRAX,FANTRAX,0.0487022772431373,0.9377986788749696,0.9865009561181068,Riccardo Calafiori
soccerdata:sofascore:16363245,FTX-04AGZ,arsenal,aston_villa,332325,7.11,4231,DM,,True,2.0,0,0,3,1.0,3,1.0,0,7,1,4,0,0,0,0,0,82,73,observed_or_derived,False,AWAY,2026-08-29,mgr:5fdd2f365fdc,Mikel Arteta,2,EXACT_PLAYER_PERIOD_DETAILED,EXACT_PLAYER_MATCH,10.5,9.5,0.0,4,1,3.0,2.0,0,WHOSCORED_SOURCE_SPECIFIC,WHOSCORED_DERIVED_VALIDATED,WHOSCORED_SOURCE_SPECIFIC,WHOSCORED_DERIVED_VALIDATED,WHOSCORED_SOURCE_SPECIFIC,04agz,10.5,9.5,2.0,1.0,1.0,aup99ojzmrp1z5vp,FANTRAX,FANTRAX,FANTRAX,0.0,0.0861850380897522,0.0861850380897522,Declan Rice
soccerdata:sofascore:16363245,FTX-066SD,arsenal,aston_villa,467918,6.73,4231,DM,,True,0.0,0,0,0,0.0,0,1.0,2,1,0,0,0,1,1,0,2,49,46,observed_or_derived,False,AWAY,2026-08-29,mgr:5fdd2f365fdc,Mikel Arteta,2,EXACT_PLAYER_PERIOD_DETAILED,EXACT_PLAYER_MATCH,9.0,3.0,0.0,0,0,0.0,0.0,0,WHOSCORED_SOURCE_SPECIFIC,WHOSCORED_DERIVED_VALIDATED,WHOSCORED_SOURCE_SPECIFIC,WHOSCORED_DERIVED_VALIDATED,WHOSCORED_SOURCE_SPECIFIC,066sd,9.0,3.0,0.0,0.0,1.0,h1vdt8ynmrp1z5vp,FANTRAX,FANTRAX,FANTRAX,0.0472012013196945,0.0,0.0472012013196945,Myles Lewis-Skelly
soccerdata:sofascore:16363245,FTX-04Y92,arsenal,aston_villa,367185,8.12,4231,RW,,True,0.0,6,2,2,2.0,2,2.0,1,6,0,4,0,2,1,1,6,50,38,observed_or_derived,False,AWAY,2026-08-29,mgr:5fdd2f365fdc,Mikel Arteta,2,EXACT_PLAYER_PERIOD_DETAILED,EXACT_PLAYER_MATCH,17.5,7.5,0.0,4,0,2.0,2.0,0,WHOSCORED_SOURCE_SPECIFIC,WHOSCORED_DERIVED_VALIDATED,WHOSCORED_SOURCE_SPECIFIC,WHOSCORED_DERIVED_VALIDATED,WHOSCORED_SOURCE_SPECIFIC,04y92,17.5,7.5,0.0,2.0,2.0,cjn4stydmrp1z5vp,FANTRAX,FANTRAX,FANTRAX,0.9752814173698424,0.0,0.9752814173698424,Bukayo Saka
soccerdata:sofascore:16363245,pr_41ec866daf042593,arsenal,aston_villa,247454,6.62,4231,CAM,,True,0.0,2,0,0,0.0,2,0.0,2,1,0,1,0,1,0,0,0,45,41,observed_or_derived,False,AWAY,2026-08-29,mgr:5fdd2f365fdc,Mikel Arteta,2,EXACT_PLAYER_PERIOD_DETAILED,EXACT_PLAYER_MATCH,3.0,2.0,0.0,1,0,2.0,1.0,0,WHOSCORED_SOURCE_SPECIFIC,WHOSCORED_DERIVED_VALIDATED,WHOSCORED_SOURCE_SPECIFIC,WHOSCORED_DERIVED_VALIDATED,WHOSCORED_SOURCE_SPECIFIC,05r9b,3.0,2.0,0.0,0.0,0.0,ayk8m85amrp1z5vo,FANTRAX,FANTRAX,FANTRAX,0.0908846855163574,0.0,0.0908846855163574,Martin Ødegaard
soccerdata:sofascore:16363245,pr_975edca78e5e06f1,arsenal,aston_villa,399296,6.05,4231,LW,,True,1.0,3,0,0,0.0,0,0.0,1,2,0,3,0,0,0,0,2,15,11,observed_or_derived,False,AWAY,2026-08-29,mgr:5fdd2f365fdc,Mikel Arteta,2,EXACT_PLAYER_PERIOD_DETAILED,UNRESOLVED,0.0,0.0,0.0,3,0,0.0,0.0,0,WHOSCORED_SOURCE_SPECIFIC,WHOSCORED_DERIVED_VALIDATED,WHOSCORED_SOURCE_SPECIFIC,WHOSCORED_DERIVED_VALIDATED,WHOSCORED_SOURCE_SPECIFIC,05uox,0.0,0.0,1.0,0.0,0.0,rx9bjhp3mrp1z5vo,FANTRAX,FANTRAX,FANTRAX,,,,Christos Tzolis
soccerdata:sofascore:16363245,FTX-05O6H,arsenal,aston_villa,326413,6.32,4231,ST,,True,0.0,1,0,3,1.0,0,0.0,0,5,1,0,0,1,1,0,3,15,11,observed_or_derived,False,AWAY,2026-08-29,mgr:5fdd2f365fdc,Mikel Arteta,2,EXACT_PLAYER_PERIOD_DETAILED,EXACT_PLAYER_MATCH,2.0,2.0,0.0,0,0,0.0,0.0,0,WHOSCORED_SOURCE_SPECIFIC,WHOSCORED_DERIVED_VALIDATED,WHOSCORED_SOURCE_SPECIFIC,WHOSCORED_DERIVED_VALIDATED,WHOSCORED_SOURCE_SPECIFIC,05o6h,2.0,2.0,0.0,1.0,0.0,hpsurdtbmrp1z5vo,FANTRAX,FANTRAX,FANTRAX,0.0350794270634651,0.0,0.0350794270634651,Kai Havertz
soccerdata:sofascore:16363245,FTX-05YLJ,arsenal,aston_villa,338780,5.97,4231,,,False,0.0,0,0,0,0.0,0,0.0,0,3,1,0,0,0,0,0,0,15,13,observed_or_derived,False,AWAY,2026-08-29,mgr:5fdd2f365fdc,Mikel Arteta,2,EXACT_PLAYER_PERIOD_DETAILED,EXACT_PLAYER_MATCH,-0.5,-0.5,0.0,0,0,0.0,0.0,0,WHOSCORED_SOURCE_SPECIFIC,WHOSCORED_DERIVED_VALIDATED,WHOSCORED_SOURCE_SPECIFIC,WHOSCORED_DERIVED_VALIDATED,WHOSCORED_SOURCE_SPECIFIC,05ylj,-0.5,-0.5,0.0,0.0,0.0,acjx0vg4mrp1z5vo,FANTRAX,FANTRAX,FANTRAX,0.0,0.0,0.0,Bruno Guimarães
soccerdata:sofascore:16363245,FTX-04HK9,arsenal,aston_villa,238916,6.71,4231,,,False,0.0,3,3,1,1.0,0,0.0,0,4,0,0,0,0,0,0,4,14,14,observed_or_derived,False,AWAY,2026-08-29,mgr:5fdd2f365fdc,Mikel Arteta,2,NO_DETAILED_FANTRAX_ROW,EXACT_PLAYER_MATCH,3.5,,0.0,0,0,0.0,0.0,0,WHOSCORED_SOURCE_SPECIFIC,WHOSCORED_DERIVED_VALIDATED,WHOSCORED_SOURCE_SPECIFIC,WHOSCORED_DERIVED_VALIDATED,WHOSCORED_SOURCE_SPECIFIC,04hk9,3.5,,0.0,,,,WHOSCORED_CURRENT_OBSERVED,WHOSCORED_CURRENT_OBSERVED,WHOSCORED_CURRENT_OBSERVED,0.0,0.0,0.0,Mikel Merino
soccerdata:sofascore:16363245,FTX-06Y9Z,arsenal,aston_villa,372424,6.4,4231,,,False,0.0,0,0,1,1.0,2,0.0,1,0,0,0,0,0,0,0,0,9,8,observed_or_derived,False,AWAY,2026-08-29,mgr:5fdd2f365fdc,Mikel Arteta,2,NO_DETAILED_FANTRAX_ROW,EXACT_PLAYER_MATCH,1.0,,0.0,0,0,2.0,1.0,0,WHOSCORED_SOURCE_SPECIFIC,WHOSCORED_DERIVED_VALIDATED,WHOSCORED_SOURCE_SPECIFIC,WHOSCORED_DERIVED_VALIDATED,WHOSCORED_SOURCE_SPECIFIC,06y9z,1.0,,0.0,,,,WHOSCORED_CURRENT_OBSERVED,WHOSCORED_CURRENT_OBSERVED,WHOSCORED_CURRENT_OBSERVED,0.0,0.0,0.0,Martín Zubimendi
soccerdata:sofascore:16363245,FTX-05NT6,arsenal,aston_villa,332403,6.36,4231,,,False,0.0,3,1,2,1.0,0,0.0,0,3,0,0,0,0,0,0,1,21,17,observed_or_derived,False,AWAY,2026-08-29,mgr:5fdd2f365fdc,Mikel Arteta,2,EXACT_PLAYER_PERIOD_DETAILED,EXACT_PLAYER_MATCH,1.0,1.0,0.0,0,0,0.0,0.0,0,WHOSCORED_SOURCE_SPECIFIC,WHOSCORED_DERIVED_VALIDATED,WHOSCORED_SOURCE_SPECIFIC,WHOSCORED_DERIVED_VALIDATED,WHOSCORED_SOURCE_SPECIFIC,05nt6,1.0,1.0,0.0,1.0,0.0,h1vdt8ynmrp1z5vp,FANTRAX,FANTRAX,FANTRAX,0.0,0.0,0.0,Eberechi Eze
soccerdata:sofascore:16363245,FTX-052CA,arsenal,aston_villa,301440,6.17,4231,,,False,0.0,0,0,2,1.0,0,0.0,1,0,0,0,0,0,0,0,0,10,10,observed_or_derived,False,AWAY,2026-08-29,mgr:5fdd2f365fdc,Mikel Arteta,2,EXACT_PLAYER_PERIOD_DETAILED,EXACT_PLAYER_MATCH,1.5,1.5,0.0,0,0,0.0,0.0,0,WHOSCORED_SOURCE_SPECIFIC,WHOSCORED_DERIVED_VALIDATED,WHOSCORED_SOURCE_SPECIFIC,WHOSCORED_DERIVED_VALIDATED,WHOSCORED_SOURCE_SPECIFIC,052ca,1.5,1.5,0.0,1.0,0.0,h2e8dn5dmrp1z5vp,FANTRAX,FANTRAX,FANTRAX,0.0,0.0,0.0,Ezri Konsa
soccerdata:sofascore:16363245,FTX-070HQ,arsenal,aston_villa,404832,,4231,,,False,0.0,0,0,0,0.0,0,0.0,0,0,0,0,0,0,0,0,0,0,0,observed_or_derived,False,AWAY,2026-08-29,mgr:5fdd2f365fdc,Mikel Arteta,2,NO_DETAILED_FANTRAX_ROW,UNRESOLVED,0.0,,0.0,0,0,0.0,0.0,0,WHOSCORED_SOURCE_SPECIFIC,WHOSCORED_DERIVED_VALIDATED,WHOSCORED_SOURCE_SPECIFIC,WHOSCORED_DERIVED_VALIDATED,WHOSCORED_SOURCE_SPECIFIC,070hq,0.0,,,,,,WHOSCORED_CURRENT_OBSERVED,WHOSCORED_CURRENT_OBSERVED,WHOSCORED_CURRENT_OBSERVED,,,,Piero Hincapié
soccerdata:sofascore:16363245,FTX-04U40,arsenal,aston_villa,113880,,4231,,,False,0.0,0,0,0,0.0,0,0.0,0,0,0,0,0,0,0,0,0,0,0,observed_or_derived,False,AWAY,2026-08-29,mgr:5fdd2f365fdc,Mikel Arteta,2,NO_DETAILED_FANTRAX_ROW,UNRESOLVED,0.0,,0.0,0,0,0.0,0.0,0,WHOSCORED_SOURCE_SPECIFIC,WHOSCORED_DERIVED_VALIDATED,WHOSCORED_SOURCE_SPECIFIC,WHOSCORED_DERIVED_VALIDATED,WHOSCORED_SOURCE_SPECIFIC,04u40,0.0,,,,,,WHOSCORED_CURRENT_OBSERVED,WHOSCORED_CURRENT_OBSERVED,WHOSCORED_CURRENT_OBSERVED,,,,Kepa Arrizabalaga
soccerdata:sofascore:16363245,FTX-04TSB,arsenal,aston_villa,362815,,4231,,,False,0.0,0,0,0,0.0,0,0.0,0,0,0,0,0,0,0,0,0,0,0,observed_or_derived,False,AWAY,2026-08-29,mgr:5fdd2f365fdc,Mikel Arteta,2,EXACT_PLAYER_PERIOD_DETAILED,UNRESOLVED,0.0,,0.0,0,0,0.0,0.0,0,WHOSCORED_SOURCE_SPECIFIC,WHOSCORED_DERIVED_VALIDATED,WHOSCORED_SOURCE_SPECIFIC,WHOSCORED_DERIVED_VALIDATED,WHOSCORED_SOURCE_SPECIFIC,04tsb,0.0,,0.0,0.0,0.0,h1vdt8ynmrp1z5vp,FANTRAX,FANTRAX,FANTRAX,,,,Viktor Gyökeres
soccerdata:sofascore:16363245,FTX-068N8,arsenal,aston_villa,389935,,4231,,,False,0.0,0,0,0,0.0,0,0.0,0,0,0,0,0,0,0,0,0,0,0,observed_or_derived,False,AWAY,2026-08-29,mgr:5fdd2f365fdc,Mikel Arteta,2,NO_DETAILED_FANTRAX_ROW,UNRESOLVED,0.0,,0.0,0,0,0.0,0.0,0,WHOSCORED_SOURCE_SPECIFIC,WHOSCORED_DERIVED_VALIDATED,WHOSCORED_SOURCE_SPECIFIC,WHOSCORED_DERIVED_VALIDATED,WHOSCORED_SOURCE_SPECIFIC,068n8,0.0,,,,,,WHOSCORED_CURRENT_OBSERVED,WHOSCORED_CURRENT_OBSERVED,WHOSCORED_CURRENT_OBSERVED,,,,Noni Madueke
soccerdata:sofascore:16363247,FTX-06FUW,afc_bournemouth,everton,406564,6.89,4231,GK,,True,0.0,0,0,1,1.0,0,0.0,1,2,0,0,0,0,0,0,0,41,30,observed_or_derived,False,HOME,2026-08-29,mgr:6fe0e0af19e4,Marco Rose,2,EXACT_PLAYER_PERIOD_DETAILED,EXACT_PLAYER_MATCH,12.5,12.5,0.0,0,0,0.0,0.0,0,WHOSCORED_SOURCE_SPECIFIC,WHOSCORED_DERIVED_VALIDATED,WHOSCORED_SOURCE_SPECIFIC,WHOSCORED_DERIVED_VALIDATED,WHOSCORED_SOURCE_SPECIFIC,06fuw,12.5,12.5,0.0,1.0,0.0,rx9bjhp3mrp1z5vo,FANTRAX,FANTRAX,FANTRAX,0.0,0.0,0.0,Djordje Petrovic
soccerdata:sofascore:16363247,FTX-02LP5,afc_bournemouth,everton,69877,6.43,4231,RB,,True,1.0,0,0,1,1.0,2,1.0,3,0,0,1,0,0,0,0,1,49,38,observed_or_derived,False,HOME,2026-08-29,mgr:6fe0e0af19e4,Marco Rose,2,NO_DETAILED_FANTRAX_ROW,EXACT_PLAYER_MATCH,4.5,,0.0,1,1,2.0,0.0,0,WHOSCORED_SOURCE_SPECIFIC,WHOSCORED_DERIVED_VALIDATED,WHOSCORED_SOURCE_SPECIFIC,WHOSCORED_DERIVED_VALIDATED,WHOSCORED_SOURCE_SPECIFIC,02lp5,4.5,,1.0,,,,WHOSCORED_CURRENT_OBSERVED,WHOSCORED_CURRENT_OBSERVED,WHOSCORED_CURRENT_OBSERVED,0.0,0.0554989390075206,0.0554989390075206,Adam Smith
soccerdata:sofascore:16363247,FTX-0787Y,afc_bournemouth,everton,443613,6.94,4231,CB,,True,0.0,0,0,4,3.0,2,2.0,6,4,0,0,0,1,0,0,1,50,44,observed_or_derived,False,HOME,2026-08-29,mgr:6fe0e0af19e4,Marco Rose,2,EXACT_PLAYER_PERIOD_DETAILED,EXACT_PLAYER_MATCH,10.0,10.0,0.0,0,0,2.0,2.0,0,WHOSCORED_SOURCE_SPECIFIC,WHOSCORED_DERIVED_VALIDATED,WHOSCORED_SOURCE_SPECIFIC,WHOSCORED_DERIVED_VALIDATED,WHOSCORED_SOURCE_SPECIFIC,0787y,10.0,10.0,0.0,3.0,2.0,h2e8dn5dmrp1z5vp,FANTRAX,FANTRAX,FANTRAX,0.1402372866868972,0.0,0.1402372866868972,António Silva
soccerdata:sofascore:16363247,FTX-061VB,afc_bournemouth,everton,362837,7.23,4231,CB,,True,2.0,0,0,10,7.0,3,2.0,7,3,1,0,0,0,0,0,2,67,48,observed_or_derived,False,HOME,2026-08-29,mgr:6fe0e0af19e4,Marco Rose,2,EXACT_PLAYER_PERIOD_DETAILED,EXACT_PLAYER_MATCH,18.5,18.5,0.0,0,0,3.0,2.0,0,WHOSCORED_SOURCE_SPECIFIC,WHOSCORED_DERIVED_VALIDATED,WHOSCORED_SOURCE_SPECIFIC,WHOSCORED_DERIVED_VALIDATED,WHOSCORED_SOURCE_SPECIFIC,061vb,18.5,18.5,2.0,7.0,2.0,ayk8m85amrp1z5vo,FANTRAX,FANTRAX,FANTRAX,0.0,0.6925749182701111,0.6925749182701111,James Hill
soccerdata:sofascore:16363247,FTX-06UYC,afc_bournemouth,everton,398301,7.44,4231,LB,,True,2.0,0,0,3,1.0,2,2.0,5,6,0,7,0,0,0,0,2,55,45,observed_or_derived,False,HOME,2026-08-29,mgr:6fe0e0af19e4,Marco Rose,2,EXACT_PLAYER_PERIOD_DETAILED,EXACT_PLAYER_MATCH,11.0,11.0,0.0,6,0,2.0,1.0,0,WHOSCORED_SOURCE_SPECIFIC,WHOSCORED_DERIVED_VALIDATED,WHOSCORED_SOURCE_SPECIFIC,WHOSCORED_DERIVED_VALIDATED,WHOSCORED_SOURCE_SPECIFIC,06uyc,11.0,11.0,2.0,1.0,2.0,2dxfjlk0mrp1z5vo,FANTRAX,FANTRAX,FANTRAX,0.0,0.1386683732271194,0.1386683732271194,Adrien Truffert
soccerdata:sofascore:16363247,FTX-06F8Y,afc_bournemouth,everton,410998,8.16,4231,DM,,True,2.0,3,1,1,1.0,3,1.0,2,9,3,6,0,2,2,1,5,59,44,observed_or_derived,False,HOME,2026-08-29,mgr:6fe0e0af19e4,Marco Rose,2,EXACT_PLAYER_PERIOD_DETAILED,EXACT_PLAYER_MATCH,19.0,9.0,0.0,6,1,3.0,2.0,0,WHOSCORED_SOURCE_SPECIFIC,WHOSCORED_DERIVED_VALIDATED,WHOSCORED_SOURCE_SPECIFIC,WHOSCORED_DERIVED_VALIDATED,WHOSCORED_SOURCE_SPECIFIC,06f8y,19.0,9.0,2.0,1.0,1.0,rx9bjhp3mrp1z5vo,FANTRAX,FANTRAX,FANTRAX,0.1631892919540405,0.2178947031497955,0.381083995103836,Alex Scott
soccerdata:sofascore:16363247,FTX-043QY,afc_bournemouth,everton,136456,6.69,4231,DM,,True,1.0,0,0,3,3.0,0,0.0,0,2,1,0,0,0,0,0,0,39,37,observed_or_derived,False,HOME,2026-08-29,mgr:6fe0e0af19e4,Marco Rose,2,NO_DETAILED_FANTRAX_ROW,EXACT_PLAYER_MATCH,4.0,,0.0,0,0,0.0,0.0,0,WHOSCORED_SOURCE_SPECIFIC,WHOSCORED_DERIVED_VALIDATED,WHOSCORED_SOURCE_SPECIFIC,WHOSCORED_DERIVED_VALIDATED,WHOSCORED_SOURCE_SPECIFIC,043qy,4.0,,1.0,,,,WHOSCORED_CURRENT_OBSERVED,WHOSCORED_CURRENT_OBSERVED,WHOSCORED_CURRENT_OBSERVED,0.0,0.0255504697561264,0.0255504697561264,Lewis Cook
soccerdata:sofascore:16363247,FTX-072WQ,afc_bournemouth,everton,472122,6.19,4231,RW,,True,0.0,2,0,6,2.0,1,0.0,1,3,0,0,0,5,4,0,0,18,15,observed_or_derived,False,HOME,2026-08-29,mgr:6fe0e0af19e4,Marco Rose,2,EXACT_PLAYER_PERIOD_DETAILED,EXACT_PLAYER_MATCH,5.0,5.0,0.0,0,0,1.0,0.0,0,WHOSCORED_SOURCE_SPECIFIC,WHOSCORED_DERIVED_VALIDATED,WHOSCORED_SOURCE_SPECIFIC,WHOSCORED_DERIVED_VALIDATED,WHOSCORED_SOURCE_SPECIFIC,072wq,5.0,5.0,0.0,2.0,0.0,h1vdt8ynmrp1z5vp,FANTRAX,FANTRAX,FANTRAX,0.8022463321685791,0.0,0.8022463321685791,Rayan
soccerdata:sofascore:16363247,FTX-06CLT,afc_bournemouth,everton,331579,6.77,4231,CAM,,True,2.0,2,2,1,0.0,0,0.0,0,5,1,2,0,4,3,0,2,19,16,observed_or_derived,False,HOME,2026-08-29,mgr:6fe0e0af19e4,Marco Rose,2,EXACT_PLAYER_PERIOD_DETAILED,EXACT_PLAYER_MATCH,9.5,8.5,0.0,2,1,0.0,0.0,0,WHOSCORED_SOURCE_SPECIFIC,WHOSCORED_DERIVED_VALIDATED,WHOSCORED_SOURCE_SPECIFIC,WHOSCORED_DERIVED_VALIDATED,WHOSCORED_SOURCE_SPECIFIC,06clt,9.5,8.5,2.0,0.0,0.0,61fz0pmkmrp1z5vo,FANTRAX,FANTRAX,FANTRAX,0.8150321841239929,0.1614492982625961,0.976481482386589,Justin Kluivert
soccerdata:sofascore:16363247,FTX-0639X,afc_bournemouth,everton,344314,7.0,4231,LW,,True,2.0,3,1,1,1.0,4,0.0,1,6,0,8,0,2,1,0,1,51,39,observed_or_derived,False,HOME,2026-08-29,mgr:6fe0e0af19e4,Marco Rose,2,EXACT_PLAYER_PERIOD_DETAILED,EXACT_PLAYER_MATCH,7.5,7.5,0.0,8,3,4.0,2.0,0,WHOSCORED_SOURCE_SPECIFIC,WHOSCORED_DERIVED_VALIDATED,WHOSCORED_SOURCE_SPECIFIC,WHOSCORED_DERIVED_VALIDATED,WHOSCORED_SOURCE_SPECIFIC,0639x,7.5,7.5,2.0,1.0,0.0,rx9bjhp3mrp1z5vo,FANTRAX,FANTRAX,FANTRAX,0.1254699975252151,0.0888381674885749,0.21430816501379,Marcus Tavernier
soccerdata:sofascore:16363247,FTX-06P6J,afc_bournemouth,everton,384430,7.12,4231,ST,,True,2.0,0,0,3,3.0,0,1.0,0,2,0,0,0,3,2,0,7,23,17,observed_or_derived,False,HOME,2026-08-29,mgr:6fe0e0af19e4,Marco Rose,2,EXACT_PLAYER_PERIOD_DETAILED,EXACT_PLAYER_MATCH,12.0,6.0,0.0,0,0,0.0,0.0,1,WHOSCORED_SOURCE_SPECIFIC,WHOSCORED_DERIVED_VALIDATED,WHOSCORED_SOURCE_SPECIFIC,WHOSCORED_DERIVED_VALIDATED,WHOSCORED_SOURCE_SPECIFIC,06p6j,12.0,6.0,2.0,3.0,1.0,ayk8m85amrp1z5vo,FANTRAX,FANTRAX,FANTRAX,0.2483833879232406,0.3882715106010437,0.6366548985242844,Evanilson
soccerdata:sofascore:16363247,FTX-062H7,afc_bournemouth,everton,315275,5.94,4231,,,False,0.0,0,0,0,0.0,0,0.0,0,3,1,0,0,0,0,0,0,16,15,observed_or_derived,False,HOME,2026-08-29,mgr:6fe0e0af19e4,Marco Rose,2,NO_DETAILED_FANTRAX_ROW,EXACT_PLAYER_MATCH,0.0,,0.0,0,0,0.0,0.0,0,WHOSCORED_SOURCE_SPECIFIC,WHOSCORED_DERIVED_VALIDATED,WHOSCORED_SOURCE_SPECIFIC,WHOSCORED_DERIVED_VALIDATED,WHOSCORED_SOURCE_SPECIFIC,062h7,0.0,,0.0,,,,WHOSCORED_CURRENT_OBSERVED,WHOSCORED_CURRENT_OBSERVED,WHOSCORED_CURRENT_OBSERVED,0.0,0.0,0.0,Tyler Adams
soccerdata:sofascore:16363247,FTX-061VE,afc_bournemouth,everton,128882,6.13,4231,,,False,0.0,0,0,1,1.0,1,0.0,0,1,0,0,0,0,0,0,0,6,5,observed_or_derived,False,HOME,2026-08-29,mgr:6fe0e0af19e4,Marco Rose,2,NO_DETAILED_FANTRAX_ROW,EXACT_PLAYER_MATCH,1.5,,0.0,0,0,1.0,1.0,0,WHOSCORED_SOURCE_SPECIFIC,WHOSCORED_DERIVED_VALIDATED,WHOSCORED_SOURCE_SPECIFIC,WHOSCORED_DERIVED_VALIDATED,WHOSCORED_SOURCE_SPECIFIC,061ve,1.5,,0.0,,,,WHOSCORED_CURRENT_OBSERVED,WHOSCORED_CURRENT_OBSERVED,WHOSCORED_CURRENT_OBSERVED,0.0,0.0,0.0,Ryan Christie
soccerdata:sofascore:16363247,FTX-04RH9,afc_bournemouth,everton,295084,5.93,4231,,,False,0.0,0,0,0,0.0,0,0.0,0,0,0,0,0,0,0,0,2,9,7,observed_or_derived,False,HOME,2026-08-29,mgr:6fe0e0af19e4,Marco Rose,2,NO_DETAILED_FANTRAX_ROW,EXACT_PLAYER_MATCH,0.0,,0.0,0,0,0.0,0.0,0,WHOSCORED_SOURCE_SPECIFIC,WHOSCORED_DERIVED_VALIDATED,WHOSCORED_SOURCE_SPECIFIC,WHOSCORED_DERIVED_VALIDATED,WHOSCORED_SOURCE_SPECIFIC,04rh9,0.0,,0.0,,,,WHOSCORED_CURRENT_OBSERVED,WHOSCORED_CURRENT_OBSERVED,WHOSCORED_CURRENT_OBSERVED,0.0,0.0,0.0,David Brooks
soccerdata:sofascore:16363247,FTX-07849,afc_bournemouth,everton,460772,5.98,4231,,,False,0.0,1,1,4,0.0,0,0.0,0,1,0,0,0,0,0,0,2,3,2,observed_or_derived,False,HOME,2026-08-29,mgr:6fe0e0af19e4,Marco Rose,2,NO_DETAILED_FANTRAX_ROW,UNRESOLVED,1.0,,0.0,0,0,0.0,0.0,0,WHOSCORED_SOURCE_SPECIFIC,WHOSCORED_DERIVED_VALIDATED,WHOSCORED_SOURCE_SPECIFIC,WHOSCORED_DERIVED_VALIDATED,WHOSCORED_SOURCE_SPECIFIC,07849,1.0,,,,,,WHOSCORED_CURRENT_OBSERVED,WHOSCORED_CURRENT_OBSERVED,WHOSCORED_CURRENT_OBSERVED,,,,Álvaro Rodríguez
soccerdata:sofascore:16363247,FTX-06R7F,afc_bournemouth,everton,437310,,4231,,,False,0.0,0,0,0,0.0,0,0.0,0,0,0,0,0,0,0,0,0,0,0,observed_or_derived,False,HOME,2026-08-29,mgr:6fe0e0af19e4,Marco Rose,2,NO_DETAILED_FANTRAX_ROW,UNRESOLVED,0.0,,0.0,0,0,0.0,0.0,0,WHOSCORED_SOURCE_SPECIFIC,WHOSCORED_DERIVED_VALIDATED,WHOSCORED_SOURCE_SPECIFIC,WHOSCORED_DERIVED_VALIDATED,WHOSCORED_SOURCE_SPECIFIC,06r7f,0.0,,,,,,WHOSCORED_CURRENT_OBSERVED,WHOSCORED_CURRENT_OBSERVED,WHOSCORED_CURRENT_OBSERVED,,,,Julio Soler
soccerdata:sofascore:16363247,FTX-0700U,afc_bournemouth,everton,366875,,4231,,,False,0.0,0,0,0,0.0,0,0.0,0,0,0,0,0,0,0,0,0,0,0,observed_or_derived,False,HOME,2026-08-29,mgr:6fe0e0af19e4,Marco Rose,2,NO_DETAILED_FANTRAX_ROW,UNRESOLVED,0.0,,0.0,0,0,0.0,0.0,0,WHOSCORED_SOURCE_SPECIFIC,WHOSCORED_DERIVED_VALIDATED,WHOSCORED_SOURCE_SPECIFIC,WHOSCORED_DERIVED_VALIDATED,WHOSCORED_SOURCE_SPECIFIC,0700u,0.0,,,,,,WHOSCORED_CURRENT_OBSERVED,WHOSCORED_CURRENT_OBSERVED,WHOSCORED_CURRENT_OBSERVED,,,,Bafodé Diakité
soccerdata:sofascore:16363247,FTX-07918,afc_bournemouth,everton,319696,,4231,,,False,0.0,0,0,0,0.0,0,0.0,0,0,0,0,0,0,0,0,0,0,0,observed_or_derived,False,HOME,2026-08-29,mgr:6fe0e0af19e4,Marco Rose,2,NO_DETAILED_FANTRAX_ROW,UNRESOLVED,0.0,,0.0,0,0,0.0,0.0,0,WHOSCORED_SOURCE_SPECIFIC,WHOSCORED_DERIVED_VALIDATED,WHOSCORED_SOURCE_SPECIFIC,WHOSCORED_DERIVED_VALIDATED,WHOSCORED_SOURCE_SPECIFIC,07918,0.0,,,,,,WHOSCORED_CURRENT_OBSERVED,WHOSCORED_CURRENT_OBSERVED,WHOSCORED_CURRENT_OBSERVED,,,,Michele Di Gregorio
soccerdata:sofascore:16363247,FTX-05S00,afc_bournemouth,everton,415163,,4231,,,False,0.0,0,0,0,0.0,0,0.0,0,0,0,0,0,0,0,0,0,0,0,observed_or_derived,False,HOME,2026-08-29,mgr:6fe0e0af19e4,Marco Rose,2,NO_DETAILED_FANTRAX_ROW,UNRESOLVED,0.0,,0.0,0,0,0.0,0.0,0,WHOSCORED_SOURCE_SPECIFIC,WHOSCORED_DERIVED_VALIDATED,WHOSCORED_SOURCE_SPECIFIC,WHOSCORED_DERIVED_VALIDATED,WHOSCORED_SOURCE_SPECIFIC,05s00,0.0,,,,,,WHOSCORED_CURRENT_OBSERVED,WHOSCORED_CURRENT_OBSERVED,WHOSCORED_CURRENT_OBSERVED,,,,Daniel Jebbison
soccerdata:sofascore:16363247,pr_d24cfb093c683bd1,afc_bournemouth,everton,430350,,4231,,,False,0.0,0,0,0,0.0,0,0.0,0,0,0,0,0,0,0,0,0,0,0,observed_or_derived,False,HOME,2026-08-29,mgr:6fe0e0af19e4,Marco Rose,2,NO_DETAILED_FANTRAX_ROW,UNRESOLVED,0.0,,0.0,0,0,0.0,0.0,0,WHOSCORED_SOURCE_SPECIFIC,WHOSCORED_DERIVED_VALIDATED,WHOSCORED_SOURCE_SPECIFIC,WHOSCORED_DERIVED_VALIDATED,WHOSCORED_SOURCE_SPECIFIC,066nn,0.0,,,,,,WHOSCORED_CURRENT_OBSERVED,WHOSCORED_CURRENT_OBSERVED,WHOSCORED_CURRENT_OBSERVED,,,,Ben Gannon-Doak
soccerdata:sofascore:16363247,FTX-032F9,everton,afc_bournemouth,110189,7.24,4231,GK,,True,0.0,0,0,0,0.0,0,0.0,1,3,0,0,0,0,0,0,3,35,16,observed_or_derived,False,AWAY,2026-08-29,mgr:84316c036a2d,David Moyes,2,EXACT_PLAYER_PERIOD_DETAILED,EXACT_PLAYER_MATCH,11.0,11.0,0.0,0,0,0.0,0.0,0,WHOSCORED_SOURCE_SPECIFIC,WHOSCORED_DERIVED_VALIDATED,WHOSCORED_SOURCE_SPECIFIC,WHOSCORED_DERIVED_VALIDATED,WHOSCORED_SOURCE_SPECIFIC,032f9,11.0,11.0,0.0,0.0,0.0,aup99ojzmrp1z5vp,FANTRAX,FANTRAX,FANTRAX,0.0,0.0,0.0,Jordan Pickford
soccerdata:sofascore:16363247,FTX-070HI,everton,afc_bournemouth,419945,6.17,4231,RB,,True,0.0,1,0,3,0.0,3,0.0,2,4,1,3,0,0,0,0,2,36,28,observed_or_derived,False,AWAY,2026-08-29,mgr:84316c036a2d,David Moyes,2,NO_DETAILED_FANTRAX_ROW,EXACT_PLAYER_MATCH,3.5,,0.0,3,0,3.0,3.0,0,WHOSCORED_SOURCE_SPECIFIC,WHOSCORED_DERIVED_VALIDATED,WHOSCORED_SOURCE_SPECIFIC,WHOSCORED_DERIVED_VALIDATED,WHOSCORED_SOURCE_SPECIFIC,070hi,3.5,,0.0,,,,WHOSCORED_CURRENT_OBSERVED,WHOSCORED_CURRENT_OBSERVED,WHOSCORED_CURRENT_OBSERVED,0.0,0.0,0.0,Merlin Röhl
soccerdata:sofascore:16363247,FTX-0427D,everton,afc_bournemouth,131464,8.16,4231,CB,,True,1.0,0,0,6,5.0,1,3.0,5,3,1,0,0,1,1,1,4,40,34,observed_or_derived,False,AWAY,2026-08-29,mgr:84316c036a2d,David Moyes,2,EXACT_PLAYER_PERIOD_DETAILED,EXACT_PLAYER_MATCH,25.5,16.5,0.0,0,0,1.0,0.0,0,WHOSCORED_SOURCE_SPECIFIC,WHOSCORED_DERIVED_VALIDATED,WHOSCORED_SOURCE_SPECIFIC,WHOSCORED_DERIVED_VALIDATED,WHOSCORED_SOURCE_SPECIFIC,0427d,25.5,16.5,1.0,5.0,3.0,h2e8dn5dmrp1z5vp,FANTRAX,FANTRAX,FANTRAX,0.066868707537651,0.0140266856178641,0.0808953931555151,James Tarkowski
soccerdata:sofascore:16363247,FTX-05L27,everton,afc_bournemouth,381045,6.8,4231,CB,,True,0.0,1,0,3,2.0,1,2.0,9,3,0,0,0,1,1,0,1,27,19,observed_or_derived,False,AWAY,2026-08-29,mgr:84316c036a2d,David Moyes,2,EXACT_PLAYER_PERIOD_DETAILED,EXACT_PLAYER_MATCH,11.5,11.5,0.0,0,0,1.0,1.0,0,WHOSCORED_SOURCE_SPECIFIC,WHOSCORED_DERIVED_VALIDATED,WHOSCORED_SOURCE_SPECIFIC,WHOSCORED_DERIVED_VALIDATED,WHOSCORED_SOURCE_SPECIFIC,05l27,11.5,11.5,0.0,2.0,2.0,ayk8m85amrp1z5vo,FANTRAX,FANTRAX,FANTRAX,0.2326006144285202,0.0,0.2326006144285202,Jarrad Branthwaite
soccerdata:sofascore:16363247,FTX-05YBQ,everton,afc_bournemouth,345516,6.99,4231,LB,,True,0.0,1,1,7,4.0,1,1.0,6,7,1,3,0,0,0,0,1,47,29,observed_or_derived,False,AWAY,2026-08-29,mgr:84316c036a2d,David Moyes,2,EXACT_PLAYER_PERIOD_DETAILED,EXACT_PLAYER_MATCH,13.0,13.0,0.0,3,0,1.0,0.0,0,WHOSCORED_SOURCE_SPECIFIC,WHOSCORED_DERIVED_VALIDATED,WHOSCORED_SOURCE_SPECIFIC,WHOSCORED_DERIVED_VALIDATED,WHOSCORED_SOURCE_SPECIFIC,05ybq,13.0,13.0,0.0,4.0,1.0,aup99ojzmrp1z5vp,FANTRAX,FANTRAX,FANTRAX,0.0,0.0,0.0,Vitalii Mykolenko
soccerdata:sofascore:16363247,FTX-04SPW,everton,afc_bournemouth,367781,6.03,4231,DM,,True,0.0,0,0,1,0.0,3,0.0,0,7,0,4,0,0,0,0,2,26,19,observed_or_derived,False,AWAY,2026-08-29,mgr:84316c036a2d,David Moyes,2,EXACT_PLAYER_PERIOD_DETAILED,EXACT_PLAYER_MATCH,1.0,1.0,0.0,4,0,3.0,3.0,0,WHOSCORED_SOURCE_SPECIFIC,WHOSCORED_DERIVED_VALIDATED,WHOSCORED_SOURCE_SPECIFIC,WHOSCORED_DERIVED_VALIDATED,WHOSCORED_SOURCE_SPECIFIC,04spw,1.0,1.0,0.0,0.0,0.0,ayk8m85amrp1z5vo,FANTRAX,FANTRAX,FANTRAX,0.0,0.0,0.0,James Garner
soccerdata:sofascore:16363247,FTX-06ONV,everton,afc_bournemouth,535879,6.45,4231,DM,,True,1.0,1,0,3,1.0,3,2.0,1,3,3,1,0,0,0,0,2,21,19,observed_or_derived,False,AWAY,2026-08-29,mgr:84316c036a2d,David Moyes,2,NO_DETAILED_FANTRAX_ROW,EXACT_PLAYER_MATCH,5.0,,0.0,1,0,3.0,1.0,0,WHOSCORED_SOURCE_SPECIFIC,WHOSCORED_DERIVED_VALIDATED,WHOSCORED_SOURCE_SPECIFIC,WHOSCORED_DERIVED_VALIDATED,WHOSCORED_SOURCE_SPECIFIC,06onv,5.0,,1.0,,,,WHOSCORED_CURRENT_OBSERVED,WHOSCORED_CURRENT_OBSERVED,WHOSCORED_CURRENT_OBSERVED,0.0,0.4050018787384033,0.4050018787384033,Harrison Armstrong
soccerdata:sofascore:16363247,FTX-05R94,everton,afc_bournemouth,366116,6.79,4231,RW,,True,1.0,4,1,1,1.0,1,2.0,3,7,0,0,0,2,1,0,2,33,32,observed_or_derived,False,AWAY,2026-08-29,mgr:84316c036a2d,David Moyes,2,EXACT_PLAYER_PERIOD_DETAILED,EXACT_PLAYER_MATCH,8.5,8.5,0.0,0,0,1.0,0.0,0,WHOSCORED_SOURCE_SPECIFIC,WHOSCORED_DERIVED_VALIDATED,WHOSCORED_SOURCE_SPECIFIC,WHOSCORED_DERIVED_VALIDATED,WHOSCORED_SOURCE_SPECIFIC,05r94,8.5,8.5,1.0,1.0,2.0,61fz0pmkmrp1z5vo,FANTRAX,FANTRAX,FANTRAX,0.0289615634828805,0.0101963225752115,0.039157886058092,Iliman Ndiaye
soccerdata:sofascore:16363247,FTX-05GCC,everton,afc_bournemouth,391256,7.19,4231,CAM,,True,4.0,5,1,1,0.0,3,0.0,0,7,2,3,0,2,1,0,2,35,27,observed_or_derived,False,AWAY,2026-08-29,mgr:84316c036a2d,David Moyes,2,EXACT_PLAYER_PERIOD_DETAILED,EXACT_PLAYER_MATCH,14.0,14.0,0.0,3,2,3.0,2.0,0,WHOSCORED_SOURCE_SPECIFIC,WHOSCORED_DERIVED_VALIDATED,WHOSCORED_SOURCE_SPECIFIC,WHOSCORED_DERIVED_VALIDATED,WHOSCORED_SOURCE_SPECIFIC,05gcc,14.0,14.0,4.0,0.0,0.0,qwkltl98mrp1z5vp,FANTRAX,FANTRAX,FANTRAX,0.0501798726618289,0.4039295315742492,0.4541094042360781,Kiernan Dewsbury-Hall
soccerdata:sofascore:16363247,FTX-06L4I,everton,afc_bournemouth,523597,6.36,4231,LW,,True,1.0,3,1,0,0.0,1,0.0,0,1,0,3,0,2,1,0,1,17,13,observed_or_derived,False,AWAY,2026-08-29,mgr:84316c036a2d,David Moyes,2,EXACT_PLAYER_PERIOD_DETAILED,EXACT_PLAYER_MATCH,5.5,5.5,0.0,3,0,1.0,1.0,0,WHOSCORED_SOURCE_SPECIFIC,WHOSCORED_DERIVED_VALIDATED,WHOSCORED_SOURCE_SPECIFIC,WHOSCORED_DERIVED_VALIDATED,WHOSCORED_SOURCE_SPECIFIC,06l4i,5.5,5.5,1.0,0.0,0.0,rx9bjhp3mrp1z5vo,FANTRAX,FANTRAX,FANTRAX,0.0257769934833049,0.0149348778650164,0.0407118713483213,Tyrique George
soccerdata:sofascore:16363247,FTX-06YBP,everton,afc_bournemouth,537713,6.42,4231,ST,,True,1.0,2,1,8,2.0,0,0.0,2,1,0,0,0,3,2,0,1,9,5,observed_or_derived,False,AWAY,2026-08-29,mgr:84316c036a2d,David Moyes,2,EXACT_PLAYER_PERIOD_DETAILED,EXACT_PLAYER_MATCH,9.0,9.0,0.0,0,0,0.0,0.0,0,WHOSCORED_SOURCE_SPECIFIC,WHOSCORED_DERIVED_VALIDATED,WHOSCORED_SOURCE_SPECIFIC,WHOSCORED_DERIVED_VALIDATED,WHOSCORED_SOURCE_SPECIFIC,06ybp,9.0,9.0,1.0,2.0,0.0,2dxfjlk0mrp1z5vo,FANTRAX,FANTRAX,FANTRAX,1.144996166229248,0.0165326818823814,1.1615288481116297,Thierno Barry
soccerdata:sofascore:16363247,FTX-06FVN,everton,afc_bournemouth,380546,6.03,4231,,,False,0.0,0,0,4,0.0,0,0.0,0,0,0,1,0,1,0,0,0,3,2,observed_or_derived,False,AWAY,2026-08-29,mgr:84316c036a2d,David Moyes,2,NO_DETAILED_FANTRAX_ROW,EXACT_PLAYER_MATCH,0.5,,0.0,1,0,0.0,0.0,0,WHOSCORED_SOURCE_SPECIFIC,WHOSCORED_DERIVED_VALIDATED,WHOSCORED_SOURCE_SPECIFIC,WHOSCORED_DERIVED_VALIDATED,WHOSCORED_SOURCE_SPECIFIC,06fvn,0.5,,0.0,,,,WHOSCORED_CURRENT_OBSERVED,WHOSCORED_CURRENT_OBSERVED,WHOSCORED_CURRENT_OBSERVED,0.044290542602539,0.0,0.044290542602539,Beto
soccerdata:sofascore:16363247,FTX-0784P,everton,afc_bournemouth,388651,6.24,4231,,,False,0.0,0,0,0,0.0,0,1.0,0,1,0,2,0,0,0,0,0,19,16,observed_or_derived,False,AWAY,2026-08-29,mgr:84316c036a2d,David Moyes,2,EXACT_PLAYER_PERIOD_DETAILED,EXACT_PLAYER_MATCH,2.0,2.0,0.0,2,0,0.0,0.0,0,WHOSCORED_SOURCE_SPECIFIC,WHOSCORED_DERIVED_VALIDATED,WHOSCORED_SOURCE_SPECIFIC,WHOSCORED_DERIVED_VALIDATED,WHOSCORED_SOURCE_SPECIFIC,0784p,2.0,2.0,0.0,0.0,1.0,rx9bjhp3mrp1z5vo,FANTRAX,FANTRAX,FANTRAX,0.0,0.0,0.0,Hayden Hackney
soccerdata:sofascore:16363247,FTX-05T6Z,everton,afc_bournemouth,416208,6.08,4231,,,False,0.0,0,0,0,0.0,0,0.0,0,0,0,0,0,0,0,0,1,1,1,observed_or_derived,False,AWAY,2026-08-29,mgr:84316c036a2d,David Moyes,2,NO_DETAILED_FANTRAX_ROW,EXACT_PLAYER_MATCH,0.0,,0.0,0,0,0.0,0.0,0,WHOSCORED_SOURCE_SPECIFIC,WHOSCORED_DERIVED_VALIDATED,WHOSCORED_SOURCE_SPECIFIC,WHOSCORED_DERIVED_VALIDATED,WHOSCORED_SOURCE_SPECIFIC,05t6z,0.0,,0.0,,,,WHOSCORED_CURRENT_OBSERVED,WHOSCORED_CURRENT_OBSERVED,WHOSCORED_CURRENT_OBSERVED,0.0,0.0,0.0,Tim Iroegbunam
soccerdata:sofascore:16363247,FTX-061YA,everton,afc_bournemouth,379688,6.09,4231,,,False,0.0,0,0,1,0.0,1,0.0,0,1,0,0,0,0,0,0,1,3,1,observed_or_derived,False,AWAY,2026-08-29,mgr:84316c036a2d,David Moyes,2,NO_DETAILED_FANTRAX_ROW,EXACT_PLAYER_MATCH,-0.5,,0.0,0,0,1.0,0.0,0,WHOSCORED_SOURCE_SPECIFIC,WHOSCORED_DERIVED_VALIDATED,WHOSCORED_SOURCE_SPECIFIC,WHOSCORED_DERIVED_VALIDATED,WHOSCORED_SOURCE_SPECIFIC,061ya,-0.5,,0.0,,,,WHOSCORED_CURRENT_OBSERVED,WHOSCORED_CURRENT_OBSERVED,WHOSCORED_CURRENT_OBSERVED,0.0,0.0,0.0,Brennan Johnson
soccerdata:sofascore:16363247,FTX-04VY4,everton,afc_bournemouth,362806,,4231,,,False,0.0,0,0,0,0.0,0,0.0,0,0,0,0,0,0,0,0,0,0,0,observed_or_derived,False,AWAY,2026-08-29,mgr:84316c036a2d,David Moyes,2,NO_DETAILED_FANTRAX_ROW,UNRESOLVED,0.0,,0.0,0,0,0.0,0.0,0,WHOSCORED_SOURCE_SPECIFIC,WHOSCORED_DERIVED_VALIDATED,WHOSCORED_SOURCE_SPECIFIC,WHOSCORED_DERIVED_VALIDATED,WHOSCORED_SOURCE_SPECIFIC,04vy4,0.0,,,,,,WHOSCORED_CURRENT_OBSERVED,WHOSCORED_CURRENT_OBSERVED,WHOSCORED_CURRENT_OBSERVED,,,,Mark Travers
soccerdata:sofascore:16363247,FTX-062OH,everton,afc_bournemouth,424495,,4231,,,False,0.0,0,0,0,0.0,0,0.0,0,0,0,0,0,0,0,0,0,0,0,observed_or_derived,False,AWAY,2026-08-29,mgr:84316c036a2d,David Moyes,2,NO_DETAILED_FANTRAX_ROW,UNRESOLVED,0.0,,0.0,0,0,0.0,0.0,0,WHOSCORED_SOURCE_SPECIFIC,WHOSCORED_DERIVED_VALIDATED,WHOSCORED_SOURCE_SPECIFIC,WHOSCORED_DERIVED_VALIDATED,WHOSCORED_SOURCE_SPECIFIC,062oh,0.0,,,,,,WHOSCORED_CURRENT_OBSERVED,WHOSCORED_CURRENT_OBSERVED,WHOSCORED_CURRENT_OBSERVED,,,,Jake O'Brien
soccerdata:sofascore:16363247,FTX-0327R,everton,afc_bournemouth,107941,,4231,,,False,0.0,0,0,0,0.0,0,0.0,0,0,0,0,0,0,0,0,0,0,0,observed_or_derived,False,AWAY,2026-08-29,mgr:84316c036a2d,David Moyes,2,NO_DETAILED_FANTRAX_ROW,UNRESOLVED,0.0,,0.0,0,0,0.0,0.0,0,WHOSCORED_SOURCE_SPECIFIC,WHOSCORED_DERIVED_VALIDATED,WHOSCORED_SOURCE_SPECIFIC,WHOSCORED_DERIVED_VALIDATED,WHOSCORED_SOURCE_SPECIFIC,0327r,0.0,,,,,,WHOSCORED_CURRENT_OBSERVED,WHOSCORED_CURRENT_OBSERVED,WHOSCORED_CURRENT_OBSERVED,,,,Michael Keane
soccerdata:sofascore:16363247,FTX-06195,everton,afc_bournemouth,438067,,4231,,,False,0.0,0,0,0,0.0,0,0.0,0,0,0,0,0,0,0,0,0,0,0,observed_or_derived,False,AWAY,2026-08-29,mgr:84316c036a2d,David Moyes,2,NO_DETAILED_FANTRAX_ROW,UNRESOLVED,0.0,,0.0,0,0,0.0,0.0,0,WHOSCORED_SOURCE_SPECIFIC,WHOSCORED_DERIVED_VALIDATED,WHOSCORED_SOURCE_SPECIFIC,WHOSCORED_DERIVED_VALIDATED,WHOSCORED_SOURCE_SPECIFIC,06195,0.0,,,,,,WHOSCORED_CURRENT_OBSERVED,WHOSCORED_CURRENT_OBSERVED,WHOSCORED_CURRENT_OBSERVED,,,,Tyler Dibling
soccerdata:sofascore:16363250,pr_5e49c1cd91f1f34d,coventry_city,hull_city,421944,6.26,4231,GK,,True,0.0,0,0,0,0.0,0,0.0,1,5,0,0,0,0,0,0,0,49,37,observed_or_derived,False,HOME,2026-08-29,mgr:fb84c76f2aab,Frank Lampard,2,NO_DETAILED_FANTRAX_ROW,UNRESOLVED,5.5,,0.0,0,0,0.0,0.0,0,WHOSCORED_SOURCE_SPECIFIC,WHOSCORED_DERIVED_VALIDATED,WHOSCORED_SOURCE_SPECIFIC,WHOSCORED_DERIVED_VALIDATED,WHOSCORED_SOURCE_SPECIFIC,062ct,5.5,,,,,,WHOSCORED_CURRENT_OBSERVED,WHOSCORED_CURRENT_OBSERVED,WHOSCORED_CURRENT_OBSERVED,,,,Carl Rushworth
soccerdata:sofascore:16363250,pr_324f38903221c32b,coventry_city,hull_city,379760,6.42,4231,RB,,True,2.0,2,0,0,0.0,1,0.0,2,3,1,4,0,0,0,0,0,60,53,observed_or_derived,False,HOME,2026-08-29,mgr:fb84c76f2aab,Frank Lampard,2,EXACT_PLAYER_PERIOD_DETAILED,UNRESOLVED,7.0,7.0,0.0,3,2,1.0,1.0,0,WHOSCORED_SOURCE_SPECIFIC,WHOSCORED_DERIVED_VALIDATED,WHOSCORED_SOURCE_SPECIFIC,WHOSCORED_DERIVED_VALIDATED,WHOSCORED_SOURCE_SPECIFIC,076d0,7.0,7.0,2.0,0.0,0.0,cjn4stydmrp1z5vp,FANTRAX,FANTRAX,FANTRAX,,,,Milan van Ewijk
soccerdata:sofascore:16363250,FTX-0784I,coventry_city,hull_city,450271,6.51,4231,CB,,True,0.0,1,1,6,5.0,0,0.0,4,1,0,0,0,1,0,0,2,73,69,observed_or_derived,False,HOME,2026-08-29,mgr:fb84c76f2aab,Frank Lampard,2,NO_DETAILED_FANTRAX_ROW,EXACT_PLAYER_MATCH,5.5,,0.0,0,0,0.0,0.0,0,WHOSCORED_SOURCE_SPECIFIC,WHOSCORED_DERIVED_VALIDATED,WHOSCORED_SOURCE_SPECIFIC,WHOSCORED_DERIVED_VALIDATED,WHOSCORED_SOURCE_SPECIFIC,0784i,5.5,,0.0,,,,WHOSCORED_CURRENT_OBSERVED,WHOSCORED_CURRENT_OBSERVED,WHOSCORED_CURRENT_OBSERVED,0.011054546572268,0.0,0.011054546572268,Aurèle Amenda
soccerdata:sofascore:16363250,pr_cd2d216755538e53,coventry_city,hull_city,395615,7.04,4231,CB,,True,0.0,1,1,3,1.0,0,0.0,9,6,1,1,0,0,0,0,4,63,49,observed_or_derived,False,HOME,2026-08-29,mgr:fb84c76f2aab,Frank Lampard,2,EXACT_PLAYER_PERIOD_DETAILED,UNRESOLVED,12.5,6.5,0.0,1,0,0.0,0.0,0,WHOSCORED_SOURCE_SPECIFIC,WHOSCORED_DERIVED_VALIDATED,WHOSCORED_SOURCE_SPECIFIC,WHOSCORED_DERIVED_VALIDATED,WHOSCORED_SOURCE_SPECIFIC,05l2z,12.5,6.5,0.0,1.0,0.0,2dxfjlk0mrp1z5vo,FANTRAX,FANTRAX,FANTRAX,,,,Bobby Thomas
soccerdata:sofascore:16363250,pr_d522b1300b9ba94f,coventry_city,hull_city,318767,6.92,4231,LB,,True,0.0,3,3,2,1.0,2,1.0,0,3,0,3,0,1,1,0,1,82,71,observed_or_derived,False,HOME,2026-08-29,mgr:fb84c76f2aab,Frank Lampard,2,NO_DETAILED_FANTRAX_ROW,UNRESOLVED,8.5,,0.0,3,0,2.0,2.0,0,WHOSCORED_SOURCE_SPECIFIC,WHOSCORED_DERIVED_VALIDATED,WHOSCORED_SOURCE_SPECIFIC,WHOSCORED_DERIVED_VALIDATED,WHOSCORED_SOURCE_SPECIFIC,03fgl,8.5,,,,,,WHOSCORED_CURRENT_OBSERVED,WHOSCORED_CURRENT_OBSERVED,WHOSCORED_CURRENT_OBSERVED,,,,Jay Dasilva
soccerdata:sofascore:16363250,FTX-078G4,coventry_city,hull_city,561984,6.77,4231,DM,,True,1.0,2,0,4,3.0,0,0.0,3,4,1,1,0,1,1,0,3,39,38,observed_or_derived,False,HOME,2026-08-29,mgr:fb84c76f2aab,Frank Lampard,2,NO_DETAILED_FANTRAX_ROW,EXACT_PLAYER_MATCH,6.5,,0.0,1,1,0.0,0.0,0,WHOSCORED_SOURCE_SPECIFIC,WHOSCORED_DERIVED_VALIDATED,WHOSCORED_SOURCE_SPECIFIC,WHOSCORED_DERIVED_VALIDATED,WHOSCORED_SOURCE_SPECIFIC,078g4,6.5,,1.0,,,,WHOSCORED_CURRENT_OBSERVED,WHOSCORED_CURRENT_OBSERVED,WHOSCORED_CURRENT_OBSERVED,0.0297570321708917,0.0581655465066432,0.0879225786775348,Caleb Yirenkyi
soccerdata:sofascore:16363250,pr_250a525c8fb0b806,coventry_city,hull_city,138584,6.09,4231,DM,,True,1.0,0,0,1,0.0,0,0.0,1,9,1,7,0,1,1,0,0,116,95,observed_or_derived,False,HOME,2026-08-29,mgr:fb84c76f2aab,Frank Lampard,2,EXACT_PLAYER_PERIOD_DETAILED,UNRESOLVED,3.5,3.5,0.0,7,1,0.0,0.0,0,WHOSCORED_SOURCE_SPECIFIC,WHOSCORED_DERIVED_VALIDATED,WHOSCORED_SOURCE_SPECIFIC,WHOSCORED_DERIVED_VALIDATED,WHOSCORED_SOURCE_SPECIFIC,03mfe,3.5,3.5,1.0,0.0,0.0,cjn4stydmrp1z5vp,FANTRAX,FANTRAX,FANTRAX,,,,Matt Grimes
soccerdata:sofascore:16363250,FTX-06Y27,coventry_city,hull_city,425118,6.52,4231,RW,,True,1.0,0,0,1,1.0,1,0.0,2,3,1,5,0,1,0,0,0,27,18,observed_or_derived,False,HOME,2026-08-29,mgr:fb84c76f2aab,Frank Lampard,2,NO_DETAILED_FANTRAX_ROW,EXACT_PLAYER_MATCH,5.5,,0.0,5,1,1.0,1.0,0,WHOSCORED_SOURCE_SPECIFIC,WHOSCORED_DERIVED_VALIDATED,WHOSCORED_SOURCE_SPECIFIC,WHOSCORED_DERIVED_VALIDATED,WHOSCORED_SOURCE_SPECIFIC,06y27,5.5,,1.0,,,,WHOSCORED_CURRENT_OBSERVED,WHOSCORED_CURRENT_OBSERVED,WHOSCORED_CURRENT_OBSERVED,0.0280903149396181,0.129779428243637,0.1578697431832551,Loum Tchaouna
soccerdata:sofascore:16363250,pr_8423ecb420e3995f,coventry_city,hull_city,381107,6.33,4231,CAM,,True,2.0,0,0,1,0.0,1,1.0,0,4,1,1,1,1,1,0,1,36,28,observed_or_derived,False,HOME,2026-08-29,mgr:fb84c76f2aab,Frank Lampard,2,EXACT_PLAYER_PERIOD_DETAILED,UNRESOLVED,5.5,4.5,0.0,1,0,1.0,0.0,0,WHOSCORED_SOURCE_SPECIFIC,WHOSCORED_DERIVED_VALIDATED,WHOSCORED_SOURCE_SPECIFIC,WHOSCORED_DERIVED_VALIDATED,WHOSCORED_SOURCE_SPECIFIC,076d3,5.5,4.5,2.0,0.0,1.0,cjn4stydmrp1z5vp,FANTRAX,FANTRAX,FANTRAX,,,,Jack Rudoni
soccerdata:sofascore:16363250,pr_c357333820dede1b,coventry_city,hull_city,342899,6.15,4231,LW,,True,1.0,2,0,2,0.0,0,0.0,2,2,0,6,0,0,0,0,4,18,10,observed_or_derived,False,HOME,2026-08-29,mgr:fb84c76f2aab,Frank Lampard,2,NO_DETAILED_FANTRAX_ROW,UNRESOLVED,3.5,,0.0,6,1,0.0,0.0,0,WHOSCORED_SOURCE_SPECIFIC,WHOSCORED_DERIVED_VALIDATED,WHOSCORED_SOURCE_SPECIFIC,WHOSCORED_DERIVED_VALIDATED,WHOSCORED_SOURCE_SPECIFIC,076d9,3.5,,,,,,WHOSCORED_CURRENT_OBSERVED,WHOSCORED_CURRENT_OBSERVED,WHOSCORED_CURRENT_OBSERVED,,,,Ephron Mason-Clark
soccerdata:sofascore:16363250,FTX-04RZL,coventry_city,hull_city,281049,6.44,4231,ST,,True,2.0,2,1,5,2.0,0,0.0,1,2,0,0,0,4,3,0,1,14,12,observed_or_derived,False,HOME,2026-08-29,mgr:fb84c76f2aab,Frank Lampard,2,NO_DETAILED_FANTRAX_ROW,EXACT_PLAYER_MATCH,10.0,,0.0,0,0,0.0,0.0,0,WHOSCORED_SOURCE_SPECIFIC,WHOSCORED_DERIVED_VALIDATED,WHOSCORED_SOURCE_SPECIFIC,WHOSCORED_DERIVED_VALIDATED,WHOSCORED_SOURCE_SPECIFIC,04rzl,10.0,,2.0,,,,WHOSCORED_CURRENT_OBSERVED,WHOSCORED_CURRENT_OBSERVED,WHOSCORED_CURRENT_OBSERVED,0.9398623108863832,0.0503396391868591,0.9902019500732424,Taiwo Awoniyi
soccerdata:sofascore:16363250,pr_0083a6386e63c255,coventry_city,hull_city,409424,5.79,4231,,,False,0.0,0,0,0,0.0,0,0.0,0,2,0,2,0,0,0,0,1,15,11,observed_or_derived,False,HOME,2026-08-29,mgr:fb84c76f2aab,Frank Lampard,2,NO_DETAILED_FANTRAX_ROW,UNRESOLVED,0.0,,0.0,2,0,0.0,0.0,0,WHOSCORED_SOURCE_SPECIFIC,WHOSCORED_DERIVED_VALIDATED,WHOSCORED_SOURCE_SPECIFIC,WHOSCORED_DERIVED_VALIDATED,WHOSCORED_SOURCE_SPECIFIC,076d7,0.0,,,,,,WHOSCORED_CURRENT_OBSERVED,WHOSCORED_CURRENT_OBSERVED,WHOSCORED_CURRENT_OBSERVED,,,,Victor Torp
soccerdata:sofascore:16363250,FTX-05TR1,coventry_city,hull_city,342499,6.16,4231,,,False,0.0,0,0,3,2.0,0,0.0,2,0,0,0,0,0,0,0,0,13,12,observed_or_derived,False,HOME,2026-08-29,mgr:fb84c76f2aab,Frank Lampard,2,NO_DETAILED_FANTRAX_ROW,EXACT_PLAYER_MATCH,3.0,,0.0,0,0,0.0,0.0,0,WHOSCORED_SOURCE_SPECIFIC,WHOSCORED_DERIVED_VALIDATED,WHOSCORED_SOURCE_SPECIFIC,WHOSCORED_DERIVED_VALIDATED,WHOSCORED_SOURCE_SPECIFIC,05tr1,3.0,,0.0,,,,WHOSCORED_CURRENT_OBSERVED,WHOSCORED_CURRENT_OBSERVED,WHOSCORED_CURRENT_OBSERVED,0.0,0.0,0.0,Ethan Pinnock
soccerdata:sofascore:16363250,pr_bff16f790716cce3,coventry_city,hull_city,431539,6.2,4231,,,False,0.0,1,0,1,1.0,2,0.0,0,2,1,3,0,1,1,0,0,15,12,observed_or_derived,False,HOME,2026-08-29,mgr:fb84c76f2aab,Frank Lampard,2,NO_DETAILED_FANTRAX_ROW,UNRESOLVED,3.5,,0.0,3,1,2.0,2.0,0,WHOSCORED_SOURCE_SPECIFIC,WHOSCORED_DERIVED_VALIDATED,WHOSCORED_SOURCE_SPECIFIC,WHOSCORED_DERIVED_VALIDATED,WHOSCORED_SOURCE_SPECIFIC,076d4,3.5,,,,,,WHOSCORED_CURRENT_OBSERVED,WHOSCORED_CURRENT_OBSERVED,WHOSCORED_CURRENT_OBSERVED,,,,Tatsuhiro Sakamoto
soccerdata:sofascore:16363250,FTX-06FG0,coventry_city,hull_city,332143,5.84,4231,,,False,0.0,0,0,1,0.0,0,0.0,0,0,0,1,0,0,0,0,1,14,11,observed_or_derived,False,HOME,2026-08-29,mgr:fb84c76f2aab,Frank Lampard,2,NO_DETAILED_FANTRAX_ROW,EXACT_PLAYER_MATCH,-0.5,,0.0,1,0,0.0,0.0,0,WHOSCORED_SOURCE_SPECIFIC,WHOSCORED_DERIVED_VALIDATED,WHOSCORED_SOURCE_SPECIFIC,WHOSCORED_DERIVED_VALIDATED,WHOSCORED_SOURCE_SPECIFIC,06fg0,-0.5,,0.0,,,,WHOSCORED_CURRENT_OBSERVED,WHOSCORED_CURRENT_OBSERVED,WHOSCORED_CURRENT_OBSERVED,0.0,0.0,0.0,Gustavo Hamer
soccerdata:sofascore:16363250,pr_93aaa65524dc1a19,coventry_city,hull_city,331235,6.04,4231,,,False,0.0,2,1,2,1.0,0,0.0,0,2,0,1,0,0,0,0,1,12,7,observed_or_derived,False,HOME,2026-08-29,mgr:fb84c76f2aab,Frank Lampard,2,NO_DETAILED_FANTRAX_ROW,UNRESOLVED,1.5,,0.0,1,0,0.0,0.0,0,WHOSCORED_SOURCE_SPECIFIC,WHOSCORED_DERIVED_VALIDATED,WHOSCORED_SOURCE_SPECIFIC,WHOSCORED_DERIVED_VALIDATED,WHOSCORED_SOURCE_SPECIFIC,076db,1.5,,,,,,WHOSCORED_CURRENT_OBSERVED,WHOSCORED_CURRENT_OBSERVED,WHOSCORED_CURRENT_OBSERVED,,,,Brandon Thomas-Asante
soccerdata:sofascore:16363250,pr_36c16f1607d1980f,coventry_city,hull_city,383605,,4231,,,False,0.0,0,0,0,0.0,0,0.0,0,0,0,0,0,0,0,0,0,0,0,observed_or_derived,False,HOME,2026-08-29,mgr:fb84c76f2aab,Frank Lampard,2,NO_DETAILED_FANTRAX_ROW,UNRESOLVED,0.0,,0.0,0,0,0.0,0.0,0,WHOSCORED_SOURCE_SPECIFIC,WHOSCORED_DERIVED_VALIDATED,WHOSCORED_SOURCE_SPECIFIC,WHOSCORED_DERIVED_VALIDATED,WHOSCORED_SOURCE_SPECIFIC,04h87,0.0,,,,,,WHOSCORED_CURRENT_OBSERVED,WHOSCORED_CURRENT_OBSERVED,WHOSCORED_CURRENT_OBSERVED,,,,Joel Latibeaudiere
soccerdata:sofascore:16363250,pr_1aaf8cb8e386ec3b,coventry_city,hull_city,381095,,4231,,,False,0.0,0,0,0,0.0,0,0.0,0,0,0,0,0,0,0,0,0,0,0,observed_or_derived,False,HOME,2026-08-29,mgr:fb84c76f2aab,Frank Lampard,2,NO_DETAILED_FANTRAX_ROW,UNRESOLVED,0.0,,0.0,0,0,0.0,0.0,0,WHOSCORED_SOURCE_SPECIFIC,WHOSCORED_DERIVED_VALIDATED,WHOSCORED_SOURCE_SPECIFIC,WHOSCORED_DERIVED_VALIDATED,WHOSCORED_SOURCE_SPECIFIC,076cz,0.0,,,,,,WHOSCORED_CURRENT_OBSERVED,WHOSCORED_CURRENT_OBSERVED,WHOSCORED_CURRENT_OBSERVED,,,,Liam Kitching
soccerdata:sofascore:16363250,pr_1cf49c747203c77b,coventry_city,hull_city,396483,,4231,,,False,0.0,0,0,0,0.0,0,0.0,0,0,0,0,0,0,0,0,0,0,0,observed_or_derived,False,HOME,2026-08-29,mgr:fb84c76f2aab,Frank Lampard,2,NO_DETAILED_FANTRAX_ROW,UNRESOLVED,0.0,,0.0,0,0,0.0,0.0,0,WHOSCORED_SOURCE_SPECIFIC,WHOSCORED_DERIVED_VALIDATED,WHOSCORED_SOURCE_SPECIFIC,WHOSCORED_DERIVED_VALIDATED,WHOSCORED_SOURCE_SPECIFIC,05m9r,0.0,,,,,,WHOSCORED_CURRENT_OBSERVED,WHOSCORED_CURRENT_OBSERVED,WHOSCORED_CURRENT_OBSERVED,,,,Ellis Simms
soccerdata:sofascore:16363250,FTX-078AZ,hull_city,coventry_city,397331,7.59,541,GK,,True,0.0,0,0,0,1.0,0,0.0,0,4,0,0,0,0,0,0,1,34,16,observed_or_derived,False,AWAY,2026-08-29,mgr:9f4440ec2ca8,Sergej Jakirovic,2,EXACT_PLAYER_PERIOD_DETAILED,EXACT_PLAYER_MATCH,15.0,9.0,0.0,0,0,0.0,0.0,0,WHOSCORED_SOURCE_SPECIFIC,WHOSCORED_DERIVED_VALIDATED,WHOSCORED_SOURCE_SPECIFIC,WHOSCORED_DERIVED_VALIDATED,WHOSCORED_SOURCE_SPECIFIC,078az,15.0,9.0,0.0,1.0,0.0,acjx0vg4mrp1z5vo,FANTRAX,FANTRAX,FANTRAX,0.0,0.0,0.0,Konstantinos Tzolakis
soccerdata:sofascore:16363250,pr_afa9e82138c5780c,hull_city,coventry_city,301415,6.57,541,RB,,True,0.0,0,0,1,1.0,0,1.0,4,1,0,1,0,0,0,0,3,16,10,observed_or_derived,False,AWAY,2026-08-29,mgr:9f4440ec2ca8,Sergej Jakirovic,2,NO_DETAILED_FANTRAX_ROW,UNRESOLVED,1.5,,0.0,0,0,0.0,0.0,0,WHOSCORED_SOURCE_SPECIFIC,WHOSCORED_DERIVED_VALIDATED,WHOSCORED_SOURCE_SPECIFIC,WHOSCORED_DERIVED_VALIDATED,WHOSCORED_SOURCE_SPECIFIC,076dg,1.5,,,,,,WHOSCORED_CURRENT_OBSERVED,WHOSCORED_CURRENT_OBSERVED,WHOSCORED_CURRENT_OBSERVED,,,,Lewie Coyle
soccerdata:sofascore:16363250,pr_69e1eb773f5ff783,hull_city,coventry_city,108632,7.58,541,CB,,True,0.0,0,0,5,4.0,1,2.0,10,1,2,0,0,0,0,0,1,28,20,observed_or_derived,False,AWAY,2026-08-29,mgr:9f4440ec2ca8,Sergej Jakirovic,2,NO_DETAILED_FANTRAX_ROW,UNRESOLVED,18.5,,0.0,0,0,1.0,1.0,0,WHOSCORED_SOURCE_SPECIFIC,WHOSCORED_DERIVED_VALIDATED,WHOSCORED_SOURCE_SPECIFIC,WHOSCORED_DERIVED_VALIDATED,WHOSCORED_SOURCE_SPECIFIC,02m5l,18.5,,,,,,WHOSCORED_CURRENT_OBSERVED,WHOSCORED_CURRENT_OBSERVED,WHOSCORED_CURRENT_OBSERVED,,,,John Egan
soccerdata:sofascore:16363250,pr_deac0127221bee1b,hull_city,coventry_city,247815,7.09,541,CB,,True,0.0,1,1,3,1.0,2,0.0,5,5,1,1,0,0,0,0,1,26,20,observed_or_derived,False,AWAY,2026-08-29,mgr:9f4440ec2ca8,Sergej Jakirovic,2,NO_DETAILED_FANTRAX_ROW,UNRESOLVED,11.5,,0.0,1,0,2.0,1.0,0,WHOSCORED_SOURCE_SPECIFIC,WHOSCORED_DERIVED_VALIDATED,WHOSCORED_SOURCE_SPECIFIC,WHOSCORED_DERIVED_VALIDATED,WHOSCORED_SOURCE_SPECIFIC,03ksl,11.5,,,,,,WHOSCORED_CURRENT_OBSERVED,WHOSCORED_CURRENT_OBSERVED,WHOSCORED_CURRENT_OBSERVED,,,,Semi Ajayi
soccerdata:sofascore:16363250,FTX-078MM,hull_city,coventry_city,469508,7.02,541,CB,,True,0.0,0,0,1,0.0,2,0.0,5,2,0,0,0,1,1,0,0,27,21,observed_or_derived,False,AWAY,2026-08-29,mgr:9f4440ec2ca8,Sergej Jakirovic,2,NO_DETAILED_FANTRAX_ROW,EXACT_PLAYER_MATCH,7.5,,0.0,0,0,2.0,1.0,0,WHOSCORED_SOURCE_SPECIFIC,WHOSCORED_DERIVED_VALIDATED,WHOSCORED_SOURCE_SPECIFIC,WHOSCORED_DERIVED_VALIDATED,WHOSCORED_SOURCE_SPECIFIC,078mm,7.5,,0.0,,,,WHOSCORED_CURRENT_OBSERVED,WHOSCORED_CURRENT_OBSERVED,WHOSCORED_CURRENT_OBSERVED,0.0109622105956077,0.0,0.0109622105956077,Nobel Mendy
soccerdata:sofascore:16363250,pr_0b42d15c74eca788,hull_city,coventry_city,362831,6.45,541,LB,,True,1.0,0,0,1,0.0,1,0.0,1,4,0,5,0,0,0,0,0,34,22,observed_or_derived,False,AWAY,2026-08-29,mgr:9f4440ec2ca8,Sergej Jakirovic,2,EXACT_PLAYER_PERIOD_DETAILED,UNRESOLVED,9.5,3.5,0.0,5,1,1.0,0.0,0,WHOSCORED_SOURCE_SPECIFIC,WHOSCORED_DERIVED_VALIDATED,WHOSCORED_SOURCE_SPECIFIC,WHOSCORED_DERIVED_VALIDATED,WHOSCORED_SOURCE_SPECIFIC,04sjv,9.5,3.5,1.0,0.0,0.0,61fz0pmkmrp1z5vo,FANTRAX,FANTRAX,FANTRAX,,,,Ryan Giles
soccerdata:sofascore:16363250,pr_6a7c2ebacd58663d,hull_city,coventry_city,457802,7.25,541,RM,,True,1.0,1,0,0,0.0,2,2.0,2,5,1,4,0,1,0,0,1,19,10,observed_or_derived,False,AWAY,2026-08-29,mgr:9f4440ec2ca8,Sergej Jakirovic,2,EXACT_PLAYER_PERIOD_DETAILED,UNRESOLVED,12.0,5.0,0.0,3,0,2.0,2.0,1,WHOSCORED_SOURCE_SPECIFIC,WHOSCORED_DERIVED_VALIDATED,WHOSCORED_SOURCE_SPECIFIC,WHOSCORED_DERIVED_VALIDATED,WHOSCORED_SOURCE_SPECIFIC,076dq,12.0,5.0,1.0,0.0,2.0,cjn4stydmrp1z5vp,FANTRAX,FANTRAX,FANTRAX,,,,Mohamed Belloumi
soccerdata:sofascore:16363250,FTX-0784R,hull_city,coventry_city,409279,6.7,541,CM,,True,1.0,2,2,2,1.0,0,0.0,1,1,0,1,1,0,0,0,0,16,12,observed_or_derived,False,AWAY,2026-08-29,mgr:9f4440ec2ca8,Sergej Jakirovic,2,NO_DETAILED_FANTRAX_ROW,EXACT_PLAYER_MATCH,6.0,,0.0,1,0,0.0,0.0,0,WHOSCORED_SOURCE_SPECIFIC,WHOSCORED_DERIVED_VALIDATED,WHOSCORED_SOURCE_SPECIFIC,WHOSCORED_DERIVED_VALIDATED,WHOSCORED_SOURCE_SPECIFIC,0784r,6.0,,1.0,,,,WHOSCORED_CURRENT_OBSERVED,WHOSCORED_CURRENT_OBSERVED,WHOSCORED_CURRENT_OBSERVED,0.0,0.0186402760446071,0.0186402760446071,Hidemasa Morita
soccerdata:sofascore:16363250,pr_e76d89b210b386d8,hull_city,coventry_city,349981,6.53,541,CM,,True,0.0,0,0,2,1.0,4,0.0,2,4,1,0,0,0,0,0,2,29,20,observed_or_derived,False,AWAY,2026-08-29,mgr:9f4440ec2ca8,Sergej Jakirovic,2,NO_DETAILED_FANTRAX_ROW,UNRESOLVED,1.0,,0.0,0,0,4.0,1.0,0,WHOSCORED_SOURCE_SPECIFIC,WHOSCORED_DERIVED_VALIDATED,WHOSCORED_SOURCE_SPECIFIC,WHOSCORED_DERIVED_VALIDATED,WHOSCORED_SOURCE_SPECIFIC,05o2p,1.0,,,,,,WHOSCORED_CURRENT_OBSERVED,WHOSCORED_CURRENT_OBSERVED,WHOSCORED_CURRENT_OBSERVED,,,,Regan Slater
soccerdata:sofascore:16363250,FTX-078HI,hull_city,coventry_city,614510,6.03,541,LM,,True,0.0,0,0,1,0.0,0,1.0,1,5,0,1,1,1,0,0,2,10,6,observed_or_derived,False,AWAY,2026-08-29,mgr:9f4440ec2ca8,Sergej Jakirovic,2,NO_DETAILED_FANTRAX_ROW,EXACT_PLAYER_MATCH,-0.5,,0.0,1,0,0.0,0.0,0,WHOSCORED_SOURCE_SPECIFIC,WHOSCORED_DERIVED_VALIDATED,WHOSCORED_SOURCE_SPECIFIC,WHOSCORED_DERIVED_VALIDATED,WHOSCORED_SOURCE_SPECIFIC,078hi,-0.5,,0.0,,,,WHOSCORED_CURRENT_OBSERVED,WHOSCORED_CURRENT_OBSERVED,WHOSCORED_CURRENT_OBSERVED,0.0186402760446071,0.0,0.0186402760446071,Elliot Stroud
soccerdata:sofascore:16363250,pr_7f943b8d8ebf5823,hull_city,coventry_city,138695,6.51,541,ST,,True,1.0,2,1,13,5.0,0,0.0,0,4,1,0,0,0,0,0,5,23,10,observed_or_derived,False,AWAY,2026-08-29,mgr:9f4440ec2ca8,Sergej Jakirovic,2,EXACT_PLAYER_PERIOD_DETAILED,UNRESOLVED,3.5,3.5,0.0,0,0,0.0,0.0,0,WHOSCORED_SOURCE_SPECIFIC,WHOSCORED_DERIVED_VALIDATED,WHOSCORED_SOURCE_SPECIFIC,WHOSCORED_DERIVED_VALIDATED,WHOSCORED_SOURCE_SPECIFIC,0477b,3.5,3.5,1.0,5.0,0.0,ayk8m85amrp1z5vo,FANTRAX,FANTRAX,FANTRAX,,,,Oliver McBurnie
soccerdata:sofascore:16363250,pr_18c50d39ec202943,hull_city,coventry_city,391821,6.95,541,,,False,0.0,0,0,0,0.0,0,0.0,0,0,0,0,0,3,1,1,0,7,4,observed_or_derived,False,AWAY,2026-08-29,mgr:9f4440ec2ca8,Sergej Jakirovic,2,NO_DETAILED_FANTRAX_ROW,UNRESOLVED,12.0,,0.0,0,0,0.0,0.0,0,WHOSCORED_SOURCE_SPECIFIC,WHOSCORED_DERIVED_VALIDATED,WHOSCORED_SOURCE_SPECIFIC,WHOSCORED_DERIVED_VALIDATED,WHOSCORED_SOURCE_SPECIFIC,052h1,12.0,,,,,,WHOSCORED_CURRENT_OBSERVED,WHOSCORED_CURRENT_OBSERVED,WHOSCORED_CURRENT_OBSERVED,,,,Liam Millar
soccerdata:sofascore:16363250,FTX-078QH,hull_city,coventry_city,393137,6.58,541,,,False,0.0,2,0,1,1.0,3,0.0,1,2,0,1,0,0,0,0,1,15,10,observed_or_derived,False,AWAY,2026-08-29,mgr:9f4440ec2ca8,Sergej Jakirovic,2,NO_DETAILED_FANTRAX_ROW,UNRESOLVED,2.0,,0.0,0,0,3.0,1.0,0,WHOSCORED_SOURCE_SPECIFIC,WHOSCORED_DERIVED_VALIDATED,WHOSCORED_SOURCE_SPECIFIC,WHOSCORED_DERIVED_VALIDATED,WHOSCORED_SOURCE_SPECIFIC,078qh,2.0,,,,,,WHOSCORED_CURRENT_OBSERVED,WHOSCORED_CURRENT_OBSERVED,WHOSCORED_CURRENT_OBSERVED,,,,Lucas Gourna-Douath
soccerdata:sofascore:16363250,FTX-07934,hull_city,coventry_city,399014,5.98,541,,,False,0.0,1,0,1,0.0,0,0.0,0,0,0,0,0,0,0,0,0,3,2,observed_or_derived,False,AWAY,2026-08-29,mgr:9f4440ec2ca8,Sergej Jakirovic,2,NO_DETAILED_FANTRAX_ROW,EXACT_PLAYER_MATCH,0.0,,0.0,0,0,0.0,0.0,0,WHOSCORED_SOURCE_SPECIFIC,WHOSCORED_DERIVED_VALIDATED,WHOSCORED_SOURCE_SPECIFIC,WHOSCORED_DERIVED_VALIDATED,WHOSCORED_SOURCE_SPECIFIC,07934,0.0,,0.0,,,,WHOSCORED_CURRENT_OBSERVED,WHOSCORED_CURRENT_OBSERVED,WHOSCORED_CURRENT_OBSERVED,0.0,0.0,0.0,Mohamed-Ali Cho
soccerdata:sofascore:16363250,pr_8bf04b264cc9419e,hull_city,coventry_city,414473,6.42,541,,,False,0.0,1,0,1,1.0,0,1.0,2,2,0,0,0,0,0,0,2,12,8,observed_or_derived,False,AWAY,2026-08-29,mgr:9f4440ec2ca8,Sergej Jakirovic,2,NO_DETAILED_FANTRAX_ROW,UNRESOLVED,3.0,,0.0,0,0,0.0,0.0,0,WHOSCORED_SOURCE_SPECIFIC,WHOSCORED_DERIVED_VALIDATED,WHOSCORED_SOURCE_SPECIFIC,WHOSCORED_DERIVED_VALIDATED,WHOSCORED_SOURCE_SPECIFIC,05roa,3.0,,,,,,WHOSCORED_CURRENT_OBSERVED,WHOSCORED_CURRENT_OBSERVED,WHOSCORED_CURRENT_OBSERVED,,,,Cody Drameh
soccerdata:sofascore:16363250,FTX-078ML,hull_city,coventry_city,606532,6.18,541,,,False,0.0,0,0,0,0.0,0,0.0,1,0,0,0,0,0,0,0,0,10,8,observed_or_derived,False,AWAY,2026-08-29,mgr:9f4440ec2ca8,Sergej Jakirovic,2,NO_DETAILED_FANTRAX_ROW,EXACT_PLAYER_MATCH,0.5,,0.0,0,0,0.0,0.0,0,WHOSCORED_SOURCE_SPECIFIC,WHOSCORED_DERIVED_VALIDATED,WHOSCORED_SOURCE_SPECIFIC,WHOSCORED_DERIVED_VALIDATED,WHOSCORED_SOURCE_SPECIFIC,078ml,0.5,,0.0,,,,WHOSCORED_CURRENT_OBSERVED,WHOSCORED_CURRENT_OBSERVED,WHOSCORED_CURRENT_OBSERVED,0.0,0.0,0.0,Lucas Herrington
soccerdata:sofascore:16363250,pr_1a1b79aa0541bdf4,hull_city,coventry_city,141738,,541,,,False,0.0,0,0,0,0.0,0,0.0,0,0,0,0,0,0,0,0,0,0,0,observed_or_derived,False,AWAY,2026-08-29,mgr:9f4440ec2ca8,Sergej Jakirovic,2,NO_DETAILED_FANTRAX_ROW,UNRESOLVED,0.0,,0.0,0,0,0.0,0.0,0,WHOSCORED_SOURCE_SPECIFIC,WHOSCORED_DERIVED_VALIDATED,WHOSCORED_SOURCE_SPECIFIC,WHOSCORED_DERIVED_VALIDATED,WHOSCORED_SOURCE_SPECIFIC,076de,0.0,,,,,,WHOSCORED_CURRENT_OBSERVED,WHOSCORED_CURRENT_OBSERVED,WHOSCORED_CURRENT_OBSERVED,,,,Dillon Phillips
soccerdata:sofascore:16363250,pr_3154180ed5036758,hull_city,coventry_city,136776,,541,,,False,0.0,0,0,0,0.0,0,0.0,0,0,0,0,0,0,0,0,0,0,0,observed_or_derived,False,AWAY,2026-08-29,mgr:9f4440ec2ca8,Sergej Jakirovic,2,NO_DETAILED_FANTRAX_ROW,UNRESOLVED,0.0,,0.0,0,0,0.0,0.0,0,WHOSCORED_SOURCE_SPECIFIC,WHOSCORED_DERIVED_VALIDATED,WHOSCORED_SOURCE_SPECIFIC,WHOSCORED_DERIVED_VALIDATED,WHOSCORED_SOURCE_SPECIFIC,0372y,0.0,,,,,,WHOSCORED_CURRENT_OBSERVED,WHOSCORED_CURRENT_OBSERVED,WHOSCORED_CURRENT_OBSERVED,,,,Matt Targett
soccerdata:sofascore:16363250,pr_9c0382a9cd8c69be,hull_city,coventry_city,244565,,541,,,False,0.0,0,0,0,0.0,0,0.0,0,0,0,0,0,0,0,0,0,0,0,observed_or_derived,False,AWAY,2026-08-29,mgr:9f4440ec2ca8,Sergej Jakirovic,2,NO_DETAILED_FANTRAX_ROW,UNRESOLVED,0.0,,0.0,0,0,0.0,0.0,0,WHOSCORED_SOURCE_SPECIFIC,WHOSCORED_DERIVED_VALIDATED,WHOSCORED_SOURCE_SPECIFIC,WHOSCORED_DERIVED_VALIDATED,WHOSCORED_SOURCE_SPECIFIC,03jlw,0.0,,,,,,WHOSCORED_CURRENT_OBSERVED,WHOSCORED_CURRENT_OBSERVED,WHOSCORED_CURRENT_OBSERVED,,,,Paddy McNair
soccerdata:sofascore:16363256,FTX-06R6S,tottenham_hotspur,newcastle_united,457006,5.53,4231,GK,,True,0.0,0,0,0,0.0,0,0.0,0,1,0,0,0,0,0,0,0,43,36,observed_or_derived,False,HOME,2026-08-29,mgr:b283d24885e5,Roberto De Zerbi,2,EXACT_PLAYER_PERIOD_DETAILED,UNRESOLVED,-1.0,-1.0,0.0,0,0,0.0,0.0,0,WHOSCORED_SOURCE_SPECIFIC,WHOSCORED_DERIVED_VALIDATED,WHOSCORED_SOURCE_SPECIFIC,WHOSCORED_DERIVED_VALIDATED,WHOSCORED_SOURCE_SPECIFIC,06r6s,-1.0,-1.0,0.0,0.0,0.0,hpsurdtbmrp1z5vo,FANTRAX,FANTRAX,FANTRAX,,,,Antonín Kinsky
soccerdata:sofascore:16363256,FTX-05Y7C,tottenham_hotspur,newcastle_united,429922,6.02,4231,RB,,True,0.0,1,0,0,0.0,0,1.0,2,3,0,2,0,0,0,0,3,24,17,observed_or_derived,False,HOME,2026-08-29,mgr:b283d24885e5,Roberto De Zerbi,2,NO_DETAILED_FANTRAX_ROW,EXACT_PLAYER_MATCH,1.5,,0.0,2,0,0.0,0.0,0,WHOSCORED_SOURCE_SPECIFIC,WHOSCORED_DERIVED_VALIDATED,WHOSCORED_SOURCE_SPECIFIC,WHOSCORED_DERIVED_VALIDATED,WHOSCORED_SOURCE_SPECIFIC,05y7c,1.5,,0.0,,,,WHOSCORED_CURRENT_OBSERVED,WHOSCORED_CURRENT_OBSERVED,WHOSCORED_CURRENT_OBSERVED,0.0,0.0,0.0,Archie Gray
soccerdata:sofascore:16363256,FTX-05OH0,tottenham_hotspur,newcastle_united,365402,6.98,4231,CB,,True,1.0,0,0,5,3.0,2,0.0,7,4,0,1,0,1,1,0,2,83,77,observed_or_derived,False,HOME,2026-08-29,mgr:b283d24885e5,Roberto De Zerbi,2,EXACT_PLAYER_PERIOD_DETAILED,EXACT_PLAYER_MATCH,10.0,10.0,0.0,0,0,2.0,2.0,0,WHOSCORED_SOURCE_SPECIFIC,WHOSCORED_DERIVED_VALIDATED,WHOSCORED_SOURCE_SPECIFIC,WHOSCORED_DERIVED_VALIDATED,WHOSCORED_SOURCE_SPECIFIC,05oh0,10.0,10.0,1.0,3.0,0.0,hpsurdtbmrp1z5vo,FANTRAX,FANTRAX,FANTRAX,0.2979277670383453,0.054617989808321,0.3525457568466663,Jan Paul van Hecke
soccerdata:sofascore:16363256,FTX-06EZB,tottenham_hotspur,newcastle_united,425229,6.39,4231,CB,,True,0.0,1,0,2,2.0,1,1.0,6,4,0,0,0,0,0,0,3,79,78,observed_or_derived,False,HOME,2026-08-29,mgr:b283d24885e5,Roberto De Zerbi,2,EXACT_PLAYER_PERIOD_DETAILED,EXACT_PLAYER_MATCH,3.0,3.0,0.0,0,0,1.0,1.0,0,WHOSCORED_SOURCE_SPECIFIC,WHOSCORED_DERIVED_VALIDATED,WHOSCORED_SOURCE_SPECIFIC,WHOSCORED_DERIVED_VALIDATED,WHOSCORED_SOURCE_SPECIFIC,06ezb,3.0,3.0,0.0,2.0,1.0,h1vdt8ynmrp1z5vp,FANTRAX,FANTRAX,FANTRAX,0.0,0.0,0.0,Micky van de Ven
soccerdata:sofascore:16363256,FTX-03GU5,tottenham_hotspur,newcastle_united,115726,6.37,4231,LB,,True,1.0,0,0,2,1.0,1,0.0,2,1,0,3,0,1,1,0,0,45,34,observed_or_derived,False,HOME,2026-08-29,mgr:b283d24885e5,Roberto De Zerbi,2,NO_DETAILED_FANTRAX_ROW,EXACT_PLAYER_MATCH,7.0,,0.0,3,1,1.0,0.0,0,WHOSCORED_SOURCE_SPECIFIC,WHOSCORED_DERIVED_VALIDATED,WHOSCORED_SOURCE_SPECIFIC,WHOSCORED_DERIVED_VALIDATED,WHOSCORED_SOURCE_SPECIFIC,03gu5,7.0,,1.0,,,,WHOSCORED_CURRENT_OBSERVED,WHOSCORED_CURRENT_OBSERVED,WHOSCORED_CURRENT_OBSERVED,0.0637315958738327,0.0353402569890022,0.0990718528628349,Andy Robertson
soccerdata:sofascore:16363256,FTX-06CMS,tottenham_hotspur,newcastle_united,343501,6.02,4231,DM,,True,2.0,2,0,0,0.0,0,1.0,0,3,0,0,1,1,0,0,2,36,29,observed_or_derived,False,HOME,2026-08-29,mgr:b283d24885e5,Roberto De Zerbi,2,NO_DETAILED_FANTRAX_ROW,EXACT_PLAYER_MATCH,5.0,,0.0,0,0,0.0,0.0,0,WHOSCORED_SOURCE_SPECIFIC,WHOSCORED_DERIVED_VALIDATED,WHOSCORED_SOURCE_SPECIFIC,WHOSCORED_DERIVED_VALIDATED,WHOSCORED_SOURCE_SPECIFIC,06cms,5.0,,2.0,,,,WHOSCORED_CURRENT_OBSERVED,WHOSCORED_CURRENT_OBSERVED,WHOSCORED_CURRENT_OBSERVED,0.0614457428455352,0.1619225740432739,0.2233683168888091,Sandro Tonali
soccerdata:sofascore:16363256,FTX-05YLW,tottenham_hotspur,newcastle_united,303657,6.32,4231,DM,,True,0.0,0,0,6,2.0,2,1.0,1,6,1,1,0,0,0,0,3,49,47,observed_or_derived,False,HOME,2026-08-29,mgr:b283d24885e5,Roberto De Zerbi,2,NO_DETAILED_FANTRAX_ROW,EXACT_PLAYER_MATCH,6.0,,0.0,1,1,2.0,2.0,0,WHOSCORED_SOURCE_SPECIFIC,WHOSCORED_DERIVED_VALIDATED,WHOSCORED_SOURCE_SPECIFIC,WHOSCORED_DERIVED_VALIDATED,WHOSCORED_SOURCE_SPECIFIC,05ylw,6.0,,0.0,,,,WHOSCORED_CURRENT_OBSERVED,WHOSCORED_CURRENT_OBSERVED,WHOSCORED_CURRENT_OBSERVED,0.0,0.0,0.0,Rodrigo Bentancur
soccerdata:sofascore:16363256,FTX-05N07,tottenham_hotspur,newcastle_united,362352,6.34,4231,RW,,True,0.0,1,1,1,1.0,1,0.0,3,2,2,4,0,4,2,0,3,37,26,observed_or_derived,False,HOME,2026-08-29,mgr:b283d24885e5,Roberto De Zerbi,2,EXACT_PLAYER_PERIOD_DETAILED,EXACT_PLAYER_MATCH,4.0,4.0,0.0,4,1,1.0,0.0,0,WHOSCORED_SOURCE_SPECIFIC,WHOSCORED_DERIVED_VALIDATED,WHOSCORED_SOURCE_SPECIFIC,WHOSCORED_DERIVED_VALIDATED,WHOSCORED_SOURCE_SPECIFIC,05n07,4.0,4.0,0.0,1.0,0.0,w2mnqywumrp1z5vp,FANTRAX,FANTRAX,FANTRAX,0.2065762132406234,0.0,0.2065762132406234,Pedro Porro
soccerdata:sofascore:16363256,FTX-06PE1,tottenham_hotspur,newcastle_united,447231,6.76,4231,CAM,,True,3.0,0,0,1,1.0,3,0.0,0,5,0,7,0,1,0,0,3,63,57,observed_or_derived,False,HOME,2026-08-29,mgr:b283d24885e5,Roberto De Zerbi,2,EXACT_PLAYER_PERIOD_DETAILED,EXACT_PLAYER_MATCH,9.5,9.5,0.0,7,2,3.0,1.0,0,WHOSCORED_SOURCE_SPECIFIC,WHOSCORED_DERIVED_VALIDATED,WHOSCORED_SOURCE_SPECIFIC,WHOSCORED_DERIVED_VALIDATED,WHOSCORED_SOURCE_SPECIFIC,06pe1,9.5,9.5,3.0,1.0,0.0,h1vdt8ynmrp1z5vp,FANTRAX,FANTRAX,FANTRAX,0.0188446994870901,0.3779766857624054,0.3968213852494955,Mateus Fernandes
soccerdata:sofascore:16363256,FTX-06RM8,tottenham_hotspur,newcastle_united,422885,6.13,4231,LW,,True,0.0,3,1,0,0.0,1,0.0,0,2,0,2,0,3,2,0,0,22,16,observed_or_derived,False,HOME,2026-08-29,mgr:b283d24885e5,Roberto De Zerbi,2,EXACT_PLAYER_PERIOD_DETAILED,EXACT_PLAYER_MATCH,2.0,2.0,0.0,2,0,1.0,1.0,0,WHOSCORED_SOURCE_SPECIFIC,WHOSCORED_DERIVED_VALIDATED,WHOSCORED_SOURCE_SPECIFIC,WHOSCORED_DERIVED_VALIDATED,WHOSCORED_SOURCE_SPECIFIC,06rm8,2.0,2.0,0.0,0.0,0.0,hpsurdtbmrp1z5vo,FANTRAX,FANTRAX,FANTRAX,0.1713845580816269,0.0,0.1713845580816269,Mathys Tel
soccerdata:sofascore:16363256,FTX-06RF9,tottenham_hotspur,newcastle_united,394749,7.06,4231,ST,,True,3.0,5,4,2,0.0,1,0.0,0,3,1,0,0,3,1,0,4,20,20,observed_or_derived,False,HOME,2026-08-29,mgr:b283d24885e5,Roberto De Zerbi,2,EXACT_PLAYER_PERIOD_DETAILED,EXACT_PLAYER_MATCH,13.0,13.0,0.0,0,0,1.0,1.0,0,WHOSCORED_SOURCE_SPECIFIC,WHOSCORED_DERIVED_VALIDATED,WHOSCORED_SOURCE_SPECIFIC,WHOSCORED_DERIVED_VALIDATED,WHOSCORED_SOURCE_SPECIFIC,06rf9,13.0,13.0,3.0,0.0,0.0,hpsurdtbmrp1z5vo,FANTRAX,FANTRAX,FANTRAX,0.1090471297502517,0.1604393273591995,0.2694864571094512,Omar Marmoush
soccerdata:sofascore:16363256,FTX-06FV8,tottenham_hotspur,newcastle_united,400166,5.93,4231,,,False,0.0,3,1,0,0.0,0,0.0,0,2,0,5,0,1,1,0,0,19,12,observed_or_derived,False,HOME,2026-08-29,mgr:b283d24885e5,Roberto De Zerbi,2,EXACT_PLAYER_PERIOD_DETAILED,EXACT_PLAYER_MATCH,0.5,0.5,0.0,5,0,0.0,0.0,0,WHOSCORED_SOURCE_SPECIFIC,WHOSCORED_DERIVED_VALIDATED,WHOSCORED_SOURCE_SPECIFIC,WHOSCORED_DERIVED_VALIDATED,WHOSCORED_SOURCE_SPECIFIC,06fv8,0.5,0.5,0.0,0.0,0.0,rx9bjhp3mrp1z5vo,FANTRAX,FANTRAX,FANTRAX,0.054617989808321,0.0,0.054617989808321,Mohammed Kudus
soccerdata:sofascore:16363256,FTX-063Y7,tottenham_hotspur,newcastle_united,401044,6.11,4231,,,False,1.0,0,0,1,0.0,1,0.0,0,1,0,0,0,0,0,0,0,17,14,observed_or_derived,False,HOME,2026-08-29,mgr:b283d24885e5,Roberto De Zerbi,2,NO_DETAILED_FANTRAX_ROW,EXACT_PLAYER_MATCH,3.0,,0.0,0,0,1.0,1.0,0,WHOSCORED_SOURCE_SPECIFIC,WHOSCORED_DERIVED_VALIDATED,WHOSCORED_SOURCE_SPECIFIC,WHOSCORED_DERIVED_VALIDATED,WHOSCORED_SOURCE_SPECIFIC,063y7,3.0,,1.0,,,,WHOSCORED_CURRENT_OBSERVED,WHOSCORED_CURRENT_OBSERVED,WHOSCORED_CURRENT_OBSERVED,0.0,0.1275281012058258,0.1275281012058258,Destiny Udogie
soccerdata:sofascore:16363256,FTX-06LOX,tottenham_hotspur,newcastle_united,526481,5.78,4231,,,False,0.0,2,0,0,0.0,0,0.0,0,1,1,1,0,1,0,0,0,5,3,observed_or_derived,False,HOME,2026-08-29,mgr:b283d24885e5,Roberto De Zerbi,2,NO_DETAILED_FANTRAX_ROW,EXACT_PLAYER_MATCH,0.0,,0.0,1,0,0.0,0.0,0,WHOSCORED_SOURCE_SPECIFIC,WHOSCORED_DERIVED_VALIDATED,WHOSCORED_SOURCE_SPECIFIC,WHOSCORED_DERIVED_VALIDATED,WHOSCORED_SOURCE_SPECIFIC,06lox,0.0,,0.0,,,,WHOSCORED_CURRENT_OBSERVED,WHOSCORED_CURRENT_OBSERVED,WHOSCORED_CURRENT_OBSERVED,0.0171677116304636,0.0,0.0171677116304636,Mikey Moore
soccerdata:sofascore:16363256,FTX-03FGO,tottenham_hotspur,newcastle_united,136459,6.15,4231,,,False,0.0,0,0,3,0.0,0,0.0,0,0,0,0,0,1,1,0,1,1,1,observed_or_derived,False,HOME,2026-08-29,mgr:b283d24885e5,Roberto De Zerbi,2,NO_DETAILED_FANTRAX_ROW,EXACT_PLAYER_MATCH,2.0,,0.0,0,0,0.0,0.0,0,WHOSCORED_SOURCE_SPECIFIC,WHOSCORED_DERIVED_VALIDATED,WHOSCORED_SOURCE_SPECIFIC,WHOSCORED_DERIVED_VALIDATED,WHOSCORED_SOURCE_SPECIFIC,03fgo,2.0,,0.0,,,,WHOSCORED_CURRENT_OBSERVED,WHOSCORED_CURRENT_OBSERVED,WHOSCORED_CURRENT_OBSERVED,0.1275281012058258,0.0,0.1275281012058258,Dominic Solanke
soccerdata:sofascore:16363256,FTX-063E7,tottenham_hotspur,newcastle_united,328330,,4231,,,False,0.0,0,0,0,0.0,0,0.0,0,0,0,0,0,0,0,0,0,0,0,observed_or_derived,False,HOME,2026-08-29,mgr:b283d24885e5,Roberto De Zerbi,2,EXACT_PLAYER_PERIOD_DETAILED,UNRESOLVED,0.0,,0.0,0,0,0.0,0.0,0,WHOSCORED_SOURCE_SPECIFIC,WHOSCORED_DERIVED_VALIDATED,WHOSCORED_SOURCE_SPECIFIC,WHOSCORED_DERIVED_VALIDATED,WHOSCORED_SOURCE_SPECIFIC,063e7,0.0,,0.0,0.0,0.0,61fz0pmkmrp1z5vo,FANTRAX,FANTRAX,FANTRAX,,,,Marcos Senesi
soccerdata:sofascore:16363256,FTX-04MR4,tottenham_hotspur,newcastle_united,46092,,4231,,,False,0.0,0,0,0,0.0,0,0.0,0,0,0,0,0,0,0,0,0,0,0,observed_or_derived,False,HOME,2026-08-29,mgr:b283d24885e5,Roberto De Zerbi,2,NO_DETAILED_FANTRAX_ROW,UNRESOLVED,0.0,,0.0,0,0,0.0,0.0,0,WHOSCORED_SOURCE_SPECIFIC,WHOSCORED_DERIVED_VALIDATED,WHOSCORED_SOURCE_SPECIFIC,WHOSCORED_DERIVED_VALIDATED,WHOSCORED_SOURCE_SPECIFIC,04mr4,0.0,,,,,,WHOSCORED_CURRENT_OBSERVED,WHOSCORED_CURRENT_OBSERVED,WHOSCORED_CURRENT_OBSERVED,,,,Martin Dúbravka
soccerdata:sofascore:16363256,FTX-06MN7,tottenham_hotspur,newcastle_united,505295,,4231,,,False,0.0,0,0,0,0.0,0,0.0,0,0,0,0,0,0,0,0,0,0,0,observed_or_derived,False,HOME,2026-08-29,mgr:b283d24885e5,Roberto De Zerbi,2,NO_DETAILED_FANTRAX_ROW,UNRESOLVED,0.0,,0.0,0,0,0.0,0.0,0,WHOSCORED_SOURCE_SPECIFIC,WHOSCORED_DERIVED_VALIDATED,WHOSCORED_SOURCE_SPECIFIC,WHOSCORED_DERIVED_VALIDATED,WHOSCORED_SOURCE_SPECIFIC,06mn7,0.0,,,,,,WHOSCORED_CURRENT_OBSERVED,WHOSCORED_CURRENT_OBSERVED,WHOSCORED_CURRENT_OBSERVED,,,,Lucas Bergvall
soccerdata:sofascore:16363256,FTX-051K8,tottenham_hotspur,newcastle_united,375621,,4231,,,False,0.0,0,0,0,0.0,0,0.0,0,0,0,0,0,0,0,0,0,0,0,observed_or_derived,False,HOME,2026-08-29,mgr:b283d24885e5,Roberto De Zerbi,2,NO_DETAILED_FANTRAX_ROW,UNRESOLVED,0.0,,0.0,0,0,0.0,0.0,0,WHOSCORED_SOURCE_SPECIFIC,WHOSCORED_DERIVED_VALIDATED,WHOSCORED_SOURCE_SPECIFIC,WHOSCORED_DERIVED_VALIDATED,WHOSCORED_SOURCE_SPECIFIC,051k8,0.0,,,,,,WHOSCORED_CURRENT_OBSERVED,WHOSCORED_CURRENT_OBSERVED,WHOSCORED_CURRENT_OBSERVED,,,,Conor Gallagher
soccerdata:sofascore:16363256,FTX-02OO1,tottenham_hotspur,newcastle_united,103837,,4231,,,False,0.0,0,0,0,0.0,0,0.0,0,0,0,0,0,0,0,0,0,0,0,observed_or_derived,False,HOME,2026-08-29,mgr:b283d24885e5,Roberto De Zerbi,2,NO_DETAILED_FANTRAX_ROW,UNRESOLVED,0.0,,0.0,0,0,0.0,0.0,0,WHOSCORED_SOURCE_SPECIFIC,WHOSCORED_DERIVED_VALIDATED,WHOSCORED_SOURCE_SPECIFIC,WHOSCORED_DERIVED_VALIDATED,WHOSCORED_SOURCE_SPECIFIC,02oo1,0.0,,,,,,WHOSCORED_CURRENT_OBSERVED,WHOSCORED_CURRENT_OBSERVED,WHOSCORED_CURRENT_OBSERVED,,,,Ben Davies
soccerdata:sofascore:16363256,FTX-0788G,newcastle_united,tottenham_hotspur,415682,8.02,4231,GK,,True,0.0,0,0,0,0.0,0,0.0,0,0,0,0,0,0,0,0,0,31,18,observed_or_derived,False,AWAY,2026-08-29,mgr:bdab23b1e545,Matthias Jaissle,2,NO_DETAILED_FANTRAX_ROW,EXACT_PLAYER_MATCH,15.0,,0.0,0,0,0.0,0.0,0,WHOSCORED_SOURCE_SPECIFIC,WHOSCORED_DERIVED_VALIDATED,WHOSCORED_SOURCE_SPECIFIC,WHOSCORED_DERIVED_VALIDATED,WHOSCORED_SOURCE_SPECIFIC,0788g,15.0,,0.0,,,,WHOSCORED_CURRENT_OBSERVED,WHOSCORED_CURRENT_OBSERVED,WHOSCORED_CURRENT_OBSERVED,0.0,0.0,0.0,Lukás Hornícek
soccerdata:sofascore:16363256,FTX-078UD,newcastle_united,tottenham_hotspur,418203,8.07,4231,RB,,True,2.0,2,1,2,1.0,3,0.0,4,5,1,2,0,0,0,0,1,32,29,observed_or_derived,False,AWAY,2026-08-29,mgr:bdab23b1e545,Matthias Jaissle,2,EXACT_PLAYER_PERIOD_DETAILED,EXACT_PLAYER_MATCH,25.0,12.0,0.0,2,2,3.0,1.0,1,WHOSCORED_SOURCE_SPECIFIC,WHOSCORED_DERIVED_VALIDATED,WHOSCORED_SOURCE_SPECIFIC,WHOSCORED_DERIVED_VALIDATED,WHOSCORED_SOURCE_SPECIFIC,078ud,25.0,12.0,2.0,1.0,0.0,acjx0vg4mrp1z5vo,FANTRAX,FANTRAX,FANTRAX,0.0,0.1411565989255905,0.1411565989255905,Amar Dedic
soccerdata:sofascore:16363256,FTX-0700P,newcastle_united,tottenham_hotspur,393355,6.85,4231,CB,,True,0.0,0,0,3,3.0,0,0.0,3,1,0,0,0,0,0,0,4,38,32,observed_or_derived,False,AWAY,2026-08-29,mgr:bdab23b1e545,Matthias Jaissle,2,EXACT_PLAYER_PERIOD_DETAILED,EXACT_PLAYER_MATCH,10.5,4.5,0.0,0,0,0.0,0.0,0,WHOSCORED_SOURCE_SPECIFIC,WHOSCORED_DERIVED_VALIDATED,WHOSCORED_SOURCE_SPECIFIC,WHOSCORED_DERIVED_VALIDATED,WHOSCORED_SOURCE_SPECIFIC,0700p,10.5,4.5,0.0,3.0,0.0,2dxfjlk0mrp1z5vo,FANTRAX,FANTRAX,FANTRAX,0.0,0.0,0.0,Malick Thiaw
soccerdata:sofascore:16363256,FTX-062A9,newcastle_united,tottenham_hotspur,379732,6.51,4231,CB,,True,0.0,0,0,3,3.0,1,0.0,4,4,0,0,0,1,1,0,0,54,49,observed_or_derived,False,AWAY,2026-08-29,mgr:bdab23b1e545,Matthias Jaissle,2,EXACT_PLAYER_PERIOD_DETAILED,EXACT_PLAYER_MATCH,9.0,3.0,0.0,0,0,1.0,0.0,0,WHOSCORED_SOURCE_SPECIFIC,WHOSCORED_DERIVED_VALIDATED,WHOSCORED_SOURCE_SPECIFIC,WHOSCORED_DERIVED_VALIDATED,WHOSCORED_SOURCE_SPECIFIC,062a9,9.0,3.0,0.0,3.0,0.0,aup99ojzmrp1z5vp,FANTRAX,FANTRAX,FANTRAX,0.0146792773157358,0.0,0.0146792773157358,Sven Botman
soccerdata:sofascore:16363256,FTX-05Y9N,newcastle_united,tottenham_hotspur,430294,9.17,4231,LB,,True,1.0,3,2,3,1.0,2,1.0,7,6,0,5,1,1,0,0,3,50,41,observed_or_derived,False,AWAY,2026-08-29,mgr:bdab23b1e545,Matthias Jaissle,2,EXACT_PLAYER_PERIOD_DETAILED,EXACT_PLAYER_MATCH,23.0,17.0,0.0,4,3,2.0,1.0,0,WHOSCORED_SOURCE_SPECIFIC,WHOSCORED_DERIVED_VALIDATED,WHOSCORED_SOURCE_SPECIFIC,WHOSCORED_DERIVED_VALIDATED,WHOSCORED_SOURCE_SPECIFIC,05y9n,23.0,17.0,1.0,1.0,1.0,cjn4stydmrp1z5vp,FANTRAX,FANTRAX,FANTRAX,0.0563934743404388,0.0189082399010658,0.0753017142415046,Lewis Hall
soccerdata:sofascore:16363256,FTX-06RM7,newcastle_united,tottenham_hotspur,422939,6.49,4231,DM,,True,2.0,0,0,1,0.0,0,1.0,1,2,0,1,2,0,0,0,2,52,48,observed_or_derived,False,AWAY,2026-08-29,mgr:bdab23b1e545,Matthias Jaissle,2,NO_DETAILED_FANTRAX_ROW,EXACT_PLAYER_MATCH,3.0,,0.0,1,0,0.0,0.0,0,WHOSCORED_SOURCE_SPECIFIC,WHOSCORED_DERIVED_VALIDATED,WHOSCORED_SOURCE_SPECIFIC,WHOSCORED_DERIVED_VALIDATED,WHOSCORED_SOURCE_SPECIFIC,06rm7,3.0,,2.0,,,,WHOSCORED_CURRENT_OBSERVED,WHOSCORED_CURRENT_OBSERVED,WHOSCORED_CURRENT_OBSERVED,0.0,0.0282984711229801,0.0282984711229801,Nico González
soccerdata:sofascore:16363256,FTX-06AB3,newcastle_united,tottenham_hotspur,474264,7.05,4231,DM,,True,1.0,2,1,1,1.0,0,1.0,3,6,1,1,0,0,0,0,1,54,48,observed_or_derived,False,AWAY,2026-08-29,mgr:bdab23b1e545,Matthias Jaissle,2,EXACT_PLAYER_PERIOD_DETAILED,EXACT_PLAYER_MATCH,6.5,0.5,0.0,0,0,0.0,0.0,0,WHOSCORED_SOURCE_SPECIFIC,WHOSCORED_DERIVED_VALIDATED,WHOSCORED_SOURCE_SPECIFIC,WHOSCORED_DERIVED_VALIDATED,WHOSCORED_SOURCE_SPECIFIC,06ab3,6.5,0.5,1.0,1.0,1.0,w2mnqywumrp1z5vp,FANTRAX,FANTRAX,FANTRAX,0.0,0.0403080731630325,0.0403080731630325,Lewis Miley
soccerdata:sofascore:16363256,FTX-05OGB,newcastle_united,tottenham_hotspur,413211,7.68,4231,RW,,True,1.0,2,1,0,0.0,2,0.0,0,1,0,4,0,2,1,1,2,19,10,observed_or_derived,False,AWAY,2026-08-29,mgr:bdab23b1e545,Matthias Jaissle,2,EXACT_PLAYER_PERIOD_DETAILED,EXACT_PLAYER_MATCH,16.0,7.0,0.0,4,1,2.0,1.0,0,WHOSCORED_SOURCE_SPECIFIC,WHOSCORED_DERIVED_VALIDATED,WHOSCORED_SOURCE_SPECIFIC,WHOSCORED_DERIVED_VALIDATED,WHOSCORED_SOURCE_SPECIFIC,05ogb,16.0,7.0,1.0,0.0,0.0,w2mnqywumrp1z5vp,FANTRAX,FANTRAX,FANTRAX,0.1411565989255905,0.1150919497013092,0.2562485486268997,Anthony Elanga
soccerdata:sofascore:16363256,FTX-04GE6,newcastle_united,tottenham_hotspur,342563,6.11,4231,CAM,,True,0.0,0,0,0,0.0,0,0.0,1,1,0,0,0,3,0,0,3,21,21,observed_or_derived,False,AWAY,2026-08-29,mgr:bdab23b1e545,Matthias Jaissle,2,EXACT_PLAYER_PERIOD_DETAILED,EXACT_PLAYER_MATCH,0.5,-0.5,0.0,0,0,0.0,0.0,0,WHOSCORED_SOURCE_SPECIFIC,WHOSCORED_DERIVED_VALIDATED,WHOSCORED_SOURCE_SPECIFIC,WHOSCORED_DERIVED_VALIDATED,WHOSCORED_SOURCE_SPECIFIC,04ge6,0.5,-0.5,0.0,0.0,0.0,acjx0vg4mrp1z5vo,FANTRAX,FANTRAX,FANTRAX,0.1104156151413917,0.0,0.1104156151413917,Joe Willock
soccerdata:sofascore:16363256,FTX-04ABN,newcastle_united,tottenham_hotspur,331382,6.75,4231,LW,,True,2.0,0,0,0,0.0,2,0.0,2,0,1,3,0,1,0,0,2,16,10,observed_or_derived,False,AWAY,2026-08-29,mgr:bdab23b1e545,Matthias Jaissle,2,EXACT_PLAYER_PERIOD_DETAILED,EXACT_PLAYER_MATCH,6.5,5.5,0.0,3,0,2.0,1.0,0,WHOSCORED_SOURCE_SPECIFIC,WHOSCORED_DERIVED_VALIDATED,WHOSCORED_SOURCE_SPECIFIC,WHOSCORED_DERIVED_VALIDATED,WHOSCORED_SOURCE_SPECIFIC,04abn,6.5,5.5,2.0,0.0,0.0,acjx0vg4mrp1z5vo,FANTRAX,FANTRAX,FANTRAX,0.055010974407196,0.1128818243741989,0.1678927987813949,Harvey Barnes
soccerdata:sofascore:16363256,FTX-05UOR,newcastle_united,tottenham_hotspur,296240,7.51,4231,ST,,True,1.0,2,0,6,2.0,1,0.0,1,4,1,0,0,2,1,1,4,10,6,observed_or_derived,False,AWAY,2026-08-29,mgr:bdab23b1e545,Matthias Jaissle,2,EXACT_PLAYER_PERIOD_DETAILED,EXACT_PLAYER_MATCH,13.5,4.5,0.0,0,0,1.0,0.0,0,WHOSCORED_SOURCE_SPECIFIC,WHOSCORED_DERIVED_VALIDATED,WHOSCORED_SOURCE_SPECIFIC,WHOSCORED_DERIVED_VALIDATED,WHOSCORED_SOURCE_SPECIFIC,05uor,13.5,4.5,1.0,2.0,0.0,h2e8dn5dmrp1z5vp,FANTRAX,FANTRAX,FANTRAX,0.6225469708442688,0.055010974407196,0.6775579452514648,Yoane Wissa
soccerdata:sofascore:16363256,FTX-070G7,newcastle_united,tottenham_hotspur,386606,7.0,4231,,,False,1.0,2,1,3,2.0,0,0.0,0,0,0,0,0,1,1,0,2,5,4,observed_or_derived,False,AWAY,2026-08-29,mgr:bdab23b1e545,Matthias Jaissle,2,NO_DETAILED_FANTRAX_ROW,EXACT_PLAYER_MATCH,9.5,,0.0,0,0,0.0,0.0,0,WHOSCORED_SOURCE_SPECIFIC,WHOSCORED_DERIVED_VALIDATED,WHOSCORED_SOURCE_SPECIFIC,WHOSCORED_DERIVED_VALIDATED,WHOSCORED_SOURCE_SPECIFIC,070g7,9.5,,1.0,,,,WHOSCORED_CURRENT_OBSERVED,WHOSCORED_CURRENT_OBSERVED,WHOSCORED_CURRENT_OBSERVED,0.0189082399010658,0.5074549913406372,0.526363231241703,Nick Woltemade
soccerdata:sofascore:16363256,FTX-0785A,newcastle_united,tottenham_hotspur,552573,6.3,4231,,,False,0.0,0,0,0,0.0,0,0.0,3,0,0,0,0,0,0,0,0,9,8,observed_or_derived,False,AWAY,2026-08-29,mgr:bdab23b1e545,Matthias Jaissle,2,NO_DETAILED_FANTRAX_ROW,EXACT_PLAYER_MATCH,1.5,,0.0,0,0,0.0,0.0,0,WHOSCORED_SOURCE_SPECIFIC,WHOSCORED_DERIVED_VALIDATED,WHOSCORED_SOURCE_SPECIFIC,WHOSCORED_DERIVED_VALIDATED,WHOSCORED_SOURCE_SPECIFIC,0785a,1.5,,0.0,,,,WHOSCORED_CURRENT_OBSERVED,WHOSCORED_CURRENT_OBSERVED,WHOSCORED_CURRENT_OBSERVED,0.0,0.0,0.0,Sean Steur
soccerdata:sofascore:16363256,FTX-03AM7,newcastle_united,tottenham_hotspur,141486,6.2,4231,,,False,0.0,0,0,0,0.0,1,0.0,0,2,1,0,1,0,0,0,0,3,3,observed_or_derived,False,AWAY,2026-08-29,mgr:bdab23b1e545,Matthias Jaissle,2,NO_DETAILED_FANTRAX_ROW,EXACT_PLAYER_MATCH,0.0,,0.0,0,0,1.0,0.0,0,WHOSCORED_SOURCE_SPECIFIC,WHOSCORED_DERIVED_VALIDATED,WHOSCORED_SOURCE_SPECIFIC,WHOSCORED_DERIVED_VALIDATED,WHOSCORED_SOURCE_SPECIFIC,03am7,0.0,,0.0,,,,WHOSCORED_CURRENT_OBSERVED,WHOSCORED_CURRENT_OBSERVED,WHOSCORED_CURRENT_OBSERVED,0.0,0.0,0.0,Jacob Murphy
soccerdata:sofascore:16363256,FTX-051K3,newcastle_united,tottenham_hotspur,369813,6.21,4231,,,False,0.0,1,0,1,1.0,0,0.0,0,1,0,0,1,0,0,0,0,7,6,observed_or_derived,False,AWAY,2026-08-29,mgr:bdab23b1e545,Matthias Jaissle,2,NO_DETAILED_FANTRAX_ROW,EXACT_PLAYER_MATCH,0.5,,0.0,0,0,0.0,0.0,0,WHOSCORED_SOURCE_SPECIFIC,WHOSCORED_DERIVED_VALIDATED,WHOSCORED_SOURCE_SPECIFIC,WHOSCORED_DERIVED_VALIDATED,WHOSCORED_SOURCE_SPECIFIC,051k3,0.5,,0.0,,,,WHOSCORED_CURRENT_OBSERVED,WHOSCORED_CURRENT_OBSERVED,WHOSCORED_CURRENT_OBSERVED,0.0,0.0,0.0,Jacob Ramsey
soccerdata:sofascore:16363256,FTX-0785D,newcastle_united,tottenham_hotspur,551965,5.99,4231,,,False,0.0,0,0,0,0.0,0,0.0,0,0,0,0,0,0,0,0,0,1,0,observed_or_derived,False,AWAY,2026-08-29,mgr:bdab23b1e545,Matthias Jaissle,2,NO_DETAILED_FANTRAX_ROW,UNRESOLVED,0.0,,0.0,0,0,0.0,0.0,0,WHOSCORED_SOURCE_SPECIFIC,WHOSCORED_DERIVED_VALIDATED,WHOSCORED_SOURCE_SPECIFIC,WHOSCORED_DERIVED_VALIDATED,WHOSCORED_SOURCE_SPECIFIC,0785d,0.0,,,,,,WHOSCORED_CURRENT_OBSERVED,WHOSCORED_CURRENT_OBSERVED,WHOSCORED_CURRENT_OBSERVED,,,,Bazoumana Touré
soccerdata:sofascore:16363256,pr_99b2c4f6bac759dc,newcastle_united,tottenham_hotspur,524208,,4231,,,False,0.0,0,0,0,0.0,0,0.0,0,0,0,0,0,0,0,0,0,0,0,observed_or_derived,False,AWAY,2026-08-29,mgr:bdab23b1e545,Matthias Jaissle,2,NO_DETAILED_FANTRAX_ROW,UNRESOLVED,0.0,,0.0,0,0,0.0,0.0,0,WHOSCORED_SOURCE_SPECIFIC,WHOSCORED_DERIVED_VALIDATED,WHOSCORED_SOURCE_SPECIFIC,WHOSCORED_DERIVED_VALIDATED,WHOSCORED_SOURCE_SPECIFIC,076ki,0.0,,,,,,WHOSCORED_CURRENT_OBSERVED,WHOSCORED_CURRENT_OBSERVED,WHOSCORED_CURRENT_OBSERVED,,,,Ewen Jaouen
soccerdata:sofascore:16363256,FTX-07859,newcastle_united,tottenham_hotspur,546589,,4231,,,False,0.0,0,0,0,0.0,0,0.0,0,0,0,0,0,0,0,0,0,0,0,observed_or_derived,False,AWAY,2026-08-29,mgr:bdab23b1e545,Matthias Jaissle,2,NO_DETAILED_FANTRAX_ROW,UNRESOLVED,0.0,,0.0,0,0,0.0,0.0,0,WHOSCORED_SOURCE_SPECIFIC,WHOSCORED_DERIVED_VALIDATED,WHOSCORED_SOURCE_SPECIFIC,WHOSCORED_DERIVED_VALIDATED,WHOSCORED_SOURCE_SPECIFIC,07859,0.0,,,,,,WHOSCORED_CURRENT_OBSERVED,WHOSCORED_CURRENT_OBSERVED,WHOSCORED_CURRENT_OBSERVED,,,,Aladji Bamba
soccerdata:sofascore:16363256,FTX-04TIG,newcastle_united,tottenham_hotspur,82726,,4231,,,False,0.0,0,0,0,0.0,0,0.0,0,0,0,0,0,0,0,0,0,0,0,observed_or_derived,False,AWAY,2026-08-29,mgr:bdab23b1e545,Matthias Jaissle,2,NO_DETAILED_FANTRAX_ROW,UNRESOLVED,0.0,,0.0,0,0,0.0,0.0,0,WHOSCORED_SOURCE_SPECIFIC,WHOSCORED_DERIVED_VALIDATED,WHOSCORED_SOURCE_SPECIFIC,WHOSCORED_DERIVED_VALIDATED,WHOSCORED_SOURCE_SPECIFIC,04tig,0.0,,,,,,WHOSCORED_CURRENT_OBSERVED,WHOSCORED_CURRENT_OBSERVED,WHOSCORED_CURRENT_OBSERVED,,,,Fabian Schär
soccerdata:sofascore:16363256,FTX-06ON5,newcastle_united,tottenham_hotspur,535754,,4231,,,False,0.0,0,0,0,0.0,0,0.0,0,0,0,0,0,0,0,0,0,0,0,observed_or_derived,False,AWAY,2026-08-29,mgr:bdab23b1e545,Matthias Jaissle,2,NO_DETAILED_FANTRAX_ROW,UNRESOLVED,0.0,,0.0,0,0,0.0,0.0,0,WHOSCORED_SOURCE_SPECIFIC,WHOSCORED_DERIVED_VALIDATED,WHOSCORED_SOURCE_SPECIFIC,WHOSCORED_DERIVED_VALIDATED,WHOSCORED_SOURCE_SPECIFIC,06on5,0.0,,,,,,WHOSCORED_CURRENT_OBSERVED,WHOSCORED_CURRENT_OBSERVED,WHOSCORED_CURRENT_OBSERVED,,,,Leo Shahar
soccerdata:sofascore:16363249,FTX-02LZ0,chelsea,brighton_hove_albion,102248,7.36,3421,GK,,True,2.0,0,0,1,1.0,0,0.0,1,0,0,0,0,0,0,0,2,41,18,observed_or_derived,False,HOME,2026-08-30,mgr:84bddcc0c0d7,Xabi Alonso,2,EXACT_PLAYER_PERIOD_DETAILED,EXACT_PLAYER_MATCH,10.5,10.5,0.0,0,0,0.0,0.0,0,WHOSCORED_SOURCE_SPECIFIC,WHOSCORED_DERIVED_VALIDATED,WHOSCORED_SOURCE_SPECIFIC,WHOSCORED_DERIVED_VALIDATED,WHOSCORED_SOURCE_SPECIFIC,02lz0,10.5,10.5,2.0,1.0,0.0,aup99ojzmrp1z5vp,FANTRAX,FANTRAX,FANTRAX,0.0,0.2397087216377258,0.2397087216377258,Emiliano Martínez
soccerdata:sofascore:16363249,FTX-05OPL,chelsea,brighton_hove_albion,373946,6.32,3421,CB,,True,0.0,0,0,0,0.0,0,1.0,8,0,0,1,0,0,0,0,0,13,13,observed_or_derived,False,HOME,2026-08-30,mgr:84bddcc0c0d7,Xabi Alonso,2,NO_DETAILED_FANTRAX_ROW,EXACT_PLAYER_MATCH,1.5,,0.0,0,0,0.0,0.0,0,WHOSCORED_SOURCE_SPECIFIC,WHOSCORED_DERIVED_VALIDATED,WHOSCORED_SOURCE_SPECIFIC,WHOSCORED_DERIVED_VALIDATED,WHOSCORED_SOURCE_SPECIFIC,05opl,1.5,,0.0,,,,WHOSCORED_CURRENT_OBSERVED,WHOSCORED_CURRENT_OBSERVED,WHOSCORED_CURRENT_OBSERVED,0.0,0.0,0.0,Wesley Fofana
soccerdata:sofascore:16363249,FTX-06PIA,chelsea,brighton_hove_albion,401130,6.36,3421,CB,,True,0.0,0,0,4,3.0,1,0.0,8,1,2,0,0,1,0,0,0,20,16,observed_or_derived,False,HOME,2026-08-30,mgr:84bddcc0c0d7,Xabi Alonso,2,EXACT_PLAYER_PERIOD_DETAILED,EXACT_PLAYER_MATCH,4.0,4.0,0.0,0,0,1.0,1.0,0,WHOSCORED_SOURCE_SPECIFIC,WHOSCORED_DERIVED_VALIDATED,WHOSCORED_SOURCE_SPECIFIC,WHOSCORED_DERIVED_VALIDATED,WHOSCORED_SOURCE_SPECIFIC,06pia,4.0,4.0,0.0,3.0,0.0,qwkltl98mrp1z5vp,FANTRAX,FANTRAX,FANTRAX,0.0128172794356942,0.0,0.0128172794356942,Maxence Lacroix
soccerdata:sofascore:16363249,FTX-062P5,chelsea,brighton_hove_albion,421351,6.7,3421,CB,,True,0.0,0,0,6,4.0,1,2.0,6,2,0,0,0,0,0,0,0,23,15,observed_or_derived,False,HOME,2026-08-30,mgr:84bddcc0c0d7,Xabi Alonso,2,NO_DETAILED_FANTRAX_ROW,UNRESOLVED,8.0,,0.0,0,0,1.0,1.0,0,WHOSCORED_SOURCE_SPECIFIC,WHOSCORED_DERIVED_VALIDATED,WHOSCORED_SOURCE_SPECIFIC,WHOSCORED_DERIVED_VALIDATED,WHOSCORED_SOURCE_SPECIFIC,062p5,8.0,,,,,,WHOSCORED_CURRENT_OBSERVED,WHOSCORED_CURRENT_OBSERVED,WHOSCORED_CURRENT_OBSERVED,,,,Levi Colwill
soccerdata:sofascore:16363249,FTX-056IY,chelsea,brighton_hove_albion,337916,7.76,3421,RWB,,True,2.0,1,1,1,1.0,0,1.0,3,1,0,3,0,2,2,1,2,14,10,observed_or_derived,False,HOME,2026-08-30,mgr:84bddcc0c0d7,Xabi Alonso,2,NO_DETAILED_FANTRAX_ROW,EXACT_PLAYER_MATCH,21.5,,0.0,2,1,0.0,0.0,0,WHOSCORED_SOURCE_SPECIFIC,WHOSCORED_DERIVED_VALIDATED,WHOSCORED_SOURCE_SPECIFIC,WHOSCORED_DERIVED_VALIDATED,WHOSCORED_SOURCE_SPECIFIC,056iy,21.5,,2.0,,,,WHOSCORED_CURRENT_OBSERVED,WHOSCORED_CURRENT_OBSERVED,WHOSCORED_CURRENT_OBSERVED,0.7144489884376526,0.6694995760917664,1.383948564529419,Pedro Neto
soccerdata:sofascore:16363249,FTX-06ZQQ,chelsea,brighton_hove_albion,467715,7.23,3421,LWB,,True,2.0,0,0,3,1.0,2,1.0,3,3,1,0,0,0,0,0,0,20,14,observed_or_derived,False,HOME,2026-08-30,mgr:84bddcc0c0d7,Xabi Alonso,2,NO_DETAILED_FANTRAX_ROW,EXACT_PLAYER_MATCH,11.0,,0.0,0,0,2.0,1.0,1,WHOSCORED_SOURCE_SPECIFIC,WHOSCORED_DERIVED_VALIDATED,WHOSCORED_SOURCE_SPECIFIC,WHOSCORED_DERIVED_VALIDATED,WHOSCORED_SOURCE_SPECIFIC,06zqq,11.0,,2.0,,,,WHOSCORED_CURRENT_OBSERVED,WHOSCORED_CURRENT_OBSERVED,WHOSCORED_CURRENT_OBSERVED,0.0,0.5879008173942566,0.5879008173942566,Jorrel Hato
soccerdata:sofascore:16363249,FTX-05UNU,chelsea,brighton_hove_albion,425319,7.32,3421,CM,,True,0.0,0,0,1,0.0,1,1.0,2,3,1,0,0,1,1,1,2,18,17,observed_or_derived,False,HOME,2026-08-30,mgr:84bddcc0c0d7,Xabi Alonso,2,NO_DETAILED_FANTRAX_ROW,EXACT_PLAYER_MATCH,14.0,,0.0,0,0,1.0,1.0,0,WHOSCORED_SOURCE_SPECIFIC,WHOSCORED_DERIVED_VALIDATED,WHOSCORED_SOURCE_SPECIFIC,WHOSCORED_DERIVED_VALIDATED,WHOSCORED_SOURCE_SPECIFIC,05unu,14.0,,0.0,,,,WHOSCORED_CURRENT_OBSERVED,WHOSCORED_CURRENT_OBSERVED,WHOSCORED_CURRENT_OBSERVED,0.6448930501937866,0.0,0.6448930501937866,Roméo Lavia
soccerdata:sofascore:16363249,FTX-06CLZ,chelsea,brighton_hove_albion,403850,6.5,3421,CM,,True,0.0,1,1,2,1.0,1,1.0,3,3,1,3,0,0,0,0,0,18,7,observed_or_derived,False,HOME,2026-08-30,mgr:84bddcc0c0d7,Xabi Alonso,2,NO_DETAILED_FANTRAX_ROW,EXACT_PLAYER_MATCH,1.5,,0.0,3,0,1.0,1.0,0,WHOSCORED_SOURCE_SPECIFIC,WHOSCORED_DERIVED_VALIDATED,WHOSCORED_SOURCE_SPECIFIC,WHOSCORED_DERIVED_VALIDATED,WHOSCORED_SOURCE_SPECIFIC,06clz,1.5,,0.0,,,,WHOSCORED_CURRENT_OBSERVED,WHOSCORED_CURRENT_OBSERVED,WHOSCORED_CURRENT_OBSERVED,0.0,0.0,0.0,Malo Gusto
soccerdata:sofascore:16363249,FTX-05UHT,chelsea,brighton_hove_albion,362824,7.55,3421,CAM,,True,4.0,3,0,4,1.0,1,0.0,2,3,0,3,0,3,2,0,4,18,14,observed_or_derived,False,HOME,2026-08-30,mgr:84bddcc0c0d7,Xabi Alonso,2,EXACT_PLAYER_PERIOD_DETAILED,EXACT_PLAYER_MATCH,16.5,10.5,0.0,2,1,1.0,1.0,1,WHOSCORED_SOURCE_SPECIFIC,WHOSCORED_DERIVED_VALIDATED,WHOSCORED_SOURCE_SPECIFIC,WHOSCORED_DERIVED_VALIDATED,WHOSCORED_SOURCE_SPECIFIC,05uht,16.5,10.5,4.0,1.0,0.0,hpsurdtbmrp1z5vo,FANTRAX,FANTRAX,FANTRAX,0.1791132092475891,1.4559462070465088,1.635059416294098,Morgan Rogers
soccerdata:sofascore:16363249,FTX-05L8Q,chelsea,brighton_hove_albion,395692,7.52,3421,CAM,,True,2.0,0,0,1,1.0,2,1.0,1,4,0,1,0,4,3,1,1,24,16,observed_or_derived,False,HOME,2026-08-30,mgr:84bddcc0c0d7,Xabi Alonso,2,EXACT_PLAYER_PERIOD_DETAILED,EXACT_PLAYER_MATCH,17.0,8.0,0.0,1,1,2.0,0.0,0,WHOSCORED_SOURCE_SPECIFIC,WHOSCORED_DERIVED_VALIDATED,WHOSCORED_SOURCE_SPECIFIC,WHOSCORED_DERIVED_VALIDATED,WHOSCORED_SOURCE_SPECIFIC,05l8q,17.0,8.0,2.0,1.0,1.0,acjx0vg4mrp1z5vo,FANTRAX,FANTRAX,FANTRAX,0.9097697734832764,0.1128643900156021,1.0226341634988785,Cole Palmer
soccerdata:sofascore:16363249,FTX-05G2O,chelsea,brighton_hove_albion,373525,8.35,3421,ST,,True,2.0,6,4,7,4.0,1,0.0,0,2,1,0,0,6,5,2,5,23,14,observed_or_derived,False,HOME,2026-08-30,mgr:84bddcc0c0d7,Xabi Alonso,2,EXACT_PLAYER_PERIOD_DETAILED,EXACT_PLAYER_MATCH,24.5,9.5,0.0,0,0,1.0,1.0,0,WHOSCORED_SOURCE_SPECIFIC,WHOSCORED_DERIVED_VALIDATED,WHOSCORED_SOURCE_SPECIFIC,WHOSCORED_DERIVED_VALIDATED,WHOSCORED_SOURCE_SPECIFIC,05g2o,24.5,9.5,2.0,4.0,0.0,qwkltl98mrp1z5vp,FANTRAX,FANTRAX,FANTRAX,1.3812321424484253,0.126855120062828,1.5080872625112534,João Pedro
soccerdata:sofascore:16363249,FTX-06J20,chelsea,brighton_hove_albion,419341,5.93,3421,,,False,0.0,0,0,1,0.0,0,1.0,0,0,0,0,0,1,0,0,1,0,0,observed_or_derived,False,HOME,2026-08-30,mgr:84bddcc0c0d7,Xabi Alonso,2,NO_DETAILED_FANTRAX_ROW,UNRESOLVED,1.0,,0.0,0,0,0.0,0.0,0,WHOSCORED_SOURCE_SPECIFIC,WHOSCORED_DERIVED_VALIDATED,WHOSCORED_SOURCE_SPECIFIC,WHOSCORED_DERIVED_VALIDATED,WHOSCORED_SOURCE_SPECIFIC,06j20,1.0,,,,,,WHOSCORED_CURRENT_OBSERVED,WHOSCORED_CURRENT_OBSERVED,WHOSCORED_CURRENT_OBSERVED,,,,Valentín Barco
soccerdata:sofascore:16363249,FTX-05RB8,chelsea,brighton_hove_albion,410175,6.1,3421,,,False,0.0,0,0,0,0.0,0,0.0,0,0,0,0,0,0,0,0,0,2,2,observed_or_derived,False,HOME,2026-08-30,mgr:84bddcc0c0d7,Xabi Alonso,2,NO_DETAILED_FANTRAX_ROW,EXACT_PLAYER_MATCH,0.0,,0.0,0,0,0.0,0.0,0,WHOSCORED_SOURCE_SPECIFIC,WHOSCORED_DERIVED_VALIDATED,WHOSCORED_SOURCE_SPECIFIC,WHOSCORED_DERIVED_VALIDATED,WHOSCORED_SOURCE_SPECIFIC,05rb8,0.0,,0.0,,,,WHOSCORED_CURRENT_OBSERVED,WHOSCORED_CURRENT_OBSERVED,WHOSCORED_CURRENT_OBSERVED,0.0,0.0,0.0,Moisés Caicedo
soccerdata:sofascore:16363249,FTX-078LE,chelsea,brighton_hove_albion,448468,6.25,3421,,,False,0.0,0,0,0,0.0,1,0.0,2,1,0,0,0,0,0,0,0,6,4,observed_or_derived,False,HOME,2026-08-30,mgr:84bddcc0c0d7,Xabi Alonso,2,NO_DETAILED_FANTRAX_ROW,EXACT_PLAYER_MATCH,2.0,,0.0,0,0,1.0,1.0,0,WHOSCORED_SOURCE_SPECIFIC,WHOSCORED_DERIVED_VALIDATED,WHOSCORED_SOURCE_SPECIFIC,WHOSCORED_DERIVED_VALIDATED,WHOSCORED_SOURCE_SPECIFIC,078le,2.0,,0.0,,,,WHOSCORED_CURRENT_OBSERVED,WHOSCORED_CURRENT_OBSERVED,WHOSCORED_CURRENT_OBSERVED,0.0,0.0,0.0,Pep Chavarría
soccerdata:sofascore:16363249,FTX-06KWP,chelsea,brighton_hove_albion,518604,6.17,3421,,,False,0.0,1,0,0,0.0,1,0.0,3,0,0,1,0,0,0,0,0,5,3,observed_or_derived,False,HOME,2026-08-30,mgr:84bddcc0c0d7,Xabi Alonso,2,NO_DETAILED_FANTRAX_ROW,EXACT_PLAYER_MATCH,1.0,,0.0,0,0,1.0,0.0,0,WHOSCORED_SOURCE_SPECIFIC,WHOSCORED_DERIVED_VALIDATED,WHOSCORED_SOURCE_SPECIFIC,WHOSCORED_DERIVED_VALIDATED,WHOSCORED_SOURCE_SPECIFIC,06kwp,1.0,,0.0,,,,WHOSCORED_CURRENT_OBSERVED,WHOSCORED_CURRENT_OBSERVED,WHOSCORED_CURRENT_OBSERVED,0.0,0.0,0.0,Josh Acheampong
soccerdata:sofascore:16363249,FTX-051K7,chelsea,brighton_hove_albion,361330,6.0,3421,,,False,0.0,0,0,0,0.0,0,0.0,0,1,0,1,0,0,0,0,0,7,4,observed_or_derived,False,HOME,2026-08-30,mgr:84bddcc0c0d7,Xabi Alonso,2,EXACT_PLAYER_PERIOD_DETAILED,EXACT_PLAYER_MATCH,0.0,0.0,0.0,1,0,0.0,0.0,0,WHOSCORED_SOURCE_SPECIFIC,WHOSCORED_DERIVED_VALIDATED,WHOSCORED_SOURCE_SPECIFIC,WHOSCORED_DERIVED_VALIDATED,WHOSCORED_SOURCE_SPECIFIC,051k7,0.0,0.0,0.0,0.0,0.0,cjn4stydmrp1z5vp,FANTRAX,FANTRAX,FANTRAX,0.0,0.0,0.0,Reece James
soccerdata:sofascore:16363249,FTX-06UZT,chelsea,brighton_hove_albion,429427,,3421,,,False,0.0,0,0,0,0.0,0,0.0,0,0,0,0,0,0,0,0,0,0,0,observed_or_derived,False,HOME,2026-08-30,mgr:84bddcc0c0d7,Xabi Alonso,2,NO_DETAILED_FANTRAX_ROW,UNRESOLVED,0.0,,0.0,0,0,0.0,0.0,0,WHOSCORED_SOURCE_SPECIFIC,WHOSCORED_DERIVED_VALIDATED,WHOSCORED_SOURCE_SPECIFIC,WHOSCORED_DERIVED_VALIDATED,WHOSCORED_SOURCE_SPECIFIC,06uzt,0.0,,,,,,WHOSCORED_CURRENT_OBSERVED,WHOSCORED_CURRENT_OBSERVED,WHOSCORED_CURRENT_OBSERVED,,,,Mike Penders
soccerdata:sofascore:16363249,FTX-06Y9N,chelsea,brighton_hove_albion,436425,,3421,,,False,0.0,0,0,0,0.0,0,0.0,0,0,0,0,0,0,0,0,0,0,0,observed_or_derived,False,HOME,2026-08-30,mgr:84bddcc0c0d7,Xabi Alonso,2,NO_DETAILED_FANTRAX_ROW,UNRESOLVED,0.0,,0.0,0,0,0.0,0.0,0,WHOSCORED_SOURCE_SPECIFIC,WHOSCORED_DERIVED_VALIDATED,WHOSCORED_SOURCE_SPECIFIC,WHOSCORED_DERIVED_VALIDATED,WHOSCORED_SOURCE_SPECIFIC,06y9n,0.0,,,,,,WHOSCORED_CURRENT_OBSERVED,WHOSCORED_CURRENT_OBSERVED,WHOSCORED_CURRENT_OBSERVED,,,,Jamie Gittens
soccerdata:sofascore:16363249,FTX-02LNX,chelsea,brighton_hove_albion,39308,,3421,,,False,0.0,0,0,0,0.0,0,0.0,0,0,0,0,0,0,0,0,0,0,0,observed_or_derived,False,HOME,2026-08-30,mgr:84bddcc0c0d7,Xabi Alonso,2,NO_DETAILED_FANTRAX_ROW,UNRESOLVED,0.0,,0.0,0,0,0.0,0.0,0,WHOSCORED_SOURCE_SPECIFIC,WHOSCORED_DERIVED_VALIDATED,WHOSCORED_SOURCE_SPECIFIC,WHOSCORED_DERIVED_VALIDATED,WHOSCORED_SOURCE_SPECIFIC,02lnx,0.0,,,,,,WHOSCORED_CURRENT_OBSERVED,WHOSCORED_CURRENT_OBSERVED,WHOSCORED_CURRENT_OBSERVED,,,,Danny Welbeck
soccerdata:sofascore:16363249,FTX-06YXE,chelsea,brighton_hove_albion,510728,,3421,,,False,0.0,0,0,0,0.0,0,0.0,0,0,0,0,0,0,0,0,0,0,0,observed_or_derived,False,HOME,2026-08-30,mgr:84bddcc0c0d7,Xabi Alonso,2,EXACT_PLAYER_PERIOD_DETAILED,UNRESOLVED,0.0,,0.0,0,0,0.0,0.0,0,WHOSCORED_SOURCE_SPECIFIC,WHOSCORED_DERIVED_VALIDATED,WHOSCORED_SOURCE_SPECIFIC,WHOSCORED_DERIVED_VALIDATED,WHOSCORED_SOURCE_SPECIFIC,06yxe,0.0,,0.0,0.0,0.0,acjx0vg4mrp1z5vo,FANTRAX,FANTRAX,FANTRAX,,,,Estêvão
soccerdata:sofascore:16363249,FTX-06CMU,brighton_hove_albion,chelsea,400138,4.41,4231,GK,,True,0.0,0,0,0,0.0,0,0.0,0,7,0,0,0,0,0,0,0,54,44,observed_or_derived,False,AWAY,2026-08-30,mgr:dfda8206a0e2,Fabian Hürzeler,2,EXACT_PLAYER_PERIOD_DETAILED,EXACT_PLAYER_MATCH,-4.0,-4.0,0.0,0,0,0.0,0.0,0,WHOSCORED_SOURCE_SPECIFIC,WHOSCORED_DERIVED_VALIDATED,WHOSCORED_SOURCE_SPECIFIC,WHOSCORED_DERIVED_VALIDATED,WHOSCORED_SOURCE_SPECIFIC,06cmu,-4.0,-4.0,0.0,0.0,0.0,2dxfjlk0mrp1z5vo,FANTRAX,FANTRAX,FANTRAX,0.0,0.0,0.0,Bart Verbruggen
soccerdata:sofascore:16363249,FTX-06MPP,brighton_hove_albion,chelsea,445059,6.49,4231,RB,,True,0.0,0,0,3,1.0,0,2.0,2,4,0,4,0,1,0,0,1,61,53,observed_or_derived,False,AWAY,2026-08-30,mgr:dfda8206a0e2,Fabian Hürzeler,2,EXACT_PLAYER_PERIOD_DETAILED,EXACT_PLAYER_MATCH,7.5,7.5,0.0,4,1,0.0,0.0,0,WHOSCORED_SOURCE_SPECIFIC,WHOSCORED_DERIVED_VALIDATED,WHOSCORED_SOURCE_SPECIFIC,WHOSCORED_DERIVED_VALIDATED,WHOSCORED_SOURCE_SPECIFIC,06mpp,7.5,7.5,0.0,1.0,2.0,h2e8dn5dmrp1z5vp,FANTRAX,FANTRAX,FANTRAX,0.0345139540731906,0.0,0.0345139540731906,Mats Wieffer
soccerdata:sofascore:16363249,pr_5b05eed522d404e7,brighton_hove_albion,chelsea,533010,6.29,4231,CB,,True,0.0,0,0,8,5.0,1,0.0,6,3,1,0,2,2,0,0,1,95,88,observed_or_derived,False,AWAY,2026-08-30,mgr:dfda8206a0e2,Fabian Hürzeler,2,EXACT_PLAYER_PERIOD_DETAILED,UNRESOLVED,3.5,3.5,0.0,0,0,1.0,1.0,0,WHOSCORED_SOURCE_SPECIFIC,WHOSCORED_DERIVED_VALIDATED,WHOSCORED_SOURCE_SPECIFIC,WHOSCORED_DERIVED_VALIDATED,WHOSCORED_SOURCE_SPECIFIC,06v0y,3.5,3.5,0.0,5.0,0.0,rx9bjhp3mrp1z5vo,FANTRAX,FANTRAX,FANTRAX,,,,Luka Vuskovic
soccerdata:sofascore:16363249,FTX-04E1C,brighton_hove_albion,chelsea,86441,5.33,4231,CB,,True,0.0,0,0,2,0.0,1,0.0,1,4,3,1,0,0,0,0,3,101,92,observed_or_derived,False,AWAY,2026-08-30,mgr:dfda8206a0e2,Fabian Hürzeler,2,NO_DETAILED_FANTRAX_ROW,EXACT_PLAYER_MATCH,-5.5,,0.0,1,0,1.0,1.0,0,WHOSCORED_SOURCE_SPECIFIC,WHOSCORED_DERIVED_VALIDATED,WHOSCORED_SOURCE_SPECIFIC,WHOSCORED_DERIVED_VALIDATED,WHOSCORED_SOURCE_SPECIFIC,04e1c,-5.5,,0.0,,,,WHOSCORED_CURRENT_OBSERVED,WHOSCORED_CURRENT_OBSERVED,WHOSCORED_CURRENT_OBSERVED,0.0,0.0,0.0,Lewis Dunk
soccerdata:sofascore:16363249,FTX-06PHE,brighton_hove_albion,chelsea,321958,5.46,4231,LB,,True,1.0,1,0,1,0.0,0,0.0,0,2,0,1,0,1,0,0,1,66,61,observed_or_derived,False,AWAY,2026-08-30,mgr:dfda8206a0e2,Fabian Hürzeler,2,EXACT_PLAYER_PERIOD_DETAILED,EXACT_PLAYER_MATCH,-4.0,-4.0,0.0,1,0,0.0,0.0,0,WHOSCORED_SOURCE_SPECIFIC,WHOSCORED_DERIVED_VALIDATED,WHOSCORED_SOURCE_SPECIFIC,WHOSCORED_DERIVED_VALIDATED,WHOSCORED_SOURCE_SPECIFIC,06phe,-4.0,-4.0,1.0,0.0,0.0,qwkltl98mrp1z5vp,FANTRAX,FANTRAX,FANTRAX,0.0212108809500932,0.0097560072317719,0.0309668881818651,Ferdi Kadioglu
soccerdata:sofascore:16363249,FTX-06Y26,brighton_hove_albion,chelsea,260809,6.48,4231,DM,,True,1.0,0,0,3,1.0,0,1.0,1,2,0,2,1,1,1,0,6,84,69,observed_or_derived,False,AWAY,2026-08-30,mgr:dfda8206a0e2,Fabian Hürzeler,2,NO_DETAILED_FANTRAX_ROW,EXACT_PLAYER_MATCH,1.5,,0.0,2,2,0.0,0.0,0,WHOSCORED_SOURCE_SPECIFIC,WHOSCORED_DERIVED_VALIDATED,WHOSCORED_SOURCE_SPECIFIC,WHOSCORED_DERIVED_VALIDATED,WHOSCORED_SOURCE_SPECIFIC,06y26,1.5,,1.0,,,,WHOSCORED_CURRENT_OBSERVED,WHOSCORED_CURRENT_OBSERVED,WHOSCORED_CURRENT_OBSERVED,0.0430318340659141,0.1698360443115234,0.2128678783774375,Olivier Boscagli
soccerdata:sofascore:16363249,FTX-04FK1,brighton_hove_albion,chelsea,71824,7.26,4231,DM,,True,2.0,0,0,0,0.0,1,0.0,1,3,1,8,0,1,1,1,2,73,58,observed_or_derived,False,AWAY,2026-08-30,mgr:dfda8206a0e2,Fabian Hürzeler,2,EXACT_PLAYER_PERIOD_DETAILED,EXACT_PLAYER_MATCH,24.5,9.5,0.0,8,1,1.0,1.0,0,WHOSCORED_SOURCE_SPECIFIC,WHOSCORED_DERIVED_VALIDATED,WHOSCORED_SOURCE_SPECIFIC,WHOSCORED_DERIVED_VALIDATED,WHOSCORED_SOURCE_SPECIFIC,04fk1,24.5,9.5,2.0,0.0,0.0,w2mnqywumrp1z5vp,FANTRAX,FANTRAX,FANTRAX,0.0453363917768001,0.4949251115322113,0.5402615033090115,Pascal Groß
soccerdata:sofascore:16363249,FTX-06R5B,brighton_hove_albion,chelsea,446133,6.71,4231,RW,,True,1.0,2,1,9,4.0,2,1.0,0,2,2,2,0,5,1,0,2,32,26,observed_or_derived,False,AWAY,2026-08-30,mgr:dfda8206a0e2,Fabian Hürzeler,2,EXACT_PLAYER_PERIOD_DETAILED,EXACT_PLAYER_MATCH,15.0,9.0,0.0,2,1,2.0,2.0,0,WHOSCORED_SOURCE_SPECIFIC,WHOSCORED_DERIVED_VALIDATED,WHOSCORED_SOURCE_SPECIFIC,WHOSCORED_DERIVED_VALIDATED,WHOSCORED_SOURCE_SPECIFIC,06r5b,15.0,9.0,1.0,4.0,1.0,61fz0pmkmrp1z5vo,FANTRAX,FANTRAX,FANTRAX,0.7564258575439453,0.3122384250164032,1.0686642825603485,Diego Gómez
soccerdata:sofascore:16363249,FTX-06MSB,brighton_hove_albion,chelsea,533015,7.96,4231,CAM,,True,1.0,5,4,0,0.0,3,0.0,2,2,0,2,1,2,2,1,0,32,25,observed_or_derived,False,AWAY,2026-08-30,mgr:dfda8206a0e2,Fabian Hürzeler,2,NO_DETAILED_FANTRAX_ROW,EXACT_PLAYER_MATCH,21.0,,0.0,2,0,3.0,1.0,0,WHOSCORED_SOURCE_SPECIFIC,WHOSCORED_DERIVED_VALIDATED,WHOSCORED_SOURCE_SPECIFIC,WHOSCORED_DERIVED_VALIDATED,WHOSCORED_SOURCE_SPECIFIC,06msb,21.0,,1.0,,,,WHOSCORED_CURRENT_OBSERVED,WHOSCORED_CURRENT_OBSERVED,WHOSCORED_CURRENT_OBSERVED,0.6473640203475952,0.2635147273540497,0.9108787477016448,Malick Yalcouyé
soccerdata:sofascore:16363249,FTX-06Y9M,brighton_hove_albion,chelsea,392647,6.39,4231,LW,,True,1.0,0,0,0,0.0,0,1.0,1,3,0,8,0,1,1,0,0,61,47,observed_or_derived,False,AWAY,2026-08-30,mgr:dfda8206a0e2,Fabian Hürzeler,2,EXACT_PLAYER_PERIOD_DETAILED,EXACT_PLAYER_MATCH,-1.0,-1.0,0.0,8,2,0.0,0.0,0,WHOSCORED_SOURCE_SPECIFIC,WHOSCORED_DERIVED_VALIDATED,WHOSCORED_SOURCE_SPECIFIC,WHOSCORED_DERIVED_VALIDATED,WHOSCORED_SOURCE_SPECIFIC,06y9m,-1.0,-1.0,1.0,0.0,1.0,h1vdt8ynmrp1z5vp,FANTRAX,FANTRAX,FANTRAX,0.0438426360487937,0.015044217929244,0.0588868539780377,Maxim De Cuyper
soccerdata:sofascore:16363249,FTX-06XZD,brighton_hove_albion,chelsea,533923,6.62,4231,ST,,True,1.0,1,1,4,3.0,0,0.0,0,6,0,1,0,1,1,0,1,24,19,observed_or_derived,False,AWAY,2026-08-30,mgr:dfda8206a0e2,Fabian Hürzeler,2,NO_DETAILED_FANTRAX_ROW,EXACT_PLAYER_MATCH,12.0,,0.0,1,0,0.0,0.0,0,WHOSCORED_SOURCE_SPECIFIC,WHOSCORED_DERIVED_VALIDATED,WHOSCORED_SOURCE_SPECIFIC,WHOSCORED_DERIVED_VALIDATED,WHOSCORED_SOURCE_SPECIFIC,06xzd,12.0,,1.0,,,,WHOSCORED_CURRENT_OBSERVED,WHOSCORED_CURRENT_OBSERVED,WHOSCORED_CURRENT_OBSERVED,0.2635147273540497,0.0438426360487937,0.3073573634028433,Charalampos Kostoulas
soccerdata:sofascore:16363249,FTX-078WJ,brighton_hove_albion,chelsea,532188,6.1,4231,,,False,0.0,0,0,1,0.0,0,0.0,0,0,0,0,0,0,0,0,0,5,5,observed_or_derived,False,AWAY,2026-08-30,mgr:dfda8206a0e2,Fabian Hürzeler,2,NO_DETAILED_FANTRAX_ROW,UNRESOLVED,0.0,,0.0,0,0,0.0,0.0,0,WHOSCORED_SOURCE_SPECIFIC,WHOSCORED_DERIVED_VALIDATED,WHOSCORED_SOURCE_SPECIFIC,WHOSCORED_DERIVED_VALIDATED,WHOSCORED_SOURCE_SPECIFIC,078wj,0.0,,,,,,WHOSCORED_CURRENT_OBSERVED,WHOSCORED_CURRENT_OBSERVED,WHOSCORED_CURRENT_OBSERVED,,,,Promise David
soccerdata:sofascore:16363249,FTX-06MN1,brighton_hove_albion,chelsea,519755,6.24,4231,,,False,0.0,2,1,0,0.0,1,0.0,0,0,0,2,0,0,0,0,0,11,7,observed_or_derived,False,AWAY,2026-08-30,mgr:dfda8206a0e2,Fabian Hürzeler,2,NO_DETAILED_FANTRAX_ROW,EXACT_PLAYER_MATCH,2.0,,0.0,2,0,1.0,1.0,0,WHOSCORED_SOURCE_SPECIFIC,WHOSCORED_DERIVED_VALIDATED,WHOSCORED_SOURCE_SPECIFIC,WHOSCORED_DERIVED_VALIDATED,WHOSCORED_SOURCE_SPECIFIC,06mn1,2.0,,0.0,,,,WHOSCORED_CURRENT_OBSERVED,WHOSCORED_CURRENT_OBSERVED,WHOSCORED_CURRENT_OBSERVED,0.0,0.0,0.0,Ibrahim Osman
soccerdata:sofascore:16363249,pr_82f652c51bb536fc,brighton_hove_albion,chelsea,395954,5.96,4231,,,False,0.0,0,0,0,0.0,0,0.0,0,0,0,0,0,0,0,0,1,9,8,observed_or_derived,False,AWAY,2026-08-30,mgr:dfda8206a0e2,Fabian Hürzeler,2,NO_DETAILED_FANTRAX_ROW,UNRESOLVED,-2.5,,0.0,0,0,0.0,0.0,0,WHOSCORED_SOURCE_SPECIFIC,WHOSCORED_DERIVED_VALIDATED,WHOSCORED_SOURCE_SPECIFIC,WHOSCORED_DERIVED_VALIDATED,WHOSCORED_SOURCE_SPECIFIC,076kd,-2.5,,,,,,WHOSCORED_CURRENT_OBSERVED,WHOSCORED_CURRENT_OBSERVED,WHOSCORED_CURRENT_OBSERVED,,,,Costinha
soccerdata:sofascore:16363249,FTX-04QFQ,brighton_hove_albion,chelsea,342889,,4231,,,False,0.0,0,0,0,0.0,0,0.0,0,0,0,0,0,0,0,0,0,0,0,observed_or_derived,False,AWAY,2026-08-30,mgr:dfda8206a0e2,Fabian Hürzeler,2,NO_DETAILED_FANTRAX_ROW,UNRESOLVED,0.0,,0.0,0,0,0.0,0.0,0,WHOSCORED_SOURCE_SPECIFIC,WHOSCORED_DERIVED_VALIDATED,WHOSCORED_SOURCE_SPECIFIC,WHOSCORED_DERIVED_VALIDATED,WHOSCORED_SOURCE_SPECIFIC,04qfq,0.0,,,,,,WHOSCORED_CURRENT_OBSERVED,WHOSCORED_CURRENT_OBSERVED,WHOSCORED_CURRENT_OBSERVED,,,,Matt O'Riley
soccerdata:sofascore:16363249,FTX-0791N,brighton_hove_albion,chelsea,438657,,4231,,,False,0.0,0,0,0,0.0,0,0.0,0,0,0,0,0,0,0,0,0,0,0,observed_or_derived,False,AWAY,2026-08-30,mgr:dfda8206a0e2,Fabian Hürzeler,2,NO_DETAILED_FANTRAX_ROW,UNRESOLVED,0.0,,0.0,0,0,0.0,0.0,0,WHOSCORED_SOURCE_SPECIFIC,WHOSCORED_DERIVED_VALIDATED,WHOSCORED_SOURCE_SPECIFIC,WHOSCORED_DERIVED_VALIDATED,WHOSCORED_SOURCE_SPECIFIC,0791n,0.0,,,,,,WHOSCORED_CURRENT_OBSERVED,WHOSCORED_CURRENT_OBSERVED,WHOSCORED_CURRENT_OBSERVED,,,,Jaouen Hadjam
soccerdata:sofascore:16363249,FTX-05MZZ,brighton_hove_albion,chelsea,355609,,4231,,,False,0.0,0,0,0,0.0,0,0.0,0,0,0,0,0,0,0,0,0,0,0,observed_or_derived,False,AWAY,2026-08-30,mgr:dfda8206a0e2,Fabian Hürzeler,2,NO_DETAILED_FANTRAX_ROW,UNRESOLVED,0.0,,0.0,0,0,0.0,0.0,0,WHOSCORED_SOURCE_SPECIFIC,WHOSCORED_DERIVED_VALIDATED,WHOSCORED_SOURCE_SPECIFIC,WHOSCORED_DERIVED_VALIDATED,WHOSCORED_SOURCE_SPECIFIC,05mzz,0.0,,,,,,WHOSCORED_CURRENT_OBSERVED,WHOSCORED_CURRENT_OBSERVED,WHOSCORED_CURRENT_OBSERVED,,,,Pascal Struijk
soccerdata:sofascore:16363249,FTX-04RHA,brighton_hove_albion,chelsea,33532,,4231,,,False,0.0,0,0,0,0.0,0,0.0,0,0,0,0,0,0,0,0,0,0,0,observed_or_derived,False,AWAY,2026-08-30,mgr:dfda8206a0e2,Fabian Hürzeler,2,NO_DETAILED_FANTRAX_ROW,UNRESOLVED,0.0,,0.0,0,0,0.0,0.0,0,WHOSCORED_SOURCE_SPECIFIC,WHOSCORED_DERIVED_VALIDATED,WHOSCORED_SOURCE_SPECIFIC,WHOSCORED_DERIVED_VALIDATED,WHOSCORED_SOURCE_SPECIFIC,04rha,0.0,,,,,,WHOSCORED_CURRENT_OBSERVED,WHOSCORED_CURRENT_OBSERVED,WHOSCORED_CURRENT_OBSERVED,,,,Jason Steele
soccerdata:sofascore:16363249,FTX-064OO,brighton_hove_albion,chelsea,455840,,4231,,,False,0.0,0,0,0,0.0,0,0.0,0,0,0,0,0,0,0,0,0,0,0,observed_or_derived,False,AWAY,2026-08-30,mgr:dfda8206a0e2,Fabian Hürzeler,2,NO_DETAILED_FANTRAX_ROW,UNRESOLVED,0.0,,0.0,0,0,0.0,0.0,0,WHOSCORED_SOURCE_SPECIFIC,WHOSCORED_DERIVED_VALIDATED,WHOSCORED_SOURCE_SPECIFIC,WHOSCORED_DERIVED_VALIDATED,WHOSCORED_SOURCE_SPECIFIC,064oo,0.0,,,,,,WHOSCORED_CURRENT_OBSERVED,WHOSCORED_CURRENT_OBSERVED,WHOSCORED_CURRENT_OBSERVED,,,,Amario Cozier-Duberry
soccerdata:sofascore:16363249,FTX-072AT,brighton_hove_albion,chelsea,591587,,4231,,,False,0.0,0,0,0,0.0,0,0.0,0,0,0,0,0,0,0,0,0,0,0,observed_or_derived,False,AWAY,2026-08-30,mgr:dfda8206a0e2,Fabian Hürzeler,2,NO_DETAILED_FANTRAX_ROW,UNRESOLVED,0.0,,0.0,0,0,0.0,0.0,0,WHOSCORED_SOURCE_SPECIFIC,WHOSCORED_DERIVED_VALIDATED,WHOSCORED_SOURCE_SPECIFIC,WHOSCORED_DERIVED_VALIDATED,WHOSCORED_SOURCE_SPECIFIC,072at,0.0,,,,,,WHOSCORED_CURRENT_OBSERVED,WHOSCORED_CURRENT_OBSERVED,WHOSCORED_CURRENT_OBSERVED,,,,Nehemiah Oriola
soccerdata:sofascore:16363255,FTX-06ZNB,sunderland,fulham,422814,6.81,4231,GK,,True,0.0,0,0,0,0.0,0,0.0,0,1,0,0,0,0,0,0,0,38,30,observed_or_derived,False,HOME,2026-08-30,mgr:1a031e232e88,Régis Le Bris,2,EXACT_PLAYER_PERIOD_DETAILED,EXACT_PLAYER_MATCH,9.0,3.0,0.0,0,0,0.0,0.0,0,WHOSCORED_SOURCE_SPECIFIC,WHOSCORED_DERIVED_VALIDATED,WHOSCORED_SOURCE_SPECIFIC,WHOSCORED_DERIVED_VALIDATED,WHOSCORED_SOURCE_SPECIFIC,06znb,9.0,3.0,0.0,0.0,0.0,61fz0pmkmrp1z5vo,FANTRAX,FANTRAX,FANTRAX,0.0,0.0,0.0,Robin Roefs
soccerdata:sofascore:16363255,FTX-0785J,sunderland,fulham,104376,7.08,4231,RB,,True,1.0,0,0,0,0.0,0,1.0,7,5,0,3,1,1,1,0,0,52,39,observed_or_derived,False,HOME,2026-08-30,mgr:1a031e232e88,Régis Le Bris,2,NO_DETAILED_FANTRAX_ROW,EXACT_PLAYER_MATCH,15.5,,0.0,3,1,0.0,0.0,0,WHOSCORED_SOURCE_SPECIFIC,WHOSCORED_DERIVED_VALIDATED,WHOSCORED_SOURCE_SPECIFIC,WHOSCORED_DERIVED_VALIDATED,WHOSCORED_SOURCE_SPECIFIC,0785j,15.5,,1.0,,,,WHOSCORED_CURRENT_OBSERVED,WHOSCORED_CURRENT_OBSERVED,WHOSCORED_CURRENT_OBSERVED,0.0135626308619976,0.0114439595490694,0.025006590411067,Thomas Meunier
soccerdata:sofascore:16363255,FTX-0703C,sunderland,fulham,299077,7.91,4231,CB,,True,0.0,1,1,4,2.0,2,1.0,15,4,1,2,1,0,0,0,0,51,38,observed_or_derived,False,HOME,2026-08-30,mgr:1a031e232e88,Régis Le Bris,2,EXACT_PLAYER_PERIOD_DETAILED,EXACT_PLAYER_MATCH,20.0,14.0,0.0,1,1,2.0,0.0,0,WHOSCORED_SOURCE_SPECIFIC,WHOSCORED_DERIVED_VALIDATED,WHOSCORED_SOURCE_SPECIFIC,WHOSCORED_DERIVED_VALIDATED,WHOSCORED_SOURCE_SPECIFIC,0703c,20.0,14.0,0.0,2.0,1.0,aup99ojzmrp1z5vp,FANTRAX,FANTRAX,FANTRAX,0.0,0.0,0.0,Nordi Mukiele
soccerdata:sofascore:16363255,FTX-05NNS,sunderland,fulham,371761,7.34,4231,CB,,True,0.0,1,0,8,5.0,1,1.0,8,1,1,1,0,1,1,0,2,44,41,observed_or_derived,False,HOME,2026-08-30,mgr:1a031e232e88,Régis Le Bris,2,EXACT_PLAYER_PERIOD_DETAILED,EXACT_PLAYER_MATCH,16.5,10.5,0.0,0,0,1.0,0.0,0,WHOSCORED_SOURCE_SPECIFIC,WHOSCORED_DERIVED_VALIDATED,WHOSCORED_SOURCE_SPECIFIC,WHOSCORED_DERIVED_VALIDATED,WHOSCORED_SOURCE_SPECIFIC,05nns,16.5,10.5,0.0,5.0,1.0,cjn4stydmrp1z5vp,FANTRAX,FANTRAX,FANTRAX,0.0114439595490694,0.0,0.0114439595490694,Dan Ballard
soccerdata:sofascore:16363255,FTX-06YB9,sunderland,fulham,361812,7.34,4231,LB,,True,0.0,1,1,4,3.0,1,1.0,4,3,2,1,1,0,0,0,4,44,37,observed_or_derived,False,HOME,2026-08-30,mgr:1a031e232e88,Régis Le Bris,2,NO_DETAILED_FANTRAX_ROW,EXACT_PLAYER_MATCH,14.5,,0.0,1,0,1.0,1.0,0,WHOSCORED_SOURCE_SPECIFIC,WHOSCORED_DERIVED_VALIDATED,WHOSCORED_SOURCE_SPECIFIC,WHOSCORED_DERIVED_VALIDATED,WHOSCORED_SOURCE_SPECIFIC,06yb9,14.5,,0.0,,,,WHOSCORED_CURRENT_OBSERVED,WHOSCORED_CURRENT_OBSERVED,WHOSCORED_CURRENT_OBSERVED,0.0,0.0,0.0,Reinildo Mandava
soccerdata:sofascore:16363255,FTX-06Y59,sunderland,fulham,437449,6.97,4231,DM,,True,0.0,1,0,1,1.0,3,2.0,3,2,1,1,0,1,1,0,1,42,38,observed_or_derived,False,HOME,2026-08-30,mgr:1a031e232e88,Régis Le Bris,2,NO_DETAILED_FANTRAX_ROW,EXACT_PLAYER_MATCH,9.5,,0.0,1,1,3.0,3.0,0,WHOSCORED_SOURCE_SPECIFIC,WHOSCORED_DERIVED_VALIDATED,WHOSCORED_SOURCE_SPECIFIC,WHOSCORED_DERIVED_VALIDATED,WHOSCORED_SOURCE_SPECIFIC,06y59,9.5,,0.0,,,,WHOSCORED_CURRENT_OBSERVED,WHOSCORED_CURRENT_OBSERVED,WHOSCORED_CURRENT_OBSERVED,0.019362611696124,0.0,0.019362611696124,Noah Sadiki
soccerdata:sofascore:16363255,FTX-0435M,sunderland,fulham,89401,7.69,4231,DM,,True,4.0,1,0,3,2.0,0,0.0,0,6,1,5,2,0,0,0,3,63,56,observed_or_derived,False,HOME,2026-08-30,mgr:1a031e232e88,Régis Le Bris,2,EXACT_PLAYER_PERIOD_DETAILED,EXACT_PLAYER_MATCH,13.0,12.0,0.0,5,2,0.0,0.0,0,WHOSCORED_SOURCE_SPECIFIC,WHOSCORED_DERIVED_VALIDATED,WHOSCORED_SOURCE_SPECIFIC,WHOSCORED_DERIVED_VALIDATED,WHOSCORED_SOURCE_SPECIFIC,0435m,13.0,12.0,4.0,2.0,0.0,aup99ojzmrp1z5vp,FANTRAX,FANTRAX,FANTRAX,0.0,0.4075436890125274,0.4075436890125274,Granit Xhaka
soccerdata:sofascore:16363255,FTX-06V0G,sunderland,fulham,424514,7.1,4231,RW,,True,1.0,1,0,6,4.0,4,0.0,1,4,1,3,0,0,0,0,1,27,18,observed_or_derived,False,HOME,2026-08-30,mgr:1a031e232e88,Régis Le Bris,2,EXACT_PLAYER_PERIOD_DETAILED,EXACT_PLAYER_MATCH,16.0,10.0,0.0,3,1,4.0,2.0,0,WHOSCORED_SOURCE_SPECIFIC,WHOSCORED_DERIVED_VALIDATED,WHOSCORED_SOURCE_SPECIFIC,WHOSCORED_DERIVED_VALIDATED,WHOSCORED_SOURCE_SPECIFIC,06v0g,16.0,10.0,1.0,4.0,0.0,2dxfjlk0mrp1z5vo,FANTRAX,FANTRAX,FANTRAX,0.0,0.0135626308619976,0.0135626308619976,Trai Hume
soccerdata:sofascore:16363255,FTX-06V0P,sunderland,fulham,398393,6.88,4231,CAM,,True,1.0,3,2,0,0.0,1,1.0,0,4,3,2,1,4,1,0,3,25,21,observed_or_derived,False,HOME,2026-08-30,mgr:1a031e232e88,Régis Le Bris,2,EXACT_PLAYER_PERIOD_DETAILED,EXACT_PLAYER_MATCH,10.0,9.0,0.0,2,1,1.0,1.0,0,WHOSCORED_SOURCE_SPECIFIC,WHOSCORED_DERIVED_VALIDATED,WHOSCORED_SOURCE_SPECIFIC,WHOSCORED_DERIVED_VALIDATED,WHOSCORED_SOURCE_SPECIFIC,06v0p,10.0,9.0,1.0,0.0,1.0,61fz0pmkmrp1z5vo,FANTRAX,FANTRAX,FANTRAX,0.2025050371885299,0.5389295220375061,0.7414345592260361,Enzo Le Fée
soccerdata:sofascore:16363255,FTX-072ZS,sunderland,fulham,443064,6.73,4231,LW,,True,1.0,6,3,1,0.0,1,0.0,0,4,0,2,0,0,0,0,5,24,19,observed_or_derived,False,HOME,2026-08-30,mgr:1a031e232e88,Régis Le Bris,2,EXACT_PLAYER_PERIOD_DETAILED,EXACT_PLAYER_MATCH,6.0,5.0,0.0,2,1,1.0,0.0,0,WHOSCORED_SOURCE_SPECIFIC,WHOSCORED_DERIVED_VALIDATED,WHOSCORED_SOURCE_SPECIFIC,WHOSCORED_DERIVED_VALIDATED,WHOSCORED_SOURCE_SPECIFIC,072zs,6.0,5.0,1.0,0.0,0.0,2dxfjlk0mrp1z5vo,FANTRAX,FANTRAX,FANTRAX,0.0,0.0488846004009246,0.0488846004009246,Nilson Angulo
soccerdata:sofascore:16363255,FTX-070HC,sunderland,fulham,404568,6.36,4231,ST,,True,0.0,0,0,4,4.0,0,0.0,1,3,0,0,0,1,0,0,2,9,7,observed_or_derived,False,HOME,2026-08-30,mgr:1a031e232e88,Régis Le Bris,2,EXACT_PLAYER_PERIOD_DETAILED,EXACT_PLAYER_MATCH,2.5,2.5,0.0,0,0,0.0,0.0,0,WHOSCORED_SOURCE_SPECIFIC,WHOSCORED_DERIVED_VALIDATED,WHOSCORED_SOURCE_SPECIFIC,WHOSCORED_DERIVED_VALIDATED,WHOSCORED_SOURCE_SPECIFIC,070hc,2.5,2.5,0.0,4.0,0.0,h2e8dn5dmrp1z5vp,FANTRAX,FANTRAX,FANTRAX,0.0340768359601497,0.0,0.0340768359601497,Brian Brobbey
soccerdata:sofascore:16363255,FTX-06Y29,sunderland,fulham,422818,6.81,4231,,,False,1.0,1,0,1,1.0,0,0.0,0,0,1,0,0,0,0,0,1,3,3,observed_or_derived,False,HOME,2026-08-30,mgr:1a031e232e88,Régis Le Bris,2,NO_DETAILED_FANTRAX_ROW,EXACT_PLAYER_MATCH,8.5,,0.0,0,0,0.0,0.0,1,WHOSCORED_SOURCE_SPECIFIC,WHOSCORED_DERIVED_VALIDATED,WHOSCORED_SOURCE_SPECIFIC,WHOSCORED_DERIVED_VALIDATED,WHOSCORED_SOURCE_SPECIFIC,06y29,8.5,,1.0,,,,WHOSCORED_CURRENT_OBSERVED,WHOSCORED_CURRENT_OBSERVED,WHOSCORED_CURRENT_OBSERVED,0.0,0.4507821798324585,0.4507821798324585,Habib Diarra
soccerdata:sofascore:16363255,FTX-06V0T,sunderland,fulham,363535,7.1,4231,,,False,0.0,0,0,3,0.0,0,0.0,0,0,0,0,0,3,1,1,2,1,1,observed_or_derived,False,HOME,2026-08-30,mgr:1a031e232e88,Régis Le Bris,2,NO_DETAILED_FANTRAX_ROW,EXACT_PLAYER_MATCH,11.0,,0.0,0,0,0.0,0.0,0,WHOSCORED_SOURCE_SPECIFIC,WHOSCORED_DERIVED_VALIDATED,WHOSCORED_SOURCE_SPECIFIC,WHOSCORED_DERIVED_VALIDATED,WHOSCORED_SOURCE_SPECIFIC,06v0t,11.0,,0.0,,,,WHOSCORED_CURRENT_OBSERVED,WHOSCORED_CURRENT_OBSERVED,WHOSCORED_CURRENT_OBSERVED,1.0178608894348145,0.0,1.0178608894348145,Wilson Isidor
soccerdata:sofascore:16363255,FTX-05UDW,sunderland,fulham,450254,6.13,4231,,,False,0.0,1,0,0,0.0,0,0.0,0,0,0,0,0,1,1,0,0,3,2,observed_or_derived,False,HOME,2026-08-30,mgr:1a031e232e88,Régis Le Bris,2,NO_DETAILED_FANTRAX_ROW,EXACT_PLAYER_MATCH,3.0,,0.0,0,0,0.0,0.0,0,WHOSCORED_SOURCE_SPECIFIC,WHOSCORED_DERIVED_VALIDATED,WHOSCORED_SOURCE_SPECIFIC,WHOSCORED_DERIVED_VALIDATED,WHOSCORED_SOURCE_SPECIFIC,05udw,3.0,,0.0,,,,WHOSCORED_CURRENT_OBSERVED,WHOSCORED_CURRENT_OBSERVED,WHOSCORED_CURRENT_OBSERVED,0.2634761333465576,0.0,0.2634761333465576,Romaine Mundle
soccerdata:sofascore:16363255,FTX-06V0L,sunderland,fulham,469645,5.99,4231,,,False,0.0,0,0,0,0.0,0,0.0,0,0,0,0,0,0,0,0,0,1,0,observed_or_derived,False,HOME,2026-08-30,mgr:1a031e232e88,Régis Le Bris,2,NO_DETAILED_FANTRAX_ROW,EXACT_PLAYER_MATCH,0.0,,0.0,0,0,0.0,0.0,0,WHOSCORED_SOURCE_SPECIFIC,WHOSCORED_DERIVED_VALIDATED,WHOSCORED_SOURCE_SPECIFIC,WHOSCORED_DERIVED_VALIDATED,WHOSCORED_SOURCE_SPECIFIC,06v0l,0.0,,0.0,,,,WHOSCORED_CURRENT_OBSERVED,WHOSCORED_CURRENT_OBSERVED,WHOSCORED_CURRENT_OBSERVED,0.0,0.0,0.0,Chris Rigg
soccerdata:sofascore:16363255,FTX-06YBQ,sunderland,fulham,476110,,4231,,,False,0.0,0,0,0,0.0,0,0.0,0,0,0,0,0,0,0,0,0,0,0,observed_or_derived,False,HOME,2026-08-30,mgr:1a031e232e88,Régis Le Bris,2,NO_DETAILED_FANTRAX_ROW,UNRESOLVED,0.0,,0.0,0,0,0.0,0.0,0,WHOSCORED_SOURCE_SPECIFIC,WHOSCORED_DERIVED_VALIDATED,WHOSCORED_SOURCE_SPECIFIC,WHOSCORED_DERIVED_VALIDATED,WHOSCORED_SOURCE_SPECIFIC,06ybq,0.0,,,,,,WHOSCORED_CURRENT_OBSERVED,WHOSCORED_CURRENT_OBSERVED,WHOSCORED_CURRENT_OBSERVED,,,,Chemsdine Talbi
soccerdata:sofascore:16363255,FTX-0700T,sunderland,fulham,344639,,4231,,,False,0.0,0,0,0,0.0,0,0.0,0,0,0,0,0,0,0,0,0,0,0,observed_or_derived,False,HOME,2026-08-30,mgr:1a031e232e88,Régis Le Bris,2,NO_DETAILED_FANTRAX_ROW,UNRESOLVED,0.0,,0.0,0,0,0.0,0.0,0,WHOSCORED_SOURCE_SPECIFIC,WHOSCORED_DERIVED_VALIDATED,WHOSCORED_SOURCE_SPECIFIC,WHOSCORED_DERIVED_VALIDATED,WHOSCORED_SOURCE_SPECIFIC,0700t,0.0,,,,,,WHOSCORED_CURRENT_OBSERVED,WHOSCORED_CURRENT_OBSERVED,WHOSCORED_CURRENT_OBSERVED,,,,Omar Alderete
soccerdata:sofascore:16363255,FTX-072ZP,sunderland,fulham,425235,,4231,,,False,0.0,0,0,0,0.0,0,0.0,0,0,0,0,0,0,0,0,0,0,0,observed_or_derived,False,HOME,2026-08-30,mgr:1a031e232e88,Régis Le Bris,2,NO_DETAILED_FANTRAX_ROW,UNRESOLVED,0.0,,0.0,0,0,0.0,0.0,0,WHOSCORED_SOURCE_SPECIFIC,WHOSCORED_DERIVED_VALIDATED,WHOSCORED_SOURCE_SPECIFIC,WHOSCORED_DERIVED_VALIDATED,WHOSCORED_SOURCE_SPECIFIC,072zp,0.0,,,,,,WHOSCORED_CURRENT_OBSERVED,WHOSCORED_CURRENT_OBSERVED,WHOSCORED_CURRENT_OBSERVED,,,,Melker Ellborg
soccerdata:sofascore:16363255,FTX-06V0M,sunderland,fulham,134373,,4231,,,False,0.0,0,0,0,0.0,0,0.0,0,0,0,0,0,0,0,0,0,0,0,observed_or_derived,False,HOME,2026-08-30,mgr:1a031e232e88,Régis Le Bris,2,NO_DETAILED_FANTRAX_ROW,UNRESOLVED,0.0,,0.0,0,0,0.0,0.0,0,WHOSCORED_SOURCE_SPECIFIC,WHOSCORED_DERIVED_VALIDATED,WHOSCORED_SOURCE_SPECIFIC,WHOSCORED_DERIVED_VALIDATED,WHOSCORED_SOURCE_SPECIFIC,06v0m,0.0,,,,,,WHOSCORED_CURRENT_OBSERVED,WHOSCORED_CURRENT_OBSERVED,WHOSCORED_CURRENT_OBSERVED,,,,Luke O'Nien
soccerdata:sofascore:16363255,FTX-0790I,sunderland,fulham,583276,,4231,,,False,0.0,0,0,0,0.0,0,0.0,0,0,0,0,0,0,0,0,0,0,0,observed_or_derived,False,HOME,2026-08-30,mgr:1a031e232e88,Régis Le Bris,2,NO_DETAILED_FANTRAX_ROW,UNRESOLVED,0.0,,0.0,0,0,0.0,0.0,0,WHOSCORED_SOURCE_SPECIFIC,WHOSCORED_DERIVED_VALIDATED,WHOSCORED_SOURCE_SPECIFIC,WHOSCORED_DERIVED_VALIDATED,WHOSCORED_SOURCE_SPECIFIC,0790i,0.0,,,,,,WHOSCORED_CURRENT_OBSERVED,WHOSCORED_CURRENT_OBSERVED,WHOSCORED_CURRENT_OBSERVED,,,,Jules Ahoka
soccerdata:sofascore:16363255,FTX-04QOR,fulham,sunderland,92173,5.55,4231,GK,,True,0.0,0,0,1,1.0,0,0.0,1,1,0,0,0,0,0,0,0,53,36,observed_or_derived,False,AWAY,2026-08-30,mgr:c4ccacd3c126,Álvaro Arbeloa,2,NO_DETAILED_FANTRAX_ROW,EXACT_PLAYER_MATCH,8.0,,0.0,0,0,0.0,0.0,0,WHOSCORED_SOURCE_SPECIFIC,WHOSCORED_DERIVED_VALIDATED,WHOSCORED_SOURCE_SPECIFIC,WHOSCORED_DERIVED_VALIDATED,WHOSCORED_SOURCE_SPECIFIC,04qor,8.0,,0.0,,,,WHOSCORED_CURRENT_OBSERVED,WHOSCORED_CURRENT_OBSERVED,WHOSCORED_CURRENT_OBSERVED,0.0,0.0,0.0,Bernd Leno
soccerdata:sofascore:16363255,FTX-05O4C,fulham,sunderland,141169,6.43,4231,RB,,True,0.0,0,0,2,0.0,1,1.0,0,2,0,1,0,0,0,0,5,24,20,observed_or_derived,False,AWAY,2026-08-30,mgr:c4ccacd3c126,Álvaro Arbeloa,2,EXACT_PLAYER_PERIOD_DETAILED,EXACT_PLAYER_MATCH,8.0,2.0,0.0,1,0,1.0,1.0,0,WHOSCORED_SOURCE_SPECIFIC,WHOSCORED_DERIVED_VALIDATED,WHOSCORED_SOURCE_SPECIFIC,WHOSCORED_DERIVED_VALIDATED,WHOSCORED_SOURCE_SPECIFIC,05o4c,8.0,2.0,0.0,0.0,1.0,hpsurdtbmrp1z5vo,FANTRAX,FANTRAX,FANTRAX,0.0,0.0,0.0,Timothy Castagne
soccerdata:sofascore:16363255,FTX-05OS8,fulham,sunderland,231135,6.67,4231,CB,,True,1.0,0,0,8,5.0,0,1.0,7,2,0,0,0,0,0,0,4,88,77,observed_or_derived,False,AWAY,2026-08-30,mgr:c4ccacd3c126,Álvaro Arbeloa,2,EXACT_PLAYER_PERIOD_DETAILED,EXACT_PLAYER_MATCH,9.5,9.5,0.0,0,0,0.0,0.0,0,WHOSCORED_SOURCE_SPECIFIC,WHOSCORED_DERIVED_VALIDATED,WHOSCORED_SOURCE_SPECIFIC,WHOSCORED_DERIVED_VALIDATED,WHOSCORED_SOURCE_SPECIFIC,05os8,9.5,9.5,1.0,5.0,1.0,qwkltl98mrp1z5vp,FANTRAX,FANTRAX,FANTRAX,0.0,0.0605926103889942,0.0605926103889942,Joachim Andersen
soccerdata:sofascore:16363255,FTX-0554G,fulham,sunderland,396976,6.71,4231,CB,,True,0.0,3,1,1,1.0,1,2.0,4,6,0,0,0,0,0,0,2,78,70,observed_or_derived,False,AWAY,2026-08-30,mgr:c4ccacd3c126,Álvaro Arbeloa,2,NO_DETAILED_FANTRAX_ROW,EXACT_PLAYER_MATCH,6.0,,0.0,0,0,1.0,0.0,0,WHOSCORED_SOURCE_SPECIFIC,WHOSCORED_DERIVED_VALIDATED,WHOSCORED_SOURCE_SPECIFIC,WHOSCORED_DERIVED_VALIDATED,WHOSCORED_SOURCE_SPECIFIC,0554g,6.0,,0.0,,,,WHOSCORED_CURRENT_OBSERVED,WHOSCORED_CURRENT_OBSERVED,WHOSCORED_CURRENT_OBSERVED,0.0,0.0,0.0,Calvin Bassey
soccerdata:sofascore:16363255,FTX-03RZP,fulham,sunderland,306581,6.23,4231,LB,,True,0.0,2,1,3,0.0,3,0.0,0,2,0,4,0,0,0,0,1,66,49,observed_or_derived,False,AWAY,2026-08-30,mgr:c4ccacd3c126,Álvaro Arbeloa,2,EXACT_PLAYER_PERIOD_DETAILED,EXACT_PLAYER_MATCH,3.0,3.0,0.0,4,0,3.0,2.0,0,WHOSCORED_SOURCE_SPECIFIC,WHOSCORED_DERIVED_VALIDATED,WHOSCORED_SOURCE_SPECIFIC,WHOSCORED_DERIVED_VALIDATED,WHOSCORED_SOURCE_SPECIFIC,03rzp,3.0,3.0,0.0,0.0,0.0,2dxfjlk0mrp1z5vo,FANTRAX,FANTRAX,FANTRAX,0.0,0.0,0.0,Antonee Robinson
soccerdata:sofascore:16363255,FTX-038ZE,fulham,sunderland,136824,6.67,4231,DM,,True,2.0,2,0,1,0.0,1,0.0,1,2,0,3,1,1,1,0,2,63,58,observed_or_derived,False,AWAY,2026-08-30,mgr:c4ccacd3c126,Álvaro Arbeloa,2,EXACT_PLAYER_PERIOD_DETAILED,EXACT_PLAYER_MATCH,7.5,7.5,0.0,3,2,1.0,1.0,0,WHOSCORED_SOURCE_SPECIFIC,WHOSCORED_DERIVED_VALIDATED,WHOSCORED_SOURCE_SPECIFIC,WHOSCORED_DERIVED_VALIDATED,WHOSCORED_SOURCE_SPECIFIC,038ze,7.5,7.5,2.0,0.0,0.0,qwkltl98mrp1z5vp,FANTRAX,FANTRAX,FANTRAX,0.0127433408051729,0.4228430390357971,0.43558637984097,Alex Iwobi
soccerdata:sofascore:16363255,FTX-05GCS,fulham,sunderland,321020,6.14,4231,DM,,True,2.0,0,0,2,0.0,0,0.0,0,2,0,0,1,0,0,0,1,56,50,observed_or_derived,False,AWAY,2026-08-30,mgr:c4ccacd3c126,Álvaro Arbeloa,2,NO_DETAILED_FANTRAX_ROW,EXACT_PLAYER_MATCH,3.5,,0.0,0,0,0.0,0.0,0,WHOSCORED_SOURCE_SPECIFIC,WHOSCORED_DERIVED_VALIDATED,WHOSCORED_SOURCE_SPECIFIC,WHOSCORED_DERIVED_VALIDATED,WHOSCORED_SOURCE_SPECIFIC,05gcs,3.5,,2.0,,,,WHOSCORED_CURRENT_OBSERVED,WHOSCORED_CURRENT_OBSERVED,WHOSCORED_CURRENT_OBSERVED,0.0,0.3430616855621338,0.3430616855621338,Sander Berge
soccerdata:sofascore:16363255,FTX-05YE7,fulham,sunderland,430709,6.53,4231,RW,,True,1.0,1,0,3,1.0,2,1.0,1,2,0,2,0,0,0,0,3,26,18,observed_or_derived,False,AWAY,2026-08-30,mgr:c4ccacd3c126,Álvaro Arbeloa,2,EXACT_PLAYER_PERIOD_DETAILED,EXACT_PLAYER_MATCH,3.5,2.5,0.0,1,0,2.0,0.0,0,WHOSCORED_SOURCE_SPECIFIC,WHOSCORED_DERIVED_VALIDATED,WHOSCORED_SOURCE_SPECIFIC,WHOSCORED_DERIVED_VALIDATED,WHOSCORED_SOURCE_SPECIFIC,05ye7,3.5,2.5,1.0,1.0,1.0,h1vdt8ynmrp1z5vp,FANTRAX,FANTRAX,FANTRAX,0.0,0.0296333245933055,0.0296333245933055,Oscar Bobb
soccerdata:sofascore:16363255,pr_48aea4da65a5a244,fulham,sunderland,515865,6.26,4231,CAM,,True,0.0,8,3,2,0.0,2,0.0,0,1,1,1,0,2,1,0,1,37,30,observed_or_derived,False,AWAY,2026-08-30,mgr:c4ccacd3c126,Álvaro Arbeloa,2,EXACT_PLAYER_PERIOD_DETAILED,EXACT_PLAYER_MATCH,4.0,4.0,0.0,1,0,2.0,0.0,0,WHOSCORED_SOURCE_SPECIFIC,WHOSCORED_DERIVED_VALIDATED,WHOSCORED_SOURCE_SPECIFIC,WHOSCORED_DERIVED_VALIDATED,WHOSCORED_SOURCE_SPECIFIC,06jh3,4.0,4.0,0.0,0.0,0.0,h2e8dn5dmrp1z5vp,FANTRAX,FANTRAX,FANTRAX,0.319437026977539,0.0,0.319437026977539,Josh King
soccerdata:sofascore:16363255,FTX-07897,fulham,sunderland,534901,6.53,4231,LW,,True,0.0,4,3,1,1.0,0,1.0,3,6,2,2,0,1,0,0,2,26,21,observed_or_derived,False,AWAY,2026-08-30,mgr:c4ccacd3c126,Álvaro Arbeloa,2,NO_DETAILED_FANTRAX_ROW,EXACT_PLAYER_MATCH,3.5,,0.0,1,0,0.0,0.0,0,WHOSCORED_SOURCE_SPECIFIC,WHOSCORED_DERIVED_VALIDATED,WHOSCORED_SOURCE_SPECIFIC,WHOSCORED_DERIVED_VALIDATED,WHOSCORED_SOURCE_SPECIFIC,07897,3.5,,0.0,,,,WHOSCORED_CURRENT_OBSERVED,WHOSCORED_CURRENT_OBSERVED,WHOSCORED_CURRENT_OBSERVED,0.0296333245933055,0.0,0.0296333245933055,César Palacios
soccerdata:sofascore:16363255,FTX-07898,fulham,sunderland,498798,6.29,4231,ST,,True,0.0,1,1,7,3.0,0,0.0,1,2,1,1,0,3,3,0,2,20,13,observed_or_derived,False,AWAY,2026-08-30,mgr:c4ccacd3c126,Álvaro Arbeloa,2,EXACT_PLAYER_PERIOD_DETAILED,EXACT_PLAYER_MATCH,3.5,3.5,0.0,1,0,0.0,0.0,0,WHOSCORED_SOURCE_SPECIFIC,WHOSCORED_DERIVED_VALIDATED,WHOSCORED_SOURCE_SPECIFIC,WHOSCORED_DERIVED_VALIDATED,WHOSCORED_SOURCE_SPECIFIC,07898,3.5,3.5,0.0,3.0,0.0,h2e8dn5dmrp1z5vp,FANTRAX,FANTRAX,FANTRAX,0.5128251910209656,0.0,0.5128251910209656,Gonzalo García
soccerdata:sofascore:16363255,FTX-04SAT,fulham,sunderland,363686,6.15,4231,,,False,2.0,0,0,2,0.0,0,0.0,0,1,0,0,0,1,1,0,0,16,16,observed_or_derived,False,AWAY,2026-08-30,mgr:c4ccacd3c126,Álvaro Arbeloa,2,NO_DETAILED_FANTRAX_ROW,EXACT_PLAYER_MATCH,3.5,,0.0,0,0,0.0,0.0,0,WHOSCORED_SOURCE_SPECIFIC,WHOSCORED_DERIVED_VALIDATED,WHOSCORED_SOURCE_SPECIFIC,WHOSCORED_DERIVED_VALIDATED,WHOSCORED_SOURCE_SPECIFIC,04sat,3.5,,2.0,,,,WHOSCORED_CURRENT_OBSERVED,WHOSCORED_CURRENT_OBSERVED,WHOSCORED_CURRENT_OBSERVED,0.0605926103889942,0.0901469960808754,0.1507396064698696,Emile Smith Rowe
soccerdata:sofascore:16363255,FTX-04QFM,fulham,sunderland,322611,6.45,4231,,,False,0.0,2,2,0,0.0,1,0.0,0,1,0,5,0,1,1,0,0,24,18,observed_or_derived,False,AWAY,2026-08-30,mgr:c4ccacd3c126,Álvaro Arbeloa,2,NO_DETAILED_FANTRAX_ROW,EXACT_PLAYER_MATCH,4.0,,0.0,5,2,1.0,0.0,0,WHOSCORED_SOURCE_SPECIFIC,WHOSCORED_DERIVED_VALIDATED,WHOSCORED_SOURCE_SPECIFIC,WHOSCORED_DERIVED_VALIDATED,WHOSCORED_SOURCE_SPECIFIC,04qfm,4.0,,0.0,,,,WHOSCORED_CURRENT_OBSERVED,WHOSCORED_CURRENT_OBSERVED,WHOSCORED_CURRENT_OBSERVED,0.0300161857157945,0.0,0.0300161857157945,Ryan Sessegnon
soccerdata:sofascore:16363255,FTX-05UHQ,fulham,sunderland,428060,6.08,4231,,,False,0.0,0,0,2,1.0,0,1.0,0,1,0,1,0,2,1,0,0,22,20,observed_or_derived,False,AWAY,2026-08-30,mgr:c4ccacd3c126,Álvaro Arbeloa,2,NO_DETAILED_FANTRAX_ROW,EXACT_PLAYER_MATCH,1.5,,0.0,1,0,0.0,0.0,0,WHOSCORED_SOURCE_SPECIFIC,WHOSCORED_DERIVED_VALIDATED,WHOSCORED_SOURCE_SPECIFIC,WHOSCORED_DERIVED_VALIDATED,WHOSCORED_SOURCE_SPECIFIC,05uhq,1.5,,0.0,,,,WHOSCORED_CURRENT_OBSERVED,WHOSCORED_CURRENT_OBSERVED,WHOSCORED_CURRENT_OBSERVED,0.0624442547559738,0.0,0.0624442547559738,Shea Charles
soccerdata:sofascore:16363255,FTX-070HJ,fulham,sunderland,429174,6.01,4231,,,False,0.0,0,0,0,0.0,0,0.0,0,0,1,0,0,0,0,0,1,7,7,observed_or_derived,False,AWAY,2026-08-30,mgr:c4ccacd3c126,Álvaro Arbeloa,2,NO_DETAILED_FANTRAX_ROW,EXACT_PLAYER_MATCH,0.0,,0.0,0,0,0.0,0.0,0,WHOSCORED_SOURCE_SPECIFIC,WHOSCORED_DERIVED_VALIDATED,WHOSCORED_SOURCE_SPECIFIC,WHOSCORED_DERIVED_VALIDATED,WHOSCORED_SOURCE_SPECIFIC,070hj,0.0,,0.0,,,,WHOSCORED_CURRENT_OBSERVED,WHOSCORED_CURRENT_OBSERVED,WHOSCORED_CURRENT_OBSERVED,0.0,0.0,0.0,Kevin
soccerdata:sofascore:16363255,FTX-061VN,fulham,sunderland,403649,,4231,,,False,0.0,0,0,0,0.0,0,0.0,0,0,0,0,0,0,0,0,0,0,0,observed_or_derived,False,AWAY,2026-08-30,mgr:c4ccacd3c126,Álvaro Arbeloa,2,NO_DETAILED_FANTRAX_ROW,UNRESOLVED,0.0,,0.0,0,0,0.0,0.0,0,WHOSCORED_SOURCE_SPECIFIC,WHOSCORED_DERIVED_VALIDATED,WHOSCORED_SOURCE_SPECIFIC,WHOSCORED_DERIVED_VALIDATED,WHOSCORED_SOURCE_SPECIFIC,061vn,0.0,,,,,,WHOSCORED_CURRENT_OBSERVED,WHOSCORED_CURRENT_OBSERVED,WHOSCORED_CURRENT_OBSERVED,,,,Rodrigo Muniz
soccerdata:sofascore:16363255,FTX-06ZBW,fulham,sunderland,89928,,4231,,,False,0.0,0,0,0,0.0,0,0.0,0,0,0,0,0,0,0,0,0,0,0,observed_or_derived,False,AWAY,2026-08-30,mgr:c4ccacd3c126,Álvaro Arbeloa,2,NO_DETAILED_FANTRAX_ROW,UNRESOLVED,0.0,,0.0,0,0,0.0,0.0,0,WHOSCORED_SOURCE_SPECIFIC,WHOSCORED_DERIVED_VALIDATED,WHOSCORED_SOURCE_SPECIFIC,WHOSCORED_DERIVED_VALIDATED,WHOSCORED_SOURCE_SPECIFIC,06zbw,0.0,,,,,,WHOSCORED_CURRENT_OBSERVED,WHOSCORED_CURRENT_OBSERVED,WHOSCORED_CURRENT_OBSERVED,,,,Benjamin Lecomte
soccerdata:sofascore:16363255,FTX-06NYW,fulham,sunderland,333182,,4231,,,False,0.0,0,0,0,0.0,0,0.0,0,0,0,0,0,0,0,0,0,0,0,observed_or_derived,False,AWAY,2026-08-30,mgr:c4ccacd3c126,Álvaro Arbeloa,2,NO_DETAILED_FANTRAX_ROW,UNRESOLVED,0.0,,0.0,0,0,0.0,0.0,0,WHOSCORED_SOURCE_SPECIFIC,WHOSCORED_DERIVED_VALIDATED,WHOSCORED_SOURCE_SPECIFIC,WHOSCORED_DERIVED_VALIDATED,WHOSCORED_SOURCE_SPECIFIC,06nyw,0.0,,,,,,WHOSCORED_CURRENT_OBSERVED,WHOSCORED_CURRENT_OBSERVED,WHOSCORED_CURRENT_OBSERVED,,,,Jorge Cuenca
soccerdata:sofascore:16363255,FTX-037MT,fulham,sunderland,135724,,4231,,,False,0.0,0,0,0,0.0,0,0.0,0,0,0,0,0,0,0,0,0,0,0,observed_or_derived,False,AWAY,2026-08-30,mgr:c4ccacd3c126,Álvaro Arbeloa,2,NO_DETAILED_FANTRAX_ROW,UNRESOLVED,0.0,,0.0,0,0,0.0,0.0,0,WHOSCORED_SOURCE_SPECIFIC,WHOSCORED_DERIVED_VALIDATED,WHOSCORED_SOURCE_SPECIFIC,WHOSCORED_DERIVED_VALIDATED,WHOSCORED_SOURCE_SPECIFIC,037mt,0.0,,,,,,WHOSCORED_CURRENT_OBSERVED,WHOSCORED_CURRENT_OBSERVED,WHOSCORED_CURRENT_OBSERVED,,,,Harrison Reed
soccerdata:sofascore:16363255,FTX-078G5,fulham,sunderland,642232,,4231,,,False,0.0,0,0,0,0.0,0,0.0,0,0,0,0,0,0,0,0,0,0,0,observed_or_derived,False,AWAY,2026-08-30,mgr:c4ccacd3c126,Álvaro Arbeloa,2,NO_DETAILED_FANTRAX_ROW,UNRESOLVED,0.0,,0.0,0,0,0.0,0.0,0,WHOSCORED_SOURCE_SPECIFIC,WHOSCORED_DERIVED_VALIDATED,WHOSCORED_SOURCE_SPECIFIC,WHOSCORED_DERIVED_VALIDATED,WHOSCORED_SOURCE_SPECIFIC,078g5,0.0,,,,,,WHOSCORED_CURRENT_OBSERVED,WHOSCORED_CURRENT_OBSERVED,WHOSCORED_CURRENT_OBSERVED,,,,Macauley Zepa
soccerdata:sofascore:16363266,FTX-05OZ3,leeds_united,brentford,404852,7.16,3421,GK,,True,0.0,0,0,0,0.0,0,0.0,0,4,0,0,0,0,0,0,0,49,37,observed_or_derived,False,HOME,2026-08-30,mgr:fa5d385e34dc,Daniel Farke,2,EXACT_PLAYER_PERIOD_DETAILED,EXACT_PLAYER_MATCH,10.0,10.0,0.0,0,0,0.0,0.0,0,WHOSCORED_SOURCE_SPECIFIC,WHOSCORED_DERIVED_VALIDATED,WHOSCORED_SOURCE_SPECIFIC,WHOSCORED_DERIVED_VALIDATED,WHOSCORED_SOURCE_SPECIFIC,05oz3,10.0,10.0,0.0,0.0,0.0,w2mnqywumrp1z5vp,FANTRAX,FANTRAX,FANTRAX,0.0,0.0,0.0,James Trafford
soccerdata:sofascore:16363266,FTX-0784Y,leeds_united,brentford,439533,7.87,3421,CB,,True,0.0,3,3,5,2.0,2,2.0,11,3,0,1,0,0,0,0,1,52,43,observed_or_derived,False,HOME,2026-08-30,mgr:fa5d385e34dc,Daniel Farke,2,EXACT_PLAYER_PERIOD_DETAILED,EXACT_PLAYER_MATCH,17.0,17.0,0.0,1,0,2.0,1.0,0,WHOSCORED_SOURCE_SPECIFIC,WHOSCORED_DERIVED_VALIDATED,WHOSCORED_SOURCE_SPECIFIC,WHOSCORED_DERIVED_VALIDATED,WHOSCORED_SOURCE_SPECIFIC,0784y,17.0,17.0,0.0,2.0,2.0,cjn4stydmrp1z5vp,FANTRAX,FANTRAX,FANTRAX,0.0,0.0,0.0,Tarik Muharemovic
soccerdata:sofascore:16363266,FTX-06V51,leeds_united,brentford,360941,6.16,3421,CB,,True,0.0,0,0,1,1.0,0,1.0,4,2,0,0,0,0,0,0,0,20,13,observed_or_derived,False,HOME,2026-08-30,mgr:fa5d385e34dc,Daniel Farke,2,EXACT_PLAYER_PERIOD_DETAILED,EXACT_PLAYER_MATCH,4.0,4.0,0.0,0,0,0.0,0.0,0,WHOSCORED_SOURCE_SPECIFIC,WHOSCORED_DERIVED_VALIDATED,WHOSCORED_SOURCE_SPECIFIC,WHOSCORED_DERIVED_VALIDATED,WHOSCORED_SOURCE_SPECIFIC,06v51,4.0,4.0,0.0,1.0,1.0,rx9bjhp3mrp1z5vo,FANTRAX,FANTRAX,FANTRAX,0.0,0.0,0.0,Jaka Bijol
soccerdata:sofascore:16363266,FTX-03YQZ,leeds_united,brentford,302312,6.48,3421,CB,,True,0.0,0,0,0,0.0,0,0.0,3,1,1,0,0,0,0,0,2,11,7,observed_or_derived,False,HOME,2026-08-30,mgr:fa5d385e34dc,Daniel Farke,2,NO_DETAILED_FANTRAX_ROW,EXACT_PLAYER_MATCH,2.5,,0.0,0,0,0.0,0.0,0,WHOSCORED_SOURCE_SPECIFIC,WHOSCORED_DERIVED_VALIDATED,WHOSCORED_SOURCE_SPECIFIC,WHOSCORED_DERIVED_VALIDATED,WHOSCORED_SOURCE_SPECIFIC,03yqz,2.5,,0.0,,,,WHOSCORED_CURRENT_OBSERVED,WHOSCORED_CURRENT_OBSERVED,WHOSCORED_CURRENT_OBSERVED,0.0,0.0,0.0,Joe Rodon
soccerdata:sofascore:16363266,FTX-05O8O,leeds_united,brentford,354291,6.9,3421,RWB,,True,1.0,2,1,4,4.0,2,0.0,4,5,1,3,0,0,0,0,3,32,19,observed_or_derived,False,HOME,2026-08-30,mgr:fa5d385e34dc,Daniel Farke,2,NO_DETAILED_FANTRAX_ROW,EXACT_PLAYER_MATCH,11.0,,0.0,3,0,2.0,1.0,0,WHOSCORED_SOURCE_SPECIFIC,WHOSCORED_DERIVED_VALIDATED,WHOSCORED_SOURCE_SPECIFIC,WHOSCORED_DERIVED_VALIDATED,WHOSCORED_SOURCE_SPECIFIC,05o8o,11.0,,1.0,,,,WHOSCORED_CURRENT_OBSERVED,WHOSCORED_CURRENT_OBSERVED,WHOSCORED_CURRENT_OBSERVED,0.0,0.0174954924732446,0.0174954924732446,Jayden Bogle
soccerdata:sofascore:16363266,FTX-0521Z,leeds_united,brentford,301441,6.9,3421,LWB,,True,1.0,0,0,3,2.0,2,1.0,4,3,0,2,0,1,1,0,0,37,24,observed_or_derived,False,HOME,2026-08-30,mgr:fa5d385e34dc,Daniel Farke,2,EXACT_PLAYER_PERIOD_DETAILED,EXACT_PLAYER_MATCH,11.0,11.0,0.0,2,0,2.0,2.0,0,WHOSCORED_SOURCE_SPECIFIC,WHOSCORED_DERIVED_VALIDATED,WHOSCORED_SOURCE_SPECIFIC,WHOSCORED_DERIVED_VALIDATED,WHOSCORED_SOURCE_SPECIFIC,0521z,11.0,11.0,1.0,2.0,1.0,61fz0pmkmrp1z5vo,FANTRAX,FANTRAX,FANTRAX,0.0174954924732446,0.0429679490625858,0.0604634415358304,James Justin
soccerdata:sofascore:16363266,FTX-06ZBX,leeds_united,brentford,401073,7.04,3421,CM,,True,1.0,3,0,3,2.0,4,2.0,6,4,1,7,0,1,1,0,2,39,20,observed_or_derived,False,HOME,2026-08-30,mgr:fa5d385e34dc,Daniel Farke,2,EXACT_PLAYER_PERIOD_DETAILED,EXACT_PLAYER_MATCH,9.0,9.0,0.0,7,1,4.0,0.0,0,WHOSCORED_SOURCE_SPECIFIC,WHOSCORED_DERIVED_VALIDATED,WHOSCORED_SOURCE_SPECIFIC,WHOSCORED_DERIVED_VALIDATED,WHOSCORED_SOURCE_SPECIFIC,06zbx,9.0,9.0,1.0,2.0,2.0,2dxfjlk0mrp1z5vo,FANTRAX,FANTRAX,FANTRAX,0.059730265289545,0.0250732135027647,0.0848034787923096,Anton Stach
soccerdata:sofascore:16363266,FTX-04LAV,leeds_united,brentford,322418,6.81,3421,CM,,True,1.0,0,0,3,1.0,2,2.0,2,3,0,1,0,1,0,0,1,46,35,observed_or_derived,False,HOME,2026-08-30,mgr:fa5d385e34dc,Daniel Farke,2,EXACT_PLAYER_PERIOD_DETAILED,EXACT_PLAYER_MATCH,8.0,8.0,0.0,1,1,2.0,0.0,0,WHOSCORED_SOURCE_SPECIFIC,WHOSCORED_DERIVED_VALIDATED,WHOSCORED_SOURCE_SPECIFIC,WHOSCORED_DERIVED_VALIDATED,WHOSCORED_SOURCE_SPECIFIC,04lav,8.0,8.0,1.0,1.0,2.0,rx9bjhp3mrp1z5vo,FANTRAX,FANTRAX,FANTRAX,0.0133677246049046,0.0393981784582138,0.0527659030631184,Ethan Ampadu
soccerdata:sofascore:16363266,FTX-070CJ,leeds_united,brentford,376090,6.35,3421,CAM,,True,0.0,5,1,1,1.0,1,0.0,1,0,0,4,0,2,2,0,1,20,12,observed_or_derived,False,HOME,2026-08-30,mgr:fa5d385e34dc,Daniel Farke,2,EXACT_PLAYER_PERIOD_DETAILED,EXACT_PLAYER_MATCH,4.0,4.0,0.0,4,1,1.0,1.0,0,WHOSCORED_SOURCE_SPECIFIC,WHOSCORED_DERIVED_VALIDATED,WHOSCORED_SOURCE_SPECIFIC,WHOSCORED_DERIVED_VALIDATED,WHOSCORED_SOURCE_SPECIFIC,070cj,4.0,4.0,0.0,1.0,0.0,qwkltl98mrp1z5vp,FANTRAX,FANTRAX,FANTRAX,0.0780966356396675,0.0,0.0780966356396675,Noah Okafor
soccerdata:sofascore:16363266,FTX-061VP,leeds_united,brentford,371012,5.98,3421,CAM,,True,0.0,2,0,1,0.0,1,0.0,1,1,1,0,0,0,0,0,1,5,4,observed_or_derived,False,HOME,2026-08-30,mgr:fa5d385e34dc,Daniel Farke,2,NO_DETAILED_FANTRAX_ROW,EXACT_PLAYER_MATCH,1.5,,0.0,0,0,1.0,1.0,0,WHOSCORED_SOURCE_SPECIFIC,WHOSCORED_DERIVED_VALIDATED,WHOSCORED_SOURCE_SPECIFIC,WHOSCORED_DERIVED_VALIDATED,WHOSCORED_SOURCE_SPECIFIC,061vp,1.5,,0.0,,,,WHOSCORED_CURRENT_OBSERVED,WHOSCORED_CURRENT_OBSERVED,WHOSCORED_CURRENT_OBSERVED,0.0,0.0,0.0,Brenden Aaronson
soccerdata:sofascore:16363266,FTX-049TQ,leeds_united,brentford,141469,7.47,3421,ST,,True,0.0,1,0,13,7.0,0,0.0,4,1,0,1,0,1,1,1,3,14,8,observed_or_derived,False,HOME,2026-08-30,mgr:fa5d385e34dc,Daniel Farke,2,EXACT_PLAYER_PERIOD_DETAILED,EXACT_PLAYER_MATCH,16.0,7.0,0.0,0,0,0.0,0.0,0,WHOSCORED_SOURCE_SPECIFIC,WHOSCORED_DERIVED_VALIDATED,WHOSCORED_SOURCE_SPECIFIC,WHOSCORED_DERIVED_VALIDATED,WHOSCORED_SOURCE_SPECIFIC,049tq,16.0,7.0,0.0,7.0,0.0,aup99ojzmrp1z5vp,FANTRAX,FANTRAX,FANTRAX,0.7724223732948303,0.0,0.7724223732948303,Dominic Calvert-Lewin
soccerdata:sofascore:16363266,FTX-04LNU,leeds_united,brentford,347340,6.64,3421,,,False,2.0,3,1,1,0.0,0,0.0,0,1,0,2,0,1,0,0,1,5,2,observed_or_derived,False,HOME,2026-08-30,mgr:fa5d385e34dc,Daniel Farke,2,NO_DETAILED_FANTRAX_ROW,EXACT_PLAYER_MATCH,11.0,,0.0,2,0,0.0,0.0,0,WHOSCORED_SOURCE_SPECIFIC,WHOSCORED_DERIVED_VALIDATED,WHOSCORED_SOURCE_SPECIFIC,WHOSCORED_DERIVED_VALIDATED,WHOSCORED_SOURCE_SPECIFIC,04lnu,11.0,,2.0,,,,WHOSCORED_CURRENT_OBSERVED,WHOSCORED_CURRENT_OBSERVED,WHOSCORED_CURRENT_OBSERVED,0.0393981784582138,0.8600444793701172,0.899442657828331,Lukas Nmecha
soccerdata:sofascore:16363266,FTX-06UZY,leeds_united,brentford,423347,6.86,3421,,,False,0.0,1,1,2,1.0,3,0.0,4,3,0,0,0,0,0,0,0,26,22,observed_or_derived,False,HOME,2026-08-30,mgr:fa5d385e34dc,Daniel Farke,2,NO_DETAILED_FANTRAX_ROW,EXACT_PLAYER_MATCH,4.5,,0.0,0,0,3.0,0.0,0,WHOSCORED_SOURCE_SPECIFIC,WHOSCORED_DERIVED_VALIDATED,WHOSCORED_SOURCE_SPECIFIC,WHOSCORED_DERIVED_VALIDATED,WHOSCORED_SOURCE_SPECIFIC,06uzy,4.5,,0.0,,,,WHOSCORED_CURRENT_OBSERVED,WHOSCORED_CURRENT_OBSERVED,WHOSCORED_CURRENT_OBSERVED,0.0,0.0,0.0,Ao Tanaka
soccerdata:sofascore:16363266,FTX-078WO,leeds_united,brentford,243534,6.51,3421,,,False,0.0,1,0,1,0.0,1,1.0,3,4,0,0,0,0,0,0,2,39,35,observed_or_derived,False,HOME,2026-08-30,mgr:fa5d385e34dc,Daniel Farke,2,NO_DETAILED_FANTRAX_ROW,UNRESOLVED,3.5,,0.0,0,0,1.0,1.0,0,WHOSCORED_SOURCE_SPECIFIC,WHOSCORED_DERIVED_VALIDATED,WHOSCORED_SOURCE_SPECIFIC,WHOSCORED_DERIVED_VALIDATED,WHOSCORED_SOURCE_SPECIFIC,078wo,3.5,,,,,,WHOSCORED_CURRENT_OBSERVED,WHOSCORED_CURRENT_OBSERVED,WHOSCORED_CURRENT_OBSERVED,,,,Nico Elvedi
soccerdata:sofascore:16363266,FTX-03RXS,leeds_united,brentford,333044,6.64,3421,,,False,1.0,1,1,0,0.0,1,2.0,0,3,0,3,0,1,1,0,1,18,14,observed_or_derived,False,HOME,2026-08-30,mgr:fa5d385e34dc,Daniel Farke,2,EXACT_PLAYER_PERIOD_DETAILED,EXACT_PLAYER_MATCH,4.5,4.5,0.0,3,0,1.0,0.0,0,WHOSCORED_SOURCE_SPECIFIC,WHOSCORED_DERIVED_VALIDATED,WHOSCORED_SOURCE_SPECIFIC,WHOSCORED_DERIVED_VALIDATED,WHOSCORED_SOURCE_SPECIFIC,03rxs,4.5,4.5,1.0,0.0,2.0,61fz0pmkmrp1z5vo,FANTRAX,FANTRAX,FANTRAX,0.0126873375847935,0.0314671769738197,0.0441545145586131,Harry Wilson
soccerdata:sofascore:16363266,FTX-03YR0,leeds_united,brentford,302313,6.17,3421,,,False,0.0,3,1,1,0.0,0,0.0,0,2,0,2,0,4,2,0,0,8,5,observed_or_derived,False,HOME,2026-08-30,mgr:fa5d385e34dc,Daniel Farke,2,NO_DETAILED_FANTRAX_ROW,EXACT_PLAYER_MATCH,1.0,,0.0,2,0,0.0,0.0,0,WHOSCORED_SOURCE_SPECIFIC,WHOSCORED_DERIVED_VALIDATED,WHOSCORED_SOURCE_SPECIFIC,WHOSCORED_DERIVED_VALIDATED,WHOSCORED_SOURCE_SPECIFIC,03yr0,1.0,,0.0,,,,WHOSCORED_CURRENT_OBSERVED,WHOSCORED_CURRENT_OBSERVED,WHOSCORED_CURRENT_OBSERVED,0.187165156006813,0.0,0.187165156006813,Daniel James
soccerdata:sofascore:16363266,FTX-064A0,leeds_united,brentford,439636,,3421,,,False,0.0,0,0,0,0.0,0,0.0,0,0,0,0,0,0,0,0,0,0,0,observed_or_derived,False,HOME,2026-08-30,mgr:fa5d385e34dc,Daniel Farke,2,NO_DETAILED_FANTRAX_ROW,UNRESOLVED,0.0,,0.0,0,0,0.0,0.0,0,WHOSCORED_SOURCE_SPECIFIC,WHOSCORED_DERIVED_VALIDATED,WHOSCORED_SOURCE_SPECIFIC,WHOSCORED_DERIVED_VALIDATED,WHOSCORED_SOURCE_SPECIFIC,064a0,0.0,,,,,,WHOSCORED_CURRENT_OBSERVED,WHOSCORED_CURRENT_OBSERVED,WHOSCORED_CURRENT_OBSERVED,,,,Wilfried Gnonto
soccerdata:sofascore:16363266,FTX-06YB7,leeds_united,brentford,330549,,3421,,,False,0.0,0,0,0,0.0,0,0.0,0,0,0,0,0,0,0,0,0,0,0,observed_or_derived,False,HOME,2026-08-30,mgr:fa5d385e34dc,Daniel Farke,2,NO_DETAILED_FANTRAX_ROW,UNRESOLVED,0.0,,0.0,0,0,0.0,0.0,0,WHOSCORED_SOURCE_SPECIFIC,WHOSCORED_DERIVED_VALIDATED,WHOSCORED_SOURCE_SPECIFIC,WHOSCORED_DERIVED_VALIDATED,WHOSCORED_SOURCE_SPECIFIC,06yb7,0.0,,,,,,WHOSCORED_CURRENT_OBSERVED,WHOSCORED_CURRENT_OBSERVED,WHOSCORED_CURRENT_OBSERVED,,,,Gabriel Gudmundsson
soccerdata:sofascore:16363266,FTX-04UG0,leeds_united,brentford,342811,,3421,,,False,0.0,0,0,0,0.0,0,0.0,0,0,0,0,0,0,0,0,0,0,0,observed_or_derived,False,HOME,2026-08-30,mgr:fa5d385e34dc,Daniel Farke,2,NO_DETAILED_FANTRAX_ROW,UNRESOLVED,0.0,,0.0,0,0,0.0,0.0,0,WHOSCORED_SOURCE_SPECIFIC,WHOSCORED_DERIVED_VALIDATED,WHOSCORED_SOURCE_SPECIFIC,WHOSCORED_DERIVED_VALIDATED,WHOSCORED_SOURCE_SPECIFIC,04ug0,0.0,,,,,,WHOSCORED_CURRENT_OBSERVED,WHOSCORED_CURRENT_OBSERVED,WHOSCORED_CURRENT_OBSERVED,,,,Sean Longstaff
soccerdata:sofascore:16363266,pr_a7f555b4c4cafa75,leeds_united,brentford,105164,,3421,,,False,0.0,0,0,0,0.0,0,0.0,0,0,0,0,0,0,0,0,0,0,0,observed_or_derived,False,HOME,2026-08-30,mgr:fa5d385e34dc,Daniel Farke,2,NO_DETAILED_FANTRAX_ROW,UNRESOLVED,0.0,,0.0,0,0,0.0,0.0,0,WHOSCORED_SOURCE_SPECIFIC,WHOSCORED_DERIVED_VALIDATED,WHOSCORED_SOURCE_SPECIFIC,WHOSCORED_DERIVED_VALIDATED,WHOSCORED_SOURCE_SPECIFIC,06uzw,0.0,,,,,,WHOSCORED_CURRENT_OBSERVED,WHOSCORED_CURRENT_OBSERVED,WHOSCORED_CURRENT_OBSERVED,,,,Alex Cairns
soccerdata:sofascore:16363266,FTX-045OB,brentford,leeds_united,322176,6.33,4231,GK,,True,0.0,0,0,0,0.0,0,0.0,1,1,0,0,0,0,0,0,0,37,28,observed_or_derived,False,AWAY,2026-08-30,mgr:5f487ee40c90,Keith Andrews,2,EXACT_PLAYER_PERIOD_DETAILED,EXACT_PLAYER_MATCH,4.0,4.0,0.0,0,0,0.0,0.0,0,WHOSCORED_SOURCE_SPECIFIC,WHOSCORED_DERIVED_VALIDATED,WHOSCORED_SOURCE_SPECIFIC,WHOSCORED_DERIVED_VALIDATED,WHOSCORED_SOURCE_SPECIFIC,045ob,4.0,4.0,0.0,0.0,0.0,w2mnqywumrp1z5vp,FANTRAX,FANTRAX,FANTRAX,0.0,0.0,0.0,Caoimhín Kelleher
soccerdata:sofascore:16363266,FTX-06RGG,brentford,leeds_united,470031,6.67,4231,RB,,True,1.0,3,2,2,0.0,1,0.0,2,4,0,4,0,1,1,0,3,40,28,observed_or_derived,False,AWAY,2026-08-30,mgr:5f487ee40c90,Keith Andrews,2,EXACT_PLAYER_PERIOD_DETAILED,EXACT_PLAYER_MATCH,7.5,7.5,0.0,4,1,1.0,1.0,0,WHOSCORED_SOURCE_SPECIFIC,WHOSCORED_DERIVED_VALIDATED,WHOSCORED_SOURCE_SPECIFIC,WHOSCORED_DERIVED_VALIDATED,WHOSCORED_SOURCE_SPECIFIC,06rgg,7.5,7.5,1.0,0.0,0.0,w2mnqywumrp1z5vp,FANTRAX,FANTRAX,FANTRAX,0.0229633934795856,0.0581752881407737,0.0811386816203593,Michael Kayode
soccerdata:sofascore:16363266,FTX-05U1M,brentford,leeds_united,372724,7.62,4231,CB,,True,0.0,0,0,8,4.0,2,2.0,10,8,0,1,0,3,3,0,4,55,44,observed_or_derived,False,AWAY,2026-08-30,mgr:5f487ee40c90,Keith Andrews,2,EXACT_PLAYER_PERIOD_DETAILED,EXACT_PLAYER_MATCH,12.5,12.5,0.0,0,0,2.0,2.0,0,WHOSCORED_SOURCE_SPECIFIC,WHOSCORED_DERIVED_VALIDATED,WHOSCORED_SOURCE_SPECIFIC,WHOSCORED_DERIVED_VALIDATED,WHOSCORED_SOURCE_SPECIFIC,05u1m,12.5,12.5,0.0,4.0,2.0,61fz0pmkmrp1z5vo,FANTRAX,FANTRAX,FANTRAX,0.1036474779248237,0.0168210435658693,0.120468521490693,Nathan Collins
soccerdata:sofascore:16363266,FTX-05UEL,brentford,leeds_united,321085,7.1,4231,CB,,True,2.0,0,0,7,4.0,0,0.0,15,2,0,0,0,0,0,0,1,32,25,observed_or_derived,False,AWAY,2026-08-30,mgr:5f487ee40c90,Keith Andrews,2,EXACT_PLAYER_PERIOD_DETAILED,EXACT_PLAYER_MATCH,15.5,15.5,0.0,0,0,0.0,0.0,0,WHOSCORED_SOURCE_SPECIFIC,WHOSCORED_DERIVED_VALIDATED,WHOSCORED_SOURCE_SPECIFIC,WHOSCORED_DERIVED_VALIDATED,WHOSCORED_SOURCE_SPECIFIC,05uel,15.5,15.5,2.0,4.0,0.0,aup99ojzmrp1z5vp,FANTRAX,FANTRAX,FANTRAX,0.0,0.0529738068580627,0.0529738068580627,Kristoffer Ajer
soccerdata:sofascore:16363266,FTX-062P3,brentford,leeds_united,368512,7.09,4231,LB,,True,2.0,1,0,4,0.0,2,0.0,2,6,0,6,0,1,1,0,1,59,46,observed_or_derived,False,AWAY,2026-08-30,mgr:5f487ee40c90,Keith Andrews,2,EXACT_PLAYER_PERIOD_DETAILED,EXACT_PLAYER_MATCH,16.0,9.0,0.0,6,2,2.0,2.0,1,WHOSCORED_SOURCE_SPECIFIC,WHOSCORED_DERIVED_VALIDATED,WHOSCORED_SOURCE_SPECIFIC,WHOSCORED_DERIVED_VALIDATED,WHOSCORED_SOURCE_SPECIFIC,062p3,16.0,9.0,2.0,0.0,0.0,2dxfjlk0mrp1z5vo,FANTRAX,FANTRAX,FANTRAX,0.0110522853210568,0.1508349925279617,0.1618872778490185,Keane Lewis-Potter
soccerdata:sofascore:16363266,FTX-05TRE,brentford,leeds_united,298689,7.18,4231,DM,,True,2.0,0,0,2,2.0,3,4.0,1,2,2,4,0,0,0,0,1,52,44,observed_or_derived,False,AWAY,2026-08-30,mgr:5f487ee40c90,Keith Andrews,2,EXACT_PLAYER_PERIOD_DETAILED,EXACT_PLAYER_MATCH,9.5,9.5,0.0,4,2,3.0,1.0,0,WHOSCORED_SOURCE_SPECIFIC,WHOSCORED_DERIVED_VALIDATED,WHOSCORED_SOURCE_SPECIFIC,WHOSCORED_DERIVED_VALIDATED,WHOSCORED_SOURCE_SPECIFIC,05tre,9.5,9.5,2.0,2.0,4.0,w2mnqywumrp1z5vp,FANTRAX,FANTRAX,FANTRAX,0.0,0.0470247045159339,0.0470247045159339,Vitaly Janelt
soccerdata:sofascore:16363266,FTX-07877,brentford,leeds_united,442971,7.22,4231,DM,,True,2.0,2,1,3,1.0,4,3.0,1,5,0,1,0,3,2,0,2,57,42,observed_or_derived,False,AWAY,2026-08-30,mgr:5f487ee40c90,Keith Andrews,2,EXACT_PLAYER_PERIOD_DETAILED,EXACT_PLAYER_MATCH,11.5,11.5,0.0,1,0,4.0,3.0,0,WHOSCORED_SOURCE_SPECIFIC,WHOSCORED_DERIVED_VALIDATED,WHOSCORED_SOURCE_SPECIFIC,WHOSCORED_DERIVED_VALIDATED,WHOSCORED_SOURCE_SPECIFIC,07877,11.5,11.5,2.0,1.0,3.0,h2e8dn5dmrp1z5vp,FANTRAX,FANTRAX,FANTRAX,0.2048128396272659,0.0601701512932777,0.2649829909205436,Mamadou Sangaré
soccerdata:sofascore:16363266,FTX-061VK,brentford,leeds_united,400610,6.41,4231,RW,,True,2.0,1,0,2,2.0,0,0.0,0,1,3,2,0,2,2,0,2,20,14,observed_or_derived,False,AWAY,2026-08-30,mgr:5f487ee40c90,Keith Andrews,2,EXACT_PLAYER_PERIOD_DETAILED,EXACT_PLAYER_MATCH,4.0,3.0,0.0,2,1,0.0,0.0,0,WHOSCORED_SOURCE_SPECIFIC,WHOSCORED_DERIVED_VALIDATED,WHOSCORED_SOURCE_SPECIFIC,WHOSCORED_DERIVED_VALIDATED,WHOSCORED_SOURCE_SPECIFIC,061vk,4.0,3.0,2.0,2.0,0.0,hpsurdtbmrp1z5vo,FANTRAX,FANTRAX,FANTRAX,0.1057593002915382,0.0548278912901878,0.160587191581726,Jaidon Anthony
soccerdata:sofascore:16363266,FTX-063Q8,brentford,leeds_united,401168,6.87,4231,CAM,,True,2.0,2,1,1,0.0,2,1.0,1,5,0,6,0,2,1,0,0,46,37,observed_or_derived,False,AWAY,2026-08-30,mgr:5f487ee40c90,Keith Andrews,2,EXACT_PLAYER_PERIOD_DETAILED,EXACT_PLAYER_MATCH,11.0,10.0,0.0,6,1,2.0,1.0,0,WHOSCORED_SOURCE_SPECIFIC,WHOSCORED_DERIVED_VALIDATED,WHOSCORED_SOURCE_SPECIFIC,WHOSCORED_DERIVED_VALIDATED,WHOSCORED_SOURCE_SPECIFIC,063q8,11.0,10.0,2.0,0.0,1.0,cjn4stydmrp1z5vp,FANTRAX,FANTRAX,FANTRAX,0.0597379244863987,0.1420174539089203,0.2017553783953189,Mikkel Damsgaard
soccerdata:sofascore:16363266,FTX-067ZV,brentford,leeds_united,407260,7.38,4231,LW,,True,1.0,4,1,0,0.0,2,0.0,3,4,0,1,0,3,2,1,3,20,9,observed_or_derived,False,AWAY,2026-08-30,mgr:5f487ee40c90,Keith Andrews,2,EXACT_PLAYER_PERIOD_DETAILED,EXACT_PLAYER_MATCH,17.0,8.0,0.0,0,0,2.0,2.0,0,WHOSCORED_SOURCE_SPECIFIC,WHOSCORED_DERIVED_VALIDATED,WHOSCORED_SOURCE_SPECIFIC,WHOSCORED_DERIVED_VALIDATED,WHOSCORED_SOURCE_SPECIFIC,067zv,17.0,8.0,1.0,0.0,0.0,aup99ojzmrp1z5vp,FANTRAX,FANTRAX,FANTRAX,0.2593008875846863,0.076881006360054,0.3361818939447403,Kevin Schade
soccerdata:sofascore:16363266,FTX-06MN0,brentford,leeds_united,443784,6.38,4231,ST,,True,0.0,1,1,4,2.0,1,0.0,0,3,3,2,0,5,2,0,1,26,17,observed_or_derived,False,AWAY,2026-08-30,mgr:5f487ee40c90,Keith Andrews,2,EXACT_PLAYER_PERIOD_DETAILED,EXACT_PLAYER_MATCH,4.5,4.5,0.0,2,0,1.0,0.0,0,WHOSCORED_SOURCE_SPECIFIC,WHOSCORED_DERIVED_VALIDATED,WHOSCORED_SOURCE_SPECIFIC,WHOSCORED_DERIVED_VALIDATED,WHOSCORED_SOURCE_SPECIFIC,06mn0,4.5,4.5,0.0,2.0,0.0,qwkltl98mrp1z5vp,FANTRAX,FANTRAX,FANTRAX,0.8913663625717163,0.0,0.8913663625717163,Igor Thiago
soccerdata:sofascore:16363266,FTX-068LX,brentford,leeds_united,422183,7.23,4231,,,False,1.0,4,4,5,3.0,1,0.0,3,3,0,3,0,1,1,0,0,10,6,observed_or_derived,False,AWAY,2026-08-30,mgr:5f487ee40c90,Keith Andrews,2,EXACT_PLAYER_PERIOD_DETAILED,EXACT_PLAYER_MATCH,11.0,11.0,0.0,3,1,1.0,1.0,0,WHOSCORED_SOURCE_SPECIFIC,WHOSCORED_DERIVED_VALIDATED,WHOSCORED_SOURCE_SPECIFIC,WHOSCORED_DERIVED_VALIDATED,WHOSCORED_SOURCE_SPECIFIC,068lx,11.0,11.0,1.0,3.0,0.0,h2e8dn5dmrp1z5vp,FANTRAX,FANTRAX,FANTRAX,0.0147544490173459,0.2324966341257095,0.2472510831430554,Dango Ouattara
soccerdata:sofascore:16363266,FTX-03R8X,brentford,leeds_united,134115,5.95,4231,,,False,0.0,0,0,1,0.0,0,0.0,0,1,0,0,0,1,1,0,0,2,1,observed_or_derived,False,AWAY,2026-08-30,mgr:5f487ee40c90,Keith Andrews,2,NO_DETAILED_FANTRAX_ROW,EXACT_PLAYER_MATCH,-0.5,,0.0,0,0,0.0,0.0,0,WHOSCORED_SOURCE_SPECIFIC,WHOSCORED_DERIVED_VALIDATED,WHOSCORED_SOURCE_SPECIFIC,WHOSCORED_DERIVED_VALIDATED,WHOSCORED_SOURCE_SPECIFIC,03r8x,-0.5,,0.0,,,,WHOSCORED_CURRENT_OBSERVED,WHOSCORED_CURRENT_OBSERVED,WHOSCORED_CURRENT_OBSERVED,0.0666065290570259,0.0,0.0666065290570259,Callum Wilson
soccerdata:sofascore:16363266,FTX-05TQZ,brentford,leeds_united,229562,5.96,4231,,,False,0.0,0,0,0,0.0,0,0.0,0,0,0,0,0,0,0,0,0,1,0,observed_or_derived,False,AWAY,2026-08-30,mgr:5f487ee40c90,Keith Andrews,2,NO_DETAILED_FANTRAX_ROW,EXACT_PLAYER_MATCH,0.0,,0.0,0,0,0.0,0.0,0,WHOSCORED_SOURCE_SPECIFIC,WHOSCORED_DERIVED_VALIDATED,WHOSCORED_SOURCE_SPECIFIC,WHOSCORED_DERIVED_VALIDATED,WHOSCORED_SOURCE_SPECIFIC,05tqz,0.0,,0.0,,,,WHOSCORED_CURRENT_OBSERVED,WHOSCORED_CURRENT_OBSERVED,WHOSCORED_CURRENT_OBSERVED,0.0,0.0,0.0,Rico Henry
soccerdata:sofascore:16363266,FTX-062OG,brentford,leeds_united,402367,6.22,4231,,,False,0.0,0,0,0,0.0,1,0.0,0,0,0,1,0,0,0,0,0,10,8,observed_or_derived,False,AWAY,2026-08-30,mgr:5f487ee40c90,Keith Andrews,2,NO_DETAILED_FANTRAX_ROW,EXACT_PLAYER_MATCH,2.0,,0.0,1,1,1.0,1.0,0,WHOSCORED_SOURCE_SPECIFIC,WHOSCORED_DERIVED_VALIDATED,WHOSCORED_SOURCE_SPECIFIC,WHOSCORED_DERIVED_VALIDATED,WHOSCORED_SOURCE_SPECIFIC,062og,2.0,,0.0,,,,WHOSCORED_CURRENT_OBSERVED,WHOSCORED_CURRENT_OBSERVED,WHOSCORED_CURRENT_OBSERVED,0.0,0.0,0.0,Aaron Hickey
soccerdata:sofascore:16363266,pr_3cf050eefa7ee764,brentford,leeds_united,444304,5.93,4231,,,False,1.0,0,0,0,0.0,0,0.0,0,0,0,1,0,0,0,0,0,13,11,observed_or_derived,False,AWAY,2026-08-30,mgr:5f487ee40c90,Keith Andrews,2,NO_DETAILED_FANTRAX_ROW,EXACT_PLAYER_MATCH,1.5,,0.0,1,0,0.0,0.0,0,WHOSCORED_SOURCE_SPECIFIC,WHOSCORED_DERIVED_VALIDATED,WHOSCORED_SOURCE_SPECIFIC,WHOSCORED_DERIVED_VALIDATED,WHOSCORED_SOURCE_SPECIFIC,066r9,1.5,,1.0,,,,WHOSCORED_CURRENT_OBSERVED,WHOSCORED_CURRENT_OBSERVED,WHOSCORED_CURRENT_OBSERVED,0.0,0.0229633934795856,0.0229633934795856,Yehor Yarmoliuk
soccerdata:sofascore:16363266,pr_85d6f7bc47e6aadc,brentford,leeds_united,533784,,4231,,,False,0.0,0,0,0,0.0,0,0.0,0,0,0,0,0,0,0,0,0,0,0,observed_or_derived,False,AWAY,2026-08-30,mgr:5f487ee40c90,Keith Andrews,2,NO_DETAILED_FANTRAX_ROW,UNRESOLVED,0.0,,0.0,0,0,0.0,0.0,0,WHOSCORED_SOURCE_SPECIFIC,WHOSCORED_DERIVED_VALIDATED,WHOSCORED_SOURCE_SPECIFIC,WHOSCORED_DERIVED_VALIDATED,WHOSCORED_SOURCE_SPECIFIC,076kc,0.0,,,,,,WHOSCORED_CURRENT_OBSERVED,WHOSCORED_CURRENT_OBSERVED,WHOSCORED_CURRENT_OBSERVED,,,,Jannik Schuster
soccerdata:sofascore:16363266,FTX-06JFE,brentford,leeds_united,412313,,4231,,,False,0.0,0,0,0,0.0,0,0.0,0,0,0,0,0,0,0,0,0,0,0,observed_or_derived,False,AWAY,2026-08-30,mgr:5f487ee40c90,Keith Andrews,2,NO_DETAILED_FANTRAX_ROW,UNRESOLVED,0.0,,0.0,0,0,0.0,0.0,0,WHOSCORED_SOURCE_SPECIFIC,WHOSCORED_DERIVED_VALIDATED,WHOSCORED_SOURCE_SPECIFIC,WHOSCORED_DERIVED_VALIDATED,WHOSCORED_SOURCE_SPECIFIC,06jfe,0.0,,,,,,WHOSCORED_CURRENT_OBSERVED,WHOSCORED_CURRENT_OBSERVED,WHOSCORED_CURRENT_OBSERVED,,,,Hákon Valdimarsson
soccerdata:sofascore:16363266,FTX-05OJF,brentford,leeds_united,401385,,4231,,,False,0.0,0,0,0,0.0,0,0.0,0,0,0,0,0,0,0,0,0,0,0,observed_or_derived,False,AWAY,2026-08-30,mgr:5f487ee40c90,Keith Andrews,2,NO_DETAILED_FANTRAX_ROW,UNRESOLVED,0.0,,0.0,0,0,0.0,0.0,0,WHOSCORED_SOURCE_SPECIFIC,WHOSCORED_DERIVED_VALIDATED,WHOSCORED_SOURCE_SPECIFIC,WHOSCORED_DERIVED_VALIDATED,WHOSCORED_SOURCE_SPECIFIC,05ojf,0.0,,,,,,WHOSCORED_CURRENT_OBSERVED,WHOSCORED_CURRENT_OBSERVED,WHOSCORED_CURRENT_OBSERVED,,,,Fábio Carvalho
soccerdata:sofascore:16363266,FTX-06YMU,brentford,leeds_united,479288,,4231,,,False,0.0,0,0,0,0.0,0,0.0,0,0,0,0,0,0,0,0,0,0,0,observed_or_derived,False,AWAY,2026-08-30,mgr:5f487ee40c90,Keith Andrews,2,NO_DETAILED_FANTRAX_ROW,UNRESOLVED,0.0,,0.0,0,0,0.0,0.0,0,WHOSCORED_SOURCE_SPECIFIC,WHOSCORED_DERIVED_VALIDATED,WHOSCORED_SOURCE_SPECIFIC,WHOSCORED_DERIVED_VALIDATED,WHOSCORED_SOURCE_SPECIFIC,06ymu,0.0,,,,,,WHOSCORED_CURRENT_OBSERVED,WHOSCORED_CURRENT_OBSERVED,WHOSCORED_CURRENT_OBSERVED,,,,El Hadji Malick Diouf
soccerdata:sofascore:16363253,FTX-070HL,manchester_united,ipswich_town,402184,6.72,4231,GK,,True,0.0,0,0,1,1.0,0,0.0,0,1,0,0,0,0,0,0,0,24,22,observed_or_derived,False,HOME,2026-08-30,mgr:3aa905054daf,Michael Carrick,2,NO_DETAILED_FANTRAX_ROW,EXACT_PLAYER_MATCH,5.5,,0.0,0,0,0.0,0.0,0,WHOSCORED_SOURCE_SPECIFIC,WHOSCORED_DERIVED_VALIDATED,WHOSCORED_SOURCE_SPECIFIC,WHOSCORED_DERIVED_VALIDATED,WHOSCORED_SOURCE_SPECIFIC,070hl,5.5,,0.0,,,,WHOSCORED_CURRENT_OBSERVED,WHOSCORED_CURRENT_OBSERVED,WHOSCORED_CURRENT_OBSERVED,0.0,0.0,0.0,Senne Lammens
soccerdata:sofascore:16363253,FTX-04QFZ,manchester_united,ipswich_town,353418,7.24,4231,RB,,True,3.0,1,1,1,0.0,0,2.0,2,1,1,5,0,4,2,0,0,41,34,observed_or_derived,False,HOME,2026-08-30,mgr:3aa905054daf,Michael Carrick,2,EXACT_PLAYER_PERIOD_DETAILED,EXACT_PLAYER_MATCH,14.0,14.0,0.0,5,2,0.0,0.0,0,WHOSCORED_SOURCE_SPECIFIC,WHOSCORED_DERIVED_VALIDATED,WHOSCORED_SOURCE_SPECIFIC,WHOSCORED_DERIVED_VALIDATED,WHOSCORED_SOURCE_SPECIFIC,04qfz,14.0,14.0,3.0,0.0,2.0,qwkltl98mrp1z5vp,FANTRAX,FANTRAX,FANTRAX,0.2269666939973831,0.4151757359504699,0.642142429947853,Diogo Dalot
soccerdata:sofascore:16363253,FTX-062PL,manchester_united,ipswich_town,340105,5.48,4231,CB,,True,0.0,0,0,4,3.0,0,0.0,1,6,0,1,0,1,0,0,0,92,83,observed_or_derived,False,HOME,2026-08-30,mgr:3aa905054daf,Michael Carrick,2,NO_DETAILED_FANTRAX_ROW,EXACT_PLAYER_MATCH,0.5,,0.0,0,0,0.0,0.0,0,WHOSCORED_SOURCE_SPECIFIC,WHOSCORED_DERIVED_VALIDATED,WHOSCORED_SOURCE_SPECIFIC,WHOSCORED_DERIVED_VALIDATED,WHOSCORED_SOURCE_SPECIFIC,062pl,0.5,,0.0,,,,WHOSCORED_CURRENT_OBSERVED,WHOSCORED_CURRENT_OBSERVED,WHOSCORED_CURRENT_OBSERVED,0.0149012766778469,0.0,0.0149012766778469,Lisandro Martínez
soccerdata:sofascore:16363253,FTX-03GU4,manchester_united,ipswich_town,99487,6.73,4231,CB,,True,0.0,0,0,4,4.0,1,3.0,1,4,1,0,0,1,0,0,3,43,39,observed_or_derived,False,HOME,2026-08-30,mgr:3aa905054daf,Michael Carrick,2,EXACT_PLAYER_PERIOD_DETAILED,EXACT_PLAYER_MATCH,12.5,5.5,0.0,0,0,1.0,0.0,0,WHOSCORED_SOURCE_SPECIFIC,WHOSCORED_DERIVED_VALIDATED,WHOSCORED_SOURCE_SPECIFIC,WHOSCORED_DERIVED_VALIDATED,WHOSCORED_SOURCE_SPECIFIC,03gu4,12.5,5.5,0.0,4.0,3.0,hpsurdtbmrp1z5vo,FANTRAX,FANTRAX,FANTRAX,0.0311234593391418,0.0,0.0311234593391418,Harry Maguire
soccerdata:sofascore:16363253,FTX-02OQ6,manchester_united,ipswich_town,118244,7.16,4231,LB,,True,0.0,1,0,1,2.0,4,2.0,3,2,1,1,0,0,0,0,1,51,46,observed_or_derived,False,HOME,2026-08-30,mgr:3aa905054daf,Michael Carrick,2,EXACT_PLAYER_PERIOD_DETAILED,EXACT_PLAYER_MATCH,7.0,7.0,0.0,0,0,4.0,2.0,0,WHOSCORED_SOURCE_SPECIFIC,WHOSCORED_DERIVED_VALIDATED,WHOSCORED_SOURCE_SPECIFIC,WHOSCORED_DERIVED_VALIDATED,WHOSCORED_SOURCE_SPECIFIC,02oq6,7.0,7.0,0.0,2.0,2.0,cjn4stydmrp1z5vp,FANTRAX,FANTRAX,FANTRAX,0.0,0.0,0.0,Luke Shaw
soccerdata:sofascore:16363253,FTX-04YO7,manchester_united,ipswich_town,136345,7.76,4231,DM,,True,4.0,2,1,1,1.0,2,2.0,2,7,2,0,0,3,3,0,3,72,66,observed_or_derived,False,HOME,2026-08-30,mgr:3aa905054daf,Michael Carrick,2,NO_DETAILED_FANTRAX_ROW,EXACT_PLAYER_MATCH,17.5,,0.0,0,0,2.0,1.0,0,WHOSCORED_SOURCE_SPECIFIC,WHOSCORED_DERIVED_VALIDATED,WHOSCORED_SOURCE_SPECIFIC,WHOSCORED_DERIVED_VALIDATED,WHOSCORED_SOURCE_SPECIFIC,04yo7,17.5,,4.0,,,,WHOSCORED_CURRENT_OBSERVED,WHOSCORED_CURRENT_OBSERVED,WHOSCORED_CURRENT_OBSERVED,0.1992319226264953,0.1643834859132766,0.3636154085397719,Youri Tielemans
soccerdata:sofascore:16363253,FTX-0666P,manchester_united,ipswich_town,460260,7.64,4231,DM,,True,0.0,5,4,1,0.0,3,2.0,0,10,1,0,1,3,3,0,2,51,46,observed_or_derived,False,HOME,2026-08-30,mgr:3aa905054daf,Michael Carrick,2,EXACT_PLAYER_PERIOD_DETAILED,EXACT_PLAYER_MATCH,8.0,8.0,0.0,0,0,3.0,2.0,0,WHOSCORED_SOURCE_SPECIFIC,WHOSCORED_DERIVED_VALIDATED,WHOSCORED_SOURCE_SPECIFIC,WHOSCORED_DERIVED_VALIDATED,WHOSCORED_SOURCE_SPECIFIC,0666p,8.0,8.0,0.0,0.0,2.0,ayk8m85amrp1z5vo,FANTRAX,FANTRAX,FANTRAX,0.1282787919044494,0.0,0.1282787919044494,Kobbie Mainoo
soccerdata:sofascore:16363253,FTX-05TRB,manchester_united,ipswich_town,353377,8.28,4231,RW,,True,3.0,3,0,2,1.0,3,0.0,0,2,0,5,0,5,4,1,2,30,25,observed_or_derived,False,HOME,2026-08-30,mgr:3aa905054daf,Michael Carrick,2,EXACT_PLAYER_PERIOD_DETAILED,EXACT_PLAYER_MATCH,25.5,10.5,0.0,5,2,3.0,2.0,0,WHOSCORED_SOURCE_SPECIFIC,WHOSCORED_DERIVED_VALIDATED,WHOSCORED_SOURCE_SPECIFIC,WHOSCORED_DERIVED_VALIDATED,WHOSCORED_SOURCE_SPECIFIC,05trb,25.5,10.5,3.0,1.0,0.0,w2mnqywumrp1z5vp,FANTRAX,FANTRAX,FANTRAX,1.452895164489746,0.3548664450645447,1.8077616095542908,Bryan Mbeumo
soccerdata:sofascore:16363253,FTX-05GCR,manchester_united,ipswich_town,123761,10.0,4231,CAM,,True,3.0,3,1,0,0.0,2,0.0,0,5,1,9,2,8,7,3,1,74,60,observed_or_derived,False,HOME,2026-08-30,mgr:3aa905054daf,Michael Carrick,2,EXACT_PLAYER_PERIOD_DETAILED,EXACT_PLAYER_MATCH,55.5,19.5,0.0,9,4,2.0,2.0,1,WHOSCORED_SOURCE_SPECIFIC,WHOSCORED_DERIVED_VALIDATED,WHOSCORED_SOURCE_SPECIFIC,WHOSCORED_DERIVED_VALIDATED,WHOSCORED_SOURCE_SPECIFIC,05gcr,55.5,19.5,3.0,0.0,0.0,h1vdt8ynmrp1z5vp,FANTRAX,FANTRAX,FANTRAX,2.206326484680176,0.453631728887558,2.6599582135677338,Bruno Fernandes
soccerdata:sofascore:16363253,FTX-03YBI,manchester_united,ipswich_town,300299,7.37,4231,LW,,True,3.0,4,2,0,0.0,3,0.0,0,3,2,3,0,4,2,0,2,34,24,observed_or_derived,False,HOME,2026-08-30,mgr:3aa905054daf,Michael Carrick,2,EXACT_PLAYER_PERIOD_DETAILED,EXACT_PLAYER_MATCH,13.0,13.0,0.0,3,0,3.0,1.0,0,WHOSCORED_SOURCE_SPECIFIC,WHOSCORED_DERIVED_VALIDATED,WHOSCORED_SOURCE_SPECIFIC,WHOSCORED_DERIVED_VALIDATED,WHOSCORED_SOURCE_SPECIFIC,03ybi,13.0,13.0,3.0,0.0,0.0,h1vdt8ynmrp1z5vp,FANTRAX,FANTRAX,FANTRAX,0.4156828224658966,0.0873288884758949,0.5030117109417915,Marcus Rashford
soccerdata:sofascore:16363253,FTX-067YZ,manchester_united,ipswich_town,362758,7.93,4231,ST,,True,2.0,1,0,2,0.0,0,0.0,0,2,0,1,1,2,1,0,3,22,19,observed_or_derived,False,HOME,2026-08-30,mgr:3aa905054daf,Michael Carrick,2,EXACT_PLAYER_PERIOD_DETAILED,EXACT_PLAYER_MATCH,19.5,7.5,0.0,1,0,0.0,0.0,1,WHOSCORED_SOURCE_SPECIFIC,WHOSCORED_DERIVED_VALIDATED,WHOSCORED_SOURCE_SPECIFIC,WHOSCORED_DERIVED_VALIDATED,WHOSCORED_SOURCE_SPECIFIC,067yz,19.5,7.5,2.0,0.0,0.0,ayk8m85amrp1z5vo,FANTRAX,FANTRAX,FANTRAX,0.1145733296871185,0.583937406539917,0.6985107362270355,Matheus Cunha
soccerdata:sofascore:16363253,FTX-068A0,manchester_united,ipswich_town,451236,6.23,4231,,,False,0.0,0,0,0,0.0,3,0.0,0,2,0,0,0,0,0,0,1,15,14,observed_or_derived,False,HOME,2026-08-30,mgr:3aa905054daf,Michael Carrick,2,NO_DETAILED_FANTRAX_ROW,EXACT_PLAYER_MATCH,0.0,,0.0,0,0,3.0,0.0,0,WHOSCORED_SOURCE_SPECIFIC,WHOSCORED_DERIVED_VALIDATED,WHOSCORED_SOURCE_SPECIFIC,WHOSCORED_DERIVED_VALIDATED,WHOSCORED_SOURCE_SPECIFIC,068a0,0.0,,0.0,,,,WHOSCORED_CURRENT_OBSERVED,WHOSCORED_CURRENT_OBSERVED,WHOSCORED_CURRENT_OBSERVED,0.0,0.0,0.0,Andrey Santos
soccerdata:sofascore:16363253,FTX-06RLJ,manchester_united,ipswich_town,495260,6.39,4231,,,False,1.0,0,0,1,1.0,1,0.0,1,0,0,0,0,2,1,0,0,6,5,observed_or_derived,False,HOME,2026-08-30,mgr:3aa905054daf,Michael Carrick,2,EXACT_PLAYER_PERIOD_DETAILED,EXACT_PLAYER_MATCH,6.5,6.5,0.0,0,0,1.0,1.0,0,WHOSCORED_SOURCE_SPECIFIC,WHOSCORED_DERIVED_VALIDATED,WHOSCORED_SOURCE_SPECIFIC,WHOSCORED_DERIVED_VALIDATED,WHOSCORED_SOURCE_SPECIFIC,06rlj,6.5,6.5,1.0,1.0,0.0,qwkltl98mrp1z5vp,FANTRAX,FANTRAX,FANTRAX,0.2854759097099304,0.0854562148451805,0.3709321245551109,Patrick Dorgu
soccerdata:sofascore:16363253,FTX-06MX0,manchester_united,ipswich_town,437299,6.19,4231,,,False,0.0,1,0,1,0.0,0,2.0,0,1,0,0,0,0,0,0,1,18,17,observed_or_derived,False,HOME,2026-08-30,mgr:3aa905054daf,Michael Carrick,2,NO_DETAILED_FANTRAX_ROW,EXACT_PLAYER_MATCH,2.0,,0.0,0,0,0.0,0.0,0,WHOSCORED_SOURCE_SPECIFIC,WHOSCORED_DERIVED_VALIDATED,WHOSCORED_SOURCE_SPECIFIC,WHOSCORED_DERIVED_VALIDATED,WHOSCORED_SOURCE_SPECIFIC,06mx0,2.0,,0.0,,,,WHOSCORED_CURRENT_OBSERVED,WHOSCORED_CURRENT_OBSERVED,WHOSCORED_CURRENT_OBSERVED,0.0,0.0,0.0,Leny Yoro
soccerdata:sofascore:16363253,FTX-06P4J,manchester_united,ipswich_town,349932,5.94,4231,,,False,0.0,1,0,2,0.0,0,0.0,0,0,1,0,0,0,0,0,0,19,19,observed_or_derived,False,HOME,2026-08-30,mgr:3aa905054daf,Michael Carrick,2,NO_DETAILED_FANTRAX_ROW,EXACT_PLAYER_MATCH,0.0,,0.0,0,0,0.0,0.0,0,WHOSCORED_SOURCE_SPECIFIC,WHOSCORED_DERIVED_VALIDATED,WHOSCORED_SOURCE_SPECIFIC,WHOSCORED_DERIVED_VALIDATED,WHOSCORED_SOURCE_SPECIFIC,06p4j,0.0,,0.0,,,,WHOSCORED_CURRENT_OBSERVED,WHOSCORED_CURRENT_OBSERVED,WHOSCORED_CURRENT_OBSERVED,0.0,0.0,0.0,Noussair Mazraoui
soccerdata:sofascore:16363253,FTX-06ZXY,manchester_united,ipswich_town,424191,6.05,4231,,,False,1.0,0,0,0,0.0,0,0.0,0,3,0,1,0,0,0,0,0,8,5,observed_or_derived,False,HOME,2026-08-30,mgr:3aa905054daf,Michael Carrick,2,EXACT_PLAYER_PERIOD_DETAILED,EXACT_PLAYER_MATCH,2.0,2.0,0.0,1,0,0.0,0.0,0,WHOSCORED_SOURCE_SPECIFIC,WHOSCORED_DERIVED_VALIDATED,WHOSCORED_SOURCE_SPECIFIC,WHOSCORED_DERIVED_VALIDATED,WHOSCORED_SOURCE_SPECIFIC,06zxy,2.0,2.0,1.0,0.0,0.0,h1vdt8ynmrp1z5vp,FANTRAX,FANTRAX,FANTRAX,0.0,0.0985427126288414,0.0985427126288414,Benjamin Sesko
soccerdata:sofascore:16363253,FTX-06MVE,manchester_united,ipswich_town,383956,,4231,,,False,0.0,0,0,0,0.0,0,0.0,0,0,0,0,0,0,0,0,0,0,0,observed_or_derived,False,HOME,2026-08-30,mgr:3aa905054daf,Michael Carrick,2,NO_DETAILED_FANTRAX_ROW,UNRESOLVED,0.0,,0.0,0,0,0.0,0.0,0,WHOSCORED_SOURCE_SPECIFIC,WHOSCORED_DERIVED_VALIDATED,WHOSCORED_SOURCE_SPECIFIC,WHOSCORED_DERIVED_VALIDATED,WHOSCORED_SOURCE_SPECIFIC,06mve,0.0,,,,,,WHOSCORED_CURRENT_OBSERVED,WHOSCORED_CURRENT_OBSERVED,WHOSCORED_CURRENT_OBSERVED,,,,Joshua Zirkzee
soccerdata:sofascore:16363253,FTX-03PIF,manchester_united,ipswich_town,70483,,4231,,,False,0.0,0,0,0,0.0,0,0.0,0,0,0,0,0,0,0,0,0,0,0,observed_or_derived,False,HOME,2026-08-30,mgr:3aa905054daf,Michael Carrick,2,NO_DETAILED_FANTRAX_ROW,UNRESOLVED,0.0,,0.0,0,0,0.0,0.0,0,WHOSCORED_SOURCE_SPECIFIC,WHOSCORED_DERIVED_VALIDATED,WHOSCORED_SOURCE_SPECIFIC,WHOSCORED_DERIVED_VALIDATED,WHOSCORED_SOURCE_SPECIFIC,03pif,0.0,,,,,,WHOSCORED_CURRENT_OBSERVED,WHOSCORED_CURRENT_OBSERVED,WHOSCORED_CURRENT_OBSERVED,,,,Karl Darlow
soccerdata:sofascore:16363253,FTX-06KQY,manchester_united,ipswich_town,517341,,4231,,,False,0.0,0,0,0,0.0,0,0.0,0,0,0,0,0,0,0,0,0,0,0,observed_or_derived,False,HOME,2026-08-30,mgr:3aa905054daf,Michael Carrick,2,NO_DETAILED_FANTRAX_ROW,UNRESOLVED,0.0,,0.0,0,0,0.0,0.0,0,WHOSCORED_SOURCE_SPECIFIC,WHOSCORED_DERIVED_VALIDATED,WHOSCORED_SOURCE_SPECIFIC,WHOSCORED_DERIVED_VALIDATED,WHOSCORED_SOURCE_SPECIFIC,06kqy,0.0,,,,,,WHOSCORED_CURRENT_OBSERVED,WHOSCORED_CURRENT_OBSERVED,WHOSCORED_CURRENT_OBSERVED,,,,Ayden Heaven
soccerdata:sofascore:16363253,FTX-06V0C,manchester_united,ipswich_town,563779,,4231,,,False,0.0,0,0,0,0.0,0,0.0,0,0,0,0,0,0,0,0,0,0,0,observed_or_derived,False,HOME,2026-08-30,mgr:3aa905054daf,Michael Carrick,2,NO_DETAILED_FANTRAX_ROW,UNRESOLVED,0.0,,0.0,0,0,0.0,0.0,0,WHOSCORED_SOURCE_SPECIFIC,WHOSCORED_DERIVED_VALIDATED,WHOSCORED_SOURCE_SPECIFIC,WHOSCORED_DERIVED_VALIDATED,WHOSCORED_SOURCE_SPECIFIC,06v0c,0.0,,,,,,WHOSCORED_CURRENT_OBSERVED,WHOSCORED_CURRENT_OBSERVED,WHOSCORED_CURRENT_OBSERVED,,,,Shea Lacey
soccerdata:sofascore:16363253,FTX-05UDS,ipswich_town,manchester_united,361867,6.94,4231,GK,,True,0.0,0,0,1,1.0,0,1.0,1,2,0,0,0,0,0,0,0,46,31,observed_or_derived,False,AWAY,2026-08-30,mgr:2e016582b3f8,Gary O'Neil,2,NO_DETAILED_FANTRAX_ROW,EXACT_PLAYER_MATCH,10.5,,0.0,0,0,0.0,0.0,0,WHOSCORED_SOURCE_SPECIFIC,WHOSCORED_DERIVED_VALIDATED,WHOSCORED_SOURCE_SPECIFIC,WHOSCORED_DERIVED_VALIDATED,WHOSCORED_SOURCE_SPECIFIC,05uds,10.5,,0.0,,,,WHOSCORED_CURRENT_OBSERVED,WHOSCORED_CURRENT_OBSERVED,WHOSCORED_CURRENT_OBSERVED,0.0,0.0,0.0,Kjell Scherpen
soccerdata:sofascore:16363253,pr_73bc3e2e40864d74,ipswich_town,manchester_united,362826,5.35,4231,RB,,True,0.0,1,0,2,1.0,0,0.0,1,2,1,1,0,1,0,0,3,43,37,observed_or_derived,False,AWAY,2026-08-30,mgr:2e016582b3f8,Gary O'Neil,2,NO_DETAILED_FANTRAX_ROW,UNRESOLVED,-6.5,,0.0,1,0,0.0,0.0,0,WHOSCORED_SOURCE_SPECIFIC,WHOSCORED_DERIVED_VALIDATED,WHOSCORED_SOURCE_SPECIFIC,WHOSCORED_DERIVED_VALIDATED,WHOSCORED_SOURCE_SPECIFIC,04gpx,-6.5,,,,,,WHOSCORED_CURRENT_OBSERVED,WHOSCORED_CURRENT_OBSERVED,WHOSCORED_CURRENT_OBSERVED,,,,Dara O'Shea
soccerdata:sofascore:16363253,FTX-04QOS,ipswich_town,manchester_united,300359,7.11,4231,CB,,True,0.0,2,2,2,1.0,0,2.0,5,4,0,0,0,0,0,0,1,42,42,observed_or_derived,False,AWAY,2026-08-30,mgr:2e016582b3f8,Gary O'Neil,2,NO_DETAILED_FANTRAX_ROW,EXACT_PLAYER_MATCH,4.5,,0.0,0,0,0.0,0.0,0,WHOSCORED_SOURCE_SPECIFIC,WHOSCORED_DERIVED_VALIDATED,WHOSCORED_SOURCE_SPECIFIC,WHOSCORED_DERIVED_VALIDATED,WHOSCORED_SOURCE_SPECIFIC,04qos,4.5,,0.0,,,,WHOSCORED_CURRENT_OBSERVED,WHOSCORED_CURRENT_OBSERVED,WHOSCORED_CURRENT_OBSERVED,0.0,0.0,0.0,Issa Diop
soccerdata:sofascore:16363253,pr_d98078d761abad72,ipswich_town,manchester_united,381161,5.02,4231,CB,,True,0.0,0,0,3,1.0,1,0.0,5,4,2,0,0,1,1,1,3,47,44,observed_or_derived,False,AWAY,2026-08-30,mgr:2e016582b3f8,Gary O'Neil,2,NO_DETAILED_FANTRAX_ROW,UNRESOLVED,-6.5,,0.0,0,0,1.0,1.0,0,WHOSCORED_SOURCE_SPECIFIC,WHOSCORED_DERIVED_VALIDATED,WHOSCORED_SOURCE_SPECIFIC,WHOSCORED_DERIVED_VALIDATED,WHOSCORED_SOURCE_SPECIFIC,06msc,-6.5,,,,,,WHOSCORED_CURRENT_OBSERVED,WHOSCORED_CURRENT_OBSERVED,WHOSCORED_CURRENT_OBSERVED,,,,Jacob Greaves
soccerdata:sofascore:16363253,pr_dbcdba8fad114b8d,ipswich_town,manchester_united,366211,6.55,4231,LB,,True,1.0,1,0,0,0.0,0,1.0,2,1,0,1,1,2,2,1,0,32,24,observed_or_derived,False,AWAY,2026-08-30,mgr:2e016582b3f8,Gary O'Neil,2,NO_DETAILED_FANTRAX_ROW,UNRESOLVED,10.0,,0.0,1,0,0.0,0.0,0,WHOSCORED_SOURCE_SPECIFIC,WHOSCORED_DERIVED_VALIDATED,WHOSCORED_SOURCE_SPECIFIC,WHOSCORED_DERIVED_VALIDATED,WHOSCORED_SOURCE_SPECIFIC,05nil,10.0,,,,,,WHOSCORED_CURRENT_OBSERVED,WHOSCORED_CURRENT_OBSERVED,WHOSCORED_CURRENT_OBSERVED,,,,Leif Davis
soccerdata:sofascore:16363253,pr_de140302e8752695,ipswich_town,manchester_united,417745,5.1,4231,DM,,True,1.0,0,0,0,0.0,1,0.0,2,4,0,1,0,0,0,0,0,30,22,observed_or_derived,False,AWAY,2026-08-30,mgr:2e016582b3f8,Gary O'Neil,2,NO_DETAILED_FANTRAX_ROW,UNRESOLVED,5.0,,0.0,1,0,1.0,0.0,0,WHOSCORED_SOURCE_SPECIFIC,WHOSCORED_DERIVED_VALIDATED,WHOSCORED_SOURCE_SPECIFIC,WHOSCORED_DERIVED_VALIDATED,WHOSCORED_SOURCE_SPECIFIC,076dv,5.0,,,,,,WHOSCORED_CURRENT_OBSERVED,WHOSCORED_CURRENT_OBSERVED,WHOSCORED_CURRENT_OBSERVED,,,,Marcelino Núñez
soccerdata:sofascore:16363253,FTX-068YT,ipswich_town,manchester_united,297395,6.28,4231,DM,,True,1.0,0,0,1,1.0,3,1.0,5,1,0,2,0,1,1,0,3,42,34,observed_or_derived,False,AWAY,2026-08-30,mgr:2e016582b3f8,Gary O'Neil,2,NO_DETAILED_FANTRAX_ROW,EXACT_PLAYER_MATCH,7.0,,0.0,2,0,3.0,2.0,0,WHOSCORED_SOURCE_SPECIFIC,WHOSCORED_DERIVED_VALIDATED,WHOSCORED_SOURCE_SPECIFIC,WHOSCORED_DERIVED_VALIDATED,WHOSCORED_SOURCE_SPECIFIC,068yt,7.0,,1.0,,,,WHOSCORED_CURRENT_OBSERVED,WHOSCORED_CURRENT_OBSERVED,WHOSCORED_CURRENT_OBSERVED,0.0379965938627719,0.0213083587586879,0.0593049526214597,Sasa Lukic
soccerdata:sofascore:16363253,FTX-06MGD,ipswich_town,manchester_united,430985,6.94,4231,RW,,True,3.0,9,3,0,0.0,1,0.0,1,2,0,4,1,0,0,0,1,19,12,observed_or_derived,False,AWAY,2026-08-30,mgr:2e016582b3f8,Gary O'Neil,2,EXACT_PLAYER_PERIOD_DETAILED,EXACT_PLAYER_MATCH,15.5,9.5,0.0,4,2,1.0,1.0,1,WHOSCORED_SOURCE_SPECIFIC,WHOSCORED_DERIVED_VALIDATED,WHOSCORED_SOURCE_SPECIFIC,WHOSCORED_DERIVED_VALIDATED,WHOSCORED_SOURCE_SPECIFIC,06mgd,15.5,9.5,3.0,0.0,0.0,qwkltl98mrp1z5vp,FANTRAX,FANTRAX,FANTRAX,0.0,0.6794887185096741,0.6794887185096741,Abdul Fatawu
soccerdata:sofascore:16363253,FTX-061XS,ipswich_town,manchester_united,417747,6.88,4231,CAM,,True,1.0,7,3,0,0.0,1,0.0,0,7,1,0,0,3,1,0,2,26,22,observed_or_derived,False,AWAY,2026-08-30,mgr:2e016582b3f8,Gary O'Neil,2,EXACT_PLAYER_PERIOD_DETAILED,EXACT_PLAYER_MATCH,12.5,6.5,0.0,0,0,1.0,1.0,1,WHOSCORED_SOURCE_SPECIFIC,WHOSCORED_DERIVED_VALIDATED,WHOSCORED_SOURCE_SPECIFIC,WHOSCORED_DERIVED_VALIDATED,WHOSCORED_SOURCE_SPECIFIC,061xs,12.5,6.5,1.0,0.0,0.0,h2e8dn5dmrp1z5vp,FANTRAX,FANTRAX,FANTRAX,0.550003170967102,0.4293347895145416,0.9793379604816436,Julio Enciso
soccerdata:sofascore:16363253,FTX-0784X,ipswich_town,manchester_united,377287,6.18,4231,LW,,True,0.0,1,0,1,1.0,1,0.0,3,1,4,0,0,1,1,0,1,11,9,observed_or_derived,False,AWAY,2026-08-30,mgr:2e016582b3f8,Gary O'Neil,2,EXACT_PLAYER_PERIOD_DETAILED,EXACT_PLAYER_MATCH,5.0,5.0,0.0,0,0,1.0,1.0,0,WHOSCORED_SOURCE_SPECIFIC,WHOSCORED_DERIVED_VALIDATED,WHOSCORED_SOURCE_SPECIFIC,WHOSCORED_DERIVED_VALIDATED,WHOSCORED_SOURCE_SPECIFIC,0784x,5.0,5.0,0.0,1.0,0.0,hpsurdtbmrp1z5vo,FANTRAX,FANTRAX,FANTRAX,0.1086564436554908,0.0,0.1086564436554908,Daizen Maeda
soccerdata:sofascore:16363253,FTX-0784W,ipswich_town,manchester_united,429556,6.16,4231,ST,,True,1.0,0,0,5,0.0,0,0.0,1,0,2,0,0,0,0,0,2,2,1,observed_or_derived,False,AWAY,2026-08-30,mgr:2e016582b3f8,Gary O'Neil,2,EXACT_PLAYER_PERIOD_DETAILED,EXACT_PLAYER_MATCH,2.0,2.0,0.0,0,0,0.0,0.0,0,WHOSCORED_SOURCE_SPECIFIC,WHOSCORED_DERIVED_VALIDATED,WHOSCORED_SOURCE_SPECIFIC,WHOSCORED_DERIVED_VALIDATED,WHOSCORED_SOURCE_SPECIFIC,0784w,2.0,2.0,1.0,0.0,0.0,2dxfjlk0mrp1z5vo,FANTRAX,FANTRAX,FANTRAX,0.0,0.5151225328445435,0.5151225328445435,Emersonn
soccerdata:sofascore:16363253,FTX-0793H,ipswich_town,manchester_united,299684,6.55,4231,,,False,1.0,1,0,1,1.0,1,2.0,0,3,0,0,0,0,0,0,2,31,25,observed_or_derived,False,AWAY,2026-08-30,mgr:2e016582b3f8,Gary O'Neil,2,NO_DETAILED_FANTRAX_ROW,EXACT_PLAYER_MATCH,5.5,,0.0,0,0,1.0,1.0,0,WHOSCORED_SOURCE_SPECIFIC,WHOSCORED_DERIVED_VALIDATED,WHOSCORED_SOURCE_SPECIFIC,WHOSCORED_DERIVED_VALIDATED,WHOSCORED_SOURCE_SPECIFIC,0793h,5.5,,1.0,,,,WHOSCORED_CURRENT_OBSERVED,WHOSCORED_CURRENT_OBSERVED,WHOSCORED_CURRENT_OBSERVED,0.0,0.0135723073035478,0.0135723073035478,Exequiel Palacios
soccerdata:sofascore:16363253,FTX-078T8,ipswich_town,manchester_united,433937,5.99,4231,,,False,0.0,0,0,0,0.0,0,0.0,0,1,1,0,0,0,0,0,0,12,11,observed_or_derived,False,AWAY,2026-08-30,mgr:2e016582b3f8,Gary O'Neil,2,NO_DETAILED_FANTRAX_ROW,UNRESOLVED,0.0,,0.0,0,0,0.0,0.0,0,WHOSCORED_SOURCE_SPECIFIC,WHOSCORED_DERIVED_VALIDATED,WHOSCORED_SOURCE_SPECIFIC,WHOSCORED_DERIVED_VALIDATED,WHOSCORED_SOURCE_SPECIFIC,078t8,0.0,,,,,,WHOSCORED_CURRENT_OBSERVED,WHOSCORED_CURRENT_OBSERVED,WHOSCORED_CURRENT_OBSERVED,,,,Abdoul Ouattara
soccerdata:sofascore:16363253,pr_38a5cdff82d6e88f,ipswich_town,manchester_united,429531,6.1,4231,,,False,0.0,1,0,0,0.0,0,0.0,0,1,0,0,0,0,0,0,0,3,3,observed_or_derived,False,AWAY,2026-08-30,mgr:2e016582b3f8,Gary O'Neil,2,NO_DETAILED_FANTRAX_ROW,UNRESOLVED,0.0,,0.0,0,0,0.0,0.0,0,WHOSCORED_SOURCE_SPECIFIC,WHOSCORED_DERIVED_VALIDATED,WHOSCORED_SOURCE_SPECIFIC,WHOSCORED_DERIVED_VALIDATED,WHOSCORED_SOURCE_SPECIFIC,05y55,0.0,,,,,,WHOSCORED_CURRENT_OBSERVED,WHOSCORED_CURRENT_OBSERVED,WHOSCORED_CURRENT_OBSERVED,,,,Kasey McAteer
soccerdata:sofascore:16363253,pr_e4171337541c201c,ipswich_town,manchester_united,122294,6.41,4231,,,False,0.0,1,0,2,0.0,0,0.0,0,0,1,0,0,1,1,1,1,6,4,observed_or_derived,False,AWAY,2026-08-30,mgr:2e016582b3f8,Gary O'Neil,2,NO_DETAILED_FANTRAX_ROW,UNRESOLVED,11.0,,0.0,0,0,0.0,0.0,0,WHOSCORED_SOURCE_SPECIFIC,WHOSCORED_DERIVED_VALIDATED,WHOSCORED_SOURCE_SPECIFIC,WHOSCORED_DERIVED_VALIDATED,WHOSCORED_SOURCE_SPECIFIC,0326x,11.0,,,,,,WHOSCORED_CURRENT_OBSERVED,WHOSCORED_CURRENT_OBSERVED,WHOSCORED_CURRENT_OBSERVED,,,,Chuba Akpom
soccerdata:sofascore:16363253,pr_e3de58b125594a8f,ipswich_town,manchester_united,262401,6.4,4231,,,False,0.0,0,0,3,2.0,1,1.0,1,0,0,0,0,0,0,0,0,15,11,observed_or_derived,False,AWAY,2026-08-30,mgr:2e016582b3f8,Gary O'Neil,2,NO_DETAILED_FANTRAX_ROW,UNRESOLVED,3.5,,0.0,0,0,1.0,0.0,0,WHOSCORED_SOURCE_SPECIFIC,WHOSCORED_DERIVED_VALIDATED,WHOSCORED_SOURCE_SPECIFIC,WHOSCORED_DERIVED_VALIDATED,WHOSCORED_SOURCE_SPECIFIC,03mga,3.5,,,,,,WHOSCORED_CURRENT_OBSERVED,WHOSCORED_CURRENT_OBSERVED,WHOSCORED_CURRENT_OBSERVED,,,,Darnell Furlong
soccerdata:sofascore:16363253,pr_a0302c0007a9a423,ipswich_town,manchester_united,361329,,4231,,,False,0.0,0,0,0,0.0,0,0.0,0,0,0,0,0,0,0,0,0,0,0,observed_or_derived,False,AWAY,2026-08-30,mgr:2e016582b3f8,Gary O'Neil,2,NO_DETAILED_FANTRAX_ROW,UNRESOLVED,0.0,,0.0,0,0,0.0,0.0,0,WHOSCORED_SOURCE_SPECIFIC,WHOSCORED_DERIVED_VALIDATED,WHOSCORED_SOURCE_SPECIFIC,WHOSCORED_DERIVED_VALIDATED,WHOSCORED_SOURCE_SPECIFIC,05o6g,0.0,,,,,,WHOSCORED_CURRENT_OBSERVED,WHOSCORED_CURRENT_OBSERVED,WHOSCORED_CURRENT_OBSERVED,,,,Cédric Kipré
soccerdata:sofascore:16363253,pr_48d75cf5aacf5c68,ipswich_town,manchester_united,363516,,4231,,,False,0.0,0,0,0,0.0,0,0.0,0,0,0,0,0,0,0,0,0,0,0,observed_or_derived,False,AWAY,2026-08-30,mgr:2e016582b3f8,Gary O'Neil,2,NO_DETAILED_FANTRAX_ROW,UNRESOLVED,0.0,,0.0,0,0,0.0,0.0,0,WHOSCORED_SOURCE_SPECIFIC,WHOSCORED_DERIVED_VALIDATED,WHOSCORED_SOURCE_SPECIFIC,WHOSCORED_DERIVED_VALIDATED,WHOSCORED_SOURCE_SPECIFIC,05244,0.0,,,,,,WHOSCORED_CURRENT_OBSERVED,WHOSCORED_CURRENT_OBSERVED,WHOSCORED_CURRENT_OBSERVED,,,,Jack Clarke
soccerdata:sofascore:16363253,pr_2df31e153a51599c,ipswich_town,manchester_united,140906,,4231,,,False,0.0,0,0,0,0.0,0,0.0,0,0,0,0,0,0,0,0,0,0,0,observed_or_derived,False,AWAY,2026-08-30,mgr:2e016582b3f8,Gary O'Neil,2,NO_DETAILED_FANTRAX_ROW,UNRESOLVED,0.0,,0.0,0,0,0.0,0.0,0,WHOSCORED_SOURCE_SPECIFIC,WHOSCORED_DERIVED_VALIDATED,WHOSCORED_SOURCE_SPECIFIC,WHOSCORED_DERIVED_VALIDATED,WHOSCORED_SOURCE_SPECIFIC,04fjz,0.0,,,,,,WHOSCORED_CURRENT_OBSERVED,WHOSCORED_CURRENT_OBSERVED,WHOSCORED_CURRENT_OBSERVED,,,,Christian Walton
soccerdata:sofascore:16363253,pr_7443a348af1c9757,ipswich_town,manchester_united,426913,,4231,,,False,0.0,0,0,0,0.0,0,0.0,0,0,0,0,0,0,0,0,0,0,0,observed_or_derived,False,AWAY,2026-08-30,mgr:2e016582b3f8,Gary O'Neil,2,NO_DETAILED_FANTRAX_ROW,UNRESOLVED,0.0,,0.0,0,0,0.0,0.0,0,WHOSCORED_SOURCE_SPECIFIC,WHOSCORED_DERIVED_VALIDATED,WHOSCORED_SOURCE_SPECIFIC,WHOSCORED_DERIVED_VALIDATED,WHOSCORED_SOURCE_SPECIFIC,076dx,0.0,,,,,,WHOSCORED_CURRENT_OBSERVED,WHOSCORED_CURRENT_OBSERVED,WHOSCORED_CURRENT_OBSERVED,,,,Sindre Egeli
soccerdata:sofascore:16363261,FTX-05UDS,ipswich_town,liverpool,361867,6.44,4231,GK,,True,0.0,0,0,0,0.0,0,0.0,0,2,0,0,0,0,0,0,0,36,26,observed_or_derived,False,HOME,2026-09-04,mgr:2e016582b3f8,Gary O'Neil,3,NO_DETAILED_FANTRAX_ROW,EXACT_PLAYER_MATCH,8.0,,0.0,0,0,0.0,0.0,0,WHOSCORED_SOURCE_SPECIFIC,WHOSCORED_DERIVED_VALIDATED,WHOSCORED_SOURCE_SPECIFIC,WHOSCORED_DERIVED_VALIDATED,WHOSCORED_SOURCE_SPECIFIC,05uds,8.0,,0.0,,,,WHOSCORED_CURRENT_OBSERVED,WHOSCORED_CURRENT_OBSERVED,WHOSCORED_CURRENT_OBSERVED,0.0,0.0,0.0,Kjell Scherpen
soccerdata:sofascore:16363261,pr_73bc3e2e40864d74,ipswich_town,liverpool,362826,6.59,4231,RB,,True,0.0,0,0,3,2.0,3,1.0,7,3,0,1,0,0,0,0,1,43,29,observed_or_derived,False,HOME,2026-09-04,mgr:2e016582b3f8,Gary O'Neil,3,NO_DETAILED_FANTRAX_ROW,UNRESOLVED,6.5,,0.0,1,1,3.0,1.0,0,WHOSCORED_SOURCE_SPECIFIC,WHOSCORED_DERIVED_VALIDATED,WHOSCORED_SOURCE_SPECIFIC,WHOSCORED_DERIVED_VALIDATED,WHOSCORED_SOURCE_SPECIFIC,04gpx,6.5,,,,,,WHOSCORED_CURRENT_OBSERVED,WHOSCORED_CURRENT_OBSERVED,WHOSCORED_CURRENT_OBSERVED,,,,Dara O'Shea
soccerdata:sofascore:16363261,FTX-04QOS,ipswich_town,liverpool,300359,6.73,4231,CB,,True,1.0,0,0,1,1.0,2,1.0,8,2,1,0,0,0,0,0,0,54,47,observed_or_derived,False,HOME,2026-09-04,mgr:2e016582b3f8,Gary O'Neil,3,NO_DETAILED_FANTRAX_ROW,EXACT_PLAYER_MATCH,8.0,,0.0,0,0,2.0,2.0,0,WHOSCORED_SOURCE_SPECIFIC,WHOSCORED_DERIVED_VALIDATED,WHOSCORED_SOURCE_SPECIFIC,WHOSCORED_DERIVED_VALIDATED,WHOSCORED_SOURCE_SPECIFIC,04qos,8.0,,1.0,,,,WHOSCORED_CURRENT_OBSERVED,WHOSCORED_CURRENT_OBSERVED,WHOSCORED_CURRENT_OBSERVED,0.0,0.0284725446254014,0.0284725446254014,Issa Diop
soccerdata:sofascore:16363261,pr_d98078d761abad72,ipswich_town,liverpool,381161,6.22,4231,CB,,True,1.0,0,0,2,1.0,1,0.0,6,3,1,0,0,0,0,0,1,52,46,observed_or_derived,False,HOME,2026-09-04,mgr:2e016582b3f8,Gary O'Neil,3,NO_DETAILED_FANTRAX_ROW,UNRESOLVED,4.0,,0.0,0,0,1.0,0.0,0,WHOSCORED_SOURCE_SPECIFIC,WHOSCORED_DERIVED_VALIDATED,WHOSCORED_SOURCE_SPECIFIC,WHOSCORED_DERIVED_VALIDATED,WHOSCORED_SOURCE_SPECIFIC,06msc,4.0,,,,,,WHOSCORED_CURRENT_OBSERVED,WHOSCORED_CURRENT_OBSERVED,WHOSCORED_CURRENT_OBSERVED,,,,Jacob Greaves
soccerdata:sofascore:16363261,pr_dbcdba8fad114b8d,ipswich_town,liverpool,366211,6.27,4231,LB,,True,2.0,0,0,0,0.0,2,0.0,3,3,0,4,0,1,0,0,0,46,31,observed_or_derived,False,HOME,2026-09-04,mgr:2e016582b3f8,Gary O'Neil,3,NO_DETAILED_FANTRAX_ROW,UNRESOLVED,5.5,,0.0,4,0,2.0,1.0,0,WHOSCORED_SOURCE_SPECIFIC,WHOSCORED_DERIVED_VALIDATED,WHOSCORED_SOURCE_SPECIFIC,WHOSCORED_DERIVED_VALIDATED,WHOSCORED_SOURCE_SPECIFIC,05nil,5.5,,,,,,WHOSCORED_CURRENT_OBSERVED,WHOSCORED_CURRENT_OBSERVED,WHOSCORED_CURRENT_OBSERVED,,,,Leif Davis
soccerdata:sofascore:16363261,FTX-0793H,ipswich_town,liverpool,299684,6.76,4231,DM,,True,2.0,0,0,0,0.0,4,2.0,0,12,0,0,0,0,0,0,5,46,41,observed_or_derived,False,HOME,2026-09-04,mgr:2e016582b3f8,Gary O'Neil,3,EXACT_PLAYER_PERIOD_DETAILED,EXACT_PLAYER_MATCH,9.0,9.0,0.0,0,0,4.0,2.0,0,WHOSCORED_SOURCE_SPECIFIC,WHOSCORED_DERIVED_VALIDATED,WHOSCORED_SOURCE_SPECIFIC,WHOSCORED_DERIVED_VALIDATED,WHOSCORED_SOURCE_SPECIFIC,0793h,9.0,9.0,2.0,0.0,2.0,w2mnqywumrp1z5vp,FANTRAX,FANTRAX,FANTRAX,0.0,0.0915241912007331,0.0915241912007331,Exequiel Palacios
soccerdata:sofascore:16363261,FTX-068YT,ipswich_town,liverpool,297395,5.97,4231,DM,,True,1.0,0,0,2,0.0,1,1.0,0,2,1,3,0,0,0,0,2,68,61,observed_or_derived,False,HOME,2026-09-04,mgr:2e016582b3f8,Gary O'Neil,3,NO_DETAILED_FANTRAX_ROW,EXACT_PLAYER_MATCH,3.0,,0.0,3,0,1.0,0.0,0,WHOSCORED_SOURCE_SPECIFIC,WHOSCORED_DERIVED_VALIDATED,WHOSCORED_SOURCE_SPECIFIC,WHOSCORED_DERIVED_VALIDATED,WHOSCORED_SOURCE_SPECIFIC,068yt,3.0,,1.0,,,,WHOSCORED_CURRENT_OBSERVED,WHOSCORED_CURRENT_OBSERVED,WHOSCORED_CURRENT_OBSERVED,0.0,0.0139307305216789,0.0139307305216789,Sasa Lukic
soccerdata:sofascore:16363261,FTX-06MGD,ipswich_town,liverpool,430985,6.65,4231,RW,,True,2.0,6,1,2,2.0,2,1.0,1,2,0,6,0,2,0,0,3,23,14,observed_or_derived,False,HOME,2026-09-04,mgr:2e016582b3f8,Gary O'Neil,3,EXACT_PLAYER_PERIOD_DETAILED,EXACT_PLAYER_MATCH,12.0,12.0,0.0,6,3,2.0,2.0,0,WHOSCORED_SOURCE_SPECIFIC,WHOSCORED_DERIVED_VALIDATED,WHOSCORED_SOURCE_SPECIFIC,WHOSCORED_DERIVED_VALIDATED,WHOSCORED_SOURCE_SPECIFIC,06mgd,12.0,12.0,2.0,2.0,1.0,qwkltl98mrp1z5vp,FANTRAX,FANTRAX,FANTRAX,0.0343356132507324,0.1170676946640014,0.1514033079147338,Abdul Fatawu
soccerdata:sofascore:16363261,FTX-061XS,ipswich_town,liverpool,417747,6.24,4231,CAM,,True,2.0,5,0,1,0.0,0,2.0,0,3,0,0,0,6,4,0,2,36,33,observed_or_derived,False,HOME,2026-09-04,mgr:2e016582b3f8,Gary O'Neil,3,EXACT_PLAYER_PERIOD_DETAILED,EXACT_PLAYER_MATCH,6.0,6.0,0.0,0,0,0.0,0.0,0,WHOSCORED_SOURCE_SPECIFIC,WHOSCORED_DERIVED_VALIDATED,WHOSCORED_SOURCE_SPECIFIC,WHOSCORED_DERIVED_VALIDATED,WHOSCORED_SOURCE_SPECIFIC,061xs,6.0,6.0,2.0,0.0,2.0,h2e8dn5dmrp1z5vp,FANTRAX,FANTRAX,FANTRAX,0.2568165063858032,0.0343356132507324,0.2911521196365356,Julio Enciso
soccerdata:sofascore:16363261,FTX-0784X,ipswich_town,liverpool,377287,6.03,4231,LW,,True,0.0,1,0,4,0.0,2,0.0,2,1,0,1,0,1,1,0,1,8,6,observed_or_derived,False,HOME,2026-09-04,mgr:2e016582b3f8,Gary O'Neil,3,EXACT_PLAYER_PERIOD_DETAILED,EXACT_PLAYER_MATCH,3.5,3.5,0.0,1,0,2.0,1.0,0,WHOSCORED_SOURCE_SPECIFIC,WHOSCORED_DERIVED_VALIDATED,WHOSCORED_SOURCE_SPECIFIC,WHOSCORED_DERIVED_VALIDATED,WHOSCORED_SOURCE_SPECIFIC,0784x,3.5,3.5,0.0,0.0,0.0,hpsurdtbmrp1z5vo,FANTRAX,FANTRAX,FANTRAX,0.0598773099482059,0.0,0.0598773099482059,Daizen Maeda
soccerdata:sofascore:16363261,FTX-0784W,ipswich_town,liverpool,429556,6.11,4231,ST,,True,0.0,2,0,5,1.0,1,0.0,1,1,0,0,0,1,1,0,2,4,4,observed_or_derived,False,HOME,2026-09-04,mgr:2e016582b3f8,Gary O'Neil,3,EXACT_PLAYER_PERIOD_DETAILED,EXACT_PLAYER_MATCH,2.0,2.0,0.0,0,0,1.0,1.0,0,WHOSCORED_SOURCE_SPECIFIC,WHOSCORED_DERIVED_VALIDATED,WHOSCORED_SOURCE_SPECIFIC,WHOSCORED_DERIVED_VALIDATED,WHOSCORED_SOURCE_SPECIFIC,0784w,2.0,2.0,0.0,1.0,0.0,2dxfjlk0mrp1z5vo,FANTRAX,FANTRAX,FANTRAX,0.1079452708363533,0.0,0.1079452708363533,Emersonn
soccerdata:sofascore:16363261,FTX-078T8,ipswich_town,liverpool,433937,6.1,4231,,,False,1.0,0,0,1,0.0,0,0.0,0,2,0,0,0,0,0,0,0,25,25,observed_or_derived,False,HOME,2026-09-04,mgr:2e016582b3f8,Gary O'Neil,3,NO_DETAILED_FANTRAX_ROW,UNRESOLVED,2.0,,0.0,0,0,0.0,0.0,0,WHOSCORED_SOURCE_SPECIFIC,WHOSCORED_DERIVED_VALIDATED,WHOSCORED_SOURCE_SPECIFIC,WHOSCORED_DERIVED_VALIDATED,WHOSCORED_SOURCE_SPECIFIC,078t8,2.0,,,,,,WHOSCORED_CURRENT_OBSERVED,WHOSCORED_CURRENT_OBSERVED,WHOSCORED_CURRENT_OBSERVED,,,,Abdoul Ouattara
soccerdata:sofascore:16363261,FTX-06UZO,ipswich_town,liverpool,361694,6.25,4231,,,False,0.0,1,1,0,0.0,0,0.0,0,0,0,0,0,1,1,0,1,5,2,observed_or_derived,False,HOME,2026-09-04,mgr:2e016582b3f8,Gary O'Neil,3,NO_DETAILED_FANTRAX_ROW,UNRESOLVED,3.0,,0.0,0,0,0.0,0.0,0,WHOSCORED_SOURCE_SPECIFIC,WHOSCORED_DERIVED_VALIDATED,WHOSCORED_SOURCE_SPECIFIC,WHOSCORED_DERIVED_VALIDATED,WHOSCORED_SOURCE_SPECIFIC,06uzo,3.0,,,,,,WHOSCORED_CURRENT_OBSERVED,WHOSCORED_CURRENT_OBSERVED,WHOSCORED_CURRENT_OBSERVED,,,,Zian Flemming
soccerdata:sofascore:16363261,pr_38a5cdff82d6e88f,ipswich_town,liverpool,429531,6.16,4231,,,False,0.0,0,0,1,0.0,0,0.0,0,1,0,0,0,1,1,0,0,3,3,observed_or_derived,False,HOME,2026-09-04,mgr:2e016582b3f8,Gary O'Neil,3,NO_DETAILED_FANTRAX_ROW,UNRESOLVED,2.0,,0.0,0,0,0.0,0.0,0,WHOSCORED_SOURCE_SPECIFIC,WHOSCORED_DERIVED_VALIDATED,WHOSCORED_SOURCE_SPECIFIC,WHOSCORED_DERIVED_VALIDATED,WHOSCORED_SOURCE_SPECIFIC,05y55,2.0,,,,,,WHOSCORED_CURRENT_OBSERVED,WHOSCORED_CURRENT_OBSERVED,WHOSCORED_CURRENT_OBSERVED,,,,Kasey McAteer
soccerdata:sofascore:16363261,pr_48d75cf5aacf5c68,ipswich_town,liverpool,363516,6.11,4231,,,False,1.0,0,0,0,0.0,0,1.0,0,1,1,0,0,1,1,0,1,20,14,observed_or_derived,False,HOME,2026-09-04,mgr:2e016582b3f8,Gary O'Neil,3,NO_DETAILED_FANTRAX_ROW,UNRESOLVED,2.5,,0.0,0,0,0.0,0.0,0,WHOSCORED_SOURCE_SPECIFIC,WHOSCORED_DERIVED_VALIDATED,WHOSCORED_SOURCE_SPECIFIC,WHOSCORED_DERIVED_VALIDATED,WHOSCORED_SOURCE_SPECIFIC,05244,2.5,,,,,,WHOSCORED_CURRENT_OBSERVED,WHOSCORED_CURRENT_OBSERVED,WHOSCORED_CURRENT_OBSERVED,,,,Jack Clarke
soccerdata:sofascore:16363261,pr_de140302e8752695,ipswich_town,liverpool,417745,,4231,,,False,0.0,0,0,0,0.0,0,0.0,0,0,0,0,0,0,0,0,0,0,0,observed_or_derived,False,HOME,2026-09-04,mgr:2e016582b3f8,Gary O'Neil,3,NO_DETAILED_FANTRAX_ROW,UNRESOLVED,0.0,,0.0,0,0,0.0,0.0,0,WHOSCORED_SOURCE_SPECIFIC,WHOSCORED_DERIVED_VALIDATED,WHOSCORED_SOURCE_SPECIFIC,WHOSCORED_DERIVED_VALIDATED,WHOSCORED_SOURCE_SPECIFIC,076dv,0.0,,,,,,WHOSCORED_CURRENT_OBSERVED,WHOSCORED_CURRENT_OBSERVED,WHOSCORED_CURRENT_OBSERVED,,,,Marcelino Núñez
soccerdata:sofascore:16363261,pr_a0302c0007a9a423,ipswich_town,liverpool,361329,,4231,,,False,0.0,0,0,0,0.0,0,0.0,0,0,0,0,0,0,0,0,0,0,0,observed_or_derived,False,HOME,2026-09-04,mgr:2e016582b3f8,Gary O'Neil,3,NO_DETAILED_FANTRAX_ROW,UNRESOLVED,0.0,,0.0,0,0,0.0,0.0,0,WHOSCORED_SOURCE_SPECIFIC,WHOSCORED_DERIVED_VALIDATED,WHOSCORED_SOURCE_SPECIFIC,WHOSCORED_DERIVED_VALIDATED,WHOSCORED_SOURCE_SPECIFIC,05o6g,0.0,,,,,,WHOSCORED_CURRENT_OBSERVED,WHOSCORED_CURRENT_OBSERVED,WHOSCORED_CURRENT_OBSERVED,,,,Cédric Kipré
soccerdata:sofascore:16363261,FTX-070HA,ipswich_town,liverpool,369712,,4231,,,False,0.0,0,0,0,0.0,0,0.0,0,0,0,0,0,0,0,0,0,0,0,observed_or_derived,False,HOME,2026-09-04,mgr:2e016582b3f8,Gary O'Neil,3,NO_DETAILED_FANTRAX_ROW,UNRESOLVED,0.0,,0.0,0,0,0.0,0.0,0,WHOSCORED_SOURCE_SPECIFIC,WHOSCORED_DERIVED_VALIDATED,WHOSCORED_SOURCE_SPECIFIC,WHOSCORED_DERIVED_VALIDATED,WHOSCORED_SOURCE_SPECIFIC,070ha,0.0,,,,,,WHOSCORED_CURRENT_OBSERVED,WHOSCORED_CURRENT_OBSERVED,WHOSCORED_CURRENT_OBSERVED,,,,Florentino
soccerdata:sofascore:16363261,pr_2df31e153a51599c,ipswich_town,liverpool,140906,,4231,,,False,0.0,0,0,0,0.0,0,0.0,0,0,0,0,0,0,0,0,0,0,0,observed_or_derived,False,HOME,2026-09-04,mgr:2e016582b3f8,Gary O'Neil,3,NO_DETAILED_FANTRAX_ROW,UNRESOLVED,0.0,,0.0,0,0,0.0,0.0,0,WHOSCORED_SOURCE_SPECIFIC,WHOSCORED_DERIVED_VALIDATED,WHOSCORED_SOURCE_SPECIFIC,WHOSCORED_DERIVED_VALIDATED,WHOSCORED_SOURCE_SPECIFIC,04fjz,0.0,,,,,,WHOSCORED_CURRENT_OBSERVED,WHOSCORED_CURRENT_OBSERVED,WHOSCORED_CURRENT_OBSERVED,,,,Christian Walton
soccerdata:sofascore:16363261,pr_e3de58b125594a8f,ipswich_town,liverpool,262401,,4231,,,False,0.0,0,0,0,0.0,0,0.0,0,0,0,0,0,0,0,0,0,0,0,observed_or_derived,False,HOME,2026-09-04,mgr:2e016582b3f8,Gary O'Neil,3,NO_DETAILED_FANTRAX_ROW,UNRESOLVED,0.0,,0.0,0,0,0.0,0.0,0,WHOSCORED_SOURCE_SPECIFIC,WHOSCORED_DERIVED_VALIDATED,WHOSCORED_SOURCE_SPECIFIC,WHOSCORED_DERIVED_VALIDATED,WHOSCORED_SOURCE_SPECIFIC,03mga,0.0,,,,,,WHOSCORED_CURRENT_OBSERVED,WHOSCORED_CURRENT_OBSERVED,WHOSCORED_CURRENT_OBSERVED,,,,Darnell Furlong
soccerdata:sofascore:16363261,FTX-04SJT,liverpool,ipswich_town,114147,7.6,4231,GK,,True,0.0,0,0,0,0.0,0,0.0,1,1,0,0,0,0,0,0,0,46,37,observed_or_derived,False,AWAY,2026-09-04,mgr:b4b8eecb310f,Andoni Iraola,3,EXACT_PLAYER_PERIOD_DETAILED,EXACT_PLAYER_MATCH,17.0,11.0,0.0,0,0,0.0,0.0,0,WHOSCORED_SOURCE_SPECIFIC,WHOSCORED_DERIVED_VALIDATED,WHOSCORED_SOURCE_SPECIFIC,WHOSCORED_DERIVED_VALIDATED,WHOSCORED_SOURCE_SPECIFIC,04sjt,17.0,11.0,0.0,0.0,0.0,h1vdt8ynmrp1z5vp,FANTRAX,FANTRAX,FANTRAX,0.0,0.0,0.0,Alisson Becker
soccerdata:sofascore:16363261,FTX-078I7,liverpool,ipswich_town,384711,7.71,4231,RB,,True,0.0,2,2,6,6.0,1,0.0,10,1,2,3,0,0,0,0,0,43,33,observed_or_derived,False,AWAY,2026-09-04,mgr:b4b8eecb310f,Andoni Iraola,3,NO_DETAILED_FANTRAX_ROW,EXACT_PLAYER_MATCH,18.0,,0.0,2,0,1.0,0.0,0,WHOSCORED_SOURCE_SPECIFIC,WHOSCORED_DERIVED_VALIDATED,WHOSCORED_SOURCE_SPECIFIC,WHOSCORED_DERIVED_VALIDATED,WHOSCORED_SOURCE_SPECIFIC,078i7,18.0,,0.0,,,,WHOSCORED_CURRENT_OBSERVED,WHOSCORED_CURRENT_OBSERVED,WHOSCORED_CURRENT_OBSERVED,0.0,0.0,0.0,Ronald Araujo
soccerdata:sofascore:16363261,FTX-0784Z,liverpool,ipswich_town,468827,7.21,4231,CB,,True,1.0,0,0,3,1.0,3,1.0,4,3,0,0,0,0,0,0,3,69,67,observed_or_derived,False,AWAY,2026-09-04,mgr:b4b8eecb310f,Andoni Iraola,3,EXACT_PLAYER_PERIOD_DETAILED,EXACT_PLAYER_MATCH,12.5,6.5,0.0,0,0,3.0,2.0,0,WHOSCORED_SOURCE_SPECIFIC,WHOSCORED_DERIVED_VALIDATED,WHOSCORED_SOURCE_SPECIFIC,WHOSCORED_DERIVED_VALIDATED,WHOSCORED_SOURCE_SPECIFIC,0784z,12.5,6.5,1.0,1.0,1.0,aup99ojzmrp1z5vp,FANTRAX,FANTRAX,FANTRAX,0.0,0.0265824198722839,0.0265824198722839,Jérémy Jacquet
soccerdata:sofascore:16363261,FTX-03VLJ,liverpool,ipswich_town,95408,7.41,4231,CB,,True,0.0,0,0,2,2.0,3,1.0,3,4,0,0,0,0,0,0,0,93,85,observed_or_derived,False,AWAY,2026-09-04,mgr:b4b8eecb310f,Andoni Iraola,3,EXACT_PLAYER_PERIOD_DETAILED,EXACT_PLAYER_MATCH,13.5,7.5,0.0,0,0,3.0,3.0,0,WHOSCORED_SOURCE_SPECIFIC,WHOSCORED_DERIVED_VALIDATED,WHOSCORED_SOURCE_SPECIFIC,WHOSCORED_DERIVED_VALIDATED,WHOSCORED_SOURCE_SPECIFIC,03vlj,13.5,7.5,0.0,2.0,1.0,61fz0pmkmrp1z5vo,FANTRAX,FANTRAX,FANTRAX,0.0,0.0,0.0,Virgil van Dijk
soccerdata:sofascore:16363261,FTX-06DO9,liverpool,ipswich_town,424273,6.85,4231,LB,,True,0.0,1,0,3,1.0,2,0.0,4,1,0,5,0,0,0,0,3,44,34,observed_or_derived,False,AWAY,2026-09-04,mgr:b4b8eecb310f,Andoni Iraola,3,EXACT_PLAYER_PERIOD_DETAILED,EXACT_PLAYER_MATCH,9.0,3.0,0.0,4,2,2.0,1.0,0,WHOSCORED_SOURCE_SPECIFIC,WHOSCORED_DERIVED_VALIDATED,WHOSCORED_SOURCE_SPECIFIC,WHOSCORED_DERIVED_VALIDATED,WHOSCORED_SOURCE_SPECIFIC,06do9,9.0,3.0,0.0,1.0,0.0,aup99ojzmrp1z5vp,FANTRAX,FANTRAX,FANTRAX,0.0,0.0,0.0,Milos Kerkez
soccerdata:sofascore:16363261,FTX-0522H,liverpool,ipswich_town,345319,6.98,4231,DM,,True,1.0,0,0,2,0.0,3,1.0,1,5,1,0,0,2,1,0,1,42,37,observed_or_derived,False,AWAY,2026-09-04,mgr:b4b8eecb310f,Andoni Iraola,3,NO_DETAILED_FANTRAX_ROW,EXACT_PLAYER_MATCH,7.0,,0.0,0,0,3.0,2.0,0,WHOSCORED_SOURCE_SPECIFIC,WHOSCORED_DERIVED_VALIDATED,WHOSCORED_SOURCE_SPECIFIC,WHOSCORED_DERIVED_VALIDATED,WHOSCORED_SOURCE_SPECIFIC,0522h,7.0,,1.0,,,,WHOSCORED_CURRENT_OBSERVED,WHOSCORED_CURRENT_OBSERVED,WHOSCORED_CURRENT_OBSERVED,0.0833857432007789,0.0622197464108467,0.1456054896116256,Alexis Mac Allister
soccerdata:sofascore:16363261,FTX-06CMM,liverpool,ipswich_town,369875,7.28,4231,DM,,True,2.0,0,0,3,2.0,0,1.0,1,6,3,4,0,3,3,0,1,68,59,observed_or_derived,False,AWAY,2026-09-04,mgr:b4b8eecb310f,Andoni Iraola,3,EXACT_PLAYER_PERIOD_DETAILED,EXACT_PLAYER_MATCH,15.5,9.5,0.0,4,1,0.0,0.0,0,WHOSCORED_SOURCE_SPECIFIC,WHOSCORED_DERIVED_VALIDATED,WHOSCORED_SOURCE_SPECIFIC,WHOSCORED_DERIVED_VALIDATED,WHOSCORED_SOURCE_SPECIFIC,06cmm,15.5,9.5,2.0,2.0,1.0,rx9bjhp3mrp1z5vo,FANTRAX,FANTRAX,FANTRAX,0.148122102022171,0.1540907174348831,0.3022128194570541,Dominik Szoboszlai
soccerdata:sofascore:16363261,pr_2dc8909ca052885f,liverpool,ipswich_town,548106,6.57,4231,RW,,True,0.0,6,2,0,0.0,0,0.0,0,4,1,0,0,0,0,0,2,26,23,observed_or_derived,False,AWAY,2026-09-04,mgr:b4b8eecb310f,Andoni Iraola,3,EXACT_PLAYER_PERIOD_DETAILED,UNRESOLVED,1.0,1.0,0.0,0,0,0.0,0.0,0,WHOSCORED_SOURCE_SPECIFIC,WHOSCORED_DERIVED_VALIDATED,WHOSCORED_SOURCE_SPECIFIC,WHOSCORED_DERIVED_VALIDATED,WHOSCORED_SOURCE_SPECIFIC,076qg,1.0,1.0,0.0,0.0,0.0,qwkltl98mrp1z5vp,FANTRAX,FANTRAX,FANTRAX,,,,Víctor Muñoz
soccerdata:sofascore:16363261,FTX-06V21,liverpool,ipswich_town,394786,7.03,4231,CAM,,True,2.0,5,3,2,2.0,0,0.0,0,4,2,1,1,2,2,0,6,50,40,observed_or_derived,False,AWAY,2026-09-04,mgr:b4b8eecb310f,Andoni Iraola,3,EXACT_PLAYER_PERIOD_DETAILED,EXACT_PLAYER_MATCH,10.0,9.0,0.0,1,0,0.0,0.0,0,WHOSCORED_SOURCE_SPECIFIC,WHOSCORED_DERIVED_VALIDATED,WHOSCORED_SOURCE_SPECIFIC,WHOSCORED_DERIVED_VALIDATED,WHOSCORED_SOURCE_SPECIFIC,06v21,10.0,9.0,2.0,2.0,0.0,ayk8m85amrp1z5vo,FANTRAX,FANTRAX,FANTRAX,0.1459570229053497,0.0643709823489189,0.2103280052542686,Florian Wirtz
soccerdata:sofascore:16363261,FTX-067YV,liverpool,ipswich_town,352825,8.55,4231,LW,,True,3.0,4,3,0,0.0,3,1.0,1,5,0,0,2,1,1,0,2,37,34,observed_or_derived,False,AWAY,2026-09-04,mgr:b4b8eecb310f,Andoni Iraola,3,EXACT_PLAYER_PERIOD_DETAILED,EXACT_PLAYER_MATCH,24.5,11.5,0.0,0,0,3.0,3.0,2,WHOSCORED_SOURCE_SPECIFIC,WHOSCORED_DERIVED_VALIDATED,WHOSCORED_SOURCE_SPECIFIC,WHOSCORED_DERIVED_VALIDATED,WHOSCORED_SOURCE_SPECIFIC,067yv,24.5,11.5,3.0,0.0,1.0,ayk8m85amrp1z5vo,FANTRAX,FANTRAX,FANTRAX,0.1188027262687683,0.3180721700191498,0.4368748962879181,Cody Gakpo
soccerdata:sofascore:16363261,FTX-0646F,liverpool,ipswich_town,299254,8.37,4231,ST,,True,0.0,3,2,0,0.0,0,0.0,1,2,0,0,0,2,2,2,0,19,18,observed_or_derived,False,AWAY,2026-09-04,mgr:b4b8eecb310f,Andoni Iraola,3,EXACT_PLAYER_PERIOD_DETAILED,EXACT_PLAYER_MATCH,24.0,6.0,0.0,0,0,0.0,0.0,0,WHOSCORED_SOURCE_SPECIFIC,WHOSCORED_DERIVED_VALIDATED,WHOSCORED_SOURCE_SPECIFIC,WHOSCORED_DERIVED_VALIDATED,WHOSCORED_SOURCE_SPECIFIC,0646f,24.0,6.0,0.0,0.0,0.0,aup99ojzmrp1z5vp,FANTRAX,FANTRAX,FANTRAX,0.2478711903095245,0.0,0.2478711903095245,Alexander Isak
soccerdata:sofascore:16363261,FTX-0793Q,liverpool,ipswich_town,425366,6.26,4231,,,False,1.0,2,1,0,0.0,0,0.0,0,0,2,0,0,0,0,0,0,7,5,observed_or_derived,False,AWAY,2026-09-04,mgr:b4b8eecb310f,Andoni Iraola,3,EXACT_PLAYER_PERIOD_DETAILED,UNRESOLVED,3.0,3.0,0.0,0,0,0.0,0.0,0,WHOSCORED_SOURCE_SPECIFIC,WHOSCORED_DERIVED_VALIDATED,WHOSCORED_SOURCE_SPECIFIC,WHOSCORED_DERIVED_VALIDATED,WHOSCORED_SOURCE_SPECIFIC,0793q,3.0,3.0,1.0,0.0,0.0,2dxfjlk0mrp1z5vo,FANTRAX,FANTRAX,FANTRAX,,,,Bradley Barcola
soccerdata:sofascore:16363261,FTX-06FXE,liverpool,ipswich_town,363884,6.13,4231,,,False,0.0,0,0,1,1.0,0,0.0,1,1,1,0,0,0,0,0,1,13,12,observed_or_derived,False,AWAY,2026-09-04,mgr:b4b8eecb310f,Andoni Iraola,3,EXACT_PLAYER_PERIOD_DETAILED,EXACT_PLAYER_MATCH,1.0,1.0,0.0,0,0,0.0,0.0,0,WHOSCORED_SOURCE_SPECIFIC,WHOSCORED_DERIVED_VALIDATED,WHOSCORED_SOURCE_SPECIFIC,WHOSCORED_DERIVED_VALIDATED,WHOSCORED_SOURCE_SPECIFIC,06fxe,1.0,1.0,0.0,1.0,0.0,aup99ojzmrp1z5vp,FANTRAX,FANTRAX,FANTRAX,0.0,0.0,0.0,Ryan Gravenberch
soccerdata:sofascore:16363261,FTX-06HZE,liverpool,ipswich_town,509423,6.04,4231,,,False,0.0,0,0,0,0.0,0,0.0,0,0,0,0,0,0,0,0,0,5,5,observed_or_derived,False,AWAY,2026-09-04,mgr:b4b8eecb310f,Andoni Iraola,3,NO_DETAILED_FANTRAX_ROW,EXACT_PLAYER_MATCH,0.0,,0.0,0,0,0.0,0.0,0,WHOSCORED_SOURCE_SPECIFIC,WHOSCORED_DERIVED_VALIDATED,WHOSCORED_SOURCE_SPECIFIC,WHOSCORED_DERIVED_VALIDATED,WHOSCORED_SOURCE_SPECIFIC,06hze,0.0,,0.0,,,,WHOSCORED_CURRENT_OBSERVED,WHOSCORED_CURRENT_OBSERVED,WHOSCORED_CURRENT_OBSERVED,0.0,0.0,0.0,Trey Nyoni
soccerdata:sofascore:16363261,FTX-06XZG,liverpool,ipswich_town,401633,,4231,,,False,0.0,0,0,0,0.0,0,0.0,0,0,0,0,0,0,0,0,0,0,0,observed_or_derived,False,AWAY,2026-09-04,mgr:b4b8eecb310f,Andoni Iraola,3,NO_DETAILED_FANTRAX_ROW,UNRESOLVED,0.0,,0.0,0,0,0.0,0.0,0,WHOSCORED_SOURCE_SPECIFIC,WHOSCORED_DERIVED_VALIDATED,WHOSCORED_SOURCE_SPECIFIC,WHOSCORED_DERIVED_VALIDATED,WHOSCORED_SOURCE_SPECIFIC,06xzg,0.0,,,,,,WHOSCORED_CURRENT_OBSERVED,WHOSCORED_CURRENT_OBSERVED,WHOSCORED_CURRENT_OBSERVED,,,,Giorgi Mamardashvili
soccerdata:sofascore:16363261,FTX-06FSO,liverpool,ipswich_town,86829,,4231,,,False,0.0,0,0,0,0.0,0,0.0,0,0,0,0,0,0,0,0,0,0,0,observed_or_derived,False,AWAY,2026-09-04,mgr:b4b8eecb310f,Andoni Iraola,3,NO_DETAILED_FANTRAX_ROW,UNRESOLVED,0.0,,0.0,0,0,0.0,0.0,0,WHOSCORED_SOURCE_SPECIFIC,WHOSCORED_DERIVED_VALIDATED,WHOSCORED_SOURCE_SPECIFIC,WHOSCORED_DERIVED_VALIDATED,WHOSCORED_SOURCE_SPECIFIC,06fso,0.0,,,,,,WHOSCORED_CURRENT_OBSERVED,WHOSCORED_CURRENT_OBSERVED,WHOSCORED_CURRENT_OBSERVED,,,,Wataru Endo
soccerdata:sofascore:16363261,FTX-06V05,liverpool,ipswich_town,392644,,4231,,,False,0.0,0,0,0,0.0,0,0.0,0,0,0,0,0,0,0,0,0,0,0,observed_or_derived,False,AWAY,2026-09-04,mgr:b4b8eecb310f,Andoni Iraola,3,NO_DETAILED_FANTRAX_ROW,UNRESOLVED,0.0,,0.0,0,0,0.0,0.0,0,WHOSCORED_SOURCE_SPECIFIC,WHOSCORED_DERIVED_VALIDATED,WHOSCORED_SOURCE_SPECIFIC,WHOSCORED_DERIVED_VALIDATED,WHOSCORED_SOURCE_SPECIFIC,06v05,0.0,,,,,,WHOSCORED_CURRENT_OBSERVED,WHOSCORED_CURRENT_OBSERVED,WHOSCORED_CURRENT_OBSERVED,,,,Jeremie Frimpong
soccerdata:sofascore:16363261,FTX-06R2G,liverpool,ipswich_town,548566,,4231,,,False,0.0,0,0,0,0.0,0,0.0,0,0,0,0,0,0,0,0,0,0,0,observed_or_derived,False,AWAY,2026-09-04,mgr:b4b8eecb310f,Andoni Iraola,3,NO_DETAILED_FANTRAX_ROW,UNRESOLVED,0.0,,0.0,0,0,0.0,0.0,0,WHOSCORED_SOURCE_SPECIFIC,WHOSCORED_DERIVED_VALIDATED,WHOSCORED_SOURCE_SPECIFIC,WHOSCORED_DERIVED_VALIDATED,WHOSCORED_SOURCE_SPECIFIC,06r2g,0.0,,,,,,WHOSCORED_CURRENT_OBSERVED,WHOSCORED_CURRENT_OBSERVED,WHOSCORED_CURRENT_OBSERVED,,,,Rio Ngumoha
soccerdata:sofascore:16363637,FTX-0788G,newcastle_united,afc_bournemouth,415682,6.5,4231,GK,,True,0.0,1,1,0,0.0,0,0.0,0,0,0,0,0,0,0,0,0,42,28,observed_or_derived,False,HOME,2026-09-05,mgr:bdab23b1e545,Matthias Jaissle,3,EXACT_PLAYER_PERIOD_DETAILED,EXACT_PLAYER_MATCH,7.0,7.0,0.0,0,0,0.0,0.0,0,WHOSCORED_SOURCE_SPECIFIC,WHOSCORED_DERIVED_VALIDATED,WHOSCORED_SOURCE_SPECIFIC,WHOSCORED_DERIVED_VALIDATED,WHOSCORED_SOURCE_SPECIFIC,0788g,7.0,7.0,0.0,0.0,0.0,2dxfjlk0mrp1z5vo,FANTRAX,FANTRAX,FANTRAX,0.0,0.0,0.0,Lukás Hornícek
soccerdata:sofascore:16363637,FTX-078UD,newcastle_united,afc_bournemouth,418203,6.23,4231,RB,,True,0.0,4,3,2,1.0,0,1.0,0,4,2,2,0,2,1,0,4,49,39,observed_or_derived,False,HOME,2026-09-05,mgr:bdab23b1e545,Matthias Jaissle,3,EXACT_PLAYER_PERIOD_DETAILED,EXACT_PLAYER_MATCH,4.0,4.0,0.0,2,1,0.0,0.0,0,WHOSCORED_SOURCE_SPECIFIC,WHOSCORED_DERIVED_VALIDATED,WHOSCORED_SOURCE_SPECIFIC,WHOSCORED_DERIVED_VALIDATED,WHOSCORED_SOURCE_SPECIFIC,078ud,4.0,4.0,0.0,1.0,1.0,acjx0vg4mrp1z5vo,FANTRAX,FANTRAX,FANTRAX,0.1595478355884552,0.0,0.1595478355884552,Amar Dedic
soccerdata:sofascore:16363637,FTX-0700P,newcastle_united,afc_bournemouth,393355,6.26,4231,CB,,True,1.0,2,2,6,5.0,0,0.0,3,3,0,0,0,1,1,1,1,65,57,observed_or_derived,False,HOME,2026-09-05,mgr:bdab23b1e545,Matthias Jaissle,3,EXACT_PLAYER_PERIOD_DETAILED,EXACT_PLAYER_MATCH,3.5,3.5,0.0,0,0,0.0,0.0,0,WHOSCORED_SOURCE_SPECIFIC,WHOSCORED_DERIVED_VALIDATED,WHOSCORED_SOURCE_SPECIFIC,WHOSCORED_DERIVED_VALIDATED,WHOSCORED_SOURCE_SPECIFIC,0700p,3.5,3.5,1.0,5.0,0.0,2dxfjlk0mrp1z5vo,FANTRAX,FANTRAX,FANTRAX,0.0,0.0675467774271965,0.0675467774271965,Malick Thiaw
soccerdata:sofascore:16363637,FTX-062A9,newcastle_united,afc_bournemouth,379732,6.12,4231,CB,,True,0.0,0,0,12,6.0,1,1.0,4,3,0,0,0,0,0,0,0,71,60,observed_or_derived,False,HOME,2026-09-05,mgr:bdab23b1e545,Matthias Jaissle,3,EXACT_PLAYER_PERIOD_DETAILED,EXACT_PLAYER_MATCH,10.0,10.0,0.0,0,0,1.0,0.0,0,WHOSCORED_SOURCE_SPECIFIC,WHOSCORED_DERIVED_VALIDATED,WHOSCORED_SOURCE_SPECIFIC,WHOSCORED_DERIVED_VALIDATED,WHOSCORED_SOURCE_SPECIFIC,062a9,10.0,10.0,0.0,6.0,1.0,aup99ojzmrp1z5vp,FANTRAX,FANTRAX,FANTRAX,0.0,0.0,0.0,Sven Botman
soccerdata:sofascore:16363637,FTX-05Y9N,newcastle_united,afc_bournemouth,430294,6.95,4231,LB,,True,1.0,1,1,6,3.0,1,2.0,3,13,1,2,0,1,0,0,1,60,50,observed_or_derived,False,HOME,2026-09-05,mgr:bdab23b1e545,Matthias Jaissle,3,EXACT_PLAYER_PERIOD_DETAILED,EXACT_PLAYER_MATCH,14.5,7.5,0.0,2,0,1.0,1.0,0,WHOSCORED_SOURCE_SPECIFIC,WHOSCORED_DERIVED_VALIDATED,WHOSCORED_SOURCE_SPECIFIC,WHOSCORED_DERIVED_VALIDATED,WHOSCORED_SOURCE_SPECIFIC,05y9n,14.5,7.5,1.0,3.0,2.0,cjn4stydmrp1z5vp,FANTRAX,FANTRAX,FANTRAX,0.0295141227543354,0.0242041479796171,0.0537182707339525,Lewis Hall
soccerdata:sofascore:16363637,FTX-06RM7,newcastle_united,afc_bournemouth,422939,6.2,4231,DM,,True,1.0,2,1,1,1.0,0,0.0,1,6,1,1,0,0,0,0,9,51,43,observed_or_derived,False,HOME,2026-09-05,mgr:bdab23b1e545,Matthias Jaissle,3,NO_DETAILED_FANTRAX_ROW,EXACT_PLAYER_MATCH,4.5,,0.0,0,0,0.0,0.0,0,WHOSCORED_SOURCE_SPECIFIC,WHOSCORED_DERIVED_VALIDATED,WHOSCORED_SOURCE_SPECIFIC,WHOSCORED_DERIVED_VALIDATED,WHOSCORED_SOURCE_SPECIFIC,06rm7,4.5,,1.0,,,,WHOSCORED_CURRENT_OBSERVED,WHOSCORED_CURRENT_OBSERVED,WHOSCORED_CURRENT_OBSERVED,0.0,0.0156378559768199,0.0156378559768199,Nico González
soccerdata:sofascore:16363637,FTX-06AB3,newcastle_united,afc_bournemouth,474264,5.91,4231,DM,,True,0.0,1,1,2,0.0,0,0.0,1,3,0,0,0,0,0,0,1,34,28,observed_or_derived,False,HOME,2026-09-05,mgr:bdab23b1e545,Matthias Jaissle,3,EXACT_PLAYER_PERIOD_DETAILED,EXACT_PLAYER_MATCH,1.5,1.5,0.0,0,0,0.0,0.0,0,WHOSCORED_SOURCE_SPECIFIC,WHOSCORED_DERIVED_VALIDATED,WHOSCORED_SOURCE_SPECIFIC,WHOSCORED_DERIVED_VALIDATED,WHOSCORED_SOURCE_SPECIFIC,06ab3,1.5,1.5,0.0,0.0,0.0,w2mnqywumrp1z5vp,FANTRAX,FANTRAX,FANTRAX,0.0,0.0,0.0,Lewis Miley
soccerdata:sofascore:16363637,FTX-05OGB,newcastle_united,afc_bournemouth,413211,6.22,4231,RW,,True,3.0,4,0,3,1.0,2,0.0,1,1,0,1,0,0,0,0,1,14,8,observed_or_derived,False,HOME,2026-09-05,mgr:bdab23b1e545,Matthias Jaissle,3,EXACT_PLAYER_PERIOD_DETAILED,EXACT_PLAYER_MATCH,5.0,5.0,0.0,1,0,2.0,0.0,0,WHOSCORED_SOURCE_SPECIFIC,WHOSCORED_DERIVED_VALIDATED,WHOSCORED_SOURCE_SPECIFIC,WHOSCORED_DERIVED_VALIDATED,WHOSCORED_SOURCE_SPECIFIC,05ogb,5.0,5.0,3.0,1.0,0.0,w2mnqywumrp1z5vp,FANTRAX,FANTRAX,FANTRAX,0.0,0.5640305876731873,0.5640305876731873,Anthony Elanga
soccerdata:sofascore:16363637,FTX-04GE6,newcastle_united,afc_bournemouth,342563,6.12,4231,CAM,,True,0.0,1,1,1,0.0,1,0.0,0,1,3,0,0,2,1,0,2,20,18,observed_or_derived,False,HOME,2026-09-05,mgr:bdab23b1e545,Matthias Jaissle,3,EXACT_PLAYER_PERIOD_DETAILED,EXACT_PLAYER_MATCH,1.5,1.5,0.0,0,0,1.0,1.0,0,WHOSCORED_SOURCE_SPECIFIC,WHOSCORED_DERIVED_VALIDATED,WHOSCORED_SOURCE_SPECIFIC,WHOSCORED_DERIVED_VALIDATED,WHOSCORED_SOURCE_SPECIFIC,04ge6,1.5,1.5,0.0,0.0,0.0,acjx0vg4mrp1z5vo,FANTRAX,FANTRAX,FANTRAX,0.4356383085250854,0.0,0.4356383085250854,Joe Willock
soccerdata:sofascore:16363637,FTX-04ABN,newcastle_united,afc_bournemouth,331382,7.21,4231,LW,,True,0.0,2,0,1,0.0,0,2.0,1,4,3,4,0,2,1,1,6,22,16,observed_or_derived,False,HOME,2026-09-05,mgr:bdab23b1e545,Matthias Jaissle,3,EXACT_PLAYER_PERIOD_DETAILED,EXACT_PLAYER_MATCH,19.0,4.0,0.0,3,0,0.0,0.0,0,WHOSCORED_SOURCE_SPECIFIC,WHOSCORED_DERIVED_VALIDATED,WHOSCORED_SOURCE_SPECIFIC,WHOSCORED_DERIVED_VALIDATED,WHOSCORED_SOURCE_SPECIFIC,04abn,19.0,4.0,0.0,0.0,2.0,acjx0vg4mrp1z5vo,FANTRAX,FANTRAX,FANTRAX,0.0917509272694587,0.0,0.0917509272694587,Harvey Barnes
soccerdata:sofascore:16363637,FTX-05UOR,newcastle_united,afc_bournemouth,296240,6.35,4231,ST,,True,0.0,3,2,6,2.0,0,0.0,0,3,1,1,0,0,0,0,5,23,18,observed_or_derived,False,HOME,2026-09-05,mgr:bdab23b1e545,Matthias Jaissle,3,EXACT_PLAYER_PERIOD_DETAILED,EXACT_PLAYER_MATCH,2.0,2.0,0.0,1,1,0.0,0.0,0,WHOSCORED_SOURCE_SPECIFIC,WHOSCORED_DERIVED_VALIDATED,WHOSCORED_SOURCE_SPECIFIC,WHOSCORED_DERIVED_VALIDATED,WHOSCORED_SOURCE_SPECIFIC,05uor,2.0,2.0,0.0,2.0,0.0,h2e8dn5dmrp1z5vp,FANTRAX,FANTRAX,FANTRAX,0.0,0.0,0.0,Yoane Wissa
soccerdata:sofascore:16363637,FTX-0785A,newcastle_united,afc_bournemouth,552573,6.14,4231,,,False,0.0,0,0,0,0.0,0,0.0,1,1,0,0,0,0,0,0,0,11,10,observed_or_derived,False,HOME,2026-09-05,mgr:bdab23b1e545,Matthias Jaissle,3,NO_DETAILED_FANTRAX_ROW,EXACT_PLAYER_MATCH,0.5,,0.0,0,0,0.0,0.0,0,WHOSCORED_SOURCE_SPECIFIC,WHOSCORED_DERIVED_VALIDATED,WHOSCORED_SOURCE_SPECIFIC,WHOSCORED_DERIVED_VALIDATED,WHOSCORED_SOURCE_SPECIFIC,0785a,0.5,,0.0,,,,WHOSCORED_CURRENT_OBSERVED,WHOSCORED_CURRENT_OBSERVED,WHOSCORED_CURRENT_OBSERVED,0.0,0.0,0.0,Sean Steur
soccerdata:sofascore:16363637,FTX-07942,newcastle_united,afc_bournemouth,475462,6.21,4231,,,False,0.0,1,1,0,0.0,0,0.0,0,1,2,1,0,0,0,0,2,7,4,observed_or_derived,False,HOME,2026-09-05,mgr:bdab23b1e545,Matthias Jaissle,3,EXACT_PLAYER_PERIOD_DETAILED,UNRESOLVED,1.0,1.0,0.0,1,0,0.0,0.0,0,WHOSCORED_SOURCE_SPECIFIC,WHOSCORED_DERIVED_VALIDATED,WHOSCORED_SOURCE_SPECIFIC,WHOSCORED_DERIVED_VALIDATED,WHOSCORED_SOURCE_SPECIFIC,07942,1.0,1.0,0.0,0.0,0.0,rx9bjhp3mrp1z5vo,FANTRAX,FANTRAX,FANTRAX,,,,Matias Fernandez-Pardo
soccerdata:sofascore:16363637,FTX-03AM7,newcastle_united,afc_bournemouth,141486,6.15,4231,,,False,0.0,1,0,0,0.0,0,0.0,0,1,0,1,0,0,0,0,2,4,2,observed_or_derived,False,HOME,2026-09-05,mgr:bdab23b1e545,Matthias Jaissle,3,NO_DETAILED_FANTRAX_ROW,EXACT_PLAYER_MATCH,0.0,,0.0,1,0,0.0,0.0,0,WHOSCORED_SOURCE_SPECIFIC,WHOSCORED_DERIVED_VALIDATED,WHOSCORED_SOURCE_SPECIFIC,WHOSCORED_DERIVED_VALIDATED,WHOSCORED_SOURCE_SPECIFIC,03am7,0.0,,0.0,,,,WHOSCORED_CURRENT_OBSERVED,WHOSCORED_CURRENT_OBSERVED,WHOSCORED_CURRENT_OBSERVED,0.0,0.0,0.0,Jacob Murphy
soccerdata:sofascore:16363637,pr_9b6355573f72b76b,newcastle_united,afc_bournemouth,415174,6.0,4231,,,False,0.0,1,0,0,0.0,0,0.0,0,0,0,0,0,0,0,0,0,3,3,observed_or_derived,False,HOME,2026-09-05,mgr:bdab23b1e545,Matthias Jaissle,3,NO_DETAILED_FANTRAX_ROW,EXACT_PLAYER_MATCH,0.0,,0.0,0,0,0.0,0.0,0,WHOSCORED_SOURCE_SPECIFIC,WHOSCORED_DERIVED_VALIDATED,WHOSCORED_SOURCE_SPECIFIC,WHOSCORED_DERIVED_VALIDATED,WHOSCORED_SOURCE_SPECIFIC,05s08,0.0,,0.0,,,,WHOSCORED_CURRENT_OBSERVED,WHOSCORED_CURRENT_OBSERVED,WHOSCORED_CURRENT_OBSERVED,0.0,0.0,0.0,Tino Livramento
soccerdata:sofascore:16363637,FTX-051K3,newcastle_united,afc_bournemouth,369813,7.14,4231,,,False,0.0,0,0,1,1.0,0,0.0,0,4,1,0,0,1,1,1,2,17,14,observed_or_derived,False,HOME,2026-09-05,mgr:bdab23b1e545,Matthias Jaissle,3,NO_DETAILED_FANTRAX_ROW,EXACT_PLAYER_MATCH,11.5,,0.0,0,0,0.0,0.0,0,WHOSCORED_SOURCE_SPECIFIC,WHOSCORED_DERIVED_VALIDATED,WHOSCORED_SOURCE_SPECIFIC,WHOSCORED_DERIVED_VALIDATED,WHOSCORED_SOURCE_SPECIFIC,051k3,11.5,,0.0,,,,WHOSCORED_CURRENT_OBSERVED,WHOSCORED_CURRENT_OBSERVED,WHOSCORED_CURRENT_OBSERVED,0.0591822117567062,0.0,0.0591822117567062,Jacob Ramsey
soccerdata:sofascore:16363637,FTX-07859,newcastle_united,afc_bournemouth,546589,,4231,,,False,0.0,0,0,0,0.0,0,0.0,0,0,0,0,0,0,0,0,0,0,0,observed_or_derived,False,HOME,2026-09-05,mgr:bdab23b1e545,Matthias Jaissle,3,NO_DETAILED_FANTRAX_ROW,UNRESOLVED,0.0,,0.0,0,0,0.0,0.0,0,WHOSCORED_SOURCE_SPECIFIC,WHOSCORED_DERIVED_VALIDATED,WHOSCORED_SOURCE_SPECIFIC,WHOSCORED_DERIVED_VALIDATED,WHOSCORED_SOURCE_SPECIFIC,07859,0.0,,,,,,WHOSCORED_CURRENT_OBSERVED,WHOSCORED_CURRENT_OBSERVED,WHOSCORED_CURRENT_OBSERVED,,,,Aladji Bamba
soccerdata:sofascore:16363637,FTX-04TIG,newcastle_united,afc_bournemouth,82726,,4231,,,False,0.0,0,0,0,0.0,0,0.0,0,0,0,0,0,0,0,0,0,0,0,observed_or_derived,False,HOME,2026-09-05,mgr:bdab23b1e545,Matthias Jaissle,3,NO_DETAILED_FANTRAX_ROW,UNRESOLVED,0.0,,0.0,0,0,0.0,0.0,0,WHOSCORED_SOURCE_SPECIFIC,WHOSCORED_DERIVED_VALIDATED,WHOSCORED_SOURCE_SPECIFIC,WHOSCORED_DERIVED_VALIDATED,WHOSCORED_SOURCE_SPECIFIC,04tig,0.0,,,,,,WHOSCORED_CURRENT_OBSERVED,WHOSCORED_CURRENT_OBSERVED,WHOSCORED_CURRENT_OBSERVED,,,,Fabian Schär
soccerdata:sofascore:16363637,FTX-044EI,newcastle_united,afc_bournemouth,105720,,4231,,,False,0.0,0,0,0,0.0,0,0.0,0,0,0,0,0,0,0,0,0,0,0,observed_or_derived,False,HOME,2026-09-05,mgr:bdab23b1e545,Matthias Jaissle,3,EXACT_PLAYER_PERIOD_DETAILED,UNRESOLVED,0.0,,0.0,0,0,0.0,0.0,0,WHOSCORED_SOURCE_SPECIFIC,WHOSCORED_DERIVED_VALIDATED,WHOSCORED_SOURCE_SPECIFIC,WHOSCORED_DERIVED_VALIDATED,WHOSCORED_SOURCE_SPECIFIC,044ei,0.0,,0.0,0.0,0.0,cjn4stydmrp1z5vp,FANTRAX,FANTRAX,FANTRAX,,,,Nick Pope
soccerdata:sofascore:16363637,FTX-0785D,newcastle_united,afc_bournemouth,551965,,4231,,,False,0.0,0,0,0,0.0,0,0.0,0,0,0,0,0,0,0,0,0,0,0,observed_or_derived,False,HOME,2026-09-05,mgr:bdab23b1e545,Matthias Jaissle,3,NO_DETAILED_FANTRAX_ROW,UNRESOLVED,0.0,,0.0,0,0,0.0,0.0,0,WHOSCORED_SOURCE_SPECIFIC,WHOSCORED_DERIVED_VALIDATED,WHOSCORED_SOURCE_SPECIFIC,WHOSCORED_DERIVED_VALIDATED,WHOSCORED_SOURCE_SPECIFIC,0785d,0.0,,,,,,WHOSCORED_CURRENT_OBSERVED,WHOSCORED_CURRENT_OBSERVED,WHOSCORED_CURRENT_OBSERVED,,,,Bazoumana Touré
soccerdata:sofascore:16363637,FTX-06FUW,afc_bournemouth,newcastle_united,406564,5.99,4231,GK,,True,0.0,0,0,1,1.0,0,0.0,0,3,0,0,0,0,0,0,0,32,22,observed_or_derived,False,AWAY,2026-09-05,mgr:6fe0e0af19e4,Marco Rose,3,EXACT_PLAYER_PERIOD_DETAILED,EXACT_PLAYER_MATCH,1.5,1.5,0.0,0,0,0.0,0.0,0,WHOSCORED_SOURCE_SPECIFIC,WHOSCORED_DERIVED_VALIDATED,WHOSCORED_SOURCE_SPECIFIC,WHOSCORED_DERIVED_VALIDATED,WHOSCORED_SOURCE_SPECIFIC,06fuw,1.5,1.5,0.0,1.0,0.0,rx9bjhp3mrp1z5vo,FANTRAX,FANTRAX,FANTRAX,0.0,0.0,0.0,Djordje Petrovic
soccerdata:sofascore:16363637,FTX-02LP5,afc_bournemouth,newcastle_united,69877,6.42,4231,RB,,True,2.0,1,0,0,0.0,1,1.0,3,6,1,2,0,1,1,0,4,29,21,observed_or_derived,False,AWAY,2026-09-05,mgr:6fe0e0af19e4,Marco Rose,3,NO_DETAILED_FANTRAX_ROW,EXACT_PLAYER_MATCH,4.0,,0.0,1,1,1.0,1.0,0,WHOSCORED_SOURCE_SPECIFIC,WHOSCORED_DERIVED_VALIDATED,WHOSCORED_SOURCE_SPECIFIC,WHOSCORED_DERIVED_VALIDATED,WHOSCORED_SOURCE_SPECIFIC,02lp5,4.0,,2.0,,,,WHOSCORED_CURRENT_OBSERVED,WHOSCORED_CURRENT_OBSERVED,WHOSCORED_CURRENT_OBSERVED,0.0194541551172733,0.0796552598476409,0.0991094149649142,Adam Smith
soccerdata:sofascore:16363637,FTX-0787Y,afc_bournemouth,newcastle_united,443613,7.08,4231,CB,,True,0.0,0,0,10,8.0,1,0.0,6,2,0,0,0,1,1,0,2,44,37,observed_or_derived,False,AWAY,2026-09-05,mgr:6fe0e0af19e4,Marco Rose,3,EXACT_PLAYER_PERIOD_DETAILED,EXACT_PLAYER_MATCH,13.0,13.0,0.0,0,0,1.0,1.0,0,WHOSCORED_SOURCE_SPECIFIC,WHOSCORED_DERIVED_VALIDATED,WHOSCORED_SOURCE_SPECIFIC,WHOSCORED_DERIVED_VALIDATED,WHOSCORED_SOURCE_SPECIFIC,0787y,13.0,13.0,0.0,8.0,0.0,h2e8dn5dmrp1z5vp,FANTRAX,FANTRAX,FANTRAX,0.0163459684699773,0.0,0.0163459684699773,António Silva
soccerdata:sofascore:16363637,FTX-061VB,afc_bournemouth,newcastle_united,362837,6.36,4231,CB,,True,3.0,0,0,1,1.0,0,1.0,5,1,1,0,0,0,0,0,1,50,35,observed_or_derived,False,AWAY,2026-09-05,mgr:6fe0e0af19e4,Marco Rose,3,EXACT_PLAYER_PERIOD_DETAILED,EXACT_PLAYER_MATCH,8.5,8.5,0.0,0,0,0.0,0.0,0,WHOSCORED_SOURCE_SPECIFIC,WHOSCORED_DERIVED_VALIDATED,WHOSCORED_SOURCE_SPECIFIC,WHOSCORED_DERIVED_VALIDATED,WHOSCORED_SOURCE_SPECIFIC,061vb,8.5,8.5,3.0,1.0,1.0,ayk8m85amrp1z5vo,FANTRAX,FANTRAX,FANTRAX,0.0,0.0307617262005805,0.0307617262005805,James Hill
soccerdata:sofascore:16363637,FTX-06UYC,afc_bournemouth,newcastle_united,398301,6.4,4231,LB,,True,1.0,1,1,2,0.0,3,2.0,1,5,1,6,0,1,1,0,3,39,29,observed_or_derived,False,AWAY,2026-09-05,mgr:6fe0e0af19e4,Marco Rose,3,EXACT_PLAYER_PERIOD_DETAILED,EXACT_PLAYER_MATCH,1.5,1.5,0.0,6,1,3.0,0.0,0,WHOSCORED_SOURCE_SPECIFIC,WHOSCORED_DERIVED_VALIDATED,WHOSCORED_SOURCE_SPECIFIC,WHOSCORED_DERIVED_VALIDATED,WHOSCORED_SOURCE_SPECIFIC,06uyc,1.5,1.5,1.0,0.0,2.0,2dxfjlk0mrp1z5vo,FANTRAX,FANTRAX,FANTRAX,0.0194241944700479,0.1422207653522491,0.1616449598222969,Adrien Truffert
soccerdata:sofascore:16363637,FTX-062H7,afc_bournemouth,newcastle_united,315275,6.59,4231,DM,,True,1.0,0,0,1,1.0,3,0.0,0,8,1,0,0,0,0,0,6,41,33,observed_or_derived,False,AWAY,2026-09-05,mgr:6fe0e0af19e4,Marco Rose,3,NO_DETAILED_FANTRAX_ROW,EXACT_PLAYER_MATCH,4.5,,0.0,0,0,3.0,1.0,0,WHOSCORED_SOURCE_SPECIFIC,WHOSCORED_DERIVED_VALIDATED,WHOSCORED_SOURCE_SPECIFIC,WHOSCORED_DERIVED_VALIDATED,WHOSCORED_SOURCE_SPECIFIC,062h7,4.5,,1.0,,,,WHOSCORED_CURRENT_OBSERVED,WHOSCORED_CURRENT_OBSERVED,WHOSCORED_CURRENT_OBSERVED,0.0,0.0244907233864069,0.0244907233864069,Tyler Adams
soccerdata:sofascore:16363637,FTX-06F8Y,afc_bournemouth,newcastle_united,410998,6.87,4231,DM,,True,2.0,4,2,3,1.0,0,3.0,2,6,0,0,0,2,2,0,6,42,32,observed_or_derived,False,AWAY,2026-09-05,mgr:6fe0e0af19e4,Marco Rose,3,EXACT_PLAYER_PERIOD_DETAILED,EXACT_PLAYER_MATCH,22.5,10.5,0.0,0,0,0.0,0.0,0,WHOSCORED_SOURCE_SPECIFIC,WHOSCORED_DERIVED_VALIDATED,WHOSCORED_SOURCE_SPECIFIC,WHOSCORED_DERIVED_VALIDATED,WHOSCORED_SOURCE_SPECIFIC,06f8y,22.5,10.5,2.0,1.0,3.0,rx9bjhp3mrp1z5vo,FANTRAX,FANTRAX,FANTRAX,0.079440139234066,0.0389162488281726,0.1183563880622386,Alex Scott
soccerdata:sofascore:16363637,FTX-072WQ,afc_bournemouth,newcastle_united,472122,6.65,4231,RW,,True,0.0,2,2,6,4.0,1,0.0,1,0,1,3,0,1,0,0,1,16,6,observed_or_derived,False,AWAY,2026-09-05,mgr:6fe0e0af19e4,Marco Rose,3,EXACT_PLAYER_PERIOD_DETAILED,EXACT_PLAYER_MATCH,5.5,5.5,0.0,3,0,1.0,1.0,0,WHOSCORED_SOURCE_SPECIFIC,WHOSCORED_DERIVED_VALIDATED,WHOSCORED_SOURCE_SPECIFIC,WHOSCORED_DERIVED_VALIDATED,WHOSCORED_SOURCE_SPECIFIC,072wq,5.5,5.5,0.0,4.0,0.0,h1vdt8ynmrp1z5vp,FANTRAX,FANTRAX,FANTRAX,0.0522265769541263,0.0,0.0522265769541263,Rayan
soccerdata:sofascore:16363637,FTX-06CLT,afc_bournemouth,newcastle_united,331579,6.6,4231,CAM,,True,0.0,2,1,2,0.0,1,0.0,0,3,0,1,0,2,1,0,6,10,7,observed_or_derived,False,AWAY,2026-09-05,mgr:6fe0e0af19e4,Marco Rose,3,EXACT_PLAYER_PERIOD_DETAILED,EXACT_PLAYER_MATCH,-0.5,-0.5,0.0,1,0,1.0,1.0,0,WHOSCORED_SOURCE_SPECIFIC,WHOSCORED_DERIVED_VALIDATED,WHOSCORED_SOURCE_SPECIFIC,WHOSCORED_DERIVED_VALIDATED,WHOSCORED_SOURCE_SPECIFIC,06clt,-0.5,-0.5,0.0,0.0,0.0,61fz0pmkmrp1z5vo,FANTRAX,FANTRAX,FANTRAX,0.0540311597287654,0.0,0.0540311597287654,Justin Kluivert
soccerdata:sofascore:16363637,FTX-0639X,afc_bournemouth,newcastle_united,344314,7.96,4231,LW,,True,1.0,3,2,3,1.0,1,0.0,0,8,0,1,0,5,4,1,3,32,27,observed_or_derived,False,AWAY,2026-09-05,mgr:6fe0e0af19e4,Marco Rose,3,EXACT_PLAYER_PERIOD_DETAILED,EXACT_PLAYER_MATCH,21.5,12.5,0.0,1,0,1.0,0.0,0,WHOSCORED_SOURCE_SPECIFIC,WHOSCORED_DERIVED_VALIDATED,WHOSCORED_SOURCE_SPECIFIC,WHOSCORED_DERIVED_VALIDATED,WHOSCORED_SOURCE_SPECIFIC,0639x,21.5,12.5,1.0,1.0,0.0,rx9bjhp3mrp1z5vo,FANTRAX,FANTRAX,FANTRAX,0.8656655550003052,0.0295404344797134,0.8952059894800186,Marcus Tavernier
soccerdata:sofascore:16363637,FTX-06P6J,afc_bournemouth,newcastle_united,384430,6.61,4231,ST,,True,0.0,2,1,11,5.0,0,0.0,4,3,0,0,0,3,1,0,1,21,16,observed_or_derived,False,AWAY,2026-09-05,mgr:6fe0e0af19e4,Marco Rose,3,EXACT_PLAYER_PERIOD_DETAILED,EXACT_PLAYER_MATCH,5.0,5.0,0.0,0,0,0.0,0.0,0,WHOSCORED_SOURCE_SPECIFIC,WHOSCORED_DERIVED_VALIDATED,WHOSCORED_SOURCE_SPECIFIC,WHOSCORED_DERIVED_VALIDATED,WHOSCORED_SOURCE_SPECIFIC,06p6j,5.0,5.0,0.0,5.0,0.0,ayk8m85amrp1z5vo,FANTRAX,FANTRAX,FANTRAX,0.5122327208518982,0.0,0.5122327208518982,Evanilson
soccerdata:sofascore:16363637,FTX-05S00,afc_bournemouth,newcastle_united,415163,6.0,4231,,,False,0.0,0,0,0,0.0,0,0.0,0,0,0,0,0,0,0,0,1,0,0,observed_or_derived,False,AWAY,2026-09-05,mgr:6fe0e0af19e4,Marco Rose,3,NO_DETAILED_FANTRAX_ROW,EXACT_PLAYER_MATCH,0.0,,0.0,0,0,0.0,0.0,0,WHOSCORED_SOURCE_SPECIFIC,WHOSCORED_DERIVED_VALIDATED,WHOSCORED_SOURCE_SPECIFIC,WHOSCORED_DERIVED_VALIDATED,WHOSCORED_SOURCE_SPECIFIC,05s00,0.0,,0.0,,,,WHOSCORED_CURRENT_OBSERVED,WHOSCORED_CURRENT_OBSERVED,WHOSCORED_CURRENT_OBSERVED,0.0,0.0,0.0,Daniel Jebbison
soccerdata:sofascore:16363637,FTX-043QY,afc_bournemouth,newcastle_united,136456,5.97,4231,,,False,0.0,0,0,1,0.0,0,1.0,0,0,0,0,0,0,0,0,1,4,3,observed_or_derived,False,AWAY,2026-09-05,mgr:6fe0e0af19e4,Marco Rose,3,NO_DETAILED_FANTRAX_ROW,EXACT_PLAYER_MATCH,1.0,,0.0,0,0,0.0,0.0,0,WHOSCORED_SOURCE_SPECIFIC,WHOSCORED_DERIVED_VALIDATED,WHOSCORED_SOURCE_SPECIFIC,WHOSCORED_DERIVED_VALIDATED,WHOSCORED_SOURCE_SPECIFIC,043qy,1.0,,0.0,,,,WHOSCORED_CURRENT_OBSERVED,WHOSCORED_CURRENT_OBSERVED,WHOSCORED_CURRENT_OBSERVED,0.0,0.0,0.0,Lewis Cook
soccerdata:sofascore:16363637,FTX-061VE,afc_bournemouth,newcastle_united,128882,5.99,4231,,,False,0.0,0,0,0,0.0,0,0.0,0,0,0,0,0,0,0,0,0,1,0,observed_or_derived,False,AWAY,2026-09-05,mgr:6fe0e0af19e4,Marco Rose,3,NO_DETAILED_FANTRAX_ROW,EXACT_PLAYER_MATCH,0.0,,0.0,0,0,0.0,0.0,0,WHOSCORED_SOURCE_SPECIFIC,WHOSCORED_DERIVED_VALIDATED,WHOSCORED_SOURCE_SPECIFIC,WHOSCORED_DERIVED_VALIDATED,WHOSCORED_SOURCE_SPECIFIC,061ve,0.0,,0.0,,,,WHOSCORED_CURRENT_OBSERVED,WHOSCORED_CURRENT_OBSERVED,WHOSCORED_CURRENT_OBSERVED,0.0,0.0,0.0,Ryan Christie
soccerdata:sofascore:16363637,pr_d24cfb093c683bd1,afc_bournemouth,newcastle_united,430350,6.1,4231,,,False,0.0,0,0,0,0.0,1,0.0,0,1,0,0,0,1,1,0,0,3,3,observed_or_derived,False,AWAY,2026-09-05,mgr:6fe0e0af19e4,Marco Rose,3,NO_DETAILED_FANTRAX_ROW,EXACT_PLAYER_MATCH,0.0,,0.0,0,0,1.0,0.0,0,WHOSCORED_SOURCE_SPECIFIC,WHOSCORED_DERIVED_VALIDATED,WHOSCORED_SOURCE_SPECIFIC,WHOSCORED_DERIVED_VALIDATED,WHOSCORED_SOURCE_SPECIFIC,066nn,0.0,,0.0,,,,WHOSCORED_CURRENT_OBSERVED,WHOSCORED_CURRENT_OBSERVED,WHOSCORED_CURRENT_OBSERVED,0.0609487667679786,0.0,0.0609487667679786,Ben Gannon-Doak
soccerdata:sofascore:16363637,FTX-04RH9,afc_bournemouth,newcastle_united,295084,5.87,4231,,,False,0.0,0,0,0,0.0,0,0.0,0,0,2,0,0,0,0,0,1,1,0,observed_or_derived,False,AWAY,2026-09-05,mgr:6fe0e0af19e4,Marco Rose,3,NO_DETAILED_FANTRAX_ROW,EXACT_PLAYER_MATCH,0.0,,0.0,0,0,0.0,0.0,0,WHOSCORED_SOURCE_SPECIFIC,WHOSCORED_DERIVED_VALIDATED,WHOSCORED_SOURCE_SPECIFIC,WHOSCORED_DERIVED_VALIDATED,WHOSCORED_SOURCE_SPECIFIC,04rh9,0.0,,0.0,,,,WHOSCORED_CURRENT_OBSERVED,WHOSCORED_CURRENT_OBSERVED,WHOSCORED_CURRENT_OBSERVED,0.0,0.0,0.0,David Brooks
soccerdata:sofascore:16363637,FTX-06R7F,afc_bournemouth,newcastle_united,437310,,4231,,,False,0.0,0,0,0,0.0,0,0.0,0,0,0,0,0,0,0,0,0,0,0,observed_or_derived,False,AWAY,2026-09-05,mgr:6fe0e0af19e4,Marco Rose,3,NO_DETAILED_FANTRAX_ROW,UNRESOLVED,0.0,,0.0,0,0,0.0,0.0,0,WHOSCORED_SOURCE_SPECIFIC,WHOSCORED_DERIVED_VALIDATED,WHOSCORED_SOURCE_SPECIFIC,WHOSCORED_DERIVED_VALIDATED,WHOSCORED_SOURCE_SPECIFIC,06r7f,0.0,,,,,,WHOSCORED_CURRENT_OBSERVED,WHOSCORED_CURRENT_OBSERVED,WHOSCORED_CURRENT_OBSERVED,,,,Julio Soler
soccerdata:sofascore:16363637,FTX-0700U,afc_bournemouth,newcastle_united,366875,,4231,,,False,0.0,0,0,0,0.0,0,0.0,0,0,0,0,0,0,0,0,0,0,0,observed_or_derived,False,AWAY,2026-09-05,mgr:6fe0e0af19e4,Marco Rose,3,NO_DETAILED_FANTRAX_ROW,UNRESOLVED,0.0,,0.0,0,0,0.0,0.0,0,WHOSCORED_SOURCE_SPECIFIC,WHOSCORED_DERIVED_VALIDATED,WHOSCORED_SOURCE_SPECIFIC,WHOSCORED_DERIVED_VALIDATED,WHOSCORED_SOURCE_SPECIFIC,0700u,0.0,,,,,,WHOSCORED_CURRENT_OBSERVED,WHOSCORED_CURRENT_OBSERVED,WHOSCORED_CURRENT_OBSERVED,,,,Bafodé Diakité
soccerdata:sofascore:16363637,FTX-07918,afc_bournemouth,newcastle_united,319696,,4231,,,False,0.0,0,0,0,0.0,0,0.0,0,0,0,0,0,0,0,0,0,0,0,observed_or_derived,False,AWAY,2026-09-05,mgr:6fe0e0af19e4,Marco Rose,3,NO_DETAILED_FANTRAX_ROW,UNRESOLVED,0.0,,0.0,0,0,0.0,0.0,0,WHOSCORED_SOURCE_SPECIFIC,WHOSCORED_DERIVED_VALIDATED,WHOSCORED_SOURCE_SPECIFIC,WHOSCORED_DERIVED_VALIDATED,WHOSCORED_SOURCE_SPECIFIC,07918,0.0,,,,,,WHOSCORED_CURRENT_OBSERVED,WHOSCORED_CURRENT_OBSERVED,WHOSCORED_CURRENT_OBSERVED,,,,Michele Di Gregorio
soccerdata:sofascore:16363637,FTX-078EI,afc_bournemouth,newcastle_united,395187,,4231,,,False,0.0,0,0,0,0.0,0,0.0,0,0,0,0,0,0,0,0,0,0,0,observed_or_derived,False,AWAY,2026-09-05,mgr:6fe0e0af19e4,Marco Rose,3,NO_DETAILED_FANTRAX_ROW,UNRESOLVED,0.0,,0.0,0,0,0.0,0.0,0,WHOSCORED_SOURCE_SPECIFIC,WHOSCORED_DERIVED_VALIDATED,WHOSCORED_SOURCE_SPECIFIC,WHOSCORED_DERIVED_VALIDATED,WHOSCORED_SOURCE_SPECIFIC,078ei,0.0,,,,,,WHOSCORED_CURRENT_OBSERVED,WHOSCORED_CURRENT_OBSERVED,WHOSCORED_CURRENT_OBSERVED,,,,Juanlu Sánchez
soccerdata:sofascore:16363258,FTX-06CMU,brighton_hove_albion,leeds_united,400138,7.02,4231,GK,,True,0.0,0,0,0,0.0,0,0.0,0,4,0,0,1,0,0,0,1,43,33,observed_or_derived,False,HOME,2026-09-05,mgr:dfda8206a0e2,Fabian Hürzeler,3,NO_DETAILED_FANTRAX_ROW,EXACT_PLAYER_MATCH,7.0,,0.0,0,0,0.0,0.0,0,WHOSCORED_SOURCE_SPECIFIC,WHOSCORED_DERIVED_VALIDATED,WHOSCORED_SOURCE_SPECIFIC,WHOSCORED_DERIVED_VALIDATED,WHOSCORED_SOURCE_SPECIFIC,06cmu,7.0,,0.0,,,,WHOSCORED_CURRENT_OBSERVED,WHOSCORED_CURRENT_OBSERVED,WHOSCORED_CURRENT_OBSERVED,0.0,0.0,0.0,Bart Verbruggen
soccerdata:sofascore:16363258,FTX-06PHE,brighton_hove_albion,leeds_united,321958,6.51,4231,RB,,True,1.0,0,0,1,0.0,1,1.0,3,2,0,2,0,2,2,0,2,36,28,observed_or_derived,False,HOME,2026-09-05,mgr:dfda8206a0e2,Fabian Hürzeler,3,EXACT_PLAYER_PERIOD_DETAILED,EXACT_PLAYER_MATCH,7.5,7.5,0.0,2,0,1.0,1.0,0,WHOSCORED_SOURCE_SPECIFIC,WHOSCORED_DERIVED_VALIDATED,WHOSCORED_SOURCE_SPECIFIC,WHOSCORED_DERIVED_VALIDATED,WHOSCORED_SOURCE_SPECIFIC,06phe,7.5,7.5,1.0,0.0,1.0,qwkltl98mrp1z5vp,FANTRAX,FANTRAX,FANTRAX,0.0790654569864273,0.0196207948029041,0.0986862517893314,Ferdi Kadioglu
soccerdata:sofascore:16363258,pr_5b05eed522d404e7,brighton_hove_albion,leeds_united,533010,7.66,4231,CB,,True,0.0,1,1,4,1.0,2,1.0,6,4,0,2,0,2,2,1,3,66,57,observed_or_derived,False,HOME,2026-09-05,mgr:dfda8206a0e2,Fabian Hürzeler,3,EXACT_PLAYER_PERIOD_DETAILED,UNRESOLVED,20.0,11.0,0.0,2,0,2.0,1.0,0,WHOSCORED_SOURCE_SPECIFIC,WHOSCORED_DERIVED_VALIDATED,WHOSCORED_SOURCE_SPECIFIC,WHOSCORED_DERIVED_VALIDATED,WHOSCORED_SOURCE_SPECIFIC,06v0y,20.0,11.0,0.0,1.0,1.0,rx9bjhp3mrp1z5vo,FANTRAX,FANTRAX,FANTRAX,,,,Luka Vuskovic
soccerdata:sofascore:16363258,FTX-04E1C,brighton_hove_albion,leeds_united,86441,7.76,4231,CB,,True,0.0,1,1,7,7.0,0,0.0,11,5,0,0,0,0,0,0,1,84,72,observed_or_derived,False,HOME,2026-09-05,mgr:dfda8206a0e2,Fabian Hürzeler,3,NO_DETAILED_FANTRAX_ROW,EXACT_PLAYER_MATCH,14.5,,0.0,0,0,0.0,0.0,0,WHOSCORED_SOURCE_SPECIFIC,WHOSCORED_DERIVED_VALIDATED,WHOSCORED_SOURCE_SPECIFIC,WHOSCORED_DERIVED_VALIDATED,WHOSCORED_SOURCE_SPECIFIC,04e1c,14.5,,0.0,,,,WHOSCORED_CURRENT_OBSERVED,WHOSCORED_CURRENT_OBSERVED,WHOSCORED_CURRENT_OBSERVED,0.0,0.0,0.0,Lewis Dunk
soccerdata:sofascore:16363258,FTX-06Y26,brighton_hove_albion,leeds_united,260809,7.06,4231,LB,,True,5.0,0,0,6,3.0,0,0.0,4,4,0,8,0,0,0,0,3,80,61,observed_or_derived,False,HOME,2026-09-05,mgr:dfda8206a0e2,Fabian Hürzeler,3,NO_DETAILED_FANTRAX_ROW,EXACT_PLAYER_MATCH,17.0,,0.0,8,2,0.0,0.0,0,WHOSCORED_SOURCE_SPECIFIC,WHOSCORED_DERIVED_VALIDATED,WHOSCORED_SOURCE_SPECIFIC,WHOSCORED_DERIVED_VALIDATED,WHOSCORED_SOURCE_SPECIFIC,06y26,17.0,,5.0,,,,WHOSCORED_CURRENT_OBSERVED,WHOSCORED_CURRENT_OBSERVED,WHOSCORED_CURRENT_OBSERVED,0.0,0.6314878463745117,0.6314878463745117,Olivier Boscagli
soccerdata:sofascore:16363258,FTX-04FK1,brighton_hove_albion,leeds_united,71824,5.87,4231,DM,,True,1.0,0,0,2,1.0,0,2.0,0,2,1,7,0,5,1,0,2,64,48,observed_or_derived,False,HOME,2026-09-05,mgr:dfda8206a0e2,Fabian Hürzeler,3,EXACT_PLAYER_PERIOD_DETAILED,EXACT_PLAYER_MATCH,1.5,1.5,0.0,7,0,0.0,0.0,0,WHOSCORED_SOURCE_SPECIFIC,WHOSCORED_DERIVED_VALIDATED,WHOSCORED_SOURCE_SPECIFIC,WHOSCORED_DERIVED_VALIDATED,WHOSCORED_SOURCE_SPECIFIC,04fk1,1.5,1.5,1.0,1.0,2.0,w2mnqywumrp1z5vp,FANTRAX,FANTRAX,FANTRAX,0.8145278692245483,0.0807976648211479,0.8953255340456963,Pascal Groß
soccerdata:sofascore:16363258,FTX-068YC,brighton_hove_albion,leeds_united,470690,6.75,4231,DM,,True,1.0,4,3,3,0.0,0,0.0,1,2,2,0,0,2,1,0,1,58,53,observed_or_derived,False,HOME,2026-09-05,mgr:dfda8206a0e2,Fabian Hürzeler,3,NO_DETAILED_FANTRAX_ROW,EXACT_PLAYER_MATCH,7.5,,0.0,0,0,0.0,0.0,0,WHOSCORED_SOURCE_SPECIFIC,WHOSCORED_DERIVED_VALIDATED,WHOSCORED_SOURCE_SPECIFIC,WHOSCORED_DERIVED_VALIDATED,WHOSCORED_SOURCE_SPECIFIC,068yc,7.5,,1.0,,,,WHOSCORED_CURRENT_OBSERVED,WHOSCORED_CURRENT_OBSERVED,WHOSCORED_CURRENT_OBSERVED,0.1271501034498214,0.0174423232674598,0.1445924267172811,Yasin Ayari
soccerdata:sofascore:16363258,FTX-06R5B,brighton_hove_albion,leeds_united,446133,6.98,4231,RW,,True,2.0,4,0,7,4.0,3,1.0,1,4,0,4,0,4,3,0,2,37,23,observed_or_derived,False,HOME,2026-09-05,mgr:dfda8206a0e2,Fabian Hürzeler,3,EXACT_PLAYER_PERIOD_DETAILED,EXACT_PLAYER_MATCH,12.0,12.0,0.0,4,1,3.0,2.0,0,WHOSCORED_SOURCE_SPECIFIC,WHOSCORED_DERIVED_VALIDATED,WHOSCORED_SOURCE_SPECIFIC,WHOSCORED_DERIVED_VALIDATED,WHOSCORED_SOURCE_SPECIFIC,06r5b,12.0,12.0,2.0,4.0,1.0,61fz0pmkmrp1z5vo,FANTRAX,FANTRAX,FANTRAX,0.1018138751387596,0.0791210159659385,0.1809348911046981,Diego Gómez
soccerdata:sofascore:16363258,FTX-06MSB,brighton_hove_albion,leeds_united,533015,6.6,4231,CAM,,True,2.0,3,1,2,2.0,0,0.0,2,3,2,2,0,1,0,0,3,36,29,observed_or_derived,False,HOME,2026-09-05,mgr:dfda8206a0e2,Fabian Hürzeler,3,EXACT_PLAYER_PERIOD_DETAILED,EXACT_PLAYER_MATCH,7.0,7.0,0.0,2,0,0.0,0.0,0,WHOSCORED_SOURCE_SPECIFIC,WHOSCORED_DERIVED_VALIDATED,WHOSCORED_SOURCE_SPECIFIC,WHOSCORED_DERIVED_VALIDATED,WHOSCORED_SOURCE_SPECIFIC,06msb,7.0,7.0,2.0,2.0,0.0,rx9bjhp3mrp1z5vo,FANTRAX,FANTRAX,FANTRAX,0.0335022881627082,0.1120041236281395,0.1455064117908477,Malick Yalcouyé
soccerdata:sofascore:16363258,FTX-06Y9M,brighton_hove_albion,leeds_united,392647,6.71,4231,LW,,True,1.0,1,0,1,0.0,1,0.0,1,4,1,8,0,0,0,0,2,42,33,observed_or_derived,False,HOME,2026-09-05,mgr:dfda8206a0e2,Fabian Hürzeler,3,EXACT_PLAYER_PERIOD_DETAILED,EXACT_PLAYER_MATCH,9.5,2.5,0.0,8,2,1.0,0.0,1,WHOSCORED_SOURCE_SPECIFIC,WHOSCORED_DERIVED_VALIDATED,WHOSCORED_SOURCE_SPECIFIC,WHOSCORED_DERIVED_VALIDATED,WHOSCORED_SOURCE_SPECIFIC,06y9m,9.5,2.5,1.0,0.0,0.0,h1vdt8ynmrp1z5vp,FANTRAX,FANTRAX,FANTRAX,0.0,0.3656381666660309,0.3656381666660309,Maxim De Cuyper
soccerdata:sofascore:16363258,FTX-06XZD,brighton_hove_albion,leeds_united,533923,6.49,4231,ST,,True,0.0,6,3,8,3.0,1,0.0,3,4,0,1,0,3,3,0,3,23,18,observed_or_derived,False,HOME,2026-09-05,mgr:dfda8206a0e2,Fabian Hürzeler,3,NO_DETAILED_FANTRAX_ROW,EXACT_PLAYER_MATCH,6.0,,0.0,1,0,1.0,0.0,0,WHOSCORED_SOURCE_SPECIFIC,WHOSCORED_DERIVED_VALIDATED,WHOSCORED_SOURCE_SPECIFIC,WHOSCORED_DERIVED_VALIDATED,WHOSCORED_SOURCE_SPECIFIC,06xzd,6.0,,0.0,,,,WHOSCORED_CURRENT_OBSERVED,WHOSCORED_CURRENT_OBSERVED,WHOSCORED_CURRENT_OBSERVED,0.2057773768901825,0.0,0.2057773768901825,Charalampos Kostoulas
soccerdata:sofascore:16363258,FTX-078WJ,brighton_hove_albion,leeds_united,532188,5.57,4231,,,False,0.0,1,0,0,0.0,0,0.0,0,0,0,0,0,1,0,0,2,0,0,observed_or_derived,False,HOME,2026-09-05,mgr:dfda8206a0e2,Fabian Hürzeler,3,NO_DETAILED_FANTRAX_ROW,UNRESOLVED,-2.0,,0.0,0,0,0.0,0.0,0,WHOSCORED_SOURCE_SPECIFIC,WHOSCORED_DERIVED_VALIDATED,WHOSCORED_SOURCE_SPECIFIC,WHOSCORED_DERIVED_VALIDATED,WHOSCORED_SOURCE_SPECIFIC,078wj,-2.0,,,,,,WHOSCORED_CURRENT_OBSERVED,WHOSCORED_CURRENT_OBSERVED,WHOSCORED_CURRENT_OBSERVED,,,,Promise David
soccerdata:sofascore:16363258,FTX-05MZZ,brighton_hove_albion,leeds_united,355609,6.0,4231,,,False,0.0,0,0,0,0.0,0,0.0,0,0,0,0,0,0,0,0,0,2,2,observed_or_derived,False,HOME,2026-09-05,mgr:dfda8206a0e2,Fabian Hürzeler,3,NO_DETAILED_FANTRAX_ROW,EXACT_PLAYER_MATCH,0.0,,0.0,0,0,0.0,0.0,0,WHOSCORED_SOURCE_SPECIFIC,WHOSCORED_DERIVED_VALIDATED,WHOSCORED_SOURCE_SPECIFIC,WHOSCORED_DERIVED_VALIDATED,WHOSCORED_SOURCE_SPECIFIC,05mzz,0.0,,0.0,,,,WHOSCORED_CURRENT_OBSERVED,WHOSCORED_CURRENT_OBSERVED,WHOSCORED_CURRENT_OBSERVED,0.0,0.0,0.0,Pascal Struijk
soccerdata:sofascore:16363258,pr_82f652c51bb536fc,brighton_hove_albion,leeds_united,395954,6.43,4231,,,False,1.0,1,1,1,0.0,0,0.0,1,0,1,1,0,0,0,0,3,9,8,observed_or_derived,False,HOME,2026-09-05,mgr:dfda8206a0e2,Fabian Hürzeler,3,NO_DETAILED_FANTRAX_ROW,UNRESOLVED,4.5,,0.0,1,1,0.0,0.0,0,WHOSCORED_SOURCE_SPECIFIC,WHOSCORED_DERIVED_VALIDATED,WHOSCORED_SOURCE_SPECIFIC,WHOSCORED_DERIVED_VALIDATED,WHOSCORED_SOURCE_SPECIFIC,076kd,4.5,,,,,,WHOSCORED_CURRENT_OBSERVED,WHOSCORED_CURRENT_OBSERVED,WHOSCORED_CURRENT_OBSERVED,,,,Costinha
soccerdata:sofascore:16363258,FTX-04QFQ,brighton_hove_albion,leeds_united,342889,,4231,,,False,0.0,0,0,0,0.0,0,0.0,0,0,0,0,0,0,0,0,0,0,0,observed_or_derived,False,HOME,2026-09-05,mgr:dfda8206a0e2,Fabian Hürzeler,3,NO_DETAILED_FANTRAX_ROW,UNRESOLVED,0.0,,0.0,0,0,0.0,0.0,0,WHOSCORED_SOURCE_SPECIFIC,WHOSCORED_DERIVED_VALIDATED,WHOSCORED_SOURCE_SPECIFIC,WHOSCORED_DERIVED_VALIDATED,WHOSCORED_SOURCE_SPECIFIC,04qfq,0.0,,,,,,WHOSCORED_CURRENT_OBSERVED,WHOSCORED_CURRENT_OBSERVED,WHOSCORED_CURRENT_OBSERVED,,,,Matt O'Riley
soccerdata:sofascore:16363258,FTX-0791N,brighton_hove_albion,leeds_united,438657,,4231,,,False,0.0,0,0,0,0.0,0,0.0,0,0,0,0,0,0,0,0,0,0,0,observed_or_derived,False,HOME,2026-09-05,mgr:dfda8206a0e2,Fabian Hürzeler,3,NO_DETAILED_FANTRAX_ROW,UNRESOLVED,0.0,,0.0,0,0,0.0,0.0,0,WHOSCORED_SOURCE_SPECIFIC,WHOSCORED_DERIVED_VALIDATED,WHOSCORED_SOURCE_SPECIFIC,WHOSCORED_DERIVED_VALIDATED,WHOSCORED_SOURCE_SPECIFIC,0791n,0.0,,,,,,WHOSCORED_CURRENT_OBSERVED,WHOSCORED_CURRENT_OBSERVED,WHOSCORED_CURRENT_OBSERVED,,,,Jaouen Hadjam
soccerdata:sofascore:16363258,FTX-06MN1,brighton_hove_albion,leeds_united,519755,,4231,,,False,0.0,0,0,0,0.0,0,0.0,0,0,0,0,0,0,0,0,0,0,0,observed_or_derived,False,HOME,2026-09-05,mgr:dfda8206a0e2,Fabian Hürzeler,3,NO_DETAILED_FANTRAX_ROW,UNRESOLVED,0.0,,0.0,0,0,0.0,0.0,0,WHOSCORED_SOURCE_SPECIFIC,WHOSCORED_DERIVED_VALIDATED,WHOSCORED_SOURCE_SPECIFIC,WHOSCORED_DERIVED_VALIDATED,WHOSCORED_SOURCE_SPECIFIC,06mn1,0.0,,,,,,WHOSCORED_CURRENT_OBSERVED,WHOSCORED_CURRENT_OBSERVED,WHOSCORED_CURRENT_OBSERVED,,,,Ibrahim Osman
soccerdata:sofascore:16363258,FTX-0794D,brighton_hove_albion,leeds_united,539663,,4231,,,False,0.0,0,0,0,0.0,0,0.0,0,0,0,0,0,0,0,0,0,0,0,observed_or_derived,False,HOME,2026-09-05,mgr:dfda8206a0e2,Fabian Hürzeler,3,NO_DETAILED_FANTRAX_ROW,UNRESOLVED,0.0,,0.0,0,0,0.0,0.0,0,WHOSCORED_SOURCE_SPECIFIC,WHOSCORED_DERIVED_VALIDATED,WHOSCORED_SOURCE_SPECIFIC,WHOSCORED_DERIVED_VALIDATED,WHOSCORED_SOURCE_SPECIFIC,0794d,0.0,,,,,,WHOSCORED_CURRENT_OBSERVED,WHOSCORED_CURRENT_OBSERVED,WHOSCORED_CURRENT_OBSERVED,,,,Chema Andrés
soccerdata:sofascore:16363258,FTX-04RHA,brighton_hove_albion,leeds_united,33532,,4231,,,False,0.0,0,0,0,0.0,0,0.0,0,0,0,0,0,0,0,0,0,0,0,observed_or_derived,False,HOME,2026-09-05,mgr:dfda8206a0e2,Fabian Hürzeler,3,NO_DETAILED_FANTRAX_ROW,UNRESOLVED,0.0,,0.0,0,0,0.0,0.0,0,WHOSCORED_SOURCE_SPECIFIC,WHOSCORED_DERIVED_VALIDATED,WHOSCORED_SOURCE_SPECIFIC,WHOSCORED_DERIVED_VALIDATED,WHOSCORED_SOURCE_SPECIFIC,04rha,0.0,,,,,,WHOSCORED_CURRENT_OBSERVED,WHOSCORED_CURRENT_OBSERVED,WHOSCORED_CURRENT_OBSERVED,,,,Jason Steele
soccerdata:sofascore:16363258,FTX-072AT,brighton_hove_albion,leeds_united,591587,,4231,,,False,0.0,0,0,0,0.0,0,0.0,0,0,0,0,0,0,0,0,0,0,0,observed_or_derived,False,HOME,2026-09-05,mgr:dfda8206a0e2,Fabian Hürzeler,3,NO_DETAILED_FANTRAX_ROW,UNRESOLVED,0.0,,0.0,0,0,0.0,0.0,0,WHOSCORED_SOURCE_SPECIFIC,WHOSCORED_DERIVED_VALIDATED,WHOSCORED_SOURCE_SPECIFIC,WHOSCORED_DERIVED_VALIDATED,WHOSCORED_SOURCE_SPECIFIC,072at,0.0,,,,,,WHOSCORED_CURRENT_OBSERVED,WHOSCORED_CURRENT_OBSERVED,WHOSCORED_CURRENT_OBSERVED,,,,Nehemiah Oriola
soccerdata:sofascore:16363258,FTX-05OZ3,leeds_united,brighton_hove_albion,404852,7.32,352,GK,,True,0.0,0,0,0,0.0,0,0.0,0,0,0,0,0,0,0,0,0,40,23,observed_or_derived,False,AWAY,2026-09-05,mgr:fa5d385e34dc,Daniel Farke,3,EXACT_PLAYER_PERIOD_DETAILED,EXACT_PLAYER_MATCH,11.0,11.0,0.0,0,0,0.0,0.0,0,WHOSCORED_SOURCE_SPECIFIC,WHOSCORED_DERIVED_VALIDATED,WHOSCORED_SOURCE_SPECIFIC,WHOSCORED_DERIVED_VALIDATED,WHOSCORED_SOURCE_SPECIFIC,05oz3,11.0,11.0,0.0,0.0,0.0,w2mnqywumrp1z5vp,FANTRAX,FANTRAX,FANTRAX,0.0,0.0,0.0,James Trafford
soccerdata:sofascore:16363258,FTX-0784Y,leeds_united,brighton_hove_albion,439533,7.2,352,CB,,True,0.0,0,0,8,3.0,1,2.0,11,2,1,2,0,0,0,0,2,37,26,observed_or_derived,False,AWAY,2026-09-05,mgr:fa5d385e34dc,Daniel Farke,3,EXACT_PLAYER_PERIOD_DETAILED,EXACT_PLAYER_MATCH,10.5,10.5,0.0,0,0,1.0,0.0,0,WHOSCORED_SOURCE_SPECIFIC,WHOSCORED_DERIVED_VALIDATED,WHOSCORED_SOURCE_SPECIFIC,WHOSCORED_DERIVED_VALIDATED,WHOSCORED_SOURCE_SPECIFIC,0784y,10.5,10.5,0.0,3.0,2.0,cjn4stydmrp1z5vp,FANTRAX,FANTRAX,FANTRAX,0.0,0.0,0.0,Tarik Muharemovic
soccerdata:sofascore:16363258,FTX-078WO,leeds_united,brighton_hove_albion,243534,7.0,352,CB,,True,2.0,0,0,8,4.0,0,1.0,7,0,1,0,0,0,0,0,1,22,19,observed_or_derived,False,AWAY,2026-09-05,mgr:fa5d385e34dc,Daniel Farke,3,NO_DETAILED_FANTRAX_ROW,UNRESOLVED,14.5,,0.0,0,0,0.0,0.0,0,WHOSCORED_SOURCE_SPECIFIC,WHOSCORED_DERIVED_VALIDATED,WHOSCORED_SOURCE_SPECIFIC,WHOSCORED_DERIVED_VALIDATED,WHOSCORED_SOURCE_SPECIFIC,078wo,14.5,,,,,,WHOSCORED_CURRENT_OBSERVED,WHOSCORED_CURRENT_OBSERVED,WHOSCORED_CURRENT_OBSERVED,,,,Nico Elvedi
soccerdata:sofascore:16363258,FTX-0521Z,leeds_united,brighton_hove_albion,301441,6.95,352,CB,,True,0.0,0,0,3,2.0,3,2.0,7,4,2,4,0,2,1,0,3,22,14,observed_or_derived,False,AWAY,2026-09-05,mgr:fa5d385e34dc,Daniel Farke,3,EXACT_PLAYER_PERIOD_DETAILED,EXACT_PLAYER_MATCH,10.5,10.5,0.0,2,0,3.0,2.0,0,WHOSCORED_SOURCE_SPECIFIC,WHOSCORED_DERIVED_VALIDATED,WHOSCORED_SOURCE_SPECIFIC,WHOSCORED_DERIVED_VALIDATED,WHOSCORED_SOURCE_SPECIFIC,0521z,10.5,10.5,0.0,2.0,2.0,61fz0pmkmrp1z5vo,FANTRAX,FANTRAX,FANTRAX,0.1029030084609985,0.0,0.1029030084609985,James Justin
soccerdata:sofascore:16363258,FTX-05O8O,leeds_united,brighton_hove_albion,354291,7.21,352,RWB,,True,0.0,1,1,0,0.0,0,1.0,2,0,1,1,0,1,1,1,2,13,8,observed_or_derived,False,AWAY,2026-09-05,mgr:fa5d385e34dc,Daniel Farke,3,NO_DETAILED_FANTRAX_ROW,EXACT_PLAYER_MATCH,18.0,,0.0,0,0,0.0,0.0,0,WHOSCORED_SOURCE_SPECIFIC,WHOSCORED_DERIVED_VALIDATED,WHOSCORED_SOURCE_SPECIFIC,WHOSCORED_DERIVED_VALIDATED,WHOSCORED_SOURCE_SPECIFIC,05o8o,18.0,,0.0,,,,WHOSCORED_CURRENT_OBSERVED,WHOSCORED_CURRENT_OBSERVED,WHOSCORED_CURRENT_OBSERVED,0.9668696522712708,0.0,0.9668696522712708,Jayden Bogle
soccerdata:sofascore:16363258,FTX-06YB7,leeds_united,brighton_hove_albion,330549,6.67,352,LWB,,True,0.0,5,1,2,2.0,3,0.0,3,9,1,3,0,0,0,0,3,35,17,observed_or_derived,False,AWAY,2026-09-05,mgr:fa5d385e34dc,Daniel Farke,3,NO_DETAILED_FANTRAX_ROW,EXACT_PLAYER_MATCH,4.5,,0.0,2,0,3.0,1.0,0,WHOSCORED_SOURCE_SPECIFIC,WHOSCORED_DERIVED_VALIDATED,WHOSCORED_SOURCE_SPECIFIC,WHOSCORED_DERIVED_VALIDATED,WHOSCORED_SOURCE_SPECIFIC,06yb7,4.5,,0.0,,,,WHOSCORED_CURRENT_OBSERVED,WHOSCORED_CURRENT_OBSERVED,WHOSCORED_CURRENT_OBSERVED,0.0,0.0,0.0,Gabriel Gudmundsson
soccerdata:sofascore:16363258,FTX-06ZBX,leeds_united,brighton_hove_albion,401073,6.69,352,CM,,True,1.0,1,1,5,3.0,2,0.0,1,2,1,7,0,1,1,0,4,26,14,observed_or_derived,False,AWAY,2026-09-05,mgr:fa5d385e34dc,Daniel Farke,3,EXACT_PLAYER_PERIOD_DETAILED,EXACT_PLAYER_MATCH,9.5,9.5,0.0,7,1,2.0,1.0,0,WHOSCORED_SOURCE_SPECIFIC,WHOSCORED_DERIVED_VALIDATED,WHOSCORED_SOURCE_SPECIFIC,WHOSCORED_DERIVED_VALIDATED,WHOSCORED_SOURCE_SPECIFIC,06zbx,9.5,9.5,1.0,3.0,0.0,2dxfjlk0mrp1z5vo,FANTRAX,FANTRAX,FANTRAX,0.4997932016849518,0.0194143075495958,0.5192075092345476,Anton Stach
soccerdata:sofascore:16363258,FTX-06UZY,leeds_united,brighton_hove_albion,423347,7.03,352,CM,,True,1.0,1,1,0,0.0,2,0.0,3,3,1,0,0,2,0,0,2,24,19,observed_or_derived,False,AWAY,2026-09-05,mgr:fa5d385e34dc,Daniel Farke,3,NO_DETAILED_FANTRAX_ROW,EXACT_PLAYER_MATCH,11.5,,0.0,0,0,2.0,1.0,0,WHOSCORED_SOURCE_SPECIFIC,WHOSCORED_DERIVED_VALIDATED,WHOSCORED_SOURCE_SPECIFIC,WHOSCORED_DERIVED_VALIDATED,WHOSCORED_SOURCE_SPECIFIC,06uzy,11.5,,1.0,,,,WHOSCORED_CURRENT_OBSERVED,WHOSCORED_CURRENT_OBSERVED,WHOSCORED_CURRENT_OBSERVED,0.6082804203033447,0.9668696522712708,1.5751500725746157,Ao Tanaka
soccerdata:sofascore:16363258,FTX-04LAV,leeds_united,brighton_hove_albion,322418,6.84,352,CM,,True,0.0,0,0,4,1.0,4,2.0,2,1,0,1,0,0,0,0,1,33,19,observed_or_derived,False,AWAY,2026-09-05,mgr:fa5d385e34dc,Daniel Farke,3,EXACT_PLAYER_PERIOD_DETAILED,EXACT_PLAYER_MATCH,9.0,9.0,0.0,1,0,4.0,3.0,0,WHOSCORED_SOURCE_SPECIFIC,WHOSCORED_DERIVED_VALIDATED,WHOSCORED_SOURCE_SPECIFIC,WHOSCORED_DERIVED_VALIDATED,WHOSCORED_SOURCE_SPECIFIC,04lav,9.0,9.0,0.0,1.0,2.0,rx9bjhp3mrp1z5vo,FANTRAX,FANTRAX,FANTRAX,0.0,0.0,0.0,Ethan Ampadu
soccerdata:sofascore:16363258,FTX-070CJ,leeds_united,brighton_hove_albion,376090,6.58,352,ST,,True,0.0,7,3,0,0.0,0,0.0,0,0,0,0,0,0,0,0,2,7,3,observed_or_derived,False,AWAY,2026-09-05,mgr:fa5d385e34dc,Daniel Farke,3,EXACT_PLAYER_PERIOD_DETAILED,EXACT_PLAYER_MATCH,3.0,3.0,0.0,0,0,0.0,0.0,0,WHOSCORED_SOURCE_SPECIFIC,WHOSCORED_DERIVED_VALIDATED,WHOSCORED_SOURCE_SPECIFIC,WHOSCORED_DERIVED_VALIDATED,WHOSCORED_SOURCE_SPECIFIC,070cj,3.0,3.0,0.0,0.0,0.0,qwkltl98mrp1z5vp,FANTRAX,FANTRAX,FANTRAX,0.0,0.0,0.0,Noah Okafor
soccerdata:sofascore:16363258,FTX-049TQ,leeds_united,brighton_hove_albion,141469,6.49,352,ST,,True,1.0,1,0,8,5.0,0,0.0,1,2,0,0,0,2,2,0,5,12,8,observed_or_derived,False,AWAY,2026-09-05,mgr:fa5d385e34dc,Daniel Farke,3,EXACT_PLAYER_PERIOD_DETAILED,EXACT_PLAYER_MATCH,7.0,7.0,0.0,0,0,0.0,0.0,0,WHOSCORED_SOURCE_SPECIFIC,WHOSCORED_DERIVED_VALIDATED,WHOSCORED_SOURCE_SPECIFIC,WHOSCORED_DERIVED_VALIDATED,WHOSCORED_SOURCE_SPECIFIC,049tq,7.0,7.0,1.0,5.0,0.0,aup99ojzmrp1z5vp,FANTRAX,FANTRAX,FANTRAX,0.6989061236381531,0.0834886953234672,0.7823948189616203,Dominic Calvert-Lewin
soccerdata:sofascore:16363258,FTX-04LNU,leeds_united,brighton_hove_albion,347340,5.94,352,,,False,0.0,1,0,1,0.0,0,0.0,0,0,0,0,0,2,1,0,0,4,4,observed_or_derived,False,AWAY,2026-09-05,mgr:fa5d385e34dc,Daniel Farke,3,NO_DETAILED_FANTRAX_ROW,EXACT_PLAYER_MATCH,0.0,,0.0,0,0,0.0,0.0,0,WHOSCORED_SOURCE_SPECIFIC,WHOSCORED_DERIVED_VALIDATED,WHOSCORED_SOURCE_SPECIFIC,WHOSCORED_DERIVED_VALIDATED,WHOSCORED_SOURCE_SPECIFIC,04lnu,0.0,,0.0,,,,WHOSCORED_CURRENT_OBSERVED,WHOSCORED_CURRENT_OBSERVED,WHOSCORED_CURRENT_OBSERVED,0.1622044295072555,0.0,0.1622044295072555,Lukas Nmecha
soccerdata:sofascore:16363258,FTX-06V51,leeds_united,brighton_hove_albion,360941,6.19,352,,,False,0.0,0,0,1,0.0,2,0.0,2,0,0,0,0,0,0,0,0,4,3,observed_or_derived,False,AWAY,2026-09-05,mgr:fa5d385e34dc,Daniel Farke,3,EXACT_PLAYER_PERIOD_DETAILED,EXACT_PLAYER_MATCH,2.0,2.0,0.0,0,0,2.0,1.0,0,WHOSCORED_SOURCE_SPECIFIC,WHOSCORED_DERIVED_VALIDATED,WHOSCORED_SOURCE_SPECIFIC,WHOSCORED_DERIVED_VALIDATED,WHOSCORED_SOURCE_SPECIFIC,06v51,2.0,2.0,0.0,0.0,0.0,rx9bjhp3mrp1z5vo,FANTRAX,FANTRAX,FANTRAX,0.0,0.0,0.0,Jaka Bijol
soccerdata:sofascore:16363258,FTX-061VP,leeds_united,brighton_hove_albion,371012,5.86,352,,,False,0.0,1,0,1,1.0,0,0.0,0,0,1,0,0,0,0,0,2,4,2,observed_or_derived,False,AWAY,2026-09-05,mgr:fa5d385e34dc,Daniel Farke,3,NO_DETAILED_FANTRAX_ROW,EXACT_PLAYER_MATCH,0.5,,0.0,0,0,0.0,0.0,0,WHOSCORED_SOURCE_SPECIFIC,WHOSCORED_DERIVED_VALIDATED,WHOSCORED_SOURCE_SPECIFIC,WHOSCORED_DERIVED_VALIDATED,WHOSCORED_SOURCE_SPECIFIC,061vp,0.5,,0.0,,,,WHOSCORED_CURRENT_OBSERVED,WHOSCORED_CURRENT_OBSERVED,WHOSCORED_CURRENT_OBSERVED,0.0,0.0,0.0,Brenden Aaronson
soccerdata:sofascore:16363258,FTX-03RXS,leeds_united,brighton_hove_albion,333044,5.98,352,,,False,2.0,0,0,1,0.0,0,0.0,0,1,0,1,0,0,0,0,2,6,4,observed_or_derived,False,AWAY,2026-09-05,mgr:fa5d385e34dc,Daniel Farke,3,NO_DETAILED_FANTRAX_ROW,EXACT_PLAYER_MATCH,2.0,,0.0,1,0,0.0,0.0,0,WHOSCORED_SOURCE_SPECIFIC,WHOSCORED_DERIVED_VALIDATED,WHOSCORED_SOURCE_SPECIFIC,WHOSCORED_DERIVED_VALIDATED,WHOSCORED_SOURCE_SPECIFIC,03rxs,2.0,,2.0,,,,WHOSCORED_CURRENT_OBSERVED,WHOSCORED_CURRENT_OBSERVED,WHOSCORED_CURRENT_OBSERVED,0.0,0.1622044295072555,0.1622044295072555,Harry Wilson
soccerdata:sofascore:16363258,FTX-0794C,leeds_united,brighton_hove_albion,389064,,352,,,False,0.0,0,0,0,0.0,0,0.0,0,0,0,0,0,0,0,0,0,0,0,observed_or_derived,False,AWAY,2026-09-05,mgr:fa5d385e34dc,Daniel Farke,3,NO_DETAILED_FANTRAX_ROW,UNRESOLVED,0.0,,0.0,0,0,0.0,0.0,0,WHOSCORED_SOURCE_SPECIFIC,WHOSCORED_DERIVED_VALIDATED,WHOSCORED_SOURCE_SPECIFIC,WHOSCORED_DERIVED_VALIDATED,WHOSCORED_SOURCE_SPECIFIC,0794c,0.0,,,,,,WHOSCORED_CURRENT_OBSERVED,WHOSCORED_CURRENT_OBSERVED,WHOSCORED_CURRENT_OBSERVED,,,,Melvin Bard
soccerdata:sofascore:16363258,FTX-0794I,leeds_united,brighton_hove_albion,444748,,352,,,False,0.0,0,0,0,0.0,0,0.0,0,0,0,0,0,0,0,0,0,0,0,observed_or_derived,False,AWAY,2026-09-05,mgr:fa5d385e34dc,Daniel Farke,3,NO_DETAILED_FANTRAX_ROW,UNRESOLVED,0.0,,0.0,0,0,0.0,0.0,0,WHOSCORED_SOURCE_SPECIFIC,WHOSCORED_DERIVED_VALIDATED,WHOSCORED_SOURCE_SPECIFIC,WHOSCORED_DERIVED_VALIDATED,WHOSCORED_SOURCE_SPECIFIC,0794i,0.0,,,,,,WHOSCORED_CURRENT_OBSERVED,WHOSCORED_CURRENT_OBSERVED,WHOSCORED_CURRENT_OBSERVED,,,,Jean-Mattéo Bahoya
soccerdata:sofascore:16363258,FTX-0793N,leeds_united,brighton_hove_albion,280191,,352,,,False,0.0,0,0,0,0.0,0,0.0,0,0,0,0,0,0,0,0,0,0,0,observed_or_derived,False,AWAY,2026-09-05,mgr:fa5d385e34dc,Daniel Farke,3,NO_DETAILED_FANTRAX_ROW,UNRESOLVED,0.0,,0.0,0,0,0.0,0.0,0,WHOSCORED_SOURCE_SPECIFIC,WHOSCORED_DERIVED_VALIDATED,WHOSCORED_SOURCE_SPECIFIC,WHOSCORED_DERIVED_VALIDATED,WHOSCORED_SOURCE_SPECIFIC,0793n,0.0,,,,,,WHOSCORED_CURRENT_OBSERVED,WHOSCORED_CURRENT_OBSERVED,WHOSCORED_CURRENT_OBSERVED,,,,Michael Zetterer
soccerdata:sofascore:16363258,FTX-04UG0,leeds_united,brighton_hove_albion,342811,,352,,,False,0.0,0,0,0,0.0,0,0.0,0,0,0,0,0,0,0,0,0,0,0,observed_or_derived,False,AWAY,2026-09-05,mgr:fa5d385e34dc,Daniel Farke,3,NO_DETAILED_FANTRAX_ROW,UNRESOLVED,0.0,,0.0,0,0,0.0,0.0,0,WHOSCORED_SOURCE_SPECIFIC,WHOSCORED_DERIVED_VALIDATED,WHOSCORED_SOURCE_SPECIFIC,WHOSCORED_DERIVED_VALIDATED,WHOSCORED_SOURCE_SPECIFIC,04ug0,0.0,,,,,,WHOSCORED_CURRENT_OBSERVED,WHOSCORED_CURRENT_OBSERVED,WHOSCORED_CURRENT_OBSERVED,,,,Sean Longstaff
soccerdata:sofascore:16363258,FTX-03YR0,leeds_united,brighton_hove_albion,302313,,352,,,False,0.0,0,0,0,0.0,0,0.0,0,0,0,0,0,0,0,0,0,0,0,observed_or_derived,False,AWAY,2026-09-05,mgr:fa5d385e34dc,Daniel Farke,3,NO_DETAILED_FANTRAX_ROW,UNRESOLVED,0.0,,0.0,0,0,0.0,0.0,0,WHOSCORED_SOURCE_SPECIFIC,WHOSCORED_DERIVED_VALIDATED,WHOSCORED_SOURCE_SPECIFIC,WHOSCORED_DERIVED_VALIDATED,WHOSCORED_SOURCE_SPECIFIC,03yr0,0.0,,,,,,WHOSCORED_CURRENT_OBSERVED,WHOSCORED_CURRENT_OBSERVED,WHOSCORED_CURRENT_OBSERVED,,,,Daniel James
soccerdata:sofascore:16363260,FTX-045OB,brentford,sunderland,322176,6.92,4231,GK,,True,0.0,0,0,1,1.0,0,0.0,1,1,0,0,0,0,0,0,0,33,20,observed_or_derived,False,HOME,2026-09-05,mgr:5f487ee40c90,Keith Andrews,3,NO_DETAILED_FANTRAX_ROW,EXACT_PLAYER_MATCH,9.0,,0.0,0,0,0.0,0.0,0,WHOSCORED_SOURCE_SPECIFIC,WHOSCORED_DERIVED_VALIDATED,WHOSCORED_SOURCE_SPECIFIC,WHOSCORED_DERIVED_VALIDATED,WHOSCORED_SOURCE_SPECIFIC,045ob,9.0,,0.0,,,,WHOSCORED_CURRENT_OBSERVED,WHOSCORED_CURRENT_OBSERVED,WHOSCORED_CURRENT_OBSERVED,0.0,0.0,0.0,Caoimhín Kelleher
soccerdata:sofascore:16363260,FTX-06RGG,brentford,sunderland,470031,6.57,4231,RB,,True,0.0,0,0,1,1.0,0,1.0,3,2,2,1,0,1,1,0,2,10,8,observed_or_derived,False,HOME,2026-09-05,mgr:5f487ee40c90,Keith Andrews,3,EXACT_PLAYER_PERIOD_DETAILED,EXACT_PLAYER_MATCH,4.5,4.5,0.0,1,0,0.0,0.0,0,WHOSCORED_SOURCE_SPECIFIC,WHOSCORED_DERIVED_VALIDATED,WHOSCORED_SOURCE_SPECIFIC,WHOSCORED_DERIVED_VALIDATED,WHOSCORED_SOURCE_SPECIFIC,06rgg,4.5,4.5,0.0,1.0,1.0,w2mnqywumrp1z5vp,FANTRAX,FANTRAX,FANTRAX,0.016838202252984,0.0,0.016838202252984,Michael Kayode
soccerdata:sofascore:16363260,FTX-05U1M,brentford,sunderland,372724,6.36,4231,CB,,True,0.0,0,0,0,0.0,0,0.0,1,0,0,0,0,0,0,0,1,2,1,observed_or_derived,False,HOME,2026-09-05,mgr:5f487ee40c90,Keith Andrews,3,EXACT_PLAYER_PERIOD_DETAILED,EXACT_PLAYER_MATCH,0.5,0.5,0.0,0,0,0.0,0.0,0,WHOSCORED_SOURCE_SPECIFIC,WHOSCORED_DERIVED_VALIDATED,WHOSCORED_SOURCE_SPECIFIC,WHOSCORED_DERIVED_VALIDATED,WHOSCORED_SOURCE_SPECIFIC,05u1m,0.5,0.5,0.0,0.0,0.0,61fz0pmkmrp1z5vo,FANTRAX,FANTRAX,FANTRAX,0.0,0.0,0.0,Nathan Collins
soccerdata:sofascore:16363260,FTX-05UEL,brentford,sunderland,321085,6.63,4231,CB,,True,0.0,1,0,9,6.0,0,1.0,4,2,0,0,0,0,0,0,3,57,46,observed_or_derived,False,HOME,2026-09-05,mgr:5f487ee40c90,Keith Andrews,3,EXACT_PLAYER_PERIOD_DETAILED,EXACT_PLAYER_MATCH,9.0,9.0,0.0,0,0,0.0,0.0,0,WHOSCORED_SOURCE_SPECIFIC,WHOSCORED_DERIVED_VALIDATED,WHOSCORED_SOURCE_SPECIFIC,WHOSCORED_DERIVED_VALIDATED,WHOSCORED_SOURCE_SPECIFIC,05uel,9.0,9.0,0.0,6.0,1.0,aup99ojzmrp1z5vp,FANTRAX,FANTRAX,FANTRAX,0.0,0.0,0.0,Kristoffer Ajer
soccerdata:sofascore:16363260,FTX-062P3,brentford,sunderland,368512,6.11,4231,LB,,True,3.0,4,1,5,0.0,1,0.0,4,1,0,8,0,3,1,0,4,46,36,observed_or_derived,False,HOME,2026-09-05,mgr:5f487ee40c90,Keith Andrews,3,EXACT_PLAYER_PERIOD_DETAILED,EXACT_PLAYER_MATCH,11.5,11.5,0.0,8,3,1.0,0.0,0,WHOSCORED_SOURCE_SPECIFIC,WHOSCORED_DERIVED_VALIDATED,WHOSCORED_SOURCE_SPECIFIC,WHOSCORED_DERIVED_VALIDATED,WHOSCORED_SOURCE_SPECIFIC,062p3,11.5,11.5,3.0,0.0,0.0,2dxfjlk0mrp1z5vo,FANTRAX,FANTRAX,FANTRAX,0.4301902949810028,0.574801504611969,1.0049917995929718,Keane Lewis-Potter
soccerdata:sofascore:16363260,FTX-05TRE,brentford,sunderland,298689,7.35,4231,DM,,True,0.0,0,0,1,0.0,4,2.0,0,5,0,0,0,1,1,1,3,51,40,observed_or_derived,False,HOME,2026-09-05,mgr:5f487ee40c90,Keith Andrews,3,EXACT_PLAYER_PERIOD_DETAILED,EXACT_PLAYER_MATCH,15.0,6.0,0.0,0,0,4.0,3.0,0,WHOSCORED_SOURCE_SPECIFIC,WHOSCORED_DERIVED_VALIDATED,WHOSCORED_SOURCE_SPECIFIC,WHOSCORED_DERIVED_VALIDATED,WHOSCORED_SOURCE_SPECIFIC,05tre,15.0,6.0,0.0,0.0,2.0,w2mnqywumrp1z5vp,FANTRAX,FANTRAX,FANTRAX,0.3616722524166107,0.0,0.3616722524166107,Vitaly Janelt
soccerdata:sofascore:16363260,FTX-07877,brentford,sunderland,442971,6.41,4231,DM,,True,0.0,1,1,1,0.0,1,1.0,0,3,0,0,0,2,0,0,4,19,16,observed_or_derived,False,HOME,2026-09-05,mgr:5f487ee40c90,Keith Andrews,3,EXACT_PLAYER_PERIOD_DETAILED,EXACT_PLAYER_MATCH,1.0,1.0,0.0,0,0,1.0,1.0,0,WHOSCORED_SOURCE_SPECIFIC,WHOSCORED_DERIVED_VALIDATED,WHOSCORED_SOURCE_SPECIFIC,WHOSCORED_DERIVED_VALIDATED,WHOSCORED_SOURCE_SPECIFIC,07877,1.0,1.0,0.0,0.0,1.0,h2e8dn5dmrp1z5vp,FANTRAX,FANTRAX,FANTRAX,0.122185617685318,0.0,0.122185617685318,Mamadou Sangaré
soccerdata:sofascore:16363260,FTX-068LX,brentford,sunderland,422183,6.4,4231,RW,,True,1.0,4,0,0,0.0,1,1.0,2,7,0,0,0,0,0,0,1,14,10,observed_or_derived,False,HOME,2026-09-05,mgr:5f487ee40c90,Keith Andrews,3,EXACT_PLAYER_PERIOD_DETAILED,EXACT_PLAYER_MATCH,4.0,4.0,0.0,0,0,1.0,0.0,0,WHOSCORED_SOURCE_SPECIFIC,WHOSCORED_DERIVED_VALIDATED,WHOSCORED_SOURCE_SPECIFIC,WHOSCORED_DERIVED_VALIDATED,WHOSCORED_SOURCE_SPECIFIC,068lx,4.0,4.0,1.0,0.0,1.0,h2e8dn5dmrp1z5vp,FANTRAX,FANTRAX,FANTRAX,0.0,0.0165319796651601,0.0165319796651601,Dango Ouattara
soccerdata:sofascore:16363260,FTX-063Q8,brentford,sunderland,401168,6.6,4231,CAM,,True,2.0,2,1,0,0.0,0,0.0,1,3,2,6,0,0,0,0,3,43,31,observed_or_derived,False,HOME,2026-09-05,mgr:5f487ee40c90,Keith Andrews,3,EXACT_PLAYER_PERIOD_DETAILED,EXACT_PLAYER_MATCH,12.0,6.0,0.0,6,1,0.0,0.0,0,WHOSCORED_SOURCE_SPECIFIC,WHOSCORED_DERIVED_VALIDATED,WHOSCORED_SOURCE_SPECIFIC,WHOSCORED_DERIVED_VALIDATED,WHOSCORED_SOURCE_SPECIFIC,063q8,12.0,6.0,2.0,0.0,0.0,cjn4stydmrp1z5vp,FANTRAX,FANTRAX,FANTRAX,0.0,0.3886305689811706,0.3886305689811706,Mikkel Damsgaard
soccerdata:sofascore:16363260,FTX-067ZV,brentford,sunderland,407260,6.44,4231,LW,,True,1.0,7,1,7,4.0,0,0.0,0,5,1,0,0,0,0,0,2,28,19,observed_or_derived,False,HOME,2026-09-05,mgr:5f487ee40c90,Keith Andrews,3,EXACT_PLAYER_PERIOD_DETAILED,EXACT_PLAYER_MATCH,4.5,4.5,0.0,0,0,0.0,0.0,0,WHOSCORED_SOURCE_SPECIFIC,WHOSCORED_DERIVED_VALIDATED,WHOSCORED_SOURCE_SPECIFIC,WHOSCORED_DERIVED_VALIDATED,WHOSCORED_SOURCE_SPECIFIC,067zv,4.5,4.5,1.0,4.0,0.0,aup99ojzmrp1z5vp,FANTRAX,FANTRAX,FANTRAX,0.0,0.0161119308322668,0.0161119308322668,Kevin Schade
soccerdata:sofascore:16363260,FTX-06MN0,brentford,sunderland,443784,7.11,4231,ST,,True,0.0,2,1,14,7.0,1,0.0,2,2,0,0,0,2,2,0,0,20,14,observed_or_derived,False,HOME,2026-09-05,mgr:5f487ee40c90,Keith Andrews,3,EXACT_PLAYER_PERIOD_DETAILED,EXACT_PLAYER_MATCH,9.0,9.0,0.0,0,0,1.0,1.0,0,WHOSCORED_SOURCE_SPECIFIC,WHOSCORED_DERIVED_VALIDATED,WHOSCORED_SOURCE_SPECIFIC,WHOSCORED_DERIVED_VALIDATED,WHOSCORED_SOURCE_SPECIFIC,06mn0,9.0,9.0,0.0,7.0,0.0,qwkltl98mrp1z5vp,FANTRAX,FANTRAX,FANTRAX,0.5010325312614441,0.0,0.5010325312614441,Igor Thiago
soccerdata:sofascore:16363260,pr_85d6f7bc47e6aadc,brentford,sunderland,533784,6.91,4231,,,False,0.0,0,0,8,4.0,0,0.0,9,0,0,0,0,1,0,0,1,27,22,observed_or_derived,False,HOME,2026-09-05,mgr:5f487ee40c90,Keith Andrews,3,NO_DETAILED_FANTRAX_ROW,UNRESOLVED,9.5,,0.0,0,0,0.0,0.0,0,WHOSCORED_SOURCE_SPECIFIC,WHOSCORED_DERIVED_VALIDATED,WHOSCORED_SOURCE_SPECIFIC,WHOSCORED_DERIVED_VALIDATED,WHOSCORED_SOURCE_SPECIFIC,076kc,9.5,,,,,,WHOSCORED_CURRENT_OBSERVED,WHOSCORED_CURRENT_OBSERVED,WHOSCORED_CURRENT_OBSERVED,,,,Jannik Schuster
soccerdata:sofascore:16363260,FTX-03R8X,brentford,sunderland,134115,6.05,4231,,,False,0.0,0,0,1,1.0,0,0.0,1,0,0,0,0,0,0,0,1,0,0,observed_or_derived,False,HOME,2026-09-05,mgr:5f487ee40c90,Keith Andrews,3,NO_DETAILED_FANTRAX_ROW,EXACT_PLAYER_MATCH,1.0,,0.0,0,0,0.0,0.0,0,WHOSCORED_SOURCE_SPECIFIC,WHOSCORED_DERIVED_VALIDATED,WHOSCORED_SOURCE_SPECIFIC,WHOSCORED_DERIVED_VALIDATED,WHOSCORED_SOURCE_SPECIFIC,03r8x,1.0,,0.0,,,,WHOSCORED_CURRENT_OBSERVED,WHOSCORED_CURRENT_OBSERVED,WHOSCORED_CURRENT_OBSERVED,0.0,0.0,0.0,Callum Wilson
soccerdata:sofascore:16363260,FTX-061VK,brentford,sunderland,400610,5.94,4231,,,False,0.0,5,1,0,0.0,0,0.0,0,4,3,3,0,1,0,0,1,17,8,observed_or_derived,False,HOME,2026-09-05,mgr:5f487ee40c90,Keith Andrews,3,NO_DETAILED_FANTRAX_ROW,EXACT_PLAYER_MATCH,1.0,,0.0,3,0,0.0,0.0,0,WHOSCORED_SOURCE_SPECIFIC,WHOSCORED_DERIVED_VALIDATED,WHOSCORED_SOURCE_SPECIFIC,WHOSCORED_DERIVED_VALIDATED,WHOSCORED_SOURCE_SPECIFIC,061vk,1.0,,0.0,,,,WHOSCORED_CURRENT_OBSERVED,WHOSCORED_CURRENT_OBSERVED,WHOSCORED_CURRENT_OBSERVED,0.0292496141046285,0.0,0.0292496141046285,Jaidon Anthony
soccerdata:sofascore:16363260,FTX-062OG,brentford,sunderland,402367,6.44,4231,,,False,0.0,0,0,4,1.0,1,2.0,2,2,1,1,0,0,0,0,0,19,15,observed_or_derived,False,HOME,2026-09-05,mgr:5f487ee40c90,Keith Andrews,3,NO_DETAILED_FANTRAX_ROW,EXACT_PLAYER_MATCH,4.0,,0.0,1,0,1.0,0.0,0,WHOSCORED_SOURCE_SPECIFIC,WHOSCORED_DERIVED_VALIDATED,WHOSCORED_SOURCE_SPECIFIC,WHOSCORED_DERIVED_VALIDATED,WHOSCORED_SOURCE_SPECIFIC,062og,4.0,,0.0,,,,WHOSCORED_CURRENT_OBSERVED,WHOSCORED_CURRENT_OBSERVED,WHOSCORED_CURRENT_OBSERVED,0.0,0.0,0.0,Aaron Hickey
soccerdata:sofascore:16363260,pr_3cf050eefa7ee764,brentford,sunderland,444304,6.06,4231,,,False,0.0,0,0,1,1.0,1,0.0,1,3,2,0,0,1,1,0,2,29,24,observed_or_derived,False,HOME,2026-09-05,mgr:5f487ee40c90,Keith Andrews,3,NO_DETAILED_FANTRAX_ROW,EXACT_PLAYER_MATCH,0.0,,0.0,0,0,1.0,1.0,0,WHOSCORED_SOURCE_SPECIFIC,WHOSCORED_DERIVED_VALIDATED,WHOSCORED_SOURCE_SPECIFIC,WHOSCORED_DERIVED_VALIDATED,WHOSCORED_SOURCE_SPECIFIC,066r9,0.0,,0.0,,,,WHOSCORED_CURRENT_OBSERVED,WHOSCORED_CURRENT_OBSERVED,WHOSCORED_CURRENT_OBSERVED,0.0161119308322668,0.0,0.0161119308322668,Yehor Yarmoliuk
soccerdata:sofascore:16363260,FTX-06JFE,brentford,sunderland,412313,,4231,,,False,0.0,0,0,0,0.0,0,0.0,0,0,0,0,0,0,0,0,0,0,0,observed_or_derived,False,HOME,2026-09-05,mgr:5f487ee40c90,Keith Andrews,3,NO_DETAILED_FANTRAX_ROW,UNRESOLVED,0.0,,0.0,0,0,0.0,0.0,0,WHOSCORED_SOURCE_SPECIFIC,WHOSCORED_DERIVED_VALIDATED,WHOSCORED_SOURCE_SPECIFIC,WHOSCORED_DERIVED_VALIDATED,WHOSCORED_SOURCE_SPECIFIC,06jfe,0.0,,,,,,WHOSCORED_CURRENT_OBSERVED,WHOSCORED_CURRENT_OBSERVED,WHOSCORED_CURRENT_OBSERVED,,,,Hákon Valdimarsson
soccerdata:sofascore:16363260,FTX-05OJF,brentford,sunderland,401385,,4231,,,False,0.0,0,0,0,0.0,0,0.0,0,0,0,0,0,0,0,0,0,0,0,observed_or_derived,False,HOME,2026-09-05,mgr:5f487ee40c90,Keith Andrews,3,NO_DETAILED_FANTRAX_ROW,UNRESOLVED,0.0,,0.0,0,0,0.0,0.0,0,WHOSCORED_SOURCE_SPECIFIC,WHOSCORED_DERIVED_VALIDATED,WHOSCORED_SOURCE_SPECIFIC,WHOSCORED_DERIVED_VALIDATED,WHOSCORED_SOURCE_SPECIFIC,05ojf,0.0,,,,,,WHOSCORED_CURRENT_OBSERVED,WHOSCORED_CURRENT_OBSERVED,WHOSCORED_CURRENT_OBSERVED,,,,Fábio Carvalho
soccerdata:sofascore:16363260,FTX-05TQZ,brentford,sunderland,229562,,4231,,,False,0.0,0,0,0,0.0,0,0.0,0,0,0,0,0,0,0,0,0,0,0,observed_or_derived,False,HOME,2026-09-05,mgr:5f487ee40c90,Keith Andrews,3,NO_DETAILED_FANTRAX_ROW,UNRESOLVED,0.0,,0.0,0,0,0.0,0.0,0,WHOSCORED_SOURCE_SPECIFIC,WHOSCORED_DERIVED_VALIDATED,WHOSCORED_SOURCE_SPECIFIC,WHOSCORED_DERIVED_VALIDATED,WHOSCORED_SOURCE_SPECIFIC,05tqz,0.0,,,,,,WHOSCORED_CURRENT_OBSERVED,WHOSCORED_CURRENT_OBSERVED,WHOSCORED_CURRENT_OBSERVED,,,,Rico Henry
soccerdata:sofascore:16363260,FTX-06YMU,brentford,sunderland,479288,,4231,,,False,0.0,0,0,0,0.0,0,0.0,0,0,0,0,0,0,0,0,0,0,0,observed_or_derived,False,HOME,2026-09-05,mgr:5f487ee40c90,Keith Andrews,3,EXACT_PLAYER_PERIOD_DETAILED,UNRESOLVED,0.0,,0.0,0,0,0.0,0.0,0,WHOSCORED_SOURCE_SPECIFIC,WHOSCORED_DERIVED_VALIDATED,WHOSCORED_SOURCE_SPECIFIC,WHOSCORED_DERIVED_VALIDATED,WHOSCORED_SOURCE_SPECIFIC,06ymu,0.0,,0.0,0.0,0.0,acjx0vg4mrp1z5vo,FANTRAX,FANTRAX,FANTRAX,,,,El Hadji Malick Diouf
soccerdata:sofascore:16363260,FTX-06ZNB,sunderland,brentford,422814,6.33,4231,GK,,True,0.0,0,0,0,0.0,0,0.0,0,2,0,0,0,0,0,0,1,43,31,observed_or_derived,False,AWAY,2026-09-05,mgr:1a031e232e88,Régis Le Bris,3,EXACT_PLAYER_PERIOD_DETAILED,EXACT_PLAYER_MATCH,3.5,3.5,0.0,0,0,0.0,0.0,0,WHOSCORED_SOURCE_SPECIFIC,WHOSCORED_DERIVED_VALIDATED,WHOSCORED_SOURCE_SPECIFIC,WHOSCORED_DERIVED_VALIDATED,WHOSCORED_SOURCE_SPECIFIC,06znb,3.5,3.5,0.0,0.0,0.0,61fz0pmkmrp1z5vo,FANTRAX,FANTRAX,FANTRAX,0.0,0.0,0.0,Robin Roefs
soccerdata:sofascore:16363260,FTX-0703C,sunderland,brentford,299077,7.37,4231,RB,,True,0.0,2,1,8,5.0,4,0.0,9,6,0,1,0,0,0,0,2,30,22,observed_or_derived,False,AWAY,2026-09-05,mgr:1a031e232e88,Régis Le Bris,3,EXACT_PLAYER_PERIOD_DETAILED,EXACT_PLAYER_MATCH,15.5,15.5,0.0,1,1,4.0,4.0,0,WHOSCORED_SOURCE_SPECIFIC,WHOSCORED_DERIVED_VALIDATED,WHOSCORED_SOURCE_SPECIFIC,WHOSCORED_DERIVED_VALIDATED,WHOSCORED_SOURCE_SPECIFIC,0703c,15.5,15.5,0.0,5.0,0.0,aup99ojzmrp1z5vp,FANTRAX,FANTRAX,FANTRAX,0.0,0.0,0.0,Nordi Mukiele
soccerdata:sofascore:16363260,FTX-057CR,sunderland,brentford,330816,6.79,4231,CB,,True,1.0,0,0,4,2.0,1,0.0,7,3,0,0,0,0,0,0,2,48,38,observed_or_derived,False,AWAY,2026-09-05,mgr:1a031e232e88,Régis Le Bris,3,NO_DETAILED_FANTRAX_ROW,EXACT_PLAYER_MATCH,7.5,,0.0,0,0,1.0,0.0,0,WHOSCORED_SOURCE_SPECIFIC,WHOSCORED_DERIVED_VALIDATED,WHOSCORED_SOURCE_SPECIFIC,WHOSCORED_DERIVED_VALIDATED,WHOSCORED_SOURCE_SPECIFIC,057cr,7.5,,1.0,,,,WHOSCORED_CURRENT_OBSERVED,WHOSCORED_CURRENT_OBSERVED,WHOSCORED_CURRENT_OBSERVED,0.0,0.0498398542404174,0.0498398542404174,Kevin Danso
soccerdata:sofascore:16363260,FTX-05NNS,sunderland,brentford,371761,7.25,4231,CB,,True,1.0,1,1,12,6.0,2,0.0,7,5,0,0,0,1,0,0,2,34,25,observed_or_derived,False,AWAY,2026-09-05,mgr:1a031e232e88,Régis Le Bris,3,EXACT_PLAYER_PERIOD_DETAILED,EXACT_PLAYER_MATCH,14.5,14.5,0.0,0,0,2.0,1.0,0,WHOSCORED_SOURCE_SPECIFIC,WHOSCORED_DERIVED_VALIDATED,WHOSCORED_SOURCE_SPECIFIC,WHOSCORED_DERIVED_VALIDATED,WHOSCORED_SOURCE_SPECIFIC,05nns,14.5,14.5,1.0,6.0,0.0,cjn4stydmrp1z5vp,FANTRAX,FANTRAX,FANTRAX,0.0498398542404174,0.1215724050998687,0.1714122593402861,Dan Ballard
soccerdata:sofascore:16363260,FTX-06YB9,sunderland,brentford,361812,6.6,4231,LB,,True,0.0,0,0,2,1.0,3,2.0,2,7,2,0,0,0,0,0,1,43,36,observed_or_derived,False,AWAY,2026-09-05,mgr:1a031e232e88,Régis Le Bris,3,EXACT_PLAYER_PERIOD_DETAILED,EXACT_PLAYER_MATCH,6.0,6.0,0.0,0,0,3.0,2.0,0,WHOSCORED_SOURCE_SPECIFIC,WHOSCORED_DERIVED_VALIDATED,WHOSCORED_SOURCE_SPECIFIC,WHOSCORED_DERIVED_VALIDATED,WHOSCORED_SOURCE_SPECIFIC,06yb9,6.0,6.0,0.0,1.0,2.0,w2mnqywumrp1z5vp,FANTRAX,FANTRAX,FANTRAX,0.0,0.0,0.0,Reinildo Mandava
soccerdata:sofascore:16363260,FTX-06Y59,sunderland,brentford,437449,6.23,4231,DM,,True,1.0,0,0,1,0.0,0,0.0,0,3,2,0,0,3,3,0,3,36,34,observed_or_derived,False,AWAY,2026-09-05,mgr:1a031e232e88,Régis Le Bris,3,EXACT_PLAYER_PERIOD_DETAILED,EXACT_PLAYER_MATCH,3.5,3.5,0.0,0,0,0.0,0.0,0,WHOSCORED_SOURCE_SPECIFIC,WHOSCORED_DERIVED_VALIDATED,WHOSCORED_SOURCE_SPECIFIC,WHOSCORED_DERIVED_VALIDATED,WHOSCORED_SOURCE_SPECIFIC,06y59,3.5,3.5,1.0,0.0,0.0,hpsurdtbmrp1z5vo,FANTRAX,FANTRAX,FANTRAX,0.5550075173377991,0.3508208990097046,0.9058284163475036,Noah Sadiki
soccerdata:sofascore:16363260,FTX-0435M,sunderland,brentford,89401,6.7,4231,DM,,True,1.0,0,0,4,2.0,2,2.0,1,9,0,7,1,1,0,0,1,63,40,observed_or_derived,False,AWAY,2026-09-05,mgr:1a031e232e88,Régis Le Bris,3,EXACT_PLAYER_PERIOD_DETAILED,EXACT_PLAYER_MATCH,7.0,7.0,0.0,7,1,2.0,2.0,0,WHOSCORED_SOURCE_SPECIFIC,WHOSCORED_DERIVED_VALIDATED,WHOSCORED_SOURCE_SPECIFIC,WHOSCORED_DERIVED_VALIDATED,WHOSCORED_SOURCE_SPECIFIC,0435m,7.0,7.0,1.0,2.0,2.0,aup99ojzmrp1z5vp,FANTRAX,FANTRAX,FANTRAX,0.0633862242102623,0.0886296331882476,0.1520158573985099,Granit Xhaka
soccerdata:sofascore:16363260,FTX-0785J,sunderland,brentford,104376,6.15,4231,RW,,True,0.0,1,0,4,0.0,0,1.0,2,0,1,1,0,1,1,0,1,12,10,observed_or_derived,False,AWAY,2026-09-05,mgr:1a031e232e88,Régis Le Bris,3,NO_DETAILED_FANTRAX_ROW,EXACT_PLAYER_MATCH,3.5,,0.0,0,0,0.0,0.0,0,WHOSCORED_SOURCE_SPECIFIC,WHOSCORED_DERIVED_VALIDATED,WHOSCORED_SOURCE_SPECIFIC,WHOSCORED_DERIVED_VALIDATED,WHOSCORED_SOURCE_SPECIFIC,0785j,3.5,,0.0,,,,WHOSCORED_CURRENT_OBSERVED,WHOSCORED_CURRENT_OBSERVED,WHOSCORED_CURRENT_OBSERVED,0.3508208990097046,0.0,0.3508208990097046,Thomas Meunier
soccerdata:sofascore:16363260,FTX-06V0P,sunderland,brentford,398393,7.61,4231,CAM,,True,0.0,2,1,5,3.0,4,0.0,0,2,1,2,0,3,1,1,2,38,23,observed_or_derived,False,AWAY,2026-09-05,mgr:1a031e232e88,Régis Le Bris,3,EXACT_PLAYER_PERIOD_DETAILED,EXACT_PLAYER_MATCH,15.5,6.5,0.0,2,0,4.0,2.0,0,WHOSCORED_SOURCE_SPECIFIC,WHOSCORED_DERIVED_VALIDATED,WHOSCORED_SOURCE_SPECIFIC,WHOSCORED_DERIVED_VALIDATED,WHOSCORED_SOURCE_SPECIFIC,06v0p,15.5,6.5,0.0,3.0,0.0,61fz0pmkmrp1z5vo,FANTRAX,FANTRAX,FANTRAX,0.831977128982544,0.0,0.831977128982544,Enzo Le Fée
soccerdata:sofascore:16363260,FTX-072ZS,sunderland,brentford,443064,6.31,4231,LW,,True,0.0,5,2,0,0.0,1,0.0,0,3,1,2,0,0,0,0,2,29,22,observed_or_derived,False,AWAY,2026-09-05,mgr:1a031e232e88,Régis Le Bris,3,EXACT_PLAYER_PERIOD_DETAILED,EXACT_PLAYER_MATCH,2.5,2.5,0.0,2,0,1.0,0.0,0,WHOSCORED_SOURCE_SPECIFIC,WHOSCORED_DERIVED_VALIDATED,WHOSCORED_SOURCE_SPECIFIC,WHOSCORED_DERIVED_VALIDATED,WHOSCORED_SOURCE_SPECIFIC,072zs,2.5,2.5,0.0,0.0,0.0,2dxfjlk0mrp1z5vo,FANTRAX,FANTRAX,FANTRAX,0.0,0.0,0.0,Nilson Angulo
soccerdata:sofascore:16363260,FTX-070HC,sunderland,brentford,404568,6.95,4231,ST,,True,3.0,2,0,8,5.0,0,0.0,0,3,1,0,0,3,2,0,2,21,15,observed_or_derived,False,AWAY,2026-09-05,mgr:1a031e232e88,Régis Le Bris,3,NO_DETAILED_FANTRAX_ROW,EXACT_PLAYER_MATCH,8.5,,0.0,0,0,0.0,0.0,0,WHOSCORED_SOURCE_SPECIFIC,WHOSCORED_DERIVED_VALIDATED,WHOSCORED_SOURCE_SPECIFIC,WHOSCORED_DERIVED_VALIDATED,WHOSCORED_SOURCE_SPECIFIC,070hc,8.5,,3.0,,,,WHOSCORED_CURRENT_OBSERVED,WHOSCORED_CURRENT_OBSERVED,WHOSCORED_CURRENT_OBSERVED,0.2102020382881164,0.5498762726783752,0.7600783109664917,Brian Brobbey
soccerdata:sofascore:16363260,FTX-0794J,sunderland,brentford,438102,6.25,4231,,,False,0.0,1,1,0,0.0,0,0.0,0,0,1,1,0,0,0,0,1,6,5,observed_or_derived,False,AWAY,2026-09-05,mgr:1a031e232e88,Régis Le Bris,3,NO_DETAILED_FANTRAX_ROW,UNRESOLVED,1.0,,0.0,1,0,0.0,0.0,0,WHOSCORED_SOURCE_SPECIFIC,WHOSCORED_DERIVED_VALIDATED,WHOSCORED_SOURCE_SPECIFIC,WHOSCORED_DERIVED_VALIDATED,WHOSCORED_SOURCE_SPECIFIC,0794j,1.0,,,,,,WHOSCORED_CURRENT_OBSERVED,WHOSCORED_CURRENT_OBSERVED,WHOSCORED_CURRENT_OBSERVED,,,,Malick Fofana
soccerdata:sofascore:16363260,FTX-06V0T,sunderland,brentford,363535,6.78,4231,,,False,0.0,2,1,2,1.0,0,0.0,0,2,0,0,0,2,1,0,5,6,3,observed_or_derived,False,AWAY,2026-09-05,mgr:1a031e232e88,Régis Le Bris,3,NO_DETAILED_FANTRAX_ROW,EXACT_PLAYER_MATCH,11.5,,0.0,0,0,0.0,0.0,0,WHOSCORED_SOURCE_SPECIFIC,WHOSCORED_DERIVED_VALIDATED,WHOSCORED_SOURCE_SPECIFIC,WHOSCORED_DERIVED_VALIDATED,WHOSCORED_SOURCE_SPECIFIC,06v0t,11.5,,0.0,,,,WHOSCORED_CURRENT_OBSERVED,WHOSCORED_CURRENT_OBSERVED,WHOSCORED_CURRENT_OBSERVED,0.0936605930328369,0.0,0.0936605930328369,Wilson Isidor
soccerdata:sofascore:16363260,FTX-06V0G,sunderland,brentford,424514,6.66,4231,,,False,0.0,0,0,3,3.0,2,0.0,0,2,0,1,0,0,0,0,3,9,5,observed_or_derived,False,AWAY,2026-09-05,mgr:1a031e232e88,Régis Le Bris,3,EXACT_PLAYER_PERIOD_DETAILED,EXACT_PLAYER_MATCH,5.0,5.0,0.0,1,0,2.0,2.0,0,WHOSCORED_SOURCE_SPECIFIC,WHOSCORED_DERIVED_VALIDATED,WHOSCORED_SOURCE_SPECIFIC,WHOSCORED_DERIVED_VALIDATED,WHOSCORED_SOURCE_SPECIFIC,06v0g,5.0,5.0,0.0,3.0,0.0,2dxfjlk0mrp1z5vo,FANTRAX,FANTRAX,FANTRAX,0.0,0.0,0.0,Trai Hume
soccerdata:sofascore:16363260,FTX-078YH,sunderland,brentford,534461,,4231,,,False,0.0,0,0,0,0.0,0,0.0,0,0,0,0,0,0,0,0,0,0,0,observed_or_derived,False,AWAY,2026-09-05,mgr:1a031e232e88,Régis Le Bris,3,NO_DETAILED_FANTRAX_ROW,UNRESOLVED,0.0,,0.0,0,0,0.0,0.0,0,WHOSCORED_SOURCE_SPECIFIC,WHOSCORED_DERIVED_VALIDATED,WHOSCORED_SOURCE_SPECIFIC,WHOSCORED_DERIVED_VALIDATED,WHOSCORED_SOURCE_SPECIFIC,078yh,0.0,,,,,,WHOSCORED_CURRENT_OBSERVED,WHOSCORED_CURRENT_OBSERVED,WHOSCORED_CURRENT_OBSERVED,,,,Dayann Méthalie
soccerdata:sofascore:16363260,FTX-0700T,sunderland,brentford,344639,,4231,,,False,0.0,0,0,0,0.0,0,0.0,0,0,0,0,0,0,0,0,0,0,0,observed_or_derived,False,AWAY,2026-09-05,mgr:1a031e232e88,Régis Le Bris,3,NO_DETAILED_FANTRAX_ROW,UNRESOLVED,0.0,,0.0,0,0,0.0,0.0,0,WHOSCORED_SOURCE_SPECIFIC,WHOSCORED_DERIVED_VALIDATED,WHOSCORED_SOURCE_SPECIFIC,WHOSCORED_DERIVED_VALIDATED,WHOSCORED_SOURCE_SPECIFIC,0700t,0.0,,,,,,WHOSCORED_CURRENT_OBSERVED,WHOSCORED_CURRENT_OBSERVED,WHOSCORED_CURRENT_OBSERVED,,,,Omar Alderete
soccerdata:sofascore:16363260,FTX-072ZP,sunderland,brentford,425235,,4231,,,False,0.0,0,0,0,0.0,0,0.0,0,0,0,0,0,0,0,0,0,0,0,observed_or_derived,False,AWAY,2026-09-05,mgr:1a031e232e88,Régis Le Bris,3,NO_DETAILED_FANTRAX_ROW,UNRESOLVED,0.0,,0.0,0,0,0.0,0.0,0,WHOSCORED_SOURCE_SPECIFIC,WHOSCORED_DERIVED_VALIDATED,WHOSCORED_SOURCE_SPECIFIC,WHOSCORED_DERIVED_VALIDATED,WHOSCORED_SOURCE_SPECIFIC,072zp,0.0,,,,,,WHOSCORED_CURRENT_OBSERVED,WHOSCORED_CURRENT_OBSERVED,WHOSCORED_CURRENT_OBSERVED,,,,Melker Ellborg
soccerdata:sofascore:16363260,FTX-06V0M,sunderland,brentford,134373,,4231,,,False,0.0,0,0,0,0.0,0,0.0,0,0,0,0,0,0,0,0,0,0,0,observed_or_derived,False,AWAY,2026-09-05,mgr:1a031e232e88,Régis Le Bris,3,NO_DETAILED_FANTRAX_ROW,UNRESOLVED,0.0,,0.0,0,0,0.0,0.0,0,WHOSCORED_SOURCE_SPECIFIC,WHOSCORED_DERIVED_VALIDATED,WHOSCORED_SOURCE_SPECIFIC,WHOSCORED_DERIVED_VALIDATED,WHOSCORED_SOURCE_SPECIFIC,06v0m,0.0,,,,,,WHOSCORED_CURRENT_OBSERVED,WHOSCORED_CURRENT_OBSERVED,WHOSCORED_CURRENT_OBSERVED,,,,Luke O'Nien
soccerdata:sofascore:16363260,FTX-06V0L,sunderland,brentford,469645,,4231,,,False,0.0,0,0,0,0.0,0,0.0,0,0,0,0,0,0,0,0,0,0,0,observed_or_derived,False,AWAY,2026-09-05,mgr:1a031e232e88,Régis Le Bris,3,NO_DETAILED_FANTRAX_ROW,UNRESOLVED,0.0,,0.0,0,0,0.0,0.0,0,WHOSCORED_SOURCE_SPECIFIC,WHOSCORED_DERIVED_VALIDATED,WHOSCORED_SOURCE_SPECIFIC,WHOSCORED_DERIVED_VALIDATED,WHOSCORED_SOURCE_SPECIFIC,06v0l,0.0,,,,,,WHOSCORED_CURRENT_OBSERVED,WHOSCORED_CURRENT_OBSERVED,WHOSCORED_CURRENT_OBSERVED,,,,Chris Rigg
soccerdata:sofascore:16363260,FTX-0790I,sunderland,brentford,583276,,4231,,,False,0.0,0,0,0,0.0,0,0.0,0,0,0,0,0,0,0,0,0,0,0,observed_or_derived,False,AWAY,2026-09-05,mgr:1a031e232e88,Régis Le Bris,3,NO_DETAILED_FANTRAX_ROW,UNRESOLVED,0.0,,0.0,0,0,0.0,0.0,0,WHOSCORED_SOURCE_SPECIFIC,WHOSCORED_DERIVED_VALIDATED,WHOSCORED_SOURCE_SPECIFIC,WHOSCORED_DERIVED_VALIDATED,WHOSCORED_SOURCE_SPECIFIC,0790i,0.0,,,,,,WHOSCORED_CURRENT_OBSERVED,WHOSCORED_CURRENT_OBSERVED,WHOSCORED_CURRENT_OBSERVED,,,,Jules Ahoka
soccerdata:sofascore:16363263,FTX-070HS,manchester_city,coventry_city,262515,7.71,4231,GK,,True,0.0,0,0,2,2.0,0,0.0,0,1,0,0,0,0,0,0,0,18,16,observed_or_derived,False,HOME,2026-09-05,mgr:dc01d928d84f,Enzo Maresca,3,EXACT_PLAYER_PERIOD_DETAILED,EXACT_PLAYER_MATCH,15.5,9.5,0.0,0,0,0.0,0.0,0,WHOSCORED_SOURCE_SPECIFIC,WHOSCORED_DERIVED_VALIDATED,WHOSCORED_SOURCE_SPECIFIC,WHOSCORED_DERIVED_VALIDATED,WHOSCORED_SOURCE_SPECIFIC,070hs,15.5,9.5,0.0,2.0,0.0,qwkltl98mrp1z5vp,FANTRAX,FANTRAX,FANTRAX,0.0,0.0,0.0,Gianluigi Donnarumma
soccerdata:sofascore:16363263,FTX-06R9W,manchester_city,coventry_city,493206,6.91,4231,RB,,True,0.0,0,0,2,2.0,2,1.0,3,4,0,0,0,0,0,0,3,90,85,observed_or_derived,False,HOME,2026-09-05,mgr:dc01d928d84f,Enzo Maresca,3,EXACT_PLAYER_PERIOD_DETAILED,EXACT_PLAYER_MATCH,8.5,2.5,0.0,0,0,2.0,0.0,0,WHOSCORED_SOURCE_SPECIFIC,WHOSCORED_DERIVED_VALIDATED,WHOSCORED_SOURCE_SPECIFIC,WHOSCORED_DERIVED_VALIDATED,WHOSCORED_SOURCE_SPECIFIC,06r9w,8.5,2.5,0.0,2.0,1.0,acjx0vg4mrp1z5vo,FANTRAX,FANTRAX,FANTRAX,0.0,0.0,0.0,Abdukodir Khusanov
soccerdata:sofascore:16363263,FTX-05OMU,manchester_city,coventry_city,313171,7.23,4231,CB,,True,0.0,1,1,6,5.0,0,0.0,3,0,0,0,1,0,0,0,1,123,116,observed_or_derived,False,HOME,2026-09-05,mgr:dc01d928d84f,Enzo Maresca,3,EXACT_PLAYER_PERIOD_DETAILED,EXACT_PLAYER_MATCH,13.5,7.5,0.0,0,0,0.0,0.0,0,WHOSCORED_SOURCE_SPECIFIC,WHOSCORED_DERIVED_VALIDATED,WHOSCORED_SOURCE_SPECIFIC,WHOSCORED_DERIVED_VALIDATED,WHOSCORED_SOURCE_SPECIFIC,05omu,13.5,7.5,0.0,5.0,0.0,h1vdt8ynmrp1z5vp,FANTRAX,FANTRAX,FANTRAX,0.0,0.0,0.0,Rúben Dias
soccerdata:sofascore:16363263,FTX-050JQ,manchester_city,coventry_city,374631,7.59,4231,CB,,True,0.0,1,1,8,5.0,0,1.0,8,6,0,0,1,0,0,0,1,124,114,observed_or_derived,False,HOME,2026-09-05,mgr:dc01d928d84f,Enzo Maresca,3,EXACT_PLAYER_PERIOD_DETAILED,EXACT_PLAYER_MATCH,17.0,11.0,0.0,0,0,0.0,0.0,0,WHOSCORED_SOURCE_SPECIFIC,WHOSCORED_DERIVED_VALIDATED,WHOSCORED_SOURCE_SPECIFIC,WHOSCORED_DERIVED_VALIDATED,WHOSCORED_SOURCE_SPECIFIC,050jq,17.0,11.0,0.0,5.0,1.0,hpsurdtbmrp1z5vo,FANTRAX,FANTRAX,FANTRAX,0.0,0.0,0.0,Marc Guéhi
soccerdata:sofascore:16363263,FTX-06EX4,manchester_city,coventry_city,402664,7.19,4231,LB,,True,0.0,1,0,6,2.0,4,1.0,2,7,1,0,0,1,1,0,4,56,48,observed_or_derived,False,HOME,2026-09-05,mgr:dc01d928d84f,Enzo Maresca,3,EXACT_PLAYER_PERIOD_DETAILED,EXACT_PLAYER_MATCH,13.0,7.0,0.0,0,0,4.0,2.0,0,WHOSCORED_SOURCE_SPECIFIC,WHOSCORED_DERIVED_VALIDATED,WHOSCORED_SOURCE_SPECIFIC,WHOSCORED_DERIVED_VALIDATED,WHOSCORED_SOURCE_SPECIFIC,06ex4,13.0,7.0,0.0,2.0,1.0,h1vdt8ynmrp1z5vp,FANTRAX,FANTRAX,FANTRAX,0.0088141243904829,0.0,0.0088141243904829,Josko Gvardiol
soccerdata:sofascore:16363263,FTX-068YM,manchester_city,coventry_city,369430,6.82,4231,DM,,True,1.0,1,1,2,1.0,1,0.0,1,1,2,3,0,2,2,0,2,81,71,observed_or_derived,False,HOME,2026-09-05,mgr:dc01d928d84f,Enzo Maresca,3,EXACT_PLAYER_PERIOD_DETAILED,UNRESOLVED,6.0,5.0,0.0,3,0,1.0,1.0,0,WHOSCORED_SOURCE_SPECIFIC,WHOSCORED_DERIVED_VALIDATED,WHOSCORED_SOURCE_SPECIFIC,WHOSCORED_DERIVED_VALIDATED,WHOSCORED_SOURCE_SPECIFIC,068ym,6.0,5.0,1.0,1.0,0.0,acjx0vg4mrp1z5vo,FANTRAX,FANTRAX,FANTRAX,,,,Enzo Fernández
soccerdata:sofascore:16363263,FTX-05OPJ,manchester_city,coventry_city,402596,7.58,4231,DM,,True,1.0,2,2,5,1.0,1,2.0,2,6,0,4,0,1,0,0,3,162,147,observed_or_derived,False,HOME,2026-09-05,mgr:dc01d928d84f,Enzo Maresca,3,EXACT_PLAYER_PERIOD_DETAILED,EXACT_PLAYER_MATCH,10.5,9.5,0.0,4,1,1.0,1.0,0,WHOSCORED_SOURCE_SPECIFIC,WHOSCORED_DERIVED_VALIDATED,WHOSCORED_SOURCE_SPECIFIC,WHOSCORED_DERIVED_VALIDATED,WHOSCORED_SOURCE_SPECIFIC,05opj,10.5,9.5,1.0,1.0,2.0,acjx0vg4mrp1z5vo,FANTRAX,FANTRAX,FANTRAX,0.0175134222954511,0.0326538681983947,0.0501672904938458,Elliot Anderson
soccerdata:sofascore:16363263,FTX-068Y0,manchester_city,coventry_city,357073,6.91,4231,RW,,True,3.0,2,0,0,0.0,1,0.0,1,3,3,4,1,2,1,0,1,36,32,observed_or_derived,False,HOME,2026-09-05,mgr:dc01d928d84f,Enzo Maresca,3,EXACT_PLAYER_PERIOD_DETAILED,EXACT_PLAYER_MATCH,14.0,7.0,0.0,3,2,1.0,1.0,1,WHOSCORED_SOURCE_SPECIFIC,WHOSCORED_DERIVED_VALIDATED,WHOSCORED_SOURCE_SPECIFIC,WHOSCORED_DERIVED_VALIDATED,WHOSCORED_SOURCE_SPECIFIC,068y0,14.0,7.0,3.0,0.0,0.0,hpsurdtbmrp1z5vo,FANTRAX,FANTRAX,FANTRAX,0.0827822163701057,0.5136838555335999,0.5964660719037056,Antoine Semenyo
soccerdata:sofascore:16363263,FTX-06V07,manchester_city,coventry_city,386153,7.48,4231,CAM,,True,3.0,2,2,1,0.0,0,0.0,0,3,1,4,1,3,2,0,2,82,73,observed_or_derived,False,HOME,2026-09-05,mgr:dc01d928d84f,Enzo Maresca,3,EXACT_PLAYER_PERIOD_DETAILED,EXACT_PLAYER_MATCH,9.0,8.0,0.0,4,1,0.0,0.0,0,WHOSCORED_SOURCE_SPECIFIC,WHOSCORED_DERIVED_VALIDATED,WHOSCORED_SOURCE_SPECIFIC,WHOSCORED_DERIVED_VALIDATED,WHOSCORED_SOURCE_SPECIFIC,06v07,9.0,8.0,3.0,0.0,0.0,cjn4stydmrp1z5vp,FANTRAX,FANTRAX,FANTRAX,0.237949714064598,0.5328550338745117,0.7708047479391097,Rayan Cherki
soccerdata:sofascore:16363263,FTX-05R94,manchester_city,coventry_city,366116,6.52,4231,LW,,True,1.0,8,2,3,1.0,2,0.0,1,2,0,4,0,1,0,0,2,31,26,observed_or_derived,False,HOME,2026-09-05,mgr:dc01d928d84f,Enzo Maresca,3,EXACT_PLAYER_PERIOD_DETAILED,UNRESOLVED,6.0,5.0,0.0,4,1,2.0,1.0,0,WHOSCORED_SOURCE_SPECIFIC,WHOSCORED_DERIVED_VALIDATED,WHOSCORED_SOURCE_SPECIFIC,WHOSCORED_DERIVED_VALIDATED,WHOSCORED_SOURCE_SPECIFIC,05r94,6.0,5.0,1.0,1.0,0.0,61fz0pmkmrp1z5vo,FANTRAX,FANTRAX,FANTRAX,,,,Iliman Ndiaye
soccerdata:sofascore:16363263,FTX-061VQ,manchester_city,coventry_city,315227,7.92,4231,ST,,True,1.0,2,1,2,2.0,0,0.0,5,2,1,0,0,4,3,1,2,13,11,observed_or_derived,False,HOME,2026-09-05,mgr:dc01d928d84f,Enzo Maresca,3,EXACT_PLAYER_PERIOD_DETAILED,EXACT_PLAYER_MATCH,21.5,12.5,0.0,0,0,0.0,0.0,0,WHOSCORED_SOURCE_SPECIFIC,WHOSCORED_DERIVED_VALIDATED,WHOSCORED_SOURCE_SPECIFIC,WHOSCORED_DERIVED_VALIDATED,WHOSCORED_SOURCE_SPECIFIC,061vq,21.5,12.5,1.0,2.0,0.0,w2mnqywumrp1z5vp,FANTRAX,FANTRAX,FANTRAX,1.0202113389968872,0.6280249953269958,1.648236334323883,Erling Haaland
soccerdata:sofascore:16363263,FTX-0792S,manchester_city,coventry_city,504830,6.37,4231,,,False,0.0,1,1,0,0.0,0,0.0,0,3,0,0,0,0,0,0,0,18,14,observed_or_derived,False,HOME,2026-09-05,mgr:dc01d928d84f,Enzo Maresca,3,EXACT_PLAYER_PERIOD_DETAILED,EXACT_PLAYER_MATCH,3.0,3.0,0.0,0,0,0.0,0.0,0,WHOSCORED_SOURCE_SPECIFIC,WHOSCORED_DERIVED_VALIDATED,WHOSCORED_SOURCE_SPECIFIC,WHOSCORED_DERIVED_VALIDATED,WHOSCORED_SOURCE_SPECIFIC,0792s,3.0,3.0,0.0,0.0,0.0,rx9bjhp3mrp1z5vo,FANTRAX,FANTRAX,FANTRAX,0.0,0.0,0.0,Ayyoub Bouaddi
soccerdata:sofascore:16363263,FTX-04ABB,manchester_city,coventry_city,331254,6.08,4231,,,False,1.0,0,0,0,0.0,0,0.0,0,1,0,0,0,1,1,0,2,18,17,observed_or_derived,False,HOME,2026-09-05,mgr:dc01d928d84f,Enzo Maresca,3,EXACT_PLAYER_PERIOD_DETAILED,EXACT_PLAYER_MATCH,3.5,3.5,0.0,0,0,0.0,0.0,0,WHOSCORED_SOURCE_SPECIFIC,WHOSCORED_DERIVED_VALIDATED,WHOSCORED_SOURCE_SPECIFIC,WHOSCORED_DERIVED_VALIDATED,WHOSCORED_SOURCE_SPECIFIC,04abb,3.5,3.5,1.0,0.0,0.0,w2mnqywumrp1z5vp,FANTRAX,FANTRAX,FANTRAX,0.6280249953269958,0.0562923848628997,0.6843173801898955,Phil Foden
soccerdata:sofascore:16363263,FTX-0722T,manchester_city,coventry_city,584927,6.39,4231,,,False,0.0,2,1,0,0.0,2,0.0,0,2,0,1,0,0,0,0,1,3,2,observed_or_derived,False,HOME,2026-09-05,mgr:dc01d928d84f,Enzo Maresca,3,NO_DETAILED_FANTRAX_ROW,UNRESOLVED,1.0,,0.0,1,0,2.0,0.0,0,WHOSCORED_SOURCE_SPECIFIC,WHOSCORED_DERIVED_VALIDATED,WHOSCORED_SOURCE_SPECIFIC,WHOSCORED_DERIVED_VALIDATED,WHOSCORED_SOURCE_SPECIFIC,0722t,1.0,,,,,,WHOSCORED_CURRENT_OBSERVED,WHOSCORED_CURRENT_OBSERVED,WHOSCORED_CURRENT_OBSERVED,,,,Ryan McAidoo
soccerdata:sofascore:16363263,FTX-05OS4,manchester_city,coventry_city,355401,,4231,,,False,0.0,0,0,0,0.0,0,0.0,0,0,0,0,0,0,0,0,0,0,0,observed_or_derived,False,HOME,2026-09-05,mgr:dc01d928d84f,Enzo Maresca,3,EXACT_PLAYER_PERIOD_DETAILED,UNRESOLVED,0.0,,0.0,0,0,0.0,0.0,0,WHOSCORED_SOURCE_SPECIFIC,WHOSCORED_DERIVED_VALIDATED,WHOSCORED_SOURCE_SPECIFIC,WHOSCORED_DERIVED_VALIDATED,WHOSCORED_SOURCE_SPECIFIC,05os4,0.0,,0.0,0.0,0.0,hpsurdtbmrp1z5vo,FANTRAX,FANTRAX,FANTRAX,,,,Rayan Aït-Nouri
soccerdata:sofascore:16363263,FTX-04AI5,manchester_city,coventry_city,125375,,4231,,,False,0.0,0,0,0,0.0,0,0.0,0,0,0,0,0,0,0,0,0,0,0,observed_or_derived,False,HOME,2026-09-05,mgr:dc01d928d84f,Enzo Maresca,3,NO_DETAILED_FANTRAX_ROW,UNRESOLVED,0.0,,0.0,0,0,0.0,0.0,0,WHOSCORED_SOURCE_SPECIFIC,WHOSCORED_DERIVED_VALIDATED,WHOSCORED_SOURCE_SPECIFIC,WHOSCORED_DERIVED_VALIDATED,WHOSCORED_SOURCE_SPECIFIC,04ai5,0.0,,,,,,WHOSCORED_CURRENT_OBSERVED,WHOSCORED_CURRENT_OBSERVED,WHOSCORED_CURRENT_OBSERVED,,,,Gerónimo Rulli
soccerdata:sofascore:16363263,FTX-04U41,manchester_city,coventry_city,93894,,4231,,,False,0.0,0,0,0,0.0,0,0.0,0,0,0,0,0,0,0,0,0,0,0,observed_or_derived,False,HOME,2026-09-05,mgr:dc01d928d84f,Enzo Maresca,3,NO_DETAILED_FANTRAX_ROW,UNRESOLVED,0.0,,0.0,0,0,0.0,0.0,0,WHOSCORED_SOURCE_SPECIFIC,WHOSCORED_DERIVED_VALIDATED,WHOSCORED_SOURCE_SPECIFIC,WHOSCORED_DERIVED_VALIDATED,WHOSCORED_SOURCE_SPECIFIC,04u41,0.0,,,,,,WHOSCORED_CURRENT_OBSERVED,WHOSCORED_CURRENT_OBSERVED,WHOSCORED_CURRENT_OBSERVED,,,,Mateo Kovacic
soccerdata:sofascore:16363263,FTX-063ZI,manchester_city,coventry_city,394933,,4231,,,False,0.0,0,0,0,0.0,0,0.0,0,0,0,0,0,0,0,0,0,0,0,observed_or_derived,False,HOME,2026-09-05,mgr:dc01d928d84f,Enzo Maresca,3,NO_DETAILED_FANTRAX_ROW,UNRESOLVED,0.0,,0.0,0,0,0.0,0.0,0,WHOSCORED_SOURCE_SPECIFIC,WHOSCORED_DERIVED_VALIDATED,WHOSCORED_SOURCE_SPECIFIC,WHOSCORED_DERIVED_VALIDATED,WHOSCORED_SOURCE_SPECIFIC,063zi,0.0,,,,,,WHOSCORED_CURRENT_OBSERVED,WHOSCORED_CURRENT_OBSERVED,WHOSCORED_CURRENT_OBSERVED,,,,Matheus Nunes
soccerdata:sofascore:16363263,FTX-062X7,manchester_city,coventry_city,444791,,4231,,,False,0.0,0,0,0,0.0,0,0.0,0,0,0,0,0,0,0,0,0,0,0,observed_or_derived,False,HOME,2026-09-05,mgr:dc01d928d84f,Enzo Maresca,3,NO_DETAILED_FANTRAX_ROW,UNRESOLVED,0.0,,0.0,0,0,0.0,0.0,0,WHOSCORED_SOURCE_SPECIFIC,WHOSCORED_DERIVED_VALIDATED,WHOSCORED_SOURCE_SPECIFIC,WHOSCORED_DERIVED_VALIDATED,WHOSCORED_SOURCE_SPECIFIC,062x7,0.0,,,,,,WHOSCORED_CURRENT_OBSERVED,WHOSCORED_CURRENT_OBSERVED,WHOSCORED_CURRENT_OBSERVED,,,,Rico Lewis
soccerdata:sofascore:16363263,pr_0776977ccd7efd7f,manchester_city,coventry_city,609335,,4231,,,False,0.0,0,0,0,0.0,0,0.0,0,0,0,0,0,0,0,0,0,0,0,observed_or_derived,False,HOME,2026-09-05,mgr:dc01d928d84f,Enzo Maresca,3,NO_DETAILED_FANTRAX_ROW,UNRESOLVED,0.0,,0.0,0,0,0.0,0.0,0,WHOSCORED_SOURCE_SPECIFIC,WHOSCORED_DERIVED_VALIDATED,WHOSCORED_SOURCE_SPECIFIC,WHOSCORED_DERIVED_VALIDATED,WHOSCORED_SOURCE_SPECIFIC,073ab,0.0,,,,,,WHOSCORED_CURRENT_OBSERVED,WHOSCORED_CURRENT_OBSERVED,WHOSCORED_CURRENT_OBSERVED,,,,Floyd Samba
soccerdata:sofascore:16363263,pr_5e49c1cd91f1f34d,coventry_city,manchester_city,421944,7.01,3421,GK,,True,0.0,1,1,1,1.0,0,0.0,0,1,0,0,0,0,0,0,0,35,16,observed_or_derived,False,AWAY,2026-09-05,mgr:fb84c76f2aab,Frank Lampard,3,NO_DETAILED_FANTRAX_ROW,UNRESOLVED,10.5,,0.0,0,0,0.0,0.0,0,WHOSCORED_SOURCE_SPECIFIC,WHOSCORED_DERIVED_VALIDATED,WHOSCORED_SOURCE_SPECIFIC,WHOSCORED_DERIVED_VALIDATED,WHOSCORED_SOURCE_SPECIFIC,062ct,10.5,,,,,,WHOSCORED_CURRENT_OBSERVED,WHOSCORED_CURRENT_OBSERVED,WHOSCORED_CURRENT_OBSERVED,,,,Carl Rushworth
soccerdata:sofascore:16363263,FTX-05TR1,coventry_city,manchester_city,342499,6.52,3421,CB,,True,0.0,1,0,2,0.0,1,2.0,9,2,0,0,0,1,0,0,1,12,9,observed_or_derived,False,AWAY,2026-09-05,mgr:fb84c76f2aab,Frank Lampard,3,NO_DETAILED_FANTRAX_ROW,EXACT_PLAYER_MATCH,6.5,,0.0,0,0,1.0,1.0,0,WHOSCORED_SOURCE_SPECIFIC,WHOSCORED_DERIVED_VALIDATED,WHOSCORED_SOURCE_SPECIFIC,WHOSCORED_DERIVED_VALIDATED,WHOSCORED_SOURCE_SPECIFIC,05tr1,6.5,,0.0,,,,WHOSCORED_CURRENT_OBSERVED,WHOSCORED_CURRENT_OBSERVED,WHOSCORED_CURRENT_OBSERVED,0.0588291734457016,0.0,0.0588291734457016,Ethan Pinnock
soccerdata:sofascore:16363263,FTX-0784I,coventry_city,manchester_city,450271,6.54,3421,CB,,True,0.0,0,0,3,2.0,1,1.0,1,6,0,1,0,0,0,0,2,29,22,observed_or_derived,False,AWAY,2026-09-05,mgr:fb84c76f2aab,Frank Lampard,3,NO_DETAILED_FANTRAX_ROW,EXACT_PLAYER_MATCH,4.0,,0.0,0,0,1.0,1.0,0,WHOSCORED_SOURCE_SPECIFIC,WHOSCORED_DERIVED_VALIDATED,WHOSCORED_SOURCE_SPECIFIC,WHOSCORED_DERIVED_VALIDATED,WHOSCORED_SOURCE_SPECIFIC,0784i,4.0,,0.0,,,,WHOSCORED_CURRENT_OBSERVED,WHOSCORED_CURRENT_OBSERVED,WHOSCORED_CURRENT_OBSERVED,0.0,0.0,0.0,Aurèle Amenda
soccerdata:sofascore:16363263,pr_cd2d216755538e53,coventry_city,manchester_city,395615,8.33,3421,CB,,True,2.0,0,0,7,5.0,1,4.0,7,3,0,1,0,5,2,0,1,21,11,observed_or_derived,False,AWAY,2026-09-05,mgr:fb84c76f2aab,Frank Lampard,3,EXACT_PLAYER_PERIOD_DETAILED,UNRESOLVED,18.0,18.0,0.0,0,0,1.0,1.0,0,WHOSCORED_SOURCE_SPECIFIC,WHOSCORED_DERIVED_VALIDATED,WHOSCORED_SOURCE_SPECIFIC,WHOSCORED_DERIVED_VALIDATED,WHOSCORED_SOURCE_SPECIFIC,05l2z,18.0,18.0,2.0,5.0,4.0,2dxfjlk0mrp1z5vo,FANTRAX,FANTRAX,FANTRAX,,,,Bobby Thomas
soccerdata:sofascore:16363263,pr_324f38903221c32b,coventry_city,manchester_city,379760,6.84,3421,RWB,,True,0.0,2,0,2,2.0,3,4.0,4,4,1,1,0,0,0,0,2,30,24,observed_or_derived,False,AWAY,2026-09-05,mgr:fb84c76f2aab,Frank Lampard,3,EXACT_PLAYER_PERIOD_DETAILED,UNRESOLVED,9.0,9.0,0.0,1,1,3.0,2.0,0,WHOSCORED_SOURCE_SPECIFIC,WHOSCORED_DERIVED_VALIDATED,WHOSCORED_SOURCE_SPECIFIC,WHOSCORED_DERIVED_VALIDATED,WHOSCORED_SOURCE_SPECIFIC,076d0,9.0,9.0,0.0,2.0,4.0,cjn4stydmrp1z5vp,FANTRAX,FANTRAX,FANTRAX,,,,Milan van Ewijk
soccerdata:sofascore:16363263,pr_d522b1300b9ba94f,coventry_city,manchester_city,318767,6.74,3421,LWB,,True,1.0,1,0,1,1.0,2,1.0,2,3,0,3,0,0,0,0,0,19,12,observed_or_derived,False,AWAY,2026-09-05,mgr:fb84c76f2aab,Frank Lampard,3,NO_DETAILED_FANTRAX_ROW,UNRESOLVED,10.0,,0.0,3,1,2.0,2.0,0,WHOSCORED_SOURCE_SPECIFIC,WHOSCORED_DERIVED_VALIDATED,WHOSCORED_SOURCE_SPECIFIC,WHOSCORED_DERIVED_VALIDATED,WHOSCORED_SOURCE_SPECIFIC,03fgl,10.0,,,,,,WHOSCORED_CURRENT_OBSERVED,WHOSCORED_CURRENT_OBSERVED,WHOSCORED_CURRENT_OBSERVED,,,,Jay Dasilva
soccerdata:sofascore:16363263,FTX-05UE7,coventry_city,manchester_city,404109,6.0,3421,CM,,True,0.0,0,0,1,1.0,1,0.0,0,2,0,0,0,0,0,0,1,17,11,observed_or_derived,False,AWAY,2026-09-05,mgr:fb84c76f2aab,Frank Lampard,3,NO_DETAILED_FANTRAX_ROW,EXACT_PLAYER_MATCH,0.5,,0.0,0,0,1.0,0.0,0,WHOSCORED_SOURCE_SPECIFIC,WHOSCORED_DERIVED_VALIDATED,WHOSCORED_SOURCE_SPECIFIC,WHOSCORED_DERIVED_VALIDATED,WHOSCORED_SOURCE_SPECIFIC,05ue7,0.5,,0.0,,,,WHOSCORED_CURRENT_OBSERVED,WHOSCORED_CURRENT_OBSERVED,WHOSCORED_CURRENT_OBSERVED,0.0,0.0,0.0,Frank Onyeka
soccerdata:sofascore:16363263,pr_250a525c8fb0b806,coventry_city,manchester_city,138584,6.49,3421,CM,,True,0.0,0,0,1,0.0,5,1.0,0,0,0,2,0,1,0,0,2,26,17,observed_or_derived,False,AWAY,2026-09-05,mgr:fb84c76f2aab,Frank Lampard,3,EXACT_PLAYER_PERIOD_DETAILED,UNRESOLVED,5.0,5.0,0.0,2,0,5.0,2.0,0,WHOSCORED_SOURCE_SPECIFIC,WHOSCORED_DERIVED_VALIDATED,WHOSCORED_SOURCE_SPECIFIC,WHOSCORED_DERIVED_VALIDATED,WHOSCORED_SOURCE_SPECIFIC,03mfe,5.0,5.0,0.0,0.0,1.0,cjn4stydmrp1z5vp,FANTRAX,FANTRAX,FANTRAX,,,,Matt Grimes
soccerdata:sofascore:16363263,pr_8423ecb420e3995f,coventry_city,manchester_city,381107,6.44,3421,CAM,,True,2.0,3,0,3,1.0,1,1.0,0,2,0,2,0,1,1,0,3,12,7,observed_or_derived,False,AWAY,2026-09-05,mgr:fb84c76f2aab,Frank Lampard,3,EXACT_PLAYER_PERIOD_DETAILED,UNRESOLVED,11.5,11.5,0.0,2,2,1.0,1.0,0,WHOSCORED_SOURCE_SPECIFIC,WHOSCORED_DERIVED_VALIDATED,WHOSCORED_SOURCE_SPECIFIC,WHOSCORED_DERIVED_VALIDATED,WHOSCORED_SOURCE_SPECIFIC,076d3,11.5,11.5,2.0,1.0,1.0,cjn4stydmrp1z5vp,FANTRAX,FANTRAX,FANTRAX,,,,Jack Rudoni
soccerdata:sofascore:16363263,pr_c357333820dede1b,coventry_city,manchester_city,342899,5.94,3421,CAM,,True,0.0,2,0,2,1.0,0,0.0,2,3,0,1,0,0,0,0,4,9,6,observed_or_derived,False,AWAY,2026-09-05,mgr:fb84c76f2aab,Frank Lampard,3,NO_DETAILED_FANTRAX_ROW,UNRESOLVED,1.0,,0.0,1,0,0.0,0.0,0,WHOSCORED_SOURCE_SPECIFIC,WHOSCORED_DERIVED_VALIDATED,WHOSCORED_SOURCE_SPECIFIC,WHOSCORED_DERIVED_VALIDATED,WHOSCORED_SOURCE_SPECIFIC,076d9,1.0,,,,,,WHOSCORED_CURRENT_OBSERVED,WHOSCORED_CURRENT_OBSERVED,WHOSCORED_CURRENT_OBSERVED,,,,Ephron Mason-Clark
soccerdata:sofascore:16363263,FTX-04RZL,coventry_city,manchester_city,281049,6.21,3421,ST,,True,1.0,3,2,4,0.0,0,1.0,1,3,1,0,0,1,0,0,2,9,7,observed_or_derived,False,AWAY,2026-09-05,mgr:fb84c76f2aab,Frank Lampard,3,NO_DETAILED_FANTRAX_ROW,EXACT_PLAYER_MATCH,5.5,,0.0,0,0,0.0,0.0,0,WHOSCORED_SOURCE_SPECIFIC,WHOSCORED_DERIVED_VALIDATED,WHOSCORED_SOURCE_SPECIFIC,WHOSCORED_DERIVED_VALIDATED,WHOSCORED_SOURCE_SPECIFIC,04rzl,5.5,,0.0,,,,WHOSCORED_CURRENT_OBSERVED,WHOSCORED_CURRENT_OBSERVED,WHOSCORED_CURRENT_OBSERVED,0.2944519221782684,0.0,0.2944519221782684,Taiwo Awoniyi
soccerdata:sofascore:16363263,FTX-06Y27,coventry_city,manchester_city,425118,6.53,3421,,,False,2.0,2,1,1,0.0,0,0.0,0,1,0,5,0,2,2,0,0,12,7,observed_or_derived,False,AWAY,2026-09-05,mgr:fb84c76f2aab,Frank Lampard,3,NO_DETAILED_FANTRAX_ROW,EXACT_PLAYER_MATCH,8.0,,0.0,5,1,0.0,0.0,0,WHOSCORED_SOURCE_SPECIFIC,WHOSCORED_DERIVED_VALIDATED,WHOSCORED_SOURCE_SPECIFIC,WHOSCORED_DERIVED_VALIDATED,WHOSCORED_SOURCE_SPECIFIC,06y27,8.0,,2.0,,,,WHOSCORED_CURRENT_OBSERVED,WHOSCORED_CURRENT_OBSERVED,WHOSCORED_CURRENT_OBSERVED,0.0536601394414901,0.0404926761984825,0.0941528156399726,Loum Tchaouna
soccerdata:sofascore:16363263,FTX-078G4,coventry_city,manchester_city,561984,6.12,3421,,,False,0.0,0,0,3,1.0,0,2.0,0,4,1,1,0,0,0,0,2,13,5,observed_or_derived,False,AWAY,2026-09-05,mgr:fb84c76f2aab,Frank Lampard,3,NO_DETAILED_FANTRAX_ROW,EXACT_PLAYER_MATCH,2.5,,0.0,1,0,0.0,0.0,0,WHOSCORED_SOURCE_SPECIFIC,WHOSCORED_DERIVED_VALIDATED,WHOSCORED_SOURCE_SPECIFIC,WHOSCORED_DERIVED_VALIDATED,WHOSCORED_SOURCE_SPECIFIC,078g4,2.5,,0.0,,,,WHOSCORED_CURRENT_OBSERVED,WHOSCORED_CURRENT_OBSERVED,WHOSCORED_CURRENT_OBSERVED,0.0,0.0,0.0,Caleb Yirenkyi
soccerdata:sofascore:16363263,FTX-06FG0,coventry_city,manchester_city,332143,6.06,3421,,,False,0.0,0,0,0,0.0,1,0.0,0,1,0,0,0,0,0,0,2,1,1,observed_or_derived,False,AWAY,2026-09-05,mgr:fb84c76f2aab,Frank Lampard,3,NO_DETAILED_FANTRAX_ROW,EXACT_PLAYER_MATCH,0.0,,0.0,0,0,1.0,0.0,0,WHOSCORED_SOURCE_SPECIFIC,WHOSCORED_DERIVED_VALIDATED,WHOSCORED_SOURCE_SPECIFIC,WHOSCORED_DERIVED_VALIDATED,WHOSCORED_SOURCE_SPECIFIC,06fg0,0.0,,0.0,,,,WHOSCORED_CURRENT_OBSERVED,WHOSCORED_CURRENT_OBSERVED,WHOSCORED_CURRENT_OBSERVED,0.0,0.0,0.0,Gustavo Hamer
soccerdata:sofascore:16363263,pr_1cf49c747203c77b,coventry_city,manchester_city,396483,6.11,3421,,,False,1.0,0,0,4,1.0,0,0.0,0,0,0,0,0,1,1,0,0,1,0,observed_or_derived,False,AWAY,2026-09-05,mgr:fb84c76f2aab,Frank Lampard,3,NO_DETAILED_FANTRAX_ROW,UNRESOLVED,4.5,,0.0,0,0,0.0,0.0,0,WHOSCORED_SOURCE_SPECIFIC,WHOSCORED_DERIVED_VALIDATED,WHOSCORED_SOURCE_SPECIFIC,WHOSCORED_DERIVED_VALIDATED,WHOSCORED_SOURCE_SPECIFIC,05m9r,4.5,,,,,,WHOSCORED_CURRENT_OBSERVED,WHOSCORED_CURRENT_OBSERVED,WHOSCORED_CURRENT_OBSERVED,,,,Ellis Simms
soccerdata:sofascore:16363263,pr_93aaa65524dc1a19,coventry_city,manchester_city,331235,6.24,3421,,,False,0.0,1,1,2,0.0,0,1.0,0,2,0,0,0,0,0,0,2,4,2,observed_or_derived,False,AWAY,2026-09-05,mgr:fb84c76f2aab,Frank Lampard,3,NO_DETAILED_FANTRAX_ROW,UNRESOLVED,2.0,,0.0,0,0,0.0,0.0,0,WHOSCORED_SOURCE_SPECIFIC,WHOSCORED_DERIVED_VALIDATED,WHOSCORED_SOURCE_SPECIFIC,WHOSCORED_DERIVED_VALIDATED,WHOSCORED_SOURCE_SPECIFIC,076db,2.0,,,,,,WHOSCORED_CURRENT_OBSERVED,WHOSCORED_CURRENT_OBSERVED,WHOSCORED_CURRENT_OBSERVED,,,,Brandon Thomas-Asante
soccerdata:sofascore:16363263,pr_0083a6386e63c255,coventry_city,manchester_city,409424,,3421,,,False,0.0,0,0,0,0.0,0,0.0,0,0,0,0,0,0,0,0,0,0,0,observed_or_derived,False,AWAY,2026-09-05,mgr:fb84c76f2aab,Frank Lampard,3,NO_DETAILED_FANTRAX_ROW,UNRESOLVED,0.0,,0.0,0,0,0.0,0.0,0,WHOSCORED_SOURCE_SPECIFIC,WHOSCORED_DERIVED_VALIDATED,WHOSCORED_SOURCE_SPECIFIC,WHOSCORED_DERIVED_VALIDATED,WHOSCORED_SOURCE_SPECIFIC,076d7,0.0,,,,,,WHOSCORED_CURRENT_OBSERVED,WHOSCORED_CURRENT_OBSERVED,WHOSCORED_CURRENT_OBSERVED,,,,Victor Torp
soccerdata:sofascore:16363263,pr_36c16f1607d1980f,coventry_city,manchester_city,383605,,3421,,,False,0.0,0,0,0,0.0,0,0.0,0,0,0,0,0,0,0,0,0,0,0,observed_or_derived,False,AWAY,2026-09-05,mgr:fb84c76f2aab,Frank Lampard,3,NO_DETAILED_FANTRAX_ROW,UNRESOLVED,0.0,,0.0,0,0,0.0,0.0,0,WHOSCORED_SOURCE_SPECIFIC,WHOSCORED_DERIVED_VALIDATED,WHOSCORED_SOURCE_SPECIFIC,WHOSCORED_DERIVED_VALIDATED,WHOSCORED_SOURCE_SPECIFIC,04h87,0.0,,,,,,WHOSCORED_CURRENT_OBSERVED,WHOSCORED_CURRENT_OBSERVED,WHOSCORED_CURRENT_OBSERVED,,,,Joel Latibeaudiere
soccerdata:sofascore:16363263,pr_bff16f790716cce3,coventry_city,manchester_city,431539,,3421,,,False,0.0,0,0,0,0.0,0,0.0,0,0,0,0,0,0,0,0,0,0,0,observed_or_derived,False,AWAY,2026-09-05,mgr:fb84c76f2aab,Frank Lampard,3,NO_DETAILED_FANTRAX_ROW,UNRESOLVED,0.0,,0.0,0,0,0.0,0.0,0,WHOSCORED_SOURCE_SPECIFIC,WHOSCORED_DERIVED_VALIDATED,WHOSCORED_SOURCE_SPECIFIC,WHOSCORED_DERIVED_VALIDATED,WHOSCORED_SOURCE_SPECIFIC,076d4,0.0,,,,,,WHOSCORED_CURRENT_OBSERVED,WHOSCORED_CURRENT_OBSERVED,WHOSCORED_CURRENT_OBSERVED,,,,Tatsuhiro Sakamoto
soccerdata:sofascore:16363269,FTX-04QOR,fulham,crystal_palace,92173,6.03,4231,GK,,True,0.0,0,0,0,0.0,0,0.0,0,2,0,0,0,0,0,0,0,46,43,observed_or_derived,False,HOME,2026-09-05,mgr:c4ccacd3c126,Álvaro Arbeloa,3,NO_DETAILED_FANTRAX_ROW,EXACT_PLAYER_MATCH,0.0,,0.0,0,0,0.0,0.0,0,WHOSCORED_SOURCE_SPECIFIC,WHOSCORED_DERIVED_VALIDATED,WHOSCORED_SOURCE_SPECIFIC,WHOSCORED_DERIVED_VALIDATED,WHOSCORED_SOURCE_SPECIFIC,04qor,0.0,,0.0,,,,WHOSCORED_CURRENT_OBSERVED,WHOSCORED_CURRENT_OBSERVED,WHOSCORED_CURRENT_OBSERVED,0.0,0.0,0.0,Bernd Leno
soccerdata:sofascore:16363269,FTX-05O4C,fulham,crystal_palace,141169,6.59,4231,RB,,True,2.0,1,0,1,0.0,2,2.0,2,5,1,2,0,3,1,0,2,80,68,observed_or_derived,False,HOME,2026-09-05,mgr:c4ccacd3c126,Álvaro Arbeloa,3,EXACT_PLAYER_PERIOD_DETAILED,EXACT_PLAYER_MATCH,7.0,7.0,0.0,2,0,2.0,1.0,0,WHOSCORED_SOURCE_SPECIFIC,WHOSCORED_DERIVED_VALIDATED,WHOSCORED_SOURCE_SPECIFIC,WHOSCORED_DERIVED_VALIDATED,WHOSCORED_SOURCE_SPECIFIC,05o4c,7.0,7.0,2.0,0.0,2.0,hpsurdtbmrp1z5vo,FANTRAX,FANTRAX,FANTRAX,0.5827810764312744,0.2031636238098144,0.7859447002410889,Timothy Castagne
soccerdata:sofascore:16363269,FTX-05OS8,fulham,crystal_palace,231135,6.67,4231,CB,,True,2.0,0,0,3,2.0,2,1.0,4,7,3,0,0,0,0,0,1,112,101,observed_or_derived,False,HOME,2026-09-05,mgr:c4ccacd3c126,Álvaro Arbeloa,3,EXACT_PLAYER_PERIOD_DETAILED,EXACT_PLAYER_MATCH,5.5,5.5,0.0,0,0,2.0,1.0,0,WHOSCORED_SOURCE_SPECIFIC,WHOSCORED_DERIVED_VALIDATED,WHOSCORED_SOURCE_SPECIFIC,WHOSCORED_DERIVED_VALIDATED,WHOSCORED_SOURCE_SPECIFIC,05os8,5.5,5.5,2.0,2.0,1.0,qwkltl98mrp1z5vp,FANTRAX,FANTRAX,FANTRAX,0.0,0.0965672060847282,0.0965672060847282,Joachim Andersen
soccerdata:sofascore:16363269,FTX-0554G,fulham,crystal_palace,396976,6.01,4231,CB,,True,0.0,2,1,3,0.0,1,0.0,1,2,0,0,1,0,0,0,3,96,88,observed_or_derived,False,HOME,2026-09-05,mgr:c4ccacd3c126,Álvaro Arbeloa,3,NO_DETAILED_FANTRAX_ROW,EXACT_PLAYER_MATCH,-2.5,,0.0,0,0,1.0,0.0,0,WHOSCORED_SOURCE_SPECIFIC,WHOSCORED_DERIVED_VALIDATED,WHOSCORED_SOURCE_SPECIFIC,WHOSCORED_DERIVED_VALIDATED,WHOSCORED_SOURCE_SPECIFIC,0554g,-2.5,,0.0,,,,WHOSCORED_CURRENT_OBSERVED,WHOSCORED_CURRENT_OBSERVED,WHOSCORED_CURRENT_OBSERVED,0.0,0.0,0.0,Calvin Bassey
soccerdata:sofascore:16363269,FTX-03RZP,fulham,crystal_palace,306581,6.55,4231,LB,,True,2.0,2,1,1,0.0,2,0.0,3,5,0,3,0,2,1,0,1,61,48,observed_or_derived,False,HOME,2026-09-05,mgr:c4ccacd3c126,Álvaro Arbeloa,3,EXACT_PLAYER_PERIOD_DETAILED,EXACT_PLAYER_MATCH,4.5,4.5,0.0,3,0,2.0,2.0,0,WHOSCORED_SOURCE_SPECIFIC,WHOSCORED_DERIVED_VALIDATED,WHOSCORED_SOURCE_SPECIFIC,WHOSCORED_DERIVED_VALIDATED,WHOSCORED_SOURCE_SPECIFIC,03rzp,4.5,4.5,2.0,0.0,0.0,2dxfjlk0mrp1z5vo,FANTRAX,FANTRAX,FANTRAX,0.0768257454037666,0.0732851102948188,0.1501108556985854,Antonee Robinson
soccerdata:sofascore:16363269,FTX-038ZE,fulham,crystal_palace,136824,5.93,4231,DM,,True,1.0,2,0,0,0.0,1,0.0,0,3,0,3,1,1,1,0,2,73,65,observed_or_derived,False,HOME,2026-09-05,mgr:c4ccacd3c126,Álvaro Arbeloa,3,EXACT_PLAYER_PERIOD_DETAILED,EXACT_PLAYER_MATCH,3.0,3.0,0.0,3,1,1.0,0.0,0,WHOSCORED_SOURCE_SPECIFIC,WHOSCORED_DERIVED_VALIDATED,WHOSCORED_SOURCE_SPECIFIC,WHOSCORED_DERIVED_VALIDATED,WHOSCORED_SOURCE_SPECIFIC,038ze,3.0,3.0,1.0,0.0,0.0,qwkltl98mrp1z5vp,FANTRAX,FANTRAX,FANTRAX,0.0531024746596813,0.1347067505121231,0.1878092251718044,Alex Iwobi
soccerdata:sofascore:16363269,FTX-05UHQ,fulham,crystal_palace,428060,6.19,4231,DM,,True,3.0,1,1,2,0.0,0,3.0,2,8,0,2,0,0,0,0,0,54,49,observed_or_derived,False,HOME,2026-09-05,mgr:c4ccacd3c126,Álvaro Arbeloa,3,NO_DETAILED_FANTRAX_ROW,EXACT_PLAYER_MATCH,10.0,,0.0,0,0,0.0,0.0,0,WHOSCORED_SOURCE_SPECIFIC,WHOSCORED_DERIVED_VALIDATED,WHOSCORED_SOURCE_SPECIFIC,WHOSCORED_DERIVED_VALIDATED,WHOSCORED_SOURCE_SPECIFIC,05uhq,10.0,,3.0,,,,WHOSCORED_CURRENT_OBSERVED,WHOSCORED_CURRENT_OBSERVED,WHOSCORED_CURRENT_OBSERVED,0.0,0.1790547966957092,0.1790547966957092,Shea Charles
soccerdata:sofascore:16363269,FTX-05YE7,fulham,crystal_palace,430709,7.09,4231,RW,,True,4.0,5,2,0,0.0,0,0.0,0,4,1,4,1,3,2,0,0,28,21,observed_or_derived,False,HOME,2026-09-05,mgr:c4ccacd3c126,Álvaro Arbeloa,3,NO_DETAILED_FANTRAX_ROW,EXACT_PLAYER_MATCH,15.0,,0.0,4,3,0.0,0.0,0,WHOSCORED_SOURCE_SPECIFIC,WHOSCORED_DERIVED_VALIDATED,WHOSCORED_SOURCE_SPECIFIC,WHOSCORED_DERIVED_VALIDATED,WHOSCORED_SOURCE_SPECIFIC,05ye7,15.0,,4.0,,,,WHOSCORED_CURRENT_OBSERVED,WHOSCORED_CURRENT_OBSERVED,WHOSCORED_CURRENT_OBSERVED,0.394153892993927,0.7531741261482239,1.1473280191421509,Oscar Bobb
soccerdata:sofascore:16363269,pr_48aea4da65a5a244,fulham,crystal_palace,515865,7.69,4231,CAM,,True,2.0,4,2,0,0.0,1,1.0,0,5,0,1,0,2,2,1,1,38,33,observed_or_derived,False,HOME,2026-09-05,mgr:c4ccacd3c126,Álvaro Arbeloa,3,EXACT_PLAYER_PERIOD_DETAILED,EXACT_PLAYER_MATCH,18.5,9.5,0.0,1,0,1.0,1.0,0,WHOSCORED_SOURCE_SPECIFIC,WHOSCORED_DERIVED_VALIDATED,WHOSCORED_SOURCE_SPECIFIC,WHOSCORED_DERIVED_VALIDATED,WHOSCORED_SOURCE_SPECIFIC,06jh3,18.5,9.5,2.0,0.0,1.0,h2e8dn5dmrp1z5vp,FANTRAX,FANTRAX,FANTRAX,0.220769003033638,0.214326411485672,0.43509541451931,Josh King
soccerdata:sofascore:16363269,FTX-07897,fulham,crystal_palace,534901,7.28,4231,LW,,True,1.0,2,1,1,1.0,0,0.0,0,0,1,0,0,5,3,1,1,29,26,observed_or_derived,False,HOME,2026-09-05,mgr:c4ccacd3c126,Álvaro Arbeloa,3,NO_DETAILED_FANTRAX_ROW,EXACT_PLAYER_MATCH,16.5,,0.0,0,0,0.0,0.0,0,WHOSCORED_SOURCE_SPECIFIC,WHOSCORED_DERIVED_VALIDATED,WHOSCORED_SOURCE_SPECIFIC,WHOSCORED_DERIVED_VALIDATED,WHOSCORED_SOURCE_SPECIFIC,07897,16.5,,1.0,,,,WHOSCORED_CURRENT_OBSERVED,WHOSCORED_CURRENT_OBSERVED,WHOSCORED_CURRENT_OBSERVED,0.9081039428710938,0.0273562856018543,0.935460228472948,César Palacios
soccerdata:sofascore:16363269,FTX-07898,fulham,crystal_palace,498798,7.28,4231,ST,,True,1.0,4,2,6,3.0,1,1.0,2,3,1,2,0,5,3,0,2,22,16,observed_or_derived,False,HOME,2026-09-05,mgr:c4ccacd3c126,Álvaro Arbeloa,3,EXACT_PLAYER_PERIOD_DETAILED,EXACT_PLAYER_MATCH,8.0,8.0,0.0,2,0,1.0,1.0,0,WHOSCORED_SOURCE_SPECIFIC,WHOSCORED_DERIVED_VALIDATED,WHOSCORED_SOURCE_SPECIFIC,WHOSCORED_DERIVED_VALIDATED,WHOSCORED_SOURCE_SPECIFIC,07898,8.0,8.0,1.0,3.0,1.0,h2e8dn5dmrp1z5vp,FANTRAX,FANTRAX,FANTRAX,0.3012081682682037,0.0991570875048637,0.4003652557730673,Gonzalo García
soccerdata:sofascore:16363269,FTX-061VN,fulham,crystal_palace,403649,6.31,4231,,,False,1.0,0,0,4,2.0,0,0.0,0,0,0,0,0,2,1,0,0,2,1,observed_or_derived,False,HOME,2026-09-05,mgr:c4ccacd3c126,Álvaro Arbeloa,3,NO_DETAILED_FANTRAX_ROW,EXACT_PLAYER_MATCH,5.0,,0.0,0,0,0.0,0.0,0,WHOSCORED_SOURCE_SPECIFIC,WHOSCORED_DERIVED_VALIDATED,WHOSCORED_SOURCE_SPECIFIC,WHOSCORED_DERIVED_VALIDATED,WHOSCORED_SOURCE_SPECIFIC,061vn,5.0,,1.0,,,,WHOSCORED_CURRENT_OBSERVED,WHOSCORED_CURRENT_OBSERVED,WHOSCORED_CURRENT_OBSERVED,0.2029470354318618,0.0914710462093353,0.2944180816411971,Rodrigo Muniz
soccerdata:sofascore:16363269,FTX-05GCS,fulham,crystal_palace,321020,5.96,4231,,,False,0.0,0,0,0,0.0,0,0.0,0,2,1,0,0,0,0,0,0,34,34,observed_or_derived,False,HOME,2026-09-05,mgr:c4ccacd3c126,Álvaro Arbeloa,3,NO_DETAILED_FANTRAX_ROW,EXACT_PLAYER_MATCH,0.0,,0.0,0,0,0.0,0.0,0,WHOSCORED_SOURCE_SPECIFIC,WHOSCORED_DERIVED_VALIDATED,WHOSCORED_SOURCE_SPECIFIC,WHOSCORED_DERIVED_VALIDATED,WHOSCORED_SOURCE_SPECIFIC,05gcs,0.0,,0.0,,,,WHOSCORED_CURRENT_OBSERVED,WHOSCORED_CURRENT_OBSERVED,WHOSCORED_CURRENT_OBSERVED,0.0,0.0,0.0,Sander Berge
soccerdata:sofascore:16363269,FTX-07948,fulham,crystal_palace,443796,6.07,4231,,,False,0.0,0,0,0,0.0,1,0.0,0,0,0,0,0,1,1,0,0,17,14,observed_or_derived,False,HOME,2026-09-05,mgr:c4ccacd3c126,Álvaro Arbeloa,3,NO_DETAILED_FANTRAX_ROW,UNRESOLVED,0.0,,0.0,0,0,1.0,0.0,0,WHOSCORED_SOURCE_SPECIFIC,WHOSCORED_DERIVED_VALIDATED,WHOSCORED_SOURCE_SPECIFIC,WHOSCORED_DERIVED_VALIDATED,WHOSCORED_SOURCE_SPECIFIC,07948,0.0,,,,,,WHOSCORED_CURRENT_OBSERVED,WHOSCORED_CURRENT_OBSERVED,WHOSCORED_CURRENT_OBSERVED,,,,Hugo Larsson
soccerdata:sofascore:16363269,FTX-04QFM,fulham,crystal_palace,322611,6.27,4231,,,False,1.0,3,0,1,0.0,0,1.0,0,1,0,1,1,1,0,0,0,20,15,observed_or_derived,False,HOME,2026-09-05,mgr:c4ccacd3c126,Álvaro Arbeloa,3,NO_DETAILED_FANTRAX_ROW,EXACT_PLAYER_MATCH,3.0,,0.0,1,0,0.0,0.0,0,WHOSCORED_SOURCE_SPECIFIC,WHOSCORED_DERIVED_VALIDATED,WHOSCORED_SOURCE_SPECIFIC,WHOSCORED_DERIVED_VALIDATED,WHOSCORED_SOURCE_SPECIFIC,04qfm,3.0,,1.0,,,,WHOSCORED_CURRENT_OBSERVED,WHOSCORED_CURRENT_OBSERVED,WHOSCORED_CURRENT_OBSERVED,0.0685546323657035,0.0892665684223175,0.157821200788021,Ryan Sessegnon
soccerdata:sofascore:16363269,FTX-04SAT,fulham,crystal_palace,363686,5.97,4231,,,False,0.0,1,0,1,0.0,0,0.0,0,0,0,0,0,0,0,0,0,6,4,observed_or_derived,False,HOME,2026-09-05,mgr:c4ccacd3c126,Álvaro Arbeloa,3,NO_DETAILED_FANTRAX_ROW,EXACT_PLAYER_MATCH,0.0,,0.0,0,0,0.0,0.0,0,WHOSCORED_SOURCE_SPECIFIC,WHOSCORED_DERIVED_VALIDATED,WHOSCORED_SOURCE_SPECIFIC,WHOSCORED_DERIVED_VALIDATED,WHOSCORED_SOURCE_SPECIFIC,04sat,0.0,,0.0,,,,WHOSCORED_CURRENT_OBSERVED,WHOSCORED_CURRENT_OBSERVED,WHOSCORED_CURRENT_OBSERVED,0.0,0.0,0.0,Emile Smith Rowe
soccerdata:sofascore:16363269,FTX-0794F,fulham,crystal_palace,423282,,4231,,,False,0.0,0,0,0,0.0,0,0.0,0,0,0,0,0,0,0,0,0,0,0,observed_or_derived,False,HOME,2026-09-05,mgr:c4ccacd3c126,Álvaro Arbeloa,3,NO_DETAILED_FANTRAX_ROW,UNRESOLVED,0.0,,0.0,0,0,0.0,0.0,0,WHOSCORED_SOURCE_SPECIFIC,WHOSCORED_DERIVED_VALIDATED,WHOSCORED_SOURCE_SPECIFIC,WHOSCORED_DERIVED_VALIDATED,WHOSCORED_SOURCE_SPECIFIC,0794f,0.0,,,,,,WHOSCORED_CURRENT_OBSERVED,WHOSCORED_CURRENT_OBSERVED,WHOSCORED_CURRENT_OBSERVED,,,,David Affengruber
soccerdata:sofascore:16363269,FTX-06ZBW,fulham,crystal_palace,89928,,4231,,,False,0.0,0,0,0,0.0,0,0.0,0,0,0,0,0,0,0,0,0,0,0,observed_or_derived,False,HOME,2026-09-05,mgr:c4ccacd3c126,Álvaro Arbeloa,3,NO_DETAILED_FANTRAX_ROW,UNRESOLVED,0.0,,0.0,0,0,0.0,0.0,0,WHOSCORED_SOURCE_SPECIFIC,WHOSCORED_DERIVED_VALIDATED,WHOSCORED_SOURCE_SPECIFIC,WHOSCORED_DERIVED_VALIDATED,WHOSCORED_SOURCE_SPECIFIC,06zbw,0.0,,,,,,WHOSCORED_CURRENT_OBSERVED,WHOSCORED_CURRENT_OBSERVED,WHOSCORED_CURRENT_OBSERVED,,,,Benjamin Lecomte
soccerdata:sofascore:16363269,FTX-070HJ,fulham,crystal_palace,429174,,4231,,,False,0.0,0,0,0,0.0,0,0.0,0,0,0,0,0,0,0,0,0,0,0,observed_or_derived,False,HOME,2026-09-05,mgr:c4ccacd3c126,Álvaro Arbeloa,3,NO_DETAILED_FANTRAX_ROW,UNRESOLVED,0.0,,0.0,0,0,0.0,0.0,0,WHOSCORED_SOURCE_SPECIFIC,WHOSCORED_DERIVED_VALIDATED,WHOSCORED_SOURCE_SPECIFIC,WHOSCORED_DERIVED_VALIDATED,WHOSCORED_SOURCE_SPECIFIC,070hj,0.0,,,,,,WHOSCORED_CURRENT_OBSERVED,WHOSCORED_CURRENT_OBSERVED,WHOSCORED_CURRENT_OBSERVED,,,,Kevin
soccerdata:sofascore:16363269,FTX-07949,fulham,crystal_palace,606004,,4231,,,False,0.0,0,0,0,0.0,0,0.0,0,0,0,0,0,0,0,0,0,0,0,observed_or_derived,False,HOME,2026-09-05,mgr:c4ccacd3c126,Álvaro Arbeloa,3,NO_DETAILED_FANTRAX_ROW,UNRESOLVED,0.0,,0.0,0,0,0.0,0.0,0,WHOSCORED_SOURCE_SPECIFIC,WHOSCORED_DERIVED_VALIDATED,WHOSCORED_SOURCE_SPECIFIC,WHOSCORED_DERIVED_VALIDATED,WHOSCORED_SOURCE_SPECIFIC,07949,0.0,,,,,,WHOSCORED_CURRENT_OBSERVED,WHOSCORED_CURRENT_OBSERVED,WHOSCORED_CURRENT_OBSERVED,,,,Manuel Ángel
soccerdata:sofascore:16363269,FTX-03YWW,crystal_palace,fulham,304008,7.19,3421,GK,,True,0.0,0,0,0,0.0,0,0.0,0,0,0,0,0,0,0,0,0,36,30,observed_or_derived,False,AWAY,2026-09-05,mgr:698607e509b7,Pierre Sage,3,NO_DETAILED_FANTRAX_ROW,EXACT_PLAYER_MATCH,8.5,,0.0,0,0,0.0,0.0,0,WHOSCORED_SOURCE_SPECIFIC,WHOSCORED_DERIVED_VALIDATED,WHOSCORED_SOURCE_SPECIFIC,WHOSCORED_DERIVED_VALIDATED,WHOSCORED_SOURCE_SPECIFIC,03yww,8.5,,0.0,,,,WHOSCORED_CURRENT_OBSERVED,WHOSCORED_CURRENT_OBSERVED,WHOSCORED_CURRENT_OBSERVED,0.0,0.0,0.0,Dean Henderson
soccerdata:sofascore:16363269,FTX-06EW2,crystal_palace,fulham,300426,7.33,3421,CB,,True,1.0,1,1,5,3.0,4,4.0,3,8,1,0,1,0,0,0,0,60,53,observed_or_derived,False,AWAY,2026-09-05,mgr:698607e509b7,Pierre Sage,3,NO_DETAILED_FANTRAX_ROW,EXACT_PLAYER_MATCH,14.0,,0.0,0,0,4.0,3.0,0,WHOSCORED_SOURCE_SPECIFIC,WHOSCORED_DERIVED_VALIDATED,WHOSCORED_SOURCE_SPECIFIC,WHOSCORED_DERIVED_VALIDATED,WHOSCORED_SOURCE_SPECIFIC,06ew2,14.0,,1.0,,,,WHOSCORED_CURRENT_OBSERVED,WHOSCORED_CURRENT_OBSERVED,WHOSCORED_CURRENT_OBSERVED,0.0,0.0335021689534187,0.0335021689534187,Axel Disasi
soccerdata:sofascore:16363269,FTX-0635J,crystal_palace,fulham,395401,6.67,3421,CB,,True,0.0,0,0,3,1.0,1,0.0,5,4,2,0,0,1,1,0,1,44,37,observed_or_derived,False,AWAY,2026-09-05,mgr:698607e509b7,Pierre Sage,3,EXACT_PLAYER_PERIOD_DETAILED,EXACT_PLAYER_MATCH,7.5,7.5,0.0,0,0,1.0,1.0,0,WHOSCORED_SOURCE_SPECIFIC,WHOSCORED_DERIVED_VALIDATED,WHOSCORED_SOURCE_SPECIFIC,WHOSCORED_DERIVED_VALIDATED,WHOSCORED_SOURCE_SPECIFIC,0635j,7.5,7.5,0.0,1.0,0.0,acjx0vg4mrp1z5vo,FANTRAX,FANTRAX,FANTRAX,0.0335021689534187,0.0,0.0335021689534187,Chris Richards
soccerdata:sofascore:16363269,FTX-070HB,crystal_palace,fulham,531676,5.83,3421,CB,,True,0.0,0,0,1,1.0,2,3.0,4,2,0,0,0,0,0,0,0,49,44,observed_or_derived,False,AWAY,2026-09-05,mgr:698607e509b7,Pierre Sage,3,NO_DETAILED_FANTRAX_ROW,EXACT_PLAYER_MATCH,6.0,,0.0,0,0,2.0,2.0,0,WHOSCORED_SOURCE_SPECIFIC,WHOSCORED_DERIVED_VALIDATED,WHOSCORED_SOURCE_SPECIFIC,WHOSCORED_DERIVED_VALIDATED,WHOSCORED_SOURCE_SPECIFIC,070hb,6.0,,0.0,,,,WHOSCORED_CURRENT_OBSERVED,WHOSCORED_CURRENT_OBSERVED,WHOSCORED_CURRENT_OBSERVED,0.0,0.0,0.0,Jaydee Canvot
soccerdata:sofascore:16363269,FTX-078QG,crystal_palace,fulham,444136,7.27,3421,RWB,,True,0.0,3,1,3,3.0,3,2.0,5,3,2,1,0,2,1,0,0,38,31,observed_or_derived,False,AWAY,2026-09-05,mgr:698607e509b7,Pierre Sage,3,EXACT_PLAYER_PERIOD_DETAILED,EXACT_PLAYER_MATCH,9.5,9.5,0.0,0,0,3.0,2.0,0,WHOSCORED_SOURCE_SPECIFIC,WHOSCORED_DERIVED_VALIDATED,WHOSCORED_SOURCE_SPECIFIC,WHOSCORED_DERIVED_VALIDATED,WHOSCORED_SOURCE_SPECIFIC,078qg,9.5,9.5,0.0,3.0,2.0,h2e8dn5dmrp1z5vp,FANTRAX,FANTRAX,FANTRAX,0.3637215793132782,0.0,0.3637215793132782,Anan Khalaili
soccerdata:sofascore:16363269,FTX-05AKV,crystal_palace,fulham,389579,8.08,3421,LWB,,True,1.0,2,1,0,0.0,2,1.0,3,2,1,3,0,3,3,2,0,30,14,observed_or_derived,False,AWAY,2026-09-05,mgr:698607e509b7,Pierre Sage,3,EXACT_PLAYER_PERIOD_DETAILED,EXACT_PLAYER_MATCH,28.0,10.0,0.0,3,0,2.0,1.0,0,WHOSCORED_SOURCE_SPECIFIC,WHOSCORED_DERIVED_VALIDATED,WHOSCORED_SOURCE_SPECIFIC,WHOSCORED_DERIVED_VALIDATED,WHOSCORED_SOURCE_SPECIFIC,05akv,28.0,10.0,1.0,0.0,1.0,61fz0pmkmrp1z5vo,FANTRAX,FANTRAX,FANTRAX,0.7888648509979248,0.0154942627996206,0.8043591137975454,Tyrick Mitchell
soccerdata:sofascore:16363269,FTX-0794M,crystal_palace,fulham,411078,6.24,3421,CM,,True,0.0,0,0,1,0.0,1,1.0,0,3,1,0,0,1,0,0,4,18,12,observed_or_derived,False,AWAY,2026-09-05,mgr:698607e509b7,Pierre Sage,3,NO_DETAILED_FANTRAX_ROW,UNRESOLVED,2.5,,0.0,0,0,1.0,1.0,0,WHOSCORED_SOURCE_SPECIFIC,WHOSCORED_DERIVED_VALIDATED,WHOSCORED_SOURCE_SPECIFIC,WHOSCORED_DERIVED_VALIDATED,WHOSCORED_SOURCE_SPECIFIC,0794m,2.5,,,,,,WHOSCORED_CURRENT_OBSERVED,WHOSCORED_CURRENT_OBSERVED,WHOSCORED_CURRENT_OBSERVED,,,,Quinten Timber
soccerdata:sofascore:16363269,FTX-06JGS,crystal_palace,fulham,430774,6.42,3421,CM,,True,0.0,0,0,0,0.0,1,1.0,5,0,0,0,0,0,0,0,2,24,16,observed_or_derived,False,AWAY,2026-09-05,mgr:698607e509b7,Pierre Sage,3,EXACT_PLAYER_PERIOD_DETAILED,EXACT_PLAYER_MATCH,4.0,4.0,0.0,0,0,1.0,0.0,0,WHOSCORED_SOURCE_SPECIFIC,WHOSCORED_DERIVED_VALIDATED,WHOSCORED_SOURCE_SPECIFIC,WHOSCORED_DERIVED_VALIDATED,WHOSCORED_SOURCE_SPECIFIC,06jgs,4.0,4.0,0.0,0.0,1.0,acjx0vg4mrp1z5vo,FANTRAX,FANTRAX,FANTRAX,0.0,0.0,0.0,Adam Wharton
soccerdata:sofascore:16363269,FTX-06MNC,crystal_palace,fulham,344166,6.54,3421,CAM,,True,2.0,0,0,0,0.0,0,0.0,0,4,2,0,0,0,0,0,1,30,22,observed_or_derived,False,AWAY,2026-09-05,mgr:698607e509b7,Pierre Sage,3,NO_DETAILED_FANTRAX_ROW,EXACT_PLAYER_MATCH,10.0,,0.0,0,0,0.0,0.0,0,WHOSCORED_SOURCE_SPECIFIC,WHOSCORED_DERIVED_VALIDATED,WHOSCORED_SOURCE_SPECIFIC,WHOSCORED_DERIVED_VALIDATED,WHOSCORED_SOURCE_SPECIFIC,06mnc,10.0,,2.0,,,,WHOSCORED_CURRENT_OBSERVED,WHOSCORED_CURRENT_OBSERVED,WHOSCORED_CURRENT_OBSERVED,0.0,0.4266432821750641,0.4266432821750641,Daichi Kamada
soccerdata:sofascore:16363269,FTX-070F9,crystal_palace,fulham,403865,6.82,3421,CAM,,True,3.0,1,0,1,1.0,1,0.0,1,3,1,3,3,1,0,0,2,41,31,observed_or_derived,False,AWAY,2026-09-05,mgr:698607e509b7,Pierre Sage,3,EXACT_PLAYER_PERIOD_DETAILED,EXACT_PLAYER_MATCH,13.0,7.0,0.0,3,0,1.0,0.0,0,WHOSCORED_SOURCE_SPECIFIC,WHOSCORED_DERIVED_VALIDATED,WHOSCORED_SOURCE_SPECIFIC,WHOSCORED_DERIVED_VALIDATED,WHOSCORED_SOURCE_SPECIFIC,070f9,13.0,7.0,3.0,1.0,0.0,2dxfjlk0mrp1z5vo,FANTRAX,FANTRAX,FANTRAX,0.4146426916122436,0.8899388313293457,1.3045815229415894,Yéremy Pino
soccerdata:sofascore:16363269,FTX-04GE9,crystal_palace,fulham,345845,6.72,3421,ST,,True,1.0,2,1,3,1.0,1,0.0,0,1,0,0,0,1,1,0,1,8,5,observed_or_derived,False,AWAY,2026-09-05,mgr:698607e509b7,Pierre Sage,3,NO_DETAILED_FANTRAX_ROW,EXACT_PLAYER_MATCH,12.5,,0.0,0,0,1.0,1.0,0,WHOSCORED_SOURCE_SPECIFIC,WHOSCORED_DERIVED_VALIDATED,WHOSCORED_SOURCE_SPECIFIC,WHOSCORED_DERIVED_VALIDATED,WHOSCORED_SOURCE_SPECIFIC,04ge9,12.5,,1.0,,,,WHOSCORED_CURRENT_OBSERVED,WHOSCORED_CURRENT_OBSERVED,WHOSCORED_CURRENT_OBSERVED,0.5262172818183899,0.3963215053081512,0.9225387871265412,Eddie Nketiah
soccerdata:sofascore:16363269,FTX-0794E,crystal_palace,fulham,445248,6.06,3421,,,False,0.0,0,0,0,0.0,1,0.0,0,0,1,0,0,0,0,0,0,2,1,observed_or_derived,False,AWAY,2026-09-05,mgr:698607e509b7,Pierre Sage,3,NO_DETAILED_FANTRAX_ROW,UNRESOLVED,0.0,,0.0,0,0,1.0,0.0,0,WHOSCORED_SOURCE_SPECIFIC,WHOSCORED_DERIVED_VALIDATED,WHOSCORED_SOURCE_SPECIFIC,WHOSCORED_DERIVED_VALIDATED,WHOSCORED_SOURCE_SPECIFIC,0794e,0.0,,,,,,WHOSCORED_CURRENT_OBSERVED,WHOSCORED_CURRENT_OBSERVED,WHOSCORED_CURRENT_OBSERVED,,,,Darío Osorio
soccerdata:sofascore:16363269,FTX-06MOW,crystal_palace,fulham,333048,6.65,3421,,,False,0.0,1,1,5,5.0,0,0.0,1,3,0,0,0,0,0,0,1,9,5,observed_or_derived,False,AWAY,2026-09-05,mgr:698607e509b7,Pierre Sage,3,NO_DETAILED_FANTRAX_ROW,EXACT_PLAYER_MATCH,3.0,,0.0,0,0,0.0,0.0,0,WHOSCORED_SOURCE_SPECIFIC,WHOSCORED_DERIVED_VALIDATED,WHOSCORED_SOURCE_SPECIFIC,WHOSCORED_DERIVED_VALIDATED,WHOSCORED_SOURCE_SPECIFIC,06mow,3.0,,0.0,,,,WHOSCORED_CURRENT_OBSERVED,WHOSCORED_CURRENT_OBSERVED,WHOSCORED_CURRENT_OBSERVED,0.0,0.0,0.0,Jørgen Strand Larsen
soccerdata:sofascore:16363269,FTX-0784O,crystal_palace,fulham,397469,6.07,3421,,,False,0.0,0,0,1,0.0,1,0.0,0,1,0,0,0,0,0,0,1,4,3,observed_or_derived,False,AWAY,2026-09-05,mgr:698607e509b7,Pierre Sage,3,EXACT_PLAYER_PERIOD_DETAILED,UNRESOLVED,1.0,1.0,0.0,0,0,1.0,1.0,0,WHOSCORED_SOURCE_SPECIFIC,WHOSCORED_DERIVED_VALIDATED,WHOSCORED_SOURCE_SPECIFIC,WHOSCORED_DERIVED_VALIDATED,WHOSCORED_SOURCE_SPECIFIC,0784o,1.0,1.0,0.0,0.0,0.0,cjn4stydmrp1z5vp,FANTRAX,FANTRAX,FANTRAX,,,,Óscar Mingueza
soccerdata:sofascore:16363269,FTX-04F6O,crystal_palace,fulham,108638,6.21,3421,,,False,0.0,0,0,0,0.0,0,0.0,2,1,0,0,0,0,0,0,0,4,3,observed_or_derived,False,AWAY,2026-09-05,mgr:698607e509b7,Pierre Sage,3,NO_DETAILED_FANTRAX_ROW,EXACT_PLAYER_MATCH,1.0,,0.0,0,0,0.0,0.0,0,WHOSCORED_SOURCE_SPECIFIC,WHOSCORED_DERIVED_VALIDATED,WHOSCORED_SOURCE_SPECIFIC,WHOSCORED_DERIVED_VALIDATED,WHOSCORED_SOURCE_SPECIFIC,04f6o,1.0,,0.0,,,,WHOSCORED_CURRENT_OBSERVED,WHOSCORED_CURRENT_OBSERVED,WHOSCORED_CURRENT_OBSERVED,0.0,0.0,0.0,Will Hughes
soccerdata:sofascore:16363269,FTX-03V6T,crystal_palace,fulham,299272,6.9,3421,,,False,0.0,0,0,0,0.0,0,0.0,0,0,0,1,0,1,1,1,0,6,5,observed_or_derived,False,AWAY,2026-09-05,mgr:698607e509b7,Pierre Sage,3,NO_DETAILED_FANTRAX_ROW,UNRESOLVED,12.0,,0.0,1,0,0.0,0.0,0,WHOSCORED_SOURCE_SPECIFIC,WHOSCORED_DERIVED_VALIDATED,WHOSCORED_SOURCE_SPECIFIC,WHOSCORED_DERIVED_VALIDATED,WHOSCORED_SOURCE_SPECIFIC,03v6t,12.0,,,,,,WHOSCORED_CURRENT_OBSERVED,WHOSCORED_CURRENT_OBSERVED,WHOSCORED_CURRENT_OBSERVED,,,,Ben Chilwell
soccerdata:sofascore:16363269,FTX-06XZE,crystal_palace,fulham,130304,,3421,,,False,0.0,0,0,0,0.0,0,0.0,0,0,0,0,0,0,0,0,0,0,0,observed_or_derived,False,AWAY,2026-09-05,mgr:698607e509b7,Pierre Sage,3,NO_DETAILED_FANTRAX_ROW,UNRESOLVED,0.0,,0.0,0,0,0.0,0.0,0,WHOSCORED_SOURCE_SPECIFIC,WHOSCORED_DERIVED_VALIDATED,WHOSCORED_SOURCE_SPECIFIC,WHOSCORED_DERIVED_VALIDATED,WHOSCORED_SOURCE_SPECIFIC,06xze,0.0,,,,,,WHOSCORED_CURRENT_OBSERVED,WHOSCORED_CURRENT_OBSERVED,WHOSCORED_CURRENT_OBSERVED,,,,Walter Benítez
soccerdata:sofascore:16363269,FTX-05W9R,crystal_palace,fulham,377283,,3421,,,False,0.0,0,0,0,0.0,0,0.0,0,0,0,0,0,0,0,0,0,0,0,observed_or_derived,False,AWAY,2026-09-05,mgr:698607e509b7,Pierre Sage,3,NO_DETAILED_FANTRAX_ROW,UNRESOLVED,0.0,,0.0,0,0,0.0,0.0,0,WHOSCORED_SOURCE_SPECIFIC,WHOSCORED_DERIVED_VALIDATED,WHOSCORED_SOURCE_SPECIFIC,WHOSCORED_DERIVED_VALIDATED,WHOSCORED_SOURCE_SPECIFIC,05w9r,0.0,,,,,,WHOSCORED_CURRENT_OBSERVED,WHOSCORED_CURRENT_OBSERVED,WHOSCORED_CURRENT_OBSERVED,,,,Takehiro Tomiyasu
soccerdata:sofascore:16363269,pr_7edff555774d7c8e,crystal_palace,fulham,374993,,3421,,,False,0.0,0,0,0,0.0,0,0.0,0,0,0,0,0,0,0,0,0,0,0,observed_or_derived,False,AWAY,2026-09-05,mgr:698607e509b7,Pierre Sage,3,NO_DETAILED_FANTRAX_ROW,UNRESOLVED,0.0,,0.0,0,0,0.0,0.0,0,WHOSCORED_SOURCE_SPECIFIC,WHOSCORED_DERIVED_VALIDATED,WHOSCORED_SOURCE_SPECIFIC,WHOSCORED_DERIVED_VALIDATED,WHOSCORED_SOURCE_SPECIFIC,062ot,0.0,,,,,,WHOSCORED_CURRENT_OBSERVED,WHOSCORED_CURRENT_OBSERVED,WHOSCORED_CURRENT_OBSERVED,,,,Cheick Doucouré
soccerdata:sofascore:16363269,FTX-078WK,crystal_palace,fulham,505602,,3421,,,False,0.0,0,0,0,0.0,0,0.0,0,0,0,0,0,0,0,0,0,0,0,observed_or_derived,False,AWAY,2026-09-05,mgr:698607e509b7,Pierre Sage,3,NO_DETAILED_FANTRAX_ROW,UNRESOLVED,0.0,,0.0,0,0,0.0,0.0,0,WHOSCORED_SOURCE_SPECIFIC,WHOSCORED_DERIVED_VALIDATED,WHOSCORED_SOURCE_SPECIFIC,WHOSCORED_DERIVED_VALIDATED,WHOSCORED_SOURCE_SPECIFIC,078wk,0.0,,,,,,WHOSCORED_CURRENT_OBSERVED,WHOSCORED_CURRENT_OBSERVED,WHOSCORED_CURRENT_OBSERVED,,,,Zavier Gozo
soccerdata:sofascore:16363638,FTX-04F6H,nottingham_forest,tottenham_hotspur,78386,6.42,3421,GK,,True,0.0,0,0,1,0.0,0,0.0,0,7,0,0,0,0,0,0,0,30,17,observed_or_derived,False,HOME,2026-09-05,mgr:1058459b93f2,Oliver Glasner,3,EXACT_PLAYER_PERIOD_DETAILED,EXACT_PLAYER_MATCH,6.5,0.5,0.0,0,0,0.0,0.0,0,WHOSCORED_SOURCE_SPECIFIC,WHOSCORED_DERIVED_VALIDATED,WHOSCORED_SOURCE_SPECIFIC,WHOSCORED_DERIVED_VALIDATED,WHOSCORED_SOURCE_SPECIFIC,04f6h,6.5,0.5,0.0,0.0,0.0,h2e8dn5dmrp1z5vp,FANTRAX,FANTRAX,FANTRAX,0.0,0.0,0.0,Matz Sels
soccerdata:sofascore:16363638,FTX-06YGM,nottingham_forest,tottenham_hotspur,443545,7.33,3421,CB,,True,0.0,0,0,2,2.0,2,2.0,9,2,2,1,0,1,0,0,2,32,26,observed_or_derived,False,HOME,2026-09-05,mgr:1058459b93f2,Oliver Glasner,3,NO_DETAILED_FANTRAX_ROW,EXACT_PLAYER_MATCH,14.0,,0.0,0,0,2.0,0.0,0,WHOSCORED_SOURCE_SPECIFIC,WHOSCORED_DERIVED_VALIDATED,WHOSCORED_SOURCE_SPECIFIC,WHOSCORED_DERIVED_VALIDATED,WHOSCORED_SOURCE_SPECIFIC,06ygm,14.0,,0.0,,,,WHOSCORED_CURRENT_OBSERVED,WHOSCORED_CURRENT_OBSERVED,WHOSCORED_CURRENT_OBSERVED,0.0132355606183409,0.0,0.0132355606183409,Jair Cunha
soccerdata:sofascore:16363638,FTX-06FWZ,nottingham_forest,tottenham_hotspur,445424,7.17,3421,CB,,True,0.0,1,1,2,1.0,4,1.0,5,4,1,1,0,2,0,0,3,49,38,observed_or_derived,False,HOME,2026-09-05,mgr:1058459b93f2,Oliver Glasner,3,EXACT_PLAYER_PERIOD_DETAILED,EXACT_PLAYER_MATCH,14.5,8.5,0.0,0,0,4.0,3.0,0,WHOSCORED_SOURCE_SPECIFIC,WHOSCORED_DERIVED_VALIDATED,WHOSCORED_SOURCE_SPECIFIC,WHOSCORED_DERIVED_VALIDATED,WHOSCORED_SOURCE_SPECIFIC,06fwz,14.5,8.5,0.0,1.0,1.0,h2e8dn5dmrp1z5vp,FANTRAX,FANTRAX,FANTRAX,0.1806412637233734,0.0,0.1806412637233734,Murillo
soccerdata:sofascore:16363638,FTX-06MW0,nottingham_forest,tottenham_hotspur,319785,7.16,3421,CB,,True,0.0,0,0,3,2.0,2,0.0,6,3,0,0,0,0,0,0,2,42,38,observed_or_derived,False,HOME,2026-09-05,mgr:1058459b93f2,Oliver Glasner,3,EXACT_PLAYER_PERIOD_DETAILED,EXACT_PLAYER_MATCH,13.0,7.0,0.0,0,0,2.0,1.0,0,WHOSCORED_SOURCE_SPECIFIC,WHOSCORED_DERIVED_VALIDATED,WHOSCORED_SOURCE_SPECIFIC,WHOSCORED_DERIVED_VALIDATED,WHOSCORED_SOURCE_SPECIFIC,06mw0,13.0,7.0,0.0,2.0,0.0,ayk8m85amrp1z5vo,FANTRAX,FANTRAX,FANTRAX,0.0,0.0,0.0,Nikola Milenkovic
soccerdata:sofascore:16363638,FTX-03FRX,nottingham_forest,tottenham_hotspur,315543,6.78,3421,RWB,,True,0.0,0,0,4,1.0,5,1.0,2,4,0,3,0,0,0,0,2,23,13,observed_or_derived,False,HOME,2026-09-05,mgr:1058459b93f2,Oliver Glasner,3,NO_DETAILED_FANTRAX_ROW,EXACT_PLAYER_MATCH,4.0,,0.0,2,0,5.0,2.0,0,WHOSCORED_SOURCE_SPECIFIC,WHOSCORED_DERIVED_VALIDATED,WHOSCORED_SOURCE_SPECIFIC,WHOSCORED_DERIVED_VALIDATED,WHOSCORED_SOURCE_SPECIFIC,03frx,4.0,,0.0,,,,WHOSCORED_CURRENT_OBSERVED,WHOSCORED_CURRENT_OBSERVED,WHOSCORED_CURRENT_OBSERVED,0.0,0.0,0.0,Ola Aina
soccerdata:sofascore:16363638,FTX-05A6E,nottingham_forest,tottenham_hotspur,386969,6.69,3421,LWB,,True,1.0,0,0,0,0.0,3,0.0,4,8,1,5,0,0,0,0,8,42,29,observed_or_derived,False,HOME,2026-09-05,mgr:1058459b93f2,Oliver Glasner,3,EXACT_PLAYER_PERIOD_DETAILED,EXACT_PLAYER_MATCH,11.0,5.0,0.0,4,0,3.0,2.0,0,WHOSCORED_SOURCE_SPECIFIC,WHOSCORED_DERIVED_VALIDATED,WHOSCORED_SOURCE_SPECIFIC,WHOSCORED_DERIVED_VALIDATED,WHOSCORED_SOURCE_SPECIFIC,05a6e,11.0,5.0,1.0,0.0,0.0,hpsurdtbmrp1z5vo,FANTRAX,FANTRAX,FANTRAX,0.0,0.0870486423373222,0.0870486423373222,Neco Williams
soccerdata:sofascore:16363638,FTX-05UHS,nottingham_forest,tottenham_hotspur,425576,7.46,3421,CM,,True,5.0,3,1,1,1.0,3,0.0,0,4,0,3,1,3,2,0,6,33,26,observed_or_derived,False,HOME,2026-09-05,mgr:1058459b93f2,Oliver Glasner,3,EXACT_PLAYER_PERIOD_DETAILED,EXACT_PLAYER_MATCH,16.0,15.0,0.0,3,1,3.0,3.0,0,WHOSCORED_SOURCE_SPECIFIC,WHOSCORED_DERIVED_VALIDATED,WHOSCORED_SOURCE_SPECIFIC,WHOSCORED_DERIVED_VALIDATED,WHOSCORED_SOURCE_SPECIFIC,05uhs,16.0,15.0,5.0,1.0,0.0,2dxfjlk0mrp1z5vo,FANTRAX,FANTRAX,FANTRAX,0.1077755466103553,0.5124528408050537,0.620228387415409,James McAtee
soccerdata:sofascore:16363638,FTX-06ZNA,nottingham_forest,tottenham_hotspur,398414,6.15,3421,CAM,,True,0.0,4,1,3,1.0,1,0.0,0,4,1,0,0,0,0,0,4,5,3,observed_or_derived,False,HOME,2026-09-05,mgr:1058459b93f2,Oliver Glasner,3,EXACT_PLAYER_PERIOD_DETAILED,EXACT_PLAYER_MATCH,1.0,1.0,0.0,0,0,1.0,0.0,0,WHOSCORED_SOURCE_SPECIFIC,WHOSCORED_DERIVED_VALIDATED,WHOSCORED_SOURCE_SPECIFIC,WHOSCORED_DERIVED_VALIDATED,WHOSCORED_SOURCE_SPECIFIC,06zna,1.0,1.0,0.0,1.0,0.0,acjx0vg4mrp1z5vo,FANTRAX,FANTRAX,FANTRAX,0.0,0.0,0.0,Dan Ndoye
soccerdata:sofascore:16363638,FTX-04QR9,nottingham_forest,tottenham_hotspur,332867,6.08,3421,CAM,,True,0.0,2,0,1,0.0,2,0.0,0,5,2,8,0,3,2,0,1,30,18,observed_or_derived,False,HOME,2026-09-05,mgr:1058459b93f2,Oliver Glasner,3,EXACT_PLAYER_PERIOD_DETAILED,EXACT_PLAYER_MATCH,3.0,2.0,0.0,8,0,2.0,0.0,0,WHOSCORED_SOURCE_SPECIFIC,WHOSCORED_DERIVED_VALIDATED,WHOSCORED_SOURCE_SPECIFIC,WHOSCORED_DERIVED_VALIDATED,WHOSCORED_SOURCE_SPECIFIC,04qr9,3.0,2.0,0.0,0.0,0.0,h2e8dn5dmrp1z5vp,FANTRAX,FANTRAX,FANTRAX,0.4350425004959106,0.0,0.4350425004959106,Morgan Gibbs-White
soccerdata:sofascore:16363638,FTX-05OIG,nottingham_forest,tottenham_hotspur,401254,6.44,3421,ST,,True,2.0,1,0,5,4.0,0,0.0,2,3,0,0,0,1,0,0,3,9,6,observed_or_derived,False,HOME,2026-09-05,mgr:1058459b93f2,Oliver Glasner,3,NO_DETAILED_FANTRAX_ROW,EXACT_PLAYER_MATCH,6.5,,0.0,0,0,0.0,0.0,0,WHOSCORED_SOURCE_SPECIFIC,WHOSCORED_DERIVED_VALIDATED,WHOSCORED_SOURCE_SPECIFIC,WHOSCORED_DERIVED_VALIDATED,WHOSCORED_SOURCE_SPECIFIC,05oig,6.5,,2.0,,,,WHOSCORED_CURRENT_OBSERVED,WHOSCORED_CURRENT_OBSERVED,WHOSCORED_CURRENT_OBSERVED,0.0457547046244144,0.116889052093029,0.1626437567174434,Liam Delap
soccerdata:sofascore:16363638,FTX-06Y9O,nottingham_forest,tottenham_hotspur,397497,6.11,3421,,,False,0.0,0,0,2,1.0,1,0.0,0,0,0,0,0,0,0,0,2,6,5,observed_or_derived,False,HOME,2026-09-05,mgr:1058459b93f2,Oliver Glasner,3,EXACT_PLAYER_PERIOD_DETAILED,EXACT_PLAYER_MATCH,-0.5,-0.5,0.0,0,0,1.0,0.0,0,WHOSCORED_SOURCE_SPECIFIC,WHOSCORED_DERIVED_VALIDATED,WHOSCORED_SOURCE_SPECIFIC,WHOSCORED_DERIVED_VALIDATED,WHOSCORED_SOURCE_SPECIFIC,06y9o,-0.5,-0.5,0.0,1.0,0.0,qwkltl98mrp1z5vp,FANTRAX,FANTRAX,FANTRAX,0.0,0.0,0.0,Igor Jesus
soccerdata:sofascore:16363638,FTX-06JGI,nottingham_forest,tottenham_hotspur,400496,6.22,3421,,,False,0.0,0,0,0,0.0,1,0.0,1,0,1,3,0,1,1,0,2,11,6,observed_or_derived,False,HOME,2026-09-05,mgr:1058459b93f2,Oliver Glasner,3,EXACT_PLAYER_PERIOD_DETAILED,UNRESOLVED,1.0,1.0,0.0,2,0,1.0,1.0,0,WHOSCORED_SOURCE_SPECIFIC,WHOSCORED_DERIVED_VALIDATED,WHOSCORED_SOURCE_SPECIFIC,WHOSCORED_DERIVED_VALIDATED,WHOSCORED_SOURCE_SPECIFIC,06jgi,1.0,1.0,0.0,0.0,0.0,61fz0pmkmrp1z5vo,FANTRAX,FANTRAX,FANTRAX,,,,Daniel Muñoz
soccerdata:sofascore:16363638,FTX-02M5B,nottingham_forest,tottenham_hotspur,73380,6.14,3421,,,False,0.0,0,0,5,2.0,0,0.0,0,0,0,0,0,0,0,0,0,3,1,observed_or_derived,False,HOME,2026-09-05,mgr:1058459b93f2,Oliver Glasner,3,NO_DETAILED_FANTRAX_ROW,EXACT_PLAYER_MATCH,1.0,,0.0,0,0,0.0,0.0,0,WHOSCORED_SOURCE_SPECIFIC,WHOSCORED_DERIVED_VALIDATED,WHOSCORED_SOURCE_SPECIFIC,WHOSCORED_DERIVED_VALIDATED,WHOSCORED_SOURCE_SPECIFIC,02m5b,1.0,,0.0,,,,WHOSCORED_CURRENT_OBSERVED,WHOSCORED_CURRENT_OBSERVED,WHOSCORED_CURRENT_OBSERVED,0.0,0.0,0.0,Chris Wood
soccerdata:sofascore:16363638,FTX-06FY7,nottingham_forest,tottenham_hotspur,334653,,3421,,,False,0.0,0,0,0,0.0,0,0.0,0,0,0,0,0,0,0,0,0,0,0,observed_or_derived,False,HOME,2026-09-05,mgr:1058459b93f2,Oliver Glasner,3,NO_DETAILED_FANTRAX_ROW,UNRESOLVED,0.0,,0.0,0,0,0.0,0.0,0,WHOSCORED_SOURCE_SPECIFIC,WHOSCORED_DERIVED_VALIDATED,WHOSCORED_SOURCE_SPECIFIC,WHOSCORED_DERIVED_VALIDATED,WHOSCORED_SOURCE_SPECIFIC,06fy7,0.0,,,,,,WHOSCORED_CURRENT_OBSERVED,WHOSCORED_CURRENT_OBSERVED,WHOSCORED_CURRENT_OBSERVED,,,,Nicolás Domínguez
soccerdata:sofascore:16363638,FTX-070GT,nottingham_forest,tottenham_hotspur,318689,,3421,,,False,0.0,0,0,0,0.0,0,0.0,0,0,0,0,0,0,0,0,0,0,0,observed_or_derived,False,HOME,2026-09-05,mgr:1058459b93f2,Oliver Glasner,3,NO_DETAILED_FANTRAX_ROW,UNRESOLVED,0.0,,0.0,0,0,0.0,0.0,0,WHOSCORED_SOURCE_SPECIFIC,WHOSCORED_DERIVED_VALIDATED,WHOSCORED_SOURCE_SPECIFIC,WHOSCORED_DERIVED_VALIDATED,WHOSCORED_SOURCE_SPECIFIC,070gt,0.0,,,,,,WHOSCORED_CURRENT_OBSERVED,WHOSCORED_CURRENT_OBSERVED,WHOSCORED_CURRENT_OBSERVED,,,,John Victor
soccerdata:sofascore:16363638,FTX-072ZR,nottingham_forest,tottenham_hotspur,394888,,3421,,,False,0.0,0,0,0,0.0,0,0.0,0,0,0,0,0,0,0,0,0,0,0,observed_or_derived,False,HOME,2026-09-05,mgr:1058459b93f2,Oliver Glasner,3,NO_DETAILED_FANTRAX_ROW,UNRESOLVED,0.0,,0.0,0,0,0.0,0.0,0,WHOSCORED_SOURCE_SPECIFIC,WHOSCORED_DERIVED_VALIDATED,WHOSCORED_SOURCE_SPECIFIC,WHOSCORED_DERIVED_VALIDATED,WHOSCORED_SOURCE_SPECIFIC,072zr,0.0,,,,,,WHOSCORED_CURRENT_OBSERVED,WHOSCORED_CURRENT_OBSERVED,WHOSCORED_CURRENT_OBSERVED,,,,Luca Netz
soccerdata:sofascore:16363638,FTX-061Y6,nottingham_forest,tottenham_hotspur,342830,,3421,,,False,0.0,0,0,0,0.0,0,0.0,0,0,0,0,0,0,0,0,0,0,0,observed_or_derived,False,HOME,2026-09-05,mgr:1058459b93f2,Oliver Glasner,3,NO_DETAILED_FANTRAX_ROW,UNRESOLVED,0.0,,0.0,0,0,0.0,0.0,0,WHOSCORED_SOURCE_SPECIFIC,WHOSCORED_DERIVED_VALIDATED,WHOSCORED_SOURCE_SPECIFIC,WHOSCORED_DERIVED_VALIDATED,WHOSCORED_SOURCE_SPECIFIC,061y6,0.0,,,,,,WHOSCORED_CURRENT_OBSERVED,WHOSCORED_CURRENT_OBSERVED,WHOSCORED_CURRENT_OBSERVED,,,,Ryan Yates
soccerdata:sofascore:16363638,FTX-04MI4,nottingham_forest,tottenham_hotspur,350088,,3421,,,False,0.0,0,0,0,0.0,0,0.0,0,0,0,0,0,0,0,0,0,0,0,observed_or_derived,False,HOME,2026-09-05,mgr:1058459b93f2,Oliver Glasner,3,NO_DETAILED_FANTRAX_ROW,UNRESOLVED,0.0,,0.0,0,0,0.0,0.0,0,WHOSCORED_SOURCE_SPECIFIC,WHOSCORED_DERIVED_VALIDATED,WHOSCORED_SOURCE_SPECIFIC,WHOSCORED_DERIVED_VALIDATED,WHOSCORED_SOURCE_SPECIFIC,04mi4,0.0,,,,,,WHOSCORED_CURRENT_OBSERVED,WHOSCORED_CURRENT_OBSERVED,WHOSCORED_CURRENT_OBSERVED,,,,Callum Hudson-Odoi
soccerdata:sofascore:16363638,FTX-06R6S,tottenham_hotspur,nottingham_forest,457006,6.76,4231,GK,,True,1.0,0,0,0,0.0,0,0.0,1,1,0,0,0,0,0,0,1,39,23,observed_or_derived,False,AWAY,2026-09-05,mgr:b283d24885e5,Roberto De Zerbi,3,EXACT_PLAYER_PERIOD_DETAILED,UNRESOLVED,12.0,6.0,0.0,0,0,0.0,0.0,0,WHOSCORED_SOURCE_SPECIFIC,WHOSCORED_DERIVED_VALIDATED,WHOSCORED_SOURCE_SPECIFIC,WHOSCORED_DERIVED_VALIDATED,WHOSCORED_SOURCE_SPECIFIC,06r6s,12.0,6.0,1.0,0.0,0.0,hpsurdtbmrp1z5vo,FANTRAX,FANTRAX,FANTRAX,,,,Antonín Kinsky
soccerdata:sofascore:16363638,FTX-05N07,tottenham_hotspur,nottingham_forest,362352,6.92,4231,RB,,True,2.0,4,1,1,0.0,1,1.0,3,3,1,6,1,2,1,0,1,74,53,observed_or_derived,False,AWAY,2026-09-05,mgr:b283d24885e5,Roberto De Zerbi,3,EXACT_PLAYER_PERIOD_DETAILED,EXACT_PLAYER_MATCH,16.0,10.0,0.0,5,2,1.0,1.0,0,WHOSCORED_SOURCE_SPECIFIC,WHOSCORED_DERIVED_VALIDATED,WHOSCORED_SOURCE_SPECIFIC,WHOSCORED_DERIVED_VALIDATED,WHOSCORED_SOURCE_SPECIFIC,05n07,16.0,10.0,2.0,0.0,1.0,w2mnqywumrp1z5vp,FANTRAX,FANTRAX,FANTRAX,0.0198258608579635,0.4163180589675903,0.4361439198255538,Pedro Porro
soccerdata:sofascore:16363638,FTX-05OH0,tottenham_hotspur,nottingham_forest,365402,6.99,4231,CB,,True,1.0,0,0,5,2.0,1,0.0,2,4,0,0,0,2,0,0,4,74,70,observed_or_derived,False,AWAY,2026-09-05,mgr:b283d24885e5,Roberto De Zerbi,3,EXACT_PLAYER_PERIOD_DETAILED,EXACT_PLAYER_MATCH,13.0,7.0,0.0,0,0,1.0,1.0,0,WHOSCORED_SOURCE_SPECIFIC,WHOSCORED_DERIVED_VALIDATED,WHOSCORED_SOURCE_SPECIFIC,WHOSCORED_DERIVED_VALIDATED,WHOSCORED_SOURCE_SPECIFIC,05oh0,13.0,7.0,1.0,2.0,0.0,hpsurdtbmrp1z5vo,FANTRAX,FANTRAX,FANTRAX,0.0902199819684028,0.0061795250512659,0.0963995070196686,Jan Paul van Hecke
soccerdata:sofascore:16363638,FTX-06EZB,tottenham_hotspur,nottingham_forest,425229,7.32,4231,CB,,True,0.0,0,0,5,4.0,3,0.0,6,4,0,0,0,2,1,0,1,67,64,observed_or_derived,False,AWAY,2026-09-05,mgr:b283d24885e5,Roberto De Zerbi,3,EXACT_PLAYER_PERIOD_DETAILED,EXACT_PLAYER_MATCH,15.5,9.5,0.0,0,0,3.0,3.0,0,WHOSCORED_SOURCE_SPECIFIC,WHOSCORED_DERIVED_VALIDATED,WHOSCORED_SOURCE_SPECIFIC,WHOSCORED_DERIVED_VALIDATED,WHOSCORED_SOURCE_SPECIFIC,06ezb,15.5,9.5,0.0,4.0,0.0,h1vdt8ynmrp1z5vp,FANTRAX,FANTRAX,FANTRAX,0.6857382655143738,0.0,0.6857382655143738,Micky van de Ven
soccerdata:sofascore:16363638,FTX-063Y7,tottenham_hotspur,nottingham_forest,401044,6.55,4231,LB,,True,0.0,1,0,3,3.0,0,1.0,3,1,3,1,0,0,0,0,4,33,29,observed_or_derived,False,AWAY,2026-09-05,mgr:b283d24885e5,Roberto De Zerbi,3,NO_DETAILED_FANTRAX_ROW,EXACT_PLAYER_MATCH,8.0,,0.0,0,0,0.0,0.0,0,WHOSCORED_SOURCE_SPECIFIC,WHOSCORED_DERIVED_VALIDATED,WHOSCORED_SOURCE_SPECIFIC,WHOSCORED_DERIVED_VALIDATED,WHOSCORED_SOURCE_SPECIFIC,063y7,8.0,,0.0,,,,WHOSCORED_CURRENT_OBSERVED,WHOSCORED_CURRENT_OBSERVED,WHOSCORED_CURRENT_OBSERVED,0.0,0.0,0.0,Destiny Udogie
soccerdata:sofascore:16363638,FTX-06CMS,tottenham_hotspur,nottingham_forest,343501,7.48,4231,DM,,True,0.0,3,1,1,1.0,4,1.0,1,4,1,1,2,0,0,0,1,42,35,observed_or_derived,False,AWAY,2026-09-05,mgr:b283d24885e5,Roberto De Zerbi,3,NO_DETAILED_FANTRAX_ROW,EXACT_PLAYER_MATCH,4.5,,0.0,1,0,4.0,0.0,0,WHOSCORED_SOURCE_SPECIFIC,WHOSCORED_DERIVED_VALIDATED,WHOSCORED_SOURCE_SPECIFIC,WHOSCORED_DERIVED_VALIDATED,WHOSCORED_SOURCE_SPECIFIC,06cms,4.5,,0.0,,,,WHOSCORED_CURRENT_OBSERVED,WHOSCORED_CURRENT_OBSERVED,WHOSCORED_CURRENT_OBSERVED,0.0,0.0,0.0,Sandro Tonali
soccerdata:sofascore:16363638,FTX-05YLW,tottenham_hotspur,nottingham_forest,303657,7.52,4231,DM,,True,0.0,2,1,9,4.0,1,2.0,9,5,0,0,0,1,0,0,2,36,29,observed_or_derived,False,AWAY,2026-09-05,mgr:b283d24885e5,Roberto De Zerbi,3,NO_DETAILED_FANTRAX_ROW,EXACT_PLAYER_MATCH,11.5,,0.0,0,0,1.0,1.0,0,WHOSCORED_SOURCE_SPECIFIC,WHOSCORED_DERIVED_VALIDATED,WHOSCORED_SOURCE_SPECIFIC,WHOSCORED_DERIVED_VALIDATED,WHOSCORED_SOURCE_SPECIFIC,05ylw,11.5,,0.0,,,,WHOSCORED_CURRENT_OBSERVED,WHOSCORED_CURRENT_OBSERVED,WHOSCORED_CURRENT_OBSERVED,0.0345872491598129,0.0,0.0345872491598129,Rodrigo Bentancur
soccerdata:sofascore:16363638,FTX-06MVZ,tottenham_hotspur,nottingham_forest,397821,6.87,4231,RW,,True,1.0,12,5,0,0.0,0,0.0,0,0,0,2,0,1,1,0,2,22,17,observed_or_derived,False,AWAY,2026-09-05,mgr:b283d24885e5,Roberto De Zerbi,3,EXACT_PLAYER_PERIOD_DETAILED,EXACT_PLAYER_MATCH,7.5,6.5,0.0,2,1,0.0,0.0,0,WHOSCORED_SOURCE_SPECIFIC,WHOSCORED_DERIVED_VALIDATED,WHOSCORED_SOURCE_SPECIFIC,WHOSCORED_DERIVED_VALIDATED,WHOSCORED_SOURCE_SPECIFIC,06mvz,7.5,6.5,1.0,0.0,0.0,61fz0pmkmrp1z5vo,FANTRAX,FANTRAX,FANTRAX,0.0390728749334812,0.6256811022758484,0.6647539772093296,Sávio
soccerdata:sofascore:16363638,FTX-051K8,tottenham_hotspur,nottingham_forest,375621,6.8,4231,CAM,,True,0.0,2,0,4,1.0,4,1.0,0,6,0,2,0,0,0,0,5,34,30,observed_or_derived,False,AWAY,2026-09-05,mgr:b283d24885e5,Roberto De Zerbi,3,NO_DETAILED_FANTRAX_ROW,EXACT_PLAYER_MATCH,4.0,,0.0,2,0,4.0,2.0,0,WHOSCORED_SOURCE_SPECIFIC,WHOSCORED_DERIVED_VALIDATED,WHOSCORED_SOURCE_SPECIFIC,WHOSCORED_DERIVED_VALIDATED,WHOSCORED_SOURCE_SPECIFIC,051k8,4.0,,0.0,,,,WHOSCORED_CURRENT_OBSERVED,WHOSCORED_CURRENT_OBSERVED,WHOSCORED_CURRENT_OBSERVED,0.0,0.0,0.0,Conor Gallagher
soccerdata:sofascore:16363638,FTX-06RM8,tottenham_hotspur,nottingham_forest,422885,6.5,4231,LW,,True,1.0,8,3,1,0.0,0,0.0,0,2,0,7,0,0,0,0,3,24,17,observed_or_derived,False,AWAY,2026-09-05,mgr:b283d24885e5,Roberto De Zerbi,3,EXACT_PLAYER_PERIOD_DETAILED,EXACT_PLAYER_MATCH,6.5,5.5,0.0,7,2,0.0,0.0,0,WHOSCORED_SOURCE_SPECIFIC,WHOSCORED_DERIVED_VALIDATED,WHOSCORED_SOURCE_SPECIFIC,WHOSCORED_DERIVED_VALIDATED,WHOSCORED_SOURCE_SPECIFIC,06rm8,6.5,5.5,1.0,0.0,0.0,hpsurdtbmrp1z5vo,FANTRAX,FANTRAX,FANTRAX,0.0,0.0476945824921131,0.0476945824921131,Mathys Tel
soccerdata:sofascore:16363638,FTX-06RF9,tottenham_hotspur,nottingham_forest,394749,6.3,4231,ST,,True,0.0,5,3,1,0.0,0,0.0,0,0,0,0,0,2,1,0,4,12,11,observed_or_derived,False,AWAY,2026-09-05,mgr:b283d24885e5,Roberto De Zerbi,3,EXACT_PLAYER_PERIOD_DETAILED,EXACT_PLAYER_MATCH,2.0,2.0,0.0,0,0,0.0,0.0,0,WHOSCORED_SOURCE_SPECIFIC,WHOSCORED_DERIVED_VALIDATED,WHOSCORED_SOURCE_SPECIFIC,WHOSCORED_DERIVED_VALIDATED,WHOSCORED_SOURCE_SPECIFIC,06rf9,2.0,2.0,0.0,0.0,0.0,hpsurdtbmrp1z5vo,FANTRAX,FANTRAX,FANTRAX,0.4833196401596069,0.0,0.4833196401596069,Omar Marmoush
soccerdata:sofascore:16363638,FTX-06FV8,tottenham_hotspur,nottingham_forest,400166,6.63,4231,,,False,1.0,4,2,0,0.0,0,0.0,0,3,0,4,0,0,0,0,4,12,9,observed_or_derived,False,AWAY,2026-09-05,mgr:b283d24885e5,Roberto De Zerbi,3,EXACT_PLAYER_PERIOD_DETAILED,EXACT_PLAYER_MATCH,4.5,4.5,0.0,4,1,0.0,0.0,0,WHOSCORED_SOURCE_SPECIFIC,WHOSCORED_DERIVED_VALIDATED,WHOSCORED_SOURCE_SPECIFIC,WHOSCORED_DERIVED_VALIDATED,WHOSCORED_SOURCE_SPECIFIC,06fv8,4.5,4.5,1.0,0.0,0.0,rx9bjhp3mrp1z5vo,FANTRAX,FANTRAX,FANTRAX,0.0,0.1316954344511032,0.1316954344511032,Mohammed Kudus
soccerdata:sofascore:16363638,FTX-06PE1,tottenham_hotspur,nottingham_forest,447231,5.93,4231,,,False,0.0,0,0,0,0.0,0,0.0,0,0,0,0,0,0,0,0,1,3,3,observed_or_derived,False,AWAY,2026-09-05,mgr:b283d24885e5,Roberto De Zerbi,3,EXACT_PLAYER_PERIOD_DETAILED,EXACT_PLAYER_MATCH,-2.0,-2.0,0.0,0,0,0.0,0.0,0,WHOSCORED_SOURCE_SPECIFIC,WHOSCORED_DERIVED_VALIDATED,WHOSCORED_SOURCE_SPECIFIC,WHOSCORED_DERIVED_VALIDATED,WHOSCORED_SOURCE_SPECIFIC,06pe1,-2.0,-2.0,0.0,0.0,0.0,h1vdt8ynmrp1z5vp,FANTRAX,FANTRAX,FANTRAX,0.0,0.0,0.0,Mateus Fernandes
soccerdata:sofascore:16363638,pr_1f3f0c71567abc6a,tottenham_hotspur,nottingham_forest,409376,6.02,4231,,,False,0.0,1,0,0,0.0,0,0.0,0,0,0,1,0,0,0,0,2,3,1,observed_or_derived,False,AWAY,2026-09-05,mgr:b283d24885e5,Roberto De Zerbi,3,NO_DETAILED_FANTRAX_ROW,UNRESOLVED,0.0,,0.0,1,0,0.0,0.0,0,WHOSCORED_SOURCE_SPECIFIC,WHOSCORED_DERIVED_VALIDATED,WHOSCORED_SOURCE_SPECIFIC,WHOSCORED_DERIVED_VALIDATED,WHOSCORED_SOURCE_SPECIFIC,068a1,0.0,,,,,,WHOSCORED_CURRENT_OBSERVED,WHOSCORED_CURRENT_OBSERVED,WHOSCORED_CURRENT_OBSERVED,,,,Mykhailo Mudryk
soccerdata:sofascore:16363638,FTX-03FGO,tottenham_hotspur,nottingham_forest,136459,5.9,4231,,,False,0.0,0,0,1,0.0,0,0.0,1,0,0,0,0,1,0,0,0,1,1,observed_or_derived,False,AWAY,2026-09-05,mgr:b283d24885e5,Roberto De Zerbi,3,NO_DETAILED_FANTRAX_ROW,EXACT_PLAYER_MATCH,0.5,,0.0,0,0,0.0,0.0,0,WHOSCORED_SOURCE_SPECIFIC,WHOSCORED_DERIVED_VALIDATED,WHOSCORED_SOURCE_SPECIFIC,WHOSCORED_DERIVED_VALIDATED,WHOSCORED_SOURCE_SPECIFIC,03fgo,0.5,,0.0,,,,WHOSCORED_CURRENT_OBSERVED,WHOSCORED_CURRENT_OBSERVED,WHOSCORED_CURRENT_OBSERVED,0.1316954344511032,0.0,0.1316954344511032,Dominic Solanke
soccerdata:sofascore:16363638,FTX-03GU5,tottenham_hotspur,nottingham_forest,115726,6.08,4231,,,False,0.0,0,0,0,0.0,0,0.0,0,1,0,2,0,0,0,0,0,30,21,observed_or_derived,False,AWAY,2026-09-05,mgr:b283d24885e5,Roberto De Zerbi,3,NO_DETAILED_FANTRAX_ROW,EXACT_PLAYER_MATCH,1.0,,0.0,2,0,0.0,0.0,0,WHOSCORED_SOURCE_SPECIFIC,WHOSCORED_DERIVED_VALIDATED,WHOSCORED_SOURCE_SPECIFIC,WHOSCORED_DERIVED_VALIDATED,WHOSCORED_SOURCE_SPECIFIC,03gu5,1.0,,0.0,,,,WHOSCORED_CURRENT_OBSERVED,WHOSCORED_CURRENT_OBSERVED,WHOSCORED_CURRENT_OBSERVED,0.0,0.0,0.0,Andy Robertson
soccerdata:sofascore:16363638,FTX-063E7,tottenham_hotspur,nottingham_forest,328330,,4231,,,False,0.0,0,0,0,0.0,0,0.0,0,0,0,0,0,0,0,0,0,0,0,observed_or_derived,False,AWAY,2026-09-05,mgr:b283d24885e5,Roberto De Zerbi,3,EXACT_PLAYER_PERIOD_DETAILED,UNRESOLVED,0.0,,0.0,0,0,0.0,0.0,0,WHOSCORED_SOURCE_SPECIFIC,WHOSCORED_DERIVED_VALIDATED,WHOSCORED_SOURCE_SPECIFIC,WHOSCORED_DERIVED_VALIDATED,WHOSCORED_SOURCE_SPECIFIC,063e7,0.0,,0.0,0.0,0.0,61fz0pmkmrp1z5vo,FANTRAX,FANTRAX,FANTRAX,,,,Marcos Senesi
soccerdata:sofascore:16363638,FTX-04MR4,tottenham_hotspur,nottingham_forest,46092,,4231,,,False,0.0,0,0,0,0.0,0,0.0,0,0,0,0,0,0,0,0,0,0,0,observed_or_derived,False,AWAY,2026-09-05,mgr:b283d24885e5,Roberto De Zerbi,3,NO_DETAILED_FANTRAX_ROW,UNRESOLVED,0.0,,0.0,0,0,0.0,0.0,0,WHOSCORED_SOURCE_SPECIFIC,WHOSCORED_DERIVED_VALIDATED,WHOSCORED_SOURCE_SPECIFIC,WHOSCORED_DERIVED_VALIDATED,WHOSCORED_SOURCE_SPECIFIC,04mr4,0.0,,,,,,WHOSCORED_CURRENT_OBSERVED,WHOSCORED_CURRENT_OBSERVED,WHOSCORED_CURRENT_OBSERVED,,,,Martin Dúbravka
soccerdata:sofascore:16363638,FTX-06MN7,tottenham_hotspur,nottingham_forest,505295,,4231,,,False,0.0,0,0,0,0.0,0,0.0,0,0,0,0,0,0,0,0,0,0,0,observed_or_derived,False,AWAY,2026-09-05,mgr:b283d24885e5,Roberto De Zerbi,3,NO_DETAILED_FANTRAX_ROW,UNRESOLVED,0.0,,0.0,0,0,0.0,0.0,0,WHOSCORED_SOURCE_SPECIFIC,WHOSCORED_DERIVED_VALIDATED,WHOSCORED_SOURCE_SPECIFIC,WHOSCORED_DERIVED_VALIDATED,WHOSCORED_SOURCE_SPECIFIC,06mn7,0.0,,,,,,WHOSCORED_CURRENT_OBSERVED,WHOSCORED_CURRENT_OBSERVED,WHOSCORED_CURRENT_OBSERVED,,,,Lucas Bergvall
soccerdata:sofascore:16363638,FTX-05Y7C,tottenham_hotspur,nottingham_forest,429922,,4231,,,False,0.0,0,0,0,0.0,0,0.0,0,0,0,0,0,0,0,0,0,0,0,observed_or_derived,False,AWAY,2026-09-05,mgr:b283d24885e5,Roberto De Zerbi,3,NO_DETAILED_FANTRAX_ROW,UNRESOLVED,0.0,,0.0,0,0,0.0,0.0,0,WHOSCORED_SOURCE_SPECIFIC,WHOSCORED_DERIVED_VALIDATED,WHOSCORED_SOURCE_SPECIFIC,WHOSCORED_DERIVED_VALIDATED,WHOSCORED_SOURCE_SPECIFIC,05y7c,0.0,,,,,,WHOSCORED_CURRENT_OBSERVED,WHOSCORED_CURRENT_OBSERVED,WHOSCORED_CURRENT_OBSERVED,,,,Archie Gray
soccerdata:sofascore:16363262,FTX-078AZ,hull_city,aston_villa,397331,6.88,541,GK,,True,0.0,0,0,0,0.0,0,0.0,0,5,0,0,0,0,0,0,1,38,22,observed_or_derived,False,HOME,2026-09-05,mgr:9f4440ec2ca8,Sergej Jakirovic,3,EXACT_PLAYER_PERIOD_DETAILED,EXACT_PLAYER_MATCH,9.0,3.0,0.0,0,0,0.0,0.0,0,WHOSCORED_SOURCE_SPECIFIC,WHOSCORED_DERIVED_VALIDATED,WHOSCORED_SOURCE_SPECIFIC,WHOSCORED_DERIVED_VALIDATED,WHOSCORED_SOURCE_SPECIFIC,078az,9.0,3.0,0.0,0.0,0.0,acjx0vg4mrp1z5vo,FANTRAX,FANTRAX,FANTRAX,0.0,0.0,0.0,Konstantinos Tzolakis
soccerdata:sofascore:16363262,pr_afa9e82138c5780c,hull_city,aston_villa,301415,6.28,541,RB,,True,0.0,0,0,1,0.0,0,0.0,0,0,0,3,0,0,0,0,0,16,11,observed_or_derived,False,HOME,2026-09-05,mgr:9f4440ec2ca8,Sergej Jakirovic,3,NO_DETAILED_FANTRAX_ROW,UNRESOLVED,7.0,,0.0,3,1,0.0,0.0,0,WHOSCORED_SOURCE_SPECIFIC,WHOSCORED_DERIVED_VALIDATED,WHOSCORED_SOURCE_SPECIFIC,WHOSCORED_DERIVED_VALIDATED,WHOSCORED_SOURCE_SPECIFIC,076dg,7.0,,,,,,WHOSCORED_CURRENT_OBSERVED,WHOSCORED_CURRENT_OBSERVED,WHOSCORED_CURRENT_OBSERVED,,,,Lewie Coyle
soccerdata:sofascore:16363262,pr_69e1eb773f5ff783,hull_city,aston_villa,108632,6.9,541,CB,,True,0.0,0,0,2,1.0,3,2.0,1,1,1,0,0,0,0,0,1,18,13,observed_or_derived,False,HOME,2026-09-05,mgr:9f4440ec2ca8,Sergej Jakirovic,3,EXACT_PLAYER_PERIOD_DETAILED,UNRESOLVED,10.5,4.5,0.0,0,0,3.0,0.0,0,WHOSCORED_SOURCE_SPECIFIC,WHOSCORED_DERIVED_VALIDATED,WHOSCORED_SOURCE_SPECIFIC,WHOSCORED_DERIVED_VALIDATED,WHOSCORED_SOURCE_SPECIFIC,02m5l,10.5,4.5,0.0,1.0,2.0,hpsurdtbmrp1z5vo,FANTRAX,FANTRAX,FANTRAX,,,,John Egan
soccerdata:sofascore:16363262,pr_deac0127221bee1b,hull_city,aston_villa,247815,6.63,541,CB,,True,0.0,0,0,2,1.0,1,1.0,4,1,1,1,0,0,0,0,1,26,23,observed_or_derived,False,HOME,2026-09-05,mgr:9f4440ec2ca8,Sergej Jakirovic,3,NO_DETAILED_FANTRAX_ROW,UNRESOLVED,8.5,,0.0,1,0,1.0,1.0,0,WHOSCORED_SOURCE_SPECIFIC,WHOSCORED_DERIVED_VALIDATED,WHOSCORED_SOURCE_SPECIFIC,WHOSCORED_DERIVED_VALIDATED,WHOSCORED_SOURCE_SPECIFIC,03ksl,8.5,,,,,,WHOSCORED_CURRENT_OBSERVED,WHOSCORED_CURRENT_OBSERVED,WHOSCORED_CURRENT_OBSERVED,,,,Semi Ajayi
soccerdata:sofascore:16363262,FTX-078MM,hull_city,aston_villa,469508,7.21,541,CB,,True,0.0,0,0,0,0.0,3,2.0,4,2,1,1,0,2,1,0,2,25,18,observed_or_derived,False,HOME,2026-09-05,mgr:9f4440ec2ca8,Sergej Jakirovic,3,NO_DETAILED_FANTRAX_ROW,EXACT_PLAYER_MATCH,15.0,,0.0,1,0,3.0,2.0,0,WHOSCORED_SOURCE_SPECIFIC,WHOSCORED_DERIVED_VALIDATED,WHOSCORED_SOURCE_SPECIFIC,WHOSCORED_DERIVED_VALIDATED,WHOSCORED_SOURCE_SPECIFIC,078mm,15.0,,0.0,,,,WHOSCORED_CURRENT_OBSERVED,WHOSCORED_CURRENT_OBSERVED,WHOSCORED_CURRENT_OBSERVED,0.0234531126916408,0.0,0.0234531126916408,Nobel Mendy
soccerdata:sofascore:16363262,pr_0b42d15c74eca788,hull_city,aston_villa,362831,7.24,541,LB,,True,2.0,2,2,0,0.0,1,1.0,2,5,1,10,0,0,0,0,0,28,17,observed_or_derived,False,HOME,2026-09-05,mgr:9f4440ec2ca8,Sergej Jakirovic,3,EXACT_PLAYER_PERIOD_DETAILED,UNRESOLVED,16.0,10.0,0.0,8,1,1.0,1.0,0,WHOSCORED_SOURCE_SPECIFIC,WHOSCORED_DERIVED_VALIDATED,WHOSCORED_SOURCE_SPECIFIC,WHOSCORED_DERIVED_VALIDATED,WHOSCORED_SOURCE_SPECIFIC,04sjv,16.0,10.0,2.0,0.0,1.0,61fz0pmkmrp1z5vo,FANTRAX,FANTRAX,FANTRAX,,,,Ryan Giles
soccerdata:sofascore:16363262,pr_6a7c2ebacd58663d,hull_city,aston_villa,457802,8.03,541,RM,,True,1.0,3,2,2,1.0,3,6.0,1,1,0,1,0,2,1,0,0,16,9,observed_or_derived,False,HOME,2026-09-05,mgr:9f4440ec2ca8,Sergej Jakirovic,3,EXACT_PLAYER_PERIOD_DETAILED,UNRESOLVED,16.0,15.0,0.0,1,0,3.0,2.0,0,WHOSCORED_SOURCE_SPECIFIC,WHOSCORED_DERIVED_VALIDATED,WHOSCORED_SOURCE_SPECIFIC,WHOSCORED_DERIVED_VALIDATED,WHOSCORED_SOURCE_SPECIFIC,076dq,16.0,15.0,1.0,1.0,6.0,cjn4stydmrp1z5vp,FANTRAX,FANTRAX,FANTRAX,,,,Mohamed Belloumi
soccerdata:sofascore:16363262,FTX-078QH,hull_city,aston_villa,393137,6.86,541,CM,,True,2.0,2,1,2,2.0,1,2.0,1,5,2,0,0,0,0,0,1,23,16,observed_or_derived,False,HOME,2026-09-05,mgr:9f4440ec2ca8,Sergej Jakirovic,3,NO_DETAILED_FANTRAX_ROW,UNRESOLVED,8.0,,0.0,0,0,1.0,0.0,0,WHOSCORED_SOURCE_SPECIFIC,WHOSCORED_DERIVED_VALIDATED,WHOSCORED_SOURCE_SPECIFIC,WHOSCORED_DERIVED_VALIDATED,WHOSCORED_SOURCE_SPECIFIC,078qh,8.0,,,,,,WHOSCORED_CURRENT_OBSERVED,WHOSCORED_CURRENT_OBSERVED,WHOSCORED_CURRENT_OBSERVED,,,,Lucas Gourna-Douath
soccerdata:sofascore:16363262,pr_e76d89b210b386d8,hull_city,aston_villa,349981,7.18,541,CM,,True,1.0,2,1,3,3.0,1,2.0,1,2,0,2,0,2,1,0,2,26,18,observed_or_derived,False,HOME,2026-09-05,mgr:9f4440ec2ca8,Sergej Jakirovic,3,NO_DETAILED_FANTRAX_ROW,UNRESOLVED,10.0,,0.0,2,0,1.0,0.0,0,WHOSCORED_SOURCE_SPECIFIC,WHOSCORED_DERIVED_VALIDATED,WHOSCORED_SOURCE_SPECIFIC,WHOSCORED_DERIVED_VALIDATED,WHOSCORED_SOURCE_SPECIFIC,05o2p,10.0,,,,,,WHOSCORED_CURRENT_OBSERVED,WHOSCORED_CURRENT_OBSERVED,WHOSCORED_CURRENT_OBSERVED,,,,Regan Slater
soccerdata:sofascore:16363262,FTX-078HI,hull_city,aston_villa,614510,6.33,541,LM,,True,1.0,1,1,2,0.0,0,0.0,0,2,0,1,0,1,0,0,2,10,6,observed_or_derived,False,HOME,2026-09-05,mgr:9f4440ec2ca8,Sergej Jakirovic,3,NO_DETAILED_FANTRAX_ROW,EXACT_PLAYER_MATCH,4.0,,0.0,1,0,0.0,0.0,0,WHOSCORED_SOURCE_SPECIFIC,WHOSCORED_DERIVED_VALIDATED,WHOSCORED_SOURCE_SPECIFIC,WHOSCORED_DERIVED_VALIDATED,WHOSCORED_SOURCE_SPECIFIC,078hi,4.0,,1.0,,,,WHOSCORED_CURRENT_OBSERVED,WHOSCORED_CURRENT_OBSERVED,WHOSCORED_CURRENT_OBSERVED,0.0402760431170463,0.0324212647974491,0.0726973079144954,Elliot Stroud
soccerdata:sofascore:16363262,pr_7f943b8d8ebf5823,hull_city,aston_villa,138695,6.81,541,ST,,True,1.0,3,1,15,9.0,2,0.0,1,0,2,0,0,3,0,0,2,15,9,observed_or_derived,False,HOME,2026-09-05,mgr:9f4440ec2ca8,Sergej Jakirovic,3,EXACT_PLAYER_PERIOD_DETAILED,UNRESOLVED,7.5,7.5,0.0,0,0,2.0,0.0,0,WHOSCORED_SOURCE_SPECIFIC,WHOSCORED_DERIVED_VALIDATED,WHOSCORED_SOURCE_SPECIFIC,WHOSCORED_DERIVED_VALIDATED,WHOSCORED_SOURCE_SPECIFIC,0477b,7.5,7.5,1.0,9.0,0.0,ayk8m85amrp1z5vo,FANTRAX,FANTRAX,FANTRAX,,,,Oliver McBurnie
soccerdata:sofascore:16363262,FTX-07934,hull_city,aston_villa,399014,6.19,541,,,False,0.0,0,0,0,0.0,0,0.0,0,0,0,0,0,1,1,0,0,1,0,observed_or_derived,False,HOME,2026-09-05,mgr:9f4440ec2ca8,Sergej Jakirovic,3,NO_DETAILED_FANTRAX_ROW,EXACT_PLAYER_MATCH,2.0,,0.0,0,0,0.0,0.0,0,WHOSCORED_SOURCE_SPECIFIC,WHOSCORED_DERIVED_VALIDATED,WHOSCORED_SOURCE_SPECIFIC,WHOSCORED_DERIVED_VALIDATED,WHOSCORED_SOURCE_SPECIFIC,07934,2.0,,0.0,,,,WHOSCORED_CURRENT_OBSERVED,WHOSCORED_CURRENT_OBSERVED,WHOSCORED_CURRENT_OBSERVED,0.3181773126125335,0.0,0.3181773126125335,Mohamed-Ali Cho
soccerdata:sofascore:16363262,FTX-0794A,hull_city,aston_villa,431573,6.14,541,,,False,0.0,0,0,0,0.0,0,0.0,2,2,0,3,0,0,0,0,0,7,4,observed_or_derived,False,HOME,2026-09-05,mgr:9f4440ec2ca8,Sergej Jakirovic,3,NO_DETAILED_FANTRAX_ROW,UNRESOLVED,0.5,,0.0,2,0,0.0,0.0,0,WHOSCORED_SOURCE_SPECIFIC,WHOSCORED_DERIVED_VALIDATED,WHOSCORED_SOURCE_SPECIFIC,WHOSCORED_DERIVED_VALIDATED,WHOSCORED_SOURCE_SPECIFIC,0794a,0.5,,,,,,WHOSCORED_CURRENT_OBSERVED,WHOSCORED_CURRENT_OBSERVED,WHOSCORED_CURRENT_OBSERVED,,,,Brooke Norton-Cuffy
soccerdata:sofascore:16363262,FTX-0794H,hull_city,aston_villa,366114,6.22,541,,,False,1.0,2,1,0,0.0,0,0.0,0,1,0,2,0,0,0,0,0,10,7,observed_or_derived,False,HOME,2026-09-05,mgr:9f4440ec2ca8,Sergej Jakirovic,3,NO_DETAILED_FANTRAX_ROW,UNRESOLVED,2.5,,0.0,2,0,0.0,0.0,0,WHOSCORED_SOURCE_SPECIFIC,WHOSCORED_DERIVED_VALIDATED,WHOSCORED_SOURCE_SPECIFIC,WHOSCORED_DERIVED_VALIDATED,WHOSCORED_SOURCE_SPECIFIC,0794h,2.5,,,,,,WHOSCORED_CURRENT_OBSERVED,WHOSCORED_CURRENT_OBSERVED,WHOSCORED_CURRENT_OBSERVED,,,,Sorba Thomas
soccerdata:sofascore:16363262,FTX-078ML,hull_city,aston_villa,606532,6.18,541,,,False,0.0,0,0,1,0.0,1,0.0,0,1,1,0,0,0,0,0,1,5,5,observed_or_derived,False,HOME,2026-09-05,mgr:9f4440ec2ca8,Sergej Jakirovic,3,NO_DETAILED_FANTRAX_ROW,EXACT_PLAYER_MATCH,1.0,,0.0,0,0,1.0,0.0,0,WHOSCORED_SOURCE_SPECIFIC,WHOSCORED_DERIVED_VALIDATED,WHOSCORED_SOURCE_SPECIFIC,WHOSCORED_DERIVED_VALIDATED,WHOSCORED_SOURCE_SPECIFIC,078ml,1.0,,0.0,,,,WHOSCORED_CURRENT_OBSERVED,WHOSCORED_CURRENT_OBSERVED,WHOSCORED_CURRENT_OBSERVED,0.0,0.0,0.0,Lucas Herrington
soccerdata:sofascore:16363262,FTX-0794G,hull_city,aston_villa,533922,,541,,,False,0.0,0,0,0,0.0,0,0.0,0,0,0,0,0,0,0,0,0,0,0,observed_or_derived,False,HOME,2026-09-05,mgr:9f4440ec2ca8,Sergej Jakirovic,3,NO_DETAILED_FANTRAX_ROW,UNRESOLVED,0.0,,0.0,0,0,0.0,0.0,0,WHOSCORED_SOURCE_SPECIFIC,WHOSCORED_DERIVED_VALIDATED,WHOSCORED_SOURCE_SPECIFIC,WHOSCORED_DERIVED_VALIDATED,WHOSCORED_SOURCE_SPECIFIC,0794g,0.0,,,,,,WHOSCORED_CURRENT_OBSERVED,WHOSCORED_CURRENT_OBSERVED,WHOSCORED_CURRENT_OBSERVED,,,,Christos Mouzakitis
soccerdata:sofascore:16363262,pr_1a1b79aa0541bdf4,hull_city,aston_villa,141738,,541,,,False,0.0,0,0,0,0.0,0,0.0,0,0,0,0,0,0,0,0,0,0,0,observed_or_derived,False,HOME,2026-09-05,mgr:9f4440ec2ca8,Sergej Jakirovic,3,NO_DETAILED_FANTRAX_ROW,UNRESOLVED,0.0,,0.0,0,0,0.0,0.0,0,WHOSCORED_SOURCE_SPECIFIC,WHOSCORED_DERIVED_VALIDATED,WHOSCORED_SOURCE_SPECIFIC,WHOSCORED_DERIVED_VALIDATED,WHOSCORED_SOURCE_SPECIFIC,076de,0.0,,,,,,WHOSCORED_CURRENT_OBSERVED,WHOSCORED_CURRENT_OBSERVED,WHOSCORED_CURRENT_OBSERVED,,,,Dillon Phillips
soccerdata:sofascore:16363262,pr_3154180ed5036758,hull_city,aston_villa,136776,,541,,,False,0.0,0,0,0,0.0,0,0.0,0,0,0,0,0,0,0,0,0,0,0,observed_or_derived,False,HOME,2026-09-05,mgr:9f4440ec2ca8,Sergej Jakirovic,3,NO_DETAILED_FANTRAX_ROW,UNRESOLVED,0.0,,0.0,0,0,0.0,0.0,0,WHOSCORED_SOURCE_SPECIFIC,WHOSCORED_DERIVED_VALIDATED,WHOSCORED_SOURCE_SPECIFIC,WHOSCORED_DERIVED_VALIDATED,WHOSCORED_SOURCE_SPECIFIC,0372y,0.0,,,,,,WHOSCORED_CURRENT_OBSERVED,WHOSCORED_CURRENT_OBSERVED,WHOSCORED_CURRENT_OBSERVED,,,,Matt Targett
soccerdata:sofascore:16363262,FTX-0794B,hull_city,aston_villa,511691,,541,,,False,0.0,0,0,0,0.0,0,0.0,0,0,0,0,0,0,0,0,0,0,0,observed_or_derived,False,HOME,2026-09-05,mgr:9f4440ec2ca8,Sergej Jakirovic,3,NO_DETAILED_FANTRAX_ROW,UNRESOLVED,0.0,,0.0,0,0,0.0,0.0,0,WHOSCORED_SOURCE_SPECIFIC,WHOSCORED_DERIVED_VALIDATED,WHOSCORED_SOURCE_SPECIFIC,WHOSCORED_DERIVED_VALIDATED,WHOSCORED_SOURCE_SPECIFIC,0794b,0.0,,,,,,WHOSCORED_CURRENT_OBSERVED,WHOSCORED_CURRENT_OBSERVED,WHOSCORED_CURRENT_OBSERVED,,,,Robinio Vaz
soccerdata:sofascore:16363262,FTX-078WL,aston_villa,hull_city,447570,7.47,4231,GK,,True,0.0,0,0,0,0.0,0,0.0,1,2,0,0,0,0,0,0,1,47,44,observed_or_derived,False,AWAY,2026-09-05,mgr:dcdf2dffc0c2,Unai Emery,3,NO_DETAILED_FANTRAX_ROW,UNRESOLVED,16.5,,0.0,0,0,0.0,0.0,0,WHOSCORED_SOURCE_SPECIFIC,WHOSCORED_DERIVED_VALIDATED,WHOSCORED_SOURCE_SPECIFIC,WHOSCORED_DERIVED_VALIDATED,WHOSCORED_SOURCE_SPECIFIC,078wl,16.5,,,,,,WHOSCORED_CURRENT_OBSERVED,WHOSCORED_CURRENT_OBSERVED,WHOSCORED_CURRENT_OBSERVED,,,,Zion Suzuki
soccerdata:sofascore:16363262,FTX-05O4B,aston_villa,hull_city,322043,6.42,4231,RB,,True,1.0,0,0,3,1.0,0,0.0,2,1,1,2,0,0,0,0,2,78,64,observed_or_derived,False,AWAY,2026-09-05,mgr:dcdf2dffc0c2,Unai Emery,3,EXACT_PLAYER_PERIOD_DETAILED,EXACT_PLAYER_MATCH,9.5,3.5,0.0,1,0,0.0,0.0,0,WHOSCORED_SOURCE_SPECIFIC,WHOSCORED_DERIVED_VALIDATED,WHOSCORED_SOURCE_SPECIFIC,WHOSCORED_DERIVED_VALIDATED,WHOSCORED_SOURCE_SPECIFIC,05o4b,9.5,3.5,1.0,1.0,0.0,qwkltl98mrp1z5vp,FANTRAX,FANTRAX,FANTRAX,0.0,0.0439537204802036,0.0439537204802036,Matty Cash
soccerdata:sofascore:16363262,FTX-04FK8,aston_villa,hull_city,100008,6.96,4231,CB,,True,2.0,0,0,1,1.0,0,0.0,4,3,0,0,0,0,0,0,0,110,105,observed_or_derived,False,AWAY,2026-09-05,mgr:dcdf2dffc0c2,Unai Emery,3,NO_DETAILED_FANTRAX_ROW,EXACT_PLAYER_MATCH,13.0,,0.0,0,0,0.0,0.0,0,WHOSCORED_SOURCE_SPECIFIC,WHOSCORED_DERIVED_VALIDATED,WHOSCORED_SOURCE_SPECIFIC,WHOSCORED_DERIVED_VALIDATED,WHOSCORED_SOURCE_SPECIFIC,04fk8,13.0,,2.0,,,,WHOSCORED_CURRENT_OBSERVED,WHOSCORED_CURRENT_OBSERVED,WHOSCORED_CURRENT_OBSERVED,0.0,0.0731338411569595,0.0731338411569595,Victor Lindelöf
soccerdata:sofascore:16363262,FTX-03REC,aston_villa,hull_city,123167,7.05,4231,CB,,True,0.0,2,1,4,2.0,1,0.0,4,2,0,0,0,3,2,0,1,80,73,observed_or_derived,False,AWAY,2026-09-05,mgr:dcdf2dffc0c2,Unai Emery,3,NO_DETAILED_FANTRAX_ROW,EXACT_PLAYER_MATCH,12.0,,0.0,0,0,1.0,1.0,0,WHOSCORED_SOURCE_SPECIFIC,WHOSCORED_DERIVED_VALIDATED,WHOSCORED_SOURCE_SPECIFIC,WHOSCORED_DERIVED_VALIDATED,WHOSCORED_SOURCE_SPECIFIC,03rec,12.0,,0.0,,,,WHOSCORED_CURRENT_OBSERVED,WHOSCORED_CURRENT_OBSERVED,WHOSCORED_CURRENT_OBSERVED,0.1533821374177932,0.0,0.1533821374177932,Tyrone Mings
soccerdata:sofascore:16363262,FTX-052CB,aston_villa,hull_city,384134,6.91,4231,LB,,True,1.0,1,1,1,1.0,1,1.0,1,0,0,2,0,0,0,0,0,44,38,observed_or_derived,False,AWAY,2026-09-05,mgr:dcdf2dffc0c2,Unai Emery,3,EXACT_PLAYER_PERIOD_DETAILED,EXACT_PLAYER_MATCH,13.5,7.5,0.0,2,1,1.0,1.0,0,WHOSCORED_SOURCE_SPECIFIC,WHOSCORED_DERIVED_VALIDATED,WHOSCORED_SOURCE_SPECIFIC,WHOSCORED_DERIVED_VALIDATED,WHOSCORED_SOURCE_SPECIFIC,052cb,13.5,7.5,1.0,1.0,1.0,ayk8m85amrp1z5vo,FANTRAX,FANTRAX,FANTRAX,0.0,0.1131966412067413,0.1131966412067413,Ian Maatsen
soccerdata:sofascore:16363262,FTX-061VA,aston_villa,hull_city,331790,6.99,4231,DM,,True,1.0,3,0,6,3.0,1,1.0,2,6,1,0,1,0,0,0,4,97,88,observed_or_derived,False,AWAY,2026-09-05,mgr:dcdf2dffc0c2,Unai Emery,3,EXACT_PLAYER_PERIOD_DETAILED,EXACT_PLAYER_MATCH,7.5,6.5,0.0,0,0,1.0,1.0,0,WHOSCORED_SOURCE_SPECIFIC,WHOSCORED_DERIVED_VALIDATED,WHOSCORED_SOURCE_SPECIFIC,WHOSCORED_DERIVED_VALIDATED,WHOSCORED_SOURCE_SPECIFIC,061va,7.5,6.5,1.0,3.0,1.0,h1vdt8ynmrp1z5vp,FANTRAX,FANTRAX,FANTRAX,0.0,0.015465865842998,0.015465865842998,Boubacar Kamara
soccerdata:sofascore:16363262,FTX-02LPF,aston_villa,hull_city,92547,6.92,4231,DM,,True,2.0,2,2,4,1.0,0,0.0,2,4,0,0,1,4,2,0,0,104,95,observed_or_derived,False,AWAY,2026-09-05,mgr:dcdf2dffc0c2,Unai Emery,3,NO_DETAILED_FANTRAX_ROW,EXACT_PLAYER_MATCH,7.0,,0.0,0,0,0.0,0.0,0,WHOSCORED_SOURCE_SPECIFIC,WHOSCORED_DERIVED_VALIDATED,WHOSCORED_SOURCE_SPECIFIC,WHOSCORED_DERIVED_VALIDATED,WHOSCORED_SOURCE_SPECIFIC,02lpf,7.0,,2.0,,,,WHOSCORED_CURRENT_OBSERVED,WHOSCORED_CURRENT_OBSERVED,WHOSCORED_CURRENT_OBSERVED,0.1584284901618957,0.3415180742740631,0.4999465644359588,Ross Barkley
soccerdata:sofascore:16363262,FTX-051K0,aston_villa,hull_city,318449,5.77,4231,RW,,True,0.0,1,0,1,1.0,2,1.0,0,2,0,4,0,1,0,0,3,40,30,observed_or_derived,False,AWAY,2026-09-05,mgr:dcdf2dffc0c2,Unai Emery,3,NO_DETAILED_FANTRAX_ROW,EXACT_PLAYER_MATCH,0.0,,0.0,4,0,2.0,0.0,0,WHOSCORED_SOURCE_SPECIFIC,WHOSCORED_DERIVED_VALIDATED,WHOSCORED_SOURCE_SPECIFIC,WHOSCORED_DERIVED_VALIDATED,WHOSCORED_SOURCE_SPECIFIC,051k0,0.0,,0.0,,,,WHOSCORED_CURRENT_OBSERVED,WHOSCORED_CURRENT_OBSERVED,WHOSCORED_CURRENT_OBSERVED,0.4635249972343445,0.0,0.4635249972343445,John McGinn
soccerdata:sofascore:16363262,FTX-051KL,aston_villa,hull_city,260592,5.84,4231,CAM,,True,0.0,0,0,4,0.0,0,0.0,0,2,1,1,1,2,0,0,1,35,23,observed_or_derived,False,AWAY,2026-09-05,mgr:dcdf2dffc0c2,Unai Emery,3,EXACT_PLAYER_PERIOD_DETAILED,EXACT_PLAYER_MATCH,1.0,0.0,0.0,1,0,0.0,0.0,0,WHOSCORED_SOURCE_SPECIFIC,WHOSCORED_DERIVED_VALIDATED,WHOSCORED_SOURCE_SPECIFIC,WHOSCORED_DERIVED_VALIDATED,WHOSCORED_SOURCE_SPECIFIC,051kl,1.0,0.0,0.0,0.0,0.0,aup99ojzmrp1z5vp,FANTRAX,FANTRAX,FANTRAX,0.4543605446815491,0.0,0.4543605446815491,Emiliano Buendía
soccerdata:sofascore:16363262,FTX-06ZVN,aston_villa,hull_city,576066,6.91,4231,LW,,True,1.0,4,2,3,1.0,1,0.0,3,4,0,2,0,1,1,0,2,20,17,observed_or_derived,False,AWAY,2026-09-05,mgr:dcdf2dffc0c2,Unai Emery,3,NO_DETAILED_FANTRAX_ROW,EXACT_PLAYER_MATCH,8.5,,0.0,1,0,1.0,0.0,0,WHOSCORED_SOURCE_SPECIFIC,WHOSCORED_DERIVED_VALIDATED,WHOSCORED_SOURCE_SPECIFIC,WHOSCORED_DERIVED_VALIDATED,WHOSCORED_SOURCE_SPECIFIC,06zvn,8.5,,1.0,,,,WHOSCORED_CURRENT_OBSERVED,WHOSCORED_CURRENT_OBSERVED,WHOSCORED_CURRENT_OBSERVED,0.2612697780132293,0.3991411626338959,0.6604109406471252,George Hemmings
soccerdata:sofascore:16363262,FTX-06CM1,aston_villa,hull_city,426050,6.56,4231,ST,,True,1.0,3,1,3,2.0,0,0.0,0,2,0,1,1,2,1,0,1,21,17,observed_or_derived,False,AWAY,2026-09-05,mgr:dcdf2dffc0c2,Unai Emery,3,EXACT_PLAYER_PERIOD_DETAILED,UNRESOLVED,4.0,4.0,0.0,1,0,0.0,0.0,0,WHOSCORED_SOURCE_SPECIFIC,WHOSCORED_DERIVED_VALIDATED,WHOSCORED_SOURCE_SPECIFIC,WHOSCORED_DERIVED_VALIDATED,WHOSCORED_SOURCE_SPECIFIC,06cm1,4.0,4.0,1.0,2.0,0.0,h2e8dn5dmrp1z5vp,FANTRAX,FANTRAX,FANTRAX,,,,Nicolas Jackson
soccerdata:sofascore:16363262,FTX-060WH,aston_villa,hull_city,437022,6.15,4231,,,False,0.0,1,1,0,0.0,0,0.0,0,0,0,0,0,0,0,0,0,9,8,observed_or_derived,False,AWAY,2026-09-05,mgr:dcdf2dffc0c2,Unai Emery,3,NO_DETAILED_FANTRAX_ROW,EXACT_PLAYER_MATCH,0.5,,0.0,0,0,0.0,0.0,0,WHOSCORED_SOURCE_SPECIFIC,WHOSCORED_DERIVED_VALIDATED,WHOSCORED_SOURCE_SPECIFIC,WHOSCORED_DERIVED_VALIDATED,WHOSCORED_SOURCE_SPECIFIC,060wh,0.5,,0.0,,,,WHOSCORED_CURRENT_OBSERVED,WHOSCORED_CURRENT_OBSERVED,WHOSCORED_CURRENT_OBSERVED,0.0,0.0,0.0,Alejandro Garnacho
soccerdata:sofascore:16363262,FTX-072J3,aston_villa,hull_city,520919,6.02,4231,,,False,0.0,1,0,0,0.0,0,0.0,0,1,0,0,0,0,0,0,0,11,10,observed_or_derived,False,AWAY,2026-09-05,mgr:dcdf2dffc0c2,Unai Emery,3,NO_DETAILED_FANTRAX_ROW,EXACT_PLAYER_MATCH,0.0,,0.0,0,0,0.0,0.0,0,WHOSCORED_SOURCE_SPECIFIC,WHOSCORED_DERIVED_VALIDATED,WHOSCORED_SOURCE_SPECIFIC,WHOSCORED_DERIVED_VALIDATED,WHOSCORED_SOURCE_SPECIFIC,072j3,0.0,,0.0,,,,WHOSCORED_CURRENT_OBSERVED,WHOSCORED_CURRENT_OBSERVED,WHOSCORED_CURRENT_OBSERVED,0.0,0.0,0.0,Alysson
soccerdata:sofascore:16363262,FTX-04ADP,aston_villa,hull_city,331924,6.11,4231,,,False,0.0,0,0,0,0.0,0,0.0,1,0,0,0,0,0,0,0,0,10,9,observed_or_derived,False,AWAY,2026-09-05,mgr:dcdf2dffc0c2,Unai Emery,3,NO_DETAILED_FANTRAX_ROW,EXACT_PLAYER_MATCH,0.5,,0.0,0,0,0.0,0.0,0,WHOSCORED_SOURCE_SPECIFIC,WHOSCORED_DERIVED_VALIDATED,WHOSCORED_SOURCE_SPECIFIC,WHOSCORED_DERIVED_VALIDATED,WHOSCORED_SOURCE_SPECIFIC,04adp,0.5,,0.0,,,,WHOSCORED_CURRENT_OBSERVED,WHOSCORED_CURRENT_OBSERVED,WHOSCORED_CURRENT_OBSERVED,0.0,0.0,0.0,Aaron Wan-Bissaka
soccerdata:sofascore:16363262,FTX-078WM,aston_villa,hull_city,402046,6.19,4231,,,False,0.0,0,0,0,0.0,0,1.0,0,2,0,2,0,0,0,0,0,22,20,observed_or_derived,False,AWAY,2026-09-05,mgr:dcdf2dffc0c2,Unai Emery,3,NO_DETAILED_FANTRAX_ROW,EXACT_PLAYER_MATCH,1.0,,0.0,2,0,0.0,0.0,0,WHOSCORED_SOURCE_SPECIFIC,WHOSCORED_DERIVED_VALIDATED,WHOSCORED_SOURCE_SPECIFIC,WHOSCORED_DERIVED_VALIDATED,WHOSCORED_SOURCE_SPECIFIC,078wm,1.0,,0.0,,,,WHOSCORED_CURRENT_OBSERVED,WHOSCORED_CURRENT_OBSERVED,WHOSCORED_CURRENT_OBSERVED,0.0,0.0,0.0,Matteo Ruggeri
soccerdata:sofascore:16363262,FTX-0410J,aston_villa,hull_city,317506,6.08,4231,,,False,0.0,0,0,0,0.0,1,0.0,0,0,0,0,0,0,0,0,0,2,1,observed_or_derived,False,AWAY,2026-09-05,mgr:dcdf2dffc0c2,Unai Emery,3,NO_DETAILED_FANTRAX_ROW,EXACT_PLAYER_MATCH,0.0,,0.0,0,0,1.0,0.0,0,WHOSCORED_SOURCE_SPECIFIC,WHOSCORED_DERIVED_VALIDATED,WHOSCORED_SOURCE_SPECIFIC,WHOSCORED_DERIVED_VALIDATED,WHOSCORED_SOURCE_SPECIFIC,0410j,0.0,,0.0,,,,WHOSCORED_CURRENT_OBSERVED,WHOSCORED_CURRENT_OBSERVED,WHOSCORED_CURRENT_OBSERVED,0.0,0.0,0.0,Tammy Abraham
soccerdata:sofascore:16363262,FTX-0793X,aston_villa,hull_city,535536,,4231,,,False,0.0,0,0,0,0.0,0,0.0,0,0,0,0,0,0,0,0,0,0,0,observed_or_derived,False,AWAY,2026-09-05,mgr:dcdf2dffc0c2,Unai Emery,3,EXACT_PLAYER_PERIOD_DETAILED,UNRESOLVED,0.0,,0.0,0,0,0.0,0.0,0,WHOSCORED_SOURCE_SPECIFIC,WHOSCORED_DERIVED_VALIDATED,WHOSCORED_SOURCE_SPECIFIC,WHOSCORED_DERIVED_VALIDATED,WHOSCORED_SOURCE_SPECIFIC,0793x,0.0,,0.0,0.0,0.0,61fz0pmkmrp1z5vo,FANTRAX,FANTRAX,FANTRAX,,,,Ibrahim Mbaye
soccerdata:sofascore:16363262,FTX-05R4H,aston_villa,hull_city,408946,,4231,,,False,0.0,0,0,0,0.0,0,0.0,0,0,0,0,0,0,0,0,0,0,0,observed_or_derived,False,AWAY,2026-09-05,mgr:dcdf2dffc0c2,Unai Emery,3,NO_DETAILED_FANTRAX_ROW,UNRESOLVED,0.0,,0.0,0,0,0.0,0.0,0,WHOSCORED_SOURCE_SPECIFIC,WHOSCORED_DERIVED_VALIDATED,WHOSCORED_SOURCE_SPECIFIC,WHOSCORED_DERIVED_VALIDATED,WHOSCORED_SOURCE_SPECIFIC,05r4h,0.0,,,,,,WHOSCORED_CURRENT_OBSERVED,WHOSCORED_CURRENT_OBSERVED,WHOSCORED_CURRENT_OBSERVED,,,,Lamare Bogarde
soccerdata:sofascore:16363262,FTX-06YMT,aston_villa,hull_city,83824,,4231,,,False,0.0,0,0,0,0.0,0,0.0,0,0,0,0,0,0,0,0,0,0,0,observed_or_derived,False,AWAY,2026-09-05,mgr:dcdf2dffc0c2,Unai Emery,3,NO_DETAILED_FANTRAX_ROW,UNRESOLVED,0.0,,0.0,0,0,0.0,0.0,0,WHOSCORED_SOURCE_SPECIFIC,WHOSCORED_DERIVED_VALIDATED,WHOSCORED_SOURCE_SPECIFIC,WHOSCORED_DERIVED_VALIDATED,WHOSCORED_SOURCE_SPECIFIC,06ymt,0.0,,,,,,WHOSCORED_CURRENT_OBSERVED,WHOSCORED_CURRENT_OBSERVED,WHOSCORED_CURRENT_OBSERVED,,,,Marco Bizot
soccerdata:sofascore:16363262,FTX-06CRM,aston_villa,hull_city,344259,,4231,,,False,0.0,0,0,0,0.0,0,0.0,0,0,0,0,0,0,0,0,0,0,0,observed_or_derived,False,AWAY,2026-09-05,mgr:dcdf2dffc0c2,Unai Emery,3,NO_DETAILED_FANTRAX_ROW,UNRESOLVED,0.0,,0.0,0,0,0.0,0.0,0,WHOSCORED_SOURCE_SPECIFIC,WHOSCORED_DERIVED_VALIDATED,WHOSCORED_SOURCE_SPECIFIC,WHOSCORED_DERIVED_VALIDATED,WHOSCORED_SOURCE_SPECIFIC,06crm,0.0,,,,,,WHOSCORED_CURRENT_OBSERVED,WHOSCORED_CURRENT_OBSERVED,WHOSCORED_CURRENT_OBSERVED,,,,Pau Torres
soccerdata:sofascore:16363259,FTX-032F9,everton,manchester_united,110189,5.59,4231,GK,,True,0.0,0,0,0,0.0,0,0.0,0,2,0,0,0,0,0,0,0,49,39,observed_or_derived,False,HOME,2026-09-06,mgr:84316c036a2d,David Moyes,3,EXACT_PLAYER_PERIOD_DETAILED,EXACT_PLAYER_MATCH,0.0,0.0,0.0,0,0,0.0,0.0,0,WHOSCORED_SOURCE_SPECIFIC,WHOSCORED_DERIVED_VALIDATED,WHOSCORED_SOURCE_SPECIFIC,WHOSCORED_DERIVED_VALIDATED,WHOSCORED_SOURCE_SPECIFIC,032f9,0.0,0.0,0.0,0.0,0.0,aup99ojzmrp1z5vp,FANTRAX,FANTRAX,FANTRAX,0.0,0.0,0.0,Jordan Pickford
soccerdata:sofascore:16363259,FTX-070HI,everton,manchester_united,419945,6.14,4231,RB,,True,1.0,0,0,2,0.0,0,0.0,2,4,3,2,0,0,0,0,5,31,27,observed_or_derived,False,HOME,2026-09-06,mgr:84316c036a2d,David Moyes,3,NO_DETAILED_FANTRAX_ROW,EXACT_PLAYER_MATCH,2.0,,0.0,2,1,0.0,0.0,0,WHOSCORED_SOURCE_SPECIFIC,WHOSCORED_DERIVED_VALIDATED,WHOSCORED_SOURCE_SPECIFIC,WHOSCORED_DERIVED_VALIDATED,WHOSCORED_SOURCE_SPECIFIC,070hi,2.0,,1.0,,,,WHOSCORED_CURRENT_OBSERVED,WHOSCORED_CURRENT_OBSERVED,WHOSCORED_CURRENT_OBSERVED,0.0,0.3399359583854675,0.3399359583854675,Merlin Röhl
soccerdata:sofascore:16363259,FTX-0427D,everton,manchester_united,131464,7.32,4231,CB,,True,0.0,0,0,6,4.0,3,4.0,4,3,0,1,0,1,0,0,0,54,43,observed_or_derived,False,HOME,2026-09-06,mgr:84316c036a2d,David Moyes,3,EXACT_PLAYER_PERIOD_DETAILED,EXACT_PLAYER_MATCH,12.0,12.0,0.0,1,0,3.0,3.0,0,WHOSCORED_SOURCE_SPECIFIC,WHOSCORED_DERIVED_VALIDATED,WHOSCORED_SOURCE_SPECIFIC,WHOSCORED_DERIVED_VALIDATED,WHOSCORED_SOURCE_SPECIFIC,0427d,12.0,12.0,0.0,4.0,4.0,h2e8dn5dmrp1z5vp,FANTRAX,FANTRAX,FANTRAX,0.011135353706777,0.0,0.011135353706777,James Tarkowski
soccerdata:sofascore:16363259,FTX-05L27,everton,manchester_united,381045,7.39,4231,CB,,True,0.0,0,0,4,4.0,1,2.0,4,4,0,0,0,2,2,0,0,54,48,observed_or_derived,False,HOME,2026-09-06,mgr:84316c036a2d,David Moyes,3,EXACT_PLAYER_PERIOD_DETAILED,EXACT_PLAYER_MATCH,14.0,14.0,0.0,0,0,1.0,0.0,0,WHOSCORED_SOURCE_SPECIFIC,WHOSCORED_DERIVED_VALIDATED,WHOSCORED_SOURCE_SPECIFIC,WHOSCORED_DERIVED_VALIDATED,WHOSCORED_SOURCE_SPECIFIC,05l27,14.0,14.0,0.0,4.0,2.0,ayk8m85amrp1z5vo,FANTRAX,FANTRAX,FANTRAX,0.0842396840453147,0.0,0.0842396840453147,Jarrad Branthwaite
soccerdata:sofascore:16363259,FTX-05YBQ,everton,manchester_united,345516,6.67,4231,LB,,True,0.0,1,1,1,1.0,3,2.0,1,4,0,4,0,0,0,0,1,53,41,observed_or_derived,False,HOME,2026-09-06,mgr:84316c036a2d,David Moyes,3,EXACT_PLAYER_PERIOD_DETAILED,EXACT_PLAYER_MATCH,3.5,3.5,0.0,4,0,3.0,1.0,0,WHOSCORED_SOURCE_SPECIFIC,WHOSCORED_DERIVED_VALIDATED,WHOSCORED_SOURCE_SPECIFIC,WHOSCORED_DERIVED_VALIDATED,WHOSCORED_SOURCE_SPECIFIC,05ybq,3.5,3.5,0.0,1.0,2.0,aup99ojzmrp1z5vp,FANTRAX,FANTRAX,FANTRAX,0.0,0.0,0.0,Vitalii Mykolenko
soccerdata:sofascore:16363259,FTX-06ONV,everton,manchester_united,535879,6.13,4231,DM,,True,0.0,1,1,1,0.0,1,0.0,3,1,1,0,0,2,1,0,1,27,24,observed_or_derived,False,HOME,2026-09-06,mgr:84316c036a2d,David Moyes,3,NO_DETAILED_FANTRAX_ROW,EXACT_PLAYER_MATCH,1.0,,0.0,0,0,1.0,1.0,0,WHOSCORED_SOURCE_SPECIFIC,WHOSCORED_DERIVED_VALIDATED,WHOSCORED_SOURCE_SPECIFIC,WHOSCORED_DERIVED_VALIDATED,WHOSCORED_SOURCE_SPECIFIC,06onv,1.0,,0.0,,,,WHOSCORED_CURRENT_OBSERVED,WHOSCORED_CURRENT_OBSERVED,WHOSCORED_CURRENT_OBSERVED,0.0939175114035606,0.0,0.0939175114035606,Harrison Armstrong
soccerdata:sofascore:16363259,FTX-04SPW,everton,manchester_united,367781,6.53,4231,DM,,True,2.0,0,0,0,0.0,1,1.0,1,5,2,3,0,0,0,0,2,49,44,observed_or_derived,False,HOME,2026-09-06,mgr:84316c036a2d,David Moyes,3,EXACT_PLAYER_PERIOD_DETAILED,EXACT_PLAYER_MATCH,8.5,8.5,0.0,3,2,1.0,1.0,0,WHOSCORED_SOURCE_SPECIFIC,WHOSCORED_DERIVED_VALIDATED,WHOSCORED_SOURCE_SPECIFIC,WHOSCORED_DERIVED_VALIDATED,WHOSCORED_SOURCE_SPECIFIC,04spw,8.5,8.5,2.0,0.0,1.0,ayk8m85amrp1z5vo,FANTRAX,FANTRAX,FANTRAX,0.0,0.0201842039823532,0.0201842039823532,James Garner
soccerdata:sofascore:16363259,FTX-061YA,everton,manchester_united,379688,6.19,4231,RW,,True,2.0,0,0,1,0.0,1,2.0,1,4,0,1,0,1,1,0,2,17,14,observed_or_derived,False,HOME,2026-09-06,mgr:84316c036a2d,David Moyes,3,NO_DETAILED_FANTRAX_ROW,EXACT_PLAYER_MATCH,4.0,,0.0,1,0,1.0,0.0,0,WHOSCORED_SOURCE_SPECIFIC,WHOSCORED_DERIVED_VALIDATED,WHOSCORED_SOURCE_SPECIFIC,WHOSCORED_DERIVED_VALIDATED,WHOSCORED_SOURCE_SPECIFIC,061ya,4.0,,2.0,,,,WHOSCORED_CURRENT_OBSERVED,WHOSCORED_CURRENT_OBSERVED,WHOSCORED_CURRENT_OBSERVED,0.0709546729922294,0.0670152157545089,0.1379698887467383,Brennan Johnson
soccerdata:sofascore:16363259,FTX-05GCC,everton,manchester_united,391256,7.09,4231,CAM,,True,2.0,3,1,1,0.0,4,0.0,2,5,2,5,1,4,4,0,0,45,34,observed_or_derived,False,HOME,2026-09-06,mgr:84316c036a2d,David Moyes,3,EXACT_PLAYER_PERIOD_DETAILED,EXACT_PLAYER_MATCH,9.5,9.5,0.0,5,0,4.0,1.0,0,WHOSCORED_SOURCE_SPECIFIC,WHOSCORED_DERIVED_VALIDATED,WHOSCORED_SOURCE_SPECIFIC,WHOSCORED_DERIVED_VALIDATED,WHOSCORED_SOURCE_SPECIFIC,05gcc,9.5,9.5,2.0,0.0,0.0,qwkltl98mrp1z5vp,FANTRAX,FANTRAX,FANTRAX,0.1672769635915756,0.0916517749428749,0.2589287385344505,Kiernan Dewsbury-Hall
soccerdata:sofascore:16363259,FTX-06L4I,everton,manchester_united,523597,8.03,4231,LW,,True,3.0,5,4,0,0.0,0,1.0,0,3,0,2,0,1,1,1,4,31,26,observed_or_derived,False,HOME,2026-09-06,mgr:84316c036a2d,David Moyes,3,NO_DETAILED_FANTRAX_ROW,EXACT_PLAYER_MATCH,21.5,,0.0,2,0,0.0,0.0,0,WHOSCORED_SOURCE_SPECIFIC,WHOSCORED_DERIVED_VALIDATED,WHOSCORED_SOURCE_SPECIFIC,WHOSCORED_DERIVED_VALIDATED,WHOSCORED_SOURCE_SPECIFIC,06l4i,21.5,,3.0,,,,WHOSCORED_CURRENT_OBSERVED,WHOSCORED_CURRENT_OBSERVED,WHOSCORED_CURRENT_OBSERVED,0.04832573980093,0.2150508612394333,0.2633766010403633,Tyrique George
soccerdata:sofascore:16363259,FTX-06YBP,everton,manchester_united,537713,6.74,4231,ST,,True,1.0,2,2,12,5.0,0,0.0,0,4,0,1,0,4,2,0,2,23,17,observed_or_derived,False,HOME,2026-09-06,mgr:84316c036a2d,David Moyes,3,EXACT_PLAYER_PERIOD_DETAILED,EXACT_PLAYER_MATCH,6.5,6.5,0.0,1,0,0.0,0.0,0,WHOSCORED_SOURCE_SPECIFIC,WHOSCORED_DERIVED_VALIDATED,WHOSCORED_SOURCE_SPECIFIC,WHOSCORED_DERIVED_VALIDATED,WHOSCORED_SOURCE_SPECIFIC,06ybp,6.5,6.5,1.0,5.0,0.0,2dxfjlk0mrp1z5vo,FANTRAX,FANTRAX,FANTRAX,0.4887529909610748,0.0164540782570838,0.5052070692181586,Thierno Barry
soccerdata:sofascore:16363259,FTX-02LM7,everton,manchester_united,113069,6.51,4231,,,False,1.0,3,1,0,0.0,1,0.0,0,0,0,0,0,1,1,0,1,11,10,observed_or_derived,False,HOME,2026-09-06,mgr:84316c036a2d,David Moyes,3,EXACT_PLAYER_PERIOD_DETAILED,EXACT_PLAYER_MATCH,4.0,4.0,0.0,0,0,1.0,1.0,0,WHOSCORED_SOURCE_SPECIFIC,WHOSCORED_DERIVED_VALIDATED,WHOSCORED_SOURCE_SPECIFIC,WHOSCORED_DERIVED_VALIDATED,WHOSCORED_SOURCE_SPECIFIC,02lm7,4.0,4.0,1.0,0.0,0.0,h1vdt8ynmrp1z5vp,FANTRAX,FANTRAX,FANTRAX,0.0206971019506454,0.0420932248234748,0.0627903267741202,Jack Grealish
soccerdata:sofascore:16363259,FTX-03M3Q,everton,manchester_united,255169,7.05,4231,,,False,0.0,0,0,2,0.0,0,0.0,0,0,0,0,0,1,1,1,0,4,4,observed_or_derived,False,HOME,2026-09-06,mgr:84316c036a2d,David Moyes,3,NO_DETAILED_FANTRAX_ROW,UNRESOLVED,11.0,,0.0,0,0,0.0,0.0,0,WHOSCORED_SOURCE_SPECIFIC,WHOSCORED_DERIVED_VALIDATED,WHOSCORED_SOURCE_SPECIFIC,WHOSCORED_DERIVED_VALIDATED,WHOSCORED_SOURCE_SPECIFIC,03m3q,11.0,,,,,,WHOSCORED_CURRENT_OBSERVED,WHOSCORED_CURRENT_OBSERVED,WHOSCORED_CURRENT_OBSERVED,,,,Ainsley Maitland-Niles
soccerdata:sofascore:16363259,FTX-0784P,everton,manchester_united,388651,6.51,4231,,,False,2.0,0,0,0,0.0,1,0.0,0,0,0,2,0,1,0,0,0,17,14,observed_or_derived,False,HOME,2026-09-06,mgr:84316c036a2d,David Moyes,3,NO_DETAILED_FANTRAX_ROW,EXACT_PLAYER_MATCH,10.5,,0.0,2,1,1.0,0.0,0,WHOSCORED_SOURCE_SPECIFIC,WHOSCORED_DERIVED_VALIDATED,WHOSCORED_SOURCE_SPECIFIC,WHOSCORED_DERIVED_VALIDATED,WHOSCORED_SOURCE_SPECIFIC,0784p,10.5,,2.0,,,,WHOSCORED_CURRENT_OBSERVED,WHOSCORED_CURRENT_OBSERVED,WHOSCORED_CURRENT_OBSERVED,0.0450175143778324,0.0820831209421157,0.127100635319948,Hayden Hackney
soccerdata:sofascore:16363259,FTX-04VY4,everton,manchester_united,362806,,4231,,,False,0.0,0,0,0,0.0,0,0.0,0,0,0,0,0,0,0,0,0,0,0,observed_or_derived,False,HOME,2026-09-06,mgr:84316c036a2d,David Moyes,3,NO_DETAILED_FANTRAX_ROW,UNRESOLVED,0.0,,0.0,0,0,0.0,0.0,0,WHOSCORED_SOURCE_SPECIFIC,WHOSCORED_DERIVED_VALIDATED,WHOSCORED_SOURCE_SPECIFIC,WHOSCORED_DERIVED_VALIDATED,WHOSCORED_SOURCE_SPECIFIC,04vy4,0.0,,,,,,WHOSCORED_CURRENT_OBSERVED,WHOSCORED_CURRENT_OBSERVED,WHOSCORED_CURRENT_OBSERVED,,,,Mark Travers
soccerdata:sofascore:16363259,FTX-062OH,everton,manchester_united,424495,,4231,,,False,0.0,0,0,0,0.0,0,0.0,0,0,0,0,0,0,0,0,0,0,0,observed_or_derived,False,HOME,2026-09-06,mgr:84316c036a2d,David Moyes,3,NO_DETAILED_FANTRAX_ROW,UNRESOLVED,0.0,,0.0,0,0,0.0,0.0,0,WHOSCORED_SOURCE_SPECIFIC,WHOSCORED_DERIVED_VALIDATED,WHOSCORED_SOURCE_SPECIFIC,WHOSCORED_DERIVED_VALIDATED,WHOSCORED_SOURCE_SPECIFIC,062oh,0.0,,,,,,WHOSCORED_CURRENT_OBSERVED,WHOSCORED_CURRENT_OBSERVED,WHOSCORED_CURRENT_OBSERVED,,,,Jake O'Brien
soccerdata:sofascore:16363259,FTX-06195,everton,manchester_united,438067,,4231,,,False,0.0,0,0,0,0.0,0,0.0,0,0,0,0,0,0,0,0,0,0,0,observed_or_derived,False,HOME,2026-09-06,mgr:84316c036a2d,David Moyes,3,NO_DETAILED_FANTRAX_ROW,UNRESOLVED,0.0,,0.0,0,0,0.0,0.0,0,WHOSCORED_SOURCE_SPECIFIC,WHOSCORED_DERIVED_VALIDATED,WHOSCORED_SOURCE_SPECIFIC,WHOSCORED_DERIVED_VALIDATED,WHOSCORED_SOURCE_SPECIFIC,06195,0.0,,,,,,WHOSCORED_CURRENT_OBSERVED,WHOSCORED_CURRENT_OBSERVED,WHOSCORED_CURRENT_OBSERVED,,,,Tyler Dibling
soccerdata:sofascore:16363259,FTX-0327R,everton,manchester_united,107941,,4231,,,False,0.0,0,0,0,0.0,0,0.0,0,0,0,0,0,0,0,0,0,0,0,observed_or_derived,False,HOME,2026-09-06,mgr:84316c036a2d,David Moyes,3,NO_DETAILED_FANTRAX_ROW,UNRESOLVED,0.0,,0.0,0,0,0.0,0.0,0,WHOSCORED_SOURCE_SPECIFIC,WHOSCORED_DERIVED_VALIDATED,WHOSCORED_SOURCE_SPECIFIC,WHOSCORED_DERIVED_VALIDATED,WHOSCORED_SOURCE_SPECIFIC,0327r,0.0,,,,,,WHOSCORED_CURRENT_OBSERVED,WHOSCORED_CURRENT_OBSERVED,WHOSCORED_CURRENT_OBSERVED,,,,Michael Keane
soccerdata:sofascore:16363259,FTX-072IU,everton,manchester_united,582990,,4231,,,False,0.0,0,0,0,0.0,0,0.0,0,0,0,0,0,0,0,0,0,0,0,observed_or_derived,False,HOME,2026-09-06,mgr:84316c036a2d,David Moyes,3,NO_DETAILED_FANTRAX_ROW,UNRESOLVED,0.0,,0.0,0,0,0.0,0.0,0,WHOSCORED_SOURCE_SPECIFIC,WHOSCORED_DERIVED_VALIDATED,WHOSCORED_SOURCE_SPECIFIC,WHOSCORED_DERIVED_VALIDATED,WHOSCORED_SOURCE_SPECIFIC,072iu,0.0,,,,,,WHOSCORED_CURRENT_OBSERVED,WHOSCORED_CURRENT_OBSERVED,WHOSCORED_CURRENT_OBSERVED,,,,Braiden Graham
soccerdata:sofascore:16363259,FTX-070HL,manchester_united,everton,402184,6.68,4231,GK,,True,0.0,0,0,1,1.0,0,0.0,1,5,0,0,0,0,0,0,0,27,20,observed_or_derived,False,AWAY,2026-09-06,mgr:3aa905054daf,Michael Carrick,3,NO_DETAILED_FANTRAX_ROW,EXACT_PLAYER_MATCH,7.5,,0.0,0,0,0.0,0.0,0,WHOSCORED_SOURCE_SPECIFIC,WHOSCORED_DERIVED_VALIDATED,WHOSCORED_SOURCE_SPECIFIC,WHOSCORED_DERIVED_VALIDATED,WHOSCORED_SOURCE_SPECIFIC,070hl,7.5,,0.0,,,,WHOSCORED_CURRENT_OBSERVED,WHOSCORED_CURRENT_OBSERVED,WHOSCORED_CURRENT_OBSERVED,0.0,0.0,0.0,Senne Lammens
soccerdata:sofascore:16363259,FTX-04QFZ,manchester_united,everton,353418,6.07,4231,RB,,True,2.0,2,0,1,1.0,2,1.0,1,3,0,0,0,1,1,0,3,39,35,observed_or_derived,False,AWAY,2026-09-06,mgr:3aa905054daf,Michael Carrick,3,EXACT_PLAYER_PERIOD_DETAILED,EXACT_PLAYER_MATCH,6.5,6.5,0.0,0,0,2.0,2.0,0,WHOSCORED_SOURCE_SPECIFIC,WHOSCORED_DERIVED_VALIDATED,WHOSCORED_SOURCE_SPECIFIC,WHOSCORED_DERIVED_VALIDATED,WHOSCORED_SOURCE_SPECIFIC,04qfz,6.5,6.5,2.0,1.0,1.0,qwkltl98mrp1z5vp,FANTRAX,FANTRAX,FANTRAX,0.0152270765975117,0.0444139167666435,0.0596409933641552,Diogo Dalot
soccerdata:sofascore:16363259,FTX-062PL,manchester_united,everton,340105,6.74,4231,CB,,True,0.0,0,0,5,3.0,0,1.0,8,2,0,1,0,0,0,0,0,44,43,observed_or_derived,False,AWAY,2026-09-06,mgr:3aa905054daf,Michael Carrick,3,NO_DETAILED_FANTRAX_ROW,EXACT_PLAYER_MATCH,7.5,,0.0,0,0,0.0,0.0,0,WHOSCORED_SOURCE_SPECIFIC,WHOSCORED_DERIVED_VALIDATED,WHOSCORED_SOURCE_SPECIFIC,WHOSCORED_DERIVED_VALIDATED,WHOSCORED_SOURCE_SPECIFIC,062pl,7.5,,0.0,,,,WHOSCORED_CURRENT_OBSERVED,WHOSCORED_CURRENT_OBSERVED,WHOSCORED_CURRENT_OBSERVED,0.0,0.0,0.0,Lisandro Martínez
soccerdata:sofascore:16363259,FTX-03GU4,manchester_united,everton,99487,6.68,4231,CB,,True,0.0,0,0,7,5.0,0,1.0,10,2,0,0,0,0,0,0,2,67,56,observed_or_derived,False,AWAY,2026-09-06,mgr:3aa905054daf,Michael Carrick,3,EXACT_PLAYER_PERIOD_DETAILED,EXACT_PLAYER_MATCH,8.0,8.0,0.0,0,0,0.0,0.0,0,WHOSCORED_SOURCE_SPECIFIC,WHOSCORED_DERIVED_VALIDATED,WHOSCORED_SOURCE_SPECIFIC,WHOSCORED_DERIVED_VALIDATED,WHOSCORED_SOURCE_SPECIFIC,03gu4,8.0,8.0,0.0,5.0,1.0,hpsurdtbmrp1z5vo,FANTRAX,FANTRAX,FANTRAX,0.0,0.0,0.0,Harry Maguire
soccerdata:sofascore:16363259,FTX-02OQ6,manchester_united,everton,118244,7.51,4231,LB,,True,1.0,0,0,1,1.0,1,1.0,3,1,0,3,0,1,0,0,2,52,47,observed_or_derived,False,AWAY,2026-09-06,mgr:3aa905054daf,Michael Carrick,3,EXACT_PLAYER_PERIOD_DETAILED,EXACT_PLAYER_MATCH,17.5,10.5,0.0,3,3,1.0,1.0,1,WHOSCORED_SOURCE_SPECIFIC,WHOSCORED_DERIVED_VALIDATED,WHOSCORED_SOURCE_SPECIFIC,WHOSCORED_DERIVED_VALIDATED,WHOSCORED_SOURCE_SPECIFIC,02oq6,17.5,10.5,1.0,1.0,1.0,cjn4stydmrp1z5vp,FANTRAX,FANTRAX,FANTRAX,0.0381812565028667,0.4090565741062164,0.447237830609083,Luke Shaw
soccerdata:sofascore:16363259,FTX-04YO7,manchester_united,everton,136345,6.6,4231,DM,,True,1.0,1,1,2,0.0,0,1.0,0,5,0,0,1,2,2,0,0,81,74,observed_or_derived,False,AWAY,2026-09-06,mgr:3aa905054daf,Michael Carrick,3,EXACT_PLAYER_PERIOD_DETAILED,EXACT_PLAYER_MATCH,7.0,7.0,0.0,0,0,0.0,0.0,0,WHOSCORED_SOURCE_SPECIFIC,WHOSCORED_DERIVED_VALIDATED,WHOSCORED_SOURCE_SPECIFIC,WHOSCORED_DERIVED_VALIDATED,WHOSCORED_SOURCE_SPECIFIC,04yo7,7.0,7.0,1.0,0.0,1.0,rx9bjhp3mrp1z5vo,FANTRAX,FANTRAX,FANTRAX,0.0444139167666435,0.0175678972154855,0.061981813982129,Youri Tielemans
soccerdata:sofascore:16363259,FTX-0666P,manchester_united,everton,460260,7.15,4231,DM,,True,2.0,3,1,0,0.0,2,1.0,2,10,3,0,0,0,0,0,2,77,74,observed_or_derived,False,AWAY,2026-09-06,mgr:3aa905054daf,Michael Carrick,3,EXACT_PLAYER_PERIOD_DETAILED,EXACT_PLAYER_MATCH,13.5,7.5,0.0,0,0,2.0,1.0,0,WHOSCORED_SOURCE_SPECIFIC,WHOSCORED_DERIVED_VALIDATED,WHOSCORED_SOURCE_SPECIFIC,WHOSCORED_DERIVED_VALIDATED,WHOSCORED_SOURCE_SPECIFIC,0666p,13.5,7.5,2.0,0.0,1.0,ayk8m85amrp1z5vo,FANTRAX,FANTRAX,FANTRAX,0.0,0.0606345944106578,0.0606345944106578,Kobbie Mainoo
soccerdata:sofascore:16363259,FTX-05TRB,manchester_united,everton,353377,7.48,4231,RW,,True,1.0,3,1,2,0.0,0,3.0,1,4,2,1,0,2,2,1,3,24,20,observed_or_derived,False,AWAY,2026-09-06,mgr:3aa905054daf,Michael Carrick,3,EXACT_PLAYER_PERIOD_DETAILED,EXACT_PLAYER_MATCH,17.5,8.5,0.0,1,0,0.0,0.0,0,WHOSCORED_SOURCE_SPECIFIC,WHOSCORED_DERIVED_VALIDATED,WHOSCORED_SOURCE_SPECIFIC,WHOSCORED_DERIVED_VALIDATED,WHOSCORED_SOURCE_SPECIFIC,05trb,17.5,8.5,1.0,0.0,3.0,w2mnqywumrp1z5vp,FANTRAX,FANTRAX,FANTRAX,0.1077937185764312,0.0688583999872207,0.1766521185636519,Bryan Mbeumo
soccerdata:sofascore:16363259,FTX-05GCR,manchester_united,everton,123761,6.56,4231,CAM,,True,2.0,1,0,1,0.0,0,0.0,0,2,0,5,0,4,2,0,2,57,44,observed_or_derived,False,AWAY,2026-09-06,mgr:3aa905054daf,Michael Carrick,3,EXACT_PLAYER_PERIOD_DETAILED,EXACT_PLAYER_MATCH,4.5,4.5,0.0,5,1,0.0,0.0,0,WHOSCORED_SOURCE_SPECIFIC,WHOSCORED_DERIVED_VALIDATED,WHOSCORED_SOURCE_SPECIFIC,WHOSCORED_DERIVED_VALIDATED,WHOSCORED_SOURCE_SPECIFIC,05gcr,4.5,4.5,2.0,0.0,0.0,h1vdt8ynmrp1z5vp,FANTRAX,FANTRAX,FANTRAX,0.1302986741065979,0.0608247816562652,0.1911234557628631,Bruno Fernandes
soccerdata:sofascore:16363259,FTX-03YBI,manchester_united,everton,300299,6.85,4231,LW,,True,1.0,5,3,1,1.0,0,0.0,0,4,0,2,0,0,0,0,3,29,18,observed_or_derived,False,AWAY,2026-09-06,mgr:3aa905054daf,Michael Carrick,3,EXACT_PLAYER_PERIOD_DETAILED,EXACT_PLAYER_MATCH,5.5,5.5,0.0,2,0,0.0,0.0,0,WHOSCORED_SOURCE_SPECIFIC,WHOSCORED_DERIVED_VALIDATED,WHOSCORED_SOURCE_SPECIFIC,WHOSCORED_DERIVED_VALIDATED,WHOSCORED_SOURCE_SPECIFIC,03ybi,5.5,5.5,1.0,1.0,0.0,h1vdt8ynmrp1z5vp,FANTRAX,FANTRAX,FANTRAX,0.0,0.0870424881577491,0.0870424881577491,Marcus Rashford
soccerdata:sofascore:16363259,FTX-067YZ,manchester_united,everton,362758,6.33,4231,ST,,True,0.0,0,0,2,0.0,2,0.0,0,1,0,0,1,2,1,0,1,29,23,observed_or_derived,False,AWAY,2026-09-06,mgr:3aa905054daf,Michael Carrick,3,EXACT_PLAYER_PERIOD_DETAILED,EXACT_PLAYER_MATCH,1.0,0.0,0.0,0,0,2.0,2.0,0,WHOSCORED_SOURCE_SPECIFIC,WHOSCORED_DERIVED_VALIDATED,WHOSCORED_SOURCE_SPECIFIC,WHOSCORED_DERIVED_VALIDATED,WHOSCORED_SOURCE_SPECIFIC,067yz,1.0,0.0,0.0,0.0,0.0,ayk8m85amrp1z5vo,FANTRAX,FANTRAX,FANTRAX,0.1046103835105896,0.0,0.1046103835105896,Matheus Cunha
soccerdata:sofascore:16363259,FTX-068A0,manchester_united,everton,451236,6.34,4231,,,False,0.0,1,0,1,1.0,0,0.0,5,0,1,1,0,0,0,0,0,8,8,observed_or_derived,False,AWAY,2026-09-06,mgr:3aa905054daf,Michael Carrick,3,NO_DETAILED_FANTRAX_ROW,EXACT_PLAYER_MATCH,2.5,,0.0,0,0,0.0,0.0,0,WHOSCORED_SOURCE_SPECIFIC,WHOSCORED_DERIVED_VALIDATED,WHOSCORED_SOURCE_SPECIFIC,WHOSCORED_DERIVED_VALIDATED,WHOSCORED_SOURCE_SPECIFIC,068a0,2.5,,0.0,,,,WHOSCORED_CURRENT_OBSERVED,WHOSCORED_CURRENT_OBSERVED,WHOSCORED_CURRENT_OBSERVED,0.0,0.0,0.0,Andrey Santos
soccerdata:sofascore:16363259,FTX-06RLJ,manchester_united,everton,495260,6.25,4231,,,False,0.0,0,0,3,3.0,1,0.0,1,1,0,0,0,0,0,0,0,9,5,observed_or_derived,False,AWAY,2026-09-06,mgr:3aa905054daf,Michael Carrick,3,EXACT_PLAYER_PERIOD_DETAILED,EXACT_PLAYER_MATCH,1.0,1.0,0.0,0,0,1.0,0.0,0,WHOSCORED_SOURCE_SPECIFIC,WHOSCORED_DERIVED_VALIDATED,WHOSCORED_SOURCE_SPECIFIC,WHOSCORED_DERIVED_VALIDATED,WHOSCORED_SOURCE_SPECIFIC,06rlj,1.0,1.0,0.0,3.0,0.0,qwkltl98mrp1z5vp,FANTRAX,FANTRAX,FANTRAX,0.0,0.0,0.0,Patrick Dorgu
soccerdata:sofascore:16363259,FTX-06MX0,manchester_united,everton,437299,6.25,4231,,,False,0.0,0,0,0,0.0,2,0.0,1,0,0,0,0,0,0,0,0,6,5,observed_or_derived,False,AWAY,2026-09-06,mgr:3aa905054daf,Michael Carrick,3,NO_DETAILED_FANTRAX_ROW,EXACT_PLAYER_MATCH,1.0,,0.0,0,0,2.0,1.0,0,WHOSCORED_SOURCE_SPECIFIC,WHOSCORED_DERIVED_VALIDATED,WHOSCORED_SOURCE_SPECIFIC,WHOSCORED_DERIVED_VALIDATED,WHOSCORED_SOURCE_SPECIFIC,06mx0,1.0,,0.0,,,,WHOSCORED_CURRENT_OBSERVED,WHOSCORED_CURRENT_OBSERVED,WHOSCORED_CURRENT_OBSERVED,0.0,0.0,0.0,Leny Yoro
soccerdata:sofascore:16363259,FTX-06P4J,manchester_united,everton,349932,5.96,4231,,,False,0.0,0,0,0,0.0,1,0.0,0,0,0,0,0,0,0,0,0,3,3,observed_or_derived,False,AWAY,2026-09-06,mgr:3aa905054daf,Michael Carrick,3,NO_DETAILED_FANTRAX_ROW,EXACT_PLAYER_MATCH,0.0,,0.0,0,0,1.0,0.0,0,WHOSCORED_SOURCE_SPECIFIC,WHOSCORED_DERIVED_VALIDATED,WHOSCORED_SOURCE_SPECIFIC,WHOSCORED_DERIVED_VALIDATED,WHOSCORED_SOURCE_SPECIFIC,06p4j,0.0,,0.0,,,,WHOSCORED_CURRENT_OBSERVED,WHOSCORED_CURRENT_OBSERVED,WHOSCORED_CURRENT_OBSERVED,0.0,0.0,0.0,Noussair Mazraoui
soccerdata:sofascore:16363259,FTX-06ZXY,manchester_united,everton,424191,6.67,4231,,,False,0.0,0,0,3,0.0,0,0.0,0,0,0,0,0,2,1,1,0,5,3,observed_or_derived,False,AWAY,2026-09-06,mgr:3aa905054daf,Michael Carrick,3,EXACT_PLAYER_PERIOD_DETAILED,EXACT_PLAYER_MATCH,11.0,2.0,0.0,0,0,0.0,0.0,0,WHOSCORED_SOURCE_SPECIFIC,WHOSCORED_DERIVED_VALIDATED,WHOSCORED_SOURCE_SPECIFIC,WHOSCORED_DERIVED_VALIDATED,WHOSCORED_SOURCE_SPECIFIC,06zxy,11.0,2.0,0.0,0.0,0.0,h1vdt8ynmrp1z5vp,FANTRAX,FANTRAX,FANTRAX,0.4317001104354858,0.0,0.4317001104354858,Benjamin Sesko
soccerdata:sofascore:16363259,FTX-06MVE,manchester_united,everton,383956,,4231,,,False,0.0,0,0,0,0.0,0,0.0,0,0,0,0,0,0,0,0,0,0,0,observed_or_derived,False,AWAY,2026-09-06,mgr:3aa905054daf,Michael Carrick,3,NO_DETAILED_FANTRAX_ROW,UNRESOLVED,0.0,,0.0,0,0,0.0,0.0,0,WHOSCORED_SOURCE_SPECIFIC,WHOSCORED_DERIVED_VALIDATED,WHOSCORED_SOURCE_SPECIFIC,WHOSCORED_DERIVED_VALIDATED,WHOSCORED_SOURCE_SPECIFIC,06mve,0.0,,,,,,WHOSCORED_CURRENT_OBSERVED,WHOSCORED_CURRENT_OBSERVED,WHOSCORED_CURRENT_OBSERVED,,,,Joshua Zirkzee
soccerdata:sofascore:16363259,FTX-03PIF,manchester_united,everton,70483,,4231,,,False,0.0,0,0,0,0.0,0,0.0,0,0,0,0,0,0,0,0,0,0,0,observed_or_derived,False,AWAY,2026-09-06,mgr:3aa905054daf,Michael Carrick,3,NO_DETAILED_FANTRAX_ROW,UNRESOLVED,0.0,,0.0,0,0,0.0,0.0,0,WHOSCORED_SOURCE_SPECIFIC,WHOSCORED_DERIVED_VALIDATED,WHOSCORED_SOURCE_SPECIFIC,WHOSCORED_DERIVED_VALIDATED,WHOSCORED_SOURCE_SPECIFIC,03pif,0.0,,,,,,WHOSCORED_CURRENT_OBSERVED,WHOSCORED_CURRENT_OBSERVED,WHOSCORED_CURRENT_OBSERVED,,,,Karl Darlow
soccerdata:sofascore:16363259,FTX-052CD,manchester_united,everton,343346,,4231,,,False,0.0,0,0,0,0.0,0,0.0,0,0,0,0,0,0,0,0,0,0,0,observed_or_derived,False,AWAY,2026-09-06,mgr:3aa905054daf,Michael Carrick,3,NO_DETAILED_FANTRAX_ROW,UNRESOLVED,0.0,,0.0,0,0,0.0,0.0,0,WHOSCORED_SOURCE_SPECIFIC,WHOSCORED_DERIVED_VALIDATED,WHOSCORED_SOURCE_SPECIFIC,WHOSCORED_DERIVED_VALIDATED,WHOSCORED_SOURCE_SPECIFIC,052cd,0.0,,,,,,WHOSCORED_CURRENT_OBSERVED,WHOSCORED_CURRENT_OBSERVED,WHOSCORED_CURRENT_OBSERVED,,,,Mason Mount
soccerdata:sofascore:16363259,FTX-06KQY,manchester_united,everton,517341,,4231,,,False,0.0,0,0,0,0.0,0,0.0,0,0,0,0,0,0,0,0,0,0,0,observed_or_derived,False,AWAY,2026-09-06,mgr:3aa905054daf,Michael Carrick,3,NO_DETAILED_FANTRAX_ROW,UNRESOLVED,0.0,,0.0,0,0,0.0,0.0,0,WHOSCORED_SOURCE_SPECIFIC,WHOSCORED_DERIVED_VALIDATED,WHOSCORED_SOURCE_SPECIFIC,WHOSCORED_DERIVED_VALIDATED,WHOSCORED_SOURCE_SPECIFIC,06kqy,0.0,,,,,,WHOSCORED_CURRENT_OBSERVED,WHOSCORED_CURRENT_OBSERVED,WHOSCORED_CURRENT_OBSERVED,,,,Ayden Heaven
soccerdata:sofascore:16363257,FTX-05TQX,arsenal,chelsea,276366,7.36,4231,GK,,True,0.0,0,0,0,0.0,0,0.0,1,1,0,0,0,0,0,0,0,37,23,observed_or_derived,False,HOME,2026-09-06,mgr:5fdd2f365fdc,Mikel Arteta,3,EXACT_PLAYER_PERIOD_DETAILED,EXACT_PLAYER_MATCH,13.0,13.0,0.0,0,0,0.0,0.0,0,WHOSCORED_SOURCE_SPECIFIC,WHOSCORED_DERIVED_VALIDATED,WHOSCORED_SOURCE_SPECIFIC,WHOSCORED_DERIVED_VALIDATED,WHOSCORED_SOURCE_SPECIFIC,05tqx,13.0,13.0,0.0,0.0,0.0,ayk8m85amrp1z5vo,FANTRAX,FANTRAX,FANTRAX,0.0,0.0,0.0,David Raya
soccerdata:sofascore:16363257,FTX-04E1E,arsenal,chelsea,322036,6.58,4231,RB,,True,0.0,1,1,0,0.0,2,0.0,4,4,1,4,0,0,0,0,2,44,32,observed_or_derived,False,HOME,2026-09-06,mgr:5fdd2f365fdc,Mikel Arteta,3,EXACT_PLAYER_PERIOD_DETAILED,EXACT_PLAYER_MATCH,3.5,3.5,0.0,4,0,2.0,1.0,0,WHOSCORED_SOURCE_SPECIFIC,WHOSCORED_DERIVED_VALIDATED,WHOSCORED_SOURCE_SPECIFIC,WHOSCORED_DERIVED_VALIDATED,WHOSCORED_SOURCE_SPECIFIC,04e1e,3.5,3.5,0.0,0.0,0.0,w2mnqywumrp1z5vp,FANTRAX,FANTRAX,FANTRAX,0.0,0.0,0.0,Ben White
soccerdata:sofascore:16363257,FTX-05NZU,arsenal,chelsea,334087,6.75,4231,CB,,True,0.0,0,0,3,1.0,0,1.0,5,4,3,1,0,2,2,0,0,39,32,observed_or_derived,False,HOME,2026-09-06,mgr:5fdd2f365fdc,Mikel Arteta,3,EXACT_PLAYER_PERIOD_DETAILED,EXACT_PLAYER_MATCH,9.5,9.5,0.0,1,0,0.0,0.0,0,WHOSCORED_SOURCE_SPECIFIC,WHOSCORED_DERIVED_VALIDATED,WHOSCORED_SOURCE_SPECIFIC,WHOSCORED_DERIVED_VALIDATED,WHOSCORED_SOURCE_SPECIFIC,05nzu,9.5,9.5,0.0,1.0,1.0,rx9bjhp3mrp1z5vo,FANTRAX,FANTRAX,FANTRAX,0.6559619307518005,0.0,0.6559619307518005,Gabriel Magalhães
soccerdata:sofascore:16363257,FTX-052CA,arsenal,chelsea,301440,7.26,4231,CB,,True,0.0,0,0,5,3.0,3,1.0,6,5,0,0,0,0,0,0,3,43,41,observed_or_derived,False,HOME,2026-09-06,mgr:5fdd2f365fdc,Mikel Arteta,3,EXACT_PLAYER_PERIOD_DETAILED,EXACT_PLAYER_MATCH,8.5,8.5,0.0,0,0,3.0,2.0,0,WHOSCORED_SOURCE_SPECIFIC,WHOSCORED_DERIVED_VALIDATED,WHOSCORED_SOURCE_SPECIFIC,WHOSCORED_DERIVED_VALIDATED,WHOSCORED_SOURCE_SPECIFIC,052ca,8.5,8.5,0.0,3.0,1.0,h2e8dn5dmrp1z5vp,FANTRAX,FANTRAX,FANTRAX,0.0,0.0,0.0,Ezri Konsa
soccerdata:sofascore:16363257,FTX-06NU7,arsenal,chelsea,386519,6.04,4231,LB,,True,0.0,0,0,1,0.0,1,0.0,0,1,0,0,0,2,2,0,1,25,20,observed_or_derived,False,HOME,2026-09-06,mgr:5fdd2f365fdc,Mikel Arteta,3,EXACT_PLAYER_PERIOD_DETAILED,EXACT_PLAYER_MATCH,2.0,2.0,0.0,0,0,1.0,0.0,0,WHOSCORED_SOURCE_SPECIFIC,WHOSCORED_DERIVED_VALIDATED,WHOSCORED_SOURCE_SPECIFIC,WHOSCORED_DERIVED_VALIDATED,WHOSCORED_SOURCE_SPECIFIC,06nu7,2.0,2.0,0.0,0.0,0.0,qwkltl98mrp1z5vp,FANTRAX,FANTRAX,FANTRAX,0.5633553266525269,0.0,0.5633553266525269,Riccardo Calafiori
soccerdata:sofascore:16363257,FTX-04AGZ,arsenal,chelsea,332325,6.97,4231,DM,,True,1.0,0,0,4,2.0,0,1.0,3,1,1,3,0,1,1,0,1,71,64,observed_or_derived,False,HOME,2026-09-06,mgr:5fdd2f365fdc,Mikel Arteta,3,EXACT_PLAYER_PERIOD_DETAILED,EXACT_PLAYER_MATCH,13.5,7.5,0.0,3,1,0.0,0.0,0,WHOSCORED_SOURCE_SPECIFIC,WHOSCORED_DERIVED_VALIDATED,WHOSCORED_SOURCE_SPECIFIC,WHOSCORED_DERIVED_VALIDATED,WHOSCORED_SOURCE_SPECIFIC,04agz,13.5,7.5,1.0,2.0,1.0,aup99ojzmrp1z5vp,FANTRAX,FANTRAX,FANTRAX,0.0428596138954162,0.0353672616183757,0.0782268755137919,Declan Rice
soccerdata:sofascore:16363257,FTX-066SD,arsenal,chelsea,467918,5.78,4231,DM,,True,1.0,0,0,1,1.0,0,0.0,0,2,0,0,0,1,0,0,6,32,28,observed_or_derived,False,HOME,2026-09-06,mgr:5fdd2f365fdc,Mikel Arteta,3,EXACT_PLAYER_PERIOD_DETAILED,EXACT_PLAYER_MATCH,2.5,2.5,0.0,0,0,0.0,0.0,0,WHOSCORED_SOURCE_SPECIFIC,WHOSCORED_DERIVED_VALIDATED,WHOSCORED_SOURCE_SPECIFIC,WHOSCORED_DERIVED_VALIDATED,WHOSCORED_SOURCE_SPECIFIC,066sd,2.5,2.5,1.0,1.0,0.0,h1vdt8ynmrp1z5vp,FANTRAX,FANTRAX,FANTRAX,0.0631627440452575,0.0882883742451667,0.1514511182904241,Myles Lewis-Skelly
soccerdata:sofascore:16363257,FTX-04Y92,arsenal,chelsea,367185,6.78,4231,RW,,True,1.0,3,1,3,0.0,1,1.0,0,2,1,3,1,4,4,0,4,31,26,observed_or_derived,False,HOME,2026-09-06,mgr:5fdd2f365fdc,Mikel Arteta,3,EXACT_PLAYER_PERIOD_DETAILED,EXACT_PLAYER_MATCH,12.5,12.5,0.0,3,2,1.0,1.0,0,WHOSCORED_SOURCE_SPECIFIC,WHOSCORED_DERIVED_VALIDATED,WHOSCORED_SOURCE_SPECIFIC,WHOSCORED_DERIVED_VALIDATED,WHOSCORED_SOURCE_SPECIFIC,04y92,12.5,12.5,1.0,0.0,1.0,cjn4stydmrp1z5vp,FANTRAX,FANTRAX,FANTRAX,0.546873152256012,0.0428596138954162,0.5897327661514281,Bukayo Saka
soccerdata:sofascore:16363257,pr_41ec866daf042593,arsenal,chelsea,247454,7.8,4231,CAM,,True,4.0,0,0,1,0.0,0,0.0,0,3,0,2,2,2,2,1,3,58,50,observed_or_derived,False,HOME,2026-09-06,mgr:5fdd2f365fdc,Mikel Arteta,3,EXACT_PLAYER_PERIOD_DETAILED,EXACT_PLAYER_MATCH,18.5,9.5,0.0,2,0,0.0,0.0,0,WHOSCORED_SOURCE_SPECIFIC,WHOSCORED_DERIVED_VALIDATED,WHOSCORED_SOURCE_SPECIFIC,WHOSCORED_DERIVED_VALIDATED,WHOSCORED_SOURCE_SPECIFIC,05r9b,18.5,9.5,4.0,0.0,0.0,ayk8m85amrp1z5vo,FANTRAX,FANTRAX,FANTRAX,0.6883090138435364,0.9539393186569214,1.6422483325004578,Martin Ødegaard
soccerdata:sofascore:16363257,pr_975edca78e5e06f1,arsenal,chelsea,399296,7.66,4231,LW,,True,4.0,3,1,2,1.0,1,1.0,1,5,0,2,0,0,0,0,3,46,39,observed_or_derived,False,HOME,2026-09-06,mgr:5fdd2f365fdc,Mikel Arteta,3,EXACT_PLAYER_PERIOD_DETAILED,UNRESOLVED,16.5,10.5,0.0,2,1,1.0,1.0,1,WHOSCORED_SOURCE_SPECIFIC,WHOSCORED_DERIVED_VALIDATED,WHOSCORED_SOURCE_SPECIFIC,WHOSCORED_DERIVED_VALIDATED,WHOSCORED_SOURCE_SPECIFIC,05uox,16.5,10.5,4.0,1.0,1.0,rx9bjhp3mrp1z5vo,FANTRAX,FANTRAX,FANTRAX,,,,Christos Tzolis
soccerdata:sofascore:16363257,FTX-05O6H,arsenal,chelsea,326413,8.16,4231,ST,,True,3.0,0,0,7,4.0,0,1.0,0,0,0,1,1,3,3,1,2,27,19,observed_or_derived,False,HOME,2026-09-06,mgr:5fdd2f365fdc,Mikel Arteta,3,EXACT_PLAYER_PERIOD_DETAILED,EXACT_PLAYER_MATCH,21.5,12.5,0.0,1,0,0.0,0.0,0,WHOSCORED_SOURCE_SPECIFIC,WHOSCORED_DERIVED_VALIDATED,WHOSCORED_SOURCE_SPECIFIC,WHOSCORED_DERIVED_VALIDATED,WHOSCORED_SOURCE_SPECIFIC,05o6h,21.5,12.5,3.0,4.0,1.0,hpsurdtbmrp1z5vo,FANTRAX,FANTRAX,FANTRAX,0.1984715908765792,0.28745037317276,0.4859219640493392,Kai Havertz
soccerdata:sofascore:16363257,FTX-070HQ,arsenal,chelsea,404832,6.2,4231,,,False,0.0,0,0,0,0.0,1,0.0,2,0,1,0,0,0,0,0,0,13,11,observed_or_derived,False,HOME,2026-09-06,mgr:5fdd2f365fdc,Mikel Arteta,3,NO_DETAILED_FANTRAX_ROW,EXACT_PLAYER_MATCH,1.0,,0.0,0,0,1.0,0.0,0,WHOSCORED_SOURCE_SPECIFIC,WHOSCORED_DERIVED_VALIDATED,WHOSCORED_SOURCE_SPECIFIC,WHOSCORED_DERIVED_VALIDATED,WHOSCORED_SOURCE_SPECIFIC,070hq,1.0,,0.0,,,,WHOSCORED_CURRENT_OBSERVED,WHOSCORED_CURRENT_OBSERVED,WHOSCORED_CURRENT_OBSERVED,0.0,0.0,0.0,Piero Hincapié
soccerdata:sofascore:16363257,FTX-04HK9,arsenal,chelsea,238916,5.9,4231,,,False,0.0,0,0,1,0.0,0,0.0,0,0,0,0,0,0,0,0,0,9,8,observed_or_derived,False,HOME,2026-09-06,mgr:5fdd2f365fdc,Mikel Arteta,3,NO_DETAILED_FANTRAX_ROW,EXACT_PLAYER_MATCH,-2.0,,0.0,0,0,0.0,0.0,0,WHOSCORED_SOURCE_SPECIFIC,WHOSCORED_DERIVED_VALIDATED,WHOSCORED_SOURCE_SPECIFIC,WHOSCORED_DERIVED_VALIDATED,WHOSCORED_SOURCE_SPECIFIC,04hk9,-2.0,,0.0,,,,WHOSCORED_CURRENT_OBSERVED,WHOSCORED_CURRENT_OBSERVED,WHOSCORED_CURRENT_OBSERVED,0.0,0.0,0.0,Mikel Merino
soccerdata:sofascore:16363257,FTX-06Y9Z,arsenal,chelsea,372424,6.39,4231,,,False,0.0,0,0,1,1.0,0,3.0,1,0,1,0,0,1,1,0,3,10,8,observed_or_derived,False,HOME,2026-09-06,mgr:5fdd2f365fdc,Mikel Arteta,3,NO_DETAILED_FANTRAX_ROW,EXACT_PLAYER_MATCH,3.0,,0.0,0,0,0.0,0.0,0,WHOSCORED_SOURCE_SPECIFIC,WHOSCORED_DERIVED_VALIDATED,WHOSCORED_SOURCE_SPECIFIC,WHOSCORED_DERIVED_VALIDATED,WHOSCORED_SOURCE_SPECIFIC,06y9z,3.0,,0.0,,,,WHOSCORED_CURRENT_OBSERVED,WHOSCORED_CURRENT_OBSERVED,WHOSCORED_CURRENT_OBSERVED,0.1103859096765518,0.0,0.1103859096765518,Martín Zubimendi
soccerdata:sofascore:16363257,FTX-04TSB,arsenal,chelsea,362815,5.96,4231,,,False,0.0,0,0,0,0.0,0,0.0,0,1,0,0,0,0,0,0,1,3,2,observed_or_derived,False,HOME,2026-09-06,mgr:5fdd2f365fdc,Mikel Arteta,3,EXACT_PLAYER_PERIOD_DETAILED,EXACT_PLAYER_MATCH,0.0,0.0,0.0,0,0,0.0,0.0,0,WHOSCORED_SOURCE_SPECIFIC,WHOSCORED_DERIVED_VALIDATED,WHOSCORED_SOURCE_SPECIFIC,WHOSCORED_DERIVED_VALIDATED,WHOSCORED_SOURCE_SPECIFIC,04tsb,0.0,0.0,0.0,0.0,0.0,h1vdt8ynmrp1z5vp,FANTRAX,FANTRAX,FANTRAX,0.0,0.0,0.0,Viktor Gyökeres
soccerdata:sofascore:16363257,FTX-068N8,arsenal,chelsea,389935,6.08,4231,,,False,0.0,1,0,0,0.0,1,0.0,0,0,0,0,0,0,0,0,0,3,3,observed_or_derived,False,HOME,2026-09-06,mgr:5fdd2f365fdc,Mikel Arteta,3,NO_DETAILED_FANTRAX_ROW,EXACT_PLAYER_MATCH,0.0,,0.0,0,0,1.0,0.0,0,WHOSCORED_SOURCE_SPECIFIC,WHOSCORED_DERIVED_VALIDATED,WHOSCORED_SOURCE_SPECIFIC,WHOSCORED_DERIVED_VALIDATED,WHOSCORED_SOURCE_SPECIFIC,068n8,0.0,,0.0,,,,WHOSCORED_CURRENT_OBSERVED,WHOSCORED_CURRENT_OBSERVED,WHOSCORED_CURRENT_OBSERVED,0.0,0.0,0.0,Noni Madueke
soccerdata:sofascore:16363257,FTX-05YLJ,arsenal,chelsea,338780,,4231,,,False,0.0,0,0,0,0.0,0,0.0,0,0,0,0,0,0,0,0,0,0,0,observed_or_derived,False,HOME,2026-09-06,mgr:5fdd2f365fdc,Mikel Arteta,3,EXACT_PLAYER_PERIOD_DETAILED,UNRESOLVED,0.0,,0.0,0,0,0.0,0.0,0,WHOSCORED_SOURCE_SPECIFIC,WHOSCORED_DERIVED_VALIDATED,WHOSCORED_SOURCE_SPECIFIC,WHOSCORED_DERIVED_VALIDATED,WHOSCORED_SOURCE_SPECIFIC,05ylj,0.0,,0.0,0.0,0.0,acjx0vg4mrp1z5vo,FANTRAX,FANTRAX,FANTRAX,,,,Bruno Guimarães
soccerdata:sofascore:16363257,FTX-04U40,arsenal,chelsea,113880,,4231,,,False,0.0,0,0,0,0.0,0,0.0,0,0,0,0,0,0,0,0,0,0,0,observed_or_derived,False,HOME,2026-09-06,mgr:5fdd2f365fdc,Mikel Arteta,3,NO_DETAILED_FANTRAX_ROW,UNRESOLVED,0.0,,0.0,0,0,0.0,0.0,0,WHOSCORED_SOURCE_SPECIFIC,WHOSCORED_DERIVED_VALIDATED,WHOSCORED_SOURCE_SPECIFIC,WHOSCORED_DERIVED_VALIDATED,WHOSCORED_SOURCE_SPECIFIC,04u40,0.0,,,,,,WHOSCORED_CURRENT_OBSERVED,WHOSCORED_CURRENT_OBSERVED,WHOSCORED_CURRENT_OBSERVED,,,,Kepa Arrizabalaga
soccerdata:sofascore:16363257,FTX-05NT6,arsenal,chelsea,332403,,4231,,,False,0.0,0,0,0,0.0,0,0.0,0,0,0,0,0,0,0,0,0,0,0,observed_or_derived,False,HOME,2026-09-06,mgr:5fdd2f365fdc,Mikel Arteta,3,EXACT_PLAYER_PERIOD_DETAILED,UNRESOLVED,0.0,,0.0,0,0,0.0,0.0,0,WHOSCORED_SOURCE_SPECIFIC,WHOSCORED_DERIVED_VALIDATED,WHOSCORED_SOURCE_SPECIFIC,WHOSCORED_DERIVED_VALIDATED,WHOSCORED_SOURCE_SPECIFIC,05nt6,0.0,,0.0,0.0,0.0,h1vdt8ynmrp1z5vp,FANTRAX,FANTRAX,FANTRAX,,,,Eberechi Eze
soccerdata:sofascore:16363257,FTX-06ZBP,arsenal,chelsea,571994,,4231,,,False,0.0,0,0,0,0.0,0,0.0,0,0,0,0,0,0,0,0,0,0,0,observed_or_derived,False,HOME,2026-09-06,mgr:5fdd2f365fdc,Mikel Arteta,3,NO_DETAILED_FANTRAX_ROW,UNRESOLVED,0.0,,0.0,0,0,0.0,0.0,0,WHOSCORED_SOURCE_SPECIFIC,WHOSCORED_DERIVED_VALIDATED,WHOSCORED_SOURCE_SPECIFIC,WHOSCORED_DERIVED_VALIDATED,WHOSCORED_SOURCE_SPECIFIC,06zbp,0.0,,,,,,WHOSCORED_CURRENT_OBSERVED,WHOSCORED_CURRENT_OBSERVED,WHOSCORED_CURRENT_OBSERVED,,,,Max Dowman
soccerdata:sofascore:16363257,FTX-02LZ0,chelsea,arsenal,102248,7.44,3421,GK,,True,0.0,0,0,0,0.0,0,0.0,0,1,0,0,0,0,0,0,0,40,22,observed_or_derived,False,AWAY,2026-09-06,mgr:84bddcc0c0d7,Xabi Alonso,3,EXACT_PLAYER_PERIOD_DETAILED,EXACT_PLAYER_MATCH,15.0,15.0,0.0,0,0,0.0,0.0,0,WHOSCORED_SOURCE_SPECIFIC,WHOSCORED_DERIVED_VALIDATED,WHOSCORED_SOURCE_SPECIFIC,WHOSCORED_DERIVED_VALIDATED,WHOSCORED_SOURCE_SPECIFIC,02lz0,15.0,15.0,0.0,0.0,0.0,aup99ojzmrp1z5vp,FANTRAX,FANTRAX,FANTRAX,0.0,0.0,0.0,Emiliano Martínez
soccerdata:sofascore:16363257,FTX-05OPL,chelsea,arsenal,373946,7.14,3421,CB,,True,2.0,1,0,1,1.0,3,2.0,10,3,0,0,0,0,0,0,5,48,44,observed_or_derived,False,AWAY,2026-09-06,mgr:84bddcc0c0d7,Xabi Alonso,3,NO_DETAILED_FANTRAX_ROW,EXACT_PLAYER_MATCH,14.0,,0.0,0,0,3.0,3.0,0,WHOSCORED_SOURCE_SPECIFIC,WHOSCORED_DERIVED_VALIDATED,WHOSCORED_SOURCE_SPECIFIC,WHOSCORED_DERIVED_VALIDATED,WHOSCORED_SOURCE_SPECIFIC,05opl,14.0,,2.0,,,,WHOSCORED_CURRENT_OBSERVED,WHOSCORED_CURRENT_OBSERVED,WHOSCORED_CURRENT_OBSERVED,0.0,0.0281393062323331,0.0281393062323331,Wesley Fofana
soccerdata:sofascore:16363257,FTX-06PIA,chelsea,arsenal,401130,6.73,3421,CB,,True,0.0,0,0,5,3.0,2,1.0,6,2,1,0,0,0,0,0,1,48,43,observed_or_derived,False,AWAY,2026-09-06,mgr:84bddcc0c0d7,Xabi Alonso,3,EXACT_PLAYER_PERIOD_DETAILED,EXACT_PLAYER_MATCH,6.0,6.0,0.0,0,0,2.0,1.0,0,WHOSCORED_SOURCE_SPECIFIC,WHOSCORED_DERIVED_VALIDATED,WHOSCORED_SOURCE_SPECIFIC,WHOSCORED_DERIVED_VALIDATED,WHOSCORED_SOURCE_SPECIFIC,06pia,6.0,6.0,0.0,3.0,1.0,qwkltl98mrp1z5vp,FANTRAX,FANTRAX,FANTRAX,0.0,0.0,0.0,Maxence Lacroix
soccerdata:sofascore:16363257,FTX-06KWP,chelsea,arsenal,518604,5.76,3421,CB,,True,0.0,0,0,1,0.0,0,0.0,2,1,0,1,0,0,0,0,1,18,14,observed_or_derived,False,AWAY,2026-09-06,mgr:84bddcc0c0d7,Xabi Alonso,3,NO_DETAILED_FANTRAX_ROW,EXACT_PLAYER_MATCH,-1.5,,0.0,0,0,0.0,0.0,0,WHOSCORED_SOURCE_SPECIFIC,WHOSCORED_DERIVED_VALIDATED,WHOSCORED_SOURCE_SPECIFIC,WHOSCORED_DERIVED_VALIDATED,WHOSCORED_SOURCE_SPECIFIC,06kwp,-1.5,,0.0,,,,WHOSCORED_CURRENT_OBSERVED,WHOSCORED_CURRENT_OBSERVED,WHOSCORED_CURRENT_OBSERVED,0.0,0.0,0.0,Josh Acheampong
soccerdata:sofascore:16363257,FTX-056IY,chelsea,arsenal,337916,6.72,3421,RWB,,True,2.0,3,1,2,1.0,1,2.0,0,4,0,5,0,1,0,0,1,27,18,observed_or_derived,False,AWAY,2026-09-06,mgr:84bddcc0c0d7,Xabi Alonso,3,EXACT_PLAYER_PERIOD_DETAILED,EXACT_PLAYER_MATCH,8.0,8.0,0.0,5,0,1.0,1.0,0,WHOSCORED_SOURCE_SPECIFIC,WHOSCORED_DERIVED_VALIDATED,WHOSCORED_SOURCE_SPECIFIC,WHOSCORED_DERIVED_VALIDATED,WHOSCORED_SOURCE_SPECIFIC,056iy,8.0,8.0,2.0,1.0,2.0,61fz0pmkmrp1z5vo,FANTRAX,FANTRAX,FANTRAX,0.0978277698159217,0.0623527429997921,0.1601805128157138,Pedro Neto
soccerdata:sofascore:16363257,FTX-06ZQQ,chelsea,arsenal,467715,6.95,3421,LWB,,True,1.0,0,0,3,2.0,2,0.0,3,2,1,1,0,0,0,0,1,17,13,observed_or_derived,False,AWAY,2026-09-06,mgr:84bddcc0c0d7,Xabi Alonso,3,NO_DETAILED_FANTRAX_ROW,EXACT_PLAYER_MATCH,12.0,,0.0,0,0,2.0,0.0,1,WHOSCORED_SOURCE_SPECIFIC,WHOSCORED_DERIVED_VALIDATED,WHOSCORED_SOURCE_SPECIFIC,WHOSCORED_DERIVED_VALIDATED,WHOSCORED_SOURCE_SPECIFIC,06zqq,12.0,,1.0,,,,WHOSCORED_CURRENT_OBSERVED,WHOSCORED_CURRENT_OBSERVED,WHOSCORED_CURRENT_OBSERVED,0.0,0.0366709716618061,0.0366709716618061,Jorrel Hato
soccerdata:sofascore:16363257,FTX-05UNU,chelsea,arsenal,425319,6.28,3421,CM,,True,0.0,1,0,1,1.0,1,1.0,1,3,1,0,0,0,0,0,3,27,24,observed_or_derived,False,AWAY,2026-09-06,mgr:84bddcc0c0d7,Xabi Alonso,3,NO_DETAILED_FANTRAX_ROW,EXACT_PLAYER_MATCH,2.0,,0.0,0,0,1.0,0.0,0,WHOSCORED_SOURCE_SPECIFIC,WHOSCORED_DERIVED_VALIDATED,WHOSCORED_SOURCE_SPECIFIC,WHOSCORED_DERIVED_VALIDATED,WHOSCORED_SOURCE_SPECIFIC,05unu,2.0,,0.0,,,,WHOSCORED_CURRENT_OBSERVED,WHOSCORED_CURRENT_OBSERVED,WHOSCORED_CURRENT_OBSERVED,0.0,0.0,0.0,Roméo Lavia
soccerdata:sofascore:16363257,FTX-051K7,chelsea,arsenal,361330,6.53,3421,CM,,True,1.0,1,0,2,2.0,0,0.0,3,6,0,4,0,3,3,0,3,51,44,observed_or_derived,False,AWAY,2026-09-06,mgr:84bddcc0c0d7,Xabi Alonso,3,EXACT_PLAYER_PERIOD_DETAILED,EXACT_PLAYER_MATCH,5.5,5.5,0.0,4,0,0.0,0.0,0,WHOSCORED_SOURCE_SPECIFIC,WHOSCORED_DERIVED_VALIDATED,WHOSCORED_SOURCE_SPECIFIC,WHOSCORED_DERIVED_VALIDATED,WHOSCORED_SOURCE_SPECIFIC,051k7,5.5,5.5,1.0,2.0,0.0,cjn4stydmrp1z5vp,FANTRAX,FANTRAX,FANTRAX,0.0598304159939289,0.0162631962448358,0.0760936122387647,Reece James
soccerdata:sofascore:16363257,FTX-05UHT,chelsea,arsenal,362824,6.99,3421,CAM,,True,1.0,2,1,5,1.0,0,0.0,0,5,1,0,0,3,1,1,2,29,21,observed_or_derived,False,AWAY,2026-09-06,mgr:84bddcc0c0d7,Xabi Alonso,3,EXACT_PLAYER_PERIOD_DETAILED,EXACT_PLAYER_MATCH,12.5,3.5,0.0,0,0,0.0,0.0,0,WHOSCORED_SOURCE_SPECIFIC,WHOSCORED_DERIVED_VALIDATED,WHOSCORED_SOURCE_SPECIFIC,WHOSCORED_DERIVED_VALIDATED,WHOSCORED_SOURCE_SPECIFIC,05uht,12.5,3.5,1.0,1.0,0.0,hpsurdtbmrp1z5vo,FANTRAX,FANTRAX,FANTRAX,0.1093445867300033,0.0378369092941284,0.1471814960241317,Morgan Rogers
soccerdata:sofascore:16363257,FTX-05L8Q,chelsea,arsenal,395692,6.22,3421,CAM,,True,1.0,0,0,0,0.0,0,0.0,0,3,1,0,0,3,2,0,3,47,39,observed_or_derived,False,AWAY,2026-09-06,mgr:84bddcc0c0d7,Xabi Alonso,3,EXACT_PLAYER_PERIOD_DETAILED,EXACT_PLAYER_MATCH,3.0,3.0,0.0,0,0,0.0,0.0,0,WHOSCORED_SOURCE_SPECIFIC,WHOSCORED_DERIVED_VALIDATED,WHOSCORED_SOURCE_SPECIFIC,WHOSCORED_DERIVED_VALIDATED,WHOSCORED_SOURCE_SPECIFIC,05l8q,3.0,3.0,1.0,0.0,0.0,acjx0vg4mrp1z5vo,FANTRAX,FANTRAX,FANTRAX,0.0793288126587867,0.0296902749687433,0.10901908762753,Cole Palmer
soccerdata:sofascore:16363257,FTX-05G2O,chelsea,arsenal,373525,6.18,3421,ST,,True,2.0,1,0,8,4.0,0,0.0,0,1,2,1,1,1,0,0,8,20,14,observed_or_derived,False,AWAY,2026-09-06,mgr:84bddcc0c0d7,Xabi Alonso,3,EXACT_PLAYER_PERIOD_DETAILED,EXACT_PLAYER_MATCH,4.5,4.5,0.0,1,1,0.0,0.0,0,WHOSCORED_SOURCE_SPECIFIC,WHOSCORED_DERIVED_VALIDATED,WHOSCORED_SOURCE_SPECIFIC,WHOSCORED_DERIVED_VALIDATED,WHOSCORED_SOURCE_SPECIFIC,05g2o,4.5,4.5,2.0,4.0,0.0,qwkltl98mrp1z5vp,FANTRAX,FANTRAX,FANTRAX,0.0162631962448358,0.1571620106697082,0.173425206914544,João Pedro
soccerdata:sofascore:16363257,FTX-06CLZ,chelsea,arsenal,403850,6.26,3421,,,False,0.0,0,0,1,1.0,2,0.0,0,2,0,3,0,1,0,0,0,21,16,observed_or_derived,False,AWAY,2026-09-06,mgr:84bddcc0c0d7,Xabi Alonso,3,NO_DETAILED_FANTRAX_ROW,EXACT_PLAYER_MATCH,2.0,,0.0,3,0,2.0,1.0,0,WHOSCORED_SOURCE_SPECIFIC,WHOSCORED_DERIVED_VALIDATED,WHOSCORED_SOURCE_SPECIFIC,WHOSCORED_DERIVED_VALIDATED,WHOSCORED_SOURCE_SPECIFIC,06clz,2.0,,0.0,,,,WHOSCORED_CURRENT_OBSERVED,WHOSCORED_CURRENT_OBSERVED,WHOSCORED_CURRENT_OBSERVED,0.0382228009402751,0.0,0.0382228009402751,Malo Gusto
soccerdata:sofascore:16363257,FTX-078LE,chelsea,arsenal,448468,6.11,3421,,,False,0.0,0,0,0,0.0,1,1.0,0,1,0,1,0,0,0,0,1,14,9,observed_or_derived,False,AWAY,2026-09-06,mgr:84bddcc0c0d7,Xabi Alonso,3,NO_DETAILED_FANTRAX_ROW,EXACT_PLAYER_MATCH,1.0,,0.0,1,0,1.0,0.0,0,WHOSCORED_SOURCE_SPECIFIC,WHOSCORED_DERIVED_VALIDATED,WHOSCORED_SOURCE_SPECIFIC,WHOSCORED_DERIVED_VALIDATED,WHOSCORED_SOURCE_SPECIFIC,078le,1.0,,0.0,,,,WHOSCORED_CURRENT_OBSERVED,WHOSCORED_CURRENT_OBSERVED,WHOSCORED_CURRENT_OBSERVED,0.0,0.0,0.0,Pep Chavarría
soccerdata:sofascore:16363257,FTX-02LNX,chelsea,arsenal,39308,5.97,3421,,,False,0.0,0,0,0,0.0,0,0.0,0,0,0,0,0,0,0,0,0,1,1,observed_or_derived,False,AWAY,2026-09-06,mgr:84bddcc0c0d7,Xabi Alonso,3,NO_DETAILED_FANTRAX_ROW,EXACT_PLAYER_MATCH,0.0,,0.0,0,0,0.0,0.0,0,WHOSCORED_SOURCE_SPECIFIC,WHOSCORED_DERIVED_VALIDATED,WHOSCORED_SOURCE_SPECIFIC,WHOSCORED_DERIVED_VALIDATED,WHOSCORED_SOURCE_SPECIFIC,02lnx,0.0,,0.0,,,,WHOSCORED_CURRENT_OBSERVED,WHOSCORED_CURRENT_OBSERVED,WHOSCORED_CURRENT_OBSERVED,0.0,0.0,0.0,Danny Welbeck
soccerdata:sofascore:16363257,FTX-06YXE,chelsea,arsenal,510728,6.17,3421,,,False,0.0,0,0,0,0.0,0,0.0,0,0,0,0,0,1,1,0,0,5,4,observed_or_derived,False,AWAY,2026-09-06,mgr:84bddcc0c0d7,Xabi Alonso,3,NO_DETAILED_FANTRAX_ROW,EXACT_PLAYER_MATCH,2.0,,0.0,0,0,0.0,0.0,0,WHOSCORED_SOURCE_SPECIFIC,WHOSCORED_DERIVED_VALIDATED,WHOSCORED_SOURCE_SPECIFIC,WHOSCORED_DERIVED_VALIDATED,WHOSCORED_SOURCE_SPECIFIC,06yxe,2.0,,0.0,,,,WHOSCORED_CURRENT_OBSERVED,WHOSCORED_CURRENT_OBSERVED,WHOSCORED_CURRENT_OBSERVED,0.0296902749687433,0.0,0.0296902749687433,Estêvão
soccerdata:sofascore:16363257,FTX-06J20,chelsea,arsenal,419341,,3421,,,False,0.0,0,0,0,0.0,0,0.0,0,0,0,0,0,0,0,0,0,0,0,observed_or_derived,False,AWAY,2026-09-06,mgr:84bddcc0c0d7,Xabi Alonso,3,NO_DETAILED_FANTRAX_ROW,UNRESOLVED,0.0,,0.0,0,0,0.0,0.0,0,WHOSCORED_SOURCE_SPECIFIC,WHOSCORED_DERIVED_VALIDATED,WHOSCORED_SOURCE_SPECIFIC,WHOSCORED_DERIVED_VALIDATED,WHOSCORED_SOURCE_SPECIFIC,06j20,0.0,,,,,,WHOSCORED_CURRENT_OBSERVED,WHOSCORED_CURRENT_OBSERVED,WHOSCORED_CURRENT_OBSERVED,,,,Valentín Barco
soccerdata:sofascore:16363257,FTX-06UZT,chelsea,arsenal,429427,,3421,,,False,0.0,0,0,0,0.0,0,0.0,0,0,0,0,0,0,0,0,0,0,0,observed_or_derived,False,AWAY,2026-09-06,mgr:84bddcc0c0d7,Xabi Alonso,3,NO_DETAILED_FANTRAX_ROW,UNRESOLVED,0.0,,0.0,0,0,0.0,0.0,0,WHOSCORED_SOURCE_SPECIFIC,WHOSCORED_DERIVED_VALIDATED,WHOSCORED_SOURCE_SPECIFIC,WHOSCORED_DERIVED_VALIDATED,WHOSCORED_SOURCE_SPECIFIC,06uzt,0.0,,,,,,WHOSCORED_CURRENT_OBSERVED,WHOSCORED_CURRENT_OBSERVED,WHOSCORED_CURRENT_OBSERVED,,,,Mike Penders
soccerdata:sofascore:16363257,pr_99201178801a0253,chelsea,arsenal,509068,,3421,,,False,0.0,0,0,0,0.0,0,0.0,0,0,0,0,0,0,0,0,0,0,0,observed_or_derived,False,AWAY,2026-09-06,mgr:84bddcc0c0d7,Xabi Alonso,3,NO_DETAILED_FANTRAX_ROW,UNRESOLVED,0.0,,0.0,0,0,0.0,0.0,0,WHOSCORED_SOURCE_SPECIFIC,WHOSCORED_DERIVED_VALIDATED,WHOSCORED_SOURCE_SPECIFIC,WHOSCORED_DERIVED_VALIDATED,WHOSCORED_SOURCE_SPECIFIC,076kf,0.0,,,,,,WHOSCORED_CURRENT_OBSERVED,WHOSCORED_CURRENT_OBSERVED,WHOSCORED_CURRENT_OBSERVED,,,,Geovany Quenda
soccerdata:sofascore:16363257,FTX-06Y9N,chelsea,arsenal,436425,,3421,,,False,0.0,0,0,0,0.0,0,0.0,0,0,0,0,0,0,0,0,0,0,0,observed_or_derived,False,AWAY,2026-09-06,mgr:84bddcc0c0d7,Xabi Alonso,3,NO_DETAILED_FANTRAX_ROW,UNRESOLVED,0.0,,0.0,0,0,0.0,0.0,0,WHOSCORED_SOURCE_SPECIFIC,WHOSCORED_DERIVED_VALIDATED,WHOSCORED_SOURCE_SPECIFIC,WHOSCORED_DERIVED_VALIDATED,WHOSCORED_SOURCE_SPECIFIC,06y9n,0.0,,,,,,WHOSCORED_CURRENT_OBSERVED,WHOSCORED_CURRENT_OBSERVED,WHOSCORED_CURRENT_OBSERVED,,,,Jamie Gittens
soccerdata:sofascore:16363257,FTX-062P5,chelsea,arsenal,421351,,3421,,,False,0.0,0,0,0,0.0,0,0.0,0,0,0,0,0,0,0,0,0,0,0,observed_or_derived,False,AWAY,2026-09-06,mgr:84bddcc0c0d7,Xabi Alonso,3,NO_DETAILED_FANTRAX_ROW,UNRESOLVED,0.0,,0.0,0,0,0.0,0.0,0,WHOSCORED_SOURCE_SPECIFIC,WHOSCORED_DERIVED_VALIDATED,WHOSCORED_SOURCE_SPECIFIC,WHOSCORED_DERIVED_VALIDATED,WHOSCORED_SOURCE_SPECIFIC,062p5,0.0,,,,,,WHOSCORED_CURRENT_OBSERVED,WHOSCORED_CURRENT_OBSERVED,WHOSCORED_CURRENT_OBSERVED,,,,Levi Colwill
