overall_pick,round,pick_in_round,draft_slot,manager,drafted_player,drafted_position,drafted_club,Draft Label,fantrax_player_id,player_name,team_2627,position_2627,fantrax_position_eligibility,adp,fantrax_overall_rank,fantrax_adp_rank,projected_points,fantrax_projected_ppg,drafted_pct,rostered_pct,fantrax_ros_pct,fantrax_plus_minus_pct,fantrax_status,opening_opponent,player_name_key,is_free_agent,is_draft_eligible,draft_eligibility_status,registry_player_id,fpl_player_id,historical_player_id,canonical_name,fpl_name,current_team,current_team_code,current_position,active_epl,availability_status,injury_news,historical_team,historical_position,registry_status,match_method,identity_confidence,source,last_verified,historical_fantrax_player_id,eligibility_source,squad_match_method,current_epl_team,eligibility_reason,eligibility_override,historical_name,team_2526,position_2526,weeks_available,minutes_2526,starts_2526,total_fantasy_points,ghost_points,goals_2526,assists_2526,xg,xa,understat_npxg_2526,understat_key_passes_2526,understat_minutes_2526,understat_player_id,recent_minutes_6,recent_starts_6,recent_fp_6,fantasy_ppg_2526,ghost_ppg_2526,fantasy_fp90_2526,xgi90_2526,historical_start_rate,recent_start_rate_6,has_historical_identity,has_historical_data,historical_match_status,historical_match_method,historical_match_confidence,ghost_points_2526_authoritative,ghost_ppg_2526_authoritative,ghost_appearances_2526,ghost_source_fantasy_points_2526,ghost_fp90_2526,ghost_share_pct_2526,team_attack_rating,team_defense_rating,team_strength_rating,fixture_ease_next_3,fixture_ease_next_5,fixture_ease_next_10,projected_minutes_share,minutes_outlook,minutes_confidence,team_changed,production_score,ghost_score,attacking_score,minutes_score,team_context_score,fixture_score,draft_score,data_confidence,draft_rank,tier,value_vs_adp,adp_status,player,club,fantrax_position,canonical_position,points_per_appearance,points_per_start,points_per_90,ghost_per_appearance,ghost_per_start,ghost_per_90,historical_minutes_share,xgi,xg_per_90,xa_per_90,xgi_per_90,team_strength_percentile,fixture_ease_percentile,pick_vs_adp,pick_vs_draft_rank,rounds_ahead_of_adp,rounds_after_adp,draft_value_label,position_group,manager_pick_number,manager_round
1,1,1,1,Pot Splashers,Bruno Fernandes,"M,F",MUN,1-1,05gcr,Bruno Fernandes,MUN,M,M,1.9,2.0,1.9,459.0,14.34,100.0,,100,0.0,FA,@HUL Sat 6:30AM,bruno fernandes,False,True,Matched eligible,pr_f442ad7acde27aaf,426.0,05gcr,Bruno Borges Fernandes,Bruno Borges Fernandes,Man Utd,MUN,M,True,a,,MUN,"M,F",Confirmed,Ordered Token Expanded Name,85.0,Official FPL API,2026-07-30T01:09:03.040438+00:00,05gcr,Player Registry,Ordered Token Expanded Name,MUN,Confirmed,False,Bruno Fernandes,MUN,"M,F",38.0,3061.0,35.0,675.5,449.5,9.0,24.0,11.931805820204316,17.75713463127613,0.0,137.0,3082.0,1228.0,538.0,6.0,131.0,17.776315789473685,11.829,19.861156484808888,0.8669710060458276,0.9210526315789472,1.0,True,True,matched by historical Fantrax ID,normalized Fantrax ID,1.0,449.5,11.829,38.0,675.5,13.21626919307416,66.54330125832718,90.6,59.4,72.4,44.06666666666666,49.54,46.89,94.1,Locked Starter,90,False,99.9,99.8,97.1,94.1,83.8,84.0,95.09,95.5,1.0,Tier 1,0.8999999999999999,Near market,Bruno Fernandes,MUN,M,M,17.776315789473685,19.3,19.861156484808884,11.828947368421053,12.842857142857143,13.216269193074158,89.50292397660819,29.68894045148045,0.3508208179739916,0.5220980453495105,0.8729188633235022,68.91025641025641,82.54437869822485,0.8999999999999999,0.0,-0.0,0.075,Fair Value,M,1,1
2,1,2,2,tpem,E. Haaland,F,MCI,1-2,061vq,Erling Haaland,MCI,F,F,1.6,107.0,1.6,252.5,8.42,100.0,,100,0.0,FA,BOU Sun 8:00AM,erling haaland,False,True,Matched eligible,pr_64e2084ca1afac52,411.0,061vq,Erling Haaland,Erling Haaland,Man City,MCI,F,True,a,,MCI,F,Confirmed,Exact Name + Club,95.0,Official FPL API,2026-07-30T01:09:03.040438+00:00,061vq,Player Registry,Exact Name + Club,MCI,Confirmed,False,Erling Haaland,MCI,F,38.0,2950.0,34.0,529.0,238.0,27.0,8.0,28.795336209237576,5.507687093690038,0.0,25.0,2979.0,8260.0,450.0,5.0,84.0,13.921052631578949,6.263,16.138983050847457,1.0363451148920728,0.8947368421052632,0.8333333333333334,True,True,matched by historical Fantrax ID,normalized Fantrax ID,1.0,238.0,6.263,38.0,529.0,7.261016949152543,44.99054820415879,98.2,94.1,96.1,43.93333333333333,42.42,45.38,85.7,Locked Starter,90,False,98.8,82.3,98.7,85.7,96.2,30.3,86.57,95.5,3.0,Tier 1,-1.4,Near market,Erling Haaland,MCI,F,F,13.921052631578947,15.558823529411764,16.138983050847457,6.2631578947368425,7.0,7.261016949152542,86.25730994152046,34.30302330292761,0.8785017826547057,0.16803113167189945,1.0465329143266051,95.1923076923077,31.65680473372781,-0.3999999999999999,1.0,0.033333333333333326,0.0,Fair Value,F,1,1
3,1,3,3,Robertske,B. Saka,"M,F",ARS,1-3,04y92,Bukayo Saka,ARS,M,"M,F",2.9,1.0,2.9,462.0,14.9,100.0,,100,0.0,FA,COV Fri 2:00PM,bukayo saka,False,True,Matched eligible,pr_349e8b56152838e2,12.0,04y92,Bukayo Saka,Bukayo Saka,Arsenal,ARS,M,True,a,,ARS,"M,F",Confirmed,Exact Name + Club,95.0,Official FPL API,2026-07-30T01:09:03.040438+00:00,04y92,Player Registry,Exact Name + Club,ARS,Confirmed,False,Bukayo Saka,ARS,"M,F",38.0,2212.0,25.0,435.5,304.5,7.0,10.0,8.701195661909876,8.552797641605139,0.0,62.0,2239.0,7322.0,223.0,3.0,52.0,11.460526315789474,8.013,17.719258589511753,0.6935504230979684,0.6578947368421053,0.5,True,True,matched by historical Fantrax ID,normalized Fantrax ID,1.0,304.5,8.013,38.0,435.5,12.389240506329116,69.91963260619977,86.2,100.0,90.6,40.0,43.64,45.32000000000001,56.4,Likely Rotation,90,False,98.3,92.5,92.9,56.4,84.0,52.3,82.19,95.5,11.0,Tier 1,-8.1,Reach,Bukayo Saka,ARS,"M,F",M,11.460526315789474,17.42,17.719258589511753,8.013157894736842,12.18,12.389240506329113,64.6783625730994,17.253993303515017,0.3540269482693892,0.3479890541340246,0.7020160024034139,85.25641025641025,52.662721893491124,-0.10000000000000009,8.0,0.00833333333333334,0.0,Fair Value,M,1,1
4,1,4,4,Count Doku,A. Semenyo,"M,F",MCI,1-4,068y0,Antoine Semenyo,MCI,M,"M,F",5.0,75.0,5.0,271.0,9.03,100.0,,100,0.0,FA,BOU Sun 8:00AM,antoine semenyo,False,True,Matched eligible,pr_3983246d44ca60b7,397.0,068y0,Antoine Semenyo,Antoine Semenyo,Man City,MCI,M,True,a,,BOU/MCI,"M,F",Transferred,Exact Name + Club,95.0,Official FPL API,2026-07-30T01:09:03.040438+00:00,068y0,Player Registry,Exact Name + Club,MCI,Transferred,False,Antoine Semenyo,BOU/MCI,"M,F",38.0,3190.0,37.0,457.5,264.5,17.0,6.0,12.836786897853017,4.130169393494724,0.0,38.0,3220.0,11363.0,517.0,7.0,55.0,12.039473684210526,6.961,12.907523510971789,0.4742316975842535,0.9736842105263158,1.1666666666666667,True,True,matched by historical Fantrax ID,normalized Fantrax ID,1.0,264.5,6.961,38.0,457.5,7.462382445141065,57.81420765027322,98.2,94.1,96.1,43.93333333333333,42.42,45.38,87.5,Locked Starter,75,True,93.8,88.1,81.2,87.5,96.2,30.3,83.69,88.8,9.0,Tier 1,-4.0,Near market,Antoine Semenyo,MCI,"M,F",M,12.039473684210526,12.364864864864865,12.907523510971787,6.9605263157894735,7.148648648648648,7.462382445141066,93.27485380116958,16.966956291347742,0.36216640150682494,0.116525155302359,0.47869155680918396,95.1923076923077,31.65680473372781,1.0,5.0,-0.0,0.08333333333333333,Fair Value,M,1,1
5,1,5,5,KindComet,D. Szoboszlai,"D,M",LIV,1-5,06cmm,Dominik Szoboszlai,LIV,M,"D,M",5.8,7.0,5.8,385.0,12.03,100.0,,100,0.0,FA,@NEW Sun 10:30AM,dominik szoboszlai,False,True,Matched eligible,pr_fab432a2d50fcc13,368.0,06cmm,Dominik Szoboszlai,Dominik Szoboszlai,Liverpool,LIV,M,True,a,,LIV,"D,M",Confirmed,Exact Name + Club,95.0,Official FPL API,2026-07-30T01:09:03.040438+00:00,06cmm,Player Registry,Exact Name + Club,LIV,Confirmed,False,Dominik Szoboszlai,LIV,"D,M",38.0,3232.0,36.0,468.0,363.0,6.0,7.0,4.724170769564807,8.835168853402136,0.0,78.0,3236.0,9788.0,540.0,6.0,96.0,12.31578947368421,9.553,13.032178217821782,0.377113895570774,0.9473684210526316,1.0,True,True,matched by historical Fantrax ID,normalized Fantrax ID,1.0,363.0,9.553,38.0,468.0,10.10829207920792,77.56410256410257,83.8,61.5,74.8,46.4,49.71999999999999,50.39,96.7,Locked Starter,90,False,94.7,97.9,72.2,96.7,77.2,90.1,90.0,95.5,2.0,Tier 1,3.8,Near market,Dominik Szoboszlai,LIV,"D,M",M,12.31578947368421,13.0,13.032178217821782,9.552631578947368,10.083333333333334,10.10829207920792,94.50292397660819,13.559339622966943,0.13155178504357445,0.24602883564548028,0.37758062068905474,76.28205128205127,89.3491124260355,0.7999999999999998,-3.0,-0.0,0.06666666666666665,Fair Value,M,1,1
6,1,6,6,Berkshire's Club,M. Gibbs-White,M,NOT,1-6,04qr9,Morgan Gibbs-White,NOT,M,M,11.6,72.0,11.6,274.5,8.32,100.0,,99,0.0,FA,LEE Sat 9:00AM,morgan gibbs white,False,True,Matched eligible,pr_883d69414747a1f0,480.0,04qr9,Morgan Gibbs-White,Morgan Gibbs-White,Nott'm Forest,NOT,M,True,a,,NOT,M,Confirmed,Exact Name + Club,95.0,Official FPL API,2026-07-30T01:09:03.040438+00:00,04qr9,Player Registry,Exact Name + Club,NOT,Confirmed,False,Morgan Gibbs-White,NOT,M,38.0,3095.0,35.0,422.5,250.5,15.0,4.0,11.671697720885277,4.504465857520699,0.0,48.0,3142.0,6857.0,379.0,4.0,111.0,11.11842105263158,6.592,12.2859450726979,0.4633528714374723,0.9210526315789472,0.6666666666666666,True,True,matched by historical Fantrax ID,normalized Fantrax ID,1.0,250.5,6.592,38.0,422.5,7.284329563812601,59.289940828402365,39.9,34.4,37.8,48.333333333333336,45.36,43.16,82.3,Likely Starter,90,False,90.4,83.7,81.0,82.3,43.2,66.2,79.23,95.5,19.0,Tier 2,-7.4,Near market,Morgan Gibbs-White,NOT,M,M,11.118421052631579,12.071428571428571,12.285945072697901,6.592105263157895,7.1571428571428575,7.2843295638126015,90.49707602339181,16.176163578405976,0.33940316474302906,0.13098608309430143,0.47038924783733055,36.858974358974365,67.75147928994083,5.6,13.0,-0.0,0.4666666666666666,Fair Value,M,1,1
7,1,7,7,yudesh,C. Palmer,M,CHE,1-7,05l8q,Cole Palmer,CHE,M,M,15.7,113.0,15.7,248.5,8.28,100.0,,100,0.0,FA,@FUL Mon 2:00PM,cole palmer,False,True,Matched eligible,pr_2713ca67fce06b42,154.0,05l8q,Cole Palmer,Cole Palmer,Chelsea,CHE,M,True,a,,CHE,M,Confirmed,Exact Name + Club,95.0,Official FPL API,2026-07-30T01:09:03.040438+00:00,05l8q,Player Registry,Exact Name + Club,CHE,Confirmed,False,Cole Palmer,CHE,M,38.0,1951.0,24.0,233.5,125.5,10.0,2.0,10.257518742233511,2.1231346298009157,0.0,24.0,2007.0,8497.0,448.0,5.0,20.5,6.144736842105263,3.303,10.771399282419273,0.5551862498670147,0.631578947368421,0.8333333333333334,True,True,matched by historical Fantrax ID,normalized Fantrax ID,1.0,125.5,3.303,38.0,233.5,5.789338800615069,53.74732334047109,68.4,56.8,65.6,50.53333333333333,46.98,47.54,68.7,Likely Starter,75,False,74.8,59.8,86.2,68.7,63.8,71.8,71.65,88.8,46.0,Tier 3,-30.3,Major reach,Cole Palmer,CHE,M,M,6.144736842105263,9.729166666666666,10.771399282419273,3.3026315789473686,5.229166666666667,5.789338800615069,57.04678362573099,12.380653372034427,0.4731812848800697,0.09794060311741795,0.5711218879974876,62.82051282051282,71.59763313609467,8.7,39.0,-0.0,0.725,Strong Value,M,1,1
8,1,8,8,nhauptma,A. Stach,M,LEE,1-8,06zbx,Anton Stach,LEE,M,M,13.5,3.0,13.5,414.0,12.55,100.0,,97,0.0,FA,@NOT Sat 9:00AM,anton stach,False,True,Matched eligible,pr_4f015cdefe445308,335.0,06zbx,Anton Stach,Anton Stach,Leeds,LEE,M,True,a,,LEE,M,Confirmed,Exact Name + Club,95.0,Official FPL API,2026-07-30T01:09:03.040438+00:00,06zbx,Player Registry,Exact Name + Club,LEE,Confirmed,False,Anton Stach,LEE,M,38.0,2278.0,27.0,374.5,293.5,5.0,5.0,2.9207701720297328,5.9581449162214986,0.0,61.0,2394.0,9910.0,234.0,3.0,36.5,9.855263157894736,8.153,14.79587357330992,0.3337938003101967,0.7105263157894737,0.5,True,True,matched by historical Fantrax ID,normalized Fantrax ID,1.0,293.5,8.153,36.0,374.5,11.595697980684813,78.37116154873164,38.1,24.1,31.1,45.56666666666666,43.0,38.71,58.9,Likely Rotation,90,False,96.0,92.9,67.5,58.9,30.4,42.0,71.89,95.5,44.0,Tier 3,-30.5,Major reach,Anton Stach,LEE,M,M,9.855263157894736,13.87037037037037,14.795873573309922,7.723684210526316,10.87037037037037,11.595697980684811,66.60818713450293,8.878915088251231,0.11539478291601227,0.23539641899031383,0.3507912019063261,13.782051282051283,44.67455621301775,5.5,36.0,-0.0,0.4583333333333333,Fair Value,M,1,1
9,1,9,9,The Facerockers,D. Rice,M,ARS,1-9,04agz,Declan Rice,ARS,M,M,10.6,15.0,10.6,361.5,10.95,100.0,,100,0.0,FA,COV Fri 2:00PM,declan rice,False,True,Matched eligible,pr_45805a2b75c1e96f,13.0,04agz,Declan Rice,Declan Rice,Arsenal,ARS,M,True,a,,ARS,M,Confirmed,Exact Name + Club,95.0,Official FPL API,2026-07-30T01:09:03.040438+00:00,04agz,Player Registry,Exact Name + Club,ARS,Confirmed,False,Declan Rice,ARS,M,38.0,3092.0,35.0,454.0,346.0,4.0,9.0,3.720960887148976,8.159449681639671,0.0,63.0,3111.0,5553.0,423.0,5.0,30.0,11.947368421052632,9.105,13.214747736093145,0.3436955805821209,0.9210526315789472,0.8333333333333334,True,True,matched by historical Fantrax ID,normalized Fantrax ID,1.0,346.0,9.105,38.0,454.0,10.071151358344114,76.2114537444934,86.2,100.0,90.6,40.0,43.64,45.32000000000001,86.4,Locked Starter,90,False,95.3,96.3,68.0,86.4,84.0,52.3,84.14,95.5,7.0,Tier 1,3.6,Near market,Declan Rice,ARS,M,M,11.947368421052632,12.971428571428572,13.214747736093145,9.105263157894736,9.885714285714286,10.071151358344114,90.4093567251462,11.880410568788648,0.10830739969062349,0.2375001524409995,0.345807552131623,85.25641025641025,52.662721893491124,1.5999999999999996,-2.0,-0.0,0.1333333333333333,Fair Value,M,1,1
10,1,10,10,epatel3,Joao Pedro,"M,F",CHE,1-10,05g2o,Joao Pedro,CHE,F,"M,F",19.8,105.0,19.8,255.5,8.52,100.0,,100,0.0,FA,@FUL Mon 2:00PM,joao pedro,False,True,Matched eligible,pr_cfe4cc43db7d7a00,165.0,05g2o,João Pedro Junqueira de Jesus,João Pedro Junqueira de Jesus,Chelsea,CHE,F,True,a,,CHE,"M,F",Confirmed,Ordered Token Expanded Name,85.0,Official FPL API,2026-07-30T01:09:03.040438+00:00,05g2o,Player Registry,Ordered Token Expanded Name,CHE,Confirmed,False,Joao Pedro,CHE,"M,F",38.0,2654.0,31.0,396.0,197.0,15.0,9.0,15.723741941154003,3.9835695102810855,0.0,29.0,2698.0,8272.0,270.0,3.0,27.0,10.421052631578949,5.184,13.428786737000754,0.6573973427091023,0.8157894736842105,0.5,True,True,matched by historical Fantrax ID,normalized Fantrax ID,1.0,197.0,5.184,38.0,396.0,6.680482290881688,49.74747474747475,68.4,56.8,65.6,50.53333333333333,46.98,47.54,67.4,Likely Rotation,90,False,95.1,72.5,91.0,67.4,63.8,71.8,80.1,95.5,17.0,Tier 2,2.8000000000000007,Near market,Joao Pedro,CHE,"M,F",F,10.421052631578947,12.774193548387096,13.428786737000754,5.184210526315789,6.354838709677419,6.680482290881688,77.60233918128655,19.70731145143509,0.5332090334227055,0.13508713486258392,0.6682961682852894,62.82051282051282,71.59763313609467,9.8,7.0,-0.0,0.8166666666666668,Strong Value,F,1,1
11,1,11,11,wmuck1,V. van Dijk,D,LIV,1-11,03vlj,Virgil van Dijk,LIV,D,D,28.6,8.0,28.6,383.0,11.61,100.0,,100,0.0,FA,@NEW Sun 10:30AM,virgil van dijk,False,True,Matched eligible,pr_d22ad43e3232f497,356.0,03vlj,Virgil van Dijk,Virgil van Dijk,Liverpool,LIV,D,True,a,,LIV,D,Confirmed,Exact Name + Club,95.0,Official FPL API,2026-07-30T01:09:03.040438+00:00,03vlj,Player Registry,Exact Name + Club,LIV,Confirmed,False,Virgil van Dijk,LIV,D,38.0,3420.0,38.0,501.0,424.0,6.0,1.0,4.891236560419201,0.328536814078688,0.0,11.0,3420.0,833.0,540.0,6.0,84.0,13.18421052631579,11.158,13.184210526315791,0.1373624572236286,1.0,1.0,True,True,matched by historical Fantrax ID,normalized Fantrax ID,1.0,424.0,11.158,38.0,501.0,11.157894736842106,84.63073852295409,83.8,61.5,74.8,46.4,49.71999999999999,50.39,100.0,Locked Starter,90,False,95.4,99.2,37.0,100.0,77.2,90.1,85.78,95.5,4.0,Tier 1,24.6,Strong value,Virgil van Dijk,LIV,D,D,13.18421052631579,13.18421052631579,13.18421052631579,11.157894736842104,11.157894736842104,11.157894736842104,100.0,5.219773374497889,0.12871675158997897,0.008645705633649685,0.13736245722362864,76.28205128205127,89.3491124260355,17.6,-7.0,-0.0,1.4666666666666668,Strong Value,D,1,1
12,1,12,12,Up the Arse-nal,Matheus Cunha,"M,F",MUN,1-12,067yz,Matheus Cunha,MUN,M,"M,F",13.6,61.0,13.6,284.0,9.16,100.0,,100,0.0,FA,@HUL Sat 6:30AM,matheus cunha,False,True,Matched eligible,pr_9b970c3006765d1d,428.0,067yz,Matheus Santos Carneiro da Cunha,Matheus Santos Carneiro da Cunha,Man Utd,MUN,M,True,a,,MUN,"M,F",Confirmed,Ordered Token Expanded Name,85.0,Official FPL API,2026-07-30T01:09:03.040438+00:00,067yz,Player Registry,Ordered Token Expanded Name,MUN,Confirmed,False,Matheus Cunha,MUN,"M,F",38.0,2486.0,29.0,346.5,226.5,10.0,4.0,7.076101643964647,3.698060866445302,0.0,33.0,2506.0,7080.0,335.0,4.0,58.5,9.11842105263158,5.961,12.54424778761062,0.3869411915151219,0.7631578947368421,0.6666666666666666,True,True,matched by historical Fantrax ID,normalized Fantrax ID,1.0,226.5,5.961,38.0,346.5,8.199919549477071,65.36796536796537,90.6,59.4,72.4,44.06666666666666,49.54,46.89,69.6,Likely Starter,90,False,89.8,78.0,73.8,69.6,83.8,84.0,80.4,95.5,16.0,Tier 2,-2.4000000000000004,Near market,Matheus Cunha,MUN,"M,F",M,9.118421052631579,11.948275862068966,12.544247787610619,5.9605263157894735,7.810344827586207,8.199919549477071,72.69005847953215,10.77416251040995,0.256174234898157,0.13387991873695784,0.3900541536351148,68.91025641025641,82.54437869822485,1.5999999999999996,4.0,-0.0,0.1333333333333333,Fair Value,M,1,1
13,2,1,12,Up the Arse-nal,F. Wirtz,M,LIV,2-1,06v21,Florian Wirtz,LIV,M,M,7.3,13.0,7.3,364.0,11.74,100.0,,100,0.0,FA,@NEW Sun 10:30AM,florian wirtz,False,True,Matched eligible,pr_2d7f985dd7974e87,366.0,06v21,Florian Wirtz,Florian Wirtz,Liverpool,LIV,M,True,a,,LIV,M,Confirmed,Exact Name + Club,95.0,Official FPL API,2026-07-30T01:09:03.040438+00:00,06v21,Player Registry,Exact Name + Club,LIV,Confirmed,False,Florian Wirtz,LIV,M,38.0,2367.0,27.0,308.0,229.0,5.0,4.0,7.576831823214888,5.384264823049306,0.0,60.0,2426.0,8397.0,304.0,3.0,33.0,8.105263157894736,6.026,11.71102661596958,0.4808321097130162,0.7105263157894737,0.5,True,True,matched by historical Fantrax ID,normalized Fantrax ID,1.0,229.0,6.026,38.0,308.0,8.70722433460076,74.35064935064936,83.8,61.5,74.8,46.4,49.71999999999999,50.39,63.8,Likely Rotation,90,False,83.5,79.0,82.3,63.8,77.2,90.1,78.73,95.5,23.0,Tier 2,-15.7,Reach,Florian Wirtz,LIV,M,M,8.105263157894736,11.407407407407407,11.711026615969581,6.026315789473684,8.481481481481481,8.70722433460076,69.21052631578948,12.961096646264194,0.28809246476102235,0.2047248982148025,0.49281736297582485,76.28205128205127,89.3491124260355,-5.7,10.0,0.47500000000000003,0.0,Fair Value,M,2,2
14,2,2,11,wmuck1,D. Munoz,"D,M",CRY,2-2,06jgi,Daniel Munoz,CRY,D,"D,M",18.5,4.0,18.5,399.5,11.75,100.0,,99,-1.0,FA,@EVE Sat 9:00AM,daniel munoz,False,True,Matched eligible,pr_d97faf00cf6a46e9,201.0,06jgi,Daniel Muñoz Mejía,Daniel Muñoz Mejía,Crystal Palace,CRY,D,True,a,,CRY,"D,M",Confirmed,Ordered Token Expanded Name,85.0,Official FPL API,2026-07-30T01:09:03.040438+00:00,06jgi,Player Registry,Ordered Token Expanded Name,CRY,Confirmed,False,Daniel Munoz,CRY,"D,M",38.0,2398.0,29.0,344.0,243.0,4.0,4.0,3.1470039971172805,5.0660702623426905,0.0,27.0,2417.0,12408.0,531.0,7.0,64.5,9.052631578947368,6.395,12.910758965804837,0.3058240311755885,0.7631578947368421,1.1666666666666667,True,True,matched by historical Fantrax ID,normalized Fantrax ID,1.0,243.0,6.395,38.0,344.0,9.120100083402836,70.63953488372093,18.2,57.9,33.9,40.0,40.32,42.81,82.8,Likely Starter,90,False,91.0,82.8,64.6,82.8,19.2,7.1,68.58,95.5,58.0,Tier 3,-39.5,Major reach,Daniel Munoz,CRY,"D,M",D,9.052631578947368,11.862068965517242,12.910758965804837,6.394736842105263,8.379310344827585,9.120100083402836,70.11695906432749,8.21307425945997,0.11811107578838834,0.19013608157249462,0.30824715736088293,32.371794871794876,7.396449704142012,4.5,44.0,-0.0,0.375,Fair Value,D,2,2
15,2,3,10,epatel3,Igor Thiago,F,BRF,2-3,06mn0,Igor Thiago,BRF,F,F,22.6,127.0,22.6,239.0,7.47,100.0,,99,0.0,FA,TOT Sat 11:30AM,igor thiago,False,True,Matched eligible,pr_b1371608f0db5c93,106.0,06mn0,Igor Thiago Nascimento Rodrigues,Igor Thiago Nascimento Rodrigues,Brentford,BRF,F,True,a,,BRF,F,Confirmed,Ordered Token Expanded Name,85.0,Official FPL API,2026-07-30T01:09:03.040438+00:00,06mn0,Player Registry,Ordered Token Expanded Name,BRF,Confirmed,False,Igor Thiago,BRF,F,38.0,3276.0,37.0,465.0,258.0,22.0,1.0,24.68977300822735,3.450046587735414,0.0,24.0,3292.0,13222.0,540.0,6.0,45.0,12.236842105263158,6.789,12.774725274725274,0.7693146305093101,0.9736842105263158,1.0,True,True,matched by historical Fantrax ID,normalized Fantrax ID,1.0,258.0,6.789,38.0,465.0,7.087912087912088,55.483870967741936,29.4,35.6,32.6,45.36666666666667,47.48,44.42,97.8,Locked Starter,90,False,93.5,85.8,94.7,97.8,20.9,78.0,84.58,95.5,5.0,Tier 1,17.6,Value,Igor Thiago,BRF,F,F,12.236842105263158,12.567567567567568,12.774725274725276,6.7894736842105265,6.972972972972973,7.0879120879120885,95.78947368421052,28.139819595962763,0.6782904672589931,0.09478149966306083,0.7730719669220539,18.58974358974359,76.92307692307693,7.600000000000001,-10.0,-0.0,0.6333333333333334,Strong Value,F,2,2
16,2,4,9,The Facerockers,A. Isak,F,LIV,2-4,0646f,Alexander Isak,LIV,F,F,20.2,160.0,20.2,213.5,7.36,100.0,,99,0.0,FA,@NEW Sun 10:30AM,alexander isak,False,True,Matched eligible,pr_9648b8844d3d1944,379.0,0646f,Alexander Isak,Alexander Isak,Liverpool,LIV,F,True,a,,NEW/LIV,F,Transferred,Exact Name + Club,95.0,Official FPL API,2026-07-30T01:09:03.040438+00:00,0646f,Player Registry,Exact Name + Club,LIV,Transferred,False,Alexander Isak,NEW/LIV,F,38.0,691.0,8.0,62.0,29.0,3.0,1.0,3.245308360084891,0.8461103290319442,0.0,2.0,717.0,5232.0,172.0,2.0,15.5,1.631578947368421,0.763,8.075253256150507,0.5135671994707324,0.2105263157894736,0.3333333333333333,True,True,matched by historical Fantrax ID,normalized Fantrax ID,1.0,29.0,0.763,38.0,62.0,3.7771345875542695,46.774193548387096,83.8,61.5,74.8,46.4,49.71999999999999,50.39,17.2,Bench / Unknown,40,True,49.1,46.5,83.9,17.2,77.2,90.1,54.46,73.0,159.0,Tier 5,-138.8,Major reach,Alexander Isak,LIV,F,F,1.631578947368421,7.75,8.075253256150507,0.7631578947368421,3.625,3.777134587554269,20.2046783625731,4.091418689116835,0.4226884984191609,0.11020250305770618,0.532891001476867,76.28205128205127,89.3491124260355,4.199999999999999,143.0,-0.0,0.3499999999999999,Fair Value,F,2,2
17,2,5,8,nhauptma,B. Thomas,D,COV,2-5,05l2z,Bobby Thomas,COV,D,D,130.3,5.0,130.3,386.0,11.35,91.0,,71,-2.0,FA,@ARS Fri 2:00PM,bobby thomas,False,True,Matched eligible,pr_cd2d216755538e53,173.0,05l2z,Bobby Thomas,Bobby Thomas,Coventry City,COV,D,True,a,,,,New EPL Arrival,Exact Name + Club,95.0,Official FPL API,2026-07-30T01:09:03.040438+00:00,05l2z,Player Registry,Exact Name + Club,COV,New EPL Arrival,False,,,,,,,,,,,,,,,,,,,,,,,,,,False,False,no 2025/26 record for bridged ID,none,0.0,,,,,,,,,,28.066666666666663,30.12,40.8,0.0,Unknown / New Arrival,25,False,0.0,0.0,0.0,0.0,0.0,2.3,0.23,11.2,605.0,Deep,-474.7,Major reach,Bobby Thomas,COV,D,D,,,,,,,,,,,,,2.366863905325444,113.30000000000001,588.0,-0.0,9.441666666666668,Elite Value,D,2,2
18,2,6,7,yudesh,J. Doku,"M,F",MCI,2-6,06fup,Jeremy Doku,MCI,M,"M,F",18.7,20.0,18.7,343.0,12.25,96.0,,100,0.0,FA,BOU Sun 8:00AM,jeremy doku,False,True,Matched eligible,pr_bcbc5aa7856f9649,400.0,06fup,Jérémy Doku,Jérémy Doku,Man City,MCI,M,True,a,,MCI,"M,F",Confirmed,Exact Name + Club,95.0,Official FPL API,2026-07-30T01:09:03.040438+00:00,06fup,Player Registry,Exact Name + Club,MCI,Confirmed,False,Jeremy Doku,MCI,"M,F",38.0,1762.0,19.0,358.0,261.0,5.0,8.0,3.9999447921290985,7.553412737324833,0.0,59.0,1783.0,8981.0,475.0,5.0,103.0,9.421052631578949,6.868,18.28603859250851,0.5831756464671082,0.5,0.8333333333333334,True,True,matched by historical Fantrax ID,normalized Fantrax ID,1.0,261.0,6.868,38.0,358.0,13.331441543700342,72.90502793296089,98.2,94.1,96.1,43.93333333333333,42.42,45.38,65.3,Likely Rotation,75,False,96.8,86.4,87.6,65.3,96.2,30.3,80.86,88.8,14.0,Tier 2,4.699999999999999,Near market,Jeremy Doku,MCI,"M,F",M,9.421052631578947,18.842105263157894,18.28603859250851,6.868421052631579,13.736842105263158,13.33144154370034,51.52046783625731,11.553357529453931,0.20431046043792214,0.38581563357504817,0.5901260940129703,95.1923076923077,31.65680473372781,0.6999999999999993,-4.0,-0.0,0.05833333333333327,Fair Value,M,2,2
19,2,7,6,Berkshire's Club,J. Tarkowski,D,EVE,2-7,0427d,James Tarkowski,EVE,D,D,28.4,6.0,28.4,385.5,10.71,100.0,,99,0.0,FA,CRY Sat 9:00AM,james tarkowski,False,True,Matched eligible,pr_42d1605ae412cfed,229.0,0427d,James Tarkowski,James Tarkowski,Everton,EVE,D,True,a,,EVE,D,Confirmed,Exact Name + Club,95.0,Official FPL API,2026-07-30T01:09:03.040438+00:00,0427d,Player Registry,Exact Name + Club,EVE,Confirmed,False,James Tarkowski,EVE,D,38.0,3330.0,37.0,489.5,426.5,2.0,3.0,2.8690776508301488,2.056711476296186,0.0,18.0,3330.0,1665.0,540.0,6.0,70.5,12.88157894736842,11.224,13.22972972972973,0.1331294358682793,0.9736842105263158,1.0,True,True,matched by historical Fantrax ID,normalized Fantrax ID,1.0,426.5,11.224,38.0,489.5,11.527027027027028,87.12972420837589,18.7,43.5,29.0,42.06666666666666,41.9,42.48,98.4,Locked Starter,90,False,96.1,99.4,36.0,98.4,13.5,18.7,72.05,95.5,43.0,Tier 3,-14.6,Reach,James Tarkowski,EVE,D,D,12.881578947368421,13.22972972972973,13.22972972972973,11.223684210526315,11.527027027027026,11.527027027027026,97.36842105263158,4.925789127126334,0.07754263921162564,0.05558679665665368,0.1331294358682793,8.974358974358974,18.93491124260355,9.399999999999999,24.0,-0.0,0.7833333333333332,Strong Value,D,2,2
20,2,8,5,KindComet,Gabriel Magalhaes,D,ARS,2-8,05nzu,Gabriel Magalhaes,ARS,D,D,27.6,55.0,27.6,288.5,8.74,100.0,,99,0.0,FA,COV Fri 2:00PM,gabriel magalhaes,False,True,Matched eligible,pr_244b54d86191f031,4.0,05nzu,Gabriel dos Santos Magalhães,Gabriel dos Santos Magalhães,Arsenal,ARS,D,True,a,,ARS,D,Confirmed,Ordered Token Expanded Name,85.0,Official FPL API,2026-07-30T01:09:03.040438+00:00,05nzu,Player Registry,Ordered Token Expanded Name,ARS,Confirmed,False,Gabriel Magalhaes,ARS,D,38.0,2749.0,30.0,446.0,289.0,3.0,5.0,4.649077512323856,2.7250300347805023,0.0,7.0,2748.0,5613.0,495.0,5.0,65.5,11.736842105263158,7.605,14.601673335758456,0.2415100725034178,0.7894736842105263,0.8333333333333334,True,True,matched by historical Fantrax ID,normalized Fantrax ID,1.0,289.0,7.605,38.0,446.0,9.461622408148418,64.79820627802691,86.2,100.0,90.6,40.0,43.64,45.32000000000001,83.8,Likely Starter,90,False,97.3,91.2,58.2,83.8,84.0,52.3,81.97,95.5,12.0,Tier 1,15.6,Value,Gabriel Magalhaes,ARS,D,D,11.736842105263158,14.866666666666667,14.601673335758457,7.605263157894737,9.633333333333333,9.461622408148418,80.38011695906432,7.374107547104359,0.1522069756672052,0.08921524304483275,0.24142221871203792,85.25641025641025,52.662721893491124,7.600000000000001,-8.0,-0.0,0.6333333333333334,Strong Value,D,2,2
21,2,9,4,Count Doku,M. Rogers,"M,F",CHE,2-9,05uht,Morgan Rogers,CHE,M,"M,F",21.3,97.0,21.3,259.5,8.37,100.0,,100,0.0,FA,@FUL Mon 2:00PM,morgan rogers,False,True,Matched eligible,pr_529ab49d43c3e6a7,40.0,05uht,Morgan Rogers,Morgan Rogers,Chelsea,CHE,M,True,a,,AVL,"M,F",Transferred,Exact Name + Club,95.0,Official FPL API,2026-07-30T01:09:03.040438+00:00,05uht,Player Registry,Exact Name + Club,CHE,Transferred,False,Morgan Rogers,AVL,"M,F",38.0,3280.0,37.0,364.0,222.0,10.0,8.0,7.145822267979383,7.475014166906475,0.0,48.0,3301.0,12412.0,450.0,5.0,47.5,9.578947368421051,5.842,9.98780487804878,0.398629287833907,0.9736842105263158,0.8333333333333334,True,True,matched by historical Fantrax ID,normalized Fantrax ID,1.0,222.0,5.842,38.0,364.0,6.091463414634147,60.98901098901099,68.4,56.8,65.6,50.53333333333333,46.98,47.54,83.2,Likely Starter,75,True,79.9,77.4,75.1,83.2,63.8,71.8,77.05,88.8,26.0,Tier 2,-4.699999999999999,Near market,Morgan Rogers,CHE,"M,F",M,9.578947368421053,9.837837837837839,9.987804878048781,5.842105263157895,6.0,6.091463414634147,95.90643274853801,14.620836434885858,0.1960743914994343,0.2051070960431655,0.40118148754259975,62.82051282051282,71.59763313609467,0.3000000000000007,5.0,-0.0,0.02500000000000006,Fair Value,M,2,2
22,2,10,3,Robertske,R. Cherki,M,MCI,2-10,06v07,Rayan Cherki,MCI,M,M,12.2,12.0,12.2,366.0,13.07,100.0,,99,0.0,FA,BOU Sun 8:00AM,rayan cherki,False,True,Matched eligible,pr_7b6fd7a0b2028e59,399.0,06v07,Rayan Cherki,Rayan Cherki,Man City,MCI,M,True,a,,MCI,M,Confirmed,Exact Name + Club,95.0,Official FPL API,2026-07-30T01:09:03.040438+00:00,06v07,Player Registry,Exact Name + Club,MCI,Confirmed,False,Rayan Cherki,MCI,M,38.0,1763.0,19.0,354.5,232.5,4.0,13.0,4.641340699046849,10.784712422639132,0.0,60.0,1792.0,8094.0,400.0,4.0,75.5,9.328947368421051,6.118,18.09699376063528,0.7747459715132469,0.5,0.6666666666666666,True,True,matched by historical Fantrax ID,normalized Fantrax ID,1.0,232.5,6.118,38.0,354.5,11.8689733408962,65.58533145275035,98.2,94.1,96.1,43.93333333333333,42.42,45.38,59.5,Likely Rotation,75,False,96.4,80.7,95.2,59.5,96.2,30.3,79.86,88.8,18.0,Tier 2,-5.800000000000001,Near market,Rayan Cherki,MCI,M,M,9.328947368421053,18.657894736842106,18.096993760635282,6.118421052631579,12.236842105263158,11.8689733408962,51.549707602339176,15.426053121685982,0.2369374151527036,0.550552534337789,0.7874899494904926,95.1923076923077,31.65680473372781,-9.8,-4.0,0.8166666666666668,0.0,Slight Reach,M,2,2
23,2,11,2,tpem,B. Mbeumo,"M,F",MUN,2-11,05trb,Bryan Mbeumo,MUN,M,"M,F",28.9,82.0,28.9,267.0,8.34,100.0,,100,0.0,FA,@HUL Sat 6:30AM,bryan mbeumo,False,True,Matched eligible,pr_13d2678f20f4b4d8,427.0,05trb,Bryan Mbeumo,Bryan Mbeumo,Man Utd,MUN,M,True,a,,MUN,"M,F",Confirmed,Exact Name + Club,95.0,Official FPL API,2026-07-30T01:09:03.040438+00:00,05trb,Player Registry,Exact Name + Club,MUN,Confirmed,False,Bryan Mbeumo,MUN,"M,F",38.0,2603.0,31.0,342.0,222.0,11.0,3.0,13.309208107180892,5.091009698808192,0.0,45.0,2676.0,6552.0,400.0,5.0,46.0,9.0,5.842,11.824817518248176,0.6188414060310231,0.8157894736842105,0.8333333333333334,True,True,matched by historical Fantrax ID,normalized Fantrax ID,1.0,222.0,5.842,38.0,342.0,7.675758739915482,64.91228070175438,90.6,59.4,72.4,44.06666666666666,49.54,46.89,77.3,Likely Starter,90,False,86.5,77.4,89.4,77.3,83.8,84.0,83.21,95.5,10.0,Tier 1,18.9,Value,Bryan Mbeumo,MUN,"M,F",M,9.0,11.03225806451613,11.824817518248176,5.842105263157895,7.161290322580645,7.675758739915483,76.11111111111111,18.400217805989083,0.4601723894146294,0.17602415401180843,0.6361965434264378,68.91025641025641,82.54437869822485,5.899999999999999,-13.0,-0.0,0.49166666666666653,Fair Value,M,2,2
24,2,12,1,Pot Splashers,Rayan,"M,F",BOU,2-12,072wq,Rayan,BOU,M,"M,F",21.0,60.0,21.0,284.5,8.37,100.0,,98,0.0,FA,@MCI Sun 8:00AM,rayan,False,True,Matched eligible,pr_1148d763174dd2d5,67.0,072wq,Rayan Vitor Simplício Rocha,Rayan Vitor Simplício Rocha,Bournemouth,BOU,M,True,a,,BOU,"M,F",Confirmed,Explicit Player Alias,92.0,Official FPL API,2026-07-30T01:09:03.040438+00:00,072wq,Player Registry,Explicit Player Alias,BOU,Confirmed,False,Rayan Vitor Simplicio Rocha,BOU,"M,F",38.0,1107.0,13.0,148.5,91.5,5.0,2.0,2.668410595506429,2.7789037879556417,0.0,14.0,1146.0,14395.0,418.0,5.0,68.5,3.907894736842105,6.536,12.073170731707318,0.4277995589106338,0.3421052631578947,0.8333333333333334,True,True,matched by historical Fantrax ID,normalized Fantrax ID,1.0,91.5,6.536,14.0,148.5,7.439024390243903,61.61616161616161,73.4,43.8,58.6,39.93333333333333,43.7,39.440000000000005,51.3,Likely Rotation,55,False,75.1,83.3,77.8,51.3,64.2,57.7,69.14,79.8,56.0,Tier 3,-35.0,Major reach,Rayan,BOU,"M,F",M,3.9078947368421053,11.423076923076923,12.073170731707316,2.4078947368421053,7.038461538461538,7.439024390243902,32.36842105263158,5.4473143834620705,0.2169439508541812,0.22592713723216598,0.4428710880863472,52.56410256410257,59.76331360946746,-3.0,32.0,0.25,0.0,Fair Value,M,2,2
25,3,1,1,Pot Splashers,V. Gyökeres,F,ARS,3-1,04tsb,Viktor Gyokeres,ARS,F,F,44.3,214.0,44.3,163.0,5.43,100.0,,100,0.0,FA,COV Fri 2:00PM,viktor gyokeres,False,True,Matched eligible,pr_9d461d0dfbe7f315,25.0,04tsb,Viktor Gyökeres,Viktor Gyökeres,Arsenal,ARS,F,True,a,,ARS,F,Confirmed,Exact Name + Club,95.0,Official FPL API,2026-07-30T01:09:03.040438+00:00,04tsb,Player Registry,Exact Name + Club,ARS,Confirmed,False,Viktor Gyokeres,ARS,F,38.0,2210.0,26.0,237.0,105.0,14.0,1.0,13.871430788189173,2.65373873244971,0.0,20.0,2255.0,7254.0,239.0,2.0,43.5,6.2368421052631575,2.763,9.65158371040724,0.6595411338614188,0.6842105263157895,0.3333333333333333,True,True,matched by historical Fantrax ID,normalized Fantrax ID,1.0,105.0,2.763,38.0,237.0,4.276018099547511,44.303797468354425,86.2,100.0,90.6,40.0,43.64,45.32000000000001,56.1,Likely Rotation,90,False,69.8,54.0,91.3,56.1,84.0,52.3,67.59,95.5,69.0,Tier 3,-24.700000000000003,Major reach,Viktor Gyokeres,ARS,F,F,6.2368421052631575,9.115384615384615,9.65158371040724,2.763157894736842,4.038461538461538,4.276018099547511,64.61988304093568,16.525169520638883,0.5648998963515952,0.10807080810881171,0.672970704460407,85.25641025641025,52.662721893491124,19.299999999999997,44.0,-0.0,1.6083333333333332,Strong Value,F,3,3
26,3,2,2,tpem,P. Porro,D,TOT,3-2,05n07,Pedro Porro,TOT,D,D,31.8,22.0,31.8,343.0,11.43,100.0,,99,0.0,FA,@BRF Sat 11:30AM,pedro porro,False,True,Matched eligible,pr_592b6b0e9ba95955,499.0,05n07,Pedro Porro Sauceda,Pedro Porro Sauceda,Spurs,TOT,D,True,a,,TOT,D,Confirmed,Ordered Token Expanded Name,85.0,Official FPL API,2026-07-30T01:09:03.040438+00:00,05n07,Player Registry,Ordered Token Expanded Name,TOT,Confirmed,False,Pedro Porro,TOT,D,38.0,2791.0,32.0,388.5,337.5,1.0,3.0,1.402891759760677,4.247651634737848,0.0,53.0,2815.0,6912.0,540.0,6.0,105.0,10.223684210526317,8.882,12.527767825152274,0.1806568047974661,0.8421052631578947,1.0,True,True,matched by historical Fantrax ID,normalized Fantrax ID,1.0,337.5,8.882,38.0,388.5,10.8831959871014,86.87258687258688,30.7,33.2,33.3,51.5,51.620000000000005,49.47,89.5,Locked Starter,90,False,90.9,95.8,47.4,89.5,28.3,96.5,79.12,95.5,20.0,Tier 2,11.8,Value,Pedro Porro,TOT,D,D,10.223684210526315,12.140625,12.527767825152274,8.881578947368421,10.546875,10.883195987101397,81.60818713450291,5.650543394498525,0.045238358430118565,0.13697192659491447,0.18221028502503306,25.320512820512818,96.7455621301775,5.800000000000001,-6.0,-0.0,0.4833333333333334,Fair Value,D,3,3
27,3,3,3,Robertske,R. James,"D,M",CHE,3-3,051k7,Reece James,CHE,D,"D,M",66.2,17.0,66.2,352.0,12.57,100.0,,100,0.0,FA,@FUL Mon 2:00PM,reece james,False,True,Matched eligible,pr_329aa4ed110ef47e,142.0,051k7,Reece James,Reece James,Chelsea,CHE,D,True,a,,CHE,"D,M",Confirmed,Exact Name + Club,95.0,Official FPL API,2026-07-30T01:09:03.040438+00:00,051k7,Player Registry,Exact Name + Club,CHE,Confirmed,False,Reece James,CHE,"D,M",38.0,1953.0,20.0,314.0,218.0,2.0,6.0,1.2280184961855405,3.993342220783233,0.0,27.0,1927.0,8067.0,65.0,0.0,7.0,8.263157894736842,5.737,14.470046082949308,0.2438622026607107,0.5263157894736842,0.0,True,True,matched by historical Fantrax ID,normalized Fantrax ID,1.0,218.0,5.737,38.0,314.0,10.046082949308754,69.42675159235668,68.4,56.8,65.6,50.53333333333333,46.98,47.54,37.0,Rotation Risk,75,False,92.5,76.7,59.0,37.0,63.8,71.8,69.08,88.8,57.0,Tier 3,9.200000000000005,Value,Reece James,CHE,"D,M",D,8.263157894736842,15.7,14.47004608294931,5.7368421052631575,10.9,10.046082949308756,57.10526315789474,5.221360716968774,0.056590714109932744,0.18402498713286788,0.24061570124280066,62.82051282051282,71.59763313609467,39.2,30.0,-0.0,3.266666666666667,Elite Value,D,3,3
28,3,4,4,Count Doku,M. Guehi,D,MCI,3-4,050jq,Marc Guehi,MCI,D,D,40.0,71.0,40.0,275.5,8.89,100.0,,99,1.0,FA,BOU Sun 8:00AM,marc guehi,False,True,Matched eligible,pr_92ce298de8737367,388.0,050jq,Marc Guéhi,Marc Guéhi,Man City,MCI,D,True,a,,CRY/MCI,D,Transferred,Exact Name + Club,95.0,Official FPL API,2026-07-30T01:09:03.040438+00:00,050jq,Player Registry,Exact Name + Club,MCI,Transferred,False,Marc Guehi,CRY/MCI,D,38.0,3150.0,35.0,455.0,334.0,3.0,5.0,4.697336498647927,2.7265922785736616,0.0,18.0,3150.0,7603.0,540.0,6.0,73.5,11.973684210526317,8.789,12.999999999999998,0.2121122507777596,0.9210526315789472,1.0,True,True,matched by historical Fantrax ID,normalized Fantrax ID,1.0,334.0,8.789,38.0,455.0,9.542857142857144,73.4065934065934,98.2,94.1,96.1,43.93333333333333,42.42,45.38,87.3,Locked Starter,75,True,94.1,95.2,52.1,87.3,96.2,30.3,80.44,88.8,15.0,Tier 2,25.0,Strong value,Marc Guehi,MCI,D,D,11.973684210526315,13.0,13.0,8.789473684210526,9.542857142857143,9.542857142857143,92.10526315789474,7.4239287772215885,0.13420961424708364,0.07790263653067604,0.21211225077775966,95.1923076923077,31.65680473372781,12.0,-13.0,-0.0,1.0,Strong Value,D,3,3
29,3,5,5,KindComet,M. Kudus,"M,F",TOT,3-5,06fv8,Mohammed Kudus,TOT,M,"M,F",31.2,41.0,31.2,309.0,10.3,100.0,,99,1.0,FA,@BRF Sat 11:30AM,mohammed kudus,False,True,Matched eligible,pr_b7431a8bbb8646d9,512.0,06fv8,Mohammed Kudus,Mohammed Kudus,Spurs,TOT,M,True,d,Thigh injury - 75% chance of playing,TOT,"M,F",Confirmed,Exact Name + Club,95.0,Official FPL API,2026-07-30T01:09:03.040438+00:00,06fv8,Player Registry,Exact Name + Club,TOT,Confirmed,False,Mohammed Kudus,TOT,"M,F",38.0,1534.0,19.0,202.5,145.5,2.0,6.0,2.362326920963824,2.574139247648417,0.0,21.0,1577.0,12027.0,0.0,0.0,0.0,5.328947368421052,5.389,11.88070404172099,0.2817260337191513,0.5,0.0,True,True,matched by historical Fantrax ID,normalized Fantrax ID,1.0,145.5,5.389,27.0,202.5,8.536505867014343,71.85185185185186,30.7,33.2,33.3,51.5,51.620000000000005,49.47,27.9,Rotation Risk,75,False,78.0,73.8,62.7,27.9,28.3,96.5,61.94,88.8,99.0,Tier 4,-67.8,Major reach,Mohammed Kudus,TOT,"M,F",M,5.328947368421052,10.657894736842104,11.88070404172099,3.8289473684210527,7.657894736842105,8.536505867014341,44.853801169590646,4.936466168612241,0.13859805924820348,0.15102511883204534,0.2896231780802488,25.320512820512818,96.7455621301775,2.1999999999999993,70.0,-0.0,0.18333333333333326,Fair Value,M,3,3
30,3,6,6,Berkshire's Club,O. Watkins,F,AVL,3-6,05ocl,Ollie Watkins,AVL,F,F,27.8,161.0,27.8,213.5,6.67,100.0,,100,0.0,FA,@BHA Sun 8:00AM,ollie watkins,False,True,Matched eligible,pr_bcbfe365b27c37f9,55.0,05ocl,Ollie Watkins,Ollie Watkins,Aston Villa,AVL,F,True,a,,AVL,F,Confirmed,Exact Name + Club,95.0,Official FPL API,2026-07-30T01:09:03.040438+00:00,05ocl,Player Registry,Exact Name + Club,AVL,Confirmed,False,Ollie Watkins,AVL,F,38.0,2829.0,33.0,335.0,167.0,16.0,4.0,18.82772558834404,2.8160216063261028,0.0,23.0,2908.0,8865.0,458.0,5.0,114.5,8.81578947368421,4.395,10.657476139978792,0.6698546243192272,0.868421052631579,0.8333333333333334,True,True,matched by historical Fantrax ID,normalized Fantrax ID,1.0,167.0,4.395,38.0,335.0,5.312831389183457,49.85074626865672,57.9,54.1,59.0,40.96666666666667,44.9,48.31,84.2,Locked Starter,90,False,80.6,66.5,92.1,84.2,53.4,62.1,76.35,95.5,28.0,Tier 2,-0.1999999999999993,Near market,Ollie Watkins,AVL,F,F,8.81578947368421,10.151515151515152,10.65747613997879,4.394736842105263,5.0606060606060606,5.312831389183457,82.71929824561404,21.643747194670144,0.5989732424711784,0.089587113668911,0.6885603561400894,57.692307692307686,64.49704142011834,-2.1999999999999993,-2.0,0.18333333333333326,0.0,Fair Value,F,3,3
31,3,7,7,yudesh,E. Anderson,M,MCI,3-7,05opj,Elliot Anderson,MCI,M,M,35.5,244.0,35.5,72.5,10.36,100.0,,98,-1.0,FA,BOU Sun 8:00AM,elliot anderson,False,True,Matched eligible,pr_55592e1b99371400,481.0,05opj,Elliot Anderson,Elliot Anderson,Man City,MCI,M,True,a,,NOT,M,Transferred,Exact Name + Club,95.0,Official FPL API,2026-07-30T01:09:03.040438+00:00,05opj,Player Registry,Exact Name + Club,MCI,Transferred,False,Elliot Anderson,NOT,M,38.0,3330.0,37.0,435.0,359.0,4.0,5.0,3.444294469431042,4.842637189663946,0.0,55.0,3329.0,9154.0,469.0,5.0,77.0,11.447368421052632,9.447,11.756756756756756,0.2240384047217029,0.9736842105263158,0.8333333333333334,True,True,matched by historical Fantrax ID,normalized Fantrax ID,1.0,359.0,9.447,38.0,435.0,9.702702702702704,82.5287356321839,98.2,94.1,96.1,43.93333333333333,42.42,45.38,84.8,Locked Starter,75,True,88.9,97.3,54.2,84.8,96.2,30.3,79.0,88.8,21.0,Tier 2,14.5,Value,Elliot Anderson,MCI,M,M,11.447368421052632,11.756756756756756,11.756756756756756,9.447368421052632,9.702702702702704,9.702702702702704,97.36842105263158,8.286931659094988,0.09308903971435248,0.13088208620713368,0.22397112592148616,95.1923076923077,31.65680473372781,4.5,-10.0,-0.0,0.375,Fair Value,M,3,3
32,3,8,8,nhauptma,Antonee Robinson,D,FUL,3-8,03rzp,Antonee Robinson,FUL,D,D,62.0,10.0,62.0,376.5,11.07,100.0,,98,0.0,FA,CHE Mon 2:00PM,antonee robinson,False,True,Matched eligible,pr_bcba710d6cc43263,254.0,03rzp,Antonee Robinson,Antonee Robinson,Fulham,FUL,D,True,a,,FUL,"D,M",Confirmed,Exact Name + Club,95.0,Official FPL API,2026-07-30T01:09:03.040438+00:00,03rzp,Player Registry,Exact Name + Club,FUL,Confirmed,False,Antonee Robinson,FUL,"D,M",38.0,1485.0,17.0,188.0,166.0,1.0,0.0,0.9772468740120528,1.0900280550122254,0.0,21.0,1484.0,8940.0,378.0,4.0,54.5,4.947368421052632,4.368,11.393939393939394,0.1253738164502594,0.4473684210526316,0.6666666666666666,True,True,matched by historical Fantrax ID,normalized Fantrax ID,1.0,166.0,4.368,38.0,188.0,10.06060606060606,88.29787234042553,33.8,50.9,42.5,48.0,41.08,42.540000000000006,54.0,Likely Rotation,75,False,75.0,66.3,33.3,54.0,38.0,15.4,53.59,88.8,164.0,Tier 5,-102.0,Major reach,Antonee Robinson,FUL,D,D,4.947368421052632,11.058823529411764,11.393939393939394,4.368421052631579,9.764705882352942,10.06060606060606,43.42105263157895,2.0672749290242782,0.05922708327345774,0.0660623063643773,0.12528938963783504,40.38461538461539,14.201183431952662,30.0,132.0,-0.0,2.5,Elite Value,D,3,3
33,3,9,9,The Facerockers,Pedro Neto,"M,F",CHE,3-9,056iy,Pedro Neto,CHE,M,"M,F",41.0,34.0,41.0,315.5,10.88,100.0,,99,0.0,FA,@FUL Mon 2:00PM,pedro neto,False,True,Matched eligible,pr_2fd3c5759a893d42,156.0,056iy,Pedro Lomba Neto,Pedro Lomba Neto,Chelsea,CHE,M,True,a,,CHE,"M,F",Confirmed,Ordered Token Expanded Name,85.0,Official FPL API,2026-07-30T01:09:03.040438+00:00,056iy,Player Registry,Ordered Token Expanded Name,CHE,Confirmed,False,Pedro Neto,CHE,"M,F",38.0,2627.0,30.0,308.5,212.5,5.0,7.0,5.149658527225255,7.9338382445275775,0.0,53.0,2667.0,6382.0,332.0,4.0,39.0,8.118421052631579,5.592,10.56909021697754,0.4415128269432901,0.7894736842105263,0.6666666666666666,True,True,matched by historical Fantrax ID,normalized Fantrax ID,1.0,212.5,5.592,38.0,308.5,7.280167491435098,68.88168557536467,68.4,56.8,65.6,50.53333333333333,46.98,47.54,71.6,Likely Starter,90,False,78.7,76.0,80.2,71.6,63.8,71.8,74.91,95.5,31.0,Tier 2,10.0,Value,Pedro Neto,CHE,"M,F",M,8.118421052631579,10.283333333333333,10.569090216977541,5.592105263157895,7.083333333333333,7.280167491435097,76.81286549707602,13.083496771752833,0.17642530165598513,0.2718102177417137,0.44823551939769885,62.82051282051282,71.59763313609467,8.0,-2.0,-0.0,0.6666666666666666,Strong Value,M,3,3
34,3,10,10,epatel3,P. Dorgu,"D,M",MUN,3-10,06rlj,Patrick Dorgu,MUN,M,"D,M",40.9,241.0,40.9,73.5,12.25,100.0,,97,0.0,FA,@HUL Sat 6:30AM,patrick dorgu,False,True,Matched eligible,pr_a36ef466ba952a14,415.0,06rlj,Patrick Dorgu,Patrick Dorgu,Man Utd,MUN,M,True,a,,MUN,"D,M",Confirmed,Exact Name + Club,95.0,Official FPL API,2026-07-30T01:09:03.040438+00:00,06rlj,Player Registry,Exact Name + Club,MUN,Confirmed,False,Patrick Dorgu,MUN,"D,M",38.0,1434.0,15.0,272.0,197.0,4.0,4.0,2.987284906208515,3.111286889761686,0.0,27.0,1436.0,11944.0,111.0,1.0,41.0,7.157894736842105,5.794,17.07112970711297,0.3822224663212522,0.3947368421052631,0.1666666666666666,True,True,matched by historical Fantrax ID,normalized Fantrax ID,1.0,197.0,5.794,34.0,272.0,12.364016736401672,72.42647058823529,90.6,59.4,72.4,44.06666666666666,49.54,46.89,32.5,Rotation Risk,75,False,90.6,77.1,73.3,32.5,83.8,84.0,73.03,88.8,40.0,Tier 3,0.8999999999999986,Near market,Patrick Dorgu,MUN,"D,M",M,7.157894736842105,18.133333333333333,17.07112970711297,5.184210526315789,13.133333333333333,12.364016736401673,41.929824561403514,6.0985717959702015,0.18748650038965575,0.19526905165868322,0.382755552048339,68.91025641025641,82.54437869822485,6.899999999999999,6.0,-0.0,0.5749999999999998,Strong Value,M,3,3
35,3,11,11,wmuck1,E. Le Fee,"M,F",SUN,3-11,06v0p,Enzo Le Fee,SUN,M,"M,F",50.0,18.0,50.0,347.0,11.19,100.0,,99,1.0,FA,@IPS Sat 9:00AM,enzo le fee,False,True,Matched eligible,pr_b8e7051f339683f0,542.0,06v0p,Enzo Le Fée,Enzo Le Fée,Sunderland,SUN,M,True,a,,SUN,"M,F",Confirmed,Exact Name + Club,95.0,Official FPL API,2026-07-30T01:09:03.040438+00:00,06v0p,Player Registry,Exact Name + Club,SUN,Confirmed,False,Enzo Le Fee,SUN,"M,F",38.0,2297.0,26.0,292.5,221.5,4.0,5.0,5.268677884712814,7.546418207697569,0.0,53.0,2953.0,8651.0,538.0,6.0,84.5,7.697368421052632,7.911,11.460600783630824,0.3905718416244275,0.6842105263157895,1.0,True,True,matched by historical Fantrax ID,normalized Fantrax ID,1.0,221.5,7.911,28.0,292.5,8.678711362646931,75.72649572649573,7.9,49.1,27.1,43.6,42.0,37.67,80.4,Likely Starter,90,False,81.5,91.7,74.3,80.4,3.8,23.7,68.19,95.5,62.0,Tier 3,-12.0,Reach,Enzo Le Fee,SUN,"M,F",M,7.697368421052632,11.25,11.460600783630824,5.828947368421052,8.51923076923077,8.678711362646931,67.16374269005848,12.815096092410384,0.2064349192965404,0.29568029546921254,0.5021152147657529,3.205128205128205,24.2603550295858,15.0,27.0,-0.0,1.25,Strong Value,M,3,3
36,3,12,12,Up the Arse-nal,J. Hill,F,BOU,3-12,061vb,James Hill,BOU,D,D,47.6,24.0,47.6,339.5,11.32,100.0,,95,0.0,FA,@MCI Sun 8:00AM,james hill,False,True,Matched eligible,pr_5806465caac71606,60.0,061vb,James Hill,James Hill,Bournemouth,BOU,D,True,a,,BOU,D,Confirmed,Exact Name + Club,95.0,Official FPL API,2026-07-30T01:09:03.040438+00:00,061vb,Player Registry,Exact Name + Club,BOU,Confirmed,False,James Hill,BOU,D,38.0,1350.0,15.0,233.0,189.0,0.0,2.0,0.950251823291182,1.4291670992970462,0.0,13.0,2100.0,10747.0,540.0,6.0,81.0,6.131578947368421,12.6,15.533333333333337,0.1019750966823526,0.3947368421052631,1.0,True,True,matched by historical Fantrax ID,normalized Fantrax ID,1.0,189.0,12.6,15.0,233.0,12.6,81.11587982832617,73.4,43.8,58.6,39.93333333333333,43.7,39.440000000000005,63.7,Likely Rotation,75,False,87.7,100.0,28.0,63.7,64.2,57.7,70.43,88.8,51.0,Tier 3,-3.3999999999999986,Near market,James Hill,BOU,D,D,6.131578947368421,15.533333333333333,15.533333333333333,4.973684210526316,12.6,12.6,39.473684210526315,2.3794189225882283,0.06335012155274547,0.09527780661980308,0.15862792817254856,52.56410256410257,59.76331360946746,11.600000000000001,15.0,-0.0,0.9666666666666668,Strong Value,D,3,3
37,4,1,12,Up the Arse-nal,J. Garner,"D,M",EVE,4-1,04spw,James Garner,EVE,M,"D,M",32.1,21.0,32.1,343.0,9.8,100.0,,98,1.0,FA,CRY Sat 9:00AM,james garner,False,True,Matched eligible,pr_dfe2e59ea9df2439,239.0,04spw,James Garner,James Garner,Everton,EVE,M,True,i,Groin injury - Expected back 22 Aug,EVE,"D,M",Confirmed,Exact Name + Club,95.0,Official FPL API,2026-07-30T01:09:03.040438+00:00,04spw,Player Registry,Exact Name + Club,EVE,Confirmed,False,James Garner,EVE,"D,M",38.0,3143.0,35.0,411.0,339.0,1.0,7.0,2.0756452949717628,6.066574491560458,0.0,56.0,3417.0,7438.0,540.0,6.0,68.0,10.81578947368421,9.686,11.769010499522748,0.2144570619806555,0.9210526315789472,1.0,True,True,matched by historical Fantrax ID,normalized Fantrax ID,1.0,339.0,9.686,35.0,411.0,9.70728603245307,82.48175182481752,18.7,43.5,29.0,42.06666666666666,41.9,42.48,95.2,Locked Starter,90,False,88.5,98.3,52.6,95.2,13.5,18.7,71.45,95.5,47.0,Tier 3,-14.9,Reach,James Garner,EVE,"D,M",M,10.81578947368421,11.742857142857142,11.769010499522748,8.921052631578947,9.685714285714285,9.70728603245307,91.90058479532163,8.142219786532221,0.059436231800018655,0.1737167369520971,0.23315296875211577,8.974358974358974,18.93491124260355,-4.899999999999999,10.0,0.4083333333333332,0.0,Fair Value,M,4,4
38,4,2,11,wmuck1,Iliman Ndiaye,"M,F",EVE,4-2,05r94,Iliman Ndiaye,EVE,M,"M,F",34.6,73.0,34.6,274.5,7.84,100.0,,99,0.0,FA,CRY Sat 9:00AM,iliman ndiaye,False,True,Matched eligible,pr_47680bd841752bac,237.0,05r94,Iliman Ndiaye,Iliman Ndiaye,Everton,EVE,M,True,a,,EVE,"M,F",Confirmed,Exact Name + Club,95.0,Official FPL API,2026-07-30T01:09:03.040438+00:00,05r94,Player Registry,Exact Name + Club,EVE,Confirmed,False,Iliman Ndiaye,EVE,"M,F",38.0,2775.0,32.0,304.0,230.0,6.0,3.0,6.143797228112816,4.457025814801454,0.0,30.0,2805.0,9307.0,540.0,6.0,42.0,8.0,6.053,9.85945945945946,0.3401333596656984,0.8421052631578947,1.0,True,True,matched by historical Fantrax ID,normalized Fantrax ID,1.0,230.0,6.053,38.0,304.0,7.45945945945946,75.6578947368421,18.7,43.5,29.0,42.06666666666666,41.9,42.48,89.3,Locked Starter,90,False,74.7,79.7,67.7,89.3,13.5,18.7,65.61,95.5,77.0,Tier 4,-42.4,Major reach,Iliman Ndiaye,EVE,"M,F",M,8.0,9.5,9.85945945945946,6.052631578947368,7.1875,7.45945945945946,81.14035087719299,10.60082304291427,0.19925828847933458,0.14455218858815527,0.34381047706748985,8.974358974358974,18.93491124260355,-3.3999999999999986,39.0,0.2833333333333332,0.0,Fair Value,M,4,4
39,4,3,10,epatel3,M. Lacroix,D,CHE,4-3,06pia,Maxence Lacroix,CRY,D,D,80.7,78.0,80.7,268.5,8.66,100.0,,99,1.0,FA,@FUL Mon 2:00PM,maxence lacroix,False,True,Matched eligible,pr_13aa175b61be9d3d,200.0,06pia,Maxence Lacroix,Maxence Lacroix,Crystal Palace,CRY,D,True,a,,CRY,D,Confirmed,Exact Name + Club,95.0,Official FPL API,2026-07-30T01:09:03.040438+00:00,06pia,Player Registry,Exact Name + Club,CRY,Confirmed,False,Maxence Lacroix,CRY,D,38.0,3085.0,35.0,411.0,367.0,1.0,2.0,3.0068348469212647,1.2868863735347982,0.0,7.0,3094.0,8853.0,510.0,6.0,59.5,10.81578947368421,9.658,11.9902755267423,0.1248981609053153,0.9210526315789472,1.0,True,True,matched by historical Fantrax ID,normalized Fantrax ID,1.0,367.0,9.658,38.0,411.0,10.706645056726094,89.29440389294405,18.2,57.9,33.9,40.0,40.32,42.81,92.8,Locked Starter,90,False,89.3,98.1,33.1,92.8,19.2,7.1,67.67,95.5,67.0,Tier 3,13.700000000000005,Value,Maxence Lacroix,CRY,D,D,10.81578947368421,11.742857142857142,11.990275526742302,9.657894736842104,10.485714285714286,10.706645056726094,90.2046783625731,4.293721220456063,0.08771965517760577,0.0375428763754074,0.12526253155301317,32.371794871794876,7.396449704142012,41.7,28.0,-0.0,3.475,Elite Value,D,4,4
40,4,4,9,The Facerockers,N. Mukiele,D,SUN,4-4,0703c,Nordi Mukiele,SUN,D,D,54.8,11.0,54.8,367.0,11.84,100.0,,96,1.0,FA,@IPS Sat 9:00AM,nordi mukiele,False,True,Matched eligible,pr_ce87cfe19ab26a49,533.0,0703c,Nordi Mukiele,Nordi Mukiele,Sunderland,SUN,D,True,a,,SUN,D,Confirmed,Exact Name + Club,95.0,Official FPL API,2026-07-30T01:09:03.040438+00:00,0703c,Player Registry,Exact Name + Club,SUN,Confirmed,False,Nordi Mukiele,SUN,D,38.0,2514.0,29.0,346.0,269.0,3.0,5.0,2.778892433270812,2.752836622297763,0.0,23.0,2793.0,5659.0,540.0,6.0,55.0,9.105263157894736,8.152,12.386634844868736,0.178251204798128,0.7631578947368421,1.0,True,True,matched by historical Fantrax ID,normalized Fantrax ID,1.0,269.0,8.152,33.0,346.0,9.630071599045346,77.74566473988439,7.9,49.1,27.1,43.6,42.0,37.67,84.7,Locked Starter,90,False,88.7,92.7,46.6,84.7,3.8,23.7,67.18,95.5,72.0,Tier 3,-17.200000000000003,Reach,Nordi Mukiele,SUN,D,D,9.105263157894736,11.931034482758621,12.386634844868736,7.078947368421052,9.275862068965518,9.630071599045346,73.50877192982456,5.531729055568575,0.09948302267079279,0.09855023707509891,0.1980332597458917,3.205128205128205,24.2603550295858,14.799999999999997,32.0,-0.0,1.2333333333333332,Strong Value,D,4,4
41,4,5,8,nhauptma,S. Botman,D,NEW,4-5,062a9,Sven Botman,NEW,D,D,92.6,9.0,92.6,376.5,12.15,96.0,,92,-4.0,FA,LIV Sun 10:30AM,sven botman,False,True,Matched eligible,pr_6e16f6a4b7ac5665,447.0,062a9,Sven Botman,Sven Botman,Newcastle,NEW,D,True,a,,NEW,D,Confirmed,Exact Name + Club,95.0,Official FPL API,2026-07-30T01:09:03.040438+00:00,062a9,Player Registry,Exact Name + Club,NEW,Confirmed,False,Sven Botman,NEW,D,38.0,1180.0,14.0,140.5,132.5,0.0,0.0,1.551029903814196,1.4832177460193632,0.0,6.0,1842.0,8635.0,450.0,5.0,68.5,3.697368421052632,5.521,10.716101694915254,0.148253142500011,0.3684210526315789,0.8333333333333334,True,True,matched by historical Fantrax ID,normalized Fantrax ID,1.0,132.5,5.521,24.0,140.5,10.10593220338983,94.30604982206404,62.2,27.4,49.3,42.16666666666666,42.86,46.68,54.5,Likely Rotation,55,False,68.8,74.8,39.7,54.5,53.2,36.6,57.67,79.8,134.0,Tier 5,-41.400000000000006,Major reach,Sven Botman,NEW,D,D,3.6973684210526314,10.035714285714286,10.716101694915254,3.486842105263158,9.464285714285714,10.10593220338983,34.50292397660819,3.034247649833559,0.11829889096887936,0.11312677723876499,0.23142566820764435,46.15384615384615,39.64497041420118,51.599999999999994,93.0,-0.0,4.3,Elite Value,D,4,4
42,4,6,7,yudesh,Bruno Guimaraes,M,NEW,4-6,05ylj,Bruno Guimaraes,NEW,M,M,29.8,44.0,29.8,299.5,8.56,100.0,,100,0.0,FA,LIV Sun 10:30AM,bruno guimaraes,False,True,Matched eligible,pr_ed3f6fe23a1573ef,452.0,05ylj,Bruno Guimarães Rodriguez Moura,Bruno Guimarães Rodriguez Moura,Newcastle,NEW,M,True,a,,NEW,M,Confirmed,Ordered Token Expanded Name,85.0,Official FPL API,2026-07-30T01:09:03.040438+00:00,05ylj,Player Registry,Ordered Token Expanded Name,NEW,Confirmed,False,Bruno Guimaraes,NEW,M,38.0,2447.0,27.0,358.5,229.5,9.0,7.0,6.597308051772415,3.8693104553967705,0.0,44.0,2467.0,8327.0,433.0,5.0,49.0,9.43421052631579,6.039,13.18553330608909,0.3818385349190218,0.7105263157894737,0.8333333333333334,True,True,matched by historical Fantrax ID,normalized Fantrax ID,1.0,229.5,6.039,38.0,358.5,8.440948099713935,64.01673640167364,62.2,27.4,49.3,42.16666666666666,42.86,46.68,75.2,Likely Starter,90,False,93.0,79.3,73.0,75.2,53.2,36.6,74.77,95.5,33.0,Tier 2,-3.1999999999999997,Near market,Bruno Guimaraes,NEW,M,M,9.43421052631579,13.277777777777779,13.185533306089088,6.0394736842105265,8.5,8.440948099713935,71.54970760233918,10.466618507169185,0.2426472107313107,0.14231219492673042,0.38495940565804115,46.15384615384615,39.64497041420118,-12.2,-9.0,1.0166666666666666,0.0,Slight Reach,M,4,4
43,4,7,6,Berkshire's Club,D. Ouattara,"M,F",BRF,4-7,068lx,Dango Ouattara,BRF,M,"M,F",48.6,51.0,48.6,291.0,9.09,100.0,,98,-1.0,FA,TOT Sat 11:30AM,dango ouattara,False,True,Matched eligible,pr_bbe3dd6e230317d6,95.0,068lx,Dango Ouattara,Dango Ouattara,Brentford,BRF,M,True,a,,BOU/BRF,"M,F",Transferred,Exact Name + Club,95.0,Official FPL API,2026-07-30T01:09:03.040438+00:00,068lx,Player Registry,Exact Name + Club,BRF,Transferred,False,Dango Ouattara,BOU/BRF,"M,F",38.0,2261.0,25.0,327.0,214.0,7.0,8.0,8.694322310388086,5.863189795985818,0.0,27.0,2303.0,9662.0,470.0,5.0,70.0,8.605263157894736,5.632,13.016364440513046,0.5688997349429663,0.6578947368421053,0.8333333333333334,True,True,matched by historical Fantrax ID,normalized Fantrax ID,1.0,214.0,5.632,38.0,327.0,8.518354710305175,65.4434250764526,29.4,35.6,32.6,45.36666666666667,47.48,44.42,66.0,Likely Rotation,75,True,90.0,76.2,87.3,66.0,20.9,78.0,74.61,88.8,35.0,Tier 2,13.6,Value,Dango Ouattara,BRF,"M,F",M,8.605263157894736,13.08,13.016364440513046,5.631578947368421,8.56,8.518354710305175,66.11111111111111,14.557512106373904,0.3460809411476903,0.23338659072920107,0.5794675318768914,18.58974358974359,76.92307692307693,5.600000000000001,-8.0,-0.0,0.4666666666666668,Fair Value,M,4,4
44,4,8,5,KindComet,M. Tavernier,M,BOU,4-8,0639x,Marcus Tavernier,BOU,M,M,38.4,46.0,38.4,297.5,8.75,100.0,,99,0.0,FA,@MCI Sun 8:00AM,marcus tavernier,False,True,Matched eligible,pr_fcf2af15118d7978,68.0,0639x,Marcus Tavernier,Marcus Tavernier,Bournemouth,BOU,M,True,a,,BOU,M,Confirmed,Exact Name + Club,95.0,Official FPL API,2026-07-30T01:09:03.040438+00:00,0639x,Player Registry,Exact Name + Club,BOU,Confirmed,False,Marcus Tavernier,BOU,M,38.0,2719.0,31.0,354.5,256.5,7.0,4.0,9.397737859748304,6.158757623285054,0.0,52.0,2779.0,10741.0,518.0,6.0,80.5,9.328947368421051,6.75,11.734093416697316,0.5038087777880541,0.8157894736842105,1.0,True,True,matched by historical Fantrax ID,normalized Fantrax ID,1.0,256.5,6.75,38.0,354.5,8.490253769768296,72.35543018335684,73.4,43.8,58.6,39.93333333333333,43.7,39.440000000000005,86.9,Locked Starter,90,False,86.8,85.1,83.6,86.9,64.2,57.7,80.92,95.5,13.0,Tier 2,25.4,Strong value,Marcus Tavernier,BOU,M,M,9.328947368421053,11.435483870967742,11.734093416697315,6.75,8.274193548387096,8.490253769768296,79.50292397660819,15.556495483033359,0.311068925111198,0.20385736892079986,0.5149262940319979,52.56410256410257,59.76331360946746,-5.600000000000001,-31.0,0.4666666666666668,0.0,Fair Value,M,4,4
45,4,9,4,Count Doku,J. van Hecke,D,TOT,4-9,05oh0,Jan-Paul van Hecke,TOT,D,D,83.8,43.0,83.8,305.0,9.84,100.0,,99,1.0,FA,@BRF Sat 11:30AM,jan paul van hecke,False,True,Matched eligible,pr_e57c0d25a5f267f6,112.0,05oh0,Jan Paul van Hecke,Jan Paul van Hecke,Spurs,TOT,D,True,a,,BHA,D,Transferred,Exact Name + Club,95.0,Official FPL API,2026-07-30T01:09:03.040438+00:00,05oh0,Player Registry,Exact Name + Club,TOT,Transferred,False,Jan-Paul van Hecke,BHA,D,38.0,2580.0,29.0,365.0,288.0,2.0,3.0,3.358578664250671,1.0255657620728011,0.0,12.0,3214.0,10807.0,540.0,6.0,77.0,9.605263157894736,9.29,12.732558139534884,0.1227669565554177,0.7631578947368421,1.0,True,True,matched by historical Fantrax ID,normalized Fantrax ID,1.0,288.0,9.29,31.0,365.0,10.046511627906977,78.9041095890411,30.7,33.2,33.3,51.5,51.620000000000005,49.47,77.4,Likely Starter,75,True,91.1,97.1,32.5,77.4,28.3,96.5,74.74,88.8,34.0,Tier 2,49.8,Strong value,Jan-Paul van Hecke,TOT,D,D,9.605263157894736,12.586206896551724,12.732558139534882,7.578947368421052,9.931034482758621,10.046511627906977,75.43859649122807,4.384144426323472,0.11715972084595364,0.03577554983974888,0.1529352706857025,25.320512820512818,96.7455621301775,38.8,-11.0,-0.0,3.233333333333333,Elite Value,D,4,4
46,4,10,3,Robertske,D. Ballard,D,SUN,4-10,05nns,Danny Ballard,SUN,D,D,67.9,14.0,67.9,361.5,11.66,100.0,,94,1.0,FA,@IPS Sat 9:00AM,danny ballard,False,True,Matched eligible,pr_16e9fdda80585024,532.0,05nns,Daniel Ballard,Daniel Ballard,Sunderland,SUN,D,True,a,,SUN,D,Confirmed,Explicit Player Alias,92.0,Official FPL API,2026-07-30T01:09:03.040438+00:00,05nns,Player Registry,Explicit Player Alias,SUN,Confirmed,False,Danny Ballard,SUN,D,38.0,1998.0,23.0,282.0,260.0,1.0,2.0,3.6954356245696536,1.5805855486541982,0.0,14.0,2143.0,13715.0,140.0,2.0,-5.0,7.421052631578948,7.647,12.702702702702704,0.2215781174009083,0.6052631578947368,0.3333333333333333,True,True,matched by historical Fantrax ID,normalized Fantrax ID,1.0,260.0,7.647,34.0,282.0,11.711711711711713,92.19858156028369,7.9,49.1,27.1,43.6,42.0,37.67,46.6,Likely Rotation,75,False,85.4,91.3,53.7,46.6,3.8,23.7,59.46,88.8,117.0,Tier 4,-49.1,Major reach,Danny Ballard,SUN,D,D,7.421052631578948,12.26086956521739,12.702702702702704,6.842105263157895,11.304347826086957,11.711711711711713,58.42105263157895,5.276021173223851,0.16646106416980422,0.0711975472366756,0.23765861140647979,3.205128205128205,24.2603550295858,21.900000000000006,71.0,-0.0,1.8250000000000004,Strong Value,D,4,4
47,4,11,2,tpem,P. Gross,M,BHA,4-11,04fk1,Pascal Gross,BHA,M,M,32.7,32.0,32.7,318.0,10.26,100.0,,95,2.0,FA,AVL Sun 8:00AM,pascal gross,False,True,Matched eligible,pr_9bde7d9c1f7c1b22,124.0,04fk1,Pascal Groß,Pascal Groß,Brighton,BHA,M,True,a,,BHA,M,Confirmed,Exact Name + Club,95.0,Official FPL API,2026-07-30T01:09:03.040438+00:00,04fk1,Player Registry,Exact Name + Club,BHA,Confirmed,False,Pascal Gross,BHA,M,38.0,1615.0,18.0,237.0,186.0,1.0,6.0,1.252993337810039,3.294188858941197,0.0,39.0,1635.0,239.0,540.0,6.0,81.0,6.2368421052631575,10.333,13.207430340557275,0.2503036071606185,0.4736842105263157,1.0,True,True,matched by historical Fantrax ID,normalized Fantrax ID,1.0,186.0,10.333,18.0,237.0,10.36532507739938,78.48101265822784,,,,,,,68.4,Likely Starter,75,False,85.6,98.7,60.1,68.4,0.0,0.0,63.17,78.8,92.0,Tier 4,-59.3,Major reach,Pascal Gross,BHA,M,M,6.2368421052631575,13.166666666666666,13.207430340557277,4.894736842105263,10.333333333333334,10.365325077399381,47.22222222222222,4.547182196751236,0.0698262541194449,0.18357708811437012,0.25340334223381505,,,-14.299999999999997,45.0,1.1916666666666664,0.0,Slight Reach,M,4,4
48,4,12,1,Pot Splashers,Mateus Fernandes,M,TOT,4-12,06pe1,Mateus Fernandes,TOT,M,M,83.5,92.0,83.5,261.5,8.72,96.0,,96,2.0,FA,@BRF Sat 11:30AM,mateus fernandes,False,True,Matched eligible,pr_de41a73cc01c496b,525.0,06pe1,Mateus Fernandes,Mateus Fernandes,Spurs,TOT,M,True,a,,SOU/WHU,"M,F",Transferred,Explicit Player Alias,92.0,Official FPL API,2026-07-30T01:09:03.040438+00:00,06pe1,Player Registry,Explicit Player Alias,TOT,Transferred,False,Mateus Goncalo Espanha Fernandes,SOU/WHU,"M,F",38.0,2129.0,24.0,191.5,157.5,2.0,2.0,1.8216427816078056,3.336049569770693,0.0,37.0,3044.0,12948.0,540.0,6.0,50.5,5.039473684210527,6.562,8.095349929544387,0.1524941891012039,0.631578947368421,1.0,True,True,matched by historical Fantrax ID,normalized Fantrax ID,1.0,157.5,6.562,24.0,191.5,6.658055425082198,82.24543080939948,30.7,33.2,33.3,51.5,51.620000000000005,49.47,69.5,Likely Starter,60,True,58.0,83.5,40.5,69.5,28.3,96.5,62.38,82.0,98.0,Tier 4,-14.5,Reach,Mateus Fernandes,TOT,M,M,5.0394736842105265,7.979166666666667,8.095349929544387,4.144736842105263,6.5625,6.658055425082198,62.251461988304094,5.157692351378499,0.07700697526759159,0.1410260503895549,0.2180330256571465,25.320512820512818,96.7455621301775,35.5,50.0,-0.0,2.9583333333333335,Elite Value,M,4,4
49,5,1,1,Pot Splashers,J. Gvardiol,D,MCI,5-1,06ex4,Josko Gvardiol,MCI,D,D,85.8,65.0,85.8,280.0,9.66,100.0,,100,0.0,FA,BOU Sun 8:00AM,josko gvardiol,False,True,Matched eligible,pr_16794967f48eec62,391.0,06ex4,Joško Gvardiol,Joško Gvardiol,Man City,MCI,D,True,a,,MCI,D,Confirmed,Exact Name + Club,95.0,Official FPL API,2026-07-30T01:09:03.040438+00:00,06ex4,Player Registry,Exact Name + Club,MCI,Confirmed,False,Josko Gvardiol,MCI,D,38.0,1369.0,16.0,174.5,114.5,2.0,2.0,1.8614049591124056,0.437604747712612,0.0,4.0,1374.0,9790.0,69.0,1.0,8.0,4.592105263157895,3.013,11.471877282688093,0.1505901554688876,0.4210526315789473,0.1666666666666666,True,True,matched by historical Fantrax ID,normalized Fantrax ID,1.0,114.5,3.013,38.0,174.5,7.527392257121987,65.61604584527221,98.2,94.1,96.1,43.93333333333333,42.42,45.38,29.9,Rotation Risk,75,False,74.6,56.9,39.9,29.9,96.2,30.3,55.56,88.8,154.0,Tier 5,-68.2,Major reach,Josko Gvardiol,MCI,D,D,4.592105263157895,10.90625,11.471877282688094,3.013157894736842,7.15625,7.527392257121988,40.02923976608187,2.2990097068250175,0.12237139979555625,0.028768756241150533,0.15114015603670677,95.1923076923077,31.65680473372781,36.8,105.0,-0.0,3.0666666666666664,Elite Value,D,5,5
50,5,2,2,tpem,A. Diallo,"M,F",MUN,5-2,05r34,Amad Diallo,MUN,M,"M,F",54.6,77.0,54.6,268.5,8.95,100.0,,99,-1.0,FA,@HUL Sat 6:30AM,amad diallo,False,True,Matched eligible,pr_9a13c659886b570d,431.0,05r34,Amad Diallo,Amad Diallo,Man Utd,MUN,M,True,a,,MUN,"M,F",Confirmed,Exact Name + Club,95.0,Official FPL API,2026-07-30T01:09:03.040438+00:00,05r34,Player Registry,Exact Name + Club,MUN,Confirmed,False,Amad Diallo,MUN,"M,F",38.0,2333.0,27.0,283.5,230.5,2.0,5.0,5.730035418644547,5.64722729474306,0.0,40.0,2341.0,8127.0,354.0,4.0,35.5,7.4605263157894735,6.066,10.936562366052293,0.4374001043164821,0.7105263157894737,0.6666666666666666,True,True,matched by historical Fantrax ID,normalized Fantrax ID,1.0,230.5,6.066,38.0,283.5,8.891984569224176,81.30511463844798,90.6,59.4,72.4,44.06666666666666,49.54,46.89,67.8,Likely Rotation,90,False,78.6,80.2,79.4,67.8,83.8,84.0,77.86,95.5,24.0,Tier 2,30.6,Strong value,Amad Diallo,MUN,"M,F",M,7.4605263157894735,10.5,10.936562366052295,6.065789473684211,8.537037037037036,8.891984569224176,68.21637426900585,11.377262713387607,0.2210472300377236,0.21785274604666757,0.4388999760843912,68.91025641025641,82.54437869822485,4.600000000000001,-26.0,-0.0,0.38333333333333347,Fair Value,M,5,5
51,5,3,3,Robertske,L. Hall,D,NEW,5-3,05y9n,Lewis Hall,NEW,D,D,79.6,16.0,79.6,353.5,10.71,100.0,,98,1.0,FA,LIV Sun 10:30AM,lewis hall,False,True,Matched eligible,pr_3155624400344969,449.0,05y9n,Lewis Hall,Lewis Hall,Newcastle,NEW,D,True,a,,NEW,D,Confirmed,Exact Name + Club,95.0,Official FPL API,2026-07-30T01:09:03.040438+00:00,05y9n,Player Registry,Exact Name + Club,NEW,Confirmed,False,Lewis Hall,NEW,D,38.0,2171.0,24.0,245.5,229.5,1.0,2.0,1.2881421977654093,2.5339094949886194,0.0,25.0,2164.0,10216.0,337.0,4.0,26.0,6.4605263157894735,6.039,10.177337632427452,0.1589577875914337,0.631578947368421,0.6666666666666666,True,True,matched by historical Fantrax ID,normalized Fantrax ID,1.0,229.5,6.039,38.0,245.5,9.514048825426071,93.48268839103868,62.2,27.4,49.3,42.16666666666666,42.86,46.68,63.4,Likely Rotation,75,False,73.3,79.3,41.8,63.4,53.2,36.6,61.81,88.8,100.0,Tier 4,-20.40000000000001,Major reach,Lewis Hall,NEW,D,D,6.4605263157894735,10.229166666666666,10.177337632427452,6.0394736842105265,9.5625,9.51404882542607,63.47953216374269,3.8220516927540285,0.05340064385024727,0.1050446128737797,0.15844525672402696,46.15384615384615,39.64497041420118,28.599999999999994,49.0,-0.0,2.383333333333333,Elite Value,D,5,5
52,5,4,4,Count Doku,Y. Minteh,"M,F",BHA,5-4,06c6g,Yankuba Minteh,BHA,M,"M,F",37.2,239.0,37.2,77.5,11.07,100.0,,94,0.0,FA,AVL Sun 8:00AM,yankuba minteh,False,True,Matched eligible,pr_10d36a74d20364a2,122.0,06c6g,Yankuba Minteh,Yankuba Minteh,Brighton,BHA,M,True,a,,BHA,"M,F",Confirmed,Exact Name + Club,95.0,Official FPL API,2026-07-30T01:09:03.040438+00:00,06c6g,Player Registry,Exact Name + Club,BHA,Confirmed,False,Yankuba Minteh,BHA,"M,F",38.0,2378.0,26.0,348.5,269.5,3.0,8.0,4.752463513985275,5.841520894318818,0.0,44.0,2410.0,12759.0,479.0,5.0,54.0,9.171052631578949,7.092,13.189655172413792,0.3956259737540947,0.6842105263157895,0.8333333333333334,True,True,matched by historical Fantrax ID,normalized Fantrax ID,1.0,269.5,7.092,38.0,348.5,10.199747687132044,77.33142037302726,,,,,,,76.4,Likely Starter,90,False,92.6,89.2,74.9,76.4,0.0,0.0,67.67,85.5,68.0,Tier 3,-30.8,Major reach,Yankuba Minteh,BHA,"M,F",M,9.171052631578947,13.403846153846153,13.189655172413794,7.092105263157895,10.365384615384615,10.199747687132044,69.53216374269006,10.593984408304093,0.17986615486067065,0.22108363351080473,0.4009497883714754,,,-14.799999999999997,16.0,1.2333333333333332,0.0,Slight Reach,M,5,5
53,5,5,5,KindComet,N. O'Reilly,"D,M",MCI,5-5,067x8,Nico O'Reilly,MCI,D,"D,M",55.4,197.0,55.4,183.5,6.55,100.0,,98,1.0,FA,BOU Sun 8:00AM,nico o reilly,False,True,Matched eligible,pr_9c2114f0defd99b8,387.0,067x8,Nico O'Reilly,Nico O'Reilly,Man City,MCI,D,True,a,,MCI,"D,M",Confirmed,Exact Name + Club,95.0,Official FPL API,2026-07-30T01:09:03.040438+00:00,067x8,Player Registry,Exact Name + Club,MCI,Confirmed,False,Nico OReilly,MCI,"D,M",38.0,2047.0,23.0,224.5,40.5,4.0,3.0,6.727011270821095,3.8474397435784335,0.0,23.0,2646.0,11592.0,450.0,5.0,43.5,5.907894736842105,4.05,9.870542256961407,0.3596752045714125,0.6052631578947368,0.8333333333333334,True,True,matched by historical Fantrax ID,normalized Fantrax ID,1.0,40.5,4.05,10.0,71.5,1.7806546165119688,56.64335664335665,98.2,94.1,96.1,43.93333333333333,42.42,45.38,69.4,Likely Starter,75,False,69.7,63.8,69.3,69.4,96.2,30.3,67.42,88.8,71.0,Tier 3,-15.6,Reach,Nico O'Reilly,MCI,"D,M",D,5.907894736842105,9.76086956521739,9.870542256961407,1.0657894736842106,1.7608695652173914,1.7806546165119688,59.853801169590646,10.574451014399529,0.2957650290053242,0.169159539287767,0.46492456829309114,95.1923076923077,31.65680473372781,2.3999999999999986,18.0,-0.0,0.19999999999999987,Fair Value,D,5,5
54,5,6,6,Berkshire's Club,Matheus Nunes,"D,M",MCI,5-6,063zi,Matheus Nunes,MCI,D,"D,M",61.9,150.0,61.9,220.0,7.59,100.0,,99,1.0,FA,BOU Sun 8:00AM,matheus nunes,False,True,Matched eligible,pr_42d45040ec2b1b52,389.0,063zi,Matheus Nunes,Matheus Nunes,Man City,MCI,D,True,a,,MCI,"D,M",Confirmed,Exact Name + Club,95.0,Official FPL API,2026-07-30T01:09:03.040438+00:00,063zi,Player Registry,Exact Name + Club,MCI,Confirmed,False,Matheus Nunes,MCI,"D,M",38.0,2636.0,30.0,337.5,240.5,0.0,7.0,0.6754733501002191,3.0990526378154746,0.0,28.0,2865.0,11000.0,507.0,6.0,56.5,8.881578947368421,7.074,11.523141122913504,0.1185714970025872,0.7894736842105263,1.0,True,True,matched by historical Fantrax ID,normalized Fantrax ID,1.0,240.5,7.074,34.0,337.5,8.211305007587253,71.25925925925925,98.2,94.1,96.1,43.93333333333333,42.42,45.38,84.8,Locked Starter,90,False,84.9,88.8,31.5,84.8,96.2,30.3,73.12,95.5,38.0,Tier 3,23.9,Strong value,Matheus Nunes,MCI,"D,M",D,8.881578947368421,11.25,11.523141122913506,6.328947368421052,8.016666666666667,8.211305007587253,77.07602339181287,3.774525987915694,0.023062443668065147,0.10580983968262243,0.12887228335068757,95.1923076923077,31.65680473372781,7.899999999999999,-16.0,-0.0,0.6583333333333332,Strong Value,D,5,5
55,5,7,7,yudesh,E. Fernandez,M,CHE,5-7,068ym,Enzo Fernandez,CHE,M,M,23.8,59.0,23.8,284.5,9.18,100.0,,100,0.0,FA,@FUL Mon 2:00PM,enzo fernandez,False,True,Matched eligible,pr_832cdd6809a3b44d,155.0,068ym,Enzo Fernández,Enzo Fernández,Chelsea,CHE,M,True,a,,CHE,M,Confirmed,Exact Name + Club,95.0,Official FPL API,2026-07-30T01:09:03.040438+00:00,068ym,Player Registry,Exact Name + Club,CHE,Confirmed,False,Enzo Fernandez,CHE,M,38.0,3113.0,35.0,386.5,258.5,10.0,5.0,11.91719657368958,8.865934781730175,0.0,68.0,3149.0,11356.0,537.0,6.0,75.5,10.171052631578949,6.803,11.174108576935431,0.593992322003105,0.9210526315789472,1.0,True,True,matched by historical Fantrax ID,normalized Fantrax ID,1.0,258.5,6.803,38.0,386.5,7.4734982332155475,66.88227684346701,68.4,56.8,65.6,50.53333333333333,46.98,47.54,94.7,Locked Starter,90,False,85.4,86.2,88.6,94.7,63.8,71.8,84.35,95.5,6.0,Tier 1,17.8,Value,Enzo Fernandez,CHE,M,M,10.171052631578947,11.042857142857143,11.174108576935431,6.802631578947368,7.385714285714286,7.4734982332155475,91.0233918128655,20.783131355419755,0.34453828834952205,0.25632320281262955,0.6008614911621516,62.82051282051282,71.59763313609467,-31.2,-49.0,2.6,0.0,Major Reach,M,5,5
56,5,8,8,nhauptma,A. Truffert,D,BOU,5-8,06uyc,Adrien Truffert,BOU,D,D,65.1,19.0,65.1,345.0,9.86,100.0,,98,0.0,FA,@MCI Sun 8:00AM,adrien truffert,False,True,Matched eligible,pr_7fc5fe0598e32d38,61.0,06uyc,Adrien Truffert,Adrien Truffert,Bournemouth,BOU,D,True,a,,BOU,D,Confirmed,Exact Name + Club,95.0,Official FPL API,2026-07-30T01:09:03.040438+00:00,06uyc,Player Registry,Exact Name + Club,BOU,Confirmed,False,Adrien Truffert,BOU,D,38.0,3378.0,38.0,416.5,348.5,1.0,6.0,1.9886900894343849,4.408130643889307,0.0,33.0,3391.0,8640.0,540.0,6.0,94.5,10.960526315789474,9.171,11.096802841918295,0.1697770173987414,1.0,1.0,True,True,matched by historical Fantrax ID,normalized Fantrax ID,1.0,348.5,9.171,38.0,416.5,9.285079928952042,83.6734693877551,73.4,43.8,58.6,39.93333333333333,43.7,39.440000000000005,99.5,Locked Starter,90,False,85.7,96.5,44.2,99.5,64.2,57.7,78.9,95.5,22.0,Tier 2,43.1,Strong value,Adrien Truffert,BOU,D,D,10.960526315789474,10.960526315789474,11.096802841918295,9.171052631578947,9.171052631578947,9.285079928952044,98.7719298245614,6.3968207333236915,0.05298463826201736,0.11744575427769025,0.1704303925397076,52.56410256410257,59.76331360946746,9.099999999999994,-34.0,-0.0,0.7583333333333329,Strong Value,D,5,5
57,5,9,9,The Facerockers,M. Kerkez,D,LIV,5-9,06do9,Milos Kerkez,LIV,D,D,69.6,100.0,69.6,258.0,8.32,100.0,,99,1.0,FA,@NEW Sun 10:30AM,milos kerkez,False,True,Matched eligible,pr_36eceed8b3fb4486,358.0,06do9,Milos Kerkez,Milos Kerkez,Liverpool,LIV,D,True,a,,LIV,D,Confirmed,Exact Name + Club,95.0,Official FPL API,2026-07-30T01:09:03.040438+00:00,06do9,Player Registry,Exact Name + Club,LIV,Confirmed,False,Milos Kerkez,LIV,D,38.0,2213.0,27.0,217.0,186.0,2.0,1.0,1.3935871431604026,1.8634965866804116,0.0,26.0,2271.0,11709.0,225.0,2.0,6.0,5.7105263157894735,5.027,8.825124265702666,0.1290786154494378,0.7105263157894737,0.3333333333333333,True,True,matched by historical Fantrax ID,normalized Fantrax ID,1.0,186.0,5.027,37.0,217.0,7.5643922277451425,85.71428571428571,83.8,61.5,74.8,46.4,49.71999999999999,50.39,55.9,Likely Rotation,90,False,63.0,70.4,34.7,55.9,77.2,90.1,62.55,95.5,97.0,Tier 4,-27.40000000000001,Major reach,Milos Kerkez,LIV,D,D,5.7105263157894735,8.037037037037036,8.825124265702666,4.894736842105263,6.888888888888889,7.5643922277451425,64.70760233918129,3.257083729840814,0.05667548255058122,0.07578612417588661,0.1324616067264678,76.28205128205127,89.3491124260355,12.599999999999994,40.0,-0.0,1.0499999999999996,Strong Value,D,5,5
58,5,10,10,epatel3,Igor Jesus,F,NOT,5-10,06y9o,Igor Jesus,NOT,F,F,127.5,295.0,127.5,49.0,6.12,91.0,,80,-1.0,FA,LEE Sat 9:00AM,igor jesus,False,True,Matched eligible,pr_ecfdf1e807e2fe63,491.0,06y9o,Igor Jesus Maciel da Cruz,Igor Jesus Maciel da Cruz,Nott'm Forest,NOT,F,True,a,,NOT,F,Confirmed,Ordered Token Expanded Name,85.0,Official FPL API,2026-07-30T01:09:03.040438+00:00,06y9o,Player Registry,Ordered Token Expanded Name,NOT,Confirmed,False,Igor Jesus Maciel da Cruz,NOT,F,38.0,82.0,1.0,10.5,10.5,0.0,0.0,7.199080093763768,2.2803503870964046,0.0,15.0,2379.0,13778.0,82.0,1.0,10.5,0.2763157894736842,10.5,11.52439024390244,0.3586165377374592,0.0263157894736842,0.1666666666666666,True,True,matched by historical Fantrax ID,normalized Fantrax ID,1.0,10.5,10.5,1.0,10.5,11.52439024390244,100.0,39.9,34.4,37.8,48.333333333333336,45.36,43.16,7.7,Bench / Unknown,55,False,60.1,98.8,69.0,7.7,43.2,66.2,55.71,79.8,153.0,Tier 5,-25.5,Major reach,Igor Jesus,NOT,F,F,0.27631578947368424,10.5,11.52439024390244,0.27631578947368424,10.5,11.52439024390244,2.39766081871345,9.479430480860172,7.901429371204135,2.5028235955936147,10.404252966797749,36.858974358974365,67.75147928994083,69.5,95.0,-0.0,5.791666666666667,Elite Value,F,5,5
59,5,11,11,wmuck1,M. Senesi,D,TOT,5-11,063e7,Marcos Senesi,TOT,D,D,81.7,67.0,81.7,279.0,9.3,100.0,,98,1.0,FA,@BRF Sat 11:30AM,marcos senesi,False,True,Matched eligible,pr_e53c96fffe89621d,498.0,063e7,Marcos Senesi Barón,Marcos Senesi Barón,Spurs,TOT,D,True,a,,BOU,D,Transferred,Ordered Token Expanded Name,85.0,Official FPL API,2026-07-30T01:09:03.040438+00:00,063e7,Player Registry,Ordered Token Expanded Name,TOT,Transferred,False,Marcos Senesi,BOU,D,38.0,3018.0,34.0,413.5,374.5,0.0,5.0,1.8506918372586365,4.026684596203268,0.0,24.0,3298.0,10864.0,540.0,6.0,87.5,10.88157894736842,10.7,12.331013916500996,0.1603892901793727,0.8947368421052632,1.0,True,True,matched by historical Fantrax ID,normalized Fantrax ID,1.0,374.5,10.7,35.0,413.5,11.167992047713716,90.5683192261185,30.7,33.2,33.3,51.5,51.620000000000005,49.47,85.2,Locked Starter,75,True,90.4,99.0,42.3,85.2,28.3,96.5,77.83,88.8,25.0,Tier 2,56.7,Strong value,Marcos Senesi,TOT,D,D,10.881578947368421,12.161764705882353,12.331013916500995,9.855263157894736,11.014705882352942,11.16799204771372,88.24561403508771,5.8773764334619045,0.05518961741327942,0.12008005754085292,0.17526967495413234,25.320512820512818,96.7455621301775,22.700000000000003,-34.0,-0.0,1.8916666666666668,Strong Value,D,5,5
60,5,12,12,Up the Arse-nal,M. Odegaard,M,ARS,5-12,05r9b,Martin Odegaard,ARS,M,M,28.2,25.0,28.2,339.5,11.32,100.0,,100,0.0,FA,COV Fri 2:00PM,martin odegaard,False,True,Matched eligible,pr_41ec866daf042593,15.0,05r9b,Martin Ødegaard,Martin Ødegaard,Arsenal,ARS,M,True,a,,ARS,M,Confirmed,Unique Fuzzy,75.0,Official FPL API,2026-07-30T01:09:03.040438+00:00,05r9b,Player Registry,Unique Fuzzy,ARS,Confirmed,False,Martin Odegaard,ARS,M,38.0,1265.0,15.0,171.0,114.0,1.0,7.0,1.2191198561340564,4.978420486673712,0.0,38.0,1347.0,2517.0,201.0,2.0,22.0,4.5,3.081,12.16600790513834,0.4140895551987373,0.3947368421052631,0.3333333333333333,True,True,matched by historical Fantrax ID,normalized Fantrax ID,1.0,114.0,3.081,37.0,171.0,8.110671936758893,66.66666666666666,86.2,100.0,90.6,40.0,43.64,45.32000000000001,37.2,Rotation Risk,75,False,76.7,57.3,76.5,37.2,84.0,52.3,64.15,88.8,83.0,Tier 4,-54.8,Major reach,Martin Odegaard,ARS,M,M,4.5,11.4,12.16600790513834,3.0,7.6,8.110671936758893,36.98830409356725,6.197540342807768,0.08673580004115816,0.3541959239530704,0.4409317239942286,85.25641025641025,52.662721893491124,-31.8,23.0,2.65,0.0,Major Reach,M,5,5
61,6,1,12,Up the Arse-nal,C. Gakpo,"M,F",LIV,6-1,067yv,Cody Gakpo,LIV,M,"M,F",26.9,48.0,26.9,293.0,9.45,100.0,,99,-1.0,FA,@NEW Sun 10:30AM,cody gakpo,False,True,Matched eligible,pr_fa8b9f746047b676,367.0,067yv,Cody Gakpo,Cody Gakpo,Liverpool,LIV,M,True,a,,LIV,"M,F",Confirmed,Exact Name + Club,95.0,Official FPL API,2026-07-30T01:09:03.040438+00:00,067yv,Player Registry,Exact Name + Club,LIV,Confirmed,False,Cody Gakpo,LIV,"M,F",38.0,2729.0,32.0,337.5,236.5,7.0,5.0,9.82609913870692,6.592332137748598,0.0,53.0,2758.0,11296.0,502.0,6.0,56.0,8.881578947368421,6.224,11.130450714547454,0.5357718690649009,0.8421052631578947,1.0,True,True,matched by historical Fantrax ID,normalized Fantrax ID,1.0,236.5,6.224,38.0,337.5,7.79956027849029,70.07407407407408,83.8,61.5,74.8,46.4,49.71999999999999,50.39,86.6,Locked Starter,90,False,83.2,81.3,85.2,86.6,77.2,90.1,83.97,95.5,8.0,Tier 1,18.9,Value,Cody Gakpo,LIV,"M,F",M,8.881578947368421,10.546875,11.130450714547454,6.223684210526316,7.390625,7.799560278490289,79.7953216374269,16.418431276455518,0.3240560360878061,0.21740926800929786,0.5414653040971039,76.28205128205127,89.3491124260355,-34.1,-53.0,2.841666666666667,0.0,Major Reach,M,6,6
62,6,2,11,wmuck1,H. Wilson,"M,F",LEE,6-2,03rxs,Harry Wilson,LEE,M,"M,F",48.1,88.0,48.1,265.0,8.55,100.0,,98,1.0,FA,@NOT Sat 9:00AM,harry wilson,False,True,Matched eligible,pr_9c2e53f366f2cf26,260.0,03rxs,Harry Wilson,Harry Wilson,Leeds,LEE,M,True,a,,FUL,"M,F",Transferred,Exact Name + Club,95.0,Official FPL API,2026-07-30T01:09:03.040438+00:00,03rxs,Player Registry,Exact Name + Club,LEE,Transferred,False,Harry Wilson,FUL,"M,F",38.0,2533.0,30.0,339.0,201.0,9.0,9.0,5.759745923802256,5.503671173006295,0.0,37.0,2751.0,5596.0,333.0,4.0,31.5,8.921052631578947,5.583,12.04500592183182,0.3684869279217628,0.7894736842105263,0.6666666666666666,True,True,matched by historical Fantrax ID,normalized Fantrax ID,1.0,201.0,5.583,36.0,339.0,7.1417291748914336,59.29203539823009,38.1,24.1,31.1,45.56666666666666,43.0,38.71,62.6,Likely Rotation,75,True,87.1,75.8,70.4,62.6,30.4,42.0,67.82,88.8,65.0,Tier 3,-16.9,Reach,Harry Wilson,LEE,"M,F",M,8.921052631578947,11.3,12.04500592183182,5.2894736842105265,6.7,7.141729174891433,74.06432748538012,11.263417096808551,0.20464948011930637,0.1955508904739702,0.40020037059327657,13.782051282051283,44.67455621301775,-13.899999999999999,3.0,1.1583333333333332,0.0,Slight Reach,M,6,6
63,6,3,10,epatel3,K. Dewsbury-Hall,M,EVE,6-3,05gcc,Kiernan Dewsbury-Hall,EVE,M,M,50.6,117.0,50.6,247.5,7.5,100.0,,100,0.0,FA,CRY Sat 9:00AM,kiernan dewsbury hall,False,True,Matched eligible,pr_d8513955615ea805,236.0,05gcc,Kiernan Dewsbury-Hall,Kiernan Dewsbury-Hall,Everton,EVE,M,True,a,,EVE,M,Confirmed,Exact Name + Club,95.0,Official FPL API,2026-07-30T01:09:03.040438+00:00,05gcc,Player Registry,Exact Name + Club,EVE,Confirmed,False,Kiernan Dewsbury-Hall,EVE,M,38.0,2443.0,28.0,283.0,162.0,8.0,7.0,4.33007102459669,6.574528481811284,0.0,36.0,2649.0,9739.0,529.0,6.0,59.5,7.447368421052632,4.5,10.425706099058536,0.370484694441947,0.7368421052631579,1.0,True,True,matched by historical Fantrax ID,normalized Fantrax ID,1.0,162.0,4.5,36.0,283.0,5.96807204257061,57.24381625441696,18.7,43.5,29.0,42.06666666666666,41.9,42.48,82.7,Likely Starter,90,False,76.8,67.1,70.9,82.7,13.5,18.7,63.5,95.5,89.0,Tier 4,-38.4,Major reach,Kiernan Dewsbury-Hall,EVE,M,M,7.447368421052632,10.107142857142858,10.425706099058534,4.2631578947368425,5.785714285714286,5.9680720425706095,71.4327485380117,10.904599506407974,0.1595196038533369,0.24220530632951925,0.40172491018285617,8.974358974358974,18.93491124260355,-12.399999999999999,26.0,1.0333333333333332,0.0,Slight Reach,M,6,6
64,6,4,9,The Facerockers,D. Calvert-Lewin,F,LEE,6-4,049tq,Dominic Calvert-Lewin,LEE,F,F,51.5,172.0,51.5,202.5,6.33,100.0,,96,-1.0,FA,@NOT Sat 9:00AM,dominic calvert lewin,False,True,Matched eligible,pr_750d10429982dc3b,346.0,049tq,Dominic Calvert-Lewin,Dominic Calvert-Lewin,Leeds,LEE,F,True,a,,LEE,F,Confirmed,Exact Name + Club,95.0,Official FPL API,2026-07-30T01:09:03.040438+00:00,049tq,Player Registry,Exact Name + Club,LEE,Confirmed,False,Dominic Calvert-Lewin,LEE,F,38.0,2103.0,24.0,225.5,138.5,9.0,1.0,18.671318570151925,1.5441157519817343,0.0,20.0,2732.0,5555.0,514.0,6.0,74.5,5.934210526315789,5.327,9.650499286733238,0.6659550106120167,0.631578947368421,1.0,True,True,matched by historical Fantrax ID,normalized Fantrax ID,1.0,138.5,5.327,26.0,225.5,5.927246790299573,61.4190687361419,38.1,24.1,31.1,45.56666666666666,43.0,38.71,75.8,Likely Starter,75,False,68.5,73.7,91.8,75.8,30.4,42.0,67.77,88.8,66.0,Tier 3,-14.5,Reach,Dominic Calvert-Lewin,LEE,F,F,5.934210526315789,9.395833333333334,9.650499286733238,3.6447368421052633,5.770833333333333,5.927246790299572,61.49122807017544,20.21543432213366,0.7990578560692693,0.06608198653274185,0.8651398426020112,13.782051282051283,44.67455621301775,-12.5,2.0,1.0416666666666667,0.0,Slight Reach,F,6,6
65,6,5,8,nhauptma,M. Thiaw,D,NEW,6-5,0700p,Malick Thiaw,NEW,D,D,96.5,23.0,96.5,342.0,10.36,100.0,,94,0.0,FA,LIV Sun 10:30AM,malick thiaw,False,True,Matched eligible,pr_76368ffff4df9a38,445.0,0700p,Malick Thiaw,Malick Thiaw,Newcastle,NEW,D,True,a,,NEW,D,Confirmed,Exact Name + Club,95.0,Official FPL API,2026-07-30T01:09:03.040438+00:00,0700p,Player Registry,Exact Name + Club,NEW,Confirmed,False,Malick Thiaw,NEW,D,38.0,2781.0,31.0,341.0,319.0,4.0,0.0,5.898031393066048,0.826870687305927,0.0,6.0,2968.0,8378.0,540.0,6.0,39.5,8.973684210526315,9.969,11.035598705501618,0.2039222328953766,0.8157894736842105,1.0,True,True,matched by historical Fantrax ID,normalized Fantrax ID,1.0,319.0,9.969,32.0,341.0,10.323624595469257,93.5483870967742,62.2,27.4,49.3,42.16666666666666,42.86,46.68,88.8,Locked Starter,90,False,83.0,98.5,50.0,88.8,53.2,36.6,73.9,95.5,37.0,Tier 3,59.5,Strong value,Malick Thiaw,NEW,D,D,8.973684210526315,11.0,11.035598705501618,8.394736842105264,10.290322580645162,10.323624595469257,81.3157894736842,6.724902080371975,0.19087480236459703,0.026759569168476605,0.21763437153307363,46.15384615384615,39.64497041420118,31.5,-28.0,-0.0,2.625,Elite Value,D,6,6
66,6,6,7,yudesh,C. Richards,D,CRY,6-6,0635j,Chris Richards,CRY,D,D,95.5,40.0,95.5,309.5,9.38,100.0,,92,1.0,FA,@EVE Sat 9:00AM,chris richards,False,True,Matched eligible,pr_b1a257b2771e2715,202.0,0635j,Chris Richards,Chris Richards,Crystal Palace,CRY,D,True,a,,CRY,D,Confirmed,Exact Name + Club,95.0,Official FPL API,2026-07-30T01:09:03.040438+00:00,0635j,Player Registry,Exact Name + Club,CRY,Confirmed,False,Chris Richards,CRY,D,38.0,2825.0,31.0,355.5,321.5,1.0,0.0,1.7814537715166805,0.4875335106626148,0.0,9.0,2819.0,8430.0,403.0,4.0,36.0,9.355263157894736,8.461,11.32566371681416,0.0724401757347061,0.8157894736842105,0.6666666666666666,True,True,matched by historical Fantrax ID,normalized Fantrax ID,1.0,321.5,8.461,38.0,355.5,10.242477876106197,90.43600562587903,18.2,57.9,33.9,40.0,40.32,42.81,78.4,Likely Starter,90,False,85.3,94.4,21.2,78.4,19.2,7.1,61.24,95.5,102.0,Tier 4,-6.5,Near market,Chris Richards,CRY,D,D,9.355263157894736,11.46774193548387,11.325663716814159,8.460526315789474,10.370967741935484,10.242477876106195,82.60233918128655,2.268987282179295,0.056754279446549115,0.015532041047658525,0.07228632049420763,32.371794871794876,7.396449704142012,29.5,36.0,-0.0,2.4583333333333335,Elite Value,D,6,6
67,6,7,6,Berkshire's Club,Y. Tielemans,M,MUN,6-7,04yo7,Youri Tielemans,MUN,M,M,56.5,31.0,56.5,320.5,10.34,100.0,,99,0.0,FA,@HUL Sat 6:30AM,youri tielemans,False,True,Matched eligible,pr_749464ce11d88f9b,43.0,04yo7,Youri Tielemans,Youri Tielemans,Man Utd,MUN,M,True,d,Hamstring injury - 75% chance of playing,AVL,M,Transferred,Exact Name + Club,95.0,Official FPL API,2026-07-30T01:09:03.040438+00:00,04yo7,Player Registry,Exact Name + Club,MUN,Transferred,False,Youri Tielemans,AVL,M,38.0,1813.0,21.0,195.5,173.5,0.0,3.0,1.8399642640724772,2.9822675781324497,0.0,32.0,1861.0,5956.0,448.0,5.0,40.0,5.144736842105263,7.229,9.704908990623275,0.2332084179465037,0.5526315789473685,0.8333333333333334,True,True,matched by historical Fantrax ID,normalized Fantrax ID,1.0,173.5,7.229,24.0,195.5,8.612796469939326,88.7468030690537,90.6,59.4,72.4,44.06666666666666,49.54,46.89,57.5,Likely Rotation,60,True,67.7,90.2,56.3,57.5,83.8,84.0,70.56,82.0,50.0,Tier 3,6.5,Near market,Youri Tielemans,MUN,M,M,5.144736842105263,9.30952380952381,9.704908990623275,4.565789473684211,8.261904761904763,8.612796469939326,53.01169590643274,4.822231842204927,0.09133854592748093,0.14804417100492026,0.2393827169324012,68.91025641025641,82.54437869822485,-10.5,-17.0,0.875,0.0,Slight Reach,M,6,6
68,6,8,5,KindComet,J. Maddison,M,TOT,6-8,0414o,James Maddison,TOT,M,M,62.3,308.0,62.3,46.5,23.25,100.0,,96,0.0,FA,@BRF Sat 11:30AM,james maddison,False,True,Matched eligible,pr_cde7e93c60d59836,515.0,0414o,James Maddison,James Maddison,Spurs,TOT,M,True,a,,TOT,M,Confirmed,Exact Name + Club,95.0,Official FPL API,2026-07-30T01:09:03.040438+00:00,0414o,Player Registry,Exact Name + Club,TOT,Confirmed,False,,TOT,M,38.0,0.0,0.0,0.0,0.0,0.0,0.0,0.0,0.0,0.0,0.0,0.0,,0.0,0.0,0.0,0.0,0.0,,,0.0,0.0,True,True,matched by historical Fantrax ID,normalized Fantrax ID,1.0,0.0,0.0,15.0,0.0,,,30.7,33.2,33.3,51.5,51.620000000000005,49.47,0.0,Unknown / New Arrival,25,False,13.7,22.8,0.0,0.0,28.3,96.5,20.0,46.2,372.0,Deep,-309.7,Major reach,James Maddison,TOT,M,M,0.0,,,0.0,,,0.0,0.0,,,,25.320512820512818,96.7455621301775,-5.700000000000003,304.0,0.47500000000000026,0.0,Fair Value,M,6,6
69,6,9,4,Count Doku,N. Williams,D,NOT,6-9,05a6e,Neco Williams,NOT,D,D,62.4,27.0,62.4,332.0,10.06,100.0,,98,2.0,FA,LEE Sat 9:00AM,neco williams,False,True,Matched eligible,pr_7f5a0cea401fb374,469.0,05a6e,Neco Williams,Neco Williams,Nott'm Forest,NOT,D,True,a,,NOT,"D,M",Confirmed,Exact Name + Club,95.0,Official FPL API,2026-07-30T01:09:03.040438+00:00,05a6e,Player Registry,Exact Name + Club,NOT,Confirmed,False,Neco Williams,NOT,"D,M",38.0,3204.0,36.0,401.0,361.0,2.0,3.0,1.8705778289586292,4.395601957105099,0.0,36.0,3203.0,8204.0,496.0,5.0,50.0,10.552631578947368,9.5,11.264044943820224,0.1760712396958275,0.9473684210526316,0.8333333333333334,True,True,matched by historical Fantrax ID,normalized Fantrax ID,1.0,361.0,9.5,38.0,401.0,10.140449438202246,90.02493765586036,39.9,34.4,37.8,48.333333333333336,45.36,43.16,92.3,Locked Starter,90,False,86.1,97.7,46.3,92.3,43.2,66.2,76.82,95.5,27.0,Tier 2,35.4,Strong value,Neco Williams,NOT,D,D,10.552631578947368,11.13888888888889,11.264044943820224,9.5,10.027777777777779,10.140449438202246,93.6842105263158,6.266179786063729,0.05254432103816374,0.12347196508722189,0.17601628612538564,36.858974358974365,67.75147928994083,-6.600000000000001,-42.0,0.5500000000000002,0.0,Slight Reach,D,6,6
70,6,10,3,Robertske,T. Muharemovic,D,LEE,6-10,0784y,Tarik Muharemovic,LEE,D,D,131.8,26.0,131.8,335.5,10.17,100.0,,21,21.0,W <small>(Tue)</small>,@NOT Sat 9:00AM,tarik muharemovic,False,True,Unresolved: no current FPL identity,,,,,,,,,,,,,,,,,,,0784y,Player Registry,Unresolved,LEE,Unresolved,False,,,,,,,,,,,,,,,,,,,,,,,,,,False,False,no 2025/26 record for bridged ID,none,0.0,,,,,,,38.1,24.1,31.1,45.56666666666666,43.0,38.71,0.0,Unknown / New Arrival,25,False,0.0,0.0,0.0,0.0,30.4,42.0,7.25,21.2,532.0,Deep,-400.2,Major reach,Tarik Muharemovic,LEE,D,D,,,,,,,,,,,,13.782051282051283,44.67455621301775,61.80000000000001,462.0,-0.0,5.150000000000001,Elite Value,D,6,6
71,6,11,2,tpem,P. Foden,M,MCI,6-11,04abb,Phil Foden,MCI,M,M,56.2,285.0,56.2,51.0,10.2,100.0,,98,-1.0,FA,BOU Sun 8:00AM,phil foden,False,True,Matched eligible,pr_2c235dc85cd697f4,398.0,04abb,Phil Foden,Phil Foden,Man City,MCI,M,True,a,,MCI,"M,F",Confirmed,Exact Name + Club,95.0,Official FPL API,2026-07-30T01:09:03.040438+00:00,04abb,Player Registry,Exact Name + Club,MCI,Confirmed,False,Phil Foden,MCI,"M,F",38.0,2071.0,23.0,327.5,226.5,7.0,5.0,6.688582047820091,6.107132508419453,0.0,53.0,2083.0,6055.0,256.0,2.0,41.0,8.618421052631579,5.961,14.232254949299856,0.5528633269618622,0.6052631578947368,0.3333333333333333,True,True,matched by historical Fantrax ID,normalized Fantrax ID,1.0,226.5,5.961,38.0,327.5,9.8430709802028,69.16030534351145,98.2,94.1,96.1,43.93333333333333,42.42,45.38,53.9,Likely Rotation,75,False,92.9,78.0,86.0,53.9,96.2,30.3,75.9,88.8,29.0,Tier 2,27.200000000000003,Strong value,Phil Foden,MCI,M,M,8.618421052631579,14.23913043478261,14.232254949299854,5.9605263157894735,9.847826086956522,9.8430709802028,60.55555555555555,12.795714556239545,0.29066749604239894,0.2653992881495658,0.5560667841919648,95.1923076923077,31.65680473372781,-14.799999999999997,-42.0,1.2333333333333332,0.0,Slight Reach,M,6,6
72,6,12,1,Pot Splashers,E. Eze,"M,F",ARS,6-12,05nt6,Eberechi Eze,ARS,M,"M,F",72.5,193.0,72.5,185.5,10.31,100.0,,99,1.0,FA,COV Fri 2:00PM,eberechi eze,False,True,Matched eligible,pr_cfdf3245ca15b1b5,14.0,05nt6,Eberechi Eze,Eberechi Eze,Arsenal,ARS,M,True,a,,CRY/ARS,"M,F",Transferred,Exact Name + Club,95.0,Official FPL API,2026-07-30T01:09:03.040438+00:00,05nt6,Player Registry,Exact Name + Club,ARS,Transferred,False,Eberechi Eze,CRY/ARS,"M,F",38.0,1877.0,22.0,220.0,125.0,7.0,3.0,4.807457456365227,2.63351690210402,0.0,17.0,1928.0,8706.0,355.0,5.0,30.0,5.789473684210527,3.289,10.54874800213106,0.3473483881028175,0.5789473684210527,0.8333333333333334,True,True,matched by historical Fantrax ID,normalized Fantrax ID,1.0,125.0,3.289,38.0,220.0,5.993606819392648,56.81818181818182,86.2,100.0,90.6,40.0,43.64,45.32000000000001,53.6,Likely Rotation,60,True,72.8,59.4,68.3,53.6,84.0,52.3,65.33,82.0,79.0,Tier 4,-6.5,Near market,Eberechi Eze,ARS,"M,F",M,5.7894736842105265,10.0,10.548748002131061,3.289473684210526,5.681818181818182,5.993606819392649,54.88304093567251,7.440974358469247,0.23051207835528525,0.12627411890749166,0.35678619726277694,85.25641025641025,52.662721893491124,0.5,7.0,-0.0,0.041666666666666664,Fair Value,M,6,6
73,7,1,1,Pot Splashers,B. Sesko,F,MUN,7-1,06zxy,Benjamin Sesko,MUN,F,F,46.4,290.0,46.4,50.0,8.33,100.0,,94,-2.0,FA,@HUL Sat 6:30AM,benjamin sesko,False,True,Matched eligible,pr_df2652bcd562672c,439.0,06zxy,Benjamin Sesko,Benjamin Sesko,Man Utd,MUN,F,True,d,Shin injury - 75% chance of playing,MUN,F,Confirmed,Exact Name + Club,95.0,Official FPL API,2026-07-30T01:09:03.040438+00:00,06zxy,Player Registry,Exact Name + Club,MUN,Confirmed,False,Benjamin Sesko,MUN,F,38.0,1617.0,17.0,235.5,124.5,11.0,2.0,12.504127995111048,0.597737658768892,0.0,9.0,1636.0,11974.0,211.0,3.0,30.5,6.197368421052632,3.276,13.107606679035252,0.7207627804701678,0.4473684210526316,0.5,True,True,matched by historical Fantrax ID,normalized Fantrax ID,1.0,124.5,3.276,38.0,235.5,6.929499072356215,52.86624203821656,90.6,59.4,72.4,44.06666666666666,49.54,46.89,44.6,Rotation Risk,75,False,84.9,58.8,94.2,44.6,83.8,84.0,74.12,88.8,36.0,Tier 2,10.4,Value,Benjamin Sesko,MUN,F,F,6.197368421052632,13.852941176470589,13.107606679035252,3.276315789473684,7.323529411764706,6.929499072356216,47.280701754385966,13.10186565387994,0.6959625971304851,0.03326925744539288,0.729231854575878,68.91025641025641,82.54437869822485,-26.6,-37.0,2.216666666666667,0.0,Major Reach,F,7,7
74,7,2,2,tpem,J. Frimpong,"D,M",LIV,7-2,06v05,Jeremie Frimpong,LIV,D,"D,M",99.7,94.0,99.7,260.5,8.98,100.0,,96,-1.0,FA,@NEW Sun 10:30AM,jeremie frimpong,False,True,Matched eligible,pr_d5c0984bfd9b4550,357.0,06v05,Jeremie Frimpong,Jeremie Frimpong,Liverpool,LIV,D,True,a,,LIV,"D,M",Confirmed,Exact Name + Club,95.0,Official FPL API,2026-07-30T01:09:03.040438+00:00,06v05,Player Registry,Exact Name + Club,LIV,Confirmed,False,Jeremie Frimpong,LIV,"D,M",38.0,1025.0,12.0,141.0,82.0,0.0,5.0,0.5140729472041127,2.6913405954837795,0.0,15.0,1027.0,9328.0,217.0,2.0,4.0,3.710526315789474,2.733,12.38048780487805,0.2809028421050733,0.3157894736842105,0.3333333333333333,True,True,matched by historical Fantrax ID,normalized Fantrax ID,1.0,82.0,2.733,30.0,141.0,7.2,58.15602836879432,83.8,61.5,74.8,46.4,49.71999999999999,50.39,33.7,Rotation Risk,55,False,75.6,53.5,62.4,33.7,77.2,90.1,63.51,79.8,87.0,Tier 4,12.700000000000005,Value,Jeremie Frimpong,LIV,"D,M",D,3.710526315789474,11.75,12.38048780487805,2.1578947368421053,6.833333333333333,7.2,29.97076023391813,3.205413542687892,0.045138112437434284,0.2363128327741855,0.2814509452116198,76.28205128205127,89.3491124260355,25.700000000000003,13.0,-0.0,2.141666666666667,Elite Value,D,7,7
75,7,3,3,Robertske,M. Damsgaard,M,BRF,7-3,063q8,Mikkel Damsgaard,BRF,M,M,69.9,28.0,69.9,331.0,10.68,100.0,,98,1.0,FA,TOT Sat 11:30AM,mikkel damsgaard,False,True,Matched eligible,pr_851c3d1908eb110a,96.0,063q8,Mikkel Damsgaard,Mikkel Damsgaard,Brentford,BRF,M,True,a,,BRF,M,Confirmed,Exact Name + Club,95.0,Official FPL API,2026-07-30T01:09:03.040438+00:00,063q8,Player Registry,Exact Name + Club,BRF,Confirmed,False,Mikkel Damsgaard,BRF,M,38.0,2035.0,24.0,281.5,216.5,4.0,4.0,2.9744047094136468,6.468690361827611,0.0,42.0,2085.0,8859.0,432.0,5.0,59.0,7.407894736842105,5.697,12.449631449631449,0.4076156145859536,0.631578947368421,0.8333333333333334,True,True,matched by historical Fantrax ID,normalized Fantrax ID,1.0,216.5,5.697,38.0,281.5,9.574938574938574,76.90941385435168,29.4,35.6,32.6,45.36666666666667,47.48,44.42,68.8,Likely Starter,75,False,84.3,76.5,75.7,68.8,20.9,78.0,71.79,88.8,45.0,Tier 3,24.90000000000001,Strong value,Mikkel Damsgaard,BRF,M,M,7.407894736842105,11.729166666666666,12.44963144963145,5.697368421052632,9.020833333333334,9.574938574938574,59.50292397660819,9.443095071241258,0.13154615422468216,0.28608458602677395,0.41763074025145613,18.58974358974359,76.92307692307693,-5.099999999999994,-30.0,0.42499999999999954,0.0,Fair Value,M,7,7
76,7,4,4,Count Doku,K. Havertz,F,ARS,7-4,05o6h,Kai Havertz,ARS,F,F,73.5,215.0,73.5,163.0,9.59,100.0,,98,-1.0,FA,COV Fri 2:00PM,kai havertz,False,True,Matched eligible,pr_24779ba9ae4ae614,26.0,05o6h,Kai Havertz,Kai Havertz,Arsenal,ARS,F,True,a,,ARS,F,Confirmed,Exact Name + Club,95.0,Official FPL API,2026-07-30T01:09:03.040438+00:00,05o6h,Player Registry,Exact Name + Club,ARS,Confirmed,False,Kai Havertz,ARS,F,38.0,575.0,7.0,82.5,46.5,2.0,3.0,4.895509898662567,1.4569836463779209,0.0,11.0,582.0,5220.0,263.0,3.0,55.0,2.171052631578948,1.722,12.91304347826087,0.982344362635127,0.1842105263157894,0.5,True,True,matched by historical Fantrax ID,normalized Fantrax ID,1.0,46.5,1.722,27.0,82.5,7.278260869565218,56.36363636363636,86.2,100.0,90.6,40.0,43.64,45.32000000000001,30.0,Rotation Risk,55,False,74.1,48.7,97.9,30.0,84.0,52.3,63.85,79.8,84.0,Tier 4,-10.5,Reach,Kai Havertz,ARS,F,F,2.1710526315789473,11.785714285714286,12.91304347826087,1.2236842105263157,6.642857142857143,7.278260869565217,16.812865497076025,6.352493545040488,0.7662537232689235,0.22804961421567455,0.9943033374845981,85.25641025641025,52.662721893491124,-2.5,8.0,0.20833333333333334,0.0,Fair Value,F,7,7
77,7,5,5,KindComet,L. Vuskovic,D,BHA,7-5,06v0y,Luka Vuskovic,BHA,D,D,121.5,224.0,121.5,118.5,13.17,91.0,,81,0.0,FA,AVL Sun 8:00AM,luka vuskovic,False,True,Matched eligible,pr_5b05eed522d404e7,504.0,06v0y,Luka Vušković,Luka Vušković,Brighton,BHA,D,True,a,,TOT,D,Transferred,Exact Name + Club,95.0,Official FPL API,2026-07-30T01:09:03.040438+00:00,06v0y,Player Registry,Exact Name + Club,BHA,Transferred,False,,TOT,D,38.0,0.0,0.0,0.0,0.0,0.0,0.0,0.0,0.0,0.0,0.0,0.0,,0.0,0.0,0.0,0.0,0.0,,,0.0,0.0,True,True,matched by historical Fantrax ID,normalized Fantrax ID,1.0,,,,,,,,,,,,,0.0,Unknown / New Arrival,25,False,13.7,22.8,0.0,0.0,0.0,0.0,7.52,36.2,531.0,Deep,-409.5,Major reach,Luka Vuskovic,BHA,D,D,0.0,,,0.0,,,0.0,0.0,,,,,,44.5,454.0,-0.0,3.7083333333333335,Elite Value,D,7,7
78,7,6,6,Berkshire's Club,A. Iwobi,"M,F",FUL,7-6,038ze,Alex Iwobi,FUL,M,"M,F",69.9,50.0,69.9,291.0,8.08,100.0,,98,0.0,FA,CHE Mon 2:00PM,alex iwobi,False,True,Matched eligible,pr_52921f64927bcbe4,261.0,038ze,Alex Iwobi,Alex Iwobi,Fulham,FUL,M,True,a,,FUL,"M,F",Confirmed,Exact Name + Club,95.0,Official FPL API,2026-07-30T01:09:03.040438+00:00,038ze,Player Registry,Exact Name + Club,FUL,Confirmed,False,Alex Iwobi,FUL,"M,F",38.0,2239.0,27.0,230.0,183.0,3.0,3.0,2.4032129039987917,3.629966888576745,0.0,42.0,2473.0,500.0,198.0,3.0,24.5,6.052631578947368,5.229,9.245198749441714,0.2195657829890005,0.7105263157894737,0.5,True,True,matched by historical Fantrax ID,normalized Fantrax ID,1.0,183.0,5.229,35.0,230.0,7.355962483251451,79.56521739130434,33.8,50.9,42.5,48.0,41.08,42.540000000000006,56.4,Likely Rotation,90,False,66.7,72.7,53.2,56.4,38.0,15.4,55.5,95.5,155.0,Tier 5,-85.1,Major reach,Alex Iwobi,FUL,"M,F",M,6.052631578947368,8.518518518518519,9.245198749441716,4.815789473684211,6.777777777777778,7.355962483251452,65.46783625730994,6.033179792575536,0.09660078667257314,0.14591202321210678,0.2425128098846799,40.38461538461539,14.201183431952662,-8.099999999999994,77.0,0.6749999999999995,0.0,Slight Reach,M,7,7
79,7,7,7,yudesh,Estevao,"M,F",CHE,7-7,06yxe,Estevao,CHE,M,"M,F",79.3,377.0,79.3,33.0,11.0,100.0,,91,-2.0,FA,@FUL Mon 2:00PM,estevao,False,True,Matched eligible,pr_c56dfb7c82cbcc0b,157.0,06yxe,Estêvão Almeida de Oliveira Gonçalves,Estêvão Almeida de Oliveira Gonçalves,Chelsea,CHE,M,True,a,,CHE,"M,F",Confirmed,Explicit Player Alias,92.0,Official FPL API,2026-07-30T01:09:03.040438+00:00,06yxe,Player Registry,Explicit Player Alias,CHE,Confirmed,False,Estevao Willian Almeida de Oliveira Goncalves,CHE,"M,F",38.0,552.0,8.0,102.5,59.5,2.0,4.0,3.874036334455013,2.8163073528558016,0.0,16.0,854.0,13775.0,0.0,0.0,0.0,2.6973684210526314,2.705,16.71195652173913,0.7050713487798282,0.2105263157894736,0.0,True,True,matched by historical Fantrax ID,normalized Fantrax ID,1.0,59.5,2.705,22.0,102.5,9.70108695652174,58.04878048780488,68.4,56.8,65.6,50.53333333333333,46.98,47.54,10.7,Bench / Unknown,55,False,80.1,52.9,93.7,10.7,63.8,71.8,61.72,79.8,101.0,Tier 4,-21.700000000000003,Major reach,Estevao,CHE,"M,F",M,2.6973684210526314,12.8125,16.71195652173913,1.5657894736842106,7.4375,9.701086956521738,16.140350877192983,6.690343687310815,0.6316363588785346,0.45918054666127195,1.0908169055398067,62.82051282051282,71.59763313609467,0.29999999999999716,22.0,-0.0,0.024999999999999762,Fair Value,M,7,7
80,7,8,8,nhauptma,N. Angulo,"M,F",SUN,7-8,072zs,Nilson Angulo,SUN,M,"M,F",92.5,33.0,92.5,315.5,10.88,96.0,,88,-3.0,FA,@IPS Sat 9:00AM,nilson angulo,False,True,Matched eligible,pr_57dcdf49fa6ad0c0,551.0,072zs,Nilson Angulo,Nilson Angulo,Sunderland,SUN,M,True,a,,SUN,"M,F",Confirmed,Exact Name + Club,95.0,Official FPL API,2026-07-30T01:09:03.040438+00:00,072zs,Player Registry,Exact Name + Club,SUN,Confirmed,False,Nilson Angulo,SUN,"M,F",38.0,0.0,0.0,0.0,0.0,0.0,0.0,0.9055802077054976,0.0528695490211248,0.0,3.0,415.0,14424.0,0.0,0.0,0.0,0.0,0.0,,0.2078565737479422,0.0,0.0,True,True,matched by historical Fantrax ID,normalized Fantrax ID,1.0,,,,,,,7.9,49.1,27.1,43.6,42.0,37.67,0.0,Unknown / New Arrival,25,False,13.7,22.8,51.1,0.0,3.8,23.7,17.93,66.2,397.0,Deep,-304.5,Major reach,Nilson Angulo,SUN,"M,F",M,0.0,,,0.0,,,0.0,0.9584497567266225,,,,3.205128205128205,24.2603550295858,12.5,317.0,-0.0,1.0416666666666667,Strong Value,M,7,7
81,7,9,9,The Facerockers,R. Schade,"M,F",BRF,7-9,067zv,Kevin Schade,BRF,M,"M,F",71.9,148.0,71.9,221.0,6.7,100.0,,96,-3.0,FA,TOT Sat 11:30AM,kevin schade,False,True,Matched eligible,pr_1c86486bec2ca92c,94.0,067zv,Kevin Schade,Kevin Schade,Brentford,BRF,M,True,a,,BRF,"M,F",Confirmed,Exact Name + Club,95.0,Official FPL API,2026-07-30T01:09:03.040438+00:00,067zv,Player Registry,Exact Name + Club,BRF,Confirmed,False,Kevin Schade,BRF,"M,F",38.0,2743.0,32.0,294.0,183.0,8.0,5.0,11.832689953967929,4.565257132053375,0.0,29.0,2781.0,9156.0,448.0,5.0,33.0,7.736842105263157,4.816,9.646372584761211,0.5306778992239904,0.8421052631578947,0.8333333333333334,True,True,matched by historical Fantrax ID,normalized Fantrax ID,1.0,183.0,4.816,38.0,294.0,6.004374772147284,62.24489795918368,29.4,35.6,32.6,45.36666666666667,47.48,44.42,82.1,Likely Starter,90,False,72.8,68.9,84.9,82.1,20.9,78.0,71.23,95.5,48.0,Tier 3,23.90000000000001,Strong value,Kevin Schade,BRF,"M,F",M,7.7368421052631575,9.1875,9.64637258476121,4.815789473684211,5.71875,6.004374772147284,80.2046783625731,16.397947086021304,0.3882399182854953,0.1497896980987254,0.5380296163842206,18.58974358974359,76.92307692307693,-9.099999999999994,-33.0,0.7583333333333329,0.0,Slight Reach,M,7,7
82,7,10,10,epatel3,R. Calafiori,D,ARS,7-10,06nu7,Riccardo Calafiori,ARS,D,D,78.7,68.0,78.7,278.5,9.28,100.0,,98,1.0,FA,COV Fri 2:00PM,riccardo calafiori,False,True,Matched eligible,pr_32c23aa00c15ac35,8.0,06nu7,Riccardo Calafiori,Riccardo Calafiori,Arsenal,ARS,D,True,a,,ARS,D,Confirmed,Exact Name + Club,95.0,Official FPL API,2026-07-30T01:09:03.040438+00:00,06nu7,Player Registry,Exact Name + Club,ARS,Confirmed,False,Riccardo Calafiori,ARS,D,38.0,1621.0,21.0,229.5,145.5,0.0,2.0,3.4695133380591865,0.6484237592667338,0.0,9.0,1755.0,8129.0,251.0,4.0,39.5,6.039473684210527,3.932,12.742134484885872,0.2111762614013292,0.5526315789473685,0.6666666666666666,True,True,matched by historical Fantrax ID,normalized Fantrax ID,1.0,145.5,3.932,37.0,229.5,8.078346699568167,63.39869281045751,86.2,100.0,90.6,40.0,43.64,45.32000000000001,50.6,Likely Rotation,75,False,82.3,62.1,51.9,50.6,84.0,52.3,65.52,88.8,78.0,Tier 4,0.7000000000000028,Near market,Riccardo Calafiori,ARS,D,D,6.0394736842105265,10.928571428571429,12.742134484885872,3.8289473684210527,6.928571428571429,8.078346699568167,47.39766081871345,4.11793709732592,0.19263183246472965,0.036001319144975966,0.2286331516097056,85.25641025641025,52.662721893491124,-3.299999999999997,-4.0,0.27499999999999974,0.0,Fair Value,D,7,7
83,7,11,11,wmuck1,J. Kluivert,"M,F",BOU,7-11,06clt,Justin Kluivert,BOU,M,"M,F",149.9,147.0,149.9,221.0,7.37,87.0,,60,1.0,FA,@MCI Sun 8:00AM,justin kluivert,False,True,Matched eligible,pr_2cfd54c576f1853d,70.0,06clt,Justin Kluivert,Justin Kluivert,Bournemouth,BOU,M,True,a,,BOU,"M,F",Confirmed,Exact Name + Club,95.0,Official FPL API,2026-07-30T01:09:03.040438+00:00,06clt,Player Registry,Exact Name + Club,BOU,Confirmed,False,Justin Kluivert,BOU,"M,F",38.0,460.0,5.0,42.5,33.5,1.0,0.0,2.2934201275929804,2.294822184368968,0.0,22.0,934.0,6963.0,0.0,0.0,0.0,1.118421052631579,2.792,8.315217391304348,0.4421218501890528,0.131578947368421,0.0,True,True,matched by historical Fantrax ID,normalized Fantrax ID,1.0,33.5,2.792,12.0,42.5,6.554347826086956,78.82352941176471,73.4,43.8,58.6,39.93333333333333,43.7,39.440000000000005,8.0,Bench / Unknown,55,False,48.2,54.4,80.4,8.0,64.2,57.7,48.48,79.8,194.0,Tier 6,-44.1,Major reach,Justin Kluivert,BOU,"M,F",M,1.118421052631579,8.5,8.315217391304348,0.881578947368421,6.7,6.554347826086957,13.450292397660817,4.588242311961949,0.4487126336594962,0.44898694911566767,0.8976995827751639,52.56410256410257,59.76331360946746,66.9,111.0,-0.0,5.575,Elite Value,M,7,7
84,7,12,12,Up the Arse-nal,Ismaila Sarr,"M,F",CRY,7-12,05748,Ismaila Sarr,CRY,M,"M,F",49.4,163.0,49.4,209.5,6.35,100.0,,98,0.0,FA,@EVE Sat 9:00AM,ismaila sarr,False,True,Matched eligible,pr_66c262bd266b1535,208.0,05748,Ismaïla Sarr,Ismaïla Sarr,Crystal Palace,CRY,M,True,a,,CRY,"M,F",Confirmed,Exact Name + Club,95.0,Official FPL API,2026-07-30T01:09:03.040438+00:00,05748,Player Registry,Exact Name + Club,CRY,Confirmed,False,Ismaila Sarr,CRY,"M,F",38.0,1918.0,21.0,184.5,107.5,7.0,2.0,11.5433072373271,2.200463268905877,0.0,19.0,2181.0,5675.0,166.0,1.0,16.0,4.855263157894737,3.071,8.657455683003128,0.5671432120866428,0.5526315789473685,0.1666666666666666,True,True,matched by historical Fantrax ID,normalized Fantrax ID,1.0,107.5,3.071,35.0,184.5,5.044316996871742,58.26558265582656,18.2,57.9,33.9,40.0,40.32,42.81,44.4,Rotation Risk,75,False,60.2,57.1,87.0,44.4,19.2,7.1,51.21,88.8,177.0,Tier 5,-127.6,Major reach,Ismaila Sarr,CRY,"M,F",M,4.855263157894737,8.785714285714286,8.657455683003128,2.8289473684210527,5.119047619047619,5.044316996871742,56.08187134502924,13.743770506232977,0.541656752533597,0.10325427226357088,0.6449110247971679,32.371794871794876,7.396449704142012,-34.6,93.0,2.8833333333333333,0.0,Major Reach,M,7,7
85,8,1,12,Up the Arse-nal,D. Raya,G,ARS,8-1,05tqx,David Raya,ARS,G,G,138.9,222.0,138.9,147.0,4.32,96.0,,95,0.0,FA,COV Fri 2:00PM,david raya,False,True,Matched eligible,pr_3b1295b024803db9,1.0,05tqx,David Raya Martín,David Raya Martín,Arsenal,ARS,G,True,a,,ARS,G,Confirmed,Ordered Token Expanded Name,85.0,Official FPL API,2026-07-30T01:09:03.040438+00:00,05tqx,Player Registry,Ordered Token Expanded Name,ARS,Confirmed,False,David Raya,ARS,G,38.0,3330.0,37.0,291.5,195.5,0.0,0.0,0.0,0.1493939720094202,0.0,3.0,3330.0,9676.0,450.0,5.0,48.5,7.671052631578948,5.145,7.878378378378379,0.0040376749191735,0.9736842105263158,0.8333333333333334,True,True,matched by historical Fantrax ID,normalized Fantrax ID,1.0,195.5,5.145,38.0,291.5,5.283783783783783,67.06689536878217,86.2,100.0,90.6,40.0,43.64,45.32000000000001,91.8,Locked Starter,90,False,62.8,71.3,9.3,91.8,84.0,52.3,62.91,95.5,94.0,Tier 4,44.900000000000006,Strong value,David Raya,ARS,G,G,7.671052631578948,7.878378378378378,7.878378378378378,5.144736842105263,5.283783783783784,5.283783783783784,97.36842105263158,0.1493939720094202,0.0,0.004037674919173519,0.004037674919173519,85.25641025641025,52.662721893491124,53.900000000000006,9.0,-0.0,4.491666666666667,Elite Value,G,8,8
86,8,2,11,wmuck1,N. Woltemade,"M,F",NEW,8-2,070g7,Nick Woltemade,NEW,F,"M,F",74.0,178.0,74.0,199.5,6.44,100.0,,93,-2.0,FA,LIV Sun 10:30AM,nick woltemade,False,True,Matched eligible,pr_2c7017dec4583e0b,463.0,070g7,Nick Woltemade,Nick Woltemade,Newcastle,NEW,F,True,a,,NEW,"M,F",Confirmed,Exact Name + Club,95.0,Official FPL API,2026-07-30T01:09:03.040438+00:00,070g7,Player Registry,Exact Name + Club,NEW,Confirmed,False,Nick Woltemade,NEW,"M,F",38.0,1528.0,19.0,154.5,73.5,7.0,3.0,8.262036986649036,2.901285449042916,0.0,22.0,1953.0,8117.0,0.0,0.0,0.0,4.065789473684211,2.827,9.100130890052355,0.5144388219212881,0.5,0.0,True,True,matched by historical Fantrax ID,normalized Fantrax ID,1.0,73.5,2.827,26.0,154.5,4.329188481675392,47.57281553398058,62.2,27.4,49.3,42.16666666666666,42.86,46.68,27.9,Rotation Risk,75,False,60.7,54.6,84.1,27.9,53.2,36.6,53.56,88.8,165.0,Tier 5,-91.0,Major reach,Nick Woltemade,NEW,"M,F",F,4.065789473684211,8.131578947368421,9.100130890052355,1.9342105263157894,3.8684210526315788,4.329188481675392,44.67836257309942,11.163322435691953,0.48663830418744325,0.17088723194624506,0.6575255361336884,46.15384615384615,39.64497041420118,-12.0,79.0,1.0,0.0,Slight Reach,F,8,8
87,8,3,10,epatel3,J. Andersen,D,FUL,8-3,05os8,Joachim Andersen,FUL,D,D,218.2,29.0,218.2,329.5,8.91,61.0,,45,-6.0,FA,CHE Mon 2:00PM,joachim andersen,False,True,Matched eligible,pr_d3426929b4f91b2e,253.0,05os8,Joachim Andersen,Joachim Andersen,Fulham,FUL,D,True,s,Suspended until 29 Aug,FUL,D,Confirmed,Exact Name + Club,95.0,Official FPL API,2026-07-30T01:09:03.040438+00:00,05os8,Player Registry,Exact Name + Club,FUL,Confirmed,False,Joachim Andersen,FUL,D,38.0,2876.0,33.0,298.0,285.0,0.0,1.0,1.6593082277104254,0.5809159595519303,0.0,6.0,2882.0,6314.0,315.0,4.0,39.5,7.842105263157895,7.917,9.325452016689846,0.0699584236133282,0.868421052631579,0.6666666666666666,True,True,matched by historical Fantrax ID,normalized Fantrax ID,1.0,285.0,7.917,36.0,298.0,8.918636995827539,95.63758389261746,33.8,50.9,42.5,48.0,41.08,42.540000000000006,75.2,Likely Starter,90,False,72.0,91.9,20.4,75.2,38.0,15.4,58.81,95.5,125.0,Tier 5,93.2,Strong value,Joachim Andersen,FUL,D,D,7.842105263157895,9.030303030303031,9.325452016689846,7.5,8.636363636363637,8.918636995827539,84.09356725146199,2.240224187262356,0.051925500867155173,0.018178872169566665,0.07010437303672185,40.38461538461539,14.201183431952662,131.2,38.0,-0.0,10.933333333333332,Elite Value,D,8,8
88,8,4,9,The Facerockers,R. Gravenberch,M,LIV,8-4,06fxe,Ryan Gravenberch,LIV,M,M,89.6,112.0,89.6,248.5,7.77,100.0,,98,-1.0,FA,@NEW Sun 10:30AM,ryan gravenberch,False,True,Matched eligible,pr_bc6d6a1ced64947e,371.0,06fxe,Ryan Gravenberch,Ryan Gravenberch,Liverpool,LIV,M,True,a,,LIV,M,Confirmed,Exact Name + Club,95.0,Official FPL API,2026-07-30T01:09:03.040438+00:00,06fxe,Player Registry,Exact Name + Club,LIV,Confirmed,False,Ryan Gravenberch,LIV,M,38.0,2991.0,34.0,312.0,228.0,5.0,5.0,1.5315213510766612,2.3688688501715656,0.0,29.0,3008.0,10697.0,428.0,5.0,46.5,8.210526315789474,6.0,9.388164493480442,0.1167005046916025,0.8947368421052632,0.8333333333333334,True,True,matched by historical Fantrax ID,normalized Fantrax ID,1.0,228.0,6.0,38.0,312.0,6.860581745235708,73.07692307692307,83.8,61.5,74.8,46.4,49.71999999999999,50.39,85.0,Locked Starter,90,False,73.2,78.6,31.0,85.0,77.2,90.1,72.12,95.5,42.0,Tier 3,47.6,Strong value,Ryan Gravenberch,LIV,M,M,8.210526315789474,9.176470588235293,9.38816449348044,6.0,6.705882352941177,6.860581745235707,87.45614035087719,3.9003902012482268,0.04608389220892661,0.07127990522080939,0.117363797429736,76.28205128205127,89.3491124260355,1.5999999999999943,-46.0,-0.0,0.13333333333333286,Fair Value,M,8,8
89,8,5,8,nhauptma,T. Hume,"D,M",SUN,8-5,06v0g,Trai Hume,SUN,D,"D,M",133.6,37.0,133.6,312.5,9.77,96.0,,75,-6.0,FA,@IPS Sat 9:00AM,trai hume,False,True,Matched eligible,pr_523827882c94cabf,534.0,06v0g,Trai Hume,Trai Hume,Sunderland,SUN,D,True,a,,SUN,"D,M",Confirmed,Exact Name + Club,95.0,Official FPL API,2026-07-30T01:09:03.040438+00:00,06v0g,Player Registry,Exact Name + Club,SUN,Confirmed,False,Trai Hume,SUN,"D,M",38.0,3028.0,34.0,310.0,261.0,2.0,1.0,2.7079745400696984,2.084211807698011,0.0,27.0,3041.0,13713.0,444.0,5.0,60.5,8.157894736842104,6.868,9.214002642007928,0.1418272842154205,0.8947368421052632,0.8333333333333334,True,True,matched by historical Fantrax ID,normalized Fantrax ID,1.0,261.0,6.868,38.0,310.0,7.757595772787319,84.19354838709677,7.9,49.1,27.1,43.6,42.0,37.67,86.3,Locked Starter,90,False,71.3,86.4,38.6,86.3,3.8,23.7,60.17,95.5,113.0,Tier 4,20.599999999999994,Strong value,Trai Hume,SUN,"D,M",D,8.157894736842104,9.117647058823529,9.214002642007925,6.868421052631579,7.676470588235294,7.757595772787318,88.53801169590643,4.792186347767709,0.0804880147312658,0.06194817129881802,0.14243618603008382,3.205128205128205,24.2603550295858,44.599999999999994,24.0,-0.0,3.7166666666666663,Elite Value,D,8,8
90,8,6,7,yudesh,H. Barnes,"M,F",NEW,8-6,04abn,Harvey Barnes,NEW,M,"M,F",97.3,189.0,97.3,190.0,6.33,100.0,,96,-3.0,FA,LIV Sun 10:30AM,harvey barnes,False,True,Matched eligible,pr_a219dfa1209fc4a7,453.0,04abn,Harvey Barnes,Harvey Barnes,Newcastle,NEW,M,True,a,,NEW,"M,F",Confirmed,Exact Name + Club,95.0,Official FPL API,2026-07-30T01:09:03.040438+00:00,04abn,Player Registry,Exact Name + Club,NEW,Confirmed,False,Harvey Barnes,NEW,"M,F",38.0,663.0,8.0,32.0,32.0,0.0,0.0,8.0505244564265,3.106251193210482,0.0,23.0,1947.0,6681.0,90.0,1.0,0.0,0.8421052631578947,3.2,4.343891402714933,0.5157215246365323,0.2105263157894736,0.1666666666666666,True,True,matched by historical Fantrax ID,normalized Fantrax ID,1.0,32.0,3.2,10.0,32.0,4.343891402714933,100.0,62.2,27.4,49.3,42.16666666666666,42.86,46.68,18.6,Bench / Unknown,55,False,37.1,58.2,84.4,18.6,53.2,36.6,45.22,79.8,208.0,Tier 6,-110.7,Major reach,Harvey Barnes,NEW,"M,F",M,0.8421052631578947,4.0,4.343891402714933,0.8421052631578947,4.0,4.343891402714933,19.385964912280702,11.156775649636982,1.0928313741755429,0.4216630579018754,1.5144944320774185,46.15384615384615,39.64497041420118,7.299999999999997,118.0,-0.0,0.6083333333333331,Strong Value,M,8,8
91,8,7,6,Berkshire's Club,D. Solanke,F,TOT,8-7,03fgo,Dominic Solanke,TOT,F,F,52.9,194.0,52.9,185.5,6.4,100.0,,97,-1.0,FA,@BRF Sat 11:30AM,dominic solanke,False,True,Matched eligible,pr_91cf519182d6d59f,526.0,03fgo,Dominic Solanke-Mitchell,Dominic Solanke-Mitchell,Spurs,TOT,F,True,a,,TOT,F,Confirmed,Ordered Token Expanded Name,85.0,Official FPL API,2026-07-30T01:09:03.040438+00:00,03fgo,Player Registry,Ordered Token Expanded Name,TOT,Confirmed,False,Dominic Solanke,TOT,F,38.0,993.0,11.0,101.5,74.5,3.0,0.0,3.5863640978932376,0.5976490452885626,0.0,6.0,989.0,1679.0,129.0,2.0,11.5,2.671052631578948,2.258,9.19939577039275,0.380749426578728,0.2894736842105263,0.3333333333333333,True,True,matched by historical Fantrax ID,normalized Fantrax ID,1.0,74.5,2.258,33.0,101.5,6.7522658610271895,73.39901477832512,30.7,33.2,33.3,51.5,51.620000000000005,49.47,27.9,Rotation Risk,55,False,58.1,51.0,72.8,27.9,28.3,96.5,54.05,79.8,162.0,Tier 5,-109.1,Major reach,Dominic Solanke,TOT,F,F,2.6710526315789473,9.227272727272727,9.19939577039275,1.9605263157894737,6.7727272727272725,6.75226586102719,29.035087719298247,4.1840131431818,0.325048105549236,0.054167587186274554,0.3792156927355106,25.320512820512818,96.7455621301775,-38.1,71.0,3.1750000000000003,0.0,Major Reach,F,8,8
92,8,8,5,KindComet,H. Hackney,M,EVE,8-8,0784p,Hayden Hackney,EVE,M,M,96.4,49.0,96.4,291.0,8.31,100.0,,27,25.0,W <small>(Tue)</small>,CRY Sat 9:00AM,hayden hackney,False,True,Unresolved: no current FPL identity,,,,,,,,,,,,,,,,,,,0784p,Player Registry,Unresolved,EVE,Unresolved,False,,,,,,,,,,,,,,,,,,,,,,,,,,False,False,no 2025/26 record for bridged ID,none,0.0,,,,,,,18.7,43.5,29.0,42.06666666666666,41.9,42.48,0.0,Unknown / New Arrival,25,False,0.0,0.0,0.0,0.0,13.5,18.7,3.22,21.2,565.0,Deep,-468.6,Major reach,Hayden Hackney,EVE,M,M,,,,,,,,,,,,8.974358974358974,18.93491124260355,4.400000000000006,473.0,-0.0,0.36666666666666714,Fair Value,M,8,8
93,8,9,4,Count Doku,M. Tel,"M,F",TOT,8-9,06rm8,Mathys Tel,TOT,M,"M,F",81.8,80.0,81.8,268.5,10.33,100.0,,94,0.0,FA,@BRF Sat 11:30AM,mathys tel,False,True,Matched eligible,pr_f6e29d19a4729fe2,514.0,06rm8,Mathys Tel,Mathys Tel,Spurs,TOT,M,True,a,,TOT,"M,F",Confirmed,Exact Name + Club,95.0,Official FPL API,2026-07-30T01:09:03.040438+00:00,06rm8,Player Registry,Exact Name + Club,TOT,Confirmed,False,Mathys Tel,TOT,"M,F",38.0,715.0,9.0,128.5,104.5,2.0,1.0,2.826310075819492,3.413998248055577,0.0,29.0,1324.0,9780.0,334.0,4.0,51.0,3.381578947368421,11.611,16.174825174825173,0.4241901428615983,0.2368421052631578,0.6666666666666666,True,True,matched by historical Fantrax ID,normalized Fantrax ID,1.0,104.5,11.611,9.0,128.5,13.153846153846157,81.32295719844358,30.7,33.2,33.3,51.5,51.620000000000005,49.47,38.3,Rotation Risk,55,False,81.6,99.6,77.5,38.3,28.3,96.5,71.18,79.8,49.0,Tier 3,32.8,Strong value,Mathys Tel,TOT,"M,F",M,3.3815789473684212,14.277777777777779,16.174825174825173,2.75,11.61111111111111,13.153846153846153,20.906432748538013,6.240308323875069,0.35575931024301294,0.42973404520979286,0.7854933554528059,25.320512820512818,96.7455621301775,-11.200000000000003,-44.0,0.9333333333333336,0.0,Slight Reach,M,8,8
94,8,10,3,Robertske,O. Mingueza,D,CRY,8-10,0784o,Oscar Mingueza,CRY,D,D,173.0,30.0,173.0,329.5,10.63,80.0,,14,14.0,W <small>(Tue)</small>,@EVE Sat 9:00AM,oscar mingueza,False,True,Unresolved: no current FPL identity,,,,,,,,,,,,,,,,,,,0784o,Player Registry,Unresolved,CRY,Unresolved,False,,,,,,,,,,,,,,,,,,,,,,,,,,False,False,no 2025/26 record for bridged ID,none,0.0,,,,,,,18.2,57.9,33.9,40.0,40.32,42.81,0.0,Unknown / New Arrival,25,False,0.0,0.0,0.0,0.0,19.2,7.1,2.63,21.2,574.0,Deep,-401.0,Major reach,Oscar Mingueza,CRY,D,D,,,,,,,,,,,,32.371794871794876,7.396449704142012,79.0,480.0,-0.0,6.583333333333333,Elite Value,D,8,8
95,8,11,2,tpem,M. Palestra,D,CHE,8-11,0784b,Marco Palestra,CHE,D,D,234.2,278.0,234.2,55.0,11.0,40.0,,23,20.0,W <small>(Tue)</small>,@FUL Mon 2:00PM,marco palestra,False,True,Unresolved: no current FPL identity,,,,,,,,,,,,,,,,,,,0784b,Player Registry,Unresolved,CHE,Unresolved,False,,,,,,,,,,,,,,,,,,,,,,,,,,False,False,no 2025/26 record for bridged ID,none,0.0,,,,,,,68.4,56.8,65.6,50.53333333333333,46.98,47.54,0.0,Unknown / New Arrival,25,False,0.0,0.0,0.0,0.0,63.8,71.8,13.56,21.2,453.0,Deep,-218.8,Major reach,Marco Palestra,CHE,D,D,,,,,,,,,,,,62.82051282051282,71.59763313609467,139.2,358.0,-0.0,11.6,Elite Value,D,8,8
96,8,12,1,Pot Splashers,D. Spence,"D,M",TOT,8-12,062ts,Djed Spence,TOT,D,"D,M",187.4,181.0,187.4,198.5,7.09,78.0,,54,-5.0,FA,@BRF Sat 11:30AM,djed spence,False,True,Matched eligible,pr_2412df35ca732f0c,505.0,062ts,Djed Spence,Djed Spence,Spurs,TOT,D,True,a,,TOT,"D,M",Confirmed,Exact Name + Club,95.0,Official FPL API,2026-07-30T01:09:03.040438+00:00,062ts,Player Registry,Exact Name + Club,TOT,Confirmed,False,Djed Spence,TOT,"D,M",38.0,1015.0,12.0,55.5,49.5,0.0,0.0,1.1351130530238147,1.86031371820718,0.0,10.0,2068.0,10764.0,0.0,0.0,0.0,1.4605263157894737,2.912,4.921182266009852,0.1303619001019292,0.3157894736842105,0.0,True,True,matched by historical Fantrax ID,normalized Fantrax ID,1.0,49.5,2.912,17.0,55.5,4.389162561576354,89.1891891891892,30.7,33.2,33.3,51.5,51.620000000000005,49.47,18.2,Bench / Unknown,55,False,40.0,55.4,34.9,18.2,28.3,96.5,41.66,79.8,232.0,Tier 6,-44.6,Major reach,Djed Spence,TOT,"D,M",D,1.4605263157894737,4.625,4.921182266009852,1.3026315789473684,4.125,4.389162561576354,29.678362573099413,2.9954267712309948,0.10065041849472248,0.16495392575236079,0.26560434424708323,25.320512820512818,96.7455621301775,91.4,136.0,-0.0,7.616666666666667,Elite Value,D,8,8
97,9,1,1,Pot Splashers,T. Reijnders,M,MCI,9-1,06v06,Tijjani Reijnders,MCI,M,M,212.1,350.0,212.1,38.0,7.6,65.0,,35,-4.0,FA,BOU Sun 8:00AM,tijjani reijnders,False,True,Matched eligible,pr_40da70cfbf586371,404.0,06v06,Tijjani Reijnders,Tijjani Reijnders,Man City,MCI,M,True,a,,MCI,M,Confirmed,Exact Name + Club,95.0,Official FPL API,2026-07-30T01:09:03.040438+00:00,06v06,Player Registry,Exact Name + Club,MCI,Confirmed,False,Tijjani Reijnders,MCI,M,38.0,1446.0,17.0,161.0,97.0,5.0,2.0,4.8619179986417285,3.073294181376695,0.0,18.0,1642.0,11965.0,0.0,0.0,0.0,4.2368421052631575,3.731,10.020746887966803,0.4349385482348709,0.4473684210526316,0.0,True,True,matched by historical Fantrax ID,normalized Fantrax ID,1.0,97.0,3.731,26.0,161.0,6.037344398340249,60.24844720496895,98.2,94.1,96.1,43.93333333333333,42.42,45.38,25.9,Rotation Risk,75,False,67.3,61.2,78.6,25.9,96.2,30.3,58.97,88.8,124.0,Tier 5,88.1,Strong value,Tijjani Reijnders,MCI,M,M,4.2368421052631575,9.470588235294118,10.020746887966805,2.5526315789473686,5.705882352941177,6.037344398340249,42.280701754385966,7.935212180018423,0.30260900406483787,0.19128387021016777,0.4938928742750056,95.1923076923077,31.65680473372781,115.1,27.0,-0.0,9.591666666666667,Elite Value,M,9,9
98,9,2,2,tpem,M. Kayode,D,BRF,9-2,06rgg,Michael Kayode,BRF,D,D,103.1,63.0,103.1,282.0,8.81,96.0,,90,-2.0,FA,TOT Sat 11:30AM,michael kayode,False,True,Matched eligible,pr_b927ef5c035c5997,88.0,06rgg,Michael Kayode,Michael Kayode,Brentford,BRF,D,True,a,,BRF,D,Confirmed,Exact Name + Club,95.0,Official FPL API,2026-07-30T01:09:03.040438+00:00,06rgg,Player Registry,Exact Name + Club,BRF,Confirmed,False,Michael Kayode,BRF,D,38.0,3258.0,37.0,334.5,294.5,1.0,2.0,1.1691109444946046,3.184721387922763,0.0,33.0,3281.0,11281.0,540.0,6.0,36.5,8.802631578947368,7.75,9.240331491712707,0.1194285004320521,0.9736842105263158,1.0,True,True,matched by historical Fantrax ID,normalized Fantrax ID,1.0,294.5,7.75,38.0,334.5,8.1353591160221,88.04185351270553,29.4,35.6,32.6,45.36666666666667,47.48,44.42,97.6,Locked Starter,90,False,73.0,91.5,32.0,97.6,20.9,78.0,69.85,95.5,53.0,Tier 3,50.1,Strong value,Michael Kayode,BRF,D,D,8.802631578947368,9.04054054054054,9.240331491712707,7.75,7.95945945945946,8.135359116022098,95.26315789473684,4.353832332417367,0.03229588244460233,0.08797572894814261,0.12027161139274493,18.58974358974359,76.92307692307693,5.099999999999994,-45.0,-0.0,0.42499999999999954,Fair Value,D,9,9
99,9,3,3,Robertske,N. Pope,G,NEW,9-3,044ei,Nick Pope,NEW,G,G,199.8,39.0,199.8,309.5,9.1,70.0,,60,-3.0,FA,LIV Sun 10:30AM,nick pope,False,True,Matched eligible,pr_92087132e2564427,442.0,044ei,Nick Pope,Nick Pope,Newcastle,NEW,G,True,a,,NEW,G,Confirmed,Exact Name + Club,95.0,Official FPL API,2026-07-30T01:09:03.040438+00:00,044ei,Player Registry,Exact Name + Club,NEW,Confirmed,False,Nick Pope,NEW,G,38.0,2416.0,27.0,256.5,244.5,0.0,1.0,0.1314873248338699,0.0,0.0,0.0,2422.0,5552.0,450.0,5.0,51.5,6.75,6.434,9.555049668874172,0.0048859864719439,0.7105263157894737,0.8333333333333334,True,True,matched by historical Fantrax ID,normalized Fantrax ID,1.0,244.5,6.434,38.0,256.5,9.108029801324504,95.32163742690058,62.2,27.4,49.3,42.16666666666666,42.86,46.68,75.8,Likely Starter,90,False,70.0,83.1,9.5,75.8,53.2,36.6,59.03,95.5,123.0,Tier 5,76.80000000000001,Strong value,Nick Pope,NEW,G,G,6.75,9.5,9.555049668874172,6.434210526315789,9.055555555555555,9.108029801324504,70.64327485380117,0.1314873248338699,0.004898120544308068,0.0,0.004898120544308068,46.15384615384615,39.64497041420118,100.80000000000001,24.0,-0.0,8.4,Elite Value,G,9,9
100,9,4,4,Count Doku,H. Maguire,D,MUN,9-4,03gu4,Harry Maguire,MUN,D,D,114.6,264.0,114.6,61.0,8.71,100.0,,83,-2.0,FA,@HUL Sat 6:30AM,harry maguire,False,True,Matched eligible,pr_33a323c4c90c95ab,418.0,03gu4,Harry Maguire,Harry Maguire,Man Utd,MUN,D,True,a,,MUN,D,Confirmed,Exact Name + Club,95.0,Official FPL API,2026-07-30T01:09:03.040438+00:00,03gu4,Player Registry,Exact Name + Club,MUN,Confirmed,False,Harry Maguire,MUN,D,38.0,1231.0,14.0,142.5,121.5,0.0,1.0,1.1766096334904426,0.725113846361637,0.0,4.0,1666.0,1687.0,450.0,5.0,69.0,3.75,6.395,10.418359057676684,0.1027341615766429,0.3684210526315789,0.8333333333333334,True,True,matched by historical Fantrax ID,normalized Fantrax ID,1.0,121.5,6.395,19.0,142.5,8.88302193338749,85.26315789473684,90.6,59.4,72.4,44.06666666666666,49.54,46.89,55.1,Likely Rotation,75,False,68.0,82.8,29.1,55.1,83.8,84.0,64.98,88.8,81.0,Tier 4,33.599999999999994,Strong value,Harry Maguire,MUN,D,D,3.75,10.178571428571429,10.418359057676685,3.1973684210526314,8.678571428571429,8.883021933387491,35.994152046783626,1.9017234798520795,0.08602345005210385,0.053014009888340645,0.13903745994044447,68.91025641025641,82.54437869822485,14.599999999999994,-19.0,-0.0,1.2166666666666661,Strong Value,D,9,9
101,9,5,5,KindComet,A. Scott,M,BOU,9-5,06f8y,Alex Scott,BOU,M,M,86.8,121.0,86.8,244.0,7.62,100.0,,94,0.0,FA,@MCI Sun 8:00AM,alex scott,False,True,Matched eligible,pr_adf9492293f2d2b3,69.0,06f8y,Alex Scott,Alex Scott,Bournemouth,BOU,M,True,a,,BOU,M,Confirmed,Exact Name + Club,95.0,Official FPL API,2026-07-30T01:09:03.040438+00:00,06f8y,Player Registry,Exact Name + Club,BOU,Confirmed,False,Alex Scott,BOU,M,38.0,2516.0,29.0,258.5,220.5,2.0,2.0,3.5001351330429302,2.8919121669605365,0.0,26.0,2915.0,12149.0,448.0,5.0,42.0,6.802631578947368,6.682,9.246820349761526,0.1973530898800384,0.7631578947368421,0.8333333333333334,True,True,matched by historical Fantrax ID,normalized Fantrax ID,1.0,220.5,6.682,33.0,258.5,7.887519872813991,85.29980657640233,73.4,43.8,58.6,39.93333333333333,43.7,39.440000000000005,77.9,Likely Starter,90,False,68.6,84.5,49.5,77.9,64.2,57.7,68.44,95.5,60.0,Tier 3,26.8,Strong value,Alex Scott,BOU,M,M,6.802631578947368,8.913793103448276,9.246820349761526,5.802631578947368,7.603448275862069,7.88751987281399,73.5672514619883,6.392047300003467,0.12520356199279162,0.10344677862736418,0.22865034062015582,52.56410256410257,59.76331360946746,-14.200000000000003,-41.0,1.1833333333333336,0.0,Slight Reach,M,9,9
102,9,6,6,Berkshire's Club,Wieffer,"D,M",BHA,9-6,06mpp,Mats Wieffer,BHA,D,"D,M",107.5,98.0,107.5,259.0,8.63,100.0,,91,0.0,FA,AVL Sun 8:00AM,mats wieffer,False,True,Matched eligible,pr_87c7f1ee97a99a55,130.0,06mpp,Mats Wieffer,Mats Wieffer,Brighton,BHA,D,True,a,,BHA,"D,M",Confirmed,Exact Name + Club,95.0,Official FPL API,2026-07-30T01:09:03.040438+00:00,06mpp,Player Registry,Exact Name + Club,BHA,Confirmed,False,Mats Wieffer,BHA,"D,M",38.0,1899.0,23.0,216.5,152.5,2.0,4.0,1.92743220180273,2.869022756814956,0.0,19.0,1922.0,12758.0,242.0,4.0,7.5,5.697368421052632,4.357,10.260663507109005,0.2245998679893817,0.6052631578947368,0.6666666666666666,True,True,matched by historical Fantrax ID,normalized Fantrax ID,1.0,152.5,4.357,35.0,216.5,7.227488151658767,70.43879907621246,,,,,,,54.4,Likely Rotation,75,False,71.6,66.1,54.8,54.4,0.0,0.0,50.47,78.8,183.0,Tier 6,-75.5,Major reach,Mats Wieffer,BHA,"D,M",D,5.697368421052632,9.41304347826087,10.260663507109005,4.0131578947368425,6.630434782608695,7.2274881516587675,55.52631578947368,4.796454958617686,0.09134749771576918,0.13597264250307847,0.22732014021884767,,,5.5,81.0,-0.0,0.4583333333333333,Fair Value,D,9,9
103,9,7,7,yudesh,V. Livramento,D,NEW,9-7,05s08,Valentino Livramento,NEW,D,D,266.8,131.0,266.8,234.0,6.88,26.0,,21,-2.0,FA,LIV Sun 10:30AM,valentino livramento,False,True,Matched eligible,pr_9b6355573f72b76b,450.0,05s08,Tino Livramento,Tino Livramento,Newcastle,NEW,D,True,d,Calf injury - 75% chance of playing,NEW,D,Confirmed,Explicit Player Alias,92.0,Official FPL API,2026-07-30T01:09:03.040438+00:00,05s08,Player Registry,Explicit Player Alias,NEW,Confirmed,False,Valentino Livramento,NEW,D,38.0,1325.0,14.0,123.0,88.0,0.0,1.0,0.1522857137024401,0.616281878203153,0.0,10.0,1323.0,9512.0,73.0,1.0,4.0,3.236842105263158,3.143,8.354716981132075,0.0522835096534417,0.3684210526315789,0.1666666666666666,True,True,matched by historical Fantrax ID,normalized Fantrax ID,1.0,88.0,3.143,28.0,123.0,5.977358490566038,71.54471544715447,62.2,27.4,49.3,42.16666666666666,42.86,46.68,28.6,Rotation Risk,75,False,55.4,57.7,16.9,28.6,53.2,36.6,42.5,88.8,227.0,Tier 6,39.80000000000001,Strong value,Valentino Livramento,NEW,D,D,3.236842105263158,8.785714285714286,8.354716981132077,2.3157894736842106,6.285714285714286,5.977358490566038,38.74269005847953,0.7685675919055932,0.010343935270354421,0.04186065587795002,0.05220459114830445,46.15384615384615,39.64497041420118,163.8,124.0,-0.0,13.65,Elite Value,D,9,9
104,9,8,8,nhauptma,T. Mitchell,"D,M",CRY,9-8,05akv,Tyrick Mitchell,CRY,D,"D,M",141.1,53.0,141.1,290.0,8.53,96.0,,77,-4.0,FA,@EVE Sat 9:00AM,tyrick mitchell,False,True,Matched eligible,pr_d1e57b4a1b01e197,204.0,05akv,Tyrick Mitchell,Tyrick Mitchell,Crystal Palace,CRY,D,True,a,,CRY,"D,M",Confirmed,Exact Name + Club,95.0,Official FPL API,2026-07-30T01:09:03.040438+00:00,05akv,Player Registry,Exact Name + Club,CRY,Confirmed,False,Tyrick Mitchell,CRY,"D,M",38.0,3204.0,36.0,326.5,256.5,1.0,3.0,1.984723504632711,3.036134548485278,0.0,29.0,3258.0,8214.0,450.0,5.0,51.0,8.592105263157896,6.932,9.17134831460674,0.1386977362739775,0.9473684210526316,0.8333333333333334,True,True,matched by historical Fantrax ID,normalized Fantrax ID,1.0,256.5,6.932,37.0,326.5,7.205056179775281,78.5604900459418,18.2,57.9,33.9,40.0,40.32,42.81,89.8,Locked Starter,90,False,71.8,87.3,37.3,89.8,19.2,7.1,60.84,95.5,105.0,Tier 4,36.1,Strong value,Tyrick Mitchell,CRY,"D,M",D,8.592105263157896,9.069444444444445,9.17134831460674,6.75,7.125,7.205056179775281,93.6842105263158,5.020858053117989,0.05575066024249188,0.08528467832823815,0.14103533857073,32.371794871794876,7.396449704142012,37.099999999999994,1.0,-0.0,3.0916666666666663,Elite Value,D,9,9
105,9,9,9,The Facerockers,Jurrien Timber,D,ARS,9-9,06dmj,Jurrien Timber,ARS,D,D,61.4,90.0,61.4,263.0,8.22,100.0,,99,1.0,FA,COV Fri 2:00PM,jurrien timber,False,True,Matched eligible,pr_9259512d36ac24db,5.0,06dmj,Jurriën Timber,Jurriën Timber,Arsenal,ARS,D,True,i,Groin injury - Expected back 21 Aug,ARS,D,Confirmed,Exact Name + Club,95.0,Official FPL API,2026-07-30T01:09:03.040438+00:00,06dmj,Player Registry,Exact Name + Club,ARS,Confirmed,False,Jurrien Timber,ARS,D,38.0,2451.0,28.0,338.0,202.0,3.0,6.0,4.030840836465359,2.5891424333676687,0.0,28.0,2475.0,11707.0,0.0,0.0,0.0,8.894736842105264,5.316,12.411260709914322,0.2407266643575646,0.7368421052631579,0.0,True,True,matched by historical Fantrax ID,normalized Fantrax ID,1.0,202.0,5.316,38.0,338.0,7.417380660954713,59.76331360946746,86.2,100.0,90.6,40.0,43.64,45.32000000000001,43.4,Rotation Risk,90,False,88.1,73.5,57.9,43.4,84.0,52.3,68.45,95.5,59.0,Tier 3,2.3999999999999986,Near market,Jurrien Timber,ARS,D,D,8.894736842105264,12.071428571428571,12.41126070991432,5.315789473684211,7.214285714285714,7.417380660954712,71.66666666666667,6.619983269833027,0.14801129142467656,0.0950725495728642,0.24308384099754077,85.25641025641025,52.662721893491124,-43.6,-46.0,3.6333333333333333,0.0,Major Reach,D,9,9
106,9,10,10,epatel3,G. Donnarumma,G,MCI,9-10,070hs,Gianluigi Donnarumma,MCI,G,G,186.1,217.0,186.1,157.5,5.25,74.0,,88,-2.0,FA,BOU Sun 8:00AM,gianluigi donnarumma,False,True,Matched eligible,pr_b31960aff73505b2,384.0,070hs,Gianluigi Donnarumma,Gianluigi Donnarumma,Man City,MCI,G,True,a,,MCI,G,Confirmed,Exact Name + Club,95.0,Official FPL API,2026-07-30T01:09:03.040438+00:00,070hs,Player Registry,Exact Name + Club,MCI,Confirmed,False,Gianluigi Donnarumma,MCI,G,38.0,3060.0,34.0,282.5,212.5,0.0,0.0,0.0,0.0,0.0,0.0,3060.0,1116.0,540.0,6.0,40.0,7.434210526315789,6.25,8.308823529411764,0.0,0.8947368421052632,1.0,True,True,matched by historical Fantrax ID,normalized Fantrax ID,1.0,212.5,6.25,34.0,282.5,6.25,75.22123893805309,98.2,94.1,96.1,43.93333333333333,42.42,45.38,93.7,Locked Starter,90,False,64.7,81.9,3.8,93.7,96.2,30.3,63.67,95.5,86.0,Tier 4,100.1,Strong value,Gianluigi Donnarumma,MCI,G,G,7.434210526315789,8.308823529411764,8.308823529411764,5.592105263157895,6.25,6.25,89.47368421052632,0.0,0.0,0.0,0.0,95.1923076923077,31.65680473372781,80.1,-20.0,-0.0,6.675,Elite Value,G,9,9
107,9,11,11,wmuck1,J. Justin,"D,M",LEE,9-11,0521z,James Justin,LEE,D,"D,M",161.5,66.0,161.5,279.5,9.32,96.0,,58,-7.0,FA,@NOT Sat 9:00AM,james justin,False,True,Matched eligible,pr_ff824cbc8613648d,332.0,0521z,James Justin,James Justin,Leeds,LEE,D,True,a,,LEI/LEE,"D,M",Transferred,Exact Name + Club,95.0,Official FPL API,2026-07-30T01:09:03.040438+00:00,0521z,Player Registry,Exact Name + Club,LEE,Transferred,False,James Justin,LEI/LEE,"D,M",38.0,900.0,10.0,106.5,94.5,1.0,0.0,2.5627669915556903,2.572751060128212,0.0,13.0,1895.0,7753.0,540.0,6.0,70.0,2.8026315789473686,9.45,10.65,0.2439032320060956,0.2631578947368421,1.0,True,True,matched by historical Fantrax ID,normalized Fantrax ID,1.0,94.5,9.45,10.0,106.5,9.45,88.73239436619718,38.1,24.1,31.1,45.56666666666666,43.0,38.71,47.8,Likely Rotation,40,True,66.3,97.5,59.3,47.8,30.4,42.0,60.22,73.0,112.0,Tier 4,49.5,Strong value,James Justin,LEE,"D,M",D,2.8026315789473686,10.65,10.65,2.486842105263158,9.45,9.45,26.31578947368421,5.135518051683903,0.25627669915556905,0.2572751060128212,0.5135518051683903,13.782051282051283,44.67455621301775,54.5,5.0,-0.0,4.541666666666667,Elite Value,D,9,9
108,9,12,12,Up the Arse-nal,J. Branthwaite,D,EVE,9-12,05l27,Jarrad Branthwaite,EVE,D,D,142.8,85.0,142.8,266.0,7.82,100.0,,75,-5.0,FA,CRY Sat 9:00AM,jarrad branthwaite,False,True,Matched eligible,pr_095fc765499cd3c7,230.0,05l27,Jarrad Branthwaite,Jarrad Branthwaite,Everton,EVE,D,True,a,,EVE,D,Confirmed,Exact Name + Club,95.0,Official FPL API,2026-07-30T01:09:03.040438+00:00,05l27,Player Registry,Exact Name + Club,EVE,Confirmed,False,Jarrad Branthwaite,EVE,D,38.0,587.0,6.0,77.5,65.5,1.0,0.0,0.3099620118737218,0.373225899413228,0.0,3.0,682.0,8476.0,86.0,1.0,8.5,2.039473684210526,3.119,11.882453151618398,0.0901567624865476,0.1578947368421052,0.1666666666666666,True,True,matched by historical Fantrax ID,normalized Fantrax ID,1.0,65.5,3.119,21.0,77.5,10.04258943781942,84.51612903225806,18.7,43.5,29.0,42.06666666666666,41.9,42.48,16.5,Bench / Unknown,55,False,69.8,57.5,25.4,16.5,13.5,18.7,39.89,79.8,247.0,Tier 6,-104.2,Major reach,Jarrad Branthwaite,EVE,D,D,2.039473684210526,12.916666666666666,11.8824531516184,1.7236842105263157,10.916666666666666,10.042589437819421,17.163742690058477,0.6831879112869498,0.04752398819188239,0.05722373244836545,0.10474772064024784,8.974358974358974,18.93491124260355,34.80000000000001,139.0,-0.0,2.900000000000001,Elite Value,D,9,9
109,10,1,12,Up the Arse-nal,J. O'Brien,D,EVE,10-1,062oh,Jake O'Brien,EVE,D,D,204.3,132.0,204.3,233.5,6.87,65.0,,39,-6.0,FA,CRY Sat 9:00AM,jake o brien,False,True,Matched eligible,pr_15e16bf0309f74aa,232.0,062oh,Jake O'Brien,Jake O'Brien,Everton,EVE,D,True,a,,EVE,D,Confirmed,Exact Name + Club,95.0,Official FPL API,2026-07-30T01:09:03.040438+00:00,062oh,Player Registry,Exact Name + Club,EVE,Confirmed,False,Jake OBrien,EVE,D,38.0,2235.0,26.0,245.5,68.0,1.0,3.0,1.3068652302026744,0.7244354635477059,0.0,17.0,3146.0,12014.0,482.0,6.0,43.5,6.4605263157894735,6.8,9.885906040268456,0.0581109543666669,0.6842105263157895,1.0,True,True,matched by historical Fantrax ID,normalized Fantrax ID,1.0,68.0,6.8,10.0,83.0,2.738255033557047,81.92771084337349,18.7,43.5,29.0,42.06666666666666,41.9,42.48,76.6,Likely Starter,90,False,71.7,86.0,18.8,76.6,13.5,18.7,55.77,95.5,152.0,Tier 5,52.30000000000001,Strong value,Jake O'Brien,EVE,D,D,6.4605263157894735,9.442307692307692,9.885906040268457,1.7894736842105263,2.6153846153846154,2.738255033557047,65.35087719298247,2.0313006937503806,0.05262544551151709,0.029171897860981448,0.08179734337249855,8.974358974358974,18.93491124260355,95.30000000000001,43.0,-0.0,7.941666666666667,Elite Value,D,10,10
110,10,2,11,wmuck1,R. Roefs,G,SUN,10-2,06znb,Robin Roefs,SUN,G,G,139.8,162.0,139.8,213.0,6.45,96.0,,94,-1.0,FA,@IPS Sat 9:00AM,robin roefs,False,True,Matched eligible,pr_53de7c40b6b43722,529.0,06znb,Robin Roefs,Robin Roefs,Sunderland,SUN,G,True,a,,SUN,G,Confirmed,Exact Name + Club,95.0,Official FPL API,2026-07-30T01:09:03.040438+00:00,06znb,Player Registry,Exact Name + Club,SUN,Confirmed,False,Robin Roefs,SUN,G,38.0,2880.0,32.0,304.5,290.5,0.0,0.0,0.0,0.7053439579904078,0.0,4.0,3150.0,13712.0,540.0,6.0,35.0,8.013157894736842,8.3,9.515625,0.0201526845140116,0.8421052631578947,1.0,True,True,matched by historical Fantrax ID,normalized Fantrax ID,1.0,290.5,8.3,35.0,304.5,9.078125,95.40229885057472,7.9,49.1,27.1,43.6,42.0,37.67,90.5,Locked Starter,90,False,73.0,93.7,11.1,90.5,3.8,23.7,58.46,95.5,128.0,Tier 5,11.800000000000011,Value,Robin Roefs,SUN,G,G,8.013157894736842,9.515625,9.515625,7.644736842105263,9.078125,9.078125,84.21052631578947,0.7053439579904078,0.0,0.022041998687200245,0.022041998687200245,3.205128205128205,24.2603550295858,29.80000000000001,18.0,-0.0,2.4833333333333343,Elite Value,G,10,10
111,10,3,10,epatel3,Diogo Dalot,"D,M",MUN,10-3,04qfz,Diogo Dalot,MUN,D,"D,M",136.3,103.0,136.3,257.0,8.29,96.0,,81,-2.0,FA,@HUL Sat 6:30AM,diogo dalot,False,True,Matched eligible,pr_e7b617b33cb1864c,417.0,04qfz,Diogo Dalot Teixeira,Diogo Dalot Teixeira,Man Utd,MUN,D,True,a,,MUN,"D,M",Confirmed,Ordered Token Expanded Name,85.0,Official FPL API,2026-07-30T01:09:03.040438+00:00,04qfz,Player Registry,Ordered Token Expanded Name,MUN,Confirmed,False,Diogo Dalot,MUN,"D,M",38.0,2606.0,29.0,315.0,251.0,1.0,6.0,2.194661596789955,3.505806340835988,0.0,30.0,2614.0,7281.0,360.0,4.0,32.0,8.289473684210526,6.605,10.87874136607828,0.1962670674775573,0.7631578947368421,0.6666666666666666,True,True,matched by historical Fantrax ID,normalized Fantrax ID,1.0,251.0,6.605,38.0,315.0,8.668457405986185,79.68253968253968,90.6,59.4,72.4,44.06666666666666,49.54,46.89,72.4,Likely Starter,90,False,80.5,83.8,49.2,72.4,83.8,84.0,75.37,95.5,30.0,Tier 2,106.3,Strong value,Diogo Dalot,MUN,"D,M",D,8.289473684210526,10.862068965517242,10.87874136607828,6.605263157894737,8.655172413793103,8.668457405986185,76.19883040935672,5.700467937625943,0.07579414570648349,0.12107543003654601,0.1968695757430295,68.91025641025641,82.54437869822485,25.30000000000001,-81.0,-0.0,2.1083333333333343,Elite Value,D,10,10
112,10,4,9,The Facerockers,G. Xhaka,M,SUN,10-4,0435m,Granit Xhaka,SUN,M,M,96.4,62.0,96.4,284.0,8.61,100.0,,94,0.0,FA,@IPS Sat 9:00AM,granit xhaka,False,True,Matched eligible,pr_96f69665edfaf67f,544.0,0435m,Granit Xhaka,Granit Xhaka,Sunderland,SUN,M,True,a,,SUN,M,Confirmed,Exact Name + Club,95.0,Official FPL API,2026-07-30T01:09:03.040438+00:00,0435m,Player Registry,Exact Name + Club,SUN,Confirmed,False,Granit Xhaka,SUN,M,38.0,2899.0,32.0,294.0,240.0,1.0,6.0,0.8072718912735573,3.704980362206697,0.0,34.0,2896.0,204.0,540.0,6.0,38.5,7.736842105263157,6.316,9.127285270783029,0.1402288338443449,0.8421052631578947,1.0,True,True,matched by historical Fantrax ID,normalized Fantrax ID,1.0,240.0,6.316,38.0,294.0,7.450845119006554,81.63265306122449,7.9,49.1,27.1,43.6,42.0,37.67,90.7,Locked Starter,90,False,69.5,82.5,37.8,90.7,3.8,23.7,59.8,95.5,115.0,Tier 4,-18.599999999999994,Reach,Granit Xhaka,SUN,M,M,7.7368421052631575,9.1875,9.127285270783029,6.315789473684211,7.5,7.450845119006555,84.76608187134504,4.512252253480254,0.02506190762836156,0.11502181186567877,0.1400837194940403,3.205128205128205,24.2603550295858,-15.599999999999994,3.0,1.2999999999999996,0.0,Slight Reach,M,10,10
113,10,5,8,nhauptma,Y. Pino,"M,F",CRY,10-5,070f9,Yeremy Pino,CRY,M,"M,F",93.6,64.0,93.6,281.0,9.37,100.0,,89,-3.0,FA,@EVE Sat 9:00AM,yeremy pino,False,True,Matched eligible,pr_a8e4a64c8e7e0880,211.0,070f9,Yéremy Pino Santos,Yéremy Pino Santos,Crystal Palace,CRY,M,True,a,,CRY,"M,F",Confirmed,Ordered Token Expanded Name,85.0,Official FPL API,2026-07-30T01:09:03.040438+00:00,070f9,Player Registry,Ordered Token Expanded Name,CRY,Confirmed,False,Yeremy Pino,CRY,"M,F",38.0,1944.0,25.0,203.0,168.0,2.0,2.0,4.372978935018181,8.502093791030347,0.0,48.0,2134.0,9024.0,283.0,4.0,29.5,5.342105263157895,5.091,9.398148148148149,0.5429974439289446,0.6578947368421053,0.6666666666666666,True,True,matched by historical Fantrax ID,normalized Fantrax ID,1.0,168.0,5.091,33.0,203.0,7.777777777777778,82.75862068965517,18.2,57.9,33.9,40.0,40.32,42.81,58.3,Likely Rotation,75,False,66.7,71.0,85.7,58.3,19.2,7.1,57.8,88.8,133.0,Tier 5,-39.400000000000006,Major reach,Yeremy Pino,CRY,"M,F",M,5.342105263157895,8.12,9.398148148148147,4.421052631578948,6.72,7.777777777777778,56.84210526315789,12.87507272604853,0.20245272847306392,0.393615453288442,0.5960681817615059,32.371794871794876,7.396449704142012,-19.400000000000006,20.0,1.6166666666666671,0.0,Slight Reach,M,10,10
114,10,6,7,yudesh,A. Wharton,M,CRY,10-6,06jgs,Adam Wharton,CRY,M,M,118.4,69.0,118.4,278.5,8.7,100.0,,89,-2.0,FA,@EVE Sat 9:00AM,adam wharton,False,True,Matched eligible,pr_9012ceb6fec27970,210.0,06jgs,Adam Wharton,Adam Wharton,Crystal Palace,CRY,M,True,d,Ankle injury - 75% chance of playing,CRY,M,Confirmed,Exact Name + Club,95.0,Official FPL API,2026-07-30T01:09:03.040438+00:00,06jgs,Player Registry,Exact Name + Club,CRY,Confirmed,False,Adam Wharton,CRY,M,38.0,2547.0,29.0,267.5,214.5,1.0,6.0,1.152096004225313,6.624566432088613,0.0,44.0,2596.0,12409.0,362.0,3.0,55.5,7.039473684210527,5.645,9.452296819787986,0.2696069411665074,0.7631578947368421,0.5,True,True,matched by historical Fantrax ID,normalized Fantrax ID,1.0,214.5,5.645,38.0,267.5,7.579505300353357,80.18691588785046,18.2,57.9,33.9,40.0,40.32,42.81,70.2,Likely Starter,90,False,70.4,76.3,60.8,70.2,19.2,7.1,58.38,95.5,129.0,Tier 5,-10.599999999999994,Reach,Adam Wharton,CRY,M,M,7.0394736842105265,9.224137931034482,9.452296819787986,5.644736842105263,7.396551724137931,7.579505300353357,74.47368421052632,7.776662436313925,0.04071010615637148,0.23408361950843154,0.27479372566480303,32.371794871794876,7.396449704142012,4.400000000000006,15.0,-0.0,0.36666666666666714,Fair Value,M,10,10
115,10,7,6,Berkshire's Club,J. Manzambi,M,AVL,10-7,07848,Johan Manzambi,AVL,M,M,77.6,126.0,77.6,239.5,7.98,100.0,,33,32.0,W <small>(Tue)</small>,@BHA Sun 8:00AM,johan manzambi,False,True,Unresolved: no current FPL identity,,,,,,,,,,,,,,,,,,,07848,Player Registry,Unresolved,AVL,Unresolved,False,,,,,,,,,,,,,,,,,,,,,,,,,,False,False,no 2025/26 record for bridged ID,none,0.0,,,,,,,57.9,54.1,59.0,40.96666666666667,44.9,48.31,0.0,Unknown / New Arrival,25,False,0.0,0.0,0.0,0.0,53.4,62.1,11.54,21.2,482.0,Deep,-404.4,Major reach,Johan Manzambi,AVL,M,M,,,,,,,,,,,,57.692307692307686,64.49704142011834,-37.400000000000006,367.0,3.116666666666667,0.0,Major Reach,M,10,10
116,10,8,5,KindComet,H. Wright,F,COV,10-8,076da,Haji Wright,COV,F,F,164.4,211.0,164.4,169.5,5.3,91.0,,63,-3.0,FA,@ARS Fri 2:00PM,haji wright,False,True,Matched eligible,pr_88865773f91e577c,193.0,076da,Haji Wright,Haji Wright,Coventry City,COV,F,True,a,,,,New EPL Arrival,Exact Name + Club,95.0,Official FPL API,2026-07-30T01:09:03.040438+00:00,076da,Player Registry,Exact Name + Club,COV,New EPL Arrival,False,,,,,,,,,,,,,,,,,,,,,,,,,,False,False,no 2025/26 record for bridged ID,none,0.0,,,,,,,,,,28.066666666666663,30.12,40.8,0.0,Unknown / New Arrival,25,False,0.0,0.0,0.0,0.0,0.0,2.3,0.23,11.2,619.0,Deep,-454.6,Major reach,Haji Wright,COV,F,F,,,,,,,,,,,,,2.366863905325444,48.400000000000006,503.0,-0.0,4.033333333333334,Elite Value,F,10,10
117,10,9,4,Count Doku,A. Kinsky,G,TOT,10-9,06r6s,Antonin Kinsky,TOT,G,G,256.7,216.0,256.7,159.5,6.38,30.0,,22,3.0,FA,@BRF Sat 11:30AM,antonin kinsky,False,True,Matched eligible,pr_338677b0fe674e21,496.0,06r6s,Antonín Kinský,Antonín Kinský,Spurs,TOT,G,True,a,,TOT,G,Confirmed,Exact Name + Club,95.0,Official FPL API,2026-07-30T01:09:03.040438+00:00,06r6s,Player Registry,Exact Name + Club,TOT,Confirmed,False,,TOT,G,38.0,0.0,0.0,0.0,0.0,0.0,0.0,0.0,0.0,0.0,0.0,0.0,,0.0,0.0,0.0,0.0,0.0,,,0.0,0.0,True,True,matched by historical Fantrax ID,normalized Fantrax ID,1.0,,,,,,,30.7,33.2,33.3,51.5,51.620000000000005,49.47,0.0,Unknown / New Arrival,25,False,13.7,22.8,0.0,0.0,28.3,96.5,20.0,46.2,379.0,Deep,-122.3,Major reach,Antonin Kinsky,TOT,G,G,0.0,,,0.0,,,0.0,0.0,,,,25.320512820512818,96.7455621301775,139.7,262.0,-0.0,11.641666666666666,Elite Value,G,10,10
118,10,10,3,Robertske,J. Rudoni,M,COV,10-10,076d3,Jack Rudoni,COV,M,M,257.6,54.0,257.6,289.5,8.77,26.0,,22,4.0,FA,@ARS Fri 2:00PM,jack rudoni,False,True,Matched eligible,pr_8423ecb420e3995f,183.0,076d3,Jack Rudoni,Jack Rudoni,Coventry City,COV,M,True,d,Shoulder injury - 75% chance of playing,,,New EPL Arrival,Exact Name + Club,95.0,Official FPL API,2026-07-30T01:09:03.040438+00:00,076d3,Player Registry,Exact Name + Club,COV,New EPL Arrival,False,,,,,,,,,,,,,,,,,,,,,,,,,,False,False,no 2025/26 record for bridged ID,none,0.0,,,,,,,,,,28.066666666666663,30.12,40.8,0.0,Unknown / New Arrival,25,False,0.0,0.0,0.0,0.0,0.0,2.3,0.23,11.2,614.0,Deep,-356.4,Major reach,Jack Rudoni,COV,M,M,,,,,,,,,,,,,2.366863905325444,139.60000000000002,496.0,-0.0,11.633333333333335,Elite Value,M,10,10
119,10,11,2,tpem,B. Brobbey,F,SUN,10-11,070hc,Brian Brobbey,SUN,F,F,100.3,220.0,100.3,152.5,5.08,96.0,,94,-2.0,FA,@IPS Sat 9:00AM,brian brobbey,False,True,Matched eligible,pr_3d7f59e97baad57a,552.0,070hc,Brian Brobbey,Brian Brobbey,Sunderland,SUN,F,True,a,,SUN,F,Confirmed,Exact Name + Club,95.0,Official FPL API,2026-07-30T01:09:03.040438+00:00,070hc,Player Registry,Exact Name + Club,SUN,Confirmed,False,Brian Brobbey,SUN,F,38.0,381.0,5.0,18.5,12.5,0.0,1.0,7.111885398626327,1.508433105424046,0.0,15.0,1943.0,9789.0,60.0,1.0,8.5,0.4868421052631579,2.5,4.3700787401574805,0.3992942178921942,0.131578947368421,0.1666666666666666,True,True,matched by historical Fantrax ID,normalized Fantrax ID,1.0,12.5,2.5,5.0,18.5,2.952755905511811,67.56756756756756,7.9,49.1,27.1,43.6,42.0,37.67,12.1,Bench / Unknown,55,False,35.1,51.9,75.4,12.1,3.8,23.7,34.8,79.8,275.0,Tier 6,-174.7,Major reach,Brian Brobbey,SUN,F,F,0.4868421052631579,3.7,4.3700787401574805,0.32894736842105265,2.5,2.952755905511811,11.140350877192983,8.620318504050372,1.6799729288093685,0.3563227808088298,2.036295709618198,3.205128205128205,24.2603550295858,-18.700000000000003,156.0,1.5583333333333336,0.0,Slight Reach,F,10,10
120,10,12,1,Pot Splashers,M. van de Ven,D,TOT,10-12,06ezb,Micky van de Ven,TOT,D,D,263.7,184.0,263.7,194.5,6.48,26.0,,29,3.0,FA,@BRF Sat 11:30AM,micky van de ven,False,True,Matched eligible,pr_ce7b7886879b0739,503.0,06ezb,Micky van de Ven,Micky van de Ven,Spurs,TOT,D,True,a,,TOT,D,Confirmed,Exact Name + Club,95.0,Official FPL API,2026-07-30T01:09:03.040438+00:00,06ezb,Player Registry,Exact Name + Club,TOT,Confirmed,False,Micky van de Ven,TOT,D,38.0,2996.0,34.0,239.0,182.0,4.0,1.0,2.452554358169436,1.014289792627096,0.0,5.0,3049.0,10050.0,540.0,6.0,37.0,6.289473684210527,5.056,7.179572763684913,0.1023338712927805,0.8947368421052632,1.0,True,True,matched by historical Fantrax ID,normalized Fantrax ID,1.0,182.0,5.056,36.0,239.0,5.4672897196261685,76.15062761506276,30.7,33.2,33.3,51.5,51.620000000000005,49.47,92.9,Locked Starter,90,False,57.5,70.6,28.6,92.9,28.3,96.5,63.17,95.5,91.0,Tier 4,172.7,Strong value,Micky van de Ven,TOT,D,D,6.2894736842105265,7.029411764705882,7.179572763684913,4.7894736842105265,5.352941176470588,5.467289719626168,87.60233918128655,3.4668441507965317,0.07367486389694566,0.030469319538197138,0.1041441834351428,25.320512820512818,96.7455621301775,143.7,-29.0,-0.0,11.975,Elite Value,D,10,10
121,11,1,1,Pot Splashers,W. Saliba,D,ARS,11-1,0558w,William Saliba,ARS,D,D,223.5,144.0,223.5,223.5,6.77,48.0,,55,-1.0,FA,COV Fri 2:00PM,william saliba,False,True,Matched eligible,pr_57ea6d12eca7fc8a,6.0,0558w,William Saliba,William Saliba,Arsenal,ARS,D,True,i,Back injury - Unknown return date,ARS,D,Confirmed,Exact Name + Club,95.0,Official FPL API,2026-07-30T01:09:03.040438+00:00,0558w,Player Registry,Exact Name + Club,ARS,Confirmed,False,William Saliba,ARS,D,38.0,2614.0,30.0,296.0,210.0,1.0,0.0,1.5777585953474045,1.306027840822935,0.0,10.0,2609.0,6888.0,450.0,5.0,57.0,7.7894736842105265,5.526,10.191277735271614,0.0994790261614912,0.7894736842105263,0.8333333333333334,True,True,matched by historical Fantrax ID,normalized Fantrax ID,1.0,210.0,5.526,38.0,296.0,7.230298393267024,70.94594594594594,86.2,100.0,90.6,40.0,43.64,45.32000000000001,79.7,Likely Starter,90,False,76.5,75.0,27.5,79.7,84.0,52.3,67.89,95.5,63.0,Tier 3,160.5,Strong value,William Saliba,ARS,D,D,7.7894736842105265,9.866666666666667,10.191277735271614,5.526315789473684,7.0,7.230298393267024,76.4327485380117,2.8837864361703396,0.0543222163662075,0.04496652856697175,0.09928874493317925,85.25641025641025,52.662721893491124,102.5,-58.0,-0.0,8.541666666666666,Elite Value,D,11,11
122,11,2,2,tpem,S. Tonali,M,TOT,11-2,06cms,Sandro Tonali,TOT,M,M,107.5,157.0,107.5,215.5,7.43,100.0,,94,-1.0,FA,@BRF Sat 11:30AM,sandro tonali,False,True,Matched eligible,pr_285914ad61e3c1cc,455.0,06cms,Sandro Tonali,Sandro Tonali,Spurs,TOT,M,True,a,,NEW,M,Transferred,Exact Name + Club,95.0,Official FPL API,2026-07-30T01:09:03.040438+00:00,06cms,Player Registry,Exact Name + Club,TOT,Transferred,False,Sandro Tonali,NEW,M,38.0,2466.0,30.0,206.0,188.0,0.0,2.0,1.4170023752376428,3.760555641725659,0.0,32.0,2586.0,7958.0,407.0,5.0,31.0,5.421052631578948,5.081,7.518248175182483,0.18019343446508,0.7894736842105263,0.8333333333333334,True,True,matched by historical Fantrax ID,normalized Fantrax ID,1.0,188.0,5.081,37.0,206.0,6.861313868613139,91.2621359223301,30.7,33.2,33.3,51.5,51.620000000000005,49.47,67.6,Likely Rotation,75,True,57.2,70.8,46.8,67.6,28.3,96.5,60.81,88.8,106.0,Tier 4,1.5,Near market,Sandro Tonali,TOT,M,M,5.421052631578948,6.866666666666666,7.518248175182483,4.947368421052632,6.266666666666667,6.861313868613139,72.10526315789474,5.177558016963301,0.0517154151546585,0.13724655626735982,0.18896197142201832,25.320512820512818,96.7455621301775,-14.5,-16.0,1.2083333333333333,0.0,Slight Reach,M,11,11
123,11,3,3,Robertske,M. Grimes,M,COV,11-3,03mfe,Matt Grimes,COV,M,M,275.7,81.0,275.7,268.0,7.66,13.0,,14,1.0,FA,@ARS Fri 2:00PM,matt grimes,False,True,Matched eligible,pr_250a525c8fb0b806,184.0,03mfe,Matt Grimes,Matt Grimes,Coventry City,COV,M,True,a,,,,New EPL Arrival,Exact Name + Club,95.0,Official FPL API,2026-07-30T01:09:03.040438+00:00,03mfe,Player Registry,Exact Name + Club,COV,New EPL Arrival,False,,,,,,,,,,,,,,,,,,,,,,,,,,False,False,no 2025/26 record for bridged ID,none,0.0,,,,,,,,,,28.066666666666663,30.12,40.8,0.0,Unknown / New Arrival,25,False,0.0,0.0,0.0,0.0,0.0,2.3,0.23,11.2,603.0,Deep,-327.3,Major reach,Matt Grimes,COV,M,M,,,,,,,,,,,,,2.366863905325444,152.7,480.0,-0.0,12.725,Elite Value,M,11,11
124,11,4,4,Count Doku,D. Maeda,F,IPS,11-4,0784x,Daizen Maeda,IPS,F,F,88.0,104.0,88.0,256.5,8.84,100.0,,23,23.0,W <small>(Tue)</small>,SUN Sat 9:00AM,daizen maeda,False,True,Unresolved: no current FPL identity,,,,,,,,,,,,,,,,,,,0784x,Player Registry,Unresolved,IPS,Unresolved,False,,,,,,,,,,,,,,,,,,,,,,,,,,False,False,no 2025/26 record for bridged ID,none,0.0,,,,,,,,,,38.833333333333336,43.44,41.53,0.0,Unknown / New Arrival,25,False,0.0,0.0,0.0,0.0,0.0,47.0,4.7,11.2,564.0,Deep,-476.0,Major reach,Daizen Maeda,IPS,F,F,,,,,,,,,,,,,47.337278106508876,-36.0,440.0,3.0,0.0,Major Reach,F,11,11
125,11,5,5,KindComet,D. Petrovic,G,BOU,11-5,06fuw,Djordje Petrovic,BOU,G,G,157.7,79.0,157.7,268.5,7.46,83.0,,89,-5.0,FA,@MCI Sun 8:00AM,djordje petrovic,False,True,Matched eligible,pr_b03c7ea777cad526,57.0,06fuw,Đorđe Petrović,Đorđe Petrović,Bournemouth,BOU,G,True,a,,BOU,G,Confirmed,Explicit Player Alias,92.0,Official FPL API,2026-07-30T01:09:03.040438+00:00,06fuw,Player Registry,Explicit Player Alias,BOU,Confirmed,False,Djordje Petrovic,BOU,G,38.0,2340.0,26.0,190.5,182.5,0.0,0.0,0.0,0.0,0.0,0.0,3420.0,12032.0,540.0,6.0,43.0,5.0131578947368425,7.019,7.326923076923077,0.0,0.6842105263157895,1.0,True,True,matched by historical Fantrax ID,normalized Fantrax ID,1.0,182.5,7.019,26.0,190.5,7.019230769230769,95.8005249343832,73.4,43.8,58.6,39.93333333333333,43.7,39.440000000000005,81.1,Likely Starter,90,False,55.0,88.7,3.8,81.1,64.2,57.7,58.77,95.5,127.0,Tier 5,30.69999999999999,Strong value,Djordje Petrovic,BOU,G,G,5.0131578947368425,7.326923076923077,7.326923076923077,4.802631578947368,7.019230769230769,7.019230769230769,68.42105263157895,0.0,0.0,0.0,0.0,52.56410256410257,59.76331360946746,32.69999999999999,2.0,-0.0,2.724999999999999,Elite Value,G,11,11
126,11,6,6,Berkshire's Club,Emiliano Martinez,G,AVL,11-6,02lz0,Emiliano Martinez,AVL,G,G,190.8,115.0,190.8,248.0,7.29,78.0,,79,-4.0,FA,@BHA Sun 8:00AM,emiliano martinez,False,True,Matched eligible,pr_3e753e4ba583e8d5,28.0,02lz0,Emiliano Martínez Romero,Emiliano Martínez Romero,Aston Villa,AVL,G,True,a,,AVL,G,Confirmed,Ordered Token Expanded Name,85.0,Official FPL API,2026-07-30T01:09:03.040438+00:00,02lz0,Player Registry,Ordered Token Expanded Name,AVL,Confirmed,False,Emiliano Martinez,AVL,G,38.0,2025.0,23.0,200.5,200.5,0.0,1.0,0.0,0.3538400158286094,0.0,2.0,2837.0,4401.0,450.0,5.0,44.0,5.276315789473684,7.161,8.911111111111111,0.0112250974355216,0.6052631578947368,0.8333333333333334,True,True,matched by historical Fantrax ID,normalized Fantrax ID,1.0,200.5,7.161,28.0,200.5,8.911111111111111,100.0,57.9,54.1,59.0,40.96666666666667,44.9,48.31,69.1,Likely Starter,75,False,62.8,89.8,10.3,69.1,53.4,62.1,59.22,88.8,120.0,Tier 4,70.80000000000001,Strong value,Emiliano Martinez,AVL,G,G,5.276315789473684,8.717391304347826,8.911111111111111,5.276315789473684,8.717391304347826,8.911111111111111,59.210526315789465,0.3538400158286094,0.0,0.015726222925715974,0.015726222925715974,57.692307692307686,64.49704142011834,64.80000000000001,-6.0,-0.0,5.400000000000001,Elite Value,G,11,11
127,11,7,7,yudesh,J. McGinn,M,AVL,11-7,051k0,John McGinn,AVL,M,M,109.7,106.0,109.7,254.0,7.94,100.0,,93,-3.0,FA,@BHA Sun 8:00AM,john mcginn,False,True,Matched eligible,pr_d6bde77cc34cf0fb,45.0,051k0,John McGinn,John McGinn,Aston Villa,AVL,M,True,a,,AVL,M,Confirmed,Exact Name + Club,95.0,Official FPL API,2026-07-30T01:09:03.040438+00:00,051k0,Player Registry,Exact Name + Club,AVL,Confirmed,False,John McGinn,AVL,M,38.0,1529.0,20.0,171.0,115.0,3.0,4.0,2.999398436397313,4.862495846115052,0.0,39.0,2221.0,7723.0,328.0,4.0,63.0,4.5,5.0,10.065402223675605,0.3185819385079301,0.5263157894736842,0.6666666666666666,True,True,matched by historical Fantrax ID,normalized Fantrax ID,1.0,115.0,5.0,23.0,171.0,6.769130150425114,67.2514619883041,57.9,54.1,59.0,40.96666666666667,44.9,48.31,53.3,Likely Rotation,75,False,68.1,69.8,65.6,53.3,53.4,62.1,62.95,88.8,93.0,Tier 4,16.700000000000003,Value,John McGinn,AVL,M,M,4.5,8.55,10.065402223675607,3.026315789473684,5.75,6.769130150425116,44.707602339181285,7.861894282512365,0.17655059468656523,0.286216236854385,0.4627668315409502,57.692307692307686,64.49704142011834,-17.299999999999997,-34.0,1.4416666666666664,0.0,Slight Reach,M,11,11
128,11,8,8,nhauptma,Dean Henderson,G,CRY,11-8,03yww,Dean Henderson,CRY,G,G,226.9,109.0,226.9,250.0,7.35,52.0,,52,-1.0,FA,@EVE Sat 9:00AM,dean henderson,False,True,Matched eligible,pr_5987c098c6f749a3,198.0,03yww,Dean Henderson,Dean Henderson,Crystal Palace,CRY,G,True,a,,CRY,G,Confirmed,Exact Name + Club,95.0,Official FPL API,2026-07-30T01:09:03.040438+00:00,03yww,Player Registry,Exact Name + Club,CRY,Confirmed,False,Dean Henderson,CRY,G,38.0,3330.0,37.0,301.0,287.0,0.0,0.0,0.0,0.0154756419360637,0.0,1.0,3330.0,7702.0,630.0,7.0,33.0,7.921052631578948,7.553,8.135135135135135,0.0004182605928665,0.9736842105263158,1.1666666666666667,True,True,matched by historical Fantrax ID,normalized Fantrax ID,1.0,287.0,7.553,38.0,301.0,7.756756756756757,95.34883720930232,18.2,57.9,33.9,40.0,40.32,42.81,98.4,Locked Starter,90,False,65.0,91.0,7.7,98.4,19.2,7.1,56.62,95.5,144.0,Tier 5,82.9,Strong value,Dean Henderson,CRY,G,G,7.921052631578948,8.135135135135135,8.135135135135135,7.552631578947368,7.756756756756757,7.756756756756757,97.36842105263158,0.0154756419360637,0.0,0.0004182605928665865,0.0004182605928665865,32.371794871794876,7.396449704142012,98.9,16.0,-0.0,8.241666666666667,Elite Value,G,11,11
129,11,9,9,The Facerockers,J. Pickford,G,EVE,11-9,032f9,Jordan Pickford,EVE,G,G,162.9,123.0,162.9,243.0,6.75,96.0,,94,-1.0,FA,CRY Sat 9:00AM,jordan pickford,False,True,Matched eligible,pr_ee05e4712e802da3,226.0,032f9,Jordan Pickford,Jordan Pickford,Everton,EVE,G,True,a,,EVE,G,Confirmed,Exact Name + Club,95.0,Official FPL API,2026-07-30T01:09:03.040438+00:00,032f9,Player Registry,Exact Name + Club,EVE,Confirmed,False,Jordan Pickford,EVE,G,38.0,3420.0,38.0,274.0,254.0,0.0,0.0,0.0,0.2333715260028838,0.0,2.0,3420.0,741.0,540.0,6.0,22.0,7.2105263157894735,6.684,7.210526315789474,0.0061413559474443,1.0,1.0,True,True,matched by historical Fantrax ID,normalized Fantrax ID,1.0,254.0,6.684,38.0,274.0,6.68421052631579,92.7007299270073,18.7,43.5,29.0,42.06666666666666,41.9,42.48,100.0,Locked Starter,90,False,59.7,84.8,9.8,100.0,13.5,18.7,55.34,95.5,156.0,Tier 5,6.900000000000006,Near market,Jordan Pickford,EVE,G,G,7.2105263157894735,7.2105263157894735,7.2105263157894735,6.684210526315789,6.684210526315789,6.684210526315789,100.0,0.2333715260028838,0.0,0.006141355947444311,0.006141355947444311,8.974358974358974,18.93491124260355,33.900000000000006,27.0,-0.0,2.8250000000000006,Elite Value,G,11,11
130,11,10,10,epatel3,M. Cash,D,AVL,11-10,05o4b,Matty Cash,AVL,D,D,128.9,36.0,128.9,314.5,9.53,100.0,,82,-2.0,FA,@BHA Sun 8:00AM,matty cash,False,True,Matched eligible,pr_2c91b2e08c6b2552,32.0,05o4b,Matty Cash,Matty Cash,Aston Villa,AVL,D,True,a,,AVL,D,Confirmed,Exact Name + Club,95.0,Official FPL API,2026-07-30T01:09:03.040438+00:00,05o4b,Player Registry,Exact Name + Club,AVL,Confirmed,False,Matty Cash,AVL,D,38.0,3013.0,34.0,307.5,232.5,3.0,3.0,1.217919012531637,3.2148889815434805,0.0,31.0,3040.0,8864.0,484.0,5.0,29.5,8.092105263157896,6.118,9.18519747759708,0.1312344471930133,0.8947368421052632,0.8333333333333334,True,True,matched by historical Fantrax ID,normalized Fantrax ID,1.0,232.5,6.118,38.0,307.5,6.944905409890475,75.60975609756098,57.9,54.1,59.0,40.96666666666667,44.9,48.31,88.4,Locked Starter,90,False,70.7,80.7,35.2,88.4,53.4,62.1,67.82,95.5,64.0,Tier 3,64.9,Strong value,Matty Cash,AVL,D,D,8.092105263157896,9.044117647058824,9.18519747759708,6.118421052631579,6.838235294117647,6.944905409890476,88.09941520467837,4.432807994075118,0.03637992403844917,0.09603053711878967,0.13241046115723884,57.692307692307686,64.49704142011834,-1.0999999999999943,-66.0,0.09166666666666619,0.0,Fair Value,D,11,11
131,11,11,11,wmuck1,E. Kroupi,"M,F",BOU,11-11,06xza,Eli Kroupi,BOU,M,"M,F",51.9,327.0,51.9,42.5,7.08,96.0,,94,-3.0,FA,@MCI Sun 8:00AM,eli kroupi,False,True,Matched eligible,pr_d2e3bb4c285697a7,78.0,06xza,Junior Kroupi,Junior Kroupi,Bournemouth,BOU,M,True,i,Foot injury - Unknown return date,BOU,"M,F",Confirmed,Explicit Player Alias,92.0,Official FPL API,2026-07-30T01:09:03.040438+00:00,06xza,Player Registry,Explicit Player Alias,BOU,Confirmed,False,Eli Kroupi,BOU,"M,F",38.0,1464.0,19.0,173.5,101.5,8.0,0.0,8.849121669307351,1.81576990429312,0.0,22.0,1708.0,11504.0,431.0,6.0,49.0,4.565789473684211,4.06,10.665983606557376,0.5619673545808211,0.5,1.0,True,True,matched by historical Fantrax ID,normalized Fantrax ID,1.0,101.5,4.06,25.0,173.5,6.239754098360655,58.501440922190206,73.4,43.8,58.6,39.93333333333333,43.7,39.440000000000005,61.1,Likely Rotation,75,False,70.7,64.0,86.8,61.1,64.2,57.7,68.24,88.8,61.0,Tier 3,-9.1,Reach,Eli Kroupi,BOU,"M,F",M,4.565789473684211,9.131578947368421,10.665983606557377,2.6710526315789473,5.342105263157895,6.239754098360656,42.80701754385965,10.664891573600471,0.5440033813098781,0.11162519903441312,0.6556285803442913,52.56410256410257,59.76331360946746,-79.1,-70.0,6.591666666666666,0.0,Major Reach,M,11,11
132,11,12,12,Up the Arse-nal,J. Mateta,F,CRY,11-12,05r8o,Jean-Philippe Mateta,CRY,F,F,81.3,153.0,81.3,218.5,6.83,100.0,,98,0.0,FA,@EVE Sat 9:00AM,jean philippe mateta,False,True,Matched eligible,pr_c5a6107808050916,223.0,05r8o,Jean-Philippe Mateta,Jean-Philippe Mateta,Crystal Palace,CRY,F,True,a,,CRY,F,Confirmed,Exact Name + Club,95.0,Official FPL API,2026-07-30T01:09:03.040438+00:00,05r8o,Player Registry,Exact Name + Club,CRY,Confirmed,False,Jean-Philippe Mateta,CRY,F,38.0,2208.0,25.0,263.0,152.0,12.0,0.0,15.977427493780851,1.249619301408529,0.0,9.0,2225.0,5735.0,251.0,2.0,35.5,6.921052631578948,4.0,10.720108695652174,0.6968243647492334,0.6578947368421053,0.3333333333333333,True,True,matched by historical Fantrax ID,normalized Fantrax ID,1.0,152.0,4.0,38.0,263.0,6.195652173913044,57.79467680608364,18.2,57.9,33.9,40.0,40.32,42.81,56.3,Likely Rotation,90,False,76.4,62.9,93.4,56.3,19.2,7.1,60.26,95.5,111.0,Tier 4,-29.700000000000003,Major reach,Jean-Philippe Mateta,CRY,F,F,6.921052631578948,10.52,10.720108695652174,4.0,6.08,6.195652173913043,64.56140350877193,17.22704679518938,0.6512538380617194,0.05093556935089113,0.7021894074126106,32.371794871794876,7.396449704142012,-50.7,-21.0,4.2250000000000005,0.0,Major Reach,F,11,11
133,12,1,12,Up the Arse-nal,O. McBurnie,F,HUL,12-1,0477b,Oliver McBurnie,HUL,F,F,87.5,125.0,87.5,242.0,7.33,100.0,,91,-1.0,FA,MUN Sat 6:30AM,oliver mcburnie,False,True,Unresolved: no current FPL identity,pr_7f943b8d8ebf5823,,0477b,Oliver McBurnie,,HUL,HUL,F,False,unverified,,,,Unresolved,Unresolved,0.0,Fantrax / historical,,0477b,Player Registry,Unresolved,HUL,Unresolved,False,,,,,,,,,,,,,,,,,,,,,,,,,,False,False,no 2025/26 record for bridged ID,none,0.0,,,,,,,,,,38.13333333333333,40.5,42.74,0.0,Unknown / New Arrival,25,False,0.0,0.0,0.0,0.0,0.0,11.8,1.18,11.2,580.0,Deep,-492.5,Major reach,Oliver McBurnie,HUL,F,F,,,,,,,,,,,,,11.242603550295858,-45.5,447.0,3.7916666666666665,0.0,Major Reach,F,12,12
134,12,2,11,wmuck1,N. Collins,D,BRF,12-2,05u1m,Nathan Collins,BRF,D,D,148.7,70.0,148.7,277.5,8.16,91.0,,69,-4.0,FA,TOT Sat 11:30AM,nathan collins,False,True,Matched eligible,pr_fa6a10c8eb34ae39,84.0,05u1m,Nathan Collins,Nathan Collins,Brentford,BRF,D,True,a,,BRF,D,Confirmed,Exact Name + Club,95.0,Official FPL API,2026-07-30T01:09:03.040438+00:00,05u1m,Player Registry,Exact Name + Club,BRF,Confirmed,False,Nathan Collins,BRF,D,38.0,2969.0,32.0,343.0,303.0,1.0,2.0,2.9171492680907245,2.4296576268970966,0.0,9.0,2966.0,9733.0,540.0,6.0,52.5,9.026315789473683,7.974,10.397440215560795,0.1622429604008442,0.8421052631578947,1.0,True,True,matched by historical Fantrax ID,normalized Fantrax ID,1.0,303.0,7.974,38.0,343.0,9.184910744358367,88.33819241982506,29.4,35.6,32.6,45.36666666666667,47.48,44.42,91.6,Locked Starter,90,False,80.4,92.3,42.6,91.6,20.9,78.0,72.57,95.5,41.0,Tier 3,107.7,Strong value,Nathan Collins,BRF,D,D,9.026315789473685,10.71875,10.397440215560795,7.973684210526316,9.46875,9.18491074435837,86.81286549707602,5.346806894987822,0.0884282364864147,0.07365078693861189,0.16207902342502659,18.58974358974359,76.92307692307693,14.699999999999989,-93.0,-0.0,1.224999999999999,Strong Value,D,12,12
135,12,3,10,epatel3,F. Kadioglu,"D,M",BHA,12-3,06phe,Ferdi Kadioglu,BHA,D,"D,M",134.7,99.0,134.7,258.5,8.34,91.0,,76,-8.0,FA,AVL Sun 8:00AM,ferdi kadioglu,False,True,Matched eligible,pr_4dc99d3d6580cf12,113.0,06phe,Ferdi Kadıoğlu,Ferdi Kadıoğlu,Brighton,BHA,D,True,a,,BHA,"D,M",Confirmed,Unique Fuzzy,75.0,Official FPL API,2026-07-30T01:09:03.040438+00:00,06phe,Player Registry,Unique Fuzzy,BHA,Confirmed,False,Ferdi Kadioglu,BHA,"D,M",38.0,1618.0,18.0,153.0,126.0,1.0,0.0,2.0196209549903856,2.2445578128099437,0.0,22.0,3145.0,13066.0,540.0,6.0,53.0,4.026315789473684,7.0,8.510506798516687,0.1220273733233798,0.4736842105263157,1.0,True,True,matched by historical Fantrax ID,normalized Fantrax ID,1.0,126.0,7.0,18.0,153.0,7.008652657601978,82.35294117647058,,,,,,,68.4,Likely Starter,75,False,57.5,88.4,32.3,68.4,0.0,0.0,49.02,78.8,189.0,Tier 6,-54.30000000000001,Major reach,Ferdi Kadioglu,BHA,"D,M",D,4.026315789473684,8.5,8.510506798516687,3.3157894736842106,7.0,7.008652657601978,47.30994152046784,4.264178767800329,0.11233985534557152,0.12485179428485471,0.23719164963042622,,,-0.30000000000001137,54.0,0.02500000000000095,0.0,Fair Value,D,12,12
136,12,4,9,The Facerockers,O. Alderete,D,SUN,12-4,0700t,Omar Alderete,SUN,D,D,112.4,35.0,112.4,315.0,9.84,96.0,,86,-3.0,FA,@IPS Sat 9:00AM,omar alderete,False,True,Matched eligible,pr_7950f314407f0ed7,535.0,0700t,Omar Alderete,Omar Alderete,Sunderland,SUN,D,True,a,,SUN,D,Confirmed,Exact Name + Club,95.0,Official FPL API,2026-07-30T01:09:03.040438+00:00,0700t,Player Registry,Exact Name + Club,SUN,Confirmed,False,Omar Alderete,SUN,D,38.0,2490.0,29.0,311.0,283.0,1.0,0.0,1.5455667236819857,0.6074565481394525,0.0,9.0,2808.0,8986.0,354.0,5.0,34.5,8.18421052631579,8.844,11.240963855421686,0.069007156148123,0.7631578947368421,0.8333333333333334,True,True,matched by historical Fantrax ID,normalized Fantrax ID,1.0,283.0,8.844,32.0,311.0,10.228915662650603,90.9967845659164,7.9,49.1,27.1,43.6,42.0,37.67,72.4,Likely Starter,90,False,82.0,95.6,20.1,72.4,3.8,23.7,59.18,95.5,121.0,Tier 5,-8.599999999999994,Reach,Omar Alderete,SUN,D,D,8.18421052631579,10.724137931034482,11.240963855421686,7.447368421052632,9.758620689655173,10.228915662650602,72.80701754385966,2.1530232718214384,0.055863857482481405,0.021956260776124788,0.0778201182586062,3.205128205128205,24.2603550295858,-23.599999999999994,-15.0,1.9666666666666661,0.0,Slight Reach,D,12,12
137,12,5,8,nhauptma,L. Kitching,D,COV,12-5,076cz,Liam Kitching,COV,D,D,257.4,38.0,257.4,311.0,9.72,30.0,,11,-1.0,FA,@ARS Fri 2:00PM,liam kitching,False,True,Matched eligible,pr_1aaf8cb8e386ec3b,174.0,076cz,Liam Kitching,Liam Kitching,Coventry City,COV,D,True,a,,,,New EPL Arrival,Exact Name + Club,95.0,Official FPL API,2026-07-30T01:09:03.040438+00:00,076cz,Player Registry,Exact Name + Club,COV,New EPL Arrival,False,,,,,,,,,,,,,,,,,,,,,,,,,,False,False,no 2025/26 record for bridged ID,none,0.0,,,,,,,,,,28.066666666666663,30.12,40.8,0.0,Unknown / New Arrival,25,False,0.0,0.0,0.0,0.0,0.0,2.3,0.23,11.2,611.0,Deep,-353.6,Major reach,Liam Kitching,COV,D,D,,,,,,,,,,,,,2.366863905325444,120.39999999999998,474.0,-0.0,10.033333333333331,Elite Value,D,12,12
138,12,6,7,yudesh,L. Miley,"D,M",NEW,12-6,06ab3,Lewis Miley,NEW,M,"D,M",201.0,256.0,201.0,64.5,9.21,70.0,,32,-6.0,FA,LIV Sun 10:30AM,lewis miley,False,True,Matched eligible,pr_6b1503595658653c,459.0,06ab3,Lewis Miley,Lewis Miley,Newcastle,NEW,M,True,i,Leg injury - Expected back 30 Aug,NEW,"D,M",Confirmed,Exact Name + Club,95.0,Official FPL API,2026-07-30T01:09:03.040438+00:00,06ab3,Player Registry,Exact Name + Club,NEW,Confirmed,False,Lewis Miley,NEW,"D,M",38.0,472.0,5.0,52.0,49.0,0.0,1.0,1.3760087750852106,2.321293480694294,0.0,15.0,1470.0,11386.0,0.0,0.0,0.0,1.368421052631579,8.167,9.915254237288137,0.2263654442313982,0.131578947368421,0.0,True,True,matched by historical Fantrax ID,normalized Fantrax ID,1.0,49.0,8.167,6.0,52.0,9.34322033898305,94.23076923076924,62.2,27.4,49.3,42.16666666666666,42.86,46.68,8.2,Bench / Unknown,55,False,58.5,93.3,55.3,8.2,53.2,36.6,50.46,79.8,184.0,Tier 6,17.0,Value,Lewis Miley,NEW,"D,M",M,1.368421052631579,10.4,9.915254237288135,1.2894736842105263,9.8,9.34322033898305,13.801169590643275,3.6973022557795048,0.2623745545713325,0.442619519623912,0.7049940741952445,46.15384615384615,39.64497041420118,63.0,46.0,-0.0,5.25,Elite Value,M,12,12
139,12,7,6,Berkshire's Club,L. Davis,D,IPS,12-7,05nil,Leif Davis,IPS,D,D,156.9,130.0,156.9,238.0,7.44,96.0,,50,-3.0,FA,SUN Sat 9:00AM,leif davis,False,True,Matched eligible,pr_dbcdba8fad114b8d,305.0,05nil,Leif Davis,Leif Davis,Ipswich Town,IPS,D,True,a,,,,New EPL Arrival,Exact Name + Club,95.0,Official FPL API,2026-07-30T01:09:03.040438+00:00,05nil,Player Registry,Exact Name + Club,IPS,New EPL Arrival,False,,,,,,,,,,,,,,,,,,,,,,,,,,False,False,no 2025/26 record for bridged ID,none,0.0,,,,,,,,,,38.833333333333336,43.44,41.53,0.0,Unknown / New Arrival,25,False,0.0,0.0,0.0,0.0,0.0,47.0,4.7,11.2,546.0,Deep,-389.1,Major reach,Leif Davis,IPS,D,D,,,,,,,,,,,,,47.337278106508876,17.900000000000006,407.0,-0.0,1.4916666666666671,Strong Value,D,12,12
140,12,8,5,KindComet,O. Aina,D,NOT,12-8,03frx,Ola Aina,NOT,D,D,204.4,110.0,204.4,248.5,7.31,57.0,,33,5.0,FA,LEE Sat 9:00AM,ola aina,False,True,Matched eligible,pr_356e3da30e713a37,473.0,03frx,Ola Aina,Ola Aina,Nott'm Forest,NOT,D,True,a,,NOT,D,Confirmed,Exact Name + Club,95.0,Official FPL API,2026-07-30T01:09:03.040438+00:00,03frx,Player Registry,Exact Name + Club,NOT,Confirmed,False,Ola Aina,NOT,D,38.0,810.0,9.0,77.5,66.5,0.0,1.0,0.4096037317067381,0.3413420077413317,0.0,9.0,1595.0,725.0,180.0,2.0,23.5,2.039473684210526,5.115,8.61111111111111,0.0423731138246559,0.2368421052631578,0.3333333333333333,True,True,matched by historical Fantrax ID,normalized Fantrax ID,1.0,66.5,5.115,13.0,77.5,7.388888888888888,85.80645161290322,39.9,34.4,37.8,48.333333333333336,45.36,43.16,27.5,Rotation Risk,55,False,52.9,71.2,14.8,27.5,43.2,66.2,45.2,79.8,209.0,Tier 6,-4.599999999999994,Near market,Ola Aina,NOT,D,D,2.039473684210526,8.61111111111111,8.61111111111111,1.75,7.388888888888889,7.388888888888889,23.684210526315788,0.7509457394480699,0.04551152574519312,0.03792688974903686,0.08343841549422998,36.858974358974365,67.75147928994083,64.4,69.0,-0.0,5.366666666666667,Elite Value,D,12,12
141,12,9,4,Count Doku,R. Ait-Nouri,D,MCI,12-9,05os4,Rayan Ait-Nouri,MCI,D,D,130.1,306.0,130.1,46.5,9.3,100.0,,80,-8.0,FA,BOU Sun 8:00AM,rayan ait nouri,False,True,Matched eligible,pr_639909e4130562ea,392.0,05os4,Rayan Aït-Nouri,Rayan Aït-Nouri,Man City,MCI,D,True,a,,MCI,"D,M",Confirmed,Exact Name + Club,95.0,Official FPL API,2026-07-30T01:09:03.040438+00:00,05os4,Player Registry,Exact Name + Club,MCI,Confirmed,False,Rayan Ait-Nouri,MCI,"D,M",38.0,678.0,9.0,113.0,79.0,0.0,2.0,0.4981528613716361,1.733003308996558,0.0,12.0,981.0,6674.0,154.0,2.0,25.0,2.973684210526316,2.926,15.0,0.2046932266392838,0.2368421052631578,0.3333333333333333,True,True,matched by historical Fantrax ID,normalized Fantrax ID,1.0,79.0,2.926,27.0,113.0,10.486725663716816,69.91150442477876,98.2,94.1,96.1,43.93333333333333,42.42,45.38,24.6,Rotation Risk,55,False,80.1,55.6,50.5,24.6,96.2,30.3,57.53,79.8,136.0,Tier 5,-5.900000000000006,Near market,Rayan Ait-Nouri,MCI,D,D,2.973684210526316,12.555555555555555,15.0,2.0789473684210527,8.777777777777779,10.486725663716815,19.824561403508774,2.231156170368194,0.06612648602278355,0.23004468703494133,0.2961711730577249,95.1923076923077,31.65680473372781,-10.900000000000006,-5.0,0.9083333333333338,0.0,Slight Reach,D,12,12
142,12,10,3,Robertske,K. Tete,D,FUL,12-10,05oeh,Kenny Tete,FUL,D,D,245.4,42.0,245.4,305.0,8.97,39.0,,27,-2.0,FA,CHE Mon 2:00PM,kenny tete,False,True,Matched eligible,pr_fdad4dd485095d9d,256.0,05oeh,Kenny Tete,Kenny Tete,Fulham,FUL,D,True,a,,FUL,D,Confirmed,Exact Name + Club,95.0,Official FPL API,2026-07-30T01:09:03.040438+00:00,05oeh,Player Registry,Exact Name + Club,FUL,Confirmed,False,Kenny Tete,FUL,D,38.0,1698.0,20.0,184.0,162.0,1.0,0.0,0.7287742067128415,0.9490535911172624,0.0,11.0,1805.0,5973.0,0.0,0.0,0.0,4.842105263157895,6.0,9.752650176678443,0.083659003769922,0.5263157894736842,0.0,True,True,matched by historical Fantrax ID,normalized Fantrax ID,1.0,162.0,6.0,27.0,184.0,8.586572438162545,88.04347826086956,33.8,50.9,42.5,48.0,41.08,42.540000000000006,30.4,Rotation Risk,75,False,67.0,78.6,23.3,30.4,38.0,15.4,46.8,88.8,200.0,Tier 6,45.400000000000006,Strong value,Kenny Tete,FUL,D,D,4.842105263157895,9.2,9.752650176678445,4.2631578947368425,8.1,8.586572438162545,49.64912280701754,1.677827797830104,0.03862760812965591,0.05030319387547327,0.08893080200512918,40.38461538461539,14.201183431952662,103.4,58.0,-0.0,8.616666666666667,Elite Value,D,12,12
143,12,11,2,tpem,Y. Ayari,M,BHA,12-11,068yc,Yasin Ayari,BHA,M,M,163.2,141.0,163.2,225.5,7.78,96.0,,48,-3.0,FA,AVL Sun 8:00AM,yasin ayari,False,True,Matched eligible,pr_b4e644ab2a84ced7,129.0,068yc,Yasin Ayari,Yasin Ayari,Brighton,BHA,M,True,a,,BHA,M,Confirmed,Exact Name + Club,95.0,Official FPL API,2026-07-30T01:09:03.040438+00:00,068yc,Player Registry,Exact Name + Club,BHA,Confirmed,False,Yasin Ayari,BHA,M,38.0,1057.0,12.0,101.5,71.5,1.0,3.0,2.117944166064261,1.4007999636232846,0.0,15.0,1918.0,11385.0,89.0,1.0,2.5,2.671052631578948,3.575,8.642384105960266,0.1651131239165167,0.3157894736842105,0.1666666666666666,True,True,matched by historical Fantrax ID,normalized Fantrax ID,1.0,71.5,3.575,20.0,101.5,6.0879848628193,70.44334975369459,,,,,,,25.3,Rotation Risk,55,False,54.7,61.0,43.4,25.3,0.0,0.0,37.13,69.8,263.0,Tier 6,-99.8,Major reach,Yasin Ayari,BHA,M,M,2.6710526315789473,8.458333333333334,8.642384105960266,1.881578947368421,5.958333333333333,6.0879848628193,30.90643274853801,3.518744129687546,0.1803358324936457,0.11927341222904032,0.2996092447226861,,,20.19999999999999,120.0,-0.0,1.6833333333333325,Strong Value,M,12,12
144,12,12,1,Pot Splashers,M. Rashford,"M,F",MUN,12-12,03ybi,Marcus Rashford,MUN,F,F,146.4,283.0,146.4,52.5,10.5,100.0,,23,20.0,W <small>(Tue)</small>,@HUL Sat 6:30AM,marcus rashford,False,True,Unresolved: no current FPL identity,,,,,,,,,,,,,,,,,,,03ybi,Player Registry,Unresolved,MUN,Unresolved,False,,,,,,,,,,,,,,,,,,,,,,,,,,False,False,no 2025/26 record for bridged ID,none,0.0,,,,,,,90.6,59.4,72.4,44.06666666666666,49.54,46.89,0.0,Unknown / New Arrival,25,False,0.0,0.0,0.0,0.0,83.8,84.0,16.78,21.2,409.0,Deep,-262.6,Major reach,Marcus Rashford,MUN,F,F,,,,,,,,,,,,68.91025641025641,82.54437869822485,2.4000000000000057,265.0,-0.0,0.20000000000000048,Fair Value,F,12,12
145,13,1,1,Pot Splashers,P. Hincapié,D,ARS,13-1,070hq,Piero Hincapie,ARS,D,D,132.5,232.0,132.5,88.5,11.06,100.0,,81,-5.0,FA,COV Fri 2:00PM,piero hincapie,False,True,Matched eligible,pr_445c0f8f063b30ec,9.0,070hq,Piero Hincapié,Piero Hincapié,Arsenal,ARS,D,True,a,,ARS,D,Confirmed,Exact Name + Club,95.0,Official FPL API,2026-07-30T01:09:03.040438+00:00,070hq,Player Registry,Exact Name + Club,ARS,Confirmed,False,Piero Hincapie,ARS,D,38.0,989.0,11.0,114.5,93.5,0.0,1.0,0.4126348299905657,2.127407260239124,0.0,13.0,1786.0,9911.0,288.0,3.0,32.0,3.013157894736842,5.5,10.419615773508594,0.1279976417249003,0.2894736842105263,0.5,True,True,matched by historical Fantrax ID,normalized Fantrax ID,1.0,93.5,5.5,17.0,114.5,8.508594539939333,81.6593886462882,86.2,100.0,90.6,40.0,43.64,45.32000000000001,38.4,Rotation Risk,55,False,66.2,74.5,33.9,38.4,84.0,52.3,57.41,79.8,138.0,Tier 5,-5.5,Near market,Piero Hincapie,ARS,D,D,3.013157894736842,10.409090909090908,10.419615773508594,2.460526315789474,8.5,8.508594539939333,28.918128654970758,2.5400420902296896,0.03755018675343874,0.19359621175077973,0.23114639850421848,85.25641025641025,52.662721893491124,-12.5,-7.0,1.0416666666666667,0.0,Slight Reach,D,13,13
146,13,2,2,tpem,R. Ngumoha,"M,F",LIV,13-2,06r2g,Rio Ngumoha,LIV,M,"M,F",111.8,397.0,111.8,30.0,15.0,100.0,,89,-2.0,FA,@NEW Sun 10:30AM,rio ngumoha,False,True,Matched eligible,pr_98558274a438f7b0,369.0,06r2g,Rio Ngumoha,Rio Ngumoha,Liverpool,LIV,M,True,a,,LIV,"M,F",Confirmed,Exact Name + Club,95.0,Official FPL API,2026-07-30T01:09:03.040438+00:00,06r2g,Player Registry,Exact Name + Club,LIV,Confirmed,False,Rio Ngumoha,LIV,"M,F",38.0,296.0,4.0,43.5,28.5,1.0,1.0,1.2214453928172584,2.1261213608086105,0.0,16.0,515.0,13692.0,228.0,3.0,22.5,1.144736842105263,7.125,13.22635135135135,0.5850116656821907,0.1052631578947368,0.5,True,True,matched by historical Fantrax ID,normalized Fantrax ID,1.0,28.5,7.125,4.0,43.5,8.66554054054054,65.51724137931035,83.8,61.5,74.8,46.4,49.71999999999999,50.39,23.2,Rotation Risk,55,False,72.1,89.6,88.1,23.2,77.2,90.1,69.65,79.8,54.0,Tier 3,57.8,Strong value,Rio Ngumoha,LIV,"M,F",M,1.144736842105263,10.875,13.226351351351353,0.75,7.125,8.66554054054054,8.654970760233919,3.347566753625869,0.371385423491734,0.6464558191647802,1.0178412426565142,76.28205128205127,89.3491124260355,-34.2,-92.0,2.85,0.0,Major Reach,M,13,13
147,13,3,3,Robertske,D. Jacquet,D,LIV,13-3,0784z,Jeremy Jacquet,LIV,D,D,163.0,45.0,163.0,299.0,9.34,100.0,,30,28.0,W <small>(Tue)</small>,@NEW Sun 10:30AM,jeremy jacquet,False,True,Unresolved: no current FPL identity,,,,,,,,,,,,,,,,,,,0784z,Player Registry,Unresolved,LIV,Unresolved,False,,,,,,,,,,,,,,,,,,,,,,,,,,False,False,no 2025/26 record for bridged ID,none,0.0,,,,,,,83.8,61.5,74.8,46.4,49.71999999999999,50.39,0.0,Unknown / New Arrival,25,False,0.0,0.0,0.0,0.0,77.2,90.1,16.72,21.2,421.0,Deep,-258.0,Major reach,Jeremy Jacquet,LIV,D,D,,,,,,,,,,,,76.28205128205127,89.3491124260355,16.0,274.0,-0.0,1.3333333333333333,Strong Value,D,13,13
148,13,4,4,Count Doku,J. Anthony,"M,F",BRF,13-4,061vk,Jaidon Anthony,BRF,M,"M,F",119.7,230.0,119.7,91.0,9.1,91.0,,80,-1.0,FA,TOT Sat 11:30AM,jaidon anthony,False,True,Matched eligible,pr_4464c74a695b104f,105.0,061vk,Jaidon Anthony,Jaidon Anthony,Brentford,BRF,M,True,a,,BUR,"M,F",Transferred,Exact Name + Club,95.0,Official FPL API,2026-07-30T01:09:03.040438+00:00,061vk,Player Registry,Exact Name + Club,BRF,Transferred,False,Jaidon Anthony,BUR,"M,F",38.0,2273.0,27.0,254.5,166.5,7.0,4.0,5.564454321749508,4.374400090426206,0.0,37.0,2777.0,10746.0,518.0,6.0,46.5,6.697368421052632,5.55,10.076990761108668,0.3221090734950717,0.7105263157894737,1.0,True,True,matched by historical Fantrax ID,normalized Fantrax ID,1.0,166.5,5.55,30.0,254.5,6.592608886933568,65.42239685658153,29.4,35.6,32.6,45.36666666666667,47.48,44.42,71.6,Likely Starter,75,True,73.3,75.2,66.4,71.6,20.9,78.0,67.44,88.8,70.0,Tier 3,49.7,Strong value,Jaidon Anthony,BRF,"M,F",M,6.697368421052632,9.425925925925926,10.076990761108666,4.381578947368421,6.166666666666667,6.592608886933568,66.46198830409357,9.938854412175715,0.22032595202703728,0.17320545892580663,0.39353141095284394,18.58974358974359,76.92307692307693,-28.299999999999997,-78.0,2.358333333333333,0.0,Major Reach,M,13,13
149,13,5,5,KindComet,E. Ampadu,"D,M",LEE,13-5,04lav,Ethan Ampadu,LEE,M,"D,M",131.8,124.0,131.8,242.5,7.13,96.0,,78,-6.0,FA,@NOT Sat 9:00AM,ethan ampadu,False,True,Matched eligible,pr_45275615e21639d9,338.0,04lav,Ethan Ampadu,Ethan Ampadu,Leeds,LEE,M,True,a,,LEE,"D,M",Confirmed,Exact Name + Club,95.0,Official FPL API,2026-07-30T01:09:03.040438+00:00,04lav,Player Registry,Exact Name + Club,LEE,Confirmed,False,Ethan Ampadu,LEE,"D,M",38.0,1440.0,16.0,159.0,143.0,0.0,3.0,1.946105619892477,1.176354668103158,0.0,19.0,3130.0,6369.0,540.0,6.0,60.0,4.184210526315789,8.938,9.9375,0.0897832031692035,0.4210526315789473,1.0,True,True,matched by historical Fantrax ID,normalized Fantrax ID,1.0,143.0,8.938,16.0,159.0,8.9375,89.937106918239,38.1,24.1,31.1,45.56666666666666,43.0,38.71,65.3,Likely Rotation,75,False,66.4,96.0,24.9,65.3,30.4,42.0,58.36,88.8,130.0,Tier 5,1.8000000000000114,Near market,Ethan Ampadu,LEE,"D,M",M,4.184210526315789,9.9375,9.9375,3.763157894736842,8.9375,8.9375,42.10526315789473,3.122460287995635,0.12163160124327982,0.07352216675644738,0.1951537679997272,13.782051282051283,44.67455621301775,-17.19999999999999,-19.0,1.4333333333333325,0.0,Slight Reach,M,13,13
150,13,6,6,Berkshire's Club,Abdul Fatawu,F,IPS,13-6,06mgd,Abdul Fatawu,IPS,F,F,130.6,95.0,130.6,259.5,8.37,100.0,,21,20.0,W <small>(Tue)</small>,SUN Sat 9:00AM,abdul fatawu,False,True,Unresolved: no current FPL identity,,,,,,,,,,,,,,,,,,,06mgd,Player Registry,Unresolved,IPS,Unresolved,False,,,,,,,,,,,,,,,,,,,,,,,,,,False,False,no 2025/26 record for bridged ID,none,0.0,,,,,,,,,,38.833333333333336,43.44,41.53,0.0,Unknown / New Arrival,25,False,0.0,0.0,0.0,0.0,0.0,47.0,4.7,11.2,556.0,Deep,-425.4,Major reach,Abdul Fatawu,IPS,F,F,,,,,,,,,,,,,47.337278106508876,-19.400000000000006,406.0,1.6166666666666671,0.0,Slight Reach,F,13,13
151,13,7,7,yudesh,A. Khusanov,D,MCI,13-7,06r9w,Abdukodir Khusanov,MCI,D,D,239.4,182.0,239.4,195.5,7.24,39.0,,26,-1.0,FA,BOU Sun 8:00AM,abdukodir khusanov,False,True,Matched eligible,pr_3c47bf23d6df03cb,393.0,06r9w,Abdukodir Khusanov,Abdukodir Khusanov,Man City,MCI,D,True,a,,MCI,D,Confirmed,Exact Name + Club,95.0,Official FPL API,2026-07-30T01:09:03.040438+00:00,06r9w,Player Registry,Exact Name + Club,MCI,Confirmed,False,Abdukodir Khusanov,MCI,D,38.0,630.0,7.0,72.5,60.5,0.0,0.0,0.6727990191429851,0.5715384930372237,0.0,6.0,1421.0,11763.0,450.0,5.0,57.5,1.9078947368421053,8.643,10.357142857142856,0.0788109613625748,0.1842105263157894,0.8333333333333334,True,True,matched by historical Fantrax ID,normalized Fantrax ID,1.0,60.5,8.643,7.0,72.5,8.642857142857144,83.44827586206897,98.2,94.1,96.1,43.93333333333333,42.42,45.38,44.4,Rotation Risk,55,False,62.7,94.8,22.2,44.4,96.2,30.3,57.9,79.8,132.0,Tier 5,107.4,Strong value,Abdukodir Khusanov,MCI,D,D,1.9078947368421053,10.357142857142858,10.357142857142858,1.5921052631578947,8.642857142857142,8.642857142857142,18.421052631578945,1.2443375121802087,0.09611414559185502,0.08164835614817481,0.1777625017400298,95.1923076923077,31.65680473372781,88.4,-19.0,-0.0,7.366666666666667,Elite Value,D,13,13
152,13,8,8,nhauptma,K. Mitoma,"M,F",BHA,13-8,062ci,Kaoru Mitoma,BHA,M,"M,F",77.5,84.0,77.5,266.5,8.6,100.0,,96,-2.0,FA,AVL Sun 8:00AM,kaoru mitoma,False,True,Matched eligible,pr_862600788a85261c,121.0,062ci,Mitoma Kaoru,Mitoma Kaoru,Brighton,BHA,M,True,i,Hamstring injury - Unknown return date,BHA,"M,F",Confirmed,Explicit Player Alias,92.0,Official FPL API,2026-07-30T01:09:03.040438+00:00,062ci,Player Registry,Explicit Player Alias,BHA,Confirmed,False,Kaoru Mitoma,BHA,"M,F",38.0,1710.0,19.0,176.5,138.5,3.0,1.0,4.789182621985673,3.54316034540534,0.0,30.0,1723.0,10806.0,283.0,3.0,29.5,4.644736842105263,4.074,9.289473684210526,0.4352355583663326,0.5,0.5,True,True,matched by historical Fantrax ID,normalized Fantrax ID,1.0,138.5,4.074,34.0,176.5,7.2894736842105265,78.47025495750708,,,,,,,50.7,Likely Rotation,75,False,64.4,64.2,78.8,50.7,0.0,0.0,50.92,78.8,179.0,Tier 5,-101.5,Major reach,Kaoru Mitoma,BHA,"M,F",M,4.644736842105263,9.289473684210526,9.289473684210526,3.6447368421052633,7.2894736842105265,7.2894736842105265,50.0,8.332342967391014,0.25206224326240384,0.18648212344238632,0.4385443667047902,,,-74.5,27.0,6.208333333333333,0.0,Major Reach,M,13,13
153,13,9,9,The Facerockers,K. Lewis-Potter,"D,M,F",BRF,13-9,062p3,Keane Lewis-Potter,BRF,M,"D,M,F",186.7,138.0,186.7,228.0,7.35,83.0,,48,-6.0,FA,TOT Sat 11:30AM,keane lewis potter,False,True,Matched eligible,pr_afc982e21b7a6055,86.0,062p3,Keane Lewis-Potter,Keane Lewis-Potter,Brentford,BRF,M,True,a,,BRF,"D,M,F",Confirmed,Exact Name + Club,95.0,Official FPL API,2026-07-30T01:09:03.040438+00:00,062p3,Player Registry,Exact Name + Club,BRF,Confirmed,False,Keane Lewis-Potter,BRF,"D,M,F",38.0,979.0,11.0,105.5,59.5,2.0,2.0,3.214926864951848,2.7142837755382057,0.0,19.0,1949.0,10809.0,536.0,6.0,49.5,2.776315789473684,4.958,9.698672114402452,0.2737962840657285,0.2894736842105263,1.0,True,True,matched by historical Fantrax ID,normalized Fantrax ID,1.0,59.5,4.958,12.0,105.5,5.469867211440246,56.39810426540285,29.4,35.6,32.6,45.36666666666667,47.48,44.42,57.0,Likely Rotation,55,False,61.6,69.4,61.4,57.0,20.9,78.0,59.41,79.8,118.0,Tier 4,68.69999999999999,Strong value,Keane Lewis-Potter,BRF,"D,M,F",M,2.776315789473684,9.590909090909092,9.69867211440245,1.5657894736842106,5.409090909090909,5.469867211440245,28.62573099415205,5.929210640490053,0.29554996715594106,0.24952557691362462,0.5450755440695657,18.58974358974359,76.92307692307693,33.69999999999999,-35.0,-0.0,2.8083333333333322,Elite Value,M,13,13
154,13,10,10,epatel3,V. Munoz,F,LIV,13-10,076qg,Victor Munoz,LIV,M,F,75.9,248.0,75.9,67.5,9.64,100.0,,90,0.0,FA,@NEW Sun 10:30AM,victor munoz,False,True,Matched eligible,pr_2dc8909ca052885f,377.0,076qg,Victor Munoz,Victor Munoz,Liverpool,LIV,M,True,a,,,,New EPL Arrival,Exact Name + Club,95.0,Official FPL API,2026-07-30T01:09:03.040438+00:00,076qg,Player Registry,Exact Name + Club,LIV,New EPL Arrival,False,,,,,,,,,,,,,,,,,,,,,,,,,,False,False,no 2025/26 record for bridged ID,none,0.0,,,,,,,83.8,61.5,74.8,46.4,49.71999999999999,50.39,0.0,Unknown / New Arrival,25,False,0.0,0.0,0.0,0.0,77.2,90.1,16.72,21.2,420.0,Deep,-344.1,Major reach,Victor Munoz,LIV,F,M,,,,,,,,,,,,76.28205128205127,89.3491124260355,-78.1,266.0,6.508333333333333,0.0,Major Reach,M,13,13
155,13,11,11,wmuck1,Diego Gomez,"M,F",BHA,13-11,06r5b,Diego Gomez,BHA,M,"M,F",110.2,108.0,110.2,250.0,8.33,100.0,,85,-4.0,FA,AVL Sun 8:00AM,diego gomez,False,True,Matched eligible,pr_329559eeac9e3565,127.0,06r5b,Diego Gómez Amarilla,Diego Gómez Amarilla,Brighton,BHA,M,True,a,,BHA,"M,F",Confirmed,Ordered Token Expanded Name,85.0,Official FPL API,2026-07-30T01:09:03.040438+00:00,06r5b,Player Registry,Ordered Token Expanded Name,BHA,Confirmed,False,Diego Gomez,BHA,"M,F",38.0,1264.0,16.0,130.0,101.0,2.0,1.0,6.417749766260385,2.092446397989988,0.0,20.0,2186.0,13364.0,102.0,2.0,5.5,3.421052631578948,4.81,9.256329113924052,0.3503740415290638,0.4210526315789473,0.3333333333333333,True,True,matched by historical Fantrax ID,normalized Fantrax ID,1.0,101.0,4.81,21.0,130.0,7.191455696202532,77.6923076923077,,,,,,,32.2,Rotation Risk,75,False,61.1,68.7,68.5,32.2,0.0,0.0,45.36,78.8,207.0,Tier 6,-96.8,Major reach,Diego Gomez,BHA,"M,F",M,3.4210526315789473,8.125,9.256329113924052,2.6578947368421053,6.3125,7.1914556962025316,36.95906432748538,8.510196164250372,0.4569600308255021,0.14898748086954028,0.6059475116950424,,,-44.8,52.0,3.733333333333333,0.0,Major Reach,M,13,13
156,13,12,12,Up the Arse-nal,I. Maatsen,D,AVL,13-12,052cb,Ian Maatsen,AVL,D,D,145.6,47.0,145.6,293.5,10.48,96.0,,66,-2.0,FA,@BHA Sun 8:00AM,ian maatsen,False,True,Matched eligible,pr_8248fe15613eed8e,36.0,052cb,Ian Maatsen,Ian Maatsen,Aston Villa,AVL,D,True,a,,AVL,D,Confirmed,Exact Name + Club,95.0,Official FPL API,2026-07-30T01:09:03.040438+00:00,052cb,Player Registry,Exact Name + Club,AVL,Confirmed,False,Ian Maatsen,AVL,D,38.0,90.0,1.0,4.0,4.0,0.0,0.0,1.2995175179094067,2.9666882362216707,0.0,25.0,1587.0,11807.0,0.0,0.0,0.0,0.1052631578947368,2.0,4.0,0.2419398348278493,0.0263157894736842,0.0,True,True,matched by historical Fantrax ID,normalized Fantrax ID,1.0,4.0,2.0,2.0,4.0,4.0,100.0,57.9,54.1,59.0,40.96666666666667,44.9,48.31,1.6,Bench / Unknown,55,False,30.9,49.9,58.5,1.6,53.4,62.1,37.4,79.8,262.0,Tier 6,-116.4,Major reach,Ian Maatsen,AVL,D,D,0.10526315789473684,4.0,4.0,0.10526315789473684,4.0,4.0,2.631578947368421,4.266205754131077,1.2995175179094067,2.9666882362216707,4.266205754131077,57.692307692307686,64.49704142011834,-10.400000000000006,106.0,0.8666666666666671,0.0,Slight Reach,D,13,13
157,14,1,12,Up the Arse-nal,Evanilson,F,BOU,14-1,06p6j,Evanilson,BOU,F,F,105.4,192.0,105.4,187.5,5.51,100.0,,89,-3.0,FA,@MCI Sun 8:00AM,evanilson,False,True,Matched eligible,pr_76f14d795dac1626,79.0,06p6j,Francisco Evanilson de Lima Barbosa,Francisco Evanilson de Lima Barbosa,Bournemouth,BOU,F,True,a,,BOU,F,Confirmed,Explicit Player Alias,92.0,Official FPL API,2026-07-30T01:09:03.040438+00:00,06p6j,Player Registry,Explicit Player Alias,BOU,Confirmed,False,Evanilson,BOU,F,38.0,2507.0,30.0,234.5,147.5,5.0,7.0,11.830083925276996,3.069119781255721,0.0,30.0,2810.0,12963.0,459.0,6.0,34.0,6.171052631578948,4.47,8.41842840047866,0.4771986952270265,0.7894736842105263,1.0,True,True,matched by historical Fantrax ID,normalized Fantrax ID,1.0,147.5,4.47,33.0,234.5,5.295173514160351,62.89978678038379,73.4,43.8,58.6,39.93333333333333,43.7,39.440000000000005,80.6,Likely Starter,90,False,62.5,66.7,81.7,80.6,64.2,57.7,69.31,95.5,55.0,Tier 3,50.400000000000006,Strong value,Evanilson,BOU,F,F,6.171052631578948,7.816666666666666,8.41842840047866,3.8815789473684212,4.916666666666667,5.295173514160351,73.30409356725146,14.899203706532717,0.42469387845031104,0.1101798086609553,0.5348736871112663,52.56410256410257,59.76331360946746,-51.599999999999994,-102.0,4.3,0.0,Major Reach,F,14,14
158,14,2,11,wmuck1,L. Colwill,D,CHE,14-2,062p5,Levi Colwill,CHE,D,D,144.9,52.0,144.9,290.5,9.68,100.0,,76,-4.0,FA,@FUL Mon 2:00PM,levi colwill,False,True,Matched eligible,pr_00d39bc2f5988f3a,149.0,062p5,Levi Samuels Colwill,Levi Samuels Colwill,Chelsea,CHE,D,True,a,,CHE,D,Confirmed,Ordered Token Expanded Name,85.0,Official FPL API,2026-07-30T01:09:03.040438+00:00,062p5,Player Registry,Ordered Token Expanded Name,CHE,Confirmed,False,,CHE,D,38.0,0.0,0.0,0.0,0.0,0.0,0.0,0.0,0.0,0.0,0.0,0.0,,0.0,0.0,0.0,0.0,0.0,,,0.0,0.0,True,True,matched by historical Fantrax ID,normalized Fantrax ID,1.0,0.0,0.0,1.0,0.0,,,68.4,56.8,65.6,50.53333333333333,46.98,47.54,0.0,Unknown / New Arrival,25,False,13.7,22.8,0.0,0.0,63.8,71.8,21.08,46.2,349.0,Deep,-204.1,Major reach,Levi Colwill,CHE,D,D,0.0,,,0.0,,,0.0,0.0,,,,62.82051282051282,71.59763313609467,-13.099999999999994,191.0,1.0916666666666661,0.0,Slight Reach,D,14,14
159,14,3,10,epatel3,M. Zubimendi,M,ARS,14-3,06y9z,Martin Zubimendi,ARS,M,M,260.0,226.0,260.0,108.0,6.0,22.0,,25,1.0,FA,COV Fri 2:00PM,martin zubimendi,False,True,Matched eligible,pr_47b0599c346cde6a,19.0,06y9z,Martín Zubimendi Ibáñez,Martín Zubimendi Ibáñez,Arsenal,ARS,M,True,a,,ARS,M,Confirmed,Ordered Token Expanded Name,85.0,Official FPL API,2026-07-30T01:09:03.040438+00:00,06y9z,Player Registry,Ordered Token Expanded Name,ARS,Confirmed,False,Martin Zubimendi,ARS,M,38.0,2988.0,34.0,273.5,207.5,5.0,1.0,2.9442966599017377,1.0878236107528203,0.0,19.0,3040.0,7526.0,319.0,3.0,27.5,7.197368421052632,5.461,8.237951807228916,0.1193719816970099,0.8947368421052632,0.5,True,True,matched by historical Fantrax ID,normalized Fantrax ID,1.0,207.5,5.461,38.0,273.5,6.25,75.86837294332724,86.2,100.0,90.6,40.0,43.64,45.32000000000001,75.6,Likely Starter,90,False,63.9,74.2,31.7,75.6,84.0,52.3,63.8,95.5,85.0,Tier 4,175.0,Strong value,Martin Zubimendi,ARS,M,M,7.197368421052632,8.044117647058824,8.237951807228916,5.4605263157894735,6.102941176470588,6.249999999999999,87.36842105263159,4.032120270654558,0.08868363433438968,0.03276577140821747,0.12144940574260717,85.25641025641025,52.662721893491124,101.0,-74.0,-0.0,8.416666666666666,Elite Value,M,14,14
160,14,4,9,The Facerockers,A. Mac Allister,M,LIV,14-4,0522h,Alexis Mac Allister,LIV,M,M,134.2,101.0,134.2,258.0,8.32,100.0,,88,-3.0,FA,@NEW Sun 10:30AM,alexis mac allister,False,True,Matched eligible,pr_9dffcfe274072c9c,372.0,0522h,Alexis Mac Allister,Alexis Mac Allister,Liverpool,LIV,M,True,a,,LIV,M,Confirmed,Exact Name + Club,95.0,Official FPL API,2026-07-30T01:09:03.040438+00:00,0522h,Player Registry,Exact Name + Club,LIV,Confirmed,False,Alexis Mac Allister,LIV,M,38.0,2018.0,24.0,168.5,124.5,1.0,5.0,4.071707676164805,2.849602391012012,0.0,34.0,2683.0,8379.0,186.0,2.0,26.0,4.434210526315789,4.016,7.514866204162537,0.232172160285469,0.631578947368421,0.3333333333333333,True,True,matched by historical Fantrax ID,normalized Fantrax ID,1.0,124.5,4.016,31.0,168.5,5.552527254707631,73.88724035608308,83.8,61.5,74.8,46.4,49.71999999999999,50.39,49.9,Likely Rotation,75,False,54.3,63.5,56.1,49.9,77.2,90.1,60.92,88.8,103.0,Tier 4,31.19999999999999,Strong value,Alexis Mac Allister,LIV,M,M,4.434210526315789,7.020833333333333,7.514866204162538,3.276315789473684,5.1875,5.552527254707631,59.005847953216374,6.921310067176817,0.18159251281210728,0.1270883127805159,0.30868082559262316,76.28205128205127,89.3491124260355,-25.80000000000001,-57.0,2.150000000000001,0.0,Major Reach,M,14,14
161,14,5,8,nhauptma,G. Rutter,"M,F",BHA,14-5,0689w,Georginio Rutter,BHA,F,"M,F",261.5,120.0,261.5,244.5,8.43,26.0,,16,0.0,FA,AVL Sun 8:00AM,georginio rutter,False,True,Matched eligible,pr_fc59d9697d9a94cf,125.0,0689w,Georginio Rutter,Georginio Rutter,Brighton,BHA,F,True,a,,BHA,"M,F",Confirmed,Exact Name + Club,95.0,Official FPL API,2026-07-30T01:09:03.040438+00:00,0689w,Player Registry,Exact Name + Club,BHA,Confirmed,False,Georginio Rutter,BHA,"M,F",38.0,774.0,10.0,75.0,46.0,1.0,3.0,2.933251672424375,4.59860548749566,0.0,25.0,1784.0,6937.0,0.0,0.0,0.0,1.973684210526316,3.286,8.72093023255814,0.3799703724174906,0.2631578947368421,0.0,True,True,matched by historical Fantrax ID,normalized Fantrax ID,1.0,46.0,3.286,14.0,75.0,5.348837209302325,61.33333333333333,,,,,,,14.3,Bench / Unknown,55,False,53.4,59.1,72.5,14.3,0.0,0.0,38.62,69.8,251.0,Tier 6,10.5,Value,Georginio Rutter,BHA,"M,F",F,1.9736842105263157,7.5,8.720930232558139,1.2105263157894737,4.6,5.348837209302326,22.63157894736842,7.531857159920035,0.34107577586329946,0.5347215683134489,0.8757973441767483,,,100.5,90.0,-0.0,8.375,Elite Value,F,14,14
162,14,6,7,yudesh,W. Osula,F,NEW,14-6,05t6x,William Osula,NEW,F,F,116.7,212.0,116.7,165.5,6.37,100.0,,88,-4.0,FA,LIV Sun 10:30AM,william osula,False,True,Matched eligible,pr_3027067dcd49893e,465.0,05t6x,William Osula,William Osula,Newcastle,NEW,F,True,a,,NEW,F,Confirmed,Exact Name + Club,95.0,Official FPL API,2026-07-30T01:09:03.040438+00:00,05t6x,Player Registry,Exact Name + Club,NEW,Confirmed,False,William Osula,NEW,F,38.0,65.0,1.0,2.0,2.0,0.0,0.0,4.915395822376013,0.4466546475887296,0.0,6.0,777.0,9556.0,65.0,1.0,2.0,0.0526315789473684,2.0,2.769230769230769,0.6210869270229432,0.0263157894736842,0.1666666666666666,True,True,matched by historical Fantrax ID,normalized Fantrax ID,1.0,2.0,2.0,1.0,2.0,2.769230769230769,100.0,62.2,27.4,49.3,42.16666666666666,42.86,46.68,6.6,Bench / Unknown,55,False,28.6,49.9,89.9,6.6,53.2,36.6,39.86,79.8,248.0,Tier 6,-131.3,Major reach,William Osula,NEW,F,F,0.05263157894736842,2.0,2.769230769230769,0.05263157894736842,2.0,2.769230769230769,1.9005847953216373,5.362050469964743,6.805932677136018,0.6184448966613179,7.4243775737973365,46.15384615384615,39.64497041420118,-45.3,86.0,3.775,0.0,Major Reach,F,14,14
163,14,7,6,Berkshire's Club,R. Sessegnon,"D,M",FUL,14-7,04qfm,Ryan Sessegnon,FUL,D,"D,M",266.2,245.0,266.2,72.5,8.06,26.0,,12,-1.0,FA,CHE Mon 2:00PM,ryan sessegnon,False,True,Matched eligible,pr_0156eb2e84dbb769,269.0,04qfm,Ryan Sessegnon,Ryan Sessegnon,Fulham,FUL,D,True,a,,FUL,"D,M",Confirmed,Exact Name + Club,95.0,Official FPL API,2026-07-30T01:09:03.040438+00:00,04qfm,Player Registry,Exact Name + Club,FUL,Confirmed,False,Ryan Sessegnon,FUL,"D,M",38.0,1295.0,14.0,126.0,102.0,2.0,2.0,2.04829409904778,2.22843312844634,0.0,14.0,1830.0,6837.0,0.0,0.0,0.0,3.3157894736842106,4.08,8.756756756756758,0.2103308472538091,0.3684210526315789,0.0,True,True,matched by historical Fantrax ID,normalized Fantrax ID,1.0,102.0,4.08,25.0,126.0,7.08880308880309,80.95238095238095,33.8,50.9,42.5,48.0,41.08,42.540000000000006,22.5,Rotation Risk,75,False,57.3,64.4,51.6,22.5,38.0,15.4,44.41,88.8,215.0,Tier 6,51.19999999999999,Strong value,Ryan Sessegnon,FUL,"D,M",D,3.3157894736842106,9.0,8.756756756756756,2.6842105263157894,7.285714285714286,7.088803088803089,37.86549707602339,4.276727227494121,0.14235248564810826,0.15487180043256418,0.2972242860806725,40.38461538461539,14.201183431952662,103.19999999999999,52.0,-0.0,8.6,Elite Value,D,14,14
164,14,8,5,KindComet,T. George,F,EVE,14-8,06l4i,Tyrique George,EVE,M,F,275.5,460.0,275.5,16.0,8.0,13.0,,6,-2.0,FA,CRY Sat 9:00AM,tyrique george,False,True,Matched eligible,pr_fcffb1691d80c346,242.0,06l4i,Tyrique George,Tyrique George,Everton,EVE,M,True,a,,CHE/EVE,F,Transferred,Exact Name + Club,95.0,Official FPL API,2026-07-30T01:09:03.040438+00:00,06l4i,Player Registry,Exact Name + Club,EVE,Transferred,False,Tyrique George,CHE/EVE,F,38.0,0.0,0.0,0.0,0.0,0.0,0.0,0.8288742527365682,1.341641515493393,0.0,3.0,328.0,12573.0,0.0,0.0,0.0,0.0,0.0,,0.595568351038709,0.0,0.0,True,True,matched by historical Fantrax ID,normalized Fantrax ID,1.0,,,,,,,18.7,43.5,29.0,42.06666666666666,41.9,42.48,0.0,Unknown / New Arrival,25,False,13.7,22.8,89.2,0.0,13.5,18.7,24.12,66.2,331.0,Deep,-55.5,Major reach,Tyrique George,EVE,F,M,0.0,,,0.0,,,0.0,2.1705157682299614,,,,8.974358974358974,18.93491124260355,111.5,167.0,-0.0,9.291666666666666,Elite Value,M,14,14
165,14,9,4,Count Doku,Omar Marmoush,F,MCI,14-9,06rf9,Omar Marmoush,MCI,F,F,135.1,346.0,135.1,39.0,9.75,96.0,,78,-8.0,FA,BOU Sun 8:00AM,omar marmoush,False,True,Matched eligible,pr_7fdb04b7b709b28d,401.0,06rf9,Omar Marmoush,Omar Marmoush,Man City,MCI,F,True,a,,MCI,"M,F",Confirmed,Exact Name + Club,95.0,Official FPL API,2026-07-30T01:09:03.040438+00:00,06rf9,Player Registry,Exact Name + Club,MCI,Confirmed,False,Omar Marmoush,MCI,"M,F",38.0,454.0,6.0,65.0,36.0,1.0,3.0,3.7653643824160095,2.126938968896866,0.0,12.0,693.0,8393.0,0.0,0.0,0.0,1.7105263157894737,1.636,12.88546255506608,0.7652342014692046,0.1578947368421052,0.0,True,True,matched by historical Fantrax ID,normalized Fantrax ID,1.0,36.0,1.636,22.0,65.0,7.136563876651983,55.38461538461539,98.2,94.1,96.1,43.93333333333333,42.42,45.38,8.5,Bench / Unknown,55,False,72.8,48.3,94.4,8.5,96.2,30.3,57.61,79.8,135.0,Tier 5,0.0999999999999943,Near market,Omar Marmoush,MCI,F,F,1.7105263157894737,10.833333333333334,12.885462555066079,0.9473684210526315,6.0,7.136563876651983,13.27485380116959,5.892303351312876,0.7464378731661693,0.4216398837020219,1.1680777568681913,95.1923076923077,31.65680473372781,-29.900000000000006,-30.0,2.491666666666667,0.0,Major Reach,F,14,14
166,14,10,3,Robertske,M. van Ewijk,D,COV,14-10,076d0,Milan van Ewijk,COV,D,D,234.3,56.0,234.3,287.0,8.2,48.0,,24,-1.0,FA,@ARS Fri 2:00PM,milan van ewijk,False,True,Matched eligible,pr_324f38903221c32b,175.0,076d0,Milan van Ewijk,Milan van Ewijk,Coventry City,COV,D,True,a,,,,New EPL Arrival,Exact Name + Club,95.0,Official FPL API,2026-07-30T01:09:03.040438+00:00,076d0,Player Registry,Exact Name + Club,COV,New EPL Arrival,False,,,,,,,,,,,,,,,,,,,,,,,,,,False,False,no 2025/26 record for bridged ID,none,0.0,,,,,,,,,,28.066666666666663,30.12,40.8,0.0,Unknown / New Arrival,25,False,0.0,0.0,0.0,0.0,0.0,2.3,0.23,11.2,612.0,Deep,-377.7,Major reach,Milan van Ewijk,COV,D,D,,,,,,,,,,,,,2.366863905325444,68.30000000000001,446.0,-0.0,5.691666666666667,Elite Value,D,14,14
167,14,11,2,tpem,C. Kelleher,G,BRF,14-11,045ob,Caoimhin Kelleher,BRF,G,G,151.4,149.0,151.4,220.0,6.88,91.0,,91,-3.0,FA,TOT Sat 11:30AM,caoimhin kelleher,False,True,Matched eligible,pr_6758ee2f9c6c5ea3,82.0,045ob,Caoimhín Kelleher,Caoimhín Kelleher,Brentford,BRF,G,True,a,,BRF,G,Confirmed,Exact Name + Club,95.0,Official FPL API,2026-07-30T01:09:03.040438+00:00,045ob,Player Registry,Exact Name + Club,BRF,Confirmed,False,Caoimhin Kelleher,BRF,G,38.0,3330.0,37.0,332.5,316.5,0.0,0.0,0.0,0.1064014490693807,0.0,2.0,3330.0,7904.0,540.0,6.0,65.0,8.75,8.329,8.986486486486486,0.0028757148397129,0.9736842105263158,1.0,True,True,matched by historical Fantrax ID,normalized Fantrax ID,1.0,316.5,8.329,38.0,332.5,8.554054054054054,95.18796992481204,29.4,35.6,32.6,45.36666666666667,47.48,44.42,98.4,Locked Starter,90,False,70.9,94.0,8.7,98.4,20.9,78.0,66.27,95.5,74.0,Tier 4,77.4,Strong value,Caoimhin Kelleher,BRF,G,G,8.75,8.986486486486486,8.986486486486486,8.328947368421053,8.554054054054054,8.554054054054054,97.36842105263158,0.1064014490693807,0.0,0.002875714839712992,0.002875714839712992,18.58974358974359,76.92307692307693,-15.599999999999994,-93.0,1.2999999999999996,0.0,Slight Reach,G,14,14
168,14,12,1,Pot Splashers,Alisson Becker,G,LIV,14-12,04sjt,Alisson Becker,LIV,G,G,238.2,203.0,238.2,176.5,5.35,43.0,,50,-1.0,FA,@NEW Sun 10:30AM,alisson becker,False,True,Matched eligible,pr_883ca333cedd9e1d,350.0,04sjt,Alisson Becker,Alisson Becker,Liverpool,LIV,G,True,a,,LIV,G,Confirmed,Explicit Player Alias,92.0,Official FPL API,2026-07-30T01:09:03.040438+00:00,04sjt,Player Registry,Explicit Player Alias,LIV,Confirmed,False,Alisson,LIV,G,38.0,2340.0,26.0,179.5,157.5,0.0,0.0,0.0,0.0,0.0,0.0,2340.0,1257.0,90.0,1.0,2.0,4.723684210526316,4.145,6.903846153846154,0.0,0.6842105263157895,0.1666666666666666,True,True,matched by historical Fantrax ID,normalized Fantrax ID,1.0,157.5,4.145,38.0,179.5,6.057692307692308,87.74373259052925,83.8,61.5,74.8,46.4,49.71999999999999,50.39,47.7,Likely Rotation,90,False,52.5,64.6,3.8,47.7,77.2,90.1,52.29,95.5,171.0,Tier 5,67.19999999999999,Strong value,Alisson Becker,LIV,G,G,4.723684210526316,6.903846153846154,6.903846153846154,4.144736842105263,6.0576923076923075,6.0576923076923075,68.42105263157895,0.0,0.0,0.0,0.0,76.28205128205127,89.3491124260355,70.19999999999999,3.0,-0.0,5.849999999999999,Elite Value,G,14,14
169,15,1,1,Pot Splashers,O. Bobb,M,FUL,15-1,05ye7,Oscar Bobb,FUL,M,M,148.1,171.0,148.1,202.5,7.23,100.0,,73,-5.0,FA,CHE Mon 2:00PM,oscar bobb,False,True,Matched eligible,pr_a0da41ebcb83456b,264.0,05ye7,Oscar Bobb,Oscar Bobb,Fulham,FUL,M,True,a,,MCI/FUL,M,Transferred,Exact Name + Club,95.0,Official FPL API,2026-07-30T01:09:03.040438+00:00,05ye7,Player Registry,Exact Name + Club,FUL,Transferred,False,Oscar Bobb,MCI/FUL,M,38.0,439.0,6.0,46.0,39.0,0.0,1.0,1.429103115573525,2.017092976719141,0.0,22.0,1046.0,11903.0,0.0,0.0,0.0,1.2105263157894737,3.545,9.430523917995444,0.2965178282087379,0.1578947368421052,0.0,True,True,matched by historical Fantrax ID,normalized Fantrax ID,1.0,39.0,3.545,11.0,46.0,7.995444191343963,84.78260869565217,33.8,50.9,42.5,48.0,41.08,42.540000000000006,0.3,Bench / Unknown,40,True,55.4,60.8,63.5,0.3,38.0,15.4,40.64,73.0,238.0,Tier 6,-89.9,Major reach,Oscar Bobb,FUL,M,M,1.2105263157894737,7.666666666666667,9.430523917995444,1.0263157894736843,6.5,7.995444191343963,12.836257309941521,3.446196092292666,0.29298241549343335,0.4135270339515323,0.7065094494449656,40.38461538461539,14.201183431952662,-20.900000000000006,69.0,1.7416666666666671,0.0,Slight Reach,M,15,15
170,15,2,2,tpem,Alejandro Garnacho,"M,F",AVL,15-2,060wh,Alejandro Garnacho,AVL,M,"M,F",198.9,338.0,198.9,40.5,6.75,57.0,,53,-1.0,FA,@BHA Sun 8:00AM,alejandro garnacho,False,True,Matched eligible,pr_d978bf39fdd9f739,160.0,060wh,Alejandro Garnacho Ferreyra,Alejandro Garnacho Ferreyra,Aston Villa,AVL,M,True,a,,MUN/CHE,"M,F",Transferred,Ordered Token Expanded Name,85.0,Official FPL API,2026-07-30T01:09:03.040438+00:00,060wh,Player Registry,Ordered Token Expanded Name,AVL,Transferred,False,Alejandro Garnacho,MUN/CHE,"M,F",38.0,1256.0,14.0,141.0,108.0,1.0,4.0,4.111795756965875,4.21896393597126,0.0,29.0,1285.0,10552.0,119.0,0.0,8.5,3.710526315789474,3.484,10.103503184713375,0.5834773325792546,0.3684210526315789,0.0,True,True,matched by historical Fantrax ID,normalized Fantrax ID,1.0,108.0,3.484,31.0,141.0,7.738853503184713,76.59574468085107,57.9,54.1,59.0,40.96666666666667,44.9,48.31,20.7,Rotation Risk,60,True,66.7,60.4,87.8,20.7,53.4,62.1,57.92,82.0,131.0,Tier 5,67.9,Strong value,Alejandro Garnacho,AVL,"M,F",M,3.710526315789474,10.071428571428571,10.103503184713375,2.8421052631578947,7.714285714285714,7.738853503184713,36.72514619883041,8.330759692937136,0.29463504627940185,0.30231429477501065,0.5969493410544126,57.692307692307686,64.49704142011834,28.900000000000006,-39.0,-0.0,2.4083333333333337,Elite Value,M,15,15
171,15,3,3,Robertske,M. Belloumi,"M,F",HUL,15-3,076dq,Mohamed Belloumi,HUL,M,"M,F",163.4,87.0,163.4,265.0,11.52,96.0,,54,-6.0,FA,MUN Sat 6:30AM,mohamed belloumi,False,True,Matched eligible,pr_6a7c2ebacd58663d,286.0,076dq,Mohamed Belloumi,Mohamed Belloumi,Hull City,HUL,M,True,a,,,,New EPL Arrival,Exact Name + Club,95.0,Official FPL API,2026-07-30T01:09:03.040438+00:00,076dq,Player Registry,Exact Name + Club,HUL,New EPL Arrival,False,,,,,,,,,,,,,,,,,,,,,,,,,,False,False,no 2025/26 record for bridged ID,none,0.0,,,,,,,,,,38.13333333333333,40.5,42.74,0.0,Unknown / New Arrival,25,False,0.0,0.0,0.0,0.0,0.0,11.8,1.18,11.2,593.0,Deep,-429.6,Major reach,Mohamed Belloumi,HUL,"M,F",M,,,,,,,,,,,,,11.242603550295858,-7.599999999999994,422.0,0.6333333333333329,0.0,Slight Reach,M,15,15
172,15,4,4,Count Doku,D. Burn,D,NEW,15-4,02lsa,Dan Burn,NEW,D,D,277.8,223.0,277.8,121.5,11.05,13.0,,17,-3.0,FA,LIV Sun 10:30AM,dan burn,False,True,Matched eligible,pr_e498483dbe5f9df9,448.0,02lsa,Dan Burn,Dan Burn,Newcastle,NEW,D,True,a,,NEW,D,Confirmed,Exact Name + Club,95.0,Official FPL API,2026-07-30T01:09:03.040438+00:00,02lsa,Player Registry,Exact Name + Club,NEW,Confirmed,False,Dan Burn,NEW,D,38.0,2193.0,25.0,267.0,230.0,1.0,3.0,0.9214910920709368,0.4085770333185788,0.0,7.0,2205.0,7382.0,384.0,4.0,46.0,7.026315789473684,6.053,10.957592339261286,0.0542884949138577,0.6578947368421053,0.6666666666666666,True,True,matched by historical Fantrax ID,normalized Fantrax ID,1.0,230.0,6.053,38.0,267.0,9.439124487004104,86.14232209737828,62.2,27.4,49.3,42.16666666666666,42.86,46.68,66.8,Likely Rotation,75,False,77.4,79.7,17.5,66.8,53.2,36.6,60.12,88.8,114.0,Tier 4,163.8,Strong value,Dan Burn,NEW,D,D,7.026315789473684,10.68,10.957592339261286,6.052631578947368,9.2,9.439124487004104,64.12280701754386,1.3300681253895157,0.03781769187705623,0.01676786730445604,0.05458555918151227,46.15384615384615,39.64497041420118,105.80000000000001,-58.0,-0.0,8.816666666666668,Elite Value,D,15,15
173,15,5,5,KindComet,P. Struijk,D,BHA,15-5,05mzz,Pascal Struijk,BHA,D,D,130.9,57.0,130.9,285.0,8.91,100.0,,76,-4.0,FA,AVL Sun 8:00AM,pascal struijk,False,True,Matched eligible,pr_eb0b754e571da0e8,328.0,05mzz,Pascal Struijk,Pascal Struijk,Brighton,BHA,D,True,a,,LEE,D,Transferred,Exact Name + Club,95.0,Official FPL API,2026-07-30T01:09:03.040438+00:00,05mzz,Player Registry,Exact Name + Club,BHA,Transferred,False,Pascal Struijk,LEE,D,38.0,1577.0,18.0,194.5,175.5,0.0,1.0,2.9673873428255315,1.0937221096828575,0.0,12.0,2940.0,8717.0,415.0,5.0,34.5,5.118421052631579,8.775,11.1001902346227,0.1243196771176037,0.4736842105263157,0.8333333333333334,True,True,matched by historical Fantrax ID,normalized Fantrax ID,1.0,175.5,8.775,20.0,194.5,10.015852885225112,90.23136246786632,,,,,,,51.3,Likely Rotation,60,True,74.1,95.0,32.8,51.3,0.0,0.0,51.65,72.0,174.0,Tier 5,-43.1,Major reach,Pascal Struijk,BHA,D,D,5.118421052631579,10.805555555555555,11.100190234622701,4.618421052631579,9.75,10.015852885225112,46.111111111111114,4.061109452508389,0.1693499434713366,0.06241914386268686,0.23176908733402346,,,-42.099999999999994,1.0,3.508333333333333,0.0,Major Reach,D,15,15
174,15,6,6,Berkshire's Club,E. Mason-Clark,"M,F",COV,15-6,076d9,Ephron Mason-Clark,COV,M,"M,F",202.8,254.0,202.8,65.0,7.22,70.0,,40,-11.0,FA,@ARS Fri 2:00PM,ephron mason clark,False,True,Matched eligible,pr_c357333820dede1b,186.0,076d9,Ephron Mason-Clark,Ephron Mason-Clark,Coventry City,COV,M,True,a,,,,New EPL Arrival,Exact Name + Club,95.0,Official FPL API,2026-07-30T01:09:03.040438+00:00,076d9,Player Registry,Exact Name + Club,COV,New EPL Arrival,False,,,,,,,,,,,,,,,,,,,,,,,,,,False,False,no 2025/26 record for bridged ID,none,0.0,,,,,,,,,,28.066666666666663,30.12,40.8,0.0,Unknown / New Arrival,25,False,0.0,0.0,0.0,0.0,0.0,2.3,0.23,11.2,618.0,Deep,-415.2,Major reach,Ephron Mason-Clark,COV,"M,F",M,,,,,,,,,,,,,2.366863905325444,28.80000000000001,444.0,-0.0,2.400000000000001,Elite Value,M,15,15
175,15,7,7,yudesh,J. Butland,G,HUL,15-7,032aa,Jack Butland,HUL,G,G,275.8,208.0,275.8,171.5,5.2,17.0,,11,-1.0,FA,MUN Sat 6:30AM,jack butland,False,True,Matched eligible,pr_9dbbd0694b98abcc,274.0,032aa,Jack Butland,Jack Butland,Hull City,HUL,G,True,a,,,,New EPL Arrival,Exact Name + Club,95.0,Official FPL API,2026-07-30T01:09:03.040438+00:00,032aa,Player Registry,Exact Name + Club,HUL,New EPL Arrival,False,,,,,,,,,,,,,,,,,,,,,,,,,,False,False,no 2025/26 record for bridged ID,none,0.0,,,,,,,,,,38.13333333333333,40.5,42.74,0.0,Unknown / New Arrival,25,False,0.0,0.0,0.0,0.0,0.0,11.8,1.18,11.2,576.0,Deep,-300.2,Major reach,Jack Butland,HUL,G,G,,,,,,,,,,,,,11.242603550295858,100.80000000000001,401.0,-0.0,8.4,Elite Value,G,15,15
176,15,8,8,nhauptma,Rodrigo Muniz,F,FUL,15-8,061vn,Rodrigo Muniz,FUL,F,F,104.0,118.0,104.0,246.5,8.22,96.0,,88,0.0,FA,CHE Mon 2:00PM,rodrigo muniz,False,True,Matched eligible,pr_abacd3985c485659,271.0,061vn,Rodrigo Muniz Carvalho,Rodrigo Muniz Carvalho,Fulham,FUL,F,True,a,,FUL,F,Confirmed,Ordered Token Expanded Name,85.0,Official FPL API,2026-07-30T01:09:03.040438+00:00,061vn,Player Registry,Ordered Token Expanded Name,FUL,Confirmed,False,Rodrigo Muniz,FUL,F,38.0,81.0,1.0,10.0,10.0,0.0,0.0,4.5452917851507655,0.9614864559844134,0.0,8.0,1001.0,10717.0,0.0,0.0,0.0,0.2631578947368421,5.0,11.11111111111111,0.4951149267753907,0.0263157894736842,0.0,True,True,matched by historical Fantrax ID,normalized Fantrax ID,1.0,10.0,5.0,2.0,10.0,11.11111111111111,100.0,33.8,50.9,42.5,48.0,41.08,42.540000000000006,1.5,Bench / Unknown,55,False,57.9,69.8,83.3,1.5,38.0,15.4,45.97,79.8,205.0,Tier 6,-101.0,Major reach,Rodrigo Muniz,FUL,F,F,0.2631578947368421,10.0,11.11111111111111,0.2631578947368421,10.0,11.11111111111111,2.368421052631579,5.506778241135179,5.050324205723073,1.068318284427126,6.118642490150199,40.38461538461539,14.201183431952662,-72.0,29.0,6.0,0.0,Major Reach,F,15,15
177,15,9,9,The Facerockers,N. Madueke,"M,F",ARS,15-9,068n8,Noni Madueke,ARS,M,"M,F",125.6,286.0,125.6,50.5,10.1,96.0,,78,-9.0,FA,COV Fri 2:00PM,noni madueke,False,True,Matched eligible,pr_c11c67017662dd73,16.0,068n8,Noni Madueke,Noni Madueke,Arsenal,ARS,M,True,a,,ARS,"M,F",Confirmed,Exact Name + Club,95.0,Official FPL API,2026-07-30T01:09:03.040438+00:00,068n8,Player Registry,Exact Name + Club,ARS,Confirmed,False,Noni Madueke,ARS,"M,F",38.0,964.0,13.0,99.0,86.0,1.0,0.0,1.9964179322123523,4.010977517813444,0.0,22.0,1246.0,11357.0,170.0,2.0,8.5,2.6052631578947367,2.774,9.242738589211616,0.4339210196647847,0.3421052631578947,0.3333333333333333,True,True,matched by historical Fantrax ID,normalized Fantrax ID,1.0,86.0,2.774,31.0,99.0,8.029045643153527,86.86868686868688,86.2,100.0,90.6,40.0,43.64,45.32000000000001,30.9,Rotation Risk,55,False,58.2,54.2,78.0,30.9,84.0,52.3,57.09,79.8,140.0,Tier 5,-14.400000000000006,Reach,Noni Madueke,ARS,"M,F",M,2.6052631578947367,7.615384615384615,9.24273858921162,2.263157894736842,6.615384615384615,8.029045643153527,28.18713450292398,6.007395450025797,0.1863875662853856,0.37446885539752073,0.5608564216829064,85.25641025641025,52.662721893491124,-51.400000000000006,-37.0,4.283333333333334,0.0,Major Reach,M,15,15
178,15,10,10,epatel3,D. Welbeck,F,CHE,15-10,02lnx,Danny Welbeck,BHA,F,F,132.4,340.0,132.4,40.5,6.75,91.0,,81,-7.0,FA,@FUL Mon 2:00PM,danny welbeck,False,True,Matched eligible,pr_bb63dba0111b5f09,136.0,02lnx,Danny Welbeck,Danny Welbeck,Brighton,BHA,F,True,a,,BHA,F,Confirmed,Exact Name + Club,95.0,Official FPL API,2026-07-30T01:09:03.040438+00:00,02lnx,Player Registry,Exact Name + Club,BHA,Confirmed,False,Danny Welbeck,BHA,F,38.0,1895.0,22.0,191.0,104.0,9.0,1.0,12.718900069594383,2.2625304386019702,0.0,20.0,2286.0,501.0,357.0,5.0,36.0,5.026315789473684,3.25,9.071240105540896,0.5898200987478879,0.5789473684210527,0.8333333333333334,True,True,matched by historical Fantrax ID,normalized Fantrax ID,1.0,104.0,3.25,32.0,191.0,4.939313984168865,54.45026178010471,,,,,,,61.9,Likely Rotation,75,False,62.8,58.7,88.4,61.9,0.0,0.0,53.28,78.8,166.0,Tier 5,-33.599999999999994,Major reach,Danny Welbeck,BHA,F,F,5.026315789473684,8.681818181818182,9.071240105540896,2.736842105263158,4.7272727272727275,4.939313984168865,55.409356725146196,14.981430508196354,0.6040638555480181,0.10745527149033103,0.7115191270383492,,,-45.599999999999994,-12.0,3.7999999999999994,0.0,Major Reach,F,15,15
179,15,11,11,wmuck1,Savio,"M,F",MCI,15-11,06mvz,Savio,MCI,M,"M,F",102.0,386.0,102.0,31.5,10.5,100.0,,86,-3.0,FA,BOU Sun 8:00AM,savio,False,True,Matched eligible,pr_19b0f43a1db7e807,403.0,06mvz,Sávio Moreira de Oliveira,Sávio Moreira de Oliveira,Man City,MCI,M,True,a,,MCI,"M,F",Confirmed,Explicit Player Alias,92.0,Official FPL API,2026-07-30T01:09:03.040438+00:00,06mvz,Player Registry,Explicit Player Alias,MCI,Confirmed,False,Savio,MCI,"M,F",38.0,521.0,5.0,60.0,48.0,0.0,2.0,3.269520847126841,0.9313512817025182,0.0,9.0,792.0,11735.0,0.0,0.0,0.0,1.5789473684210529,2.4,10.36468330134357,0.477371832821518,0.131578947368421,0.0,True,True,matched by historical Fantrax ID,normalized Fantrax ID,1.0,48.0,2.4,20.0,60.0,8.291746641074857,80.0,98.2,94.1,96.1,43.93333333333333,42.42,45.38,8.7,Bench / Unknown,55,False,61.6,51.5,82.0,8.7,96.2,30.3,52.9,79.8,167.0,Tier 5,-65.0,Major reach,Savio,MCI,"M,F",M,1.5789473684210527,12.0,10.36468330134357,1.263157894736842,9.6,8.291746641074857,15.233918128654972,4.200872128829359,0.5647924687935042,0.16088601795245036,0.7256784867459546,95.1923076923077,31.65680473372781,-77.0,-12.0,6.416666666666667,0.0,Major Reach,M,15,15
180,15,12,12,Up the Arse-nal,Gabriel Martinelli,"M,F",ARS,15-12,052h5,Gabriel Martinelli,ARS,M,"M,F",183.1,289.0,183.1,50.0,10.0,74.0,,48,-6.0,FA,COV Fri 2:00PM,gabriel martinelli,False,True,Matched eligible,pr_f0ee48197b16402f,18.0,052h5,Gabriel Martinelli Silva,Gabriel Martinelli Silva,Arsenal,ARS,M,True,a,,ARS,"M,F",Confirmed,Ordered Token Expanded Name,85.0,Official FPL API,2026-07-30T01:09:03.040438+00:00,052h5,Player Registry,Ordered Token Expanded Name,ARS,Confirmed,False,Gabriel Martinelli,ARS,"M,F",38.0,208.0,2.0,27.0,18.0,1.0,0.0,5.357063241302966,2.5691713076084848,0.0,13.0,1025.0,7752.0,0.0,0.0,0.0,0.7105263157894737,1.8,11.682692307692308,0.6959620579532005,0.0526315789473684,0.0,True,True,matched by historical Fantrax ID,normalized Fantrax ID,1.0,18.0,1.8,10.0,27.0,7.788461538461538,66.66666666666666,86.2,100.0,90.6,40.0,43.64,45.32000000000001,3.5,Bench / Unknown,55,False,63.4,48.9,93.1,3.5,84.0,52.3,54.66,79.8,158.0,Tier 5,25.099999999999994,Strong value,Gabriel Martinelli,ARS,"M,F",M,0.7105263157894737,13.5,11.682692307692308,0.47368421052631576,9.0,7.788461538461539,6.081871345029239,7.9262345489114505,2.3179600563330145,1.111660661945979,3.4296207182789935,85.25641025641025,52.662721893491124,3.0999999999999943,-22.0,-0.0,0.25833333333333286,Fair Value,M,15,15
